Date,Open,High,Low,Close,Volume
2015-01-01,749.79,753.19,745.7,747.85,284940.0
2015-01-02,749.94,780.09,749.94,773.7,2080000.0
2015-01-05,778.54,786.53,771.36,773.65,1330000.0
2015-01-06,773.65,781.64,749.09,755.18,1510000.0
2015-01-07,762.07,777.0,757.93,770.36,1430000.0
2015-01-08,782.44,821.47,776.75,818.92,2770000.0
2015-01-09,827.01,827.56,802.65,811.09,1710000.0
2015-01-12,811.64,816.98,798.81,806.34,1320000.0
2015-01-13,811.59,840.98,810.69,832.4,3840000.0
2015-01-14,838.54,848.52,828.76,841.18,2320000.0
2015-01-15,847.52,848.52,831.55,837.89,1310000.0
2015-01-16,843.43,857.51,838.54,841.98,1570000.0
2015-01-19,844.53,846.52,828.11,830.45,1040000.0
2015-01-20,833.55,845.53,833.55,837.74,1310000.0
2015-01-21,843.53,854.41,837.74,849.82,1660000.0
2015-01-22,855.01,880.12,851.37,865.64,2000000.0
2015-01-23,869.28,878.42,858.6,860.6,1530000.0
2015-01-27,867.39,891.25,863.99,888.95,1830000.0
2015-01-28,891.5,919.4,889.5,908.67,2900000.0
2015-01-29,912.21,920.89,865.69,879.77,5330000.0
2015-01-30,886.95,886.95,852.61,856.26,3290000.0
2015-02-02,848.52,849.62,802.1,806.69,4810000.0
2015-02-03,808.39,825.06,800.6,813.28,3050000.0
2015-02-04,818.37,821.77,799.41,802.45,912370.0
2015-02-05,810.59,824.96,806.59,809.44,1670000.0
2015-02-06,808.59,813.58,787.43,796.26,1670000.0
2015-02-09,788.63,820.57,782.04,802.25,1910000.0
2015-02-10,800.5,828.46,798.46,820.77,2240000.0
2015-02-11,828.56,843.53,826.56,839.29,1230000.0
2015-02-12,845.53,848.42,817.92,822.32,1970000.0
2015-02-13,822.92,833.5,813.63,825.31,1320000.0
2015-02-16,832.55,841.03,816.58,832.7,1580000.0
2015-02-18,837.64,840.53,818.27,819.62,1450000.0
2015-02-19,824.56,836.54,824.56,832.65,1220000.0
2015-02-20,832.8,834.65,821.77,824.26,699110.0
2015-02-23,828.06,831.55,804.7,808.19,1430000.0
2015-02-24,808.59,812.08,796.61,798.16,1140000.0
2015-02-25,803.8,814.58,803.6,812.43,1540000.0
2015-02-26,817.38,818.47,785.83,790.52,1600000.0
2015-02-27,797.71,807.69,794.71,805.75,1270000.0
2015-02-28,811.39,820.47,799.66,817.18,858990.0
2015-03-02,822.37,829.15,804.6,824.16,1380000.0
2015-03-03,828.41,840.53,825.76,836.84,1620000.0
2015-03-04,843.03,846.72,830.95,835.34,1600000.0
2015-03-05,835.54,840.09,826.56,832.45,694150.0
2015-03-09,831.05,831.05,807.44,811.24,626460.0
2015-03-10,811.59,816.58,800.6,806.54,691300.0
2015-03-11,816.58,818.52,805.35,807.59,942310.0
2015-03-12,813.38,813.58,803.8,806.69,979690.0
2015-03-13,810.49,817.28,804.2,806.99,837990.0
2015-03-16,811.59,834.4,807.59,830.4,1290000.0
2015-03-17,837.89,840.49,821.57,829.95,1380000.0
2015-03-18,834.4,834.4,808.59,812.78,1170000.0
2015-03-19,822.57,846.37,820.27,833.35,2040000.0
2015-03-20,834.55,835.54,804.2,808.54,1250000.0
2015-03-23,814.58,814.58,804.1,810.19,759200.0
2015-03-24,808.24,818.07,806.19,811.88,755970.0
2015-03-25,812.38,815.93,801.1,807.09,834390.0
2015-03-26,801.6,814.48,786.63,791.72,1520000.0
2015-03-27,791.62,791.62,766.76,776.8,1560000.0
2015-03-30,778.74,808.34,778.69,806.05,847420.0
2015-03-31,806.49,815.58,800.65,809.89,947720.0
2015-04-01,808.59,824.46,802.1,820.27,898480.0
2015-04-06,827.56,829.95,817.57,823.07,687260.0
2015-04-07,822.92,837.34,819.57,833.75,769530.0
2015-04-08,839.54,852.51,838.54,845.38,982730.0
2015-04-09,853.51,854.51,839.54,851.67,1020000.0
2015-04-10,851.52,860.2,841.73,857.95,802070.0
2015-04-13,858.5,864.04,850.92,860.55,805170.0
2015-04-15,860.15,861.5,833.55,837.59,1280000.0
2015-04-16,833.55,835.39,809.19,820.82,1370000.0
2015-04-17,820.82,828.16,813.58,815.38,685340.0
2015-04-20,816.58,817.87,798.61,807.54,920200.0
2015-04-21,812.03,815.48,790.62,795.11,652650.0
2015-04-22,798.61,804.6,767.86,784.08,1780000.0
2015-04-23,791.72,808.59,783.63,785.03,1280000.0
2015-04-24,791.12,791.12,763.72,770.01,1120000.0
2015-04-27,773.65,773.65,739.26,743.5,1630000.0
2015-04-28,740.66,767.31,728.73,764.12,2049999.9999999998
2015-04-29,761.77,761.77,748.7,753.09,1450000.0
2015-04-30,748.0,769.51,745.9,761.12,2260000.0
2015-05-04,768.51,780.14,762.67,778.04,1070000.0
2015-05-05,778.64,783.48,767.31,780.04,952720.0
2015-05-06,777.64,777.64,748.84,759.53,1620000.0
2015-05-07,751.99,772.1,733.57,764.42,1720000.0
2015-05-08,771.65,773.05,751.44,758.08,1130000.0
2015-05-11,766.66,774.85,750.59,770.31,976350.0
2015-05-12,771.46,771.51,752.69,757.03,1140000.0
2015-05-13,757.73,773.65,757.68,761.17,839420.0
2015-05-14,760.67,801.6,753.69,795.06,1980000.0
2015-05-15,800.6,816.58,783.63,788.92,1500000.0
2015-05-18,795.46,816.58,760.67,765.42,6760000.0
2015-05-19,756.68,777.94,748.7,773.4,3900000.0
2015-05-20,774.3,776.6,762.82,769.86,1790000.0
2015-05-21,768.66,778.44,764.72,775.85,1680000.0
2015-05-22,773.65,778.44,769.86,774.05,1040000.0
2015-05-25,774.6,777.39,753.09,760.57,1280000.0
2015-05-26,760.77,767.66,754.24,762.17,906100.0
2015-05-27,760.67,760.72,753.09,757.93,792610.0
2015-05-28,758.83,769.66,757.18,766.01,1050000.0
2015-05-29,767.16,793.62,766.66,785.68,2580000.0
2015-06-01,786.43,793.32,784.93,788.38,713450.0
2015-06-02,787.73,792.92,754.68,757.88,1010000.0
2015-06-03,761.67,765.67,748.7,761.37,867740.0
2015-06-04,762.57,764.67,750.49,758.28,820600.0
2015-06-05,757.68,764.27,750.69,757.48,830300.0
2015-06-08,757.68,758.68,743.7,746.7,795680.0
2015-06-09,743.5,749.89,728.73,734.42,998510.0
2015-06-10,734.72,743.8,733.32,737.86,803750.0
2015-06-11,737.91,742.41,701.28,707.17,1450000.0
2015-06-12,707.77,721.54,700.78,704.42,1170000.0
2015-06-15,713.51,718.15,695.19,697.33,1240000.0
2015-06-16,699.73,704.77,691.79,703.72,2770000.0
2015-06-17,706.77,717.95,703.77,709.41,2220000.0
2015-06-18,717.7,733.07,717.7,727.68,1910000.0
2015-06-19,732.52,743.6,728.48,738.71,1780000.0
2015-06-22,743.35,750.24,731.23,746.4,1350000.0
2015-06-23,748.7,758.68,740.36,755.18,980080.0
2015-06-24,750.59,758.48,737.91,752.34,2980000.0
2015-06-25,751.69,758.48,743.8,748.89,1860000.0
2015-06-26,742.81,753.59,742.51,748.94,764360.0
2015-06-29,741.71,741.71,726.23,735.42,1100000.0
2015-06-30,735.72,758.18,735.72,754.04,1350000.0
2015-07-01,756.13,764.27,753.79,759.48,1030000.0
2015-07-02,761.77,771.16,759.78,761.57,973820.0
2015-07-03,760.67,777.05,757.08,771.36,1070000.0
2015-07-06,763.67,784.78,760.67,782.19,652930.0
2015-07-07,791.62,826.46,788.68,823.17,2460000.0
2015-07-08,818.37,833.55,795.96,800.85,1930000.0
2015-07-09,808.59,813.48,793.62,795.56,613560.0
2015-07-10,804.6,804.6,780.34,793.92,1030000.0
2015-07-13,803.8,819.77,801.9,816.23,1280000.0
2015-07-14,821.57,826.36,808.89,821.27,780970.0
2015-07-15,825.06,839.04,821.82,836.39,1100000.0
2015-07-16,851.52,852.81,841.83,846.57,1170000.0
2015-07-17,850.32,850.92,822.32,823.96,1090000.0
2015-07-20,828.56,854.46,825.81,850.82,1440000.0
2015-07-21,851.52,868.19,809.69,814.63,4610000.0
2015-07-22,818.57,843.53,818.57,841.83,2040000.0
2015-07-23,844.53,850.32,834.65,845.03,1190000.0
2015-07-24,850.52,854.51,843.53,847.52,1130000.0
2015-07-27,845.53,858.1,834.55,851.67,1150000.0
2015-07-28,855.51,856.71,823.56,833.7,1010000.0
2015-07-29,832.95,851.32,824.81,845.38,1010000.0
2015-07-30,846.52,864.94,846.03,856.06,1320000.0
2015-07-31,863.0,883.46,853.66,881.26,1840000.0
2015-08-03,878.47,886.45,873.48,875.97,763820.0
2015-08-04,882.46,907.27,876.62,904.12,2180000.0
2015-08-05,903.43,925.19,884.21,921.69,2000000.0
2015-08-06,918.4,922.89,908.52,914.51,923300.0
2015-08-07,909.41,922.79,893.64,897.09,1420000.0
2015-08-10,901.93,914.66,893.84,900.58,732360.0
2015-08-11,903.43,905.37,879.47,881.86,1090000.0
2015-08-12,888.45,893.94,865.49,869.83,721550.0
2015-08-13,870.63,885.41,860.85,872.83,1250000.0
2015-08-14,878.47,898.43,878.02,893.69,880840.0
2015-08-17,901.93,905.67,893.44,898.48,577130.0
2015-08-18,905.37,913.31,890.35,899.78,622790.0
2015-08-19,896.94,901.03,880.07,898.18,618920.0
2015-08-20,903.43,912.66,878.02,881.66,1400000.0
2015-08-21,873.48,891.45,862.5,885.21,905930.0
2015-08-24,856.51,875.67,824.06,836.04,1180000.0
2015-08-25,848.52,864.49,810.34,850.67,1330000.0
2015-08-26,849.52,866.59,845.53,850.42,1270000.0
2015-08-27,858.5,863.49,849.02,853.51,1340000.0
2015-08-28,865.34,872.58,848.52,856.76,1080000.0
2015-08-31,855.51,861.25,843.58,847.12,1260000.0
2015-09-01,842.53,842.63,801.4,817.67,1440000.0
2015-09-02,828.46,828.56,797.76,804.6,1500000.0
2015-09-03,813.58,831.55,805.1,825.16,887080.0
2015-09-04,822.57,822.57,790.62,811.44,1100000.0
2015-09-07,813.58,818.52,783.68,786.63,874380.0
2015-09-08,789.72,798.61,776.65,790.12,1490000.0
2015-09-09,798.61,821.47,794.61,819.72,1410000.0
2015-09-10,815.58,815.58,798.91,806.54,887240.0
2015-09-11,813.58,823.46,809.14,814.73,1030000.0
2015-09-14,820.57,840.93,817.57,838.79,1120000.0
2015-09-15,838.64,846.52,822.17,829.65,832600.0
2015-09-16,838.54,838.54,816.68,822.52,665280.0
2015-09-18,824.56,848.42,822.57,839.59,1140000.0
2015-09-21,836.84,836.84,822.57,828.26,688540.0
2015-09-22,829.75,837.94,800.7,803.3,826250.0
2015-09-23,793.72,802.6,784.73,792.72,1280000.0
2015-09-24,793.52,812.58,783.98,804.95,1500000.0
2015-09-28,808.59,811.59,788.68,793.07,739130.0
2015-09-29,781.64,808.49,778.64,803.4,1370000.0
2015-09-30,806.59,843.43,806.49,840.14,1730000.0
2015-10-01,844.33,847.52,834.7,838.19,633620.0
2015-10-05,841.53,855.46,840.93,853.91,882680.0
2015-10-06,858.4,862.6,848.22,852.21,779670.0
2015-10-07,853.51,866.49,850.72,863.54,983610.0
2015-10-08,863.49,878.42,858.5,872.63,952600.0
2015-10-09,874.97,882.76,844.73,852.31,1360000.0
2015-10-12,855.51,863.49,844.58,857.75,773530.0
2015-10-13,861.2,866.29,855.76,863.84,800730.0
2015-10-14,862.4,867.99,858.55,860.75,404370.0
2015-10-15,864.49,876.72,862.7,868.54,623050.0
2015-10-16,870.43,883.66,864.09,880.96,658120.0
2015-10-19,880.96,890.85,865.49,877.72,1250000.0
2015-10-20,872.48,887.35,871.03,873.93,1810000.0
2015-10-21,872.48,880.02,846.47,854.76,1440000.0
2015-10-23,861.5,864.59,848.92,857.11,2540000.0
2015-10-26,828.61,842.53,809.79,816.28,3460000.0
2015-10-27,816.58,828.46,816.58,825.66,1250000.0
2015-10-28,828.06,836.54,822.17,826.91,1110000.0
2015-10-29,829.55,833.35,818.97,827.91,1500000.0
2015-10-30,834.15,838.54,824.96,829.2,810490.0
2015-11-02,829.55,835.54,824.06,828.66,716700.0
2015-11-03,830.55,831.25,810.64,812.78,1600000.0
2015-11-04,813.08,821.07,799.16,800.8,1780000.0
2015-11-05,805.6,810.09,795.76,804.45,1020000.0
2015-11-06,807.14,814.58,798.61,799.81,918560.0
2015-11-09,789.52,816.98,782.89,814.98,1160000.0
2015-11-10,813.28,814.58,795.41,796.41,751900.0
2015-11-11,806.59,806.59,800.85,803.05,93460.0
2015-11-13,805.6,806.59,791.12,799.01,765990.0
2015-11-16,794.61,808.54,793.82,799.56,604540.0
2015-11-17,806.05,811.83,798.96,806.24,500270.0
2015-11-18,806.54,823.07,805.6,820.32,1250000.0
2015-11-19,825.56,832.35,817.67,822.27,1040000.0
2015-11-20,819.97,830.35,817.13,827.76,712340.0
2015-11-23,836.74,850.52,833.55,848.82,1480000.0
2015-11-24,848.52,860.25,844.73,855.11,771340.0
2015-11-26,859.5,864.44,850.32,860.35,678200.0
2015-11-27,861.1,862.5,850.52,857.61,444320.0
2015-11-30,857.51,857.51,832.55,837.04,1680000.0
2015-12-01,841.53,846.52,830.2,843.13,720260.0
2015-12-02,846.47,865.69,843.33,847.07,980960.0
2015-12-03,847.52,847.72,837.54,840.93,540470.0
2015-12-04,840.04,840.04,828.01,833.25,779530.0
2015-12-07,840.53,872.33,839.54,869.93,1600000.0
2015-12-08,872.53,875.87,855.71,859.25,1060000.0
2015-12-09,864.94,864.94,835.49,838.54,751030.0
2015-12-10,843.03,859.7,840.73,857.7,636140.0
2015-12-11,859.45,862.05,847.27,856.91,780630.0
2015-12-14,858.5,876.87,851.52,873.93,889790.0
2015-12-15,876.97,878.47,864.94,877.02,861780.0
2015-12-16,878.47,882.41,857.61,864.99,900350.0
2015-12-17,869.98,876.97,862.5,874.58,716230.0
2015-12-18,872.98,884.36,866.49,877.92,1100000.0
2015-12-21,877.47,882.46,865.19,871.98,896690.0
2015-12-22,872.48,885.46,872.03,879.42,663200.0
2015-12-23,881.41,882.41,873.23,877.42,350210.0
2015-12-24,878.97,882.36,872.03,880.27,403140.0
2015-12-28,880.47,884.71,875.22,879.52,633270.0
2015-12-29,882.16,883.46,877.07,878.57,602110.0
2015-12-30,879.62,881.46,873.48,876.62,450360.0
2015-12-31,878.42,885.41,873.48,882.01,526830.0
2016-01-01,880.47,884.06,875.37,877.22,294010.0
2016-01-04,874.68,890.9,870.18,879.27,709100.0
2016-01-05,879.77,903.43,879.77,899.08,1370000.0
2016-01-06,902.93,910.31,882.46,884.86,1720000.0
2016-01-07,881.46,890.0,867.49,870.83,990330.0
2016-01-08,877.47,880.42,865.09,873.08,886020.0
2016-01-11,868.49,882.46,860.1,872.33,801100.0
2016-01-12,880.47,883.96,868.69,871.38,998420.0
2016-01-13,878.42,881.96,848.57,867.04,901430.0
2016-01-14,862.0,895.44,849.62,887.85,2300000.0
2016-01-15,891.45,893.39,872.78,877.72,1300000.0
2016-01-18,888.45,891.45,840.19,848.82,2340000.0
2016-01-19,866.39,866.89,824.56,844.08,2440000.0
2016-01-20,832.55,854.51,828.56,838.89,2250000.0
2016-01-21,848.52,854.51,839.54,842.98,1140000.0
2016-01-22,851.52,871.88,847.72,868.44,1770000.0
2016-01-25,868.49,880.47,866.64,877.07,1790000.0
2016-01-27,878.47,880.27,853.66,857.06,969510.0
2016-01-28,852.51,863.49,850.67,857.46,1390000.0
2016-01-29,862.5,873.48,857.51,868.39,1320000.0
2016-02-01,872.68,888.45,869.78,885.86,786220.0
2016-02-02,888.35,893.19,876.47,880.96,920880.0
2016-02-03,874.68,882.41,857.56,862.2,540770.0
2016-02-04,863.49,894.39,863.49,887.8,1660000.0
2016-02-05,887.45,901.88,884.86,897.69,1740000.0
2016-02-08,901.43,905.92,884.46,887.05,783140.0
2016-02-09,883.36,892.74,876.97,882.66,636390.0
2016-02-10,886.95,887.45,864.99,875.02,707100.0
2016-02-11,873.23,873.23,850.52,854.21,1000000.0
2016-02-12,858.5,871.73,845.03,853.41,1090000.0
2016-02-15,864.49,870.68,851.52,857.21,703960.0
2016-02-16,853.56,858.65,834.65,838.84,985220.0
2016-02-17,842.53,857.46,825.66,854.51,1170000.0
2016-02-18,860.5,862.3,829.15,833.8,997870.0
2016-02-19,833.5,855.41,827.56,853.21,799360.0
2016-02-22,854.51,871.68,852.51,869.33,609600.0
2016-02-23,869.48,878.37,864.64,875.57,1440000.0
2016-02-24,877.47,884.21,873.48,880.27,1290000.0
2016-02-25,878.97,883.36,857.21,860.2,1330000.0
2016-02-26,866.49,872.48,852.71,861.05,536750.0
2016-02-29,862.6,867.44,840.14,844.63,890890.0
2016-03-01,851.12,873.13,848.52,870.43,1160000.0
2016-03-02,874.48,879.42,864.99,870.33,808140.0
2016-03-03,872.88,894.94,870.23,878.72,1060000.0
2016-03-04,885.06,888.55,856.91,864.29,1040000.0
2016-03-08,866.39,880.27,856.56,874.18,1170000.0
2016-03-09,874.48,887.25,868.34,874.68,1400000.0
2016-03-10,868.49,894.44,868.49,893.19,810950.0
2016-03-11,898.43,902.13,890.0,896.79,1040000.0
2016-03-14,896.44,901.63,887.05,897.79,788260.0
2016-03-15,901.43,904.92,874.63,883.06,954050.0
2016-03-16,878.77,880.47,860.6,863.4,1460000.0
2016-03-17,868.49,874.48,863.59,871.03,965280.0
2016-03-18,869.48,876.37,858.45,873.83,1070000.0
2016-03-21,871.73,873.48,850.92,858.15,1480000.0
2016-03-22,858.5,858.5,844.58,851.87,1750000.0
2016-03-23,851.87,855.41,844.78,848.52,917100.0
2016-03-28,848.52,855.96,841.23,843.93,1720000.0
2016-03-29,845.93,858.5,843.53,854.61,1100000.0
2016-03-30,862.5,883.46,860.35,880.32,1470000.0
2016-03-31,878.97,882.71,863.59,866.89,1680000.0
2016-04-01,869.48,882.41,863.49,868.49,853330.0
2016-04-04,872.48,886.95,863.74,884.61,662760.0
2016-04-05,883.86,883.86,860.5,868.34,762480.0
2016-04-06,868.19,873.48,859.15,861.8,451310.0
2016-04-07,862.5,867.49,853.56,856.76,449770.0
2016-04-08,858.5,859.95,848.12,850.07,448090.0
2016-04-11,848.52,860.4,841.28,858.5,651370.0
2016-04-12,860.3,868.49,858.0,865.39,433490.0
2016-04-13,868.99,874.48,864.49,872.83,692420.0
2016-04-18,882.71,885.01,873.48,883.66,685760.0
2016-04-20,883.46,886.21,873.73,884.26,778270.0
2016-04-21,888.45,893.44,883.56,887.6,702230.0
2016-04-22,884.16,892.14,867.89,870.03,692410.0
2016-04-25,868.89,868.89,854.51,860.25,587700.0
2016-04-26,862.7,878.47,857.56,875.37,694780.0
2016-04-27,874.18,889.45,869.48,888.3,553130.0
2016-04-28,888.3,892.94,868.49,871.58,1010000.0
2016-04-29,871.48,874.48,860.15,864.74,955990.0
2016-05-02,862.5,865.99,859.15,863.3,199720.0
2016-05-03,867.99,885.36,863.89,870.48,1070000.0
2016-05-04,870.48,877.47,862.5,872.08,469900.0
2016-05-05,872.58,873.93,860.95,865.54,402570.0
2016-05-06,862.45,888.45,860.0,887.5,1250000.0
2016-05-09,893.39,912.31,892.1,905.02,1360000.0
2016-05-10,903.38,906.67,891.9,896.79,1030000.0
2016-05-11,890.45,917.4,885.96,906.27,2230000.0
2016-05-12,918.4,932.28,915.6,927.18,2380000.0
2016-05-13,927.13,946.35,925.99,942.01,2290000.0
2016-05-16,947.3,956.13,943.36,950.99,1910000.0
2016-05-17,951.84,970.31,946.1,967.96,1770000.0
2016-05-18,967.31,969.31,950.79,961.57,1270000.0
2016-05-19,967.16,967.16,950.39,955.14,1250000.0
2016-05-20,954.34,961.32,949.1,954.34,972840.0
2016-05-23,958.23,958.33,942.01,944.95,726050.0
2016-05-24,950.74,960.73,940.06,954.59,490330.0
2016-05-25,961.47,983.29,961.12,980.54,815310.0
2016-05-26,986.83,997.76,971.76,990.12,1410000.0
2016-05-27,990.17,1000.06,984.73,996.51,1110000.0
2016-05-30,992.27,1002.5,976.75,983.19,1490000.0
2016-05-31,986.28,993.77,978.99,983.14,1150000.0
2016-06-01,987.33,1023.22,987.33,1019.92,2069999.9999999998
2016-06-02,1005.25,1027.21,994.82,1022.27,2420000.0
2016-06-03,1021.72,1030.3,1011.74,1023.52,2049999.9999999998
2016-06-06,1015.33,1030.55,1014.83,1024.51,1570000.0
2016-06-07,1023.57,1035.64,1022.82,1030.95,755930.0
2016-06-08,1027.21,1027.21,1009.49,1016.28,933530.0
2016-06-09,1016.23,1017.23,993.97,997.06,1020000.0
2016-06-10,993.22,997.26,987.88,990.32,1310000.0
2016-06-13,985.28,994.77,983.39,993.17,808570.0
2016-06-14,993.27,997.26,976.9,984.78,699280.0
2016-06-15,984.28,1000.26,984.28,996.66,731020.0
2016-06-16,992.02,1007.24,984.48,1004.8,740810.0
2016-06-17,1008.24,1013.08,992.27,997.86,365440.0
2016-06-20,993.22,995.27,984.53,989.77,627620.0
2016-06-21,988.28,989.28,975.5,980.34,712870.0
2016-06-22,978.29,987.73,976.8,983.74,507150.0
2016-06-23,984.38,988.28,978.59,982.39,678140.0
2016-06-24,972.41,991.27,961.92,987.83,777600.0
2016-06-27,968.56,991.22,968.56,972.6,662650.0
2016-06-28,979.29,983.29,973.65,978.49,822750.0
2016-06-29,976.55,997.56,976.55,992.47,711460.0
2016-06-30,1003.1,1007.24,994.32,1001.55,1040000.0
2016-07-01,1001.06,1009.34,993.72,1000.76,1310000.0
2016-07-04,1006.25,1015.28,996.46,998.66,884700.0
2016-07-05,1001.25,1003.1,981.64,983.39,523870.0
2016-07-07,987.63,995.27,983.29,985.98,757050.0
2016-07-08,991.17,1012.14,986.43,1008.94,1200000.0
2016-07-11,1018.23,1031.2,1016.08,1025.01,1080000.0
2016-07-12,1027.01,1036.09,1015.03,1018.67,1260000.0
2016-07-13,1027.21,1027.21,1004.7,1007.74,1320000.0
2016-07-14,1008.44,1023.72,1007.24,1015.83,754270.0
2016-07-15,1016.43,1029.71,1016.43,1024.11,671920.0
2016-07-18,1025.31,1043.08,1023.47,1026.71,721550.0
2016-07-19,1029.21,1035.69,1019.42,1028.91,541330.0
2016-07-20,1027.46,1034.6,1018.23,1026.76,529010.0
2016-07-21,1028.01,1046.18,1024.76,1040.89,706660.0
2016-07-22,1046.03,1052.17,1040.24,1045.23,502770.0
2016-07-25,1047.47,1072.53,1045.33,1068.79,734350.0
2016-07-26,1070.23,1073.08,1053.16,1058.9,562980.0
2016-07-27,1068.04,1071.93,1050.37,1059.95,765270.0
2016-07-28,1072.13,1151.79,1066.14,1126.04,5830000.0
2016-07-29,1125.54,1135.72,1100.33,1112.21,1150000.0
2016-08-01,1117.65,1132.03,1113.11,1118.95,864040.0
2016-08-02,1127.73,1140.51,1116.7,1121.4,832930.0
2016-08-03,1130.48,1145.15,1122.09,1141.41,1130000.0
2016-08-04,1150.05,1152.59,1114.76,1125.34,1080000.0
2016-08-05,1129.03,1143.31,1126.79,1141.36,543090.0
2016-08-08,1150.99,1150.99,1134.02,1146.35,407800.0
2016-08-09,1151.59,1152.94,1132.03,1144.51,541100.0
2016-08-10,1140.11,1146.45,1126.14,1127.98,788850.0
2016-08-11,1128.03,1145.5,1116.65,1143.11,651400.0
2016-08-12,1141.01,1159.23,1123.44,1135.52,795380.0
2016-08-16,1133.52,1145.8,1124.94,1127.68,921460.0
2016-08-17,1113.06,1125.74,1106.22,1111.61,742830.0
2016-08-18,1117.8,1117.8,1100.63,1105.42,1260000.0
2016-08-19,1099.43,1124.94,1099.43,1111.56,864970.0
2016-08-22,1119.05,1119.05,1103.08,1111.96,828000.0
2016-08-23,1110.76,1127.68,1106.22,1124.29,684490.0
2016-08-24,1128.03,1128.23,1113.66,1116.9,417970.0
2016-08-25,1118.15,1124.54,1100.88,1103.98,554850.0
2016-08-26,1104.33,1125.59,1089.15,1121.35,869670.0
2016-08-29,1121.35,1122.69,1102.23,1109.92,452950.0
2016-08-30,1113.06,1146.0,1108.07,1144.21,674830.0
2016-08-31,1154.99,1171.86,1147.0,1155.89,1670000.0
2016-09-01,1157.83,1162.02,1140.01,1154.94,621890.0
2016-09-02,1156.93,1169.96,1149.3,1165.52,710110.0
2016-09-06,1172.96,1211.79,1168.56,1202.05,1130000.0
2016-09-07,1205.9,1206.9,1168.66,1175.15,1090000.0
2016-09-08,1176.95,1187.93,1168.96,1180.54,888250.0
2016-09-09,1179.84,1179.84,1165.97,1169.71,575100.0
2016-09-12,1154.34,1160.98,1135.02,1152.59,465080.0
2016-09-14,1148.1,1176.9,1148.1,1161.58,704630.0
2016-09-15,1167.96,1173.45,1157.98,1171.51,616130.0
2016-09-16,1171.56,1179.19,1150.0,1153.14,1140000.0
2016-09-19,1155.19,1169.96,1155.19,1161.58,550700.0
2016-09-20,1161.97,1171.66,1160.58,1163.02,966450.0
2016-09-21,1163.87,1173.95,1163.87,1168.56,615800.0
2016-09-22,1180.24,1194.92,1172.96,1189.93,913750.0
2016-09-23,1198.91,1201.41,1182.94,1189.13,668220.0
2016-09-26,1192.92,1192.92,1172.86,1180.94,817720.0
2016-09-27,1182.14,1200.91,1182.14,1190.47,532320.0
2016-09-28,1190.92,1198.91,1186.03,1191.42,566690.0
2016-09-29,1192.27,1201.26,1157.98,1165.32,1130000.0
2016-09-30,1164.97,1177.9,1153.99,1158.68,478250.0
2016-10-03,1167.96,1196.91,1163.37,1190.92,747110.0
2016-10-04,1199.91,1200.91,1177.35,1190.47,503640.0
2016-10-05,1185.93,1221.87,1182.94,1206.65,1080000.0
2016-10-06,1207.99,1220.27,1199.61,1207.4,746010.0
2016-10-07,1205.9,1207.89,1178.75,1182.54,873430.0
2016-10-10,1186.93,1216.88,1186.93,1210.54,570180.0
2016-10-13,1224.87,1225.16,1206.75,1214.48,1390000.0
2016-10-14,1213.98,1217.88,1200.16,1203.65,354200.0
2016-10-17,1206.0,1206.3,1176.45,1180.24,365920.0
2016-10-18,1184.34,1191.27,1163.52,1172.46,1340000.0
2016-10-19,1177.95,1182.09,1161.23,1167.27,1200000.0
2016-10-20,1172.96,1174.95,1161.23,1163.72,448790.0
2016-10-21,1170.86,1170.86,1142.41,1151.49,948990.0
2016-10-24,1159.13,1159.98,1122.14,1125.54,1290000.0
2016-10-25,1129.98,1156.28,1115.16,1137.77,3010000.0
2016-10-26,1151.29,1154.99,1111.96,1121.15,1320000.0
2016-10-27,1131.03,1132.43,1079.12,1083.56,1760000.0
2016-10-28,1079.12,1095.04,1064.2,1068.04,1730000.0
2016-10-30,1078.12,1083.11,1068.14,1073.88,149230.0
2016-11-01,1075.23,1086.31,1070.13,1074.83,983170.0
2016-11-02,1066.04,1081.46,1053.51,1060.9,872570.0
2016-11-03,1056.46,1073.13,1031.65,1035.35,1080000.0
2016-11-04,1037.39,1052.96,1033.3,1041.24,976220.0
2016-11-07,1046.18,1057.76,1026.11,1035.55,829770.0
2016-11-08,1042.93,1058.16,1038.19,1055.16,780310.0
2016-11-09,997.26,1056.26,950.34,1049.12,2009999.9999999998
2016-11-10,1054.16,1058.16,1006.25,1009.54,1720000.0
2016-11-11,998.26,1003.2,956.33,960.63,2670000.0
2016-11-15,969.26,969.26,867.49,889.25,5350000.0
2016-11-16,915.9,944.25,901.43,934.07,3030000.0
2016-11-17,944.35,945.5,915.4,916.85,1310000.0
2016-11-18,924.29,927.33,898.28,906.62,1340000.0
2016-11-21,916.4,916.4,890.2,898.43,1640000.0
2016-11-22,906.42,911.36,893.44,906.17,1680000.0
2016-11-23,914.31,944.75,910.41,940.41,2370000.0
2016-11-24,936.62,964.07,930.43,934.47,2910000.0
2016-11-25,942.26,951.64,937.17,943.8,1460000.0
2016-11-28,948.35,966.96,931.88,934.47,1340000.0
2016-11-29,938.76,965.32,933.57,956.88,2510000.0
2016-11-30,966.27,973.2,950.89,968.21,4460000.0
2016-12-01,965.32,966.32,934.37,937.52,1520000.0
2016-12-02,934.37,934.87,900.43,903.28,2140000.0
2016-12-05,908.42,939.96,893.69,936.02,1880000.0
2016-12-06,939.26,943.06,922.54,932.52,889150.0
2016-12-07,934.37,946.85,926.58,930.58,809150.0
2016-12-08,940.31,945.9,928.18,934.52,1020000.0
2016-12-09,940.36,952.29,933.42,940.11,1600000.0
2016-12-12,929.68,935.52,907.42,908.67,1530000.0
2016-12-13,913.41,913.41,893.44,905.17,1570000.0
2016-12-14,906.42,921.59,906.42,912.76,944660.0
2016-12-15,908.07,915.15,900.13,901.43,958980.0
2016-12-16,910.36,910.36,896.44,898.33,1040000.0
2016-12-19,899.83,900.43,873.58,876.87,1910000.0
2016-12-20,873.98,880.47,858.55,864.19,1810000.0
2016-12-21,865.69,874.97,860.05,864.04,1320000.0
2016-12-22,864.04,872.78,849.62,868.79,1470000.0
2016-12-23,873.48,883.46,860.0,872.48,1330000.0
2016-12-26,872.48,883.46,858.5,866.29,1310000.0
2016-12-27,870.38,876.27,861.9,874.48,846900.0
2016-12-28,874.48,888.45,868.04,874.18,1090000.0
2016-12-29,877.47,885.46,875.47,878.52,1200000.0
2016-12-30,883.41,893.44,880.96,889.5,935480.0
2017-01-02,891.45,905.92,880.71,903.08,1030000.0
2017-01-03,908.42,908.42,891.9,895.04,2069999.9999999998
2017-01-04,900.33,912.91,895.44,905.02,1410000.0
2017-01-05,912.31,918.3,899.93,914.91,2570000.0
2017-01-06,916.4,930.88,913.01,927.88,1720000.0
2017-01-09,930.38,931.43,904.42,908.52,1360000.0
2017-01-10,913.41,927.38,906.37,921.99,1740000.0
2017-01-11,924.89,938.96,919.9,933.02,1240000.0
2017-01-12,933.37,937.72,924.69,931.93,955700.0
2017-01-13,933.92,936.57,925.54,931.63,770390.0
2017-01-16,928.38,939.91,925.29,933.62,889760.0
2017-01-17,938.36,961.82,935.37,958.48,1740000.0
2017-01-18,958.48,970.76,958.33,961.67,1220000.0
2017-01-19,963.42,964.07,952.74,961.02,770730.0
2017-01-20,958.63,976.15,952.49,965.52,2190000.0
2017-01-23,965.72,971.86,956.08,963.02,1210000.0
2017-01-24,961.82,978.15,951.94,971.76,1750000.0
2017-01-25,977.3,979.64,969.46,976.0,1130000.0
2017-01-27,978.1,987.88,962.42,967.91,1040000.0
2017-01-30,967.31,977.3,961.32,971.51,572180.0
2017-01-31,971.11,975.8,962.32,969.01,603930.0
2017-02-01,969.01,999.31,968.51,989.28,1240000.0
2017-02-02,987.73,993.27,980.24,987.28,1370000.0
2017-02-03,988.28,992.17,979.34,984.18,465750.0
2017-02-06,988.38,1003.2,983.79,990.77,744280.0
2017-02-07,990.27,1002.2,988.48,997.56,577720.0
2017-02-08,997.56,1008.14,979.29,995.96,1190000.0
2017-02-09,997.26,1003.25,989.28,1001.11,493190.0
2017-02-10,1004.15,1007.24,988.78,991.32,479740.0
2017-02-13,993.27,998.26,979.79,983.04,643640.0
2017-02-14,986.28,986.33,968.31,979.09,604110.0
2017-02-15,979.49,985.23,974.3,979.99,600970.0
2017-02-16,983.29,987.83,966.07,968.21,932360.0
2017-02-17,971.31,971.71,953.94,959.13,1140000.0
2017-02-20,959.33,978.24,952.19,974.05,1090000.0
2017-02-21,976.0,992.22,974.6,989.77,885070.0
2017-02-22,993.37,1023.97,992.17,1018.52,2810000.0
2017-02-23,1028.21,1028.21,1003.6,1007.24,1580000.0
2017-02-27,1008.24,1016.78,997.26,1000.21,738250.0
2017-02-28,1001.35,1025.01,996.41,1022.42,1370000.0
2017-03-01,1028.21,1038.19,1024.26,1030.95,1120000.0
2017-03-02,1036.09,1042.93,1024.61,1026.96,1040000.0
2017-03-03,1025.26,1025.26,1004.25,1011.94,596210.0
2017-03-06,1018.23,1032.0,1014.23,1027.61,559270.0
2017-03-07,1028.76,1030.8,1018.72,1022.17,429280.0
2017-03-08,1022.22,1032.95,1013.23,1020.77,1160000.0
2017-03-09,1026.71,1038.99,1023.22,1029.31,827510.0
2017-03-10,1022.32,1035.4,1022.32,1028.46,579490.0
2017-03-14,1047.97,1075.92,1038.79,1069.54,1640000.0
2017-03-15,1066.14,1073.63,1059.25,1062.2,619850.0
2017-03-16,1069.39,1087.6,1066.39,1085.66,1380000.0
2017-03-17,1088.35,1090.3,1073.13,1077.57,782440.0
2017-03-20,1079.92,1081.12,1065.29,1077.82,423080.0
2017-03-21,1080.07,1083.06,1061.6,1066.84,1430000.0
2017-03-22,1056.16,1062.3,1046.73,1056.01,661180.0
2017-03-23,1058.16,1068.14,1052.17,1059.75,466640.0
2017-03-24,1060.95,1071.13,1059.2,1062.4,435180.0
2017-03-27,1066.14,1066.14,1038.14,1041.09,833510.0
2017-03-28,1043.18,1060.1,1043.18,1056.01,452400.0
2017-03-29,1060.15,1077.12,1056.01,1066.24,1350000.0
2017-03-30,1066.24,1072.83,1060.15,1068.24,1170000.0
2017-03-31,1068.14,1077.62,1063.15,1071.63,937950.0
2017-04-03,1072.83,1096.54,1066.64,1087.95,790370.0
2017-04-05,1092.1,1092.75,1066.94,1080.67,927400.0
2017-04-06,1076.52,1087.11,1069.64,1085.01,690410.0
2017-04-07,1075.13,1088.0,1071.23,1081.07,837820.0
2017-04-10,1076.52,1078.57,1055.21,1057.36,757490.0
2017-04-11,1061.85,1074.88,1054.71,1070.63,731060.0
2017-04-12,1073.63,1080.02,1061.25,1068.59,719260.0
2017-04-13,1068.59,1079.52,1064.29,1076.42,328680.0
2017-04-17,1077.67,1078.12,1054.61,1057.51,506750.0
2017-04-18,1060.55,1067.09,1035.5,1038.64,722860.0
2017-04-19,1042.18,1054.16,1031.9,1047.07,398730.0
2017-04-20,1054.16,1060.9,1040.69,1056.96,493560.0
2017-04-21,1064.05,1069.64,1052.37,1063.6,701520.0
2017-04-24,1064.24,1072.48,1061.85,1068.09,363440.0
2017-04-25,1072.83,1100.03,1068.14,1095.99,1060000.0
2017-04-26,1102.98,1120.05,1090.85,1102.73,1870000.0
2017-04-27,1102.98,1107.62,1090.1,1103.43,666290.0
2017-04-28,1104.67,1122.99,1103.43,1118.5,1010000.0
2017-05-02,1121.15,1135.52,1098.09,1110.16,1030000.0
2017-05-03,1114.06,1121.99,1111.06,1116.95,476100.0
2017-05-04,1116.95,1133.03,1115.66,1130.63,878810.0
2017-05-05,1133.03,1157.98,1132.03,1144.8,1520000.0
2017-05-08,1148.0,1170.96,1141.41,1165.32,672000.0
2017-05-09,1170.41,1174.8,1158.08,1163.27,734420.0
2017-05-10,1165.07,1179.94,1146.15,1156.28,1000000.0
2017-05-11,1156.98,1176.85,1150.29,1164.42,1000000.0
2017-05-12,1168.16,1176.95,1125.04,1130.98,2500000.0
2017-05-15,1140.91,1147.9,1133.03,1146.05,729470.0
2017-05-16,1146.9,1147.7,1127.63,1140.86,913600.0
2017-05-17,1141.01,1156.98,1134.57,1152.94,579710.0
2017-05-18,1145.15,1157.78,1138.02,1149.35,702000.0
2017-05-19,1137.87,1142.81,1096.89,1121.2,1730000.0
2017-05-22,1122.29,1135.87,1102.08,1110.61,1060000.0
2017-05-23,1118.0,1124.59,1089.55,1096.99,1370000.0
2017-05-24,1093.09,1105.12,1078.62,1089.3,1550000.0
2017-05-25,1093.64,1123.04,1088.15,1111.26,1230000.0
2017-05-26,1122.99,1146.8,1122.04,1130.48,915210.0
2017-05-29,1123.04,1148.0,1123.04,1144.56,460150.0
2017-05-30,1148.0,1164.07,1145.0,1157.43,460980.0
2017-05-31,1156.98,1162.97,1142.56,1149.2,1490000.0
2017-06-01,1148.0,1159.98,1131.13,1158.43,578030.0
2017-06-02,1159.18,1172.86,1158.18,1162.27,437400.0
2017-06-05,1162.97,1174.35,1157.48,1159.53,425940.0
2017-06-06,1160.13,1163.27,1139.06,1151.14,787800.0
2017-06-07,1151.99,1165.97,1144.01,1159.48,531050.0
2017-06-08,1172.76,1172.76,1138.22,1141.31,1200000.0
2017-06-09,1143.01,1155.59,1130.18,1153.74,559010.0
2017-06-12,1152.39,1156.63,1140.61,1148.7,649910.0
2017-06-13,1149.2,1152.24,1140.26,1147.7,855510.0
2017-06-14,1149.0,1150.84,1124.29,1147.6,931530.0
2017-06-15,1148.0,1150.0,1133.35,1140.3,1000000.0
2017-06-16,1142.7,1149.8,1128.45,1145.4,1180000.0
2017-06-19,1149.0,1158.0,1137.95,1154.15,808990.0
2017-06-20,1155.1,1156.85,1144.5,1149.45,804320.0
2017-06-21,1158.0,1160.4,1149.9,1155.4,553930.0
2017-06-22,1157.0,1171.0,1156.6,1162.55,651020.0
2017-06-23,1163.0,1164.5,1146.1,1153.65,596080.0
2017-06-27,1157.0,1168.35,1130.0,1134.15,484240.0
2017-06-28,1125.0,1128.85,1099.0,1109.15,930400.0
2017-06-29,1112.0,1126.95,1100.0,1104.55,460380.0
2017-06-30,1099.95,1112.0,1083.3,1102.95,617700.0
2017-07-03,1107.0,1123.45,1104.2,1120.25,512390.0
2017-07-04,1123.8,1126.45,1106.8,1108.55,549150.0
2017-07-05,1108.55,1135.0,1108.55,1126.65,837350.0
2017-07-06,1135.0,1144.0,1127.85,1132.15,532280.0
2017-07-07,1135.0,1135.4,1112.05,1115.45,364300.0
2017-07-10,1215.45,1215.45,1110.0,1127.75,70600.0
2017-07-11,1125.0,1135.0,1122.6,1131.75,532130.0
2017-07-12,1136.0,1137.4,1124.1,1133.7,373350.0
2017-07-13,1139.8,1144.25,1121.25,1125.5,764690.0
2017-07-14,1128.25,1128.95,1112.05,1117.35,872830.0
2017-07-17,1120.6,1128.7,1115.25,1125.45,1260000.0
2017-07-18,1118.0,1150.0,1117.0,1146.6,648740.0
2017-07-19,1154.95,1158.0,1146.05,1155.85,964590.0
2017-07-20,1156.9,1157.85,1133.95,1155.55,1290000.0
2017-07-21,1156.0,1172.5,1148.0,1156.1,2020000.0
2017-07-24,1151.6,1159.5,1140.0,1155.75,2060000.0
2017-07-25,1160.05,1165.0,1140.0,1150.1,2960000.0
2017-07-26,1134.0,1144.8,1126.0,1134.0,1970000.0
2017-07-27,1136.55,1153.0,1136.05,1148.8,1030000.0
2017-07-28,1148.0,1156.9,1139.0,1153.25,616850.0
2017-07-31,1154.15,1164.0,1146.1,1161.7,777720.0
2017-08-01,1162.0,1163.0,1140.5,1148.2,1180000.0
2017-08-02,1150.0,1152.0,1135.0,1144.5,848780.0
2017-08-03,1143.0,1148.9,1127.1,1146.1,997620.0
2017-08-04,1144.0,1159.95,1140.65,1157.3,529320.0
2017-08-07,1160.0,1160.75,1142.4,1149.65,576280.0
2017-08-08,1146.0,1151.5,1139.1,1147.35,600260.0
2017-08-09,1147.8,1158.9,1140.1,1155.55,530760.0
2017-08-10,1154.0,1160.3,1146.0,1151.1,649590.0
2017-08-11,1135.65,1148.75,1121.2,1143.9,843230.0
2017-08-14,1149.45,1163.7,1145.0,1154.0,511990.0
2017-08-16,1154.35,1155.3,1129.0,1141.3,857450.0
2017-08-17,1141.3,1142.8,1132.0,1134.95,494640.0
2017-08-18,1131.95,1142.45,1123.0,1140.0,357490.0
2017-08-21,1141.8,1141.8,1128.5,1134.45,456590.0
2017-08-22,1140.1,1142.6,1125.95,1129.45,568910.0
2017-08-23,1131.8,1144.5,1114.0,1141.3,513039.99999999994
2017-08-24,1140.4,1145.0,1131.0,1135.6,483360.0
2017-08-28,1131.5,1159.75,1126.1,1155.9,751940.0
2017-08-29,1155.0,1155.0,1139.3,1151.7,578070.0
2017-08-30,1149.9,1160.35,1144.3,1153.35,674280.0
2017-08-31,1146.35,1174.0,1144.3,1168.55,1130000.0
2017-09-01,1174.2,1219.0,1166.0,1215.9,1520000.0
2017-09-04,1215.9,1215.9,1192.0,1197.05,682610.0
2017-09-05,1201.25,1223.05,1200.4,1206.35,714960.0
2017-09-06,1198.35,1213.45,1198.0,1206.05,370400.0
2017-09-07,1218.0,1218.8,1193.95,1198.65,832840.0
2017-09-08,1195.0,1206.0,1190.0,1203.95,477520.0
2017-09-11,1206.0,1241.0,1199.6,1238.05,843300.0
2017-09-12,1242.0,1259.95,1236.05,1256.35,1460000.0
2017-09-13,1250.05,1262.0,1249.0,1254.95,913360.0
2017-09-14,1258.0,1262.0,1241.0,1246.05,754070.0
2017-09-15,1230.5,1249.65,1226.2,1245.5,912020.0
2017-09-18,1250.0,1261.0,1248.8,1255.95,419290.0
2017-09-19,1262.0,1262.0,1249.2,1253.3,465000.0
2017-09-20,1256.5,1256.9,1235.0,1237.3,473180.0
2017-09-21,1238.0,1247.25,1224.95,1229.1,772770.0
2017-09-22,1218.05,1230.2,1204.9,1213.25,896130.0
2017-09-25,1205.15,1213.45,1192.0,1196.95,917090.0
2017-09-26,1187.0,1189.75,1164.0,1174.0,740280.0
2017-09-27,1173.1,1178.55,1152.85,1160.0,786410.0
2017-09-28,1155.0,1165.0,1123.0,1130.0,2350000.0
2017-09-29,1130.0,1144.95,1127.0,1131.7,791550.0
2017-10-03,1141.3,1160.0,1135.5,1148.8,834090.0
2017-10-04,1154.0,1167.1,1147.55,1154.05,626750.0
2017-10-05,1149.65,1161.5,1147.6,1153.25,327060.0
2017-10-06,1155.0,1169.7,1153.0,1157.3,344960.0
2017-10-09,1169.8,1169.8,1152.8,1158.6,363970.0
2017-10-10,1156.0,1166.95,1154.0,1163.0,316770.0
2017-10-11,1170.0,1175.75,1155.0,1160.6,602210.0
2017-10-12,1156.5,1162.0,1146.05,1158.8,658880.0
2017-10-13,1158.8,1177.1,1154.15,1174.25,417080.0
2017-10-16,1181.0,1185.0,1166.0,1171.05,689380.0
2017-10-17,1170.0,1200.0,1170.0,1197.15,979280.0
2017-10-18,1197.8,1197.8,1170.0,1179.65,523049.99999999994
2017-10-19,1175.0,1183.25,1171.15,1178.5,77090.0
2017-10-23,1184.45,1191.85,1159.0,1174.15,698950.0
2017-10-24,1175.0,1234.0,1175.0,1222.9,2350000.0
2017-10-25,1222.9,1232.05,1195.0,1201.7,1020000.0
2017-10-26,1194.0,1203.65,1180.7,1191.15,808540.0
2017-10-27,1193.9,1195.0,1178.6,1184.55,346760.0
2017-10-30,1185.0,1198.8,1179.55,1182.55,280640.0
2017-10-31,1182.0,1188.85,1176.15,1180.85,279630.0
2017-11-01,1185.0,1188.55,1174.0,1175.95,260540.00000000003
2017-11-02,1176.4,1181.95,1166.0,1178.4,245950.0
2017-11-03,1182.45,1183.1,1167.3,1172.45,258600.00000000003
2017-11-06,1168.0,1173.1,1155.0,1162.35,314730.0
2017-11-07,1158.0,1164.65,1132.5,1141.45,758500.0
2017-11-08,1147.1,1179.4,1145.05,1172.2,691780.0
2017-11-09,1177.85,1198.45,1173.6,1195.6,884720.0
2017-11-10,1194.9,1194.9,1160.0,1178.6,1130000.0
2017-11-13,1184.0,1189.5,1168.85,1174.95,363500.0
2017-11-14,1174.95,1176.0,1152.4,1155.05,547560.0
2017-11-15,1155.0,1190.0,1151.05,1181.55,829730.0
2017-11-16,1183.0,1189.0,1175.0,1179.55,429230.0
2017-11-17,1186.0,1193.9,1166.0,1171.3,454010.0
2017-11-20,1173.0,1176.45,1159.65,1166.35,255840.0
2017-11-21,1168.6,1175.0,1156.0,1160.3,421270.0
2017-11-22,1162.5,1176.5,1155.0,1174.3,731570.0
2017-11-23,1175.5,1177.9,1157.05,1159.6,482630.0
2017-11-24,1164.0,1164.0,1148.15,1159.6,406700.0
2017-11-27,1158.0,1160.0,1146.1,1156.5,373160.0
2017-11-28,1157.5,1174.9,1150.15,1171.0,445230.0
2017-11-29,1166.0,1176.35,1148.25,1153.85,516700.00000000006
2017-11-30,1150.25,1158.0,1141.35,1146.75,1430000.0
2017-12-01,1147.2,1154.0,1130.25,1133.75,397190.0
2017-12-04,1145.45,1145.45,1117.0,1121.0,455770.0
2017-12-05,1122.0,1124.15,1108.05,1115.0,702850.0
2017-12-06,1114.8,1114.95,1099.0,1104.35,723470.0
2017-12-07,1108.0,1151.0,1106.85,1144.4,986080.0
2017-12-08,1144.95,1153.5,1130.1,1135.5,593330.0
2017-12-11,1142.0,1142.7,1123.4,1125.85,551770.0
2017-12-12,1131.85,1131.85,1101.0,1117.4,1060000.0
2017-12-13,1117.9,1137.5,1110.0,1116.55,646680.0
2017-12-14,1122.0,1129.55,1115.4,1123.45,543060.0
2017-12-15,1129.0,1134.7,1116.0,1118.7,897590.0
2017-12-18,1120.0,1139.95,1110.0,1137.15,622560.0
2017-12-19,1149.0,1149.5,1130.95,1137.7,459490.0
2017-12-20,1137.5,1141.95,1125.0,1135.5,458160.0
2017-12-21,1140.95,1144.0,1130.4,1137.9,460390.0
2017-12-22,1137.0,1142.5,1132.5,1138.0,377780.0
2017-12-26,1142.0,1155.6,1140.2,1150.75,820590.0
2017-12-27,1150.0,1157.0,1142.0,1149.05,611260.0
2017-12-28,1146.0,1154.35,1138.35,1144.4,536350.0
2017-12-29,1145.1,1172.5,1142.05,1158.5,965850.0
2018-01-01,1163.0,1165.0,1138.1,1143.65,591350.0
2018-01-02,1146.0,1150.0,1134.05,1142.75,516169.99999999994
2018-01-03,1149.0,1149.0,1135.3,1141.9,593810.0
2018-01-04,1149.0,1178.0,1145.9,1172.05,729970.0
2018-01-05,1178.0,1192.0,1167.45,1185.25,1150000.0
2018-01-08,1190.0,1190.85,1173.5,1182.0,928880.0
2018-01-09,1183.1,1197.2,1175.1,1193.05,699620.0
2018-01-10,1186.0,1189.1,1171.1,1177.4,1100000.0
2018-01-11,1179.9,1189.95,1170.0,1188.95,475480.0
2018-01-12,1187.0,1192.55,1176.0,1189.7,390840.0
2018-01-15,1189.65,1208.2,1182.45,1204.05,723830.0
2018-01-16,1204.05,1204.05,1184.0,1188.75,557250.0
2018-01-17,1186.8,1196.4,1178.4,1193.75,506650.0
2018-01-18,1195.0,1204.1,1181.0,1188.25,500760.0
2018-01-19,1183.1,1195.0,1177.9,1189.9,722690.0
2018-01-22,1192.0,1193.7,1164.1,1176.0,942540.0
2018-01-23,1176.0,1177.85,1156.2,1169.9,1840000.0
2018-01-24,1170.0,1171.65,1145.05,1151.05,1120000.0
2018-01-25,1148.0,1161.4,1143.45,1150.45,1560000.0
2018-01-29,1154.0,1164.25,1147.6,1152.05,1540000.0
2018-01-30,1151.0,1152.0,1123.45,1126.7,1400000.0
2018-01-31,1128.0,1139.8,1124.0,1128.3,961600.0
2018-02-01,1126.0,1157.35,1126.0,1153.0,1100000.0
2018-02-02,1148.0,1148.0,1123.95,1137.9,872110.0
2018-02-05,1121.2,1140.0,1114.3,1134.1,1260000.0
2018-02-06,1110.0,1127.0,1090.1,1110.25,1060000.0
2018-02-07,1115.0,1125.2,1106.55,1121.1,854460.0
2018-02-08,1128.0,1131.3,1110.0,1124.05,1190000.0
2018-02-09,1101.0,1142.25,1101.0,1130.75,666920.0
2018-02-12,1138.0,1150.0,1135.9,1144.4,646360.0
2018-02-14,1144.0,1144.0,1127.0,1139.15,691600.0
2018-02-15,1135.0,1139.9,1123.0,1135.45,471070.0
2018-02-16,1136.5,1147.0,1130.0,1143.85,734480.0
2018-02-19,1145.0,1145.8,1111.55,1120.35,443680.0
2018-02-20,1123.95,1136.0,1112.75,1126.4,662280.0
2018-02-21,1132.35,1133.25,1115.0,1127.2,720560.0
2018-02-22,1122.7,1126.4,1101.0,1118.1,1560000.0
2018-02-23,1117.05,1117.05,1098.9,1101.8,1140000.0
2018-02-26,1110.0,1110.0,1095.4,1104.8,1170000.0
2018-02-27,1104.8,1113.0,1098.95,1110.35,610500.0
2018-02-28,1104.0,1124.0,1099.25,1117.75,1010000.0
2018-03-01,1120.0,1124.2,1108.0,1118.9,736220.0
2018-03-05,1110.25,1114.85,1100.0,1105.95,529680.0
2018-03-06,1112.6,1112.6,1100.0,1101.6,702290.0
2018-03-07,1105.7,1109.95,1095.25,1107.25,669690.0
2018-03-08,1114.8,1130.0,1107.6,1127.6,751330.0
2018-03-09,1133.0,1140.0,1124.4,1129.1,1160000.0
2018-03-12,1131.1,1134.0,1120.0,1131.5,527290.0
2018-03-13,1125.2,1143.0,1125.2,1140.3,711550.0
2018-03-14,1139.95,1144.45,1131.1,1137.0,1360000.0
2018-03-15,1132.15,1163.75,1132.15,1160.8,1150000.0
2018-03-16,1159.9,1159.9,1118.4,1122.75,1950000.0
2018-03-19,1121.15,1124.0,1097.9,1102.55,855440.0
2018-03-20,1102.0,1117.0,1092.15,1106.5,720300.0
2018-03-21,1106.5,1116.0,1100.0,1103.55,612240.0
2018-03-22,1102.5,1110.0,1100.0,1107.1,478430.0
2018-03-23,1094.85,1120.0,1093.05,1112.65,828520.0
2018-03-26,1112.0,1119.0,1101.0,1117.55,479680.0
2018-03-27,1119.0,1138.0,1116.4,1131.1,672160.0
2018-03-28,1130.85,1130.85,1115.0,1120.4,699840.0
2018-04-02,1120.4,1153.95,1111.5,1150.15,428940.0
2018-04-03,1145.05,1156.7,1138.95,1152.1,561120.0
2018-04-04,1156.9,1157.7,1126.0,1136.0,607620.0
2018-04-05,1151.8,1156.8,1137.55,1142.9,549140.0
2018-04-06,1142.9,1152.8,1135.0,1143.5,395630.0
2018-04-09,1145.0,1171.5,1139.95,1157.45,837110.0
2018-04-10,1159.0,1167.7,1152.9,1156.75,546270.0
2018-04-11,1157.0,1158.6,1141.2,1155.85,419140.0
2018-04-12,1149.5,1169.9,1144.9,1165.2,360740.0
2018-04-13,1170.0,1176.85,1157.85,1162.2,639580.0
2018-04-16,1160.0,1188.5,1155.0,1178.85,550650.0
2018-04-17,1180.0,1187.4,1169.0,1176.0,432540.0
2018-04-18,1179.0,1185.0,1168.0,1172.3,465760.0
2018-04-19,1172.0,1187.0,1162.6,1165.0,620950.0
2018-04-20,1165.0,1165.95,1142.25,1159.35,727520.0
2018-04-23,1160.9,1181.4,1145.4,1178.7,554350.0
2018-04-24,1177.5,1182.45,1161.9,1170.1,484110.0
2018-04-25,1167.0,1168.8,1156.05,1163.05,280570.0
2018-04-26,1164.0,1177.05,1149.55,1155.7,1640000.0
2018-04-27,1165.25,1199.1,1164.25,1181.6,803230.0
2018-04-30,1189.7,1207.0,1182.4,1201.7,505970.0
2018-05-02,1200.25,1230.6,1197.4,1222.3,2009999.9999999998
2018-05-03,1220.3,1230.0,1201.0,1206.75,641520.0
2018-05-04,1212.0,1212.0,1178.1,1190.45,743910.0
2018-05-07,1192.0,1220.8,1180.0,1215.25,728800.0
2018-05-08,1219.0,1224.0,1205.0,1209.9,627060.0
2018-05-09,1197.6,1229.1,1197.6,1222.55,729540.0
2018-05-10,1232.0,1238.0,1207.5,1217.7,1900000.0
2018-05-11,1237.0,1291.9,1229.85,1286.45,4720000.0
2018-05-14,1285.0,1305.0,1268.6,1297.35,1550000.0
2018-05-15,1291.0,1323.45,1288.8,1314.65,1370000.0
2018-05-16,1305.15,1332.0,1300.85,1323.7,736280.0
2018-05-17,1313.15,1330.0,1303.55,1309.45,751420.0
2018-05-18,1305.0,1316.4,1287.6,1308.35,939740.0
2018-05-21,1305.0,1314.7,1290.85,1301.7,692440.0
2018-05-22,1298.0,1302.0,1279.0,1286.85,708570.0
2018-05-23,1281.0,1292.15,1269.6,1278.6,509520.0
2018-05-24,1277.1,1302.9,1263.0,1293.6,774170.0
2018-05-25,1300.0,1310.0,1280.0,1292.35,773650.0
2018-05-28,1294.5,1331.9,1291.55,1321.85,657270.0
2018-05-29,1326.0,1330.0,1289.0,1299.5,769330.0
2018-05-30,1290.0,1300.95,1283.35,1293.85,478030.0
2018-05-31,1300.2,1311.7,1287.0,1304.65,1400000.0
2018-06-01,1307.0,1310.0,1290.8,1293.05,368820.0
2018-06-04,1295.0,1297.5,1265.0,1284.45,939790.0
2018-06-05,1276.25,1293.3,1270.55,1273.6,524240.0
2018-06-06,1270.9,1270.9,1245.05,1262.8,1210000.0
2018-06-07,1270.15,1297.0,1256.0,1290.8,701250.0
2018-06-08,1275.0,1288.55,1272.0,1278.85,442330.0
2018-06-11,1279.0,1295.9,1275.2,1283.3,373100.0
2018-06-12,1278.55,1292.0,1275.2,1287.7,401090.0
2018-06-13,1290.0,1292.75,1281.95,1286.4,566240.0
2018-06-14,1280.45,1289.65,1270.0,1286.1,507820.0
2018-06-15,1284.9,1286.65,1268.1,1282.2,1050000.0
2018-06-18,1289.4,1289.65,1271.0,1282.05,512049.99999999994
2018-06-19,1273.0,1287.65,1265.0,1269.2,572490.0
2018-06-20,1275.0,1275.0,1260.0,1271.3,484910.0
2018-06-21,1272.0,1279.9,1246.0,1253.0,1180000.0
2018-06-22,1261.5,1273.55,1240.2,1267.7,646450.0
2018-06-25,1268.0,1272.1,1249.3,1253.45,936250.0
2018-06-26,1255.0,1279.85,1253.0,1274.6,1260000.0
2018-06-27,1279.15,1285.0,1263.0,1267.15,857950.0
2018-06-28,1267.15,1273.45,1250.0,1268.4,729640.0
2018-06-29,1268.25,1271.1,1252.15,1264.45,622680.0
2018-07-02,1266.5,1297.95,1261.0,1293.05,1440000.0
2018-07-03,1298.6,1308.6,1288.1,1291.85,1400000.0
2018-07-04,1296.0,1299.95,1282.75,1289.8,619320.0
2018-07-05,1294.8,1330.0,1278.3,1321.4,1730000.0
2018-07-06,1325.0,1335.4,1309.05,1323.15,1660000.0
2018-07-09,1330.0,1367.9,1325.25,1363.1,1390000.0
2018-07-10,1362.8,1375.5,1355.0,1370.45,796990.0
2018-07-11,1360.0,1384.75,1357.35,1359.8,784240.0
2018-07-12,1370.0,1379.0,1346.0,1357.9,953050.0
2018-07-13,1359.5,1374.4,1358.7,1367.8,655590.0
2018-07-16,1370.0,1394.9,1351.1,1359.55,1230000.0
2018-07-17,1365.4,1383.5,1353.1,1376.25,1170000.0
2018-07-18,1386.0,1399.95,1377.55,1393.0,1090000.0
2018-07-19,1395.0,1408.5,1393.95,1403.0,848180.0
2018-07-20,1403.0,1404.75,1381.5,1396.45,575190.0
2018-07-23,1425.1,1464.4,1396.6,1433.2,1980000.0
2018-07-24,1443.0,1476.2,1425.5,1467.75,2170000.0
2018-07-25,1453.0,1490.6,1421.35,1450.15,4310000.0
2018-07-26,1448.1,1457.85,1422.25,1433.85,1730000.0
2018-07-27,1437.0,1454.0,1425.35,1434.85,630980.0
2018-07-30,1434.25,1451.85,1427.0,1430.2,750390.0
2018-07-31,1430.0,1456.6,1426.0,1451.4,1220000.0
2018-08-01,1458.0,1459.95,1430.8,1437.2,1120000.0
2018-08-02,1437.2,1443.9,1414.85,1418.4,836560.0
2018-08-03,1424.0,1426.25,1407.0,1411.85,1000000.0
2018-08-06,1420.0,1420.9,1394.7,1397.4,796000.0
2018-08-07,1399.0,1438.0,1399.0,1424.25,1920000.0
2018-08-08,1430.95,1447.65,1417.0,1425.75,1060000.0
2018-08-09,1431.9,1433.95,1414.1,1417.35,903730.0
2018-08-10,1420.0,1439.9,1409.25,1418.6,997050.0
2018-08-13,1414.0,1421.6,1397.0,1399.25,875200.0
2018-08-14,1407.9,1416.7,1391.55,1395.1,729380.0
2018-08-16,1401.0,1410.0,1387.0,1394.8,1050000.0
2018-08-17,1403.0,1405.15,1390.0,1400.65,537230.0
2018-08-20,1406.0,1431.0,1398.0,1409.1,1260000.0
2018-08-21,1416.45,1425.95,1395.4,1403.3,1520000.0
2018-08-23,1410.0,1412.0,1390.7,1394.75,859960.0
2018-08-24,1395.0,1411.0,1385.05,1393.5,919360.0
2018-08-27,1397.5,1407.0,1396.5,1399.8,785770.0
2018-08-28,1402.0,1419.65,1401.0,1407.5,1290000.0
2018-08-29,1413.75,1413.75,1391.0,1394.0,743530.0
2018-08-30,1394.1,1398.7,1373.55,1378.7,1060000.0
2018-08-31,1383.0,1392.0,1364.2,1372.45,1010000.0
2018-09-03,1384.0,1387.5,1355.0,1361.6,817730.0
2018-09-04,1360.0,1364.6,1302.5,1311.3,1790000.0
2018-09-05,1314.5,1330.0,1302.45,1321.3,1220000.0
2018-09-06,1327.95,1331.95,1308.0,1314.5,726460.0
2018-09-07,1322.8,1322.8,1310.0,1316.0,912910.0
2018-09-10,1314.6,1318.0,1280.5,1293.1,1120000.0
2018-09-11,1295.0,1313.3,1286.7,1297.85,1680000.0
2018-09-12,1303.5,1303.5,1280.0,1291.0,1110000.0
2018-09-14,1298.8,1336.55,1297.55,1333.9,1500000.0
2018-09-17,1329.95,1329.95,1302.0,1308.65,965320.0
2018-09-18,1306.0,1331.75,1285.0,1292.1,1090000.0
2018-09-19,1304.2,1319.2,1287.0,1291.35,929670.0
2018-09-21,1292.1,1324.85,1211.9,1304.75,1870000.0
2018-09-24,1300.0,1316.65,1256.0,1271.95,1690000.0
2018-09-25,1271.8,1304.85,1257.15,1289.9,1260000.0
2018-09-26,1300.0,1303.5,1274.0,1282.0,1340000.0
2018-09-27,1294.8,1314.0,1276.45,1287.5,1900000.0
2018-09-28,1293.0,1315.0,1286.0,1293.3,1550000.0
2018-10-01,1299.0,1307.9,1269.0,1279.8,1140000.0
2018-10-03,1264.9,1269.0,1246.15,1251.75,1240000.0
2018-10-04,1228.0,1239.2,1214.0,1224.7,1560000.0
2018-10-05,1221.45,1240.0,1191.85,1209.5,1340000.0
2018-10-08,1210.0,1254.0,1201.1,1247.8,1050000.0
2018-10-09,1254.0,1255.9,1191.0,1201.4,1090000.0
2018-10-10,1205.9,1240.85,1180.9,1225.95,803580.0
2018-10-11,1201.0,1221.5,1190.45,1219.05,781350.0
2018-10-12,1233.9,1265.95,1233.9,1261.2,1000000.0
2018-10-15,1255.0,1257.2,1241.5,1250.3,728510.0
2018-10-16,1257.0,1282.9,1252.55,1267.6,908620.0
2018-10-17,1282.2,1282.25,1255.0,1259.0,698040.0
2018-10-19,1264.0,1287.0,1220.45,1235.4,1450000.0
2018-10-22,1245.0,1247.15,1191.0,1200.4,1950000.0
2018-10-23,1135.2,1190.0,1118.0,1138.45,8270000.0
2018-10-24,1160.0,1199.0,1150.15,1186.9,2370000.0
2018-10-25,1180.5,1208.95,1175.0,1200.05,2000000.0
2018-10-26,1200.0,1202.0,1168.35,1190.3,1440000.0
2018-10-29,1194.8,1213.7,1186.5,1196.05,1190000.0
2018-10-30,1194.8,1208.0,1175.55,1196.3,1080000.0
2018-10-31,1205.6,1234.95,1183.85,1230.4,1560000.0
2018-11-01,1233.0,1244.8,1213.8,1217.8,1200000.0
2018-11-02,1242.0,1291.55,1241.25,1247.0,2240000.0
2018-11-05,1252.0,1260.65,1232.5,1244.05,756890.0
2018-11-06,1242.2,1255.0,1235.0,1238.5,815050.0
2018-11-07,1250.0,1254.0,1239.2,1250.95,100130.0
2018-11-09,1259.8,1308.9,1256.85,1295.6,2029999.9999999998
2018-11-12,1295.0,1314.9,1275.15,1278.8,1100000.0
2018-11-13,1277.45,1295.6,1277.45,1284.9,1630000.0
2018-11-14,1312.0,1337.95,1302.0,1320.55,1630000.0
2018-11-15,1320.0,1331.85,1313.4,1318.3,1070000.0
2018-11-16,1320.0,1329.8,1313.2,1321.3,1110000.0
2018-11-19,1329.0,1329.85,1305.0,1312.15,784650.0
2018-11-20,1317.0,1331.05,1304.7,1306.85,867730.0
2018-11-21,1329.0,1342.5,1313.75,1324.2,1370000.0
2018-11-22,1330.0,1330.7,1308.75,1314.4,691590.0
2018-11-26,1329.95,1357.55,1323.6,1349.5,2150000.0
2018-11-27,1346.8,1346.8,1326.05,1339.6,1130000.0
2018-11-28,1352.9,1354.55,1319.15,1324.25,1210000.0
2018-11-29,1336.0,1355.0,1330.7,1350.3,3560000.0
2018-11-30,1352.8,1361.75,1342.15,1345.95,1030000.0
2018-12-03,1345.0,1359.0,1335.05,1338.7,710750.0
2018-12-04,1336.55,1354.7,1326.45,1329.45,830260.0
2018-12-05,1328.5,1343.0,1323.6,1329.5,864630.0
2018-12-06,1324.0,1324.95,1286.6,1295.1,896350.0
2018-12-07,1306.5,1324.0,1298.4,1318.65,1040000.0
2018-12-10,1280.0,1306.25,1262.3,1274.2,1070000.0
2018-12-11,1268.0,1336.45,1252.15,1323.6,1750000.0
2018-12-12,1323.0,1337.2,1311.85,1330.9,986580.0
2018-12-13,1338.45,1343.2,1316.0,1320.2,1180000.0
2018-12-14,1332.8,1351.0,1320.0,1340.95,1870000.0
2018-12-17,1340.0,1344.95,1330.0,1335.85,665300.0
2018-12-18,1338.45,1361.0,1327.55,1355.7,1580000.0
2018-12-19,1370.0,1406.8,1370.0,1400.25,3330000.0
2018-12-20,1389.9,1431.55,1389.05,1425.8,2580000.0
2018-12-21,1433.9,1433.9,1382.3,1388.2,2100000.0
2018-12-24,1388.0,1388.95,1351.1,1357.05,1650000.0
2018-12-26,1367.95,1374.9,1347.4,1363.0,1790000.0
2018-12-27,1360.05,1384.75,1354.3,1372.5,2170000.0
2018-12-28,1383.0,1383.0,1359.0,1366.0,1710000.0
2018-12-31,1375.0,1378.0,1367.3,1373.05,698590.0
2019-01-01,1373.2,1379.7,1358.6,1371.55,664710.0
2019-01-02,1367.0,1386.85,1361.6,1383.3,1230000.0
2019-01-03,1381.8,1393.85,1378.0,1388.3,1640000.0
2019-01-04,1388.0,1401.4,1381.4,1385.85,1200000.0
2019-01-07,1386.0,1405.4,1383.75,1396.0,1070000.0
2019-01-08,1401.0,1412.7,1395.5,1401.25,1230000.0
2019-01-09,1402.5,1414.0,1397.15,1402.0,973690.0
2019-01-10,1390.0,1400.0,1388.65,1396.35,1000000.0
2019-01-11,1399.75,1406.2,1392.4,1403.65,473390.0
2019-01-14,1404.0,1410.6,1385.45,1388.6,1360000.0
2019-01-15,1388.6,1414.45,1388.6,1405.95,1360000.0
2019-01-16,1410.0,1412.95,1387.7,1389.75,1190000.0
2019-01-17,1390.0,1398.5,1383.8,1389.6,853830.0
2019-01-18,1391.0,1404.75,1383.0,1400.45,1090000.0
2019-01-21,1395.2,1424.8,1395.2,1422.1,2510000.0
2019-01-22,1423.9,1432.05,1375.25,1406.95,5480000.0
2019-01-23,1429.0,1429.45,1390.0,1396.55,2700000.0
2019-01-24,1400.0,1413.5,1396.5,1401.85,1560000.0
2019-01-25,1408.4,1413.7,1353.3,1372.15,1610000.0
2019-01-28,1375.0,1391.0,1366.85,1379.5,1590000.0
2019-01-29,1377.0,1400.0,1373.2,1393.3,1060000.0
2019-01-30,1394.0,1416.8,1372.1,1390.4,1310000.0
2019-01-31,1400.0,1415.0,1391.05,1412.6,1260000.0
2019-02-01,1412.4,1469.65,1408.2,1457.2,2080000.0
2019-02-04,1444.0,1452.8,1434.0,1446.35,735160.0
2019-02-05,1444.95,1466.9,1443.1,1450.35,786960.0
2019-02-06,1457.85,1476.2,1452.3,1469.4,1090000.0
2019-02-07,1467.05,1476.8,1457.0,1472.45,697410.0
2019-02-08,1468.0,1480.0,1445.0,1448.8,1020000.0
2019-02-11,1447.9,1457.3,1427.0,1437.1,728050.0
2019-02-12,1438.5,1456.9,1435.25,1452.1,947580.0
2019-02-13,1451.0,1453.65,1417.0,1424.15,507190.0
2019-02-14,1417.65,1423.15,1396.5,1399.2,915440.0
2019-02-15,1400.8,1404.95,1372.1,1393.6,1110000.0
2019-02-18,1401.7,1401.7,1345.0,1380.05,1460000.0
2019-02-19,1372.05,1396.95,1371.0,1377.85,697530.0
2019-02-20,1380.0,1398.8,1376.0,1396.9,843470.0
2019-02-21,1399.0,1407.85,1390.3,1397.8,677140.0
2019-02-22,1399.0,1407.75,1384.2,1397.8,801380.0
2019-02-25,1399.95,1405.8,1391.35,1398.25,711220.0
2019-02-26,1396.9,1407.0,1378.6,1402.0,1150000.0
2019-02-27,1404.0,1430.85,1395.0,1405.7,1460000.0
2019-02-28,1414.8,1415.0,1401.45,1405.2,1230000.0
2019-03-01,1409.0,1417.95,1388.1,1392.35,783880.0
2019-03-05,1393.5,1409.75,1382.7,1403.85,1210000.0
2019-03-06,1408.0,1410.0,1386.55,1393.7,720340.0
2019-03-07,1398.6,1405.5,1392.0,1395.45,746740.0
2019-03-08,1393.75,1394.65,1380.0,1382.35,524330.0
2019-03-11,1389.2,1423.0,1385.0,1419.8,1340000.0
2019-03-12,1422.0,1445.35,1421.2,1428.1,1330000.0
2019-03-13,1439.4,1439.4,1417.0,1428.3,708230.0
2019-03-14,1437.6,1446.95,1420.0,1434.75,1110000.0
2019-03-15,1434.0,1457.0,1428.65,1432.55,1670000.0
2019-03-18,1446.0,1460.6,1436.6,1445.6,1150000.0
2019-03-19,1442.0,1459.85,1440.0,1453.9,886660.0
2019-03-20,1462.0,1466.0,1448.5,1456.15,764630.0
2019-03-22,1459.0,1479.9,1452.6,1471.25,1380000.0
2019-03-25,1465.1,1475.6,1451.5,1457.55,848080.0
2019-03-26,1460.5,1492.25,1460.5,1485.05,1630000.0
2019-03-27,1494.0,1496.95,1463.5,1472.05,1390000.0
2019-03-28,1473.5,1508.95,1473.5,1497.0,1350000.0
2019-03-29,1503.1,1508.65,1485.0,1492.7,1090000.0
2019-04-01,1496.75,1504.0,1490.0,1492.75,707570.0
2019-04-02,1493.0,1523.45,1484.55,1519.3,1330000.0
2019-04-03,1521.25,1529.85,1493.0,1497.6,1610000.0
2019-04-04,1504.8,1525.0,1503.0,1519.0,1410000.0
2019-04-05,1520.0,1523.65,1503.0,1514.45,1130000.0
2019-04-08,1514.0,1514.0,1486.0,1496.35,925520.0
2019-04-09,1464.7,1474.9,1437.2,1444.85,2640000.0
2019-04-10,1449.8,1451.0,1405.35,1409.85,2610000.0
2019-04-11,1409.7,1431.95,1408.0,1423.15,1490000.0
2019-04-12,1432.75,1444.8,1425.8,1438.65,1510000.0
2019-04-15,1447.95,1451.45,1427.0,1431.55,791390.0
2019-04-16,1442.75,1464.9,1440.25,1459.0,1460000.0
2019-04-18,1464.0,1479.9,1460.3,1469.6,1430000.0
2019-04-22,1459.95,1459.95,1435.0,1443.35,737600.0
2019-04-23,1449.0,1454.9,1425.9,1431.0,601650.0
2019-04-24,1436.0,1459.4,1431.0,1450.05,1150000.0
2019-04-25,1450.0,1460.0,1438.1,1447.95,1160000.0
2019-04-26,1450.0,1459.35,1436.0,1448.75,704190.0
2019-04-30,1456.0,1477.0,1455.3,1463.15,1530000.0
2019-05-02,1465.0,1472.9,1430.1,1436.6,774790.0
2019-05-03,1443.8,1456.0,1432.2,1438.55,1020000.0
2019-05-06,1434.95,1448.6,1408.55,1412.8,1160000.0
2019-05-07,1426.8,1426.8,1376.35,1387.8,2860000.0
2019-05-08,1382.0,1395.0,1362.6,1385.7,1410000.0
2019-05-09,1384.95,1393.65,1346.55,1354.2,2630000.0
2019-05-10,1314.1,1350.0,1314.1,1341.05,3480000.0
2019-05-13,1341.05,1345.25,1323.65,1332.5,862130.0
2019-05-14,1330.0,1334.75,1302.1,1320.25,2170000.0
2019-05-15,1326.0,1329.0,1301.7,1305.95,996280.0
2019-05-16,1312.0,1314.0,1295.85,1304.4,726490.0
2019-05-17,1305.0,1330.75,1301.0,1320.0,860930.0
2019-05-20,1340.0,1378.4,1335.0,1373.95,976630.0
2019-05-21,1384.0,1384.0,1352.7,1357.75,1170000.0
2019-05-22,1360.5,1373.75,1348.05,1368.45,840080.0
2019-05-23,1389.0,1389.0,1357.7,1367.75,1530000.0
2019-05-24,1392.0,1400.45,1376.15,1384.5,980930.0
2019-05-27,1386.9,1390.7,1362.7,1366.85,782730.0
2019-05-28,1369.95,1388.85,1360.0,1364.35,1560000.0
2019-05-29,1360.8,1366.95,1347.1,1358.25,582770.0
2019-05-30,1365.0,1392.0,1353.9,1374.6,1030000.0
2019-05-31,1381.0,1428.0,1381.0,1407.3,2560000.0
2019-06-03,1431.95,1464.95,1430.0,1459.25,2870000.0
2019-06-04,1455.0,1455.0,1417.05,1421.5,1490000.0
2019-06-06,1434.95,1461.85,1424.9,1428.55,1990000.0
2019-06-07,1429.0,1439.85,1413.05,1418.35,878470.0
2019-06-10,1429.0,1442.0,1418.5,1422.6,800970.0
2019-06-11,1428.0,1433.35,1409.5,1425.5,743050.0
2019-06-12,1429.95,1439.9,1421.0,1425.45,874290.0
2019-06-13,1429.0,1438.9,1422.2,1429.45,1570000.0
2019-06-14,1430.0,1431.75,1411.0,1412.75,546090.0
2019-06-17,1417.0,1425.0,1398.9,1401.95,962170.0
2019-06-18,1405.0,1410.4,1376.05,1380.05,1180000.0
2019-06-19,1382.0,1396.4,1372.0,1381.15,692210.0
2019-06-20,1365.55,1404.9,1360.7,1392.05,991210.0
2019-06-21,1379.95,1394.65,1372.0,1383.0,1240000.0
2019-06-24,1386.0,1398.0,1368.25,1376.15,757060.0
2019-06-25,1371.0,1372.45,1360.35,1363.1,1390000.0
2019-06-26,1360.0,1369.55,1352.0,1359.95,960170.0
2019-06-27,1361.1,1369.65,1358.15,1361.4,2110000.0
2019-06-28,1365.0,1371.9,1350.1,1358.15,1130000.0
2019-07-01,1368.0,1374.5,1351.05,1353.85,739180.0
2019-07-02,1356.0,1360.0,1340.7,1345.75,1170000.0
2019-07-03,1356.05,1371.0,1349.5,1352.0,1380000.0
2019-07-04,1356.0,1366.35,1351.15,1359.7,902080.0
2019-07-05,1363.9,1373.45,1351.45,1358.7,966160.0
2019-07-08,1358.0,1358.4,1332.7,1340.25,866420.0
2019-07-09,1344.9,1344.9,1291.25,1321.0,2040000.0
2019-07-10,1317.8,1340.35,1312.05,1322.95,1120000.0
2019-07-11,1317.0,1337.0,1311.05,1332.45,757320.0
2019-07-12,1332.45,1369.55,1325.45,1361.95,1050000.0
2019-07-15,1362.85,1367.0,1347.05,1353.15,666530.0
2019-07-16,1352.0,1375.0,1345.0,1372.3,782640.0
2019-07-17,1377.0,1404.85,1375.5,1395.9,1600000.0
2019-07-18,1395.0,1395.35,1377.2,1384.95,802220.0
2019-07-19,1390.1,1399.4,1365.0,1369.1,842550.0
2019-07-22,1367.8,1410.0,1359.05,1404.2,1280000.0
2019-07-23,1409.0,1443.95,1401.85,1429.35,2260000.0
2019-07-24,1430.5,1493.5,1395.15,1483.4,7400000.0
2019-07-25,1481.3,1503.85,1459.05,1495.85,4190000.0000000005
2019-07-26,1488.1,1530.8,1485.6,1526.45,2420000.0
2019-07-29,1524.9,1538.25,1506.6,1513.25,1630000.0
2019-07-30,1511.1,1527.0,1502.7,1508.75,1440000.0
2019-07-31,1507.0,1525.0,1495.15,1521.1,1250000.0
2019-08-01,1515.0,1531.45,1493.65,1504.7,2260000.0
2019-08-02,1509.0,1550.0,1504.5,1545.2,3040000.0
2019-08-05,1533.2,1551.0,1521.7,1525.4,1440000.0
2019-08-06,1530.0,1569.85,1524.05,1565.85,2060000.0
2019-08-07,1563.3,1575.0,1551.9,1559.2,1580000.0
2019-08-08,1565.75,1569.7,1540.3,1565.9,1580000.0
2019-08-09,1569.2,1581.9,1561.0,1575.5,1150000.0
2019-08-13,1573.5,1594.0,1568.0,1573.35,1610000.0
2019-08-14,1574.5,1575.5,1552.5,1569.7,1110000.0
2019-08-16,1571.0,1600.85,1561.0,1597.45,1680000.0
2019-08-19,1599.0,1609.55,1582.2,1586.45,1320000.0
2019-08-20,1585.0,1599.5,1582.7,1595.15,1020000.0
2019-08-21,1585.25,1595.0,1578.55,1589.15,704010.0
2019-08-22,1585.2,1593.9,1566.3,1570.2,985590.0
2019-08-23,1569.9,1583.35,1555.65,1580.4,984640.0
2019-08-26,1590.0,1600.0,1577.15,1597.55,1150000.0
2019-08-27,1600.0,1607.45,1585.5,1599.45,1580000.0
2019-08-28,1599.2,1606.75,1590.6,1603.15,565680.0
2019-08-29,1602.85,1619.9,1589.0,1615.25,861690.0
2019-08-30,1616.0,1622.5,1595.1,1616.2,1180000.0
2019-09-03,1608.0,1609.6,1573.55,1576.75,1290000.0
2019-09-04,1579.0,1582.6,1527.8,1535.15,2380000.0
2019-09-05,1537.0,1545.9,1515.25,1519.75,1510000.0
2019-09-06,1524.0,1539.45,1519.75,1532.4,801340.0
2019-09-09,1530.55,1545.0,1524.2,1540.6,812840.0
2019-09-11,1545.0,1565.0,1542.65,1561.45,1540000.0
2019-09-12,1570.0,1570.0,1537.15,1540.3,753120.0
2019-09-13,1540.0,1553.15,1528.0,1548.2,547380.0
2019-09-16,1510.0,1526.95,1502.1,1521.3,1810000.0
2019-09-17,1527.4,1543.3,1518.6,1530.9,1350000.0
2019-09-18,1542.15,1560.95,1535.0,1547.75,1060000.0
2019-09-19,1553.9,1563.5,1545.0,1553.9,879910.0
2019-09-20,1559.0,1725.25,1542.1,1671.0,3960000.0
2019-09-23,1697.85,1820.0,1697.85,1802.75,4250000.0
2019-09-24,1802.8,1802.95,1752.0,1765.9,2029999.9999999998
2019-09-25,1784.0,1784.0,1728.25,1751.8,1790000.0
2019-09-26,1761.8,1780.0,1751.9,1770.95,1670000.0
2019-09-27,1770.0,1781.4,1735.35,1776.3,1120000.0
2019-09-30,1768.0,1770.0,1737.05,1762.15,1040000.0
2019-10-01,1768.95,1799.9,1757.0,1766.1,1320000.0
2019-10-03,1765.0,1768.25,1732.2,1748.95,1010000.0
2019-10-04,1753.9,1761.7,1717.1,1724.4,1230000.0
2019-10-07,1724.95,1742.95,1717.85,1725.15,562560.0
2019-10-09,1725.7,1778.0,1725.7,1773.45,1780000.0
2019-10-10,1765.0,1793.0,1756.5,1778.6,1600000.0
2019-10-11,1787.6,1801.8,1764.05,1790.25,1440000.0
2019-10-14,1790.0,1806.3,1784.7,1798.7,881720.0
2019-10-15,1807.7,1825.0,1796.0,1803.1,1200000.0
2019-10-16,1808.5,1814.0,1756.55,1765.7,1400000.0
2019-10-17,1772.0,1816.65,1756.0,1812.3,1720000.0
2019-10-18,1815.0,1824.45,1786.7,1816.75,1680000.0
2019-10-22,1822.7,1825.0,1775.0,1780.2,2140000.0
2019-10-23,1762.4,1800.0,1762.0,1767.4,3370000.0
2019-10-24,1778.0,1794.95,1753.05,1790.5,1500000.0
2019-10-25,1797.0,1808.4,1785.05,1796.3,1200000.0
2019-10-27,1802.0,1807.55,1788.1,1792.6,124930.0
2019-10-29,1792.1,1820.0,1772.55,1814.25,1050000.0
2019-10-30,1830.0,1830.0,1804.0,1821.3,1130000.0
2019-10-31,1826.3,1834.8,1803.5,1809.6,1300000.0
2019-11-01,1816.0,1821.0,1762.0,1766.35,1530000.0
2019-11-04,1775.0,1790.0,1766.2,1785.9,821890.0
2019-11-05,1780.0,1797.8,1767.6,1793.85,1250000.0
2019-11-06,1789.0,1815.0,1780.6,1797.6,1140000.0
2019-11-07,1810.0,1830.9,1798.2,1826.95,1380000.0
2019-11-08,1826.0,1826.8,1790.8,1794.85,1080000.0
2019-11-11,1789.95,1793.95,1768.0,1773.95,860380.0
2019-11-13,1773.75,1787.0,1756.7,1770.45,983760.0
2019-11-14,1778.0,1800.0,1766.45,1771.85,1120000.0
2019-11-15,1780.85,1784.0,1756.3,1760.7,729610.0
2019-11-18,1760.7,1765.45,1734.5,1739.0,1270000.0
2019-11-19,1747.95,1748.0,1718.5,1721.35,1190000.0
2019-11-20,1729.9,1748.85,1715.45,1723.5,1370000.0
2019-11-21,1727.9,1734.85,1711.0,1720.35,913100.0
2019-11-22,1710.0,1713.95,1676.0,1682.75,1280000.0
2019-11-25,1684.0,1718.0,1666.15,1710.7,1320000.0
2019-11-26,1718.0,1728.85,1687.6,1710.3,2710000.0
2019-11-27,1714.0,1731.0,1704.6,1715.35,883770.0
2019-11-28,1718.25,1727.55,1701.75,1714.6,691150.0
2019-11-29,1715.0,1720.4,1677.35,1706.15,1890000.0
2019-12-02,1706.2,1742.5,1698.35,1738.25,1480000.0
2019-12-03,1740.0,1750.95,1725.0,1736.45,1370000.0
2019-12-04,1731.2,1734.4,1710.25,1720.3,853420.0
2019-12-05,1717.4,1738.15,1707.0,1715.85,971980.0
2019-12-06,1722.9,1747.6,1712.85,1716.65,1030000.0
2019-12-09,1725.0,1732.9,1711.0,1726.35,751290.0
2019-12-10,1726.0,1732.0,1709.0,1713.15,686580.0
2019-12-11,1718.0,1741.6,1713.25,1738.2,827800.0
2019-12-12,1740.35,1754.0,1728.1,1750.65,802330.0
2019-12-13,1751.0,1757.7,1735.55,1743.95,960030.0
2019-12-16,1744.0,1752.0,1728.05,1731.45,707440.0
2019-12-17,1735.2,1748.95,1730.25,1745.4,873020.0
2019-12-18,1749.25,1782.0,1733.65,1778.45,1480000.0
2019-12-19,1778.8,1807.8,1775.6,1803.1,2550000.0
2019-12-20,1804.95,1809.0,1795.0,1799.25,1420000.0
2019-12-23,1795.8,1814.6,1786.2,1807.55,659900.0
2019-12-24,1812.0,1826.0,1799.05,1803.45,896570.0
2019-12-26,1799.4,1819.7,1797.05,1809.6,1160000.0
2019-12-27,1811.0,1826.0,1800.6,1812.25,930470.0
2019-12-30,1810.0,1818.45,1798.7,1802.3,562490.0
2019-12-31,1805.0,1805.0,1781.1,1784.95,928400.0
2020-01-01,1790.2,1802.55,1783.2,1793.2,397290.0
2020-01-02,1791.0,1799.9,1783.4,1790.65,411270.0
2020-01-03,1779.8,1779.8,1747.05,1751.4,1320000.0
2020-01-06,1737.95,1738.0,1694.0,1707.15,1870000.0
2020-01-07,1711.0,1740.5,1711.0,1724.4,1030000.0
2020-01-08,1696.0,1736.0,1695.0,1728.8,1010000.0
2020-01-09,1763.0,1775.0,1741.0,1772.55,1780000.0
2020-01-10,1772.0,1797.3,1760.0,1792.55,1260000.0
2020-01-13,1799.0,1807.95,1794.35,1804.9,823820.0
2020-01-14,1805.0,1821.65,1804.8,1819.15,775630.0
2020-01-15,1817.5,1845.0,1810.1,1842.25,1250000.0
2020-01-16,1835.95,1848.0,1828.75,1835.15,1030000.0
2020-01-17,1835.6,1838.9,1815.0,1830.05,862200.0
2020-01-20,1838.0,1862.25,1833.6,1848.75,1090000.0
2020-01-21,1839.95,1842.55,1793.85,1810.75,2100000.0
2020-01-22,1815.0,1818.7,1766.85,1779.25,3420000.0
2020-01-23,1779.0,1789.0,1757.1,1776.1,1890000.0
2020-01-24,1783.65,1799.9,1780.25,1786.8,1200000.0
2020-01-27,1787.0,1805.75,1780.0,1788.35,969050.0
2020-01-28,1794.0,1794.0,1773.0,1779.1,873290.0
2020-01-29,1787.0,1803.85,1781.0,1796.95,873810.0
2020-01-30,1800.0,1808.9,1786.0,1805.0,1010000.0
2020-01-31,1810.0,1824.0,1788.7,1795.65,1170000.0
2020-02-01,1802.0,1817.8,1747.0,1755.35,750220.0
2020-02-03,1768.8,1872.9,1765.0,1867.65,2850000.0
2020-02-04,1870.0,1896.75,1855.05,1891.3,1830000.0
2020-02-05,1889.0,1890.0,1866.15,1873.5,1340000.0
2020-02-06,1878.0,1882.4,1845.0,1856.8,995390.0
2020-02-07,1856.8,1876.5,1850.6,1858.7,632860.0
2020-02-10,1867.0,1872.75,1837.2,1869.5,747710.0
2020-02-11,1880.0,1894.5,1872.75,1878.1,1090000.0
2020-02-12,1880.0,1916.7,1878.2,1893.7,1620000.0
2020-02-13,1889.0,1901.95,1868.05,1874.05,638880.0
2020-02-14,1876.5,1899.65,1870.0,1877.05,771460.0
2020-02-17,1879.9,1893.5,1870.6,1881.4,676580.0
2020-02-18,1879.9,1879.9,1861.0,1863.65,683420.0
2020-02-19,1870.1,1892.75,1851.35,1884.9,723350.0
2020-02-20,1883.0,1886.0,1839.05,1842.25,1400000.0
2020-02-24,1845.25,1853.0,1814.0,1818.95,1310000.0
2020-02-25,1838.4,1843.55,1820.2,1826.1,897260.0
2020-02-26,1826.0,1845.0,1820.0,1826.65,1910000.0
2020-02-27,1829.85,1852.0,1810.45,1843.8,1640000.0
2020-02-28,1820.0,1842.1,1783.15,1797.95,2960000.0
2020-03-02,1815.1,1837.45,1769.25,1786.8,1220000.0
2020-03-03,1780.05,1818.0,1767.0,1800.55,1390000.0
2020-03-04,1804.05,1857.45,1804.05,1847.95,3050000.0
2020-03-05,1854.0,1882.0,1852.1,1874.45,2060000.0
2020-03-06,1840.0,1884.4,1835.0,1877.45,1390000.0
2020-03-09,1888.0,1915.9,1848.0,1867.15,3420000.0
2020-03-11,1874.95,1905.0,1851.5,1882.85,3190000.0
2020-03-12,1864.95,1874.8,1815.0,1843.35,6250000.0
2020-03-13,1785.0,1843.75,1669.85,1797.7,3880000.0
2020-03-16,1777.0,1777.0,1678.15,1683.4,2870000.0
2020-03-17,1699.0,1779.8,1670.0,1731.6,2640000.0
2020-03-18,1732.0,1758.55,1608.0,1618.2,3680000.0
2020-03-19,1540.0,1653.95,1431.2,1601.2,4910000.0
2020-03-20,1610.0,1757.4,1570.55,1742.95,3130000.0
2020-03-23,1578.6,1650.0,1490.75,1498.45,2160000.0
2020-03-24,1556.55,1598.0,1453.25,1524.85,3910000.0
2020-03-25,1446.55,1605.35,1446.0,1593.15,2200000.0
2020-03-26,1605.0,1650.0,1574.0,1616.95,2620000.0
2020-03-27,1664.8,1665.25,1550.2,1604.15,2100000.0
2020-03-30,1591.15,1619.5,1559.05,1594.95,1840000.0
2020-03-31,1625.0,1690.0,1601.8,1666.5,2790000.0
2020-04-01,1650.05,1655.0,1584.25,1603.2,1560000.0
2020-04-03,1615.1,1616.0,1517.25,1520.9,2930000.0
2020-04-07,1540.0,1635.0,1538.0,1623.8,2730000.0
2020-04-08,1623.8,1687.8,1600.0,1608.95,2380000.0
2020-04-09,1640.0,1678.9,1618.95,1651.35,1490000.0
2020-04-13,1646.0,1703.65,1602.85,1680.85,2590000.0
2020-04-15,1703.65,1736.75,1683.8,1718.2,2510000.0
2020-04-16,1691.0,1752.3,1684.75,1743.1,1820000.0
2020-04-17,1763.0,1783.7,1727.1,1756.25,1400000.0
2020-04-20,1758.25,1758.65,1705.65,1730.45,1430000.0
2020-04-21,1710.0,1753.95,1700.0,1726.0,1590000.0
2020-04-22,1717.1,1822.0,1712.25,1813.0,3730000.0
2020-04-23,1807.0,1845.4,1801.05,1821.65,2570000.0
2020-04-24,1815.05,1842.8,1814.0,1827.55,2740000.0
2020-04-27,1840.0,1859.8,1818.1,1851.35,1770000.0
2020-04-28,1847.2,1864.0,1806.3,1824.4,1930000.0
2020-04-29,1846.9,1847.0,1755.9,1767.5,2930000.0
2020-04-30,1795.0,1797.0,1741.0,1758.7,2930000.0
2020-05-04,1718.0,1751.0,1671.5,1676.8,2940000.0
2020-05-05,1681.0,1692.9,1578.25,1619.15,5870000.0
2020-05-06,1615.0,1638.7,1577.0,1610.65,3940000.0
2020-05-07,1609.95,1628.7,1545.2,1594.3,5260000.0
2020-05-08,1611.8,1638.0,1570.0,1578.4,5640000.0
2020-05-11,1583.0,1599.0,1555.0,1569.6,3770000.0
2020-05-12,1539.0,1543.75,1512.0,1523.35,4500000.0
2020-05-13,1579.8,1579.8,1533.35,1563.3,2940000.0
2020-05-14,1553.3,1557.6,1517.0,1522.4,2590000.0
2020-05-15,1529.0,1560.0,1510.0,1552.95,2860000.0
2020-05-18,1558.0,1558.55,1498.1,1501.1,2870000.0
2020-05-19,1510.0,1516.95,1482.95,1503.95,3160000.0
2020-05-20,1503.95,1514.0,1492.65,1500.05,2060000.0
2020-05-21,1503.0,1583.5,1501.0,1574.3,3850000.0
2020-05-22,1568.8,1625.0,1555.4,1617.9,5200000.0
2020-05-26,1625.0,1656.95,1620.0,1629.85,3550000.0
2020-05-27,1631.0,1636.85,1595.95,1619.45,2260000.0
2020-05-28,1622.0,1656.95,1615.25,1643.6,3140000.0
2020-05-29,1639.0,1699.0,1633.1,1683.1,3530000.0
2020-06-01,1706.5,1711.9,1681.5,1693.25,2530000.0
2020-06-02,1693.25,1733.0,1680.0,1709.3,2440000.0
2020-06-03,1724.0,1744.0,1705.85,1716.55,3090000.0
2020-06-04,1716.45,1719.6,1627.0,1633.75,4390000.0
2020-06-05,1650.0,1659.35,1621.0,1638.55,2880000.0
2020-06-08,1657.0,1666.0,1629.0,1634.25,2049999.9999999998
2020-06-09,1640.0,1695.0,1636.75,1642.05,3670000.0
2020-06-10,1648.0,1675.1,1627.9,1635.95,2069999.9999999998
2020-06-11,1635.95,1646.0,1607.0,1610.6,1890000.0
2020-06-12,1580.0,1642.95,1577.5,1637.35,2390000.0
2020-06-15,1629.0,1650.65,1602.1,1618.2,1680000.0
2020-06-16,1639.0,1640.25,1607.65,1621.7,1500000.0
2020-06-17,1607.55,1622.65,1590.4,1595.4,1810000.0
2020-06-18,1595.4,1612.2,1587.3,1597.8,1420000.0
2020-06-19,1597.8,1630.0,1591.05,1622.5,2710000.0
2020-06-22,1633.0,1673.5,1624.0,1652.15,2029999.9999999998
2020-06-23,1659.85,1689.0,1641.0,1683.9,2340000.0
2020-06-24,1684.0,1813.75,1684.0,1747.25,11550000.0
2020-06-25,1740.0,1747.0,1683.15,1689.0,4050000.0
2020-06-26,1710.0,1710.35,1670.7,1686.75,2130000.0
2020-06-29,1687.0,1708.45,1674.05,1691.95,2750000.0
2020-06-30,1708.9,1718.0,1681.65,1687.45,1960000.0
2020-07-01,1698.0,1698.0,1680.05,1688.0,1660000.0
2020-07-02,1700.0,1704.0,1660.1,1686.45,2040000.0
2020-07-03,1695.4,1720.0,1690.0,1695.65,1990000.0
2020-07-06,1708.95,1712.0,1692.15,1708.85,1240000.0
2020-07-07,1708.95,1749.9,1705.85,1745.75,2980000.0
2020-07-08,1750.0,1761.8,1680.05,1686.25,2730000.0
2020-07-09,1694.0,1722.0,1692.1,1717.25,1900000.0
2020-07-10,1707.95,1711.0,1695.2,1703.5,1160000.0
2020-07-13,1708.0,1732.9,1700.0,1705.65,1290000.0
2020-07-14,1705.65,1718.0,1682.1,1688.4,1350000.0
2020-07-15,1700.0,1713.6,1663.3,1671.65,1610000.0
2020-07-16,1679.8,1697.1,1645.1,1693.2,1440000.0
2020-07-17,1695.0,1742.5,1689.75,1717.9,2310000.0
2020-07-20,1727.0,1757.35,1720.25,1751.6,1850000.0
2020-07-21,1761.0,1771.75,1719.0,1724.25,2089999.9999999998
2020-07-22,1724.25,1736.4,1691.0,1695.75,1300000.0
2020-07-23,1690.0,1740.0,1687.0,1727.8,2380000.0
2020-07-24,1724.0,1727.0,1682.0,1712.05,3970000.0
2020-07-27,1717.2,1788.0,1717.2,1778.15,6470000.0
2020-07-28,1779.0,1792.65,1751.05,1759.65,2530000.0
2020-07-29,1770.0,1779.9,1730.0,1740.15,1530000.0
2020-07-30,1752.0,1778.0,1728.1,1743.35,2110000.0
2020-07-31,1754.0,1770.9,1710.4,1715.5,1680000.0
2020-08-03,1729.0,1735.0,1697.5,1705.5,1440000.0
2020-08-04,1719.0,1735.0,1708.55,1713.95,1820000.0
2020-08-05,1718.0,1741.95,1712.5,1716.3,1420000.0
2020-08-06,1732.05,1752.1,1720.1,1727.55,1910000.0
2020-08-07,1727.55,1816.9,1725.7,1806.25,5170000.0
2020-08-10,1810.0,1824.3,1777.0,1782.35,1890000.0
2020-08-11,1800.0,1837.8,1780.0,1789.55,3040000.0
2020-08-12,1789.95,1806.0,1772.0,1797.25,1680000.0
2020-08-13,1806.4,1815.0,1788.0,1802.55,1190000.0
2020-08-14,1818.7,1830.0,1795.5,1802.55,1870000.0
2020-08-17,1820.0,1842.5,1801.85,1836.7,1630000.0
2020-08-18,1831.0,1884.0,1831.0,1874.1,2590000.0
2020-08-19,1890.0,1902.4,1872.55,1885.7,1950000.0
2020-08-20,1867.95,1880.0,1857.05,1874.9,1540000.0
2020-08-21,1887.9,1973.25,1880.75,1958.0,5690000.0
2020-08-24,1958.0,1996.0,1940.0,1962.15,4000000.0
2020-08-25,1964.25,2016.85,1964.0,2000.6,3540000.0
2020-08-26,2000.95,2009.0,1955.5,1971.4,2250000.0
2020-08-27,1980.9,2009.0,1970.05,1982.5,3120000.0
2020-08-28,1994.0,1997.0,1953.3,1958.1,1840000.0
2020-08-31,1977.0,1983.9,1881.25,1899.1,2740000.0
2020-09-01,1925.0,1988.0,1907.75,1979.3,3070000.0
2020-09-02,1977.95,1997.0,1925.0,1943.95,2570000.0
2020-09-03,1950.2,1987.85,1945.0,1978.0,1930000.0
2020-09-04,1958.0,1993.7,1951.0,1956.35,1930000.0
2020-09-07,1965.0,2003.65,1948.1,1982.1,2860000.0
2020-09-08,1987.5,2001.95,1952.0,1960.35,2400000.0
2020-09-09,1960.35,1993.9,1958.0,1979.05,2780000.0
2020-09-10,1985.05,2069.7,1981.0,2056.55,5080000.0
2020-09-11,2063.0,2069.95,2022.0,2035.95,2600000.0
2020-09-14,2050.0,2054.0,2005.0,2031.2,2140000.0
2020-09-15,2045.0,2049.55,2009.05,2017.55,2000000.0
2020-09-16,2027.0,2027.0,1994.15,2012.1,1720000.0
2020-09-17,2000.0,2045.0,2000.0,2007.95,2420000.0
2020-09-18,2026.3,2044.35,2015.0,2028.4,3020000.0
2020-09-21,2036.4,2057.0,1962.3,1972.55,2520000.0
2020-09-22,1990.2,1995.7,1926.35,1937.5,1970000.0
2020-09-23,1940.0,1990.0,1928.3,1946.55,2730000.0
2020-09-24,1941.55,1945.0,1907.75,1918.35,1910000.0
2020-09-25,1925.25,1955.0,1908.0,1925.6,1940000.0
2020-09-28,1938.0,1958.0,1930.0,1945.6,1140000.0
2020-09-29,1960.0,1989.95,1954.0,1959.95,1970000.0
2020-09-30,1966.1,2004.0,1958.15,1986.4,2520000.0
2020-10-01,2007.0,2049.35,1992.05,2040.45,2009999.9999999998
2020-10-05,2040.45,2042.7,2011.0,2028.0,1550000.0
2020-10-06,2050.0,2097.9,2045.1,2090.0,3150000.0
2020-10-07,2080.0,2118.8,2073.95,2105.0,2430000.0
2020-10-08,2104.5,2107.95,2072.05,2088.65,1430000.0
2020-10-09,2094.0,2108.9,2045.15,2050.6,1640000.0
2020-10-12,2067.9,2086.45,2041.25,2077.85,2180000.0
2020-10-13,2077.0,2114.0,2054.05,2064.65,2620000.0
2020-10-14,2070.0,2085.5,2055.0,2071.35,1530000.0
2020-10-15,2070.0,2124.0,2066.05,2090.45,4000000.0
2020-10-16,2089.95,2090.0,2055.55,2061.2,2020000.0
2020-10-19,2079.95,2079.95,2056.5,2070.1,1340000.0
2020-10-20,2077.9,2131.8,2067.35,2118.5,2380000.0
2020-10-21,2130.0,2143.85,2081.25,2114.3,2900000.0
2020-10-22,2114.2,2116.85,2076.8,2099.9,2760000.0
2020-10-23,2113.5,2129.4,2096.0,2120.25,3070000.0
2020-10-26,2116.35,2116.35,2070.05,2080.45,1280000.0
2020-10-27,2085.0,2207.35,2085.0,2197.8,4960000.0
2020-10-28,2199.8,2218.55,2150.15,2159.55,3170000.0
2020-10-29,2162.0,2233.25,2161.1,2225.45,4800000.0
2020-10-30,2210.1,2242.85,2195.5,2211.5,3010000.0
2020-11-02,2198.0,2225.9,2166.1,2172.85,1770000.0
2020-11-03,2193.9,2193.9,2146.75,2154.65,1780000.0
2020-11-04,2160.0,2213.85,2156.0,2169.45,2190000.0
2020-11-05,2190.0,2245.7,2183.65,2238.3,2670000.0
2020-11-06,2233.95,2248.0,2202.5,2209.05,2400000.0
2020-11-09,2249.0,2249.0,2214.15,2225.2,1690000.0
2020-11-10,2225.2,2238.55,2189.0,2199.75,1880000.0
2020-11-11,2205.0,2223.0,2157.3,2181.7,2390000.0
2020-11-12,2172.0,2201.75,2162.0,2171.8,1630000.0
2020-11-13,2180.5,2206.55,2172.0,2179.95,1560000.0
2020-11-14,2192.0,2193.4,2180.35,2184.6,146990.0
2020-11-17,2206.4,2221.9,2182.0,2187.65,1700000.0
2020-11-18,2185.0,2210.0,2166.1,2195.75,1820000.0
2020-11-19,2175.0,2195.0,2156.7,2161.7,2670000.0
2020-11-20,2163.35,2190.05,2160.55,2166.55,2200000.0
2020-11-23,2160.55,2196.95,2138.8,2186.25,4000000.0
2020-11-24,2192.9,2231.0,2191.0,2207.9,2950000.0
2020-11-25,2197.25,2208.7,2150.0,2154.3,1680000.0
2020-11-26,2160.0,2177.45,2117.15,2155.3,2250000.0
2020-11-27,2170.0,2244.6,2165.0,2215.3,10040000.0
2020-12-01,2275.0,2275.0,2206.2,2230.05,2240000.0
2020-12-02,2241.0,2325.95,2236.0,2315.85,3310000.0
2020-12-03,2340.0,2421.85,2316.25,2411.4,4330000.0
2020-12-04,2400.0,2445.0,2375.0,2438.75,2790000.0
2020-12-07,2440.0,2478.8,2437.0,2472.55,1760000.0
2020-12-08,2470.55,2484.2,2427.95,2438.9,2089999.9999999998
2020-12-09,2450.0,2532.1,2447.0,2522.3,2020000.0
2020-12-10,2515.95,2552.0,2501.0,2526.05,2370000.0
2020-12-11,2516.0,2536.9,2495.0,2520.95,2170000.0
2020-12-14,2530.0,2553.9,2521.0,2548.15,1280000.0
2020-12-15,2535.0,2538.6,2502.5,2527.45,1280000.0
2020-12-16,2540.0,2587.9,2537.6,2582.45,1920000.0
2020-12-17,2569.0,2603.35,2557.0,2575.05,1750000.0
2020-12-18,2577.0,2636.0,2575.55,2601.5,4400000.0
2020-12-21,2595.45,2602.3,2539.1,2554.65,1380000.0
2020-12-22,2541.0,2613.6,2496.2,2600.8,1990000.0
2020-12-23,2604.0,2650.0,2604.0,2642.55,1340000.0
2020-12-24,2658.0,2658.0,2613.0,2648.25,1140000.0
2020-12-28,2654.25,2689.5,2629.55,2683.9,1230000.0
2020-12-29,2685.0,2712.45,2673.0,2696.8,1560000.0
2020-12-30,2694.0,2742.85,2680.35,2734.4,1610000.0
2020-12-31,2734.4,2772.0,2725.05,2764.5,1530000.0
2021-01-01,2759.0,2792.0,2750.0,2775.55,1250000.0
2021-01-04,2781.1,2791.1,2745.0,2753.7,1360000.0
2021-01-05,2753.7,2804.6,2732.0,2793.85,1300000.0
2021-01-06,2801.3,2822.45,2780.0,2805.35,1700000.0
2021-01-07,2801.0,2831.85,2781.5,2792.25,1140000.0
2021-01-08,2818.0,2849.8,2789.05,2844.7,1660000.0
2021-01-11,2845.0,2873.45,2824.6,2849.3,1520000.0
2021-01-12,2849.6,2850.0,2712.15,2720.55,6670000.0
2021-01-13,2760.0,2763.0,2678.0,2703.7,2860000.0
2021-01-14,2713.0,2736.65,2648.0,2663.9,2120000.0
2021-01-15,2660.9,2661.85,2580.55,2590.9,2570000.0
2021-01-18,2592.0,2619.85,2555.4,2588.2,2400000.0
2021-01-19,2615.0,2676.6,2590.0,2645.05,2560000.0
2021-01-20,2654.0,2707.15,2645.05,2697.25,2069999.9999999998
2021-01-21,2726.95,2816.95,2695.0,2716.35,5020000.0
2021-01-22,2750.0,2768.85,2590.0,2596.65,4950000.0
2021-01-25,2612.85,2631.5,2501.0,2513.95,3520000.0
2021-01-27,2525.0,2525.0,2430.55,2436.6,2700000.0
2021-01-28,2420.0,2453.95,2401.05,2441.7,3040000.0
2021-01-29,2456.0,2484.0,2400.0,2407.35,2770000.0
2021-02-01,2426.6,2467.75,2376.9,2447.8,1800000.0
2021-02-02,2460.0,2520.0,2425.1,2463.65,2680000.0
2021-02-03,2503.85,2503.85,2438.35,2453.65,2410000.0
2021-02-04,2456.0,2456.0,2398.0,2401.8,3480000.0
2021-02-05,2420.0,2423.9,2370.8,2376.75,3300000.0
2021-02-08,2394.0,2434.9,2373.4,2416.85,3670000.0
2021-02-09,2432.5,2532.45,2423.65,2506.85,7180000.0
2021-02-10,2529.0,2555.0,2475.0,2510.6,4470000.0
2021-02-11,2524.95,2540.0,2495.1,2505.5,1450000.0
2021-02-12,2518.0,2523.0,2464.2,2486.1,1380000.0
2021-02-15,2495.0,2517.5,2448.55,2456.75,1630000.0
2021-02-16,2472.0,2475.1,2422.0,2450.25,1620000.0
2021-02-17,2436.0,2455.05,2382.0,2388.15,3180000.0
2021-02-18,2424.0,2479.6,2395.25,2470.75,4250000.0
2021-02-19,2470.9,2470.9,2400.0,2416.45,2240000.0
2021-02-22,2428.75,2448.0,2380.0,2387.05,2000000.0
2021-02-23,2375.0,2400.0,2315.0,2372.2,3270000.0
2021-02-24,2373.0,2409.35,2347.2,2361.35,1710000.0
2021-02-25,2375.0,2386.25,2336.2,2373.75,2840000.0
2021-02-26,2338.05,2360.0,2260.0,2277.2,3930000.0
2021-03-01,2300.0,2369.9,2300.0,2362.3,2550000.0
2021-03-02,2386.0,2402.55,2359.0,2390.4,2029999.9999999998
2021-03-03,2406.0,2417.7,2375.8,2402.1,1590000.0
2021-03-04,2380.0,2435.0,2350.0,2417.1,2150000.0
2021-03-05,2399.0,2423.9,2377.1,2387.1,1950000.0
2021-03-08,2383.0,2413.5,2360.05,2382.7,1590000.0
2021-03-09,2400.0,2444.0,2396.15,2422.7,1800000.0
2021-03-10,2446.0,2446.0,2415.55,2431.95,1060000.0
2021-03-12,2442.8,2464.65,2397.0,2401.35,1280000.0
2021-03-15,2402.55,2427.55,2343.05,2355.0,1520000.0
2021-03-16,2379.2,2480.0,2375.35,2468.6,4230000.0
2021-03-17,2460.0,2460.0,2411.1,2422.95,1620000.0
2021-03-18,2468.85,2468.85,2390.0,2404.55,1850000.0
2021-03-19,2393.0,2434.0,2355.35,2411.25,3740000.0
2021-03-22,2390.0,2438.1,2390.0,2425.7,1490000.0
2021-03-23,2430.0,2433.95,2398.2,2410.3,1750000.0
2021-03-24,2410.3,2470.0,2410.0,2443.55,4130000.0
2021-03-25,2450.95,2469.0,2392.0,2402.2,2270000.0
2021-03-26,2425.0,2513.95,2409.1,2505.15,3080000.0
2021-03-30,2539.1,2583.45,2521.5,2578.05,2330000.0
2021-03-31,2578.05,2582.95,2531.0,2537.4,1620000.0
2021-04-01,2532.0,2564.55,2532.0,2551.75,1220000.0
2021-04-05,2558.0,2558.0,2484.5,2510.65,1270000.0
2021-04-06,2526.0,2620.0,2504.5,2611.6,3370000.0
2021-04-07,2605.0,2668.05,2600.1,2628.6,1940000.0
2021-04-08,2630.0,2658.4,2628.0,2650.65,897480.0
2021-04-09,2635.0,2655.0,2610.15,2630.8,1190000.0
2021-04-12,2578.2,2610.0,2555.0,2602.2,1430000.0
2021-04-13,2600.0,2626.0,2564.3,2570.7,1200000.0
2021-04-15,2590.0,2593.55,2537.0,2587.7,1210000.0
2021-04-16,2587.6,2693.5,2581.7,2663.7,2760000.0
2021-04-19,2650.0,2650.0,2566.85,2571.9,1550000.0
2021-04-20,2600.0,2604.7,2528.8,2553.65,1490000.0
2021-04-22,2555.65,2557.0,2488.0,2511.25,1690000.0
2021-04-23,2527.1,2565.0,2496.2,2517.95,1610000.0
2021-04-26,2530.0,2575.0,2530.0,2557.9,1100000.0
2021-04-27,2545.0,2579.9,2534.0,2574.35,866330.0
2021-04-28,2588.0,2620.25,2575.0,2614.55,1070000.0
2021-04-29,2630.0,2642.0,2570.0,2613.45,1300000.0
2021-04-30,2595.0,2605.8,2524.05,2536.4,1380000.0
2021-05-03,2510.0,2595.1,2505.6,2582.15,1030000.0
2021-05-04,2605.0,2617.95,2571.55,2587.15,1060000.0
2021-05-05,2617.0,2617.0,2546.1,2567.65,1220000.0
2021-05-06,2579.85,2581.85,2528.0,2549.05,1520000.0
2021-05-07,2555.0,2590.0,2541.5,2551.65,1420000.0
2021-05-10,2589.0,2589.0,2542.15,2556.95,1530000.0
2021-05-11,2533.0,2562.0,2521.3,2556.25,1170000.0
2021-05-12,2577.0,2588.95,2530.0,2556.2,2089999.9999999998
2021-05-14,2620.0,2835.25,2601.55,2774.5,10540000.0
2021-05-17,2782.0,2824.2,2747.55,2782.75,2130000.0
2021-05-18,2797.0,2845.0,2789.0,2821.8,1330000.0
2021-05-19,2805.15,2849.0,2798.65,2815.85,1220000.0
2021-05-20,2814.0,2845.0,2778.5,2794.1,1210000.0
2021-05-21,2807.0,2854.0,2795.0,2832.5,1330000.0
2021-05-24,2846.0,2849.0,2808.2,2819.2,813090.0
2021-05-25,2836.9,2922.65,2822.75,2914.4,2730000.0
2021-05-26,2939.85,2947.9,2910.4,2941.6,1250000.0
2021-05-27,2950.0,2965.0,2902.25,2949.35,2420000.0
2021-05-28,2958.15,2963.8,2931.15,2940.7,711380.0
2021-05-31,2938.0,2989.95,2936.1,2977.5,2089999.9999999998
2021-06-01,2965.0,2982.6,2915.1,2931.0,1190000.0
2021-06-02,2918.85,2933.75,2877.15,2903.7,2069999.9999999998
2021-06-03,2919.6,2942.0,2904.05,2935.35,1400000.0
2021-06-04,2953.0,2990.0,2908.0,2924.9,1510000.0
2021-06-07,2930.0,2941.0,2903.95,2933.1,802420.0
2021-06-08,2928.0,2944.25,2907.5,2926.25,762930.0
2021-06-09,2930.8,2965.0,2919.6,2943.55,1340000.0
2021-06-10,2945.0,2959.3,2920.65,2950.6,1340000.0
2021-06-11,2960.0,2971.6,2938.6,2956.25,878450.0
2021-06-14,2955.1,2970.0,2916.5,2949.9,746820.0
2021-06-15,2970.0,3050.0,2960.95,3042.2,2260000.0
2021-06-16,3029.0,3042.2,3005.5,3018.7,859510.0
2021-06-17,3017.95,3073.95,3000.5,3060.3,1530000.0
2021-06-18,3061.55,3077.8,3016.05,3047.2,2290000.0
2021-06-21,3024.2,3079.15,3021.05,3068.55,720490.0
2021-06-22,3085.0,3092.85,3004.2,3010.8,1200000.0
2021-06-23,3030.0,3030.0,2983.5,2987.35,1010000.0
2021-06-24,2987.35,3049.7,2975.45,3043.25,985600.0
2021-06-25,3030.2,3053.5,2985.0,3003.9,786960.0
2021-06-28,3024.0,3038.85,2976.25,2982.95,891700.0
2021-06-29,2989.0,3023.85,2973.05,3001.5,1240000.0
2021-06-30,2999.0,3030.0,2985.65,2992.7,924520.0
2021-07-01,3008.0,3026.9,2997.0,3021.6,848240.0
2021-07-02,3032.95,3038.8,2999.75,3005.0,805540.0
2021-07-05,3020.0,3050.0,3007.1,3014.8,863340.0
2021-07-06,3003.0,3029.5,2996.0,3002.5,762630.0
2021-07-07,3065.0,3069.0,3011.25,3040.1,1230000.0
2021-07-08,3050.0,3059.0,3018.8,3028.3,907390.0
2021-07-09,3022.0,3039.15,3007.0,3010.6,547080.0
2021-07-12,3034.9,3042.85,2991.05,2999.4,765570.0
2021-07-13,3020.0,3021.1,2985.35,2993.85,703480.0
2021-07-14,3003.0,3007.75,2984.2,3001.95,470740.0
2021-07-15,3010.0,3011.0,2971.1,2983.6,635540.0
2021-07-16,2994.0,3006.0,2965.0,2989.3,1060000.0
2021-07-19,2989.3,2999.7,2965.0,2981.95,837840.0
2021-07-20,2996.0,3179.5,2979.55,3159.05,6760000.0
2021-07-22,3130.0,3165.0,3090.0,3106.75,1980000.0
2021-07-23,3106.0,3129.6,3078.05,3083.75,815330.0
2021-07-26,3079.95,3119.0,3051.2,3061.2,1140000.0
2021-07-27,3079.4,3081.5,3021.3,3028.65,904290.0
2021-07-28,3030.35,3033.0,2984.0,3004.1,996590.0
2021-07-29,3004.1,3039.95,2990.3,2997.45,762680.0
2021-07-30,3008.0,3008.65,2951.9,2958.45,1070000.0
2021-08-02,2985.6,2986.8,2960.65,2974.05,832290.0
2021-08-03,3020.0,3065.0,2994.2,3027.0,2430000.0
2021-08-04,3040.6,3053.3,3012.0,3018.6,659300.0
2021-08-05,3034.0,3040.0,2980.05,2988.4,693690.0
2021-08-06,2995.0,3001.0,2961.45,2966.45,744160.0
2021-08-09,2994.65,3015.0,2973.05,2992.55,825460.0
2021-08-10,2998.0,3008.3,2960.55,2977.15,724340.0
2021-08-11,2987.4,3001.45,2952.55,2972.6,987940.0
2021-08-12,2974.0,2985.25,2958.0,2975.5,438550.0
2021-08-13,2980.9,3002.0,2973.1,2988.7,572250.0
2021-08-16,2980.0,2984.15,2960.0,2971.4,461740.0
2021-08-17,2974.0,3044.0,2973.1,3015.3,2040000.0
2021-08-18,3048.0,3048.0,2992.55,3001.55,1380000.0
2021-08-20,3001.5,3124.05,3001.5,3112.95,3930000.0
2021-08-23,3159.05,3163.85,3051.0,3077.45,1580000.0
2021-08-24,3092.8,3092.8,3034.55,3045.95,763700.0
2021-08-25,3026.0,3070.0,3012.6,3038.05,797870.0
2021-08-26,3064.0,3084.5,3026.2,3039.65,1320000.0
2021-08-27,3040.45,3057.95,3020.5,3036.8,634380.0
2021-08-30,3056.7,3114.25,3048.05,3108.75,1050000.0
2021-08-31,3108.75,3210.0,3103.05,3201.35,2280000.0
2021-09-01,3230.05,3333.0,3215.0,3302.75,2420000.0
2021-09-02,3312.95,3319.0,3266.65,3301.6,847520.0
2021-09-03,3301.6,3344.95,3286.5,3338.8,832040.0
2021-09-06,3342.0,3347.7,3305.9,3315.55,664390.0
2021-09-07,3333.5,3394.6,3323.85,3336.25,1290000.0
2021-09-08,3345.0,3361.55,3297.0,3336.6,702600.0
2021-09-09,3305.0,3359.0,3305.0,3346.35,591750.0
2021-09-13,3346.6,3374.0,3330.35,3367.05,610920.0
2021-09-14,3384.9,3388.6,3356.85,3362.5,569410.0
2021-09-15,3361.85,3383.95,3346.95,3352.3,587860.0
2021-09-16,3350.0,3371.0,3335.0,3342.1,516750.0
2021-09-17,3352.0,3382.0,3285.05,3303.05,1550000.0
2021-09-20,3299.95,3315.0,3265.0,3271.55,689290.0
2021-09-21,3271.55,3335.0,3271.0,3309.2,922060.0
2021-09-22,3328.5,3329.95,3288.25,3317.5,825950.0
2021-09-23,3340.0,3340.0,3315.0,3320.65,694720.0
2021-09-24,3330.0,3505.0,3320.85,3448.6,2780000.0
2021-09-27,3461.6,3470.0,3417.65,3430.65,902450.0
2021-09-28,3424.9,3429.7,3350.0,3379.7,961270.0
2021-09-29,3365.0,3381.7,3310.0,3323.05,973390.0
2021-09-30,3329.9,3347.7,3220.0,3244.65,2080000.0
2021-10-01,3248.0,3252.95,3170.0,3177.85,1510000.0
2021-10-04,3202.8,3230.5,3178.0,3201.6,921240.0
2021-10-05,3208.55,3260.0,3191.65,3254.75,909340.0
2021-10-06,3262.0,3280.0,3200.65,3212.25,786380.0
2021-10-07,3220.0,3318.0,3220.0,3290.85,1180000.0
2021-10-08,3307.0,3329.0,3264.1,3306.9,882440.0
2021-10-11,3326.4,3344.35,3297.75,3306.05,460200.0
2021-10-12,3280.0,3335.0,3280.0,3323.25,564520.0
2021-10-13,3343.0,3358.9,3291.4,3323.5,770140.0
2021-10-14,3342.0,3352.95,3290.0,3297.8,648600.0
2021-10-18,3252.5,3283.95,3232.0,3241.5,1580000.0
2021-10-19,3260.9,3269.1,3176.1,3183.75,1040000.0
2021-10-20,3190.0,3219.95,3136.65,3169.6,1210000.0
2021-10-21,3194.0,3195.45,2920.45,3002.0,5100000.0
2021-10-22,2975.0,3002.95,2912.15,2982.4,2860000.0
2021-10-25,2950.0,2950.0,2857.25,2918.05,2160000.0
2021-10-26,2918.05,3024.0,2898.0,2969.8,1990000.0
2021-10-27,3029.2,3145.0,3029.2,3094.65,4610000.0
2021-10-28,3103.0,3147.6,3062.0,3116.3,1790000.0
2021-10-29,3125.0,3144.7,3083.3,3100.1,1120000.0
2021-11-01,3128.0,3142.25,3091.65,3121.8,750390.0
2021-11-02,3120.0,3139.8,3080.0,3103.35,881920.0
2021-11-03,3102.1,3182.9,3095.0,3170.65,879230.0
2021-11-04,3179.0,3190.0,3145.0,3159.25,263600.0
2021-11-08,3165.0,3181.0,3095.15,3138.0,787820.0
2021-11-09,3140.0,3155.0,3120.0,3145.15,668840.0
2021-11-10,3132.0,3136.65,3080.5,3108.3,872980.0
2021-11-11,3090.0,3106.65,3052.0,3063.5,958140.0
2021-11-12,3089.0,3128.0,3075.8,3122.9,682340.0
2021-11-15,3126.0,3180.0,3126.0,3168.7,696380.0
2021-11-16,3165.0,3209.0,3120.1,3151.7,1400000.0
2021-11-17,3170.0,3239.9,3165.05,3230.25,1620000.0
2021-11-18,3249.85,3260.0,3214.0,3226.85,1610000.0
2021-11-22,3241.0,3308.35,3215.05,3261.25,2150000.0
2021-11-23,3261.25,3288.3,3171.55,3185.55,1480000.0
2021-11-24,3186.05,3208.9,3150.0,3157.0,1060000.0
2021-11-25,3156.5,3173.35,3113.0,3144.25,728830.0
2021-11-26,3101.0,3167.35,3091.0,3143.1,1030000.0
2021-11-29,3131.0,3178.9,3071.9,3144.3,876650.0
2021-11-30,3116.15,3189.0,3116.15,3143.65,2340000.0
2021-12-01,3155.9,3199.75,3124.1,3138.15,1740000.0
2021-12-02,3160.0,3194.0,3152.25,3180.6,939320.0
2021-12-03,3185.0,3187.45,3106.0,3110.45,1220000.0
2021-12-06,3115.0,3115.0,3028.25,3038.3,1110000.0
2021-12-07,3040.0,3069.0,3016.45,3030.35,2060000.0
2021-12-08,3031.9,3123.0,3031.0,3108.5,1170000.0
2021-12-09,3152.4,3183.05,3111.0,3178.7,1290000.0
2021-12-10,3184.0,3292.0,3178.7,3283.15,2550000.0
2021-12-13,3285.1,3341.0,3270.95,3279.85,1270000.0
2021-12-14,3274.0,3305.0,3249.0,3297.5,863180.0
2021-12-15,3278.15,3313.95,3266.5,3301.95,811950.0
2021-12-16,3325.0,3325.0,3270.6,3298.6,502930.0
2021-12-17,3275.0,3293.3,3227.7,3243.7,1020000.0
2021-12-20,3227.0,3275.0,3181.0,3239.45,948870.0
2021-12-21,3247.0,3296.0,3240.0,3271.35,712030.0
2021-12-22,3275.7,3285.65,3241.0,3280.1,619870.0
2021-12-23,3290.0,3307.9,3250.0,3267.9,1050000.0
2021-12-24,3280.0,3300.0,3261.0,3284.8,651400.0
2021-12-27,3280.1,3284.75,3226.2,3272.4,640700.0
2021-12-28,3275.95,3375.0,3273.0,3368.2,1210000.0
2021-12-29,3372.2,3386.0,3346.2,3367.45,598420.0
2021-12-30,3363.25,3390.0,3350.3,3365.7,691220.0
2021-12-31,3390.0,3405.0,3361.4,3382.95,570670.0
2022-01-03,3383.0,3440.9,3383.0,3422.4,696280.0
2022-01-04,3434.0,3472.45,3415.05,3459.3,790890.0
2022-01-05,3470.0,3540.0,3452.05,3526.8,1020000.0
2022-01-06,3491.15,3537.55,3452.15,3514.65,1310000.0
2022-01-07,3514.65,3582.0,3496.55,3576.3,964360.0
2022-01-10,3580.0,3590.0,3527.0,3553.5,657510.0
2022-01-11,3550.6,3564.0,3495.05,3538.75,734340.0
2022-01-12,3556.9,3582.45,3534.0,3543.8,594540.0
2022-01-13,3560.0,3560.0,3450.0,3456.25,1150000.0
2022-01-14,3462.0,3462.0,3346.0,3364.4,1560000.0
2022-01-17,3364.4,3399.0,3321.0,3378.65,1100000.0
2022-01-18,3379.05,3396.45,3351.0,3373.7,558540.0
2022-01-19,3370.0,3370.0,3267.75,3280.4,1500000.0
2022-01-20,3282.0,3364.9,3222.0,3306.4,3080000.0
2022-01-21,3300.05,3324.95,3241.75,3274.85,1440000.0
2022-01-24,3268.0,3270.0,3135.0,3155.15,1580000.0
2022-01-25,3100.0,3156.95,3010.75,3147.1,2700000.0
2022-01-27,3140.1,3143.0,3071.25,3116.95,1830000.0
2022-01-28,3130.0,3170.0,3103.0,3110.85,892060.0
2022-01-31,3140.0,3193.45,3136.4,3152.25,944530.0
2022-02-01,3194.0,3212.35,3141.6,3196.25,1010000.0
2022-02-02,3204.8,3244.15,3192.15,3197.7,667270.0
2022-02-03,3212.85,3241.6,3190.2,3203.0,899750.0
2022-02-04,3188.0,3248.8,3176.05,3236.65,705770.0
2022-02-07,3234.0,3251.2,3143.1,3174.7,860390.0
2022-02-08,3179.0,3223.5,3166.2,3216.35,799210.0
2022-02-09,3230.0,3259.0,3222.75,3228.35,472730.0
2022-02-10,3220.0,3248.0,3176.0,3238.75,728670.0
2022-02-11,3229.95,3229.95,3182.5,3216.3,587840.0
2022-02-14,3140.0,3182.7,3120.0,3143.45,681240.0
2022-02-15,3140.0,3270.0,3132.85,3264.6,676840.0
2022-02-16,3280.0,3285.1,3223.0,3252.85,624320.0
2022-02-17,3273.0,3294.95,3236.4,3265.85,636740.0
2022-02-18,3236.15,3272.0,3230.05,3258.45,423800.0
2022-02-21,3235.0,3278.45,3204.15,3251.65,547470.0
2022-02-22,3120.0,3236.8,3120.0,3227.15,1150000.0
2022-02-23,3236.9,3296.9,3230.0,3237.2,935900.0
2022-02-24,3130.0,3197.8,3051.5,3069.05,1820000.0
2022-02-25,3105.0,3141.45,3083.05,3119.2,1240000.0
2022-02-28,3090.0,3190.5,3015.0,3174.65,1680000.0
2022-03-02,3107.0,3111.2,2991.1,3028.95,3010000.0
2022-03-03,3029.0,3051.0,2862.0,2871.9,4410000.0
2022-03-04,2863.8,2863.8,2662.05,2738.15,6980000.0
2022-03-07,2649.9,2727.95,2599.35,2708.45,3230000.0
2022-03-08,2690.0,2736.95,2638.0,2723.4,2610000.0
2022-03-09,2750.0,2890.0,2665.05,2874.95,4080000.0
2022-03-10,3000.0,3040.0,2891.2,2912.8,3970000.0
2022-03-11,2917.0,2939.95,2882.35,2932.0,1270000.0
2022-03-14,2950.0,2972.35,2917.3,2962.8,1210000.0
2022-03-15,2998.0,3032.0,2966.0,2987.15,1860000.0
2022-03-16,3043.0,3050.0,3010.75,3042.0,1290000.0
2022-03-17,3113.5,3163.3,3076.5,3136.6,2870000.0
2022-03-21,3117.3,3117.3,3030.1,3045.75,1260000.0
2022-03-22,3024.0,3062.7,2975.0,3051.15,1520000.0
2022-03-23,3060.0,3079.9,3005.0,3016.8,948400.0
2022-03-24,2969.5,3038.95,2950.55,3025.35,1240000.0
2022-03-25,3025.35,3064.55,2991.0,3046.95,1080000.0
2022-03-28,3046.95,3058.6,2995.65,3027.45,680330.0
2022-03-29,3069.0,3087.7,3012.7,3042.6,1120000.0
2022-03-30,3078.0,3094.35,3055.9,3081.55,849550.0
2022-03-31,3115.0,3129.25,3066.1,3079.95,1460000.0
2022-04-01,3110.0,3121.0,3087.65,3114.15,637390.0
2022-04-04,3124.95,3143.0,3093.5,3118.0,873260.0
2022-04-05,3110.0,3157.0,3080.0,3140.8,805870.0
2022-04-06,3137.0,3165.0,3113.0,3154.0,736380.0
2022-04-07,3154.0,3208.95,3145.5,3155.0,1030000.0
2022-04-08,3168.0,3220.0,3151.2,3206.25,678900.0
2022-04-11,3184.0,3222.0,3150.0,3157.45,672650.0
2022-04-12,3154.7,3162.1,3114.15,3128.65,794270.0
2022-04-13,3117.2,3121.9,3066.1,3080.65,1120000.0
2022-04-18,3056.0,3058.0,3013.0,3021.55,1030000.0
2022-04-19,3030.0,3059.2,2970.0,2991.2,749780.0
2022-04-20,2991.3,3089.5,2980.0,3083.0,838180.0
2022-04-21,3089.8,3174.4,3086.05,3158.25,1070000.0
2022-04-22,3121.5,3173.3,3113.25,3164.4,681190.0
2022-04-25,3134.0,3155.1,3095.1,3130.6,1100000.0
2022-04-26,3130.0,3148.7,3105.8,3125.65,1700000.0
2022-04-27,3096.0,3164.0,3085.95,3148.35,963540.0
2022-04-28,3190.0,3268.0,3170.0,3247.7,2000000.0
2022-04-29,3249.0,3278.0,3221.3,3237.2,1090000.0
2022-05-02,3195.0,3211.5,3154.05,3200.0,595520.0
2022-05-04,3178.0,3194.7,3081.45,3100.85,1120000.0
2022-05-05,3104.75,3126.95,3070.0,3076.55,724600.0
2022-05-06,3020.0,3052.4,3003.9,3016.25,923940.0
2022-05-09,3000.85,3038.8,2975.0,3005.25,998320.0
2022-05-10,3051.0,3138.75,3036.0,3086.35,2460000.0
2022-05-11,3090.4,3109.55,2979.0,3053.65,1880000.0
2022-05-12,3042.0,3078.0,2988.0,3039.95,1250000.0
2022-05-13,3074.4,3116.25,3035.3,3064.0,1120000.0
2022-05-16,3089.9,3089.9,2985.2,2999.9,733040.0
2022-05-17,2998.9,3056.6,2951.0,3050.0,1180000.0
2022-05-18,3030.0,3128.8,3026.0,3100.1,1380000.0
2022-05-19,3000.5,3071.7,3000.45,3046.9,772390.0
2022-05-20,3080.0,3125.0,3070.0,3109.95,778960.0
2022-05-23,3143.95,3188.0,3130.05,3174.2,813290.0
2022-05-24,3174.75,3183.65,3070.0,3086.85,691310.0
2022-05-25,3039.0,3039.0,2826.3,2838.05,3380000.0
2022-05-26,2850.0,2860.0,2718.55,2840.15,3210000.0
2022-05-27,2868.0,2869.0,2781.0,2834.85,1880000.0
2022-05-30,2880.0,2884.0,2817.0,2844.0,2530000.0
2022-05-31,2844.0,2878.0,2811.0,2859.65,2410000.0
2022-06-01,2859.65,2939.9,2832.05,2852.5,1770000.0
2022-06-02,2870.2,2919.0,2848.0,2908.55,1160000.0
2022-06-03,2905.0,2919.45,2856.0,2886.9,1230000.0
2022-06-06,2871.1,2872.0,2807.7,2817.45,1190000.0
2022-06-07,2800.0,2804.0,2731.0,2744.7,1400000.0
2022-06-08,2771.9,2775.0,2700.0,2705.2,1740000.0
2022-06-09,2680.0,2697.6,2633.75,2686.8,1860000.0
2022-06-10,2665.0,2736.0,2652.0,2708.75,1590000.0
2022-06-13,2669.95,2683.0,2642.5,2660.75,1670000.0
2022-06-14,2617.0,2666.35,2585.0,2635.4,2300000.0
2022-06-15,2650.0,2683.6,2627.1,2661.15,928840.0
2022-06-16,2694.95,2725.45,2640.0,2657.45,1280000.0
2022-06-17,2650.1,2657.0,2560.0,2580.2,2040000.0
2022-06-20,2600.0,2673.35,2588.35,2660.7,1600000.0
2022-06-21,2674.95,2710.0,2640.0,2678.35,1040000.0
2022-06-22,2688.0,2707.95,2626.35,2666.35,1870000.0
2022-06-23,2674.95,2767.95,2674.95,2758.2,1610000.0
2022-06-24,2775.0,2784.8,2726.0,2760.9,2220000.0
2022-06-27,2779.9,2827.65,2765.0,2820.95,1300000.0
2022-06-28,2780.0,2784.8,2704.3,2726.5,1840000.0
2022-06-29,2706.5,2719.0,2678.0,2697.8,1070000.0
2022-06-30,2714.85,2726.95,2680.0,2695.2,1290000.0
2022-07-01,2704.9,2780.0,2685.0,2773.15,1480000.0
2022-07-04,2775.15,2798.0,2744.8,2790.3,653150.0
2022-07-05,2785.0,2812.3,2760.0,2766.6,1070000.0
2022-07-06,2830.55,2869.0,2805.15,2861.4,2089999.9999999998
2022-07-07,2901.4,2932.0,2876.8,2891.4,1470000.0
2022-07-08,2880.0,2888.0,2840.5,2879.8,1270000.0
2022-07-11,2874.0,2940.55,2851.35,2933.05,1080000.0
2022-07-12,2920.0,2923.25,2885.4,2893.2,1120000.0
2022-07-13,2949.0,2968.95,2926.05,2941.2,2150000.0
2022-07-14,2952.1,2954.85,2912.4,2939.15,882480.0
2022-07-15,2949.95,2985.0,2940.45,2978.15,1670000.0
2022-07-18,2994.75,3025.0,2988.4,3017.85,823390.0
2022-07-19,2983.45,3023.0,2978.15,3019.1,638170.0
2022-07-20,3033.0,3044.7,3000.0,3006.45,867440.0
2022-07-21,2981.0,3084.95,2981.0,3066.1,1180000.0
2022-07-22,3066.1,3092.75,3048.0,3067.4,1270000.0
2022-07-25,3069.5,3117.2,3051.65,3104.95,985840.0
2022-07-26,3096.0,3149.8,3053.0,3108.5,2880000.0
2022-07-27,3118.95,3193.0,3096.0,3186.05,1980000.0
2022-07-28,3198.0,3280.0,3182.0,3272.4,1330000.0
2022-07-29,3285.4,3354.35,3275.0,3333.75,1840000.0
2022-08-01,3340.05,3355.0,3314.5,3324.55,1080000.0
2022-08-02,3331.0,3404.75,3325.6,3396.15,1650000.0
2022-08-03,3404.0,3448.0,3371.25,3439.65,1170000.0
2022-08-04,3455.0,3476.95,3410.9,3460.5,981430.0
2022-08-05,3475.0,3491.95,3451.55,3473.9,792480.0
2022-08-08,3465.0,3476.95,3436.55,3458.45,724640.0
2022-08-10,3441.0,3449.85,3396.0,3411.65,1090000.0
2022-08-11,3450.0,3477.95,3390.0,3405.2,1410000.0
2022-08-12,3399.0,3434.8,3383.0,3427.85,548470.0
2022-08-16,3470.0,3509.45,3455.3,3501.0,911190.0
2022-08-17,3517.95,3545.65,3504.6,3523.7,817910.0
2022-08-18,3525.0,3542.7,3515.55,3535.35,599880.0
2022-08-19,3520.0,3538.5,3464.0,3482.55,581830.0
2022-08-22,3462.1,3485.55,3333.2,3349.75,2340000.0
2022-08-23,3333.0,3383.95,3316.85,3356.6,831450.0
2022-08-24,3339.6,3385.0,3302.0,3378.85,1180000.0
2022-08-25,3375.0,3405.15,3351.2,3362.5,615390.0
2022-08-26,3379.35,3384.5,3305.65,3323.55,1380000.0
2022-08-29,3247.0,3348.35,3236.7,3343.25,1030000.0
2022-08-30,3331.0,3409.75,3331.0,3391.6,1430000.0
2022-09-01,3315.0,3474.4,3315.0,3446.55,1420000.0
2022-09-02,3489.0,3489.0,3425.0,3431.05,740820.0
2022-09-05,3425.05,3450.0,3405.55,3424.8,518440.00000000006
2022-09-06,3420.0,3434.55,3384.0,3395.25,540940.0
2022-09-07,3392.0,3435.0,3385.95,3400.35,682920.0
2022-09-08,3450.0,3484.65,3427.4,3450.15,1140000.0
2022-09-09,3483.7,3483.7,3433.45,3441.85,702810.0
2022-09-12,3441.85,3453.65,3423.0,3432.2,641280.0
2022-09-13,3432.0,3459.0,3414.65,3422.2,776040.0
2022-09-14,3380.0,3448.5,3380.0,3438.95,816680.0
2022-09-15,3440.0,3458.75,3389.1,3395.4,590180.0
2022-09-16,3412.4,3420.0,3309.55,3322.55,1600000.0
2022-09-19,3320.65,3342.1,3231.3,3316.25,1010000.0
2022-09-20,3335.6,3410.0,3334.0,3393.2,708180.0
2022-09-21,3405.0,3424.9,3348.0,3356.05,605380.0
2022-09-22,3356.05,3440.0,3315.65,3436.0,829400.0
2022-09-23,3435.0,3437.95,3382.7,3395.25,513370.0
2022-09-26,3370.0,3468.0,3354.0,3438.05,1430000.0
2022-09-27,3454.85,3500.0,3431.05,3470.65,1460000.0
2022-09-28,3451.0,3582.9,3420.0,3570.65,1840000.0
2022-09-29,3563.45,3563.45,3372.4,3384.8,2620000.0
2022-09-30,3402.0,3411.9,3285.25,3342.45,2160000.0
2022-10-03,3348.0,3352.5,3285.75,3302.9,934540.0
2022-10-04,3330.0,3368.35,3312.05,3337.75,994380.0
2022-10-06,3337.75,3366.75,3311.7,3328.95,922770.0
2022-10-07,3318.0,3359.6,3287.25,3343.7,774540.0
2022-10-10,3280.0,3299.0,3260.2,3277.95,734380.0
2022-10-11,3290.5,3360.0,3274.0,3298.7,1410000.0
2022-10-12,3335.0,3339.5,3206.0,3248.2,1810000.0
2022-10-13,3230.1,3258.2,3193.9,3209.0,779890.0
2022-10-14,3235.0,3246.0,3180.0,3185.5,845770.0
2022-10-17,3185.5,3218.0,3170.1,3197.6,1070000.0
2022-10-18,3218.0,3250.0,3212.0,3225.85,1020000.0
2022-10-19,3242.0,3245.7,3196.35,3212.75,943540.0
2022-10-20,3198.0,3241.85,3101.8,3140.9,2280000.0
2022-10-21,3140.0,3164.75,3072.65,3092.4,1740000.0
2022-10-24,3150.0,3159.0,3116.0,3121.65,178710.0
2022-10-25,3134.0,3135.0,3079.9,3084.9,1020000.0
2022-10-27,3123.0,3123.0,3033.0,3043.45,2009999.9999999998
2022-10-28,3058.7,3071.6,3040.0,3053.4,715740.0
2022-10-31,3082.0,3113.0,3061.05,3107.7,814360.0
2022-11-01,3110.5,3164.4,3110.5,3159.4,939340.0
2022-11-02,3158.0,3159.95,3122.1,3131.9,787010.0
2022-11-03,3105.0,3148.75,3105.0,3141.3,563800.0
2022-11-04,3148.0,3185.0,3125.9,3181.35,609760.0
2022-11-07,3186.0,3198.0,3097.45,3103.55,1670000.0
2022-11-09,3146.0,3146.0,3080.0,3086.5,1390000.0
2022-11-10,3086.0,3086.0,3033.5,3045.15,1380000.0
2022-11-11,3090.7,3098.0,3048.0,3055.4,810290.0
2022-11-14,3056.0,3077.95,3041.05,3053.2,811700.0
2022-11-15,3068.5,3095.0,3042.0,3079.3,873840.0
2022-11-16,3079.3,3093.0,3051.0,3083.05,770950.0
2022-11-17,3092.0,3096.55,3060.0,3071.6,706270.0
2022-11-18,3095.0,3114.85,3055.75,3095.5,1260000.0
2022-11-21,3105.0,3110.35,3066.2,3095.3,612190.0
2022-11-22,3104.0,3119.5,3072.3,3103.85,764080.0
2022-11-23,3111.0,3114.8,3090.0,3100.8,488340.0
2022-11-24,3117.95,3120.25,3092.0,3115.3,571870.0
2022-11-25,3115.3,3119.8,3075.25,3108.15,898770.0
2022-11-28,3108.15,3159.0,3096.7,3151.2,914690.0
2022-11-29,3157.0,3169.0,3127.15,3135.05,877720.0
2022-11-30,3139.9,3199.95,3133.3,3175.15,2550000.0
2022-12-01,3191.0,3197.0,3161.25,3179.35,761720.0
2022-12-02,3173.15,3174.3,3134.0,3143.45,932260.0
2022-12-05,3130.0,3168.7,3112.5,3156.9,926120.0
2022-12-06,3125.0,3169.0,3125.0,3161.7,958370.0
2022-12-07,3180.0,3234.7,3176.4,3226.5,1830000.0
2022-12-08,3230.0,3240.9,3202.65,3221.45,851310.0
2022-12-09,3235.0,3242.35,3206.0,3226.95,847880.0
2022-12-12,3227.0,3230.0,3141.9,3166.35,1320000.0
2022-12-13,3185.0,3185.0,3142.65,3178.5,886600.0
2022-12-14,3179.0,3195.0,3125.0,3145.95,1100000.0
2022-12-15,3142.0,3161.2,3116.7,3130.6,799120.0
2022-12-16,3115.0,3117.0,3050.3,3055.9,1190000.0
2022-12-19,3062.0,3088.0,3041.0,3080.95,655590.0
2022-12-20,3075.05,3088.65,3018.0,3082.15,739260.0
2022-12-21,3085.0,3112.45,3050.05,3069.65,616320.0
2022-12-22,3074.0,3093.5,3038.05,3088.55,663200.0
2022-12-23,3078.95,3086.85,3036.0,3057.9,1230000.0
2022-12-26,3057.9,3071.9,3028.8,3056.05,536880.0
2022-12-27,3060.0,3129.0,3056.3,3112.6,729040.0
2022-12-28,3109.95,3143.8,3105.0,3123.7,972270.0
2022-12-29,3101.0,3125.0,3092.55,3115.15,596270.0
2022-12-30,3130.75,3130.75,3071.3,3087.9,836220.0
2023-01-02,3087.9,3087.9,3021.0,3047.25,1020000.0
2023-01-03,3047.0,3059.95,3025.0,3028.25,860370.0
2023-01-04,3035.0,3050.0,3001.55,3016.85,836380.0
2023-01-05,3039.55,3046.6,2995.4,3004.35,1110000.0
2023-01-06,3010.0,3023.5,2952.0,2978.4,1050000.0
2023-01-09,2993.3,3017.65,2951.0,2984.15,808260.0
2023-01-10,2984.15,2985.0,2952.2,2960.35,864330.0
2023-01-11,2974.9,2974.9,2935.0,2940.4,890430.0
2023-01-12,2939.0,2939.85,2896.0,2915.95,1560000.0
2023-01-13,2925.0,2925.0,2871.75,2909.15,1510000.0
2023-01-16,2925.0,2929.6,2896.0,2916.05,644070.0
2023-01-17,2925.0,2944.85,2911.15,2940.9,716490.0
2023-01-18,2947.95,2960.0,2929.35,2945.25,893810.0
2023-01-19,2954.9,2973.6,2843.6,2866.15,2380000.0
2023-01-20,2848.0,2848.0,2781.0,2787.8,3170000.0
2023-01-23,2800.0,2800.0,2767.85,2784.45,1400000.0
2023-01-24,2795.0,2827.1,2784.45,2810.6,1060000.0
2023-01-25,2810.9,2811.0,2767.1,2775.0,857950.0
2023-01-27,2766.6,2772.85,2685.85,2722.65,1800000.0
2023-01-30,2724.0,2776.0,2696.25,2766.2,1170000.0
2023-01-31,2760.0,2779.95,2718.05,2725.85,1960000.0
2023-02-01,2749.8,2778.0,2704.8,2743.75,1180000.0
2023-02-02,2741.0,2741.0,2694.0,2705.65,1310000.0
2023-02-03,2705.65,2763.9,2700.0,2760.4,1280000.0
2023-02-06,2760.4,2765.0,2718.0,2754.2,1120000.0
2023-02-07,2762.0,2774.5,2748.15,2758.05,732250.0
2023-02-08,2768.0,2784.0,2744.3,2765.6,811960.0
2023-02-09,2781.95,2820.35,2766.15,2814.6,946370.0
2023-02-10,2830.0,2830.95,2793.0,2804.6,700070.0
2023-02-13,2814.5,2829.0,2780.0,2790.75,467230.0
2023-02-14,2804.75,2804.75,2765.0,2777.0,524750.0
2023-02-15,2777.0,2798.3,2754.0,2786.15,817720.0
2023-02-16,2797.0,2834.35,2790.1,2805.95,788960.0
2023-02-17,2802.95,2845.85,2785.5,2833.6,840530.0
2023-02-20,2845.0,2852.0,2812.1,2825.55,646220.0
2023-02-21,2837.0,2838.7,2805.0,2817.1,631930.0
2023-02-22,2809.95,2813.95,2780.0,2795.95,580270.0
2023-02-23,2805.0,2805.55,2700.1,2705.95,1790000.0
2023-02-24,2712.1,2762.0,2710.0,2738.5,1430000.0
2023-02-27,2740.4,2758.65,2725.05,2749.9,561320.0
2023-02-28,2750.0,2839.0,2727.45,2828.8,1820000.0
2023-03-01,2828.0,2853.3,2816.05,2840.9,816600.0
2023-03-02,2831.0,2849.0,2811.0,2833.9,604520.0
2023-03-03,2837.05,2852.0,2810.65,2828.85,679300.0
2023-03-06,2843.0,2884.0,2830.25,2864.55,1050000.0
2023-03-08,2870.0,2870.0,2827.0,2859.55,580250.0
2023-03-09,2862.0,2872.45,2836.85,2853.55,774220.0
2023-03-10,2844.0,2844.0,2807.0,2830.2,489980.0
2023-03-13,2823.5,2849.45,2772.2,2784.2,813220.0
2023-03-14,2782.95,2786.95,2740.05,2745.6,1060000.0
2023-03-15,2772.2,2866.35,2765.2,2827.4,2170000.0
2023-03-16,2850.0,2900.0,2828.7,2893.25,1760000.0
2023-03-17,2923.95,2923.95,2855.05,2862.65,1850000.0
2023-03-20,2915.0,2915.0,2831.05,2855.15,1070000.0
2023-03-21,2858.15,2887.0,2835.0,2839.1,691890.0
2023-03-22,2825.0,2853.15,2814.85,2839.85,731810.0
2023-03-23,2817.1,2823.0,2767.75,2797.8,1020000.0
2023-03-24,2797.8,2815.65,2772.85,2798.5,784110.0
2023-03-27,2798.5,2820.0,2786.5,2803.75,791560.0
2023-03-28,2791.0,2810.6,2765.0,2784.45,558580.0
2023-03-29,2784.45,2793.75,2755.0,2770.5,1090000.0
2023-03-31,2756.05,2775.0,2747.5,2761.65,1970000.0
2023-04-03,2746.95,2781.65,2708.65,2777.0,1040000.0
2023-04-05,2760.0,2811.55,2752.25,2808.5,668640.0
2023-04-06,2807.45,2825.0,2786.8,2809.85,627550.0
2023-04-10,2810.0,2810.0,2755.1,2776.35,1220000.0
2023-04-11,2790.0,2790.0,2750.05,2753.8,1250000.0
2023-04-12,2755.55,2806.2,2751.0,2786.75,2240000.0
2023-04-13,2786.7,2813.3,2782.0,2809.75,602600.0
2023-04-17,2825.0,2845.6,2806.0,2843.1,754560.0
2023-04-18,2848.0,2858.45,2830.1,2854.6,717720.0
2023-04-19,2836.35,2852.7,2800.65,2809.7,799620.0
2023-04-20,2820.0,2851.0,2813.15,2843.85,761100.0
2023-04-21,2847.1,2887.0,2847.1,2882.1,894930.0
2023-04-24,2882.1,2898.0,2852.0,2891.1,782970.0
2023-04-25,2891.05,2901.75,2864.15,2898.0,636120.0
2023-04-26,2896.95,2916.45,2888.05,2910.0,569220.0
2023-04-27,2915.5,2920.0,2893.85,2899.95,599460.0
2023-04-28,2919.95,2919.95,2846.6,2902.35,1080000.0
2023-05-02,2910.95,2933.7,2893.0,2899.55,663800.0
2023-05-03,2918.0,2962.4,2897.0,2929.7,1240000.0
2023-05-04,2948.0,2986.15,2922.15,2982.85,1010000.0
2023-05-05,2971.0,3025.0,2951.05,3012.95,1330000.0
2023-05-08,3015.0,3035.7,2993.0,3019.45,941880.0
2023-05-09,3016.05,3074.8,3010.75,3034.8,1030000.0
2023-05-10,3042.95,3057.0,3018.9,3041.4,751850.0
2023-05-11,3052.05,3156.15,3031.5,3139.75,3230000.0
2023-05-12,3139.0,3179.75,3086.0,3131.1,2000000.0
2023-05-15,3134.2,3168.0,3121.05,3132.0,810280.0
2023-05-16,3132.0,3165.7,3122.35,3138.1,822400.0
2023-05-17,3136.0,3147.95,3075.55,3092.45,835370.0
2023-05-18,3105.65,3125.0,3093.25,3109.05,498070.0
2023-05-19,3124.0,3127.95,3068.05,3084.45,633260.0
2023-05-22,3070.0,3105.6,3046.0,3084.9,659430.0
2023-05-23,3087.0,3127.95,3085.0,3120.6,581200.0
2023-05-24,3115.0,3133.15,3098.0,3101.5,439470.0
2023-05-25,3101.5,3129.0,3086.0,3123.55,500310.0
2023-05-26,3123.0,3136.95,3111.75,3128.4,568250.0
2023-05-29,3147.2,3155.0,3116.05,3137.4,535710.0
2023-05-30,3146.9,3155.0,3127.55,3144.4,506030.0
2023-05-31,3151.95,3219.35,3136.45,3192.95,2350000.0
2023-06-01,3235.35,3249.9,3207.0,3240.7,1100000.0
2023-06-02,3239.4,3249.95,3219.0,3237.25,781970.0
2023-06-05,3239.95,3239.95,3195.0,3199.75,492570.0
2023-06-06,3207.75,3238.9,3195.0,3212.75,577700.0
2023-06-07,3217.0,3229.25,3206.25,3224.8,470040.0
2023-06-08,3220.0,3247.0,3193.0,3212.25,561160.0
2023-06-09,3209.8,3238.9,3168.55,3180.55,1240000.0
2023-06-12,3185.2,3202.35,3151.15,3194.75,1030000.0
2023-06-13,3210.0,3272.0,3205.15,3262.85,1600000.0
2023-06-14,3265.0,3289.9,3253.0,3270.2,741620.0
2023-06-15,3276.0,3304.0,3273.35,3294.35,806990.0
2023-06-16,3291.75,3322.0,3286.55,3316.85,984670.0
2023-06-19,3318.85,3344.95,3303.25,3309.7,516919.99999999994
2023-06-20,3315.0,3326.85,3277.1,3318.7,866290.0
2023-06-21,3318.7,3333.0,3300.0,3316.1,742460.0
2023-06-22,3325.0,3326.85,3242.45,3248.05,871640.0
2023-06-23,3265.0,3304.15,3253.05,3297.7,1260000.0
2023-06-26,3295.0,3315.35,3271.4,3308.15,592800.0
2023-06-27,3275.0,3344.5,3273.35,3326.0,914140.0
2023-06-28,3331.0,3355.25,3323.5,3348.25,713110.0
2023-06-30,3353.0,3449.6,3343.75,3362.05,1440000.0
2023-07-03,3365.0,3379.95,3337.2,3358.7,474220.0
2023-07-04,3358.7,3387.0,3331.0,3347.7,473660.0
2023-07-05,3351.35,3400.0,3340.75,3374.4,632410.0
2023-07-06,3410.0,3410.0,3367.8,3399.4,694000.0
2023-07-07,3385.0,3414.0,3337.15,3343.7,620760.0
2023-07-10,3345.0,3372.05,3293.95,3343.15,548840.0
2023-07-11,3349.95,3399.95,3345.0,3392.55,772160.0
2023-07-12,3408.0,3414.4,3362.25,3406.75,1030000.0
2023-07-13,3425.0,3425.0,3384.35,3398.55,750130.0
2023-07-14,3398.55,3439.0,3387.0,3429.75,832840.0
2023-07-17,3429.75,3473.0,3425.0,3460.4,817690.0
2023-07-18,3460.0,3523.0,3455.6,3513.45,962490.0
2023-07-19,3520.0,3530.0,3482.5,3514.65,620290.0
2023-07-20,3510.05,3535.0,3494.95,3526.0,589850.0
2023-07-21,3535.95,3537.95,3505.0,3517.7,857980.0
2023-07-24,3506.0,3568.0,3498.5,3543.7,680250.0
2023-07-25,3547.9,3547.9,3350.0,3400.4,2560000.0
2023-07-26,3399.85,3413.0,3365.0,3373.0,959080.0
2023-07-27,3390.0,3414.0,3351.0,3369.4,874080.0
2023-07-28,3375.0,3399.0,3364.5,3390.7,553750.0
2023-07-31,3323.2,3388.0,3323.15,3377.35,933890.0
2023-08-01,3372.0,3385.0,3338.0,3342.95,698670.0
2023-08-02,3341.2,3371.95,3330.65,3362.9,857220.0
2023-08-03,3370.0,3379.95,3317.95,3336.35,711070.0
2023-08-04,3338.15,3373.3,3323.0,3339.65,519250.0
2023-08-07,3316.05,3350.0,3316.0,3343.0,360360.0
2023-08-08,3343.0,3359.95,3332.65,3348.05,500260.0
2023-08-09,3332.55,3356.95,3303.0,3331.0,643220.0
2023-08-10,3310.0,3320.0,3230.0,3237.9,1250000.0
2023-08-11,3237.9,3248.95,3180.0,3185.35,919020.0
2023-08-14,3185.35,3209.9,3152.25,3202.6,815530.0
2023-08-16,3194.9,3208.85,3176.9,3194.05,597690.0
2023-08-17,3223.9,3224.0,3162.0,3183.25,873390.0
2023-08-18,3174.9,3185.5,3155.0,3163.55,592650.0
2023-08-21,3159.9,3187.5,3152.15,3182.3,353330.0
2023-08-22,3198.6,3198.6,3171.0,3179.7,377070.0
2023-08-23,3186.0,3196.0,3165.25,3168.8,370810.0
2023-08-24,3185.0,3232.9,3170.9,3225.6,1170000.0
2023-08-25,3224.9,3265.0,3216.2,3259.3,1360000.0
2023-08-28,3264.95,3272.0,3231.05,3259.7,707320.0
2023-08-29,3261.0,3289.0,3255.05,3285.7,533160.0
2023-08-30,3301.3,3302.85,3276.4,3294.7,599080.0
2023-08-31,3300.05,3302.0,3220.0,3256.1,1600000.0
2023-09-01,3241.1,3264.2,3217.1,3259.55,650130.0
2023-09-04,3259.55,3266.25,3216.1,3235.55,696210.0
2023-09-05,3245.0,3248.85,3220.0,3223.3,597020.0
2023-09-06,3209.0,3230.0,3195.0,3225.3,754110.0
2023-09-07,3225.3,3253.75,3201.25,3246.35,923110.0
2023-09-08,3250.55,3263.05,3232.0,3238.05,395920.0
2023-09-11,3242.0,3265.0,3242.0,3259.4,359350.0
2023-09-12,3260.0,3279.8,3243.0,3256.85,554910.0
2023-09-13,3245.0,3284.65,3225.3,3277.75,880910.0
2023-09-14,3282.0,3294.2,3223.25,3240.25,1100000.0
2023-09-15,3235.0,3240.0,3185.0,3196.65,1570000.0
2023-09-18,3200.0,3229.9,3190.0,3206.3,673600.0
2023-09-20,3206.3,3228.0,3195.0,3214.35,901080.0
2023-09-21,3210.0,3261.2,3180.55,3244.2,845740.0
2023-09-22,3234.95,3283.6,3221.15,3274.85,896520.0
2023-09-25,3272.3,3334.8,3271.15,3323.25,1420000.0
2023-09-26,3323.0,3324.9,3260.35,3292.8,834560.0
2023-09-27,3288.0,3309.0,3271.7,3301.8,516330.00000000006
2023-09-28,3281.8,3289.0,3155.0,3170.35,2100000.0
2023-09-29,3195.0,3195.0,3134.0,3161.05,1550000.0
2023-10-03,3166.1,3227.8,3162.0,3166.85,1220000.0
2023-10-04,3164.95,3189.0,3151.35,3169.9,892580.0
2023-10-05,3210.0,3232.1,3174.3,3206.25,1000000.0
2023-10-06,3214.75,3217.0,3190.0,3195.75,814260.0
2023-10-09,3140.05,3163.0,3132.7,3152.8,700010.0
2023-10-10,3150.0,3164.9,3140.05,3151.5,847370.0
2023-10-11,3169.0,3185.0,3152.05,3163.9,1030000.0
2023-10-12,3186.0,3188.5,3150.05,3159.1,992530.0
2023-10-13,3150.0,3172.0,3128.25,3148.8,854690.0
2023-10-16,3124.0,3128.0,3096.1,3112.05,853010.0
2023-10-17,3137.0,3137.0,3091.8,3113.55,792640.0
2023-10-18,3110.0,3115.2,3090.0,3096.45,481990.0
2023-10-19,3087.7,3110.9,3076.1,3101.8,568120.0
2023-10-20,3092.5,3115.1,3064.55,3105.85,711430.0
2023-10-23,3096.05,3108.9,3064.0,3072.0,374480.0
2023-10-25,3093.4,3108.0,3052.0,3060.8,669290.0
2023-10-26,3051.1,3055.0,2940.0,2960.3,1830000.0
2023-10-27,2932.8,2974.65,2931.0,2955.15,1710000.0
2023-10-30,2974.0,2991.95,2939.1,2967.1,878890.0
2023-10-31,2969.0,3012.75,2966.0,2995.7,1150000.0
2023-11-01,2997.95,3008.9,2930.0,2934.55,1030000.0
2023-11-02,2961.05,2962.0,2934.0,2955.4,900130.0
2023-11-03,2957.0,2982.9,2942.0,2977.85,716000.0
2023-11-06,2998.0,3034.05,2983.85,3029.3,620960.0
2023-11-07,3029.3,3038.95,3002.2,3033.35,758000.0
2023-11-08,3058.0,3098.95,3046.2,3095.25,783400.0
2023-11-09,3100.0,3111.4,3074.05,3080.2,849700.0
2023-11-10,3070.0,3085.0,3040.1,3076.45,364230.0
2023-11-12,3099.95,3100.0,3090.0,3098.15,85180.0
2023-11-13,3098.0,3098.0,3065.0,3085.6,405940.0
2023-11-15,3085.7,3118.85,3078.7,3116.2,700020.0
2023-11-16,3119.0,3140.9,3097.6,3130.3,675450.0
2023-11-17,3150.0,3228.25,3145.65,3168.9,1430000.0
2023-11-20,3168.9,3171.9,3132.0,3140.35,406430.0
2023-11-21,3156.9,3156.9,3127.0,3133.25,409070.0
2023-11-22,3140.0,3157.0,3121.2,3133.0,489890.0
2023-11-23,3148.0,3171.4,3115.15,3122.95,792460.0
2023-11-24,3118.0,3139.8,3111.0,3136.15,756330.0
2023-11-28,3141.15,3160.0,3136.15,3148.35,647880.0
2023-11-29,3148.35,3170.0,3142.0,3148.35,620730.0
2023-11-30,3148.35,3153.95,3108.35,3119.9,1790000.0
2023-12-01,3146.95,3190.6,3140.25,3173.4,960200.0
2023-12-04,3190.0,3204.45,3166.5,3194.55,1020000.0
2023-12-05,3197.0,3247.65,3180.0,3226.25,1010000.0
2023-12-06,3265.0,3289.0,3232.95,3252.55,1230000.0
2023-12-07,3284.0,3299.95,3246.85,3251.8,1070000.0
2023-12-08,3255.0,3269.8,3227.8,3232.0,895850.0
2023-12-11,3230.0,3245.0,3185.5,3233.0,910430.0
2023-12-12,3228.0,3257.05,3210.0,3224.75,1020000.0
2023-12-13,3240.0,3254.95,3190.3,3243.65,1050000.0
2023-12-14,3255.0,3258.6,3218.0,3241.35,923110.0
2023-12-15,3250.0,3326.35,3242.0,3313.9,1630000.0
2023-12-18,3313.0,3335.8,3296.0,3332.05,911940.0
2023-12-19,3335.95,3353.9,3300.15,3336.05,780450.0
2023-12-20,3336.05,3359.95,3282.65,3297.15,979760.0
2023-12-21,3280.0,3320.0,3271.85,3302.95,1590000.0
2023-12-22,3309.9,3350.8,3287.0,3341.3,930560.0
2023-12-26,3349.95,3391.9,3345.2,3383.35,600190.0
2023-12-27,3381.05,3409.95,3354.0,3404.45,837180.0
2023-12-28,3405.0,3419.95,3373.05,3397.25,779250.0
2023-12-29,3410.0,3422.95,3383.9,3402.4,615680.0
2024-01-01,3403.0,3411.8,3389.15,3396.1,283950.0
2024-01-02,3396.0,3398.9,3345.0,3391.35,552390.0
2024-01-03,3391.35,3399.0,3365.0,3373.6,379130.0
2024-01-04,3372.0,3401.25,3363.8,3379.95,777130.0
2024-01-05,3379.95,3380.4,3348.0,3355.55,416960.0
2024-01-08,3355.0,3376.5,3294.85,3298.4,545880.0
2024-01-09,3310.0,3315.0,3262.25,3267.5,670700.0
2024-01-10,3292.0,3293.0,3258.2,3286.85,691090.0
2024-01-11,3286.85,3309.2,3270.7,3288.2,537470.0
2024-01-12,3294.95,3294.95,3244.0,3277.8,673000.0
2024-01-15,3282.2,3287.2,3258.6,3273.9,728120.0
2024-01-16,3274.95,3320.0,3273.9,3296.9,748220.0
2024-01-17,3294.1,3304.35,3193.05,3242.3,2240000.0
2024-01-18,3257.95,3257.95,3048.6,3163.85,1980000.0
2024-01-19,3177.8,3201.55,3148.6,3165.85,936200.0
2024-01-20,3179.9,3189.2,3130.35,3138.8,275940.0
2024-01-23,3087.55,3109.0,3021.55,3054.7,2370000.0
2024-01-24,3055.0,3055.0,2976.1,2999.45,2670000.0
2024-01-25,3010.05,3016.0,2942.3,2949.2,2000000.0
2024-01-29,2940.05,2988.45,2940.05,2976.05,1860000.0
2024-01-30,2990.0,3005.0,2951.05,2954.1,1270000.0
2024-01-31,2966.0,2971.9,2948.05,2957.85,1770000.0
2024-02-01,2961.0,2972.85,2919.95,2929.35,3010000.0
2024-02-02,2950.0,2962.35,2924.05,2936.3,1880000.0
2024-02-05,2950.0,2965.0,2912.0,2917.35,923440.0
2024-02-06,2931.0,2947.0,2902.65,2930.95,1470000.0
2024-02-07,2957.0,3002.95,2936.05,2981.15,1130000.0
2024-02-08,2999.75,2999.75,2919.8,2929.6,1630000.0
2024-02-09,2930.0,2959.0,2910.55,2951.65,1140000.0
2024-02-12,2951.65,2964.95,2920.05,2953.8,614470.0
2024-02-13,2964.95,2981.25,2945.7,2971.6,717120.0
2024-02-14,2969.9,2980.8,2936.05,2976.4,750340.0
2024-02-15,2980.0,3024.5,2967.45,3016.55,1070000.0
2024-02-16,3035.0,3035.0,3000.0,3007.9,1180000.0
2024-02-19,3007.9,3018.7,2987.5,2998.1,560700.0
2024-02-20,2998.1,3017.1,2972.1,3011.65,729370.0
2024-02-21,3012.05,3026.75,2983.5,3001.8,927130.0
2024-02-22,2983.0,3027.2,2932.1,3017.4,2620000.0
2024-02-23,2999.0,3005.0,2966.2,2985.95,1650000.0
2024-02-26,2920.0,2930.0,2847.8,2868.45,3520000.0
2024-02-27,2855.0,2870.0,2850.1,2859.55,1300000.0
2024-02-28,2850.15,2859.4,2785.5,2794.35,2470000.0
2024-02-29,2785.0,2838.0,2776.75,2821.9,2280000.0
2024-03-01,2832.9,2845.95,2815.05,2831.75,978170.0
2024-03-02,2840.0,2862.1,2836.05,2849.8,89990.0
2024-03-04,2860.0,2860.95,2828.0,2831.75,971300.0
2024-03-05,2834.0,2834.85,2805.0,2820.4,736380.0
2024-03-06,2827.95,2839.0,2777.75,2827.3,1720000.0
2024-03-07,2825.0,2894.0,2825.0,2870.55,1560000.0
2024-03-11,2895.55,2896.55,2853.1,2876.85,866550.0
2024-03-12,2880.0,2899.9,2865.45,2876.15,663190.0
2024-03-13,2878.6,2887.25,2835.0,2860.15,955840.0
2024-03-14,2860.0,2898.05,2841.0,2892.25,1380000.0
2024-03-15,2895.0,2896.95,2850.0,2867.55,1360000.0
2024-03-18,2866.0,2866.0,2817.25,2846.5,940420.0
2024-03-19,2840.0,2840.0,2801.0,2815.1,1200000.0
2024-03-20,2815.1,2837.05,2797.55,2824.9,818910.0
2024-03-21,2845.0,2845.4,2806.0,2821.15,1170000.0
2024-03-22,2821.15,2855.15,2808.0,2841.5,1650000.0
2024-03-26,2820.0,2844.15,2810.0,2814.65,1370000.0
2024-03-27,2817.95,2842.85,2817.7,2830.5,1160000.0
2024-03-28,2835.05,2868.0,2819.0,2846.75,1860000.0
2024-04-01,2860.95,2886.45,2852.35,2871.0,558090.0
2024-04-02,2874.05,2892.4,2856.0,2874.2,562470.0
2024-04-03,2845.0,2884.55,2845.0,2869.35,816680.0
2024-04-04,2870.0,2943.25,2851.25,2918.3,1830000.0
2024-04-05,2924.0,2927.75,2880.0,2883.45,1160000.0
2024-04-08,2908.0,2908.95,2873.8,2892.0,570700.0
2024-04-09,2893.0,2916.45,2845.0,2857.15,1020000.0
2024-04-10,2883.3,2899.1,2858.0,2896.75,740500.0
2024-04-12,2890.0,2893.0,2845.0,2854.5,1770000.0
2024-04-15,2830.2,2853.5,2812.35,2844.4,884520.0
2024-04-16,2827.65,2841.45,2820.0,2830.0,911250.0
2024-04-18,2855.0,2859.2,2800.1,2807.7,1730000.0
2024-04-19,2790.0,2822.1,2766.15,2808.55,1340000.0
2024-04-22,2846.6,2846.6,2814.05,2841.85,676040.0
2024-04-23,2852.0,2877.95,2844.0,2874.9,929060.0
2024-04-24,2882.95,2883.1,2860.0,2867.75,718440.0
2024-04-25,2865.0,2869.9,2829.05,2861.45,1590000.0
2024-04-26,2870.0,2878.2,2837.05,2844.15,625510.0
2024-04-29,2844.15,2873.95,2839.0,2868.2,566220.0
2024-04-30,2855.0,2912.0,2855.0,2875.9,1290000.0
2024-05-02,2875.1,2988.0,2875.1,2975.4,2490000.0
2024-05-03,2983.05,2997.0,2909.25,2929.75,1590000.0
2024-05-06,2950.0,2959.0,2911.2,2932.15,768810.0
2024-05-07,2947.0,2967.95,2904.0,2913.0,629530.0
2024-05-08,2900.0,2905.0,2821.0,2843.3,1650000.0
2024-05-09,2828.0,2853.95,2703.8,2710.1,3550000.0
2024-05-10,2699.0,2792.6,2670.1,2771.25,2480000.0
2024-05-13,2771.25,2895.0,2754.1,2879.25,2750000.0
2024-05-14,2879.0,2888.0,2842.0,2866.15,999330.0
2024-05-15,2866.15,2874.25,2806.15,2813.7,1230000.0
2024-05-16,2821.05,2837.6,2786.55,2814.05,1530000.0
2024-05-17,2814.6,2838.2,2786.1,2809.9,1330000.0
2024-05-18,2824.0,2830.0,2810.2,2816.35,52260.0
2024-05-21,2815.0,2866.95,2801.0,2851.8,921820.0
2024-05-22,2851.8,2895.0,2836.6,2885.75,933850.0
2024-05-23,2885.0,2921.25,2877.3,2903.75,1180000.0
2024-05-24,2910.2,2910.2,2867.0,2874.75,755820.0
2024-05-27,2887.9,2898.3,2855.55,2872.3,817090.0
2024-05-28,2875.85,2921.0,2864.0,2911.2,1080000.0
2024-05-29,2896.0,2921.7,2881.1,2900.15,1760000.0
2024-05-30,2875.25,2910.85,2875.0,2883.7,1340000.0
2024-05-31,2883.7,2906.0,2855.6,2881.2,2520000.0
2024-06-03,2950.0,2950.0,2860.05,2866.45,952700.0
2024-06-04,2880.0,2897.0,2775.75,2857.65,2680000.0
2024-06-05,2864.5,3027.3,2864.5,2961.75,2410000.0
2024-06-06,2960.0,2961.75,2882.25,2904.8,1690000.0
2024-06-07,2904.8,2943.1,2888.85,2927.7,1600000.0
2024-06-10,2928.0,2951.9,2915.0,2937.55,876870.0
2024-06-11,2915.0,2920.35,2895.0,2902.45,855430.0
2024-06-12,2909.0,2918.0,2865.65,2905.8,1700000.0
2024-06-13,2929.0,2929.0,2905.0,2910.0,726380.0
2024-06-14,2910.0,2931.35,2905.1,2921.6,982820.0
2024-06-18,2921.6,2928.0,2905.0,2918.5,741100.0
2024-06-19,2918.0,2920.0,2882.65,2891.7,1020000.0
2024-06-20,2885.0,2924.5,2872.4,2915.5,1130000.0
2024-06-21,2925.0,2928.0,2880.1,2890.85,1720000.0
2024-06-24,2883.0,2899.95,2871.4,2896.05,892130.0
2024-06-25,2876.0,2894.95,2856.0,2858.45,1220000.0
2024-06-26,2860.2,2873.85,2844.05,2863.35,960620.0
2024-06-27,2860.75,2903.0,2845.0,2880.85,1630000.0
2024-06-28,2865.0,2932.0,2862.2,2917.05,1210000.0
2024-07-01,2889.3,2939.0,2888.0,2927.8,1100000.0
2024-07-02,2927.8,2936.0,2912.0,2925.6,1060000.0
2024-07-03,2929.7,2948.95,2916.0,2925.55,925190.0
2024-07-04,2940.0,2968.45,2923.0,2934.9,968670.0
2024-07-05,2937.15,2946.9,2913.1,2935.9,817430.0
2024-07-08,2935.9,2935.9,2890.7,2898.15,828260.0
2024-07-09,2908.95,2913.2,2890.0,2905.0,685430.0
2024-07-10,2900.05,3014.5,2894.35,2996.45,2300000.0
2024-07-11,2999.0,3030.0,2973.0,3022.05,1970000.0
2024-07-12,3025.0,3052.0,2970.9,2999.15,1880000.0
2024-07-15,2999.0,2999.0,2932.55,2956.5,2430000.0
2024-07-16,2959.0,3015.95,2941.5,2974.45,2089999.9999999998
2024-07-18,2875.0,2957.9,2842.0,2931.55,5380000.0
2024-07-19,2925.0,2980.0,2917.25,2946.05,2160000.0
2024-07-22,2937.0,2973.35,2917.15,2934.3,1620000.0
2024-07-23,2934.3,2947.3,2886.0,2897.1,1910000.0
2024-07-24,2901.0,2927.0,2886.2,2912.8,1480000.0
2024-07-25,2892.05,2908.7,2885.25,2901.4,1240000.0
2024-07-26,2902.2,2964.45,2900.7,2950.15,1360000.0
2024-07-29,2953.05,2965.1,2936.0,2954.7,854410.0
2024-07-30,2973.5,3032.8,2970.0,3005.05,2140000.0
2024-07-31,3005.05,3098.0,3005.05,3084.45,3550000.0
2024-08-01,3088.0,3128.95,3062.8,3099.35,1680000.0
2024-08-02,3070.0,3129.05,3060.0,3106.7,1350000.0
2024-08-05,3069.95,3145.0,3055.3,3093.4,2020000.0
2024-08-06,3101.7,3135.0,3086.05,3101.75,885740.0
2024-08-07,3101.75,3118.5,3060.05,3101.45,1910000.0
2024-08-08,3080.0,3089.7,2990.4,3005.4,1280000.0
2024-08-09,3039.0,3052.75,2966.0,3040.6,1670000.0
2024-08-12,3020.0,3084.0,3003.7,3053.2,1740000.0
2024-08-13,3054.9,3059.8,3013.0,3023.55,502260.0
2024-08-14,3034.8,3034.8,2994.05,3025.85,454670.0
2024-08-16,3054.0,3054.0,3003.0,3048.15,514230.0
2024-08-19,3053.95,3087.85,3038.35,3076.3,542860.0
2024-08-20,3096.0,3106.35,3078.0,3103.2,668280.0
2024-08-21,3101.0,3170.6,3084.05,3151.55,1190000.0
2024-08-22,3167.0,3198.65,3156.05,3186.6,1540000.0
2024-08-23,3190.0,3198.6,3148.75,3154.65,779280.0
2024-08-26,3155.0,3177.45,3141.5,3171.35,472870.0
2024-08-27,3154.0,3203.65,3150.0,3166.2,1000000.0
2024-08-28,3152.95,3165.5,3118.8,3125.5,538370.0
2024-08-29,3125.5,3143.95,3092.7,3115.85,849870.0
2024-08-30,3130.05,3166.75,3110.7,3126.8,1570000.0
2024-09-02,3148.0,3184.0,3139.6,3150.95,702360.0
2024-09-03,3164.95,3174.55,3147.5,3154.85,577470.0
2024-09-04,3155.5,3252.0,3155.5,3231.65,2380000.0
2024-09-05,3240.0,3257.0,3217.0,3238.25,1480000.0
2024-09-06,3238.0,3285.9,3225.35,3273.7,2130000.0
2024-09-09,3273.7,3314.0,3258.0,3280.75,1270000.0
2024-09-10,3290.0,3310.0,3270.9,3295.05,928920.0
2024-09-11,3315.0,3382.95,3315.0,3367.45,2560000.0
2024-09-12,3370.0,3393.0,3340.3,3383.25,1640000.0
2024-09-13,3355.55,3369.7,3320.9,3358.05,1030000.0
2024-09-16,3360.0,3394.9,3330.6,3335.8,1020000.0
2024-09-17,3335.8,3349.9,3301.8,3312.8,586830.0
2024-09-18,3312.8,3324.85,3251.55,3274.65,410510.0
2024-09-19,3294.0,3320.0,3275.0,3293.85,963460.0
2024-09-20,3304.0,3324.8,3266.05,3306.95,1500000.0
2024-09-23,3316.95,3324.9,3273.2,3277.45,522780.0
2024-09-24,3277.45,3297.75,3241.1,3248.4,1060000.0
2024-09-25,3252.0,3252.0,3206.75,3244.75,740640.0
2024-09-26,3250.0,3285.85,3227.1,3277.05,951080.0
2024-09-27,3290.95,3337.95,3277.05,3310.75,1320000.0
2024-09-30,3310.75,3358.0,3305.15,3329.1,1090000.0
2024-10-01,3317.0,3328.95,3244.05,3277.35,968660.0
2024-10-03,3192.3,3225.9,3126.5,3149.3,1740000.0
2024-10-04,3135.0,3156.75,3054.55,3072.5,1550000.0
2024-10-07,3075.0,3098.55,3038.0,3062.25,909810.0
2024-10-08,3058.0,3099.0,3045.65,3088.05,817720.0
2024-10-09,3095.55,3146.7,3071.75,3078.85,1230000.0
2024-10-10,3090.05,3095.0,3043.0,3059.1,1160000.0
2024-10-11,3059.2,3064.0,3026.0,3037.2,976020.0
2024-10-14,3037.0,3055.0,3017.2,3039.15,716010.0
2024-10-15,3075.0,3096.8,3047.65,3067.1,1240000.0
2024-10-16,3088.0,3103.55,3066.1,3082.1,764000.0
2024-10-17,3082.9,3085.0,3037.0,3055.85,674480.0
2024-10-18,3057.0,3069.0,2980.6,2992.15,899320.0
2024-10-21,3007.05,3057.0,3000.55,3049.2,806970.0
2024-10-22,3054.0,3057.95,2995.25,3006.85,541840.0
2024-10-23,2999.95,3026.5,2972.05,2989.7,624690.0
2024-10-24,2989.7,3002.3,2951.0,2972.0,571260.0
2024-10-25,2975.5,3015.55,2952.0,2958.0,1050000.0
2024-10-28,2987.9,3021.7,2963.05,3001.85,504960.0
2024-10-29,3020.0,3028.0,2941.1,2992.85,613460.0
2024-10-30,3006.0,3006.0,2963.55,2996.65,812730.0
2024-10-31,2994.2,2996.5,2919.0,2935.65,1030000.0
2024-11-01,2958.0,2965.75,2930.0,2939.85,112250.0
2024-11-04,2962.15,2962.15,2885.5,2915.3,1150000.0
2024-11-05,2895.0,2918.8,2872.7,2887.3,935520.0
2024-11-06,2890.5,2907.85,2860.0,2897.3,1820000.0
2024-11-07,2900.0,2904.95,2825.0,2842.85,1110000.0
2024-11-08,2842.85,2847.0,2762.4,2769.45,2060000.0
2024-11-11,2565.05,2598.75,2506.0,2543.1,8860000.0
2024-11-12,2535.0,2535.0,2470.0,2474.85,3450000.0
2024-11-13,2470.0,2498.0,2451.1,2470.5,1800000.0
2024-11-14,2482.8,2501.75,2466.2,2483.15,1210000.0
2024-11-18,2520.0,2520.0,2470.8,2483.7,945480.0
2024-11-19,2488.0,2503.2,2472.35,2483.7,941560.0
2024-11-21,2454.7,2465.95,2425.0,2428.15,1380000.0
2024-11-22,2430.0,2493.95,2422.95,2472.2,3810000.0
2024-11-25,2505.0,2507.95,2450.05,2459.7,1860000.0
2024-11-26,2459.9,2518.0,2457.6,2505.0,1150000.0
2024-11-27,2517.5,2517.65,2480.0,2491.9,864730.0
2024-11-28,2500.0,2506.0,2453.3,2458.05,1510000.0
2024-11-29,2458.05,2491.5,2455.05,2479.6,1030000.0
2024-12-02,2479.6,2486.0,2461.35,2479.05,914670.0
2024-12-03,2494.0,2494.0,2463.5,2469.4,1340000.0
2024-12-04,2478.9,2479.1,2453.2,2459.45,1010000.0
2024-12-05,2465.0,2466.9,2423.9,2452.2,3190000.0
2024-12-06,2468.0,2468.0,2427.0,2429.7,1740000.0
2024-12-09,2438.15,2439.0,2387.0,2391.85,2300000.0
2024-12-10,2399.9,2404.65,2385.05,2388.9,1660000.0
2024-12-11,2399.75,2428.0,2392.65,2417.3,1340000.0
2024-12-12,2413.0,2415.0,2380.7,2389.55,1090000.0
2024-12-13,2389.55,2412.0,2354.0,2407.65,1150000.0
2024-12-16,2419.95,2419.95,2386.15,2402.25,987790.0
2024-12-17,2388.0,2399.9,2350.5,2356.0,1260000.0
2024-12-18,2356.8,2372.7,2341.0,2345.45,855720.0
2024-12-19,2325.0,2325.0,2265.35,2291.85,2780000.0
2024-12-20,2297.0,2318.0,2276.0,2282.35,1720000.0
2024-12-23,2300.0,2302.55,2266.05,2279.2,855680.0
2024-12-24,2282.1,2295.0,2277.15,2284.0,601630.0
2024-12-26,2284.0,2287.45,2256.5,2262.4,1270000.0
2024-12-27,2270.25,2290.8,2260.05,2271.4,822000.0
2024-12-30,2280.25,2298.8,2256.8,2288.25,1080000.0
2024-12-31,2280.0,2297.65,2273.0,2281.35,685490.0
2025-01-01,2280.0,2323.2,2280.0,2304.65,1070000.0
2025-01-02,2314.0,2347.95,2294.0,2343.25,1340000.0
2025-01-03,2344.0,2348.95,2322.15,2335.95,1360000.0
2025-01-06,2335.95,2340.0,2256.7,2267.15,1190000.0
2025-01-07,2272.0,2316.0,2272.0,2292.6,740800.0
2025-01-08,2287.05,2338.0,2272.7,2334.35,1440000.0
2025-01-09,2341.9,2361.4,2321.3,2350.2,1360000.0
2025-01-10,2335.6,2348.9,2316.0,2320.75,1210000.0
2025-01-13,2291.75,2301.9,2246.4,2252.65,1180000.0
2025-01-14,2269.0,2286.35,2237.0,2239.95,1320000.0
2025-01-15,2249.0,2253.75,2220.0,2229.7,1310000.0
2025-01-16,2239.0,2239.85,2207.8,2215.6,1940000.0
2025-01-17,2225.65,2269.05,2212.5,2261.0,878870.0
2025-01-20,2272.25,2286.9,2251.0,2280.55,555730.0
2025-01-21,2280.55,2315.0,2255.0,2260.35,1410000.0
2025-01-22,2270.0,2270.0,2244.9,2262.1,835520.0
2025-01-23,2262.1,2301.8,2246.2,2276.35,1140000.0
2025-01-24,2283.0,2296.55,2255.05,2262.4,543220.0
2025-01-27,2255.3,2277.75,2246.2,2251.5,1100000.0
2025-01-28,2260.0,2267.05,2234.1,2241.8,897500.0
2025-01-29,2241.8,2246.8,2212.05,2223.15,1280000.0
2025-01-30,2223.15,2259.25,2215.0,2249.85,1160000.0
2025-01-31,2255.0,2305.0,2234.85,2300.8,1290000.0
2025-02-01,2312.0,2389.0,2285.3,2351.15,1320000.0
2025-02-03,2351.15,2364.45,2277.7,2292.25,1070000.0
2025-02-04,2304.65,2418.6,2263.75,2354.35,5370000.0
2025-02-05,2269.0,2295.55,2237.25,2275.2,3470000.0
2025-02-06,2287.2,2298.9,2260.25,2263.4,1290000.0
2025-02-07,2266.0,2276.3,2243.2,2271.0,1340000.0
2025-02-10,2271.05,2278.0,2254.0,2270.15,1180000.0
2025-02-11,2279.0,2282.9,2226.0,2240.85,1610000.0
2025-02-12,2241.85,2247.95,2185.7,2228.25,1180000.0
2025-02-13,2228.25,2249.95,2220.0,2236.4,921920.0
2025-02-14,2236.4,2250.55,2203.0,2231.3,1380000.0
2025-02-17,2231.3,2260.0,2226.05,2250.85,923980.0
2025-02-18,2248.0,2251.95,2218.75,2237.6,735850.0
2025-02-19,2237.6,2249.8,2226.1,2239.1,645240.0
2025-02-20,2239.1,2257.1,2231.05,2249.05,637440.0
2025-02-21,2249.05,2265.8,2237.0,2257.6,755630.0
2025-02-24,2245.9,2259.0,2241.0,2246.2,765060.0
2025-02-25,2246.2,2257.1,2217.7,2224.75,947720.0
2025-02-27,2214.0,2228.4,2198.0,2213.65,1030000.0
2025-02-28,2210.0,2211.35,2175.8,2179.75,1700000.0
2025-03-03,2179.75,2193.35,2129.0,2166.4,959080.0
2025-03-04,2154.05,2159.85,2124.75,2132.1,2180000.0
2025-03-05,2132.0,2182.8,2124.75,2164.15,1540000.0
2025-03-06,2189.85,2275.0,2183.1,2267.7,1990000.0
2025-03-07,2267.7,2277.95,2248.0,2270.0,921430.0
2025-03-10,2270.0,2293.0,2261.85,2278.6,1070000.0
2025-03-11,2274.0,2290.9,2257.9,2287.4,601230.0
2025-03-12,2287.4,2295.95,2247.0,2251.3,749230.0
2025-03-13,2255.25,2257.2,2222.5,2231.3,747500.0
2025-03-17,2205.0,2239.25,2196.05,2219.55,838020.0
2025-03-18,2230.65,2290.0,2222.75,2273.95,816360.0
2025-03-19,2274.0,2287.95,2267.85,2280.7,663340.0
2025-03-20,2290.0,2307.0,2268.75,2287.2,1170000.0
2025-03-21,2291.65,2314.5,2277.85,2300.4,1620000.0
2025-03-24,2302.4,2330.25,2302.1,2322.5,1100000.0
2025-03-25,2325.0,2344.5,2308.0,2330.75,1830000.0
2025-03-26,2340.0,2340.95,2304.0,2323.15,1930000.0
2025-03-27,2315.0,2350.1,2290.5,2338.1,1500000.0
2025-03-28,2343.95,2364.0,2325.0,2340.65,1280000.0
2025-04-01,2342.0,2361.7,2305.75,2316.0,970580.0
2025-04-02,2328.0,2328.4,2292.15,2306.65,792700.0
2025-04-03,2295.0,2354.9,2289.8,2349.4,608850.0
2025-04-04,2349.4,2363.95,2302.8,2356.05,1160000.0
2025-04-07,2190.0,2354.0,2190.0,2341.35,1750000.0
2025-04-08,2356.0,2420.0,2356.0,2394.2,1880000.0
2025-04-09,2400.0,2429.45,2390.9,2411.15,1190000.0
2025-04-11,2439.5,2448.0,2380.25,2393.6,968150.0
2025-04-15,2414.9,2425.0,2385.0,2415.7,1140000.0
2025-04-16,2405.1,2468.5,2403.7,2459.9,1170000.0
2025-04-17,2459.9,2476.4,2431.0,2467.9,885840.0
2025-04-21,2465.9,2470.9,2441.0,2445.0,541910.0
2025-04-22,2445.0,2450.0,2413.5,2432.0,543660.0
2025-04-23,2437.0,2456.6,2425.6,2453.1,744700.0
2025-04-24,2450.0,2491.0,2435.9,2464.4,1200000.0
2025-04-25,2464.3,2468.7,2413.7,2431.6,702220.0
2025-04-28,2419.9,2459.8,2405.0,2452.2,554920.0
2025-04-29,2460.0,2472.0,2441.6,2451.1,1240000.0
2025-04-30,2450.0,2462.2,2401.5,2425.7,1480000.0
2025-05-02,2425.0,2444.9,2398.0,2409.8,928080.0
2025-05-05,2423.1,2475.0,2423.1,2436.9,1230000.0
2025-05-06,2442.0,2449.9,2391.1,2418.0,702820.0
2025-05-07,2388.0,2405.7,2318.5,2334.1,1710000.0
2025-05-08,2322.0,2349.1,2293.5,2302.6,2290000.0
2025-05-09,2246.6,2331.8,2245.0,2299.6,1500000.0
2025-05-12,2330.0,2378.5,2321.0,2356.4,940140.0
2025-05-13,2354.0,2358.0,2315.1,2324.6,1220000.0
2025-05-14,2319.0,2319.0,2277.1,2282.3,1550000.0
2025-05-15,2285.0,2335.5,2268.0,2329.9,1680000.0
2025-05-16,2333.9,2355.0,2315.0,2353.6,785110.0
2025-05-19,2353.6,2378.9,2326.6,2331.4,552960.0
2025-05-20,2347.5,2347.7,2291.4,2295.6,1100000.0
2025-05-21,2296.0,2316.2,2290.0,2312.4,469330.0
2025-05-22,2309.2,2310.0,2283.1,2299.2,916500.0
2025-05-23,2301.8,2329.0,2295.0,2315.5,458040.0
2025-05-26,2316.0,2338.0,2302.8,2327.2,1260000.0
2025-05-27,2313.1,2351.6,2301.1,2327.6,2490000.0
2025-05-28,2327.6,2333.0,2300.3,2303.2,774810.0
2025-05-29,2303.2,2309.0,2286.5,2294.3,1410000.0
2025-05-30,2296.5,2304.0,2255.0,2259.1,3610000.0
2025-06-02,2259.1,2272.3,2257.9,2266.7,702790.0
2025-06-03,2272.6,2287.3,2246.7,2255.7,792590.0
2025-06-04,2249.5,2261.0,2240.9,2249.0,768080.0
2025-06-05,2251.1,2261.0,2233.0,2243.5,996620.0
2025-06-06,2249.1,2252.6,2239.0,2245.2,822090.0
2025-06-09,2240.0,2255.8,2236.0,2247.9,1040000.0
2025-06-10,2240.0,2240.0,2215.2,2218.9,1810000.0
2025-06-11,2209.0,2225.9,2207.2,2208.8,1430000.0
2025-06-12,2224.0,2263.0,2208.1,2219.4,3420000.0
2025-06-13,2175.0,2217.1,2174.8,2214.2,1790000.0
2025-06-16,2214.2,2250.0,2209.3,2244.8,1300000.0
2025-06-17,2231.0,2281.0,2227.0,2264.8,1540000.0
2025-06-18,2257.0,2284.0,2255.0,2281.4,1130000.0
2025-06-19,2270.0,2285.0,2264.0,2268.0,524940.0
2025-06-20,2267.0,2289.9,2263.0,2285.7,1950000.0
2025-06-23,2261.2,2272.8,2253.9,2264.1,596190.0
2025-06-24,2305.0,2309.7,2268.9,2275.3,1040000.0
2025-06-25,2276.1,2294.3,2275.4,2279.9,807390.0
2025-06-26,2287.0,2292.6,2280.2,2289.8,921520.0
2025-06-27,2283.0,2364.5,2277.1,2358.7,1560000.0
2025-06-30,2362.0,2369.9,2326.1,2341.1,785410.0
2025-07-01,2380.5,2400.0,2350.2,2369.5,1230000.0
2025-07-02,2340.0,2430.0,2327.0,2419.4,1940000.0
2025-07-03,2428.9,2464.4,2425.0,2430.9,1550000.0
2025-07-04,2430.9,2443.0,2412.0,2424.2,602320.0
2025-07-07,2423.3,2465.1,2421.0,2442.8,869050.0
2025-07-08,2440.5,2488.0,2437.3,2484.6,1140000.0
2025-07-09,2520.5,2535.0,2492.9,2498.9,2330000.0
2025-07-10,2507.3,2512.0,2445.1,2451.2,932980.0
2025-07-11,2447.5,2484.8,2435.5,2439.2,1050000.0
2025-07-14,2431.1,2448.6,2391.0,2401.6,891620.0
2025-07-15,2409.9,2415.0,2386.3,2393.5,610230.0
2025-07-16,2381.0,2422.4,2371.0,2410.5,1200000.0
2025-07-17,2404.1,2414.0,2394.0,2398.9,526160.0
2025-07-18,2400.6,2405.0,2372.3,2382.4,599550.0
2025-07-21,2382.4,2408.0,2360.8,2375.4,390930.0
2025-07-22,2375.4,2380.8,2361.3,2365.2,411320.0
2025-07-23,2363.0,2384.7,2352.6,2375.4,369000.0
2025-07-24,2375.4,2380.0,2341.0,2352.1,506960.0
2025-07-25,2340.0,2350.5,2325.8,2336.2,383640.0
2025-07-28,2336.2,2366.4,2320.0,2359.6,650360.0
2025-07-29,2359.0,2418.3,2325.0,2401.5,1740000.0
2025-07-30,2409.0,2443.8,2366.5,2415.8,1690000.0
2025-07-31,2401.4,2417.2,2373.5,2396.1,1270000.0
2025-08-01,2378.0,2472.0,2378.0,2431.0,2230000.0
2025-08-04,2443.2,2467.0,2439.6,2449.8,1170000.0
2025-08-05,2461.9,2463.7,2409.1,2436.8,659090.0
2025-08-06,2440.0,2505.6,2440.0,2491.2,2020000.0
2025-08-07,2484.1,2510.0,2466.9,2506.5,1500000.0
2025-08-08,2506.5,2511.7,2468.5,2475.6,1180000.0
2025-08-11,2463.9,2504.2,2452.0,2489.1,721140.0
2025-08-12,2489.1,2502.8,2474.0,2478.3,608980.0
2025-08-13,2479.8,2504.4,2461.2,2500.2,350840.0
2025-08-14,2505.0,2534.9,2497.7,2528.7,1090000.0
2025-08-18,2550.0,2595.0,2536.6,2587.4,1760000.0
2025-08-19,2587.4,2595.0,2561.2,2579.4,698590.0
2025-08-20,2578.0,2579.3,2563.4,2570.1,308030.0
2025-08-21,2574.9,2576.0,2559.3,2566.6,781080.0
2025-08-22,2562.8,2569.3,2501.1,2504.5,523770.0
2025-08-25,2516.0,2522.5,2476.0,2492.9,766500.0
2025-08-26,2481.1,2523.3,2468.0,2481.4,7110000.0
2025-08-28,2465.0,2528.0,2465.0,2489.0,1490000.0
2025-08-29,2491.0,2531.6,2490.0,2518.6,1800000.0
2025-09-01,2518.0,2577.8,2515.1,2570.2,1310000.0
2025-09-02,2569.0,2571.9,2531.0,2540.0,1020000.0
2025-09-03,2530.0,2565.1,2527.3,2553.9,925850.0
2025-09-04,2553.9,2583.0,2553.0,2568.6,933070.0
2025-09-05,2565.0,2602.0,2565.0,2579.9,1150000.0
2025-09-08,2579.9,2589.6,2526.4,2530.8,742880.0
2025-09-09,2540.0,2551.6,2524.8,2537.3,702450.0
2025-09-10,2537.3,2555.0,2525.1,2543.3,520580.00000000006
2025-09-11,2541.0,2559.5,2535.7,2555.9,423960.0
2025-09-12,2560.0,2568.3,2537.2,2546.3,547540.0
2025-09-15,2535.1,2543.5,2498.0,2502.6,583050.0
2025-09-16,2495.0,2509.9,2474.5,2480.9,760790.0
2025-09-17,2482.0,2496.9,2480.8,2493.6,359630.0
2025-09-18,2497.9,2506.2,2469.3,2478.7,400800.0
2025-09-19,2475.0,2509.5,2468.5,2481.7,3730000.0
2025-09-22,2494.1,2503.0,2474.1,2482.7,872810.0
2025-09-23,2472.1,2483.8,2428.0,2446.9,1330000.0
2025-09-24,2446.0,2475.0,2443.2,2457.2,637750.0
2025-09-25,2458.5,2462.7,2388.0,2404.0,1520000.0
2025-09-26,2397.5,2400.0,2339.0,2342.8,1090000.0
2025-09-29,2342.9,2363.7,2329.2,2342.6,950370.0
2025-09-30,2352.0,2388.8,2340.0,2350.0,778870.0
2025-10-01,2353.4,2357.0,2321.2,2335.8,648280.0
2025-10-03,2342.2,2362.7,2336.1,2357.8,659870.0
2025-10-06,2355.0,2359.2,2334.1,2354.8,362110.0
2025-10-07,2355.0,2371.4,2346.0,2352.8,498520.0
2025-10-08,2360.0,2369.4,2320.0,2328.5,701800.0
2025-10-09,2328.5,2341.0,2323.8,2336.4,587570.0
2025-10-10,2338.9,2357.8,2336.6,2340.2,1120000.0
2025-10-13,2340.2,2366.6,2337.0,2342.5,667730.0
2025-10-14,2342.4,2355.0,2308.0,2318.1,353350.0
2025-10-15,2330.0,2384.0,2325.0,2375.1,753640.0
2025-10-16,2377.0,2420.8,2366.9,2409.7,715890.0
2025-10-17,2421.0,2544.0,2421.0,2507.8,3720000.0
2025-10-20,2507.8,2537.1,2500.7,2516.0,714990.0
2025-10-21,2513.0,2519.2,2484.0,2504.6,107940.0
2025-10-23,2518.9,2546.0,2496.8,2502.4,811740.0
2025-10-24,2495.0,2506.7,2486.3,2501.6,327600.0
2025-10-27,2501.6,2530.0,2499.6,2518.8,550090.0
2025-10-28,2515.0,2528.6,2492.0,2509.3,1100000.0
2025-10-29,2520.0,2550.8,2512.5,2538.7,615290.0
2025-10-30,2535.5,2538.7,2513.3,2523.5,736490.0
2025-10-31,2523.4,2530.0,2505.3,2510.8,609130.0
2025-11-03,2496.2,2515.3,2495.0,2512.2,425210.0
2025-11-04,2510.0,2521.0,2479.7,2486.7,527090.0
2025-11-06,2560.1,2631.0,2560.1,2602.9,4450000.0
2025-11-07,2602.9,2618.9,2585.0,2613.8,791660.0
2025-11-10,2613.8,2666.8,2611.1,2650.4,1710000.0
2025-11-11,2650.4,2664.9,2633.4,2657.2,776400.0
2025-11-12,2660.0,2838.7,2642.1,2769.8,2860000.0
2025-11-13,2858.9,2897.1,2840.0,2879.4,5930000.0
2025-11-14,2865.1,2909.9,2862.0,2906.4,2490000.0
2025-11-17,2906.4,2926.9,2880.0,2887.9,1230000.0
2025-11-18,2886.0,2916.0,2862.1,2906.0,1820000.0
2025-11-19,2914.0,2916.0,2887.2,2893.7,1390000.0
2025-11-20,2897.4,2906.1,2852.5,2859.8,1060000.0
2025-11-21,2869.0,2895.6,2854.1,2876.6,857340.0
2025-11-24,2876.0,2896.5,2864.5,2879.2,5400000.0
2025-11-25,2899.9,2908.5,2869.0,2875.8,972420.0
2025-11-26,2880.0,2896.2,2857.6,2874.0,570380.0
2025-11-27,2880.0,2914.5,2871.4,2879.1,1160000.0
2025-11-28,2880.0,2889.9,2855.8,2874.4,748450.0
2025-12-01,2877.7,2887.5,2848.0,2867.6,499150.0
2025-12-02,2867.0,2962.0,2861.2,2954.4,2100000.0
2025-12-03,2969.0,2969.2,2932.6,2953.5,1250000.0
2025-12-04,2950.0,2985.7,2934.0,2957.2,1470000.0
2025-12-05,2955.0,2973.5,2941.0,2968.5,944980.0
2025-12-08,2970.0,2974.5,2914.8,2928.3,983540.0
2025-12-09,2910.0,2913.5,2788.5,2796.0,1840000.0
2025-12-10,2810.0,2824.0,2796.7,2804.5,845070.0
2025-12-11,2800.0,2811.6,2763.2,2779.4,777420.0
2025-12-12,2795.0,2797.0,2746.0,2764.8,977700.0
2025-12-15,2773.1,2802.0,2758.7,2780.2,1030000.0
2025-12-16,2793.0,2808.0,2776.1,2790.9,916240.0
2025-12-17,2800.0,2806.5,2772.0,2785.7,636500.0
2025-12-18,2780.0,2793.8,2755.3,2759.7,417990.0
2025-12-19,2766.4,2812.4,2759.7,2799.9,3900000.0
2025-12-22,2785.8,2823.1,2780.3,2807.6,463950.0
2025-12-23,2798.0,2819.0,2783.1,2807.8,431070.0
2025-12-24,2807.8,2824.7,2782.0,2785.5,512140.0
2025-12-26,2785.0,2794.4,2743.0,2746.5,532080.0
2025-12-29,2746.5,2793.8,2735.0,2775.4,815530.0
2025-12-30,2770.3,2792.4,2741.0,2758.3,4830000.0
2025-12-31,2755.0,2796.8,2754.9,2769.5,1270000.0
2026-01-01,2775.9,2782.7,2746.1,2752.0,327950.0
2026-01-02,2755.8,2799.0,2755.8,2772.6,508880.0
2026-01-05,2770.0,2828.0,2769.0,2815.6,866730.0
2026-01-06,2820.0,2848.4,2811.6,2845.8,875890.0
2026-01-07,2845.8,2854.7,2801.1,2809.4,636750.0
2026-01-08,2795.0,2804.7,2770.1,2786.5,620030.0
2026-01-09,2789.9,2856.7,2786.2,2825.5,1660000.0
2026-01-12,2826.0,2900.0,2808.0,2896.4,1740000.0
2026-01-13,2900.0,2914.5,2870.8,2886.3,1050000.0
2026-01-14,2884.0,2884.0,2807.3,2813.9,958250.0
2026-01-16,2787.9,2826.5,2750.5,2756.9,1140000.0
2026-01-19,2756.9,2786.3,2724.7,2754.0,1340000.0
2026-01-20,2740.0,2740.1,2669.3,2675.6,911150.0
2026-01-21,2670.0,2688.0,2648.0,2661.1,914320.0
2026-01-22,2665.3,2729.9,2665.3,2703.8,1290000.0
2026-01-23,2703.8,2782.9,2690.8,2703.7,1790000.0
2026-01-27,2719.9,2734.7,2546.0,2622.8,3820000.0
2026-01-28,2535.0,2548.5,2451.0,2511.8,3430000.0
2026-01-29,2511.8,2514.9,2410.0,2416.0,3490000.0
2026-01-30,2417.0,2445.0,2400.5,2428.3,2049999.9999999998
2026-02-01,2439.0,2439.0,2343.1,2357.0,801750.0
2026-02-02,2374.9,2429.5,2372.0,2402.0,1180000.0
2026-02-03,2525.0,2525.0,2391.0,2426.0,2230000.0
2026-02-04,2430.0,2463.8,2417.1,2452.7,970970.0
2026-02-05,2445.0,2455.8,2402.6,2432.1,1050000.0
2026-02-06,2432.0,2444.0,2386.1,2401.1,1040000.0
2026-02-09,2404.0,2426.2,2396.8,2417.4,669840.0
2026-02-10,2419.0,2420.0,2386.9,2393.6,1510000.0
2026-02-11,2399.0,2405.7,2376.3,2392.5,3180000.0
2026-02-12,2398.0,2413.9,2377.0,2410.5,607770.0
2026-02-13,2408.9,2411.8,2360.1,2366.4,675640.0
2026-02-16,2360.0,2405.1,2356.8,2397.2,683110.0
2026-02-17,2399.5,2452.4,2399.5,2437.4,1000000.0
2026-02-18,2440.0,2448.2,2416.5,2432.1,551810.0
2026-02-19,2420.0,2428.0,2391.1,2400.8,971600.0
2026-02-20,2378.2,2435.7,2376.1,2428.1,790330.0
2026-02-23,2424.7,2446.6,2411.5,2429.7,634370.0
2026-02-24,2413.0,2441.5,2403.7,2413.1,499660.0
2026-02-25,2416.0,2427.9,2400.0,2416.4,526760.0
2026-02-26,2416.1,2422.2,2382.0,2394.9,588740.0
2026-02-27,2385.0,2397.6,2359.0,2376.2,2530000.0
2026-03-02,2300.0,2337.9,2283.5,2307.1,2530000.0
2026-03-04,2260.7,2290.9,2216.3,2285.2,1610000.0
2026-03-05,2285.2,2313.0,2253.7,2287.8,925040.0
2026-03-06,2261.7,2307.9,2253.7,2279.5,979740.0
2026-03-09,2200.0,2230.0,2162.6,2220.8,2200000.0
2026-03-10,2251.6,2305.1,2251.6,2280.4,1190000.0
2026-03-11,2290.0,2302.0,2226.0,2232.0,687790.0
2026-03-12,2208.0,2249.9,2201.0,2221.2,1380000.0
2026-03-13,2204.7,2219.7,2190.0,2196.8,949230.0
2026-03-16,2185.4,2227.8,2175.1,2217.7,1110000.0
2026-03-17,2217.7,2261.5,2217.2,2238.2,875460.0
2026-03-18,2235.1,2270.4,2228.6,2262.1,844910.0
2026-03-19,2220.0,2239.0,2180.6,2186.0,889330.0
2026-03-20,2210.9,2224.5,2185.0,2195.4,875920.0
2026-03-23,2180.0,2180.0,2115.0,2121.3,978400.0
2026-03-24,2184.0,2224.5,2153.3,2217.3,1560000.0
2026-03-25,2225.1,2289.7,2222.0,2270.2,1270000.0
2026-03-27,2246.3,2269.0,2201.1,2207.4,1090000.0
2026-03-30,2185.3,2202.9,2151.0,2165.2,1510000.0
2026-04-01,2224.8,2246.6,2198.4,2225.8,1210000.0
2026-04-02,2185.0,2185.1,2142.4,2169.0,1850000.0
2026-04-06,2169.0,2193.2,2145.9,2184.3,2049999.9999999998
2026-04-07,2167.7,2198.7,2145.0,2186.2,1790000.0
2026-04-08,2284.5,2336.9,2245.2,2282.4,2910000.0
2026-04-09,2275.0,2289.6,2252.0,2269.6,1980000.0
2026-04-10,2267.7,2376.9,2267.7,2360.7,3020000.0
2026-04-13,2279.9,2362.5,2262.0,2352.4,1730000.0
2026-04-15,2400.5,2426.0,2381.0,2423.1,1180000.0
2026-04-16,2435.0,2446.6,2411.6,2440.3,1500000.0
2026-04-17,2425.0,2486.1,2417.5,2464.0,1290000.0
2026-04-20,2470.0,2523.8,2456.5,2516.8,1200000.0
2026-04-21,2516.3,2582.0,2513.7,2543.6,1680000.0
2026-04-22,2500.0,2572.0,2500.0,2562.9,1130000.0
2026-04-23,2530.0,2541.7,2510.0,2521.4,1380000.0
2026-04-24,2521.4,2538.9,2470.7,2485.1,436870.0
2026-04-27,2503.0,2519.8,2475.5,2485.2,452130.0
2026-04-28,2475.0,2499.0,2456.1,2462.6,556570.0
2026-04-29,2469.9,2477.9,2438.6,2447.3,603590.0
2026-04-30,2426.7,2455.9,2385.5,2444.5,823680.0
2026-05-04,2460.0,2507.0,2442.3,2448.1,581160.0
2026-05-05,2430.0,2454.9,2415.0,2430.0,327680.0
2026-05-06,2460.0,2529.0,2440.4,2519.0,1400000.0
2026-05-07,2534.6,2555.8,2511.3,2530.6,1050000.0
2026-05-08,2540.0,2607.4,2515.4,2599.9,2330000.0
2026-05-11,2578.9,2607.9,2555.0,2566.1,1270000.0
2026-05-12,2546.2,2555.7,2500.0,2505.5,628800.0
2026-05-13,2554.0,2642.4,2554.0,2617.6,3520000.0
2026-05-14,2620.0,2665.7,2610.0,2622.2,1040000.0
2026-05-15,2622.2,2640.0,2592.8,2605.6,796240.0
2026-05-18,2580.1,2619.4,2556.0,2614.0,898480.0
2026-05-19,2629.0,2646.0,2595.1,2600.7,688640.0
2026-05-20,2562.0,2614.0,2562.0,2598.6,586190.0
2026-05-21,2625.0,2648.3,2590.8,2598.8,1030000.0
2026-05-22,2606.1,2664.7,2600.2,2639.8,1560000.0
2026-05-25,2672.0,2684.1,2653.2,2657.8,815620.0
2026-05-26,2650.0,2664.3,2635.9,2647.0,486270.0
2026-05-27,2644.8,2689.6,2642.0,2671.9,858460.0
2026-05-29,2676.1,2748.2,2631.6,2671.6,5060000.0
2026-06-01,2732.6,2778.8,2626.7,2632.4,2220000.0
2026-06-02,2626.1,2672.1,2607.9,2660.7,1030000.0
2026-06-03,2652.1,2676.0,2624.7,2662.4,958770.0
2026-06-04,2663.9,2698.8,2644.9,2661.6,1840000.0
2026-06-05,2666.0,2699.8,2665.0,2686.7,1620000.0
2026-06-08,2643.3,2675.0,2630.1,2659.2,1260000.0
2026-06-09,2666.2,2719.0,2661.5,2708.1,1420000.0
2026-06-10,2711.1,2744.0,2700.0,2715.1,1400000.0
2026-06-11,2693.9,2706.7,2671.0,2690.9,771560.0
2026-06-12,2725.7,2753.0,2709.4,2747.4,1080000.0
2026-06-15,2820.3,2832.7,2730.0,2739.3,2750000.0
2026-06-16,2741.0,2771.0,2735.0,2748.1,962930.0
2026-06-17,2764.0,2768.9,2732.5,2738.0,557210.0
2026-06-18,2745.0,2765.0,2728.2,2755.0,600890.0
2026-06-19,2752.9,2752.9,2718.8,2732.9,838990.0
2026-06-22,2742.7,2756.5,2670.0,2674.0,1030000.0
2026-06-23,2669.0,2695.4,2650.1,2661.2,1180000.0
2026-06-24,2662.0,2687.6,2653.6,2667.5,1260000.0
2026-06-25,2690.0,2690.7,2637.1,2645.2,2049999.9999999998
2026-06-29,2631.3,2687.8,2630.0,2656.9,4750000.0
2026-06-30,2658.0,2672.1,2630.3,2635.7,1820000.0
2026-07-01,2648.0,2723.0,2624.0,2716.4,1100000.0
2026-07-02,2720.0,2759.9,2711.0,2744.5,1630000.0
2026-07-03,2744.0,2762.4,2730.0,2737.8,472120.0
2026-07-06,2724.0,2758.0,2722.0,2754.9,504940.0
2026-07-07,2750.0,2751.8,2726.4,2731.4,489070.0
2026-07-08,2676.6,2713.1,2653.3,2665.9,1480000.0
2026-07-09,2658.0,2722.8,2656.0,2673.8,918570.0
2026-07-10,2695.0,2728.2,2672.9,2677.8,982100.0
2026-07-13,2650.5,2664.4,2630.1,2652.1,1110000.0
2026-07-14,2604.0,2655.9,2579.9,2641.0,975300.0
2026-07-15,2644.9,2684.0,2644.9,2670.0,809110.0
2026-07-16,2688.0,2693.1,2660.1,2674.7,455040.0
2026-07-17,2665.0,2700.0,2665.0,2689.0,452280.0
2026-07-20,2689.0,2708.5,2666.7,2691.4,571090.0
2026-07-21,2695.0,2720.0,2680.5,2692.4,1000000.0
2026-07-22,2683.0,2700.0,2665.6,2692.8,528100.0
2026-07-23,2671.1,2693.4,2656.0,2668.8,584250.0
2026-07-24,2620.1,2657.1,2620.1,2637.9,645560.0
2026-07-27,2665.8,2723.9,2664.3,2710.2,715240.0
2026-07-28,2712.0,2749.8,2706.3,2736.2,1280000.0
2026-07-29,2746.2,2864.0,2718.5,2758.4,3800000.0
2026-07-30,2758.1,2767.9,2666.2,2746.2,2390000.0
2026-07-31,2773.9,2774.9,2732.4,2747.3,891740.0
