Date,Open,High,Low,Close,Volume
2015-01-01,157.4,159.0,155.4,158.45,2350000.0
2015-01-02,158.9,161.2,158.35,160.1,2920000.0
2015-01-05,161.0,161.95,155.5,156.85,4830000.0
2015-01-06,156.3,156.3,151.15,153.4,7050000.0
2015-01-07,153.8,154.5,146.7,148.9,6640000.0
2015-01-08,150.7,153.2,148.55,152.55,3540000.0
2015-01-09,153.1,155.25,152.1,155.0,3740000.0
2015-01-12,155.2,155.2,150.5,151.1,4660000.0
2015-01-13,152.1,154.4,150.75,151.7,4320000.0
2015-01-14,150.95,151.35,140.8,142.15,13580000.0
2015-01-15,143.55,145.75,138.35,141.9,10860000.0
2015-01-16,141.5,143.4,137.75,138.55,9100000.0
2015-01-19,140.95,141.7,139.5,140.25,8540000.0
2015-01-20,141.0,145.2,141.0,144.7,8860000.0
2015-01-21,145.65,146.35,140.5,143.2,8870000.0
2015-01-22,143.05,144.9,141.1,143.45,6920000.0
2015-01-23,145.6,146.25,142.1,144.8,6940000.0
2015-01-27,139.9,144.5,139.0,142.5,7890000.0
2015-01-28,141.75,143.1,139.65,140.15,7500000.0
2015-01-29,139.9,142.9,138.25,142.4,10640000.0
2015-01-30,143.0,143.1,138.6,139.7,7570000.0
2015-02-02,140.0,145.7,139.5,145.25,7300000.0
2015-02-03,145.85,148.5,142.9,146.45,6260000.0
2015-02-04,147.0,153.8,146.0,152.4,8350000.0
2015-02-05,152.3,153.9,146.75,148.05,6670000.0
2015-02-06,148.0,150.0,145.65,147.3,5620000.0
2015-02-09,146.3,149.0,145.5,146.55,9740000.0
2015-02-10,148.5,153.7,146.55,149.2,8710000.0
2015-02-11,149.55,151.5,147.05,149.85,6150000.0
2015-02-12,151.8,153.4,149.05,152.8,10710000.0
2015-02-13,153.0,156.1,152.0,153.55,5670000.0
2015-02-16,157.0,158.0,150.25,150.95,4950000.0
2015-02-18,151.0,152.45,149.6,151.65,3720000.0
2015-02-19,151.0,157.8,150.1,156.25,8189999.999999999
2015-02-20,158.0,160.7,155.2,156.55,6630000.0
2015-02-23,161.6,161.8,154.2,154.85,6740000.0
2015-02-24,155.0,156.9,151.4,153.65,6460000.0
2015-02-25,154.6,155.45,152.25,153.65,3480000.0
2015-02-26,153.1,154.0,148.0,149.75,9010000.0
2015-02-27,150.55,155.8,149.8,155.15,6530000.0
2015-02-28,156.3,156.4,151.2,152.85,4000000.0
2015-03-02,154.2,157.4,153.5,156.55,4450000.0
2015-03-03,157.5,159.3,156.15,158.7,3720000.0
2015-03-04,160.0,160.0,152.3,153.1,5560000.0
2015-03-05,153.05,154.0,146.9,148.1,8400000.0
2015-03-09,149.4,149.85,140.0,140.8,8029999.999999999
2015-03-10,142.6,142.6,136.65,138.05,6590000.0
2015-03-11,138.85,138.85,127.2,130.35,21560000.0
2015-03-12,131.75,135.7,129.1,134.9,14240000.0
2015-03-13,136.7,136.75,131.05,131.7,6690000.0
2015-03-16,131.0,131.4,123.1,126.8,10790000.0
2015-03-17,128.0,134.75,126.8,134.25,9700000.0
2015-03-18,134.0,134.8,131.8,133.15,4150000.0000000005
2015-03-19,134.0,136.2,131.3,132.3,4630000.0
2015-03-20,132.15,135.0,130.55,132.05,4840000.0
2015-03-23,131.95,136.8,131.95,135.9,6310000.0
2015-03-24,135.8,135.9,132.0,132.85,4390000.0
2015-03-25,133.0,134.45,132.35,132.9,2900000.0
2015-03-26,132.4,133.4,128.55,129.55,7960000.0
2015-03-27,131.0,134.45,130.05,133.95,5240000.0
2015-03-30,134.25,134.7,130.3,131.15,3650000.0
2015-03-31,133.0,133.45,128.4,129.0,8520000.0
2015-04-01,129.0,132.9,127.5,132.2,7180000.0
2015-04-06,133.4,135.1,132.0,134.7,5540000.0
2015-04-07,135.0,137.55,134.2,136.95,6510000.0
2015-04-08,137.25,138.9,136.15,137.95,6180000.0
2015-04-09,138.6,140.85,136.6,139.9,6140000.0
2015-04-10,139.0,139.2,137.05,137.9,4860000.0
2015-04-13,138.0,138.95,135.1,136.1,5020000.0
2015-04-15,136.0,137.4,134.6,135.15,8710000.0
2015-04-16,135.85,137.9,135.4,137.15,5460000.0
2015-04-17,138.0,141.7,137.6,139.75,8670000.0
2015-04-20,140.9,141.7,137.2,138.25,5670000.0
2015-04-21,138.4,139.35,133.7,134.3,6240000.0
2015-04-22,133.5,135.5,132.6,134.65,6260000.0
2015-04-23,135.5,137.0,133.8,135.05,6780000.0
2015-04-24,134.85,135.8,130.1,131.15,7490000.0
2015-04-27,132.0,132.95,128.25,130.05,4810000.0
2015-04-28,130.9,132.45,129.6,131.35,6150000.0
2015-04-29,131.4,131.4,128.7,130.6,7220000.0
2015-04-30,130.0,130.9,127.05,128.6,11620000.0
2015-05-04,130.4,133.6,129.5,133.15,4000000.0
2015-05-05,133.45,140.2,132.35,139.35,8950000.0
2015-05-06,138.9,142.0,135.05,137.75,9500000.0
2015-05-07,136.9,136.9,132.25,134.3,5760000.0
2015-05-08,135.2,139.5,134.85,138.95,4139999.9999999995
2015-05-11,140.8,145.1,140.2,142.5,6190000.0
2015-05-12,142.4,142.5,136.2,137.6,5820000.0
2015-05-13,134.9,136.4,131.75,133.5,9200000.0
2015-05-14,134.1,138.0,132.5,137.45,3700000.0
2015-05-15,137.7,138.75,134.55,137.0,3520000.0
2015-05-18,138.0,141.85,137.9,139.1,5040000.0
2015-05-19,138.85,140.55,136.6,139.95,4360000.0
2015-05-20,140.65,140.65,138.15,138.95,3050000.0
2015-05-21,137.7,139.9,136.25,139.1,3940000.0
2015-05-22,139.0,139.0,136.5,136.9,2580000.0
2015-05-25,136.75,138.4,133.9,134.5,2880000.0
2015-05-26,135.15,135.65,133.2,134.3,2690000.0
2015-05-27,133.0,134.6,132.2,133.55,3170000.0
2015-05-28,132.6,134.0,129.8,131.6,10170000.0
2015-05-29,130.95,133.2,128.55,129.25,11480000.0
2015-06-01,128.75,129.8,127.75,128.35,3270000.0
2015-06-02,128.95,129.2,122.9,123.25,4980000.0
2015-06-03,124.05,124.9,120.0,121.95,3510000.0
2015-06-04,122.3,123.55,119.0,121.3,3190000.0
2015-06-05,120.95,122.3,119.15,120.15,4160000.0
2015-06-08,120.25,121.15,117.7,118.2,4660000.0
2015-06-09,118.0,121.3,117.55,120.1,4660000.0
2015-06-10,120.5,121.8,119.65,120.3,3300000.0
2015-06-11,120.7,121.5,118.6,119.2,4750000.0
2015-06-12,118.75,119.25,116.1,116.75,5420000.0
2015-06-15,116.2,117.15,113.8,114.3,4290000.0
2015-06-16,114.65,115.5,113.6,115.0,5270000.0
2015-06-17,115.0,119.15,114.8,118.55,5110000.0
2015-06-18,118.5,120.6,117.65,120.0,4710000.0
2015-06-19,122.85,123.4,120.0,120.8,7890000.0
2015-06-22,121.0,122.0,119.9,121.2,2530000.0
2015-06-23,122.6,124.45,121.25,121.6,4080000.0
2015-06-24,121.95,122.75,116.6,117.25,3600000.0
2015-06-25,117.0,118.5,115.65,118.0,5510000.0
2015-06-26,117.9,118.35,115.95,117.0,4250000.0
2015-06-29,115.0,115.2,111.0,112.85,6440000.0
2015-06-30,112.9,113.5,111.25,111.9,7520000.0
2015-07-01,112.3,113.9,112.15,113.05,3870000.0
2015-07-02,113.55,114.6,110.7,111.05,4760000.0
2015-07-03,111.0,111.45,109.65,110.6,4610000.0
2015-07-06,108.2,109.5,107.25,109.05,4510000.0
2015-07-07,108.9,109.0,106.7,107.15,5410000.0
2015-07-08,105.5,105.5,99.05,101.85,12610000.0
2015-07-09,102.2,104.9,100.7,104.0,6650000.0
2015-07-10,105.0,105.35,102.35,104.6,3400000.0
2015-07-13,104.2,106.95,102.15,106.65,4139999.9999999995
2015-07-14,106.6,106.75,104.3,104.6,3600000.0
2015-07-15,104.7,106.4,104.7,105.55,2290000.0
2015-07-16,105.75,107.05,104.6,106.7,2710000.0
2015-07-17,107.1,108.25,106.15,107.2,3330000.0
2015-07-20,107.5,110.3,107.1,109.4,4350000.0
2015-07-21,109.1,111.75,106.05,108.1,6580000.0
2015-07-22,107.9,108.9,105.55,107.7,3390000.0
2015-07-23,107.95,109.3,106.45,108.7,2380000.0
2015-07-24,108.0,110.25,107.75,109.35,3080000.0
2015-07-27,108.5,108.5,103.95,104.4,6010000.0
2015-07-28,103.15,106.65,102.25,105.5,4190000.0000000005
2015-07-29,105.8,108.15,105.7,106.55,4720000.0
2015-07-30,106.85,107.3,104.25,104.7,8220000.000000001
2015-07-31,105.5,107.3,104.5,105.2,5200000.0
2015-08-03,105.25,106.5,104.7,105.7,2490000.0
2015-08-04,106.0,110.4,105.75,109.25,4300000.0
2015-08-05,110.0,111.9,107.85,108.25,4510000.0
2015-08-06,108.95,110.0,107.5,108.7,2980000.0
2015-08-07,108.15,112.25,108.0,109.55,3540000.0
2015-08-10,110.0,111.75,106.75,107.8,3050000.0
2015-08-11,108.0,108.3,102.85,103.25,4770000.0
2015-08-12,102.8,102.9,95.55,95.9,11720000.0
2015-08-13,97.0,98.0,90.4,90.8,9790000.0
2015-08-14,91.0,95.35,89.5,93.15,11780000.0
2015-08-17,93.5,93.7,89.7,90.65,6360000.0
2015-08-18,91.6,92.95,87.9,88.9,8359999.999999999
2015-08-19,88.9,88.9,85.8,86.15,9030000.0
2015-08-20,86.0,86.25,83.6,84.95,8279999.999999999
2015-08-21,83.0,86.3,82.05,86.0,11080000.0
2015-08-24,83.5,83.5,76.1,78.65,10640000.0
2015-08-25,81.25,82.25,75.25,80.45,9590000.0
2015-08-26,80.7,81.8,79.0,80.4,7080000.0
2015-08-27,82.9,82.9,79.15,80.65,10680000.0
2015-08-28,83.3,84.7,80.1,81.65,11960000.0
2015-08-31,81.05,82.7,79.75,80.05,7890000.0
2015-09-01,79.45,79.6,75.6,75.95,9750000.0
2015-09-02,76.1,76.9,74.15,74.35,11990000.0
2015-09-03,75.2,78.35,75.0,77.2,8900000.0
2015-09-04,76.95,77.0,73.5,73.9,9250000.0
2015-09-07,74.15,74.25,71.4,71.55,5570000.0
2015-09-08,72.35,74.5,71.6,72.7,8369999.999999999
2015-09-09,75.15,79.2,74.0,78.6,15540000.0
2015-09-10,76.5,77.15,74.45,76.5,9450000.0
2015-09-11,77.8,78.1,75.55,76.1,6940000.0
2015-09-14,76.8,79.15,75.9,78.65,6220000.0
2015-09-15,78.3,78.65,75.7,76.25,6190000.0
2015-09-16,77.5,78.25,75.25,77.25,6410000.0
2015-09-18,77.9,79.0,75.35,75.9,10190000.0
2015-09-21,75.25,78.8,74.2,78.1,7950000.0
2015-09-22,76.95,77.0,72.75,73.2,10220000.0
2015-09-23,72.0,74.25,71.3,72.95,6110000.0
2015-09-24,73.3,73.45,71.2,71.4,6780000.0
2015-09-28,71.9,73.0,70.25,70.55,6130000.0
2015-09-29,69.5,69.8,67.5,68.2,9670000.0
2015-09-30,69.4,71.5,69.0,70.8,7660000.0
2015-10-01,71.65,72.1,70.25,70.9,4570000.0
2015-10-05,71.95,74.4,71.35,74.0,6500000.0
2015-10-06,74.85,75.65,73.55,75.0,5590000.0
2015-10-07,75.0,83.4,74.4,81.9,20400000.0
2015-10-08,82.0,84.3,80.4,82.35,16160000.0
2015-10-09,83.1,85.5,82.8,83.95,13470000.0
2015-10-12,84.7,92.4,84.55,88.65,26950000.0
2015-10-13,81.0,86.7,81.0,86.15,18610000.0
2015-10-14,85.4,90.75,85.25,88.6,14420000.0
2015-10-15,89.3,91.5,86.3,87.8,16210000.0
2015-10-16,89.25,89.4,86.05,87.75,9120000.0
2015-10-19,88.0,88.5,86.5,86.75,4940000.0
2015-10-20,86.7,86.7,84.05,84.45,8450000.0
2015-10-21,84.45,86.6,84.1,85.55,7240000.0
2015-10-23,87.2,87.4,84.65,85.1,7210000.0
2015-10-26,86.3,86.9,84.85,85.4,5860000.0
2015-10-27,85.0,86.1,83.2,84.4,9200000.0
2015-10-28,84.0,85.2,84.0,84.5,5210000.0
2015-10-29,84.75,85.0,83.0,83.25,6610000.0
2015-10-30,83.5,86.9,83.05,84.05,10430000.0
2015-11-02,83.9,84.25,80.1,80.95,6930000.0
2015-11-03,81.85,84.4,81.7,82.35,10900000.0
2015-11-04,83.5,83.9,81.5,81.85,6300000.0
2015-11-05,81.75,82.4,80.8,81.05,4000000.0
2015-11-06,81.1,82.25,80.0,80.9,6200000.0
2015-11-09,78.0,80.75,78.0,79.95,6900000.0
2015-11-10,78.15,82.8,77.1,79.25,18100000.0
2015-11-11,80.1,80.8,80.05,80.3,1140000.0
2015-11-13,79.0,80.25,77.15,77.4,11900000.0
2015-11-16,76.95,79.5,76.4,79.05,11400000.0
2015-11-17,79.8,82.45,79.25,80.85,11770000.0
2015-11-18,80.85,81.3,76.3,76.55,13880000.0
2015-11-19,77.8,78.9,75.4,78.4,13760000.0
2015-11-20,78.35,79.4,76.85,77.2,14170000.0
2015-11-23,77.05,77.3,73.8,74.25,11050000.0
2015-11-24,73.6,74.55,73.2,73.6,9430000.0
2015-11-26,74.0,75.5,73.85,75.1,7520000.0
2015-11-27,75.3,79.1,75.2,77.65,12430000.0
2015-11-30,77.4,77.9,76.6,77.05,10090000.0
2015-12-01,77.6,79.8,77.5,79.55,8170000.0
2015-12-02,80.0,81.2,79.9,80.45,8880000.0
2015-12-03,79.55,81.65,78.6,79.2,11520000.0
2015-12-04,78.85,80.1,78.2,79.05,6150000.0
2015-12-07,79.8,80.6,78.9,79.25,6290000.0
2015-12-08,78.5,78.75,75.7,76.0,7460000.0
2015-12-09,75.5,75.65,73.0,73.75,7650000.0
2015-12-10,74.7,76.15,74.5,75.7,7080000.0
2015-12-11,76.0,77.2,74.7,76.25,9060000.0
2015-12-14,76.0,79.25,75.75,78.8,10440000.0
2015-12-15,79.1,79.3,77.25,79.0,5370000.0
2015-12-16,79.35,80.2,78.35,78.55,5410000.0
2015-12-17,78.85,81.65,78.65,81.3,12770000.0
2015-12-18,81.2,82.0,79.6,79.9,9070000.0
2015-12-21,80.2,81.8,80.2,81.3,7870000.0
2015-12-22,81.15,81.75,79.2,79.6,5450000.0
2015-12-23,80.6,84.2,80.2,83.9,12160000.0
2015-12-24,84.55,85.65,83.75,85.25,11010000.0
2015-12-28,85.7,86.0,84.3,84.95,6750000.0
2015-12-29,85.25,85.5,84.15,84.4,5040000.0
2015-12-30,84.7,85.7,84.1,84.7,6330000.0
2015-12-31,85.0,85.5,83.2,84.75,8800000.0
2016-01-01,84.7,85.25,84.0,84.9,2810000.0
2016-01-04,84.2,85.9,80.4,80.75,8710000.0
2016-01-05,82.0,83.95,80.6,82.6,9820000.0
2016-01-06,82.4,82.85,79.7,80.55,6490000.0
2016-01-07,79.0,79.4,76.1,76.65,8100000.0
2016-01-08,77.45,78.15,75.2,76.9,6800000.0
2016-01-11,75.8,78.65,74.3,77.9,9710000.0
2016-01-12,78.4,78.65,75.0,75.6,6700000.0
2016-01-13,76.4,77.5,74.3,76.7,8279999.999999999
2016-01-14,75.0,76.0,73.4,74.7,7860000.0
2016-01-15,75.35,75.4,71.15,71.8,5210000.0
2016-01-18,71.05,73.5,70.05,71.2,6810000.0
2016-01-19,72.1,73.9,71.1,71.85,4400000.0
2016-01-20,71.0,71.05,66.35,67.6,8310000.000000001
2016-01-21,69.0,69.35,66.8,68.3,5880000.0
2016-01-22,69.6,72.9,69.1,72.35,6990000.0
2016-01-25,72.9,73.45,71.8,72.0,3930000.0
2016-01-27,72.5,72.85,70.8,71.05,5960000.0
2016-01-28,71.05,71.4,69.25,69.7,12040000.0
2016-01-29,70.0,71.15,68.75,70.5,9200000.0
2016-02-01,70.85,71.55,70.2,71.1,5580000.0
2016-02-02,71.75,71.8,68.2,68.55,6190000.0
2016-02-03,68.0,68.0,66.3,66.65,6780000.0
2016-02-04,67.8,70.45,67.2,68.7,12080000.0
2016-02-05,69.3,72.2,68.8,71.25,15930000.0
2016-02-08,72.0,72.0,69.45,69.8,10400000.0
2016-02-09,68.5,70.8,67.6,70.0,16970000.0
2016-02-10,70.2,70.5,65.0,66.9,16940000.0
2016-02-11,67.5,67.75,62.95,63.7,7920000.0
2016-02-12,64.8,64.85,58.8,60.9,11170000.0
2016-02-15,62.45,68.45,62.3,67.0,17330000.0
2016-02-16,68.5,68.5,64.55,64.85,9530000.0
2016-02-17,65.2,66.3,61.6,65.8,12110000.0
2016-02-18,67.65,70.1,67.2,68.9,14660000.0
2016-02-19,68.3,70.0,67.45,69.05,6050000.0
2016-02-22,69.15,70.6,68.8,69.5,5130000.0
2016-02-23,69.9,71.85,67.8,68.5,10370000.0
2016-02-24,67.6,68.45,66.0,66.4,6140000.0
2016-02-25,67.35,68.0,66.45,67.15,6200000.0
2016-02-26,68.2,69.95,66.2,69.45,9810000.0
2016-02-29,70.15,70.8,66.7,68.75,15550000.0
2016-03-01,69.0,70.5,68.6,70.25,8270000.0
2016-03-02,71.9,77.0,71.3,74.95,21640000.0
2016-03-03,76.5,79.8,75.5,79.25,22950000.0
2016-03-04,79.85,81.9,77.6,79.4,15840000.0
2016-03-08,80.3,84.2,80.05,83.15,19060000.0
2016-03-09,80.4,81.4,79.05,81.1,11570000.0
2016-03-10,81.9,85.55,81.55,83.8,18840000.0
2016-03-11,83.9,84.75,81.6,83.5,10300000.0
2016-03-14,84.5,86.0,84.2,84.9,6640000.0
2016-03-15,85.0,86.0,83.6,83.9,11700000.0
2016-03-16,84.0,84.25,79.35,81.5,13890000.0
2016-03-17,82.5,83.8,80.7,81.0,8480000.0
2016-03-18,82.4,85.5,82.0,85.2,14370000.0
2016-03-21,85.7,87.0,84.3,86.0,12320000.0
2016-03-22,85.9,88.0,84.85,87.0,12800000.0
2016-03-23,88.0,91.7,87.9,91.3,22690000.0
2016-03-28,92.5,92.5,82.55,83.25,20100000.0
2016-03-29,83.9,86.15,83.5,84.4,14310000.0
2016-03-30,85.5,89.3,85.25,88.0,15760000.0
2016-03-31,87.85,89.0,86.5,87.95,16960000.0
2016-04-01,87.5,87.65,86.05,86.65,8140000.000000001
2016-04-04,87.45,90.65,86.5,89.1,14430000.0
2016-04-05,88.2,89.4,84.35,84.9,11540000.0
2016-04-06,85.75,89.7,85.5,88.95,14590000.0
2016-04-07,89.0,89.4,86.75,87.3,6980000.0
2016-04-08,87.25,89.5,86.0,87.7,10210000.0
2016-04-11,88.15,93.2,87.85,92.2,15190000.0
2016-04-12,91.35,93.15,90.2,92.0,12790000.0
2016-04-13,93.05,97.7,93.05,96.3,18200000.0
2016-04-18,96.8,97.6,94.5,97.05,11530000.0
2016-04-20,99.45,102.4,98.25,101.8,24020000.0
2016-04-21,102.4,104.25,100.65,101.8,18330000.0
2016-04-22,101.5,102.75,100.6,101.1,10580000.0
2016-04-25,101.15,101.35,96.55,98.4,9750000.0
2016-04-26,99.05,103.45,98.9,103.15,17480000.0
2016-04-27,103.25,104.4,101.1,101.75,8610000.0
2016-04-28,101.8,102.45,96.5,96.9,19090000.0
2016-04-29,97.4,99.0,93.4,96.35,23930000.0
2016-05-02,96.4,100.65,94.6,98.65,18960000.0
2016-05-03,99.5,100.6,96.55,96.9,13230000.0
2016-05-04,95.5,95.8,90.65,91.15,14740000.0
2016-05-05,91.5,93.2,88.9,90.45,15930000.0
2016-05-06,90.5,92.3,89.2,91.9,13760000.0
2016-05-09,93.0,93.9,91.0,91.7,11580000.0
2016-05-10,91.05,91.05,89.2,89.85,12260000.0
2016-05-11,89.5,92.8,88.8,91.6,14200000.0
2016-05-12,92.3,93.75,92.0,93.4,9630000.0
2016-05-13,93.4,93.4,88.85,89.3,12850000.0
2016-05-16,89.75,90.55,88.1,89.8,8760000.0
2016-05-17,90.55,91.2,88.9,89.1,7730000.0
2016-05-18,88.2,89.6,87.25,89.15,8080000.0
2016-05-19,89.05,90.9,86.3,87.05,10820000.0
2016-05-20,87.6,88.55,86.45,86.95,10830000.0
2016-05-23,87.95,88.45,86.3,86.9,6340000.0
2016-05-24,87.1,87.45,83.5,86.3,8890000.0
2016-05-25,89.0,89.25,87.55,88.75,8220000.000000001
2016-05-26,88.9,90.7,87.65,90.3,12230000.0
2016-05-27,91.0,92.7,90.85,91.9,11540000.0
2016-05-30,100.0,103.5,98.15,102.95,43500000.0
2016-05-31,103.1,107.65,102.5,105.25,36580000.0
2016-06-01,105.35,105.75,102.6,103.1,12370000.0
2016-06-02,102.75,106.35,102.2,106.05,12150000.0
2016-06-03,106.7,106.9,104.1,105.55,9030000.0
2016-06-06,105.05,108.0,104.55,106.85,13720000.0
2016-06-07,107.25,110.25,107.0,109.5,14520000.0
2016-06-08,109.75,110.45,108.0,109.35,10620000.0
2016-06-09,109.0,112.6,108.95,110.9,16010000.000000002
2016-06-10,110.45,115.9,110.45,115.3,26740000.0
2016-06-13,113.5,115.5,111.35,114.7,15420000.0
2016-06-14,114.95,115.85,114.1,115.6,10880000.0
2016-06-15,116.25,116.7,114.2,115.75,10290000.0
2016-06-16,115.35,119.45,114.35,119.05,19650000.0
2016-06-17,120.1,120.25,117.95,118.8,9120000.0
2016-06-20,117.45,121.35,117.3,121.05,7880000.0
2016-06-21,122.25,124.65,121.6,123.5,15270000.0
2016-06-22,123.95,123.95,120.1,122.2,10070000.0
2016-06-23,122.1,124.5,121.65,123.9,8240000.0
2016-06-24,118.35,119.6,112.0,117.3,22750000.0
2016-06-27,115.95,120.8,115.9,119.8,13600000.0
2016-06-28,119.9,121.05,117.75,118.05,11040000.0
2016-06-29,119.0,121.3,118.6,119.95,9330000.0
2016-06-30,122.4,123.45,121.25,122.85,15710000.0
2016-07-01,124.0,125.5,123.15,124.75,8910000.0
2016-07-04,126.1,126.75,125.5,125.95,5720000.0
2016-07-05,126.0,127.4,123.3,123.65,9850000.0
2016-07-07,125.0,128.7,124.6,127.7,15660000.0
2016-07-08,128.7,128.7,125.5,126.85,8330000.0
2016-07-11,128.3,129.75,128.05,129.05,7530000.0
2016-07-12,130.35,136.2,130.0,135.25,26490000.0
2016-07-13,136.0,139.9,134.7,135.8,20240000.0
2016-07-14,136.0,137.35,133.75,135.8,11700000.0
2016-07-15,136.9,138.0,135.55,137.4,10640000.0
2016-07-18,137.9,141.45,136.15,137.25,13730000.0
2016-07-19,136.9,139.5,136.6,138.0,10930000.0
2016-07-20,138.85,139.3,134.3,135.9,11900000.0
2016-07-21,137.15,137.5,133.5,133.9,11200000.0
2016-07-22,133.2,137.0,130.35,136.0,15030000.0
2016-07-25,136.5,136.9,133.9,135.2,6410000.0
2016-07-26,135.2,136.8,131.0,131.65,12880000.0
2016-07-27,132.65,134.6,131.2,133.8,9550000.0
2016-07-28,134.0,135.6,132.1,134.25,10630000.0
2016-07-29,134.95,135.65,132.15,133.55,7050000.0
2016-08-01,134.5,138.8,134.1,136.6,12650000.0
2016-08-02,137.4,138.25,134.6,135.5,9030000.0
2016-08-03,135.4,137.25,133.6,135.7,9960000.0
2016-08-04,136.5,137.95,135.4,137.1,6940000.0
2016-08-05,139.0,144.25,138.5,143.7,13300000.0
2016-08-08,146.25,152.15,146.0,149.15,20170000.0
2016-08-09,150.2,150.25,145.4,146.6,9820000.0
2016-08-10,147.0,149.15,144.55,145.8,9270000.0
2016-08-11,145.6,146.0,138.5,142.25,9200000.0
2016-08-12,143.0,149.25,143.0,146.35,22090000.0
2016-08-16,147.7,155.55,146.6,154.65,17290000.0
2016-08-17,154.35,156.8,153.95,155.95,13400000.0
2016-08-18,156.5,157.15,154.0,154.35,7030000.0
2016-08-19,156.8,159.45,156.25,158.95,13630000.0
2016-08-22,158.0,158.0,155.3,156.05,6710000.0
2016-08-23,155.5,156.95,153.8,155.55,6120000.0
2016-08-24,156.3,157.6,155.4,157.0,7010000.0
2016-08-25,156.95,157.8,153.5,154.25,7140000.0
2016-08-26,155.45,156.95,154.3,155.5,7920000.0
2016-08-29,155.0,159.5,154.5,158.3,7490000.0
2016-08-30,159.9,163.5,159.05,162.75,7930000.0
2016-08-31,163.0,164.7,158.25,159.25,15210000.0
2016-09-01,159.0,160.65,156.6,157.5,6260000.0
2016-09-02,158.3,158.9,154.5,157.25,6820000.0
2016-09-06,157.55,159.9,157.0,158.5,5190000.0
2016-09-07,158.55,161.8,158.05,159.7,7930000.0
2016-09-08,160.9,163.45,160.0,161.95,9380000.0
2016-09-09,162.85,162.85,154.0,154.85,9430000.0
2016-09-12,149.0,150.6,139.9,140.85,16170000.000000002
2016-09-14,140.25,143.7,138.55,143.25,13200000.0
2016-09-15,144.95,146.25,141.15,145.55,10490000.0
2016-09-16,146.8,147.9,142.0,142.65,10330000.0
2016-09-19,143.1,144.6,141.7,143.95,4970000.0
2016-09-20,143.0,146.35,142.6,145.6,7630000.0
2016-09-21,145.55,151.35,144.1,149.55,14670000.0
2016-09-22,153.4,156.2,152.25,154.6,16320000.0
2016-09-23,154.6,156.85,153.05,154.45,10730000.0
2016-09-26,154.0,155.3,152.3,153.6,7230000.0
2016-09-27,154.35,155.3,149.55,150.05,8050000.000000001
2016-09-28,150.2,158.2,148.5,156.9,12790000.0
2016-09-29,157.45,157.85,147.8,150.0,14160000.0
2016-09-30,147.0,154.35,146.8,152.7,9170000.0
2016-10-03,154.5,155.2,152.6,154.1,9300000.0
2016-10-04,154.95,157.5,152.35,154.25,13700000.0
2016-10-05,156.5,159.3,155.75,157.25,10170000.0
2016-10-06,158.0,161.7,156.1,158.35,13600000.0
2016-10-07,158.95,160.4,156.65,158.0,7260000.0
2016-10-10,158.85,162.8,158.8,160.75,8160000.0
2016-10-13,157.9,159.25,152.1,155.15,8680000.0
2016-10-14,155.75,156.35,153.2,154.6,5660000.0
2016-10-17,154.2,155.6,150.0,150.65,7750000.0
2016-10-18,152.0,153.35,149.3,152.35,10850000.0
2016-10-19,153.4,153.95,150.0,151.0,8199999.999999999
2016-10-20,151.8,156.25,151.65,155.25,8039999.999999999
2016-10-21,155.4,155.4,150.85,151.85,5800000.0
2016-10-24,152.15,153.15,150.4,150.85,5650000.0
2016-10-25,151.2,152.5,147.65,150.5,8900000.0
2016-10-26,149.9,152.25,148.6,150.2,6190000.0
2016-10-27,150.2,150.85,147.4,148.3,8390000.0
2016-10-28,148.5,150.4,148.0,149.65,4500000.0
2016-10-30,150.0,150.25,149.4,149.4,428630.0
2016-11-01,150.5,159.5,149.7,156.95,17720000.0
2016-11-02,154.8,158.2,153.15,156.5,11310000.0
2016-11-03,156.95,166.4,156.75,162.8,26150000.0
2016-11-04,164.0,164.95,154.75,158.85,14040000.0
2016-11-07,162.75,168.75,161.4,167.6,13930000.0
2016-11-08,170.0,172.4,165.85,167.4,23430000.0
2016-11-09,150.7,163.65,150.7,162.1,11330000.0
2016-11-10,168.5,177.35,167.0,175.75,16280000.000000002
2016-11-11,174.1,178.1,171.05,172.3,13460000.0
2016-11-15,175.7,180.65,166.5,167.75,30750000.0
2016-11-16,171.8,172.7,161.2,162.8,11910000.0
2016-11-17,164.0,169.8,162.0,168.3,10560000.0
2016-11-18,169.0,169.3,163.6,165.35,8780000.0
2016-11-21,166.5,170.8,156.1,157.35,16030000.000000002
2016-11-22,158.85,167.3,158.65,166.55,15430000.0
2016-11-23,168.95,174.3,168.0,173.7,15980000.0
2016-11-24,173.5,181.15,172.15,180.45,24350000.0
2016-11-25,182.9,184.8,178.85,180.5,17340000.0
2016-11-28,180.3,182.35,177.7,178.65,12520000.0
2016-11-29,179.7,180.85,174.8,175.4,9820000.0
2016-11-30,175.0,178.7,172.8,175.75,15100000.0
2016-12-01,176.8,177.5,169.7,171.35,7640000.0
2016-12-02,170.95,174.15,167.5,168.75,11030000.0
2016-12-05,168.5,175.4,167.8,174.5,9140000.0
2016-12-06,176.95,177.85,174.2,175.4,8670000.0
2016-12-07,176.5,176.8,172.45,175.05,6210000.0
2016-12-08,177.45,181.4,176.3,179.2,9430000.0
2016-12-09,180.45,183.45,179.05,182.1,9540000.0
2016-12-12,180.8,183.2,179.25,181.95,8050000.000000001
2016-12-13,181.55,182.65,175.25,176.95,9690000.0
2016-12-14,177.25,178.2,174.85,176.0,6200000.0
2016-12-15,173.4,177.4,173.2,176.1,6170000.0
2016-12-16,176.9,176.9,169.1,170.2,9580000.0
2016-12-19,169.4,171.75,168.1,169.15,5530000.0
2016-12-20,169.7,169.75,165.35,167.15,5440000.0
2016-12-21,168.0,171.0,166.55,168.8,6540000.0
2016-12-22,168.7,168.7,160.25,161.25,9590000.0
2016-12-23,161.0,162.1,158.85,159.3,9800000.0
2016-12-26,157.5,157.5,149.7,151.5,10230000.0
2016-12-27,150.3,156.6,147.85,155.55,10780000.0
2016-12-28,156.5,158.25,152.6,153.6,9010000.0
2016-12-29,153.1,155.55,152.3,154.75,7710000.0
2016-12-30,155.0,156.2,153.25,155.05,8199999.999999999
2017-01-02,155.85,159.75,154.2,158.85,9540000.0
2017-01-03,159.85,161.0,157.05,158.85,6840000.0
2017-01-04,158.9,161.6,157.45,158.9,7730000.0
2017-01-05,160.0,162.65,159.9,162.0,9920000.0
2017-01-06,162.45,163.8,160.1,160.75,6830000.0
2017-01-09,161.6,162.2,157.65,158.0,6140000.0
2017-01-10,159.15,165.4,158.0,164.4,15810000.0
2017-01-11,167.1,175.65,166.45,174.95,24150000.0
2017-01-12,175.6,178.6,172.4,177.0,14230000.0
2017-01-13,178.8,178.8,170.85,172.25,17430000.0
2017-01-16,172.0,174.35,169.9,172.6,9670000.0
2017-01-17,173.6,174.8,169.3,171.05,7370000.0
2017-01-18,171.8,177.35,171.6,177.0,13050000.0
2017-01-19,176.3,177.25,173.5,176.1,8380000.000000001
2017-01-20,175.6,178.35,169.5,171.65,12030000.0
2017-01-23,173.0,182.4,172.25,181.7,18220000.0
2017-01-24,182.6,187.85,181.05,187.15,17130000.0
2017-01-25,187.4,191.65,187.15,190.75,21240000.0
2017-01-27,190.5,195.0,188.05,190.75,19580000.0
2017-01-30,190.05,195.3,186.95,191.5,12050000.0
2017-01-31,191.95,193.2,189.2,189.95,9510000.0
2017-02-01,190.9,200.0,186.55,198.85,12600000.0
2017-02-02,198.5,198.5,191.5,193.3,12720000.0
2017-02-03,194.0,195.4,188.25,191.75,11320000.0
2017-02-06,192.5,195.5,189.3,190.1,7380000.0
2017-02-07,190.7,192.95,184.05,185.9,10630000.0
2017-02-08,187.5,192.25,186.3,189.0,10370000.0
2017-02-09,189.95,190.25,181.95,183.7,14000000.0
2017-02-10,185.6,185.7,180.8,182.05,11600000.0
2017-02-13,184.5,187.9,181.6,185.0,17460000.0
2017-02-14,187.0,188.0,184.2,187.25,11940000.0
2017-02-15,187.1,189.95,182.05,184.45,11980000.0
2017-02-16,184.0,188.8,182.25,187.75,10430000.0
2017-02-17,187.95,189.3,183.0,183.65,9230000.0
2017-02-20,184.0,185.9,179.75,183.3,17870000.0
2017-02-21,183.35,186.9,181.8,182.45,13310000.0
2017-02-22,183.0,184.0,179.1,180.05,8980000.0
2017-02-23,179.8,183.5,179.3,182.1,11390000.0
2017-02-27,182.35,183.15,179.2,180.75,7420000.0
2017-02-28,181.0,185.5,180.3,184.35,10010000.0
2017-03-01,185.15,192.0,184.6,189.25,19040000.0
2017-03-02,191.2,196.15,188.2,189.45,22930000.0
2017-03-03,188.45,199.75,187.95,198.55,31030000.0
2017-03-06,198.7,202.3,196.35,199.55,17600000.0
2017-03-07,199.35,199.35,191.6,192.55,17610000.0
2017-03-08,192.9,193.4,186.8,190.2,19430000.0
2017-03-09,191.0,192.0,187.8,189.2,11670000.0
2017-03-10,190.8,191.35,187.0,187.6,9750000.0
2017-03-14,193.5,194.0,188.45,190.4,15430000.0
2017-03-15,192.4,192.9,190.05,190.85,11000000.0
2017-03-16,194.0,199.4,192.7,198.75,17630000.0
2017-03-17,200.0,200.35,194.65,196.2,12330000.0
2017-03-20,196.7,197.1,191.65,196.2,7110000.0
2017-03-21,196.0,199.8,193.25,198.3,8830000.0
2017-03-22,194.9,196.5,192.0,193.4,17760000.0
2017-03-23,194.4,195.2,192.7,193.7,10680000.0
2017-03-24,193.5,197.0,192.25,194.9,11750000.0
2017-03-27,193.95,194.55,187.6,188.7,16990000.0
2017-03-28,189.5,191.2,188.75,189.6,10090000.0
2017-03-29,190.6,193.15,189.6,192.25,9070000.0
2017-03-30,192.4,193.55,189.8,190.3,16300000.0
2017-03-31,190.8,195.95,190.5,195.05,13260000.0
2017-04-03,195.1,196.85,192.35,193.6,7200000.0
2017-04-05,194.4,199.2,194.2,198.2,10440000.0
2017-04-06,196.7,196.7,191.35,193.95,15670000.0
2017-04-07,193.7,197.6,192.35,193.5,14580000.0
2017-04-10,194.1,195.5,192.6,195.05,6930000.0
2017-04-11,195.1,197.0,192.6,196.45,9870000.0
2017-04-12,196.95,198.0,192.1,193.0,14250000.0
2017-04-13,192.0,192.0,182.45,183.25,20030000.0
2017-04-17,182.5,182.95,179.35,181.45,16070000.0
2017-04-18,183.7,190.35,183.2,183.8,22340000.0
2017-04-19,183.65,187.2,182.05,186.0,10060000.0
2017-04-20,186.95,188.6,184.9,186.45,9340000.0
2017-04-21,187.75,190.7,184.6,188.1,13680000.0
2017-04-24,188.0,191.7,187.1,190.8,8930000.0
2017-04-25,192.75,193.75,189.15,191.7,8090000.0
2017-04-26,192.6,198.45,192.6,197.0,13470000.0
2017-04-27,197.65,197.75,193.7,194.85,9450000.0
2017-04-28,193.85,203.7,192.25,199.35,17430000.0
2017-05-02,200.85,203.9,198.6,200.25,12540000.0
2017-05-03,201.1,201.9,196.45,197.05,7850000.0
2017-05-04,197.75,198.85,190.25,192.45,11220000.0
2017-05-05,192.0,192.0,183.4,185.8,19910000.0
2017-05-08,187.6,187.9,181.6,184.2,15590000.0
2017-05-09,184.55,188.6,183.1,186.4,11360000.0
2017-05-10,187.0,188.55,185.45,187.1,9460000.0
2017-05-11,193.35,195.8,192.05,193.65,23030000.0
2017-05-12,194.75,195.35,189.15,191.05,11230000.0
2017-05-15,191.95,199.9,191.9,198.45,18160000.0
2017-05-16,198.65,198.85,195.5,196.5,10070000.0
2017-05-17,196.1,200.35,196.1,198.85,10640000.0
2017-05-18,196.0,196.7,192.3,194.0,13960000.0
2017-05-19,195.95,196.0,186.0,191.0,11430000.0
2017-05-22,192.55,194.4,189.15,190.25,9700000.0
2017-05-23,190.6,195.25,184.55,192.0,13370000.0
2017-05-24,191.95,193.65,185.1,187.05,11130000.0
2017-05-25,188.0,192.0,185.85,190.55,9700000.0
2017-05-26,190.7,203.15,189.4,198.4,17800000.0
2017-05-29,198.3,204.9,197.25,201.25,12520000.0
2017-05-30,202.45,210.35,201.15,203.15,27440000.0
2017-05-31,203.95,208.25,200.0,200.7,26250000.0
2017-06-01,200.5,201.45,195.25,197.25,12260000.0
2017-06-02,198.3,200.2,194.65,197.05,8820000.0
2017-06-05,197.0,199.8,195.5,197.1,7730000.0
2017-06-06,197.05,198.15,194.8,195.45,6030000.0
2017-06-07,196.05,197.95,194.85,197.2,7820000.0
2017-06-08,197.2,200.7,197.1,198.45,7250000.0
2017-06-09,198.75,202.9,196.25,202.15,9080000.0
2017-06-12,201.15,204.3,198.7,200.6,7590000.0
2017-06-13,200.75,203.2,199.5,200.6,6460000.0
2017-06-14,200.6,201.0,196.15,200.15,8930000.0
2017-06-15,198.9,200.5,196.1,196.6,8420000.0
2017-06-16,196.6,197.7,194.9,195.25,6720000.0
2017-06-19,196.6,201.45,196.0,200.85,6780000.0
2017-06-20,201.95,202.9,199.4,202.0,7010000.0
2017-06-21,200.45,200.5,195.7,196.55,10790000.0
2017-06-22,197.55,198.0,191.1,191.6,9350000.0
2017-06-23,191.25,191.3,186.6,188.7,14340000.0
2017-06-27,189.4,189.9,185.1,187.75,6720000.0
2017-06-28,188.0,190.4,185.8,189.85,8180000.0
2017-06-29,192.0,193.6,191.4,192.2,7870000.0
2017-06-30,191.95,192.65,189.4,190.95,7520000.0
2017-07-03,191.2,197.8,191.2,196.65,13850000.0
2017-07-04,197.35,200.15,197.15,198.4,15940000.0
2017-07-05,198.65,200.0,197.25,198.8,6510000.0
2017-07-06,198.05,199.6,196.15,196.65,6860000.0
2017-07-07,195.3,197.9,194.55,194.9,7310000.0
2017-07-10,199.0,205.15,194.0,195.8,3400000.0
2017-07-11,195.5,202.3,195.25,200.65,15120000.0
2017-07-12,201.75,202.4,199.05,200.6,8330000.0
2017-07-13,201.6,205.6,197.7,204.7,11900000.0
2017-07-14,205.8,207.4,204.0,205.95,14790000.0
2017-07-17,206.15,209.5,206.15,209.15,9980000.0
2017-07-18,207.95,210.4,206.4,207.4,7530000.0
2017-07-19,207.5,213.9,207.4,213.45,13700000.0
2017-07-20,213.3,214.6,211.3,213.65,6600000.0
2017-07-21,213.4,215.6,208.0,214.55,9900000.0
2017-07-24,214.7,215.8,212.15,214.4,7910000.0
2017-07-25,215.0,220.9,213.25,220.2,10570000.0
2017-07-26,222.0,222.8,218.75,221.55,8250000.0
2017-07-27,221.75,223.75,219.45,221.25,8400000.0
2017-07-28,219.95,219.95,214.0,215.85,6030000.0
2017-07-31,216.0,220.85,215.5,219.65,5390000.0
2017-08-01,221.1,226.65,221.1,225.75,10840000.0
2017-08-02,225.6,228.9,222.55,228.2,6400000.0
2017-08-03,227.8,227.8,220.2,220.95,10250000.0
2017-08-04,218.35,225.9,218.35,225.25,5760000.0
2017-08-07,226.35,228.7,224.1,227.65,4950000.0
2017-08-08,233.0,244.9,232.3,234.9,24900000.0
2017-08-09,237.7,243.2,237.4,239.45,12840000.0
2017-08-10,239.0,244.8,234.75,238.0,10900000.0
2017-08-11,235.0,235.0,218.0,221.0,21130000.0
2017-08-14,223.1,231.7,223.1,229.15,10890000.0
2017-08-16,232.25,236.3,227.15,233.6,10240000.0
2017-08-17,236.5,239.5,227.8,230.3,10310000.0
2017-08-18,227.0,232.55,225.75,230.05,10750000.0
2017-08-21,233.8,236.5,223.95,224.9,7020000.0
2017-08-22,228.0,231.65,225.8,228.9,12200000.0
2017-08-23,230.0,231.5,225.85,230.9,7190000.0
2017-08-24,232.0,234.65,230.3,233.0,9490000.0
2017-08-28,234.2,235.5,231.8,233.55,5150000.0
2017-08-29,234.0,234.25,226.6,227.3,9100000.0
2017-08-30,230.85,237.7,230.15,236.35,12690000.0
2017-08-31,237.8,239.45,235.1,238.0,23200000.0
2017-09-01,239.25,245.0,238.05,243.75,9850000.0
2017-09-04,244.45,247.0,237.55,242.45,11280000.0
2017-09-05,243.2,244.35,240.2,241.9,3780000.0
2017-09-06,236.0,246.7,236.0,245.8,9690000.0
2017-09-07,247.5,251.25,245.65,249.95,11330000.0
2017-09-08,251.75,255.45,246.65,249.55,11890000.0
2017-09-11,251.45,252.5,246.6,250.05,6580000.0
2017-09-12,250.5,254.6,249.5,250.95,6810000.0
2017-09-13,250.25,251.7,246.35,248.0,4320000.0
2017-09-14,249.3,252.0,244.45,247.2,7310000.0
2017-09-15,245.05,249.7,241.4,247.8,8810000.0
2017-09-18,248.6,251.35,247.75,249.5,5570000.0
2017-09-19,250.4,250.4,245.6,246.5,4940000.0
2017-09-20,247.4,248.95,241.8,244.1,9920000.0
2017-09-21,245.5,245.8,236.3,244.55,9890000.0
2017-09-22,243.3,243.3,229.1,230.9,14450000.0
2017-09-25,231.4,232.5,223.3,229.1,9250000.0
2017-09-26,228.25,235.35,227.8,234.6,7600000.0
2017-09-27,234.75,235.2,230.7,233.65,6570000.0
2017-09-28,232.5,239.7,232.35,238.45,15200000.0
2017-09-29,241.3,242.65,238.6,240.6,9190000.0
2017-10-03,242.5,244.7,238.2,241.6,4990000.0
2017-10-04,242.05,243.0,240.3,241.9,3210000.0
2017-10-05,242.0,242.85,239.4,240.75,3700000.0
2017-10-06,241.0,252.15,241.0,250.9,9450000.0
2017-10-09,250.45,253.4,248.35,249.5,5740000.0
2017-10-10,250.5,253.5,248.1,252.05,8109999.999999999
2017-10-11,252.95,254.6,246.6,249.5,9800000.0
2017-10-12,250.25,265.4,249.7,264.45,30320000.0
2017-10-13,264.7,267.65,261.5,266.6,12280000.0
2017-10-16,268.45,272.9,267.5,271.4,14630000.0
2017-10-17,271.9,277.9,269.5,276.5,9930000.0
2017-10-18,277.0,278.45,273.2,275.3,9660000.0
2017-10-19,275.0,275.25,273.15,273.9,569540.0
2017-10-23,274.65,278.55,269.45,271.9,6260000.0
2017-10-24,269.6,275.0,267.5,268.85,9600000.0
2017-10-25,271.8,272.4,264.25,266.75,7240000.0
2017-10-26,269.25,275.3,268.0,272.9,8480000.0
2017-10-27,275.95,276.3,269.15,270.05,4590000.0
2017-10-30,270.55,275.8,270.45,273.2,4650000.0
2017-10-31,272.2,273.8,264.75,267.4,4760000.0
2017-11-01,269.5,276.0,267.6,275.3,9040000.0
2017-11-02,276.0,276.0,266.35,270.8,8320000.0
2017-11-03,276.4,277.6,265.6,268.9,14400000.0
2017-11-06,268.7,274.6,261.0,272.95,10580000.0
2017-11-07,273.85,274.9,264.0,266.9,8880000.0
2017-11-08,268.2,269.85,259.2,263.05,7920000.0
2017-11-09,267.1,267.95,259.0,263.3,7420000.0
2017-11-10,261.5,267.05,260.8,264.05,5270000.0
2017-11-13,264.0,265.25,258.8,260.9,5440000.0
2017-11-14,260.1,264.75,259.15,261.0,5580000.0
2017-11-15,259.5,259.7,248.4,251.85,9890000.0
2017-11-16,253.55,256.15,251.35,254.7,5260000.0
2017-11-17,256.75,263.2,256.75,258.85,5930000.0
2017-11-20,259.0,262.5,253.3,261.45,6380000.0
2017-11-21,262.6,265.1,259.25,261.45,3610000.0
2017-11-22,262.8,263.85,256.8,257.75,4500000.0
2017-11-23,257.0,258.65,250.05,255.25,9680000.0
2017-11-24,255.3,255.75,251.0,251.65,6190000.0
2017-11-27,250.9,253.6,247.2,249.65,7590000.0
2017-11-28,249.15,253.0,248.0,250.65,4690000.0
2017-11-29,250.9,251.95,246.0,246.9,5290000.0
2017-11-30,245.1,247.45,239.5,240.45,15000000.0
2017-12-01,240.5,241.35,233.55,235.35,7210000.0
2017-12-04,236.5,240.85,234.65,239.55,6460000.0
2017-12-05,238.85,241.7,235.7,240.05,6780000.0
2017-12-06,236.5,236.65,231.2,232.1,7400000.0
2017-12-07,232.5,238.0,229.4,237.2,7700000.0
2017-12-08,238.45,243.95,237.55,239.7,8860000.0
2017-12-11,240.0,240.85,236.05,238.1,6610000.0
2017-12-12,238.45,243.2,236.6,237.95,5270000.0
2017-12-13,235.65,239.9,233.55,234.45,7350000.0
2017-12-14,235.5,238.0,233.05,236.4,6620000.0
2017-12-15,240.85,243.95,239.1,242.75,6290000.0
2017-12-18,241.0,254.3,235.5,249.65,13830000.0
2017-12-19,252.0,254.9,250.6,254.3,5550000.0
2017-12-20,254.5,261.0,251.2,258.35,15520000.0
2017-12-21,260.9,264.65,259.65,263.3,13770000.0
2017-12-22,263.5,269.5,263.35,267.85,7760000.0
2017-12-26,268.8,270.5,266.5,268.65,4330000.0
2017-12-27,268.9,269.7,264.7,265.75,6350000.0
2017-12-28,267.0,278.8,267.0,275.25,22940000.0
2017-12-29,276.75,276.75,270.7,273.55,5010000.0
2018-01-01,273.0,277.9,270.0,271.15,4610000.0
2018-01-02,274.4,274.4,268.1,271.9,4550000.0
2018-01-03,273.4,279.35,273.1,276.5,7290000.0
2018-01-04,277.1,281.3,274.8,279.8,10350000.0
2018-01-05,282.0,284.0,275.1,276.4,7080000.0
2018-01-08,277.0,279.05,273.7,276.15,4160000.0
2018-01-09,277.55,277.55,270.65,271.5,5200000.0
2018-01-10,272.8,276.5,266.6,268.8,7470000.0
2018-01-11,268.8,271.15,266.8,267.75,6500000.0
2018-01-12,269.0,271.6,266.65,268.85,4440000.0
2018-01-15,270.2,274.65,265.8,266.7,6590000.0
2018-01-16,267.8,268.0,259.7,260.55,8450000.0
2018-01-17,260.3,265.25,256.45,262.75,11040000.0
2018-01-18,263.7,263.7,252.1,253.9,11340000.0
2018-01-19,254.0,259.35,252.2,258.0,5900000.0
2018-01-22,258.0,258.8,251.1,255.1,6230000.0
2018-01-23,256.1,270.7,256.1,264.95,17400000.0
2018-01-24,263.55,264.4,256.8,258.7,6410000.0
2018-01-25,259.3,266.85,256.4,258.95,15250000.0
2018-01-29,261.6,263.9,253.4,258.6,5990000.0
2018-01-30,257.75,258.0,252.55,253.55,5290000.0
2018-01-31,253.4,263.2,252.0,256.15,17510000.0
2018-02-01,257.8,259.5,248.75,256.25,8940000.0
2018-02-02,256.45,261.65,245.75,249.85,21740000.0
2018-02-05,242.5,249.4,240.25,246.6,8460000.0
2018-02-06,236.0,248.5,232.5,244.4,10470000.0
2018-02-07,245.0,253.0,244.1,246.0,13710000.0
2018-02-08,245.6,249.35,240.5,245.2,10180000.0
2018-02-09,240.0,245.5,237.35,243.5,7020000.0
2018-02-12,247.0,247.65,242.0,243.25,5560000.0
2018-02-14,246.3,246.55,241.75,243.25,7120000.0
2018-02-15,245.5,254.25,244.0,251.5,10050000.0
2018-02-16,255.5,256.95,246.4,247.65,7630000.0
2018-02-19,248.1,250.5,242.6,247.55,6060000.0
2018-02-20,247.8,252.4,246.8,248.8,4780000.0
2018-02-21,250.5,250.8,238.75,240.65,11900000.0
2018-02-22,238.5,241.0,233.85,239.9,13120000.0
2018-02-23,241.5,247.45,240.05,246.55,6910000.0
2018-02-26,246.55,251.45,244.6,246.2,6520000.0
2018-02-27,248.65,249.9,243.35,244.3,4810000.0
2018-02-28,240.75,246.65,238.65,245.4,8750000.0
2018-03-01,243.4,247.0,239.0,240.8,5770000.0
2018-03-05,236.0,236.0,228.2,229.6,12430000.0
2018-03-06,231.0,235.1,224.15,225.85,12490000.0
2018-03-07,222.0,225.3,219.1,224.45,13960000.0
2018-03-08,226.5,227.5,217.7,222.7,7730000.0
2018-03-09,224.7,226.15,219.35,220.2,13430000.0
2018-03-12,220.05,228.6,217.4,227.65,9530000.0
2018-03-13,225.0,227.95,222.5,226.15,9990000.0
2018-03-14,223.5,227.9,221.7,226.7,6390000.0
2018-03-15,226.0,227.1,223.0,224.9,6730000.0
2018-03-16,224.0,227.3,220.15,221.7,7790000.0
2018-03-19,222.7,223.9,212.0,214.55,6780000.0
2018-03-20,211.0,218.8,210.3,217.3,9600000.0
2018-03-21,219.0,219.85,213.3,214.7,8820000.0
2018-03-22,215.7,219.2,212.6,216.8,8359999.999999999
2018-03-23,209.0,210.7,204.3,206.1,12820000.0
2018-03-26,205.35,211.5,202.6,210.55,10190000.0
2018-03-27,212.9,219.3,210.15,218.5,15560000.0
2018-03-28,216.5,216.5,212.3,214.55,13860000.0
2018-04-02,216.55,216.8,210.1,211.25,8160000.0
2018-04-03,210.0,211.7,204.45,207.95,18150000.0
2018-04-04,208.0,210.1,200.0,200.8,17750000.0
2018-04-05,206.7,214.95,206.15,214.15,24200000.0
2018-04-06,210.05,215.95,210.05,214.0,15010000.0
2018-04-09,214.65,223.5,214.65,221.35,18410000.0
2018-04-10,230.0,232.85,228.5,230.0,27520000.0
2018-04-11,235.0,236.5,231.1,234.2,18800000.0
2018-04-12,233.95,235.6,231.05,232.6,11710000.0
2018-04-13,235.0,238.5,234.6,237.8,16770000.0
2018-04-16,237.2,240.7,235.55,239.45,9330000.0
2018-04-17,241.5,246.8,238.0,239.4,16420000.000000002
2018-04-18,239.7,244.75,236.05,242.8,23320000.0
2018-04-19,250.0,267.8,249.1,264.75,37030000.0
2018-04-20,255.95,263.5,254.25,262.1,23310000.0
2018-04-23,263.0,264.95,254.3,255.6,9560000.0
2018-04-24,239.0,239.0,231.1,236.75,35120000.0
2018-04-25,234.75,236.4,230.1,232.05,10500000.0
2018-04-26,233.25,238.7,231.45,234.0,16399999.999999998
2018-04-27,236.75,237.95,234.0,234.95,9170000.0
2018-04-30,236.2,238.35,232.35,235.65,5870000.0
2018-05-02,235.0,235.75,226.2,228.05,8850000.0
2018-05-03,229.05,234.5,227.6,231.55,10230000.0
2018-05-04,231.4,232.8,227.05,231.35,7890000.0
2018-05-07,234.25,239.15,232.4,237.85,7750000.0
2018-05-08,237.8,239.85,232.8,238.7,8700000.0
2018-05-09,241.3,248.35,236.85,238.15,18650000.0
2018-05-10,240.25,242.9,236.8,241.3,8440000.0
2018-05-11,242.0,243.3,238.6,242.7,6240000.0
2018-05-14,243.2,244.7,239.75,242.1,6800000.0
2018-05-15,241.4,248.25,239.7,243.9,7450000.0
2018-05-16,243.25,247.6,237.0,239.75,17300000.0
2018-05-17,240.0,240.8,228.6,233.05,17200000.0
2018-05-18,232.05,235.45,230.6,231.5,7330000.0
2018-05-21,232.25,234.0,224.35,228.25,8160000.0
2018-05-22,229.0,236.2,225.15,234.95,9260000.0
2018-05-23,234.0,234.9,228.8,229.95,9000000.0
2018-05-24,231.0,235.65,227.15,234.1,9270000.0
2018-05-25,235.0,247.25,234.55,245.5,15150000.0
2018-05-28,247.0,247.7,240.75,241.65,5900000.0
2018-05-29,240.0,244.9,239.4,242.5,6810000.0
2018-05-30,239.95,240.25,235.55,238.1,7820000.0
2018-05-31,239.3,239.9,233.0,234.2,8950000.0
2018-06-01,233.8,239.5,231.05,238.5,7340000.0
2018-06-04,240.0,242.85,237.7,241.6,8050000.000000001
2018-06-05,240.2,243.2,237.7,242.05,5490000.0
2018-06-06,242.5,249.55,241.5,248.1,6460000.0
2018-06-07,252.0,255.5,247.45,248.6,12820000.0
2018-06-08,245.65,247.15,240.55,242.15,6830000.0
2018-06-11,242.05,245.65,241.85,244.7,5190000.0
2018-06-12,244.7,245.9,238.7,240.65,4660000.0
2018-06-13,240.7,247.2,239.65,245.0,5980000.0
2018-06-14,245.0,249.5,243.3,244.75,6800000.0
2018-06-15,245.0,245.1,235.55,237.4,6790000.0
2018-06-18,235.0,235.0,229.0,231.0,6830000.0
2018-06-19,229.0,232.2,221.85,225.8,10130000.0
2018-06-20,226.0,229.75,224.05,226.2,7230000.0
2018-06-21,228.3,228.3,221.5,222.3,6020000.0
2018-06-22,222.05,222.75,218.7,222.0,9810000.0
2018-06-25,221.05,227.25,217.8,218.4,9320000.0
2018-06-26,218.5,223.7,216.8,222.95,8480000.0
2018-06-27,223.25,223.7,216.9,217.9,6890000.0
2018-06-28,218.0,222.6,216.15,221.05,10400000.0
2018-06-29,222.8,232.0,221.55,230.5,10440000.0
2018-07-02,231.0,231.1,218.85,223.25,9160000.0
2018-07-03,223.5,227.45,220.7,226.1,8000000.0
2018-07-04,225.8,225.8,220.1,224.1,5250000.0
2018-07-05,223.8,223.9,219.3,220.3,4770000.0
2018-07-06,219.4,226.35,214.55,220.45,8820000.0
2018-07-09,223.0,225.85,221.5,222.05,5170000.0
2018-07-10,224.25,230.05,224.05,229.05,11550000.0
2018-07-11,226.85,226.85,219.8,220.8,9760000.0
2018-07-12,221.0,225.9,219.65,220.3,8960000.0
2018-07-13,222.9,222.9,216.6,218.75,5810000.0
2018-07-16,218.0,220.5,212.4,213.05,6440000.0
2018-07-17,211.0,221.25,208.05,219.5,8640000.0
2018-07-18,220.9,221.45,210.5,212.4,7510000.0
2018-07-19,214.0,214.4,194.5,197.6,33210000.0
2018-07-20,200.35,202.2,193.6,195.65,22840000.0
2018-07-23,196.1,198.45,192.35,196.15,13360000.0
2018-07-24,197.0,210.0,196.15,207.6,18530000.0
2018-07-25,209.7,213.3,207.5,209.0,15340000.0
2018-07-26,210.5,210.5,201.7,206.55,13570000.0
2018-07-27,212.75,220.8,212.0,213.4,30010000.0
2018-07-30,214.0,216.45,209.45,211.25,9030000.0
2018-07-31,211.0,214.95,207.7,213.4,11170000.0
2018-08-01,214.5,214.9,206.35,208.0,11170000.0
2018-08-02,206.0,210.75,203.25,207.9,12830000.0
2018-08-03,208.05,212.7,204.5,211.6,16739999.999999998
2018-08-06,212.6,216.8,210.3,216.1,10380000.0
2018-08-07,218.8,222.55,214.6,219.0,20850000.0
2018-08-08,223.0,224.9,219.4,220.6,20810000.0
2018-08-09,224.0,228.2,222.7,227.45,15350000.0
2018-08-10,228.75,228.8,220.2,222.7,13150000.0
2018-08-13,220.95,223.6,217.65,221.65,10000000.0
2018-08-14,221.05,223.95,220.25,221.45,7630000.0
2018-08-16,217.6,218.3,213.5,216.1,8130000.000000001
2018-08-17,218.55,221.2,217.6,219.7,5230000.0
2018-08-20,221.0,227.0,220.4,226.65,7600000.0
2018-08-21,227.95,228.15,224.2,226.4,6120000.0
2018-08-23,226.5,226.95,219.1,221.05,6180000.0
2018-08-24,219.05,223.35,216.65,222.1,9110000.0
2018-08-27,226.2,231.0,224.9,230.25,13520000.0
2018-08-28,233.65,240.0,231.6,239.0,18890000.0
2018-08-29,239.0,243.0,236.1,236.85,12140000.0
2018-08-30,238.6,241.6,235.7,240.25,9910000.0
2018-08-31,240.0,240.7,236.35,237.95,7190000.0
2018-09-03,237.5,242.85,236.6,239.4,8310000.000000001
2018-09-04,239.4,239.85,232.6,235.1,5840000.0
2018-09-05,233.1,240.9,231.3,239.95,11430000.0
2018-09-06,239.1,240.4,234.3,235.4,7400000.0
2018-09-07,237.0,246.25,234.25,242.55,11020000.0
2018-09-10,242.0,243.9,234.85,235.7,6100000.0
2018-09-11,236.8,240.8,228.75,231.6,12650000.0
2018-09-12,233.4,238.7,227.6,237.9,8900000.0
2018-09-14,240.35,249.05,240.35,245.45,15740000.0
2018-09-17,244.0,245.65,240.5,241.35,9900000.0
2018-09-18,242.4,243.2,233.5,234.15,6830000.0
2018-09-19,236.7,240.45,233.55,235.65,9800000.0
2018-09-21,237.3,242.45,224.0,240.4,17640000.0
2018-09-24,240.6,245.35,236.5,239.9,8990000.0
2018-09-25,240.05,244.8,234.8,243.05,7850000.0
2018-09-26,246.0,250.35,241.4,247.95,11940000.0
2018-09-27,248.75,250.8,242.8,243.9,11390000.0
2018-09-28,244.8,246.5,227.0,229.65,11590000.0
2018-10-01,229.1,244.1,225.0,242.9,12580000.0
2018-10-03,241.7,256.25,239.3,253.75,16540000.0
2018-10-04,252.0,259.75,249.5,251.85,17160000.0
2018-10-05,247.25,249.65,238.75,241.05,13860000.0
2018-10-08,235.0,236.9,210.7,222.55,25200000.0
2018-10-09,222.5,228.3,218.85,224.25,10660000.0
2018-10-10,225.0,228.2,222.5,226.9,8300000.000000001
2018-10-11,216.9,221.6,211.1,216.5,15960000.0
2018-10-12,218.0,228.15,218.0,226.7,7260000.0
2018-10-15,229.0,232.85,224.4,231.75,7700000.0
2018-10-16,231.9,232.8,228.2,230.55,10250000.0
2018-10-17,233.2,233.85,223.7,227.75,7070000.0
2018-10-19,224.9,230.75,222.55,227.0,5280000.0
2018-10-22,230.55,230.6,221.35,224.0,6460000.0
2018-10-23,221.9,226.9,216.4,219.5,6750000.0
2018-10-24,222.9,231.9,222.1,229.85,10440000.0
2018-10-25,227.3,228.0,219.4,222.35,7330000.0
2018-10-26,223.05,223.9,212.4,221.25,12230000.0
2018-10-29,221.0,225.8,217.15,224.15,10920000.0
2018-10-30,228.0,228.75,222.2,223.9,6570000.0
2018-10-31,224.0,224.35,216.2,220.4,9700000.0
2018-11-01,222.6,232.7,221.3,231.25,9520000.0
2018-11-02,235.0,244.7,231.35,240.45,19430000.0
2018-11-05,241.0,245.3,238.5,242.35,7750000.0
2018-11-06,242.95,244.35,238.4,242.6,5170000.0
2018-11-07,244.0,245.1,243.0,244.05,784390.0
2018-11-09,244.0,244.0,237.2,238.8,8130000.000000001
2018-11-12,238.4,240.0,228.3,229.25,9060000.0
2018-11-13,228.4,232.4,224.55,231.55,10010000.0
2018-11-14,232.75,233.4,228.3,229.5,6330000.0
2018-11-15,229.5,234.8,225.3,233.6,8640000.0
2018-11-16,232.6,235.45,228.5,229.95,5460000.0
2018-11-19,231.1,237.4,230.4,234.45,7280000.0
2018-11-20,233.85,233.85,220.4,221.95,14760000.0
2018-11-21,220.6,225.15,217.2,223.15,13700000.0
2018-11-22,224.0,225.3,216.5,218.1,9710000.0
2018-11-26,219.1,220.15,213.75,218.8,6780000.0
2018-11-27,217.0,223.0,213.25,219.9,11500000.0
2018-11-28,220.0,222.3,214.5,216.05,8119999.999999999
2018-11-29,218.6,226.85,218.6,224.5,12440000.0
2018-11-30,224.45,227.4,220.7,226.2,9380000.0
2018-12-03,232.5,237.9,231.8,233.05,10800000.0
2018-12-04,230.7,235.5,228.8,233.35,9410000.0
2018-12-05,229.05,230.4,220.3,221.35,12880000.0
2018-12-06,219.3,221.6,214.3,217.9,13400000.0
2018-12-07,219.7,221.4,216.55,218.8,6690000.0
2018-12-10,212.4,220.25,211.45,217.9,9520000.0
2018-12-11,215.0,218.45,214.0,216.25,7210000.0
2018-12-12,218.0,222.9,217.0,221.3,7170000.0
2018-12-13,224.45,224.45,218.5,220.3,6890000.0
2018-12-14,219.5,222.85,217.3,220.15,5750000.0
2018-12-17,221.7,225.95,221.6,225.45,5690000.0
2018-12-18,224.0,227.0,222.6,225.25,5920000.0
2018-12-19,225.55,228.3,225.0,227.15,5430000.0
2018-12-20,222.8,225.0,219.75,223.9,8410000.0
2018-12-21,224.25,227.45,221.8,224.0,6930000.0
2018-12-24,224.0,224.0,216.95,217.85,4670000.0
2018-12-26,213.85,219.8,212.9,218.6,6550000.0
2018-12-27,221.4,223.9,219.6,220.6,7950000.0
2018-12-28,221.0,226.05,221.0,223.5,5070000.0
2018-12-31,226.7,228.5,225.25,226.2,6940000.0
2019-01-01,225.5,225.75,221.6,222.75,5020000.0
2019-01-02,218.95,219.15,213.65,214.55,10990000.0
2019-01-03,214.3,215.7,208.1,209.2,8660000.0
2019-01-04,210.0,212.4,207.55,210.9,17410000.0
2019-01-07,213.8,214.75,207.9,208.55,8140000.000000001
2019-01-08,208.5,209.55,205.3,206.5,13400000.0
2019-01-09,208.5,209.25,203.1,205.7,13250000.0
2019-01-10,206.0,206.65,203.05,204.0,9290000.0
2019-01-11,204.0,207.95,204.0,205.85,13310000.0
2019-01-14,205.5,206.6,203.4,206.15,5200000.0
2019-01-15,207.35,209.0,205.65,208.5,7170000.0
2019-01-16,209.8,210.5,206.55,208.4,8210000.000000001
2019-01-17,208.5,208.7,205.3,206.0,6540000.0
2019-01-18,206.65,209.4,205.95,208.8,6260000.0
2019-01-21,209.1,209.9,205.1,207.65,4880000.0
2019-01-22,206.35,206.35,201.0,203.55,7670000.0
2019-01-23,203.55,207.3,203.45,205.45,5820000.0
2019-01-24,206.0,206.2,203.25,205.05,3920000.0
2019-01-25,206.2,207.95,203.25,204.45,4380000.0
2019-01-28,204.45,206.5,198.3,200.0,5740000.0
2019-01-29,199.1,200.7,197.45,199.55,4460000.0
2019-01-30,200.4,206.25,200.4,205.8,5620000.0
2019-01-31,206.1,210.0,204.35,208.5,6550000.0
2019-02-01,208.0,212.35,203.5,211.4,10480000.0
2019-02-04,209.9,209.9,201.45,204.2,6200000.0
2019-02-05,205.9,208.75,202.7,204.75,4770000.0
2019-02-06,205.6,212.1,202.5,211.4,5890000.0
2019-02-07,211.9,212.65,208.2,209.2,6220000.0
2019-02-08,208.95,209.15,204.4,205.9,3960000.0
2019-02-11,204.9,204.9,195.65,199.45,8460000.0
2019-02-12,199.0,202.7,197.0,198.35,16469999.999999998
2019-02-13,199.0,200.9,197.2,198.2,6780000.0
2019-02-14,197.6,198.55,190.3,191.75,10770000.0
2019-02-15,192.3,192.5,182.2,186.6,12680000.0
2019-02-18,187.0,188.7,183.9,184.55,6480000.0
2019-02-19,185.1,189.25,184.1,186.55,5510000.0
2019-02-20,187.8,193.9,187.55,193.0,7600000.0
2019-02-21,193.9,195.5,192.25,194.4,6500000.0
2019-02-22,194.3,197.0,192.3,196.45,8760000.0
2019-02-25,197.0,198.5,194.35,196.5,6170000.0
2019-02-26,192.75,197.2,189.05,196.5,9060000.0
2019-02-27,199.0,199.0,194.6,195.95,11910000.0
2019-02-28,197.7,198.2,195.0,195.75,9580000.0
2019-03-01,198.1,198.9,195.3,196.15,6510000.0
2019-03-05,195.0,199.45,194.5,198.75,7350000.0
2019-03-06,200.0,203.95,199.65,202.75,13680000.0
2019-03-07,203.75,203.75,199.9,200.6,5530000.0
2019-03-08,197.0,197.6,193.6,195.55,10050000.0
2019-03-11,197.0,202.0,196.1,201.05,5450000.0
2019-03-12,203.0,206.9,202.1,203.4,10990000.0
2019-03-13,204.0,205.3,200.7,202.3,4970000.0
2019-03-14,202.35,204.6,199.75,200.75,5110000.0
2019-03-15,201.5,202.55,197.25,199.05,7490000.0
2019-03-18,200.7,201.0,197.5,199.55,4630000.0
2019-03-19,200.0,204.25,199.45,202.35,6100000.0
2019-03-20,203.0,207.95,203.0,207.15,8790000.0
2019-03-22,208.1,211.55,206.05,209.1,11360000.0
2019-03-25,206.5,206.5,201.9,205.45,7450000.0
2019-03-26,205.55,209.35,204.6,208.5,5070000.0
2019-03-27,209.05,210.85,206.7,207.65,5730000.0
2019-03-28,206.95,208.3,201.55,202.35,8920000.0
2019-03-29,205.85,207.9,204.45,205.5,12840000.0
2019-04-01,208.55,218.75,208.55,215.9,18450000.0
2019-04-02,216.25,218.3,213.2,216.95,8270000.0
2019-04-03,217.05,219.1,214.1,215.95,4910000.0
2019-04-04,215.45,215.45,210.0,210.45,7740000.0
2019-04-05,210.5,216.8,209.75,215.4,7970000.0
2019-04-08,216.7,217.8,213.05,214.45,5030000.0
2019-04-09,214.45,217.85,211.6,217.15,3940000.0
2019-04-10,214.5,216.75,209.65,211.7,13320000.0
2019-04-11,211.0,212.55,209.7,211.3,5920000.0
2019-04-12,211.3,212.0,208.0,209.75,5530000.0
2019-04-15,210.0,214.75,210.0,212.75,4970000.0
2019-04-16,214.0,217.9,213.15,214.95,6750000.0
2019-04-18,216.15,216.15,206.25,207.2,7240000.0
2019-04-22,207.3,207.8,199.6,200.4,9370000.0
2019-04-23,200.0,202.85,198.75,200.35,4350000.0
2019-04-24,200.4,201.4,197.2,200.7,6360000.0
2019-04-25,200.85,202.65,195.75,196.55,6740000.0
2019-04-26,197.8,201.9,196.5,201.15,7450000.0
2019-04-30,202.0,206.6,199.05,206.05,8880000.0
2019-05-02,204.25,207.65,201.6,204.7,7950000.0
2019-05-03,206.0,206.0,202.65,205.1,5320000.0
2019-05-06,197.0,200.95,196.8,198.9,8850000.0
2019-05-07,199.2,204.25,199.2,200.45,9040000.0
2019-05-08,200.0,202.9,196.65,200.0,7880000.0
2019-05-09,201.7,201.9,196.25,198.15,10480000.0
2019-05-10,199.1,201.05,193.6,195.8,8820000.0
2019-05-13,194.9,194.9,191.4,192.2,6980000.0
2019-05-14,191.0,193.95,188.0,192.95,8450000.0
2019-05-15,192.95,196.0,189.65,190.65,6680000.0
2019-05-16,191.25,195.9,190.0,194.6,10530000.0
2019-05-17,192.0,192.8,187.25,191.7,13560000.0
2019-05-20,194.5,199.7,193.75,198.75,5410000.0
2019-05-21,199.75,200.0,193.2,196.0,5190000.0
2019-05-22,196.0,199.35,195.0,198.0,5590000.0
2019-05-23,201.0,201.0,190.85,191.75,7480000.0
2019-05-24,193.0,196.45,190.0,195.8,6330000.0
2019-05-27,196.0,201.85,195.3,200.6,4500000.0
2019-05-28,200.6,207.15,200.6,201.85,12220000.0
2019-05-29,201.0,201.0,197.25,199.3,5120000.0
2019-05-30,199.1,200.8,196.3,198.55,7040000.0
2019-05-31,199.05,199.7,195.2,197.0,8800000.0
2019-06-03,197.0,200.4,194.4,199.4,5310000.0
2019-06-04,198.85,200.5,196.85,197.8,4730000.0
2019-06-06,197.8,198.45,193.7,194.85,6630000.0
2019-06-07,194.85,196.65,193.4,194.8,3810000.0
2019-06-10,196.8,198.6,195.0,198.25,3880000.0
2019-06-11,198.9,200.9,195.65,199.6,5970000.0
2019-06-12,198.6,202.9,197.15,199.3,6230000.0
2019-06-13,198.95,200.35,196.7,199.65,4650000.0
2019-06-14,198.4,200.7,196.8,198.25,3620000.0
2019-06-17,199.0,199.0,193.0,193.6,5980000.0
2019-06-18,193.45,195.3,189.3,189.95,8850000.0
2019-06-19,192.25,196.25,188.4,190.05,11220000.0
2019-06-20,190.2,194.8,188.1,194.3,6470000.0
2019-06-21,193.9,198.3,193.15,197.65,7600000.0
2019-06-24,197.0,203.25,196.5,198.2,10460000.0
2019-06-25,196.5,203.9,194.5,202.5,8420000.0
2019-06-26,201.5,208.95,201.05,208.35,6730000.0
2019-06-27,209.65,210.4,205.35,206.1,8700000.0
2019-06-28,206.0,207.6,203.55,207.05,5450000.0
2019-07-01,208.1,210.6,207.2,208.9,6350000.0
2019-07-02,209.0,210.2,206.0,209.35,3550000.0
2019-07-03,208.75,210.3,205.35,208.7,5050000.0
2019-07-04,208.4,209.5,206.25,206.9,4030000.0000000005
2019-07-05,206.55,206.8,198.0,198.9,8690000.0
2019-07-08,197.0,200.5,195.0,197.6,6200000.0
2019-07-09,197.0,199.0,193.1,197.9,6360000.0
2019-07-10,196.0,197.4,192.5,193.65,5240000.0
2019-07-11,196.5,199.25,194.85,198.45,4520000.0
2019-07-12,199.0,201.45,197.4,198.85,3540000.0
2019-07-15,198.55,201.0,195.8,200.15,3880000.0
2019-07-16,199.4,202.5,197.5,199.1,6830000.0
2019-07-17,198.9,204.2,198.1,203.45,4790000.0
2019-07-18,201.9,202.9,199.35,200.55,5170000.0
2019-07-19,202.0,203.7,195.0,196.0,6740000.0
2019-07-22,195.95,205.45,194.8,202.4,9150000.0
2019-07-23,202.05,204.25,200.4,203.1,4640000.0
2019-07-24,203.05,203.9,195.65,197.25,5940000.0
2019-07-25,197.9,200.25,195.45,196.75,5720000.0
2019-07-26,196.75,199.35,194.75,198.0,5370000.0
2019-07-29,196.35,198.5,192.4,193.25,6900000.0
2019-07-30,192.4,194.8,188.85,190.1,6030000.0
2019-07-31,188.0,191.25,184.8,190.55,9270000.0
2019-08-01,189.0,189.25,180.3,182.75,11880000.0
2019-08-02,179.8,182.3,176.35,180.4,11800000.0
2019-08-05,178.0,178.0,171.6,175.75,9710000.0
2019-08-06,173.0,182.6,173.0,180.7,10420000.0
2019-08-07,183.0,184.1,175.8,176.4,6390000.0
2019-08-08,177.5,181.8,175.4,181.05,6180000.0
2019-08-09,181.0,184.45,173.3,176.2,14560000.0
2019-08-13,175.25,180.3,173.0,176.25,6840000.0
2019-08-14,176.6,181.25,176.0,180.6,5970000.0
2019-08-16,179.1,181.5,173.7,179.8,7170000.0
2019-08-19,180.15,182.25,177.75,181.15,5180000.0
2019-08-20,182.0,182.35,177.8,179.4,4540000.0
2019-08-21,178.9,178.9,173.25,177.05,6640000.0
2019-08-22,174.0,179.3,172.65,176.55,7130000.0
2019-08-23,173.6,181.95,172.15,180.25,7070000.0
2019-08-26,182.05,182.25,171.1,178.75,7970000.0
2019-08-27,180.0,182.45,177.7,181.2,6930000.0
2019-08-28,181.5,182.0,176.5,178.4,5850000.0
2019-08-29,176.8,180.9,174.9,179.7,5280000.0
2019-08-30,182.25,187.0,181.45,184.45,13910000.0
2019-09-03,182.5,182.5,177.4,178.4,4930000.0
2019-09-04,179.0,182.2,176.6,181.65,5130000.0
2019-09-05,182.25,188.65,182.25,184.6,5610000.0
2019-09-06,184.9,189.7,182.0,188.4,5570000.0
2019-09-09,188.5,190.05,184.75,189.25,5010000.0
2019-09-11,189.1,194.2,189.0,193.45,5900000.0
2019-09-12,193.95,197.6,193.6,197.1,8640000.0
2019-09-13,196.65,201.9,195.2,200.35,6470000.0
2019-09-16,198.1,201.25,197.95,200.4,5750000.0
2019-09-17,200.0,202.95,196.65,197.95,6910000.0
2019-09-18,198.4,200.8,197.15,198.0,7330000.0
2019-09-19,198.0,198.9,193.15,195.95,4160000.0
2019-09-20,196.05,208.2,194.75,202.15,14590000.0
2019-09-23,204.55,206.85,198.0,200.0,7370000.0
2019-09-24,199.95,202.35,196.05,197.8,5810000.0
2019-09-25,196.1,196.6,188.9,189.9,7160000.0
2019-09-26,191.0,196.5,190.25,195.95,8630000.0
2019-09-27,194.55,194.95,189.5,190.7,4390000.0
2019-09-30,189.4,191.9,184.75,191.35,6520000.0
2019-10-01,191.3,194.55,186.75,189.75,6160000.0
2019-10-03,186.5,187.95,180.0,182.6,13860000.0
2019-10-04,184.0,185.75,181.55,182.1,6280000.0
2019-10-07,182.25,185.15,181.1,182.3,4530000.0
2019-10-09,182.05,187.15,180.7,186.05,4540000.0
2019-10-10,184.45,185.95,181.8,182.25,4350000.0
2019-10-11,183.5,189.2,183.3,187.2,7640000.0
2019-10-14,189.5,191.0,187.05,188.7,5220000.0
2019-10-15,187.9,195.55,185.9,192.55,6690000.0
2019-10-16,192.5,194.15,187.15,187.95,8080000.0
2019-10-17,185.5,189.75,182.55,188.8,9520000.0
2019-10-18,187.95,191.35,186.65,187.4,7350000.0
2019-10-22,186.45,190.95,185.05,185.75,6680000.0
2019-10-23,185.1,187.6,184.0,185.1,5610000.0
2019-10-24,186.25,186.65,180.7,181.35,6890000.0
2019-10-25,181.5,183.4,181.0,181.75,5960000.0
2019-10-27,182.1,182.1,182.1,182.1,5960000.0
2019-10-29,183.4,188.15,182.45,184.3,9690000.0
2019-10-30,186.8,189.45,184.4,187.2,5980000.0
2019-10-31,188.15,190.9,186.6,187.9,6500000.0
2019-11-01,188.05,194.35,187.35,193.75,6920000.0
2019-11-04,195.5,204.1,195.5,197.95,15420000.0
2019-11-05,199.0,202.7,197.35,198.6,8910000.0
2019-11-06,199.0,203.65,197.65,201.5,13030000.0
2019-11-07,202.9,207.3,199.25,205.2,17560000.0
2019-11-08,205.05,207.0,203.1,203.85,10080000.0
2019-11-11,203.95,203.95,199.5,200.15,6850000.0
2019-11-13,197.05,201.95,192.35,193.15,13460000.0
2019-11-14,193.35,193.4,187.8,188.5,6720000.0
2019-11-15,188.5,190.15,187.1,187.75,4560000.0
2019-11-18,188.55,194.85,187.2,193.6,8870000.0
2019-11-19,193.6,194.0,190.65,192.35,3480000.0
2019-11-20,193.0,193.85,190.25,190.75,4440000.0
2019-11-21,190.2,192.9,188.05,188.6,6340000.0
2019-11-22,188.0,191.3,187.05,190.25,4640000.0
2019-11-25,191.5,200.65,190.35,199.25,16930000.0
2019-11-26,200.15,202.9,197.55,198.7,16160000.0
2019-11-27,199.4,203.5,199.4,203.0,7250000.0
2019-11-28,203.0,205.3,200.1,204.1,5420000.0
2019-11-29,203.0,204.5,196.55,200.15,10210000.0
2019-12-02,200.0,202.55,198.45,200.8,5200000.0
2019-12-03,200.1,200.5,194.6,196.0,5820000.0
2019-12-04,194.2,201.75,192.8,201.1,6570000.0
2019-12-05,199.05,201.45,197.25,198.55,4440000.0
2019-12-06,199.0,200.7,195.65,197.95,3820000.0
2019-12-09,198.65,202.25,197.1,198.85,5740000.0
2019-12-10,198.7,200.6,197.7,199.1,4880000.0
2019-12-11,200.0,200.0,194.7,196.6,4760000.0
2019-12-12,197.3,204.25,197.3,201.45,10620000.0
2019-12-13,207.0,209.0,205.3,208.25,14250000.0
2019-12-16,210.0,211.65,206.2,206.65,8780000.0
2019-12-17,207.9,214.8,206.8,213.7,16629999.999999998
2019-12-18,214.55,215.5,212.2,213.65,11720000.0
2019-12-19,212.4,217.25,211.15,216.3,6850000.0
2019-12-20,216.3,218.1,214.8,215.5,8180000.0
2019-12-23,216.8,219.35,213.35,215.15,10300000.0
2019-12-24,218.25,218.3,215.15,216.25,7780000.0
2019-12-26,216.75,217.6,214.3,215.0,7440000.0
2019-12-27,216.1,217.15,214.4,215.45,5250000.0
2019-12-30,216.3,219.0,211.15,217.95,11350000.0
2019-12-31,217.0,219.4,215.5,216.15,9430000.0
2020-01-01,216.15,217.45,213.2,214.3,5090000.0
2020-01-02,216.0,221.2,216.0,220.15,15240000.0
2020-01-03,219.3,219.95,216.05,216.45,8660000.0
2020-01-06,215.0,215.65,208.05,209.3,7800000.0
2020-01-07,210.55,213.2,207.7,208.85,12770000.0
2020-01-08,206.0,208.65,204.5,207.4,12470000.0
2020-01-09,211.5,211.95,208.9,210.75,8680000.0
2020-01-10,212.3,214.2,210.2,211.5,7800000.0
2020-01-13,212.8,213.0,209.5,211.2,6610000.0
2020-01-14,212.5,214.75,210.8,211.95,7980000.0
2020-01-15,211.1,215.0,210.0,213.65,9560000.0
2020-01-16,214.0,214.75,209.0,209.65,6990000.0
2020-01-17,209.5,212.0,208.15,210.05,8680000.0
2020-01-20,210.1,210.8,206.75,207.3,3980000.0
2020-01-21,206.0,208.5,204.65,205.15,4480000.0
2020-01-22,205.6,207.8,203.0,203.6,6270000.0
2020-01-23,203.6,205.35,202.75,204.6,5560000.0
2020-01-24,204.5,207.7,202.25,205.4,5750000.0
2020-01-27,203.55,203.55,197.4,198.25,7940000.0
2020-01-28,199.4,199.4,194.2,196.0,6310000.0
2020-01-29,197.65,200.4,197.1,197.75,8980000.0
2020-01-30,197.3,197.75,192.7,193.45,8590000.0
2020-01-31,194.8,195.15,188.25,189.35,6010000.0
2020-02-01,187.6,189.85,182.85,184.4,3890000.0
2020-02-03,183.9,185.6,180.3,181.8,7680000.0
2020-02-04,183.0,190.35,183.0,189.25,9240000.0
2020-02-05,190.1,197.55,188.3,196.3,7410000.0
2020-02-06,196.4,197.35,192.65,194.0,7350000.0
2020-02-07,194.0,198.4,192.85,197.4,6980000.0
2020-02-10,195.9,196.95,189.6,190.85,5390000.0
2020-02-11,192.4,196.95,192.0,193.65,7530000.0
2020-02-12,194.25,196.4,191.2,193.65,10580000.0
2020-02-13,194.7,197.0,192.4,195.25,6710000.0
2020-02-14,195.5,197.0,193.45,194.0,3800000.0
2020-02-17,194.0,194.7,189.75,190.25,3480000.0
2020-02-18,189.15,189.45,181.75,184.35,8150000.0
2020-02-19,186.0,188.6,184.4,188.1,4320000.0
2020-02-20,187.8,191.0,185.4,189.95,6210000.0
2020-02-24,186.9,186.9,177.9,179.05,14690000.0
2020-02-25,181.0,181.45,174.05,174.45,10690000.0
2020-02-26,172.95,173.2,167.75,169.9,16860000.0
2020-02-27,169.95,170.3,166.15,168.35,7660000.0
2020-02-28,162.0,162.2,154.1,155.9,14030000.0
2020-03-02,160.55,161.45,146.85,149.75,11440000.0
2020-03-03,152.1,160.45,150.8,159.3,21840000.0
2020-03-04,160.0,161.7,156.9,160.6,12070000.0
2020-03-05,162.7,167.9,154.85,155.5,12340000.0
2020-03-06,148.95,151.45,140.0,150.1,11170000.0
2020-03-09,143.9,145.8,140.3,143.45,10550000.0
2020-03-11,142.0,142.35,137.1,137.8,9680000.0
2020-03-12,130.0,130.0,118.15,120.2,15930000.0
2020-03-13,113.9,130.0,103.1,127.45,15370000.0
2020-03-16,120.8,129.05,114.45,115.65,20580000.0
2020-03-17,117.0,120.85,113.85,115.4,11620000.0
2020-03-18,119.0,119.0,108.15,109.2,12110000.0
2020-03-19,103.0,107.9,97.55,99.75,11570000.0
2020-03-20,101.2,107.7,98.7,105.5,13930000.0
2020-03-23,94.95,99.95,84.9,87.9,14590000.0
2020-03-24,89.05,94.8,85.0,88.75,16850000.0
2020-03-25,88.95,97.2,88.05,94.55,7880000.0
2020-03-26,97.5,97.6,92.25,94.55,11010000.0
2020-03-27,97.5,99.3,90.3,91.55,9160000.0
2020-03-30,88.1,91.45,86.55,88.8,9970000.0
2020-03-31,91.95,97.25,91.0,95.7,15560000.0
2020-04-01,94.95,95.4,91.0,91.65,9270000.0
2020-04-03,92.1,93.45,88.4,88.8,8220000.000000001
2020-04-07,92.15,106.55,90.0,103.95,23640000.0
2020-04-08,99.5,111.8,98.9,100.85,24230000.0
2020-04-09,105.0,109.0,101.85,107.55,14940000.0
2020-04-13,109.0,114.35,105.1,113.8,23260000.0
2020-04-15,120.0,124.0,113.8,115.1,45560000.0
2020-04-16,118.9,121.9,114.45,120.55,18970000.0
2020-04-17,124.0,125.7,119.1,124.15,14580000.0
2020-04-20,125.0,125.15,115.75,116.45,18340000.0
2020-04-21,113.65,113.7,105.8,107.1,22940000.0
2020-04-22,106.5,108.75,102.75,108.3,14420000.0
2020-04-23,109.0,113.3,108.35,111.25,16550000.0
2020-04-24,109.95,109.95,102.85,103.65,16900000.0
2020-04-27,106.4,109.7,105.3,108.2,18660000.0
2020-04-28,109.2,110.65,106.7,108.75,13490000.0
2020-04-29,109.0,117.65,108.3,116.3,35700000.0
2020-04-30,120.0,132.2,119.5,130.2,45990000.0
2020-05-04,121.4,123.0,114.6,115.9,22500000.0
2020-05-05,120.0,120.75,115.0,115.9,19410000.0
2020-05-06,116.0,120.7,115.5,118.6,15990000.0
2020-05-07,117.0,122.0,116.7,117.65,16730000.0
2020-05-08,122.9,123.0,115.85,117.1,21600000.0
2020-05-11,118.95,121.4,117.55,119.75,13920000.0
2020-05-12,118.9,122.25,116.4,121.1,13670000.0
2020-05-13,125.5,126.95,121.6,123.55,13920000.0
2020-05-14,119.0,120.9,117.0,117.2,12780000.0
2020-05-15,118.4,120.9,117.4,119.25,12510000.0
2020-05-18,120.55,121.0,114.3,115.35,14500000.0
2020-05-19,117.75,120.4,116.55,117.3,15920000.0
2020-05-20,117.3,121.95,116.25,120.8,8720000.0
2020-05-21,121.4,130.75,120.65,129.5,34330000.0
2020-05-22,126.5,126.5,123.6,124.85,17060000.0
2020-05-26,125.55,130.45,125.5,129.1,18790000.0
2020-05-27,130.4,134.8,130.0,133.3,32420000.0
2020-05-28,134.4,139.4,133.6,138.4,21950000.0
2020-05-29,135.95,141.15,134.6,138.85,19390000.0
2020-06-01,141.9,145.45,138.55,139.15,14500000.0
2020-06-02,140.9,143.5,138.85,141.15,12840000.0
2020-06-03,142.9,146.8,142.3,143.35,12470000.0
2020-06-04,143.3,144.65,138.35,142.65,11360000.0
2020-06-05,143.8,151.0,143.4,149.25,21830000.0
2020-06-08,155.0,155.85,145.5,146.35,16210000.0
2020-06-09,148.0,150.35,141.2,142.6,19220000.0
2020-06-10,143.9,148.0,141.8,146.95,17280000.0
2020-06-11,145.9,147.45,142.45,144.4,12530000.0
2020-06-12,138.0,146.85,136.2,146.05,15800000.0
2020-06-15,149.05,152.35,143.75,145.8,34910000.0
2020-06-16,149.9,154.6,146.9,150.1,28480000.0
2020-06-17,149.7,152.1,147.2,148.0,13570000.0
2020-06-18,148.45,151.4,147.3,150.8,9860000.0
2020-06-19,152.35,152.35,148.5,151.05,14630000.0
2020-06-22,150.9,151.45,149.0,150.1,8039999.999999999
2020-06-23,152.9,159.5,150.6,158.35,22570000.0
2020-06-24,159.4,160.1,150.45,151.4,15920000.0
2020-06-25,149.0,152.3,144.6,146.6,18500000.0
2020-06-26,149.0,152.0,148.2,151.05,12110000.0
2020-06-29,149.45,149.45,143.3,145.85,13110000.0
2020-06-30,148.0,151.6,145.2,146.2,14660000.0
2020-07-01,147.5,148.85,144.5,147.55,8260000.0
2020-07-02,148.9,150.3,146.75,147.75,9520000.0
2020-07-03,148.6,149.45,144.55,146.4,10780000.0
2020-07-06,147.8,155.15,147.1,154.35,24250000.0
2020-07-07,155.0,156.9,151.8,152.3,13160000.0
2020-07-08,152.75,158.0,152.4,155.0,18310000.0
2020-07-09,157.0,166.45,156.9,164.8,45180000.0
2020-07-10,163.7,164.5,160.35,163.7,16260000.000000002
2020-07-13,165.3,170.5,164.1,169.25,21890000.0
2020-07-14,167.7,168.7,161.95,163.8,16399999.999999998
2020-07-15,166.35,168.5,164.5,165.4,11230000.0
2020-07-16,164.9,166.8,161.05,166.05,12770000.0
2020-07-17,166.5,169.1,161.15,162.15,14370000.0
2020-07-20,162.2,162.95,159.65,160.9,14070000.0
2020-07-21,162.85,163.0,157.55,160.0,13100000.0
2020-07-22,160.55,163.9,157.4,159.9,17460000.0
2020-07-23,160.7,162.45,159.7,162.0,8260000.0
2020-07-24,159.95,160.95,154.3,156.2,15790000.0
2020-07-27,157.0,159.8,154.6,158.2,12750000.0
2020-07-28,158.55,165.25,158.55,164.7,15540000.0
2020-07-29,164.3,168.5,163.3,164.05,15850000.0
2020-07-30,164.95,165.7,160.0,162.0,8980000.0
2020-07-31,161.9,164.5,159.6,163.1,9870000.0
2020-08-03,163.1,167.5,160.75,161.35,16530000.000000002
2020-08-04,162.0,164.6,160.75,162.35,13650000.0
2020-08-05,163.9,177.4,163.5,175.75,47890000.0
2020-08-06,178.0,178.9,174.2,178.0,23200000.0
2020-08-07,176.45,179.0,175.35,177.6,10120000.0
2020-08-10,176.9,179.0,174.4,178.6,9380000.0
2020-08-11,180.0,186.6,178.0,178.95,30410000.0
2020-08-12,177.35,177.35,172.7,175.8,17440000.0
2020-08-13,178.0,184.6,178.0,183.55,26530000.0
2020-08-14,184.35,189.45,180.6,184.95,28520000.0
2020-08-17,185.15,193.45,184.25,192.55,25970000.0
2020-08-18,193.2,197.25,192.05,196.0,20400000.0
2020-08-19,196.85,197.65,194.3,196.8,16329999.999999998
2020-08-20,193.05,202.35,192.45,199.0,28490000.0
2020-08-21,201.75,203.15,195.35,196.25,18330000.0
2020-08-24,197.45,197.8,192.45,193.3,10630000.0
2020-08-25,195.4,196.4,190.05,191.3,13440000.0
2020-08-26,192.0,195.0,191.25,193.5,8430000.0
2020-08-27,193.5,195.65,192.6,194.9,7660000.0
2020-08-28,195.1,196.15,193.0,193.8,8150000.0
2020-08-31,195.0,197.0,184.25,185.25,17660000.0
2020-09-01,185.2,195.45,185.0,194.05,24330000.0
2020-09-02,194.0,196.9,192.55,196.2,11180000.0
2020-09-03,196.15,196.15,191.55,192.0,11310000.0
2020-09-04,188.05,194.0,184.85,188.3,16810000.0
2020-09-07,188.3,191.5,186.6,187.5,6840000.0
2020-09-08,188.2,188.2,179.55,180.25,9200000.0
2020-09-09,177.35,183.8,171.75,182.8,22610000.0
2020-09-10,185.0,185.3,173.35,176.65,19160000.0
2020-09-11,178.7,180.0,174.8,178.65,15780000.0
2020-09-14,179.0,180.5,174.6,175.8,11610000.0
2020-09-15,177.4,179.35,174.5,176.75,10730000.0
2020-09-16,177.1,184.6,175.45,183.8,14450000.0
2020-09-17,182.7,182.7,175.35,175.85,18640000.0
2020-09-18,177.45,182.2,176.55,179.5,28530000.0
2020-09-21,179.4,180.7,163.1,167.15,26160000.0
2020-09-22,168.0,168.95,160.8,163.45,18470000.0
2020-09-23,165.5,167.45,162.3,165.45,17260000.0
2020-09-24,158.0,162.3,154.4,159.1,19290000.0
2020-09-25,161.95,164.85,157.65,162.05,20240000.0
2020-09-28,163.95,168.7,162.1,167.7,12410000.0
2020-09-29,169.45,177.3,168.1,176.4,36630000.0
2020-09-30,177.5,177.7,172.7,175.25,15630000.0
2020-10-01,177.2,179.25,173.5,174.1,12660000.0
2020-10-05,175.0,179.9,172.8,179.05,13650000.0
2020-10-06,180.6,182.4,175.6,176.9,13190000.0
2020-10-07,176.9,177.95,170.8,172.85,11850000.0
2020-10-08,172.85,176.45,171.55,174.25,11210000.0
2020-10-09,177.0,181.45,169.25,170.0,30470000.0
2020-10-12,174.0,175.0,169.7,172.15,16790000.0
2020-10-13,170.45,174.9,169.75,173.25,9710000.0
2020-10-14,173.0,175.0,171.05,174.2,10700000.0
2020-10-15,174.9,178.25,171.7,173.65,19810000.0
2020-10-16,174.1,180.55,172.35,179.8,15550000.0
2020-10-19,181.0,183.85,177.7,182.7,17100000.0
2020-10-20,181.8,183.15,179.3,180.8,10430000.0
2020-10-21,181.1,187.5,181.0,185.95,24290000.0
2020-10-22,184.9,187.7,182.1,184.45,17450000.0
2020-10-23,185.6,186.6,181.65,182.25,9730000.0
2020-10-26,182.3,182.9,169.6,172.4,15620000.0
2020-10-27,172.9,175.4,171.05,174.45,15440000.0
2020-10-28,174.45,177.1,169.25,170.45,14430000.0
2020-10-29,168.5,170.5,165.3,167.9,12270000.0
2020-10-30,168.2,171.95,166.9,170.65,12960000.0
2020-11-02,171.5,172.5,167.65,170.75,11080000.0
2020-11-03,172.45,180.4,171.85,179.75,22510000.0
2020-11-04,177.0,181.2,174.1,176.5,11620000.0
2020-11-05,178.9,187.95,178.1,187.35,23730000.0
2020-11-06,186.0,190.35,185.4,188.15,14040000.0
2020-11-09,189.85,195.75,189.3,194.7,14670000.0
2020-11-10,198.05,200.65,190.1,192.35,23540000.0
2020-11-11,192.5,208.25,192.1,204.05,42960000.0
2020-11-12,205.05,211.4,204.25,208.6,40810000.0
2020-11-13,206.0,211.05,204.3,210.55,15130000.0
2020-11-17,210.3,216.0,210.1,213.55,22280000.0
2020-11-18,212.45,220.25,210.55,219.35,16610000.0
2020-11-19,217.45,227.25,212.7,213.85,28580000.0
2020-11-20,214.55,220.0,212.1,215.55,17770000.0
2020-11-23,217.0,221.95,215.55,218.05,22570000.0
2020-11-24,220.0,227.25,218.6,226.0,18540000.0
2020-11-25,226.0,230.0,222.0,223.45,18590000.0
2020-11-26,224.2,231.25,220.35,229.9,16360000.0
2020-11-27,230.0,230.6,220.55,226.35,42580000.0
2020-12-01,230.8,231.5,222.5,229.3,16870000.0
2020-12-02,229.35,236.9,228.55,231.85,20100000.0
2020-12-03,234.6,243.15,233.1,242.0,28070000.0
2020-12-04,244.55,255.95,243.0,252.7,41980000.0
2020-12-07,252.3,253.95,248.5,251.25,17200000.0
2020-12-08,251.85,253.0,244.45,245.7,14240000.0
2020-12-09,246.5,248.05,239.95,241.0,14740000.0
2020-12-10,239.8,245.5,238.0,242.7,19670000.0
2020-12-11,244.25,248.0,240.95,243.65,12610000.0
2020-12-14,245.95,248.15,244.05,246.35,10450000.0
2020-12-15,245.6,246.0,242.6,244.55,15450000.0
2020-12-16,248.0,252.15,245.9,251.45,19220000.0
2020-12-17,251.9,254.9,244.45,245.85,13710000.0
2020-12-18,246.7,251.4,245.2,249.9,18870000.0
2020-12-21,246.0,249.75,228.65,232.3,16280000.000000002
2020-12-22,233.9,239.25,227.0,231.9,18340000.0
2020-12-23,231.35,237.9,227.5,236.2,13100000.0
2020-12-24,237.9,244.65,236.1,236.95,14540000.0
2020-12-28,239.15,241.15,237.7,239.9,8210000.000000001
2020-12-29,241.9,242.0,234.3,235.6,9410000.0
2020-12-30,236.4,239.15,232.65,237.4,8480000.0
2020-12-31,236.4,241.9,234.7,240.55,10380000.0
2021-01-01,239.0,240.0,237.6,238.35,5090000.0
2021-01-04,240.9,258.0,239.55,254.3,24900000.0
2021-01-05,251.1,252.75,247.0,250.3,12300000.0
2021-01-06,250.75,260.0,247.75,259.05,18030000.0
2021-01-07,261.45,275.4,261.0,272.9,32740000.000000004
2021-01-08,273.95,274.45,265.15,268.2,20610000.0
2021-01-11,267.6,269.4,258.0,264.7,13160000.0
2021-01-12,260.45,270.5,260.45,264.35,13140000.0
2021-01-13,265.5,268.4,258.85,262.65,13300000.0
2021-01-14,262.7,265.1,259.55,261.4,7600000.0
2021-01-15,262.0,263.3,251.1,253.35,17740000.0
2021-01-18,252.3,254.25,240.6,243.15,17990000.0
2021-01-19,246.5,252.65,243.35,251.55,10250000.0
2021-01-20,251.6,253.65,248.6,252.1,11090000.0
2021-01-21,252.85,254.55,246.45,248.9,8780000.0
2021-01-22,247.25,249.8,235.55,239.2,16010000.000000002
2021-01-25,240.7,243.9,233.6,240.3,8300000.000000001
2021-01-27,240.0,240.05,229.75,231.4,14140000.0
2021-01-28,225.0,232.1,224.55,229.05,13760000.0
2021-01-29,230.1,234.3,225.0,226.3,14990000.0
2021-02-01,227.35,243.95,226.55,241.15,12420000.0
2021-02-02,244.2,257.4,243.9,255.35,18250000.0
2021-02-03,254.0,263.4,252.55,257.25,15670000.0
2021-02-04,259.95,267.4,258.95,261.85,21300000.0
2021-02-05,264.0,266.0,255.9,262.05,12830000.0
2021-02-08,264.0,280.55,263.55,278.95,27560000.0
2021-02-09,278.55,285.9,275.65,278.05,22070000.0
2021-02-10,281.0,283.35,274.7,279.4,16790000.0
2021-02-11,280.8,297.35,279.85,295.4,47360000.0
2021-02-12,297.0,297.25,286.5,290.8,15450000.0
2021-02-15,292.5,296.05,289.0,291.4,8039999.999999999
2021-02-16,293.55,307.35,293.0,302.7,27520000.0
2021-02-17,302.7,308.5,301.0,303.9,18220000.0
2021-02-18,306.05,312.6,305.0,309.9,16200000.0
2021-02-19,308.0,313.35,302.25,308.0,17410000.0
2021-02-22,310.0,328.0,310.0,316.1,45980000.0
2021-02-23,321.95,338.15,316.65,333.05,50680000.0
2021-02-24,334.2,337.5,328.0,332.8,14780000.0
2021-02-25,337.6,354.6,337.0,350.7,35970000.0
2021-02-26,343.0,349.65,334.75,340.25,20380000.0
2021-03-01,342.0,347.0,334.6,344.1,14560000.0
2021-03-02,344.25,349.3,338.75,345.25,12880000.0
2021-03-03,350.7,361.3,350.5,359.35,20100000.0
2021-03-04,352.0,357.7,347.0,349.45,13620000.0
2021-03-05,345.25,347.6,333.15,337.85,15130000.0
2021-03-08,340.05,343.9,334.7,336.6,10560000.0
2021-03-09,339.95,344.4,328.45,333.25,13880000.0
2021-03-10,335.8,342.35,330.45,340.35,10890000.0
2021-03-12,341.55,345.0,327.45,330.2,15040000.0
2021-03-15,331.9,335.9,325.0,333.8,14050000.0
2021-03-16,336.0,336.75,326.3,333.9,13290000.0
2021-03-17,332.95,333.55,325.0,326.4,11030000.0
2021-03-18,329.35,340.5,329.35,331.8,23740000.0
2021-03-19,330.0,339.7,320.6,335.1,16750000.0
2021-03-22,335.1,342.65,331.1,339.75,8470000.0
2021-03-23,341.9,342.45,330.3,331.7,13880000.0
2021-03-24,328.3,328.3,316.8,317.75,20390000.0
2021-03-25,319.05,319.9,305.4,314.0,20860000.0
2021-03-26,318.1,328.5,318.1,327.15,13860000.0
2021-03-30,330.55,332.9,324.95,326.3,9160000.0
2021-03-31,323.1,336.0,320.9,326.85,10390000.0
2021-04-01,329.75,352.0,328.45,350.25,25630000.0
2021-04-05,349.9,352.9,338.0,350.65,14770000.0
2021-04-06,352.7,358.3,348.5,350.45,11190000.0
2021-04-07,350.4,360.7,349.0,352.2,12540000.0
2021-04-08,355.9,374.0,354.65,365.2,28770000.0
2021-04-09,367.0,370.0,354.7,361.05,16370000.000000002
2021-04-12,352.1,354.0,331.6,336.2,16100000.000000002
2021-04-13,336.2,350.3,336.2,348.7,12940000.0
2021-04-15,354.0,366.8,349.75,353.55,21830000.0
2021-04-16,356.75,376.5,352.7,370.0,28440000.0
2021-04-19,358.7,366.0,353.85,361.4,15440000.0
2021-04-20,368.6,371.5,354.55,359.35,15530000.0
2021-04-22,360.8,365.6,354.7,355.85,12760000.0
2021-04-23,354.05,362.65,345.3,349.5,12810000.0
2021-04-26,353.0,358.25,345.5,348.35,16469999.999999998
2021-04-27,350.1,370.0,350.1,366.25,41260000.0
2021-04-28,368.85,368.9,358.0,362.6,15200000.0
2021-04-29,367.4,377.3,364.6,372.15,34390000.0
2021-04-30,368.9,377.0,361.3,364.4,19940000.0
2021-05-03,364.4,373.2,357.65,369.95,15890000.0
2021-05-04,372.0,384.45,359.7,362.55,29770000.0
2021-05-05,367.0,373.7,364.3,367.1,15190000.0
2021-05-06,370.0,388.6,367.8,385.95,31910000.0
2021-05-07,390.0,404.95,385.25,401.1,46340000.0
2021-05-10,407.8,427.5,406.7,425.75,39520000.0
2021-05-11,414.85,420.6,408.85,412.8,27500000.0
2021-05-12,416.0,417.65,393.7,398.8,18240000.0
2021-05-14,403.0,403.65,368.15,382.8,41380000.0
2021-05-17,384.5,395.35,377.25,392.95,20820000.0
2021-05-18,401.0,412.8,396.5,402.1,30540000.0
2021-05-19,400.0,406.45,394.2,403.3,16110000.0
2021-05-20,390.0,393.2,379.45,385.2,30690000.0
2021-05-21,388.7,391.9,383.35,389.8,22410000.0
2021-05-24,392.9,393.7,379.45,389.3,23690000.0
2021-05-25,394.0,399.5,389.55,391.2,18160000.0
2021-05-26,389.25,389.5,380.25,381.0,15340000.0
2021-05-27,382.05,388.45,380.0,385.85,17370000.0
2021-05-28,393.0,398.85,384.8,387.75,14860000.0
2021-05-31,391.55,395.4,388.0,394.25,13700000.0
2021-06-01,396.0,396.8,386.5,394.7,11400000.0
2021-06-02,389.0,402.7,389.0,398.8,9590000.0
2021-06-03,403.0,405.5,398.0,399.2,12440000.0
2021-06-04,400.0,400.0,392.3,395.05,10040000.0
2021-06-07,396.15,401.4,394.25,395.0,6180000.0
2021-06-08,395.0,395.5,381.1,387.75,17330000.0
2021-06-09,388.0,390.95,382.3,383.15,11810000.0
2021-06-10,386.15,389.95,384.25,385.4,5800000.0
2021-06-11,388.4,395.0,383.15,393.15,9630000.0
2021-06-14,392.95,397.5,381.35,394.8,11600000.0
2021-06-15,391.0,396.35,390.0,390.85,7930000.0
2021-06-16,387.3,391.35,377.0,380.25,17980000.0
2021-06-17,376.0,380.3,365.05,369.25,14320000.0
2021-06-18,368.75,373.35,359.8,371.35,22720000.0
2021-06-21,366.9,369.95,360.4,367.6,13170000.0
2021-06-22,371.0,371.85,366.25,367.55,9790000.0
2021-06-23,368.05,377.0,367.35,368.1,14300000.0
2021-06-24,369.0,372.45,366.1,369.05,9070000.0
2021-06-25,371.55,380.35,371.55,375.9,12820000.0
2021-06-28,378.9,384.95,374.25,382.3,14520000.0
2021-06-29,383.4,383.5,372.7,374.25,9110000.0
2021-06-30,376.55,379.4,370.95,372.05,10110000.0
2021-07-01,372.3,380.8,372.0,379.4,8230000.0
2021-07-02,378.0,380.6,374.2,376.05,5070000.0
2021-07-05,379.0,391.0,377.5,389.55,12840000.0
2021-07-06,389.4,391.0,384.0,385.35,6150000.0
2021-07-07,382.9,395.0,380.2,393.65,10580000.0
2021-07-08,392.5,392.9,381.2,383.1,12330000.0
2021-07-09,383.0,391.4,382.1,390.05,7380000.0
2021-07-12,393.0,393.0,386.6,388.35,5680000.0
2021-07-13,390.5,394.95,390.0,392.25,5470000.0
2021-07-14,392.25,394.4,391.0,391.65,3340000.0
2021-07-15,391.8,402.9,390.0,401.45,10350000.0
2021-07-16,403.0,406.0,399.35,405.5,9290000.0
2021-07-19,398.0,404.95,396.2,396.95,5710000.0
2021-07-20,396.45,396.45,381.2,383.0,9210000.0
2021-07-22,390.2,395.2,389.0,393.5,7380000.0
2021-07-23,394.1,396.55,390.8,391.75,5220000.0
2021-07-26,393.0,402.45,390.2,400.05,7080000.0
2021-07-27,404.0,419.7,403.55,417.35,28240000.0
2021-07-28,419.0,419.4,407.55,416.3,12780000.0
2021-07-29,420.5,474.0,416.8,458.1,61410000.0
2021-07-30,458.1,459.65,442.15,444.8,12990000.0
2021-08-02,448.0,452.25,442.7,445.8,7680000.0
2021-08-03,447.75,450.85,440.2,448.8,8880000.0
2021-08-04,446.0,455.5,441.0,442.7,8620000.0
2021-08-05,445.0,445.7,432.9,443.1,11790000.0
2021-08-06,444.7,455.85,439.3,442.15,18060000.0
2021-08-09,441.95,445.0,428.8,434.7,13780000.0
2021-08-10,436.5,439.8,423.25,426.95,10420000.0
2021-08-11,429.3,444.5,429.05,436.65,19240000.0
2021-08-12,436.9,444.3,433.85,437.25,8350000.0
2021-08-13,437.4,449.6,435.5,442.05,13340000.0
2021-08-16,442.6,447.0,436.2,441.75,8289999.999999999
2021-08-17,440.1,443.85,429.0,436.6,8410000.0
2021-08-18,438.8,439.65,424.4,426.95,12170000.0
2021-08-20,416.0,416.0,401.1,403.65,23310000.0
2021-08-23,411.0,415.75,399.5,406.85,15940000.0
2021-08-24,415.0,423.75,412.55,420.85,15050000.0
2021-08-25,423.7,434.95,423.7,430.7,17970000.0
2021-08-26,431.5,432.3,420.8,424.1,7700000.0
2021-08-27,427.0,439.0,427.0,437.9,15560000.0
2021-08-30,440.95,452.5,440.65,448.05,11740000.0
2021-08-31,448.0,471.15,444.8,468.3,20850000.0
2021-09-01,474.0,474.0,455.05,458.1,10040000.0
2021-09-02,460.05,465.0,455.7,456.95,5360000.0
2021-09-03,457.25,464.5,450.0,461.3,8520000.0
2021-09-06,466.95,475.0,461.7,469.25,12180000.0
2021-09-07,470.0,472.4,460.9,462.3,5680000.0
2021-09-08,464.85,465.85,455.2,456.3,6690000.0
2021-09-09,458.25,466.65,456.0,463.55,6930000.0
2021-09-13,476.0,480.5,468.55,478.35,16629999.999999998
2021-09-14,483.1,483.45,473.2,477.95,15250000.0
2021-09-15,478.2,487.6,474.35,486.8,12420000.0
2021-09-16,483.0,488.0,480.45,483.3,8010000.0
2021-09-17,484.0,485.45,470.1,473.05,12110000.0
2021-09-20,462.0,464.0,442.4,444.4,18030000.0
2021-09-21,445.0,452.45,438.8,451.0,18750000.0
2021-09-22,452.9,464.4,452.2,463.0,13610000.0
2021-09-23,473.5,484.8,468.0,483.25,12760000.0
2021-09-24,481.0,485.65,473.6,478.75,9230000.0
2021-09-27,474.9,489.95,472.3,481.4,6830000.0
2021-09-28,480.9,486.9,475.05,478.15,6150000.0
2021-09-29,475.0,496.9,473.4,494.15,9510000.0
2021-09-30,495.25,504.0,485.6,487.95,14330000.0
2021-10-01,483.1,486.0,473.45,484.35,8070000.0
2021-10-04,486.0,509.45,481.0,505.7,10300000.0
2021-10-05,496.0,506.2,494.2,495.3,8160000.0
2021-10-06,498.0,498.5,474.0,475.9,11230000.0
2021-10-07,485.0,485.6,473.0,477.5,9770000.0
2021-10-08,480.95,490.75,472.65,473.65,7090000.0
2021-10-11,478.5,490.0,476.25,487.5,5570000.0
2021-10-12,492.8,499.5,487.45,498.65,8690000.0
2021-10-13,499.95,512.0,495.0,508.05,8900000.0
2021-10-14,511.4,523.35,508.35,516.1,8880000.0
2021-10-18,535.45,551.85,526.5,542.8,23480000.0
2021-10-19,547.7,547.7,526.05,533.75,11020000.0
2021-10-20,531.0,531.0,510.5,512.95,9440000.0
2021-10-21,516.2,520.8,491.6,493.75,14170000.0
2021-10-22,489.0,492.0,464.5,470.45,19390000.0
2021-10-25,473.55,478.0,459.35,473.25,9200000.0
2021-10-26,475.05,488.0,472.55,486.05,8119999.999999999
2021-10-27,483.0,487.7,475.65,479.85,8970000.0
2021-10-28,455.85,477.15,453.45,468.8,12660000.0
2021-10-29,469.45,474.2,456.65,459.8,8310000.000000001
2021-11-01,463.8,481.1,463.35,478.15,7470000.0
2021-11-02,480.0,481.0,467.15,468.4,5950000.0
2021-11-03,471.0,480.45,469.85,478.3,6930000.0
2021-11-04,482.0,482.0,470.0,472.6,1620000.0
2021-11-08,480.0,481.45,459.2,469.8,13020000.0
2021-11-09,470.7,476.2,462.3,464.6,8630000.0
2021-11-10,463.65,464.0,448.5,449.75,14670000.0
2021-11-11,449.05,456.3,446.6,453.95,7790000.0
2021-11-12,460.5,470.5,458.95,468.55,17010000.0
2021-11-15,473.6,473.6,455.15,455.9,8880000.0
2021-11-16,457.0,459.9,443.05,445.6,8940000.0
2021-11-17,442.0,449.2,439.5,445.4,7470000.0
2021-11-18,448.1,454.0,436.3,440.3,9690000.0
2021-11-22,442.6,447.7,432.9,442.15,10010000.0
2021-11-23,439.25,453.4,437.05,450.2,9020000.0
2021-11-24,453.9,456.9,444.2,452.1,7760000.0
2021-11-25,451.5,458.8,443.65,447.05,8630000.0
2021-11-26,441.8,442.7,414.7,417.0,14830000.0
2021-11-29,414.0,433.5,407.1,420.15,19070000.0
2021-11-30,418.95,430.0,410.0,412.75,14850000.0
2021-12-01,419.5,426.1,416.1,424.9,8180000.0
2021-12-02,428.0,433.9,421.0,432.1,7780000.0
2021-12-03,427.8,433.8,424.0,424.65,5940000.0
2021-12-06,424.95,432.5,418.2,421.35,8160000.0
2021-12-07,427.4,444.4,425.2,442.5,18300000.0
2021-12-08,446.0,458.45,440.1,457.45,13700000.0
2021-12-09,457.45,458.7,452.2,455.65,5590000.0
2021-12-10,455.4,460.95,453.45,455.1,5310000.0
2021-12-13,460.0,469.5,457.45,458.25,9400000.0
2021-12-14,454.9,464.4,454.7,461.7,8029999.999999999
2021-12-15,461.6,463.85,456.05,458.35,3650000.0
2021-12-16,464.0,464.0,448.55,450.5,8880000.0
2021-12-17,449.5,457.0,444.75,450.15,14340000.0
2021-12-20,444.8,445.25,426.7,433.1,5950000.0
2021-12-21,438.0,449.7,437.35,445.45,5030000.0
2021-12-22,450.85,464.65,447.35,463.35,7770000.0
2021-12-23,465.05,468.45,459.3,461.3,6990000.0
2021-12-24,464.0,464.4,452.85,458.9,3120000.0
2021-12-27,456.9,458.6,451.1,452.8,6150000.0
2021-12-28,456.6,459.15,452.8,458.15,2890000.0
2021-12-29,457.0,457.65,450.5,454.25,3050000.0
2021-12-30,454.0,456.0,448.4,449.65,3840000.0
2021-12-31,455.5,477.35,455.5,475.55,18260000.0
2022-01-03,475.55,479.95,472.1,478.05,5550000.0
2022-01-04,479.0,481.5,472.0,476.1,5060000.0
2022-01-05,473.2,479.4,472.0,475.35,4490000.0
2022-01-06,474.5,485.7,473.5,479.1,12130000.0
2022-01-07,481.1,495.25,480.05,493.5,9300000.0
2022-01-10,497.0,497.3,490.05,492.9,4750000.0
2022-01-11,491.9,497.2,485.7,486.35,5350000.0
2022-01-12,494.0,500.85,491.0,497.95,9300000.0
2022-01-13,502.2,509.0,499.15,507.5,9370000.0
2022-01-14,506.0,509.5,503.0,506.35,5460000.0
2022-01-17,509.0,509.0,496.0,505.95,6720000.0
2022-01-18,508.8,512.35,493.8,496.0,6190000.0
2022-01-19,495.2,506.25,490.3,504.8,5800000.0
2022-01-20,503.85,508.0,498.1,503.4,4240000.0
2022-01-21,501.0,515.8,499.25,506.7,14170000.0
2022-01-24,498.95,500.5,475.5,478.4,11020000.0
2022-01-25,475.55,486.5,474.65,485.75,5500000.0
2022-01-27,482.6,492.85,478.45,489.15,6750000.0
2022-01-28,493.05,506.6,488.45,490.35,6620000.0
2022-01-31,498.9,499.75,488.15,489.05,4850000.0
2022-02-01,492.8,512.65,487.7,511.0,9810000.0
2022-02-02,515.0,518.4,507.65,513.95,7280000.0
2022-02-03,513.0,516.5,509.0,512.65,5080000.0
2022-02-04,513.0,528.5,512.05,525.15,12630000.0
2022-02-07,527.85,533.25,519.45,522.6,10940000.0
2022-02-08,526.0,533.1,514.05,526.8,9860000.0
2022-02-09,536.0,544.4,532.1,542.3,9240000.0
2022-02-10,547.7,553.5,541.0,547.25,10910000.0
2022-02-11,547.75,553.85,539.5,542.7,9110000.0
2022-02-14,531.0,533.95,519.7,521.25,5000000.0
2022-02-15,526.45,536.35,513.7,533.85,8230000.0
2022-02-16,536.85,538.0,526.2,529.3,4350000.0
2022-02-17,533.8,540.75,528.3,532.55,5340000.0
2022-02-18,531.0,537.8,528.0,529.6,3340000.0
2022-02-21,528.5,529.0,511.2,512.0,6310000.0
2022-02-22,501.9,519.25,501.55,516.2,10660000.0
2022-02-23,519.8,523.25,515.65,518.7,8930000.0
2022-02-24,505.1,527.4,505.1,517.65,24820000.0
2022-02-25,525.0,546.9,523.1,533.9,13820000.0
2022-02-28,537.0,580.05,531.8,573.75,35210000.0
2022-03-02,575.25,614.25,575.25,600.1,41250000.0
2022-03-03,613.9,613.9,596.9,606.3,18680000.0
2022-03-04,607.8,618.0,580.6,583.8,20490000.0
2022-03-07,586.75,623.0,586.75,619.75,20960000.0
2022-03-08,618.0,618.0,587.35,589.95,19480000.0
2022-03-09,591.3,598.95,585.1,588.05,15690000.0
2022-03-10,573.5,596.5,569.8,593.8,14820000.0
2022-03-11,595.0,603.0,585.75,589.1,7640000.0
2022-03-14,585.9,593.55,578.25,590.8,7900000.0
2022-03-15,580.0,581.9,555.95,559.75,13010000.0
2022-03-16,568.7,575.4,563.3,572.7,10490000.0
2022-03-17,575.05,584.4,573.85,576.8,11580000.0
2022-03-21,584.0,600.95,582.55,589.95,14160000.0
2022-03-22,599.8,602.85,587.2,593.45,7490000.0
2022-03-23,601.0,611.8,597.5,608.45,13580000.0
2022-03-24,610.2,626.2,610.0,621.95,12140000.0
2022-03-25,621.05,630.95,616.65,622.7,11090000.0
2022-03-28,621.5,634.8,617.0,630.2,7080000.0
2022-03-29,630.0,636.0,624.5,631.3,5250000.0
2022-03-30,622.0,622.0,598.85,599.8,11200000.0
2022-03-31,600.0,600.3,568.15,569.5,23500000.0
2022-04-01,569.9,577.0,561.45,570.5,15300000.0
2022-04-04,572.0,589.65,569.05,587.5,15850000.0
2022-04-05,590.95,590.95,582.05,586.85,7070000.0
2022-04-06,582.95,589.45,576.05,581.25,9650000.0
2022-04-07,581.4,584.9,569.0,574.75,9360000.0
2022-04-08,579.4,584.55,578.3,581.75,7160000.0
2022-04-11,583.4,587.45,574.55,576.35,8300000.000000001
2022-04-12,570.6,570.8,538.6,542.35,16700000.0
2022-04-13,547.0,551.9,543.55,546.75,7400000.0
2022-04-18,544.95,555.65,537.4,545.35,7550000.0
2022-04-19,552.0,556.2,537.6,540.8,8140000.000000001
2022-04-20,544.95,549.0,536.6,545.0,4730000.0
2022-04-21,545.0,547.35,531.45,540.25,8580000.0
2022-04-22,529.0,529.85,513.3,514.15,23870000.0
2022-04-25,502.65,508.5,492.25,495.5,10750000.0
2022-04-26,498.0,500.9,489.75,493.45,11620000.0
2022-04-27,489.0,497.6,476.45,492.3,17620000.0
2022-04-28,502.0,502.0,480.0,488.6,25040000.0
2022-04-29,493.0,497.8,479.25,482.65,12460000.0
2022-05-02,477.85,486.0,469.5,484.4,14630000.0
2022-05-04,483.0,483.0,459.0,461.65,10370000.0
2022-05-05,470.0,475.9,460.2,461.6,6330000.0
2022-05-06,450.0,454.25,439.0,443.75,8600000.0
2022-05-09,433.85,448.55,429.5,444.1,10770000.0
2022-05-10,435.0,442.3,420.3,423.0,9660000.0
2022-05-11,423.0,429.9,413.95,422.55,14200000.0
2022-05-12,416.0,422.0,394.6,405.85,23830000.0
2022-05-13,411.0,414.45,384.95,388.0,17010000.0
2022-05-16,395.8,400.8,385.0,390.95,13900000.0
2022-05-17,399.0,437.3,398.05,428.4,37770000.0
2022-05-18,434.5,438.4,423.5,436.1,18050000.0
2022-05-19,422.1,425.95,413.8,417.0,10320000.0
2022-05-20,432.0,435.0,421.05,429.1,9700000.0
2022-05-23,418.0,420.7,399.35,413.15,15830000.0
2022-05-24,414.4,415.5,400.0,400.8,12840000.0
2022-05-25,405.0,405.05,389.7,396.85,11100000.0
2022-05-26,406.5,410.5,392.6,407.85,13390000.0
2022-05-27,423.1,426.95,406.1,409.15,20350000.0
2022-05-30,410.0,419.5,405.6,416.75,7160000.0
2022-05-31,414.9,428.5,412.0,422.55,39120000.0
2022-06-01,421.0,422.0,406.2,410.65,12550000.0
2022-06-02,408.0,414.4,406.4,409.9,7200000.0
2022-06-03,414.0,416.9,405.3,406.75,12230000.0
2022-06-06,402.6,410.7,395.95,409.15,8810000.0
2022-06-07,407.95,413.0,402.2,404.2,7640000.0
2022-06-08,402.0,407.0,401.1,403.5,6910000.0
2022-06-09,399.0,402.3,393.4,399.75,8800000.0
2022-06-10,390.0,391.8,382.75,385.75,14540000.0
2022-06-13,377.8,377.8,360.5,366.45,12270000.0
2022-06-14,363.85,369.6,357.35,358.3,11270000.0
2022-06-15,360.0,362.9,356.05,357.5,8390000.0
2022-06-16,360.4,363.75,332.3,336.1,16610000.0
2022-06-17,333.0,342.55,325.85,333.7,18610000.0
2022-06-20,331.0,334.6,308.95,321.5,20650000.0
2022-06-21,327.6,343.5,325.6,339.25,15210000.0
2022-06-22,334.0,334.0,315.45,316.45,19180000.0
2022-06-23,317.0,327.65,311.1,317.6,18760000.0
2022-06-24,321.7,324.95,316.6,322.3,11620000.0
2022-06-27,331.5,338.0,326.35,329.95,15010000.0
2022-06-28,328.45,345.25,325.3,343.55,15740000.0
2022-06-29,339.45,345.6,335.05,344.15,12660000.0
2022-06-30,345.0,349.9,337.05,338.65,21230000.0
2022-07-01,335.0,342.9,330.25,341.15,11280000.0
2022-07-04,338.0,342.0,326.65,340.5,10910000.0
2022-07-05,341.75,356.9,341.75,345.25,20930000.0
2022-07-06,339.8,342.3,327.8,340.95,22320000.0
2022-07-07,347.85,364.5,341.3,361.65,18700000.0
2022-07-08,368.0,368.0,351.1,357.55,25510000.0
2022-07-11,352.0,363.3,347.8,356.2,13750000.0
2022-07-12,350.0,356.0,341.6,346.9,16900000.0
2022-07-13,346.0,351.9,344.0,348.9,13690000.0
2022-07-14,354.5,354.5,346.5,349.1,9510000.0
2022-07-15,344.6,351.9,344.6,350.55,10060000.0
2022-07-18,355.9,368.1,354.2,367.1,13860000.0
2022-07-19,364.5,371.35,363.3,367.95,10870000.0
2022-07-20,375.0,376.2,367.4,369.35,10150000.0
2022-07-21,371.65,379.5,370.85,375.95,12520000.0
2022-07-22,378.75,382.0,376.75,381.25,9500000.0
2022-07-25,381.0,388.55,380.3,387.05,7730000.0
2022-07-26,387.4,389.4,381.05,381.9,5530000.0
2022-07-27,381.9,389.85,379.15,388.65,4740000.0
2022-07-28,394.0,395.25,385.9,392.4,7590000.0
2022-07-29,396.5,416.8,395.2,415.05,15510000.0
2022-08-01,420.0,428.0,418.85,424.0,15540000.0
2022-08-02,419.0,420.5,407.6,418.4,15540000.0
2022-08-03,417.0,422.5,409.6,414.25,6880000.0
2022-08-04,427.0,433.0,418.4,421.7,20680000.0
2022-08-05,422.95,426.5,409.05,410.8,12220000.0
2022-08-08,414.9,422.55,414.0,421.4,7640000.0
2022-08-10,423.05,444.4,416.6,440.1,23770000.0
2022-08-11,446.5,446.5,432.0,433.5,14870000.0
2022-08-12,435.65,442.7,433.0,436.25,9420000.0
2022-08-16,434.0,434.75,422.35,428.9,11150000.0
2022-08-17,430.95,442.4,426.6,438.95,12300000.0
2022-08-18,437.0,441.0,433.65,438.05,6760000.0
2022-08-19,442.0,442.0,425.1,427.35,8119999.999999999
2022-08-22,422.0,425.4,416.35,418.5,7410000.0
2022-08-23,415.05,431.8,413.85,427.9,8610000.0
2022-08-24,430.0,432.15,425.2,428.85,6540000.0
2022-08-25,430.95,436.75,429.7,432.75,6820000.0
2022-08-26,436.2,445.45,436.0,440.05,11050000.0
2022-08-29,418.05,433.0,418.05,430.2,7720000.0
2022-08-30,434.0,441.6,433.35,439.0,8820000.0
2022-09-01,424.0,431.6,420.8,421.95,14090000.0
2022-09-02,424.1,425.2,413.25,414.9,10100000.0
2022-09-05,415.0,430.2,415.0,429.3,14710000.0
2022-09-06,430.45,432.9,427.1,430.95,6180000.0
2022-09-07,424.25,433.55,422.7,432.85,7040000.0
2022-09-08,435.5,436.95,419.15,420.55,12080000.0
2022-09-09,426.0,430.65,423.25,426.0,8000000.0
2022-09-12,432.0,432.9,428.65,431.15,5530000.0
2022-09-13,432.25,439.3,432.25,436.65,7630000.0
2022-09-14,426.0,447.9,424.1,442.0,12390000.0
2022-09-15,439.5,439.5,423.75,424.4,13040000.0
2022-09-16,424.0,424.3,405.8,412.5,14830000.0
2022-09-19,414.6,416.25,405.65,412.15,6080000.0
2022-09-20,416.0,427.5,415.8,421.45,8760000.0
2022-09-21,417.9,423.9,410.8,411.35,6860000.0
2022-09-22,409.0,415.0,403.5,412.1,8700000.0
2022-09-23,410.7,412.7,394.45,396.35,9230000.0
2022-09-26,390.0,390.0,369.6,373.4,13090000.0
2022-09-27,375.3,379.95,365.1,373.6,14930000.0
2022-09-28,368.0,372.1,358.8,360.75,10750000.0
2022-09-29,366.75,376.9,366.0,371.2,14020000.0
2022-09-30,376.0,395.35,375.15,390.55,17710000.0
2022-10-03,389.0,389.45,379.1,380.95,8500000.0
2022-10-04,396.0,400.9,390.3,394.05,9020000.0
2022-10-06,402.0,413.95,399.4,412.65,11760000.0
2022-10-07,409.95,411.95,405.8,411.1,5240000.0
2022-10-10,403.5,409.15,400.0,407.5,6520000.0
2022-10-11,403.0,412.45,393.9,396.05,7050000.0
2022-10-12,398.05,401.4,391.75,400.2,6580000.0
2022-10-13,411.0,416.5,400.0,401.55,16570000.0
2022-10-14,411.25,411.25,396.4,397.15,6120000.0
2022-10-17,395.05,395.9,386.3,388.3,8970000.0
2022-10-18,391.5,398.4,391.35,393.45,7080000.0
2022-10-19,394.0,398.1,389.5,390.3,6210000.0
2022-10-20,383.0,396.7,380.1,395.2,8220000.000000001
2022-10-21,397.2,398.05,386.25,393.75,7990000.0
2022-10-24,395.0,398.85,394.35,395.55,793370.0
2022-10-25,394.4,402.8,391.5,398.4,6160000.0
2022-10-27,408.0,413.4,405.35,412.4,9750000.0
2022-10-28,412.5,412.5,399.75,404.95,6570000.0
2022-10-31,405.0,408.75,403.0,405.65,4260000.0
2022-11-01,406.0,415.0,406.0,414.4,7480000.0
2022-11-02,414.75,426.85,414.0,421.3,11550000.0
2022-11-03,415.0,415.9,408.95,410.35,7300000.0
2022-11-04,412.45,432.0,412.0,430.55,13320000.0
2022-11-07,432.0,438.9,426.3,437.5,9890000.0
2022-11-09,430.1,433.0,415.6,417.1,13900000.0
2022-11-10,415.3,420.4,412.75,415.1,5570000.0
2022-11-11,420.35,431.8,420.3,429.85,14060000.0
2022-11-14,435.0,458.65,434.05,455.55,30140000.0
2022-11-15,456.0,460.55,449.55,456.9,11840000.0
2022-11-16,455.55,455.55,444.15,447.4,7140000.0
2022-11-17,443.45,444.4,436.5,440.45,6530000.0
2022-11-18,440.5,443.9,434.45,438.6,6130000.0
2022-11-21,439.8,444.45,428.4,430.55,6370000.0
2022-11-22,432.75,436.35,429.0,430.65,6110000.0
2022-11-23,434.5,439.3,431.55,433.35,6030000.0
2022-11-24,435.55,439.6,432.65,438.35,4730000.0
2022-11-25,438.0,441.8,434.35,440.65,4800000.0
2022-11-28,435.0,436.5,429.0,431.15,5610000.0
2022-11-29,433.0,440.9,432.25,435.95,6520000.0
2022-11-30,438.75,451.95,438.15,450.7,13920000.0
2022-12-01,455.0,466.5,454.05,463.4,13240000.0
2022-12-02,463.3,470.4,458.0,461.1,6620000.0
2022-12-05,466.15,483.85,466.15,481.2,14600000.0
2022-12-06,477.5,477.5,467.2,470.0,7410000.0
2022-12-07,470.0,472.1,463.1,464.3,5510000.0
2022-12-08,465.05,472.95,461.3,471.65,4900000.0
2022-12-09,474.0,476.0,461.9,462.85,5410000.0
2022-12-12,459.0,466.95,454.45,461.95,4810000.0
2022-12-13,464.3,466.0,457.3,458.1,4360000.0
2022-12-14,461.65,470.95,461.05,469.3,6640000.0
2022-12-15,467.0,470.65,459.0,461.0,3990000.0
2022-12-16,458.0,462.75,452.55,456.75,6460000.0
2022-12-19,459.0,463.0,455.05,460.15,3690000.0
2022-12-20,458.0,459.25,444.25,457.05,7580000.0
2022-12-21,459.3,463.9,451.9,457.15,5560000.0
2022-12-22,459.45,463.0,447.2,455.5,4440000.0
2022-12-23,452.9,452.9,427.6,429.55,7770000.0
2022-12-26,431.0,445.4,429.1,442.95,3940000.0
2022-12-27,447.95,472.4,446.75,471.0,13900000.0
2022-12-28,467.65,473.7,463.95,465.95,7520000.0
2022-12-29,459.3,472.2,455.25,469.9,8430000.0
2022-12-30,473.95,482.3,471.8,473.35,8020000.0
2023-01-02,475.95,491.0,475.15,487.05,11260000.0
2023-01-03,486.5,488.45,478.5,479.9,5910000.0
2023-01-04,477.0,477.45,460.0,461.5,9900000.0
2023-01-05,463.25,467.45,458.65,465.7,7090000.0
2023-01-06,467.0,474.0,461.1,462.65,6000000.0
2023-01-09,471.0,474.0,466.2,470.75,6050000.0
2023-01-10,478.0,480.5,473.3,477.55,7090000.0
2023-01-11,481.9,493.45,481.0,490.95,11380000.0
2023-01-12,495.0,495.6,482.2,485.65,7280000.0
2023-01-13,487.65,490.0,482.65,488.5,7450000.0
2023-01-16,490.95,492.7,481.25,483.05,3290000.0
2023-01-17,481.75,489.3,476.95,487.9,7820000.0
2023-01-18,488.5,504.0,488.5,502.95,12050000.0
2023-01-19,493.15,503.0,491.0,498.9,7950000.0
2023-01-20,498.0,501.55,488.25,489.95,5660000.0
2023-01-23,494.0,500.35,491.2,494.2,5560000.0
2023-01-24,496.7,497.9,483.55,484.65,3290000.0
2023-01-25,484.1,495.8,484.1,489.1,7340000.0
2023-01-27,493.5,494.8,467.95,479.0,4590000.0
2023-01-30,479.0,483.35,463.95,472.35,5800000.0
2023-01-31,474.95,476.35,465.5,468.4,5680000.0
2023-02-01,473.0,480.6,454.6,467.85,6080000.0
2023-02-02,467.0,471.0,460.8,465.4,3360000.0
2023-02-03,467.75,468.95,450.2,459.65,5710000.0
2023-02-06,457.0,457.0,446.0,447.35,4400000.0
2023-02-07,440.0,441.9,425.5,429.55,16649999.999999998
2023-02-08,432.0,439.8,432.0,436.5,6120000.0
2023-02-09,437.0,447.7,431.75,444.55,11430000.0
2023-02-10,444.55,444.95,431.0,433.15,6650000.0
2023-02-13,434.5,439.8,426.55,427.7,6440000.0
2023-02-14,429.5,435.25,425.35,434.8,3950000.0
2023-02-15,435.5,437.25,430.6,433.95,3620000.0
2023-02-16,436.9,438.0,433.0,434.7,4280000.0
2023-02-17,434.75,438.0,426.6,429.5,4010000.0
2023-02-20,429.9,435.55,429.0,434.25,3750000.0
2023-02-21,437.75,438.3,430.0,431.5,3760000.0
2023-02-22,430.5,434.5,426.75,429.7,5280000.0
2023-02-23,430.4,438.5,430.1,436.45,5040000.0
2023-02-24,438.0,438.0,414.25,415.25,10810000.0
2023-02-27,415.0,415.0,401.5,411.8,8300000.000000001
2023-02-28,413.5,413.9,398.0,399.2,12170000.0
2023-03-01,402.0,414.9,401.65,413.05,7940000.0
2023-03-02,415.0,416.8,408.0,410.8,4800000.0
2023-03-03,413.2,419.35,412.2,416.9,5100000.0
2023-03-06,419.0,422.2,413.9,414.5,5070000.0
2023-03-08,409.95,409.95,396.1,407.75,7040000.0
2023-03-09,411.0,418.5,408.0,408.85,6980000.0
2023-03-10,403.0,409.5,395.4,405.65,5240000.0
2023-03-13,409.0,414.95,398.5,402.25,5960000.0
2023-03-14,404.3,407.95,399.45,402.7,5840000.0
2023-03-15,407.95,412.75,405.0,406.15,5680000.0
2023-03-16,400.6,400.85,383.1,384.95,16739999.999999998
2023-03-17,389.25,398.05,386.55,396.7,9860000.0
2023-03-20,393.75,394.05,381.0,385.75,6330000.0
2023-03-21,387.7,390.6,384.95,388.55,6080000.0
2023-03-22,390.1,396.75,388.25,392.75,6510000.0
2023-03-23,387.0,400.65,386.0,398.8,10450000.0
2023-03-24,400.8,401.0,386.15,388.4,8830000.0
2023-03-27,390.0,396.6,389.4,389.95,7070000.0
2023-03-28,393.0,399.8,391.75,392.9,6420000.0
2023-03-29,394.9,400.9,389.9,399.05,6960000.0
2023-03-31,404.05,410.3,401.1,405.35,7470000.0
2023-04-03,406.5,406.9,399.55,402.55,5200000.0
2023-04-05,402.0,404.6,394.3,403.3,5610000.0
2023-04-06,401.0,406.5,398.75,405.25,4170000.0
2023-04-10,406.8,413.85,405.5,411.45,5330000.0
2023-04-11,412.9,418.05,411.15,417.55,4970000.0
2023-04-12,419.9,422.4,415.6,417.65,4700000.0
2023-04-13,418.05,422.75,415.35,422.05,6370000.0
2023-04-17,422.35,429.15,421.6,428.7,6920000.0
2023-04-18,430.0,433.0,427.9,431.55,4870000.0
2023-04-19,434.4,437.35,431.3,433.05,5980000.0
2023-04-20,431.9,435.7,428.05,429.85,3830000.0
2023-04-21,430.0,430.85,419.0,422.35,5140000.0
2023-04-24,419.0,428.95,418.35,427.8,2310000.0
2023-04-25,425.0,431.7,425.0,429.8,3650000.0
2023-04-26,425.6,427.0,422.1,424.8,5180000.0
2023-04-27,425.0,431.45,422.05,430.8,3270000.0
2023-04-28,433.5,437.0,430.9,436.1,4910000.0
2023-05-02,439.0,449.9,438.0,446.15,5180000.0
2023-05-03,441.0,443.9,434.25,442.3,4830000.0
2023-05-04,445.0,446.45,440.5,445.5,3100000.0
2023-05-05,443.0,443.5,432.65,434.25,3030000.0
2023-05-08,438.25,446.9,436.2,445.05,4090000.0
2023-05-09,444.55,446.7,439.2,440.35,2940000.0
2023-05-10,441.0,442.85,433.65,436.45,3080000.0
2023-05-11,434.0,434.0,419.55,420.85,11080000.0
2023-05-12,419.0,419.0,403.8,404.75,11150000.0
2023-05-15,408.5,412.85,404.35,410.7,5150000.0
2023-05-16,413.6,417.7,411.0,412.45,4010000.0
2023-05-17,411.8,413.4,405.55,407.7,3730000.0
2023-05-18,411.0,413.4,405.65,406.5,4080000.0
2023-05-19,408.0,408.4,400.4,406.75,5520000.0
2023-05-22,406.0,409.0,402.7,407.7,4240000.0
2023-05-23,409.2,413.8,406.9,410.3,3690000.0
2023-05-24,408.9,410.5,403.6,406.9,7870000.0
2023-05-25,404.5,405.75,397.8,404.25,8020000.0
2023-05-26,405.1,415.3,403.1,413.55,6400000.0
2023-05-29,417.0,425.0,415.5,419.9,8350000.0
2023-05-30,421.5,421.5,411.6,413.1,5600000.0
2023-05-31,410.5,410.7,404.35,405.9,22950000.0
2023-06-01,409.05,414.4,405.9,406.35,4270000.0
2023-06-02,412.05,421.9,412.05,420.75,11700000.0
2023-06-05,424.85,426.0,418.4,419.7,8039999.999999999
2023-06-06,419.7,422.0,413.8,415.55,4380000.0
2023-06-07,418.0,423.7,413.85,422.6,6910000.0
2023-06-08,423.95,425.7,417.7,418.25,5570000.0
2023-06-09,421.85,421.85,414.5,415.05,3520000.0
2023-06-12,417.95,421.0,414.0,416.8,2810000.0
2023-06-13,419.0,424.0,416.9,421.4,4250000.0
2023-06-14,427.0,430.0,424.15,425.05,7210000.0
2023-06-15,424.9,425.65,420.75,423.05,4860000.0
2023-06-16,427.7,431.45,425.8,426.95,7930000.0
2023-06-19,424.25,432.0,423.05,426.15,3950000.0
2023-06-20,426.15,433.25,423.05,428.95,5090000.0
2023-06-21,428.95,429.7,418.1,420.95,5690000.0
2023-06-22,421.9,425.4,416.2,420.05,3570000.0
2023-06-23,416.0,416.95,407.45,408.5,5400000.0
2023-06-26,410.0,416.0,408.2,414.7,4460000.0
2023-06-27,416.0,419.3,414.0,417.75,3050000.0
2023-06-28,419.75,421.55,418.35,420.2,4610000.0
2023-06-30,419.85,422.65,414.65,420.95,4120000.0
2023-07-03,424.0,428.75,422.1,425.65,3690000.0
2023-07-04,427.95,428.95,423.15,425.8,2720000.0
2023-07-05,425.0,427.4,419.35,421.5,4780000.0
2023-07-06,418.95,428.0,417.15,426.4,5020000.0
2023-07-07,423.9,425.0,418.5,422.7,6770000.0
2023-07-10,423.0,436.2,423.0,427.85,6500000.0
2023-07-11,429.25,431.85,424.0,424.65,3060000.0
2023-07-12,425.5,428.1,422.25,424.85,2850000.0
2023-07-13,430.2,439.5,430.2,435.2,11590000.0
2023-07-14,441.0,448.5,439.6,446.95,10800000.0
2023-07-17,447.8,454.15,443.4,447.1,8440000.0
2023-07-18,447.0,449.0,442.2,444.5,3960000.0
2023-07-19,444.0,444.4,438.5,439.2,5060000.0
2023-07-20,442.0,442.9,438.25,441.55,5160000.0
2023-07-21,441.45,441.45,433.65,434.5,4310000.0
2023-07-24,434.0,437.55,431.5,432.95,3400000.0
2023-07-25,436.15,450.5,435.0,449.5,8480000.0
2023-07-26,449.5,451.65,446.4,449.0,4220000.0
2023-07-27,451.0,459.6,448.1,451.4,5620000.0
2023-07-28,450.5,452.65,443.4,451.5,3890000.0
2023-07-31,453.05,463.25,453.0,462.6,4970000.0
2023-08-01,465.0,471.55,462.1,464.1,6250000.0
2023-08-02,460.0,461.2,449.65,454.5,5990000.0
2023-08-03,450.0,458.5,445.0,453.3,4030000.0000000005
2023-08-04,464.0,466.0,453.9,457.0,7580000.0
2023-08-07,459.2,467.35,459.15,464.85,3770000.0
2023-08-08,464.85,467.25,452.0,454.75,6450000.0
2023-08-09,454.75,469.8,450.9,468.9,6170000.0
2023-08-10,468.0,471.0,463.0,468.9,4290000.0
2023-08-11,467.0,470.0,460.0,462.45,4420000.0
2023-08-14,458.6,458.6,447.6,450.8,4570000.0
2023-08-16,447.0,448.0,439.0,445.2,5070000.0
2023-08-17,443.0,449.25,440.5,447.6,3560000.0
2023-08-18,447.5,447.5,438.15,439.5,3990000.0
2023-08-21,443.0,450.85,439.9,449.4,3780000.0
2023-08-22,449.75,454.4,448.35,450.35,3250000.0
2023-08-23,454.7,465.3,452.9,461.25,9180000.0
2023-08-24,464.0,465.9,453.85,456.5,5950000.0
2023-08-25,453.0,454.3,448.9,450.0,3300000.0
2023-08-28,450.55,452.85,445.5,446.3,4260000.0
2023-08-29,448.0,458.5,447.35,456.05,6060000.0
2023-08-30,460.2,465.15,455.75,456.75,5510000.0
2023-08-31,462.25,465.0,456.75,459.85,9290000.0
2023-09-01,462.95,478.5,462.1,473.25,11150000.0
2023-09-04,477.6,492.3,475.0,486.65,10360000.0
2023-09-05,486.0,489.75,478.2,486.1,4940000.0
2023-09-06,484.9,484.9,474.25,478.15,5140000.0
2023-09-07,475.55,479.5,473.55,475.1,4059999.9999999995
2023-09-08,473.0,478.8,467.7,476.15,5640000.0
2023-09-11,478.0,487.8,476.45,484.85,5960000.0
2023-09-12,490.0,490.9,475.4,477.75,6820000.0
2023-09-13,478.5,484.8,473.85,483.2,4160000.0
2023-09-14,486.0,508.9,486.0,497.35,16110000.0
2023-09-15,507.8,508.0,494.95,496.55,8520000.0
2023-09-18,494.0,494.0,483.15,484.5,6240000.0
2023-09-20,482.0,486.4,475.25,478.3,5860000.0
2023-09-21,479.0,486.45,476.4,479.55,5150000.0
2023-09-22,479.0,481.8,471.5,478.85,3680000.0
2023-09-25,478.8,478.8,467.25,469.35,5770000.0
2023-09-26,468.5,474.3,466.2,471.5,4670000.0
2023-09-27,466.25,475.75,466.25,474.95,5660000.0
2023-09-28,476.0,479.6,464.45,466.85,5870000.0
2023-09-29,478.0,494.5,474.2,492.65,11600000.0
2023-10-03,483.1,484.55,476.6,479.95,4660000.0
2023-10-04,474.0,477.9,470.0,473.4,3300000.0
2023-10-05,473.4,482.4,468.35,470.55,4800000.0
2023-10-06,475.0,476.45,469.35,472.6,3130000.0
2023-10-09,472.45,473.5,464.6,469.8,2680000.0
2023-10-10,473.0,484.8,467.0,480.65,7860000.0
2023-10-11,485.65,485.95,480.1,483.9,7010000.0
2023-10-12,483.1,494.0,482.55,484.4,6900000.0
2023-10-13,479.0,487.5,477.5,480.6,4650000.0
2023-10-16,479.75,486.5,475.3,483.4,5040000.0
2023-10-17,486.5,488.45,480.7,484.35,4500000.0
2023-10-18,487.8,494.8,483.55,485.05,7440000.0
2023-10-19,478.45,482.25,471.0,479.95,6040000.0
2023-10-20,475.0,479.85,470.0,471.75,2780000.0
2023-10-23,470.8,473.95,455.0,456.7,2990000.0
2023-10-25,466.0,473.0,459.4,461.2,7850000.0
2023-10-26,456.7,458.45,448.75,456.65,6630000.0
2023-10-27,458.0,464.4,454.45,456.15,6190000.0
2023-10-30,458.75,461.75,454.0,456.65,7520000.0
2023-10-31,465.0,465.0,453.25,459.5,5240000.0
2023-11-01,458.5,466.0,456.0,462.7,4930000.0
2023-11-02,463.25,475.8,463.25,474.2,3930000.0
2023-11-03,478.95,481.45,474.25,475.2,3270000.0
2023-11-06,480.0,484.8,478.25,481.95,4290000.0
2023-11-07,482.0,491.5,480.3,484.55,5430000.0
2023-11-08,491.45,491.45,478.15,488.05,8220000.000000001
2023-11-09,488.8,488.8,483.15,484.45,3270000.0
2023-11-10,482.05,488.25,479.55,481.3,3500000.0
2023-11-12,485.0,485.95,481.6,482.45,302200.0
2023-11-13,482.0,492.35,481.1,487.5,4920000.0
2023-11-15,497.0,513.5,494.2,505.4,11670000.0
2023-11-16,504.0,507.45,497.15,504.3,4170000.0
2023-11-17,503.05,506.45,496.85,497.75,3600000.0
2023-11-20,500.15,505.95,496.55,497.3,4310000.0
2023-11-21,502.8,510.95,501.9,506.85,7150000.0
2023-11-22,504.9,506.85,498.95,500.25,4340000.0
2023-11-23,499.0,503.0,491.65,501.95,6630000.0
2023-11-24,504.85,512.75,502.55,507.8,5970000.0
2023-11-28,511.75,518.25,509.8,515.6,7800000.0
2023-11-29,519.0,523.35,513.9,517.45,6280000.0
2023-11-30,519.3,519.75,511.35,515.65,7600000.0
2023-12-01,520.05,524.8,515.3,517.2,4930000.0
2023-12-04,524.05,526.65,516.55,519.25,5990000.0
2023-12-05,518.35,528.8,515.45,520.65,6400000.0
2023-12-06,521.0,526.95,515.6,523.0,4830000.0
2023-12-07,521.0,522.4,515.1,516.05,4630000.0
2023-12-08,519.5,525.05,514.0,520.35,3730000.0
2023-12-11,520.3,523.8,517.1,522.4,2600000.0
2023-12-12,525.0,538.5,522.15,527.45,9500000.0
2023-12-13,528.95,535.25,523.3,532.85,4000000.0
2023-12-14,540.0,545.95,537.25,543.1,7190000.0
2023-12-15,556.0,559.05,548.2,557.25,8189999.999999999
2023-12-18,557.0,567.4,551.5,566.4,5080000.0
2023-12-19,567.95,567.95,555.7,564.85,4480000.0
2023-12-20,569.5,570.9,546.25,548.2,6960000.0
2023-12-21,544.0,561.65,541.65,556.25,4590000.0
2023-12-22,559.4,572.0,559.0,570.45,7870000.0
2023-12-26,574.95,580.85,570.5,579.85,4650000.0
2023-12-27,582.0,607.65,580.3,605.6,12430000.0
2023-12-28,608.0,616.5,605.2,614.3,7140000.0
2023-12-29,614.3,618.0,608.1,614.85,4000000.0
2024-01-01,614.5,620.5,606.95,610.4,2960000.0
2024-01-02,610.4,620.0,607.4,617.0,4980000.0
2024-01-03,608.25,611.4,592.0,593.05,7230000.0
2024-01-04,594.0,595.85,587.65,590.5,6590000.0
2024-01-05,590.6,597.6,581.55,587.0,2990000.0
2024-01-08,587.0,592.5,576.45,577.65,4430000.0
2024-01-09,581.95,584.9,573.6,575.95,5310000.0
2024-01-10,576.0,582.0,570.65,580.05,2410000.0
2024-01-11,582.95,587.0,575.5,576.95,3900000.0
2024-01-12,581.0,585.5,575.75,582.05,2440000.0
2024-01-15,585.85,586.0,572.25,574.65,3780000.0
2024-01-16,575.95,584.85,569.45,579.55,5190000.0
2024-01-17,570.95,572.7,558.1,560.25,6150000.0
2024-01-18,560.25,561.35,547.8,554.9,3780000.0
2024-01-19,556.5,561.0,554.5,557.1,4450000.0
2024-01-20,561.0,566.75,558.35,561.05,1500000.0
2024-01-23,558.0,561.8,537.6,541.4,7870000.0
2024-01-24,550.0,566.8,547.0,565.15,8620000.0
2024-01-25,566.5,570.0,558.4,567.2,5370000.0
2024-01-29,568.0,571.95,562.0,567.9,5130000.0
2024-01-30,569.95,584.3,567.25,569.25,7970000.0
2024-01-31,569.2,580.6,568.25,579.35,5640000.0
2024-02-01,578.0,581.8,570.3,571.25,3510000.0
2024-02-02,577.0,589.0,573.1,583.5,7150000.0
2024-02-05,583.5,590.9,576.05,579.9,4800000.0
2024-02-06,578.6,587.75,569.25,584.9,4099999.9999999995
2024-02-07,590.4,602.15,584.65,592.25,9420000.0
2024-02-08,592.0,608.95,587.85,601.3,11840000.0
2024-02-09,601.0,602.0,576.3,591.3,5110000.0
2024-02-12,591.9,601.8,579.75,582.45,4600000.0
2024-02-13,539.0,540.0,496.35,510.1,46100000.0
2024-02-14,515.0,516.9,503.15,507.8,16629999.999999998
2024-02-15,512.7,518.5,507.6,513.2,13300000.0
2024-02-16,519.95,519.95,510.95,515.7,12070000.0
2024-02-19,518.75,518.9,511.8,512.3,5580000.0
2024-02-20,512.6,515.9,507.15,511.6,5190000.0
2024-02-21,535.0,538.0,510.0,511.8,18110000.0
2024-02-22,516.3,522.15,514.25,521.15,8730000.0
2024-02-23,524.7,524.8,517.0,518.35,6450000.0
2024-02-26,519.4,519.75,504.0,505.05,7610000.0
2024-02-27,505.5,512.2,504.7,509.65,6740000.0
2024-02-28,512.5,514.45,501.75,504.4,4410000.0
2024-02-29,506.5,508.0,499.0,503.85,16860000.0
2024-03-01,510.0,522.5,510.0,519.1,9880000.0
2024-03-02,520.95,523.9,519.0,522.85,619590.0
2024-03-04,524.0,529.85,520.05,524.95,5990000.0
2024-03-05,524.0,528.3,520.2,522.1,5730000.0
2024-03-06,522.05,527.9,513.95,526.95,4640000.0
2024-03-07,530.8,540.85,529.25,536.7,7910000.0
2024-03-11,540.0,543.25,532.1,533.7,5530000.0
2024-03-12,533.1,536.85,525.3,528.95,3700000.0
2024-03-13,529.35,530.0,501.2,507.0,5710000.0
2024-03-14,512.0,526.35,507.0,525.25,10350000.0
2024-03-15,522.0,534.05,517.5,532.55,8470000.0
2024-03-18,532.0,535.55,527.0,531.15,4280000.0
2024-03-19,532.0,539.75,529.25,533.65,7120000.0
2024-03-20,533.0,535.5,516.35,527.85,5010000.0
2024-03-21,538.4,545.75,534.25,539.7,8800000.0
2024-03-22,539.7,550.65,537.35,547.75,5520000.0
2024-03-26,545.65,561.0,545.0,558.65,7200000.0
2024-03-27,564.2,564.65,556.8,557.65,5320000.0
2024-03-28,561.0,566.65,555.3,560.25,8330000.0
2024-04-01,570.0,574.0,564.1,568.6,6190000.0
2024-04-02,571.0,572.3,561.55,571.2,4630000.0
2024-04-03,570.2,584.1,567.15,576.6,7510000.0
2024-04-04,590.0,590.0,568.95,577.75,7250000.0
2024-04-05,572.5,575.0,567.6,570.05,4880000.0
2024-04-08,572.0,579.7,570.5,576.8,3280000.0
2024-04-09,578.1,595.45,574.0,588.6,7830000.0
2024-04-10,596.2,604.9,591.05,603.05,11750000.0
2024-04-12,609.05,609.05,595.3,598.65,15990000.0
2024-04-15,615.0,625.4,605.7,612.7,27070000.0
2024-04-16,612.7,621.4,606.8,608.85,10720000.0
2024-04-18,616.4,625.0,609.8,612.8,9950000.0
2024-04-19,609.0,616.3,600.7,614.75,6440000.0
2024-04-22,620.65,622.45,612.7,618.55,6500000.0
2024-04-23,618.5,618.75,610.4,611.8,6150000.0
2024-04-24,611.8,637.65,608.7,636.1,11780000.0
2024-04-25,635.7,648.25,628.1,646.8,11900000.0
2024-04-26,650.95,661.6,643.0,649.3,7550000.0
2024-04-29,654.95,655.4,641.2,650.05,4160000.0
2024-04-30,653.6,653.7,642.3,644.4,4770000.0
2024-05-02,635.9,646.9,628.65,641.45,17930000.0
2024-05-03,655.05,655.05,638.4,647.1,10630000.0
2024-05-06,650.0,655.0,629.3,638.8,10090000.0
2024-05-07,646.9,646.9,611.75,620.2,10790000.0
2024-05-08,615.1,634.45,615.1,633.5,7680000.0
2024-05-09,634.0,637.75,615.0,619.4,6590000.0
2024-05-10,620.1,629.55,618.0,625.6,4360000.0
2024-05-13,625.1,636.15,614.3,633.5,3580000.0
2024-05-14,644.35,649.5,638.2,646.65,8340000.0
2024-05-15,653.0,659.0,648.7,653.7,6760000.0
2024-05-16,660.0,666.0,643.25,653.35,8780000.0
2024-05-17,653.0,658.8,650.4,655.45,5030000.0
2024-05-18,662.0,662.9,657.5,660.35,467850.0
2024-05-21,666.3,695.4,663.2,693.6,15980000.0
2024-05-22,698.55,698.7,677.4,684.55,8000000.0
2024-05-23,675.15,678.55,665.95,676.8,9750000.0
2024-05-24,679.25,690.45,671.05,673.25,15930000.0
2024-05-27,685.05,689.5,675.5,677.85,10480000.0
2024-05-28,682.0,698.0,678.35,681.3,12930000.0
2024-05-29,695.0,713.5,682.3,705.3,22680000.0
2024-05-30,704.85,713.05,693.35,695.15,10360000.0
2024-05-31,698.9,703.45,684.35,689.35,13620000.0
2024-06-03,715.0,715.25,692.8,695.95,7080000.0
2024-06-04,697.0,697.0,594.25,649.05,24250000.0
2024-06-05,627.0,700.65,607.0,695.25,25840000.0
2024-06-06,695.0,695.0,673.0,677.5,10420000.0
2024-06-07,677.5,687.0,672.45,680.35,7170000.0
2024-06-10,677.05,684.85,673.05,676.4,4050000.0
2024-06-11,680.0,681.25,672.05,672.95,5160000.0
2024-06-12,674.0,683.0,671.85,673.9,10780000.0
2024-06-13,678.0,684.65,676.05,680.7,9560000.0
2024-06-14,690.0,690.0,677.4,683.6,8330000.0
2024-06-18,683.6,688.0,677.0,678.75,4010000.0
2024-06-19,680.05,682.0,660.4,662.4,4770000.0
2024-06-20,665.0,684.35,661.75,676.5,6650000.0
2024-06-21,680.0,691.2,677.0,684.5,11970000.0
2024-06-24,679.6,687.7,675.1,685.25,8010000.0
2024-06-25,688.8,696.0,680.9,685.5,5780000.0
2024-06-26,683.55,683.55,671.35,674.7,6070000.0
2024-06-27,678.0,687.7,672.1,685.25,7140000.0
2024-06-28,690.25,697.5,686.0,693.55,6100000.0
2024-07-01,699.0,701.85,688.4,689.85,4870000.0
2024-07-02,689.9,703.3,688.4,694.75,5480000.0
2024-07-03,698.9,703.0,683.4,691.65,5880000.0
2024-07-04,697.7,705.75,690.55,691.85,5920000.0
2024-07-05,694.0,702.5,693.5,699.15,5170000.0
2024-07-08,703.65,705.9,691.65,697.2,2640000.0
2024-07-09,702.0,710.65,695.55,707.0,5510000.0
2024-07-10,708.0,712.1,685.3,693.3,5330000.0
2024-07-11,702.0,702.0,692.0,696.3,6860000.0
2024-07-12,697.5,702.45,686.1,692.05,3840000.0
2024-07-15,692.05,701.6,688.45,700.1,2850000.0
2024-07-16,700.3,703.15,689.0,690.8,4570000.0
2024-07-18,686.0,695.85,684.1,689.95,7840000.0
2024-07-19,683.9,685.7,658.65,663.0,6210000.0
2024-07-22,655.0,675.0,650.85,672.3,3290000.0
2024-07-23,672.3,673.2,638.7,653.5,9600000.0
2024-07-24,653.0,656.65,645.0,651.6,2610000.0
2024-07-25,641.95,649.0,633.3,646.55,6170000.0
2024-07-26,660.0,668.5,655.0,667.6,4730000.0
2024-07-29,676.75,676.75,665.0,666.85,6030000.0
2024-07-30,665.0,665.0,654.6,660.5,6710000.0
2024-07-31,667.0,674.0,664.25,669.6,8550000.0
2024-08-01,680.0,690.9,667.35,673.5,8830000.0
2024-08-02,659.8,665.6,646.55,648.05,6720000.0
2024-08-05,628.05,633.85,609.25,614.3,13450000.0
2024-08-06,625.0,629.0,608.0,610.3,7060000.0
2024-08-07,625.0,629.45,616.75,623.7,4840000.0
2024-08-08,625.0,631.0,613.0,614.05,5400000.0
2024-08-09,622.0,626.5,614.8,622.9,3630000.0
2024-08-12,619.0,634.4,616.5,629.35,3590000.0
2024-08-13,634.4,634.4,619.2,621.4,6790000.0
2024-08-14,626.85,633.95,611.6,621.45,8650000.0
2024-08-16,633.95,642.0,630.2,634.15,6570000.0
2024-08-19,636.5,660.3,636.5,658.85,9510000.0
2024-08-20,663.0,674.3,661.05,672.9,10300000.0
2024-08-21,668.9,696.6,667.8,685.6,7820000.0
2024-08-22,691.5,692.0,677.2,685.55,6190000.0
2024-08-23,690.05,694.7,677.8,685.1,7770000.0
2024-08-26,694.4,712.9,689.5,711.85,11520000.0
2024-08-27,711.9,712.95,702.75,703.5,6470000.0
2024-08-28,706.0,710.7,701.15,705.05,3600000.0
2024-08-29,697.65,702.35,691.4,700.5,5730000.0
2024-08-30,699.0,708.5,695.1,701.35,7400000.0
2024-09-02,706.7,706.7,683.2,683.9,6190000.0
2024-09-03,687.65,692.7,677.55,678.9,4460000.0
2024-09-04,666.65,673.8,661.25,666.8,5820000.0
2024-09-05,670.0,672.4,667.25,669.95,3750000.0
2024-09-06,668.25,677.0,665.45,667.1,6310000.0
2024-09-09,664.0,664.0,651.0,658.55,5140000.0
2024-09-10,664.9,666.8,653.7,659.5,3300000.0
2024-09-11,658.6,658.6,645.4,647.7,3830000.0
2024-09-12,658.0,677.9,651.5,676.2,8590000.0
2024-09-13,686.0,686.4,670.6,673.25,5980000.0
2024-09-16,680.1,687.55,676.55,685.15,4260000.0
2024-09-17,689.0,692.0,681.1,683.0,3400000.0
2024-09-18,685.0,687.95,673.35,685.25,3400000.0
2024-09-19,690.0,690.85,668.2,684.2,5130000.0
2024-09-20,692.1,698.8,688.75,694.4,9750000.0
2024-09-23,695.5,698.0,687.95,690.55,2810000.0
2024-09-24,697.6,719.7,693.0,717.85,15200000.0
2024-09-25,725.0,730.9,715.55,718.45,9530000.0
2024-09-26,718.45,736.15,710.7,734.65,10570000.0
2024-09-27,746.95,757.7,742.1,747.15,12940000.0
2024-09-30,750.0,764.45,749.45,756.2,8570000.0
2024-10-01,755.0,765.5,745.2,761.55,4400000.0
2024-10-03,750.0,772.65,744.7,747.1,5650000.0
2024-10-04,742.65,757.55,740.05,747.9,4620000.0
2024-10-07,753.0,753.0,722.5,731.3,5860000.0
2024-10-08,723.5,732.0,708.0,721.8,5420000.0
2024-10-09,710.0,735.75,710.0,727.55,3730000.0
2024-10-10,731.9,738.2,726.3,730.15,3890000.0
2024-10-11,736.0,749.95,733.05,747.35,5220000.0
2024-10-14,746.0,755.0,739.45,743.0,2540000.0
2024-10-15,746.0,750.0,720.65,726.95,3060000.0
2024-10-16,728.5,738.9,726.05,733.1,3210000.0
2024-10-17,741.1,747.3,732.35,734.8,6210000.0
2024-10-18,734.8,756.45,725.05,753.5,5470000.0
2024-10-21,760.0,765.45,737.0,739.6,2980000.0
2024-10-22,733.0,745.8,718.3,720.25,5670000.0
2024-10-23,716.0,731.15,713.3,717.1,6520000.0
2024-10-24,715.0,715.0,666.75,690.7,14910000.0
2024-10-25,694.5,694.9,668.45,678.75,4090000.0
2024-10-28,681.0,697.0,680.8,692.9,2590000.0
2024-10-29,692.9,696.2,676.45,693.6,4290000.0
2024-10-30,690.95,698.8,685.4,688.4,3280000.0
2024-10-31,686.85,689.55,679.25,686.05,4480000.0
2024-11-01,687.5,693.9,687.2,690.9,472900.0
2024-11-04,689.0,689.9,661.6,674.3,5250000.0
2024-11-05,675.6,701.45,674.8,697.55,4930000.0
2024-11-06,706.0,714.25,687.85,708.2,5500000.0
2024-11-07,682.0,687.7,646.3,648.1,26670000.0
2024-11-08,654.75,660.45,647.0,650.45,7890000.0
2024-11-11,647.45,657.6,638.7,655.35,4930000.0
2024-11-12,668.0,673.5,648.15,651.65,12010000.0
2024-11-13,648.0,649.9,622.55,626.6,7870000.0
2024-11-14,630.0,636.45,625.15,627.35,6940000.0
2024-11-18,641.9,663.1,639.9,651.05,13620000.0
2024-11-19,651.1,655.55,637.65,640.0,5020000.0
2024-11-21,641.0,653.9,634.3,648.05,7910000.0
2024-11-22,652.95,657.3,647.4,652.1,3590000.0
2024-11-25,660.1,663.0,654.45,659.85,5760000.0
2024-11-26,662.9,670.25,659.25,666.1,3600000.0
2024-11-27,667.2,669.8,660.15,661.1,2910000.0
2024-11-28,661.0,663.15,647.6,650.25,4690000.0
2024-11-29,652.5,658.6,649.1,656.2,3410000.0
2024-12-02,656.2,663.4,653.05,662.6,2170000.0
2024-12-03,665.4,669.6,657.0,667.55,3310000.0
2024-12-04,667.55,671.25,659.65,663.05,2790000.0
2024-12-05,664.0,673.95,658.7,670.85,5160000.0
2024-12-06,673.45,676.5,667.25,670.15,2720000.0
2024-12-09,666.95,672.5,654.25,670.9,5080000.0
2024-12-10,675.0,676.0,664.7,668.9,3950000.0
2024-12-11,671.0,679.8,668.05,670.5,3420000.0
2024-12-12,675.0,679.8,662.0,668.7,6590000.0
2024-12-13,663.0,665.55,648.0,662.1,4200000.0
2024-12-16,661.3,666.6,652.05,653.5,2620000.0
2024-12-17,649.5,653.6,637.1,639.45,4800000.0
2024-12-18,641.95,642.05,628.25,633.0,3750000.0
2024-12-19,620.6,633.25,614.1,629.35,5200000.0
2024-12-20,629.35,640.6,620.7,622.65,5960000.0
2024-12-23,625.55,635.9,625.55,634.15,2920000.0
2024-12-24,635.0,638.1,625.75,627.45,4830000.0
2024-12-26,630.0,633.45,626.75,628.75,4480000.0
2024-12-27,628.75,632.85,615.7,617.4,3390000.0
2024-12-30,615.4,620.3,599.15,601.1,8020000.0
2024-12-31,601.4,605.9,597.45,602.45,3810000.0
2025-01-01,601.5,603.75,587.5,592.95,9220000.0
2025-01-02,594.9,600.55,588.6,599.0,8530000.0
2025-01-03,599.0,599.75,590.0,591.15,6290000.0
2025-01-06,592.6,593.85,571.6,574.1,11200000.0
2025-01-07,573.05,588.4,572.05,584.5,5380000.0
2025-01-08,582.75,587.6,577.45,586.65,4080000.0
2025-01-09,580.0,596.85,578.65,589.25,7600000.0
2025-01-10,586.0,589.25,571.6,574.45,10610000.0
2025-01-13,571.6,573.95,562.0,563.75,7690000.0
2025-01-14,569.9,591.95,568.35,590.9,8510000.0
2025-01-15,594.0,596.2,586.55,591.55,4390000.0
2025-01-16,596.0,607.0,590.55,602.6,4960000.0
2025-01-17,603.85,619.0,603.7,617.0,6410000.0
2025-01-20,617.05,621.95,612.25,618.15,3000000.0
2025-01-21,626.05,628.35,613.45,614.95,3530000.0
2025-01-22,615.0,615.4,605.35,613.45,4430000.0
2025-01-23,611.0,616.2,607.2,608.25,6830000.0
2025-01-24,608.7,615.35,599.9,606.9,4610000.0
2025-01-27,600.05,601.6,585.35,586.9,2920000.0
2025-01-28,590.1,591.65,568.3,573.85,6250000.0
2025-01-29,576.5,587.85,571.6,584.1,4620000.0
2025-01-30,586.9,601.85,581.7,587.85,4600000.0
2025-01-31,590.0,596.4,584.3,594.3,3750000.0
2025-02-01,594.0,595.4,582.0,586.45,1740000.0
2025-02-03,575.0,576.6,557.6,574.05,8170000.0
2025-02-04,580.5,595.9,580.2,583.95,5320000.0
2025-02-05,584.5,604.5,584.5,600.6,3970000.0
2025-02-06,601.05,606.8,591.25,595.45,3570000.0
2025-02-07,595.45,610.6,594.0,607.4,4690000.0
2025-02-10,605.0,606.1,589.5,596.0,3430000.0
2025-02-11,594.05,607.0,591.65,595.85,5300000.0
2025-02-12,599.05,604.95,586.35,598.9,3760000.0
2025-02-13,596.05,607.95,590.1,602.5,4420000.0
2025-02-14,609.0,616.0,595.05,606.2,11480000.0
2025-02-17,606.2,611.9,589.65,610.85,4470000.0
2025-02-18,609.0,613.7,601.7,611.45,2960000.0
2025-02-19,607.0,628.35,606.55,626.3,6100000.0
2025-02-20,627.0,644.2,625.0,638.8,6900000.0
2025-02-21,639.2,656.2,637.95,653.55,7490000.0
2025-02-24,642.0,647.9,636.25,641.9,5930000.0
2025-02-25,636.0,638.45,617.1,619.45,10250000.0
2025-02-27,625.1,633.9,619.5,631.95,7260000.0
2025-02-28,630.0,636.6,619.45,634.35,13040000.0
2025-03-03,634.45,643.5,620.7,636.55,5370000.0
2025-03-04,628.0,643.85,624.1,641.65,4430000.0
2025-03-05,638.0,662.5,638.0,657.35,7880000.0
2025-03-06,664.95,687.6,661.85,681.95,10990000.0
2025-03-07,678.6,694.6,678.6,691.35,8140000.000000001
2025-03-10,689.8,709.3,686.5,689.15,10710000.0
2025-03-11,684.0,699.0,676.8,695.5,5260000.0
2025-03-12,700.0,702.0,683.8,689.85,5220000.0
2025-03-13,690.2,692.95,673.25,677.35,4880000.0
2025-03-17,678.25,687.5,677.85,680.75,4030000.0000000005
2025-03-18,689.25,701.0,685.95,697.85,5950000.0
2025-03-19,703.0,703.0,690.5,698.55,5460000.0
2025-03-20,702.5,709.85,697.6,705.95,4670000.0
2025-03-21,715.0,715.0,694.2,695.35,7600000.0
2025-03-24,704.85,705.75,695.1,701.5,4300000.0
2025-03-25,700.45,704.35,683.25,693.45,4550000.0
2025-03-26,695.0,702.4,690.5,691.3,3650000.0
2025-03-27,690.95,697.9,689.2,693.35,5000000.0
2025-03-28,690.5,697.45,679.3,682.45,4360000.0
2025-04-01,672.0,683.1,661.95,663.75,5130000.0
2025-04-02,668.7,669.0,652.75,661.2,8359999.999999999
2025-04-03,658.0,658.0,647.6,652.65,5650000.0
2025-04-04,645.0,645.0,596.55,599.95,9390000.0
2025-04-07,559.0,570.0,546.45,561.8,13120000.0
2025-04-08,575.0,584.35,555.95,568.35,8830000.0
2025-04-09,567.75,567.75,552.2,564.0,7010000.0
2025-04-11,585.0,607.95,576.1,600.3,12560000.0
2025-04-15,613.0,619.3,606.35,617.6,4870000.0
2025-04-16,618.15,619.35,602.0,609.9,4450000.0
2025-04-17,608.9,616.0,604.0,609.5,4520000.0
2025-04-21,611.5,624.9,607.05,622.0,2660000.0
2025-04-22,625.0,631.05,619.05,620.1,4970000.0
2025-04-23,628.75,633.0,620.7,629.1,4670000.0
2025-04-24,630.0,632.55,626.1,628.35,3370000.0
2025-04-25,632.4,634.3,612.95,622.1,3930000.0
2025-04-28,622.45,631.5,622.4,628.65,3970000.0
2025-04-29,631.05,634.25,621.65,622.55,4530000.0
2025-04-30,622.55,632.55,615.0,624.65,5910000.0
2025-05-02,624.0,650.1,621.8,632.1,6340000.0
2025-05-05,635.25,641.6,629.55,633.4,2550000.0
2025-05-06,638.95,642.7,627.45,630.05,2780000.0
2025-05-07,633.0,638.7,629.35,636.3,3590000.0
2025-05-08,635.8,636.3,615.05,620.2,5790000.0
2025-05-09,609.1,630.3,603.75,627.15,3870000.0
2025-05-12,640.15,654.25,638.05,651.95,5470000.0
2025-05-13,645.0,646.35,632.0,634.75,6030000.0
2025-05-14,635.5,652.95,634.0,650.55,4820000.0
2025-05-15,649.5,663.65,646.3,661.35,7130000.0
2025-05-16,659.5,662.95,654.35,657.55,2700000.0
2025-05-19,655.0,661.75,652.0,658.35,3320000.0
2025-05-20,668.0,671.0,655.55,662.75,7950000.0
2025-05-21,667.1,671.0,654.6,663.0,8620000.0
2025-05-22,663.0,663.7,642.5,649.55,6780000.0
2025-05-23,653.0,655.55,642.6,650.1,3450000.0
2025-05-26,655.0,669.7,653.3,661.45,6830000.0
2025-05-27,661.4,665.7,656.5,659.45,4220000.0
2025-05-28,659.45,662.0,647.9,649.95,3550000.0
2025-05-29,649.95,653.55,645.1,650.0,4550000.0
2025-05-30,647.8,650.9,632.15,633.5,9050000.0
2025-06-02,628.95,635.75,618.0,631.1,8400000.0
2025-06-03,636.0,640.9,629.6,632.0,3780000.0
2025-06-04,634.1,640.9,630.65,635.85,3070000.0
2025-06-05,638.0,641.4,633.5,637.25,3570000.0
2025-06-06,637.25,651.25,635.1,650.15,5490000.0
2025-06-09,653.4,654.6,649.25,650.8,2820000.0
2025-06-10,653.8,663.5,652.15,658.35,5690000.0
2025-06-11,660.5,662.9,654.1,655.2,3930000.0
2025-06-12,656.0,661.75,648.2,651.05,6540000.0
2025-06-13,635.0,648.0,635.0,641.8,4540000.0
2025-06-16,641.8,651.05,636.0,649.6,3420000.0
2025-06-17,649.15,650.4,637.6,641.7,4200000.0
2025-06-18,638.0,648.9,638.0,645.35,3410000.0
2025-06-19,643.0,644.7,635.05,641.35,4390000.0
2025-06-20,641.35,654.5,638.6,649.15,7170000.0
2025-06-23,644.0,666.0,640.15,661.4,6080000.0
2025-06-24,668.8,674.0,664.7,669.4,5510000.0
2025-06-25,676.95,676.95,668.45,672.65,5530000.0
2025-06-26,674.1,693.0,672.7,690.6,8199999.999999999
2025-06-27,695.0,700.05,691.35,697.35,5670000.0
2025-06-30,700.0,700.0,691.45,692.85,4920000.0
2025-07-01,692.4,699.6,684.35,694.3,5470000.0
2025-07-02,695.7,705.75,693.65,698.35,4570000.0
2025-07-03,701.0,708.1,691.8,692.85,4220000.0
2025-07-04,692.0,700.75,689.4,699.45,2680000.0
2025-07-07,699.45,699.45,688.1,692.1,2480000.0
2025-07-08,692.1,696.3,683.1,685.6,3920000.0
2025-07-09,692.0,692.0,664.1,673.95,6700000.0
2025-07-10,675.0,679.5,672.55,675.05,3640000.0
2025-07-11,673.0,676.05,661.55,670.95,4450000.0
2025-07-14,671.0,680.55,665.0,666.5,4340000.0
2025-07-15,670.0,674.25,662.9,670.85,4820000.0
2025-07-16,668.0,670.6,664.0,666.75,4500000.0
2025-07-17,670.0,678.0,668.4,674.55,4019999.9999999995
2025-07-18,676.5,679.3,671.0,675.9,3400000.0
2025-07-21,679.0,687.15,679.0,682.7,4910000.0
2025-07-22,683.2,692.5,683.2,690.05,3800000.0
2025-07-23,692.0,696.0,689.6,695.4,3640000.0
2025-07-24,697.0,704.4,691.6,695.6,4590000.0
2025-07-25,697.0,698.8,687.95,693.45,5220000.0
2025-07-28,693.45,693.95,682.8,689.35,5030000.0
2025-07-29,686.1,695.0,685.0,692.7,2990000.0
2025-07-30,689.15,697.55,684.8,688.8,2830000.0
2025-07-31,677.1,692.3,674.95,683.05,6140000.0
2025-08-01,680.0,683.3,670.85,672.45,3480000.0
2025-08-04,676.0,688.8,671.8,687.7,2290000.0
2025-08-05,692.0,692.0,682.15,687.1,3300000.0
2025-08-06,692.0,692.0,683.35,684.85,2500000.0
2025-08-07,681.9,689.9,674.35,686.8,3420000.0
2025-08-08,684.0,686.4,669.05,672.75,3470000.0
2025-08-11,673.75,683.45,667.25,672.85,3240000.0
2025-08-12,658.0,677.75,657.5,667.05,12240000.0
2025-08-13,673.0,704.95,670.95,700.5,13150000.0
2025-08-14,701.0,702.35,688.0,695.25,4179999.9999999995
2025-08-18,700.0,719.0,697.1,714.15,7210000.0
2025-08-19,714.0,715.15,705.55,706.7,5640000.0
2025-08-20,701.0,705.9,698.05,700.85,5360000.0
2025-08-21,701.05,709.0,700.5,707.3,3230000.0
2025-08-22,708.0,709.6,701.55,704.2,5620000.0
2025-08-25,708.0,720.9,707.55,715.85,4540000.0
2025-08-26,714.0,714.0,701.25,705.7,5230000.0
2025-08-28,700.8,707.0,698.1,701.4,5620000.0
2025-08-29,701.0,708.75,697.0,703.95,5340000.0
2025-09-01,704.5,721.0,702.4,719.6,3770000.0
2025-09-02,720.0,726.1,714.2,720.95,4660000.0
2025-09-03,725.0,744.0,723.1,742.95,8990000.0
2025-09-04,744.05,745.0,737.2,739.05,3760000.0
2025-09-05,738.0,746.65,738.0,743.8,2780000.0
2025-09-08,745.0,749.85,737.4,738.75,2700000.0
2025-09-09,740.7,750.55,739.0,742.9,3390000.0
2025-09-10,745.0,749.8,741.05,743.15,3350000.0
2025-09-11,742.0,747.95,738.0,742.65,3760000.0
2025-09-12,748.9,759.6,745.15,758.05,5700000.0
2025-09-15,758.15,763.4,752.6,753.65,2550000.0
2025-09-16,754.4,757.3,749.15,755.95,2660000.0
2025-09-17,756.0,759.7,744.4,750.1,4179999.9999999995
2025-09-18,746.35,751.45,736.25,750.15,4920000.0
2025-09-19,752.0,756.8,739.0,743.3,5130000.0
2025-09-22,743.3,752.5,741.55,745.7,2230000.0
2025-09-23,745.0,752.25,739.65,745.9,3780000.0
2025-09-24,744.0,748.95,737.7,741.05,2420000.0
2025-09-25,746.0,769.1,740.05,745.65,4700000.0
2025-09-26,745.9,749.5,731.95,743.85,3640000.0
2025-09-29,745.0,758.8,744.85,753.8,4350000.0
2025-09-30,759.95,769.7,758.05,761.95,4720000.0
2025-10-01,761.9,769.4,755.3,765.95,3660000.0
2025-10-03,766.0,790.6,764.1,780.35,6520000.0
2025-10-06,782.05,784.95,774.35,776.7,3540000.0
2025-10-07,771.0,780.75,765.9,767.8,4920000.0
2025-10-08,770.0,781.5,766.15,768.2,6390000.0
2025-10-09,770.25,780.0,769.25,774.1,6810000.0
2025-10-10,774.5,775.75,764.3,773.95,4370000.0
2025-10-13,772.25,774.6,767.2,770.2,3080000.0
2025-10-14,776.05,781.55,754.45,760.1,3510000.0
2025-10-15,765.0,768.7,759.35,764.25,5690000.0
2025-10-16,765.1,780.85,763.5,780.1,4179999.9999999995
2025-10-17,780.0,781.95,766.0,772.8,3250000.0
2025-10-20,774.3,789.45,772.05,786.35,4850000.0
2025-10-21,791.0,791.95,782.5,784.95,457670.0
2025-10-23,791.5,799.85,784.0,792.4,5920000.0
2025-10-24,811.35,826.5,811.35,824.45,16910000.0
2025-10-27,834.9,845.1,827.0,840.85,7310000.0
2025-10-28,838.0,859.9,837.0,848.95,8010000.0
2025-10-29,854.0,858.85,849.55,856.25,5660000.0
2025-10-30,852.1,864.0,848.1,861.35,4700000.0
2025-10-31,856.95,860.6,845.7,847.85,4139999.9999999995
2025-11-03,847.85,856.0,842.6,847.2,4890000.0
2025-11-04,841.55,847.0,829.25,831.4,4670000.0
2025-11-06,788.0,795.0,770.15,788.4,34790000.0
2025-11-07,788.5,802.6,783.0,790.4,13190000.0
2025-11-10,792.0,799.9,783.85,785.2,5910000.0
2025-11-11,790.8,794.7,778.1,793.75,5410000.0
2025-11-12,798.0,809.0,791.75,794.4,7590000.0
2025-11-13,803.0,816.5,799.0,811.95,5850000.0
2025-11-14,807.0,812.5,796.0,803.65,4110000.0000000005
2025-11-17,801.0,809.0,799.75,807.15,2770000.0
2025-11-18,804.5,804.5,788.35,797.15,7300000.0
2025-11-19,797.15,798.8,790.0,790.95,3010000.0
2025-11-20,799.8,802.65,789.3,799.8,6020000.0
2025-11-21,786.0,787.0,776.25,777.7,5100000.0
2025-11-24,782.85,788.1,771.85,774.65,5670000.0
2025-11-25,777.95,791.75,772.65,789.35,6090000.0
2025-11-26,790.15,803.0,787.2,800.8,3840000.0
2025-11-27,807.9,813.95,800.45,807.55,4480000.0
2025-11-28,812.2,815.0,807.2,808.4,3200000.0
2025-12-01,817.95,817.95,808.2,810.8,2060000.0
2025-12-02,811.0,813.5,802.6,806.85,4240000.0
2025-12-03,810.8,819.6,800.95,816.3,4950000.0
2025-12-04,824.0,826.25,809.0,810.8,3380000.0
2025-12-05,811.55,831.9,808.0,823.25,4270000.0
2025-12-08,825.8,833.5,817.25,819.45,4350000.0
2025-12-09,819.0,819.4,803.1,812.9,3390000.0
2025-12-10,816.05,831.75,813.6,821.75,5280000.0
2025-12-11,826.0,830.9,821.15,824.35,3100000.0
2025-12-12,830.8,855.0,830.6,852.1,8180000.0
2025-12-15,851.95,856.25,845.3,847.85,2520000.0
2025-12-16,845.0,845.0,831.15,837.15,2710000.0
2025-12-17,844.05,851.9,840.1,848.8,3270000.0
2025-12-18,850.0,861.95,847.5,856.7,4170000.0
2025-12-19,858.0,864.4,847.55,852.0,4940000.0
2025-12-22,860.0,872.35,857.25,864.55,4870000.0
2025-12-23,871.0,871.8,860.85,863.85,5450000.0
2025-12-24,865.95,882.3,862.15,864.45,3680000.0
2025-12-26,865.25,874.75,861.0,872.9,2330000.0
2025-12-29,886.0,887.45,860.9,865.0,9840000.0
2025-12-30,868.0,888.3,863.85,884.15,15280000.0
2025-12-31,886.4,890.0,879.45,886.7,3540000.0
2026-01-01,888.1,895.95,882.45,894.95,2570000.0
2026-01-02,898.0,927.3,896.55,925.7,5360000.0
2026-01-05,932.5,937.9,925.85,931.7,5280000.0
2026-01-06,936.0,970.8,936.0,942.25,10370000.0
2026-01-07,951.05,954.6,935.1,938.45,6560000.0
2026-01-08,934.05,934.2,898.6,903.95,6270000.0
2026-01-09,902.0,908.45,894.0,900.95,4320000.0
2026-01-12,909.95,921.95,897.0,920.15,6880000.0
2026-01-13,927.4,937.9,922.95,936.3,6870000.0
2026-01-14,941.0,959.0,936.75,955.35,7050000.0
2026-01-16,966.5,966.5,930.0,934.65,4040000.0
2026-01-19,938.5,946.8,928.45,939.95,4010000.0
2026-01-20,944.5,949.85,925.7,928.1,5710000.0
2026-01-21,928.75,944.15,926.4,939.2,5590000.0
2026-01-22,945.0,951.4,934.15,944.45,6170000.0
2026-01-23,955.0,963.9,948.5,950.3,5960000.0
2026-01-27,985.0,985.0,950.75,961.85,10010000.0
2026-01-28,971.05,1007.9,963.05,998.2,12620000.0
2026-01-29,1010.25,1029.8,1008.55,1024.05,14620000.0
2026-01-30,1000.0,1000.0,955.55,962.6,11980000.0
2026-02-01,920.0,936.5,866.35,908.2,8740000.0
2026-02-02,905.7,936.75,897.5,930.5,9660000.0
2026-02-03,950.0,972.55,945.2,955.3,10100000.0
2026-02-04,958.95,970.8,955.45,964.95,4390000.0
2026-02-05,943.15,943.15,923.7,935.45,4580000.0
2026-02-06,926.0,944.0,922.0,942.55,3830000.0
2026-02-09,960.5,970.7,948.3,964.25,5290000.0
2026-02-10,970.25,976.65,955.0,968.9,4099999.9999999995
2026-02-11,970.0,972.0,950.15,965.95,6280000.0
2026-02-12,950.0,966.55,943.95,964.4,4560000.0
2026-02-13,923.55,932.65,901.0,909.0,10170000.0
2026-02-16,895.0,910.3,889.5,907.45,6940000.0
2026-02-17,892.9,898.9,881.0,890.1,7100000.0
2026-02-18,893.0,907.0,891.35,899.25,3910000.0
2026-02-19,910.6,920.5,900.3,905.65,3520000.0
2026-02-20,907.5,937.7,901.1,935.7,5860000.0
2026-02-23,946.9,946.9,907.65,916.2,4930000.0
2026-02-24,920.5,927.0,908.05,922.85,5180000.0
2026-02-25,936.0,946.0,928.5,937.4,5290000.0
2026-02-26,942.0,943.1,931.2,941.3,3080000.0
2026-02-27,938.95,943.35,922.6,924.7,5420000.0
2026-03-02,901.1,945.4,896.1,940.0,5570000.0
2026-03-04,928.0,945.5,912.0,921.8,7580000.0
2026-03-05,930.0,983.5,926.4,954.95,16530000.000000002
2026-03-06,955.0,971.65,943.15,958.9,8300000.000000001
2026-03-09,940.0,956.25,925.25,945.35,7020000.0
2026-03-10,956.0,959.75,933.35,956.6,4840000.0
2026-03-11,959.95,978.9,952.5,959.1,4460000.0
2026-03-12,968.0,972.0,934.45,969.75,4660000.0
2026-03-13,967.0,968.15,904.3,910.05,10350000.0
2026-03-16,906.85,943.15,901.3,921.15,10760000.0
2026-03-17,928.9,942.0,916.35,936.65,4860000.0
2026-03-18,932.9,938.4,923.0,933.05,3910000.0
2026-03-19,912.0,933.05,892.15,897.05,4730000.0
2026-03-20,884.95,907.5,870.0,874.25,10060000.0
2026-03-23,855.0,857.35,835.95,840.25,11370000.0
2026-03-24,849.0,864.5,843.5,854.65,3530000.0
2026-03-25,866.0,874.8,862.3,868.65,4490000.0
2026-03-27,860.0,872.95,854.75,866.7,4099999.9999999995
2026-03-30,876.0,913.0,876.0,884.45,12730000.0
2026-04-01,909.0,922.5,900.1,904.6,7780000.0
2026-04-02,898.95,920.95,884.8,916.25,7700000.0
2026-04-06,917.2,935.75,917.2,927.45,5560000.0
2026-04-07,933.95,964.9,932.95,954.5,11880000.0
2026-04-08,975.0,977.0,947.35,951.8,8170000.0
2026-04-09,959.0,989.85,952.25,985.65,9390000.0
2026-04-10,995.35,995.55,978.65,992.1,6010000.0
2026-04-13,978.05,988.6,965.6,978.25,4750000.0
2026-04-15,1036.0,1038.0,1002.1,1011.45,11080000.0
2026-04-16,1016.9,1048.7,1013.0,1039.9,10940000.0
2026-04-17,1036.5,1040.75,1025.0,1039.0,4300000.0
2026-04-20,1031.0,1034.0,1011.4,1015.25,4290000.0
2026-04-21,1018.0,1023.2,1011.4,1021.65,3000000.0
2026-04-22,1030.0,1043.35,1017.0,1039.9,4470000.0
2026-04-23,1039.75,1049.0,1031.15,1041.35,4370000.0
2026-04-24,1031.0,1054.0,1027.55,1048.35,4530000.0
2026-04-27,1058.35,1066.5,1052.0,1061.8,4240000.0
2026-04-28,1060.0,1079.7,1055.15,1074.3,7800000.0
2026-04-29,1078.0,1080.0,1053.0,1067.2,3710000.0
2026-04-30,1058.5,1063.85,1030.4,1038.0,4390000.0
2026-05-04,1043.3,1049.4,1034.5,1042.7,3350000.0
2026-05-05,1036.3,1059.0,1031.1,1054.7,4580000.0
2026-05-06,1067.8,1073.7,1042.4,1045.8,5340000.0
2026-05-07,1048.0,1060.9,1036.6,1055.7,4290000.0
2026-05-08,1048.4,1058.0,1035.3,1044.4,3070000.0
2026-05-11,1031.1,1042.4,1022.1,1023.5,3750000.0
2026-05-12,1027.2,1054.6,1025.0,1041.4,4320000.0
2026-05-13,1048.0,1082.4,1047.0,1073.1,5340000.0
2026-05-14,1083.9,1105.0,1080.9,1103.3,4920000.0
2026-05-15,1101.2,1101.2,1057.6,1067.5,6800000.0
2026-05-18,1050.0,1060.0,1044.0,1053.1,4019999.9999999995
2026-05-19,1052.5,1053.4,1037.1,1048.3,3670000.0
2026-05-20,1038.4,1090.0,1038.4,1085.5,11950000.0
2026-05-21,1098.7,1110.9,1089.3,1099.3,4580000.0
2026-05-22,1099.0,1115.0,1092.8,1109.2,4139999.9999999995
2026-05-25,1110.0,1119.8,1081.2,1099.6,7680000.0
2026-05-26,1102.0,1118.0,1094.6,1103.8,5880000.0
2026-05-27,1118.3,1154.0,1118.3,1149.7,7560000.0
2026-05-29,1176.0,1176.0,1122.0,1126.7,11990000.0
2026-06-01,1130.0,1150.0,1127.2,1141.3,6930000.0
2026-06-02,1141.0,1161.0,1136.4,1146.3,5330000.0
2026-06-03,1155.0,1159.9,1126.6,1138.9,4870000.0
2026-06-04,1134.0,1137.1,1121.4,1125.6,3870000.0
2026-06-05,1126.6,1132.3,1090.1,1092.6,4550000.0
2026-06-08,1061.0,1078.6,1050.8,1062.4,4880000.0
2026-06-09,1074.0,1082.5,1053.8,1076.7,5880000.0
2026-06-10,1066.9,1066.9,1034.2,1039.3,8050000.000000001
2026-06-11,1029.8,1038.6,1022.8,1024.3,6660000.0
2026-06-12,1045.0,1049.0,1015.3,1021.6,9390000.0
2026-06-15,1039.2,1039.7,1011.1,1013.9,8470000.0
2026-06-16,990.0,990.0,970.0,982.4,11200000.0
2026-06-17,985.0,1011.6,971.2,1007.9,10850000.0
2026-06-18,1006.0,1017.4,999.0,1008.5,6180000.0
2026-06-19,998.0,1016.8,985.2,1010.0,6010000.0
2026-06-22,1014.0,1018.1,1003.6,1014.2,4240000.0
2026-06-23,999.0,999.0,978.0,986.8,7190000.0
2026-06-24,972.0,988.5,970.3,976.6,5030000.0
2026-06-25,965.0,970.9,950.2,953.2,12160000.0
2026-06-29,952.1,973.5,952.0,963.8,9500000.0
2026-06-30,957.0,966.6,948.8,956.6,8510000.0
2026-07-01,951.9,960.25,937.5,939.7,5640000.0
2026-07-02,942.05,962.5,942.05,949.2,3510000.0
2026-07-03,965.0,978.9,951.05,953.2,3350000.0
2026-07-06,960.85,981.6,954.0,980.4,4640000.0
2026-07-07,970.4,978.95,962.9,969.5,4410000.0
2026-07-08,962.05,979.9,962.05,971.65,6550000.0
2026-07-09,971.7,973.95,954.65,963.45,6040000.0
2026-07-10,976.0,985.6,964.7,967.45,5860000.0
2026-07-13,963.1,971.7,956.45,966.85,4070000.0000000005
2026-07-14,964.0,998.0,964.0,974.3,8060000.000000001
2026-07-15,972.0,976.0,953.0,955.8,5280000.0
2026-07-16,972.4,972.4,957.2,959.3,3390000.0
2026-07-17,955.0,959.1,939.5,944.15,4220000.0
2026-07-20,944.35,957.75,944.15,947.8,4000000.0
2026-07-21,944.15,956.3,941.0,951.4,4970000.0
2026-07-22,955.0,961.95,945.2,950.0,4059999.9999999995
2026-07-23,950.0,964.0,947.55,955.65,4720000.0
2026-07-24,947.6,950.9,939.7,942.8,4490000.0
2026-07-27,944.45,951.25,943.05,945.25,2040000.0
2026-07-28,945.0,947.9,935.1,936.4,3840000.0
2026-07-29,940.0,964.8,938.15,962.45,2940000.0
2026-07-30,968.0,973.05,960.6,970.4,4260000.0
2026-07-31,979.8,988.0,971.05,974.45,5580000.0
