Date,Open,High,Low,Close,Volume
2015-01-01,646.0,647.0,640.8,642.1,378210.0
2015-01-02,644.0,648.53,643.0,644.28,430070.0
2015-01-05,644.28,644.28,628.2,629.68,1470000.0
2015-01-06,626.0,626.0,611.0,613.11,1960000.0
2015-01-07,615.02,615.61,602.0,607.84,1600000.0
2015-01-08,612.0,618.81,608.2,613.26,1390000.0
2015-01-09,619.0,634.0,618.24,632.76,2970000.0
2015-01-12,630.6,642.8,625.33,641.45,1670000.0
2015-01-13,642.0,647.6,638.0,644.67,2450000.0
2015-01-14,641.0,644.64,638.2,641.65,1660000.0
2015-01-15,645.32,650.79,640.79,648.11,2220000.0
2015-01-16,648.4,659.0,646.25,657.16,2110000.0
2015-01-19,656.0,666.0,653.94,664.78,1240000.0
2015-01-20,668.4,668.4,658.47,661.24,1490000.0
2015-01-21,655.5,669.78,650.4,667.17,2160000.0
2015-01-22,666.02,673.0,666.02,672.25,1230000.0
2015-01-23,677.95,677.95,667.0,669.92,2210000.0
2015-01-27,664.97,664.97,639.07,642.48,2060000.0
2015-01-28,644.0,649.0,634.42,647.81,1250000.0
2015-01-29,646.8,676.0,642.07,672.66,7010000.0
2015-01-30,674.0,674.57,640.2,646.65,3160000.0
2015-02-02,635.95,636.8,627.02,627.82,1930000.0
2015-02-03,620.4,623.8,614.98,617.43,2610000.0
2015-02-04,621.0,625.25,617.0,619.38,1070000.0
2015-02-05,617.6,619.0,612.24,614.41,2110000.0
2015-02-06,615.0,623.4,606.0,608.86,1220000.0
2015-02-09,606.6,622.59,601.4,619.82,1760000.0
2015-02-10,622.21,629.1,615.0,626.1,1690000.0
2015-02-11,628.06,636.18,624.79,630.48,1160000.0
2015-02-12,639.0,668.63,638.47,666.24,2290000.0
2015-02-13,672.0,673.8,664.2,668.79,1060000.0
2015-02-16,670.4,680.56,667.63,670.25,749690.0
2015-02-18,663.4,675.2,662.42,670.85,1050000.0
2015-02-19,669.41,679.35,662.54,676.58,858420.0
2015-02-20,679.6,684.99,674.2,680.78,757390.0
2015-02-23,680.44,684.8,672.52,677.96,2080000.0
2015-02-24,675.0,682.0,668.08,671.95,1080000.0
2015-02-25,675.0,677.01,653.0,655.87,2029999.9999999998
2015-02-26,650.6,656.6,645.4,650.44,2490000.0
2015-02-27,649.8,659.8,640.2,655.61,2170000.0
2015-02-28,656.92,674.27,652.02,669.81,531030.0
2015-03-02,672.6,683.98,666.42,677.33,1360000.0
2015-03-03,681.8,696.56,672.63,681.58,2000000.0
2015-03-04,681.58,693.6,674.12,678.09,1450000.0
2015-03-05,677.62,689.98,677.62,688.3,1400000.0
2015-03-09,690.38,703.4,690.38,693.51,1170000.0
2015-03-10,696.0,696.0,682.15,687.46,1110000.0
2015-03-11,691.77,706.39,673.61,693.6,1550000.0
2015-03-12,694.0,701.0,683.04,686.56,1840000.0
2015-03-13,691.8,692.82,671.7,675.31,970540.0
2015-03-16,678.0,679.72,660.03,662.6,1090000.0
2015-03-17,672.0,690.55,670.2,687.49,1770000.0
2015-03-18,688.98,690.79,680.0,685.41,852310.0
2015-03-19,694.0,696.0,682.21,684.94,1390000.0
2015-03-20,687.64,693.0,674.3,685.32,1540000.0
2015-03-23,686.0,693.97,685.7,691.73,948470.0
2015-03-24,699.8,705.0,692.6,702.29,2610000.0
2015-03-25,705.0,715.0,700.8,702.12,1970000.0
2015-03-26,694.0,698.41,670.3,689.14,2690000.0
2015-03-27,686.98,686.98,672.04,683.08,1220000.0
2015-03-30,691.56,691.56,674.6,685.06,1410000.0
2015-03-31,690.8,703.0,690.8,697.75,1400000.0
2015-04-01,708.2,713.36,700.34,706.73,1410000.0
2015-04-06,706.0,738.9,705.8,735.57,2180000.0
2015-04-07,733.6,740.99,729.04,736.97,1160000.0
2015-04-08,735.0,755.06,732.43,751.09,2220000.0
2015-04-09,751.01,752.8,735.8,748.05,1550000.0
2015-04-10,749.2,761.56,741.27,759.48,1080000.0
2015-04-13,756.0,761.54,746.3,759.07,1320000.0
2015-04-15,756.0,760.0,746.33,750.72,1470000.0
2015-04-16,746.0,748.25,732.64,736.06,1170000.0
2015-04-17,733.08,740.0,724.0,729.43,1290000.0
2015-04-20,730.0,743.19,708.04,713.4,1510000.0
2015-04-21,715.18,722.8,690.4,692.4,1940000.0
2015-04-22,698.01,717.0,697.6,714.06,1700000.0
2015-04-23,715.84,719.0,701.8,705.76,858440.0
2015-04-24,702.1,714.18,694.07,696.83,931160.0
2015-04-27,701.0,702.97,671.02,677.12,2720000.0
2015-04-28,677.4,686.16,668.17,682.45,1380000.0
2015-04-29,682.6,691.45,670.0,676.49,1170000.0
2015-04-30,676.0,676.0,655.3,662.05,4010000.0
2015-05-04,666.0,681.0,663.2,679.01,1260000.0
2015-05-05,678.0,684.0,670.21,680.53,1570000.0
2015-05-06,678.0,681.76,656.61,670.68,2040000.0
2015-05-07,662.24,669.2,650.01,656.58,2100000.0
2015-05-08,669.8,677.95,660.6,670.09,1340000.0
2015-05-11,676.0,681.95,667.75,671.94,1220000.0
2015-05-12,678.2,699.34,672.57,693.78,6350000.0
2015-05-13,699.39,706.0,691.0,698.83,1950000.0
2015-05-14,699.1,707.98,694.0,703.88,1080000.0
2015-05-15,703.4,703.4,694.0,699.29,977040.0
2015-05-18,700.0,726.8,699.0,724.49,1730000.0
2015-05-19,723.0,738.53,716.0,727.2,1930000.0
2015-05-20,727.2,736.4,719.2,721.75,1220000.0
2015-05-21,724.6,729.91,718.0,723.84,1150000.0
2015-05-22,724.02,732.0,719.0,728.53,1030000.0
2015-05-25,726.0,732.76,715.27,717.09,1000000.0
2015-05-26,717.4,721.0,707.6,709.45,1450000.0
2015-05-27,699.06,719.7,699.0,717.33,1200000.0
2015-05-28,717.36,720.0,700.05,705.59,1460000.0
2015-05-29,713.0,714.61,698.0,707.05,3790000.0
2015-06-01,705.6,714.4,704.32,707.69,792220.0
2015-06-02,705.0,706.22,693.0,694.75,861200.0
2015-06-03,693.4,695.0,679.8,685.61,741340.0
2015-06-04,686.62,693.94,679.8,684.4,827580.0
2015-06-05,686.0,694.36,681.0,683.12,762220.0
2015-06-08,685.0,689.6,678.77,681.41,927440.0
2015-06-09,680.0,680.0,662.6,664.38,1080000.0
2015-06-10,664.98,675.93,664.98,673.32,886690.0
2015-06-11,675.6,675.6,659.2,662.55,947190.0
2015-06-12,663.24,667.99,660.77,663.51,778340.0
2015-06-15,665.94,673.16,662.6,664.12,1240000.0
2015-06-16,664.4,667.06,653.31,657.32,1600000.0
2015-06-17,660.0,672.74,660.0,669.44,1810000.0
2015-06-18,674.96,682.74,671.33,675.49,2160000.0
2015-06-19,678.21,685.34,674.88,676.95,1770000.0
2015-06-22,680.2,686.0,680.0,685.18,1040000.0
2015-06-23,687.0,689.76,684.6,688.67,766630.0
2015-06-24,688.67,695.0,684.23,686.91,1370000.0
2015-06-25,685.0,701.87,684.29,697.09,2350000.0
2015-06-26,699.4,708.0,697.9,706.02,1220000.0
2015-06-29,699.8,708.2,685.6,704.23,1130000.0
2015-06-30,699.4,713.0,690.64,711.89,1980000.0
2015-07-01,709.6,721.62,707.08,714.72,1310000.0
2015-07-02,714.4,717.99,707.28,709.54,718390.0
2015-07-03,710.8,719.98,710.0,717.55,704890.0
2015-07-06,709.2,746.55,709.2,743.34,2390000.0
2015-07-07,743.2,750.8,737.69,747.99,1950000.0
2015-07-08,745.72,754.07,741.0,744.17,1690000.0
2015-07-09,742.4,751.78,742.31,746.41,964310.0
2015-07-10,746.96,752.87,742.5,750.1,856360.0
2015-07-13,750.14,758.0,740.2,751.63,965110.0
2015-07-14,759.99,765.67,752.11,754.59,1370000.0
2015-07-15,758.18,763.99,756.01,763.0,966060.0
2015-07-16,762.0,775.8,762.0,773.3,1070000.0
2015-07-17,774.0,777.68,770.3,775.41,1130000.0
2015-07-20,779.0,786.79,773.01,786.05,869360.0
2015-07-21,784.4,784.48,767.1,770.63,746460.0
2015-07-22,770.0,779.61,766.26,769.55,689910.0
2015-07-23,774.79,792.98,774.79,782.68,2700000.0
2015-07-24,785.2,787.8,777.14,781.78,1590000.0
2015-07-27,779.0,782.02,765.35,770.97,1700000.0
2015-07-28,779.38,782.0,747.45,749.82,2590000.0
2015-07-29,753.0,756.9,733.6,742.47,2180000.0
2015-07-30,747.8,786.8,744.2,782.62,6650000.0
2015-07-31,793.4,818.7,791.21,815.22,3520000.0
2015-08-03,818.02,832.73,808.93,828.78,1820000.0
2015-08-04,830.19,838.99,822.72,832.35,2000000.0
2015-08-05,834.62,842.0,828.03,838.36,1440000.0
2015-08-06,844.4,865.3,844.4,853.32,2330000.0
2015-08-07,851.6,855.0,846.0,851.77,1070000.0
2015-08-10,851.4,863.66,848.65,851.94,1460000.0
2015-08-11,856.2,861.4,836.99,844.77,1370000.0
2015-08-12,845.64,857.17,840.8,855.0,1430000.0
2015-08-13,858.8,863.59,849.42,858.35,1170000.0
2015-08-14,862.6,867.59,845.6,851.55,1350000.0
2015-08-17,843.8,845.71,831.87,836.29,1080000.0
2015-08-18,840.9,844.8,831.83,838.27,2100000.0
2015-08-19,846.0,853.75,839.41,846.26,2780000.0
2015-08-20,850.2,865.54,850.2,859.12,3410000.0
2015-08-21,862.59,862.59,842.24,848.81,2080000.0
2015-08-24,830.0,839.71,804.84,808.65,2009999.9999999998
2015-08-25,815.2,830.0,786.4,821.07,2270000.0
2015-08-26,821.0,826.0,794.2,812.24,2200000.0
2015-08-27,824.4,838.8,817.08,826.02,3240000.0
2015-08-28,846.0,847.82,831.75,836.15,1470000.0
2015-08-31,839.92,863.95,836.16,860.53,2320000.0
2015-09-01,860.97,861.89,841.0,849.82,2490000.0
2015-09-02,849.98,856.5,835.46,840.03,1680000.0
2015-09-03,846.99,851.89,839.04,841.84,1050000.0
2015-09-04,840.0,840.0,805.0,810.57,1830000.0
2015-09-07,816.0,819.0,786.0,789.3,1130000.0
2015-09-08,789.42,802.0,770.33,795.51,2080000.0
2015-09-09,812.0,815.39,791.34,808.21,3670000.0
2015-09-10,803.61,803.81,792.0,794.71,3040000.0
2015-09-11,803.6,805.78,793.22,802.84,1980000.0
2015-09-14,804.3,810.0,795.4,808.54,2069999.9999999998
2015-09-15,806.0,806.0,796.15,801.1,1810000.0
2015-09-16,804.99,804.99,797.61,802.08,1730000.0
2015-09-18,807.6,809.0,799.4,801.17,2750000.0
2015-09-21,799.86,799.86,788.2,791.46,1060000.0
2015-09-22,799.99,799.99,780.8,785.94,1330000.0
2015-09-23,781.94,791.43,771.4,786.9,878470.0
2015-09-24,790.0,799.8,787.33,794.05,2600000.0
2015-09-28,798.4,845.38,794.0,838.25,4570000.0
2015-09-29,827.68,829.41,804.0,816.29,2580000.0
2015-09-30,817.6,839.0,816.0,832.47,2750000.0
2015-10-01,842.75,850.0,838.0,846.59,1990000.0
2015-10-05,846.0,846.0,832.85,836.05,1570000.0
2015-10-06,846.4,860.9,844.0,849.3,1680000.0
2015-10-07,849.2,849.2,837.33,839.11,1330000.0
2015-10-08,844.8,848.79,840.2,845.04,1640000.0
2015-10-09,852.2,858.98,847.18,851.57,1330000.0
2015-10-12,844.2,856.72,831.19,837.5,1210000.0
2015-10-13,840.0,850.56,834.54,845.61,1330000.0
2015-10-14,846.0,852.0,836.01,839.37,1100000.0
2015-10-15,840.0,847.92,837.25,841.49,1270000.0
2015-10-16,841.28,855.91,832.05,852.99,1020000.0
2015-10-19,846.02,872.0,842.07,869.52,1680000.0
2015-10-20,874.0,877.32,854.13,863.94,1820000.0
2015-10-21,853.0,853.0,832.6,834.72,4550000.0
2015-10-23,838.0,839.48,828.27,837.68,7300000.0
2015-10-26,850.2,852.2,831.11,840.15,4350000.0
2015-10-27,844.99,845.0,832.5,835.82,4070000.0000000005
2015-10-28,840.0,840.0,816.02,822.73,3230000.0
2015-10-29,822.99,848.0,816.64,844.27,6080000.0
2015-10-30,852.2,873.07,846.0,855.98,5230000.0
2015-11-02,850.6,863.03,846.64,859.26,2240000.0
2015-11-03,862.0,869.0,859.85,867.03,2530000.0
2015-11-04,868.02,875.84,862.0,864.58,1430000.0
2015-11-05,861.02,865.64,847.42,849.88,1510000.0
2015-11-06,851.6,858.4,723.0,726.13,20080000.0
2015-11-09,714.0,715.0,689.19,700.23,8570000.0
2015-11-10,699.6,699.6,660.0,666.14,9470000.0
2015-11-11,656.62,674.6,650.64,672.01,2870000.0
2015-11-13,663.2,681.74,659.6,677.92,8530000.0
2015-11-16,688.0,705.0,682.0,701.84,6530000.0
2015-11-17,692.0,694.21,682.02,688.26,3940000.0
2015-11-18,684.6,686.8,672.0,673.39,3720000.0
2015-11-19,680.0,681.0,627.57,656.22,19030000.0
2015-11-20,663.4,675.43,661.95,670.62,3920000.0
2015-11-23,672.0,684.76,672.0,681.85,2840000.0
2015-11-24,679.8,681.8,670.0,677.54,1610000.0
2015-11-26,630.0,639.98,616.2,620.15,13710000.0
2015-11-27,626.0,627.99,609.41,619.86,6940000.0
2015-11-30,623.0,627.6,620.41,621.56,3860000.0
2015-12-01,626.4,644.89,625.9,642.18,5920000.0
2015-12-02,645.0,653.0,644.0,650.33,4179999.9999999995
2015-12-03,649.4,649.4,640.23,644.73,1960000.0
2015-12-04,638.84,643.26,636.0,639.1,1630000.0
2015-12-07,640.59,641.06,630.47,635.98,1730000.0
2015-12-08,629.76,630.58,608.6,612.64,4390000.0
2015-12-09,593.59,604.8,590.3,599.04,5200000.0
2015-12-10,598.8,607.54,593.33,599.06,3440000.0
2015-12-11,599.19,604.79,590.2,593.8,2430000.0
2015-12-14,593.2,603.4,590.25,602.08,1880000.0
2015-12-15,602.2,608.39,597.26,598.84,1970000.0
2015-12-16,601.38,608.6,599.47,600.9,1600000.0
2015-12-17,607.2,612.79,602.11,603.59,2460000.0
2015-12-18,601.0,601.65,593.96,594.84,2190000.0
2015-12-21,596.7,605.9,592.51,601.89,1830000.0
2015-12-22,604.04,606.4,599.0,600.22,951540.0
2015-12-23,603.0,606.25,602.03,604.92,863570.0
2015-12-24,607.7,609.81,601.0,602.0,1130000.0
2015-12-28,603.0,625.8,603.0,624.14,3760000.0
2015-12-29,620.0,629.43,618.0,620.1,3120000.0
2015-12-30,622.2,634.4,622.2,624.23,3170000.0
2015-12-31,625.8,631.0,619.07,621.72,2730000.0
2016-01-01,623.76,624.6,618.0,621.72,859300.0
2016-01-04,621.0,624.0,608.51,611.2,1670000.0
2016-01-05,613.0,617.08,612.0,614.13,1510000.0
2016-01-06,614.79,618.4,606.96,609.25,1330000.0
2016-01-07,604.2,604.2,594.0,598.36,2420000.0
2016-01-08,596.0,606.4,595.16,602.14,1850000.0
2016-01-11,598.7,598.8,584.48,586.3,2330000.0
2016-01-12,583.2,588.58,578.05,584.65,2360000.0
2016-01-13,587.0,589.86,571.08,578.19,1880000.0
2016-01-14,576.0,585.0,570.8,583.0,1960000.0
2016-01-15,586.24,593.0,584.69,587.18,1710000.0
2016-01-18,585.6,590.14,572.02,574.98,1380000.0
2016-01-19,579.58,589.14,568.33,583.1,1230000.0
2016-01-20,578.6,580.6,571.58,574.02,1980000.0
2016-01-21,578.8,578.8,550.01,551.42,3120000.0
2016-01-22,556.8,582.37,555.81,576.47,1920000.0
2016-01-25,582.0,585.2,576.08,580.65,943140.0
2016-01-27,583.6,596.4,580.0,594.6,2140000.0
2016-01-28,594.72,605.96,593.0,602.24,3050000.0
2016-01-29,599.59,623.99,594.2,621.08,4350000.0
2016-02-01,617.0,627.6,608.25,610.1,2830000.0
2016-02-02,612.0,621.52,608.2,609.7,2049999.9999999998
2016-02-03,607.58,607.58,599.46,601.66,1710000.0
2016-02-04,609.8,609.8,594.0,601.73,1690000.0
2016-02-05,602.82,624.8,598.68,621.82,2200000.0
2016-02-08,619.8,624.8,606.4,614.07,1700000.0
2016-02-09,611.6,623.0,589.6,591.92,5610000.0
2016-02-10,580.0,587.53,565.0,577.01,3200000.0
2016-02-11,580.0,595.51,570.4,577.07,3930000.0
2016-02-12,582.98,586.83,565.06,569.49,2540000.0
2016-02-15,574.46,579.38,562.61,571.81,1900000.0
2016-02-16,572.44,584.7,569.03,571.13,1650000.0
2016-02-17,575.82,597.8,575.82,592.14,3640000.0
2016-02-18,610.0,630.88,604.0,620.72,5660000.0
2016-02-19,621.0,621.0,609.14,611.76,1930000.0
2016-02-22,614.0,623.56,613.48,621.6,1440000.0
2016-02-23,624.0,629.8,613.2,616.18,1730000.0
2016-02-24,614.94,614.94,600.0,602.64,1990000.0
2016-02-25,602.18,604.55,597.0,598.89,2800000.0
2016-02-26,604.0,605.96,591.24,598.81,1220000.0
2016-02-29,596.12,615.2,595.61,607.25,2510000.0
2016-03-01,608.0,609.89,600.0,604.91,1600000.0
2016-03-02,609.98,614.98,601.2,603.05,1840000.0
2016-03-03,612.4,640.2,612.4,637.63,4450000.0
2016-03-04,642.79,656.6,640.0,650.55,2960000.0
2016-03-08,652.0,654.0,637.6,643.91,1500000.0
2016-03-09,644.2,645.22,634.88,643.99,1750000.0
2016-03-10,647.1,647.1,632.0,636.85,1270000.0
2016-03-11,636.0,644.44,635.6,642.17,1540000.0
2016-03-14,642.0,649.4,636.44,646.73,1690000.0
2016-03-15,646.6,646.6,621.8,626.67,1070000.0
2016-03-16,622.2,632.74,613.25,630.86,1460000.0
2016-03-17,632.88,633.02,621.07,625.1,1480000.0
2016-03-18,621.6,635.6,617.28,634.26,1900000.0
2016-03-21,631.4,639.8,625.31,636.45,1620000.0
2016-03-22,636.0,639.98,609.0,611.59,5180000.0
2016-03-23,612.0,615.75,606.2,609.58,2020000.0
2016-03-28,607.6,614.91,602.82,607.13,1900000.0
2016-03-29,606.0,606.0,577.43,588.26,2530000.0
2016-03-30,594.22,605.26,585.09,603.13,1810000.0
2016-03-31,604.4,612.6,600.7,607.04,3310000.0
2016-04-01,604.04,605.23,593.03,595.99,1590000.0
2016-04-04,601.6,608.86,599.4,602.35,1530000.0
2016-04-05,601.0,608.0,598.42,599.98,1420000.0
2016-04-06,601.8,608.0,594.02,600.29,1150000.0
2016-04-07,601.0,615.0,601.0,607.15,1790000.0
2016-04-08,610.0,617.89,606.06,607.83,1100000.0
2016-04-11,605.83,607.0,599.0,605.85,1140000.0
2016-04-12,610.0,619.6,610.0,616.55,1440000.0
2016-04-13,620.0,624.54,617.01,619.9,1820000.0
2016-04-18,620.8,621.8,604.38,618.21,2260000.0
2016-04-20,623.2,626.0,619.87,621.75,1780000.0
2016-04-21,623.8,627.98,621.75,626.24,1540000.0
2016-04-22,623.58,632.0,623.58,628.39,1210000.0
2016-04-25,631.69,633.78,619.51,623.23,902240.0
2016-04-26,623.4,626.97,620.1,624.05,886920.0
2016-04-27,619.96,627.0,617.2,626.15,966450.0
2016-04-28,625.98,628.8,614.32,616.67,1640000.0
2016-04-29,620.0,621.6,613.4,617.74,1940000.0
2016-05-02,616.19,616.19,601.0,602.36,1070000.0
2016-05-03,601.8,605.6,590.3,591.87,1740000.0
2016-05-04,589.8,591.8,584.0,586.66,1170000.0
2016-05-05,587.8,590.4,582.2,585.91,1010000.0
2016-05-06,583.99,583.99,571.99,573.26,1220000.0
2016-05-09,570.2,573.97,564.4,568.01,1970000.0
2016-05-10,572.8,592.4,570.05,584.89,2240000.0
2016-05-11,582.72,582.72,571.01,573.74,1820000.0
2016-05-12,574.2,597.6,568.81,594.29,8660000.0
2016-05-13,579.98,588.74,576.94,583.44,3380000.0
2016-05-16,585.36,605.6,585.36,600.48,3630000.0
2016-05-17,602.59,607.4,601.82,603.55,1540000.0
2016-05-18,603.1,609.0,600.0,605.06,1260000.0
2016-05-19,609.9,609.9,603.0,605.12,1810000.0
2016-05-20,608.0,609.0,604.4,606.76,1140000.0
2016-05-23,604.0,609.46,603.81,605.96,1200000.0
2016-05-24,605.0,608.0,603.02,605.03,884960.0
2016-05-25,604.0,615.0,604.0,610.31,1050000.0
2016-05-26,612.48,622.0,612.01,618.14,1410000.0
2016-05-27,616.8,627.6,615.03,623.21,908980.0
2016-05-30,622.4,635.27,622.4,634.05,1380000.0
2016-05-31,634.71,639.74,632.0,636.62,2780000.0
2016-06-01,638.0,643.98,634.42,636.63,971200.0
2016-06-02,634.4,639.75,633.34,635.41,1190000.0
2016-06-03,637.4,639.39,628.46,632.02,1690000.0
2016-06-06,631.28,633.8,625.26,630.24,1990000.0
2016-06-07,628.03,636.6,626.4,631.19,3000000.0
2016-06-08,629.8,633.16,627.0,627.59,1180000.0
2016-06-09,619.74,619.8,612.45,614.19,2850000.0
2016-06-10,611.05,618.61,610.0,613.16,1480000.0
2016-06-13,613.8,620.45,613.6,617.65,1980000.0
2016-06-14,617.6,621.84,616.0,619.46,1350000.0
2016-06-15,619.0,619.0,615.48,617.35,1090000.0
2016-06-16,617.35,617.8,606.4,609.65,5410000.0
2016-06-17,616.2,618.98,599.96,600.59,5330000.0
2016-06-20,601.2,612.8,601.2,611.39,712150.0
2016-06-21,615.8,618.8,607.6,609.81,662360.0
2016-06-22,613.8,626.8,612.97,621.02,1530000.0
2016-06-23,621.67,635.79,621.67,634.31,1080000.0
2016-06-24,622.0,633.39,617.0,630.65,1490000.0
2016-06-27,626.4,653.6,626.4,649.32,2080000.0
2016-06-28,648.0,657.0,647.03,654.61,2009999.9999999998
2016-06-29,659.8,664.39,651.86,654.94,2120000.0
2016-06-30,665.64,678.62,663.2,676.34,3060000.0
2016-07-01,686.0,701.15,686.0,696.82,2750000.0
2016-07-04,711.12,711.69,683.66,687.0,1700000.0
2016-07-05,688.0,696.01,686.0,690.11,1580000.0
2016-07-07,693.98,709.2,693.6,704.96,3010000.0
2016-07-08,707.41,714.4,699.0,712.25,1070000.0
2016-07-11,716.4,727.8,714.72,725.29,1340000.0
2016-07-12,725.4,726.38,713.21,719.27,1410000.0
2016-07-13,721.0,725.34,711.0,723.12,931630.0
2016-07-14,718.74,720.43,712.0,716.64,1090000.0
2016-07-15,716.2,722.76,712.75,717.6,1370000.0
2016-07-18,717.25,722.0,708.8,713.55,1140000.0
2016-07-19,713.4,720.6,712.61,717.18,914720.0
2016-07-20,718.8,737.97,718.0,735.33,1510000.0
2016-07-21,732.8,732.8,719.08,723.4,1210000.0
2016-07-22,722.76,728.34,715.81,719.97,1590000.0
2016-07-25,714.0,715.83,693.0,696.47,2810000.0
2016-07-26,697.6,703.59,658.02,663.93,7680000.0
2016-07-27,604.02,613.88,591.65,596.04,23590000.0
2016-07-28,597.8,603.76,590.58,591.95,5720000.0
2016-07-29,593.2,595.4,585.02,587.07,3450000.0
2016-08-01,590.6,600.59,589.62,596.1,3110000.0
2016-08-02,597.8,599.8,593.0,595.47,2049999.9999999998
2016-08-03,594.9,595.4,586.0,587.83,1740000.0
2016-08-04,591.72,596.36,586.22,592.49,1500000.0
2016-08-05,596.49,603.0,594.15,601.74,1490000.0
2016-08-08,605.96,608.95,601.8,607.24,2020000.0
2016-08-09,608.0,611.66,604.21,607.66,1210000.0
2016-08-10,606.4,606.4,597.6,599.93,1250000.0
2016-08-11,598.99,604.73,594.66,602.17,1140000.0
2016-08-12,601.54,604.4,596.8,602.23,1210000.0
2016-08-16,601.8,603.59,596.4,601.37,1520000.0
2016-08-17,596.42,603.98,596.42,600.93,1760000.0
2016-08-18,606.0,608.6,603.13,605.44,1320000.0
2016-08-19,606.0,607.17,600.6,602.03,869430.0
2016-08-22,603.6,604.95,596.6,602.6,866900.0
2016-08-23,604.6,604.77,599.0,601.84,1090000.0
2016-08-24,605.0,608.8,601.44,607.96,1270000.0
2016-08-25,610.2,615.6,608.2,610.06,2320000.0
2016-08-26,612.0,614.21,605.0,608.08,1170000.0
2016-08-29,611.0,611.8,603.5,610.43,729320.0
2016-08-30,612.8,620.0,608.2,618.15,1080000.0
2016-08-31,619.5,626.03,615.96,617.97,2390000.0
2016-09-01,614.01,621.78,613.26,619.53,1360000.0
2016-09-02,619.42,627.8,616.42,624.61,981150.0
2016-09-06,626.2,629.0,623.1,626.61,662730.0
2016-09-07,627.2,631.53,623.13,627.77,762930.0
2016-09-08,630.63,639.6,628.4,637.69,1000000.0
2016-09-09,634.5,645.0,634.12,638.66,997660.0
2016-09-12,630.6,637.0,626.4,627.52,837340.0
2016-09-14,629.99,634.0,627.0,631.56,702670.0
2016-09-15,632.78,635.96,626.41,627.89,559070.0
2016-09-16,628.2,635.63,627.0,630.03,1040000.0
2016-09-19,633.4,634.98,628.2,631.47,664430.0
2016-09-20,634.0,640.0,630.07,631.56,1410000.0
2016-09-21,632.4,635.8,627.0,630.6,1250000.0
2016-09-22,630.4,635.1,628.43,629.86,1440000.0
2016-09-23,633.8,637.39,630.08,636.44,775590.0
2016-09-26,636.8,644.0,632.21,639.93,1160000.0
2016-09-27,639.0,644.0,636.0,638.14,873540.0
2016-09-28,639.84,645.54,637.53,640.07,1190000.0
2016-09-29,640.0,641.96,622.23,627.08,2160000.0
2016-09-30,625.6,625.8,611.66,621.48,1190000.0
2016-10-03,622.92,637.0,622.92,632.11,1080000.0
2016-10-04,635.8,635.8,628.48,629.67,792700.0
2016-10-05,629.6,629.98,621.0,624.63,904880.0
2016-10-06,623.0,623.97,612.0,615.43,802650.0
2016-10-07,614.0,616.4,609.0,610.86,902590.0
2016-10-10,610.8,619.76,607.8,615.73,1590000.0
2016-10-13,614.16,616.95,605.52,610.03,1940000.0
2016-10-14,612.59,612.59,604.32,606.25,2060000.0
2016-10-17,606.0,611.17,602.4,605.79,1000000.0
2016-10-18,607.0,610.8,604.2,609.07,776260.0
2016-10-19,609.2,614.8,609.2,613.1,1070000.0
2016-10-20,615.02,618.0,611.12,615.76,504830.0
2016-10-21,619.8,628.6,617.72,622.72,1570000.0
2016-10-24,624.0,626.45,614.42,617.85,1370000.0
2016-10-25,621.78,641.8,613.7,640.12,5560000.0
2016-10-26,641.2,650.98,630.63,648.46,2460000.0
2016-10-27,652.0,666.59,648.44,664.96,3450000.0
2016-10-28,664.0,679.98,663.34,672.69,2750000.0
2016-10-30,672.56,674.55,661.86,664.96,180090.0
2016-11-01,665.6,672.35,660.59,665.32,1560000.0
2016-11-02,662.2,668.0,650.0,652.16,2000000.0
2016-11-03,654.0,658.0,651.01,652.47,804100.0
2016-11-04,633.6,633.6,613.36,615.94,3160000.0
2016-11-07,624.8,630.99,616.21,621.33,1150000.0
2016-11-08,622.2,629.4,619.8,623.8,1520000.0
2016-11-09,600.2,668.2,592.01,656.51,3320000.0
2016-11-10,662.0,666.67,653.01,655.65,1570000.0
2016-11-11,645.6,660.17,645.6,651.25,1670000.0
2016-11-15,651.3,666.0,651.3,662.14,1600000.0
2016-11-16,667.0,670.99,639.0,642.19,1680000.0
2016-11-17,636.5,645.0,631.22,641.43,1160000.0
2016-11-18,648.8,651.6,628.42,642.97,1090000.0
2016-11-21,638.82,638.94,622.21,626.88,1220000.0
2016-11-22,627.0,630.55,615.07,624.33,1070000.0
2016-11-23,620.0,629.2,619.01,625.72,1550000.0
2016-11-24,627.0,629.71,617.0,622.34,1480000.0
2016-11-25,624.8,640.73,615.2,633.69,1520000.0
2016-11-28,634.1,638.1,632.2,634.58,1020000.0
2016-11-29,634.77,640.56,632.0,637.65,1210000.0
2016-11-30,641.0,643.59,635.68,639.38,3020000.0
2016-12-01,641.0,649.45,639.15,647.75,1060000.0
2016-12-02,636.8,641.16,630.36,636.1,1710000.0
2016-12-05,639.5,639.5,623.71,633.63,2029999.9999999998
2016-12-06,636.2,642.39,635.97,639.18,575140.0
2016-12-07,637.0,641.8,634.11,636.76,767300.0
2016-12-08,632.0,648.31,628.6,642.34,1310000.0
2016-12-09,643.4,643.4,633.02,637.28,582290.0
2016-12-12,637.8,637.8,627.73,629.58,556610.0
2016-12-13,631.8,636.0,628.88,633.37,398070.0
2016-12-14,632.8,633.45,627.99,629.54,448350.0
2016-12-15,630.4,631.96,620.34,621.5,612960.0
2016-12-16,623.4,626.6,620.29,621.56,800170.0
2016-12-19,622.0,623.0,611.02,613.77,1090000.0
2016-12-20,615.06,617.6,607.24,609.3,1250000.0
2016-12-21,610.4,613.4,604.04,607.37,1170000.0
2016-12-22,604.67,608.0,600.2,602.47,1260000.0
2016-12-23,600.22,608.14,596.02,599.71,716300.0
2016-12-26,598.0,605.6,595.82,597.2,533080.0
2016-12-27,597.6,608.0,596.6,606.99,677990.0
2016-12-28,607.64,622.35,607.55,613.91,736640.0
2016-12-29,613.91,616.39,608.32,613.25,953800.0
2016-12-30,615.0,615.0,609.42,612.08,885250.0
2017-01-02,613.2,623.4,613.2,616.68,477630.0
2017-01-03,619.0,622.99,613.15,614.48,554600.0
2017-01-04,619.25,622.66,615.01,618.26,1180000.0
2017-01-05,617.73,629.0,615.2,627.25,1220000.0
2017-01-06,629.76,640.77,629.14,631.83,1770000.0
2017-01-09,630.8,630.8,610.37,612.04,1400000.0
2017-01-10,614.17,614.8,607.03,608.37,1230000.0
2017-01-11,611.01,612.0,604.39,608.49,1390000.0
2017-01-12,595.4,603.82,588.6,601.7,2170000.0
2017-01-13,598.4,600.8,595.0,595.95,987580.0
2017-01-16,599.8,601.4,593.07,597.06,1010000.0
2017-01-17,597.61,600.0,594.15,595.31,588430.0
2017-01-18,595.32,596.44,588.4,589.61,2160000.0
2017-01-19,591.6,594.95,586.69,588.05,1410000.0
2017-01-20,588.0,591.94,584.0,589.48,1200000.0
2017-01-23,587.8,591.99,580.8,584.73,1200000.0
2017-01-24,588.05,595.96,586.35,594.67,996480.0
2017-01-25,595.0,601.8,591.13,599.26,1640000.0
2017-01-27,594.0,602.31,592.0,598.91,960560.0
2017-01-30,598.0,608.78,596.81,603.41,963170.0
2017-01-31,604.8,608.4,602.44,603.76,723160.0
2017-02-01,604.22,606.59,588.82,600.24,1330000.0
2017-02-02,600.62,627.9,596.41,619.41,2520000.0
2017-02-03,622.0,631.8,616.59,628.91,1380000.0
2017-02-06,634.0,635.4,609.18,619.36,2480000.0
2017-02-07,619.0,622.0,609.4,613.02,966590.0
2017-02-08,613.59,613.59,600.2,603.09,1910000.0
2017-02-09,604.4,605.88,600.6,604.62,943990.0
2017-02-10,604.98,606.87,594.0,595.21,1580000.0
2017-02-13,596.19,597.65,591.09,593.39,752780.0
2017-02-14,594.36,594.36,587.0,588.29,1400000.0
2017-02-15,588.0,588.79,581.24,582.27,955500.0
2017-02-16,582.82,588.5,559.79,584.64,6840000.0
2017-02-17,585.2,590.75,580.0,582.54,4490000.0
2017-02-20,584.48,585.01,578.0,579.75,2800000.0
2017-02-21,579.6,587.02,577.02,578.81,7620000.0
2017-02-22,580.4,585.4,578.85,580.64,4280000.0
2017-02-23,584.8,584.8,575.0,577.48,3740000.0
2017-02-27,576.94,577.37,569.34,571.4,3570000.0
2017-02-28,574.05,574.6,569.0,569.99,2710000.0
2017-03-01,571.0,589.76,570.02,584.66,4490000.0
2017-03-02,581.98,581.98,572.48,574.1,2130000.0
2017-03-03,576.31,578.76,572.72,574.22,1460000.0
2017-03-06,576.8,576.8,570.2,571.77,1060000.0
2017-03-07,573.8,576.64,570.0,570.46,1050000.0
2017-03-08,569.8,574.55,564.6,569.36,1830000.0
2017-03-09,554.0,556.6,540.0,540.97,10980000.0
2017-03-10,541.78,546.58,540.2,543.17,2740000.0
2017-03-14,549.34,550.97,543.34,548.2,2490000.0
2017-03-15,544.8,551.2,544.8,547.92,1390000.0
2017-03-16,550.0,553.0,549.01,550.34,1560000.0
2017-03-17,550.6,550.6,544.8,547.25,1820000.0
2017-03-20,548.4,549.2,546.0,546.87,2009999.9999999998
2017-03-21,546.0,546.0,520.0,524.65,7270000.0
2017-03-22,514.14,531.98,511.04,525.93,4430000.0
2017-03-23,525.0,529.54,524.0,526.24,1580000.0
2017-03-24,526.16,529.0,523.27,525.67,1730000.0
2017-03-27,523.4,529.56,523.0,526.39,1780000.0
2017-03-28,528.0,529.81,525.25,527.55,757690.0
2017-03-29,527.97,528.66,525.0,526.73,1640000.0
2017-03-30,526.02,529.21,521.22,522.65,3600000.0
2017-03-31,522.8,529.0,522.8,526.47,1480000.0
2017-04-03,528.96,550.8,525.42,548.89,3440000.0
2017-04-05,549.0,554.0,534.6,548.27,5170000.0
2017-04-06,548.16,549.64,541.57,543.62,1450000.0
2017-04-07,542.6,542.6,530.8,532.27,1610000.0
2017-04-10,531.0,534.15,526.49,527.17,952460.0
2017-04-11,530.2,530.6,524.79,525.62,701150.0
2017-04-12,526.6,530.38,523.06,528.97,1230000.0
2017-04-13,531.0,533.2,527.41,528.19,797180.0
2017-04-17,544.0,544.7,530.31,532.25,2340000.0
2017-04-18,534.98,536.6,524.8,525.69,1060000.0
2017-04-19,526.0,527.2,520.5,521.48,1010000.0
2017-04-20,523.6,526.0,521.11,522.5,739170.0
2017-04-21,526.0,527.0,521.4,521.93,550770.0
2017-04-24,523.93,525.35,518.01,522.56,694280.0
2017-04-25,525.6,530.32,523.43,529.19,1380000.0
2017-04-26,528.2,530.07,521.22,522.13,1620000.0
2017-04-27,522.28,525.0,517.45,519.31,2009999.9999999998
2017-04-28,522.05,522.57,516.71,519.83,681870.0
2017-05-02,515.6,523.35,513.2,516.53,1120000.0
2017-05-03,519.6,520.96,514.4,519.12,641200.0
2017-05-04,519.4,523.98,517.73,521.2,606550.0
2017-05-05,520.8,525.0,518.8,520.6,684190.0
2017-05-08,518.3,522.19,517.72,520.1,551390.0
2017-05-09,520.6,520.8,514.8,516.23,511770.0
2017-05-10,518.4,524.58,515.82,520.57,1830000.0
2017-05-11,523.97,523.97,515.0,518.8,1070000.0
2017-05-12,520.6,523.0,504.39,516.16,6150000.0
2017-05-15,520.0,539.8,518.4,535.16,4730000.0
2017-05-16,538.16,546.8,538.16,544.82,2200000.0
2017-05-17,544.0,552.0,537.31,547.38,2049999.9999999998
2017-05-18,539.0,543.97,534.44,535.79,1410000.0
2017-05-19,538.99,538.99,527.4,531.29,1300000.0
2017-05-22,536.0,536.39,520.42,521.74,772310.0
2017-05-23,523.76,523.76,508.56,515.89,1420000.0
2017-05-24,514.6,514.6,502.0,503.36,1830000.0
2017-05-25,501.48,501.67,479.6,485.54,4040000.0
2017-05-26,500.0,501.99,480.76,482.88,3610000.0
2017-05-29,486.02,493.0,476.07,485.17,2720000.0
2017-05-30,483.99,500.0,483.23,496.27,2190000.0
2017-05-31,498.0,508.8,492.8,504.77,3930000.0
2017-06-01,508.0,513.55,502.78,504.56,1620000.0
2017-06-02,507.04,514.96,505.03,510.9,1470000.0
2017-06-05,508.63,513.6,504.02,507.17,1120000.0
2017-06-06,506.99,513.1,503.2,509.86,860560.0
2017-06-07,507.6,512.9,503.21,508.13,1240000.0
2017-06-08,509.1,533.25,509.1,527.25,4230000.0
2017-06-09,530.0,530.0,520.4,525.76,1030000.0
2017-06-12,525.26,531.39,523.41,526.05,692150.0
2017-06-13,526.64,529.1,522.41,525.34,679580.0
2017-06-14,533.6,539.8,529.08,533.86,3740000.0
2017-06-15,532.54,544.19,531.0,540.1,3470000.0
2017-06-16,542.84,543.63,526.2,536.52,1850000.0
2017-06-19,534.4,534.4,528.11,531.49,2210000.0
2017-06-20,532.07,539.0,530.72,535.21,982640.0
2017-06-21,535.0,539.0,531.15,537.41,896080.0
2017-06-22,538.02,539.98,523.71,527.12,858940.0
2017-06-23,527.22,531.88,522.96,528.74,1160000.0
2017-06-27,526.05,534.0,526.05,530.62,1330000.0
2017-06-28,526.2,532.94,525.03,530.35,959840.0
2017-06-29,530.24,533.39,528.01,530.3,907940.0
2017-06-30,530.0,542.2,529.0,538.02,1640000.0
2017-07-03,540.0,541.22,533.0,536.51,723230.0
2017-07-04,533.62,535.22,522.06,524.74,1320000.0
2017-07-05,524.3,533.8,524.3,532.99,906630.0
2017-07-06,532.99,535.8,528.42,533.58,624680.0
2017-07-07,533.96,545.9,533.45,541.08,1420000.0
2017-07-10,546.66,549.1,540.0,545.24,201970.0
2017-07-11,546.0,546.48,536.6,538.25,804630.0
2017-07-12,538.77,544.29,533.73,538.02,1070000.0
2017-07-13,538.65,543.95,536.6,538.8,685920.0
2017-07-14,539.83,545.0,537.28,540.6,976430.0
2017-07-17,539.48,540.74,536.46,539.45,1010000.0
2017-07-18,538.0,548.66,537.51,543.79,1510000.0
2017-07-19,544.6,556.96,544.07,554.8,1820000.0
2017-07-20,554.99,555.68,548.46,550.02,939450.0
2017-07-21,547.6,556.0,545.4,552.51,1410000.0
2017-07-24,557.0,557.4,537.78,539.29,2590000.0
2017-07-25,539.29,542.67,536.0,538.43,1870000.0
2017-07-26,541.6,543.31,536.18,541.47,873330.0
2017-07-27,542.0,544.6,517.4,524.07,9110000.0
2017-07-28,499.9,501.31,490.22,492.99,7740000.0
2017-07-31,487.6,489.62,475.0,476.64,7630000.0
2017-08-01,475.8,491.6,473.96,486.31,5170000.0
2017-08-02,487.02,487.98,474.48,475.71,2850000.0
2017-08-03,477.6,479.4,462.87,464.79,3890000.0
2017-08-04,463.0,463.01,446.02,447.91,6130000.0
2017-08-07,448.0,451.4,440.0,441.39,3680000.0
2017-08-08,441.16,441.39,416.97,419.13,6800000.0
2017-08-09,418.18,421.0,406.5,409.67,5620000.0
2017-08-10,408.4,419.8,386.82,388.89,7700000.0
2017-08-11,385.01,405.99,380.23,402.23,9290000.0
2017-08-14,400.0,407.98,394.02,400.41,4220000.0
2017-08-16,399.0,403.56,394.01,401.05,3310000.0
2017-08-17,402.0,406.38,398.49,402.25,2700000.0
2017-08-18,399.6,401.51,394.26,396.4,1750000.0
2017-08-21,398.0,400.2,384.22,386.22,2089999.9999999998
2017-08-22,389.0,402.8,387.0,396.83,3860000.0
2017-08-23,398.2,410.69,398.2,406.19,4050000.0
2017-08-24,405.6,420.0,402.11,417.63,5620000.0
2017-08-28,416.8,417.95,405.42,409.88,4220000.0
2017-08-29,409.8,413.5,406.4,408.41,3040000.0
2017-08-30,409.4,414.88,406.28,407.78,2009999.9999999998
2017-08-31,408.8,410.34,401.2,404.18,4190000.0000000005
2017-09-01,423.0,446.6,423.0,443.51,18070000.0
2017-09-04,446.8,447.28,434.65,439.02,4740000.0
2017-09-05,439.66,443.67,436.38,441.83,2570000.0
2017-09-06,437.07,441.6,435.15,439.38,2640000.0
2017-09-07,440.8,447.0,440.2,444.99,2460000.0
2017-09-08,445.8,445.8,413.23,432.5,8600000.0
2017-09-11,433.8,439.6,430.8,431.9,2230000.0
2017-09-12,433.0,439.48,427.08,433.15,2590000.0
2017-09-13,437.4,445.6,433.83,443.47,3780000.0
2017-09-14,446.8,452.99,446.0,450.67,3070000.0
2017-09-15,445.04,449.0,440.22,442.24,3360000.0
2017-09-18,440.8,451.71,435.12,448.41,3650000.0
2017-09-19,446.4,453.0,440.0,448.31,2830000.0
2017-09-20,450.0,465.8,448.0,462.94,6670000.0
2017-09-21,469.25,500.0,469.25,497.31,20290000.0
2017-09-22,498.8,505.35,489.31,491.55,9960000.0
2017-09-25,492.8,495.0,481.0,483.45,4560000.0
2017-09-26,482.8,483.0,464.53,474.15,7120000.0
2017-09-27,472.0,476.8,456.22,460.94,4680000.0
2017-09-28,460.0,483.0,454.44,475.08,14080000.0
2017-09-29,475.08,478.14,464.02,465.75,5670000.0
2017-10-03,483.0,483.0,464.09,467.11,4890000.0
2017-10-04,468.4,479.68,463.91,477.52,5940000.0
2017-10-05,478.4,485.68,475.2,477.83,3800000.0
2017-10-06,479.0,481.98,473.6,475.17,2670000.0
2017-10-09,476.0,486.6,475.85,481.79,3170000.0
2017-10-10,483.94,486.25,480.32,482.27,1580000.0
2017-10-11,481.98,484.01,470.28,474.43,2250000.0
2017-10-12,479.4,479.4,471.7,475.97,2080000.0
2017-10-13,474.6,475.92,470.0,470.89,1710000.0
2017-10-16,471.2,482.2,471.2,480.7,1930000.0
2017-10-17,479.4,479.4,475.1,476.27,1540000.0
2017-10-18,477.34,480.8,475.2,477.08,1670000.0
2017-10-19,477.0,477.4,472.41,474.61,236520.0
2017-10-23,478.02,483.0,470.4,473.24,1820000.0
2017-10-24,474.6,476.46,471.2,472.73,973370.0
2017-10-25,473.2,479.02,468.04,469.77,1480000.0
2017-10-26,469.88,471.59,463.0,468.87,2250000.0
2017-10-27,470.94,482.0,467.96,478.99,2170000.0
2017-10-30,479.2,493.0,473.41,487.7,4160000.0
2017-10-31,484.0,500.8,478.0,485.63,9790000.0
2017-11-01,482.4,483.73,469.6,470.84,5880000.0
2017-11-02,470.84,488.0,470.84,482.28,6200000.0
2017-11-03,486.94,489.96,478.59,483.82,2880000.0
2017-11-06,482.8,483.82,476.13,478.45,1420000.0
2017-11-07,480.44,483.0,467.5,475.6,2590000.0
2017-11-08,476.04,484.0,468.0,469.32,2160000.0
2017-11-09,473.72,476.82,468.04,474.02,1730000.0
2017-11-10,473.96,475.98,468.0,469.57,1050000.0
2017-11-13,470.94,475.0,466.01,468.82,1500000.0
2017-11-14,469.74,469.99,462.01,464.06,1400000.0
2017-11-15,464.88,467.4,458.6,462.03,1120000.0
2017-11-16,464.42,468.42,463.0,466.71,1410000.0
2017-11-17,466.71,471.39,460.6,464.52,1370000.0
2017-11-20,467.4,467.4,452.03,454.89,1370000.0
2017-11-21,455.04,498.8,455.04,478.83,11960000.0
2017-11-22,473.0,476.99,467.21,472.13,2680000.0
2017-11-23,472.21,473.4,460.0,461.25,3430000.0
2017-11-24,462.0,464.58,457.37,459.01,1730000.0
2017-11-27,459.2,461.16,456.11,458.96,1230000.0
2017-11-28,458.0,460.8,453.6,458.18,1540000.0
2017-11-29,458.8,463.98,454.0,455.36,2880000.0
2017-11-30,452.2,462.43,452.2,456.81,7260000.0
2017-12-01,456.0,457.2,444.5,446.78,2650000.0
2017-12-04,455.0,455.0,445.81,448.48,1480000.0
2017-12-05,449.4,449.4,440.42,441.87,1430000.0
2017-12-06,441.6,444.75,438.88,440.04,1300000.0
2017-12-07,441.6,443.0,437.6,439.27,1170000.0
2017-12-08,441.22,441.6,435.87,437.09,1920000.0
2017-12-11,439.74,442.78,434.2,438.58,1890000.0
2017-12-12,464.9,465.28,446.76,451.27,7410000.0
2017-12-13,452.0,457.47,450.61,452.14,2009999.9999999998
2017-12-14,457.62,463.94,455.0,462.13,4179999.9999999995
2017-12-15,465.0,476.0,463.29,474.3,3720000.0
2017-12-18,473.0,485.6,466.59,479.0,2640000.0
2017-12-19,480.9,484.32,478.24,479.9,2240000.0
2017-12-20,479.0,479.0,470.08,471.2,1460000.0
2017-12-21,473.0,474.94,468.2,470.35,1250000.0
2017-12-22,472.0,472.6,466.0,466.54,1250000.0
2017-12-26,466.99,473.4,465.8,472.06,2049999.9999999998
2017-12-27,472.6,484.81,472.4,480.06,3470000.0
2017-12-28,481.98,489.68,480.25,486.0,3820000.0
2017-12-29,485.99,489.19,480.63,482.84,1660000.0
2018-01-01,482.0,487.2,478.81,480.83,1210000.0
2018-01-02,485.4,487.8,479.12,481.84,1260000.0
2018-01-03,477.3,477.3,458.42,467.8,4430000.0
2018-01-04,468.6,484.0,468.6,482.16,2790000.0
2018-01-05,485.8,495.8,478.98,494.68,3200000.0
2018-01-08,494.0,502.4,494.0,495.32,2930000.0
2018-01-09,494.9,495.15,490.0,491.56,1220000.0
2018-01-10,491.99,494.4,484.0,485.16,1720000.0
2018-01-11,485.4,490.2,483.6,485.07,925800.0
2018-01-12,486.6,490.77,482.73,489.53,1780000.0
2018-01-15,489.4,492.25,485.01,486.35,784110.0
2018-01-16,487.2,496.8,486.35,493.74,1860000.0
2018-01-17,493.4,501.2,492.57,498.37,1910000.0
2018-01-18,500.0,506.8,490.03,492.3,2920000.0
2018-01-19,493.4,501.0,490.4,498.07,1200000.0
2018-01-22,488.0,503.8,488.0,499.31,3460000.0
2018-01-23,502.0,509.99,500.2,504.08,3650000.0
2018-01-24,504.6,523.0,504.6,511.88,5630000.0
2018-01-25,510.8,519.42,490.64,501.55,13260000.0
2018-01-29,489.79,490.4,468.4,471.42,5770000.0
2018-01-30,471.2,471.2,457.04,461.23,4290000.0
2018-01-31,458.6,461.23,440.71,445.07,5720000.0
2018-02-01,445.0,445.0,430.62,431.59,4840000.0
2018-02-02,430.0,442.21,422.01,424.71,4800000.0
2018-02-05,422.04,427.8,417.73,423.3,3020000.0
2018-02-06,410.0,424.8,401.11,419.14,3820000.0
2018-02-07,425.03,429.4,419.25,422.28,1990000.0
2018-02-08,425.0,439.2,425.0,436.09,4450000.0
2018-02-09,430.0,441.6,426.72,438.76,2400000.0
2018-02-12,438.94,445.95,435.8,440.85,2410000.0
2018-02-14,442.0,445.2,435.12,436.66,1550000.0
2018-02-15,440.8,443.8,435.46,439.16,1730000.0
2018-02-16,441.4,448.0,441.4,442.71,2290000.0
2018-02-19,444.6,446.79,421.01,430.4,2810000.0
2018-02-20,431.0,439.3,428.84,432.73,3350000.0
2018-02-21,436.04,440.4,428.15,433.18,2490000.0
2018-02-22,433.4,434.52,417.31,424.69,8330000.0
2018-02-23,428.48,437.0,427.01,433.41,3720000.0
2018-02-26,424.0,441.44,418.0,438.76,5920000.0
2018-02-27,440.04,448.31,439.66,447.2,3380000.0
2018-02-28,444.61,453.39,443.64,447.45,4960000.0
2018-03-01,440.01,447.95,438.71,446.3,2150000.0
2018-03-05,445.96,447.98,435.16,436.16,2990000.0
2018-03-06,440.29,444.76,433.37,435.29,2080000.0
2018-03-07,435.3,440.86,428.6,429.92,2460000.0
2018-03-08,434.58,436.4,425.62,428.68,2380000.0
2018-03-09,432.8,436.56,419.0,425.98,2350000.0
2018-03-12,432.0,432.74,424.4,429.68,2650000.0
2018-03-13,428.4,438.83,428.25,436.3,2600000.0
2018-03-14,437.0,439.2,433.36,436.29,1330000.0
2018-03-15,436.49,443.68,435.4,436.55,1680000.0
2018-03-16,436.0,441.8,423.66,428.43,2970000.0
2018-03-19,431.0,434.0,422.43,423.97,1460000.0
2018-03-20,422.99,432.58,420.39,431.43,1940000.0
2018-03-21,433.76,435.97,426.08,428.34,1850000.0
2018-03-22,427.8,430.15,419.42,421.66,2049999.9999999998
2018-03-23,418.2,420.38,412.04,414.46,2370000.0
2018-03-26,414.4,421.95,410.06,420.8,2500000.0
2018-03-27,419.2,423.8,418.0,420.49,1620000.0
2018-03-28,420.6,422.72,414.32,416.11,3330000.0
2018-04-02,416.0,427.6,416.0,426.42,1230000.0
2018-04-03,422.2,429.97,422.2,424.98,1400000.0
2018-04-04,424.8,425.05,415.99,418.28,1770000.0
2018-04-05,423.0,427.12,419.4,422.22,1880000.0
2018-04-06,422.4,426.72,421.01,424.96,1320000.0
2018-04-09,424.0,427.08,421.8,424.25,1120000.0
2018-04-10,424.6,427.0,416.55,422.42,2580000.0
2018-04-11,426.0,426.61,418.0,420.14,1530000.0
2018-04-12,415.6,415.6,410.86,412.1,3400000.0
2018-04-13,414.46,419.2,413.56,417.99,2210000.0
2018-04-16,416.24,422.0,415.0,420.49,1450000.0
2018-04-17,421.0,423.43,417.6,421.11,1470000.0
2018-04-18,422.94,423.45,418.21,420.33,1140000.0
2018-04-19,422.2,428.0,421.4,427.26,1610000.0
2018-04-20,426.0,429.19,421.21,424.38,1340000.0
2018-04-23,424.68,428.4,419.0,427.11,2730000.0
2018-04-24,426.38,436.0,425.41,430.03,4430000.0
2018-04-25,430.29,431.19,422.6,423.6,1440000.0
2018-04-26,425.6,429.44,412.82,415.37,6780000.0
2018-04-27,419.6,422.44,416.4,419.55,1600000.0
2018-04-30,422.16,425.38,419.61,421.97,1110000.0
2018-05-02,423.28,425.56,420.41,423.64,991150.0
2018-05-03,424.44,425.22,417.53,424.22,900380.0
2018-05-04,426.0,429.0,419.58,421.32,1820000.0
2018-05-07,422.0,422.15,411.0,413.9,1720000.0
2018-05-08,418.0,418.81,413.0,414.99,1250000.0
2018-05-09,415.17,417.0,411.7,412.87,1270000.0
2018-05-10,411.0,411.8,396.4,397.92,3300000.0
2018-05-11,400.7,403.58,392.0,398.1,3020000.0
2018-05-14,402.4,408.6,402.4,403.55,2910000.0
2018-05-15,403.55,406.0,395.64,401.7,2020000.0
2018-05-16,401.2,401.7,397.0,398.79,1370000.0
2018-05-17,399.16,399.16,390.02,395.43,2330000.0
2018-05-18,396.56,398.4,393.47,396.4,2540000.0
2018-05-21,398.2,398.2,377.4,378.61,2530000.0
2018-05-22,380.5,407.2,378.0,401.92,10100000.0
2018-05-23,395.6,398.78,386.96,390.87,3670000.0
2018-05-24,392.54,397.04,388.59,394.59,2290000.0
2018-05-25,395.0,399.16,393.0,393.57,2180000.0
2018-05-28,393.35,402.41,392.0,398.91,2540000.0
2018-05-29,400.0,402.91,394.52,396.14,2450000.0
2018-05-30,395.0,395.0,390.4,392.36,1680000.0
2018-05-31,394.36,394.36,385.19,387.32,9300000.0
2018-06-01,388.0,392.69,386.47,388.28,2210000.0
2018-06-04,395.6,405.58,393.0,399.2,7000000.0
2018-06-05,396.0,397.51,390.8,392.68,1830000.0
2018-06-06,392.6,395.58,389.6,392.09,2080000.0
2018-06-07,393.0,395.39,392.24,392.99,763500.0
2018-06-08,394.6,414.52,394.6,412.58,5570000.0
2018-06-11,412.41,425.0,410.33,416.64,8060000.000000001
2018-06-12,419.4,439.0,419.4,438.13,10490000.0
2018-06-13,438.0,460.8,437.0,451.26,12900000.0
2018-06-14,452.01,459.93,449.31,453.88,7940000.0
2018-06-15,460.6,477.16,459.25,469.97,22280000.0
2018-06-18,467.8,482.2,458.48,477.17,11550000.0
2018-06-19,480.64,485.92,475.31,478.6,10530000.0
2018-06-20,478.6,481.98,470.59,473.55,5750000.0
2018-06-21,477.8,477.8,461.3,463.28,5580000.0
2018-06-22,465.0,469.5,454.81,467.25,8340000.0
2018-06-25,461.0,465.36,456.2,458.03,5710000.0
2018-06-26,456.8,457.0,451.48,453.43,3140000.0
2018-06-27,451.58,461.36,449.18,458.76,7760000.0
2018-06-28,457.8,465.19,454.44,459.15,6140000.0
2018-06-29,455.99,456.8,444.6,447.01,4490000.0
2018-07-02,446.0,452.11,440.45,448.07,3870000.0
2018-07-03,451.6,456.8,447.04,454.75,3780000.0
2018-07-04,454.76,467.6,454.76,463.45,5330000.0
2018-07-05,465.99,469.74,457.55,459.73,4150000.0000000005
2018-07-06,460.0,463.98,451.17,453.81,2780000.0
2018-07-09,456.4,467.0,456.39,466.01,3650000.0
2018-07-10,469.12,469.12,460.6,464.37,3330000.0
2018-07-11,460.2,466.6,455.0,460.27,4099999.9999999995
2018-07-12,465.34,477.53,465.33,471.45,6560000.0
2018-07-13,468.0,473.28,460.2,463.97,2330000.0
2018-07-16,444.62,444.62,413.99,418.79,18610000.0
2018-07-17,412.0,423.8,411.41,413.06,7110000.0
2018-07-18,416.0,419.31,408.1,413.13,6100000.0
2018-07-19,415.56,415.56,405.0,405.84,3810000.0
2018-07-20,405.2,414.6,404.0,410.38,3780000.0
2018-07-23,414.6,414.6,406.5,408.34,2940000.0
2018-07-24,408.6,418.0,408.6,415.52,6450000.0
2018-07-25,417.4,419.5,412.31,417.64,2690000.0
2018-07-26,415.14,438.2,414.98,426.55,9570000.0
2018-07-27,427.0,427.0,413.48,416.64,4480000.0
2018-07-30,416.01,418.57,411.66,413.44,4040000.0
2018-07-31,415.0,427.0,414.12,425.56,7320000.0
2018-08-01,426.0,436.4,426.0,435.14,4560000.0
2018-08-02,435.0,447.59,434.0,445.57,5200000.0
2018-08-03,447.2,458.0,446.0,456.21,5070000.0
2018-08-06,457.0,465.0,445.64,446.88,4179999.9999999995
2018-08-07,449.98,456.29,449.01,451.76,2500000.0
2018-08-08,452.6,456.0,447.4,449.1,1730000.0
2018-08-09,452.78,452.78,441.01,447.54,1950000.0
2018-08-10,447.28,451.38,441.1,442.86,1620000.0
2018-08-13,444.0,449.8,443.03,448.32,1340000.0
2018-08-14,450.8,458.2,447.81,455.69,2410000.0
2018-08-16,455.07,472.29,454.17,470.69,4480000.0
2018-08-17,474.78,482.26,470.18,472.83,4450000.0
2018-08-20,473.0,479.39,473.0,476.15,1810000.0
2018-08-21,477.6,485.58,470.82,482.19,3190000.0
2018-08-23,486.0,504.0,485.0,492.72,8119999.999999999
2018-08-24,495.0,495.48,485.12,489.49,2880000.0
2018-08-27,490.6,492.59,485.3,488.62,2290000.0
2018-08-28,490.0,496.0,481.41,482.9,3750000.0
2018-08-29,484.0,485.9,475.5,476.77,3190000.0
2018-08-30,477.0,483.59,475.01,476.03,5390000.0
2018-08-31,479.4,499.8,479.0,498.4,9910000.0
2018-09-03,502.0,526.4,499.0,518.68,15200000.0
2018-09-04,519.0,523.0,507.41,508.62,5180000.0
2018-09-05,509.86,518.0,503.7,513.54,5640000.0
2018-09-06,516.8,524.0,511.02,513.39,5420000.0
2018-09-07,515.0,528.86,509.12,526.5,6530000.0
2018-09-10,524.76,531.96,511.0,512.78,6620000.0
2018-09-11,515.69,517.29,501.42,504.89,5680000.0
2018-09-12,505.2,514.89,497.52,505.83,6240000.0
2018-09-14,511.18,519.0,510.01,516.37,3390000.0
2018-09-17,516.2,523.0,509.58,513.7,3460000.0
2018-09-18,515.98,527.4,514.0,516.83,5560000.0
2018-09-19,520.68,527.2,514.2,521.42,4350000.0
2018-09-21,528.79,534.16,488.22,511.25,7060000.0
2018-09-24,515.56,520.19,505.86,510.79,3440000.0
2018-09-25,514.12,523.85,510.05,522.34,3800000.0
2018-09-26,523.54,532.84,518.2,520.17,6030000.0
2018-09-27,521.98,524.07,505.8,508.2,5250000.0
2018-09-28,511.8,515.4,496.91,506.13,5350000.0
2018-10-01,506.2,508.14,488.07,501.72,3810000.0
2018-10-03,503.4,509.8,496.4,497.91,3530000.0
2018-10-04,493.8,498.79,472.05,474.49,4019999.9999999995
2018-10-05,471.2,485.82,470.06,478.91,3680000.0
2018-10-08,479.0,481.55,466.4,468.02,3020000.0
2018-10-09,471.53,495.4,468.39,490.83,5640000.0
2018-10-10,493.0,502.81,491.2,496.92,4470000.0
2018-10-11,482.41,503.2,481.6,491.8,2740000.0
2018-10-12,492.0,498.19,486.49,490.1,4630000.0
2018-10-15,492.22,515.99,488.68,513.37,5620000.0
2018-10-16,513.38,518.0,507.5,514.72,3000000.0
2018-10-17,516.0,519.8,510.4,513.0,2460000.0
2018-10-19,510.0,516.58,506.1,510.47,2180000.0
2018-10-22,512.5,516.53,499.25,503.88,2780000.0
2018-10-23,504.99,509.25,485.02,494.75,4120000.0
2018-10-24,497.6,499.4,477.31,486.86,3630000.0
2018-10-25,482.32,488.99,476.0,478.1,6700000.0
2018-10-26,478.28,490.0,473.61,480.91,5630000.0
2018-10-29,488.0,511.8,487.98,506.59,5150000.0
2018-10-30,506.14,522.0,503.05,518.86,4860000.0
2018-10-31,487.79,510.88,484.61,508.49,11360000.0
2018-11-01,512.0,514.89,489.3,492.32,6850000.0
2018-11-02,493.1,495.18,480.71,484.65,4400000.0
2018-11-05,488.0,490.4,478.2,484.18,2650000.0
2018-11-06,483.74,492.0,482.4,490.17,1890000.0
2018-11-07,492.0,493.98,488.4,490.59,389780.0
2018-11-09,493.0,493.0,477.8,480.0,5010000.0
2018-11-12,482.78,487.57,479.0,483.11,2440000.0
2018-11-13,483.2,490.2,483.11,487.61,2350000.0
2018-11-14,489.98,494.0,481.36,489.85,2150000.0
2018-11-15,491.36,499.59,489.99,492.36,2490000.0
2018-11-16,492.6,499.36,488.41,495.41,2130000.0
2018-11-19,509.1,509.12,498.0,505.72,4740000.0
2018-11-20,504.02,504.02,487.51,488.63,2710000.0
2018-11-21,521.6,531.0,515.43,520.36,22430000.0
2018-11-22,516.0,523.94,515.12,521.74,5050000.0
2018-11-26,521.4,527.58,504.21,511.72,5650000.0
2018-11-27,515.0,520.56,508.4,517.75,5240000.0
2018-11-28,519.0,519.07,509.55,514.46,3220000.0
2018-11-29,516.8,533.34,515.02,531.06,5240000.0
2018-11-30,532.2,546.91,531.41,544.44,7460000.0
2018-12-03,547.72,548.52,530.49,533.58,4920000.0
2018-12-04,537.6,543.77,536.36,540.81,4580000.0
2018-12-05,539.2,542.79,529.32,534.33,2240000.0
2018-12-06,534.2,536.2,524.23,528.24,2580000.0
2018-12-07,532.2,542.86,528.6,538.51,5900000.0
2018-12-10,524.62,541.4,524.62,538.09,5030000.0
2018-12-11,533.7,549.99,533.22,543.23,4200000.0
2018-12-12,534.0,542.31,506.82,517.27,17070000.0
2018-12-13,525.0,525.0,513.44,519.37,5190000.0
2018-12-14,519.0,521.92,513.6,518.34,2930000.0
2018-12-17,520.94,527.0,520.04,522.63,2960000.0
2018-12-18,520.36,529.0,516.43,527.86,3700000.0
2018-12-19,529.0,530.2,516.93,522.75,4210000.0
2018-12-20,521.54,526.79,518.4,525.69,2470000.0
2018-12-21,521.88,523.26,515.62,521.61,3740000.0
2018-12-24,522.0,524.62,515.64,519.96,2520000.0
2018-12-26,519.6,525.6,515.04,524.46,3770000.0
2018-12-27,528.2,529.0,516.27,517.49,2940000.0
2018-12-28,521.0,526.6,520.22,524.38,2990000.0
2018-12-31,526.94,532.76,522.0,523.3,5130000.0
2019-01-01,523.62,526.8,520.0,521.41,1690000.0
2019-01-02,521.2,523.6,515.01,520.21,2089999.9999999998
2019-01-03,521.0,522.96,512.8,515.47,2710000.0
2019-01-04,516.0,521.2,512.4,520.0,2040000.0
2019-01-07,522.77,522.77,507.46,511.73,2710000.0
2019-01-08,512.2,517.37,510.2,514.1,3450000.0
2019-01-09,516.18,522.18,516.18,520.62,2320000.0
2019-01-10,519.62,522.0,516.63,520.08,1950000.0
2019-01-11,522.16,522.16,516.0,517.63,1580000.0
2019-01-14,517.07,521.0,511.0,515.76,1970000.0
2019-01-15,517.0,520.8,516.27,518.96,1790000.0
2019-01-16,516.0,525.54,515.06,523.39,4730000.0
2019-01-17,524.0,525.76,520.0,523.83,3250000.0
2019-01-18,521.0,525.87,518.9,519.36,2680000.0
2019-01-21,521.0,528.4,516.36,519.96,2980000.0
2019-01-22,519.82,529.0,517.99,528.06,3880000.0
2019-01-23,527.97,532.0,526.0,529.35,3770000.0
2019-01-24,528.41,534.94,528.41,533.69,3060000.0
2019-01-25,534.1,538.2,529.1,534.48,3050000.0
2019-01-28,534.38,534.38,519.41,524.95,3420000.0
2019-01-29,523.2,536.8,520.6,533.29,4340000.0
2019-01-30,531.01,536.0,527.49,533.08,3290000.0
2019-01-31,533.0,545.71,530.2,544.16,6160000.0
2019-02-01,543.54,563.8,543.03,558.25,7250000.0
2019-02-04,561.58,575.6,543.05,547.04,10750000.0
2019-02-05,555.04,571.97,554.6,564.29,8270000.0
2019-02-06,563.2,563.2,552.2,557.94,4410000.0
2019-02-07,558.2,567.0,558.2,564.36,2810000.0
2019-02-08,563.6,563.6,550.33,553.94,3570000.0
2019-02-11,532.02,541.59,511.87,523.07,9480000.0
2019-02-12,523.8,535.29,516.8,530.5,6550000.0
2019-02-13,533.0,536.35,526.4,529.74,3380000.0
2019-02-14,529.74,534.99,523.2,533.45,2990000.0
2019-02-15,532.0,532.0,374.59,512.67,33780000.0
2019-02-18,530.0,537.93,509.01,513.11,13440000.0
2019-02-19,516.79,522.0,501.02,507.38,11350000.0
2019-02-20,514.98,516.8,501.71,505.03,7800000.0
2019-02-21,510.0,521.2,503.97,517.26,6550000.0
2019-02-22,516.95,530.0,511.14,527.9,6890000.0
2019-02-25,528.05,538.99,524.56,533.38,6380000.0
2019-02-26,530.78,531.98,525.79,529.56,5070000.0
2019-02-27,532.9,536.6,526.01,529.38,3970000.0
2019-02-28,533.8,533.8,523.05,526.33,3350000.0
2019-03-01,527.6,531.42,516.01,529.2,4430000.0
2019-03-05,527.0,533.76,520.92,530.82,3230000.0
2019-03-06,532.12,541.7,531.33,538.73,4260000.0
2019-03-07,538.0,545.18,533.78,536.15,4580000.0
2019-03-08,533.6,537.19,521.3,523.01,3420000.0
2019-03-11,525.6,531.2,522.21,525.23,5570000.0
2019-03-12,529.4,535.2,527.6,533.37,2720000.0
2019-03-13,532.6,542.0,528.92,531.17,3520000.0
2019-03-14,531.17,534.18,523.2,529.58,2420000.0
2019-03-15,531.1,538.75,528.19,531.78,7180000.0
2019-03-18,531.68,534.86,528.63,533.89,2270000.0
2019-03-19,534.0,543.45,533.89,541.74,4590000.0
2019-03-20,541.8,552.0,541.8,550.33,5760000.0
2019-03-22,555.8,555.8,547.7,550.26,3430000.0
2019-03-25,548.98,559.6,545.35,556.19,5050000.0
2019-03-26,558.2,558.79,552.5,556.47,2420000.0
2019-03-27,556.21,562.8,548.82,553.01,3300000.0
2019-03-28,554.94,554.94,541.6,543.44,3320000.0
2019-03-29,547.94,557.59,546.64,556.05,2890000.0
2019-04-01,559.79,564.55,556.4,558.96,3960000.0
2019-04-02,560.8,564.0,556.0,559.75,2940000.0
2019-04-03,561.6,561.76,551.69,553.04,1840000.0
2019-04-04,554.55,558.51,550.7,554.27,2190000.0
2019-04-05,555.16,555.6,548.5,550.87,2230000.0
2019-04-08,552.0,556.0,549.1,552.74,1540000.0
2019-04-09,552.8,553.19,547.38,550.66,2069999.9999999998
2019-04-10,550.43,567.18,549.22,553.0,5390000.0
2019-04-11,554.53,563.0,551.57,562.35,3190000.0
2019-04-12,560.0,564.2,557.21,561.41,3030000.0
2019-04-15,564.32,565.96,556.2,558.56,2780000.0
2019-04-16,566.2,568.0,561.4,565.02,3860000.0
2019-04-18,565.59,565.59,558.27,559.82,2170000.0
2019-04-22,562.0,563.99,555.0,559.14,1740000.0
2019-04-23,560.1,566.53,560.1,564.43,2380000.0
2019-04-24,567.0,575.0,562.62,571.88,3740000.0
2019-04-25,570.33,588.0,567.89,584.98,5440000.0
2019-04-26,586.8,590.7,575.11,578.45,4630000.0
2019-04-30,580.79,590.0,579.06,586.75,3010000.0
2019-05-02,585.0,592.8,581.0,583.98,2940000.0
2019-05-03,582.02,586.55,578.14,581.49,1820000.0
2019-05-06,579.39,585.99,577.6,584.12,2060000.0
2019-05-07,587.2,590.4,585.05,588.49,2290000.0
2019-05-08,588.6,589.56,576.52,580.1,2250000.0
2019-05-09,576.45,581.86,567.72,580.12,3660000.0
2019-05-10,581.6,583.44,573.27,575.28,1700000.0
2019-05-13,570.01,571.99,555.53,560.55,3300000.0
2019-05-14,557.16,565.4,552.01,561.52,2420000.0
2019-05-15,562.2,570.77,558.4,562.71,2390000.0
2019-05-16,562.63,565.27,552.04,560.2,1930000.0
2019-05-17,558.2,562.0,533.49,549.0,5800000.0
2019-05-20,555.6,555.8,508.51,517.88,13300000.0
2019-05-21,518.8,539.99,518.8,533.4,10040000.0
2019-05-22,532.98,535.98,524.37,531.55,3830000.0
2019-05-23,536.0,539.98,525.28,527.46,2730000.0
2019-05-24,530.0,534.79,525.24,532.78,2360000.0
2019-05-27,532.8,533.8,526.49,531.6,1700000.0
2019-05-28,533.0,536.8,525.28,530.39,6260000.0
2019-05-29,530.0,530.0,518.49,522.15,3870000.0
2019-05-30,522.6,531.98,518.67,530.48,3640000.0
2019-05-31,531.9,537.6,525.28,535.67,4700000.0
2019-06-03,535.96,547.8,530.48,544.82,2790000.0
2019-06-04,550.0,559.69,480.0,533.07,12190000.0
2019-06-06,540.31,541.98,528.8,531.46,3040000.0
2019-06-07,530.0,531.23,511.05,516.14,3910000.0
2019-06-10,521.62,527.56,513.93,525.85,3110000.0
2019-06-11,527.19,527.19,518.7,521.17,2610000.0
2019-06-12,522.4,525.76,514.5,517.94,2640000.0
2019-06-13,518.2,520.52,511.48,517.65,1840000.0
2019-06-14,516.4,516.4,505.8,513.03,3450000.0
2019-06-17,513.4,516.09,507.72,510.83,2630000.0
2019-06-18,511.0,520.0,508.41,518.25,3330000.0
2019-06-19,516.8,518.17,507.5,510.17,4230000.0
2019-06-20,510.0,515.45,503.6,512.96,2840000.0
2019-06-21,512.0,515.0,504.71,510.31,2900000.0
2019-06-24,504.8,506.4,500.93,502.68,2260000.0
2019-06-25,500.42,510.49,497.61,507.21,2190000.0
2019-06-26,506.99,517.49,502.54,515.79,2510000.0
2019-06-27,515.78,515.78,508.78,513.12,2330000.0
2019-06-28,518.0,523.0,507.36,510.09,4300000.0
2019-07-01,513.42,535.0,513.42,530.97,5590000.0
2019-07-02,531.4,532.39,523.12,525.53,3330000.0
2019-07-03,527.39,527.39,516.0,519.34,3130000.0
2019-07-04,520.22,524.0,518.61,520.48,1840000.0
2019-07-05,522.0,523.9,518.71,520.19,2460000.0
2019-07-08,517.02,524.0,511.8,519.14,2350000.0
2019-07-09,518.4,525.0,514.26,519.77,2040000.0
2019-07-10,518.8,520.58,514.48,516.93,1560000.0
2019-07-11,517.2,532.4,517.03,530.61,3900000.0
2019-07-12,529.6,532.05,517.03,525.72,3310000.0
2019-07-15,526.01,534.13,522.44,525.52,2500000.0
2019-07-16,524.53,536.8,520.64,535.3,2960000.0
2019-07-17,533.12,537.58,528.49,533.26,2370000.0
2019-07-18,533.05,535.97,526.0,531.11,2170000.0
2019-07-19,531.99,536.0,520.81,522.63,2340000.0
2019-07-22,523.8,528.4,520.04,526.5,1750000.0
2019-07-23,528.0,528.93,516.09,519.87,2400000.0
2019-07-24,519.0,522.2,511.0,519.81,2270000.0
2019-07-25,523.96,533.2,521.45,530.82,2580000.0
2019-07-26,528.01,542.8,524.34,540.99,2690000.0
2019-07-29,541.98,545.36,524.26,530.79,4600000.0
2019-07-30,529.6,538.7,509.82,512.0,10990000.0
2019-07-31,507.0,518.0,506.6,514.92,4170000.0
2019-08-01,514.6,514.6,500.01,506.75,4880000.0
2019-08-02,506.76,510.0,499.25,505.84,2970000.0
2019-08-05,504.6,507.59,500.14,502.94,1690000.0
2019-08-06,501.97,516.98,500.2,511.24,3020000.0
2019-08-07,510.0,517.77,508.19,511.36,1580000.0
2019-08-08,514.0,517.59,510.01,514.39,1280000.0
2019-08-09,515.35,517.94,512.02,514.69,1870000.0
2019-08-13,515.6,519.9,508.2,511.27,1870000.0
2019-08-14,505.01,507.56,470.24,502.39,8050000.000000001
2019-08-16,505.8,505.8,493.0,498.51,3990000.0
2019-08-19,508.0,513.79,499.0,501.82,3560000.0
2019-08-20,504.95,512.89,503.1,510.92,3050000.0
2019-08-21,500.0,505.38,498.2,500.6,4250000.0
2019-08-22,500.6,512.0,500.6,509.08,2650000.0
2019-08-23,509.02,512.13,504.8,508.25,2860000.0
2019-08-26,511.99,517.0,508.41,513.44,2180000.0
2019-08-27,515.0,516.8,506.56,508.14,2920000.0
2019-08-28,511.5,513.8,500.69,502.42,2120000.0
2019-08-29,503.0,507.0,498.79,505.56,2520000.0
2019-08-30,506.04,513.6,502.6,511.5,2880000.0
2019-09-03,511.67,513.4,504.56,506.56,1930000.0
2019-09-04,507.98,522.31,506.58,520.54,4099999.9999999995
2019-09-05,527.35,538.96,527.35,536.49,4490000.0
2019-09-06,536.82,549.39,535.01,547.99,3960000.0
2019-09-09,545.82,552.93,545.82,549.84,3200000.0
2019-09-11,550.4,555.68,548.2,552.2,3170000.0
2019-09-12,553.2,557.6,549.42,553.41,2350000.0
2019-09-13,556.33,558.99,538.55,546.31,5950000.0
2019-09-16,546.2,552.52,540.62,545.06,4090000.0
2019-09-17,547.0,552.48,546.12,547.61,2340000.0
2019-09-18,547.96,552.39,543.03,548.73,1820000.0
2019-09-19,548.02,549.64,541.73,546.51,2320000.0
2019-09-20,547.6,572.4,542.21,567.56,3830000.0
2019-09-23,568.0,568.0,540.2,553.45,4650000.0
2019-09-24,553.34,569.0,543.0,557.05,3400000.0
2019-09-25,550.03,556.8,550.03,554.67,2460000.0
2019-09-26,558.0,559.18,548.59,554.97,2520000.0
2019-09-27,556.4,557.2,544.1,546.16,2340000.0
2019-09-30,546.8,548.51,538.08,540.45,2750000.0
2019-10-01,538.0,544.0,528.98,537.87,4860000.0
2019-10-03,535.96,536.89,527.2,535.43,1490000.0
2019-10-04,537.4,539.8,522.27,523.54,2220000.0
2019-10-07,526.0,529.0,515.25,523.29,2600000.0
2019-10-09,524.95,535.2,520.06,532.68,2330000.0
2019-10-10,525.23,533.38,522.41,526.7,1440000.0
2019-10-11,529.0,531.8,521.4,530.28,2730000.0
2019-10-14,530.4,536.52,524.2,530.38,1510000.0
2019-10-15,532.4,539.38,530.91,536.93,1710000.0
2019-10-16,542.2,545.68,537.4,540.29,1640000.0
2019-10-17,542.2,546.8,539.8,545.48,1530000.0
2019-10-18,544.0,548.99,542.01,544.97,1450000.0
2019-10-22,544.45,564.14,542.17,562.15,3500000.0
2019-10-23,561.36,568.39,551.01,565.34,4900000.0
2019-10-24,567.95,569.99,554.0,565.06,3010000.0
2019-10-25,564.8,564.8,555.99,558.99,2500000.0
2019-10-27,555.8,558.6,555.0,557.12,113020.0
2019-10-29,555.0,564.0,550.69,560.5,2670000.0
2019-10-30,565.8,565.8,548.31,551.98,2970000.0
2019-10-31,555.98,562.98,554.02,556.64,3600000.0
2019-11-01,556.8,565.83,547.17,551.32,15000000.0
2019-11-04,553.05,562.0,549.71,559.56,4040000.0
2019-11-05,558.76,569.9,558.4,563.14,4220000.0
2019-11-06,564.02,576.0,564.02,572.54,4500000.0
2019-11-07,572.4,576.64,565.8,574.21,2210000.0
2019-11-08,572.0,572.0,562.46,564.42,1590000.0
2019-11-11,562.47,565.47,559.0,563.15,1530000.0
2019-11-13,564.0,564.77,551.0,552.63,2280000.0
2019-11-14,555.0,555.47,544.99,546.81,3240000.0
2019-11-15,549.6,549.6,542.46,546.16,1890000.0
2019-11-18,546.6,551.8,546.4,547.4,2110000.0
2019-11-19,548.2,552.09,544.9,548.6,2380000.0
2019-11-20,549.27,572.79,549.0,567.73,4990000.0
2019-11-21,565.6,578.0,562.04,575.85,4790000.0
2019-11-22,571.0,580.95,568.6,574.25,2750000.0
2019-11-25,572.0,587.2,570.01,584.13,2340000.0
2019-11-26,584.05,595.0,581.43,593.17,5280000.0
2019-11-27,592.0,598.39,588.46,594.4,2790000.0
2019-11-28,593.62,596.52,588.61,595.35,1280000.0
2019-11-29,594.94,594.94,579.06,582.77,2800000.0
2019-12-02,583.6,583.6,570.4,574.34,2990000.0
2019-12-03,575.8,577.47,570.33,571.67,1910000.0
2019-12-04,572.0,577.18,571.64,575.57,2380000.0
2019-12-05,575.96,576.0,569.82,574.32,2170000.0
2019-12-06,577.54,589.8,574.33,578.16,4940000.0
2019-12-09,579.8,588.4,578.38,581.75,2650000.0
2019-12-10,581.75,581.75,575.5,579.5,1740000.0
2019-12-11,580.0,583.16,575.0,577.56,2029999.9999999998
2019-12-12,580.0,583.76,578.0,581.13,2020000.0
2019-12-13,573.02,573.13,554.6,564.3,6840000.0
2019-12-16,567.0,569.99,559.28,563.27,2300000.0
2019-12-17,565.6,569.0,562.2,565.38,1840000.0
2019-12-18,568.0,575.25,565.4,574.69,2660000.0
2019-12-19,574.8,578.47,568.21,573.91,1990000.0
2019-12-20,573.06,576.25,571.15,572.67,1760000.0
2019-12-23,573.52,583.6,573.52,581.68,1960000.0
2019-12-24,583.78,583.78,577.21,579.19,1090000.0
2019-12-26,579.31,582.95,572.0,573.12,1280000.0
2019-12-27,575.0,581.0,572.32,579.52,1870000.0
2019-12-30,576.46,585.6,575.0,577.77,1900000.0
2019-12-31,578.0,582.97,572.81,574.91,1520000.0
2020-01-01,576.0,577.7,572.04,575.88,773900.0
2020-01-02,576.76,578.48,572.04,572.98,1490000.0
2020-01-03,572.98,579.4,570.41,576.78,1720000.0
2020-01-06,574.2,579.56,570.84,575.77,1790000.0
2020-01-07,578.0,582.0,574.21,576.84,1790000.0
2020-01-08,575.0,581.0,573.2,579.45,1400000.0
2020-01-09,582.32,587.32,580.2,584.1,1880000.0
2020-01-10,586.0,601.6,585.03,586.6,5640000.0
2020-01-13,586.58,593.3,583.14,590.94,2210000.0
2020-01-14,590.96,593.76,586.4,589.56,1790000.0
2020-01-15,589.23,589.3,580.0,583.73,1920000.0
2020-01-16,585.6,590.3,584.33,587.49,1920000.0
2020-01-17,588.88,609.8,588.0,606.87,5590000.0
2020-01-20,608.6,616.0,606.41,611.92,4370000.0
2020-01-21,611.11,615.96,607.17,612.09,2850000.0
2020-01-22,612.11,621.01,609.48,612.41,2800000.0
2020-01-23,611.06,615.74,604.8,607.63,2130000.0
2020-01-24,608.8,609.41,605.04,606.28,1360000.0
2020-01-27,605.8,641.8,599.5,637.75,20700000.0
2020-01-28,638.0,649.99,631.55,637.83,11510000.0
2020-01-29,637.83,640.37,619.84,629.65,6950000.0
2020-01-30,630.46,634.0,623.71,630.97,3370000.0
2020-01-31,631.05,638.37,620.42,622.9,3340000.0
2020-02-01,622.9,628.0,619.37,624.61,901230.0
2020-02-03,624.8,634.6,623.43,628.83,2580000.0
2020-02-04,630.8,655.52,630.41,648.37,5150000.0
2020-02-05,647.0,650.0,624.34,626.67,4780000.0
2020-02-06,633.52,635.36,627.32,631.79,2460000.0
2020-02-07,631.97,637.0,627.4,633.34,2680000.0
2020-02-10,633.29,634.65,622.6,629.82,1480000.0
2020-02-11,631.98,641.19,627.0,638.24,3060000.0
2020-02-12,634.43,642.72,632.81,639.14,2840000.0
2020-02-13,644.55,667.38,639.42,664.92,8580000.0
2020-02-14,661.04,666.6,655.4,660.86,3530000.0
2020-02-17,665.16,668.41,657.44,659.11,3200000.0
2020-02-18,657.6,657.6,646.65,650.27,3490000.0
2020-02-19,651.6,659.76,651.6,655.63,1510000.0
2020-02-20,657.86,672.99,648.01,651.06,4620000.0
2020-02-24,651.4,651.4,633.27,635.26,3140000.0
2020-02-25,636.4,636.46,611.27,617.38,5010000.0
2020-02-26,619.4,623.1,612.06,615.07,3810000.0
2020-02-27,618.8,618.8,605.82,613.41,4680000.0
2020-02-28,606.0,617.7,581.05,585.42,8300000.000000001
2020-03-02,592.2,599.45,575.2,581.11,4440000.0
2020-03-03,588.0,615.6,586.25,608.74,5280000.0
2020-03-04,613.0,637.35,607.2,634.27,9160000.0
2020-03-05,634.2,646.39,633.24,636.89,5230000.0
2020-03-06,617.04,641.29,617.04,634.19,5630000.0
2020-03-09,631.75,637.8,605.21,612.25,4990000.0
2020-03-11,614.0,616.78,596.6,600.12,5850000.0
2020-03-12,589.6,596.5,560.71,570.08,3890000.0
2020-03-13,545.99,627.08,522.0,577.02,4930000.0
2020-03-16,558.0,596.19,552.0,565.39,4720000.0
2020-03-17,566.0,580.8,551.55,556.24,4680000.0
2020-03-18,560.36,560.36,524.21,533.69,4370000.0
2020-03-19,521.6,535.98,499.01,524.79,4840000.0
2020-03-20,528.2,589.8,528.2,579.45,7770000.0
2020-03-23,536.05,609.4,536.05,553.68,4820000.0
2020-03-24,570.0,592.0,560.22,571.59,5340000.0
2020-03-25,565.45,589.78,559.14,584.4,4099999.9999999995
2020-03-26,595.04,613.31,575.85,589.71,3190000.0
2020-03-27,590.56,609.39,569.22,583.3,4010000.0
2020-03-30,575.92,610.0,562.2,598.85,5750000.0
2020-03-31,610.0,630.4,606.41,624.15,5010000.0
2020-04-01,623.99,628.8,613.2,619.0,3560000.0
2020-04-03,617.0,643.77,605.02,629.36,5870000.0
2020-04-07,650.0,723.12,642.0,716.64,11840000.0
2020-04-08,705.0,753.0,694.2,736.6,12610000.0
2020-04-09,748.0,762.0,718.64,724.31,9800000.0
2020-04-13,738.8,771.2,721.44,749.32,11610000.0
2020-04-15,765.0,778.72,755.2,761.52,8630000.0
2020-04-16,761.28,778.0,756.0,772.13,7330000.0
2020-04-17,794.0,799.58,764.72,785.91,9070000.0
2020-04-20,784.71,784.99,762.06,768.95,7490000.0
2020-04-21,767.0,809.56,764.41,803.28,14240000.0
2020-04-22,797.99,818.86,792.25,811.36,8920000.0
2020-04-23,806.2,817.2,801.85,805.42,5130000.0
2020-04-24,802.0,809.92,794.02,800.56,6330000.0
2020-04-27,800.56,813.02,791.01,796.06,5620000.0
2020-04-28,806.0,807.24,778.41,789.95,4310000.0
2020-04-29,789.95,794.0,774.51,776.14,5200000.0
2020-04-30,786.62,818.75,779.01,787.26,10890000.0
2020-05-04,770.0,801.2,769.64,787.8,7080000.0
2020-05-05,796.0,797.27,761.2,766.78,3980000.0
2020-05-06,770.2,776.0,761.01,770.5,4780000.0
2020-05-07,781.78,787.31,763.71,767.53,4580000.0
2020-05-08,780.02,826.44,780.02,796.8,10020000.0
2020-05-11,795.56,795.56,769.61,772.4,5970000.0
2020-05-12,772.64,781.92,751.83,754.68,5390000.0
2020-05-13,769.8,769.8,747.02,755.92,4390000.0
2020-05-14,758.0,763.99,743.72,746.4,4490000.0
2020-05-15,749.2,755.78,743.41,747.02,4500000.0
2020-05-18,752.03,752.51,722.77,735.83,4950000.0
2020-05-19,740.03,744.4,732.02,739.92,4680000.0
2020-05-20,744.18,786.0,738.63,782.04,21080000.0
2020-05-21,790.0,790.83,765.1,769.5,8670000.0
2020-05-22,768.12,782.0,762.2,778.57,5050000.0
2020-05-26,779.8,787.8,770.69,772.86,4139999.9999999995
2020-05-27,772.95,780.0,762.8,776.6,4310000.0
2020-05-28,779.0,782.16,768.5,777.55,3960000.0
2020-05-29,776.0,818.14,773.86,814.25,9630000.0
2020-06-01,815.52,818.47,788.21,790.71,6850000.0
2020-06-02,797.0,801.46,777.2,779.06,7450000.0
2020-06-03,785.76,798.0,782.25,792.48,3690000.0
2020-06-04,791.98,811.4,791.33,799.78,6000000.0
2020-06-05,803.89,810.0,798.46,804.98,3860000.0
2020-06-08,806.98,806.98,788.4,793.52,3560000.0
2020-06-09,786.0,828.4,786.0,824.76,11380000.0
2020-06-10,829.0,838.0,817.54,822.5,7770000.0
2020-06-11,822.6,825.59,807.4,811.52,4139999.9999999995
2020-06-12,798.4,807.32,796.2,801.59,3910000.0
2020-06-15,809.6,825.38,792.12,802.46,6960000.0
2020-06-16,813.0,816.0,790.55,801.09,3900000.0
2020-06-17,801.09,808.55,794.4,797.04,3190000.0
2020-06-18,802.0,810.49,798.4,801.4,3610000.0
2020-06-19,804.05,808.98,798.4,801.12,3650000.0
2020-06-22,806.4,812.5,802.18,806.57,2660000.0
2020-06-23,809.58,826.0,808.02,821.77,4800000.0
2020-06-24,822.49,827.34,805.66,808.53,2680000.0
2020-06-25,806.0,808.2,795.31,801.32,3770000.0
2020-06-26,803.0,813.0,793.0,799.72,3720000.0
2020-06-29,799.6,808.8,791.75,794.77,2690000.0
2020-06-30,800.0,802.18,785.1,788.99,3400000.0
2020-07-01,793.04,793.2,777.17,782.29,3120000.0
2020-07-02,789.2,795.8,780.2,784.11,3710000.0
2020-07-03,788.0,793.59,782.0,784.29,2280000.0
2020-07-06,785.0,788.0,775.4,778.4,2850000.0
2020-07-07,778.98,783.8,762.8,764.7,5180000.0
2020-07-08,766.2,788.94,766.2,777.34,6810000.0
2020-07-09,781.0,783.4,770.81,779.32,2460000.0
2020-07-10,779.94,791.4,776.64,781.09,4150000.0000000005
2020-07-13,783.06,785.79,774.8,779.91,2680000.0
2020-07-14,780.8,799.21,774.8,796.63,6040000.0
2020-07-15,797.8,809.56,792.2,807.29,5300000.0
2020-07-16,806.22,832.59,802.22,830.43,7810000.0
2020-07-17,828.2,831.6,820.0,823.75,3710000.0
2020-07-20,827.87,830.8,814.48,818.42,3140000.0
2020-07-21,820.05,826.14,801.21,806.71,3320000.0
2020-07-22,810.71,826.0,805.01,812.32,4090000.0
2020-07-23,818.18,828.0,812.4,826.0,3560000.0
2020-07-24,826.0,835.98,810.33,813.19,5480000.0
2020-07-27,817.0,817.13,792.59,803.14,2910000.0
2020-07-28,803.8,818.4,801.47,810.27,2590000.0
2020-07-29,816.49,867.2,815.08,860.44,24770000.0
2020-07-30,878.78,912.0,868.0,903.32,31470000.0
2020-07-31,895.8,910.17,891.08,904.21,7910000.0
2020-08-03,904.21,934.0,900.0,905.49,12180000.0
2020-08-04,906.14,930.87,898.03,926.97,8330000.0
2020-08-05,931.01,933.14,916.34,920.19,5060000.0
2020-08-06,922.01,931.6,913.51,916.61,4590000.0
2020-08-07,918.0,941.4,912.11,914.7,8330000.0
2020-08-10,921.0,951.72,921.0,938.18,8700000.0
2020-08-11,943.01,947.71,913.0,919.18,6460000.0
2020-08-12,915.0,915.98,896.81,903.63,5350000.0
2020-08-13,910.03,918.09,898.35,900.45,4550000.0
2020-08-14,905.23,917.2,894.0,903.88,5750000.0
2020-08-17,903.89,914.0,900.04,903.83,3390000.0
2020-08-18,907.6,911.94,898.47,904.08,3250000.0
2020-08-19,908.0,911.79,895.22,897.85,4040000.0
2020-08-20,897.0,905.32,892.22,895.2,4030000.0000000005
2020-08-21,904.0,904.0,894.72,897.95,2440000.0
2020-08-24,897.95,901.42,885.0,894.51,3680000.0
2020-08-25,898.0,898.48,884.0,885.54,3010000.0
2020-08-26,886.2,890.58,880.0,886.95,3460000.0
2020-08-27,888.48,893.66,883.4,887.4,4520000.0
2020-08-28,892.0,893.2,872.16,874.86,5810000.0
2020-08-31,875.0,885.0,843.33,852.94,5940000.0
2020-09-01,854.22,875.18,846.4,870.39,4059999.9999999995
2020-09-02,870.25,879.48,863.34,870.55,3020000.0
2020-09-03,874.91,893.2,868.03,886.63,4690000.0
2020-09-04,880.0,896.69,858.39,864.5,6770000.0
2020-09-07,868.83,887.2,859.05,883.97,6150000.0
2020-09-08,893.0,896.3,865.76,869.76,7360000.0
2020-09-09,869.98,888.8,867.12,885.89,6180000.0
2020-09-10,892.0,892.4,868.11,876.03,4360000.0
2020-09-11,880.0,889.4,875.0,880.32,4430000.0
2020-09-14,884.73,884.73,867.2,872.82,2920000.0
2020-09-15,874.99,909.8,874.51,888.47,12520000.0
2020-09-16,891.0,930.16,882.2,925.58,14900000.0
2020-09-17,940.8,969.11,930.99,965.45,42150000.0
2020-09-18,1000.0,1099.39,990.05,1066.67,109940000.0
2020-09-21,1066.67,1102.53,1022.25,1028.4,63720000.0
2020-09-22,1042.8,1052.0,1011.0,1033.59,38520000.0
2020-09-23,1051.2,1056.0,1011.88,1021.55,25070000.0
2020-09-24,1012.0,1040.58,1000.5,1005.48,25990000.0
2020-09-25,1024.0,1030.6,1008.8,1022.44,17570000.0
2020-09-28,1039.99,1040.0,1018.16,1025.97,12490000.0
2020-09-29,1026.0,1030.99,1013.28,1016.84,7150000.0
2020-09-30,1020.0,1063.6,1017.0,1037.56,26980000.0
2020-10-01,1045.0,1051.2,1017.68,1022.41,11390000.0
2020-10-05,1034.0,1038.0,1020.6,1031.9,9190000.0
2020-10-06,1031.9,1045.35,1022.44,1027.3,8450000.0
2020-10-07,1029.0,1039.0,1018.64,1020.99,7910000.0
2020-10-08,1028.8,1042.96,1011.2,1038.88,11100000.0
2020-10-09,1030.2,1051.6,1027.2,1030.6,11670000.0
2020-10-12,1031.62,1047.6,1022.2,1044.1,9680000.0
2020-10-13,1046.0,1064.56,1031.57,1033.75,16820000.0
2020-10-14,1035.0,1043.95,1018.17,1024.6,9320000.0
2020-10-15,1029.73,1033.0,1004.02,1011.25,8840000.0
2020-10-16,1007.2,1025.0,1004.0,1016.11,10120000.0
2020-10-19,1042.2,1043.0,1008.41,1011.63,10750000.0
2020-10-20,1011.39,1022.0,1006.19,1014.23,6900000.0
2020-10-21,1019.31,1019.31,981.31,1009.35,8010000.0
2020-10-22,1007.34,1008.94,966.2,1004.4,24590000.0
2020-10-23,1010.2,1018.2,999.2,1003.65,9090000.0
2020-10-26,1001.6,1012.4,990.25,995.62,7040000.0
2020-10-27,998.0,1025.4,992.1,1019.88,9220000.0
2020-10-28,1022.0,1030.0,984.0,990.2,18140000.0
2020-10-29,984.0,1008.0,978.99,988.39,11550000.0
2020-10-30,994.8,995.61,974.03,977.73,6320000.0
2020-11-02,979.2,984.0,964.16,971.73,5850000.0
2020-11-03,970.2,984.0,966.22,975.47,7300000.0
2020-11-04,980.35,992.96,975.48,987.12,7610000.0
2020-11-05,994.55,999.86,984.42,991.7,5170000.0
2020-11-06,992.58,992.58,978.17,980.59,5450000.0
2020-11-09,985.0,990.8,974.0,975.93,6030000.0
2020-11-10,964.8,973.6,935.88,939.6,9830000.0
2020-11-11,946.0,983.98,938.22,976.43,13540000.0
2020-11-12,975.0,985.0,961.0,965.37,6580000.0
2020-11-13,970.0,976.97,966.01,971.38,5460000.0
2020-11-14,976.24,979.6,966.0,974.41,676080.0
2020-11-17,975.0,975.97,954.0,956.83,6420000.0
2020-11-18,957.0,959.0,935.0,940.76,6500000.0
2020-11-19,935.0,962.36,931.4,941.54,8840000.0
2020-11-20,946.0,950.46,931.26,934.19,4770000.0
2020-11-23,937.0,974.0,934.22,965.75,10760000.0
2020-11-24,970.0,988.0,957.16,983.1,9610000.0
2020-11-25,999.6,1003.4,956.2,961.26,13300000.0
2020-11-26,962.0,985.86,954.76,980.27,8340000.0
2020-11-27,980.2,987.11,961.84,965.79,10020000.0
2020-12-01,974.0,974.0,961.2,966.08,5590000.0
2020-12-02,970.42,977.8,962.2,970.05,6120000.0
2020-12-03,974.0,987.8,968.52,984.61,5170000.0
2020-12-04,988.0,992.11,972.42,981.71,7000000.0
2020-12-07,986.0,1014.8,981.02,1005.82,12030000.0
2020-12-08,1010.0,1016.0,991.18,1003.04,6640000.0
2020-12-09,1005.0,1020.0,1005.0,1011.38,6770000.0
2020-12-10,1011.6,1017.28,1003.0,1010.62,4740000.0
2020-12-11,1011.02,1016.81,996.96,1003.39,3840000.0
2020-12-14,990.4,1010.8,990.4,1004.56,5920000.0
2020-12-15,1009.39,1015.2,1002.04,1006.27,5030000.0
2020-12-16,1010.0,1010.35,1001.2,1007.79,4160000.0
2020-12-17,1010.0,1026.9,1006.0,1014.57,6800000.0
2020-12-18,1016.0,1052.57,1015.63,1045.75,18530000.0
2020-12-21,1048.6,1054.84,992.41,1013.71,9060000.0
2020-12-22,1021.54,1035.0,987.27,1032.36,7760000.0
2020-12-23,1032.29,1047.74,1026.25,1044.82,4059999.9999999995
2020-12-24,1049.4,1049.4,1033.0,1040.36,3380000.0
2020-12-28,1045.63,1047.0,1037.4,1040.36,2060000.0
2020-12-29,1045.0,1053.8,1029.12,1033.12,4410000.0
2020-12-30,1038.29,1038.29,1028.5,1034.19,2380000.0
2020-12-31,1038.0,1050.75,1032.2,1041.02,6040000.0
2021-01-01,1043.45,1050.97,1040.0,1048.27,2920000.0
2021-01-04,1052.0,1061.67,1048.27,1054.45,3920000.0
2021-01-05,1048.0,1067.4,1045.39,1057.38,4770000.0
2021-01-06,1057.38,1063.0,1045.2,1057.66,2710000.0
2021-01-07,1060.2,1065.0,1050.6,1054.18,3270000.0
2021-01-08,1059.98,1072.0,1055.8,1067.65,4050000.0
2021-01-11,1068.8,1085.4,1065.2,1083.36,4600000.0
2021-01-12,1088.19,1088.7,1065.89,1070.77,3740000.0
2021-01-13,1073.0,1075.0,1047.6,1058.0,3300000.0
2021-01-14,1060.98,1065.6,1053.0,1061.78,2670000.0
2021-01-15,1063.0,1063.0,1039.12,1042.56,2580000.0
2021-01-18,1046.2,1047.59,1007.0,1010.42,4410000.0
2021-01-19,1017.6,1020.99,1007.31,1017.78,3990000.0
2021-01-20,1020.46,1031.95,1013.01,1016.13,3400000.0
2021-01-21,1022.0,1027.6,1006.78,1010.44,2910000.0
2021-01-22,1009.75,1021.07,997.0,1007.38,3820000.0
2021-01-25,1008.4,1025.68,992.0,1016.48,3590000.0
2021-01-27,1010.48,1010.48,966.56,981.86,5260000.0
2021-01-28,969.0,980.79,955.4,974.36,5170000.0
2021-01-29,978.0,983.0,910.0,920.54,14820000.0
2021-02-01,912.01,915.53,878.61,885.63,12950000.0
2021-02-02,893.8,905.6,876.2,896.5,18380000.0
2021-02-03,915.79,952.32,908.49,929.91,17230000.0
2021-02-04,938.6,941.2,924.42,933.59,6510000.0
2021-02-05,937.0,966.0,925.13,960.18,12040000.0
2021-02-08,973.0,981.99,965.0,971.96,10790000.0
2021-02-09,970.0,979.14,961.0,968.82,6230000.0
2021-02-10,969.0,976.82,952.2,964.81,5770000.0
2021-02-11,964.2,972.0,962.0,965.01,3560000.0
2021-02-12,971.96,971.96,957.0,958.4,2500000.0
2021-02-15,958.4,966.71,940.01,941.97,4920000.0
2021-02-16,945.8,952.32,934.0,939.32,4059999.9999999995
2021-02-17,939.32,941.99,916.0,920.11,5110000.0
2021-02-18,921.4,932.77,912.0,923.39,5150000.0
2021-02-19,920.4,945.6,906.0,936.29,6390000.0
2021-02-22,941.6,945.39,888.63,893.85,6980000.0
2021-02-23,899.6,906.86,884.1,899.03,5320000.0
2021-02-24,899.03,904.75,875.4,887.11,3680000.0
2021-02-25,884.23,918.0,884.23,896.03,8530000.0
2021-02-26,892.0,911.72,881.0,885.31,7530000.0
2021-03-01,889.0,895.6,880.05,890.68,3550000.0
2021-03-02,894.68,895.98,878.03,880.94,9190000.0
2021-03-03,893.0,903.15,885.2,900.51,4250000.0
2021-03-04,896.4,916.67,888.8,915.01,7360000.0
2021-03-05,910.0,912.0,896.8,898.5,4130000.0
2021-03-08,900.0,904.4,892.6,898.45,2780000.0
2021-03-09,900.19,904.0,883.3,889.66,2720000.0
2021-03-10,899.2,903.97,891.21,900.08,3150000.0
2021-03-12,904.0,905.99,880.62,885.3,3440000.0
2021-03-15,892.0,892.44,857.0,868.45,4610000.0
2021-03-16,876.02,893.34,873.0,889.94,4680000.0
2021-03-17,889.94,893.0,868.86,871.17,4770000.0
2021-03-18,874.0,875.7,839.01,842.55,6050000.0
2021-03-19,842.0,861.07,827.0,854.89,7060000.0
2021-03-22,855.38,873.59,853.65,870.79,4340000.0
2021-03-23,870.0,880.6,864.42,874.45,3330000.0
2021-03-24,870.05,883.8,866.27,870.1,3910000.0
2021-03-25,870.0,880.43,856.95,876.11,4710000.0
2021-03-26,884.0,884.6,869.54,881.2,3630000.0
2021-03-30,885.99,905.49,884.21,903.64,4330000.0
2021-03-31,902.0,909.34,896.2,903.2,3860000.0
2021-04-01,910.0,918.99,904.41,917.53,3240000.0
2021-04-05,912.0,916.8,884.78,911.32,3660000.0
2021-04-06,911.8,927.98,908.4,923.85,3710000.0
2021-04-07,932.46,946.8,928.2,938.53,5570000.0
2021-04-08,938.55,951.2,932.24,937.81,3300000.0
2021-04-09,938.58,958.8,938.25,952.06,6810000.0
2021-04-12,955.0,1024.0,939.0,999.39,17570000.0
2021-04-13,1028.94,1028.94,950.22,955.46,19690000.0
2021-04-15,968.58,975.01,957.0,969.11,6930000.0
2021-04-16,972.76,988.0,963.04,978.65,5990000.0
2021-04-19,978.6,1001.0,961.41,993.62,9220000.0
2021-04-20,1020.0,1042.15,1017.9,1031.35,17420000.0
2021-04-22,1035.99,1058.0,1031.8,1039.97,12120000.0
2021-04-23,1045.6,1053.23,1006.02,1013.34,11770000.0
2021-04-26,1025.0,1026.0,1006.05,1013.34,4750000.0
2021-04-27,1018.1,1023.2,1004.27,1011.45,4790000.0
2021-04-28,1016.51,1021.38,1006.0,1008.89,4220000.0
2021-04-29,1014.05,1028.8,1008.46,1020.46,5360000.0
2021-04-30,1028.0,1042.2,1025.03,1032.62,6530000.0
2021-05-03,1038.79,1042.47,1028.0,1037.19,4690000.0
2021-05-04,1042.2,1044.58,1010.87,1013.45,3980000.0
2021-05-05,1022.0,1040.4,1014.0,1032.19,5060000.0
2021-05-06,1033.0,1050.4,1026.0,1033.69,4890000.0
2021-05-07,1039.99,1049.8,1033.2,1034.94,3920000.0
2021-05-10,1076.0,1077.99,1054.4,1065.51,11220000.0
2021-05-11,1065.0,1069.99,1054.26,1059.19,4720000.0
2021-05-12,1063.6,1068.0,1055.0,1060.29,4400000.0
2021-05-14,1067.71,1079.68,1032.0,1039.37,14890000.0
2021-05-17,1050.0,1052.0,1029.0,1050.06,6850000.0
2021-05-18,1058.05,1060.98,1042.0,1043.09,4550000.0
2021-05-19,1047.0,1052.8,1041.21,1047.56,4590000.0
2021-05-20,1051.0,1057.2,1045.0,1047.26,3880000.0
2021-05-21,1051.2,1053.9,1039.26,1043.29,3560000.0
2021-05-24,1047.2,1059.8,1045.34,1054.43,3530000.0
2021-05-25,1057.88,1064.0,1051.0,1062.24,3480000.0
2021-05-26,1064.0,1067.0,1055.0,1057.04,2540000.0
2021-05-27,1055.75,1056.78,1046.03,1053.77,3890000.0
2021-05-28,1056.0,1056.0,1030.0,1038.91,4370000.0
2021-05-31,1043.4,1067.05,1034.23,1061.83,4340000.0
2021-06-01,1061.0,1067.8,1053.06,1063.3,3740000.0
2021-06-02,1061.25,1070.8,1056.6,1062.47,2730000.0
2021-06-03,1062.0,1068.0,1053.4,1056.51,2830000.0
2021-06-04,1056.51,1058.0,1048.4,1051.0,2009999.9999999998
2021-06-07,1052.2,1054.75,1042.54,1043.84,1820000.0
2021-06-08,1044.0,1059.18,1030.02,1054.95,3660000.0
2021-06-09,1055.58,1062.0,1041.61,1044.56,2370000.0
2021-06-10,1046.5,1060.0,1046.5,1058.41,1840000.0
2021-06-11,1060.0,1097.98,1057.71,1090.6,7280000.0
2021-06-14,1090.6,1103.0,1074.0,1092.27,4490000.0
2021-06-15,1095.0,1096.61,1080.4,1082.17,2840000.0
2021-06-16,1082.0,1091.6,1068.06,1081.22,3490000.0
2021-06-17,1081.22,1082.8,1049.71,1057.3,3540000.0
2021-06-18,1063.0,1069.0,1046.96,1056.78,3490000.0
2021-06-21,1055.0,1060.0,1045.4,1056.4,2080000.0
2021-06-22,1057.1,1064.0,1050.1,1061.67,2130000.0
2021-06-23,1064.4,1069.99,1057.44,1059.87,2060000.0
2021-06-24,1059.8,1062.99,1050.01,1055.53,1830000.0
2021-06-25,1055.4,1067.2,1053.4,1061.86,2320000.0
2021-06-28,1065.8,1083.99,1062.51,1080.85,2960000.0
2021-06-29,1082.2,1090.99,1076.0,1086.62,2880000.0
2021-06-30,1087.8,1093.76,1081.0,1084.61,2340000.0
2021-07-01,1085.2,1116.0,1082.48,1111.7,4160000.0
2021-07-02,1116.0,1120.0,1102.3,1115.14,2860000.0
2021-07-05,1115.24,1119.2,1106.39,1107.58,1490000.0
2021-07-06,1107.96,1112.24,1102.8,1107.89,890540.0
2021-07-07,1105.8,1122.92,1103.01,1112.42,2690000.0
2021-07-08,1108.0,1117.6,1089.92,1093.35,2260000.0
2021-07-09,1089.6,1104.05,1083.39,1092.06,2300000.0
2021-07-12,1099.98,1100.0,1088.0,1098.86,913300.0
2021-07-13,1098.86,1106.8,1085.8,1087.42,1850000.0
2021-07-14,1087.42,1091.78,1073.5,1078.17,2510000.0
2021-07-15,1082.0,1087.7,1074.24,1078.73,1520000.0
2021-07-16,1078.6,1090.0,1076.77,1081.31,2190000.0
2021-07-19,1079.6,1089.0,1076.42,1083.87,1200000.0
2021-07-20,1087.2,1087.2,1064.52,1068.81,1320000.0
2021-07-22,1078.8,1078.8,1065.31,1076.9,929240.0
2021-07-23,1076.3,1086.4,1072.02,1084.43,1530000.0
2021-07-26,1083.8,1089.4,1079.96,1082.25,934700.0
2021-07-27,1087.6,1088.99,956.0,968.67,29370000.0
2021-07-28,973.99,974.97,933.3,946.35,16190000.000000002
2021-07-29,950.0,953.0,932.0,934.53,5430000.0
2021-07-30,937.0,961.0,935.52,942.24,6870000.0
2021-08-02,947.8,950.1,937.52,940.31,3780000.0
2021-08-03,945.68,945.89,938.34,944.34,2990000.0
2021-08-04,945.12,962.0,945.12,953.76,5520000.0
2021-08-05,958.8,961.8,948.4,956.46,2970000.0
2021-08-06,959.68,961.25,951.26,957.26,2000000.0
2021-08-09,959.0,966.76,951.86,963.7,2720000.0
2021-08-10,967.8,971.77,946.71,953.95,3080000.0
2021-08-11,953.0,953.39,938.0,948.97,2630000.0
2021-08-12,949.88,950.66,938.1,943.28,3110000.0
2021-08-13,944.42,947.16,926.4,930.44,3970000.0
2021-08-16,928.0,937.33,921.8,932.23,2100000.0
2021-08-17,933.0,943.84,932.23,940.1,2130000.0
2021-08-18,940.0,951.01,935.0,937.41,2770000.0
2021-08-20,931.98,931.98,901.6,911.2,4130000.0
2021-08-23,919.8,919.8,900.0,902.97,2840000.0
2021-08-24,910.4,919.14,889.14,917.48,3080000.0
2021-08-25,914.0,918.92,904.67,909.79,2220000.0
2021-08-26,909.79,910.98,897.28,900.7,2410000.0
2021-08-27,901.2,922.16,901.2,920.11,2820000.0
2021-08-30,923.8,940.0,915.61,935.57,3140000.0
2021-08-31,935.58,944.35,930.1,940.81,3230000.0
2021-09-01,947.8,956.89,937.4,952.69,2810000.0
2021-09-02,962.2,980.88,962.0,971.94,6300000.0
2021-09-03,975.24,981.85,972.46,979.71,2160000.0
2021-09-06,988.0,988.66,974.29,983.19,3080000.0
2021-09-07,983.0,985.19,971.11,979.49,2100000.0
2021-09-08,983.0,988.0,972.26,982.26,2500000.0
2021-09-09,977.0,984.49,975.42,982.41,1810000.0
2021-09-13,985.78,989.44,974.62,986.28,1490000.0
2021-09-14,989.98,997.8,984.75,986.15,1550000.0
2021-09-15,987.4,995.0,983.78,992.52,1600000.0
2021-09-16,996.2,999.3,983.31,986.39,1480000.0
2021-09-17,986.6,991.55,973.81,976.91,2270000.0
2021-09-20,975.0,977.11,949.64,954.99,1660000.0
2021-09-21,953.75,972.8,949.05,970.73,1700000.0
2021-09-22,970.84,975.76,962.41,969.27,1250000.0
2021-09-23,973.38,973.72,954.0,959.46,2800000.0
2021-09-24,961.2,964.22,955.61,958.07,1260000.0
2021-09-27,959.46,961.13,946.6,958.33,1130000.0
2021-09-28,961.98,970.82,951.02,966.63,1530000.0
2021-09-29,966.6,984.58,958.33,976.2,3280000.0
2021-09-30,977.98,997.0,973.09,976.14,3880000.0
2021-10-01,970.6,994.0,970.45,991.17,1710000.0
2021-10-04,991.0,1015.4,990.0,1008.54,3800000.0
2021-10-05,1007.42,1010.0,994.0,1006.92,1770000.0
2021-10-06,1003.5,1008.44,981.36,991.32,2650000.0
2021-10-07,995.18,997.98,976.59,978.22,1720000.0
2021-10-08,981.33,989.33,964.2,969.84,1740000.0
2021-10-11,974.0,984.3,965.58,978.87,3440000.0
2021-10-12,980.0,991.4,971.2,982.06,1430000.0
2021-10-13,981.8,989.2,978.02,985.69,1210000.0
2021-10-14,984.8,1001.93,982.81,991.74,1460000.0
2021-10-18,989.0,994.99,973.13,975.5,1670000.0
2021-10-19,981.0,984.0,958.0,960.36,2700000.0
2021-10-20,960.21,968.89,943.6,950.78,1580000.0
2021-10-21,956.0,957.76,920.0,930.33,2580000.0
2021-10-22,931.0,937.56,918.65,927.49,1810000.0
2021-10-25,930.18,939.8,907.4,935.23,1380000.0
2021-10-26,939.0,939.76,927.4,933.24,1360000.0
2021-10-27,931.1,945.6,929.41,932.54,1930000.0
2021-10-28,935.0,937.94,910.21,913.99,1340000.0
2021-10-29,918.6,983.57,905.21,931.84,9730000.0
2021-11-01,937.0,966.99,925.81,960.29,3380000.0
2021-11-02,959.97,960.8,944.4,949.22,2049999.9999999998
2021-11-03,951.8,959.65,950.71,954.33,1860000.0
2021-11-04,955.0,957.73,950.8,953.23,104180.0
2021-11-08,952.0,962.03,940.22,957.75,1190000.0
2021-11-09,958.0,967.0,955.06,958.47,1250000.0
2021-11-10,956.82,969.99,954.8,965.87,1710000.0
2021-11-11,966.2,969.87,956.8,962.99,1590000.0
2021-11-12,970.0,974.0,963.0,968.65,1170000.0
2021-11-15,968.2,979.8,966.61,974.73,1340000.0
2021-11-16,980.2,980.2,959.47,963.52,1680000.0
2021-11-17,963.52,964.97,950.02,953.66,983300.0
2021-11-18,951.96,953.54,930.22,934.29,1170000.0
2021-11-22,935.29,937.92,916.32,921.52,910090.0
2021-11-23,920.0,932.37,910.3,926.39,1060000.0
2021-11-24,925.78,930.72,917.32,919.61,996290.0
2021-11-25,922.8,939.2,917.0,918.32,2730000.0
2021-11-26,916.0,964.0,915.23,950.18,5360000.0
2021-11-29,970.0,977.0,933.12,939.52,4500000.0
2021-11-30,942.78,949.65,930.0,935.17,3590000.0
2021-12-01,939.2,942.48,918.0,921.27,2130000.0
2021-12-02,921.98,933.8,921.81,932.55,1160000.0
2021-12-03,930.44,932.8,916.6,919.3,2740000.0
2021-12-06,921.85,921.85,896.86,899.74,1340000.0
2021-12-07,904.0,910.0,888.26,904.14,2660000.0
2021-12-08,905.45,917.94,905.45,914.14,979280.0
2021-12-09,920.0,923.59,913.07,918.85,1130000.0
2021-12-10,922.0,923.9,914.7,918.66,802570.0
2021-12-13,935.6,935.6,913.29,919.96,1360000.0
2021-12-14,919.2,932.0,915.42,929.31,1200000.0
2021-12-15,929.02,929.31,914.46,920.06,1540000.0
2021-12-16,926.0,927.79,914.0,919.47,1010000.0
2021-12-17,926.0,929.6,899.36,903.59,2420000.0
2021-12-20,899.24,915.0,892.4,912.14,1710000.0
2021-12-21,912.21,925.84,908.76,924.18,1290000.0
2021-12-22,928.0,935.86,922.0,929.7,1070000.0
2021-12-23,934.74,940.0,931.02,938.96,831200.0
2021-12-24,945.0,946.0,922.2,927.73,1260000.0
2021-12-27,924.82,949.0,924.22,947.38,1700000.0
2021-12-28,947.38,954.72,940.61,948.76,3340000.0
2021-12-29,948.76,969.63,948.76,966.63,2530000.0
2021-12-30,966.0,985.59,965.01,980.94,2770000.0
2021-12-31,980.8,986.21,975.3,981.4,1440000.0
2022-01-03,981.4,986.06,969.54,970.63,1460000.0
2022-01-04,972.2,978.58,965.0,967.09,1270000.0
2022-01-05,976.0,980.92,951.41,958.08,2680000.0
2022-01-06,958.08,967.21,945.66,947.89,1910000.0
2022-01-07,953.89,953.89,938.0,941.68,1340000.0
2022-01-10,945.68,945.68,931.03,939.81,1580000.0
2022-01-11,942.0,947.98,932.11,933.85,1550000.0
2022-01-12,936.0,940.66,926.8,938.68,1190000.0
2022-01-13,940.0,951.92,936.92,945.19,2270000.0
2022-01-14,944.04,944.6,932.11,937.84,1590000.0
2022-01-17,933.1,939.99,921.1,934.48,2690000.0
2022-01-18,934.0,944.89,924.2,938.71,2120000.0
2022-01-19,939.0,946.88,930.99,936.99,1540000.0
2022-01-20,942.4,942.4,914.0,918.31,1590000.0
2022-01-21,912.25,914.0,887.0,899.23,2790000.0
2022-01-24,897.22,897.96,862.2,872.87,2780000.0
2022-01-25,872.87,883.79,860.2,880.57,1700000.0
2022-01-27,868.0,873.03,846.4,851.27,3530000.0
2022-01-28,849.76,876.0,835.09,843.72,6510000.0
2022-01-31,849.99,873.72,848.01,860.56,3090000.0
2022-02-01,864.0,865.28,851.6,861.89,1860000.0
2022-02-02,865.0,885.95,863.02,883.07,1530000.0
2022-02-03,883.6,887.39,872.0,874.93,1110000.0
2022-02-04,880.91,881.3,867.4,870.39,1230000.0
2022-02-07,864.0,870.0,850.01,861.84,1280000.0
2022-02-08,861.8,875.87,856.01,864.39,1980000.0
2022-02-09,864.44,879.0,862.3,873.75,994400.0
2022-02-10,877.0,877.75,866.74,874.14,1190000.0
2022-02-11,862.2,869.91,856.03,865.08,1690000.0
2022-02-14,850.0,853.32,833.35,840.92,2250000.0
2022-02-15,846.8,858.89,837.72,855.51,1790000.0
2022-02-16,855.6,874.56,848.71,863.29,1900000.0
2022-02-17,864.58,867.05,858.64,860.2,1150000.0
2022-02-18,856.0,868.6,852.92,864.23,1790000.0
2022-02-21,875.2,883.33,856.52,859.65,2940000.0
2022-02-22,837.99,847.12,831.14,843.7,2400000.0
2022-02-23,852.0,852.13,838.17,840.19,1860000.0
2022-02-24,810.0,829.8,809.99,818.5,3490000.0
2022-02-25,822.8,840.2,820.42,835.32,1530000.0
2022-02-28,830.0,830.0,810.5,812.68,4910000.0
2022-03-02,812.27,812.68,765.0,770.63,7700000.0
2022-03-03,775.8,778.85,740.0,743.77,6670000.0
2022-03-04,742.0,774.79,730.8,765.73,6040000.0
2022-03-07,749.8,758.39,733.6,753.88,3020000.0
2022-03-08,750.0,777.39,747.57,773.71,3920000.0
2022-03-09,780.3,796.26,776.44,786.09,4050000.0
2022-03-10,795.0,797.3,775.11,778.5,3560000.0
2022-03-11,778.6,799.2,774.6,795.12,5570000.0
2022-03-14,792.2,798.93,785.0,791.46,2850000.0
2022-03-15,791.6,799.8,776.0,779.97,2360000.0
2022-03-16,794.8,794.8,778.0,788.76,1790000.0
2022-03-17,793.02,810.0,789.24,808.43,3860000.0
2022-03-21,814.8,816.59,799.35,800.99,2009999.9999999998
2022-03-22,804.2,811.39,794.0,806.07,6450000.0
2022-03-23,808.0,837.79,808.0,825.46,5220000.0
2022-03-24,822.6,869.71,820.29,865.7,8690000.0
2022-03-25,865.4,875.0,858.0,872.29,4320000.0
2022-03-28,871.96,872.59,847.83,857.09,2480000.0
2022-03-29,858.8,871.11,849.41,864.71,2110000.0
2022-03-30,870.56,873.3,856.82,870.88,3080000.0
2022-03-31,870.6,877.5,856.02,859.09,3060000.0
2022-04-01,859.0,866.93,852.6,855.89,1570000.0
2022-04-04,868.0,868.0,854.0,863.43,1300000.0
2022-04-05,867.78,881.6,860.55,865.98,2400000.0
2022-04-06,866.0,871.0,853.26,855.35,2060000.0
2022-04-07,859.0,871.41,855.35,863.48,1400000.0
2022-04-08,869.4,895.53,865.37,886.07,3360000.0
2022-04-11,886.0,890.0,874.69,876.1,1080000.0
2022-04-12,875.2,881.62,865.73,874.47,1860000.0
2022-04-13,870.2,872.47,858.12,859.84,1850000.0
2022-04-18,855.0,863.69,846.14,856.99,1700000.0
2022-04-19,862.0,863.22,838.0,841.94,1550000.0
2022-04-20,843.4,868.0,842.61,858.68,2250000.0
2022-04-21,863.8,870.31,862.0,864.06,1970000.0
2022-04-22,859.39,859.8,833.4,838.55,1950000.0
2022-04-25,830.0,835.94,812.2,823.09,1710000.0
2022-04-26,835.0,837.05,826.21,830.91,792230.0
2022-04-27,830.91,832.74,814.51,815.41,993500.0
2022-04-28,820.0,830.33,816.32,824.43,1500000.0
2022-04-29,832.0,853.2,823.02,826.39,2620000.0
2022-05-02,824.43,829.05,814.0,824.78,925300.0
2022-05-04,824.8,827.08,793.4,798.47,1710000.0
2022-05-05,810.0,814.98,790.2,792.76,1260000.0
2022-05-06,785.96,789.77,776.0,786.13,1200000.0
2022-05-09,785.8,787.19,774.13,781.16,886780.0
2022-05-10,780.0,786.8,778.0,782.8,1010000.0
2022-05-11,779.1,788.59,770.2,776.81,1360000.0
2022-05-12,772.3,779.24,757.97,776.0,1470000.0
2022-05-13,779.88,795.8,778.1,784.86,1090000.0
2022-05-16,784.6,791.0,772.21,777.68,1090000.0
2022-05-17,786.98,788.97,774.2,780.8,1280000.0
2022-05-18,782.8,796.99,776.4,781.16,2500000.0
2022-05-19,777.2,802.95,765.81,785.89,9130000.0
2022-05-20,795.0,859.82,795.0,849.82,12400000.0
2022-05-23,849.82,865.4,847.24,854.99,3040000.0
2022-05-24,854.78,875.0,851.29,869.42,5050000.0
2022-05-25,878.22,879.6,859.26,861.49,2500000.0
2022-05-26,863.2,869.8,857.93,860.83,2150000.0
2022-05-27,864.0,881.8,853.79,878.1,2170000.0
2022-05-30,880.8,885.35,870.22,874.06,2320000.0
2022-05-31,871.0,879.8,866.12,873.93,2380000.0
2022-06-01,870.0,872.33,860.22,863.8,1770000.0
2022-06-02,860.62,872.0,858.0,866.63,1640000.0
2022-06-03,871.94,878.33,862.96,868.0,1420000.0
2022-06-06,866.4,870.73,854.2,861.15,566060.0
2022-06-07,852.0,855.0,820.74,828.79,3610000.0
2022-06-08,834.8,842.46,822.6,839.83,2260000.0
2022-06-09,834.02,867.0,834.02,864.58,3700000.0
2022-06-10,864.58,872.8,856.36,870.31,2110000.0
2022-06-13,864.6,871.0,851.3,853.44,1840000.0
2022-06-14,850.0,864.99,847.81,862.21,2040000.0
2022-06-15,861.34,869.82,857.41,867.1,1590000.0
2022-06-16,870.0,871.86,855.13,857.5,1750000.0
2022-06-17,858.0,859.78,813.21,829.34,4760000.0
2022-06-20,829.34,835.84,821.42,830.36,1390000.0
2022-06-21,832.02,855.31,832.02,853.73,1190000.0
2022-06-22,856.2,869.77,832.0,852.18,2850000.0
2022-06-23,859.0,861.54,851.0,858.98,1680000.0
2022-06-24,864.4,874.51,858.4,861.93,1520000.0
2022-06-27,879.97,879.97,861.17,864.11,1660000.0
2022-06-28,865.85,876.0,862.4,874.92,1410000.0
2022-06-29,871.42,881.75,866.88,872.87,1910000.0
2022-06-30,873.95,883.0,870.2,878.76,1850000.0
2022-07-01,877.0,879.0,858.01,877.18,1520000.0
2022-07-04,872.42,882.25,859.2,870.89,1300000.0
2022-07-05,872.98,893.5,870.24,878.84,2430000.0
2022-07-06,879.0,888.66,875.87,878.0,1680000.0
2022-07-07,885.35,888.6,865.6,867.29,2160000.0
2022-07-08,866.0,882.99,860.88,881.24,2089999.9999999998
2022-07-11,875.83,913.74,870.02,900.2,4800000.0
2022-07-12,894.02,907.8,885.2,896.74,2080000.0
2022-07-13,898.9,906.94,890.0,900.32,1890000.0
2022-07-14,901.2,921.6,900.61,915.08,4420000.0
2022-07-15,919.08,922.51,904.2,909.2,1500000.0
2022-07-18,915.2,922.76,891.06,893.22,2340000.0
2022-07-19,891.56,899.6,887.03,889.58,1960000.0
2022-07-20,898.0,898.4,888.0,891.75,1130000.0
2022-07-21,893.8,897.37,871.2,874.22,3130000.0
2022-07-22,878.8,881.36,870.6,874.7,1810000.0
2022-07-25,875.53,878.17,860.0,866.11,1730000.0
2022-07-26,865.76,865.76,838.81,842.4,2970000.0
2022-07-27,841.59,860.0,832.6,857.21,1870000.0
2022-07-28,862.8,862.98,839.0,852.01,2830000.0
2022-07-29,836.59,836.59,811.12,818.07,9870000.0
2022-08-01,827.96,827.96,820.1,822.09,2140000.0
2022-08-02,825.6,825.6,814.24,817.08,2640000.0
2022-08-03,818.99,820.8,808.0,819.26,2600000.0
2022-08-04,822.0,831.86,817.81,829.59,3010000.0
2022-08-05,831.0,838.76,828.77,831.37,2080000.0
2022-08-08,831.37,846.8,831.37,844.67,2040000.0
2022-08-10,848.72,852.8,842.91,848.66,2110000.0
2022-08-11,852.0,855.6,847.18,851.66,1290000.0
2022-08-12,851.6,857.92,844.2,852.16,2020000.0
2022-08-16,855.0,863.8,852.56,859.56,1310000.0
2022-08-17,863.59,865.98,858.35,863.18,2170000.0
2022-08-18,848.0,848.0,826.67,845.02,5140000.0
2022-08-19,846.4,849.42,837.0,840.8,1930000.0
2022-08-22,833.82,845.99,832.0,837.39,1690000.0
2022-08-23,829.0,847.04,829.0,845.03,1400000.0
2022-08-24,849.26,849.26,839.4,843.61,1470000.0
2022-08-25,847.83,852.78,842.4,847.58,1550000.0
2022-08-26,854.6,855.0,842.43,844.66,818690.0
2022-08-29,834.0,844.65,831.43,842.03,966050.0
2022-08-30,842.8,852.32,838.53,849.01,2360000.0
2022-09-01,843.2,846.5,839.41,840.42,1660000.0
2022-09-02,844.63,846.4,834.79,837.99,1010000.0
2022-09-05,839.0,843.91,831.0,842.85,1580000.0
2022-09-06,846.0,850.4,837.0,847.84,1130000.0
2022-09-07,843.0,853.2,842.46,849.86,1070000.0
2022-09-08,859.39,859.39,850.54,854.33,1580000.0
2022-09-09,854.5,863.9,849.21,851.02,1570000.0
2022-09-12,852.0,860.0,848.94,852.23,1260000.0
2022-09-13,852.81,861.39,847.4,850.58,2210000.0
2022-09-14,833.07,852.49,833.07,842.83,1720000.0
2022-09-15,847.05,847.05,828.27,833.8,1880000.0
2022-09-16,837.0,837.0,812.16,815.47,1890000.0
2022-09-19,814.0,822.21,799.4,819.83,1510000.0
2022-09-20,822.4,847.6,821.22,843.2,2960000.0
2022-09-21,843.99,853.82,826.57,830.55,1890000.0
2022-09-22,822.02,844.42,821.68,836.48,2390000.0
2022-09-23,832.6,842.95,825.9,827.84,1660000.0
2022-09-26,823.84,831.76,817.86,825.57,2060000.0
2022-09-27,829.7,840.0,825.06,836.32,1490000.0
2022-09-28,835.63,859.4,835.63,853.94,3130000.0
2022-09-29,858.25,881.4,857.2,872.14,5440000.0
2022-09-30,876.51,881.0,854.41,867.14,3160000.0
2022-10-03,863.0,887.8,862.48,883.93,3480000.0
2022-10-04,889.2,889.98,875.21,882.79,1540000.0
2022-10-06,887.21,889.59,873.98,879.51,1230000.0
2022-10-07,878.0,881.71,874.4,875.33,1340000.0
2022-10-10,870.0,877.6,864.0,876.0,1220000.0
2022-10-11,877.4,877.6,850.4,856.55,1490000.0
2022-10-12,860.0,862.0,843.01,848.23,1470000.0
2022-10-13,849.99,861.8,848.26,850.93,1510000.0
2022-10-14,861.0,868.0,852.61,862.16,1240000.0
2022-10-17,861.0,874.8,856.5,867.04,1050000.0
2022-10-18,871.38,874.73,867.04,871.31,721180.0
2022-10-19,872.01,878.81,861.01,863.38,860840.0
2022-10-20,861.0,871.0,856.0,869.81,1290000.0
2022-10-21,871.0,877.79,861.72,866.16,1000000.0
2022-10-24,872.96,876.8,871.0,875.5,158840.0
2022-10-25,877.99,895.5,874.2,888.47,3120000.0
2022-10-27,892.0,903.8,890.07,898.24,2210000.0
2022-10-28,897.0,900.55,886.0,891.99,1770000.0
2022-10-31,906.2,925.0,868.93,886.74,9130000.0
2022-11-01,887.05,916.0,887.05,907.06,5350000.0
2022-11-02,909.01,929.0,909.01,911.13,3710000.0
2022-11-03,911.13,920.0,905.47,917.98,1770000.0
2022-11-04,918.01,920.0,902.49,905.02,2460000.0
2022-11-07,906.2,909.46,888.88,897.09,2100000.0
2022-11-09,908.0,913.16,900.02,906.98,3570000.0
2022-11-10,907.99,923.2,905.6,909.89,2960000.0
2022-11-11,914.44,915.8,900.4,907.89,1630000.0
2022-11-14,880.0,896.77,863.0,872.73,3720000.0
2022-11-15,873.44,888.52,872.74,886.74,1870000.0
2022-11-16,886.73,908.99,878.64,896.2,2610000.0
2022-11-17,896.19,897.69,876.47,884.26,1560000.0
2022-11-18,884.75,886.91,875.1,881.81,1690000.0
2022-11-21,876.0,878.6,863.51,869.97,2150000.0
2022-11-22,874.32,880.52,865.2,872.5,2020000.0
2022-11-23,876.0,884.0,872.0,881.13,1960000.0
2022-11-24,885.54,887.99,875.17,882.77,1190000.0
2022-11-25,884.77,886.99,877.8,883.62,1480000.0
2022-11-28,882.95,889.48,877.3,880.4,1530000.0
2022-11-29,881.02,895.74,880.81,890.67,2049999.9999999998
2022-11-30,894.0,903.59,888.2,897.43,4260000.0
2022-12-01,901.92,906.36,889.36,894.87,1940000.0
2022-12-02,896.99,904.8,892.03,902.08,2080000.0
2022-12-05,905.98,906.4,890.03,895.88,1960000.0
2022-12-06,892.02,894.89,871.81,874.84,1740000.0
2022-12-07,873.0,876.6,864.0,872.3,1660000.0
2022-12-08,874.79,875.85,866.21,871.24,1390000.0
2022-12-09,875.0,882.96,870.85,881.42,1540000.0
2022-12-12,873.41,892.58,873.41,890.45,1370000.0
2022-12-13,890.04,894.93,888.1,891.63,1090000.0
2022-12-14,895.0,902.7,890.27,900.91,1390000.0
2022-12-15,897.23,905.52,892.2,893.79,1210000.0
2022-12-16,886.9,891.77,852.25,861.82,16780000.0
2022-12-19,868.99,881.73,863.01,879.21,1660000.0
2022-12-20,876.0,878.0,861.62,873.95,1210000.0
2022-12-21,875.99,887.0,870.68,881.51,1740000.0
2022-12-22,886.0,891.2,863.02,869.85,1740000.0
2022-12-23,865.01,883.6,858.25,862.09,2500000.0
2022-12-26,866.41,869.4,846.01,849.72,1590000.0
2022-12-27,853.96,853.96,840.2,850.17,1370000.0
2022-12-28,850.17,853.33,843.19,850.55,1090000.0
2022-12-29,855.0,870.93,844.61,852.12,4059999.9999999995
2022-12-30,856.0,857.02,845.0,847.51,882900.0
2023-01-02,851.75,853.51,841.8,847.01,663630.0
2023-01-03,847.76,851.62,843.22,847.67,810900.0
2023-01-04,847.0,852.0,844.26,850.7,832840.0
2023-01-05,853.0,860.77,848.3,859.5,994930.0
2023-01-06,859.9,863.86,851.82,854.35,630680.0
2023-01-09,858.63,867.99,855.03,866.8,830200.0
2023-01-10,864.0,869.66,856.79,857.74,1170000.0
2023-01-11,860.99,864.0,848.88,852.38,1270000.0
2023-01-12,854.99,864.4,848.42,862.12,1280000.0
2023-01-13,864.8,868.34,858.0,864.08,1230000.0
2023-01-16,867.94,870.55,858.01,865.21,446560.0
2023-01-17,867.79,871.96,861.12,870.35,778130.0
2023-01-18,870.35,878.99,868.4,872.87,1320000.0
2023-01-19,872.97,876.63,863.31,866.44,1240000.0
2023-01-20,866.39,876.21,856.0,870.12,1180000.0
2023-01-23,871.99,873.09,863.87,867.57,770270.0
2023-01-24,868.2,870.96,847.4,850.55,1320000.0
2023-01-25,852.0,853.78,835.02,840.19,1470000.0
2023-01-27,856.0,876.18,850.67,862.8,4780000.0
2023-01-30,863.99,867.89,856.99,865.76,1870000.0
2023-01-31,869.0,875.34,858.66,864.83,3160000.0
2023-02-01,868.2,876.0,862.05,870.3,2029999.9999999998
2023-02-02,862.6,875.81,858.31,874.02,1950000.0
2023-02-03,875.0,885.98,863.64,871.67,1870000.0
2023-02-06,876.03,876.03,857.0,869.91,1520000.0
2023-02-07,876.13,893.65,872.05,888.05,2990000.0
2023-02-08,890.0,899.32,886.53,897.56,1200000.0
2023-02-09,888.8,905.91,886.72,897.5,2049999.9999999998
2023-02-10,898.79,901.0,886.51,899.92,685110.0
2023-02-13,901.62,911.48,900.02,904.94,1870000.0
2023-02-14,909.0,912.8,900.13,907.68,1200000.0
2023-02-15,909.6,912.64,900.84,903.97,1280000.0
2023-02-16,908.49,909.97,901.89,903.86,1350000.0
2023-02-17,900.24,907.0,892.7,902.07,1060000.0
2023-02-20,904.0,907.71,893.69,894.96,761750.0
2023-02-21,900.86,900.86,891.76,897.23,791630.0
2023-02-22,897.38,904.04,893.88,895.34,882310.0
2023-02-23,895.22,903.0,888.2,889.92,1190000.0
2023-02-24,892.98,902.0,888.36,898.22,1760000.0
2023-02-27,898.22,898.22,871.0,884.2,1370000.0
2023-02-28,887.8,887.8,860.0,863.32,2700000.0
2023-03-01,863.29,871.43,859.4,868.84,995520.0
2023-03-02,871.6,880.29,864.0,878.12,1410000.0
2023-03-03,882.52,889.39,872.1,887.59,1370000.0
2023-03-06,887.4,891.76,883.21,887.84,877920.0
2023-03-08,886.6,888.8,880.25,885.25,1170000.0
2023-03-09,883.13,887.67,874.36,876.19,1020000.0
2023-03-10,874.59,882.61,870.0,879.11,1690000.0
2023-03-13,875.0,883.19,869.1,874.08,812710.0
2023-03-14,878.8,884.18,861.8,869.91,2140000.0
2023-03-15,871.39,885.0,868.16,878.9,1720000.0
2023-03-16,882.2,886.0,874.07,876.75,1380000.0
2023-03-17,881.14,892.63,876.75,887.23,3090000.0
2023-03-20,886.2,898.8,884.5,887.89,3950000.0
2023-03-21,888.39,896.0,881.84,883.87,1980000.0
2023-03-22,885.87,896.0,883.17,894.99,1600000.0
2023-03-23,895.8,899.9,886.11,889.39,2420000.0
2023-03-24,889.99,899.6,889.99,892.83,1130000.0
2023-03-27,898.0,905.73,893.01,897.13,1760000.0
2023-03-28,899.79,909.42,896.0,905.36,1830000.0
2023-03-29,909.89,915.0,904.43,913.56,2080000.0
2023-03-31,916.6,931.3,913.57,924.55,2280000.0
2023-04-03,929.79,936.4,919.62,931.3,1500000.0
2023-04-05,930.0,939.0,928.26,936.56,1820000.0
2023-04-06,938.79,942.24,935.19,939.88,1460000.0
2023-04-10,946.4,954.44,937.6,951.93,920770.0
2023-04-11,954.6,961.18,941.6,952.67,2310000.0
2023-04-12,952.67,983.92,945.24,976.2,3400000.0
2023-04-13,977.6,977.6,966.24,970.58,1170000.0
2023-04-17,975.39,984.59,963.95,970.46,1710000.0
2023-04-18,972.28,983.6,969.1,982.48,1800000.0
2023-04-19,977.48,988.0,976.11,981.87,1920000.0
2023-04-20,983.2,983.2,964.45,971.64,3180000.0
2023-04-21,971.62,975.8,964.63,973.75,1660000.0
2023-04-24,970.8,970.8,950.42,961.22,2190000.0
2023-04-25,960.71,968.23,951.55,966.66,1640000.0
2023-04-26,962.0,974.85,962.0,969.02,1020000.0
2023-04-27,969.0,987.8,963.62,983.71,1100000.0
2023-04-28,983.71,987.0,975.42,985.97,1240000.0
2023-05-02,980.68,991.79,980.68,990.08,1210000.0
2023-05-03,989.98,992.0,983.0,990.45,883880.0
2023-05-04,990.45,995.0,984.07,993.6,1010000.0
2023-05-05,994.99,997.8,985.11,988.5,461550.0
2023-05-08,989.0,993.34,969.33,981.42,1190000.0
2023-05-09,983.61,987.98,978.01,986.65,1550000.0
2023-05-10,992.97,992.97,967.98,973.46,2270000.0
2023-05-11,935.0,940.0,904.81,906.4,13920000.0
2023-05-12,908.99,908.99,889.0,893.22,5240000.0
2023-05-15,894.03,906.42,889.3,903.71,1590000.0
2023-05-16,904.6,909.58,900.91,903.01,1430000.0
2023-05-17,903.96,909.01,890.22,896.3,1750000.0
2023-05-18,898.4,900.44,880.98,884.62,2130000.0
2023-05-19,885.59,888.0,876.81,878.39,1630000.0
2023-05-22,881.8,893.97,876.85,891.53,1220000.0
2023-05-23,891.62,899.93,889.21,892.11,1620000.0
2023-05-24,893.0,904.8,891.98,903.85,1680000.0
2023-05-25,906.78,906.78,896.48,900.79,1030000.0
2023-05-26,901.01,907.8,899.99,906.19,752940.0
2023-05-29,909.58,913.8,904.0,911.25,928140.0
2023-05-30,911.25,911.25,899.77,903.78,1370000.0
2023-05-31,902.0,905.93,896.19,900.21,6310000.0
2023-06-01,901.97,911.99,900.21,910.41,1530000.0
2023-06-02,913.79,924.0,913.01,922.09,2510000.0
2023-06-05,926.2,930.4,919.34,920.71,1130000.0
2023-06-06,922.0,928.0,921.0,927.33,1160000.0
2023-06-07,930.0,935.6,929.02,934.75,1140000.0
2023-06-08,935.0,938.6,927.4,929.88,1200000.0
2023-06-09,936.21,941.0,929.12,933.36,1080000.0
2023-06-12,939.0,939.0,930.89,935.13,717870.0
2023-06-13,940.0,945.76,931.61,940.4,1290000.0
2023-06-14,941.56,945.91,937.0,939.8,901260.0
2023-06-15,939.32,971.0,939.2,960.69,3630000.0
2023-06-16,968.97,988.0,965.03,983.01,3810000.0
2023-06-19,990.2,1004.8,972.41,975.8,3540000.0
2023-06-20,975.8,985.35,973.41,980.24,1070000.0
2023-06-21,984.39,990.0,978.74,982.08,1120000.0
2023-06-22,982.31,985.39,978.0,979.89,1240000.0
2023-06-23,980.2,1003.0,980.2,998.78,2790000.0
2023-06-26,997.98,1014.8,990.4,1008.32,3610000.0
2023-06-27,1008.32,1017.31,1003.2,1005.12,3330000.0
2023-06-28,1005.11,1023.88,1000.87,1021.57,4430000.0
2023-06-30,1023.2,1034.99,1022.02,1031.92,2430000.0
2023-07-03,1031.92,1035.8,1018.06,1019.66,1170000.0
2023-07-04,1022.98,1040.95,1017.01,1037.68,1860000.0
2023-07-05,1037.0,1040.36,1027.4,1035.67,1410000.0
2023-07-06,1035.69,1051.7,1034.0,1046.36,2530000.0
2023-07-07,1046.0,1054.63,1022.0,1036.5,2770000.0
2023-07-10,1038.99,1043.0,1029.0,1030.99,1000000.0
2023-07-11,1028.8,1043.0,1022.71,1033.17,1060000.0
2023-07-12,1030.0,1039.79,1026.0,1037.8,1200000.0
2023-07-13,1038.0,1040.63,1026.98,1028.49,2029999.9999999998
2023-07-14,1031.0,1032.98,1015.25,1018.41,1940000.0
2023-07-17,1019.93,1049.0,1018.6,1045.95,1980000.0
2023-07-18,1040.7,1043.14,1029.31,1038.2,1290000.0
2023-07-19,1036.8,1054.0,1032.32,1044.27,1960000.0
2023-07-20,1049.8,1078.94,1048.0,1067.86,6020000.0
2023-07-21,1064.66,1067.95,1055.52,1057.64,1150000.0
2023-07-24,1055.65,1087.37,1055.65,1078.34,2120000.0
2023-07-25,1084.0,1095.99,1078.37,1085.08,2160000.0
2023-07-26,1088.0,1098.0,1080.21,1095.13,1700000.0
2023-07-27,1106.0,1122.8,1084.01,1101.4,7540000.0
2023-07-28,1102.4,1123.6,1102.4,1116.6,3180000.0
2023-07-31,1116.91,1132.08,1114.0,1128.09,1600000.0
2023-08-01,1127.97,1141.87,1121.42,1133.41,2120000.0
2023-08-02,1133.42,1139.17,1126.89,1132.09,1790000.0
2023-08-03,1129.0,1146.8,1124.3,1131.9,2570000.0
2023-08-04,1131.92,1142.2,1128.0,1129.91,1730000.0
2023-08-07,1132.0,1137.6,1123.78,1126.14,2500000.0
2023-08-08,1130.4,1147.79,1129.0,1131.59,2990000.0
2023-08-09,1134.22,1176.75,1134.22,1174.2,10070000.0
2023-08-10,1176.02,1183.33,1161.2,1170.23,2760000.0
2023-08-11,1170.8,1177.01,1161.63,1164.6,2260000.0
2023-08-14,1165.99,1175.8,1160.0,1164.67,2170000.0
2023-08-16,1166.0,1177.9,1155.0,1171.57,4310000.0
2023-08-17,1174.27,1181.41,1171.18,1176.13,2140000.0
2023-08-18,1179.9,1196.0,1168.12,1174.89,4280000.0
2023-08-21,1174.05,1185.0,1170.79,1182.17,1330000.0
2023-08-22,1183.8,1189.0,1174.56,1185.11,1690000.0
2023-08-23,1184.0,1194.99,1182.4,1190.67,3140000.0
2023-08-24,1196.0,1197.94,1178.24,1181.43,4120000.0
2023-08-25,1178.0,1178.0,1154.11,1155.85,4710000.0
2023-08-28,1156.0,1165.8,1145.44,1155.18,2350000.0
2023-08-29,1154.0,1157.3,1143.0,1144.76,3260000.0
2023-08-30,1147.56,1151.21,1128.0,1129.95,3550000.0
2023-08-31,1129.95,1139.0,1118.0,1121.57,3180000.0
2023-09-01,1126.0,1126.85,1110.02,1115.71,1110000.0
2023-09-04,1117.0,1133.34,1115.71,1131.89,1470000.0
2023-09-05,1128.0,1128.0,1112.11,1115.78,1970000.0
2023-09-06,1115.96,1126.99,1111.85,1116.66,2260000.0
2023-09-07,1116.59,1130.9,1116.25,1123.03,2630000.0
2023-09-08,1126.2,1126.73,1114.0,1116.76,923950.0
2023-09-11,1119.0,1132.8,1117.01,1122.76,1310000.0
2023-09-12,1127.99,1143.4,1125.2,1134.76,2580000.0
2023-09-13,1142.0,1151.9,1134.26,1147.78,1570000.0
2023-09-14,1154.0,1155.26,1140.91,1148.93,1140000.0
2023-09-15,1155.32,1168.57,1146.62,1163.9,2069999.9999999998
2023-09-18,1164.2,1165.76,1144.38,1145.6,1260000.0
2023-09-20,1144.37,1144.37,1120.4,1123.01,2270000.0
2023-09-21,1123.1,1139.4,1122.57,1133.7,2930000.0
2023-09-22,1133.7,1138.78,1100.4,1103.41,2450000.0
2023-09-25,1105.97,1107.98,1085.6,1087.75,1220000.0
2023-09-26,1091.8,1105.39,1089.8,1093.55,1380000.0
2023-09-27,1102.8,1121.0,1096.01,1099.29,2440000.0
2023-09-28,1101.49,1101.49,1082.2,1085.82,1930000.0
2023-09-29,1093.8,1126.0,1090.65,1117.4,3100000.0
2023-10-03,1117.38,1117.38,1090.0,1092.34,2069999.9999999998
2023-10-04,1093.0,1099.8,1080.3,1083.56,2110000.0
2023-10-05,1092.0,1095.0,1080.0,1081.45,2060000.0
2023-10-06,1087.0,1097.44,1081.84,1084.98,1570000.0
2023-10-09,1082.01,1105.47,1080.03,1098.97,2370000.0
2023-10-10,1096.8,1097.4,1085.6,1095.71,1520000.0
2023-10-11,1102.0,1117.6,1102.0,1113.52,1960000.0
2023-10-12,1113.52,1116.81,1103.0,1106.04,1700000.0
2023-10-13,1085.44,1104.82,1084.32,1092.04,1630000.0
2023-10-16,1097.8,1101.4,1092.0,1098.62,859220.0
2023-10-17,1097.4,1114.6,1097.01,1108.82,1630000.0
2023-10-18,1108.9,1138.95,1108.36,1135.49,3010000.0
2023-10-19,1134.95,1134.95,1122.1,1126.18,2530000.0
2023-10-20,1124.01,1124.01,1110.2,1113.86,1140000.0
2023-10-23,1105.1,1133.39,1105.1,1110.39,1810000.0
2023-10-25,1120.0,1122.44,1100.0,1102.77,2100000.0
2023-10-26,1099.6,1103.5,1068.18,1084.39,1540000.0
2023-10-27,1084.38,1090.79,1070.2,1079.46,2160000.0
2023-10-30,1078.79,1078.79,1041.11,1069.07,2690000.0
2023-10-31,1074.8,1088.19,1070.62,1073.51,1880000.0
2023-11-01,1077.0,1084.08,1062.9,1069.29,1380000.0
2023-11-02,1076.0,1083.0,1064.68,1067.7,2370000.0
2023-11-03,1075.4,1075.4,1049.42,1052.61,2920000.0
2023-11-06,1060.0,1071.43,1056.64,1067.62,2850000.0
2023-11-07,1074.8,1094.61,1063.96,1080.87,3500000.0
2023-11-08,1085.78,1100.07,1081.32,1090.71,2100000.0
2023-11-09,1095.78,1099.79,1088.0,1091.59,1640000.0
2023-11-10,1087.99,1090.14,1074.4,1084.98,1140000.0
2023-11-12,1090.0,1091.54,1087.0,1089.95,100560.0
2023-11-13,1086.0,1096.36,1076.42,1083.97,855910.0
2023-11-15,1086.19,1091.03,1081.0,1083.99,1420000.0
2023-11-16,1085.0,1115.0,1084.17,1108.85,1700000.0
2023-11-17,1113.0,1127.9,1109.0,1122.31,2120000.0
2023-11-20,1122.99,1131.22,1117.18,1120.83,2000000.0
2023-11-21,1122.0,1135.79,1121.1,1129.29,1900000.0
2023-11-22,1131.02,1146.0,1131.02,1132.91,2120000.0
2023-11-23,1135.0,1136.89,1121.77,1128.93,1510000.0
2023-11-24,1129.99,1151.37,1123.0,1129.23,2310000.0
2023-11-28,1129.4,1142.89,1129.4,1135.16,1560000.0
2023-11-29,1139.58,1148.8,1130.8,1143.07,1600000.0
2023-11-30,1145.0,1160.0,1143.2,1157.63,4270000.0
2023-12-01,1160.0,1171.31,1147.89,1149.88,1390000.0
2023-12-04,1160.0,1160.0,1145.68,1151.2,1120000.0
2023-12-05,1153.0,1163.8,1148.4,1155.29,1120000.0
2023-12-06,1159.2,1164.0,1141.61,1146.07,2660000.0
2023-12-07,1154.07,1169.98,1150.07,1157.02,3790000.0
2023-12-08,1156.97,1156.97,1142.4,1152.78,1140000.0
2023-12-11,1100.0,1115.6,1074.0,1094.7,9490000.0
2023-12-12,1100.0,1126.96,1095.48,1108.07,4280000.0
2023-12-13,1112.89,1122.0,1106.07,1119.73,3110000.0
2023-12-14,1122.37,1125.32,1113.58,1114.67,3160000.0
2023-12-15,1120.0,1123.0,1108.4,1117.89,3640000.0
2023-12-18,1117.0,1137.8,1114.99,1118.21,3280000.0
2023-12-19,1124.0,1129.2,1118.6,1127.49,1120000.0
2023-12-20,1130.0,1134.22,1110.41,1115.83,1310000.0
2023-12-21,1108.0,1118.8,1094.24,1110.9,1680000.0
2023-12-22,1115.6,1131.2,1112.0,1125.54,1320000.0
2023-12-26,1125.5,1139.0,1120.51,1126.43,1660000.0
2023-12-27,1126.96,1144.4,1120.26,1142.9,1470000.0
2023-12-28,1143.77,1178.16,1134.18,1171.71,4890000.0
2023-12-29,1166.02,1168.9,1152.2,1159.58,1450000.0
2024-01-01,1160.0,1172.0,1160.0,1164.33,978400.0
2024-01-02,1161.41,1189.8,1161.13,1185.36,2870000.0
2024-01-03,1185.36,1194.0,1177.64,1186.38,1410000.0
2024-01-04,1184.43,1184.43,1165.0,1168.44,2049999.9999999998
2024-01-05,1174.0,1174.91,1161.3,1167.13,1040000.0
2024-01-08,1176.18,1176.2,1146.52,1152.27,1210000.0
2024-01-09,1163.8,1167.73,1148.82,1149.96,1290000.0
2024-01-10,1149.81,1160.0,1138.04,1157.44,1270000.0
2024-01-11,1155.6,1155.6,1129.02,1138.49,2960000.0
2024-01-12,1146.97,1146.97,1129.21,1137.77,1390000.0
2024-01-15,1147.59,1159.8,1140.4,1156.65,1670000.0
2024-01-16,1158.0,1158.0,1141.21,1151.63,1140000.0
2024-01-17,1148.0,1148.0,1125.4,1129.99,1780000.0
2024-01-18,1129.49,1133.66,1104.13,1129.99,1730000.0
2024-01-19,1135.02,1142.99,1122.37,1133.64,1640000.0
2024-01-20,1139.64,1140.0,1126.0,1127.08,335690.0
2024-01-23,1130.38,1150.8,1128.19,1134.88,2330000.0
2024-01-24,1141.59,1183.0,1138.6,1180.42,5240000.0
2024-01-25,1180.42,1185.0,1164.4,1171.1,2680000.0
2024-01-29,1160.0,1178.52,1148.04,1168.74,1510000.0
2024-01-30,1179.79,1189.8,1166.2,1168.19,1580000.0
2024-01-31,1165.01,1227.5,1161.41,1224.23,7860000.0
2024-02-01,1217.89,1229.88,1190.02,1198.63,3110000.0
2024-02-02,1203.19,1214.94,1199.21,1207.9,1690000.0
2024-02-05,1207.8,1227.6,1198.22,1218.89,2130000.0
2024-02-06,1217.0,1238.0,1216.75,1233.32,2590000.0
2024-02-07,1233.2,1238.0,1226.12,1235.95,2950000.0
2024-02-08,1243.6,1243.99,1225.0,1232.01,1790000.0
2024-02-09,1228.0,1241.04,1220.84,1231.17,1240000.0
2024-02-12,1246.86,1277.69,1246.0,1266.7,4300000.0
2024-02-13,1270.0,1281.97,1262.21,1267.07,2089999.9999999998
2024-02-14,1266.01,1267.99,1234.02,1251.67,1720000.0
2024-02-15,1248.02,1259.8,1241.22,1250.53,1470000.0
2024-02-16,1254.39,1273.14,1249.47,1263.43,1280000.0
2024-02-19,1263.43,1290.79,1263.0,1283.43,1390000.0
2024-02-20,1284.4,1293.0,1268.11,1275.2,1400000.0
2024-02-21,1277.4,1280.51,1261.0,1269.83,995900.0
2024-02-22,1275.0,1275.96,1246.27,1272.79,1420000.0
2024-02-23,1273.54,1298.81,1272.6,1288.43,1840000.0
2024-02-26,1289.01,1298.0,1276.13,1288.15,1090000.0
2024-02-27,1283.2,1291.92,1277.05,1289.92,966480.0
2024-02-28,1288.69,1301.18,1278.42,1285.61,1560000.0
2024-02-29,1276.41,1294.58,1271.42,1284.85,5510000.0
2024-03-01,1289.8,1294.6,1234.42,1238.71,2880000.0
2024-03-02,1249.0,1259.79,1244.0,1247.78,87510.0
2024-03-04,1248.0,1287.87,1247.8,1267.02,2200000.0
2024-03-05,1266.98,1268.43,1249.4,1260.66,1040000.0
2024-03-06,1260.66,1266.4,1238.0,1262.93,1210000.0
2024-03-07,1261.1,1273.94,1261.1,1264.83,1170000.0
2024-03-11,1273.8,1284.72,1262.0,1277.49,1410000.0
2024-03-12,1277.63,1285.6,1253.25,1260.43,1650000.0
2024-03-13,1260.48,1270.0,1249.76,1260.76,1050000.0
2024-03-14,1256.4,1264.03,1241.78,1258.92,2000000.0
2024-03-15,1257.02,1261.71,1242.9,1256.98,2430000.0
2024-03-18,1258.42,1270.98,1253.61,1268.21,902470.0
2024-03-19,1267.0,1267.0,1224.69,1226.98,1580000.0
2024-03-20,1224.99,1227.62,1204.64,1220.66,1390000.0
2024-03-21,1225.0,1231.2,1212.0,1225.64,1630000.0
2024-03-22,1225.8,1247.88,1221.01,1240.64,1530000.0
2024-03-26,1238.0,1242.29,1221.21,1226.97,1360000.0
2024-03-27,1230.2,1230.2,1206.82,1208.82,1450000.0
2024-03-28,1215.6,1241.96,1215.6,1231.58,2590000.0
2024-04-01,1243.0,1256.49,1231.58,1250.07,772020.0
2024-04-02,1253.79,1253.79,1241.2,1247.51,1190000.0
2024-04-03,1247.51,1253.6,1222.4,1224.88,1350000.0
2024-04-04,1231.0,1235.0,1209.5,1228.5,2000000.0
2024-04-05,1228.5,1261.17,1228.0,1235.86,2710000.0
2024-04-08,1243.49,1245.35,1227.01,1234.91,1420000.0
2024-04-09,1240.44,1246.04,1231.0,1233.58,643620.0
2024-04-10,1239.98,1239.98,1229.0,1231.58,980420.0
2024-04-12,1233.78,1237.8,1215.0,1216.77,1970000.0
2024-04-15,1214.64,1214.64,1196.45,1202.17,1350000.0
2024-04-16,1201.17,1214.77,1197.01,1210.07,2040000.0
2024-04-18,1219.99,1225.5,1187.53,1191.43,2990000.0
2024-04-19,1200.0,1200.0,1176.16,1188.57,1710000.0
2024-04-22,1195.0,1212.8,1190.7,1203.22,1670000.0
2024-04-23,1210.0,1213.0,1186.78,1190.42,1490000.0
2024-04-24,1192.01,1198.97,1184.21,1190.16,1330000.0
2024-04-25,1195.01,1252.4,1185.6,1243.75,4630000.0
2024-04-26,1244.98,1261.77,1235.77,1250.42,2060000.0
2024-04-29,1254.0,1265.0,1240.47,1259.42,1490000.0
2024-04-30,1259.98,1262.6,1237.0,1240.86,1910000.0
2024-05-02,1239.05,1259.96,1239.05,1257.5,3130000.0
2024-05-03,1259.98,1283.98,1251.6,1269.91,2910000.0
2024-05-06,1275.94,1276.0,1249.27,1258.69,2260000.0
2024-05-07,1265.98,1270.0,1240.0,1251.52,1590000.0
2024-05-08,1220.0,1222.99,1190.54,1211.27,4940000.0
2024-05-09,1214.9,1214.9,1174.0,1175.47,2530000.0
2024-05-10,1175.0,1187.0,1163.62,1184.2,1480000.0
2024-05-13,1184.2,1189.8,1170.1,1181.71,852820.0
2024-05-14,1187.78,1189.08,1171.0,1173.76,1190000.0
2024-05-15,1177.0,1193.39,1172.0,1175.0,1460000.0
2024-05-16,1185.6,1185.6,1141.8,1170.08,3660000.0
2024-05-17,1170.08,1171.29,1158.2,1159.91,3010000.0
2024-05-18,1162.19,1169.83,1160.03,1162.32,113230.0
2024-05-21,1162.19,1166.66,1154.6,1155.96,2460000.0
2024-05-22,1170.0,1181.0,1158.08,1174.55,2610000.0
2024-05-23,1180.49,1186.6,1167.0,1179.54,2830000.0
2024-05-24,1179.28,1181.82,1167.7,1173.15,2120000.0
2024-05-27,1173.15,1177.99,1159.22,1174.54,3370000.0
2024-05-28,1174.43,1201.02,1174.43,1193.06,3970000.0
2024-05-29,1197.0,1203.59,1182.92,1200.15,2530000.0
2024-05-30,1195.0,1195.0,1166.6,1174.75,3010000.0
2024-05-31,1179.99,1180.93,1150.57,1158.37,5150000.0
2024-06-03,1187.58,1187.58,1155.43,1156.66,2089999.9999999998
2024-06-04,1161.4,1165.47,1120.0,1146.16,3290000.0
2024-06-05,1147.58,1176.34,1145.16,1164.83,2540000.0
2024-06-06,1167.0,1185.2,1156.32,1178.19,3600000.0
2024-06-07,1178.19,1216.82,1175.25,1212.26,3750000.0
2024-06-10,1212.26,1231.53,1200.81,1221.23,3150000.0
2024-06-11,1217.0,1220.05,1205.6,1207.85,2580000.0
2024-06-12,1212.0,1217.0,1198.2,1212.01,1930000.0
2024-06-13,1223.98,1223.98,1206.3,1219.17,2190000.0
2024-06-14,1219.2,1223.7,1207.02,1217.05,1990000.0
2024-06-18,1209.6,1212.4,1196.0,1198.25,3080000.0
2024-06-19,1198.39,1199.93,1184.0,1191.24,3060000.0
2024-06-20,1185.0,1199.2,1177.6,1194.16,2490000.0
2024-06-21,1194.2,1211.0,1191.03,1202.29,2150000.0
2024-06-24,1199.6,1220.0,1194.6,1210.99,1620000.0
2024-06-25,1218.0,1219.04,1203.21,1215.68,1980000.0
2024-06-26,1212.7,1218.93,1205.06,1214.01,1960000.0
2024-06-27,1200.0,1249.89,1199.0,1247.18,12170000.0
2024-06-28,1251.09,1284.0,1250.21,1280.47,5120000.0
2024-07-01,1286.0,1296.0,1267.43,1270.74,2250000.0
2024-07-02,1269.0,1276.19,1256.85,1274.05,1820000.0
2024-07-03,1274.8,1305.16,1273.03,1285.18,2910000.0
2024-07-04,1286.0,1308.4,1274.02,1295.87,1740000.0
2024-07-05,1295.87,1309.43,1291.21,1304.0,1140000.0
2024-07-08,1304.0,1315.0,1297.2,1306.83,807380.0
2024-07-09,1308.0,1319.0,1286.19,1316.57,1730000.0
2024-07-10,1314.9,1320.89,1296.6,1318.51,1290000.0
2024-07-11,1318.63,1324.39,1306.97,1318.95,1580000.0
2024-07-12,1318.05,1349.0,1312.94,1343.89,2940000.0
2024-07-15,1350.0,1376.99,1340.51,1358.95,3020000.0
2024-07-16,1351.99,1356.59,1327.33,1329.21,1560000.0
2024-07-18,1329.2,1341.77,1318.08,1333.5,1930000.0
2024-07-19,1332.0,1343.68,1325.26,1327.2,900340.0
2024-07-22,1316.0,1356.0,1316.0,1354.18,2060000.0
2024-07-23,1354.0,1376.8,1343.4,1373.0,4330000.0
2024-07-24,1387.78,1387.78,1358.65,1364.03,3020000.0
2024-07-25,1359.0,1374.99,1351.41,1370.64,1320000.0
2024-07-26,1377.79,1393.2,1358.32,1375.73,2049999.9999999998
2024-07-29,1384.0,1389.62,1347.0,1368.01,3270000.0
2024-07-30,1369.01,1378.2,1358.58,1360.83,1460000.0
2024-07-31,1360.78,1365.9,1347.0,1350.1,1730000.0
2024-08-01,1359.1,1380.1,1357.33,1377.59,2320000.0
2024-08-02,1376.2,1396.2,1374.89,1392.83,2210000.0
2024-08-05,1386.02,1392.2,1358.8,1362.41,2190000.0
2024-08-06,1367.78,1383.06,1359.06,1361.48,1230000.0
2024-08-07,1376.0,1387.0,1368.0,1385.27,968870.0
2024-08-08,1385.0,1407.0,1382.89,1387.66,2710000.0
2024-08-09,1396.0,1405.0,1392.67,1402.7,656260.0
2024-08-12,1402.79,1406.0,1374.66,1377.31,1850000.0
2024-08-13,1380.4,1392.45,1370.25,1389.68,1220000.0
2024-08-14,1391.0,1392.4,1358.5,1360.21,1730000.0
2024-08-16,1366.21,1369.79,1351.63,1358.72,2570000.0
2024-08-19,1367.59,1384.8,1363.52,1382.27,809240.0
2024-08-20,1386.0,1394.84,1380.0,1393.07,747970.0
2024-08-21,1399.98,1421.49,1393.07,1412.49,1910000.0
2024-08-22,1412.47,1412.47,1384.64,1393.81,1680000.0
2024-08-23,1395.97,1398.0,1386.01,1390.9,711440.0
2024-08-26,1384.99,1391.99,1379.84,1388.66,1020000.0
2024-08-27,1389.0,1401.31,1380.41,1392.59,2280000.0
2024-08-28,1392.59,1409.65,1384.6,1399.86,1630000.0
2024-08-29,1379.66,1403.99,1377.82,1386.23,1780000.0
2024-08-30,1387.6,1409.0,1387.6,1406.27,3420000.0
2024-09-02,1409.94,1414.99,1366.0,1374.43,2350000.0
2024-09-03,1380.0,1382.8,1369.6,1370.77,1250000.0
2024-09-04,1369.56,1369.56,1353.4,1357.44,2180000.0
2024-09-05,1359.5,1369.76,1337.2,1339.15,2000000.0
2024-09-06,1339.78,1344.02,1330.6,1333.43,2069999.9999999998
2024-09-09,1335.99,1343.19,1320.54,1331.18,1470000.0
2024-09-10,1338.8,1339.56,1322.63,1330.08,2330000.0
2024-09-11,1332.18,1349.87,1319.18,1322.5,1830000.0
2024-09-12,1340.0,1342.44,1316.06,1336.77,2660000.0
2024-09-13,1337.28,1339.81,1329.4,1332.14,1200000.0
2024-09-16,1337.98,1337.98,1326.3,1329.42,691630.0
2024-09-17,1328.02,1333.15,1320.6,1326.33,911740.0
2024-09-18,1329.4,1329.6,1306.2,1313.56,1240000.0
2024-09-19,1316.8,1322.5,1296.5,1300.51,4660000.0
2024-09-20,1306.96,1319.59,1297.14,1310.23,2820000.0
2024-09-23,1320.0,1332.4,1316.0,1330.89,1330000.0
2024-09-24,1330.89,1337.98,1316.04,1330.07,1960000.0
2024-09-25,1331.25,1341.52,1319.11,1338.29,2390000.0
2024-09-26,1342.96,1351.4,1332.86,1348.88,2840000.0
2024-09-27,1342.2,1354.48,1333.3,1349.98,2790000.0
2024-09-30,1351.0,1358.2,1342.0,1350.32,1830000.0
2024-10-01,1350.32,1357.08,1335.61,1349.82,1740000.0
2024-10-03,1356.0,1359.0,1338.42,1347.13,2280000.0
2024-10-04,1342.6,1346.58,1322.2,1326.65,1740000.0
2024-10-07,1336.71,1342.41,1316.22,1321.98,2220000.0
2024-10-08,1321.99,1333.6,1315.0,1331.21,1400000.0
2024-10-09,1339.2,1350.98,1329.42,1332.97,1680000.0
2024-10-10,1339.6,1339.6,1310.74,1316.62,1580000.0
2024-10-11,1317.0,1324.94,1309.01,1319.84,1130000.0
2024-10-14,1327.2,1338.19,1320.0,1331.98,1120000.0
2024-10-15,1336.8,1339.98,1321.04,1322.33,1420000.0
2024-10-16,1328.0,1349.19,1325.81,1342.18,1850000.0
2024-10-17,1348.96,1355.0,1330.09,1340.81,1820000.0
2024-10-18,1340.81,1354.8,1332.48,1348.22,1140000.0
2024-10-21,1354.0,1354.0,1337.21,1339.48,1180000.0
2024-10-22,1345.4,1351.0,1326.46,1332.48,1900000.0
2024-10-23,1331.87,1337.62,1318.0,1321.58,1550000.0
2024-10-24,1328.8,1328.8,1313.84,1316.54,1590000.0
2024-10-25,1314.0,1316.4,1290.02,1302.94,1290000.0
2024-10-28,1320.0,1325.9,1290.25,1311.5,829370.0
2024-10-29,1327.0,1335.4,1263.5,1274.7,1440000.0
2024-10-30,1273.0,1273.0,1228.8,1249.85,2069999.9999999998
2024-10-31,1258.6,1283.65,1248.0,1274.2,1900000.0
2024-11-01,1280.0,1289.0,1201.8,1259.6,540200.0
2024-11-04,1259.6,1276.9,1250.55,1268.3,1770000.0
2024-11-05,1265.1,1279.0,1241.25,1272.2,1600000.0
2024-11-06,1274.0,1321.9,1251.6,1302.1,3910000.0
2024-11-07,1304.95,1309.0,1280.55,1287.35,1480000.0
2024-11-08,1292.8,1293.0,1259.15,1283.65,1330000.0
2024-11-11,1284.0,1295.25,1262.15,1287.9,1180000.0
2024-11-12,1287.85,1288.4,1258.3,1263.9,1110000.0
2024-11-13,1258.0,1265.05,1238.3,1245.0,995220.0
2024-11-14,1249.9,1253.0,1222.2,1226.7,1350000.0
2024-11-18,1206.1,1219.8,1170.2,1193.55,3370000.0
2024-11-19,1193.0,1232.0,1186.25,1213.45,1510000.0
2024-11-21,1174.9,1206.7,1172.5,1195.35,2120000.0
2024-11-22,1199.0,1223.2,1193.6,1214.45,763760.0
2024-11-25,1233.95,1247.0,1205.75,1209.3,3280000.0
2024-11-26,1209.0,1218.35,1203.2,1208.65,1190000.0
2024-11-27,1212.0,1215.6,1198.05,1199.9,1400000.0
2024-11-28,1209.05,1209.9,1188.45,1191.95,2820000.0
2024-11-29,1206.0,1219.35,1198.65,1202.3,2540000.0
2024-12-02,1214.25,1225.25,1202.3,1221.75,1830000.0
2024-12-03,1229.0,1229.0,1217.55,1224.5,2240000.0
2024-12-04,1224.5,1229.1,1209.6,1215.55,1440000.0
2024-12-05,1216.55,1249.5,1210.1,1239.85,3320000.0
2024-12-06,1246.0,1255.15,1236.35,1253.7,1720000.0
2024-12-09,1254.65,1261.8,1243.25,1255.15,1270000.0
2024-12-10,1250.0,1253.6,1233.0,1240.35,2029999.9999999998
2024-12-11,1240.3,1243.4,1226.7,1238.55,1180000.0
2024-12-12,1244.8,1250.2,1226.35,1245.4,1650000.0
2024-12-13,1240.3,1250.2,1226.45,1246.35,1260000.0
2024-12-16,1246.35,1274.15,1245.2,1269.95,1920000.0
2024-12-17,1269.0,1270.95,1243.25,1247.65,2710000.0
2024-12-18,1251.9,1281.0,1249.55,1275.4,2820000.0
2024-12-19,1275.0,1331.35,1271.65,1325.6,7190000.0
2024-12-20,1326.0,1368.7,1317.4,1343.65,7500000.0
2024-12-23,1362.0,1367.0,1330.3,1341.35,3740000.0
2024-12-24,1347.0,1365.0,1336.2,1350.9,2590000.0
2024-12-26,1350.9,1360.2,1342.75,1355.15,1530000.0
2024-12-27,1363.05,1398.25,1345.5,1389.45,3660000.0
2024-12-30,1389.6,1392.0,1372.1,1376.9,2460000.0
2024-12-31,1370.3,1395.0,1366.55,1388.5,1890000.0
2025-01-01,1388.45,1389.05,1355.35,1369.0,1660000.0
2025-01-02,1371.45,1387.95,1370.05,1375.05,1730000.0
2025-01-03,1375.05,1378.15,1347.2,1352.65,1570000.0
2025-01-06,1360.4,1361.3,1333.8,1350.35,1540000.0
2025-01-07,1352.0,1373.05,1347.5,1351.55,1720000.0
2025-01-08,1369.5,1405.9,1358.0,1370.75,3460000.0
2025-01-09,1380.0,1382.95,1364.1,1371.6,1610000.0
2025-01-10,1366.1,1386.0,1352.6,1354.4,1580000.0
2025-01-13,1354.05,1354.15,1330.2,1335.1,2820000.0
2025-01-14,1335.15,1348.85,1323.65,1337.55,1370000.0
2025-01-15,1345.0,1345.0,1313.95,1337.2,1940000.0
2025-01-16,1340.9,1347.0,1297.0,1302.75,1200000.0
2025-01-17,1298.0,1320.7,1288.0,1309.4,1430000.0
2025-01-20,1308.35,1309.0,1293.65,1302.35,561640.0
2025-01-21,1302.35,1312.95,1285.65,1288.15,738790.0
2025-01-22,1291.0,1308.0,1288.0,1296.25,1300000.0
2025-01-23,1289.0,1303.95,1274.55,1289.4,1450000.0
2025-01-24,1229.95,1252.65,1203.5,1224.4,7080000.0
2025-01-27,1224.4,1234.35,1191.5,1197.65,2180000.0
2025-01-28,1197.65,1197.65,1164.65,1181.25,3140000.0
2025-01-29,1187.4,1192.45,1173.5,1181.2,3460000.0
2025-01-30,1188.0,1204.8,1184.0,1194.5,3290000.0
2025-01-31,1202.0,1221.0,1196.0,1217.35,1510000.0
2025-02-01,1220.4,1220.4,1200.1,1204.95,1070000.0
2025-02-03,1200.0,1220.0,1196.8,1203.85,1410000.0
2025-02-04,1207.0,1233.0,1201.45,1219.95,2240000.0
2025-02-05,1227.0,1233.1,1215.85,1227.55,1460000.0
2025-02-06,1234.9,1254.0,1230.2,1236.65,2990000.0
2025-02-07,1240.0,1243.75,1226.0,1240.4,1240000.0
2025-02-10,1239.7,1239.7,1211.05,1220.95,1570000.0
2025-02-11,1220.0,1222.9,1201.25,1209.8,1820000.0
2025-02-12,1218.0,1220.4,1202.85,1215.85,1310000.0
2025-02-13,1216.9,1243.0,1216.9,1223.6,4450000.0
2025-02-14,1223.5,1230.0,1186.25,1197.05,1210000.0
2025-02-17,1196.85,1202.0,1183.15,1198.95,613030.0
2025-02-18,1198.95,1204.95,1182.0,1197.4,1710000.0
2025-02-19,1166.0,1176.95,1127.5,1165.85,3060000.0
2025-02-20,1164.5,1174.15,1156.25,1170.95,1580000.0
2025-02-21,1170.7,1170.75,1145.25,1151.8,6830000.0
2025-02-24,1151.8,1173.9,1151.0,1164.55,2020000.0
2025-02-25,1167.15,1169.55,1122.5,1128.15,6460000.0
2025-02-27,1128.5,1136.35,1115.0,1125.55,3440000.0
2025-02-28,1128.7,1132.0,1104.55,1116.5,3900000.0
2025-03-03,1118.35,1130.25,1103.9,1119.6,1810000.0
2025-03-04,1111.1,1124.15,1105.05,1120.15,1070000.0
2025-03-05,1120.5,1129.0,1110.55,1126.4,1260000.0
2025-03-06,1135.0,1145.7,1118.65,1140.1,1650000.0
2025-03-07,1140.1,1145.2,1130.0,1133.25,790600.0
2025-03-10,1134.95,1137.15,1115.4,1120.2,950500.0
2025-03-11,1117.0,1126.95,1110.65,1116.65,884440.0
2025-03-12,1116.6,1116.65,1092.45,1105.15,1910000.0
2025-03-13,1105.15,1110.25,1095.05,1107.95,1300000.0
2025-03-17,1107.9,1154.1,1101.5,1150.7,2710000.0
2025-03-18,1157.8,1169.4,1149.0,1163.7,1730000.0
2025-03-19,1174.0,1177.7,1158.1,1172.1,1510000.0
2025-03-20,1178.95,1190.75,1165.3,1187.2,1520000.0
2025-03-21,1190.2,1204.65,1177.05,1200.15,2310000.0
2025-03-24,1205.0,1216.35,1190.25,1210.3,1660000.0
2025-03-25,1210.3,1215.95,1167.95,1177.9,2860000.0
2025-03-26,1177.9,1179.8,1152.65,1164.6,2860000.0
2025-03-27,1160.0,1172.4,1144.0,1162.2,4460000.0
2025-03-28,1159.25,1159.25,1140.75,1144.2,2760000.0
2025-04-01,1144.2,1164.4,1136.05,1152.2,4160000.0
2025-04-02,1150.0,1152.7,1135.0,1150.0,2069999.9999999998
2025-04-03,1190.5,1226.9,1149.05,1151.45,6320000.0
2025-04-04,1151.8,1157.45,1076.2,1109.95,5420000.0
2025-04-07,1020.0,1098.85,1020.0,1087.9,3890000.0
2025-04-08,1100.0,1113.65,1088.7,1107.95,1580000.0
2025-04-09,1094.5,1103.25,1061.65,1094.05,5510000.0
2025-04-11,1139.9,1139.9,1102.25,1109.5,2740000.0
2025-04-15,1140.9,1158.1,1129.0,1154.9,2680000.0
2025-04-16,1150.2,1161.4,1143.7,1158.4,1450000.0
2025-04-17,1150.1,1173.6,1150.1,1163.6,2790000.0
2025-04-21,1163.4,1179.7,1155.0,1177.4,1940000.0
2025-04-22,1173.9,1180.5,1162.3,1175.0,1310000.0
2025-04-23,1185.1,1191.8,1175.9,1186.0,3190000.0
2025-04-24,1179.0,1210.0,1176.3,1200.5,4820000.0
2025-04-25,1203.9,1210.5,1159.7,1174.8,1290000.0
2025-04-28,1176.3,1205.0,1176.3,1198.7,1240000.0
2025-04-29,1204.4,1204.4,1169.0,1176.0,1660000.0
2025-04-30,1176.2,1196.6,1175.9,1183.9,1600000.0
2025-05-02,1176.1,1194.8,1171.4,1182.9,1310000.0
2025-05-05,1188.7,1193.9,1154.5,1171.3,1890000.0
2025-05-06,1172.2,1175.0,1129.4,1160.4,1990000.0
2025-05-07,1143.4,1164.6,1143.4,1160.7,1420000.0
2025-05-08,1152.7,1161.4,1142.0,1148.0,2620000.0
2025-05-09,1142.5,1167.0,1138.5,1155.9,1250000.0
2025-05-12,1155.9,1204.0,1143.9,1195.6,5070000.0
2025-05-13,1196.0,1241.0,1196.0,1207.1,3130000.0
2025-05-14,1213.3,1223.3,1193.2,1220.0,1200000.0
2025-05-15,1214.0,1239.8,1200.2,1236.3,2049999.9999999998
2025-05-16,1238.9,1238.9,1221.0,1230.7,882870.0
2025-05-19,1228.3,1241.8,1214.2,1219.0,2240000.0
2025-05-20,1222.0,1234.4,1216.6,1224.2,1390000.0
2025-05-21,1225.1,1256.6,1220.1,1224.7,2620000.0
2025-05-22,1224.7,1229.8,1211.4,1222.2,2260000.0
2025-05-23,1228.0,1234.9,1216.0,1230.1,734300.0
2025-05-26,1229.9,1247.9,1228.7,1240.9,985430.0
2025-05-27,1243.9,1249.0,1237.3,1243.2,1150000.0
2025-05-28,1247.8,1252.2,1237.0,1242.6,766970.0
2025-05-29,1245.4,1253.4,1240.4,1248.2,1790000.0
2025-05-30,1248.2,1257.6,1241.0,1251.2,3160000.0
2025-06-02,1251.0,1251.5,1232.5,1247.7,1140000.0
2025-06-03,1250.0,1253.4,1240.8,1248.3,811620.0
2025-06-04,1248.3,1266.0,1246.3,1251.9,1390000.0
2025-06-05,1264.2,1303.4,1264.2,1290.6,3830000.0
2025-06-06,1295.1,1322.9,1295.0,1320.9,2160000.0
2025-06-09,1327.4,1329.0,1308.6,1319.1,1230000.0
2025-06-10,1321.0,1362.6,1321.0,1348.8,3020000.0
2025-06-11,1350.0,1355.4,1340.2,1351.1,1090000.0
2025-06-12,1360.0,1379.7,1343.5,1362.7,2630000.0
2025-06-13,1355.0,1366.8,1345.0,1362.5,1420000.0
2025-06-16,1359.8,1359.8,1342.2,1346.8,1290000.0
2025-06-17,1348.3,1349.7,1302.6,1318.8,1650000.0
2025-06-18,1311.1,1324.8,1308.8,1313.3,728950.0
2025-06-19,1305.0,1332.0,1304.3,1326.1,1650000.0
2025-06-20,1332.4,1335.0,1318.2,1325.3,1840000.0
2025-06-23,1318.9,1323.0,1302.1,1317.9,843950.0
2025-06-24,1317.9,1353.7,1309.1,1337.3,1010000.0
2025-06-25,1348.3,1348.3,1336.0,1341.6,833150.0
2025-06-26,1326.0,1333.7,1314.6,1321.5,2370000.0
2025-06-27,1328.9,1331.6,1298.4,1301.0,1770000.0
2025-06-30,1302.9,1305.0,1272.5,1283.3,2220000.0
2025-07-01,1286.3,1294.9,1273.3,1276.8,1850000.0
2025-07-02,1276.0,1280.9,1263.7,1270.8,2029999.9999999998
2025-07-03,1274.9,1297.6,1270.0,1291.3,1920000.0
2025-07-04,1303.0,1313.0,1287.2,1307.4,1470000.0
2025-07-07,1307.9,1313.4,1298.1,1310.5,569030.0
2025-07-08,1310.3,1310.3,1273.6,1283.8,1600000.0
2025-07-09,1280.0,1285.7,1266.9,1269.4,1490000.0
2025-07-10,1262.9,1269.9,1252.1,1262.6,1250000.0
2025-07-11,1263.0,1272.0,1251.3,1254.7,895470.0
2025-07-14,1254.7,1261.4,1245.3,1250.6,1040000.0
2025-07-15,1254.8,1264.5,1241.0,1260.9,1180000.0
2025-07-16,1260.9,1262.0,1250.0,1259.4,1160000.0
2025-07-17,1259.4,1274.8,1255.5,1263.1,709420.0
2025-07-18,1265.0,1270.6,1251.1,1257.5,690730.0
2025-07-21,1250.2,1262.4,1245.2,1259.3,1070000.0
2025-07-22,1261.0,1263.6,1236.0,1240.0,1300000.0
2025-07-23,1240.2,1252.1,1231.0,1247.4,1090000.0
2025-07-24,1261.1,1287.9,1256.1,1265.5,3810000.0
2025-07-25,1266.0,1288.5,1261.2,1277.9,1620000.0
2025-07-28,1280.0,1290.0,1271.6,1287.4,1550000.0
2025-07-29,1287.0,1302.0,1282.8,1299.8,1940000.0
2025-07-30,1298.1,1298.1,1277.7,1292.1,1390000.0
2025-07-31,1274.5,1285.0,1257.0,1270.3,1970000.0
2025-08-01,1258.0,1259.0,1213.7,1220.6,2530000.0
2025-08-04,1225.1,1232.2,1219.2,1225.0,767310.0
2025-08-05,1225.0,1232.0,1205.0,1214.8,956580.0
2025-08-06,1214.8,1217.8,1187.5,1196.7,1700000.0
2025-08-07,1184.0,1210.0,1183.4,1200.8,1250000.0
2025-08-08,1200.8,1215.0,1195.4,1211.4,2390000.0
2025-08-11,1212.5,1237.0,1208.6,1219.5,1250000.0
2025-08-12,1210.0,1227.2,1204.1,1220.3,922460.0
2025-08-13,1220.3,1255.5,1219.8,1253.4,1190000.0
2025-08-14,1255.1,1266.0,1250.2,1260.4,1600000.0
2025-08-18,1270.0,1270.6,1241.1,1262.7,1650000.0
2025-08-19,1263.0,1263.8,1241.9,1244.2,1060000.0
2025-08-20,1244.0,1250.7,1238.0,1245.4,685380.0
2025-08-21,1245.4,1281.8,1240.3,1276.6,2009999.9999999998
2025-08-22,1274.1,1284.1,1265.6,1277.6,1230000.0
2025-08-25,1277.7,1288.9,1275.3,1283.9,967060.0
2025-08-26,1276.0,1279.6,1259.0,1263.2,2800000.0
2025-08-28,1263.2,1267.4,1248.5,1259.8,1830000.0
2025-08-29,1259.0,1266.4,1240.8,1260.1,2420000.0
2025-09-01,1260.1,1285.0,1260.1,1279.9,1270000.0
2025-09-02,1279.9,1283.4,1248.0,1253.7,1630000.0
2025-09-03,1250.0,1265.9,1247.6,1262.2,1290000.0
2025-09-04,1268.0,1274.7,1249.0,1253.0,1230000.0
2025-09-05,1254.3,1271.7,1253.6,1268.1,769860.0
2025-09-08,1269.0,1277.0,1248.7,1250.6,969300.0
2025-09-09,1257.5,1295.8,1256.8,1291.3,1640000.0
2025-09-10,1294.4,1310.0,1293.7,1304.2,1230000.0
2025-09-11,1304.0,1311.0,1283.0,1303.1,1350000.0
2025-09-12,1303.1,1321.0,1302.8,1316.7,1040000.0
2025-09-15,1308.9,1311.8,1292.5,1300.8,1330000.0
2025-09-16,1300.0,1312.5,1296.4,1310.4,1030000.0
2025-09-17,1317.0,1318.2,1305.2,1311.4,716840.0
2025-09-18,1312.1,1325.8,1305.7,1322.7,822010.0
2025-09-19,1324.7,1326.8,1312.0,1321.7,1410000.0
2025-09-22,1320.9,1320.9,1293.5,1301.4,1400000.0
2025-09-23,1300.0,1311.9,1295.2,1308.4,1270000.0
2025-09-24,1303.3,1308.3,1294.4,1298.1,750460.0
2025-09-25,1298.3,1307.3,1268.0,1275.2,1240000.0
2025-09-26,1250.0,1278.5,1246.2,1253.1,2280000.0
2025-09-29,1265.0,1270.0,1231.0,1234.6,3900000.0
2025-09-30,1235.1,1240.3,1217.5,1223.7,2640000.0
2025-10-01,1227.9,1250.7,1226.0,1244.7,4080000.0
2025-10-03,1243.9,1265.4,1240.0,1248.1,2740000.0
2025-10-06,1248.2,1251.3,1234.2,1248.6,1880000.0
2025-10-07,1250.3,1256.1,1244.4,1248.5,1380000.0
2025-10-08,1248.3,1251.0,1231.4,1234.5,1500000.0
2025-10-09,1245.0,1264.9,1240.3,1246.1,2700000.0
2025-10-10,1249.6,1267.7,1244.7,1264.4,1680000.0
2025-10-13,1257.0,1265.1,1248.3,1262.4,1190000.0
2025-10-14,1262.4,1262.4,1232.3,1237.3,1940000.0
2025-10-15,1233.0,1242.3,1231.0,1232.4,2150000.0
2025-10-16,1235.9,1242.6,1230.3,1240.2,1310000.0
2025-10-17,1245.0,1262.0,1238.1,1255.9,1470000.0
2025-10-20,1264.8,1287.7,1259.8,1282.0,1370000.0
2025-10-21,1288.0,1294.0,1283.1,1288.7,226790.0
2025-10-23,1303.6,1303.6,1271.6,1279.4,1990000.0
2025-10-24,1280.0,1288.0,1265.5,1283.6,1170000.0
2025-10-27,1283.0,1293.4,1264.6,1284.3,1930000.0
2025-10-28,1283.9,1294.9,1275.3,1289.4,1830000.0
2025-10-29,1299.0,1301.5,1235.0,1250.9,2570000.0
2025-10-30,1196.0,1207.2,1180.9,1202.2,8880000.0
2025-10-31,1202.5,1205.5,1191.0,1197.6,4250000.0
2025-11-03,1196.9,1200.8,1187.9,1196.0,1550000.0
2025-11-04,1198.0,1204.3,1193.3,1200.0,1020000.0
2025-11-06,1202.0,1213.9,1193.2,1205.2,1560000.0
2025-11-07,1208.0,1211.9,1198.0,1205.4,1080000.0
2025-11-10,1199.4,1209.5,1195.0,1198.7,3480000.0
2025-11-11,1203.6,1214.8,1198.6,1211.5,1050000.0
2025-11-12,1220.1,1235.0,1215.0,1229.6,1220000.0
2025-11-13,1235.8,1242.4,1227.3,1234.9,1430000.0
2025-11-14,1235.2,1249.0,1231.8,1246.0,827640.0
2025-11-17,1253.0,1253.0,1240.5,1244.4,1420000.0
2025-11-18,1244.5,1247.0,1232.7,1243.8,971690.0
2025-11-19,1248.7,1252.7,1237.0,1250.2,830110.0
2025-11-20,1255.0,1255.0,1237.7,1248.6,855000.0
2025-11-21,1244.8,1250.7,1237.1,1243.9,941900.0
2025-11-24,1248.0,1262.4,1219.0,1226.2,7610000.0
2025-11-25,1236.3,1251.2,1230.3,1236.1,1980000.0
2025-11-26,1236.1,1251.0,1234.6,1248.0,809820.0
2025-11-27,1248.0,1256.0,1241.0,1249.3,1060000.0
2025-11-28,1250.0,1260.3,1245.0,1258.8,809750.0
2025-12-01,1263.9,1268.8,1248.4,1260.1,1460000.0
2025-12-02,1260.5,1278.3,1260.5,1275.2,2360000.0
2025-12-03,1283.6,1293.0,1269.2,1280.7,4970000.0
2025-12-04,1280.6,1284.2,1266.5,1277.6,1970000.0
2025-12-05,1277.6,1282.8,1271.6,1275.2,1040000.0
2025-12-08,1275.0,1279.0,1263.7,1266.5,1440000.0
2025-12-09,1266.5,1267.4,1241.3,1246.2,2120000.0
2025-12-10,1249.3,1262.1,1246.8,1250.8,1670000.0
2025-12-11,1250.8,1275.9,1248.0,1273.5,1720000.0
2025-12-12,1275.0,1280.4,1267.3,1279.3,981550.0
2025-12-15,1274.9,1282.8,1264.1,1280.6,1080000.0
2025-12-16,1285.9,1285.9,1272.0,1276.9,928510.0
2025-12-17,1270.0,1281.0,1267.3,1272.0,894070.0
2025-12-18,1277.0,1283.9,1262.0,1280.0,889700.0
2025-12-19,1277.0,1292.9,1268.9,1278.2,1210000.0
2025-12-22,1278.2,1286.3,1276.7,1283.4,614140.0
2025-12-23,1288.6,1288.6,1277.8,1283.5,408490.0
2025-12-24,1281.1,1285.1,1252.4,1265.8,1270000.0
2025-12-26,1265.0,1275.0,1261.1,1269.3,594740.0
2025-12-29,1269.3,1275.9,1260.0,1268.6,811490.0
2025-12-30,1268.0,1272.9,1256.4,1265.8,1120000.0
2025-12-31,1270.0,1273.9,1260.0,1271.4,658110.0
2026-01-01,1270.0,1270.0,1248.0,1253.4,553860.0
2026-01-02,1249.0,1257.6,1236.0,1256.1,1590000.0
2026-01-05,1256.0,1262.3,1245.0,1250.0,1180000.0
2026-01-06,1250.0,1258.8,1245.5,1256.2,540940.0
2026-01-07,1252.6,1265.0,1240.0,1242.8,1220000.0
2026-01-08,1241.6,1241.6,1202.2,1206.9,2000000.0
2026-01-09,1207.0,1216.4,1203.6,1210.1,1390000.0
2026-01-12,1210.0,1218.7,1199.9,1215.5,707320.0
2026-01-13,1215.6,1215.9,1185.5,1191.3,2069999.9999999998
2026-01-14,1191.1,1195.0,1176.1,1186.5,2830000.0
2026-01-16,1184.0,1197.0,1171.5,1175.5,2210000.0
2026-01-19,1170.0,1177.5,1164.7,1167.2,1250000.0
2026-01-20,1168.4,1192.8,1161.4,1166.7,2790000.0
2026-01-21,1170.0,1193.8,1148.4,1157.2,2320000.0
2026-01-22,1195.0,1225.0,1187.7,1217.5,6460000.0
2026-01-23,1230.0,1250.8,1225.0,1235.6,3890000.0
2026-01-27,1251.0,1252.3,1233.5,1239.8,2160000.0
2026-01-28,1241.9,1243.2,1219.0,1222.5,1740000.0
2026-01-29,1215.3,1218.0,1191.2,1208.9,1630000.0
2026-01-30,1200.0,1224.8,1200.0,1218.1,1670000.0
2026-02-01,1220.2,1235.6,1169.0,1178.7,555390.0
2026-02-02,1189.5,1195.0,1167.1,1182.5,1210000.0
2026-02-03,1265.0,1265.9,1218.1,1235.4,1520000.0
2026-02-04,1235.5,1248.3,1230.1,1240.2,947680.0
2026-02-05,1242.0,1253.6,1237.0,1244.9,953240.0
2026-02-06,1244.9,1248.9,1225.0,1241.2,1320000.0
2026-02-09,1260.0,1278.8,1243.5,1275.5,2110000.0
2026-02-10,1279.0,1283.5,1253.0,1256.0,1410000.0
2026-02-11,1263.9,1273.5,1253.2,1270.3,855890.0
2026-02-12,1268.9,1277.6,1261.5,1274.9,981250.0
2026-02-13,1274.0,1279.3,1263.6,1268.1,838950.0
2026-02-16,1257.1,1275.2,1257.1,1269.4,469590.0
2026-02-17,1266.0,1286.8,1258.2,1284.8,687330.0
2026-02-18,1289.0,1291.5,1276.6,1280.3,690000.0
2026-02-19,1290.0,1295.7,1276.5,1282.3,1330000.0
2026-02-20,1281.9,1292.4,1275.0,1280.4,1750000.0
2026-02-23,1290.0,1313.5,1282.1,1307.4,1850000.0
2026-02-24,1307.5,1315.0,1297.1,1300.2,1800000.0
2026-02-25,1281.0,1324.0,1266.9,1306.5,2300000.0
2026-02-26,1311.2,1327.0,1305.0,1319.3,1510000.0
2026-02-27,1313.8,1317.2,1278.2,1286.3,3510000.0
2026-03-02,1252.6,1300.0,1221.2,1294.4,1050000.0
2026-03-04,1274.4,1299.2,1272.1,1291.2,1890000.0
2026-03-05,1292.5,1322.1,1292.5,1313.5,1060000.0
2026-03-06,1313.5,1316.4,1290.8,1303.8,963700.0
2026-03-09,1285.5,1294.9,1273.6,1287.0,1600000.0
2026-03-10,1288.0,1329.6,1288.0,1314.6,2330000.0
2026-03-11,1311.1,1336.0,1311.1,1325.5,2450000.0
2026-03-12,1321.0,1337.3,1303.6,1319.0,1970000.0
2026-03-13,1310.0,1319.9,1280.9,1292.3,1570000.0
2026-03-16,1292.1,1297.0,1264.0,1276.9,1290000.0
2026-03-17,1279.9,1291.4,1265.0,1283.8,1000000.0
2026-03-18,1283.8,1299.3,1280.1,1294.8,849940.0
2026-03-19,1278.7,1286.4,1266.7,1274.5,1040000.0
2026-03-20,1289.0,1307.5,1288.2,1298.9,3360000.0
2026-03-23,1293.0,1293.0,1244.2,1253.3,2110000.0
2026-03-24,1267.2,1279.8,1248.4,1259.6,3170000.0
2026-03-25,1268.9,1309.0,1260.1,1300.7,1580000.0
2026-03-27,1297.0,1302.9,1278.2,1281.7,2170000.0
2026-03-30,1265.0,1276.2,1251.1,1254.9,1990000.0
2026-04-01,1280.0,1284.8,1206.1,1209.6,2240000.0
2026-04-02,1187.5,1222.6,1167.5,1217.3,3560000.0
2026-04-06,1220.1,1223.2,1196.3,1217.8,1100000.0
2026-04-07,1208.0,1211.0,1179.0,1196.1,2330000.0
2026-04-08,1210.0,1219.9,1185.4,1191.4,2060000.0
2026-04-09,1189.0,1214.7,1189.0,1211.9,2750000.0
2026-04-10,1212.8,1236.8,1208.8,1232.2,1930000.0
2026-04-13,1218.0,1239.1,1204.0,1235.9,1460000.0
2026-04-15,1220.0,1222.0,1195.4,1217.8,4690000.0
2026-04-16,1222.0,1227.6,1214.1,1221.4,2009999.9999999998
2026-04-17,1215.2,1242.0,1212.4,1235.7,2560000.0
2026-04-20,1235.0,1243.0,1223.0,1232.6,1610000.0
2026-04-21,1232.6,1234.9,1218.4,1220.6,1230000.0
2026-04-22,1214.1,1226.0,1208.1,1217.0,1570000.0
2026-04-23,1230.0,1357.0,1217.5,1331.0,16410000.0
2026-04-24,1293.0,1348.8,1293.0,1317.1,5640000.0
2026-04-27,1320.4,1350.0,1309.0,1334.5,1940000.0
2026-04-28,1342.4,1367.9,1327.4,1354.6,2340000.0
2026-04-29,1367.0,1375.9,1321.5,1329.8,4550000.0
2026-04-30,1327.0,1340.3,1313.6,1322.9,1230000.0
2026-05-04,1320.0,1320.0,1280.6,1287.2,2290000.0
2026-05-05,1287.6,1292.4,1268.5,1271.2,986350.0
2026-05-06,1282.0,1328.6,1277.1,1311.0,3340000.0
2026-05-07,1309.1,1315.7,1297.3,1307.6,2530000.0
2026-05-08,1303.5,1310.2,1290.0,1293.9,964900.0
2026-05-11,1288.0,1299.9,1272.5,1279.9,1510000.0
2026-05-12,1278.9,1288.3,1264.5,1270.0,1950000.0
2026-05-13,1245.6,1303.8,1230.0,1265.3,9280000.0
2026-05-14,1265.3,1307.7,1255.0,1303.6,2360000.0
2026-05-15,1303.6,1344.9,1303.6,1336.7,3980000.0
2026-05-18,1336.5,1341.9,1322.0,1331.2,1930000.0
2026-05-19,1332.0,1345.0,1318.9,1335.2,2490000.0
2026-05-20,1323.6,1336.0,1319.6,1321.9,1280000.0
2026-05-21,1325.0,1331.6,1314.2,1318.5,2180000.0
2026-05-22,1319.0,1329.6,1305.1,1307.2,2000000.0
2026-05-25,1320.0,1340.5,1298.7,1331.4,4660000.0
2026-05-26,1333.0,1341.0,1321.6,1327.9,1910000.0
2026-05-27,1329.6,1346.8,1316.7,1319.0,959330.0
2026-05-29,1318.8,1328.6,1297.5,1303.5,5420000.0
2026-06-01,1310.1,1319.6,1284.8,1290.4,1380000.0
2026-06-02,1280.2,1284.7,1264.1,1274.0,2020000.0
2026-06-03,1269.5,1275.2,1256.9,1263.3,1230000.0
2026-06-04,1257.3,1274.9,1248.4,1267.5,944050.0
2026-06-05,1273.0,1289.4,1268.5,1278.2,774690.0
2026-06-08,1270.0,1293.7,1270.0,1275.6,863000.0
2026-06-09,1277.0,1287.6,1261.4,1268.5,871900.0
2026-06-10,1268.6,1283.7,1266.7,1271.7,1170000.0
2026-06-11,1271.1,1285.7,1266.4,1276.0,1060000.0
2026-06-12,1291.0,1291.0,1266.0,1275.4,1650000.0
2026-06-15,1296.2,1296.2,1275.3,1279.5,1180000.0
2026-06-16,1279.0,1286.0,1269.1,1276.9,430920.0
2026-06-17,1276.0,1277.4,1260.9,1269.0,683620.0
2026-06-18,1269.0,1279.9,1261.7,1267.5,774090.0
2026-06-19,1267.0,1275.0,1261.0,1272.1,1310000.0
2026-06-22,1278.1,1306.0,1271.2,1290.7,1620000.0
2026-06-23,1297.2,1329.5,1294.9,1301.3,2880000.0
2026-06-24,1310.0,1343.0,1306.2,1328.4,3350000.0
2026-06-25,1331.9,1363.0,1331.9,1350.5,1700000.0
2026-06-29,1388.4,1414.9,1355.8,1375.7,8860000.0
2026-06-30,1375.0,1375.0,1347.1,1357.1,2450000.0
2026-07-01,1351.0,1362.7,1330.0,1339.9,1420000.0
2026-07-02,1339.9,1360.8,1329.0,1345.7,808600.0
2026-07-03,1356.0,1390.4,1350.3,1374.1,1300000.0
2026-07-06,1375.9,1380.7,1357.4,1367.9,810270.0
2026-07-07,1362.0,1380.2,1351.5,1354.6,1040000.0
2026-07-08,1357.0,1383.0,1338.6,1349.0,1560000.0
2026-07-09,1340.0,1349.0,1261.1,1269.5,8410000.0
2026-07-10,1244.9,1251.8,1222.0,1244.3,8109999.999999999
2026-07-13,1244.3,1249.1,1226.3,1234.5,2440000.0
2026-07-14,1234.5,1248.0,1231.2,1246.2,1980000.0
2026-07-15,1249.1,1249.1,1226.4,1229.5,1690000.0
2026-07-16,1227.5,1235.0,1221.8,1224.4,1940000.0
2026-07-17,1227.5,1229.9,1201.2,1211.2,2080000.0
2026-07-20,1213.3,1231.3,1209.6,1223.1,2210000.0
2026-07-21,1224.7,1230.0,1203.0,1206.0,2180000.0
2026-07-22,1191.0,1202.3,1169.0,1182.8,2530000.0
2026-07-23,1101.0,1171.6,1101.0,1166.3,6690000.0
2026-07-24,1147.0,1166.3,1131.4,1151.7,4750000.0
2026-07-27,1154.7,1159.3,1147.2,1150.8,1050000.0
2026-07-28,1145.0,1149.0,1130.2,1135.6,2160000.0
2026-07-29,1144.0,1147.8,1131.1,1142.3,1280000.0
2026-07-30,1143.0,1151.0,1139.0,1144.8,1350000.0
2026-07-31,1152.0,1154.3,1141.7,1148.1,1090000.0
