"Date","Price","Open","High","Low","Vol.","Change %"
"31-07-2026","414.15","413.00","415.10","410.15","5.94M","-0.73%"
"30-07-2026","417.20","412.95","418.30","410.10","23.23M","1.74%"
"29-07-2026","410.05","413.05","413.50","406.25","9.91M","-0.02%"
"28-07-2026","410.15","422.90","423.60","406.80","14.22M","-4.06%"
"27-07-2026","427.50","429.50","431.00","425.75","5.24M","0.02%"
"24-07-2026","427.40","427.00","428.90","424.75","5.40M","0.08%"
"23-07-2026","427.05","428.85","430.50","424.50","6.06M","-0.32%"
"22-07-2026","428.40","431.30","431.70","427.35","5.63M","-0.66%"
"21-07-2026","431.25","429.95","433.20","429.15","4.61M","0.43%"
"20-07-2026","429.40","428.15","433.50","428.15","5.36M","0.41%"
"17-07-2026","427.65","427.40","429.70","424.70","4.14M","0.07%"
"16-07-2026","427.35","427.55","430.50","425.85","4.57M","-0.05%"
"15-07-2026","427.55","430.55","432.95","426.60","5.62M","-0.71%"
"14-07-2026","430.60","429.95","436.50","428.05","6.16M","0.09%"
"13-07-2026","430.20","429.00","431.90","425.00","5.65M","0.21%"
"10-07-2026","429.30","430.15","432.60","426.75","4.87M","-0.14%"
"09-07-2026","429.90","432.45","435.80","428.85","2.86M","0.20%"
"08-07-2026","429.05","428.00","432.00","426.45","3.69M","0.02%"
"07-07-2026","428.95","432.35","434.35","424.45","5.32M","-0.79%"
"06-07-2026","432.35","438.70","440.50","431.25","5.46M","-1.45%"
"03-07-2026","438.70","441.95","445.45","437.80","4.28M","-0.05%"
"02-07-2026","438.90","438.40","440.00","432.80","4.94M","0.95%"
"01-07-2026","434.75","439.00","439.00","433.20","3.39M","-0.98%"
"30-06-2026","439.05","445.60","446.85","437.95","4.36M","-1.30%"
"29-06-2026","444.85","435.65","447.90","435.25","21.40M","2.17%"
"25-06-2026","435.40","442.55","442.85","432.00","7.05M","-1.44%"
"24-06-2026","441.75","444.35","447.20","440.90","4.17M","-0.59%"
"23-06-2026","444.35","449.25","451.50","443.50","3.51M","-1.04%"
"22-06-2026","449.00","452.00","454.30","447.70","3.74M","-0.51%"
"19-06-2026","451.30","452.30","454.80","448.00","6.13M","-0.15%"
"18-06-2026","452.00","456.00","457.50","450.35","5.36M","-0.82%"
"17-06-2026","455.75","450.90","461.55","448.60","9.06M","1.06%"
"16-06-2026","450.95","445.95","453.45","443.60","7.26M","1.55%"
"15-06-2026","444.05","448.30","449.60","441.20","10.06M","0.12%"
"12-06-2026","443.50","453.35","453.35","439.65","9.95M","-0.61%"
"11-06-2026","446.20","451.00","452.00","445.05","6.03M","-1.06%"
"10-06-2026","451.00","465.20","467.40","450.20","8.13M","-3.41%"
"09-06-2026","466.90","464.90","467.55","458.40","10.97M","0.43%"
"08-06-2026","464.90","465.00","470.60","463.95","10.07M","-1.57%"
"05-06-2026","472.30","483.30","483.60","469.10","9.59M","-1.94%"
"04-06-2026","481.65","473.00","484.45","472.85","16.06M","1.98%"
"03-06-2026","472.30","471.90","478.55","466.20","15.29M","0.03%"
"02-06-2026","472.15","469.85","474.95","463.30","24.93M","-0.10%"
"01-06-2026","472.60","456.55","477.00","456.55","47.72M","3.21%"
"29-05-2026","457.90","458.90","474.00","455.90","97.90M","-1.11%"
"27-05-2026","463.05","429.00","468.30","428.40","117.04M","1.07%"
"26-05-2026","458.15","458.00","475.65","455.00","17.07M","0.03%"
"25-05-2026","458.00","460.00","462.55","456.00","8.44M","0.32%"
"22-05-2026","456.55","460.00","462.85","456.00","9.20M","-0.79%"
"21-05-2026","460.20","458.70","465.25","457.25","7.43M","0.33%"
"20-05-2026","458.70","456.00","460.05","452.70","3.76M","0.38%"
"19-05-2026","456.95","462.10","463.25","454.00","7.32M","-1.11%"
"18-05-2026","462.10","462.00","468.50","457.05","7.74M","-0.02%"
"15-05-2026","462.20","457.00","468.50","455.25","7.86M","1.79%"
"14-05-2026","454.05","464.00","469.80","451.45","11.41M","-1.77%"
"13-05-2026","462.25","463.25","473.60","459.50","12.09M","-0.17%"
"12-05-2026","463.05","465.00","469.00","461.65","6.46M","-0.30%"
"11-05-2026","464.45","456.00","465.75","452.85","6.26M","1.76%"
"08-05-2026","456.40","461.20","463.35","454.90","15.77M","-2.20%"
"07-05-2026","466.65","470.20","472.85","456.10","24.26M","-0.76%"
"06-05-2026","470.20","473.85","477.50","468.05","8.60M","-0.51%"
"05-05-2026","472.60","479.95","480.00","471.20","6.95M","-1.53%"
"04-05-2026","479.95","481.60","487.00","475.60","7.76M","-0.31%"
"30-04-2026","481.45","484.45","491.25","478.40","16.94M","0.32%"
"29-04-2026","479.90","469.85","485.70","464.05","18.06M","2.76%"
"28-04-2026","467.00","456.20","473.90","456.20","26.73M","3.20%"
"27-04-2026","452.50","458.50","460.65","450.65","6.92M","-0.77%"
"24-04-2026","456.00","452.75","462.00","451.05","16.44M","1.19%"
"23-04-2026","450.65","444.25","451.50","442.65","8.99M","1.46%"
"22-04-2026","444.15","443.80","447.75","442.50","6.99M","0.23%"
"21-04-2026","443.15","442.30","445.30","441.90","5.34M","0.32%"
"20-04-2026","441.75","438.60","443.70","433.30","8.09M","0.68%"
"17-04-2026","438.75","432.80","440.15","430.50","10.73M","1.39%"
"16-04-2026","432.75","436.50","436.95","430.50","11.78M","-0.70%"
"15-04-2026","435.80","439.00","439.00","431.40","10.15M","0.16%"
"13-04-2026","435.10","435.00","439.50","431.50","18.70M","0.23%"
"10-04-2026","434.10","455.00","459.60","427.50","29.61M","-4.40%"
"09-04-2026","454.10","449.25","456.20","447.85","9.47M","1.08%"
"08-04-2026","449.25","464.00","464.00","447.00","20.65M","-2.97%"
"07-04-2026","463.00","458.05","463.80","455.30","11.32M","0.75%"
"06-04-2026","459.55","449.30","461.45","447.40","12.40M","2.27%"
"02-04-2026","449.35","448.40","453.30","440.50","6.70M","-0.01%"
"01-04-2026","449.40","464.00","464.85","446.80","14.96M","-0.23%"
"30-03-2026","450.45","445.05","459.90","443.10","19.11M","1.21%"
"27-03-2026","445.05","446.00","448.50","441.05","17.18M","0.30%"
"25-03-2026","443.70","443.55","446.40","438.80","8.63M","0.36%"
"24-03-2026","442.10","463.00","463.00","439.00","20.32M","-2.89%"
"23-03-2026","455.25","466.00","466.00","450.65","10.16M","-2.76%"
"20-03-2026","468.15","456.70","472.40","456.20","23.88M","3.07%"
"19-03-2026","454.20","450.90","460.00","450.65","10.19M","-0.22%"
"18-03-2026","455.20","462.25","462.85","449.20","9.54M","-1.53%"
"17-03-2026","462.25","460.30","465.50","458.00","9.19M","0.42%"
"16-03-2026","460.30","467.00","470.80","456.00","12.31M","-1.43%"
"13-03-2026","467.00","473.00","476.00","462.30","20.22M","-0.66%"
"12-03-2026","470.10","446.75","474.00","445.00","27.33M","5.23%"
"11-03-2026","446.75","447.00","453.90","445.15","9.98M","0.72%"
"10-03-2026","443.55","444.80","444.90","433.75","10.86M","1.35%"
"09-03-2026","437.65","439.00","447.20","434.80","15.82M","-0.64%"
"06-03-2026","440.45","451.15","451.60","438.60","10.55M","-1.99%"
"05-03-2026","449.40","440.15","458.50","440.00","30.11M","3.27%"
"04-03-2026","435.15","426.00","437.90","426.00","18.92M","2.09%"
"02-03-2026","426.25","417.90","429.60","416.00","7.50M","-1.02%"
"27-02-2026","430.65","432.80","434.40","425.45","8.15M","-0.66%"
"26-02-2026","433.50","438.75","439.55","429.50","8.65M","-1.16%"
"25-02-2026","438.60","430.95","439.65","428.55","8.94M","1.78%"
"24-02-2026","430.95","424.00","432.00","422.10","8.95M","1.16%"
"23-02-2026","426.00","426.00","427.50","418.95","6.52M","0.58%"
"20-02-2026","423.55","416.00","425.50","415.05","8.84M","1.78%"
"19-02-2026","416.15","418.00","419.85","414.60","3.82M","-0.44%"
"18-02-2026","418.00","418.45","418.80","413.10","4.87M","-0.84%"
"17-02-2026","421.55","422.25","424.60","418.50","4.56M","-0.22%"
"16-02-2026","422.50","408.00","423.85","406.60","9.72M","3.31%"
"13-02-2026","408.95","412.30","417.60","408.10","8.19M","-2.43%"
"12-02-2026","419.15","423.75","425.95","416.15","5.99M","-0.97%"
"11-02-2026","423.25","426.20","427.95","420.30","5.72M","-1.79%"
"10-02-2026","430.95","432.00","433.75","428.70","5.10M","-0.17%"
"09-02-2026","431.70","434.00","434.80","429.80","4.51M","-0.25%"
"06-02-2026","432.80","430.55","434.20","427.05","4.74M","0.22%"
"05-02-2026","431.85","437.00","437.80","427.70","5.25M","-0.70%"
"04-02-2026","434.90","431.50","441.40","428.45","11.48M","1.28%"
"03-02-2026","429.40","437.00","437.00","419.95","13.96M","1.39%"
"02-02-2026","423.50","419.00","425.50","413.00","9.62M","0.94%"
"01-02-2026","419.55","440.00","440.60","417.50","6.20M","-4.81%"
"30-01-2026","440.75","453.95","453.95","437.00","10.19M","-3.29%"
"29-01-2026","455.75","446.00","461.55","442.55","16.92M","2.63%"
"28-01-2026","444.05","423.50","445.95","421.60","17.50M","5.00%"
"27-01-2026","422.90","421.00","426.95","418.90","8.75M","1.08%"
"23-01-2026","418.40","424.00","425.80","415.40","6.52M","-1.13%"
"22-01-2026","423.20","417.15","426.85","417.15","11.50M","2.21%"
"21-01-2026","414.05","414.95","419.65","411.55","7.31M","-0.30%"
"20-01-2026","415.30","430.10","430.95","413.55","6.77M","-3.45%"
"19-01-2026","430.15","431.00","432.85","428.35","7.11M","-0.20%"
"16-01-2026","431.00","432.20","433.60","428.00","6.41M","-0.28%"
"14-01-2026","432.20","428.00","442.00","427.40","17.13M","0.77%"
"13-01-2026","428.90","434.00","435.80","425.60","7.10M","-0.79%"
"12-01-2026","432.30","418.90","433.15","415.65","14.41M","3.33%"
"09-01-2026","418.35","423.70","428.35","417.20","7.31M","-1.62%"
"08-01-2026","425.25","431.65","434.00","423.45","5.99M","-1.48%"
"07-01-2026","431.65","426.95","432.45","423.65","8.92M","1.08%"
"06-01-2026","427.05","427.00","431.30","424.70","6.31M","-0.09%"
"05-01-2026","427.45","430.95","436.70","423.50","17.26M","-0.11%"
"02-01-2026","427.90","401.35","429.50","401.00","35.09M","6.85%"
"01-01-2026","400.45","399.00","402.80","398.25","3.16M","0.36%"
"31-12-2025","399.00","398.40","404.00","397.55","4.64M","0.25%"
"30-12-2025","398.00","400.00","400.20","395.50","4.42M","-0.66%"
"29-12-2025","400.65","404.00","405.50","399.00","6.11M","-0.37%"
"26-12-2025","402.15","403.80","408.40","400.60","5.44M","-0.05%"
"24-12-2025","402.35","403.80","412.40","401.75","17.62M","0.49%"
"23-12-2025","400.40","387.45","400.95","386.45","18.49M","3.66%"
"22-12-2025","386.25","385.60","386.95","384.05","3.11M","0.17%"
"19-12-2025","385.60","385.00","387.35","383.50","3.61M","0.08%"
"18-12-2025","385.30","384.40","386.50","382.85","2.38M","0.14%"
"17-12-2025","384.75","380.85","385.50","380.80","3.65M","0.83%"
"16-12-2025","381.60","384.00","384.20","378.35","5.11M","-0.74%"
"15-12-2025","384.45","384.00","385.00","380.10","1.87M","0.29%"
"12-12-2025","383.35","384.55","385.75","382.25","1.41M","-0.17%"
"11-12-2025","384.00","382.35","385.35","380.50","2.70M","0.48%"
"10-12-2025","382.15","378.50","382.90","378.25","4.75M","0.74%"
"09-12-2025","379.35","375.10","381.20","373.35","4.24M","0.53%"
"08-12-2025","377.35","380.90","380.90","375.55","3.91M","-0.68%"
"05-12-2025","379.95","378.90","380.65","376.50","3.15M","0.24%"
"04-12-2025","379.05","375.00","379.75","373.80","3.14M","1.01%"
"03-12-2025","375.25","378.95","379.30","372.20","4.65M","-0.98%"
"02-12-2025","378.95","379.50","379.90","376.75","3.70M","-0.18%"
"01-12-2025","379.65","376.90","380.00","375.80","4.22M","0.93%"
"28-11-2025","376.15","379.00","379.20","374.90","4.69M","-0.50%"
"27-11-2025","378.05","377.35","378.70","376.10","3.33M","0.19%"
"26-11-2025","377.35","371.85","377.70","371.30","4.10M","1.97%"
"25-11-2025","370.05","372.60","373.40","369.60","4.90M","-0.67%"
"24-11-2025","372.55","378.15","378.20","372.00","5.54M","-1.49%"
"21-11-2025","378.20","378.00","380.35","377.55","3.09M","-0.38%"
"20-11-2025","379.65","381.00","381.25","377.55","3.97M","0.16%"
"19-11-2025","379.05","383.10","383.85","378.45","5.33M","-1.28%"
"18-11-2025","383.95","387.85","387.85","382.95","4.46M","-1.01%"
"17-11-2025","387.85","387.00","389.20","386.15","3.85M","0.23%"
"14-11-2025","386.95","383.20","387.35","382.30","3.76M","0.98%"
"13-11-2025","383.20","386.50","387.40","382.75","3.48M","-0.85%"
"12-11-2025","386.50","384.25","387.60","382.70","4.33M","0.97%"
"11-11-2025","382.80","381.45","383.00","378.60","3.30M","0.38%"
"10-11-2025","381.35","376.10","382.40","376.10","4.45M","1.42%"
"07-11-2025","376.00","372.00","376.75","371.50","4.65M","0.76%"
"06-11-2025","373.15","378.70","378.70","372.35","6.65M","-1.17%"
"04-11-2025","377.55","380.00","382.00","376.50","10.54M","-2.83%"
"03-11-2025","388.55","390.55","390.90","387.30","14.15M","-0.03%"
"31-10-2025","388.65","389.95","394.20","387.75","13.10M","0.25%"
"30-10-2025","387.70","382.95","388.95","379.30","15.15M","1.49%"
"29-10-2025","382.00","393.25","399.30","380.05","26.86M","-2.40%"
"28-10-2025","391.40","396.95","398.20","389.35","7.67M","-1.34%"
"27-10-2025","396.70","395.50","398.20","393.60","5.44M","0.67%"
"24-10-2025","394.05","392.65","395.45","390.80","4.07M","0.36%"
"23-10-2025","392.65","391.60","394.40","390.45","4.31M","0.40%"
"21-10-2025","391.10","393.10","393.15","390.60","678.08K","0.13%"
"20-10-2025","390.60","390.00","392.00","388.45","4.01M","0.46%"
"17-10-2025","388.80","387.60","389.50","385.25","4.09M","0.31%"
"16-10-2025","387.60","385.00","387.95","384.50","3.51M","0.87%"
"15-10-2025","384.25","381.25","385.40","381.25","6.14M","0.87%"
"14-10-2025","380.95","382.05","385.15","380.10","4.29M","-0.16%"
"13-10-2025","381.55","383.25","384.30","380.65","4.75M","-0.77%"
"10-10-2025","384.50","384.00","386.70","382.95","5.06M","0.30%"
"09-10-2025","383.35","383.00","386.30","380.55","4.63M","0.33%"
"08-10-2025","382.10","385.50","386.40","381.10","3.64M","-0.68%"
"07-10-2025","384.70","384.00","388.95","383.80","7.90M","0.73%"
"06-10-2025","381.90","383.50","384.10","379.95","7.02M","-0.38%"
"03-10-2025","383.35","388.50","389.10","381.50","7.43M","-1.33%"
"01-10-2025","388.50","389.80","394.90","387.90","4.98M","-0.37%"
"30-09-2025","389.95","389.70","391.40","387.10","5.36M","0.42%"
"29-09-2025","388.30","389.80","391.60","385.60","6.61M","-0.22%"
"26-09-2025","389.15","392.50","392.95","388.05","4.70M","-0.85%"
"25-09-2025","392.50","392.05","395.20","391.65","4.56M","-0.09%"
"24-09-2025","392.85","394.50","395.60","391.75","5.14M","-0.30%"
"23-09-2025","394.05","394.75","395.75","392.10","4.72M","-0.16%"
"22-09-2025","394.70","394.50","396.95","393.35","3.40M","0.05%"
"19-09-2025","394.50","394.00","395.20","391.50","5.27M","0.34%"
"18-09-2025","393.15","400.50","400.75","390.60","5.90M","-1.65%"
"17-09-2025","399.75","402.00","402.45","397.50","5.97M","1.00%"
"16-09-2025","395.80","395.00","397.00","394.05","2.58M","0.27%"
"15-09-2025","394.75","394.35","400.65","394.30","4.62M","0.10%"
"12-09-2025","394.35","393.55","396.20","393.20","4.28M","0.25%"
"11-09-2025","393.35","393.65","394.50","390.50","3.44M","0.37%"
"10-09-2025","391.90","388.50","392.65","388.05","4.29M","1.02%"
"09-09-2025","387.95","388.70","389.40","386.75","4.38M","0.23%"
"08-09-2025","387.05","394.00","395.90","386.30","4.61M","-1.43%"
"05-09-2025","392.65","392.40","393.25","389.00","4.54M","0.31%"
"04-09-2025","391.45","391.80","392.10","385.70","5.52M","0.42%"
"03-09-2025","389.80","380.95","393.30","380.00","8.11M","2.55%"
"02-09-2025","380.10","381.15","385.00","379.05","7.51M","0.58%"
"01-09-2025","377.90","375.30","378.60","375.10","2.83M","0.83%"
"29-08-2025","374.80","372.65","379.00","372.65","4.58M","0.13%"
"28-08-2025","374.30","372.50","375.90","368.65","4.37M","0.50%"
"26-08-2025","372.45","379.00","379.85","371.40","6.38M","-1.99%"
"25-08-2025","380.00","375.00","380.75","374.80","4.35M","1.48%"
"22-08-2025","374.45","378.15","379.00","374.05","4.70M","-0.98%"
"21-08-2025","378.15","380.95","381.55","377.25","6.21M","-1.70%"
"20-08-2025","384.70","386.00","386.85","383.55","4.90M","-0.17%"
"19-08-2025","385.35","388.50","388.50","384.25","5.22M","-0.63%"
"18-08-2025","387.80","386.65","388.55","384.05","3.52M","0.87%"
"14-08-2025","384.45","386.10","386.85","382.55","4.03M","-0.43%"
"13-08-2025","386.10","385.95","388.00","385.10","4.22M","0.19%"
"12-08-2025","385.35","381.55","386.45","381.20","4.86M","0.75%"
"11-08-2025","382.50","378.00","384.70","376.55","5.74M","0.74%"
"08-08-2025","379.70","379.00","382.10","378.15","4.17M","0.04%"
"07-08-2025","379.55","375.00","380.25","373.60","3.47M","0.72%"
"06-08-2025","376.85","374.00","378.05","373.55","5.81M","-0.70%"
"05-08-2025","379.50","376.00","380.70","374.50","6.85M","1.28%"
"04-08-2025","374.70","372.45","378.75","370.20","19.76M","0.59%"
"01-08-2025","372.50","375.00","381.15","370.70","13.77M","-1.02%"
"31-07-2025","376.35","378.00","379.00","374.70","6.46M","-0.93%"
"30-07-2025","379.90","384.00","384.05","379.05","5.11M","-0.98%"
"29-07-2025","383.65","376.95","384.25","376.95","4.87M","1.40%"
"28-07-2025","378.35","381.20","383.85","377.00","4.52M","-0.64%"
"25-07-2025","380.80","385.55","385.90","380.00","4.62M","-1.23%"
"24-07-2025","385.55","390.10","390.75","383.90","4.02M","-1.33%"
"23-07-2025","390.75","389.40","392.45","388.85","3.67M","0.42%"
"22-07-2025","389.10","386.80","391.75","385.50","5.04M","0.59%"
"21-07-2025","386.80","389.00","389.40","385.40","4.40M","-0.44%"
"18-07-2025","388.50","387.00","389.25","384.10","5.17M","0.67%"
"17-07-2025","385.90","387.05","388.20","384.90","3.75M","-0.14%"
"16-07-2025","386.45","386.65","388.00","384.95","5.21M","0.00%"
"15-07-2025","386.45","383.90","387.25","383.45","4.59M","0.68%"
"14-07-2025","383.85","382.00","385.90","381.50","5.11M","0.76%"
"11-07-2025","380.95","384.05","384.30","380.60","4.68M","-0.81%"
"10-07-2025","384.05","388.05","388.85","382.55","4.67M","-0.88%"
"09-07-2025","387.45","383.05","388.15","382.85","4.50M","1.20%"
"08-07-2025","382.85","384.95","385.50","382.30","5.23M","-0.36%"
"07-07-2025","384.25","386.50","386.50","384.00","2.81M","-0.48%"
"04-07-2025","386.10","387.70","387.90","383.40","3.99M","-0.09%"
"03-07-2025","386.45","387.90","389.00","385.50","3.85M","-0.12%"
"02-07-2025","386.90","390.00","391.70","385.45","7.75M","-0.73%"
"01-07-2025","389.75","392.50","393.90","389.00","6.00M","-0.56%"
"30-06-2025","391.95","395.50","397.40","390.80","4.87M","-0.56%"
"27-06-2025","394.15","395.00","397.70","392.10","16.25M","0.00%"
"26-06-2025","394.15","392.00","394.70","390.65","5.57M","0.61%"
"25-06-2025","391.75","393.85","395.40","391.00","4.67M","-0.23%"
"24-06-2025","392.65","394.45","395.40","390.70","4.61M","0.04%"
"23-06-2025","392.50","387.00","393.10","384.70","3.36M","0.89%"
"20-06-2025","389.05","384.20","391.80","384.15","6.53M","1.25%"
"19-06-2025","384.25","390.35","391.50","383.50","4.42M","-1.56%"
"18-06-2025","390.35","391.30","393.40","388.10","4.12M","-0.24%"
"17-06-2025","391.30","394.00","395.85","390.10","3.25M","-0.77%"
"16-06-2025","394.35","391.00","394.60","386.20","3.71M","0.81%"
"13-06-2025","391.20","390.00","392.35","386.00","5.25M","-0.38%"
"12-06-2025","392.70","402.00","402.35","391.50","11.26M","-2.34%"
"11-06-2025","402.10","400.10","409.50","398.40","11.95M","0.64%"
"10-06-2025","399.55","403.00","404.50","398.85","6.36M","-0.36%"
"09-06-2025","401.00","400.90","406.20","400.00","9.63M","0.51%"
"06-06-2025","398.95","397.85","400.60","396.05","7.63M","1.03%"
"05-06-2025","394.90","394.60","397.80","392.55","6.10M","0.08%"
"04-06-2025","394.60","392.85","395.00","389.60","3.86M","0.45%"
"03-06-2025","392.85","399.70","400.50","390.50","7.36M","-1.71%"
"02-06-2025","399.70","398.95","401.40","395.50","6.12M","0.60%"
"30-05-2025","397.30","398.95","404.75","396.35","6.57M","-0.23%"
"29-05-2025","398.20","400.00","401.20","397.00","7.72M","0.00%"
"28-05-2025","398.20","401.00","401.85","396.50","6.00M","-0.44%"
"27-05-2025","399.95","402.50","403.55","398.30","6.55M","-0.68%"
"26-05-2025","402.70","402.55","405.80","401.75","6.07M","0.30%"
"23-05-2025","401.50","400.20","403.00","399.00","4.18M","0.66%"
"22-05-2025","398.85","405.00","406.65","393.20","7.94M","-1.60%"
"21-05-2025","405.35","411.65","413.55","404.25","7.39M","-0.67%"
"20-05-2025","408.10","405.50","417.25","404.00","18.76M","1.34%"
"19-05-2025","402.70","405.95","407.45","401.05","5.45M","-0.52%"
"16-05-2025","404.80","406.00","409.00","403.60","4.70M","0.04%"
"15-05-2025","404.65","403.75","406.40","399.60","10.51M","0.38%"
"14-05-2025","403.10","396.75","404.05","396.45","6.82M","2.01%"
"13-05-2025","395.15","395.50","399.60","394.05","6.31M","-0.09%"
"12-05-2025","395.50","391.95","396.10","387.50","6.74M","3.43%"
"09-05-2025","382.40","379.10","383.25","377.05","3.81M","-0.79%"
"08-05-2025","385.45","390.00","394.95","382.25","14.26M","0.56%"
"07-05-2025","383.30","370.30","387.30","370.30","9.16M","1.34%"
"06-05-2025","378.25","386.50","387.65","377.40","5.98M","-1.91%"
"05-05-2025","385.60","385.95","387.90","381.75","6.40M","0.31%"
"02-05-2025","384.40","385.50","390.95","381.40","6.46M","-0.23%"
"30-04-2025","385.30","389.10","390.35","383.10","4.56M","-0.98%"
"29-04-2025","389.10","397.15","400.35","388.45","6.27M","-2.03%"
"28-04-2025","397.15","393.15","398.80","391.55","3.46M","1.02%"
"25-04-2025","393.15","400.30","404.00","389.65","7.34M","-1.68%"
"24-04-2025","399.85","398.90","401.30","396.85","5.76M","0.23%"
"23-04-2025","398.95","400.00","401.60","394.00","7.43M","0.09%"
"22-04-2025","398.60","403.50","405.80","394.30","7.56M","-0.47%"
"21-04-2025","400.50","399.25","406.00","395.65","8.99M","0.41%"
"17-04-2025","398.85","396.90","399.55","388.30","8.36M","-0.10%"
"16-04-2025","399.25","395.25","400.10","392.50","4.99M","1.01%"
"15-04-2025","395.25","399.00","399.00","393.50","4.37M","0.80%"
"11-04-2025","392.10","389.95","392.80","382.15","6.19M","4.67%"
"09-04-2025","374.60","382.30","382.70","373.10","5.78M","-2.15%"
"08-04-2025","382.85","385.00","385.50","376.65","3.58M","1.42%"
"07-04-2025","377.50","358.85","379.40","356.00","10.20M","-1.96%"
"04-04-2025","385.05","396.00","396.00","382.60","6.72M","-3.02%"
"03-04-2025","397.05","395.00","400.00","393.20","4.97M","-0.11%"
"02-04-2025","397.50","401.60","401.60","391.50","4.20M","-0.04%"
"01-04-2025","397.65","397.80","402.55","395.05","4.33M","-0.14%"
"28-03-2025","398.20","397.00","401.90","393.50","6.92M","0.34%"
"27-03-2025","396.85","393.25","399.65","392.05","7.70M","0.52%"
"26-03-2025","394.80","398.50","402.45","393.15","5.03M","-0.88%"
"25-03-2025","398.30","408.00","408.25","397.10","5.64M","-1.90%"
"24-03-2025","406.00","407.95","411.80","405.05","5.26M","0.15%"
"21-03-2025","405.40","396.40","411.10","395.10","16.56M","2.27%"
"20-03-2025","396.40","397.70","398.10","392.05","7.03M","0.14%"
"19-03-2025","395.85","390.05","398.05","388.80","5.83M","1.68%"
"18-03-2025","389.30","387.45","393.15","386.45","6.21M","0.92%"
"17-03-2025","385.75","380.20","387.05","379.05","5.46M","1.97%"
"13-03-2025","378.30","381.50","383.00","377.35","3.92M","-0.63%"
"12-03-2025","380.70","379.55","382.85","373.80","3.95M","0.44%"
"11-03-2025","379.05","371.00","380.00","368.00","5.34M","1.04%"
"10-03-2025","375.15","380.70","386.60","374.05","5.54M","-1.44%"
"07-03-2025","380.65","382.60","389.60","379.40","8.32M","-0.51%"
"06-03-2025","382.60","370.05","384.15","368.10","11.25M","3.90%"
"05-03-2025","368.25","362.05","368.90","362.05","5.73M","1.21%"
"04-03-2025","363.85","356.10","366.50","352.60","5.54M","0.97%"
"03-03-2025","360.35","370.00","371.00","352.40","12.68M","-2.44%"
"28-02-2025","369.35","366.80","375.75","365.30","21.90M","1.51%"
"27-02-2025","363.85","359.00","367.80","356.15","6.20M","0.75%"
"25-02-2025","361.15","364.00","365.40","358.70","4.53M","-1.00%"
"24-02-2025","364.80","368.05","368.50","361.15","4.53M","-1.39%"
"21-02-2025","369.95","367.55","371.20","365.30","5.24M","0.54%"
"20-02-2025","367.95","360.00","369.45","360.00","4.62M","1.56%"
"19-02-2025","362.30","360.00","365.30","358.00","3.10M","0.33%"
"18-02-2025","361.10","360.25","362.35","353.80","3.84M","0.28%"
"17-02-2025","360.10","354.20","362.00","349.25","6.02M","1.67%"
"14-02-2025","354.20","363.90","365.00","350.50","4.46M","-2.06%"
"13-02-2025","361.65","362.00","367.55","358.60","3.71M","0.36%"
"12-02-2025","360.35","359.90","361.80","351.55","4.57M","0.38%"
"11-02-2025","359.00","370.00","370.50","357.50","6.80M","-3.10%"
"10-02-2025","370.50","377.00","379.85","369.00","3.38M","-2.05%"
"07-02-2025","378.25","379.50","383.00","376.00","3.01M","-0.36%"
"06-02-2025","379.60","382.80","384.65","377.20","4.65M","-0.85%"
"05-02-2025","382.85","378.00","385.10","377.90","5.91M","1.67%"
"04-02-2025","376.55","377.50","380.70","374.90","4.65M","0.68%"
"03-02-2025","374.00","384.00","384.15","366.50","7.69M","-2.93%"
"01-02-2025","385.30","395.90","399.45","379.05","7.02M","-2.68%"
"31-01-2025","395.90","379.50","396.95","374.65","10.34M","2.82%"
"30-01-2025","385.05","381.70","387.35","380.40","6.30M","1.48%"
"29-01-2025","379.45","372.50","385.00","370.80","6.68M","2.37%"
"28-01-2025","370.65","376.00","377.60","367.75","10.87M","-1.36%"
"27-01-2025","375.75","380.90","383.00","372.75","6.65M","-1.91%"
"24-01-2025","383.05","386.05","392.25","381.70","5.35M","-0.71%"
"23-01-2025","385.80","377.50","388.20","376.20","5.84M","1.74%"
"22-01-2025","379.20","381.50","383.90","374.65","10.65M","-0.62%"
"21-01-2025","381.55","388.00","389.65","381.00","20.85M","-1.42%"
"20-01-2025","387.05","389.60","391.00","382.65","14.60M","-0.15%"
"17-01-2025","387.65","380.00","389.30","378.55","8.38M","2.32%"
"16-01-2025","378.85","378.45","381.50","374.80","6.92M","1.13%"
"15-01-2025","374.60","371.90","381.45","369.30","11.12M","1.45%"
"14-01-2025","369.25","365.00","374.00","363.00","5.70M","1.75%"
"13-01-2025","362.90","366.10","370.40","361.25","8.66M","-1.52%"
"10-01-2025","368.50","371.40","373.20","364.70","4.89M","-0.99%"
"09-01-2025","372.20","381.55","381.55","370.80","6.25M","-2.14%"
"08-01-2025","380.35","380.05","382.05","376.00","7.41M","0.14%"
"07-01-2025","379.80","380.55","384.25","376.50","6.54M","0.28%"
"06-01-2025","378.75","394.05","394.05","377.15","8.77M","-3.79%"
"03-01-2025","393.65","393.00","399.30","389.50","7.12M","0.18%"
"02-01-2025","392.95","388.40","393.95","384.05","7.54M","1.70%"
"01-01-2025","386.40","383.55","388.15","382.50","3.58M","0.59%"
"31-12-2024","384.15","377.90","384.70","376.10","7.69M","1.65%"
"30-12-2024","377.90","380.50","382.30","375.70","22.33M","-0.68%"
"27-12-2024","380.50","387.50","388.45","379.55","5.91M","-1.58%"
"26-12-2024","386.60","386.40","390.30","385.05","4.19M","0.55%"
"24-12-2024","384.50","384.85","386.75","381.40","4.24M","0.40%"
"23-12-2024","382.95","386.00","388.60","382.40","5.16M","0.25%"
"20-12-2024","382.00","393.00","393.70","380.50","7.92M","-2.54%"
"19-12-2024","391.95","390.95","394.50","387.00","5.75M","-0.97%"
"18-12-2024","395.80","403.50","404.80","394.55","7.18M","-1.76%"
"17-12-2024","402.90","410.45","410.95","402.00","5.07M","-1.84%"
"16-12-2024","410.45","410.50","412.85","406.50","5.43M","0.04%"
"13-12-2024","410.30","409.10","411.25","402.00","9.44M","0.29%"
"12-12-2024","409.10","416.50","417.85","407.10","9.41M","-1.88%"
"11-12-2024","416.95","416.00","419.65","415.55","5.35M","0.70%"
"10-12-2024","414.05","415.50","417.20","411.50","6.04M","0.01%"
"09-12-2024","414.00","418.00","420.95","412.50","6.66M","-0.76%"
"06-12-2024","417.15","420.00","421.50","416.40","4.25M","-0.30%"
"05-12-2024","418.40","418.15","421.25","412.00","9.50M","0.42%"
"04-12-2024","416.65","422.10","425.90","415.00","6.84M","-1.29%"
"03-12-2024","422.10","425.00","425.50","419.35","7.93M","0.09%"
"02-12-2024","421.70","418.40","423.40","416.80","6.40M","1.27%"
"29-11-2024","416.40","415.30","418.00","411.00","7.06M","0.29%"
"28-11-2024","415.20","420.00","424.90","413.50","7.79M","-0.47%"
"27-11-2024","417.15","420.00","421.00","412.70","9.22M","1.37%"
"26-11-2024","411.50","418.45","420.00","409.70","5.80M","-1.43%"
"25-11-2024","417.45","421.00","427.45","415.70","10.90M","0.82%"
"22-11-2024","414.05","407.40","415.75","406.40","8.16M","1.98%"
"21-11-2024","406.00","413.05","413.90","404.15","14.14M","-1.52%"
"19-11-2024","412.25","415.95","422.00","410.70","6.29M","-0.27%"
"18-11-2024","413.35","413.95","418.50","411.00","7.35M","0.88%"
"14-11-2024","409.75","407.20","413.35","402.60","8.78M","0.70%"
"13-11-2024","406.90","414.00","415.50","405.70","7.17M","-1.73%"
"12-11-2024","414.05","422.50","424.80","412.80","6.56M","-1.78%"
"11-11-2024","421.55","423.00","425.75","417.35","7.20M","-0.59%"
"08-11-2024","424.05","435.35","436.00","421.25","9.93M","-2.60%"
"07-11-2024","435.35","437.80","440.35","434.65","5.86M","-0.10%"
"06-11-2024","435.80","437.80","438.90","431.20","9.13M","0.21%"
"05-11-2024","434.90","429.10","436.25","427.00","10.19M","-1.89%"
"04-11-2024","443.30","458.00","458.15","435.50","15.72M","-2.39%"
"01-11-2024","454.15","454.65","459.55","452.35","3.10M","0.46%"
"31-10-2024","452.05","452.00","454.50","443.20","8.48M","0.65%"
"30-10-2024","449.15","448.00","455.80","445.00","7.82M","0.81%"
"29-10-2024","445.55","444.20","446.60","438.80","7.68M","0.88%"
"28-10-2024","441.65","452.00","458.00","435.25","21.38M","-4.22%"
"25-10-2024","461.10","478.10","479.05","459.00","10.33M","-3.38%"
"24-10-2024","477.25","474.10","483.80","473.05","5.05M","0.66%"
"23-10-2024","474.10","468.35","476.05","458.95","10.69M","1.23%"
"22-10-2024","468.35","485.00","487.50","467.20","8.67M","-3.51%"
"21-10-2024","485.40","492.00","494.75","482.35","4.74M","-1.38%"
"18-10-2024","492.20","488.00","493.75","483.35","4.57M","0.47%"
"17-10-2024","489.90","495.75","497.25","487.20","4.33M","-1.18%"
"16-10-2024","495.75","495.00","499.40","492.90","8.00M","0.26%"
"15-10-2024","494.45","498.30","499.35","490.05","4.28M","-0.77%"
"14-10-2024","498.30","494.95","502.45","492.95","5.37M","1.09%"
"11-10-2024","492.95","487.50","493.90","487.45","4.36M","0.99%"
"10-10-2024","488.10","488.70","493.95","486.05","4.70M","0.24%"
"09-10-2024","486.95","492.00","496.00","485.65","6.87M","-1.00%"
"08-10-2024","491.85","480.80","492.75","476.45","6.05M","2.37%"
"07-10-2024","480.45","498.10","500.55","475.35","8.94M","-3.37%"
"04-10-2024","497.20","499.60","504.65","494.05","7.17M","-1.03%"
"03-10-2024","502.35","499.50","509.90","499.50","11.29M","-1.21%"
"01-10-2024","508.50","512.00","516.00","506.15","4.74M","-0.32%"
"30-09-2024","510.15","513.00","513.45","502.50","8.88M","-1.15%"
"27-09-2024","516.10","506.55","517.85","504.90","15.44M","1.89%"
"26-09-2024","506.55","506.00","507.45","500.05","6.88M","0.25%"
"25-09-2024","505.30","506.50","507.00","502.00","5.06M","0.20%"
"24-09-2024","504.30","505.00","506.65","501.55","7.31M","0.74%"
"23-09-2024","500.60","493.50","502.50","490.50","6.12M","1.97%"
"20-09-2024","490.95","480.95","498.00","480.30","12.98M","2.72%"
"19-09-2024","477.95","489.00","491.60","476.25","10.01M","-1.88%"
"18-09-2024","487.10","489.80","493.60","486.15","6.53M","-0.29%"
"17-09-2024","488.50","493.25","494.80","487.65","5.06M","-0.96%"
"16-09-2024","493.25","492.50","494.90","487.35","5.24M","0.61%"
"13-09-2024","490.25","497.00","497.85","489.50","8.09M","-1.09%"
"12-09-2024","495.65","487.00","497.25","482.25","12.06M","2.42%"
"11-09-2024","483.95","492.85","493.55","481.95","8.13M","-1.46%"
"10-09-2024","491.10","487.30","492.00","481.80","9.81M","1.37%"
"09-09-2024","484.45","488.00","488.50","478.05","10.19M","-0.84%"
"06-09-2024","488.55","499.00","499.00","481.05","13.11M","-1.70%"
"05-09-2024","497.00","507.50","507.50","495.15","10.83M","-1.32%"
"04-09-2024","503.65","516.85","516.85","500.55","16.78M","-3.07%"
"03-09-2024","519.60","521.00","523.60","518.25","5.53M","-0.24%"
"02-09-2024","520.85","527.00","529.00","517.65","6.37M","-0.78%"
"30-08-2024","524.95","530.00","537.00","522.00","30.92M","-0.49%"
"29-08-2024","527.55","526.35","530.00","516.10","9.15M","0.23%"
"28-08-2024","526.35","533.90","535.55","525.45","6.07M","-0.95%"
"27-08-2024","531.40","539.10","541.70","530.00","7.87M","-1.25%"
"26-08-2024","538.10","542.00","543.55","534.70","7.19M","-0.14%"
"23-08-2024","538.85","528.95","541.15","528.85","12.57M","1.89%"
"22-08-2024","528.85","534.00","535.45","526.80","8.53M","-0.63%"
"21-08-2024","532.20","526.50","535.25","524.40","9.07M","1.45%"
"20-08-2024","524.60","524.35","528.45","521.05","8.19M","0.50%"
"19-08-2024","522.00","513.80","523.45","513.15","10.74M","1.89%"
"16-08-2024","512.30","507.70","515.75","502.50","7.31M","1.51%"
"14-08-2024","504.70","522.90","527.90","499.05","14.77M","-3.27%"
"13-08-2024","521.75","525.00","529.90","520.00","5.20M","-0.42%"
"12-08-2024","523.95","529.00","530.50","523.30","5.24M","-1.10%"
"09-08-2024","529.80","530.00","531.35","521.85","6.47M","1.21%"
"08-08-2024","523.45","534.00","535.00","521.25","13.62M","-1.51%"
"07-08-2024","531.50","507.70","532.80","507.70","18.29M","6.39%"
"06-08-2024","499.60","508.10","517.20","498.00","7.14M","-1.42%"
"05-08-2024","506.80","515.00","515.00","497.55","11.84M","-3.37%"
"02-08-2024","524.50","534.00","537.20","522.30","10.99M","-2.94%"
"01-08-2024","540.40","535.00","542.25","528.00","34.76M","3.49%"
"31-07-2024","522.20","523.45","525.40","510.50","11.97M","0.55%"
"30-07-2024","519.35","512.15","525.60","509.95","13.20M","1.41%"
"29-07-2024","512.15","514.50","515.70","507.50","7.26M","0.45%"
"26-07-2024","509.85","498.25","511.70","498.25","20.44M","3.21%"
"25-07-2024","494.00","491.00","503.55","484.00","10.28M","0.04%"
"24-07-2024","493.80","486.70","499.40","485.10","6.82M","1.40%"
"23-07-2024","487.00","494.00","495.80","464.55","11.31M","-0.86%"
"22-07-2024","491.20","488.00","496.00","483.55","7.28M","0.66%"
"19-07-2024","488.00","505.30","506.40","486.75","9.97M","-3.41%"
"18-07-2024","505.25","515.35","515.80","501.25","12.54M","-1.41%"
"16-07-2024","512.45","498.00","518.40","498.00","23.17M","2.95%"
"15-07-2024","497.75","500.00","503.60","492.55","7.11M","0.31%"
"12-07-2024","496.20","504.00","508.60","495.50","8.20M","-0.77%"
"11-07-2024","500.05","492.00","506.00","488.55","20.15M","1.90%"
"10-07-2024","490.75","493.80","494.90","480.55","5.98M","-0.62%"
"09-07-2024","493.80","496.95","496.95","491.10","6.44M","0.10%"
"08-07-2024","493.30","492.70","496.00","487.20","7.48M","0.37%"
"05-07-2024","491.50","489.50","493.30","486.90","5.75M","0.40%"
"04-07-2024","489.55","488.75","492.80","485.30","7.80M","0.95%"
"03-07-2024","484.95","481.90","487.65","479.40","7.24M","1.22%"
"02-07-2024","479.10","478.00","485.00","473.35","14.63M","0.91%"
"01-07-2024","474.80","473.35","476.30","471.25","8.58M","0.35%"
"28-06-2024","473.15","470.00","476.00","468.00","8.30M","1.31%"
"27-06-2024","467.05","468.75","469.00","461.50","14.86M","-0.36%"
"26-06-2024","468.75","470.25","471.85","465.05","6.66M","-0.11%"
"25-06-2024","469.25","475.90","477.95","465.30","7.95M","-0.94%"
"24-06-2024","473.70","480.00","480.05","472.00","11.12M","-1.35%"
"21-06-2024","480.20","483.15","491.40","479.00","10.34M","-0.61%"
"20-06-2024","483.15","481.05","487.40","471.55","7.86M","1.09%"
"19-06-2024","477.95","489.40","491.20","476.50","8.96M","-2.27%"
"18-06-2024","489.05","492.00","492.90","485.20","6.95M","0.43%"
"14-06-2024","486.95","487.90","492.40","485.25","5.97M","-0.19%"
"13-06-2024","487.90","493.90","493.90","483.50","7.44M","-0.16%"
"12-06-2024","488.70","481.00","494.30","479.35","15.41M","2.59%"
"11-06-2024","476.35","482.00","483.50","475.20","11.17M","-0.28%"
"10-06-2024","477.70","485.00","488.00","475.50","10.96M","-0.30%"
"07-06-2024","479.15","473.00","481.30","467.60","8.32M","1.31%"
"06-06-2024","472.95","470.00","484.40","464.65","21.76M","2.69%"
"05-06-2024","460.55","452.00","462.85","425.10","18.97M","4.22%"
"04-06-2024","441.90","512.35","512.40","410.80","48.05M","-13.75%"
"03-06-2024","512.35","515.00","527.40","505.55","24.42M","4.31%"
"31-05-2024","491.20","484.40","493.10","479.00","11.22M","1.88%"
"30-05-2024","482.15","486.00","487.95","479.50","7.73M","-0.88%"
"29-05-2024","486.45","482.10","491.90","482.10","8.01M","-0.25%"
"28-05-2024","487.65","496.00","496.20","484.10","8.17M","-1.38%"
"27-05-2024","494.45","502.95","503.00","490.75","8.81M","-1.31%"
"24-05-2024","501.00","495.95","505.40","489.15","12.19M","0.74%"
"23-05-2024","497.30","503.40","503.80","492.10","14.38M","-0.88%"
"22-05-2024","501.70","494.50","507.35","491.60","28.35M","2.25%"
"21-05-2024","490.65","469.70","493.90","469.70","27.36M","4.46%"
"18-05-2024","469.70","472.90","473.00","468.55","986.17K","-0.12%"
"17-05-2024","470.25","469.05","473.70","466.80","10.63M","0.42%"
"16-05-2024","468.30","468.65","475.00","457.85","17.23M","0.10%"
"15-05-2024","467.85","450.00","470.00","449.50","23.54M","4.27%"
"14-05-2024","448.70","446.70","450.65","445.10","6.59M","1.06%"
"13-05-2024","444.00","451.25","451.80","434.70","11.11M","-1.20%"
"10-05-2024","449.40","447.20","451.15","440.25","9.19M","1.33%"
"09-05-2024","443.50","465.35","467.70","441.35","15.60M","-4.51%"
"08-05-2024","464.45","456.70","471.40","455.10","16.98M","1.85%"
"07-05-2024","456.00","463.00","469.50","452.85","13.73M","-1.00%"
"06-05-2024","460.60","479.00","481.45","444.05","36.41M","-2.95%"
"03-05-2024","474.60","457.90","475.80","449.40","51.07M","4.56%"
"02-05-2024","453.90","457.55","459.55","449.40","14.98M","-0.09%"
"30-04-2024","454.30","456.40","458.40","452.05","6.02M","0.23%"
"29-04-2024","453.25","458.70","458.70","450.55","5.31M","-0.56%"
"26-04-2024","455.80","454.00","460.45","452.20","7.21M","0.74%"
"25-04-2024","452.45","443.00","454.00","441.75","10.86M","1.94%"
"24-04-2024","443.85","441.55","448.70","441.15","6.54M","0.66%"
"23-04-2024","440.95","445.75","445.75","439.25","5.39M","-0.45%"
"22-04-2024","442.95","440.90","444.50","438.00","6.40M","1.76%"
"19-04-2024","435.30","436.00","438.60","428.05","7.63M","-0.75%"
"18-04-2024","438.60","454.95","456.80","435.15","10.95M","-3.22%"
"16-04-2024","453.20","449.00","456.40","446.35","5.00M","0.49%"
"15-04-2024","451.00","448.95","455.80","441.10","7.68M","-1.01%"
"12-04-2024","455.60","455.00","463.45","452.55","11.26M","-0.16%"
"10-04-2024","456.35","442.55","458.60","442.10","15.83M","3.75%"
"09-04-2024","439.85","448.70","450.30","437.25","8.01M","-1.69%"
"08-04-2024","447.40","449.00","450.45","444.55","3.98M","0.10%"
"05-04-2024","446.95","448.75","448.85","444.00","4.82M","-0.42%"
"04-04-2024","448.85","450.00","453.50","442.55","14.74M","0.75%"
"03-04-2024","445.50","443.20","447.00","440.90","6.97M","0.52%"
"02-04-2024","443.20","442.05","448.30","436.05","11.53M","0.26%"
"01-04-2024","442.05","436.70","443.80","434.80","7.26M","1.83%"
"28-03-2024","434.10","430.00","438.45","430.00","10.33M","1.08%"
"27-03-2024","429.45","439.80","439.80","426.05","17.99M","-1.49%"
"26-03-2024","435.95","433.80","440.95","430.90","9.39M","0.93%"
"22-03-2024","431.95","430.90","436.20","428.30","9.17M","-0.02%"
"21-03-2024","432.05","424.00","433.55","423.15","9.91M","2.99%"
"20-03-2024","419.50","419.80","422.80","412.70","6.95M","0.11%"
"19-03-2024","419.05","417.00","424.60","414.00","8.37M","-0.66%"
"18-03-2024","421.85","416.00","423.50","413.55","9.80M","1.59%"
"15-03-2024","415.25","427.70","428.05","401.20","25.44M","-2.91%"
"14-03-2024","427.70","419.00","428.85","412.20","20.48M","2.55%"
"13-03-2024","417.05","449.30","449.90","410.00","17.80M","-7.18%"
"12-03-2024","449.30","453.90","455.80","446.70","8.41M","-1.01%"
"11-03-2024","453.90","461.00","462.85","452.40","7.82M","-1.02%"
"07-03-2024","458.60","461.60","465.40","456.05","9.68M","-0.65%"
"06-03-2024","461.60","462.45","464.95","444.55","14.06M","0.21%"
"05-03-2024","460.65","456.00","461.75","453.55","9.61M","1.15%"
"04-03-2024","455.40","451.85","458.00","448.05","11.98M","1.54%"
"02-03-2024","448.50","447.85","450.00","447.35","1.09M","0.48%"
"01-03-2024","446.35","438.00","448.80","438.00","8.41M","2.21%"
"29-02-2024","436.70","444.00","444.00","429.65","11.71M","0.58%"
"28-02-2024","434.20","440.30","442.85","430.35","8.89M","-1.63%"
"27-02-2024","441.40","442.30","445.30","435.05","8.34M","-0.20%"
"26-02-2024","442.30","443.90","447.25","440.55","7.57M","-0.36%"
"23-02-2024","443.90","448.00","449.60","441.65","9.63M","-0.28%"
"22-02-2024","445.15","438.00","448.00","427.95","22.08M","2.82%"
"21-02-2024","432.95","450.95","450.95","431.00","19.03M","-3.03%"
"20-02-2024","446.50","457.95","457.95","441.00","27.90M","-3.15%"
"19-02-2024","461.00","482.80","487.45","455.45","19.80M","-3.96%"
"16-02-2024","480.00","482.40","487.60","477.50","14.51M","0.66%"
"15-02-2024","476.85","469.00","481.25","467.55","18.50M","2.25%"
"14-02-2024","466.35","451.65","468.00","443.00","18.59M","3.09%"
"13-02-2024","452.35","443.80","457.85","434.00","35.67M","4.52%"
"12-02-2024","432.80","457.00","457.45","430.05","19.47M","-5.13%"
"09-02-2024","456.20","462.20","463.80","435.65","17.47M","-0.65%"
"08-02-2024","459.20","454.80","468.60","450.00","18.79M","1.45%"
"07-02-2024","452.65","454.00","460.55","447.80","14.43M","0.89%"
"06-02-2024","448.65","444.80","451.00","437.25","13.39M","1.91%"
"05-02-2024","440.25","423.25","450.00","417.10","31.42M","4.87%"
"02-02-2024","419.80","410.80","422.90","409.65","25.18M","3.22%"
"01-02-2024","406.70","408.80","411.90","402.50","8.86M","0.14%"
"31-01-2024","406.15","405.05","409.15","400.40","23.75M","0.89%"
"30-01-2024","402.55","415.75","415.80","401.60","14.16M","-2.48%"
"29-01-2024","412.80","392.90","414.70","391.50","27.15M","6.01%"
"25-01-2024","389.40","386.80","391.70","385.35","13.44M","1.78%"
"24-01-2024","382.60","379.80","387.80","374.25","22.94M","1.95%"
"23-01-2024","375.30","403.50","404.80","373.65","16.41M","-5.89%"
"20-01-2024","398.80","386.50","401.50","384.45","26.12M","4.06%"
"19-01-2024","383.25","380.65","384.90","379.10","15.89M","2.02%"
"18-01-2024","375.65","380.80","382.55","368.00","12.49M","-1.05%"
"17-01-2024","379.65","381.80","385.35","377.20","11.00M","-0.59%"
"16-01-2024","381.90","385.40","386.95","377.05","10.17M","-0.71%"
"15-01-2024","384.65","382.50","387.90","381.40","7.49M","0.93%"
"12-01-2024","381.10","385.80","385.80","379.55","7.47M","-0.85%"
"11-01-2024","384.35","385.50","388.90","383.30","9.16M","0.60%"
"10-01-2024","382.05","385.85","385.85","375.85","9.67M","-0.86%"
"09-01-2024","385.35","383.65","387.95","382.10","9.47M","1.30%"
"08-01-2024","380.40","386.45","388.65","379.25","9.42M","-1.00%"
"05-01-2024","384.25","386.80","388.50","382.50","8.37M","-0.13%"
"04-01-2024","384.75","387.80","389.80","383.90","11.04M","0.05%"
"03-01-2024","384.55","394.80","394.80","383.85","12.90M","-2.06%"
"02-01-2024","392.65","387.40","395.85","384.25","28.36M","2.84%"
"01-01-2024","381.80","377.80","386.80","377.45","11.12M","1.54%"
"29-12-2023","376.00","381.50","381.70","374.25","8.86M","-1.30%"
"28-12-2023","380.95","366.80","382.50","365.80","28.31M","4.20%"
"27-12-2023","365.60","367.00","369.20","362.40","7.89M","-0.12%"
"26-12-2023","366.05","363.80","371.80","362.50","11.91M","0.77%"
"22-12-2023","363.25","359.00","367.40","356.40","13.92M","2.18%"
"21-12-2023","355.50","351.10","356.80","346.10","10.03M","0.95%"
"20-12-2023","352.15","369.00","371.80","350.00","23.22M","-4.03%"
"19-12-2023","366.95","346.50","369.75","346.50","28.94M","5.55%"
"18-12-2023","347.65","351.00","351.25","342.30","7.96M","-0.67%"
"15-12-2023","350.00","350.00","354.35","348.45","14.33M","0.69%"
"14-12-2023","347.60","349.20","351.20","345.80","13.14M","0.70%"
"13-12-2023","345.20","349.40","349.80","343.70","8.09M","-0.66%"
"12-12-2023","347.50","354.15","354.60","345.15","8.79M","-1.74%"
"11-12-2023","353.65","351.00","358.60","351.00","11.42M","0.75%"
"08-12-2023","351.00","352.00","358.40","346.90","13.44M","-0.27%"
"07-12-2023","351.95","353.80","353.80","348.40","8.51M","-0.06%"
"06-12-2023","352.15","355.80","362.50","349.45","14.82M","-0.96%"
"05-12-2023","355.55","355.70","356.45","350.00","15.78M","0.24%"
"04-12-2023","354.70","351.10","360.00","350.65","22.71M","2.32%"
"01-12-2023","346.65","343.80","351.10","342.45","15.11M","1.32%"
"30-11-2023","342.15","345.00","345.00","338.05","11.96M","-0.06%"
"29-11-2023","342.35","343.00","345.00","338.10","14.15M","0.12%"
"28-11-2023","341.95","334.80","342.50","333.30","10.79M","2.75%"
"24-11-2023","332.80","335.35","337.45","332.10","7.05M","-0.49%"
"23-11-2023","334.45","332.50","336.05","330.00","6.19M","0.69%"
"22-11-2023","332.15","335.80","337.90","330.00","7.60M","-0.61%"
"21-11-2023","334.20","335.00","338.50","328.85","15.15M","-3.90%"
"20-11-2023","347.75","348.00","352.40","343.95","19.03M","0.72%"
"17-11-2023","345.25","348.00","348.55","342.30","13.54M","-0.16%"
"16-11-2023","345.80","353.00","354.50","344.85","17.62M","-1.37%"
"15-11-2023","350.60","359.00","359.00","348.60","35.09M","0.36%"
"13-11-2023","349.35","333.00","350.00","330.30","42.18M","5.29%"
"12-11-2023","331.80","330.00","336.65","328.95","10.26M","2.60%"
"10-11-2023","323.40","324.45","326.15","321.55","8.45M","-0.05%"
"09-11-2023","323.55","318.45","324.50","315.70","15.50M","1.94%"
"08-11-2023","317.40","316.00","318.15","314.55","6.42M","1.00%"
"07-11-2023","314.25","316.50","318.80","313.65","6.83M","-0.73%"
"06-11-2023","316.55","313.20","319.55","313.00","10.34M","1.46%"
"03-11-2023","312.00","310.60","314.70","310.30","4.66M","1.02%"
"02-11-2023","308.85","308.95","312.80","307.30","7.07M","0.72%"
"01-11-2023","306.65","313.20","315.80","305.85","9.59M","-2.42%"
"31-10-2023","314.25","316.75","316.80","310.75","7.45M","-0.10%"
"30-10-2023","314.55","315.00","315.80","311.95","6.23M","0.19%"
"27-10-2023","313.95","306.00","317.15","306.00","10.50M","2.85%"
"26-10-2023","305.25","309.15","309.15","302.90","8.33M","-1.63%"
"25-10-2023","310.30","306.10","312.70","305.00","7.25M","1.37%"
"23-10-2023","306.10","312.55","312.85","305.00","8.09M","-2.02%"
"20-10-2023","312.40","312.50","316.70","309.60","6.01M","-0.76%"
"19-10-2023","314.80","315.30","315.70","308.85","8.98M","-0.68%"
"18-10-2023","316.95","317.35","319.75","315.25","9.66M","-0.14%"
"17-10-2023","317.40","313.00","318.35","312.10","7.76M","1.73%"
"16-10-2023","312.00","307.85","313.65","306.55","10.54M","1.32%"
"13-10-2023","307.95","305.00","310.85","304.45","9.52M","0.24%"
"12-10-2023","307.20","302.55","309.10","301.90","15.38M","1.77%"
"11-10-2023","301.85","304.55","305.00","299.45","12.32M","-0.46%"
"10-10-2023","303.25","288.25","303.90","287.80","23.28M","5.37%"
"09-10-2023","287.80","286.05","288.95","283.05","4.65M","0.00%"
"06-10-2023","287.80","290.95","291.00","287.00","3.74M","-0.54%"
"05-10-2023","289.35","288.80","290.55","283.90","8.69M","0.49%"
"04-10-2023","287.95","290.80","291.50","285.90","6.34M","-1.35%"
"03-10-2023","291.90","297.05","297.10","290.10","9.35M","-1.12%"
"29-09-2023","295.20","292.80","297.50","291.40","8.64M","1.72%"
"28-09-2023","290.20","291.55","294.15","289.00","12.43M","-0.46%"
"27-09-2023","291.55","288.00","293.40","284.50","12.81M","1.67%"
"26-09-2023","286.75","288.45","291.40","286.15","11.26M","-0.45%"
"25-09-2023","288.05","284.30","289.00","281.15","9.12M","1.66%"
"22-09-2023","283.35","280.00","286.10","279.20","8.69M","1.03%"
"21-09-2023","280.45","284.90","286.80","278.60","11.07M","-1.35%"
"20-09-2023","284.30","279.50","288.00","279.10","18.62M","1.08%"
"18-09-2023","281.25","279.30","282.75","274.45","8.75M","0.70%"
"15-09-2023","279.30","278.50","284.15","277.55","13.29M","0.63%"
"14-09-2023","277.55","281.30","282.20","276.70","12.03M","-0.75%"
"13-09-2023","279.65","271.50","281.50","269.00","17.61M","3.29%"
"12-09-2023","270.75","280.00","280.05","269.00","17.55M","-2.94%"
"11-09-2023","278.95","284.00","284.20","277.25","14.51M","-1.12%"
"08-09-2023","282.10","274.60","284.45","270.90","41.86M","2.96%"
"07-09-2023","274.00","256.00","274.75","254.80","72.26M","7.11%"
"06-09-2023","255.80","255.95","257.80","252.55","13.35M","0.18%"
"05-09-2023","255.35","249.35","255.90","247.50","19.65M","3.05%"
"04-09-2023","247.80","238.75","248.95","238.15","24.79M","4.60%"
"01-09-2023","236.90","230.70","237.25","230.65","14.87M","2.98%"
"31-08-2023","230.05","229.00","230.45","228.40","10.40M","0.57%"
"30-08-2023","228.75","230.10","230.75","228.50","4.09M","-0.52%"
"29-08-2023","229.95","229.45","230.40","228.75","3.11M","0.22%"
"28-08-2023","229.45","228.50","230.05","227.50","3.36M","0.77%"
"25-08-2023","227.70","229.00","230.10","227.50","3.89M","-0.68%"
"24-08-2023","229.25","231.85","232.65","228.50","6.38M","-0.71%"
"23-08-2023","230.90","231.25","231.50","230.30","2.52M","0.07%"
"22-08-2023","230.75","230.40","232.05","229.70","4.28M","0.28%"
"21-08-2023","230.10","227.45","230.80","227.00","4.96M","1.17%"
"18-08-2023","227.45","228.50","228.95","227.00","6.90M","-2.09%"
"17-08-2023","232.30","233.70","233.90","231.10","5.60M","-0.32%"
"16-08-2023","233.05","234.00","234.80","232.10","4.58M","-0.36%"
"14-08-2023","233.90","236.00","236.20","230.70","6.09M","-0.43%"
"11-08-2023","234.90","234.00","235.60","233.75","6.13M","0.00%"
"10-08-2023","234.90","234.75","236.80","234.45","10.75M","0.06%"
"09-08-2023","234.75","233.25","235.70","230.60","35.27M","1.95%"
"08-08-2023","230.25","233.00","235.40","229.30","13.83M","-1.16%"
"07-08-2023","232.95","234.75","236.00","232.30","6.74M","-0.34%"
"04-08-2023","233.75","232.80","236.50","230.50","6.73M","1.61%"
"03-08-2023","230.05","234.55","235.10","229.45","13.95M","-1.92%"
"02-08-2023","234.55","241.15","243.15","232.30","25.00M","-2.41%"
"01-08-2023","240.35","230.00","241.30","228.95","22.41M","4.84%"
"31-07-2023","229.25","228.50","229.95","226.85","19.42M","0.95%"
"28-07-2023","227.10","229.60","229.95","226.85","8.82M","-0.85%"
"27-07-2023","229.05","231.00","231.90","228.15","7.84M","-0.63%"
"26-07-2023","230.50","230.55","231.20","228.90","7.57M","0.24%"
"25-07-2023","229.95","232.30","232.35","228.85","11.02M","-0.43%"
"24-07-2023","230.95","229.00","232.00","228.55","3.46M","0.85%"
"21-07-2023","229.00","229.60","230.50","228.55","3.90M","-0.33%"
"20-07-2023","229.75","228.65","230.70","227.75","3.20M","0.50%"
"19-07-2023","228.60","229.20","229.90","228.20","5.25M","0.15%"
"18-07-2023","228.25","229.70","232.45","227.55","6.17M","-0.85%"
"17-07-2023","230.20","231.00","232.65","229.70","4.96M","-0.37%"
"14-07-2023","231.05","230.00","232.10","229.75","7.39M","0.50%"
"13-07-2023","229.90","235.00","235.30","229.00","20.21M","-1.92%"
"12-07-2023","234.40","235.00","237.30","233.65","11.31M","0.17%"
"11-07-2023","234.00","233.80","235.80","233.50","10.78M","0.11%"
"10-07-2023","233.75","235.00","235.60","232.85","6.22M","-0.11%"
"07-07-2023","234.00","232.00","235.85","231.70","6.39M","-0.26%"
"06-07-2023","234.60","231.40","236.00","231.00","7.25M","1.38%"
"05-07-2023","231.40","231.80","232.85","230.10","4.86M","-0.17%"
"04-07-2023","231.80","232.25","232.80","230.30","3.66M","0.06%"
"03-07-2023","231.65","231.50","233.75","229.85","7.86M","0.28%"
"30-06-2023","231.00","227.90","231.35","226.75","7.85M","1.65%"
"28-06-2023","227.25","225.15","227.65","224.15","19.51M","0.93%"
"27-06-2023","225.15","226.35","226.80","223.90","6.28M","0.38%"
"26-06-2023","224.30","226.00","226.45","223.25","6.15M","-0.71%"
"23-06-2023","225.90","227.10","227.55","224.80","3.88M","-0.46%"
"22-06-2023","226.95","228.40","229.60","226.60","6.57M","-0.66%"
"21-06-2023","228.45","227.80","228.80","226.45","4.71M","0.53%"
"20-06-2023","227.25","227.75","227.75","225.50","5.02M","0.04%"
"19-06-2023","227.15","228.50","228.80","226.60","8.21M","-0.61%"
"16-06-2023","228.55","228.50","229.70","228.00","8.52M","-0.02%"
"15-06-2023","228.60","229.20","229.65","227.90","6.36M","-0.15%"
"14-06-2023","228.95","229.90","229.90","227.55","7.03M","0.00%"
"13-06-2023","228.95","230.00","230.30","228.00","5.57M","-0.02%"
"12-06-2023","229.00","228.25","229.25","226.65","4.26M","0.59%"
"09-06-2023","227.65","228.95","229.45","227.35","5.14M","-0.20%"
"08-06-2023","228.10","231.40","231.40","227.65","8.54M","-1.13%"
"07-06-2023","230.70","228.75","231.50","228.10","21.85M","1.27%"
"06-06-2023","227.80","229.80","230.65","226.75","13.50M","-0.83%"
"05-06-2023","229.70","230.50","231.20","229.45","19.81M","-0.52%"
"02-06-2023","230.90","228.50","233.40","228.10","36.40M","0.24%"
"01-06-2023","230.35","230.40","231.90","229.15","35.51M","-4.52%"
"31-05-2023","241.25","247.90","247.90","239.30","15.73M","-1.25%"
"30-05-2023","244.30","246.25","247.15","243.30","4.66M","-0.73%"
"29-05-2023","246.10","241.55","247.65","240.80","8.07M","1.90%"
"26-05-2023","241.50","239.80","242.45","239.10","2.65M","0.60%"
"25-05-2023","240.05","241.25","242.20","237.90","3.81M","-0.39%"
"24-05-2023","241.00","238.30","241.50","238.00","2.42M","0.71%"
"23-05-2023","239.30","238.95","240.20","236.80","3.21M","0.25%"
"22-05-2023","238.70","239.40","241.20","237.45","2.89M","-0.50%"
"19-05-2023","239.90","240.00","241.60","236.30","3.81M","0.13%"
"18-05-2023","239.60","242.00","242.90","238.95","3.51M","-0.83%"
"17-05-2023","241.60","240.95","243.70","240.75","4.97M","0.27%"
"16-05-2023","240.95","238.75","241.70","237.45","6.02M","1.37%"
"15-05-2023","237.70","234.60","239.60","233.85","4.22M","1.13%"
"12-05-2023","235.05","236.15","237.25","234.25","2.35M","-0.47%"
"11-05-2023","236.15","236.55","238.15","235.70","2.68M","-0.17%"
"10-05-2023","236.55","236.95","237.25","234.55","3.65M","0.08%"
"09-05-2023","236.35","234.80","238.80","233.50","7.32M","1.50%"
"08-05-2023","232.85","232.50","233.40","230.00","9.71M","-1.92%"
"05-05-2023","237.40","237.85","238.00","236.00","3.04M","-0.02%"
"04-05-2023","237.45","236.85","238.00","234.15","7.25M","0.23%"
"03-05-2023","236.90","236.05","238.95","234.60","4.52M","0.34%"
"02-05-2023","236.10","233.20","237.45","233.10","3.77M","1.29%"
"28-04-2023","233.10","232.50","234.75","231.60","4.77M","0.58%"
"27-04-2023","231.75","229.75","232.50","229.15","3.35M","0.87%"
"26-04-2023","229.75","230.00","230.65","228.00","3.44M","-0.22%"
"25-04-2023","230.25","231.15","232.30","229.90","2.57M","-0.56%"
"24-04-2023","231.55","229.55","232.00","229.55","2.59M","0.65%"
"21-04-2023","230.05","230.00","230.45","227.45","2.46M","0.22%"
"20-04-2023","229.55","229.90","231.50","229.10","2.59M","-0.37%"
"19-04-2023","230.40","233.60","234.60","229.00","7.42M","-0.78%"
"18-04-2023","232.20","229.60","232.40","229.25","8.00M","1.13%"
"17-04-2023","229.60","225.50","229.95","225.40","6.27M","1.82%"
"13-04-2023","225.50","227.90","229.65","224.45","3.48M","-0.97%"
"12-04-2023","227.70","224.00","228.00","223.65","5.14M","1.81%"
"11-04-2023","223.65","222.75","224.30","222.00","4.00M","0.72%"
"10-04-2023","222.05","221.45","224.45","221.15","3.50M","0.16%"
"06-04-2023","221.70","222.45","223.15","220.30","4.59M","-0.36%"
"05-04-2023","222.50","220.30","224.25","220.30","6.49M","1.07%"
"03-04-2023","220.15","214.10","220.85","213.80","7.75M","3.04%"
"31-03-2023","213.65","212.20","214.30","211.15","5.14M","0.33%"
"29-03-2023","212.95","209.95","214.90","208.40","16.73M","1.94%"
"28-03-2023","208.90","209.40","211.25","208.45","6.16M","0.24%"
"27-03-2023","208.40","208.50","210.20","207.60","4.00M","-0.02%"
"24-03-2023","208.45","213.25","213.90","208.00","6.61M","-2.30%"
"23-03-2023","213.35","213.15","214.75","212.40","4.73M","-0.28%"
"22-03-2023","213.95","216.90","216.90","213.10","9.68M","-1.43%"
"21-03-2023","217.05","218.15","218.95","215.95","4.00M","0.00%"
"20-03-2023","217.05","220.00","221.60","215.70","4.24M","-2.08%"
"17-03-2023","221.65","222.00","225.95","220.10","15.72M","0.36%"
"16-03-2023","220.85","218.55","222.45","216.35","4.99M","0.43%"
"15-03-2023","219.90","221.95","223.20","219.60","2.99M","-0.52%"
"14-03-2023","221.05","220.80","222.80","218.85","5.72M","0.11%"
"13-03-2023","220.80","224.20","225.75","219.35","3.88M","-1.58%"
"10-03-2023","224.35","222.95","225.30","221.45","3.67M","-0.20%"
"09-03-2023","224.80","224.85","226.95","223.65","4.26M","-0.02%"
"08-03-2023","224.85","224.85","225.15","222.65","4.27M","-0.02%"
"06-03-2023","224.90","222.95","225.50","221.75","4.77M","0.87%"
"03-03-2023","222.95","223.90","226.45","222.40","7.09M","0.04%"
"02-03-2023","222.85","218.75","224.45","217.35","11.35M","1.87%"
"01-03-2023","218.75","215.40","219.00","214.50","4.51M","1.56%"
"28-02-2023","215.40","216.60","216.95","212.00","6.05M","-0.71%"
"27-02-2023","216.95","217.00","218.00","215.10","4.84M","-0.05%"
"24-02-2023","217.05","216.00","217.30","214.70","5.15M","1.00%"
"23-02-2023","214.90","212.95","215.95","212.45","6.22M","1.44%"
"22-02-2023","211.85","214.55","215.85","211.60","6.00M","-1.03%"
"21-02-2023","214.05","218.80","219.20","213.35","4.66M","-1.95%"
"20-02-2023","218.30","217.85","218.95","215.95","8.48M","0.37%"
"17-02-2023","217.50","214.85","218.25","214.20","7.24M","0.95%"
"16-02-2023","215.45","213.50","216.50","213.10","13.09M","1.20%"
"15-02-2023","212.90","211.00","213.80","210.30","9.61M","0.54%"
"14-02-2023","211.75","213.05","214.30","211.10","6.76M","-0.61%"
"13-02-2023","213.05","211.50","213.70","209.15","6.14M","0.73%"
"10-02-2023","211.50","214.00","214.40","210.95","4.95M","-1.42%"
"09-02-2023","214.55","216.00","216.80","213.20","4.38M","-0.44%"
"08-02-2023","215.50","214.75","217.15","214.15","6.32M","-1.91%"
"07-02-2023","219.70","219.60","221.15","217.00","4.91M","0.05%"
"06-02-2023","219.60","219.20","220.35","215.65","5.74M","0.32%"
"03-02-2023","218.90","218.00","220.70","214.60","8.78M","0.57%"
"02-02-2023","217.65","221.00","221.70","217.00","6.81M","-1.36%"
"01-02-2023","220.65","228.00","228.00","214.15","24.01M","-1.87%"
"31-01-2023","224.85","225.00","228.35","223.90","7.42M","-0.44%"
"30-01-2023","225.85","222.40","226.80","220.75","6.17M","1.55%"
"27-01-2023","222.40","227.00","227.65","219.30","6.17M","-1.66%"
"25-01-2023","226.15","227.80","228.00","223.75","3.86M","-0.64%"
"24-01-2023","227.60","230.20","232.00","227.20","4.25M","-1.09%"
"23-01-2023","230.10","228.50","230.40","227.20","8.74M","1.37%"
"20-01-2023","227.00","224.85","229.25","222.75","13.44M","1.36%"
"19-01-2023","223.95","216.75","224.80","215.15","12.94M","3.27%"
"18-01-2023","216.85","213.85","217.35","213.20","6.44M","1.76%"
"17-01-2023","213.10","213.75","215.15","211.10","5.87M","-0.30%"
"16-01-2023","213.75","215.50","215.90","212.45","3.99M","-0.63%"
"13-01-2023","215.10","214.20","215.70","213.55","3.67M","0.56%"
"12-01-2023","213.90","215.50","217.00","212.80","7.16M","0.23%"
"11-01-2023","213.40","217.30","218.50","212.20","7.64M","-1.55%"
"10-01-2023","216.75","215.00","217.30","214.20","5.40M","0.84%"
"09-01-2023","214.95","215.35","217.70","214.00","6.97M","0.33%"
"06-01-2023","214.25","219.00","219.90","212.00","12.24M","-1.79%"
"05-01-2023","218.15","216.80","218.90","215.20","8.82M","0.46%"
"04-01-2023","217.15","224.35","224.50","216.25","9.55M","-3.10%"
"03-01-2023","224.10","225.00","225.75","223.00","3.64M","-0.29%"
"02-01-2023","224.75","226.75","227.20","224.15","4.21M","-0.13%"
"30-12-2022","225.05","222.25","226.45","222.25","4.10M","1.53%"
"29-12-2022","221.65","220.80","224.35","220.45","4.78M","-0.69%"
"28-12-2022","223.20","221.25","224.25","220.55","3.02M","0.88%"
"27-12-2022","221.25","222.00","222.90","219.65","2.96M","0.23%"
"26-12-2022","220.75","215.05","221.60","214.25","3.12M","2.65%"
"23-12-2022","215.05","220.00","222.90","214.20","6.56M","-3.44%"
"22-12-2022","222.70","224.10","225.75","219.10","4.76M","-0.51%"
"21-12-2022","223.85","226.50","227.70","222.05","3.68M","-1.00%"
"20-12-2022","226.10","226.90","226.90","223.35","3.78M","-0.53%"
"19-12-2022","227.30","224.65","227.85","224.50","4.07M","1.18%"
"16-12-2022","224.65","228.00","229.90","223.30","7.76M","-1.56%"
"15-12-2022","228.20","231.90","232.60","227.70","5.22M","-1.70%"
"14-12-2022","232.15","231.75","233.20","231.35","4.73M","0.26%"
"13-12-2022","231.55","233.40","234.45","231.10","4.88M","-0.37%"
"12-12-2022","232.40","228.35","233.70","228.10","7.88M","1.55%"
"09-12-2022","228.85","230.55","232.35","227.80","4.20M","-0.67%"
"08-12-2022","230.40","229.65","231.25","229.00","3.14M","0.28%"
"07-12-2022","229.75","232.15","232.15","228.70","4.52M","-0.82%"
"06-12-2022","231.65","232.00","232.50","229.50","7.39M","0.17%"
"05-12-2022","231.25","226.60","231.80","226.50","8.73M","2.05%"
"02-12-2022","226.60","226.10","228.00","225.30","6.33M","0.22%"
"01-12-2022","226.10","228.40","230.40","224.90","22.44M","-0.51%"
"30-11-2022","227.25","227.20","228.85","226.55","12.15M","0.02%"
"29-11-2022","227.20","230.20","231.30","226.35","6.63M","-1.15%"
"28-11-2022","229.85","230.55","232.75","228.40","8.15M","-0.67%"
"25-11-2022","231.40","229.65","233.65","227.80","10.05M","1.27%"
"24-11-2022","228.50","230.75","231.80","227.35","8.20M","-0.91%"
"23-11-2022","230.60","230.00","231.10","229.00","5.69M","0.65%"
"22-11-2022","229.10","228.55","230.70","227.65","5.89M","-0.15%"
"21-11-2022","229.45","229.00","230.40","226.70","6.43M","-0.04%"
"18-11-2022","229.55","232.45","233.55","228.20","6.41M","-1.23%"
"17-11-2022","232.40","234.75","234.75","231.00","5.74M","-1.06%"
"16-11-2022","234.90","233.35","235.50","230.40","9.76M","1.18%"
"15-11-2022","232.15","234.40","238.85","230.60","20.23M","-6.09%"
"14-11-2022","247.20","254.55","256.25","246.25","18.76M","-2.39%"
"11-11-2022","253.25","258.80","258.90","252.40","20.17M","-0.14%"
"10-11-2022","253.60","257.95","260.50","252.10","20.83M","-0.86%"
"09-11-2022","255.80","255.50","263.40","254.55","40.39M","2.50%"
"07-11-2022","249.55","247.30","251.35","246.75","10.51M","1.42%"
"04-11-2022","246.05","246.70","248.70","245.50","5.51M","-0.06%"
"03-11-2022","246.20","244.00","247.60","241.00","6.75M","0.16%"
"02-11-2022","245.80","245.65","249.60","242.15","14.97M","0.06%"
"01-11-2022","245.65","247.00","247.00","243.25","8.81M","-0.12%"
"31-10-2022","245.95","246.00","247.50","243.55","8.37M","0.63%"
"28-10-2022","244.40","242.00","247.80","240.55","14.08M","1.45%"
"27-10-2022","240.90","240.95","241.60","239.00","6.42M","0.40%"
"25-10-2022","239.95","240.50","240.95","237.95","6.98M","-0.23%"
"24-10-2022","240.50","240.90","241.70","240.00","730.14K","0.75%"
"21-10-2022","238.70","241.00","241.35","238.05","3.29M","-0.95%"
"20-10-2022","241.00","237.00","242.50","233.60","10.76M","1.18%"
"19-10-2022","238.20","242.00","243.00","237.00","13.89M","-1.45%"
"18-10-2022","241.70","238.50","242.15","236.85","6.67M","1.55%"
"17-10-2022","238.00","236.35","238.55","232.90","5.62M","0.70%"
"14-10-2022","236.35","238.95","238.95","235.35","6.24M","0.77%"
"13-10-2022","234.55","232.20","235.60","231.10","7.23M","1.06%"
"12-10-2022","232.10","225.55","233.00","225.55","9.26M","2.95%"
"11-10-2022","225.45","230.95","230.95","224.00","19.15M","-1.91%"
"10-10-2022","229.85","227.00","232.00","226.60","10.85M","0.07%"
"07-10-2022","229.70","233.00","233.55","227.80","14.64M","-1.63%"
"06-10-2022","233.50","225.00","234.10","224.65","12.80M","4.59%"
"04-10-2022","223.25","218.30","224.00","218.10","10.86M","3.86%"
"03-10-2022","214.95","213.00","218.00","212.30","11.40M","1.27%"
"30-09-2022","212.25","213.00","216.00","207.85","12.88M","-0.77%"
"29-09-2022","213.90","211.80","215.15","210.65","8.96M","1.47%"
"28-09-2022","210.80","211.70","213.40","208.90","6.13M","-1.45%"
"27-09-2022","213.90","216.00","219.70","212.75","5.80M","-0.74%"
"26-09-2022","215.50","221.00","222.10","212.50","7.83M","-3.30%"
"23-09-2022","222.85","225.00","226.95","221.00","5.50M","-1.85%"
"22-09-2022","227.05","229.95","231.30","225.50","7.68M","-1.94%"
"21-09-2022","231.55","229.85","232.70","227.15","5.67M","0.74%"
"20-09-2022","229.85","231.00","233.80","228.70","6.89M","-0.02%"
"19-09-2022","229.90","230.95","232.65","228.70","4.01M","-0.50%"
"16-09-2022","231.05","233.85","234.00","229.55","8.75M","-1.37%"
"15-09-2022","234.25","233.10","234.95","232.25","5.39M","0.99%"
"14-09-2022","231.95","230.15","233.80","229.55","7.71M","0.28%"
"13-09-2022","231.30","232.70","235.30","230.65","9.88M","-0.09%"
"12-09-2022","231.50","238.50","239.05","228.00","19.05M","-2.57%"
"09-09-2022","237.60","237.50","238.00","233.35","8.44M","0.49%"
"08-09-2022","236.45","240.50","240.50","235.05","7.68M","-1.00%"
"07-09-2022","238.85","232.95","239.30","232.35","12.75M","2.64%"
"06-09-2022","232.70","232.70","234.65","231.00","5.31M","0.47%"
"05-09-2022","231.60","230.00","232.35","228.50","4.91M","1.00%"
"02-09-2022","229.30","231.00","232.45","228.20","4.60M","-0.43%"
"01-09-2022","230.30","234.35","236.80","229.55","9.68M","-1.92%"
"30-08-2022","234.80","231.80","235.50","230.85","12.99M","1.82%"
"29-08-2022","230.60","221.40","231.60","221.40","8.76M","0.28%"
"26-08-2022","229.95","227.70","232.00","226.50","12.67M","2.25%"
"25-08-2022","224.90","223.70","227.15","223.70","13.08M","0.56%"
"24-08-2022","223.65","222.75","226.00","222.00","10.83M","0.36%"
"23-08-2022","222.85","217.00","223.70","216.60","9.34M","2.08%"
"22-08-2022","218.30","215.60","220.95","214.05","10.39M","0.53%"
"19-08-2022","217.15","221.65","221.65","215.70","8.78M","-2.07%"
"18-08-2022","221.75","221.45","222.65","220.60","4.23M","0.14%"
"17-08-2022","221.45","223.50","223.50","220.15","6.12M","-0.65%"
"16-08-2022","222.90","224.40","224.40","220.45","7.84M","0.56%"
"12-08-2022","221.65","219.00","222.25","217.75","8.86M","1.40%"
"11-08-2022","218.60","226.00","226.80","218.00","28.80M","-0.57%"
"10-08-2022","219.85","215.85","220.45","215.45","14.27M","2.07%"
"08-08-2022","215.40","209.50","216.15","207.05","16.36M","3.33%"
"05-08-2022","208.45","207.50","210.25","205.75","32.00M","0.63%"
"04-08-2022","207.15","212.15","213.45","206.15","8.06M","-2.33%"
"03-08-2022","212.10","214.95","214.95","208.80","9.95M","-1.46%"
"02-08-2022","215.25","213.00","217.25","211.65","12.62M","1.18%"
"01-08-2022","212.75","212.50","213.70","209.80","7.85M","0.71%"
"29-07-2022","211.25","203.60","212.45","203.25","12.48M","4.14%"
"28-07-2022","202.85","204.00","205.00","201.35","5.10M","-0.29%"
"27-07-2022","203.45","202.40","204.70","201.80","7.34M","0.57%"
"26-07-2022","202.30","201.45","203.30","199.55","12.85M","0.70%"
"25-07-2022","200.90","197.50","201.70","194.60","10.21M","1.93%"
"22-07-2022","197.10","198.60","199.85","196.80","4.84M","-0.76%"
"21-07-2022","198.60","197.85","199.45","196.30","6.17M","0.38%"
"20-07-2022","197.85","199.60","200.40","197.40","5.52M","-0.20%"
"19-07-2022","198.25","194.95","199.60","194.00","9.91M","1.35%"
"18-07-2022","195.60","194.50","196.90","193.85","7.60M","1.14%"
"15-07-2022","193.40","193.00","193.90","189.40","5.61M","0.73%"
"14-07-2022","192.00","194.00","195.45","190.30","6.80M","-0.75%"
"13-07-2022","193.45","193.90","196.15","193.00","7.84M","-0.23%"
"12-07-2022","193.90","192.80","195.30","192.10","6.94M","0.28%"
"11-07-2022","193.35","188.95","194.30","187.80","9.05M","1.87%"
"08-07-2022","189.80","187.05","191.90","187.05","14.65M","2.04%"
"07-07-2022","186.00","183.95","186.60","181.45","6.32M","2.37%"
"06-07-2022","181.70","182.50","182.85","178.00","9.37M","-0.41%"
"05-07-2022","182.45","183.00","185.20","181.75","5.31M","0.22%"
"04-07-2022","182.05","183.25","185.70","179.10","8.78M","-0.65%"
"01-07-2022","183.25","185.00","186.15","176.60","17.25M","-1.27%"
"30-06-2022","185.60","188.10","189.00","182.55","8.69M","-1.67%"
"29-06-2022","188.75","186.00","190.25","183.65","16.86M","1.26%"
"28-06-2022","186.40","181.15","186.95","180.75","9.84M","2.39%"
"27-06-2022","182.05","180.00","182.80","177.45","7.06M","3.12%"
"24-06-2022","176.55","178.65","180.40","174.80","8.17M","-0.34%"
"23-06-2022","177.15","180.30","182.00","174.85","9.30M","-1.23%"
"22-06-2022","179.35","184.75","184.75","179.00","6.56M","-2.95%"
"21-06-2022","184.80","178.00","185.65","178.00","7.56M","4.50%"
"20-06-2022","176.85","181.90","181.90","174.75","23.28M","-3.18%"
"17-06-2022","182.65","180.00","184.85","179.40","15.22M","1.53%"
"16-06-2022","179.90","191.55","192.80","179.10","14.49M","-5.34%"
"15-06-2022","190.05","192.15","193.85","189.15","5.81M","-1.12%"
"14-06-2022","192.20","189.10","194.50","189.10","6.73M","0.60%"
"13-06-2022","191.05","196.65","197.40","189.55","8.52M","-3.75%"
"10-06-2022","198.50","197.35","199.30","196.25","6.74M","-0.13%"
"09-06-2022","198.75","196.95","200.40","196.50","10.56M","0.56%"
"08-06-2022","197.65","198.00","201.95","196.50","13.06M","0.05%"
"07-06-2022","197.55","193.65","199.95","193.60","12.96M","1.39%"
"06-06-2022","194.85","196.50","196.80","193.20","22.02M","-1.09%"
"03-06-2022","197.00","200.00","201.00","196.20","25.34M","-0.61%"
"02-06-2022","198.20","196.50","199.20","194.30","17.65M","1.10%"
"01-06-2022","196.05","194.50","197.30","193.20","30.87M","1.63%"
"31-05-2022","192.90","186.00","195.25","185.20","21.38M","3.04%"
"30-05-2022","187.20","184.00","187.90","182.55","10.58M","2.94%"
"27-05-2022","181.85","184.50","188.65","180.50","16.41M","-0.76%"
"26-05-2022","183.25","183.95","186.00","177.75","23.14M","1.41%"
"25-05-2022","180.70","184.20","185.55","180.05","7.93M","-0.90%"
"24-05-2022","182.35","183.45","186.75","181.20","8.57M","-1.06%"
"23-05-2022","184.30","185.95","186.75","182.40","7.79M","-0.89%"
"20-05-2022","185.95","184.50","186.85","183.55","6.37M","2.62%"
"19-05-2022","181.20","181.10","183.50","180.70","9.40M","-2.34%"
"18-05-2022","185.55","186.35","187.50","181.80","15.43M","0.54%"
"17-05-2022","184.55","173.40","185.00","173.15","28.09M","7.48%"
"16-05-2022","171.70","169.50","172.80","167.85","7.44M","1.78%"
"13-05-2022","168.70","170.00","173.65","168.00","11.59M","0.99%"
"12-05-2022","167.05","167.85","170.20","164.65","10.41M","-1.65%"
"11-05-2022","169.85","171.70","173.70","165.25","20.64M","-0.12%"
"10-05-2022","170.05","182.00","183.85","168.80","19.97M","-7.10%"
"09-05-2022","183.05","185.95","185.95","181.55","10.55M","-2.32%"
"06-05-2022","187.40","184.50","188.95","183.05","14.26M","0.83%"
"05-05-2022","185.85","189.50","191.95","184.70","12.65M","-0.80%"
"04-05-2022","187.35","188.75","190.70","186.50","18.24M","-0.16%"
"02-05-2022","187.65","182.70","188.90","178.85","21.29M","2.63%"
"29-04-2022","182.85","192.50","193.00","181.90","21.65M","-3.89%"
"28-04-2022","190.25","189.00","192.50","187.15","12.71M","1.47%"
"27-04-2022","187.50","190.80","191.80","186.60","12.21M","-2.04%"
"26-04-2022","191.40","192.20","192.30","188.45","20.82M","1.57%"
"25-04-2022","188.45","199.65","202.20","186.75","26.47M","-6.78%"
"22-04-2022","202.15","206.05","209.00","201.25","24.01M","-2.30%"
"21-04-2022","206.90","201.20","207.90","201.00","43.68M","3.92%"
"20-04-2022","199.10","199.95","205.55","197.10","38.36M","0.68%"
"19-04-2022","197.75","191.45","203.25","190.65","59.34M","4.38%"
"18-04-2022","189.45","186.60","190.90","184.60","13.05M","1.53%"
"13-04-2022","186.60","188.00","191.30","185.70","14.22M","0.32%"
"12-04-2022","186.00","195.75","195.75","184.30","18.91M","-5.30%"
"11-04-2022","196.40","194.50","198.00","193.35","12.39M","0.95%"
"08-04-2022","194.55","194.70","198.80","192.35","20.15M","1.99%"
"07-04-2022","190.75","195.00","197.05","189.90","21.71M","-1.60%"
"06-04-2022","193.85","188.70","197.00","188.30","46.16M","3.17%"
"05-04-2022","187.90","188.00","188.95","186.85","7.64M","0.08%"
"04-04-2022","187.75","185.50","189.00","184.60","9.49M","0.86%"
"01-04-2022","186.15","183.80","187.25","183.30","13.51M","1.69%"
"31-03-2022","183.05","184.15","184.90","181.65","9.44M","0.08%"
"30-03-2022","182.90","187.95","187.95","182.00","10.30M","-1.67%"
"29-03-2022","186.00","192.00","192.20","185.50","10.62M","-2.75%"
"28-03-2022","191.25","186.10","193.70","185.50","19.13M","2.77%"
"25-03-2022","186.10","187.40","188.90","184.60","10.04M","-0.69%"
"24-03-2022","187.40","183.70","188.50","183.30","16.32M","2.38%"
"23-03-2022","183.05","182.60","184.25","179.30","13.73M","-0.16%"
"22-03-2022","183.35","183.65","185.80","180.50","12.37M","0.58%"
"21-03-2022","182.30","177.85","186.35","177.50","20.27M","3.26%"
"17-03-2022","176.55","179.00","180.00","175.50","20.05M","-0.20%"
"16-03-2022","176.90","173.00","177.80","172.90","11.85M","2.31%"
"15-03-2022","172.90","179.90","180.00","171.50","14.07M","-4.13%"
"14-03-2022","180.35","181.00","182.15","177.85","8.31M","-0.77%"
"11-03-2022","181.75","181.00","182.50","179.25","14.66M","1.56%"
"10-03-2022","178.95","184.00","184.00","177.05","30.89M","-4.13%"
"09-03-2022","186.65","190.00","190.60","185.60","13.87M","-1.32%"
"08-03-2022","189.15","189.00","191.70","186.60","22.94M","0.24%"
"07-03-2022","188.70","185.95","192.00","181.70","41.64M","4.25%"
"04-03-2022","181.00","188.95","191.00","180.50","36.10M","-4.21%"
"03-03-2022","188.95","189.60","197.75","186.85","74.05M","2.25%"
"02-03-2022","184.80","171.00","185.65","171.00","72.65M","8.99%"
"28-02-2022","169.55","162.45","169.95","160.55","20.87M","3.73%"
"25-02-2022","163.45","152.25","164.90","152.25","17.08M","8.97%"
"24-02-2022","150.00","154.00","156.80","149.00","12.12M","-5.36%"
"23-02-2022","158.50","160.35","162.30","158.20","7.63M","-0.88%"
"22-02-2022","159.90","159.50","160.65","155.50","11.65M","-0.81%"
"21-02-2022","161.20","163.15","163.50","159.85","14.87M","-3.65%"
"18-02-2022","167.30","163.00","168.25","162.60","23.74M","2.61%"
"17-02-2022","163.05","164.70","165.50","162.70","6.91M","-0.49%"
"16-02-2022","163.85","165.25","166.00","162.80","10.65M","0.12%"
"15-02-2022","163.65","162.75","164.85","159.85","16.85M","1.24%"
"14-02-2022","161.65","166.10","166.25","161.15","9.48M","-2.91%"
"11-02-2022","166.50","167.95","169.30","165.20","10.10M","-0.92%"
"10-02-2022","168.05","169.00","170.30","165.00","17.72M","-0.33%"
"09-02-2022","168.60","160.50","169.35","160.00","35.08M","5.41%"
"08-02-2022","159.95","161.85","162.50","158.35","14.16M","-0.62%"
"07-02-2022","160.95","160.65","163.00","159.65","5.87M","0.34%"
"04-02-2022","160.40","161.30","162.80","160.00","6.40M","-0.56%"
"03-02-2022","161.30","163.10","164.15","160.60","4.65M","-1.56%"
"02-02-2022","163.85","163.00","164.60","162.25","5.37M","0.49%"
"01-02-2022","163.05","162.00","163.45","158.60","7.25M","2.03%"
"31-01-2022","159.80","163.40","163.40","159.15","5.81M","-1.14%"
"28-01-2022","161.65","160.60","165.00","160.60","10.31M","0.69%"
"27-01-2022","160.55","158.90","161.30","158.00","9.27M","-0.37%"
"25-01-2022","161.15","155.00","161.60","154.30","7.27M","3.10%"
"24-01-2022","156.30","158.20","160.40","154.80","10.85M","-1.54%"
"21-01-2022","158.75","163.30","163.30","157.50","14.47M","-3.82%"
"20-01-2022","165.05","164.50","168.25","163.85","17.46M","0.70%"
"19-01-2022","163.90","161.00","164.85","160.80","11.50M","1.93%"
"18-01-2022","160.80","164.00","165.50","160.30","6.57M","-1.77%"
"17-01-2022","163.70","165.60","166.10","162.05","8.38M","-0.64%"
"14-01-2022","164.75","164.75","166.15","163.25","10.21M","0.00%"
"13-01-2022","164.75","159.35","166.45","159.00","20.27M","3.39%"
"12-01-2022","159.35","160.40","160.75","158.50","6.33M","0.50%"
"11-01-2022","158.55","160.65","160.65","158.10","7.67M","-1.34%"
"10-01-2022","160.70","157.80","161.00","157.05","14.66M","2.39%"
"07-01-2022","156.95","155.00","157.45","154.95","11.68M","1.49%"
"06-01-2022","154.65","154.50","155.25","153.05","12.45M","0.62%"
"05-01-2022","153.70","153.00","154.30","152.10","8.45M","0.46%"
"04-01-2022","153.00","156.00","156.65","152.35","13.74M","-1.48%"
"03-01-2022","155.30","147.25","155.95","147.00","29.49M","6.33%"
"31-12-2021","146.05","145.95","147.55","145.35","5.32M","-0.10%"
"30-12-2021","146.20","146.75","149.00","143.90","24.78M","-0.37%"
"29-12-2021","146.75","149.25","149.25","146.30","4.22M","-1.41%"
"28-12-2021","148.85","146.25","149.25","146.25","4.91M","1.92%"
"27-12-2021","146.05","145.00","146.50","144.10","3.53M","0.10%"
"24-12-2021","145.90","148.00","148.15","145.40","4.57M","-1.22%"
"23-12-2021","147.70","146.25","147.95","146.00","4.86M","1.62%"
"22-12-2021","145.35","145.45","149.40","144.45","6.80M","0.48%"
"21-12-2021","144.65","141.80","146.00","141.40","8.10M","2.81%"
"20-12-2021","140.70","145.35","145.65","139.15","8.86M","-3.93%"
"17-12-2021","146.45","149.10","149.40","146.00","8.76M","-2.20%"
"16-12-2021","149.75","148.10","150.10","147.55","7.54M","1.11%"
"15-12-2021","148.10","149.15","150.60","147.95","5.41M","-0.54%"
"14-12-2021","148.90","149.00","149.75","146.75","8.47M","-0.07%"
"13-12-2021","149.00","152.80","152.80","147.95","9.89M","-1.52%"
"10-12-2021","151.30","152.65","153.75","150.90","7.42M","-0.88%"
"09-12-2021","152.65","151.75","153.50","150.65","9.42M","1.16%"
"08-12-2021","150.90","151.25","151.75","150.05","7.31M","0.17%"
"07-12-2021","150.65","150.10","150.95","149.15","7.87M","1.41%"
"06-12-2021","148.55","152.00","152.45","148.10","24.19M","-7.01%"
"03-12-2021","159.75","159.00","160.70","158.25","20.41M","0.28%"
"02-12-2021","159.30","156.90","159.55","155.15","15.65M","2.41%"
"01-12-2021","155.55","153.60","156.25","152.55","16.28M","2.34%"
"30-11-2021","152.00","158.50","158.50","151.35","56.64M","-1.46%"
"29-11-2021","154.25","155.90","156.65","151.90","18.18M","-1.06%"
"26-11-2021","155.90","157.75","159.40","155.35","11.83M","-1.67%"
"25-11-2021","158.55","161.50","162.80","156.00","22.40M","-0.35%"
"24-11-2021","159.10","158.30","161.65","155.60","18.81M","1.86%"
"23-11-2021","156.20","150.00","156.75","150.00","13.31M","3.75%"
"22-11-2021","150.55","152.20","152.90","149.10","11.52M","-1.86%"
"18-11-2021","153.40","156.05","157.75","153.00","12.98M","-1.73%"
"17-11-2021","156.10","159.05","159.25","155.70","7.48M","-1.85%"
"16-11-2021","159.05","161.00","161.65","158.60","8.51M","-0.44%"
"15-11-2021","159.75","164.25","167.60","159.50","19.40M","-4.31%"
"12-11-2021","166.95","168.85","168.85","165.70","7.03M","-0.03%"
"11-11-2021","167.00","165.90","167.65","165.20","6.45M","0.18%"
"10-11-2021","166.70","169.90","170.85","166.45","9.21M","-2.23%"
"09-11-2021","170.50","172.05","172.40","169.60","5.72M","-0.70%"
"08-11-2021","171.70","171.00","174.20","168.50","8.76M","0.59%"
"04-11-2021","170.70","171.20","171.40","169.75","973.26K","0.56%"
"03-11-2021","169.75","168.20","171.10","167.35","8.97M","0.33%"
"02-11-2021","169.20","171.45","173.75","168.35","14.28M","-0.91%"
"01-11-2021","170.75","165.00","171.95","163.80","13.59M","3.83%"
"29-10-2021","164.45","165.00","169.50","163.30","14.83M","-1.26%"
"28-10-2021","166.55","173.00","173.00","165.95","24.51M","-4.06%"
"27-10-2021","173.60","175.70","176.65","172.80","9.54M","-0.83%"
"26-10-2021","175.05","173.00","176.00","171.75","11.60M","0.55%"
"25-10-2021","174.10","176.25","177.25","173.00","11.74M","-1.02%"
"22-10-2021","175.90","183.40","184.30","175.30","13.60M","-3.56%"
"21-10-2021","182.40","182.00","183.00","178.90","15.59M","1.05%"
"20-10-2021","180.50","182.70","183.40","177.40","15.92M","-2.17%"
"19-10-2021","184.50","187.30","188.95","183.60","17.40M","-0.43%"
"18-10-2021","185.30","184.80","187.75","183.40","15.47M","0.82%"
"14-10-2021","183.80","190.00","191.80","182.30","29.54M","-3.29%"
"13-10-2021","190.05","194.00","194.55","189.35","17.38M","-1.68%"
"12-10-2021","193.30","199.20","201.00","191.25","25.22M","-1.80%"
"11-10-2021","196.85","192.00","199.70","191.65","34.95M","4.46%"
"08-10-2021","188.45","191.10","191.70","184.10","28.98M","-1.18%"
"07-10-2021","190.70","194.75","194.95","189.25","16.52M","-1.11%"
"06-10-2021","192.85","200.00","203.80","191.70","41.93M","-2.58%"
"05-10-2021","197.95","191.00","198.90","190.40","42.36M","4.21%"
"04-10-2021","189.95","192.50","193.35","188.30","23.34M","0.66%"
"01-10-2021","188.70","185.40","189.90","182.40","25.49M","1.94%"
"30-09-2021","185.10","187.60","191.50","184.10","48.96M","-0.32%"
"29-09-2021","185.70","174.50","197.00","172.80","100.99M","6.39%"
"28-09-2021","174.55","168.50","176.30","168.15","41.55M","4.49%"
"27-09-2021","167.05","167.00","169.15","165.35","9.10M","0.57%"
"24-09-2021","166.10","168.10","169.45","162.90","17.26M","-0.75%"
"23-09-2021","167.35","163.75","170.00","163.10","31.40M","3.24%"
"22-09-2021","162.10","157.25","162.50","155.00","18.86M","3.64%"
"21-09-2021","156.40","155.70","158.00","153.45","13.65M","1.43%"
"20-09-2021","154.20","155.90","157.55","152.80","12.54M","-1.60%"
"17-09-2021","156.70","162.70","163.30","155.40","17.32M","-3.45%"
"16-09-2021","162.30","162.15","163.00","157.55","18.44M","0.78%"
"15-09-2021","161.05","155.50","162.25","154.25","24.59M","4.10%"
"14-09-2021","154.70","155.35","155.50","153.35","8.80M","0.06%"
"13-09-2021","154.60","149.60","155.90","149.30","35.67M","4.00%"
"09-09-2021","148.65","149.15","150.95","148.00","9.52M","-0.34%"
"08-09-2021","149.15","147.35","149.85","146.30","7.87M","1.32%"
"07-09-2021","147.20","147.00","148.10","145.55","9.48M","0.58%"
"06-09-2021","146.35","147.80","147.85","144.30","9.71M","0.00%"
"03-09-2021","146.35","141.90","147.15","141.75","12.73M","3.35%"
"02-09-2021","141.60","143.80","143.80","141.20","7.79M","-1.80%"
"01-09-2021","144.20","146.60","146.65","143.90","8.42M","-1.13%"
"31-08-2021","145.85","143.60","146.15","143.25","14.30M","1.57%"
"30-08-2021","143.60","138.60","143.95","138.60","11.33M","3.64%"
"27-08-2021","138.55","137.90","139.30","137.05","4.42M","0.91%"
"26-08-2021","137.30","138.85","139.40","136.35","6.85M","-1.12%"
"25-08-2021","138.85","136.50","139.15","136.50","7.82M","1.95%"
"24-08-2021","136.20","134.35","136.90","134.00","7.45M","1.68%"
"23-08-2021","133.95","136.30","136.40","132.75","7.77M","-1.22%"
"20-08-2021","135.60","137.50","138.05","135.00","8.88M","-1.99%"
"18-08-2021","138.35","139.25","140.25","138.00","7.65M","-0.65%"
"17-08-2021","139.25","142.10","142.55","137.20","13.71M","-1.94%"
"16-08-2021","142.00","143.80","144.15","141.75","5.26M","-1.22%"
"13-08-2021","143.75","145.05","146.30","143.20","9.46M","-0.45%"
"12-08-2021","144.40","144.05","146.70","143.70","7.69M","0.31%"
"11-08-2021","143.95","142.90","144.35","141.15","8.36M","1.23%"
"10-08-2021","142.20","143.70","144.25","140.75","14.02M","-0.73%"
"09-08-2021","143.25","147.50","147.85","142.35","12.99M","-1.95%"
"06-08-2021","146.10","145.60","148.45","145.25","10.81M","0.45%"
"05-08-2021","145.45","145.00","145.90","142.20","6.24M","0.52%"
"04-08-2021","144.70","144.15","147.35","144.15","8.84M","0.31%"
"03-08-2021","144.25","143.90","144.75","143.00","5.65M","0.24%"
"02-08-2021","143.90","144.30","144.90","143.10","6.16M","0.42%"
"30-07-2021","143.30","142.30","144.90","141.25","9.53M","0.81%"
"29-07-2021","142.15","144.05","144.65","141.90","8.24M","-1.32%"
"28-07-2021","144.05","143.45","144.30","141.05","8.83M","1.12%"
"27-07-2021","142.45","144.50","145.25","142.10","4.25M","-1.08%"
"26-07-2021","144.00","144.00","145.50","143.25","4.42M","-0.07%"
"23-07-2021","144.10","144.70","145.00","143.35","3.42M","-0.41%"
"22-07-2021","144.70","144.00","145.40","143.25","4.77M","1.26%"
"20-07-2021","142.90","144.50","145.05","141.70","6.27M","-1.07%"
"19-07-2021","144.45","145.00","146.40","144.00","5.16M","-0.76%"
"16-07-2021","145.55","146.75","148.05","145.30","10.82M","-0.78%"
"15-07-2021","146.70","148.00","148.40","145.65","7.26M","-0.98%"
"14-07-2021","148.15","147.95","149.40","147.25","7.22M","0.03%"
"13-07-2021","148.10","147.00","148.50","146.65","5.72M","1.16%"
"12-07-2021","146.40","146.80","147.85","146.10","4.01M","-0.20%"
"09-07-2021","146.70","146.25","147.50","145.65","4.96M","0.31%"
"08-07-2021","146.25","147.00","148.15","145.30","12.35M","-0.88%"
"07-07-2021","147.55","147.50","148.75","146.55","6.07M","0.03%"
"06-07-2021","147.50","150.05","150.70","146.90","9.58M","-1.60%"
"05-07-2021","149.90","148.00","150.50","147.60","10.40M","1.52%"
"02-07-2021","147.65","147.00","148.65","146.05","20.81M","1.37%"
"01-07-2021","145.65","146.60","147.30","145.50","5.67M","-0.68%"
"30-06-2021","146.65","145.60","147.40","145.10","12.92M","1.49%"
"29-06-2021","144.50","147.10","147.90","143.95","21.58M","-1.83%"
"28-06-2021","147.20","147.10","149.00","147.00","8.22M","-1.04%"
"25-06-2021","148.75","146.75","149.25","146.75","7.40M","1.61%"
"24-06-2021","146.40","148.45","149.10","146.00","12.93M","-1.38%"
"23-06-2021","148.45","149.85","150.60","148.15","7.98M","-0.17%"
"22-06-2021","148.70","148.90","149.50","147.80","12.49M","0.81%"
"21-06-2021","147.50","146.00","148.00","143.50","15.04M","0.75%"
"18-06-2021","146.40","153.00","153.80","145.10","24.82M","-3.78%"
"17-06-2021","152.15","155.00","155.40","151.40","15.78M","-2.19%"
"16-06-2021","155.55","157.30","158.80","154.85","14.10M","-1.02%"
"15-06-2021","157.15","161.10","161.85","156.75","30.15M","-1.38%"
"14-06-2021","159.35","164.00","164.00","155.55","30.84M","-2.03%"
"11-06-2021","162.65","157.00","165.00","156.65","61.73M","3.93%"
"10-06-2021","156.50","157.10","158.75","155.75","11.46M","0.06%"
"09-06-2021","156.40","157.00","161.40","155.20","30.44M","0.26%"
"08-06-2021","156.00","157.40","157.50","152.80","12.87M","-0.16%"
"07-06-2021","156.25","156.00","158.85","155.45","31.07M","2.06%"
"04-06-2021","153.10","149.00","154.40","148.20","29.42M","2.72%"
"03-06-2021","149.05","150.00","150.40","148.60","9.28M","-0.03%"
"02-06-2021","149.10","147.50","149.90","147.00","10.71M","1.02%"
"01-06-2021","147.60","148.55","149.40","146.90","9.31M","-0.07%"
"31-05-2021","147.70","147.05","148.40","145.05","11.77M","0.54%"
"28-05-2021","146.90","145.60","148.80","144.75","16.47M","1.63%"
"27-05-2021","144.55","145.75","146.30","144.10","24.06M","-0.79%"
"26-05-2021","145.70","147.80","148.00","145.20","9.95M","-1.19%"
"25-05-2021","147.45","149.80","150.00","147.10","10.43M","-0.97%"
"24-05-2021","148.90","148.10","149.75","145.65","14.19M","1.15%"
"21-05-2021","147.20","147.00","149.60","146.85","13.01M","0.38%"
"20-05-2021","146.65","152.40","152.40","146.05","22.98M","-3.42%"
"19-05-2021","151.85","146.45","152.50","145.10","24.00M","3.69%"
"18-05-2021","146.45","149.10","149.80","146.10","10.30M","-1.15%"
"17-05-2021","148.15","147.00","149.15","144.00","17.08M","0.92%"
"14-05-2021","146.80","155.95","155.95","146.10","23.14M","-4.36%"
"12-05-2021","153.50","155.90","159.70","151.80","42.96M","-1.41%"
"11-05-2021","155.70","146.45","156.75","145.15","66.58M","5.88%"
"10-05-2021","147.05","137.10","148.50","137.10","45.10M","7.45%"
"07-05-2021","136.85","135.40","138.00","135.00","12.64M","1.67%"
"06-05-2021","134.60","134.20","135.45","133.75","7.63M","1.09%"
"05-05-2021","133.15","133.00","134.50","132.50","4.88M","0.26%"
"04-05-2021","132.80","132.55","135.80","132.25","9.93M","0.45%"
"03-05-2021","132.20","133.00","133.45","131.20","10.26M","-0.64%"
"30-04-2021","133.05","127.40","134.60","127.00","27.40M","3.90%"
"29-04-2021","128.05","129.75","130.05","127.65","8.35M","-0.35%"
"28-04-2021","128.50","128.00","129.45","127.50","6.21M","0.78%"
"27-04-2021","127.50","127.00","127.90","126.60","3.98M","0.43%"
"26-04-2021","126.95","127.75","128.00","126.50","4.97M","0.63%"
"23-04-2021","126.15","124.95","127.25","124.25","8.99M","0.88%"
"22-04-2021","125.05","124.65","125.50","124.00","8.51M","0.44%"
"20-04-2021","124.50","125.00","126.25","124.05","7.74M","-0.08%"
"19-04-2021","124.60","125.60","126.00","123.40","7.13M","-2.54%"
"16-04-2021","127.85","128.85","129.95","127.10","10.36M","-0.31%"
"15-04-2021","128.25","127.95","130.80","126.95","8.92M","0.23%"
"13-04-2021","127.95","124.80","128.45","124.80","7.81M","2.61%"
"12-04-2021","124.70","128.00","128.30","123.60","11.33M","-3.71%"
"09-04-2021","129.50","131.65","131.95","128.95","10.15M","-1.63%"
"08-04-2021","131.65","131.30","133.75","131.20","9.33M","0.30%"
"07-04-2021","131.25","130.30","131.70","129.75","5.66M","0.73%"
"06-04-2021","130.30","130.85","131.85","129.30","6.69M","0.39%"
"05-04-2021","129.80","131.90","132.10","128.05","9.01M","-1.78%"
"01-04-2021","132.15","131.45","132.40","130.60","6.23M","1.38%"
"31-03-2021","130.35","133.00","133.00","130.00","14.90M","-1.96%"
"30-03-2021","132.95","131.00","134.45","130.15","20.58M","2.58%"
"26-03-2021","129.60","129.10","130.40","128.70","9.51M","1.17%"
"25-03-2021","128.10","132.00","133.10","127.05","18.63M","-3.17%"
"24-03-2021","132.30","133.90","135.15","132.05","10.87M","-2.18%"
"23-03-2021","135.25","135.60","136.65","134.10","8.89M","-0.29%"
"22-03-2021","135.65","137.60","137.60","135.30","11.41M","-0.48%"
"19-03-2021","136.30","136.00","140.00","133.50","33.29M","-0.55%"
"18-03-2021","137.05","141.50","141.75","136.20","14.40M","-2.00%"
"17-03-2021","139.85","145.05","145.45","139.50","15.55M","-4.02%"
"16-03-2021","145.70","147.00","148.05","144.60","11.86M","-0.82%"
"15-03-2021","146.90","146.45","147.60","144.75","15.78M","-2.39%"
"12-03-2021","150.50","152.00","153.00","149.00","14.84M","-0.30%"
"10-03-2021","150.95","153.05","153.25","149.40","10.79M","-0.49%"
"09-03-2021","151.70","154.95","154.95","148.50","14.62M","-0.95%"
"08-03-2021","153.15","153.90","156.00","152.35","18.73M","1.36%"
"05-03-2021","151.10","152.00","152.70","149.70","17.32M","-0.62%"
"04-03-2021","152.05","154.00","154.90","151.70","17.16M","-1.84%"
"03-03-2021","154.90","155.00","157.30","153.80","17.61M","0.98%"
"02-03-2021","153.40","154.35","156.15","152.50","17.57M","-0.62%"
"01-03-2021","154.35","155.50","157.10","153.70","22.31M","1.41%"
"26-02-2021","152.20","156.15","163.00","150.50","94.12M","-2.50%"
"25-02-2021","156.10","146.90","157.70","145.75","85.58M","8.10%"
"24-02-2021","144.40","139.95","145.00","139.50","38.78M","5.48%"
"23-02-2021","136.90","137.60","138.60","136.20","19.18M","0.48%"
"22-02-2021","136.25","138.85","139.40","135.10","20.40M","-2.15%"
"19-02-2021","139.25","139.95","143.20","137.25","22.94M","-0.50%"
"18-02-2021","139.95","135.00","141.20","134.05","22.07M","3.51%"
"17-02-2021","135.20","133.30","135.75","132.90","8.95M","1.08%"
"16-02-2021","133.75","132.30","135.40","132.30","11.74M","1.13%"
"15-02-2021","132.25","134.50","134.85","132.00","10.56M","-1.20%"
"12-02-2021","133.85","136.50","137.00","132.75","16.45M","-2.41%"
"11-02-2021","137.15","138.30","139.50","136.00","14.15M","-0.83%"
"10-02-2021","138.30","139.90","140.55","136.80","8.71M","-0.68%"
"09-02-2021","139.25","141.50","143.45","138.70","8.58M","-1.62%"
"08-02-2021","141.55","141.05","142.40","140.30","11.81M","0.50%"
"05-02-2021","140.85","144.10","144.30","139.35","19.93M","-1.92%"
"04-02-2021","143.60","137.90","144.25","136.80","30.75M","4.63%"
"03-02-2021","137.25","131.25","138.00","131.25","25.48M","4.57%"
"02-02-2021","131.25","131.00","132.85","129.65","15.49M","1.74%"
"01-02-2021","129.00","126.40","129.75","125.85","12.81M","2.46%"
"29-01-2021","125.90","129.25","129.65","125.25","15.27M","-1.79%"
"28-01-2021","128.20","128.00","129.95","127.80","11.97M","-0.74%"
"27-01-2021","129.15","132.00","132.55","128.70","11.64M","-2.05%"
"25-01-2021","131.85","134.90","135.50","130.85","10.16M","-1.01%"
"22-01-2021","133.20","137.35","137.80","132.50","14.81M","-3.02%"
"21-01-2021","137.35","142.00","142.15","136.55","10.83M","-2.93%"
"20-01-2021","141.50","140.50","141.95","138.65","11.82M","1.00%"
"19-01-2021","140.10","140.85","141.90","139.60","8.95M","1.01%"
"18-01-2021","138.70","143.30","143.90","136.60","17.09M","-3.18%"
"15-01-2021","143.25","146.80","147.60","142.35","10.65M","-2.32%"
"14-01-2021","146.65","146.60","148.20","144.85","14.76M","0.58%"
"13-01-2021","145.80","148.50","148.80","143.50","21.15M","-0.58%"
"12-01-2021","146.65","142.50","147.55","141.70","28.43M","3.49%"
"11-01-2021","141.70","140.50","143.00","140.30","24.79M","1.43%"
"08-01-2021","139.70","137.10","140.95","137.10","27.96M","2.34%"
"07-01-2021","136.50","136.50","137.50","135.50","17.30M","1.04%"
"06-01-2021","135.10","135.40","137.30","133.80","14.13M","-0.04%"
"05-01-2021","135.15","136.75","136.75","134.40","12.37M","-1.53%"
"04-01-2021","137.25","136.85","137.75","135.80","11.67M","1.40%"
"01-01-2021","135.35","135.40","136.25","135.05","7.00M","-0.07%"
"31-12-2020","135.45","135.60","136.70","134.75","15.24M","-0.11%"
"30-12-2020","135.60","136.75","136.75","134.20","14.18M","0.37%"
"29-12-2020","135.10","138.90","139.60","134.60","21.15M","-1.85%"
"28-12-2020","137.65","139.90","139.90","137.20","15.22M","1.03%"
"24-12-2020","136.25","136.35","139.10","135.60","14.52M","0.89%"
"23-12-2020","135.05","135.50","136.70","134.10","10.09M","-0.33%"
"22-12-2020","135.50","132.50","136.10","129.80","17.26M","1.92%"
"21-12-2020","132.95","141.40","141.50","129.35","20.13M","-6.18%"
"18-12-2020","141.70","143.45","143.65","139.45","13.63M","-1.22%"
"17-12-2020","143.45","145.25","145.25","142.50","12.37M","-1.41%"
"16-12-2020","145.50","144.35","146.00","143.50","16.12M","1.68%"
"15-12-2020","143.10","143.65","144.35","140.80","18.78M","-0.17%"
"14-12-2020","143.35","139.65","144.20","139.10","35.61M","3.69%"
"11-12-2020","138.25","134.70","140.70","134.50","30.56M","2.52%"
"10-12-2020","134.85","135.20","135.45","132.80","11.91M","0.11%"
"09-12-2020","134.70","135.40","137.50","134.40","18.76M","0.34%"
"08-12-2020","134.25","137.45","137.70","133.00","21.48M","-1.86%"
"07-12-2020","136.80","133.30","137.20","133.00","14.13M","2.63%"
"04-12-2020","133.30","134.20","134.95","131.10","19.37M","-0.11%"
"03-12-2020","133.45","131.35","134.00","129.25","25.83M","2.85%"
"02-12-2020","129.75","127.00","131.15","126.40","21.08M","2.65%"
"01-12-2020","126.40","126.00","127.00","124.70","8.93M","0.68%"
"27-11-2020","125.55","125.45","127.40","125.00","25.30M","0.40%"
"26-11-2020","125.05","124.60","125.35","123.35","13.69M","0.89%"
"25-11-2020","123.95","123.95","126.75","123.25","22.81M","0.57%"
"24-11-2020","123.25","123.75","124.60","122.80","18.20M","0.41%"
"23-11-2020","122.75","121.25","123.45","119.75","17.27M","1.07%"
"20-11-2020","121.45","123.30","123.50","120.15","17.57M","-0.49%"
"19-11-2020","122.05","121.75","124.30","120.85","29.19M","-4.83%"
"18-11-2020","128.25","128.75","128.85","125.85","18.94M","-0.35%"
"17-11-2020","128.70","128.30","129.30","127.20","20.37M","2.22%"
"13-11-2020","125.90","122.50","126.35","121.20","23.38M","3.11%"
"12-11-2020","122.10","126.05","126.50","121.00","35.74M","-2.98%"
"11-11-2020","125.85","126.00","126.20","123.55","16.76M","0.84%"
"10-11-2020","124.80","122.25","125.40","121.00","15.81M","2.51%"
"09-11-2020","121.75","122.90","122.90","120.65","14.95M","-0.04%"
"06-11-2020","121.80","120.25","122.40","118.30","18.91M","1.63%"
"05-11-2020","119.85","116.35","120.60","115.25","14.90M","4.40%"
"04-11-2020","114.80","116.50","116.50","113.70","7.38M","-1.46%"
"03-11-2020","116.50","115.60","117.25","115.60","12.32M","0.69%"
"02-11-2020","115.70","114.60","116.30","113.55","12.79M","1.31%"
"30-10-2020","114.20","111.60","115.20","111.05","17.77M","3.02%"
"29-10-2020","110.85","112.00","112.45","110.55","11.42M","-1.64%"
"28-10-2020","112.70","113.95","114.00","112.40","9.37M","-1.10%"
"27-10-2020","113.95","114.20","115.15","112.85","10.99M","-0.52%"
"26-10-2020","114.55","117.90","117.90","114.20","11.24M","-2.68%"
"23-10-2020","117.70","116.80","118.20","116.20","11.88M","1.64%"
"22-10-2020","115.80","115.00","116.70","114.10","13.65M","0.61%"
"21-10-2020","115.10","113.65","116.90","113.55","20.42M","1.28%"
"20-10-2020","113.65","115.10","116.15","113.10","16.55M","-0.92%"
"19-10-2020","114.70","112.50","115.35","111.25","18.11M","3.01%"
"16-10-2020","111.35","111.30","112.75","109.60","12.23M","0.68%"
"15-10-2020","110.60","110.85","112.70","109.55","15.48M","0.05%"
"14-10-2020","110.55","113.20","113.95","109.60","19.66M","-2.90%"
"13-10-2020","113.85","113.30","114.65","112.35","9.70M","0.57%"
"12-10-2020","113.20","115.30","115.50","112.80","7.95M","-1.48%"
"09-10-2020","114.90","113.35","115.90","112.30","15.96M","1.41%"
"08-10-2020","113.30","114.70","115.00","112.65","11.66M","-1.00%"
"07-10-2020","114.45","117.10","117.20","114.25","11.94M","-2.01%"
"06-10-2020","116.80","119.35","119.35","116.30","11.22M","-1.35%"
"05-10-2020","118.40","117.95","119.50","117.55","8.14M","0.98%"
"01-10-2020","117.25","117.10","119.70","116.35","9.96M","1.08%"
"30-09-2020","116.00","117.00","117.10","114.65","14.04M","-1.40%"
"29-09-2020","117.65","121.15","121.55","117.15","12.07M","-1.96%"
"28-09-2020","120.00","117.90","121.30","117.90","9.44M","2.48%"
"25-09-2020","117.10","116.00","117.60","113.90","15.99M","1.21%"
"24-09-2020","115.70","121.05","121.10","115.20","15.98M","-4.42%"
"23-09-2020","121.05","119.75","122.50","118.95","9.28M","1.25%"
"22-09-2020","119.55","122.00","122.00","118.85","10.04M","-1.73%"
"21-09-2020","121.65","123.65","124.15","121.10","9.57M","-1.62%"
"18-09-2020","123.65","125.25","125.25","122.90","14.61M","-0.52%"
"17-09-2020","124.30","123.85","125.90","123.55","13.05M","0.36%"
"16-09-2020","123.85","124.60","124.60","123.10","8.01M","-0.20%"
"15-09-2020","124.10","125.65","125.75","123.80","11.54M","-0.68%"
"14-09-2020","124.95","126.00","126.85","124.10","12.40M","-0.12%"
"11-09-2020","125.10","126.90","127.00","124.65","12.59M","-1.22%"
"10-09-2020","126.65","128.00","128.30","125.50","12.01M","-0.24%"
"09-09-2020","126.95","128.95","129.00","124.75","13.12M","-2.31%"
"08-09-2020","129.95","132.10","132.65","129.35","7.29M","-1.52%"
"07-09-2020","131.95","133.00","133.80","130.75","8.78M","-0.38%"
"04-09-2020","132.45","134.10","136.45","131.35","9.95M","-2.39%"
"03-09-2020","135.70","137.50","138.05","133.85","17.38M","-0.44%"
"02-09-2020","136.30","135.50","137.50","134.75","16.75M","2.14%"
"01-09-2020","133.45","135.10","135.40","130.70","10.57M","-0.67%"
"31-08-2020","134.35","139.25","142.15","133.90","18.67M","-3.38%"
"28-08-2020","139.05","141.10","142.40","138.65","9.06M","-1.07%"
"27-08-2020","140.55","142.70","143.25","140.00","9.36M","-0.99%"
"26-08-2020","141.95","140.55","143.95","139.95","20.08M","1.07%"
"25-08-2020","140.45","140.85","141.00","139.20","8.79M","0.46%"
"24-08-2020","139.80","140.70","141.40","138.75","7.62M","0.22%"
"21-08-2020","139.50","139.50","141.80","139.00","18.10M","0.72%"
"20-08-2020","138.50","134.10","139.00","133.35","16.87M","2.52%"
"19-08-2020","135.10","137.50","138.00","134.45","7.44M","-1.13%"
"18-08-2020","136.65","136.65","138.55","135.65","14.89M","0.48%"
"17-08-2020","136.00","133.50","137.00","132.35","23.26M","3.15%"
"14-08-2020","131.85","129.35","134.25","129.10","23.95M","2.25%"
"13-08-2020","128.95","128.75","130.15","128.30","7.33M","0.19%"
"12-08-2020","128.70","130.00","130.20","128.50","10.66M","-1.08%"
"11-08-2020","130.10","130.15","131.00","129.70","5.67M","0.66%"
"10-08-2020","129.25","130.30","131.15","129.00","7.12M","-0.39%"
"07-08-2020","129.75","129.50","130.35","128.55","6.55M","0.70%"
"06-08-2020","128.85","129.00","131.20","128.30","7.91M","0.31%"
"05-08-2020","128.45","129.15","130.10","128.20","6.36M","-0.23%"
"04-08-2020","128.75","129.60","131.70","128.50","8.23M","0.27%"
"03-08-2020","128.40","129.90","129.90","128.10","4.10M","-0.66%"
"31-07-2020","129.25","128.95","130.00","127.55","5.31M","0.51%"
"30-07-2020","128.60","131.30","131.70","128.30","5.76M","-1.98%"
"29-07-2020","131.20","130.00","132.50","129.70","5.73M","0.57%"
"28-07-2020","130.45","130.10","130.75","128.55","5.27M","0.38%"
"27-07-2020","129.95","131.60","131.80","129.35","5.36M","-1.25%"
"24-07-2020","131.60","132.90","132.90","130.00","8.43M","-1.39%"
"23-07-2020","133.45","134.90","135.55","133.20","5.53M","-0.48%"
"22-07-2020","134.10","133.70","136.70","132.75","14.12M","0.75%"
"21-07-2020","133.10","133.50","134.50","132.00","10.38M","0.08%"
"20-07-2020","133.00","133.50","134.60","131.70","16.60M","1.84%"
"17-07-2020","130.60","126.60","132.05","126.60","11.33M","3.53%"
"16-07-2020","126.15","127.75","128.00","124.60","11.79M","-1.45%"
"15-07-2020","128.00","128.85","129.45","127.55","7.04M","-0.19%"
"14-07-2020","128.25","130.40","130.40","128.00","7.23M","-1.72%"
"13-07-2020","130.50","131.80","132.45","130.30","7.75M","-0.53%"
"10-07-2020","131.20","129.50","132.25","128.20","17.08M","0.61%"
"09-07-2020","130.40","133.50","135.30","129.10","19.35M","-1.84%"
"08-07-2020","132.85","132.95","134.45","131.60","12.31M","0.00%"
"07-07-2020","132.85","136.50","136.70","132.60","9.91M","-2.21%"
"06-07-2020","135.85","136.30","137.50","135.25","9.49M","0.44%"
"03-07-2020","135.25","134.40","135.90","133.05","9.09M","1.24%"
"02-07-2020","133.60","134.05","135.00","132.80","7.75M","-0.19%"
"01-07-2020","133.85","132.85","134.65","131.40","8.41M","0.75%"
"30-06-2020","132.85","136.35","137.15","132.35","9.58M","-1.48%"
"29-06-2020","134.85","140.55","140.85","134.15","14.58M","-5.10%"
"26-06-2020","142.10","140.90","143.00","139.60","8.10M","1.21%"
"25-06-2020","140.40","140.35","143.65","138.35","33.55M","-0.81%"
"24-06-2020","141.55","145.70","146.45","140.75","10.64M","-1.60%"
"23-06-2020","143.85","144.95","146.75","143.20","10.96M","0.14%"
"22-06-2020","143.65","137.25","143.95","137.10","19.72M","4.66%"
"19-06-2020","137.25","140.00","140.00","135.20","17.47M","-0.25%"
"18-06-2020","137.60","129.00","139.70","128.15","34.59M","6.30%"
"17-06-2020","129.45","131.15","133.90","129.10","9.07M","-1.30%"
"16-06-2020","131.15","134.50","135.00","129.55","7.13M","-0.72%"
"15-06-2020","132.10","134.70","135.00","130.50","8.22M","-1.89%"
"12-06-2020","134.65","133.10","135.55","132.70","8.43M","-2.21%"
"11-06-2020","137.70","140.85","142.90","137.50","9.26M","-2.13%"
"10-06-2020","140.70","144.00","144.75","140.20","8.92M","-2.49%"
"09-06-2020","144.30","147.95","147.95","143.65","6.96M","-1.64%"
"08-06-2020","146.70","148.00","148.95","144.75","11.26M","1.28%"
"05-06-2020","144.85","141.00","145.75","140.50","11.87M","3.28%"
"04-06-2020","140.25","141.00","142.60","139.35","6.30M","-1.02%"
"03-06-2020","141.70","145.00","145.10","141.10","11.56M","-1.19%"
"02-06-2020","143.40","149.15","149.15","143.00","16.68M","-3.47%"
"01-06-2020","148.55","142.10","149.75","141.55","21.21M","5.13%"
"29-05-2020","141.30","133.50","142.45","132.25","16.21M","5.53%"
"28-05-2020","133.90","130.85","134.30","129.30","7.88M","2.37%"
"27-05-2020","130.80","127.25","131.35","126.00","6.08M","2.79%"
"26-05-2020","127.25","125.85","128.00","125.00","6.18M","1.64%"
"22-05-2020","125.20","124.00","126.05","121.90","7.13M","0.56%"
"21-05-2020","124.50","123.90","126.25","122.80","6.19M","1.01%"
"20-05-2020","123.25","123.00","125.15","121.85","8.09M","-0.28%"
"19-05-2020","123.60","123.10","124.15","121.80","9.54M","1.56%"
"18-05-2020","121.70","127.00","127.00","121.05","24.33M","-6.10%"
"15-05-2020","129.60","129.70","130.85","127.75","6.30M","0.74%"
"14-05-2020","128.65","129.85","131.45","128.05","5.66M","-1.49%"
"13-05-2020","130.60","132.50","132.50","128.50","11.14M","2.96%"
"12-05-2020","126.85","128.20","129.05","125.30","8.13M","-1.25%"
"11-05-2020","128.45","130.15","131.05","128.05","6.66M","-0.43%"
"08-05-2020","129.00","132.85","133.20","128.55","7.10M","-1.38%"
"07-05-2020","130.80","130.00","133.00","130.00","10.86M","-2.21%"
"06-05-2020","133.75","139.35","139.35","133.15","10.43M","-3.08%"
"05-05-2020","138.00","143.90","147.25","137.35","11.88M","-3.02%"
"04-05-2020","142.30","144.70","144.70","140.35","8.36M","-4.18%"
"30-04-2020","148.50","141.50","149.45","141.35","13.15M","6.19%"
"29-04-2020","139.85","135.50","140.85","135.35","7.40M","3.29%"
"28-04-2020","135.40","138.60","139.55","134.45","7.06M","-1.96%"
"27-04-2020","138.10","139.00","139.70","137.50","4.24M","0.80%"
"24-04-2020","137.00","140.60","143.80","135.80","11.70M","-2.77%"
"23-04-2020","140.90","140.80","144.75","140.10","7.55M","0.14%"
"22-04-2020","140.70","138.20","141.30","135.00","5.60M","1.22%"
"21-04-2020","139.00","141.00","141.60","137.80","6.50M","-3.61%"
"20-04-2020","144.20","149.90","149.90","143.00","7.14M","-3.06%"
"17-04-2020","148.75","151.50","152.45","148.30","7.09M","0.92%"
"16-04-2020","147.40","144.60","150.50","144.40","9.74M","0.37%"
"15-04-2020","146.85","147.40","151.60","146.00","10.49M","0.65%"
"13-04-2020","145.90","140.80","146.70","138.35","10.69M","3.62%"
"09-04-2020","140.80","139.20","141.45","138.00","5.08M","2.51%"
"08-04-2020","137.35","140.00","143.40","137.00","7.07M","-2.00%"
"07-04-2020","140.15","140.30","142.40","137.15","8.21M","1.74%"
"03-04-2020","137.75","138.60","139.90","131.80","10.94M","-1.22%"
"01-04-2020","139.45","138.75","141.25","137.05","8.83M","-0.43%"
"31-03-2020","140.05","135.10","142.35","134.25","15.00M","5.18%"
"30-03-2020","133.15","127.55","134.75","127.20","12.36M","1.10%"
"27-03-2020","131.70","125.90","132.95","125.00","18.33M","6.86%"
"26-03-2020","123.25","126.00","127.00","119.20","28.36M","-1.00%"
"25-03-2020","124.50","126.00","129.25","123.70","8.34M","-2.62%"
"24-03-2020","127.85","129.25","135.00","125.45","9.99M","0.00%"
"23-03-2020","127.85","122.50","134.85","120.05","17.89M","-3.73%"
"20-03-2020","132.80","124.50","135.80","122.65","24.02M","7.49%"
"19-03-2020","123.55","128.00","133.50","122.00","28.56M","-14.82%"
"18-03-2020","145.05","151.60","151.85","143.00","18.74M","-0.58%"
"17-03-2020","145.90","145.20","155.40","142.30","18.99M","1.39%"
"16-03-2020","143.90","150.95","151.35","143.10","23.55M","-6.62%"
"13-03-2020","154.10","146.25","161.55","123.65","43.33M","-0.29%"
"12-03-2020","154.55","161.00","163.00","150.10","33.25M","-8.01%"
"11-03-2020","168.00","158.10","169.90","157.05","28.40M","6.36%"
"09-03-2020","157.95","165.80","166.70","156.95","23.97M","-6.40%"
"06-03-2020","168.75","166.70","173.00","166.50","10.63M","-4.74%"
"05-03-2020","177.15","180.00","180.20","172.20","12.35M","-0.53%"
"04-03-2020","178.10","178.25","179.80","174.10","9.86M","-0.06%"
"03-03-2020","178.20","171.35","179.65","170.90","17.02M","5.23%"
"02-03-2020","169.35","172.65","175.00","168.30","11.96M","0.56%"
"28-02-2020","168.40","171.55","171.80","166.75","14.69M","-3.27%"
"27-02-2020","174.10","173.75","174.55","169.60","11.50M","0.17%"
"26-02-2020","173.80","174.20","177.75","172.65","10.93M","-0.74%"
"25-02-2020","175.10","176.10","178.70","174.20","13.53M","0.14%"
"24-02-2020","174.85","178.75","178.90","173.30","9.95M","-2.51%"
"20-02-2020","179.35","177.75","180.25","175.20","16.78M","0.90%"
"19-02-2020","177.75","176.35","178.55","174.25","21.09M","3.43%"
"18-02-2020","171.85","168.10","173.95","165.00","27.64M","2.38%"
"17-02-2020","167.85","174.75","175.20","166.80","16.00M","-3.95%"
"14-02-2020","174.75","178.00","178.90","174.20","15.39M","-1.72%"
"13-02-2020","177.80","180.30","180.95","175.85","11.78M","-1.39%"
"12-02-2020","180.30","181.00","183.40","178.20","14.67M","0.53%"
"11-02-2020","179.35","180.00","181.50","176.25","16.40M","0.28%"
"10-02-2020","178.85","184.90","185.00","177.65","19.67M","-3.35%"
"07-02-2020","185.05","180.30","186.05","178.10","13.47M","2.83%"
"06-02-2020","179.95","180.20","181.60","178.25","6.92M","0.39%"
"05-02-2020","179.25","184.00","184.00","178.50","9.47M","-1.78%"
"04-02-2020","182.50","180.75","183.00","179.75","10.04M","2.16%"
"03-02-2020","178.65","174.90","179.45","172.15","15.28M","2.97%"
"01-02-2020","173.50","181.40","181.40","171.15","23.30M","-4.51%"
"31-01-2020","181.70","188.80","189.45","180.00","35.28M","-3.33%"
"30-01-2020","187.95","191.40","192.35","187.50","10.86M","-1.62%"
"29-01-2020","191.05","191.00","193.00","188.00","10.60M","1.00%"
"28-01-2020","189.15","193.90","194.25","188.40","10.27M","-2.17%"
"27-01-2020","193.35","193.95","195.00","192.00","7.20M","-0.31%"
"24-01-2020","193.95","193.00","196.30","192.15","10.63M","1.68%"
"23-01-2020","190.75","192.05","195.20","189.85","16.37M","-0.60%"
"22-01-2020","191.90","199.10","199.40","190.95","19.10M","-5.07%"
"21-01-2020","202.15","201.15","205.25","201.15","6.35M","0.50%"
"20-01-2020","201.15","208.00","209.80","200.50","8.11M","-3.25%"
"17-01-2020","207.90","210.00","210.55","206.10","5.99M","-1.12%"
"16-01-2020","210.25","212.45","212.70","207.10","6.94M","-1.04%"
"15-01-2020","212.45","212.60","214.60","211.30","4.86M","-0.23%"
"14-01-2020","212.95","211.15","213.50","209.75","5.42M","0.66%"
"13-01-2020","211.55","205.30","212.00","205.00","9.86M","3.04%"
"10-01-2020","205.30","199.15","206.55","198.95","13.53M","3.69%"
"09-01-2020","198.00","203.25","203.70","197.35","10.32M","-1.10%"
"08-01-2020","200.20","203.00","204.55","198.20","7.30M","-2.67%"
"07-01-2020","205.70","206.50","208.20","204.35","5.24M","0.00%"
"06-01-2020","205.70","209.95","209.95","203.45","6.85M","-2.90%"
"03-01-2020","211.85","210.00","212.60","207.70","6.45M","0.36%"
"02-01-2020","211.10","212.50","212.80","208.30","5.96M","-0.40%"
"01-01-2020","211.95","211.35","212.60","208.40","6.45M","0.28%"
"31-12-2019","211.35","205.00","212.45","204.45","10.53M","2.70%"
"30-12-2019","205.80","203.55","206.25","201.20","4.70M","1.13%"
"27-12-2019","203.50","198.50","205.50","197.65","5.05M","3.14%"
"26-12-2019","197.30","198.40","201.40","195.20","8.63M","-0.83%"
"24-12-2019","198.95","197.80","199.70","197.40","3.11M","0.86%"
"23-12-2019","197.25","200.60","202.35","196.30","6.67M","-1.77%"
"20-12-2019","200.80","196.85","202.70","196.15","5.81M","1.98%"
"19-12-2019","196.90","197.40","198.10","195.25","2.02M","-0.43%"
"18-12-2019","197.75","195.85","198.50","194.80","3.62M","0.79%"
"17-12-2019","196.20","193.45","196.50","192.05","3.65M","1.87%"
"16-12-2019","192.60","197.00","197.30","192.00","3.15M","-1.86%"
"13-12-2019","196.25","191.70","196.90","191.30","5.85M","3.21%"
"12-12-2019","190.15","188.30","190.85","186.25","8.08M","1.60%"
"11-12-2019","187.15","188.30","189.35","185.00","8.52M","-0.03%"
"10-12-2019","187.20","192.00","192.45","186.55","4.43M","-2.32%"
"09-12-2019","191.65","191.95","193.60","191.00","3.99M","-0.18%"
"06-12-2019","192.00","196.40","197.00","190.90","5.64M","-2.24%"
"05-12-2019","196.40","202.50","203.10","195.65","6.75M","-3.13%"
"04-12-2019","202.75","204.60","205.00","201.15","5.34M","-1.39%"
"03-12-2019","205.60","206.50","206.70","204.00","2.62M","-0.12%"
"02-12-2019","205.85","205.20","206.40","202.25","3.28M","0.29%"
"29-11-2019","205.25","206.40","208.80","203.85","5.42M","-0.29%"
"28-11-2019","205.85","200.55","206.35","199.80","7.86M","2.41%"
"27-11-2019","201.00","197.50","201.70","196.20","4.38M","1.64%"
"26-11-2019","197.75","201.00","202.10","196.20","8.03M","-1.47%"
"25-11-2019","200.70","199.10","201.65","198.45","3.88M","0.85%"
"22-11-2019","199.00","196.95","199.35","196.30","4.34M","1.22%"
"21-11-2019","196.60","203.00","203.65","195.80","4.65M","-3.18%"
"20-11-2019","203.05","199.90","204.00","199.45","4.46M","1.73%"
"19-11-2019","199.60","200.95","201.30","198.25","3.84M","-0.35%"
"18-11-2019","200.30","202.00","202.00","198.25","5.89M","-0.42%"
"15-11-2019","201.15","202.95","204.50","200.50","4.54M","-0.59%"
"14-11-2019","202.35","208.50","208.50","201.75","4.89M","-2.36%"
"13-11-2019","207.25","215.90","216.00","206.20","12.23M","-1.24%"
"11-11-2019","209.85","208.95","210.80","205.75","3.49M","0.29%"
"08-11-2019","209.25","212.60","216.00","208.10","6.32M","-1.53%"
"07-11-2019","212.50","213.50","213.75","210.90","3.53M","0.05%"
"06-11-2019","212.40","211.40","214.85","211.15","4.34M","0.59%"
"05-11-2019","211.15","217.00","217.55","209.60","12.68M","-1.79%"
"04-11-2019","215.00","206.00","215.60","205.80","8.49M","3.81%"
"01-11-2019","207.10","205.00","208.00","201.85","7.12M","-0.22%"
"31-10-2019","207.55","207.00","209.00","206.00","6.66M","0.63%"
"30-10-2019","206.25","210.75","210.95","205.60","4.49M","-1.67%"
"29-10-2019","209.75","204.00","210.45","199.60","6.93M","3.40%"
"27-10-2019","202.85","202.85","202.85","202.85","","-1.46%"
"25-10-2019","205.85","206.60","206.95","203.00","5.37M","0.32%"
"24-10-2019","205.20","210.00","210.00","204.40","8.47M","-1.72%"
"23-10-2019","208.80","209.40","211.70","206.55","7.14M","0.00%"
"22-10-2019","208.80","206.00","209.95","203.30","9.80M","1.38%"
"18-10-2019","205.95","198.80","206.50","197.75","12.71M","3.28%"
"17-10-2019","199.40","194.00","199.95","192.90","6.61M","2.49%"
"16-10-2019","194.55","192.30","196.20","191.35","7.40M","1.78%"
"15-10-2019","191.15","189.00","192.70","188.05","5.46M","0.55%"
"14-10-2019","190.10","189.60","190.80","187.95","6.34M","0.56%"
"11-10-2019","189.05","185.25","190.25","185.25","7.10M","2.44%"
"10-10-2019","184.55","185.00","185.90","183.70","4.05M","-0.43%"
"09-10-2019","185.35","184.80","186.70","183.00","5.81M","0.52%"
"07-10-2019","184.40","186.95","188.20","183.00","6.16M","-0.75%"
"04-10-2019","185.80","187.70","189.35","182.15","12.24M","-0.51%"
"03-10-2019","186.75","193.00","193.00","185.25","12.27M","-3.79%"
"01-10-2019","194.10","200.00","200.60","190.75","10.42M","-2.88%"
"30-09-2019","199.85","197.50","200.75","196.55","7.58M","0.25%"
"27-09-2019","199.35","203.30","204.80","196.70","10.24M","-1.94%"
"26-09-2019","203.30","190.65","204.85","189.55","20.27M","5.56%"
"25-09-2019","192.60","193.00","198.70","191.15","6.87M","-2.80%"
"24-09-2019","198.15","203.60","205.70","197.10","9.66M","-2.24%"
"23-09-2019","202.70","205.50","208.40","200.55","9.40M","1.32%"
"20-09-2019","200.05","193.70","202.40","188.85","30.57M","3.41%"
"19-09-2019","193.45","191.30","194.50","189.50","7.92M","0.57%"
"18-09-2019","192.35","198.45","199.20","191.75","5.49M","-2.66%"
"17-09-2019","197.60","200.60","200.60","196.00","5.89M","-1.47%"
"16-09-2019","200.55","197.65","201.20","196.60","3.96M","1.19%"
"13-09-2019","198.20","198.65","199.60","194.50","6.98M","0.25%"
"12-09-2019","197.70","197.60","199.20","195.40","6.45M","0.51%"
"11-09-2019","196.70","199.80","203.00","195.55","8.76M","-1.33%"
"09-09-2019","199.35","198.10","200.10","196.80","5.38M","0.38%"
"06-09-2019","198.60","196.15","199.50","192.80","16.10M","1.92%"
"05-09-2019","194.85","183.90","196.40","183.80","29.08M","6.97%"
"04-09-2019","182.15","181.05","183.40","179.10","6.03M","0.61%"
"03-09-2019","181.05","183.00","185.70","180.05","7.05M","-2.00%"
"30-08-2019","184.75","189.75","190.45","182.15","11.88M","-2.25%"
"29-08-2019","189.00","183.30","190.30","182.10","31.07M","2.13%"
"28-08-2019","185.05","189.00","192.60","184.20","10.79M","-3.54%"
"27-08-2019","191.85","190.00","194.25","189.00","11.36M","1.64%"
"26-08-2019","188.75","191.00","191.90","182.55","8.85M","0.40%"
"23-08-2019","188.00","180.85","189.40","180.15","11.45M","3.95%"
"22-08-2019","180.85","188.00","188.45","177.70","13.37M","-4.21%"
"21-08-2019","188.80","195.00","195.45","188.10","10.79M","-3.33%"
"20-08-2019","195.30","199.40","199.50","194.40","7.50M","-1.83%"
"19-08-2019","198.95","202.70","203.10","198.55","5.85M","-1.49%"
"16-08-2019","201.95","200.00","202.85","199.70","12.56M","0.72%"
"14-08-2019","200.50","208.50","208.50","195.65","16.69M","-1.60%"
"13-08-2019","203.75","207.90","211.45","202.50","6.91M","-1.85%"
"09-08-2019","207.60","213.90","214.00","207.00","7.03M","-2.01%"
"08-08-2019","211.85","206.15","213.30","204.85","8.62M","2.79%"
"07-08-2019","206.10","204.20","209.10","201.75","9.27M","0.49%"
"06-08-2019","205.10","198.55","207.75","198.55","12.54M","2.24%"
"05-08-2019","200.60","196.00","202.90","193.10","8.94M","1.72%"
"02-08-2019","197.20","200.90","201.05","195.35","6.38M","-2.59%"
"01-08-2019","202.45","205.25","205.25","200.50","6.02M","-0.98%"
"31-07-2019","204.45","199.20","206.00","197.05","10.99M","2.46%"
"30-07-2019","199.55","205.60","206.80","198.00","10.53M","-2.85%"
"29-07-2019","205.40","210.65","212.60","204.50","11.72M","-2.49%"
"26-07-2019","210.65","209.00","212.95","205.50","10.49M","0.77%"
"25-07-2019","209.05","217.65","217.65","208.10","19.25M","-3.60%"
"24-07-2019","216.85","218.40","219.45","215.40","4.88M","-0.55%"
"23-07-2019","218.05","222.00","222.90","217.00","4.98M","-1.51%"
"22-07-2019","221.40","222.80","223.15","216.35","5.61M","-0.23%"
"19-07-2019","221.90","222.00","224.05","217.40","19.10M","0.73%"
"18-07-2019","220.30","230.00","230.90","219.50","8.73M","-4.22%"
"17-07-2019","230.00","232.00","234.15","229.00","5.40M","-1.20%"
"16-07-2019","232.80","229.45","233.65","229.35","3.74M","1.04%"
"15-07-2019","230.40","231.00","231.70","228.25","3.27M","-0.37%"
"12-07-2019","231.25","234.90","236.35","229.30","6.74M","-1.55%"
"11-07-2019","234.90","235.00","235.75","232.60","4.03M","0.66%"
"10-07-2019","233.35","231.40","234.50","230.05","5.90M","1.63%"
"09-07-2019","229.60","232.50","235.20","228.20","9.16M","-1.20%"
"08-07-2019","232.40","241.40","241.45","230.45","4.59M","-3.93%"
"05-07-2019","241.90","251.50","253.20","240.85","4.27M","-3.66%"
"04-07-2019","251.10","251.35","252.85","249.45","2.56M","0.06%"
"03-07-2019","250.95","252.70","254.15","250.30","2.83M","-0.69%"
"02-07-2019","252.70","248.30","253.00","247.10","3.96M","1.38%"
"01-07-2019","249.25","254.25","256.40","248.00","4.84M","-1.79%"
"28-06-2019","253.80","259.45","260.80","253.00","4.63M","-2.16%"
"27-06-2019","259.40","259.25","261.70","258.00","13.17M","-0.35%"
"26-06-2019","260.30","257.90","263.25","257.15","4.03M","0.75%"
"25-06-2019","258.35","255.00","259.00","254.55","2.59M","0.62%"
"24-06-2019","256.75","255.90","258.25","253.35","2.63M","0.98%"
"21-06-2019","254.25","260.00","265.35","251.90","20.19M","-2.34%"
"20-06-2019","260.35","256.00","261.00","256.00","3.04M","1.28%"
"19-06-2019","257.05","260.50","262.60","255.15","2.98M","-1.27%"
"18-06-2019","260.35","255.45","260.90","255.25","4.17M","1.98%"
"17-06-2019","255.30","255.00","257.65","250.70","5.01M","0.06%"
"14-06-2019","255.15","255.35","256.90","253.45","2.81M","-0.18%"
"13-06-2019","255.60","256.00","258.70","253.60","3.43M","-0.54%"
"12-06-2019","257.00","258.70","258.90","255.40","3.09M","-0.68%"
"11-06-2019","258.75","260.40","262.45","257.55","4.30M","-0.21%"
"10-06-2019","259.30","267.00","268.00","257.70","4.92M","-2.35%"
"07-06-2019","265.55","269.10","269.70","263.60","4.86M","-1.34%"
"06-06-2019","269.15","263.90","271.45","263.65","11.21M","2.18%"
"04-06-2019","263.40","258.80","264.15","258.10","6.11M","0.96%"
"03-06-2019","260.90","255.00","261.90","253.20","6.90M","2.92%"
"31-05-2019","253.50","261.00","262.95","252.20","22.24M","0.22%"
"30-05-2019","252.95","251.95","255.25","249.10","16.59M","0.90%"
"29-05-2019","250.70","249.90","251.60","247.45","3.33M","0.00%"
"28-05-2019","250.70","244.90","251.80","244.45","13.29M","2.70%"
"27-05-2019","244.10","244.90","246.45","243.10","1.95M","-0.33%"
"24-05-2019","244.90","244.75","245.95","241.40","2.41M","0.31%"
"23-05-2019","244.15","243.00","245.00","239.70","4.98M","1.20%"
"22-05-2019","241.25","237.65","242.00","237.10","3.92M","1.71%"
"21-05-2019","237.20","239.70","241.45","234.50","5.82M","-0.21%"
"20-05-2019","237.70","241.90","242.90","235.80","6.98M","0.66%"
"17-05-2019","236.15","233.10","238.00","232.35","7.52M","1.72%"
"16-05-2019","232.15","235.15","236.70","229.55","4.79M","-1.25%"
"15-05-2019","235.10","241.75","242.40","233.45","5.13M","-2.77%"
"14-05-2019","241.80","241.00","243.00","238.80","3.30M","-0.12%"
"13-05-2019","242.10","241.75","242.90","237.60","3.54M","0.35%"
"10-05-2019","241.25","242.00","244.95","240.00","5.29M","-0.43%"
"09-05-2019","242.30","249.10","250.65","241.15","6.99M","-2.73%"
"08-05-2019","249.10","249.60","252.10","248.55","4.22M","0.12%"
"07-05-2019","248.80","252.00","255.25","247.70","4.32M","-1.01%"
"06-05-2019","251.35","250.10","253.20","248.05","3.27M","-0.30%"
"03-05-2019","252.10","253.05","256.00","251.30","5.01M","-0.10%"
"02-05-2019","252.35","251.60","254.90","250.45","5.41M","0.08%"
"30-04-2019","252.15","250.50","253.50","246.60","6.19M","0.66%"
"26-04-2019","250.50","253.50","255.50","250.00","2.43M","-0.46%"
"25-04-2019","251.65","254.85","255.20","248.30","20.31M","-0.93%"
"24-04-2019","254.00","256.00","258.30","253.40","14.22M","-0.59%"
"23-04-2019","255.50","251.00","256.10","251.00","7.45M","1.37%"
"22-04-2019","252.05","251.45","252.50","248.95","4.70M","0.24%"
"18-04-2019","251.45","251.75","252.90","249.60","7.98M","-0.06%"
"16-04-2019","251.60","252.00","256.70","248.05","71.32M","0.64%"
"15-04-2019","250.00","244.00","251.95","243.25","15.66M","3.82%"
"12-04-2019","240.80","242.00","242.00","239.45","3.44M","-0.06%"
"11-04-2019","240.95","240.10","241.60","238.60","3.35M","0.37%"
"10-04-2019","240.05","238.90","242.90","238.40","8.66M","0.69%"
"09-04-2019","238.40","233.00","239.50","232.30","9.38M","2.34%"
"08-04-2019","232.95","235.00","236.20","231.60","4.37M","-0.75%"
"05-04-2019","234.70","235.00","236.20","233.70","3.04M","-0.04%"
"04-04-2019","234.80","235.00","235.55","232.55","3.95M","0.30%"
"03-04-2019","234.10","236.50","236.95","233.00","5.12M","-0.97%"
"02-04-2019","236.40","238.95","239.50","235.55","7.36M","0.00%"
"01-04-2019","236.40","238.10","238.10","231.50","13.99M","-0.34%"
"29-03-2019","237.20","236.50","239.30","233.50","14.09M","0.47%"
"28-03-2019","236.10","234.40","237.65","232.75","20.58M","0.70%"
"27-03-2019","234.45","236.40","238.10","233.60","4.78M","-0.85%"
"26-03-2019","236.45","237.25","242.75","234.30","7.48M","-0.32%"
"25-03-2019","237.20","233.00","239.45","231.35","7.46M","2.26%"
"22-03-2019","231.95","232.70","233.80","230.00","14.14M","-2.13%"
"20-03-2019","237.00","244.60","244.60","236.00","20.27M","-2.43%"
"19-03-2019","242.90","244.55","247.90","241.35","10.84M","-0.53%"
"18-03-2019","244.20","243.95","245.60","242.00","5.52M","-0.06%"
"15-03-2019","244.35","238.85","246.15","238.00","16.47M","0.47%"
"14-03-2019","243.20","240.90","244.10","238.50","13.63M","1.91%"
"13-03-2019","238.65","242.00","242.00","233.80","17.95M","-1.77%"
"12-03-2019","242.95","245.00","246.90","241.20","9.77M","-0.18%"
"11-03-2019","243.40","236.70","245.00","235.25","19.93M","3.62%"
"08-03-2019","234.90","233.10","237.50","229.60","12.80M","-0.04%"
"07-03-2019","235.00","243.00","243.00","233.35","7.18M","-3.19%"
"06-03-2019","242.75","241.15","246.20","238.00","9.54M","0.66%"
"05-03-2019","241.15","233.40","242.00","232.70","9.39M","3.65%"
"01-03-2019","232.65","228.80","233.00","226.60","9.53M","1.91%"
"28-02-2019","228.30","223.50","229.90","222.15","32.63M","3.09%"
"27-02-2019","221.45","221.50","224.40","219.60","8.60M","0.59%"
"26-02-2019","220.15","213.30","222.00","213.00","11.89M","2.71%"
"25-02-2019","214.35","216.00","216.70","212.70","9.39M","-0.28%"
"22-02-2019","214.95","214.85","216.90","213.45","5.23M","0.58%"
"21-02-2019","213.70","215.05","215.70","213.20","4.08M","-0.58%"
"20-02-2019","214.95","214.80","216.40","213.55","6.64M","0.33%"
"19-02-2019","214.25","215.25","218.95","213.55","5.29M","-0.42%"
"18-02-2019","215.15","218.00","218.00","214.80","3.65M","-2.18%"
"15-02-2019","219.95","219.90","221.50","214.70","11.51M","1.27%"
"14-02-2019","217.20","217.00","219.70","211.40","14.95M","-1.38%"
"13-02-2019","220.25","226.00","228.00","219.55","12.05M","-1.26%"
"12-02-2019","223.05","219.80","223.90","219.35","7.86M","1.94%"
"11-02-2019","218.80","217.70","220.35","214.15","4.58M","0.07%"
"08-02-2019","218.65","223.90","225.65","217.60","2.96M","-2.48%"
"07-02-2019","224.20","220.80","224.65","220.15","3.11M","1.93%"
"06-02-2019","219.95","216.50","220.70","216.35","3.71M","1.64%"
"05-02-2019","216.40","222.00","223.40","215.70","5.56M","-2.57%"
"04-02-2019","222.10","223.30","224.20","220.05","3.42M","-0.49%"
"01-02-2019","223.20","224.35","226.70","222.75","2.82M","-0.65%"
"31-01-2019","224.65","226.50","227.50","223.05","15.39M","-0.24%"
"30-01-2019","225.20","222.00","228.00","220.55","7.35M","1.19%"
"29-01-2019","222.55","225.40","225.85","221.15","3.85M","-1.18%"
"28-01-2019","225.20","221.25","227.50","218.05","3.92M","1.92%"
"25-01-2019","220.95","224.25","226.20","220.10","3.43M","-1.30%"
"24-01-2019","223.85","225.70","226.25","223.00","2.84M","-0.75%"
"23-01-2019","225.55","227.80","228.00","225.25","2.33M","-0.97%"
"22-01-2019","227.75","228.45","230.35","225.80","4.56M","-0.55%"
"21-01-2019","229.00","230.45","231.25","228.15","1.90M","-0.43%"
"18-01-2019","230.00","232.15","232.55","229.60","2.94M","-0.88%"
"17-01-2019","232.05","232.75","232.75","230.40","3.22M","0.00%"
"16-01-2019","232.05","232.80","233.40","231.55","2.05M","-0.26%"
"15-01-2019","232.65","231.50","233.60","231.05","2.32M","0.76%"
"14-01-2019","230.90","232.40","232.50","229.05","2.27M","-0.58%"
"11-01-2019","232.25","233.70","233.75","231.50","2.45M","-0.32%"
"10-01-2019","233.00","233.80","233.95","232.05","2.29M","0.15%"
"09-01-2019","232.65","234.20","234.85","231.80","2.95M","-0.28%"
"08-01-2019","233.30","234.50","235.15","232.15","4.21M","-0.51%"
"07-01-2019","234.50","238.00","238.00","233.50","7.35M","-0.85%"
"04-01-2019","236.50","234.10","237.70","233.75","2.89M","0.64%"
"03-01-2019","235.00","238.70","238.70","233.20","5.66M","-0.72%"
"02-01-2019","236.70","240.90","241.45","236.05","3.90M","-1.99%"
"01-01-2019","241.50","241.00","242.45","240.25","2.23M","0.31%"
"31-12-2018","240.75","242.70","244.40","240.10","3.55M","-0.64%"
"28-12-2018","242.30","242.90","243.35","239.75","10.58M","-3.16%"
"27-12-2018","250.20","249.50","254.00","243.85","26.01M","1.28%"
"26-12-2018","247.05","248.30","250.40","246.00","5.07M","-0.50%"
"24-12-2018","248.30","254.00","254.00","246.90","4.37M","-1.76%"
"21-12-2018","252.75","250.90","253.35","247.15","12.80M","0.88%"
"20-12-2018","250.55","248.60","254.50","248.00","8.60M","-0.18%"
"19-12-2018","251.00","252.70","253.30","250.00","5.29M","-0.34%"
"18-12-2018","251.85","252.50","253.85","249.05","6.48M","0.16%"
"17-12-2018","251.45","249.10","253.70","246.20","9.69M","1.74%"
"14-12-2018","247.15","244.55","250.40","242.00","7.52M","1.06%"
"13-12-2018","244.55","249.00","249.00","243.00","6.80M","-0.99%"
"12-12-2018","247.00","241.50","247.75","239.80","9.12M","2.02%"
"11-12-2018","242.10","233.75","244.05","233.75","8.50M","1.66%"
"10-12-2018","238.15","234.75","239.10","228.35","17.42M","0.59%"
"07-12-2018","236.75","241.95","242.45","236.50","6.10M","-1.60%"
"06-12-2018","240.60","244.50","245.65","239.80","4.38M","-1.92%"
"05-12-2018","245.30","251.50","252.45","244.00","3.58M","-2.76%"
"04-12-2018","252.25","248.90","254.00","248.20","4.53M","1.31%"
"03-12-2018","249.00","246.00","251.80","245.35","6.68M","1.67%"
"30-11-2018","244.90","247.00","248.40","239.05","12.79M","-0.81%"
"29-11-2018","246.90","250.00","250.60","241.00","18.39M","-0.38%"
"28-11-2018","247.85","252.50","253.75","247.25","8.25M","-1.61%"
"27-11-2018","251.90","252.50","254.20","250.15","4.37M","0.46%"
"26-11-2018","250.75","256.95","258.50","247.20","9.86M","-2.30%"
"22-11-2018","256.65","261.00","261.40","256.10","2.68M","-1.65%"
"21-11-2018","260.95","261.50","263.20","260.25","4.77M","-0.19%"
"20-11-2018","261.45","264.00","265.60","261.00","4.25M","-1.02%"
"19-11-2018","264.15","264.50","264.70","262.65","3.19M","0.19%"
"16-11-2018","263.65","264.00","265.80","261.30","3.07M","0.19%"
"15-11-2018","263.15","265.75","266.50","262.10","1.92M","-0.98%"
"14-11-2018","265.75","267.00","267.00","263.75","2.57M","0.08%"
"13-11-2018","265.55","267.50","268.70","264.15","6.90M","0.63%"
"12-11-2018","263.90","270.00","271.40","263.20","4.68M","-1.69%"
"09-11-2018","268.45","268.75","271.85","266.55","10.99M","0.56%"
"07-11-2018","266.95","266.50","267.30","265.90","791.92K","0.39%"
"06-11-2018","265.90","265.00","266.65","264.20","3.08M","0.59%"
"05-11-2018","264.35","261.95","265.25","261.80","4.89M","1.07%"
"02-11-2018","261.55","259.00","264.50","258.90","38.13M","0.17%"
"01-11-2018","261.10","264.95","266.00","260.10","10.47M","-1.90%"
"31-10-2018","266.15","265.00","267.90","263.80","17.31M","-3.52%"
"30-10-2018","275.85","286.15","286.40","275.00","2.76M","-4.02%"
"29-10-2018","287.40","281.50","289.20","277.35","2.47M","2.24%"
"26-10-2018","281.10","283.10","283.70","275.80","3.06M","-0.39%"
"25-10-2018","282.20","274.80","283.95","274.10","4.39M","1.79%"
"24-10-2018","277.25","280.00","280.20","273.60","4.46M","-0.04%"
"23-10-2018","277.35","274.50","280.85","274.30","2.50M","0.67%"
"22-10-2018","275.50","277.50","280.65","274.10","2.40M","0.13%"
"19-10-2018","275.15","279.15","281.20","274.45","3.80M","-1.70%"
"17-10-2018","279.90","279.60","283.85","277.20","3.08M","1.27%"
"16-10-2018","276.40","277.20","278.35","274.40","1.33M","0.27%"
"15-10-2018","275.65","279.30","280.85","272.75","1.60M","-1.06%"
"12-10-2018","278.60","269.50","279.90","268.50","2.92M","4.50%"
"11-10-2018","266.60","268.00","274.50","265.05","3.42M","-2.24%"
"10-10-2018","272.70","271.50","276.80","270.30","3.20M","-0.46%"
"09-10-2018","273.95","269.90","277.70","268.50","4.34M","2.26%"
"08-10-2018","267.90","263.00","272.95","262.50","3.47M","1.86%"
"05-10-2018","263.00","274.00","274.15","261.30","4.05M","-3.77%"
"04-10-2018","273.30","271.60","277.80","268.60","3.69M","-1.25%"
"03-10-2018","276.75","273.00","281.00","268.85","2.99M","1.45%"
"01-10-2018","272.80","266.25","274.00","262.80","2.09M","2.46%"
"28-09-2018","266.25","275.80","275.80","264.40","5.73M","-3.62%"
"27-09-2018","276.25","272.80","278.00","270.95","8.04M","1.36%"
"26-09-2018","272.55","277.00","277.00","270.20","2.30M","-0.98%"
"25-09-2018","275.25","281.15","285.95","273.15","3.58M","-2.10%"
"24-09-2018","281.15","276.00","284.00","275.65","3.10M","2.14%"
"21-09-2018","275.25","283.20","286.25","273.60","6.87M","-1.92%"
"19-09-2018","280.65","275.00","281.95","275.00","4.92M","2.73%"
"18-09-2018","273.20","274.60","276.00","268.70","6.42M","-0.64%"
"17-09-2018","274.95","277.50","278.15","273.25","2.92M","-0.87%"
"14-09-2018","277.35","283.00","285.90","277.00","2.74M","-1.49%"
"12-09-2018","281.55","284.40","287.60","279.25","2.44M","-0.55%"
"11-09-2018","283.10","282.80","288.00","275.80","4.99M","1.25%"
"10-09-2018","279.60","286.00","286.35","278.65","1.48M","-2.43%"
"07-09-2018","286.55","284.60","287.50","283.00","3.00M","1.02%"
"06-09-2018","283.65","278.50","284.90","277.35","3.00M","2.18%"
"05-09-2018","277.60","279.90","279.95","272.00","3.83M","-0.72%"
"04-09-2018","279.60","288.00","288.90","278.60","2.29M","-2.80%"
"03-09-2018","287.65","287.50","289.80","286.15","1.65M","0.59%"
"31-08-2018","285.95","286.25","290.50","285.00","3.72M","0.12%"
"30-08-2018","285.60","286.45","290.55","284.60","3.86M","-0.24%"
"29-08-2018","286.30","292.70","294.35","285.30","4.00M","-2.85%"
"28-08-2018","294.70","295.00","299.75","290.25","5.51M","0.53%"
"27-08-2018","293.15","291.00","295.45","289.45","2.25M","0.74%"
"24-08-2018","291.00","287.85","293.60","287.80","2.71M","0.67%"
"23-08-2018","289.05","291.70","293.75","287.15","2.52M","-0.81%"
"21-08-2018","291.40","286.15","292.60","285.00","9.14M","2.59%"
"20-08-2018","284.05","283.50","290.70","281.75","3.93M","0.94%"
"17-08-2018","281.40","285.00","286.60","281.00","2.10M","-0.46%"
"16-08-2018","282.70","280.00","286.30","280.00","5.18M","0.02%"
"14-08-2018","282.65","280.00","283.85","277.00","4.63M","1.29%"
"13-08-2018","279.05","280.00","284.65","276.00","11.14M","1.18%"
"10-08-2018","275.80","279.00","279.70","272.50","3.77M","-1.54%"
"09-08-2018","280.10","278.35","284.00","276.00","2.93M","1.49%"
"08-08-2018","276.00","275.50","279.45","274.75","2.52M","0.22%"
"07-08-2018","275.40","283.15","288.75","273.05","7.45M","-2.74%"
"06-08-2018","283.15","278.85","285.60","278.25","3.48M","1.40%"
"03-08-2018","279.25","274.00","282.35","273.65","4.09M","2.08%"
"02-08-2018","273.55","274.50","274.95","271.15","4.96M","1.07%"
"01-08-2018","270.65","262.00","272.20","261.60","5.61M","3.66%"
"31-07-2018","261.10","263.80","264.05","260.35","2.74M","-0.53%"
"30-07-2018","262.50","262.90","266.60","261.40","2.94M","0.13%"
"27-07-2018","262.15","266.40","266.90","259.65","1.89M","-1.11%"
"26-07-2018","265.10","264.65","266.70","263.05","5.07M","0.17%"
"25-07-2018","264.65","266.20","266.50","262.50","1.74M","-0.75%"
"24-07-2018","266.65","263.00","267.40","262.10","1.79M","1.89%"
"23-07-2018","261.70","262.50","266.25","261.20","1.63M","-0.68%"
"20-07-2018","263.50","261.70","264.90","258.60","1.74M","0.88%"
"19-07-2018","261.20","262.50","263.95","260.00","2.03M","-0.36%"
"18-07-2018","262.15","266.00","268.50","259.95","4.11M","-0.98%"
"17-07-2018","264.75","261.50","266.80","261.25","2.60M","1.38%"
"16-07-2018","261.15","267.70","268.00","260.10","1.57M","-2.48%"
"13-07-2018","267.80","266.80","270.65","266.30","3.57M","0.96%"
"12-07-2018","265.25","267.00","271.25","264.85","3.82M","0.17%"
"11-07-2018","264.80","277.00","277.90","263.75","4.36M","-4.90%"
"10-07-2018","278.45","271.25","279.70","270.55","3.00M","2.69%"
"09-07-2018","271.15","272.25","274.20","269.00","2.20M","-0.02%"
"06-07-2018","271.20","270.00","271.95","267.20","2.71M","0.33%"
"05-07-2018","270.30","264.50","271.75","260.50","3.04M","2.25%"
"04-07-2018","264.35","261.05","266.95","259.60","3.03M","1.34%"
"03-07-2018","260.85","262.50","262.70","259.30","2.69M","0.12%"
"02-07-2018","260.55","263.15","264.00","258.60","4.88M","-1.44%"
"29-06-2018","264.35","259.00","265.20","259.00","1.96M","1.42%"
"28-06-2018","260.65","266.85","266.85","258.65","4.38M","-1.97%"
"27-06-2018","265.90","265.00","267.95","260.85","4.72M","0.28%"
"26-06-2018","265.15","258.30","270.20","258.20","10.47M","2.37%"
"25-06-2018","259.00","264.00","265.75","257.40","4.32M","-2.21%"
"22-06-2018","264.85","267.10","267.70","263.05","2.53M","-1.06%"
"21-06-2018","267.70","270.70","272.90","266.30","2.51M","-1.07%"
"20-06-2018","270.60","273.10","274.00","267.45","3.01M","-0.86%"
"19-06-2018","272.95","272.35","275.40","271.30","1.99M","-0.46%"
"18-06-2018","274.20","279.00","279.05","271.20","2.11M","-1.74%"
"15-06-2018","279.05","286.50","286.50","277.50","4.28M","-1.47%"
"14-06-2018","283.20","283.80","286.95","278.30","1.54M","-0.28%"
"13-06-2018","284.00","284.10","287.70","283.65","2.55M","0.16%"
"12-06-2018","283.55","287.90","289.80","283.00","2.08M","-1.51%"
"11-06-2018","287.90","290.00","294.45","286.15","1.75M","-0.69%"
"08-06-2018","289.90","288.70","293.60","287.00","2.04M","0.35%"
"07-06-2018","288.90","289.00","291.00","287.30","2.39M","-0.60%"
"06-06-2018","290.65","285.55","292.25","284.45","5.63M","1.89%"
"05-06-2018","285.25","293.90","294.75","283.75","2.31M","-2.51%"
"04-06-2018","292.60","295.20","297.85","291.40","1.56M","-0.70%"
"01-06-2018","294.65","293.00","299.70","290.10","3.03M","-0.54%"
"31-05-2018","296.25","292.10","303.45","290.00","11.80M","2.49%"
"30-05-2018","289.05","281.00","292.50","277.65","9.09M","2.37%"
"29-05-2018","282.35","286.35","287.00","276.50","5.93M","-0.86%"
"28-05-2018","284.80","277.00","287.80","276.70","3.11M","3.34%"
"25-05-2018","275.60","280.10","283.30","272.55","4.27M","-1.61%"
"24-05-2018","280.10","277.00","281.50","274.50","2.01M","1.41%"
"23-05-2018","276.20","277.15","279.90","274.75","2.64M","-1.02%"
"22-05-2018","279.05","272.70","279.90","271.50","3.30M","3.26%"
"21-05-2018","270.25","267.50","271.50","264.60","1.80M","1.29%"
"18-05-2018","266.80","271.50","274.55","265.80","1.86M","-1.73%"
"17-05-2018","271.50","265.90","273.40","265.10","3.85M","3.04%"
"16-05-2018","263.50","264.00","265.00","257.30","2.94M","0.00%"
"15-05-2018","263.50","270.05","271.25","262.15","3.87M","-2.43%"
"14-05-2018","270.05","271.00","273.00","266.70","2.42M","-0.35%"
"11-05-2018","271.00","272.00","272.30","269.50","1.78M","0.61%"
"10-05-2018","269.35","268.80","272.95","267.80","3.97M","0.75%"
"09-05-2018","267.35","268.20","269.75","266.70","3.22M","-0.30%"
"08-05-2018","268.15","268.05","272.00","266.65","3.92M","0.28%"
"07-05-2018","267.40","273.80","273.80","265.30","7.18M","-1.44%"
"04-05-2018","271.30","276.80","277.45","270.40","2.31M","-2.04%"
"03-05-2018","276.95","278.25","281.80","276.10","2.41M","-1.27%"
"02-05-2018","280.50","283.10","283.45","279.05","2.44M","-1.58%"
"30-04-2018","285.00","287.50","288.00","282.70","1.71M","-0.61%"
"27-04-2018","286.75","290.00","292.25","282.50","2.21M","-1.39%"
"26-04-2018","290.80","290.50","292.95","288.25","2.78M","-0.05%"
"25-04-2018","290.95","290.10","293.80","287.75","1.61M","0.15%"
"24-04-2018","290.50","289.00","293.95","287.15","1.83M","0.24%"
"23-04-2018","289.80","292.00","292.00","288.60","1.18M","-0.77%"
"20-04-2018","292.05","283.25","294.95","282.45","2.44M","3.12%"
"19-04-2018","283.20","285.25","287.25","281.70","2.33M","-0.67%"
"18-04-2018","285.10","287.00","288.45","282.90","1.43M","-0.87%"
"17-04-2018","287.60","286.25","290.40","285.45","3.00M","0.52%"
"16-04-2018","286.10","284.60","286.80","283.35","1.22M","0.39%"
"13-04-2018","285.00","282.50","285.50","280.00","1.84M","1.24%"
"12-04-2018","281.50","281.55","282.75","279.10","1.34M","-0.67%"
"11-04-2018","283.40","283.65","285.35","278.05","3.00M","0.89%"
"10-04-2018","280.90","276.00","281.45","273.25","2.35M","2.35%"
"09-04-2018","274.45","276.35","276.35","273.50","1.25M","-0.49%"
"06-04-2018","275.80","277.70","278.80","274.50","1.53M","-0.72%"
"05-04-2018","277.80","276.15","279.50","275.45","1.53M","1.18%"
"04-04-2018","274.55","278.80","278.90","273.20","2.95M","-1.58%"
"03-04-2018","278.95","276.20","279.60","275.15","1.64M","0.52%"
"02-04-2018","277.50","283.35","283.50","275.15","2.52M","-2.05%"
"28-03-2018","283.30","274.70","285.75","272.85","6.98M","2.57%"
"27-03-2018","276.20","274.10","276.80","272.25","1.89M","1.01%"
"26-03-2018","273.45","270.00","274.50","268.05","2.28M","1.30%"
"23-03-2018","269.95","266.65","271.80","265.00","3.98M","0.20%"
"22-03-2018","269.40","270.00","273.45","268.00","3.38M","-0.55%"
"21-03-2018","270.90","270.90","272.55","269.05","2.74M","0.24%"
"20-03-2018","270.25","269.10","273.30","268.35","1.80M","-0.75%"
"19-03-2018","272.30","279.50","279.50","269.10","3.59M","-2.12%"
"16-03-2018","278.20","280.30","281.40","276.20","11.02M","-5.85%"
"15-03-2018","295.50","294.00","298.90","292.10","4.49M","0.82%"
"14-03-2018","293.10","291.00","294.40","290.70","4.41M","-0.59%"
"13-03-2018","294.85","297.50","298.65","290.00","6.31M","-0.94%"
"12-03-2018","297.65","305.40","306.90","296.00","6.80M","-2.10%"
"09-03-2018","304.05","305.00","307.50","302.10","2.14M","-0.47%"
"08-03-2018","305.50","308.00","308.75","302.15","2.24M","-0.47%"
"07-03-2018","306.95","306.00","308.95","302.90","4.79M","-0.02%"
"06-03-2018","307.00","306.90","309.45","301.10","3.69M","0.39%"
"05-03-2018","305.80","310.45","311.45","303.95","3.59M","-2.27%"
"01-03-2018","312.90","310.80","314.15","308.00","2.54M","1.21%"
"28-02-2018","309.15","307.00","311.80","305.00","3.73M","0.05%"
"27-02-2018","309.00","313.65","316.95","307.20","6.67M","-1.61%"
"26-02-2018","314.05","311.25","316.40","309.00","3.17M","1.00%"
"23-02-2018","310.95","310.75","313.85","308.35","3.20M","-0.19%"
"22-02-2018","311.55","306.50","315.00","306.50","7.82M","0.32%"
"21-02-2018","310.55","311.00","312.00","305.15","5.40M","0.05%"
"20-02-2018","310.40","305.00","311.85","302.00","8.60M","1.64%"
"19-02-2018","305.40","303.00","307.40","301.05","2.94M","0.63%"
"16-02-2018","303.50","308.10","310.45","302.60","1.93M","-1.49%"
"15-02-2018","308.10","307.50","311.80","304.65","5.22M","0.37%"
"14-02-2018","306.95","300.00","309.45","300.00","5.73M","2.10%"
"12-02-2018","300.65","303.90","305.00","297.05","4.51M","0.17%"
"09-02-2018","300.15","295.10","304.45","294.40","4.73M","0.05%"
"08-02-2018","300.00","297.60","302.60","296.70","3.29M","0.81%"
"07-02-2018","297.60","291.50","299.70","290.35","7.22M","2.50%"
"06-02-2018","290.35","287.00","292.00","280.10","4.67M","-1.51%"
"05-02-2018","294.80","293.00","296.00","285.00","7.80M","1.53%"
"02-02-2018","290.35","292.10","297.55","286.05","6.39M","-1.78%"
"01-02-2018","295.60","300.10","301.15","290.95","4.53M","-1.32%"
"31-01-2018","299.55","303.50","304.55","298.00","5.20M","-2.08%"
"30-01-2018","305.90","299.00","307.50","295.20","3.09M","1.38%"
"29-01-2018","301.75","298.50","306.00","296.95","3.56M","0.78%"
"25-01-2018","299.40","294.55","302.65","294.55","6.92M","1.65%"
"24-01-2018","294.55","292.50","298.50","287.00","3.07M","0.49%"
"23-01-2018","293.10","285.20","294.15","285.20","3.97M","2.82%"
"22-01-2018","285.05","287.10","289.70","283.70","3.03M","0.37%"
"19-01-2018","284.00","283.05","285.90","280.50","2.57M","0.34%"
"18-01-2018","283.05","293.30","293.80","278.10","3.78M","-2.72%"
"17-01-2018","290.95","293.00","294.95","286.30","4.36M","-0.22%"
"16-01-2018","291.60","305.90","305.90","290.60","4.07M","-4.67%"
"15-01-2018","305.90","309.25","310.45","304.50","2.64M","-1.00%"
"12-01-2018","309.00","309.00","310.80","306.20","5.12M","0.29%"
"11-01-2018","308.10","308.00","310.00","302.95","4.70M","-0.06%"
"10-01-2018","308.30","306.00","309.80","305.00","15.30M","1.40%"
"09-01-2018","304.05","299.70","311.00","296.65","27.64M","5.77%"
"08-01-2018","287.45","279.00","290.60","279.00","4.89M","3.12%"
"05-01-2018","278.75","278.50","280.65","278.00","3.34M","0.34%"
"04-01-2018","277.80","272.90","279.85","272.20","6.92M","2.19%"
"03-01-2018","271.85","271.00","273.45","269.70","9.24M","0.67%"
"02-01-2018","270.05","268.00","270.90","267.00","5.66M","1.28%"
"01-01-2018","266.65","263.00","267.30","262.60","3.08M","1.41%"
"29-12-2017","262.95","263.10","264.45","261.80","2.80M","-0.08%"
"28-12-2017","263.15","262.80","265.85","262.10","6.35M","0.23%"
"27-12-2017","262.55","263.30","265.10","261.60","6.40M","-0.45%"
"26-12-2017","263.75","267.70","267.70","263.00","4.58M","-0.81%"
"22-12-2017","265.90","268.15","268.70","265.30","3.51M","-0.75%"
"21-12-2017","267.90","271.40","271.40","266.85","2.74M","-0.58%"
"20-12-2017","269.45","272.00","272.00","268.15","3.60M","0.69%"
"19-12-2017","267.60","269.40","271.90","266.45","3.86M","-0.02%"
"18-12-2017","267.65","269.95","274.65","262.30","4.25M","-1.24%"
"15-12-2017","271.00","264.00","271.55","263.80","9.19M","3.10%"
"14-12-2017","262.85","263.25","264.65","262.20","1.82M","-0.11%"
"13-12-2017","263.15","264.85","264.95","261.00","1.50M","-0.09%"
"12-12-2017","263.40","269.60","269.80","262.50","2.17M","-2.39%"
"11-12-2017","269.85","265.65","270.40","265.30","2.35M","1.89%"
"08-12-2017","264.85","264.90","265.60","262.35","2.41M","0.78%"
"07-12-2017","262.80","266.00","266.90","262.00","1.93M","-0.87%"
"06-12-2017","265.10","263.20","267.85","263.20","1.78M","-0.06%"
"05-12-2017","265.25","265.00","266.35","263.10","1.28M","-0.24%"
"04-12-2017","265.90","273.00","273.60","265.15","2.40M","-2.26%"
"01-12-2017","272.05","275.20","276.35","270.00","1.99M","-1.36%"
"30-11-2017","275.80","275.30","278.30","272.50","7.34M","-0.18%"
"29-11-2017","276.30","276.90","282.10","274.50","5.21M","0.71%"
"28-11-2017","274.35","272.00","276.40","269.55","7.24M","0.99%"
"27-11-2017","271.65","270.85","272.40","269.35","887.04K","0.06%"
"24-11-2017","271.50","270.75","272.85","270.40","876.30K","0.39%"
"23-11-2017","270.45","271.50","274.10","268.80","1.49M","-0.50%"
"22-11-2017","271.80","275.50","276.50","271.10","1.53M","-0.73%"
"21-11-2017","273.80","279.00","282.00","273.10","2.88M","-1.63%"
"20-11-2017","278.35","273.00","280.25","270.05","3.09M","2.03%"
"17-11-2017","272.80","271.50","273.40","268.75","3.37M","1.66%"
"16-11-2017","268.35","272.50","272.90","266.15","2.78M","-1.47%"
"15-11-2017","272.35","274.00","274.15","270.20","2.60M","-0.66%"
"14-11-2017","274.15","274.35","275.40","271.25","2.80M","-0.29%"
"13-11-2017","274.95","276.20","280.30","274.00","5.41M","-3.31%"
"10-11-2017","284.35","283.30","287.45","278.00","3.53M","0.39%"
"09-11-2017","283.25","286.90","287.50","280.05","3.81M","-1.67%"
"08-11-2017","288.05","283.25","289.00","282.50","13.61M","1.19%"
"07-11-2017","284.65","286.60","287.80","283.10","4.58M","-0.59%"
"06-11-2017","286.35","286.50","289.45","283.90","4.41M","-0.07%"
"03-11-2017","286.55","291.20","292.00","285.05","4.37M","-1.60%"
"02-11-2017","291.20","286.90","292.35","284.65","4.09M","1.62%"
"01-11-2017","286.55","286.50","290.00","281.55","3.61M","0.03%"
"31-10-2017","286.45","287.00","288.30","283.35","2.60M","-0.85%"
"30-10-2017","288.90","289.15","290.90","285.10","2.21M","-0.09%"
"27-10-2017","289.15","294.00","294.25","287.90","2.51M","-1.43%"
"26-10-2017","293.35","289.00","295.00","289.00","8.70M","1.45%"
"25-10-2017","289.15","291.00","291.70","287.55","2.44M","-0.19%"
"24-10-2017","289.70","289.05","291.95","288.00","3.06M","-0.05%"
"23-10-2017","289.85","286.50","291.40","286.50","13.20M","1.42%"
"19-10-2017","285.80","290.00","290.05","284.90","543.14K","-1.45%"
"18-10-2017","290.00","290.00","291.45","288.30","3.63M","-0.02%"
"17-10-2017","290.05","291.00","291.00","288.25","3.95M","-0.22%"
"16-10-2017","290.70","287.30","291.50","286.75","5.48M","1.20%"
"13-10-2017","287.25","282.60","289.00","282.60","5.08M","1.72%"
"12-10-2017","282.40","281.90","283.75","280.15","5.89M","-0.19%"
"11-10-2017","282.95","286.00","286.50","280.75","17.10M","-0.95%"
"10-10-2017","285.65","281.35","286.25","281.35","8.45M","1.53%"
"09-10-2017","281.35","277.00","281.95","276.80","7.17M","1.68%"
"06-10-2017","276.70","273.50","278.50","273.45","7.95M","1.26%"
"05-10-2017","273.25","270.00","273.95","269.05","3.17M","1.20%"
"04-10-2017","270.00","271.15","271.85","268.70","2.86M","-0.74%"
"03-10-2017","272.00","273.00","274.30","269.15","2.93M","0.42%"
"29-09-2017","270.85","270.00","272.40","267.30","4.84M","1.14%"
"28-09-2017","267.80","260.00","270.25","258.95","15.89M","2.66%"
"27-09-2017","260.85","261.75","261.90","255.30","5.99M","0.17%"
"26-09-2017","260.40","257.50","261.85","253.80","4.59M","1.30%"
"25-09-2017","257.05","254.40","257.70","250.25","5.68M","1.28%"
"22-09-2017","253.80","253.50","254.45","248.00","5.18M","-0.10%"
"21-09-2017","254.05","255.50","256.40","248.50","4.47M","-0.97%"
"20-09-2017","256.55","258.55","258.70","253.20","3.31M","-0.77%"
"19-09-2017","258.55","262.00","262.95","257.10","5.36M","-2.27%"
"18-09-2017","264.55","261.45","265.00","260.10","4.11M","1.83%"
"15-09-2017","259.80","255.20","262.20","255.20","8.59M","1.86%"
"14-09-2017","255.05","255.60","258.20","254.05","5.76M","-0.51%"
"13-09-2017","256.35","257.00","259.70","255.10","3.96M","-0.47%"
"12-09-2017","257.55","256.10","258.30","253.40","3.75M","0.19%"
"11-09-2017","257.05","256.50","259.60","255.25","3.53M","0.80%"
"08-09-2017","255.00","253.30","255.85","251.55","3.75M","0.67%"
"07-09-2017","253.30","258.70","258.90","251.65","5.40M","-0.98%"
"06-09-2017","255.80","251.55","257.55","251.05","4.24M","0.77%"
"05-09-2017","253.85","246.50","254.70","244.60","9.54M","2.98%"
"04-09-2017","246.50","239.00","247.20","238.95","8.27M","3.29%"
"01-09-2017","238.65","238.05","240.40","238.05","2.20M","0.53%"
"31-08-2017","237.40","241.50","241.50","235.85","8.40M","-1.82%"
"30-08-2017","241.80","240.95","242.40","239.15","3.26M","1.49%"
"29-08-2017","238.25","242.50","242.50","238.00","3.05M","-2.20%"
"28-08-2017","243.60","242.00","244.30","241.55","2.23M","0.95%"
"24-08-2017","241.30","242.40","242.80","239.60","3.84M","0.08%"
"23-08-2017","241.10","242.30","242.50","239.50","3.69M","0.23%"
"22-08-2017","240.55","240.55","243.05","238.55","3.43M","0.88%"
"21-08-2017","238.45","244.00","249.40","237.55","6.56M","-2.01%"
"18-08-2017","243.35","246.50","247.90","241.70","3.44M","-1.46%"
"17-08-2017","246.95","239.40","249.35","237.05","20.95M","3.78%"
"16-08-2017","237.95","237.00","239.90","234.50","7.86M","-0.08%"
"14-08-2017","238.15","236.60","240.90","236.15","3.09M","0.95%"
"11-08-2017","235.90","237.00","240.40","233.70","3.34M","-1.28%"
"10-08-2017","238.95","241.20","242.25","237.50","2.76M","-1.46%"
"09-08-2017","242.50","244.90","245.30","241.10","1.80M","-1.04%"
"08-08-2017","245.05","248.40","250.95","243.20","3.34M","-2.56%"
"07-08-2017","251.50","249.80","253.20","248.60","3.34M","0.92%"
"04-08-2017","249.20","242.00","250.20","238.45","6.57M","3.08%"
"03-08-2017","241.75","251.60","251.80","241.10","9.66M","-3.63%"
"02-08-2017","250.85","251.95","253.40","249.00","3.70M","-0.24%"
"01-08-2017","251.45","249.90","253.50","249.45","5.25M","0.94%"
"31-07-2017","249.10","252.00","252.35","248.00","3.58M","-0.97%"
"28-07-2017","251.55","254.20","256.60","250.00","2.64M","-1.45%"
"27-07-2017","255.25","261.60","262.20","254.50","1.95M","-2.07%"
"26-07-2017","260.65","258.40","261.90","258.05","2.20M","0.91%"
"25-07-2017","258.30","262.00","262.35","257.75","1.81M","-1.24%"
"24-07-2017","261.55","263.00","265.25","260.10","3.36M","-0.30%"
"21-07-2017","262.35","255.00","262.95","254.10","7.72M","2.76%"
"20-07-2017","255.30","254.70","258.50","254.25","3.92M","0.24%"
"19-07-2017","254.70","248.05","256.65","248.05","4.27M","2.49%"
"18-07-2017","248.50","248.50","249.30","245.75","5.34M","0.61%"
"17-07-2017","247.00","250.75","251.00","246.05","4.45M","-1.38%"
"14-07-2017","250.45","253.95","254.30","248.10","2.91M","-1.26%"
"13-07-2017","253.65","254.20","255.80","251.85","2.30M","0.08%"
"12-07-2017","253.45","255.00","256.75","253.10","2.64M","-0.41%"
"11-07-2017","254.50","259.00","259.90","253.75","1.81M","-1.66%"
"10-07-2017","258.80","255.00","259.35","251.50","719.44K","3.07%"
"07-07-2017","251.10","250.05","252.95","250.05","1.76M","-0.14%"
"06-07-2017","251.45","247.50","252.80","247.10","2.80M","1.60%"
"05-07-2017","247.50","248.80","249.00","246.25","1.26M","0.30%"
"04-07-2017","246.75","250.50","250.50","246.20","1.76M","-0.84%"
"03-07-2017","248.85","245.35","249.50","242.60","2.35M","1.88%"
"30-06-2017","244.25","244.70","245.90","243.50","2.38M","-0.37%"
"29-06-2017","245.15","246.80","247.80","244.60","2.50M","-0.24%"
"28-06-2017","245.75","246.00","247.20","244.55","3.53M","0.57%"
"27-06-2017","244.35","245.10","246.60","244.00","2.07M","-0.22%"
"23-06-2017","244.90","245.70","247.80","243.10","3.62M","-0.33%"
"22-06-2017","245.70","250.50","251.65","245.20","3.23M","-1.90%"
"21-06-2017","250.45","253.70","253.75","250.10","3.29M","-1.22%"
"20-06-2017","253.55","254.45","255.00","253.00","1.05M","-0.16%"
"19-06-2017","253.95","256.25","256.95","251.50","2.41M","-0.68%"
"16-06-2017","255.70","254.90","257.20","253.95","3.28M","0.59%"
"15-06-2017","254.20","256.80","256.95","253.00","3.32M","-1.11%"
"14-06-2017","257.05","259.50","259.75","256.10","1.89M","-0.77%"
"13-06-2017","259.05","260.00","260.40","258.50","1.73M","-0.48%"
"12-06-2017","260.30","261.95","262.50","260.10","1.68M","-0.46%"
"09-06-2017","261.50","264.00","264.50","261.00","1.74M","-0.53%"
"08-06-2017","262.90","264.60","264.75","262.10","1.40M","-0.57%"
"07-06-2017","264.40","263.00","265.00","262.50","1.62M","0.80%"
"06-06-2017","262.30","265.00","265.30","262.00","1.34M","-0.85%"
"05-06-2017","264.55","267.45","267.90","263.70","3.03M","-1.58%"
"02-06-2017","268.80","265.35","270.25","265.35","2.60M","1.30%"
"01-06-2017","265.35","263.00","266.10","262.75","1.29M","1.07%"
"31-05-2017","262.55","268.00","268.90","262.00","3.56M","-1.92%"
"30-05-2017","267.70","259.80","268.60","259.50","4.78M","0.15%"
"29-05-2017","267.30","270.00","271.00","265.75","3.30M","-0.35%"
"26-05-2017","268.25","266.00","269.25","265.90","1.84M","1.05%"
"25-05-2017","265.45","263.80","266.25","262.75","4.13M","1.41%"
"24-05-2017","261.75","268.30","270.25","261.00","3.02M","-2.28%"
"23-05-2017","267.85","273.90","274.80","267.15","2.98M","-2.19%"
"22-05-2017","273.85","277.35","277.75","273.50","1.56M","-0.87%"
"19-05-2017","276.25","278.40","283.65","275.75","4.25M","-0.07%"
"18-05-2017","276.45","275.00","278.40","275.00","1.62M","0.04%"
"17-05-2017","276.35","275.20","278.00","275.00","2.15M","0.14%"
"16-05-2017","275.95","277.40","277.70","274.50","2.26M","-0.65%"
"15-05-2017","277.75","277.25","278.50","277.25","2.53M","0.42%"
"12-05-2017","276.60","274.60","278.05","274.60","2.69M","0.88%"
"11-05-2017","274.20","279.90","280.00","273.75","4.89M","-1.56%"
"10-05-2017","278.55","277.70","279.30","277.10","1.43M","0.14%"
"09-05-2017","278.15","279.40","280.15","276.00","2.47M","-0.34%"
"08-05-2017","279.10","281.00","281.00","278.20","1.67M","0.22%"
"05-05-2017","278.50","282.00","284.45","278.05","5.13M","-0.62%"
"04-05-2017","280.25","280.00","281.60","279.00","2.23M","0.25%"
"03-05-2017","279.55","277.40","280.20","275.00","2.62M","1.82%"
"02-05-2017","274.55","278.70","278.70","273.85","2.10M","-0.76%"
"28-04-2017","276.65","274.15","278.25","274.15","2.24M","0.91%"
"27-04-2017","274.15","276.85","277.90","273.10","2.59M","-0.90%"
"26-04-2017","276.65","278.90","280.70","276.00","2.87M","-0.59%"
"25-04-2017","278.30","278.00","278.90","277.15","2.43M","0.41%"
"24-04-2017","277.15","279.45","279.45","276.30","4.08M","0.05%"
"21-04-2017","277.00","280.95","281.70","276.40","3.53M","-0.86%"
"20-04-2017","279.40","283.90","284.00","278.10","3.83M","-1.17%"
"19-04-2017","282.70","278.50","283.40","276.10","3.99M","1.24%"
"18-04-2017","279.25","283.00","284.50","278.70","4.91M","-2.29%"
"17-04-2017","285.80","291.00","291.00","285.20","1.52M","-1.80%"
"13-04-2017","291.05","288.90","291.55","288.55","3.85M","0.36%"
"12-04-2017","290.00","288.25","291.85","288.00","4.75M","0.38%"
"11-04-2017","288.90","286.50","290.40","286.15","4.06M","0.75%"
"10-04-2017","286.75","284.90","288.60","284.75","5.20M","1.00%"
"07-04-2017","283.90","286.20","286.20","280.10","11.86M","-0.87%"
"06-04-2017","286.40","289.80","289.80","285.75","8.56M","-1.26%"
"05-04-2017","290.05","296.80","296.80","289.80","7.90M","-1.68%"
"03-04-2017","295.00","292.65","295.25","291.00","3.25M","0.80%"
"31-03-2017","292.65","290.00","294.20","289.60","7.02M","1.09%"
"30-03-2017","289.50","295.50","295.50","289.00","7.14M","-1.56%"
"29-03-2017","294.10","290.50","294.60","290.20","5.76M","1.29%"
"28-03-2017","290.35","291.90","292.40","289.60","5.42M","-0.39%"
"27-03-2017","291.50","293.45","293.45","290.45","5.00M","-2.13%"
"24-03-2017","297.85","298.00","300.00","295.65","9.64M","0.66%"
"23-03-2017","295.90","292.35","296.95","292.30","11.22M","1.28%"
"22-03-2017","292.15","291.00","293.30","289.50","4.83M","-0.03%"
"21-03-2017","292.25","293.00","294.80","291.00","6.91M","0.15%"
"20-03-2017","291.80","290.00","292.40","288.05","7.08M","0.88%"
"17-03-2017","289.25","293.95","294.60","288.20","9.07M","-0.92%"
"16-03-2017","291.95","294.60","295.50","291.20","8.60M","-0.26%"
"15-03-2017","292.70","296.50","296.95","292.00","6.25M","-0.76%"
"14-03-2017","294.95","302.00","302.00","293.90","9.14M","-6.75%"
"10-03-2017","316.30","319.55","320.00","315.25","5.24M","-0.57%"
"09-03-2017","318.10","319.35","319.90","317.55","4.37M","-0.66%"
"08-03-2017","320.20","325.00","325.70","319.30","4.29M","-0.81%"
"07-03-2017","322.80","325.00","326.25","321.30","4.79M","-0.03%"
"06-03-2017","322.90","325.00","327.90","320.60","4.04M","0.51%"
"03-03-2017","321.25","322.00","324.40","320.50","2.40M","-0.05%"
"02-03-2017","321.40","318.35","326.35","318.35","4.01M","0.37%"
"01-03-2017","320.20","323.00","324.50","318.60","4.13M","-0.53%"
"28-02-2017","321.90","330.00","331.40","320.10","5.25M","-2.44%"
"27-02-2017","329.95","330.00","332.30","327.70","5.62M","0.69%"
"23-02-2017","327.70","329.60","332.00","325.50","9.87M","-0.20%"
"22-02-2017","328.35","322.30","329.70","320.55","3.48M","2.74%"
"21-02-2017","319.60","320.50","321.40","317.10","1.68M","-0.09%"
"20-02-2017","319.90","316.25","320.90","314.10","2.43M","1.15%"
"17-02-2017","316.25","320.00","320.00","311.00","4.29M","-0.64%"
"16-02-2017","318.30","317.50","319.00","315.80","2.70M","-0.52%"
"15-02-2017","319.95","320.95","322.80","317.25","2.65M","-0.08%"
"14-02-2017","320.20","319.00","320.70","315.25","2.05M","-0.22%"
"13-02-2017","320.90","318.00","321.50","314.80","4.14M","-1.11%"
"10-02-2017","324.50","324.00","325.25","321.40","2.17M","0.73%"
"09-02-2017","322.15","322.10","325.00","318.20","2.39M","0.12%"
"08-02-2017","321.75","313.00","322.50","313.00","4.35M","2.13%"
"07-02-2017","315.05","326.00","326.50","310.55","5.67M","-3.08%"
"06-02-2017","325.05","326.00","329.00","322.40","1.93M","-0.34%"
"03-02-2017","326.15","320.45","326.90","320.45","3.78M","1.78%"
"02-02-2017","320.45","311.40","322.80","308.75","3.72M","2.36%"
"01-02-2017","313.05","310.00","313.70","306.30","3.17M","1.25%"
"31-01-2017","309.20","313.40","314.35","303.00","17.23M","-1.75%"
"30-01-2017","314.70","316.60","317.55","313.40","1.71M","-0.96%"
"27-01-2017","317.75","318.00","320.40","316.00","2.61M","0.17%"
"25-01-2017","317.20","309.80","319.00","307.50","5.59M","2.50%"
"24-01-2017","309.45","304.50","310.75","303.60","2.51M","1.99%"
"23-01-2017","303.40","303.90","306.20","302.55","1.86M","-0.10%"
"20-01-2017","303.70","307.00","308.35","302.45","3.78M","-1.19%"
"19-01-2017","307.35","309.00","310.45","306.60","2.43M","-0.44%"
"18-01-2017","308.70","304.80","309.80","304.55","3.68M","0.55%"
"17-01-2017","307.00","314.55","315.45","306.05","3.76M","-2.17%"
"16-01-2017","313.80","319.00","319.00","310.35","3.87M","-0.38%"
"13-01-2017","315.00","316.00","319.30","313.55","3.46M","0.57%"
"12-01-2017","313.20","318.00","318.65","310.50","2.32M","-1.15%"
"11-01-2017","316.85","301.60","318.00","301.60","7.66M","5.41%"
"10-01-2017","300.60","301.05","303.25","299.10","1.46M","0.20%"
"09-01-2017","300.00","305.85","305.95","299.60","1.95M","-2.02%"
"06-01-2017","306.20","309.00","310.55","305.00","940.18K","-0.68%"
"05-01-2017","308.30","307.10","311.40","306.60","1.85M","0.70%"
"04-01-2017","306.15","306.00","310.00","305.45","1.95M","0.28%"
"03-01-2017","305.30","301.00","307.30","299.50","1.46M","1.75%"
"02-01-2017","300.05","300.05","302.65","297.00","1.73M","0.02%"
"30-12-2016","300.00","298.00","301.30","296.10","3.73M","0.45%"
"29-12-2016","298.65","292.70","301.70","292.70","7.14M","1.17%"
"28-12-2016","295.20","290.00","296.40","288.70","3.95M","2.16%"
"27-12-2016","288.95","282.50","290.25","282.50","3.42M","1.39%"
"26-12-2016","285.00","288.40","288.40","282.60","2.45M","-0.99%"
"23-12-2016","287.85","289.00","289.00","286.00","1.48M","0.07%"
"22-12-2016","287.65","291.00","291.90","287.05","1.59M","-1.56%"
"21-12-2016","292.20","291.60","294.50","289.15","2.45M","0.55%"
"20-12-2016","290.60","290.00","292.60","289.20","2.43M","1.13%"
"19-12-2016","287.35","288.45","289.80","286.50","2.40M","-0.31%"
"16-12-2016","288.25","292.15","292.50","287.10","4.14M","-0.65%"
"15-12-2016","290.15","290.00","293.80","289.30","2.61M","-0.63%"
"14-12-2016","292.00","297.00","298.90","291.05","7.92M","-4.56%"
"13-12-2016","305.95","303.10","307.85","303.10","4.15M","0.21%"
"12-12-2016","305.30","305.90","309.70","304.65","1.86M","-0.38%"
"09-12-2016","306.45","312.95","313.25","305.90","2.58M","-1.81%"
"08-12-2016","312.10","307.80","313.65","306.50","2.99M","2.23%"
"07-12-2016","305.30","306.65","308.00","304.30","1.90M","-0.13%"
"06-12-2016","305.70","306.55","309.50","304.55","3.26M","0.11%"
"05-12-2016","305.35","305.10","307.15","301.90","2.69M","-0.16%"
"02-12-2016","305.85","308.15","311.70","304.50","3.37M","-0.15%"
"01-12-2016","306.30","309.20","310.30","305.35","1.91M","-0.75%"
"30-11-2016","308.60","310.65","310.70","305.05","3.29M","0.06%"
"29-11-2016","308.40","306.40","314.00","306.00","3.07M","1.15%"
"28-11-2016","304.90","304.90","305.70","302.10","1.68M","0.21%"
"25-11-2016","304.25","302.40","305.25","300.90","1.62M","1.30%"
"24-11-2016","300.35","304.00","304.50","298.60","3.60M","-1.22%"
"23-11-2016","304.05","306.00","306.95","302.15","1.54M","0.21%"
"22-11-2016","303.40","302.00","304.95","298.85","2.50M","0.88%"
"21-11-2016","300.75","306.70","310.35","299.30","2.93M","-1.94%"
"18-11-2016","306.70","307.20","309.35","304.00","2.23M","-0.05%"
"17-11-2016","306.85","310.75","312.70","302.00","4.77M","-1.98%"
"16-11-2016","313.05","317.30","317.30","309.05","3.38M","-0.19%"
"15-11-2016","313.65","323.00","328.95","312.00","3.89M","-3.21%"
"11-11-2016","324.05","329.85","332.00","321.40","2.67M","-2.75%"
"10-11-2016","333.20","321.80","337.30","320.00","5.02M","5.09%"
"09-11-2016","317.05","301.10","321.00","289.30","4.81M","0.00%"
"08-11-2016","317.05","319.30","322.05","315.55","1.76M","-0.70%"
"07-11-2016","319.30","318.90","322.50","316.65","2.88M","1.08%"
"04-11-2016","315.90","327.00","327.00","312.30","3.38M","-3.39%"
"03-11-2016","327.00","327.80","331.00","325.25","2.18M","-0.29%"
"02-11-2016","327.95","326.05","329.25","323.05","3.36M","-0.64%"
"01-11-2016","330.05","326.50","331.30","323.30","5.38M","1.62%"
"30-10-2016","324.80","326.20","326.50","324.80","247.18K","0.00%"
"28-10-2016","324.80","317.00","327.00","315.70","3.06M","2.69%"
"27-10-2016","316.30","320.00","320.25","315.35","2.36M","-0.94%"
"26-10-2016","319.30","318.95","321.60","316.90","1.97M","-0.11%"
"25-10-2016","319.65","323.90","323.90","318.05","2.24M","-0.50%"
"24-10-2016","321.25","313.90","322.60","312.85","2.80M","2.54%"
"21-10-2016","313.30","312.60","314.20","312.30","3.01M","0.22%"
"20-10-2016","312.60","312.25","314.65","312.20","1.99M","0.02%"
"19-10-2016","312.55","312.00","314.90","311.65","3.41M","0.00%"
"18-10-2016","312.55","311.90","314.70","311.60","3.34M","0.42%"
"17-10-2016","311.25","314.80","316.40","309.65","5.16M","-0.57%"
"14-10-2016","313.05","316.00","318.20","312.35","2.07M","-0.78%"
"13-10-2016","315.50","318.00","318.90","312.00","3.54M","-1.07%"
"10-10-2016","318.90","320.00","321.75","318.15","1.98M","0.03%"
"07-10-2016","318.80","319.20","319.70","315.65","2.04M","0.08%"
"06-10-2016","318.55","323.00","323.00","317.20","3.13M","-0.84%"
"05-10-2016","321.25","322.10","323.60","318.75","5.32M","0.05%"
"04-10-2016","321.10","328.00","329.00","319.35","5.95M","-2.07%"
"03-10-2016","327.90","323.10","328.70","321.50","3.10M","1.74%"
"30-09-2016","322.30","326.15","328.80","316.90","4.45M","-1.63%"
"29-09-2016","327.65","330.30","332.45","322.55","4.75M","-0.24%"
"28-09-2016","328.45","332.75","335.70","327.60","1.62M","-1.29%"
"27-09-2016","332.75","335.50","337.20","332.00","3.06M","0.09%"
"26-09-2016","332.45","328.85","334.10","328.15","3.26M","1.23%"
"23-09-2016","328.40","327.15","329.95","327.15","3.61M","0.29%"
"22-09-2016","327.45","333.35","333.55","326.65","2.59M","-1.07%"
"21-09-2016","331.00","329.30","331.95","327.55","3.43M","0.53%"
"20-09-2016","329.25","328.80","330.40","327.15","2.96M","0.29%"
"19-09-2016","328.30","324.00","329.10","324.00","2.73M","1.16%"
"16-09-2016","324.55","325.20","327.00","322.30","4.15M","0.25%"
"15-09-2016","323.75","325.35","326.90","321.80","2.28M","-0.18%"
"14-09-2016","324.35","323.60","327.55","321.50","6.43M","-1.85%"
"12-09-2016","330.45","327.70","333.00","327.50","2.61M","-0.53%"
"09-09-2016","332.20","333.00","333.00","330.55","2.19M","-0.11%"
"08-09-2016","332.55","331.00","333.00","328.80","3.00M","0.47%"
"07-09-2016","331.00","329.00","332.40","327.10","2.98M","0.65%"
"06-09-2016","328.85","333.55","333.75","325.15","2.99M","-1.04%"
"02-09-2016","332.30","337.00","337.15","331.45","3.46M","-1.69%"
"01-09-2016","338.00","334.10","339.00","332.60","2.86M","1.35%"
"31-08-2016","333.50","334.00","336.40","331.10","3.83M","-0.34%"
"30-08-2016","334.65","335.10","336.10","332.40","1.53M","0.24%"
"29-08-2016","333.85","333.00","334.40","330.50","1.29M","0.17%"
"26-08-2016","333.30","331.45","334.30","329.50","2.68M","0.60%"
"25-08-2016","331.30","334.50","336.70","329.35","3.66M","-0.79%"
"24-08-2016","333.95","336.60","336.70","332.60","7.67M","-0.80%"
"23-08-2016","336.65","335.60","337.50","332.55","2.26M","0.52%"
"22-08-2016","334.90","331.90","337.10","331.00","7.49M","0.22%"
"19-08-2016","334.15","340.05","340.40","332.10","9.76M","-1.45%"
"18-08-2016","339.05","348.10","348.25","338.10","4.98M","-2.52%"
"17-08-2016","347.80","337.95","349.95","337.85","5.81M","2.96%"
"16-08-2016","337.80","337.00","340.35","335.20","2.67M","-0.04%"
"12-08-2016","337.95","337.20","339.60","335.65","1.89M","0.04%"
"11-08-2016","337.80","337.15","338.60","333.35","3.45M","-0.04%"
"10-08-2016","337.95","338.40","340.00","334.50","3.12M","0.24%"
"09-08-2016","337.15","334.00","337.50","333.00","3.27M","1.57%"
"08-08-2016","331.95","330.00","332.50","327.80","2.08M","0.77%"
"05-08-2016","329.40","325.35","330.40","324.95","2.10M","1.82%"
"04-08-2016","323.50","328.40","328.65","320.65","1.81M","-0.81%"
"03-08-2016","326.15","323.70","328.60","322.10","1.60M","0.96%"
"02-08-2016","323.05","327.00","329.00","322.00","2.34M","-1.04%"
"01-08-2016","326.45","329.30","331.50","325.75","1.46M","-0.47%"
"29-07-2016","328.00","330.00","334.00","326.85","3.18M","-0.59%"
"28-07-2016","329.95","326.15","333.15","326.10","3.25M","1.35%"
"27-07-2016","325.55","327.25","330.80","323.75","1.92M","-0.58%"
"26-07-2016","327.45","334.00","334.20","326.80","1.69M","-1.89%"
"25-07-2016","333.75","331.00","334.40","329.80","1.49M","0.69%"
"22-07-2016","331.45","333.00","333.75","329.70","2.00M","-0.57%"
"21-07-2016","333.35","330.00","335.80","326.70","6.36M","1.25%"
"20-07-2016","329.25","319.90","329.95","319.50","3.25M","3.23%"
"19-07-2016","318.95","321.95","323.70","318.00","1.62M","-0.84%"
"18-07-2016","321.65","319.65","324.00","318.90","1.99M","0.88%"
"15-07-2016","318.85","324.65","325.00","317.00","2.11M","-1.79%"
"14-07-2016","324.65","325.00","327.60","321.50","4.31M","0.19%"
"13-07-2016","324.05","319.00","325.50","317.25","3.40M","2.21%"
"12-07-2016","317.05","321.35","321.35","313.30","3.41M","-1.20%"
"11-07-2016","320.90","315.00","322.60","314.65","2.54M","2.95%"
"08-07-2016","311.70","313.30","314.95","310.00","2.29M","-1.22%"
"07-07-2016","315.55","324.85","325.85","314.70","3.94M","-1.99%"
"05-07-2016","321.95","317.95","323.40","317.00","2.82M","1.26%"
"04-07-2016","317.95","312.50","319.00","311.50","2.70M","2.53%"
"01-07-2016","310.10","313.00","314.40","309.55","2.23M","-0.93%"
"30-06-2016","313.00","314.00","314.40","311.55","3.31M","0.64%"
"29-06-2016","311.00","314.20","314.65","309.60","1.90M","-0.73%"
"28-06-2016","313.30","310.75","314.25","309.90","2.63M","1.69%"
"27-06-2016","308.10","306.55","312.50","306.55","1.73M","-1.33%"
"24-06-2016","312.25","308.25","314.00","305.55","3.08M","-1.67%"
"23-06-2016","317.55","317.50","318.90","316.10","1.57M","0.02%"
"22-06-2016","317.50","313.00","318.40","312.00","2.94M","1.44%"
"21-06-2016","313.00","313.00","315.00","311.55","1.17M","0.21%"
"20-06-2016","312.35","310.00","313.20","309.85","1.68M","-0.27%"
"17-06-2016","313.20","308.00","314.50","308.00","3.61M","1.84%"
"16-06-2016","307.55","309.05","309.50","305.50","1.67M","-0.71%"
"15-06-2016","309.75","309.15","310.80","304.85","2.35M","0.29%"
"14-06-2016","308.85","310.00","310.35","306.65","2.10M","0.11%"
"13-06-2016","308.50","305.00","310.45","304.55","2.42M","0.60%"
"10-06-2016","306.65","313.70","315.90","306.15","2.25M","-2.03%"
"09-06-2016","313.00","306.80","314.40","305.40","2.24M","2.02%"
"08-06-2016","306.80","307.55","307.95","304.00","1.67M","-0.32%"
"07-06-2016","307.80","307.10","309.50","305.05","2.71M","0.65%"
"06-06-2016","305.80","308.10","308.50","304.00","5.18M","-1.02%"
"03-06-2016","308.95","310.00","311.90","308.05","6.46M","0.52%"
"02-06-2016","307.35","297.80","309.50","296.70","9.89M","3.42%"
"01-06-2016","297.20","292.05","299.50","289.05","5.84M","1.99%"
"31-05-2016","291.40","293.90","295.25","287.90","7.04M","-0.39%"
"30-05-2016","292.55","289.25","295.95","288.50","17.86M","4.00%"
"27-05-2016","281.30","282.25","284.50","280.20","4.54M","0.16%"
"26-05-2016","280.85","281.00","281.70","278.75","4.62M","-0.05%"
"25-05-2016","281.00","280.40","281.50","277.70","2.08M","0.52%"
"24-05-2016","279.55","281.40","281.40","278.00","2.07M","-0.34%"
"23-05-2016","280.50","281.00","281.50","278.20","2.04M","0.54%"
"20-05-2016","279.00","280.60","281.10","278.05","4.36M","-0.46%"
"19-05-2016","280.30","284.00","284.40","279.40","1.49M","-1.29%"
"18-05-2016","283.95","285.30","285.30","281.20","2.78M","0.04%"
"17-05-2016","283.85","283.75","284.90","281.80","1.74M","0.35%"
"16-05-2016","282.85","281.90","283.90","279.65","4.44M","0.50%"
"13-05-2016","281.45","283.60","283.60","278.55","2.85M","-0.85%"
"12-05-2016","283.85","284.05","284.85","282.00","3.37M","0.02%"
"11-05-2016","283.80","281.70","284.40","276.65","4.07M","-0.39%"
"10-05-2016","284.90","286.70","286.70","283.00","3.18M","-0.25%"
"09-05-2016","285.60","282.15","286.50","282.15","2.15M","1.31%"
"06-05-2016","281.90","281.25","282.45","277.50","3.36M","0.04%"
"05-05-2016","281.80","280.50","283.15","280.00","2.85M","0.66%"
"04-05-2016","279.95","277.80","281.45","272.40","6.64M","0.29%"
"03-05-2016","279.15","289.00","289.25","277.50","4.66M","-3.29%"
"02-05-2016","288.65","288.70","289.00","286.60","1.74M","0.21%"
"29-04-2016","288.05","285.00","289.65","284.25","3.89M","1.05%"
"28-04-2016","285.05","291.55","293.65","283.65","5.73M","-2.01%"
"27-04-2016","290.90","289.00","293.50","288.05","2.65M","0.90%"
"26-04-2016","288.30","287.10","289.90","286.50","1.97M","0.12%"
"25-04-2016","287.95","288.60","290.90","286.80","2.99M","0.05%"
"22-04-2016","287.80","288.65","288.65","285.00","3.62M","0.02%"
"21-04-2016","287.75","280.00","288.75","279.80","6.34M","3.27%"
"20-04-2016","278.65","277.80","282.00","276.15","8.44M","1.03%"
"18-04-2016","275.80","276.70","278.55","274.20","7.53M","-0.59%"
"13-04-2016","277.45","276.25","278.30","275.00","9.31M","1.11%"
"12-04-2016","274.40","280.45","280.50","271.65","9.28M","-2.16%"
"11-04-2016","280.45","280.20","282.60","277.20","6.70M","0.30%"
"08-04-2016","279.60","281.75","283.00","278.40","3.57M","-0.59%"
"07-04-2016","281.25","277.20","281.75","276.30","3.14M","2.05%"
"06-04-2016","275.60","276.00","279.90","274.00","6.52M","0.13%"
"05-04-2016","275.25","284.50","284.95","274.10","4.98M","-3.42%"
"04-04-2016","285.00","288.40","288.95","284.00","3.75M","-0.70%"
"01-04-2016","287.00","292.00","293.75","285.65","4.02M","-1.70%"
"31-03-2016","291.95","297.85","297.85","291.00","8.79M","-1.65%"
"30-03-2016","296.85","295.60","297.55","295.40","3.08M","0.58%"
"29-03-2016","295.15","293.95","297.40","293.05","2.23M","0.56%"
"28-03-2016","293.50","298.50","298.50","292.20","4.20M","-1.51%"
"23-03-2016","298.00","295.95","298.50","294.90","2.71M","1.22%"
"22-03-2016","294.40","296.50","299.70","293.55","5.60M","-0.74%"
"21-03-2016","296.60","297.25","298.50","295.00","2.80M","-0.39%"
"18-03-2016","297.75","296.00","298.80","293.80","4.59M","1.19%"
"17-03-2016","294.25","297.20","298.20","293.45","3.43M","-0.47%"
"16-03-2016","295.65","296.40","296.90","293.50","3.60M","0.00%"
"15-03-2016","295.65","298.60","298.70","295.20","4.47M","-0.35%"
"14-03-2016","296.70","292.90","299.00","292.00","9.04M","-6.96%"
"11-03-2016","318.90","323.00","325.65","316.70","11.28M","-0.87%"
"10-03-2016","321.70","325.00","326.10","320.10","8.65M","-0.25%"
"09-03-2016","322.50","324.00","326.10","322.00","6.61M","-0.48%"
"08-03-2016","324.05","332.00","333.00","322.35","13.63M","-0.34%"
"04-03-2016","325.15","315.10","327.50","314.55","6.41M","3.52%"
"03-03-2016","314.10","314.80","317.05","310.00","4.07M","1.00%"
"02-03-2016","311.00","318.00","320.00","309.90","4.20M","-2.16%"
"01-03-2016","317.85","311.70","318.85","309.55","3.96M","2.20%"
"29-02-2016","311.00","317.00","317.70","306.25","6.43M","-0.14%"
"26-02-2016","311.45","302.05","312.85","301.50","6.36M","4.02%"
"25-02-2016","299.40","296.00","307.90","295.20","14.69M","1.41%"
"24-02-2016","295.25","300.95","300.95","292.70","2.93M","-1.94%"
"23-02-2016","301.10","313.90","314.00","299.70","3.47M","-4.08%"
"22-02-2016","313.90","312.60","316.00","310.20","2.82M","0.53%"
"19-02-2016","312.25","316.00","316.95","310.10","3.18M","-1.68%"
"18-02-2016","317.60","314.80","319.10","314.00","1.81M","1.53%"
"17-02-2016","312.80","318.05","319.00","306.50","2.50M","-1.60%"
"16-02-2016","317.90","326.00","326.70","313.50","2.43M","-1.96%"
"15-02-2016","324.25","307.55","330.75","306.40","5.23M","7.07%"
"12-02-2016","302.85","309.10","311.10","300.50","4.77M","-0.74%"
"11-02-2016","305.10","311.90","313.75","295.75","4.39M","-2.76%"
"10-02-2016","313.75","305.10","316.25","302.10","3.13M","1.46%"
"09-02-2016","309.25","320.40","323.00","308.05","3.67M","-4.36%"
"08-02-2016","323.35","327.00","329.75","321.80","2.38M","-0.89%"
"05-02-2016","326.25","323.40","337.20","318.00","6.27M","1.16%"
"04-02-2016","322.50","317.95","323.40","317.85","3.57M","1.65%"
"03-02-2016","317.25","317.00","324.30","314.80","4.11M","-0.53%"
"02-02-2016","318.95","327.50","332.60","316.50","3.05M","-2.92%"
"01-02-2016","328.55","321.70","330.00","311.65","3.21M","2.69%"
"29-01-2016","319.95","305.95","324.50","305.10","4.78M","4.35%"
"28-01-2016","306.60","302.50","313.75","301.10","8.12M","0.84%"
"27-01-2016","304.05","304.70","305.50","298.10","3.86M","-0.28%"
"25-01-2016","304.90","302.00","306.30","299.45","3.16M","1.82%"
"22-01-2016","299.45","291.00","302.60","289.20","8.01M","3.90%"
"21-01-2016","288.20","302.10","302.15","286.50","4.60M","-3.34%"
"20-01-2016","298.15","305.80","316.55","292.00","3.61M","-3.46%"
"19-01-2016","308.85","311.10","312.00","302.00","3.27M","-0.64%"
"18-01-2016","310.85","315.50","323.10","309.40","1.74M","-2.42%"
"15-01-2016","318.55","319.90","321.00","317.20","1.93M","-0.03%"
"14-01-2016","318.65","314.15","321.85","310.60","1.47M","0.43%"
"13-01-2016","317.30","318.00","320.50","313.40","1.86M","0.41%"
"12-01-2016","316.00","315.95","317.70","312.20","2.70M","0.02%"
"11-01-2016","315.95","319.00","319.00","311.00","3.14M","-1.60%"
"08-01-2016","321.10","328.00","329.50","317.00","3.59M","-1.62%"
"07-01-2016","326.40","326.80","329.75","324.25","2.85M","-0.46%"
"06-01-2016","327.90","325.20","331.00","324.50","3.95M","0.64%"
"05-01-2016","325.80","332.90","332.90","324.30","3.79M","-1.33%"
"04-01-2016","330.20","332.95","337.10","327.50","1.40M","-1.15%"
"01-01-2016","334.05","330.00","335.00","325.30","1.00M","1.29%"
"31-12-2015","329.80","323.00","332.00","323.00","4.74M","2.39%"
"30-12-2015","322.10","322.00","324.95","320.30","2.58M","0.11%"
"29-12-2015","321.75","325.55","326.50","319.60","2.32M","-1.15%"
"28-12-2015","325.50","322.95","326.85","322.10","2.16M","0.99%"
"24-12-2015","322.30","325.65","328.40","321.40","1.55M","-0.06%"
"23-12-2015","322.50","320.50","323.80","319.45","1.44M","1.07%"
"22-12-2015","319.10","319.45","321.90","316.50","1.62M","-0.06%"
"21-12-2015","319.30","316.35","324.25","316.00","2.33M","0.93%"
"18-12-2015","316.35","316.55","318.75","314.50","3.33M","0.09%"
"17-12-2015","316.05","316.50","318.75","313.60","4.54M","-0.24%"
"16-12-2015","316.80","316.90","319.40","312.00","2.19M","0.72%"
"15-12-2015","314.55","318.40","318.45","312.55","1.94M","-0.51%"
"14-12-2015","316.15","306.00","317.65","305.00","2.46M","2.73%"
"11-12-2015","307.75","311.05","312.00","306.25","1.92M","-1.03%"
"10-12-2015","310.95","309.80","312.20","307.85","3.49M","1.09%"
"09-12-2015","307.60","316.00","324.00","306.00","3.96M","-3.27%"
"08-12-2015","318.00","324.90","327.00","316.85","3.25M","-2.92%"
"07-12-2015","327.55","336.15","338.00","325.50","2.92M","-2.30%"
"04-12-2015","335.25","334.00","338.65","332.00","2.02M","0.13%"
"03-12-2015","334.80","337.50","341.00","334.20","1.78M","-1.05%"
"02-12-2015","338.35","344.40","346.55","337.50","2.17M","-0.94%"
"01-12-2015","341.55","331.10","343.00","331.10","3.62M","3.33%"
"30-11-2015","330.55","335.90","337.25","329.55","4.39M","-1.77%"
"27-11-2015","336.50","337.45","338.75","334.25","2.11M","0.21%"
"26-11-2015","335.80","331.95","341.55","331.65","5.91M","1.02%"
"24-11-2015","332.40","332.80","336.50","330.70","4.01M","0.06%"
"23-11-2015","332.20","334.00","334.00","330.65","2.98M","-0.33%"
"20-11-2015","333.30","333.70","337.60","331.90","1.65M","-0.12%"
"19-11-2015","333.70","335.50","336.70","330.05","3.66M","-0.40%"
"18-11-2015","335.05","333.10","339.60","327.75","6.90M","0.81%"
"17-11-2015","332.35","331.00","334.50","330.05","1.86M","0.48%"
"16-11-2015","330.75","334.45","336.95","326.65","4.01M","-2.06%"
"13-11-2015","337.70","331.10","341.50","328.95","6.66M","2.88%"
"11-11-2015","328.25","330.00","333.00","327.25","330.59K","0.67%"
"10-11-2015","326.05","336.60","337.75","323.50","2.22M","-3.99%"
"09-11-2015","339.60","335.00","341.00","332.50","2.61M","-0.76%"
"06-11-2015","342.20","338.80","345.00","333.00","3.85M","1.51%"
"05-11-2015","337.10","330.90","339.45","328.35","3.74M","2.01%"
"04-11-2015","330.45","327.10","331.35","325.15","2.14M","1.41%"
"03-11-2015","325.85","326.90","327.95","324.80","1.68M","0.26%"
"02-11-2015","325.00","320.00","326.00","316.55","2.02M","1.59%"
"30-10-2015","319.90","321.10","326.50","318.75","3.56M","-0.59%"
"29-10-2015","321.80","330.15","332.00","320.75","7.63M","-2.54%"
"28-10-2015","330.20","330.80","335.00","327.20","3.43M","-0.63%"
"27-10-2015","332.30","333.50","335.10","328.10","3.83M","-0.33%"
"26-10-2015","333.40","344.40","344.70","332.10","3.87M","-2.49%"
"23-10-2015","341.90","340.00","343.80","338.50","2.22M","1.38%"
"21-10-2015","337.25","335.10","339.70","333.85","7.30M","0.69%"
"20-10-2015","334.95","338.00","338.50","334.00","1.74M","-0.84%"
"19-10-2015","337.80","338.60","340.40","335.60","1.74M","-0.24%"
"16-10-2015","338.60","342.70","342.80","335.25","2.79M","-0.82%"
"15-10-2015","341.40","336.25","343.40","333.00","2.77M","1.99%"
"14-10-2015","334.75","339.90","339.90","334.10","1.99M","-1.65%"
"13-10-2015","340.35","332.00","341.80","331.50","1.96M","1.78%"
"12-10-2015","334.40","337.00","340.00","332.00","2.26M","-0.43%"
"09-10-2015","335.85","348.00","348.75","334.55","3.41M","-2.99%"
"08-10-2015","346.20","346.40","348.70","343.35","2.39M","-0.01%"
"07-10-2015","346.25","342.95","348.90","339.60","3.32M","1.04%"
"06-10-2015","342.70","333.00","344.05","329.20","4.67M","3.93%"
"05-10-2015","329.75","330.00","333.20","323.70","3.60M","0.43%"
"01-10-2015","328.35","329.55","330.35","324.50","2.82M","0.23%"
"30-09-2015","327.60","318.00","329.10","316.20","7.81M","3.87%"
"29-09-2015","315.40","306.85","317.20","300.80","7.41M","2.12%"
"28-09-2015","308.85","321.50","321.50","307.55","7.96M","-3.00%"
"24-09-2015","318.40","327.30","328.10","316.00","5.94M","-2.87%"
"23-09-2015","327.80","321.00","330.00","317.60","3.33M","1.30%"
"22-09-2015","323.60","344.00","344.75","322.25","3.78M","-5.44%"
"21-09-2015","342.20","342.00","343.50","338.50","3.33M","-0.33%"
"18-09-2015","343.35","341.00","345.00","338.40","6.34M","1.75%"
"16-09-2015","337.45","339.90","340.60","336.20","8.16M","-0.18%"
"15-09-2015","338.05","340.00","340.70","336.15","3.51M","-0.37%"
"14-09-2015","339.30","335.00","340.45","331.05","2.80M","1.63%"
"11-09-2015","333.85","340.00","340.70","333.00","1.81M","-1.33%"
"10-09-2015","338.35","336.80","340.50","334.10","3.80M","-0.18%"
"09-09-2015","338.95","343.80","343.80","337.50","6.48M","0.47%"
"08-09-2015","337.35","338.00","340.50","335.00","5.33M","-0.03%"
"07-09-2015","337.45","351.90","351.90","336.00","3.46M","-2.89%"
"04-09-2015","347.50","345.00","349.30","338.00","3.51M","0.64%"
"03-09-2015","345.30","346.25","351.45","339.60","3.22M","0.28%"
"02-09-2015","344.35","357.00","359.20","342.05","4.05M","-2.92%"
"01-09-2015","354.70","362.00","365.50","346.25","3.45M","-3.18%"
"31-08-2015","366.35","355.95","367.95","351.30","4.50M","2.46%"
"28-08-2015","357.55","367.00","367.00","354.70","4.32M","-1.19%"
"27-08-2015","361.85","362.90","366.40","354.85","11.45M","1.03%"
"26-08-2015","358.15","352.70","362.75","349.70","4.96M","1.29%"
"25-08-2015","353.60","341.10","355.00","340.55","8.09M","5.05%"
"24-08-2015","336.60","340.00","343.90","332.45","9.83M","-3.46%"
"21-08-2015","348.65","347.90","353.05","345.50","3.73M","-0.34%"
"20-08-2015","349.85","356.05","361.30","348.25","4.97M","-1.63%"
"19-08-2015","355.65","363.60","365.40","354.50","4.34M","-2.33%"
"18-08-2015","364.15","380.60","383.60","359.60","7.86M","-4.13%"
"17-08-2015","379.85","379.95","381.80","374.40","2.72M","0.61%"
"14-08-2015","377.55","377.00","381.90","373.50","2.98M","0.13%"
"13-08-2015","377.05","371.90","378.90","365.00","7.99M","1.52%"
"12-08-2015","371.40","394.80","394.80","362.20","14.39M","-5.42%"
"11-08-2015","392.70","409.50","410.00","390.35","8.62M","-3.74%"
"10-08-2015","407.95","417.90","418.05","405.75","5.57M","-1.63%"
"07-08-2015","414.70","430.80","434.10","412.15","7.48M","-3.87%"
"06-08-2015","431.40","437.05","439.90","430.45","4.16M","-1.62%"
"05-08-2015","438.50","445.00","447.10","436.60","3.41M","-1.11%"
"04-08-2015","443.40","435.00","444.50","431.20","4.99M","2.71%"
"03-08-2015","431.70","441.00","442.45","428.60","2.79M","-1.67%"
"31-07-2015","439.05","425.50","442.80","424.20","5.56M","4.45%"
"30-07-2015","420.35","421.65","424.00","417.20","7.04M","0.05%"
"29-07-2015","420.15","421.30","424.00","418.20","5.35M","-0.17%"
"28-07-2015","420.85","424.95","427.45","417.50","4.22M","-0.65%"
"27-07-2015","423.60","426.45","426.65","419.75","6.24M","-0.58%"
"24-07-2015","426.05","430.50","434.80","425.00","4.24M","-1.26%"
"23-07-2015","431.50","434.60","437.00","430.20","3.97M","-0.20%"
"22-07-2015","432.35","426.25","433.65","426.25","3.03M","0.86%"
"21-07-2015","428.65","428.75","432.50","424.25","3.57M","0.75%"
"20-07-2015","425.45","432.00","432.00","423.90","3.35M","-1.09%"
"17-07-2015","430.15","438.40","438.45","429.00","1.94M","-1.86%"
"16-07-2015","438.30","438.40","441.20","437.00","2.69M","0.38%"
"15-07-2015","436.65","439.00","440.80","435.60","3.89M","0.58%"
"14-07-2015","434.15","421.40","435.45","420.10","6.06M","3.38%"
"13-07-2015","419.95","421.95","422.00","416.10","2.02M","0.00%"
"10-07-2015","419.95","421.00","425.00","418.70","3.75M","0.67%"
"09-07-2015","417.15","420.00","422.70","416.45","2.93M","0.00%"
"08-07-2015","417.15","427.25","427.80","414.50","5.12M","-2.74%"
"07-07-2015","428.90","420.75","430.70","419.20","5.53M","2.18%"
"06-07-2015","419.75","415.00","422.60","413.70","4.93M","0.54%"
"03-07-2015","417.50","424.05","424.50","415.00","2.47M","-1.54%"
"02-07-2015","424.05","426.45","427.45","419.50","4.02M","-0.34%"
"01-07-2015","425.50","422.55","429.30","422.00","7.25M","1.01%"
"30-06-2015","421.25","409.80","422.60","409.45","9.24M","3.32%"
"29-06-2015","407.70","408.75","414.25","399.40","2.02M","-0.90%"
"26-06-2015","411.40","411.40","416.00","408.00","2.52M","0.01%"
"25-06-2015","411.35","410.90","414.10","409.05","6.15M","-0.23%"
"24-06-2015","412.30","418.90","421.50","408.75","5.52M","-0.75%"
"23-06-2015","415.40","400.40","419.75","399.70","6.29M","3.93%"
"22-06-2015","399.70","395.55","403.80","395.55","3.77M","1.54%"
"19-06-2015","393.65","397.00","399.30","391.60","2.79M","-0.23%"
"18-06-2015","394.55","402.30","402.30","392.60","2.86M","-0.89%"
"17-06-2015","398.10","399.00","402.70","396.75","4.69M","0.19%"
"16-06-2015","397.35","395.00","398.50","393.40","5.72M","0.77%"
"15-06-2015","394.30","397.85","399.00","391.95","4.39M","-0.45%"
"12-06-2015","396.10","400.10","401.00","393.60","3.61M","-1.00%"
"11-06-2015","400.10","406.30","409.00","399.00","3.08M","-1.19%"
"10-06-2015","404.90","401.70","406.80","401.25","4.45M","0.90%"
"09-06-2015","401.30","398.95","404.00","395.15","3.66M","0.09%"
"08-06-2015","400.95","406.35","413.95","399.40","6.61M","-1.09%"
"05-06-2015","405.35","392.05","409.75","392.05","9.22M","4.32%"
"04-06-2015","388.55","387.00","390.90","383.25","2.84M","0.34%"
"03-06-2015","387.25","382.00","392.70","381.40","4.21M","0.98%"
"02-06-2015","383.50","392.00","393.45","382.50","2.19M","-2.12%"
"01-06-2015","391.80","392.00","396.45","390.00","2.86M","0.19%"
"29-05-2015","391.05","381.95","393.75","380.95","6.00M","2.01%"
"28-05-2015","383.35","382.95","388.00","377.40","3.35M","0.08%"
"27-05-2015","383.05","373.90","384.00","372.00","2.48M","2.15%"
"26-05-2015","375.00","369.00","376.40","367.85","1.83M","1.38%"
"25-05-2015","369.90","374.00","376.60","366.60","1.56M","-1.29%"
"22-05-2015","374.75","376.45","376.55","369.20","1.72M","0.28%"
"21-05-2015","373.70","363.50","374.90","363.50","3.49M","3.42%"
"20-05-2015","361.35","364.10","365.20","359.40","3.62M","-0.63%"
"19-05-2015","363.65","366.00","366.40","362.80","3.37M","-0.67%"
"18-05-2015","366.10","367.85","368.85","364.20","1.90M","-0.22%"
"15-05-2015","366.90","370.95","371.30","364.60","2.37M","-0.89%"
"14-05-2015","370.20","368.95","371.50","363.60","2.52M","0.34%"
"13-05-2015","368.95","370.20","372.65","365.00","2.23M","-0.07%"
"12-05-2015","369.20","373.95","376.60","367.00","4.88M","-0.74%"
"11-05-2015","371.95","365.00","374.90","365.00","3.00M","2.27%"
"08-05-2015","363.70","362.30","365.95","358.40","2.29M","0.80%"
"07-05-2015","360.80","353.80","362.10","352.50","2.92M","2.18%"
"06-05-2015","353.10","362.15","364.00","352.15","3.28M","-3.10%"
"05-05-2015","364.40","368.90","368.90","361.50","2.20M","-1.46%"
"04-05-2015","369.80","366.00","371.40","363.10","1.97M","1.94%"
"30-04-2015","362.75","368.20","370.40","359.20","4.88M","-2.21%"
"29-04-2015","370.95","371.00","375.05","369.65","2.45M","-0.39%"
"28-04-2015","372.40","377.00","378.00","370.80","3.46M","-1.39%"
"27-04-2015","377.65","377.30","380.00","370.70","2.20M","0.37%"
"24-04-2015","376.25","384.00","384.85","374.15","2.90M","-2.08%"
"23-04-2015","384.25","382.00","385.90","380.90","2.81M","1.33%"
"22-04-2015","379.20","374.25","380.90","373.45","2.17M","1.28%"
"21-04-2015","374.40","372.05","378.70","372.05","1.82M","0.63%"
"20-04-2015","372.05","381.85","382.75","370.55","3.40M","-2.20%"
"17-04-2015","380.40","382.05","385.15","379.05","2.11M","-0.85%"
"16-04-2015","383.65","385.95","386.05","381.60","2.03M","-0.60%"
"15-04-2015","385.95","391.70","391.70","384.00","4.15M","-1.63%"
"13-04-2015","392.35","389.40","395.70","383.80","2.91M","0.86%"
"10-04-2015","389.00","383.95","390.20","383.90","3.58M","0.53%"
"09-04-2015","386.95","383.35","389.40","378.90","3.31M","1.74%"
"08-04-2015","380.35","365.25","382.70","365.10","6.87M","5.77%"
"07-04-2015","359.60","360.75","362.40","356.40","1.86M","-0.32%"
"06-04-2015","360.75","364.05","364.60","358.70","1.25M","-0.62%"
"01-04-2015","363.00","362.90","364.25","358.00","1.43M","0.03%"
"31-03-2015","362.90","360.00","365.95","359.55","3.48M","1.00%"
"30-03-2015","359.30","350.95","359.95","346.65","2.45M","3.25%"
"27-03-2015","348.00","353.15","354.45","346.40","2.34M","-1.22%"
"26-03-2015","352.30","358.85","360.00","350.00","3.83M","-2.63%"
"25-03-2015","361.80","371.40","371.40","360.10","1.85M","-2.23%"
"24-03-2015","370.05","367.55","373.00","366.55","1.96M","0.28%"
"23-03-2015","369.00","368.00","370.35","363.10","2.54M","0.20%"
"20-03-2015","368.25","365.95","371.00","363.60","2.12M","0.79%"
"19-03-2015","365.35","366.50","369.50","363.00","2.41M","0.22%"
"18-03-2015","364.55","362.20","365.75","361.05","1.30M","0.76%"
"17-03-2015","361.80","368.00","368.40","359.65","2.00M","-0.71%"
"16-03-2015","364.40","367.00","367.00","361.05","2.45M","-0.19%"
"13-03-2015","365.10","366.95","369.50","363.50","2.77M","0.11%"
"12-03-2015","364.70","369.85","372.25","363.00","2.98M","-1.25%"
"11-03-2015","369.30","369.00","370.70","366.00","3.14M","-0.38%"
"10-03-2015","370.70","359.00","371.80","358.15","4.53M","3.75%"
"09-03-2015","357.30","361.90","369.15","356.10","4.56M","-1.83%"
"05-03-2015","363.95","372.00","375.20","362.00","4.97M","-2.05%"
"04-03-2015","371.55","382.00","382.00","370.00","4.50M","-2.13%"
"03-03-2015","379.65","373.50","382.00","373.00","5.33M","-3.83%"
"02-03-2015","394.75","394.80","398.20","386.10","8.43M","0.20%"
"28-02-2015","393.95","398.00","398.00","390.45","3.96M","-0.33%"
"27-02-2015","395.25","386.40","398.00","384.95","24.77M","2.84%"
"26-02-2015","384.35","385.55","386.95","378.50","10.64M","-0.58%"
"25-02-2015","386.60","387.80","389.80","383.85","3.30M","0.62%"
"24-02-2015","384.20","387.00","390.25","382.80","4.51M","0.00%"
"23-02-2015","384.20","384.85","386.80","382.20","4.70M","0.38%"
"20-02-2015","382.75","381.60","385.00","377.30","5.97M","-0.31%"
"19-02-2015","383.95","380.45","390.00","375.85","6.01M","0.95%"
"18-02-2015","380.35","377.60","384.70","377.10","5.51M","0.88%"
"16-02-2015","377.05","377.65","383.85","375.10","4.31M","-0.21%"
"13-02-2015","377.85","363.30","379.90","363.00","16.98M","2.47%"
"12-02-2015","368.75","372.35","374.70","365.00","4.76M","-0.90%"
"11-02-2015","372.10","369.00","376.90","369.00","27.18M","1.07%"
"10-02-2015","368.15","358.05","369.00","358.05","5.30M","2.08%"
"09-02-2015","360.65","360.95","362.40","358.00","2.50M","-0.92%"
"06-02-2015","364.00","369.00","370.25","359.10","3.58M","-1.60%"
"05-02-2015","369.90","366.40","374.95","366.25","9.38M","1.05%"
"04-02-2015","366.05","357.20","368.80","357.10","15.18M","2.64%"
"03-02-2015","356.65","355.05","359.95","353.60","7.69M","0.44%"
"02-02-2015","355.10","354.25","357.00","350.15","25.95M","-1.59%"
"30-01-2015","360.85","362.00","364.20","360.05","14.79M","-3.76%"
"29-01-2015","374.95","365.00","379.70","364.20","11.22M","-2.31%"
"28-01-2015","383.80","382.40","388.70","380.50","2.59M","0.30%"
"27-01-2015","382.65","391.90","394.70","379.00","2.62M","-3.05%"
"23-01-2015","394.70","398.00","400.00","390.60","1.89M","-0.43%"
"22-01-2015","396.40","394.60","397.60","391.05","1.63M","1.16%"
"21-01-2015","391.85","382.60","393.50","381.05","2.58M","2.50%"
"20-01-2015","382.30","384.65","384.65","378.90","1.37M","0.82%"
"19-01-2015","379.20","379.00","383.90","374.10","1.72M","0.04%"
"16-01-2015","379.05","367.25","380.60","364.40","2.09M","2.88%"
"15-01-2015","368.45","368.00","371.75","362.10","2.28M","1.45%"
"14-01-2015","363.20","363.90","364.90","360.30","1.19M","0.55%"
"13-01-2015","361.20","358.50","362.40","358.05","1.65M","0.94%"
"12-01-2015","357.85","374.90","374.90","356.00","3.79M","-4.59%"
"09-01-2015","375.05","382.00","383.00","372.90","1.44M","-1.16%"
"08-01-2015","379.45","384.70","385.00","377.30","1.78M","1.27%"
"07-01-2015","374.70","380.00","384.45","372.55","2.63M","-1.38%"
"06-01-2015","379.95","374.00","382.10","373.70","4.64M","-0.08%"
"05-01-2015","380.25","381.00","386.00","377.00","1.86M","-0.39%"
"02-01-2015","381.75","380.50","386.60","379.95","969.55K","0.45%"
"01-01-2015","380.05","383.00","383.45","378.55","540.23K","-0.99%"