"Date","Price","Open","High","Low","Vol.","Change %"
"31-07-2026","1,346.90","1,317.70","1,356.50","1,294.30","3.37M","-0.43%"
"30-07-2026","1,352.70","1,349.00","1,369.90","1,345.60","3.75M","0.62%"
"29-07-2026","1,344.30","1,344.00","1,352.70","1,323.20","3.06M","1.95%"
"28-07-2026","1,318.60","1,301.00","1,342.00","1,301.00","5.19M","1.75%"
"27-07-2026","1,295.90","1,284.60","1,303.00","1,277.30","3.85M","1.96%"
"24-07-2026","1,271.00","1,237.00","1,276.00","1,236.60","3.67M","2.11%"
"23-07-2026","1,244.70","1,236.00","1,248.80","1,228.80","1.88M","0.60%"
"22-07-2026","1,237.30","1,243.80","1,243.80","1,227.70","2.38M","-0.18%"
"21-07-2026","1,239.50","1,219.00","1,240.70","1,217.20","4.64M","1.49%"
"20-07-2026","1,221.30","1,205.00","1,224.70","1,200.10","3.61M","1.45%"
"17-07-2026","1,203.90","1,197.80","1,223.50","1,195.80","5.04M","1.39%"
"16-07-2026","1,187.40","1,175.40","1,204.00","1,174.70","5.15M","1.66%"
"15-07-2026","1,168.00","1,157.00","1,181.60","1,144.50","3.25M","0.11%"
"14-07-2026","1,166.70","1,200.00","1,209.10","1,164.00","9.75M","-4.46%"
"13-07-2026","1,221.20","1,162.00","1,237.00","1,162.00","9.03M","4.91%"
"10-07-2026","1,164.10","1,173.00","1,191.50","1,153.50","3.98M","1.19%"
"09-07-2026","1,150.40","1,144.10","1,161.90","1,121.00","2.03M","0.42%"
"08-07-2026","1,145.60","1,165.00","1,176.50","1,141.70","3.09M","-1.93%"
"07-07-2026","1,168.20","1,135.00","1,175.00","1,134.00","5.18M","3.00%"
"06-07-2026","1,134.20","1,145.00","1,147.90","1,126.00","2.75M","-0.42%"
"03-07-2026","1,139.00","1,127.10","1,159.00","1,115.10","12.77M","5.65%"
"02-07-2026","1,078.10","1,049.00","1,082.90","1,048.00","3.73M","4.24%"
"01-07-2026","1,034.20","1,070.00","1,076.50","1,030.00","3.82M","-3.51%"
"30-06-2026","1,071.80","1,102.50","1,105.70","1,068.60","3.79M","-2.78%"
"29-06-2026","1,102.40","1,095.60","1,108.30","1,086.00","5.19M","0.15%"
"25-06-2026","1,100.70","1,133.00","1,133.50","1,097.50","5.88M","-1.19%"
"24-06-2026","1,113.90","1,097.60","1,121.50","1,093.20","3.50M","0.40%"
"23-06-2026","1,109.50","1,121.60","1,125.80","1,105.50","3.24M","-1.86%"
"22-06-2026","1,130.50","1,136.00","1,148.70","1,127.00","2.31M","-0.11%"
"19-06-2026","1,131.70","1,110.00","1,136.00","1,091.40","10.01M","-2.59%"
"18-06-2026","1,161.80","1,152.00","1,168.80","1,136.10","3.37M","-0.43%"
"17-06-2026","1,166.80","1,169.00","1,173.60","1,159.30","2.26M","0.67%"
"16-06-2026","1,159.00","1,141.00","1,161.90","1,137.50","8.34M","3.55%"
"15-06-2026","1,119.30","1,123.50","1,128.00","1,113.00","2.36M","0.87%"
"12-06-2026","1,109.60","1,120.00","1,122.50","1,100.50","2.20M","-0.05%"
"11-06-2026","1,110.20","1,112.90","1,114.00","1,089.50","3.44M","-1.93%"
"10-06-2026","1,132.10","1,140.80","1,152.00","1,130.00","1.60M","-1.24%"
"09-06-2026","1,146.30","1,158.70","1,159.00","1,136.40","2.23M","-0.43%"
"08-06-2026","1,151.30","1,141.90","1,159.00","1,132.30","1.55M","-0.29%"
"05-06-2026","1,154.70","1,179.00","1,182.50","1,147.00","1.97M","-1.16%"
"04-06-2026","1,168.30","1,166.40","1,176.50","1,158.20","2.03M","-0.91%"
"03-06-2026","1,179.00","1,228.80","1,230.00","1,176.80","4.80M","-5.19%"
"02-06-2026","1,243.50","1,210.00","1,257.00","1,202.20","7.66M","4.05%"
"01-06-2026","1,195.10","1,190.10","1,212.80","1,190.10","5.97M","0.95%"
"29-05-2026","1,183.80","1,180.00","1,191.70","1,177.00","12.45M","1.60%"
"27-05-2026","1,165.20","1,155.30","1,169.80","1,153.70","1.00M","0.28%"
"26-05-2026","1,161.90","1,165.70","1,173.70","1,160.00","1.20M","-0.33%"
"25-05-2026","1,165.70","1,168.00","1,178.00","1,162.10","1.42M","0.15%"
"22-05-2026","1,164.00","1,169.90","1,176.00","1,159.90","2.04M","-0.36%"
"21-05-2026","1,168.20","1,173.70","1,180.60","1,163.20","2.25M","-0.14%"
"20-05-2026","1,169.80","1,166.20","1,181.00","1,162.40","1.42M","-0.81%"
"19-05-2026","1,179.40","1,156.00","1,198.30","1,152.30","5.76M","2.86%"
"18-05-2026","1,146.60","1,129.00","1,149.50","1,121.40","2.59M","1.24%"
"15-05-2026","1,132.60","1,121.90","1,152.00","1,121.80","3.73M","0.77%"
"14-05-2026","1,124.00","1,139.00","1,143.20","1,103.40","5.84M","-1.68%"
"13-05-2026","1,143.20","1,146.30","1,154.60","1,137.10","2.64M","-0.23%"
"12-05-2026","1,145.80","1,183.00","1,184.00","1,142.60","3.96M","-4.11%"
"11-05-2026","1,194.90","1,196.90","1,206.30","1,191.10","2.51M","-0.29%"
"08-05-2026","1,198.40","1,179.80","1,202.80","1,176.80","2.81M","1.27%"
"07-05-2026","1,183.40","1,195.00","1,196.00","1,181.10","3.73M","-0.48%"
"06-05-2026","1,189.10","1,208.00","1,212.00","1,186.40","3.54M","-0.92%"
"05-05-2026","1,200.20","1,200.00","1,205.40","1,190.00","2.46M","-0.02%"
"04-05-2026","1,200.50","1,208.00","1,213.50","1,191.40","3.32M","0.12%"
"30-04-2026","1,199.10","1,200.00","1,213.70","1,184.00","5.07M","-0.09%"
"29-04-2026","1,200.20","1,200.00","1,210.80","1,192.10","4.78M","0.35%"
"28-04-2026","1,196.00","1,227.90","1,232.70","1,192.30","6.64M","-2.62%"
"27-04-2026","1,228.20","1,209.00","1,232.00","1,201.00","6.07M","2.08%"
"24-04-2026","1,203.20","1,264.40","1,264.80","1,198.10","10.90M","-5.82%"
"23-04-2026","1,277.60","1,290.00","1,294.30","1,272.00","8.30M","-0.60%"
"22-04-2026","1,285.30","1,345.00","1,358.00","1,281.00","33.07M","-10.82%"
"21-04-2026","1,441.20","1,430.00","1,455.00","1,422.40","3.09M","0.90%"
"20-04-2026","1,428.30","1,445.90","1,451.90","1,424.00","2.35M","-0.97%"
"17-04-2026","1,442.30","1,443.30","1,458.00","1,430.00","3.32M","-0.54%"
"16-04-2026","1,450.20","1,460.00","1,468.70","1,435.10","5.23M","-0.08%"
"15-04-2026","1,451.30","1,445.00","1,474.90","1,437.10","3.99M","1.53%"
"13-04-2026","1,429.40","1,441.00","1,447.80","1,417.50","2.25M","-1.50%"
"10-04-2026","1,451.20","1,452.00","1,457.60","1,421.10","3.45M","-0.94%"
"09-04-2026","1,464.90","1,458.90","1,469.00","1,436.00","3.10M","0.27%"
"08-04-2026","1,461.00","1,449.90","1,466.00","1,431.90","4.24M","1.35%"
"07-04-2026","1,441.60","1,391.00","1,446.50","1,388.10","3.46M","2.73%"
"06-04-2026","1,403.30","1,397.00","1,422.30","1,394.10","2.13M","0.08%"
"02-04-2026","1,402.20","1,347.00","1,412.80","1,341.20","6.51M","3.53%"
"01-04-2026","1,354.40","1,399.70","1,399.70","1,349.00","2.47M","0.95%"
"30-03-2026","1,341.60","1,350.00","1,359.20","1,336.20","5.54M","-1.67%"
"27-03-2026","1,364.40","1,377.00","1,407.40","1,359.80","8.96M","-1.22%"
"25-03-2026","1,381.30","1,348.00","1,411.40","1,348.00","4.17M","0.58%"
"24-03-2026","1,373.30","1,380.00","1,394.00","1,360.00","3.56M","1.08%"
"23-03-2026","1,358.60","1,314.80","1,365.00","1,310.00","5.17M","1.87%"
"20-03-2026","1,333.70","1,334.90","1,352.50","1,328.90","5.05M","1.67%"
"19-03-2026","1,311.80","1,341.40","1,354.20","1,309.20","1.66M","-3.35%"
"18-03-2026","1,357.20","1,326.50","1,378.40","1,326.50","2.56M","2.73%"
"17-03-2026","1,321.10","1,328.60","1,328.60","1,297.70","2.29M","-0.56%"
"16-03-2026","1,328.60","1,312.80","1,337.70","1,302.40","3.62M","0.24%"
"13-03-2026","1,325.40","1,350.00","1,356.70","1,321.00","2.19M","-2.41%"
"12-03-2026","1,358.10","1,350.00","1,363.40","1,341.00","2.62M","0.58%"
"11-03-2026","1,350.30","1,367.20","1,376.00","1,346.90","1.84M","-0.82%"
"10-03-2026","1,361.50","1,361.00","1,364.40","1,345.00","1.67M","0.21%"
"09-03-2026","1,358.60","1,330.00","1,372.70","1,328.00","2.26M","0.14%"
"06-03-2026","1,356.70","1,356.00","1,380.80","1,354.20","1.87M","0.19%"
"05-03-2026","1,354.10","1,378.20","1,378.20","1,332.50","2.22M","-0.73%"
"04-03-2026","1,364.00","1,356.00","1,382.00","1,356.00","3.16M","-0.51%"
"02-03-2026","1,371.00","1,351.00","1,386.00","1,350.00","2.09M","-1.30%"
"27-02-2026","1,389.10","1,398.00","1,404.80","1,382.00","8.65M","1.14%"
"26-02-2026","1,373.50","1,391.00","1,405.00","1,368.00","2.33M","-0.34%"
"25-02-2026","1,378.20","1,355.00","1,391.40","1,354.00","5.70M","2.91%"
"24-02-2026","1,339.20","1,402.30","1,406.70","1,322.50","10.00M","-6.10%"
"23-02-2026","1,426.20","1,438.20","1,441.60","1,415.50","2.63M","-0.72%"
"20-02-2026","1,436.50","1,443.00","1,455.00","1,431.00","2.39M","-0.96%"
"19-02-2026","1,450.40","1,470.00","1,501.80","1,443.00","2.40M","-1.15%"
"18-02-2026","1,467.20","1,483.20","1,483.20","1,443.40","2.04M","-1.04%"
"17-02-2026","1,482.60","1,464.00","1,510.70","1,458.00","2.84M","1.42%"
"16-02-2026","1,461.80","1,451.10","1,467.00","1,446.80","2.39M","0.45%"
"13-02-2026","1,455.20","1,423.00","1,476.80","1,396.00","7.21M","-1.42%"
"12-02-2026","1,476.10","1,529.00","1,535.00","1,469.50","5.40M","-4.87%"
"11-02-2026","1,551.60","1,574.00","1,578.10","1,546.10","2.94M","-1.37%"
"10-02-2026","1,573.10","1,595.00","1,602.40","1,567.80","3.23M","-1.80%"
"09-02-2026","1,602.00","1,600.40","1,619.90","1,594.40","1.86M","0.52%"
"06-02-2026","1,593.70","1,612.00","1,612.00","1,574.10","3.34M","-1.01%"
"05-02-2026","1,610.00","1,613.70","1,631.80","1,600.20","3.18M","-0.73%"
"04-02-2026","1,621.80","1,642.00","1,645.00","1,586.00","5.83M","-4.34%"
"03-02-2026","1,695.30","1,780.00","1,780.10","1,689.10","3.20M","1.10%"
"02-02-2026","1,676.80","1,670.00","1,688.50","1,653.60","1.92M","0.64%"
"01-02-2026","1,666.20","1,692.40","1,710.10","1,613.10","1.85M","-1.73%"
"30-01-2026","1,695.60","1,713.20","1,713.20","1,683.00","4.45M","-1.51%"
"29-01-2026","1,721.60","1,722.80","1,725.00","1,696.10","2.24M","-0.46%"
"28-01-2026","1,729.60","1,705.10","1,734.40","1,691.00","2.71M","0.55%"
"27-01-2026","1,720.20","1,720.00","1,725.50","1,700.50","2.67M","0.77%"
"23-01-2026","1,707.00","1,712.70","1,721.00","1,698.80","1.87M","0.23%"
"22-01-2026","1,703.10","1,690.60","1,709.00","1,681.50","1.85M","1.22%"
"21-01-2026","1,682.50","1,687.60","1,694.90","1,668.90","1.73M","-0.28%"
"20-01-2026","1,687.30","1,720.00","1,720.00","1,681.80","1.74M","-1.72%"
"19-01-2026","1,716.80","1,698.00","1,719.00","1,685.10","2.09M","1.11%"
"16-01-2026","1,698.00","1,670.00","1,700.90","1,664.80","3.10M","1.77%"
"14-01-2026","1,668.50","1,665.00","1,677.90","1,649.20","2.47M","0.21%"
"13-01-2026","1,665.00","1,685.00","1,697.60","1,626.00","7.15M","-0.16%"
"12-01-2026","1,667.60","1,659.20","1,677.20","1,641.50","4.18M","0.37%"
"09-01-2026","1,661.40","1,647.10","1,675.00","1,647.10","3.28M","0.89%"
"08-01-2026","1,646.70","1,653.30","1,660.60","1,635.40","3.27M","-0.06%"
"07-01-2026","1,647.70","1,620.80","1,654.50","1,616.70","3.82M","1.94%"
"06-01-2026","1,616.30","1,600.30","1,626.00","1,597.30","2.11M","0.54%"
"05-01-2026","1,607.60","1,625.00","1,633.50","1,580.10","3.25M","-1.99%"
"02-01-2026","1,640.20","1,632.00","1,643.00","1,625.10","950.57K","0.35%"
"01-01-2026","1,634.50","1,622.90","1,645.70","1,618.40","773.81K","0.69%"
"31-12-2025","1,623.30","1,624.50","1,631.70","1,616.80","1.36M","0.50%"
"30-12-2025","1,615.20","1,630.80","1,635.70","1,611.10","3.32M","-0.96%"
"29-12-2025","1,630.80","1,659.70","1,660.80","1,625.40","1.52M","-1.81%"
"26-12-2025","1,660.90","1,668.00","1,676.40","1,650.50","921.14K","-0.82%"
"24-12-2025","1,674.70","1,676.00","1,680.00","1,665.10","989.86K","-0.31%"
"23-12-2025","1,679.90","1,675.10","1,686.90","1,656.20","1.61M","0.57%"
"22-12-2025","1,670.30","1,651.90","1,673.50","1,644.00","1.34M","1.70%"
"19-12-2025","1,642.40","1,675.00","1,681.00","1,632.50","3.49M","-1.14%"
"18-12-2025","1,661.40","1,657.00","1,673.90","1,651.20","1.82M","0.39%"
"17-12-2025","1,655.00","1,651.00","1,664.50","1,646.30","1.39M","0.20%"
"16-12-2025","1,651.70","1,681.00","1,682.00","1,645.40","1.93M","-1.92%"
"15-12-2025","1,684.00","1,673.20","1,688.00","1,660.00","1.69M","0.65%"
"12-12-2025","1,673.20","1,677.40","1,677.90","1,660.00","1.28M","0.05%"
"11-12-2025","1,672.40","1,667.50","1,677.40","1,649.00","1.41M","0.38%"
"10-12-2025","1,666.00","1,663.30","1,671.00","1,657.00","1.48M","0.51%"
"09-12-2025","1,657.60","1,687.00","1,687.00","1,656.40","2.82M","-1.84%"
"08-12-2025","1,688.60","1,683.00","1,695.40","1,676.90","2.70M","0.33%"
"05-12-2025","1,683.00","1,662.70","1,691.00","1,651.00","3.39M","1.72%"
"04-12-2025","1,654.60","1,650.00","1,672.00","1,645.10","3.94M","0.86%"
"03-12-2025","1,640.50","1,635.50","1,654.60","1,628.80","2.37M","0.31%"
"02-12-2025","1,635.50","1,651.00","1,652.90","1,624.00","2.33M","-0.45%"
"01-12-2025","1,642.90","1,630.00","1,646.50","1,628.00","2.03M","1.15%"
"28-11-2025","1,624.20","1,629.00","1,636.90","1,619.00","1.84M","-0.29%"
"27-11-2025","1,629.00","1,619.10","1,633.20","1,614.00","2.11M","0.69%"
"26-11-2025","1,617.90","1,601.10","1,627.50","1,601.10","1.24M","1.05%"
"25-11-2025","1,601.10","1,618.30","1,618.90","1,592.60","2.29M","-0.58%"
"24-11-2025","1,610.40","1,614.30","1,640.00","1,602.90","6.39M","0.15%"
"21-11-2025","1,608.00","1,636.00","1,643.50","1,606.00","2.96M","-2.27%"
"20-11-2025","1,645.40","1,662.60","1,668.40","1,642.60","2.72M","-1.03%"
"19-11-2025","1,662.60","1,595.30","1,669.50","1,588.60","6.34M","4.23%"
"18-11-2025","1,595.20","1,604.00","1,604.00","1,590.10","1.64M","-0.70%"
"17-11-2025","1,606.40","1,594.00","1,607.70","1,585.50","2.00M","0.74%"
"14-11-2025","1,594.60","1,590.00","1,598.00","1,574.10","2.54M","-0.24%"
"13-11-2025","1,598.50","1,599.40","1,605.00","1,580.00","1.94M","0.28%"
"12-11-2025","1,594.00","1,575.00","1,600.00","1,573.50","2.33M","1.53%"
"11-11-2025","1,570.00","1,547.80","1,572.50","1,541.20","2.27M","1.91%"
"10-11-2025","1,540.50","1,518.00","1,544.90","1,511.40","1.56M","1.86%"
"07-11-2025","1,512.40","1,515.10","1,518.80","1,490.50","2.24M","-0.92%"
"06-11-2025","1,526.40","1,529.10","1,531.90","1,514.30","2.47M","-0.18%"
"04-11-2025","1,529.10","1,536.40","1,541.90","1,525.00","1.67M","-0.93%"
"03-11-2025","1,543.50","1,540.10","1,549.70","1,528.20","2.25M","0.13%"
"31-10-2025","1,541.50","1,549.80","1,558.20","1,537.60","1.72M","-0.54%"
"30-10-2025","1,549.80","1,557.70","1,559.90","1,538.10","2.18M","-0.48%"
"29-10-2025","1,557.30","1,530.00","1,559.00","1,522.00","2.60M","2.31%"
"28-10-2025","1,522.10","1,535.00","1,542.00","1,512.00","1.94M","-0.74%"
"27-10-2025","1,533.50","1,531.40","1,549.50","1,526.80","1.39M","0.64%"
"24-10-2025","1,523.80","1,525.00","1,532.60","1,516.40","1.49M","-0.01%"
"23-10-2025","1,523.90","1,510.00","1,547.50","1,505.50","5.01M","2.55%"
"21-10-2025","1,486.00","1,502.70","1,503.00","1,481.00","274.40K","-0.63%"
"20-10-2025","1,495.40","1,489.90","1,509.90","1,489.10","2.35M","0.62%"
"17-10-2025","1,486.20","1,499.00","1,501.30","1,479.20","3.21M","-1.90%"
"16-10-2025","1,515.00","1,499.90","1,519.90","1,498.00","2.02M","1.29%"
"15-10-2025","1,495.70","1,497.90","1,509.40","1,486.10","1.71M","0.02%"
"14-10-2025","1,495.40","1,515.40","1,535.00","1,490.20","5.80M","0.05%"
"13-10-2025","1,494.70","1,490.00","1,502.20","1,476.50","1.82M","-0.05%"
"10-10-2025","1,495.50","1,491.00","1,498.50","1,473.90","2.13M","0.61%"
"09-10-2025","1,486.50","1,453.20","1,491.10","1,452.50","2.68M","2.29%"
"08-10-2025","1,453.20","1,433.20","1,458.70","1,427.20","1.74M","1.38%"
"07-10-2025","1,433.40","1,422.00","1,441.90","1,417.20","1.59M","1.11%"
"06-10-2025","1,417.70","1,393.50","1,421.00","1,390.80","1.97M","1.74%"
"03-10-2025","1,393.50","1,396.50","1,399.80","1,380.40","2.79M","0.29%"
"01-10-2025","1,389.50","1,386.10","1,396.80","1,382.00","2.25M","0.32%"
"30-09-2025","1,385.10","1,392.10","1,405.00","1,381.90","2.78M","-0.17%"
"29-09-2025","1,387.40","1,397.10","1,402.60","1,383.00","2.99M","-0.57%"
"26-09-2025","1,395.30","1,420.00","1,426.50","1,392.00","2.57M","-2.00%"
"25-09-2025","1,423.80","1,440.20","1,442.50","1,416.00","2.71M","-1.28%"
"24-09-2025","1,442.30","1,425.10","1,444.70","1,420.00","2.89M","0.87%"
"23-09-2025","1,429.80","1,444.20","1,444.20","1,420.40","3.11M","-0.70%"
"22-09-2025","1,439.90","1,423.00","1,449.20","1,415.00","4.46M","-1.87%"
"19-09-2025","1,467.40","1,493.80","1,493.80","1,464.00","3.20M","-1.77%"
"18-09-2025","1,493.80","1,492.60","1,502.90","1,486.10","2.79M","0.83%"
"17-09-2025","1,481.50","1,490.80","1,499.00","1,475.30","2.66M","-0.11%"
"16-09-2025","1,483.10","1,463.90","1,485.20","1,461.10","1.72M","1.13%"
"15-09-2025","1,466.50","1,467.20","1,468.30","1,452.00","1.73M","-0.05%"
"12-09-2025","1,467.20","1,475.00","1,480.00","1,463.00","2.11M","-0.03%"
"11-09-2025","1,467.70","1,463.90","1,470.40","1,458.30","1.98M","0.26%"
"10-09-2025","1,463.90","1,434.90","1,471.90","1,432.10","3.21M","2.58%"
"09-09-2025","1,427.10","1,410.20","1,431.80","1,409.10","2.91M","1.72%"
"08-09-2025","1,403.00","1,423.90","1,428.60","1,401.00","2.93M","-1.13%"
"05-09-2025","1,419.00","1,448.00","1,452.30","1,402.80","3.90M","-1.68%"
"04-09-2025","1,443.30","1,465.10","1,465.90","1,440.90","2.19M","-1.56%"
"03-09-2025","1,466.10","1,475.00","1,475.00","1,452.60","1.80M","0.03%"
"02-09-2025","1,465.70","1,469.00","1,477.40","1,459.70","1.30M","-0.18%"
"01-09-2025","1,468.40","1,446.00","1,472.50","1,446.00","2.11M","0.93%"
"29-08-2025","1,454.80","1,449.80","1,462.60","1,439.20","3.40M","0.34%"
"28-08-2025","1,449.80","1,488.00","1,488.00","1,446.00","4.37M","-2.88%"
"26-08-2025","1,492.80","1,501.90","1,506.50","1,485.00","4.09M","-0.76%"
"25-08-2025","1,504.20","1,480.00","1,509.70","1,476.20","2.76M","2.58%"
"22-08-2025","1,466.30","1,489.60","1,491.50","1,464.00","2.80M","-1.82%"
"21-08-2025","1,493.50","1,500.00","1,505.00","1,486.10","2.16M","-0.17%"
"20-08-2025","1,496.00","1,468.00","1,500.30","1,458.00","10.22M","1.35%"
"19-08-2025","1,476.10","1,476.30","1,482.60","1,469.20","2.52M","-0.60%"
"18-08-2025","1,485.00","1,498.10","1,501.90","1,475.90","2.80M","-0.32%"
"14-08-2025","1,489.80","1,501.00","1,516.20","1,485.80","4.23M","-0.75%"
"13-08-2025","1,501.10","1,500.00","1,507.50","1,489.00","2.92M","0.13%"
"12-08-2025","1,499.10","1,490.00","1,509.90","1,489.00","3.42M","0.75%"
"11-08-2025","1,488.00","1,475.00","1,531.00","1,465.60","2.37M","0.83%"
"08-08-2025","1,475.70","1,474.80","1,482.20","1,459.00","2.82M","0.01%"
"07-08-2025","1,475.50","1,458.00","1,479.20","1,451.00","1.50M","0.84%"
"06-08-2025","1,463.20","1,480.90","1,483.70","1,456.40","1.74M","-1.32%"
"05-08-2025","1,482.70","1,479.90","1,485.40","1,471.20","2.61M","0.56%"
"04-08-2025","1,474.40","1,452.10","1,475.40","1,440.60","2.38M","1.54%"
"01-08-2025","1,452.10","1,465.00","1,466.90","1,450.00","2.15M","-1.08%"
"31-07-2025","1,467.90","1,465.00","1,482.70","1,459.50","2.31M","-0.58%"
"30-07-2025","1,476.50","1,480.50","1,484.30","1,468.80","1.64M","0.28%"
"29-07-2025","1,472.40","1,466.10","1,477.50","1,461.00","6.22M","0.43%"
"28-07-2025","1,466.10","1,490.10","1,494.20","1,463.50","4.40M","-1.61%"
"25-07-2025","1,490.10","1,501.10","1,512.20","1,486.60","2.73M","-1.13%"
"24-07-2025","1,507.20","1,530.00","1,537.90","1,501.60","4.65M","-1.48%"
"23-07-2025","1,529.80","1,524.10","1,536.00","1,518.00","3.47M","0.64%"
"22-07-2025","1,520.10","1,533.10","1,539.80","1,518.30","3.22M","-0.67%"
"21-07-2025","1,530.40","1,548.80","1,550.70","1,526.00","3.37M","-1.19%"
"18-07-2025","1,548.80","1,544.00","1,550.00","1,530.00","3.90M","0.32%"
"17-07-2025","1,543.90","1,563.60","1,566.80","1,542.40","4.97M","-1.21%"
"16-07-2025","1,562.80","1,566.40","1,574.00","1,560.00","5.22M","-0.23%"
"15-07-2025","1,566.40","1,590.00","1,621.40","1,550.00","14.69M","-3.30%"
"14-07-2025","1,619.80","1,640.00","1,642.40","1,607.00","3.33M","-1.13%"
"11-07-2025","1,638.30","1,643.20","1,655.50","1,630.00","2.55M","-1.53%"
"10-07-2025","1,663.70","1,675.00","1,679.90","1,649.00","2.74M","-0.62%"
"09-07-2025","1,674.00","1,710.00","1,714.30","1,671.00","2.89M","-2.00%"
"08-07-2025","1,708.10","1,700.00","1,718.90","1,687.50","2.14M","-0.13%"
"07-07-2025","1,710.40","1,725.50","1,725.50","1,703.30","1.37M","-0.90%"
"04-07-2025","1,725.90","1,715.00","1,729.00","1,706.20","768.50K","0.82%"
"03-07-2025","1,711.90","1,716.00","1,730.50","1,706.50","1.84M","-0.39%"
"02-07-2025","1,718.60","1,722.00","1,738.50","1,711.00","2.07M","0.02%"
"01-07-2025","1,718.30","1,728.60","1,745.00","1,714.00","1.64M","-0.60%"
"30-06-2025","1,728.60","1,725.00","1,734.80","1,713.30","1.86M","0.31%"
"27-06-2025","1,723.30","1,735.00","1,752.50","1,710.80","6.48M","-0.05%"
"26-06-2025","1,724.10","1,710.00","1,726.90","1,702.70","2.97M","0.41%"
"25-06-2025","1,717.10","1,702.00","1,720.70","1,701.00","1.31M","1.50%"
"24-06-2025","1,691.80","1,719.90","1,732.60","1,689.20","3.60M","-0.67%"
"23-06-2025","1,703.20","1,729.20","1,729.80","1,699.20","2.22M","-2.11%"
"20-06-2025","1,739.90","1,713.90","1,742.60","1,709.10","2.72M","1.52%"
"19-06-2025","1,713.90","1,719.70","1,719.70","1,697.20","2.51M","-0.12%"
"18-06-2025","1,715.90","1,727.90","1,745.00","1,710.00","1.79M","-0.79%"
"17-06-2025","1,729.60","1,728.00","1,738.80","1,720.00","1.78M","0.38%"
"16-06-2025","1,723.00","1,692.00","1,729.40","1,683.40","2.12M","1.63%"
"13-06-2025","1,695.30","1,666.00","1,711.00","1,664.60","1.99M","-0.35%"
"12-06-2025","1,701.20","1,725.00","1,726.00","1,695.00","3.61M","-1.20%"
"11-06-2025","1,721.90","1,676.00","1,725.40","1,666.00","5.09M","3.23%"
"10-06-2025","1,668.10","1,653.30","1,684.90","1,649.00","3.06M","1.20%"
"09-06-2025","1,648.30","1,648.00","1,658.00","1,639.00","1.30M","0.65%"
"06-06-2025","1,637.70","1,631.20","1,639.80","1,622.00","1.26M","0.32%"
"05-06-2025","1,632.40","1,634.90","1,653.90","1,624.60","1.41M","0.39%"
"04-06-2025","1,626.10","1,631.00","1,644.60","1,622.20","1.66M","-0.26%"
"03-06-2025","1,630.40","1,646.90","1,651.70","1,617.00","2.38M","-0.07%"
"02-06-2025","1,631.50","1,625.10","1,635.20","1,605.70","1.88M","-0.31%"
"30-05-2025","1,636.60","1,664.70","1,664.70","1,627.30","4.41M","-1.69%"
"29-05-2025","1,664.70","1,670.00","1,675.50","1,655.60","2.37M","0.45%"
"28-05-2025","1,657.30","1,664.00","1,666.80","1,647.00","1.78M","0.31%"
"27-05-2025","1,652.10","1,673.80","1,675.50","1,641.50","2.74M","-1.28%"
"26-05-2025","1,673.60","1,652.40","1,675.80","1,645.60","1.08M","1.54%"
"23-05-2025","1,648.20","1,633.00","1,670.80","1,622.50","1.46M","0.93%"
"22-05-2025","1,633.00","1,638.40","1,640.70","1,614.00","2.20M","-1.15%"
"21-05-2025","1,652.00","1,645.00","1,657.50","1,628.40","1.42M","0.84%"
"20-05-2025","1,638.30","1,660.80","1,666.00","1,636.40","2.42M","-0.69%"
"19-05-2025","1,649.60","1,661.00","1,664.00","1,638.10","1.64M","-0.62%"
"16-05-2025","1,659.90","1,691.90","1,693.50","1,658.00","2.59M","-2.13%"
"15-05-2025","1,696.00","1,650.00","1,702.60","1,625.00","4.96M","3.56%"
"14-05-2025","1,637.70","1,630.00","1,642.30","1,617.00","1.57M","1.12%"
"13-05-2025","1,619.60","1,685.00","1,688.10","1,615.20","3.12M","-3.04%"
"12-05-2025","1,670.30","1,598.80","1,675.00","1,594.00","4.03M","6.43%"
"09-05-2025","1,569.40","1,566.00","1,577.70","1,557.30","2.04M","-0.71%"
"08-05-2025","1,580.70","1,561.90","1,598.00","1,555.80","2.79M","1.11%"
"07-05-2025","1,563.30","1,552.00","1,578.40","1,545.00","5.47M","-1.00%"
"06-05-2025","1,579.10","1,576.80","1,583.80","1,565.10","2.06M","0.67%"
"05-05-2025","1,568.60","1,580.00","1,597.70","1,563.30","1.01M","-0.50%"
"02-05-2025","1,576.50","1,567.00","1,581.00","1,557.10","1.90M","0.57%"
"30-04-2025","1,567.50","1,571.00","1,587.90","1,554.00","3.68M","-0.10%"
"29-04-2025","1,569.00","1,555.00","1,580.80","1,548.10","2.23M","1.27%"
"28-04-2025","1,549.30","1,565.00","1,569.40","1,537.10","2.62M","-1.83%"
"25-04-2025","1,578.20","1,590.00","1,618.00","1,568.10","3.80M","-0.54%"
"24-04-2025","1,586.70","1,595.00","1,603.30","1,576.10","3.19M","-0.46%"
"23-04-2025","1,594.00","1,555.00","1,600.00","1,543.70","13.29M","7.71%"
"22-04-2025","1,479.90","1,490.00","1,499.90","1,464.50","2.61M","-0.14%"
"21-04-2025","1,482.00","1,435.00","1,499.00","1,430.00","2.84M","3.06%"
"17-04-2025","1,438.00","1,420.00","1,442.10","1,384.00","3.55M","0.44%"
"16-04-2025","1,431.70","1,415.00","1,436.10","1,405.50","2.55M","0.36%"
"15-04-2025","1,426.50","1,420.00","1,428.80","1,406.00","3.27M","2.59%"
"11-04-2025","1,390.55","1,360.00","1,425.00","1,360.00","4.86M","0.76%"
"09-04-2025","1,380.00","1,380.65","1,388.70","1,357.05","3.31M","-1.66%"
"08-04-2025","1,403.35","1,380.00","1,424.25","1,372.00","3.94M","2.13%"
"07-04-2025","1,374.10","1,345.00","1,383.75","1,302.75","6.48M","-3.38%"
"04-04-2025","1,422.10","1,449.00","1,456.20","1,419.10","4.42M","-3.27%"
"03-04-2025","1,470.10","1,500.00","1,500.00","1,465.00","3.97M","-3.76%"
"02-04-2025","1,527.55","1,515.00","1,538.55","1,506.40","3.17M","-0.18%"
"01-04-2025","1,530.35","1,577.00","1,585.00","1,526.10","4.13M","-3.90%"
"28-03-2025","1,592.50","1,616.10","1,625.55","1,581.60","2.21M","-2.31%"
"27-03-2025","1,630.15","1,625.65","1,645.00","1,613.55","3.38M","-0.20%"
"26-03-2025","1,633.40","1,624.90","1,644.95","1,622.00","3.10M","0.52%"
"25-03-2025","1,624.90","1,622.00","1,658.95","1,618.95","4.91M","1.29%"
"24-03-2025","1,604.15","1,591.00","1,610.90","1,560.00","2.49M","2.39%"
"21-03-2025","1,566.70","1,535.10","1,592.05","1,521.50","8.11M","0.30%"
"20-03-2025","1,562.00","1,547.85","1,582.10","1,547.05","4.61M","1.14%"
"19-03-2025","1,544.45","1,558.50","1,561.35","1,525.10","4.52M","-0.88%"
"18-03-2025","1,558.20","1,545.15","1,560.95","1,530.65","2.93M","0.84%"
"17-03-2025","1,545.15","1,528.00","1,547.55","1,519.05","2.03M","0.68%"
"13-03-2025","1,534.75","1,540.60","1,547.95","1,529.15","1.98M","-0.38%"
"12-03-2025","1,540.60","1,556.00","1,565.00","1,507.10","3.11M","-1.74%"
"11-03-2025","1,567.85","1,529.95","1,573.95","1,522.60","1.85M","1.20%"
"10-03-2025","1,549.30","1,557.00","1,572.45","1,547.00","1.86M","-0.56%"
"07-03-2025","1,557.95","1,582.65","1,587.00","1,555.60","2.09M","-1.73%"
"06-03-2025","1,585.45","1,580.00","1,594.70","1,575.15","2.01M","0.79%"
"05-03-2025","1,572.95","1,532.00","1,581.40","1,531.05","3.11M","2.44%"
"04-03-2025","1,535.50","1,560.00","1,560.00","1,523.00","3.25M","-2.35%"
"03-03-2025","1,572.40","1,575.05","1,603.40","1,568.45","1.78M","-0.17%"
"28-02-2025","1,575.05","1,612.00","1,614.95","1,562.45","4.91M","-3.32%"
"27-02-2025","1,629.20","1,620.00","1,660.00","1,615.20","2.27M","-0.42%"
"25-02-2025","1,636.10","1,636.00","1,651.95","1,631.25","1.95M","-0.48%"
"24-02-2025","1,644.05","1,685.00","1,690.00","1,637.60","4.46M","-3.33%"
"21-02-2025","1,700.70","1,690.00","1,704.15","1,685.15","1.22M","0.78%"
"20-02-2025","1,687.55","1,705.20","1,714.55","1,683.55","1.68M","-1.45%"
"19-02-2025","1,712.30","1,723.20","1,731.60","1,703.45","1.29M","-0.76%"
"18-02-2025","1,725.50","1,706.00","1,728.50","1,701.25","1.51M","0.91%"
"17-02-2025","1,709.90","1,711.25","1,720.15","1,694.10","1.13M","-0.08%"
"14-02-2025","1,711.25","1,711.00","1,723.40","1,699.95","1.46M","0.48%"
"13-02-2025","1,703.10","1,712.00","1,729.95","1,700.25","1.84M","-0.83%"
"12-02-2025","1,717.30","1,723.90","1,742.40","1,699.15","2.21M","-0.34%"
"11-02-2025","1,723.20","1,742.80","1,749.00","1,715.00","1.70M","-0.61%"
"10-02-2025","1,733.85","1,723.95","1,740.00","1,712.10","1.82M","0.48%"
"07-02-2025","1,725.65","1,723.15","1,731.00","1,700.65","2.43M","0.12%"
"06-02-2025","1,723.50","1,723.85","1,728.45","1,712.85","2.06M","0.62%"
"05-02-2025","1,712.85","1,730.00","1,746.80","1,710.00","2.68M","-1.14%"
"04-02-2025","1,732.55","1,695.10","1,735.90","1,692.05","3.65M","2.40%"
"03-02-2025","1,692.00","1,665.00","1,700.60","1,661.50","2.66M","-0.12%"
"01-02-2025","1,694.00","1,726.00","1,731.95","1,688.00","569.02K","-1.82%"
"31-01-2025","1,725.45","1,709.05","1,738.20","1,709.05","2.03M","0.72%"
"30-01-2025","1,713.10","1,722.00","1,732.95","1,697.85","2.54M","-0.34%"
"29-01-2025","1,719.00","1,696.00","1,724.10","1,696.00","3.73M","1.52%"
"28-01-2025","1,693.25","1,711.95","1,730.50","1,691.00","5.08M","-1.09%"
"27-01-2025","1,711.95","1,775.00","1,779.75","1,707.30","4.17M","-4.51%"
"24-01-2025","1,792.85","1,800.00","1,829.40","1,791.10","3.17M","-0.78%"
"23-01-2025","1,807.00","1,817.05","1,828.95","1,804.20","3.75M","-1.13%"
"22-01-2025","1,827.70","1,808.20","1,831.45","1,804.05","3.01M","1.40%"
"21-01-2025","1,802.40","1,791.40","1,820.75","1,791.40","4.01M","0.35%"
"20-01-2025","1,796.20","1,790.10","1,799.00","1,762.60","3.40M","0.41%"
"17-01-2025","1,788.90","1,773.00","1,793.10","1,750.05","2.42M","0.15%"
"16-01-2025","1,786.25","1,826.86","1,831.80","1,779.32","5.36M","-1.83%"
"15-01-2025","1,819.59","1,829.85","1,837.38","1,806.48","3.35M","0.67%"
"14-01-2025","1,807.48","1,929.62","1,932.51","1,791.73","15.82M","-8.84%"
"13-01-2025","1,982.74","1,988.22","2,005.46","1,958.82","5.69M","-0.29%"
"10-01-2025","1,988.42","1,929.52","1,995.65","1,928.77","4.80M","2.77%"
"09-01-2025","1,934.80","1,926.80","1,944.45","1,920.00","2.74M","0.13%"
"08-01-2025","1,932.25","1,906.30","1,938.50","1,894.55","2.37M","0.85%"
"07-01-2025","1,915.90","1,960.00","1,981.00","1,908.90","2.49M","-1.90%"
"06-01-2025","1,953.05","1,951.25","1,973.40","1,930.00","1.79M","0.33%"
"03-01-2025","1,946.65","1,980.00","1,992.10","1,941.00","2.85M","-1.30%"
"02-01-2025","1,972.20","1,911.95","1,976.30","1,910.05","3.49M","3.15%"
"01-01-2025","1,911.95","1,917.40","1,936.95","1,907.90","880.70K","-0.28%"
"31-12-2024","1,917.40","1,915.20","1,927.80","1,878.55","1.97M","-0.60%"
"30-12-2024","1,928.95","1,888.00","1,968.95","1,865.65","6.26M","1.95%"
"27-12-2024","1,892.00","1,900.00","1,902.90","1,882.70","1.33M","-0.46%"
"26-12-2024","1,900.75","1,905.60","1,908.90","1,886.30","1.07M","0.20%"
"24-12-2024","1,896.95","1,908.60","1,923.65","1,889.25","1.31M","-0.32%"
"23-12-2024","1,903.00","1,918.50","1,939.40","1,899.15","2.06M","-0.44%"
"20-12-2024","1,911.35","1,954.60","1,957.65","1,896.40","3.79M","-1.18%"
"19-12-2024","1,934.25","1,910.00","1,946.20","1,910.00","1.92M","-1.33%"
"18-12-2024","1,960.35","1,949.00","1,971.95","1,946.75","3.46M","0.50%"
"17-12-2024","1,950.60","1,945.30","1,963.20","1,938.00","1.99M","-0.19%"
"16-12-2024","1,954.40","1,970.85","1,980.00","1,950.25","1.37M","-0.73%"
"13-12-2024","1,968.80","1,939.00","1,975.00","1,912.35","2.57M","1.68%"
"12-12-2024","1,936.20","1,924.95","1,949.00","1,921.50","2.31M","0.27%"
"11-12-2024","1,930.90","1,926.25","1,934.80","1,916.00","1.39M","-0.28%"
"10-12-2024","1,936.35","1,916.45","1,942.80","1,912.20","2.70M","1.38%"
"09-12-2024","1,909.90","1,915.00","1,926.05","1,901.00","1.38M","-0.67%"
"06-12-2024","1,922.70","1,926.00","1,939.35","1,915.30","2.25M","-0.07%"
"05-12-2024","1,924.00","1,885.00","1,938.10","1,884.00","3.88M","1.39%"
"04-12-2024","1,897.65","1,882.00","1,911.00","1,877.60","3.73M","0.36%"
"03-12-2024","1,890.75","1,884.00","1,896.30","1,872.05","2.95M","1.03%"
"02-12-2024","1,871.50","1,848.05","1,878.55","1,835.45","2.01M","1.27%"
"29-11-2024","1,848.05","1,842.00","1,872.30","1,833.95","2.48M","0.39%"
"28-11-2024","1,840.90","1,885.10","1,900.50","1,835.00","3.63M","-2.65%"
"27-11-2024","1,891.05","1,896.75","1,917.00","1,887.10","1.63M","-0.45%"
"26-11-2024","1,899.55","1,890.10","1,914.95","1,889.15","2.08M","0.41%"
"25-11-2024","1,891.70","1,919.00","1,919.95","1,878.50","6.53M","-0.35%"
"22-11-2024","1,898.40","1,846.35","1,902.00","1,836.50","2.77M","3.38%"
"21-11-2024","1,836.35","1,835.00","1,839.55","1,820.20","1.84M","0.87%"
"19-11-2024","1,820.55","1,837.00","1,865.00","1,817.30","2.35M","-0.79%"
"18-11-2024","1,835.00","1,858.95","1,865.05","1,815.00","2.48M","-1.29%"
"14-11-2024","1,858.95","1,872.00","1,897.00","1,846.35","2.46M","-0.31%"
"13-11-2024","1,864.75","1,866.00","1,879.60","1,859.10","1.25M","-0.43%"
"12-11-2024","1,872.85","1,891.00","1,892.95","1,864.45","2.71M","0.30%"
"11-11-2024","1,867.30","1,846.70","1,874.00","1,834.00","1.68M","1.62%"
"08-11-2024","1,837.50","1,838.95","1,854.15","1,828.05","1.52M","0.30%"
"07-11-2024","1,831.95","1,850.05","1,862.55","1,814.20","2.17M","-0.35%"
"06-11-2024","1,838.40","1,791.10","1,853.00","1,783.00","3.48M","3.66%"
"05-11-2024","1,773.55","1,769.00","1,783.35","1,761.50","1.82M","0.60%"
"04-11-2024","1,762.95","1,763.00","1,782.10","1,745.00","2.84M","0.32%"
"01-11-2024","1,757.40","1,777.00","1,781.30","1,751.00","242.22K","-0.49%"
"31-10-2024","1,766.05","1,840.00","1,843.90","1,756.55","3.62M","-3.96%"
"30-10-2024","1,838.80","1,861.00","1,869.45","1,835.30","1.73M","-1.76%"
"29-10-2024","1,871.75","1,871.75","1,875.90","1,851.20","1.72M","0.00%"
"28-10-2024","1,871.75","1,845.10","1,876.80","1,845.10","2.42M","1.05%"
"25-10-2024","1,852.35","1,860.00","1,871.55","1,840.20","4.08M","0.40%"
"24-10-2024","1,844.90","1,845.00","1,862.95","1,837.70","1.62M","-0.05%"
"23-10-2024","1,845.75","1,793.50","1,865.00","1,793.50","2.52M","1.26%"
"22-10-2024","1,822.75","1,829.80","1,852.00","1,819.50","2.09M","-1.13%"
"21-10-2024","1,843.60","1,875.30","1,888.50","1,840.00","1.28M","-0.76%"
"18-10-2024","1,857.70","1,867.00","1,873.90","1,843.00","2.37M","-0.54%"
"17-10-2024","1,867.80","1,869.90","1,877.05","1,851.45","2.40M","0.14%"
"16-10-2024","1,865.25","1,869.00","1,885.00","1,854.05","2.14M","-0.26%"
"15-10-2024","1,870.10","1,830.00","1,882.75","1,829.95","5.70M","0.77%"
"14-10-2024","1,855.90","1,846.05","1,865.50","1,832.40","1.75M","0.88%"
"11-10-2024","1,839.65","1,804.00","1,852.80","1,800.65","2.98M","1.71%"
"10-10-2024","1,808.65","1,820.00","1,839.95","1,797.00","3.75M","-0.06%"
"09-10-2024","1,809.70","1,793.05","1,825.00","1,790.15","2.50M","1.13%"
"08-10-2024","1,789.45","1,774.00","1,794.00","1,743.00","2.35M","0.70%"
"07-10-2024","1,776.95","1,784.95","1,804.20","1,767.90","3.42M","0.02%"
"04-10-2024","1,776.60","1,778.00","1,807.90","1,767.25","2.98M","-0.11%"
"03-10-2024","1,778.55","1,778.00","1,809.30","1,770.00","3.55M","-2.09%"
"01-10-2024","1,816.50","1,790.00","1,822.45","1,790.00","1.64M","1.14%"
"30-09-2024","1,796.10","1,808.00","1,820.70","1,789.15","2.12M","-0.68%"
"27-09-2024","1,808.40","1,810.00","1,828.55","1,796.55","4.10M","1.38%"
"26-09-2024","1,783.85","1,782.25","1,808.40","1,778.90","4.30M","0.08%"
"25-09-2024","1,782.40","1,778.80","1,784.05","1,755.00","2.24M","0.38%"
"24-09-2024","1,775.60","1,750.00","1,783.50","1,738.35","1.91M","1.30%"
"23-09-2024","1,752.80","1,764.00","1,764.00","1,732.50","1.54M","-0.41%"
"20-09-2024","1,760.05","1,748.00","1,766.10","1,721.40","4.64M","1.36%"
"19-09-2024","1,736.50","1,776.00","1,776.00","1,721.50","4.17M","-1.14%"
"18-09-2024","1,756.50","1,808.10","1,808.10","1,740.10","2.63M","-3.16%"
"17-09-2024","1,813.75","1,811.95","1,828.00","1,807.20","830.32K","0.10%"
"16-09-2024","1,811.85","1,819.00","1,824.25","1,808.20","836.20K","-0.05%"
"13-09-2024","1,812.80","1,805.00","1,820.00","1,795.65","1.60M","0.29%"
"12-09-2024","1,807.60","1,800.00","1,814.20","1,777.10","3.35M","1.62%"
"11-09-2024","1,778.75","1,778.20","1,796.85","1,773.70","2.30M","-0.02%"
"10-09-2024","1,779.10","1,749.45","1,789.30","1,747.15","2.31M","1.85%"
"09-09-2024","1,746.75","1,758.35","1,766.30","1,741.15","1.42M","-0.53%"
"06-09-2024","1,756.10","1,788.00","1,795.75","1,740.05","3.35M","-1.92%"
"05-09-2024","1,790.55","1,792.00","1,797.70","1,767.30","2.88M","0.30%"
"04-09-2024","1,785.25","1,765.10","1,795.65","1,765.00","2.64M","-0.29%"
"03-09-2024","1,790.45","1,806.00","1,817.15","1,787.05","2.55M","-0.90%"
"02-09-2024","1,806.65","1,764.20","1,812.00","1,760.00","4.45M","3.05%"
"30-08-2024","1,753.25","1,751.85","1,766.30","1,742.20","4.79M","0.08%"
"29-08-2024","1,751.85","1,714.00","1,756.00","1,697.25","5.11M","1.88%"
"28-08-2024","1,719.45","1,712.55","1,737.75","1,693.05","2.52M","0.46%"
"27-08-2024","1,711.60","1,725.85","1,756.85","1,705.10","3.56M","-0.46%"
"26-08-2024","1,719.45","1,671.00","1,734.00","1,667.10","2.67M","3.49%"
"23-08-2024","1,661.45","1,676.05","1,685.95","1,657.15","2.16M","-0.88%"
"22-08-2024","1,676.15","1,687.00","1,687.00","1,673.00","1.75M","-0.07%"
"21-08-2024","1,677.25","1,686.00","1,688.85","1,673.75","1.41M","-0.56%"
"20-08-2024","1,686.75","1,680.00","1,695.05","1,669.20","2.79M","0.49%"
"19-08-2024","1,678.50","1,665.00","1,685.00","1,659.05","1.63M","0.61%"
"16-08-2024","1,668.25","1,635.00","1,674.00","1,632.70","3.10M","2.59%"
"14-08-2024","1,626.15","1,600.10","1,629.75","1,598.25","3.93M","2.10%"
"13-08-2024","1,592.65","1,578.00","1,608.40","1,577.65","1.97M","0.47%"
"12-08-2024","1,585.25","1,590.00","1,600.50","1,573.85","1.27M","-0.30%"
"09-08-2024","1,589.95","1,584.90","1,602.00","1,575.85","2.02M","2.06%"
"08-08-2024","1,557.85","1,597.00","1,602.00","1,554.55","2.37M","-2.30%"
"07-08-2024","1,594.60","1,605.00","1,615.00","1,590.00","1.90M","0.75%"
"06-08-2024","1,582.75","1,563.00","1,605.00","1,563.00","2.14M","1.30%"
"05-08-2024","1,562.40","1,575.00","1,595.70","1,537.00","3.28M","-2.91%"
"02-08-2024","1,609.30","1,620.05","1,639.00","1,601.15","1.69M","-1.90%"
"01-08-2024","1,640.55","1,640.05","1,655.50","1,636.10","1.79M","-0.12%"
"31-07-2024","1,642.60","1,621.00","1,645.00","1,619.20","1.98M","0.76%"
"30-07-2024","1,630.25","1,629.00","1,633.00","1,618.00","1.78M","-0.13%"
"29-07-2024","1,632.35","1,640.20","1,645.00","1,620.00","1.64M","-0.18%"
"26-07-2024","1,635.35","1,602.80","1,640.00","1,594.00","2.81M","3.01%"
"25-07-2024","1,587.60","1,570.00","1,594.00","1,562.85","2.93M","0.25%"
"24-07-2024","1,583.70","1,594.00","1,598.00","1,576.85","2.48M","-0.92%"
"23-07-2024","1,598.35","1,574.00","1,600.80","1,551.10","2.91M","1.35%"
"22-07-2024","1,577.10","1,588.60","1,594.50","1,570.90","2.70M","-1.09%"
"19-07-2024","1,594.55","1,610.50","1,616.45","1,588.60","5.63M","0.00%"
"18-07-2024","1,594.55","1,558.05","1,599.25","1,557.00","4.40M","1.59%"
"16-07-2024","1,569.55","1,565.00","1,583.00","1,555.00","3.54M","0.00%"
"15-07-2024","1,569.60","1,580.00","1,636.40","1,567.40","10.34M","0.60%"
"12-07-2024","1,560.20","1,530.00","1,566.00","1,510.50","6.43M","3.19%"
"11-07-2024","1,511.90","1,515.00","1,534.00","1,508.05","3.30M","0.13%"
"10-07-2024","1,509.95","1,531.10","1,532.60","1,487.85","3.51M","-1.38%"
"09-07-2024","1,531.10","1,533.40","1,546.30","1,525.00","2.66M","-0.15%"
"08-07-2024","1,533.40","1,528.00","1,540.00","1,506.20","2.94M","0.92%"
"05-07-2024","1,519.40","1,523.00","1,529.25","1,505.55","3.06M","-0.19%"
"04-07-2024","1,522.35","1,485.00","1,534.55","1,485.00","6.82M","2.79%"
"03-07-2024","1,481.00","1,489.00","1,489.00","1,471.20","2.07M","0.01%"
"02-07-2024","1,480.80","1,475.00","1,492.45","1,473.00","3.81M","0.81%"
"01-07-2024","1,468.85","1,465.00","1,478.60","1,455.00","3.72M","0.63%"
"28-06-2024","1,459.60","1,468.00","1,468.70","1,442.00","4.94M","0.32%"
"27-06-2024","1,454.90","1,435.00","1,460.55","1,423.50","6.61M","0.78%"
"26-06-2024","1,443.70","1,447.95","1,453.30","1,438.20","1.92M","-0.29%"
"25-06-2024","1,447.95","1,440.95","1,450.10","1,426.45","2.08M","0.49%"
"24-06-2024","1,440.85","1,437.85","1,443.95","1,426.60","1.99M","-0.48%"
"21-06-2024","1,447.85","1,462.00","1,481.95","1,439.20","6.49M","0.30%"
"20-06-2024","1,443.45","1,448.95","1,448.95","1,429.55","3.16M","-0.17%"
"19-06-2024","1,445.85","1,440.05","1,451.90","1,430.30","3.12M","0.60%"
"18-06-2024","1,437.20","1,431.05","1,439.75","1,427.05","2.22M","0.43%"
"14-06-2024","1,431.05","1,444.15","1,446.00","1,424.40","3.07M","-0.91%"
"13-06-2024","1,444.15","1,447.75","1,457.70","1,437.10","4.23M","0.38%"
"12-06-2024","1,438.75","1,472.00","1,472.00","1,434.50","5.99M","0.70%"
"11-06-2024","1,428.80","1,425.00","1,437.95","1,415.40","2.27M","0.71%"
"10-06-2024","1,418.75","1,440.00","1,442.00","1,397.50","3.29M","-0.89%"
"07-06-2024","1,431.50","1,407.00","1,438.65","1,398.00","5.88M","2.43%"
"06-06-2024","1,397.50","1,354.00","1,399.80","1,350.90","5.94M","4.00%"
"05-06-2024","1,343.70","1,320.00","1,356.90","1,316.10","3.01M","3.08%"
"04-06-2024","1,303.55","1,325.00","1,325.00","1,235.00","5.45M","-0.83%"
"03-06-2024","1,314.45","1,350.55","1,354.75","1,309.85","5.38M","-0.73%"
"31-05-2024","1,324.10","1,331.85","1,340.90","1,315.75","10.32M","-0.58%"
"30-05-2024","1,331.85","1,346.00","1,351.55","1,325.10","4.15M","-1.57%"
"29-05-2024","1,353.10","1,366.00","1,366.60","1,346.95","3.85M","-0.39%"
"28-05-2024","1,358.40","1,357.85","1,363.30","1,345.60","2.15M","0.38%"
"27-05-2024","1,353.30","1,351.00","1,359.60","1,338.00","1.94M","0.60%"
"24-05-2024","1,345.20","1,360.00","1,360.00","1,340.85","1.77M","-0.62%"
"23-05-2024","1,353.55","1,346.65","1,358.45","1,338.00","3.33M","0.78%"
"22-05-2024","1,343.05","1,348.95","1,352.90","1,340.00","2.39M","0.09%"
"21-05-2024","1,341.90","1,314.00","1,349.85","1,314.00","4.97M","0.22%"
"18-05-2024","1,338.90","1,335.05","1,340.00","1,333.05","107.49K","0.43%"
"17-05-2024","1,333.20","1,351.00","1,351.00","1,330.20","2.49M","-1.11%"
"16-05-2024","1,348.15","1,345.00","1,357.80","1,328.50","5.06M","1.14%"
"15-05-2024","1,332.90","1,319.25","1,340.30","1,318.25","2.98M","0.90%"
"14-05-2024","1,321.05","1,322.00","1,326.95","1,308.70","3.20M","0.62%"
"13-05-2024","1,312.90","1,316.20","1,321.90","1,301.65","2.32M","-0.25%"
"10-05-2024","1,316.20","1,320.10","1,322.90","1,303.60","3.36M","-0.29%"
"09-05-2024","1,320.05","1,315.00","1,339.00","1,314.50","5.65M","0.49%"
"08-05-2024","1,313.65","1,330.95","1,334.00","1,307.30","6.83M","-1.30%"
"07-05-2024","1,330.95","1,347.95","1,348.90","1,326.15","5.10M","-2.05%"
"06-05-2024","1,358.80","1,358.00","1,365.00","1,348.50","2.50M","0.80%"
"03-05-2024","1,348.05","1,370.00","1,370.00","1,333.55","5.96M","-0.93%"
"02-05-2024","1,360.70","1,358.00","1,377.90","1,358.00","6.56M","-0.43%"
"30-04-2024","1,366.60","1,376.40","1,397.90","1,362.45","7.61M","-1.50%"
"29-04-2024","1,387.40","1,415.00","1,436.00","1,381.00","11.49M","-5.87%"
"26-04-2024","1,473.85","1,516.85","1,531.45","1,464.95","4.33M","-2.01%"
"25-04-2024","1,504.15","1,479.95","1,515.05","1,479.95","4.56M","1.68%"
"24-04-2024","1,479.25","1,490.00","1,496.95","1,476.30","1.32M","-0.50%"
"23-04-2024","1,486.65","1,474.90","1,501.45","1,471.10","2.78M","1.42%"
"22-04-2024","1,465.90","1,452.20","1,473.30","1,450.50","1.94M","1.27%"
"19-04-2024","1,447.50","1,442.00","1,455.50","1,435.00","5.22M","-1.32%"
"18-04-2024","1,466.85","1,477.05","1,480.90","1,452.10","5.18M","-0.71%"
"16-04-2024","1,477.30","1,486.35","1,501.60","1,467.30","2.45M","-1.84%"
"15-04-2024","1,505.05","1,507.10","1,530.50","1,494.00","3.30M","-1.08%"
"12-04-2024","1,521.50","1,537.00","1,542.95","1,516.20","4.32M","-1.15%"
"10-04-2024","1,539.15","1,541.05","1,552.15","1,536.20","1.83M","-0.09%"
"09-04-2024","1,540.50","1,540.00","1,561.80","1,534.55","2.43M","0.03%"
"08-04-2024","1,540.05","1,554.00","1,554.00","1,537.65","1.82M","-0.34%"
"05-04-2024","1,545.25","1,542.45","1,547.70","1,523.80","2.77M","0.36%"
"04-04-2024","1,539.65","1,540.80","1,552.50","1,518.70","3.39M","0.25%"
"03-04-2024","1,535.85","1,525.35","1,558.45","1,518.00","3.34M","0.49%"
"02-04-2024","1,528.30","1,559.00","1,565.00","1,525.10","2.03M","-1.82%"
"01-04-2024","1,556.70","1,549.00","1,569.00","1,548.00","1.01M","0.85%"
"28-03-2024","1,543.55","1,549.00","1,561.05","1,531.00","5.30M","-0.17%"
"27-03-2024","1,546.20","1,569.00","1,576.85","1,540.00","2.59M","-1.03%"
"26-03-2024","1,562.25","1,562.25","1,592.55","1,555.55","4.50M","0.28%"
"22-03-2024","1,557.85","1,560.00","1,571.45","1,508.20","7.47M","-2.38%"
"21-03-2024","1,595.80","1,608.00","1,619.95","1,583.35","2.68M","0.55%"
"20-03-2024","1,587.10","1,604.75","1,619.10","1,578.10","1.82M","-0.75%"
"19-03-2024","1,599.15","1,641.55","1,641.55","1,594.10","1.92M","-2.69%"
"18-03-2024","1,643.40","1,649.90","1,663.30","1,634.25","1.18M","-0.24%"
"15-03-2024","1,647.30","1,677.00","1,677.00","1,642.85","3.93M","-1.90%"
"14-03-2024","1,679.25","1,634.00","1,683.00","1,610.00","3.51M","2.93%"
"13-03-2024","1,631.50","1,638.75","1,651.25","1,610.35","2.56M","-0.25%"
"12-03-2024","1,635.60","1,635.90","1,665.00","1,633.05","2.41M","-0.19%"
"11-03-2024","1,638.65","1,655.00","1,659.80","1,632.05","2.97M","0.06%"
"07-03-2024","1,637.65","1,650.00","1,654.55","1,630.10","3.18M","-0.40%"
"06-03-2024","1,644.20","1,613.00","1,650.00","1,603.85","2.37M","1.53%"
"05-03-2024","1,619.35","1,624.00","1,629.95","1,607.05","3.34M","-1.14%"
"04-03-2024","1,637.95","1,649.00","1,654.00","1,635.00","1.79M","-0.51%"
"02-03-2024","1,646.30","1,653.85","1,655.00","1,643.50","74.51K","0.13%"
"01-03-2024","1,644.10","1,675.45","1,679.20","1,639.10","2.37M","-1.19%"
"29-02-2024","1,663.85","1,642.15","1,677.75","1,636.65","3.53M","0.72%"
"28-02-2024","1,651.90","1,664.70","1,672.00","1,644.20","936.58K","-0.42%"
"27-02-2024","1,658.80","1,649.00","1,673.40","1,648.00","2.05M","0.55%"
"26-02-2024","1,649.80","1,665.75","1,668.85","1,639.50","1.84M","-0.96%"
"23-02-2024","1,665.75","1,697.00","1,697.35","1,663.45","2.19M","-1.22%"
"22-02-2024","1,686.40","1,644.00","1,691.40","1,639.00","3.82M","3.06%"
"21-02-2024","1,636.30","1,655.55","1,664.80","1,632.05","2.89M","-1.61%"
"20-02-2024","1,663.05","1,661.00","1,672.75","1,645.00","2.24M","-0.73%"
"19-02-2024","1,675.25","1,670.00","1,682.95","1,659.65","762.62K","0.47%"
"16-02-2024","1,667.45","1,675.00","1,677.00","1,650.05","1.78M","0.29%"
"15-02-2024","1,662.55","1,678.00","1,696.50","1,650.10","2.56M","-0.54%"
"14-02-2024","1,671.50","1,649.75","1,676.90","1,625.45","1.39M","0.35%"
"13-02-2024","1,665.60","1,675.00","1,675.00","1,648.60","3.13M","-0.08%"
"12-02-2024","1,666.95","1,639.00","1,685.00","1,639.00","4.89M","2.23%"
"09-02-2024","1,630.60","1,640.00","1,646.75","1,614.65","3.34M","-0.20%"
"08-02-2024","1,633.80","1,626.00","1,647.70","1,617.30","3.50M","1.14%"
"07-02-2024","1,615.35","1,628.00","1,629.90","1,598.95","3.32M","-0.52%"
"06-02-2024","1,623.75","1,566.00","1,627.00","1,558.05","4.99M","4.40%"
"05-02-2024","1,555.35","1,584.95","1,588.50","1,551.45","1.45M","-1.79%"
"02-02-2024","1,583.75","1,584.80","1,613.90","1,575.00","2.34M","0.40%"
"01-02-2024","1,577.40","1,576.00","1,597.00","1,566.35","2.85M","0.09%"
"31-01-2024","1,576.00","1,559.30","1,581.30","1,546.35","7.03M","1.07%"
"30-01-2024","1,559.30","1,580.00","1,592.45","1,555.00","1.94M","-0.97%"
"29-01-2024","1,574.55","1,565.00","1,588.60","1,550.25","2.52M","1.57%"
"25-01-2024","1,550.25","1,570.00","1,570.00","1,536.75","2.64M","-1.66%"
"24-01-2024","1,576.40","1,530.10","1,581.20","1,523.70","2.14M","3.46%"
"23-01-2024","1,523.65","1,558.90","1,567.90","1,517.05","3.20M","-1.32%"
"20-01-2024","1,544.00","1,580.00","1,580.00","1,537.05","961.33K","-1.53%"
"19-01-2024","1,567.95","1,570.00","1,590.00","1,558.05","2.37M","0.03%"
"18-01-2024","1,567.55","1,577.00","1,584.20","1,537.05","3.21M","-0.53%"
"17-01-2024","1,575.90","1,520.00","1,585.00","1,516.55","3.85M","1.31%"
"16-01-2024","1,555.45","1,587.00","1,587.00","1,538.00","4.46M","-2.06%"
"15-01-2024","1,588.20","1,610.00","1,619.60","1,575.50","9.71M","3.08%"
"12-01-2024","1,540.80","1,505.00","1,555.00","1,498.50","5.86M","3.77%"
"11-01-2024","1,484.80","1,500.00","1,500.00","1,474.00","2.27M","-0.49%"
"10-01-2024","1,492.10","1,474.90","1,508.00","1,466.05","4.37M","2.17%"
"09-01-2024","1,460.40","1,460.60","1,480.95","1,452.35","3.12M","0.86%"
"08-01-2024","1,447.90","1,435.00","1,452.60","1,430.55","2.03M","1.05%"
"05-01-2024","1,432.80","1,425.00","1,438.85","1,421.90","1.78M","0.90%"
"04-01-2024","1,419.95","1,437.00","1,444.80","1,417.15","3.39M","-1.24%"
"03-01-2024","1,437.75","1,460.00","1,465.00","1,435.50","1.65M","-2.16%"
"02-01-2024","1,469.55","1,484.05","1,488.80","1,461.35","1.44M","-0.96%"
"01-01-2024","1,483.75","1,460.00","1,495.75","1,455.05","1.22M","1.20%"
"29-12-2023","1,466.10","1,473.95","1,481.85","1,457.55","1.48M","-0.43%"
"28-12-2023","1,472.45","1,470.60","1,482.70","1,468.45","1.93M","0.03%"
"27-12-2023","1,472.05","1,465.45","1,476.00","1,457.55","1.40M","0.95%"
"26-12-2023","1,458.15","1,462.70","1,467.35","1,442.15","1.36M","-0.31%"
"22-12-2023","1,462.70","1,431.00","1,467.35","1,423.00","2.30M","2.86%"
"21-12-2023","1,422.05","1,421.15","1,447.05","1,420.10","2.84M","-1.24%"
"20-12-2023","1,439.95","1,485.00","1,503.05","1,435.00","4.37M","-3.25%"
"19-12-2023","1,488.30","1,501.50","1,504.65","1,477.70","2.59M","-1.06%"
"18-12-2023","1,504.30","1,489.85","1,509.90","1,481.00","3.08M","0.87%"
"15-12-2023","1,491.30","1,422.00","1,497.00","1,422.00","7.37M","5.42%"
"14-12-2023","1,414.60","1,391.00","1,419.25","1,382.00","5.15M","3.32%"
"13-12-2023","1,369.20","1,379.35","1,382.80","1,357.05","1.90M","-0.44%"
"12-12-2023","1,375.30","1,377.00","1,387.00","1,370.00","2.73M","0.00%"
"11-12-2023","1,375.30","1,370.10","1,383.00","1,366.05","2.82M","0.82%"
"08-12-2023","1,364.10","1,333.00","1,369.95","1,329.00","4.51M","2.72%"
"07-12-2023","1,328.00","1,331.00","1,337.00","1,325.35","1.99M","-0.12%"
"06-12-2023","1,329.55","1,325.00","1,339.95","1,319.55","2.08M","0.91%"
"05-12-2023","1,317.55","1,347.00","1,347.00","1,308.30","3.93M","-1.52%"
"04-12-2023","1,337.95","1,350.00","1,350.00","1,331.00","1.55M","0.09%"
"01-12-2023","1,336.70","1,346.00","1,349.00","1,328.00","1.85M","-0.31%"
"30-11-2023","1,340.90","1,337.00","1,346.80","1,329.70","4.10M","0.52%"
"29-11-2023","1,333.95","1,324.00","1,338.80","1,321.50","1.84M","1.31%"
"28-11-2023","1,316.65","1,309.15","1,319.90","1,295.30","2.15M","0.57%"
"24-11-2023","1,309.15","1,328.90","1,332.65","1,305.65","1.80M","-1.49%"
"23-11-2023","1,329.00","1,333.95","1,335.25","1,325.70","1.31M","-0.05%"
"22-11-2023","1,329.70","1,326.60","1,335.75","1,320.40","1.54M","0.23%"
"21-11-2023","1,326.60","1,335.60","1,336.00","1,321.80","1.51M","0.09%"
"20-11-2023","1,325.40","1,314.95","1,331.70","1,314.00","2.83M","1.24%"
"17-11-2023","1,309.15","1,313.40","1,325.75","1,306.40","2.88M","-0.14%"
"16-11-2023","1,311.05","1,283.80","1,317.95","1,278.00","3.94M","2.69%"
"15-11-2023","1,276.65","1,275.00","1,283.00","1,268.40","2.41M","1.24%"
"13-11-2023","1,261.00","1,260.00","1,263.60","1,253.30","730.99K","0.07%"
"12-11-2023","1,260.10","1,265.00","1,265.00","1,257.45","132.56K","0.37%"
"10-11-2023","1,255.45","1,262.30","1,271.00","1,250.65","1.47M","-0.95%"
"09-11-2023","1,267.50","1,267.65","1,275.80","1,261.80","1.48M","-0.01%"
"08-11-2023","1,267.65","1,280.00","1,280.80","1,265.90","937.67K","-0.49%"
"07-11-2023","1,273.95","1,269.00","1,277.70","1,267.10","1.39M","0.33%"
"06-11-2023","1,269.70","1,276.25","1,279.50","1,265.15","1.18M","0.27%"
"03-11-2023","1,266.25","1,282.60","1,287.30","1,263.00","2.05M","-0.56%"
"02-11-2023","1,273.40","1,266.00","1,275.00","1,265.00","1.37M","1.15%"
"01-11-2023","1,258.95","1,280.00","1,285.95","1,255.30","1.57M","-1.34%"
"31-10-2023","1,276.00","1,272.00","1,279.85","1,256.70","2.53M","0.89%"
"30-10-2023","1,264.75","1,270.00","1,274.80","1,256.00","1.16M","-0.31%"
"27-10-2023","1,268.70","1,237.00","1,270.00","1,233.45","2.68M","3.00%"
"26-10-2023","1,231.80","1,215.00","1,238.20","1,212.05","4.62M","0.23%"
"25-10-2023","1,229.00","1,231.20","1,252.90","1,225.30","1.42M","-0.62%"
"23-10-2023","1,236.65","1,248.00","1,260.50","1,232.30","1.65M","-1.74%"
"20-10-2023","1,258.60","1,252.00","1,261.35","1,245.45","1.63M","-0.69%"
"19-10-2023","1,267.35","1,266.80","1,274.75","1,264.90","2.28M","-0.17%"
"18-10-2023","1,269.45","1,278.00","1,281.50","1,267.40","1.74M","-0.60%"
"17-10-2023","1,277.15","1,278.90","1,279.00","1,271.00","1.69M","0.51%"
"16-10-2023","1,270.65","1,263.00","1,279.30","1,260.30","2.53M","1.17%"
"13-10-2023","1,255.90","1,211.00","1,266.50","1,208.55","5.74M","2.63%"
"12-10-2023","1,223.75","1,245.00","1,248.55","1,215.15","3.92M","-1.75%"
"11-10-2023","1,245.60","1,266.00","1,274.45","1,241.00","2.19M","-1.28%"
"10-10-2023","1,261.80","1,255.55","1,264.75","1,248.20","1.53M","0.98%"
"09-10-2023","1,249.60","1,236.00","1,266.65","1,231.15","3.43M","0.96%"
"06-10-2023","1,237.70","1,252.00","1,256.00","1,230.10","2.50M","0.18%"
"05-10-2023","1,235.45","1,249.00","1,253.95","1,227.80","3.00M","-0.33%"
"04-10-2023","1,239.55","1,234.00","1,244.80","1,225.00","2.25M","0.07%"
"03-10-2023","1,238.70","1,232.50","1,256.70","1,222.70","2.16M","0.32%"
"29-09-2023","1,234.80","1,235.10","1,249.70","1,227.25","2.34M","-0.57%"
"28-09-2023","1,241.90","1,261.10","1,266.00","1,238.55","1.81M","-1.52%"
"27-09-2023","1,261.10","1,258.50","1,267.65","1,253.30","1.67M","-0.03%"
"26-09-2023","1,261.45","1,264.00","1,268.95","1,257.10","903.15K","-0.16%"
"25-09-2023","1,263.45","1,270.00","1,280.00","1,256.60","1.25M","-0.80%"
"22-09-2023","1,273.70","1,272.45","1,283.60","1,265.10","1.32M","-0.34%"
"21-09-2023","1,278.00","1,284.00","1,285.00","1,259.30","3.11M","-1.19%"
"20-09-2023","1,293.40","1,281.50","1,304.00","1,281.50","2.22M","-0.89%"
"18-09-2023","1,305.00","1,302.00","1,311.30","1,289.70","2.76M","0.03%"
"15-09-2023","1,304.60","1,294.00","1,310.00","1,291.05","4.29M","1.64%"
"14-09-2023","1,283.60","1,280.85","1,290.70","1,275.60","2.66M","0.65%"
"13-09-2023","1,275.25","1,282.00","1,282.40","1,266.10","2.28M","-0.56%"
"12-09-2023","1,282.40","1,285.00","1,291.75","1,265.50","2.14M","0.07%"
"11-09-2023","1,281.55","1,276.55","1,284.30","1,270.40","2.69M","1.55%"
"08-09-2023","1,262.05","1,259.00","1,269.55","1,254.30","2.28M","0.64%"
"07-09-2023","1,254.00","1,238.00","1,257.00","1,230.30","2.58M","1.47%"
"06-09-2023","1,235.85","1,239.85","1,242.40","1,222.70","1.77M","0.02%"
"05-09-2023","1,235.55","1,236.75","1,241.70","1,225.20","2.84M","0.25%"
"04-09-2023","1,232.50","1,186.00","1,235.00","1,185.00","4.52M","3.94%"
"01-09-2023","1,185.80","1,173.00","1,188.00","1,171.10","1.67M","1.16%"
"31-08-2023","1,172.15","1,179.50","1,188.10","1,165.90","4.48M","0.14%"
"30-08-2023","1,170.50","1,166.00","1,175.15","1,161.65","1.50M","1.12%"
"29-08-2023","1,157.55","1,153.90","1,163.30","1,148.30","1.79M","0.97%"
"28-08-2023","1,146.45","1,155.00","1,159.70","1,139.30","2.57M","-0.65%"
"25-08-2023","1,153.95","1,165.00","1,170.80","1,150.00","2.11M","-1.48%"
"24-08-2023","1,171.25","1,188.95","1,189.00","1,169.00","2.46M","-0.95%"
"23-08-2023","1,182.50","1,192.95","1,195.00","1,178.65","2.35M","0.25%"
"22-08-2023","1,179.50","1,182.00","1,187.00","1,176.15","1.81M","0.02%"
"21-08-2023","1,179.25","1,172.95","1,188.90","1,168.95","1.66M","0.47%"
"18-08-2023","1,173.70","1,173.00","1,177.85","1,158.65","3.41M","-0.25%"
"17-08-2023","1,176.70","1,176.85","1,180.95","1,163.95","2.33M","-0.04%"
"16-08-2023","1,177.15","1,175.75","1,186.25","1,170.10","2.57M","0.53%"
"14-08-2023","1,171.00","1,170.65","1,177.00","1,154.00","1.72M","-0.04%"
"11-08-2023","1,171.45","1,160.00","1,186.95","1,154.30","7.39M","3.28%"
"10-08-2023","1,134.30","1,140.00","1,144.80","1,128.65","1.68M","-0.86%"
"09-08-2023","1,144.15","1,140.95","1,146.00","1,125.00","1.56M","0.25%"
"08-08-2023","1,141.35","1,154.90","1,156.90","1,137.00","1.67M","-0.82%"
"07-08-2023","1,150.80","1,154.55","1,155.75","1,143.15","1.66M","0.56%"
"04-08-2023","1,144.35","1,130.45","1,152.35","1,126.00","3.32M","1.67%"
"03-08-2023","1,125.50","1,126.00","1,135.55","1,115.05","1.61M","-0.48%"
"02-08-2023","1,130.90","1,137.00","1,137.00","1,121.50","2.70M","-0.67%"
"01-08-2023","1,138.50","1,120.00","1,142.00","1,111.90","2.71M","1.95%"
"31-07-2023","1,116.70","1,108.00","1,119.50","1,096.00","2.53M","1.19%"
"28-07-2023","1,103.55","1,114.05","1,118.50","1,097.45","2.03M","-1.24%"
"27-07-2023","1,117.35","1,115.00","1,122.70","1,108.95","1.77M","0.21%"
"26-07-2023","1,115.00","1,110.20","1,120.85","1,110.10","1.97M","0.31%"
"25-07-2023","1,111.55","1,118.50","1,119.00","1,105.10","2.51M","-0.12%"
"24-07-2023","1,112.90","1,120.00","1,127.70","1,111.00","2.67M","-0.23%"
"21-07-2023","1,115.45","1,110.00","1,139.90","1,095.00","5.26M","-3.49%"
"20-07-2023","1,155.80","1,160.00","1,162.80","1,148.00","1.99M","-1.13%"
"19-07-2023","1,169.05","1,165.00","1,174.90","1,157.00","2.24M","0.16%"
"18-07-2023","1,167.20","1,158.95","1,170.00","1,146.40","2.43M","1.17%"
"17-07-2023","1,153.75","1,151.95","1,172.00","1,143.65","3.16M","0.24%"
"14-07-2023","1,150.95","1,114.20","1,157.10","1,111.55","6.61M","3.80%"
"13-07-2023","1,108.80","1,100.00","1,124.40","1,087.05","12.29M","-0.16%"
"12-07-2023","1,110.55","1,119.70","1,124.50","1,102.45","3.82M","-0.39%"
"11-07-2023","1,114.90","1,131.75","1,131.75","1,112.00","4.98M","-0.85%"
"10-07-2023","1,124.50","1,160.00","1,161.90","1,120.00","3.96M","-2.86%"
"07-07-2023","1,157.60","1,178.15","1,182.95","1,153.80","2.16M","-1.95%"
"06-07-2023","1,180.65","1,194.80","1,198.00","1,174.95","2.33M","-1.18%"
"05-07-2023","1,194.80","1,194.00","1,202.60","1,187.60","1.65M","0.35%"
"04-07-2023","1,190.60","1,182.00","1,193.00","1,178.55","1.09M","0.76%"
"03-07-2023","1,181.60","1,190.00","1,195.00","1,174.50","1.75M","-0.53%"
"30-06-2023","1,187.95","1,170.35","1,194.00","1,165.00","3.04M","1.51%"
"28-06-2023","1,170.25","1,173.45","1,173.95","1,166.50","1.42M","0.02%"
"27-06-2023","1,170.00","1,167.00","1,174.45","1,160.20","1.50M","0.21%"
"26-06-2023","1,167.50","1,167.25","1,175.95","1,163.05","1.19M","0.20%"
"23-06-2023","1,165.15","1,161.90","1,170.55","1,151.00","1.70M","0.15%"
"22-06-2023","1,163.40","1,170.15","1,170.45","1,158.85","972.01K","-0.60%"
"21-06-2023","1,170.45","1,175.00","1,175.70","1,161.65","2.02M","0.15%"
"20-06-2023","1,168.65","1,133.00","1,170.75","1,132.50","3.50M","2.73%"
"19-06-2023","1,137.55","1,148.20","1,153.90","1,135.45","1.28M","-0.93%"
"16-06-2023","1,148.20","1,150.00","1,154.25","1,132.45","2.91M","0.40%"
"15-06-2023","1,143.60","1,140.00","1,147.00","1,136.55","2.11M","0.68%"
"14-06-2023","1,135.85","1,138.00","1,138.40","1,126.05","836.96K","0.40%"
"13-06-2023","1,131.30","1,144.95","1,144.95","1,129.30","2.01M","-0.73%"
"12-06-2023","1,139.65","1,112.95","1,140.95","1,111.50","1.67M","2.69%"
"09-06-2023","1,109.75","1,129.10","1,131.00","1,105.95","1.82M","-1.51%"
"08-06-2023","1,126.75","1,129.05","1,131.25","1,118.30","1.39M","-0.20%"
"07-06-2023","1,129.05","1,133.80","1,133.80","1,116.20","2.46M","0.04%"
"06-06-2023","1,128.60","1,130.00","1,132.30","1,113.75","1.94M","-0.85%"
"05-06-2023","1,138.30","1,144.00","1,148.50","1,136.00","1.44M","0.11%"
"02-06-2023","1,137.05","1,148.00","1,151.10","1,131.60","1.34M","-0.42%"
"01-06-2023","1,141.90","1,148.00","1,155.15","1,137.65","1.45M","-0.28%"
"31-05-2023","1,145.10","1,134.80","1,153.35","1,132.10","5.97M","0.81%"
"30-05-2023","1,135.85","1,129.00","1,144.00","1,128.05","1.98M","0.86%"
"29-05-2023","1,126.20","1,146.00","1,147.95","1,124.40","1.29M","-1.14%"
"26-05-2023","1,139.20","1,115.00","1,140.35","1,114.00","1.64M","2.08%"
"25-05-2023","1,116.00","1,109.20","1,118.25","1,103.05","1.12M","0.36%"
"24-05-2023","1,111.95","1,099.05","1,115.00","1,098.00","1.30M","0.42%"
"23-05-2023","1,107.35","1,120.00","1,131.35","1,104.00","2.14M","-1.12%"
"22-05-2023","1,119.85","1,095.35","1,121.90","1,088.95","1.86M","2.24%"
"19-05-2023","1,095.35","1,088.60","1,104.00","1,082.45","1.98M","1.43%"
"18-05-2023","1,079.90","1,081.95","1,085.00","1,073.00","1.52M","0.50%"
"17-05-2023","1,074.55","1,090.50","1,093.95","1,062.70","3.60M","-1.48%"
"16-05-2023","1,090.70","1,100.20","1,105.30","1,088.10","1.17M","-0.82%"
"15-05-2023","1,099.75","1,098.95","1,105.95","1,092.80","1.52M","0.39%"
"12-05-2023","1,095.50","1,086.00","1,103.40","1,077.45","1.59M","0.68%"
"11-05-2023","1,088.10","1,082.15","1,092.60","1,080.05","2.65M","0.91%"
"10-05-2023","1,078.30","1,084.15","1,088.80","1,072.10","2.09M","-0.06%"
"09-05-2023","1,079.00","1,071.00","1,082.60","1,066.05","2.98M","0.30%"
"08-05-2023","1,075.75","1,058.00","1,077.50","1,055.00","1.39M","1.91%"
"05-05-2023","1,055.55","1,066.80","1,069.95","1,052.10","1.64M","-1.05%"
"04-05-2023","1,066.80","1,056.05","1,067.95","1,048.30","1.40M","0.74%"
"03-05-2023","1,058.95","1,062.00","1,064.00","1,055.00","1.65M","-0.81%"
"02-05-2023","1,067.55","1,064.10","1,074.80","1,064.00","1.91M","0.32%"
"28-04-2023","1,064.10","1,059.95","1,068.75","1,053.75","2.63M","-0.67%"
"27-04-2023","1,071.25","1,065.55","1,075.00","1,061.00","1.65M","0.53%"
"26-04-2023","1,065.55","1,055.00","1,067.00","1,048.00","1.65M","1.15%"
"25-04-2023","1,053.45","1,050.45","1,058.80","1,044.40","1.24M","-0.06%"
"24-04-2023","1,054.05","1,057.00","1,058.90","1,046.00","2.03M","0.49%"
"21-04-2023","1,048.95","1,054.00","1,074.00","1,037.75","7.71M","1.10%"
"20-04-2023","1,037.50","1,040.00","1,047.20","1,031.85","3.06M","-0.12%"
"19-04-2023","1,038.70","1,073.95","1,073.95","1,036.45","4.32M","-2.36%"
"18-04-2023","1,063.85","1,049.55","1,066.40","1,045.20","3.69M","2.08%"
"17-04-2023","1,042.20","1,055.00","1,055.00","1,016.25","9.51M","-2.77%"
"13-04-2023","1,071.85","1,089.00","1,089.00","1,063.00","3.07M","-2.07%"
"12-04-2023","1,094.50","1,092.00","1,097.45","1,080.10","2.72M","0.69%"
"11-04-2023","1,087.00","1,104.00","1,109.90","1,085.00","2.32M","-1.46%"
"10-04-2023","1,103.10","1,091.85","1,105.00","1,091.50","711.63K","1.03%"
"06-04-2023","1,091.85","1,109.05","1,109.05","1,085.45","2.38M","-1.74%"
"05-04-2023","1,111.20","1,085.35","1,113.00","1,066.15","3.34M","1.19%"
"03-04-2023","1,098.15","1,089.95","1,099.25","1,088.00","1.54M","1.19%"
"31-03-2023","1,085.25","1,083.40","1,096.90","1,069.40","3.13M","1.66%"
"29-03-2023","1,067.50","1,046.00","1,070.00","1,042.10","2.48M","2.54%"
"28-03-2023","1,041.10","1,056.80","1,063.80","1,039.35","2.97M","-0.99%"
"27-03-2023","1,051.50","1,053.30","1,065.50","1,044.80","1.46M","-0.02%"
"24-03-2023","1,051.75","1,073.00","1,090.00","1,047.05","2.69M","-1.33%"
"23-03-2023","1,065.90","1,077.00","1,080.40","1,061.00","2.18M","-1.44%"
"22-03-2023","1,081.45","1,091.95","1,105.75","1,079.05","1.38M","-0.23%"
"21-03-2023","1,083.90","1,099.00","1,102.40","1,077.10","2.42M","-0.64%"
"20-03-2023","1,090.85","1,105.00","1,108.30","1,086.25","2.07M","-1.59%"
"17-03-2023","1,108.45","1,088.20","1,117.10","1,084.05","5.35M","3.36%"
"16-03-2023","1,072.40","1,083.95","1,087.55","1,069.65","1.81M","-0.67%"
"15-03-2023","1,079.65","1,095.05","1,097.90","1,075.50","1.53M","-0.41%"
"14-03-2023","1,084.05","1,098.55","1,103.40","1,066.00","3.68M","-1.32%"
"13-03-2023","1,098.60","1,120.95","1,133.60","1,095.00","3.03M","-1.59%"
"10-03-2023","1,116.30","1,105.00","1,118.15","1,105.00","1.19M","-0.03%"
"09-03-2023","1,116.65","1,121.95","1,126.70","1,114.05","1.83M","-0.36%"
"08-03-2023","1,120.65","1,112.00","1,124.00","1,107.30","3.21M","-0.54%"
"06-03-2023","1,126.70","1,129.00","1,148.00","1,123.30","4.09M","0.69%"
"03-03-2023","1,119.00","1,115.00","1,129.70","1,111.05","3.25M","1.18%"
"02-03-2023","1,105.95","1,090.30","1,117.00","1,090.30","4.07M","0.44%"
"01-03-2023","1,101.10","1,077.35","1,104.00","1,077.35","1.66M","2.18%"
"28-02-2023","1,077.60","1,083.50","1,096.90","1,068.10","20.79M","-0.59%"
"27-02-2023","1,083.95","1,090.00","1,090.00","1,076.00","1.83M","-1.00%"
"24-02-2023","1,094.85","1,097.00","1,104.50","1,082.00","1.68M","0.05%"
"23-02-2023","1,094.35","1,104.80","1,111.95","1,092.50","2.14M","0.16%"
"22-02-2023","1,092.60","1,095.00","1,105.55","1,090.05","2.21M","-1.14%"
"21-02-2023","1,105.20","1,121.00","1,122.05","1,103.10","1.31M","-0.94%"
"20-02-2023","1,115.70","1,109.55","1,134.70","1,107.60","1.71M","0.55%"
"17-02-2023","1,109.55","1,121.70","1,121.70","1,107.55","1.96M","-1.65%"
"16-02-2023","1,128.15","1,138.60","1,152.15","1,124.00","2.37M","-0.42%"
"15-02-2023","1,132.90","1,125.00","1,134.60","1,119.60","1.65M","0.66%"
"14-02-2023","1,125.45","1,121.00","1,142.40","1,118.00","3.94M","1.12%"
"13-02-2023","1,113.00","1,121.25","1,121.25","1,105.00","2.01M","-0.24%"
"10-02-2023","1,115.65","1,125.80","1,130.00","1,100.00","3.19M","-2.68%"
"09-02-2023","1,146.35","1,144.00","1,152.00","1,138.00","1.50M","0.12%"
"08-02-2023","1,145.00","1,133.90","1,149.00","1,132.70","2.85M","1.48%"
"07-02-2023","1,128.25","1,147.85","1,153.00","1,125.90","1.93M","-1.52%"
"06-02-2023","1,145.70","1,135.20","1,149.85","1,128.00","2.07M","-0.04%"
"03-02-2023","1,146.15","1,154.00","1,156.65","1,138.60","1.81M","-0.30%"
"02-02-2023","1,149.60","1,137.80","1,155.50","1,135.00","3.05M","1.55%"
"01-02-2023","1,132.10","1,137.00","1,137.00","1,114.45","2.39M","0.88%"
"31-01-2023","1,122.20","1,136.00","1,137.70","1,113.00","4.58M","-1.11%"
"30-01-2023","1,134.75","1,115.60","1,139.95","1,105.80","3.51M","1.72%"
"27-01-2023","1,115.60","1,122.75","1,134.30","1,105.00","3.86M","-0.64%"
"25-01-2023","1,122.75","1,134.85","1,134.85","1,116.75","2.69M","-1.33%"
"24-01-2023","1,137.85","1,125.90","1,143.70","1,121.20","4.86M","1.49%"
"23-01-2023","1,121.20","1,111.00","1,122.90","1,108.15","1.70M","1.21%"
"20-01-2023","1,107.80","1,111.05","1,121.40","1,107.05","4.75M","-0.32%"
"19-01-2023","1,111.40","1,102.35","1,113.35","1,098.75","2.30M","-0.34%"
"18-01-2023","1,115.15","1,118.95","1,125.85","1,114.10","6.91M","0.37%"
"17-01-2023","1,111.05","1,097.90","1,113.95","1,095.00","4.39M","1.59%"
"16-01-2023","1,093.70","1,087.00","1,100.45","1,078.55","4.51M","1.48%"
"13-01-2023","1,077.80","1,043.90","1,084.00","1,041.00","8.25M","0.57%"
"12-01-2023","1,071.65","1,061.00","1,074.50","1,061.00","4.75M","1.60%"
"11-01-2023","1,054.80","1,069.00","1,079.60","1,050.55","3.59M","-0.85%"
"10-01-2023","1,063.85","1,061.00","1,072.60","1,056.30","2.30M","-0.34%"
"09-01-2023","1,067.45","1,044.95","1,071.00","1,040.05","4.56M","3.35%"
"06-01-2023","1,032.80","1,044.00","1,047.90","1,025.25","1.89M","-1.08%"
"05-01-2023","1,044.10","1,041.80","1,049.80","1,033.10","2.29M","0.72%"
"04-01-2023","1,036.60","1,036.20","1,042.00","1,031.50","1.22M","-0.46%"
"03-01-2023","1,041.35","1,039.00","1,045.80","1,033.50","2.48M","0.18%"
"02-01-2023","1,039.45","1,039.10","1,042.50","1,031.50","701.88K","0.01%"
"30-12-2022","1,039.30","1,050.00","1,055.25","1,034.30","1.86M","-0.49%"
"29-12-2022","1,044.45","1,030.00","1,046.00","1,028.10","1.28M","0.87%"
"28-12-2022","1,035.45","1,030.00","1,038.30","1,026.50","1.40M","-0.09%"
"27-12-2022","1,036.35","1,039.00","1,040.75","1,030.35","554.32K","0.45%"
"26-12-2022","1,031.70","1,031.00","1,041.75","1,029.00","1.68M","0.11%"
"23-12-2022","1,030.60","1,029.50","1,044.10","1,027.10","2.18M","-0.82%"
"22-12-2022","1,039.10","1,046.00","1,054.65","1,033.60","2.62M","-0.12%"
"21-12-2022","1,040.35","1,035.00","1,053.25","1,035.00","2.88M","1.03%"
"20-12-2022","1,029.70","1,027.00","1,033.35","1,011.50","2.63M","-0.34%"
"19-12-2022","1,033.25","1,029.65","1,037.50","1,023.35","3.33M","0.35%"
"16-12-2022","1,029.65","1,030.00","1,046.45","1,022.35","5.16M","-1.22%"
"15-12-2022","1,042.35","1,051.55","1,051.80","1,037.10","1.91M","-1.31%"
"14-12-2022","1,056.20","1,045.00","1,057.30","1,045.00","2.43M","1.10%"
"13-12-2022","1,044.70","1,032.10","1,046.90","1,031.10","2.28M","1.58%"
"12-12-2022","1,028.40","1,025.00","1,039.15","1,012.45","4.28M","0.09%"
"09-12-2022","1,027.50","1,075.00","1,075.00","1,020.70","12.42M","-6.71%"
"08-12-2022","1,101.35","1,113.75","1,113.75","1,098.80","1.75M","-0.41%"
"07-12-2022","1,105.90","1,114.00","1,116.60","1,102.00","2.40M","-1.34%"
"06-12-2022","1,120.95","1,121.60","1,125.00","1,107.00","2.81M","-0.88%"
"05-12-2022","1,130.85","1,133.25","1,141.95","1,127.20","2.65M","-0.41%"
"02-12-2022","1,135.55","1,136.40","1,140.40","1,123.85","2.94M","-0.07%"
"01-12-2022","1,136.40","1,130.00","1,150.65","1,128.40","3.92M","1.39%"
"30-11-2022","1,120.80","1,127.00","1,129.90","1,117.00","6.05M","-0.72%"
"29-11-2022","1,128.95","1,118.80","1,138.75","1,118.05","1.79M","0.91%"
"28-11-2022","1,118.80","1,125.00","1,132.75","1,117.00","2.37M","-0.83%"
"25-11-2022","1,128.20","1,135.20","1,137.55","1,120.65","1.98M","-0.12%"
"24-11-2022","1,129.60","1,106.00","1,135.00","1,103.50","3.30M","2.37%"
"23-11-2022","1,103.40","1,108.95","1,111.50","1,099.75","2.22M","0.00%"
"22-11-2022","1,103.40","1,091.10","1,105.90","1,088.00","2.53M","0.72%"
"21-11-2022","1,095.50","1,098.90","1,106.35","1,092.60","1.73M","-0.69%"
"18-11-2022","1,103.15","1,098.05","1,106.00","1,084.00","2.62M","0.97%"
"17-11-2022","1,092.55","1,095.10","1,100.60","1,089.10","2.46M","-1.14%"
"16-11-2022","1,105.20","1,107.50","1,112.45","1,099.35","2.21M","0.12%"
"15-11-2022","1,103.90","1,093.50","1,106.10","1,088.90","2.17M","0.45%"
"14-11-2022","1,099.00","1,095.00","1,102.95","1,090.05","2.17M","0.77%"
"11-11-2022","1,090.65","1,071.00","1,098.70","1,069.10","3.92M","3.63%"
"10-11-2022","1,052.45","1,050.00","1,062.40","1,047.05","2.32M","-0.09%"
"09-11-2022","1,053.45","1,060.90","1,061.45","1,049.20","2.31M","0.60%"
"07-11-2022","1,047.15","1,048.10","1,055.70","1,038.65","2.21M","0.17%"
"04-11-2022","1,045.35","1,045.15","1,049.00","1,033.45","1.71M","0.02%"
"03-11-2022","1,045.15","1,034.00","1,049.20","1,033.10","2.40M","0.00%"
"02-11-2022","1,045.20","1,064.95","1,066.35","1,042.50","2.80M","-1.40%"
"01-11-2022","1,060.05","1,049.00","1,061.85","1,045.00","2.28M","1.82%"
"31-10-2022","1,041.15","1,039.00","1,052.50","1,036.40","2.42M","1.08%"
"28-10-2022","1,030.00","1,031.95","1,039.75","1,025.50","2.42M","-0.20%"
"27-10-2022","1,032.05","1,031.00","1,037.45","1,019.60","3.31M","0.54%"
"25-10-2022","1,026.50","1,036.00","1,037.25","1,020.90","3.07M","-0.49%"
"24-10-2022","1,031.60","1,035.00","1,038.85","1,030.00","398.11K","0.43%"
"21-10-2022","1,027.20","1,022.50","1,029.90","1,011.60","2.07M","0.96%"
"20-10-2022","1,017.40","990.00","1,019.30","988.00","3.93M","2.18%"
"19-10-2022","995.65","1,006.50","1,006.50","994.00","2.52M","-1.34%"
"18-10-2022","1,009.20","1,000.00","1,013.65","999.10","2.49M","1.47%"
"17-10-2022","994.60","1,005.70","1,006.80","991.10","2.14M","-0.79%"
"14-10-2022","1,002.55","1,005.00","1,023.00","994.00","7.42M","2.08%"
"13-10-2022","982.10","972.05","989.05","969.30","9.70M","3.16%"
"12-10-2022","952.00","943.30","963.90","943.30","3.50M","1.43%"
"11-10-2022","938.60","968.10","972.00","936.00","3.13M","-2.56%"
"10-10-2022","963.25","942.20","967.15","942.20","2.76M","0.58%"
"07-10-2022","957.70","965.00","972.95","955.00","2.17M","-0.71%"
"06-10-2022","964.55","955.50","967.95","955.50","3.71M","1.96%"
"04-10-2022","946.00","942.50","951.00","937.05","2.33M","1.69%"
"03-10-2022","930.25","932.35","932.85","916.00","1.60M","-0.23%"
"30-09-2022","932.35","921.90","935.55","910.05","3.23M","1.01%"
"29-09-2022","923.05","927.00","931.00","916.60","2.93M","0.24%"
"28-09-2022","920.80","913.00","926.95","911.85","4.15M","0.22%"
"27-09-2022","918.75","911.25","921.45","907.60","3.55M","1.33%"
"26-09-2022","906.70","891.25","917.40","882.00","4.18M","1.21%"
"23-09-2022","895.85","896.50","912.60","892.00","2.57M","-0.20%"
"22-09-2022","897.65","897.60","904.90","889.75","2.32M","-0.37%"
"21-09-2022","900.95","909.00","913.75","898.85","1.82M","-1.43%"
"20-09-2022","914.00","902.30","920.85","902.00","1.84M","1.80%"
"19-09-2022","897.80","897.95","907.15","887.50","2.69M","0.10%"
"16-09-2022","896.90","915.10","918.00","893.40","5.10M","-2.50%"
"15-09-2022","919.90","936.50","936.70","916.30","3.00M","-1.30%"
"14-09-2022","932.00","933.30","938.45","926.55","6.76M","-2.45%"
"13-09-2022","955.40","955.00","959.80","950.45","2.44M","-0.02%"
"12-09-2022","955.55","955.15","963.50","953.50","2.52M","0.74%"
"09-09-2022","948.50","939.00","953.00","934.30","2.21M","1.87%"
"08-09-2022","931.05","936.40","940.90","928.00","3.21M","-0.07%"
"07-09-2022","931.70","927.00","932.55","923.10","2.71M","-0.65%"
"06-09-2022","937.80","936.00","942.90","927.05","2.11M","0.19%"
"05-09-2022","936.00","926.00","942.30","922.50","2.28M","1.25%"
"02-09-2022","924.45","931.20","937.00","919.00","1.75M","-0.17%"
"01-09-2022","926.05","917.30","931.00","916.25","2.95M","-1.37%"
"30-08-2022","938.95","926.90","945.25","923.70","3.00M","2.34%"
"29-08-2022","917.50","912.60","922.00","900.10","4.97M","-2.98%"
"26-08-2022","945.65","948.55","956.00","943.75","2.20M","0.20%"
"25-08-2022","943.80","953.90","953.90","942.65","3.32M","-0.56%"
"24-08-2022","949.15","949.90","953.80","944.15","1.49M","0.24%"
"23-08-2022","946.90","949.95","951.00","939.00","3.75M","-1.31%"
"22-08-2022","959.45","965.00","970.00","955.20","3.62M","-1.09%"
"19-08-2022","970.05","974.50","987.05","966.80","2.88M","-0.35%"
"18-08-2022","973.50","983.45","983.45","968.10","2.83M","-0.72%"
"17-08-2022","980.60","963.00","982.90","955.00","4.65M","2.34%"
"16-08-2022","958.20","969.00","969.00","952.65","2.78M","0.19%"
"12-08-2022","956.40","964.00","964.00","954.00","3.02M","-0.62%"
"11-08-2022","962.35","965.00","968.50","958.75","3.59M","1.08%"
"10-08-2022","952.05","966.05","967.00","948.10","3.27M","-1.45%"
"08-08-2022","966.05","957.75","968.00","950.05","1.75M","0.87%"
"05-08-2022","957.75","962.90","964.95","955.00","2.57M","-0.04%"
"04-08-2022","958.10","965.00","969.95","945.80","3.51M","0.09%"
"03-08-2022","957.20","951.00","961.80","950.05","4.12M","0.65%"
"02-08-2022","951.05","952.15","953.85","941.05","2.55M","-0.12%"
"01-08-2022","952.15","954.00","956.50","945.20","2.49M","0.40%"
"29-07-2022","948.40","957.00","965.70","947.15","3.62M","0.24%"
"28-07-2022","946.10","935.90","949.00","932.70","2.84M","1.90%"
"27-07-2022","928.45","912.10","929.35","911.10","1.74M","1.64%"
"26-07-2022","913.50","928.50","929.65","911.10","2.78M","-1.84%"
"25-07-2022","930.65","920.25","932.00","914.00","2.12M","1.13%"
"22-07-2022","920.25","929.40","931.90","909.00","3.51M","-0.45%"
"21-07-2022","924.45","921.00","926.95","913.55","3.50M","0.77%"
"20-07-2022","917.40","904.60","918.80","895.10","4.83M","3.11%"
"19-07-2022","889.70","890.00","897.50","885.00","4.64M","-1.18%"
"18-07-2022","900.30","895.00","907.50","888.85","5.16M","1.94%"
"15-07-2022","883.15","896.00","905.00","877.35","5.59M","-2.20%"
"14-07-2022","903.00","926.15","927.55","892.30","4.92M","-1.61%"
"13-07-2022","917.75","930.00","936.00","905.00","12.87M","-1.08%"
"12-07-2022","927.80","935.00","948.55","924.40","5.31M","-1.67%"
"11-07-2022","943.55","975.00","979.15","940.00","5.79M","-4.07%"
"08-07-2022","983.55","999.00","999.00","979.15","3.14M","-0.64%"
"07-07-2022","989.85","997.00","1,000.90","984.95","2.99M","0.33%"
"06-07-2022","986.60","982.00","999.00","980.05","3.00M","0.45%"
"05-07-2022","982.15","987.40","1,002.65","978.45","2.48M","-0.25%"
"04-07-2022","984.60","975.35","989.50","973.45","2.74M","0.95%"
"01-07-2022","975.35","964.50","981.45","964.20","2.83M","0.22%"
"30-06-2022","973.25","990.00","996.55","969.95","3.74M","-1.45%"
"29-06-2022","987.55","985.10","1,000.25","985.00","3.15M","-1.44%"
"28-06-2022","1,001.95","989.90","1,007.00","983.25","2.70M","0.97%"
"27-06-2022","992.35","986.15","1,006.80","984.20","3.63M","2.65%"
"24-06-2022","966.70","984.00","984.55","960.00","1.92M","-0.47%"
"23-06-2022","971.25","962.10","977.50","958.60","2.17M","1.04%"
"22-06-2022","961.30","977.95","979.00","959.15","2.58M","-2.56%"
"21-06-2022","986.60","971.70","999.90","963.65","2.13M","2.77%"
"20-06-2022","960.05","965.00","966.00","952.10","1.31M","0.14%"
"17-06-2022","958.75","952.40","963.15","944.05","4.30M","-0.64%"
"16-06-2022","964.95","1,007.00","1,007.00","961.65","3.20M","-2.52%"
"15-06-2022","989.90","989.00","1,007.00","988.00","2.41M","-0.70%"
"14-06-2022","996.90","988.00","1,000.95","978.15","2.46M","0.51%"
"13-06-2022","991.80","996.00","1,002.00","982.50","1.74M","-2.32%"
"10-06-2022","1,015.35","1,012.00","1,023.75","1,008.20","2.26M","-1.29%"
"09-06-2022","1,028.65","1,024.95","1,031.70","1,011.70","1.65M","-0.15%"
"08-06-2022","1,030.20","1,023.10","1,033.80","1,016.00","1.67M","0.71%"
"07-06-2022","1,022.90","1,030.00","1,033.75","1,013.15","1.84M","-1.39%"
"06-06-2022","1,037.30","1,038.00","1,047.35","1,021.15","2.00M","-0.55%"
"03-06-2022","1,043.00","1,053.95","1,069.65","1,040.20","3.56M","0.32%"
"02-06-2022","1,039.70","1,011.40","1,048.90","1,007.30","3.56M","2.14%"
"01-06-2022","1,017.90","1,040.75","1,045.45","1,011.55","2.55M","-2.20%"
"31-05-2022","1,040.75","1,045.00","1,045.80","1,020.45","5.19M","0.08%"
"30-05-2022","1,039.90","1,019.00","1,053.35","1,015.65","3.56M","3.59%"
"27-05-2022","1,003.90","989.00","1,010.45","989.00","2.80M","2.37%"
"26-05-2022","980.70","977.00","986.00","969.05","4.28M","0.64%"
"25-05-2022","974.45","992.00","992.80","963.00","3.90M","-1.74%"
"24-05-2022","991.75","1,022.05","1,022.40","987.00","3.42M","-2.61%"
"23-05-2022","1,018.30","1,023.00","1,037.00","1,014.75","2.29M","-1.03%"
"20-05-2022","1,028.85","1,029.00","1,034.50","1,016.80","2.01M","1.93%"
"19-05-2022","1,009.40","1,055.10","1,058.30","1,004.60","4.73M","-5.99%"
"18-05-2022","1,073.70","1,083.55","1,097.35","1,070.80","2.87M","-0.85%"
"17-05-2022","1,082.90","1,058.20","1,086.00","1,045.35","2.62M","3.67%"
"16-05-2022","1,044.55","1,054.00","1,066.95","1,040.20","1.42M","-0.72%"
"13-05-2022","1,052.15","1,070.00","1,078.00","1,045.10","2.50M","-0.68%"
"12-05-2022","1,059.40","1,050.10","1,070.95","1,043.75","3.20M","-0.14%"
"11-05-2022","1,060.90","1,069.00","1,079.30","1,054.05","2.90M","-1.09%"
"10-05-2022","1,072.55","1,073.00","1,085.00","1,066.60","2.47M","-0.33%"
"09-05-2022","1,076.10","1,044.00","1,082.90","1,034.10","4.21M","2.47%"
"06-05-2022","1,050.20","1,049.90","1,056.65","1,028.95","4.08M","-2.04%"
"05-05-2022","1,072.05","1,059.00","1,075.20","1,047.10","2.98M","2.59%"
"04-05-2022","1,044.95","1,075.90","1,076.00","1,035.80","3.39M","-2.06%"
"02-05-2022","1,066.90","1,073.00","1,082.00","1,062.00","2.58M","-1.14%"
"29-04-2022","1,079.25","1,094.00","1,100.50","1,074.35","2.99M","-1.21%"
"28-04-2022","1,092.50","1,092.00","1,102.30","1,073.30","5.20M","-0.28%"
"27-04-2022","1,095.60","1,087.00","1,099.90","1,074.60","3.29M","0.12%"
"26-04-2022","1,094.30","1,104.00","1,107.00","1,085.05","3.21M","0.41%"
"25-04-2022","1,089.85","1,096.90","1,098.00","1,077.30","3.57M","-1.11%"
"22-04-2022","1,102.05","1,086.60","1,134.95","1,081.10","9.57M","0.26%"
"21-04-2022","1,099.20","1,095.00","1,105.05","1,081.10","2.55M","0.90%"
"20-04-2022","1,089.40","1,075.00","1,094.80","1,064.70","2.57M","1.79%"
"19-04-2022","1,070.25","1,115.90","1,115.95","1,058.75","3.42M","-2.86%"
"18-04-2022","1,101.75","1,110.00","1,112.75","1,084.60","4.39M","-2.08%"
"13-04-2022","1,125.10","1,135.00","1,143.10","1,123.00","1.97M","-0.53%"
"12-04-2022","1,131.15","1,129.80","1,141.70","1,119.55","2.91M","-0.21%"
"11-04-2022","1,133.50","1,164.00","1,164.00","1,131.75","5.68M","-2.73%"
"08-04-2022","1,165.35","1,179.00","1,180.00","1,162.55","2.66M","-0.68%"
"07-04-2022","1,173.30","1,165.60","1,180.75","1,163.00","3.39M","0.24%"
"06-04-2022","1,170.50","1,190.00","1,194.90","1,167.50","2.84M","-2.09%"
"05-04-2022","1,195.45","1,190.00","1,203.00","1,184.10","2.63M","0.71%"
"04-04-2022","1,187.05","1,173.20","1,188.95","1,168.00","2.28M","1.49%"
"01-04-2022","1,169.65","1,161.00","1,174.00","1,152.05","2.48M","0.51%"
"31-03-2022","1,163.75","1,174.80","1,174.80","1,161.00","3.01M","-0.12%"
"30-03-2022","1,165.20","1,177.35","1,181.95","1,162.10","3.07M","-0.21%"
"29-03-2022","1,167.70","1,167.00","1,175.00","1,163.65","2.44M","0.32%"
"28-03-2022","1,163.95","1,184.90","1,187.60","1,158.20","3.41M","-1.31%"
"25-03-2022","1,179.35","1,199.00","1,199.00","1,175.40","2.49M","-1.07%"
"24-03-2022","1,192.10","1,169.00","1,194.00","1,169.00","2.35M","0.97%"
"23-03-2022","1,180.70","1,190.00","1,190.85","1,170.00","2.34M","0.37%"
"22-03-2022","1,176.40","1,170.00","1,181.75","1,162.30","4.52M","0.71%"
"21-03-2022","1,168.05","1,199.90","1,209.90","1,165.10","4.05M","-2.41%"
"17-03-2022","1,196.90","1,215.00","1,215.00","1,190.80","6.99M","-0.22%"
"16-03-2022","1,199.50","1,190.15","1,202.95","1,185.00","1.89M","1.92%"
"15-03-2022","1,176.85","1,207.00","1,214.30","1,168.10","3.00M","-2.16%"
"14-03-2022","1,202.85","1,193.45","1,214.80","1,177.65","5.74M","0.79%"
"11-03-2022","1,193.45","1,180.00","1,207.15","1,176.30","2.77M","0.11%"
"10-03-2022","1,192.15","1,198.20","1,198.20","1,175.00","3.83M","0.80%"
"09-03-2022","1,182.70","1,180.00","1,195.00","1,161.10","3.78M","0.63%"
"08-03-2022","1,175.30","1,156.00","1,179.60","1,155.00","3.81M","1.83%"
"07-03-2022","1,154.20","1,111.00","1,161.40","1,110.50","5.25M","1.38%"
"04-03-2022","1,138.45","1,128.00","1,154.85","1,122.65","3.52M","-0.11%"
"03-03-2022","1,139.70","1,125.00","1,152.00","1,120.50","3.97M","2.16%"
"02-03-2022","1,115.55","1,124.65","1,124.65","1,109.00","3.87M","-1.01%"
"28-02-2022","1,126.95","1,119.60","1,133.30","1,107.00","4.57M","-0.24%"
"25-02-2022","1,129.70","1,115.60","1,141.00","1,115.00","3.21M","2.84%"
"24-02-2022","1,098.55","1,106.00","1,134.95","1,092.00","5.47M","-4.72%"
"23-02-2022","1,153.00","1,156.00","1,159.00","1,148.05","1.94M","0.30%"
"22-02-2022","1,149.55","1,132.00","1,154.15","1,132.00","3.25M","-1.30%"
"21-02-2022","1,164.75","1,153.10","1,169.50","1,150.20","1.71M","-0.02%"
"18-02-2022","1,165.00","1,152.85","1,170.10","1,150.10","2.17M","0.17%"
"17-02-2022","1,163.05","1,174.00","1,174.00","1,160.00","1.64M","-0.41%"
"16-02-2022","1,167.80","1,178.00","1,182.65","1,160.00","1.89M","-0.06%"
"15-02-2022","1,168.55","1,153.50","1,174.00","1,148.10","3.00M","1.93%"
"14-02-2022","1,146.45","1,135.35","1,164.35","1,133.60","3.24M","-1.48%"
"11-02-2022","1,163.70","1,179.00","1,179.00","1,158.05","3.91M","-2.24%"
"10-02-2022","1,190.35","1,184.95","1,191.90","1,174.10","2.05M","0.80%"
"09-02-2022","1,180.90","1,172.00","1,189.00","1,166.00","3.77M","1.63%"
"08-02-2022","1,161.95","1,158.95","1,169.85","1,148.55","3.27M","0.40%"
"07-02-2022","1,157.35","1,157.00","1,171.35","1,146.00","3.82M","-0.55%"
"04-02-2022","1,163.80","1,160.00","1,167.10","1,137.35","3.63M","0.61%"
"03-02-2022","1,156.75","1,162.00","1,170.85","1,151.00","4.17M","-1.21%"
"02-02-2022","1,170.95","1,142.90","1,173.85","1,133.30","6.98M","3.37%"
"01-02-2022","1,132.80","1,116.70","1,136.50","1,101.25","6.78M","3.04%"
"31-01-2022","1,099.40","1,100.65","1,113.95","1,092.85","7.57M","1.75%"
"28-01-2022","1,080.45","1,079.00","1,102.20","1,077.25","7.65M","0.25%"
"27-01-2022","1,077.75","1,115.00","1,115.95","1,070.20","8.30M","-4.09%"
"25-01-2022","1,123.70","1,115.00","1,139.65","1,088.40","4.73M","-0.11%"
"24-01-2022","1,124.90","1,162.50","1,164.50","1,111.00","5.88M","-3.69%"
"21-01-2022","1,167.95","1,175.35","1,179.85","1,155.00","5.51M","-0.63%"
"20-01-2022","1,175.35","1,200.00","1,201.40","1,170.00","6.17M","-1.99%"
"19-01-2022","1,199.20","1,220.00","1,220.50","1,191.00","8.46M","-1.68%"
"18-01-2022","1,219.75","1,269.95","1,269.95","1,217.00","7.80M","-3.10%"
"17-01-2022","1,258.75","1,273.00","1,273.00","1,243.40","11.97M","-5.87%"
"14-01-2022","1,337.20","1,320.00","1,342.95","1,293.00","5.64M","0.22%"
"13-01-2022","1,334.25","1,340.00","1,359.40","1,321.15","4.60M","-1.32%"
"12-01-2022","1,352.15","1,354.00","1,357.10","1,331.40","3.16M","0.63%"
"11-01-2022","1,343.65","1,288.65","1,348.00","1,280.00","6.77M","4.31%"
"10-01-2022","1,288.10","1,304.85","1,304.85","1,280.00","2.53M","-0.19%"
"07-01-2022","1,290.55","1,297.55","1,298.50","1,282.20","3.90M","0.44%"
"06-01-2022","1,284.90","1,290.00","1,297.80","1,277.00","4.41M","-1.97%"
"05-01-2022","1,310.75","1,329.00","1,330.00","1,302.00","3.51M","-1.70%"
"04-01-2022","1,333.45","1,329.50","1,336.70","1,307.25","3.37M","0.55%"
"03-01-2022","1,326.15","1,316.35","1,339.90","1,314.10","2.66M","0.53%"
"31-12-2021","1,319.10","1,320.00","1,329.45","1,308.95","2.23M","0.16%"
"30-12-2021","1,317.05","1,291.90","1,326.45","1,282.70","4.52M","1.95%"
"29-12-2021","1,291.90","1,283.00","1,299.00","1,277.10","2.25M","0.62%"
"28-12-2021","1,283.90","1,270.00","1,289.00","1,270.00","3.45M","1.32%"
"27-12-2021","1,267.20","1,268.00","1,277.00","1,254.05","3.37M","0.16%"
"24-12-2021","1,265.20","1,262.15","1,283.80","1,246.15","15.95M","3.08%"
"23-12-2021","1,227.45","1,229.90","1,230.70","1,215.60","2.81M","0.38%"
"22-12-2021","1,222.80","1,218.00","1,226.00","1,210.10","3.81M","1.48%"
"21-12-2021","1,205.00","1,168.90","1,214.95","1,165.05","6.22M","3.89%"
"20-12-2021","1,159.90","1,160.00","1,172.35","1,145.50","3.09M","-0.98%"
"17-12-2021","1,171.40","1,172.00","1,182.90","1,165.00","6.37M","1.00%"
"16-12-2021","1,159.75","1,156.00","1,167.90","1,149.55","2.12M","0.94%"
"15-12-2021","1,148.90","1,158.25","1,161.95","1,142.30","1.60M","-1.16%"
"14-12-2021","1,162.35","1,156.00","1,165.90","1,145.50","1.97M","0.28%"
"13-12-2021","1,159.10","1,166.00","1,173.45","1,153.25","2.23M","-0.27%"
"10-12-2021","1,162.20","1,155.20","1,167.00","1,155.20","957.73K","-0.54%"
"09-12-2021","1,168.55","1,179.80","1,179.80","1,155.00","1.73M","-0.26%"
"08-12-2021","1,171.60","1,157.40","1,181.60","1,157.05","2.53M","1.91%"
"07-12-2021","1,149.65","1,150.00","1,155.00","1,131.40","2.30M","1.15%"
"06-12-2021","1,136.55","1,169.90","1,172.65","1,134.85","2.49M","-2.98%"
"03-12-2021","1,171.40","1,188.00","1,189.70","1,169.65","2.57M","-1.12%"
"02-12-2021","1,184.70","1,161.90","1,186.40","1,153.00","4.01M","2.42%"
"01-12-2021","1,156.70","1,146.00","1,163.00","1,145.20","2.92M","1.59%"
"30-11-2021","1,138.65","1,133.00","1,157.90","1,133.00","7.42M","0.49%"
"29-11-2021","1,133.15","1,101.10","1,145.00","1,100.10","3.66M","2.08%"
"26-11-2021","1,110.05","1,120.00","1,126.00","1,103.30","2.21M","-1.31%"
"25-11-2021","1,124.80","1,116.50","1,131.00","1,111.00","3.11M","0.48%"
"24-11-2021","1,119.45","1,120.00","1,132.65","1,112.95","2.68M","0.62%"
"23-11-2021","1,112.60","1,105.00","1,120.00","1,090.00","4.55M","0.23%"
"22-11-2021","1,110.10","1,120.20","1,125.85","1,102.00","3.96M","-0.90%"
"18-11-2021","1,120.20","1,148.00","1,155.00","1,113.50","5.38M","-2.80%"
"17-11-2021","1,152.45","1,160.50","1,164.75","1,150.00","3.17M","-0.94%"
"16-11-2021","1,163.40","1,170.90","1,175.50","1,160.45","3.14M","-0.64%"
"15-11-2021","1,170.85","1,171.00","1,181.60","1,163.50","3.62M","-0.13%"
"12-11-2021","1,172.35","1,168.90","1,178.15","1,163.00","3.81M","1.00%"
"11-11-2021","1,160.70","1,166.00","1,167.80","1,152.25","2.86M","-0.72%"
"10-11-2021","1,169.15","1,164.00","1,175.00","1,162.10","2.40M","-0.31%"
"09-11-2021","1,172.80","1,188.00","1,191.00","1,170.45","3.57M","-0.85%"
"08-11-2021","1,182.85","1,187.45","1,192.80","1,168.55","3.81M","-0.02%"
"04-11-2021","1,183.10","1,185.00","1,187.15","1,178.00","256.37K","0.57%"
"03-11-2021","1,176.35","1,175.00","1,187.70","1,171.70","2.06M","0.49%"
"02-11-2021","1,170.65","1,191.00","1,195.10","1,168.85","3.02M","-1.56%"
"01-11-2021","1,189.20","1,143.50","1,191.45","1,143.50","4.51M","3.97%"
"29-10-2021","1,143.75","1,152.00","1,173.00","1,138.00","3.56M","-0.72%"
"28-10-2021","1,152.00","1,183.30","1,185.00","1,146.80","4.10M","-2.14%"
"27-10-2021","1,177.15","1,170.00","1,181.35","1,161.50","3.54M","0.89%"
"26-10-2021","1,166.80","1,170.00","1,182.00","1,153.25","5.13M","0.12%"
"25-10-2021","1,165.40","1,184.05","1,190.00","1,157.15","6.69M","-2.40%"
"22-10-2021","1,194.00","1,203.25","1,223.35","1,186.00","3.81M","-1.38%"
"21-10-2021","1,210.70","1,238.90","1,238.90","1,189.00","6.00M","-1.80%"
"20-10-2021","1,232.90","1,239.00","1,263.40","1,220.40","8.22M","0.06%"
"19-10-2021","1,232.10","1,230.00","1,253.00","1,225.00","10.19M","0.88%"
"18-10-2021","1,221.40","1,240.00","1,272.50","1,215.00","23.86M","-2.38%"
"14-10-2021","1,251.15","1,289.40","1,293.25","1,244.05","10.36M","-1.12%"
"13-10-2021","1,265.35","1,263.00","1,270.80","1,243.45","5.71M","1.20%"
"12-10-2021","1,250.35","1,306.95","1,309.00","1,236.30","12.81M","-4.03%"
"11-10-2021","1,302.90","1,300.00","1,324.90","1,235.65","5.26M","-1.46%"
"08-10-2021","1,322.15","1,306.30","1,338.00","1,294.05","5.20M","1.21%"
"07-10-2021","1,306.30","1,284.05","1,317.85","1,284.05","2.42M","2.42%"
"06-10-2021","1,275.45","1,312.00","1,319.85","1,271.80","2.86M","-2.28%"
"05-10-2021","1,305.15","1,270.00","1,313.60","1,262.20","3.71M","2.07%"
"04-10-2021","1,278.65","1,281.50","1,293.60","1,273.75","2.71M","0.38%"
"01-10-2021","1,273.75","1,274.00","1,284.00","1,260.65","3.37M","-0.45%"
"30-09-2021","1,279.55","1,291.45","1,291.45","1,268.85","3.59M","-0.13%"
"29-09-2021","1,281.20","1,270.00","1,301.45","1,258.80","4.64M","0.96%"
"28-09-2021","1,269.00","1,304.95","1,304.95","1,254.00","8.57M","-2.02%"
"27-09-2021","1,295.20","1,366.00","1,367.95","1,290.05","7.65M","-4.64%"
"24-09-2021","1,358.20","1,340.00","1,377.75","1,337.00","7.95M","2.25%"
"23-09-2021","1,328.30","1,326.85","1,336.45","1,313.90","3.04M","0.97%"
"22-09-2021","1,315.50","1,300.00","1,328.65","1,299.60","5.37M","1.23%"
"21-09-2021","1,299.50","1,289.00","1,315.00","1,277.00","4.65M","1.83%"
"20-09-2021","1,276.15","1,258.00","1,298.80","1,250.00","5.45M","1.02%"
"17-09-2021","1,263.30","1,265.00","1,281.00","1,258.50","4.82M","0.02%"
"16-09-2021","1,263.10","1,287.20","1,295.30","1,255.20","3.62M","-0.80%"
"15-09-2021","1,273.25","1,238.65","1,288.95","1,230.25","6.06M","2.79%"
"14-09-2021","1,238.65","1,216.00","1,240.60","1,207.00","5.59M","2.50%"
"13-09-2021","1,208.40","1,192.00","1,215.00","1,176.45","3.72M","0.82%"
"09-09-2021","1,198.55","1,192.00","1,204.95","1,183.00","3.39M","0.82%"
"08-09-2021","1,188.80","1,185.00","1,191.15","1,167.05","3.12M","0.56%"
"07-09-2021","1,182.20","1,214.00","1,214.95","1,180.10","3.72M","-1.50%"
"06-09-2021","1,200.15","1,175.00","1,210.10","1,174.00","4.33M","2.16%"
"03-09-2021","1,174.75","1,173.50","1,180.60","1,158.25","4.53M","0.17%"
"02-09-2021","1,172.75","1,172.00","1,182.00","1,154.00","5.22M","0.70%"
"01-09-2021","1,164.65","1,190.00","1,190.50","1,161.75","3.20M","-1.49%"
"31-08-2021","1,182.30","1,166.00","1,193.40","1,162.05","7.20M","1.62%"
"30-08-2021","1,163.40","1,164.00","1,170.35","1,154.55","2.96M","0.04%"
"27-08-2021","1,162.95","1,167.45","1,169.75","1,159.50","3.05M","-0.39%"
"26-08-2021","1,167.45","1,159.90","1,172.00","1,155.00","4.65M","1.13%"
"25-08-2021","1,154.35","1,159.90","1,169.90","1,140.30","3.45M","0.13%"
"24-08-2021","1,152.90","1,167.95","1,173.00","1,150.00","3.95M","-0.88%"
"23-08-2021","1,163.10","1,129.00","1,178.20","1,126.05","9.38M","4.09%"
"20-08-2021","1,117.35","1,107.50","1,140.75","1,107.20","3.47M","-1.49%"
"18-08-2021","1,134.25","1,157.90","1,157.90","1,131.60","4.87M","-0.76%"
"17-08-2021","1,142.95","1,119.25","1,151.95","1,112.55","5.30M","1.72%"
"16-08-2021","1,123.65","1,120.95","1,129.35","1,114.35","3.16M","0.38%"
"13-08-2021","1,119.45","1,099.00","1,123.95","1,090.20","7.27M","2.09%"
"12-08-2021","1,096.50","1,071.00","1,101.15","1,068.00","6.54M","2.77%"
"11-08-2021","1,066.95","1,070.95","1,079.00","1,057.15","5.01M","0.31%"
"10-08-2021","1,063.70","1,052.50","1,072.30","1,048.00","5.87M","1.25%"
"09-08-2021","1,050.55","1,057.80","1,066.75","1,043.50","6.32M","0.06%"
"06-08-2021","1,049.95","1,061.15","1,070.00","1,043.00","11.58M","-1.06%"
"05-08-2021","1,061.15","1,040.00","1,073.00","1,033.70","7.90M","2.04%"
"04-08-2021","1,039.95","1,041.10","1,047.75","1,034.60","3.12M","0.05%"
"03-08-2021","1,039.45","1,030.00","1,042.95","1,024.00","3.36M","0.39%"
"02-08-2021","1,035.40","1,034.00","1,039.00","1,023.05","2.54M","1.02%"
"30-07-2021","1,024.95","1,013.00","1,049.95","1,009.90","9.33M","1.72%"
"29-07-2021","1,007.60","985.55","1,009.00","985.55","4.73M","2.49%"
"28-07-2021","983.10","995.00","995.95","977.30","2.95M","-0.90%"
"27-07-2021","992.00","1,000.00","1,002.20","983.85","2.88M","-0.83%"
"26-07-2021","1,000.30","994.00","1,004.00","987.25","2.48M","0.63%"
"23-07-2021","994.00","984.70","1,003.90","982.60","5.27M","1.57%"
"22-07-2021","978.60","970.00","981.50","970.00","6.16M","0.14%"
"20-07-2021","977.20","999.00","1,012.20","969.35","10.22M","-2.30%"
"19-07-2021","1,000.20","1,005.00","1,018.30","992.50","4.64M","-0.48%"
"16-07-2021","1,005.00","1,044.90","1,048.75","998.05","8.67M","-3.34%"
"15-07-2021","1,039.75","993.00","1,052.50","990.80","12.70M","5.08%"
"14-07-2021","989.45","968.25","992.95","968.10","4.37M","2.22%"
"13-07-2021","967.95","983.00","983.00","964.00","3.00M","-1.17%"
"12-07-2021","979.45","980.00","983.05","975.00","2.04M","0.27%"
"09-07-2021","976.85","972.00","979.50","966.60","3.22M","0.01%"
"08-07-2021","976.80","975.00","982.00","970.00","2.56M","0.15%"
"07-07-2021","975.35","970.00","977.60","960.30","3.01M","0.34%"
"06-07-2021","972.05","980.00","982.20","970.20","2.49M","-0.79%"
"05-07-2021","979.75","991.70","995.90","978.00","2.60M","-0.50%"
"02-07-2021","984.65","983.55","987.60","977.25","1.65M","-0.09%"
"01-07-2021","985.50","987.00","988.00","975.15","2.86M","0.20%"
"30-06-2021","983.50","981.00","991.45","981.00","2.68M","-0.01%"
"29-06-2021","983.60","986.95","993.90","980.50","1.90M","-0.17%"
"28-06-2021","985.30","1,000.00","1,000.00","984.20","1.84M","-1.04%"
"25-06-2021","995.65","995.00","1,010.00","989.25","5.20M","0.60%"
"24-06-2021","989.70","972.00","994.60","969.10","4.69M","1.73%"
"23-06-2021","972.90","985.00","985.00","971.00","2.40M","-0.73%"
"22-06-2021","980.10","982.10","988.20","976.25","2.53M","-0.19%"
"21-06-2021","982.00","968.00","983.45","961.25","1.64M","0.69%"
"18-06-2021","975.25","990.00","996.70","970.10","5.62M","-1.13%"
"17-06-2021","986.40","980.00","988.95","978.55","3.61M","0.71%"
"16-06-2021","979.40","984.05","986.00","974.00","3.14M","-0.61%"
"15-06-2021","985.45","985.10","993.00","983.20","2.56M","0.13%"
"14-06-2021","984.20","983.00","988.45","976.00","2.24M","0.09%"
"11-06-2021","983.35","976.00","990.00","970.50","4.78M","1.53%"
"10-06-2021","968.55","979.50","981.65","966.55","3.88M","-0.28%"
"09-06-2021","971.30","973.90","985.00","965.10","5.52M","0.42%"
"08-06-2021","967.20","952.00","972.00","951.45","6.39M","1.85%"
"07-06-2021","949.60","939.00","951.95","937.10","3.28M","1.39%"
"04-06-2021","936.55","940.10","944.20","934.75","3.55M","-0.31%"
"03-06-2021","939.45","945.00","949.80","937.00","4.16M","-0.46%"
"02-06-2021","943.75","947.00","950.70","937.60","3.66M","-0.73%"
"01-06-2021","950.70","948.00","952.00","942.05","2.94M","0.58%"
"31-05-2021","945.20","941.55","947.85","932.60","4.17M","0.28%"
"28-05-2021","942.55","940.05","949.75","937.40","4.10M","0.02%"
"27-05-2021","942.40","949.00","956.90","938.10","9.08M","-0.36%"
"26-05-2021","945.80","940.00","948.95","932.55","5.02M","0.55%"
"25-05-2021","940.60","938.00","943.80","935.15","5.03M","0.84%"
"24-05-2021","932.80","931.50","939.00","927.70","4.19M","0.23%"
"21-05-2021","930.65","925.50","934.65","923.00","4.16M","0.68%"
"20-05-2021","924.40","932.00","934.80","922.05","4.75M","-0.75%"
"19-05-2021","931.40","928.00","941.00","925.15","4.18M","-0.02%"
"18-05-2021","931.60","928.00","939.50","924.50","5.91M","1.02%"
"17-05-2021","922.15","914.60","927.20","910.10","7.96M","1.30%"
"14-05-2021","910.35","909.00","912.00","896.50","5.18M","0.47%"
"12-05-2021","906.10","906.15","908.95","895.00","4.08M","-0.13%"
"11-05-2021","907.30","908.50","912.45","905.10","3.82M","-0.73%"
"10-05-2021","913.95","918.05","921.60","910.20","4.03M","-0.27%"
"07-05-2021","916.40","918.00","921.40","913.70","3.65M","0.04%"
"06-05-2021","916.00","912.00","923.90","901.25","6.32M","0.73%"
"05-05-2021","909.40","903.95","910.80","900.60","2.70M","0.94%"
"04-05-2021","900.95","910.00","915.00","899.25","6.22M","-0.74%"
"03-05-2021","907.70","898.75","910.45","891.00","6.87M","0.97%"
"30-04-2021","898.95","905.00","915.00","895.40","10.92M","-1.17%"
"29-04-2021","909.55","929.70","929.70","907.10","8.59M","-0.47%"
"28-04-2021","913.80","921.12","925.72","911.77","6.85M","-0.54%"
"27-04-2021","918.79","920.92","928.39","913.40","6.41M","0.01%"
"26-04-2021","918.75","929.83","944.17","913.06","19.62M","-2.81%"
"23-04-2021","945.30","953.57","964.30","939.91","6.02M","-0.65%"
"22-04-2021","951.49","955.54","961.38","944.96","4.97M","0.06%"
"20-04-2021","950.89","995.11","995.11","946.64","9.74M","-3.35%"
"19-04-2021","983.83","985.22","1,017.32","977.16","6.24M","-1.79%"
"16-04-2021","1,001.79","989.17","1,005.79","983.73","4.68M","2.10%"
"15-04-2021","981.16","957.52","983.93","948.37","7.43M","0.86%"
"13-04-2021","972.76","1,001.54","1,009.75","961.68","7.77M","-2.58%"
"12-04-2021","998.47","1,031.66","1,031.66","990.36","5.98M","-3.44%"
"09-04-2021","1,034.08","1,030.82","1,043.38","1,022.96","3.71M","0.76%"
"08-04-2021","1,026.27","1,032.70","1,042.99","1,020.48","4.85M","0.03%"
"07-04-2021","1,025.97","1,019.84","1,033.69","1,013.61","3.55M","0.86%"
"06-04-2021","1,017.27","1,027.75","1,029.34","1,009.21","4.26M","-0.49%"
"05-04-2021","1,022.31","996.10","1,028.74","991.75","9.45M","3.08%"
"01-04-2021","991.75","981.26","1,002.53","979.88","5.27M","2.03%"
"31-03-2021","972.01","989.17","989.17","968.06","4.45M","-1.32%"
"30-03-2021","985.02","954.55","989.97","954.01","5.48M","3.89%"
"26-03-2021","948.17","954.55","964.45","943.47","4.27M","0.16%"
"25-03-2021","946.69","959.50","963.95","939.72","4.88M","-1.91%"
"24-03-2021","965.09","960.54","974.09","955.34","3.87M","-0.53%"
"23-03-2021","970.23","973.00","982.15","961.28","5.16M","0.21%"
"22-03-2021","968.16","950.05","971.82","934.38","4.75M","1.91%"
"19-03-2021","950.05","939.72","958.51","927.55","9.00M","1.34%"
"18-03-2021","937.49","984.23","988.93","922.31","8.27M","-4.02%"
"17-03-2021","976.76","1,001.04","1,012.82","972.06","6.76M","-1.97%"
"16-03-2021","996.35","982.25","1,007.77","979.73","8.09M","1.50%"
"15-03-2021","981.61","966.92","983.59","956.88","5.32M","1.34%"
"12-03-2021","968.65","977.80","991.95","963.06","6.45M","-0.94%"
"10-03-2021","977.80","975.03","984.33","969.09","7.69M","1.58%"
"09-03-2021","962.62","953.66","966.33","938.83","5.44M","1.17%"
"08-03-2021","951.49","942.19","962.47","933.78","5.62M","2.17%"
"05-03-2021","931.31","945.75","961.48","926.16","5.99M","-1.72%"
"04-03-2021","947.63","941.70","959.40","941.05","6.27M","-0.75%"
"03-03-2021","954.80","954.55","957.52","936.75","5.74M","1.21%"
"02-03-2021","943.43","923.74","947.53","918.55","6.72M","2.52%"
"01-03-2021","920.28","906.08","924.34","905.74","5.40M","2.30%"
"26-02-2021","899.60","898.17","914.99","895.30","9.20M","-2.13%"
"25-02-2021","919.19","915.88","923.94","912.17","6.23M","1.45%"
"24-02-2021","906.08","908.06","909.50","895.70","3.44M","0.66%"
"23-02-2021","900.10","914.00","919.93","896.74","5.92M","-1.11%"
"22-02-2021","910.19","939.22","941.15","906.13","5.04M","-3.16%"
"19-02-2021","939.86","939.72","947.63","934.23","5.49M","0.22%"
"18-02-2021","937.84","933.78","946.39","928.19","5.13M","0.52%"
"17-02-2021","932.99","941.70","948.03","930.81","3.64M","-0.96%"
"16-02-2021","941.99","946.64","951.83","933.88","3.28M","-0.25%"
"15-02-2021","944.32","959.50","960.74","939.82","4.64M","-0.60%"
"12-02-2021","950.00","964.45","975.82","947.23","8.05M","-1.03%"
"11-02-2021","959.90","949.06","961.97","942.73","3.75M","1.14%"
"10-02-2021","949.06","944.71","954.65","935.91","4.90M","0.82%"
"09-02-2021","941.30","954.55","971.27","936.35","7.56M","-0.64%"
"08-02-2021","947.38","944.66","953.96","931.16","6.51M","1.23%"
"05-02-2021","935.91","950.40","953.47","929.87","4.63M","-1.20%"
"04-02-2021","947.28","954.26","959.95","939.86","4.62M","-0.23%"
"03-02-2021","949.51","955.54","962.76","942.24","6.35M","0.55%"
"02-02-2021","944.32","936.75","952.58","925.42","7.69M","2.83%"
"01-02-2021","918.30","909.05","923.64","886.65","8.65M","1.57%"
"29-01-2021","904.11","930.81","939.22","899.66","7.69M","-2.14%"
"28-01-2021","923.84","938.53","942.09","920.03","6.96M","-2.26%"
"27-01-2021","945.16","941.79","952.82","932.30","7.53M","0.84%"
"25-01-2021","937.24","986.21","986.21","930.81","7.73M","-3.89%"
"22-01-2021","975.13","980.97","993.13","970.78","5.38M","-0.76%"
"21-01-2021","982.55","998.08","1,008.96","972.31","8.86M","-0.60%"
"20-01-2021","988.43","981.01","998.72","976.86","7.44M","1.57%"
"19-01-2021","973.20","977.30","986.21","968.75","6.39M","0.24%"
"18-01-2021","970.88","989.17","994.07","966.33","12.95M","-0.84%"
"15-01-2021","979.09","1,036.31","1,041.45","973.35","23.77M","-3.69%"
"14-01-2021","1,016.58","1,037.65","1,037.65","995.70","15.02M","-2.68%"
"13-01-2021","1,044.52","1,052.48","1,055.45","1,029.73","6.69M","-0.58%"
"12-01-2021","1,050.60","1,040.61","1,053.52","1,027.46","6.70M","0.66%"
"11-01-2021","1,043.68","1,004.01","1,047.59","997.09","13.38M","6.08%"
"08-01-2021","983.88","964.35","992.64","959.50","8.03M","3.33%"
"07-01-2021","952.13","977.30","977.50","949.01","5.26M","-1.60%"
"06-01-2021","967.61","987.10","987.20","955.64","6.00M","-1.33%"
"05-01-2021","980.62","956.73","985.02","956.73","7.15M","1.12%"
"04-01-2021","969.79","948.62","974.04","942.34","5.26M","3.15%"
"01-01-2021","940.21","931.80","945.16","931.80","3.14M","0.46%"
"31-12-2020","935.91","928.89","939.57","924.88","3.47M","0.58%"
"30-12-2020","930.52","927.85","939.72","920.92","6.38M","0.51%"
"29-12-2020","925.77","918.94","934.77","915.23","6.76M","1.53%"
"28-12-2020","911.82","914.99","917.46","903.61","3.88M","0.27%"
"24-12-2020","909.40","917.91","918.20","900.84","4.39M","-0.35%"
"23-12-2020","912.61","910.04","924.88","904.90","10.72M","0.96%"
"22-12-2020","903.91","869.63","909.30","862.56","10.25M","4.98%"
"21-12-2020","861.03","877.05","900.64","840.80","8.88M","-2.27%"
"18-12-2020","881.01","885.06","895.20","877.05","11.57M","1.29%"
"17-12-2020","869.83","877.40","877.40","867.51","4.86M","-0.64%"
"16-12-2020","875.47","876.66","882.34","868.94","4.38M","-0.11%"
"15-12-2020","876.41","865.23","879.38","860.58","7.53M","1.49%"
"14-12-2020","863.55","856.72","866.17","848.81","5.14M","1.25%"
"11-12-2020","852.92","861.57","872.26","845.94","5.64M","-0.52%"
"10-12-2020","857.37","861.13","868.30","855.64","4.64M","-0.44%"
"09-12-2020","861.13","856.72","870.47","854.75","5.95M","0.78%"
"08-12-2020","854.45","849.70","866.22","846.73","8.72M","0.99%"
"07-12-2020","846.04","848.71","850.64","841.19","5.31M","-0.37%"
"04-12-2020","849.21","856.63","858.46","845.20","5.58M","-0.43%"
"03-12-2020","852.87","839.32","854.65","834.17","9.63M","2.26%"
"02-12-2020","834.02","827.10","838.28","822.30","7.06M","1.09%"
"01-12-2020","825.07","815.08","826.65","806.28","8.08M","1.46%"
"27-11-2020","813.20","832.89","838.62","805.53","11.72M","-2.37%"
"26-11-2020","832.93","815.18","835.85","810.73","8.41M","2.10%"
"25-11-2020","815.77","831.40","836.84","813.60","5.61M","-1.88%"
"24-11-2020","831.40","834.77","848.12","826.31","8.47M","0.15%"
"23-11-2020","830.12","816.07","832.89","807.41","7.12M","2.44%"
"20-11-2020","810.38","805.14","814.59","795.30","7.46M","1.83%"
"19-11-2020","795.84","806.18","811.57","794.31","7.17M","-1.20%"
"18-11-2020","805.48","810.13","811.03","791.59","5.82M","-0.09%"
"17-11-2020","806.18","828.88","828.88","805.19","5.98M","-1.58%"
"13-11-2020","819.14","813.99","822.45","809.29","3.92M","0.41%"
"12-11-2020","815.77","818.20","827.94","813.10","4.70M","-0.16%"
"11-11-2020","817.11","804.20","820.03","796.63","9.78M","2.02%"
"10-11-2020","800.93","839.32","839.32","797.03","10.40M","-5.30%"
"09-11-2020","845.74","857.42","863.35","837.93","7.51M","0.58%"
"06-11-2020","840.90","836.84","846.54","827.35","5.87M","0.85%"
"05-11-2020","833.78","824.97","841.89","821.07","8.90M","3.40%"
"04-11-2020","806.33","803.41","832.64","801.83","10.08M","0.14%"
"03-11-2020","805.24","819.04","822.99","803.56","7.01M","-1.02%"
"02-11-2020","813.50","832.84","834.72","810.33","5.95M","-2.32%"
"30-10-2020","832.84","833.68","850.39","823.98","8.73M","0.23%"
"29-10-2020","830.96","816.07","833.38","810.09","6.69M","1.26%"
"28-10-2020","820.62","842.78","842.78","812.71","6.85M","-2.08%"
"27-10-2020","838.08","839.76","848.17","829.62","5.81M","-0.06%"
"26-10-2020","838.62","843.77","851.58","832.93","6.61M","-0.55%"
"23-10-2020","843.22","861.57","865.97","841.39","5.45M","-1.59%"
"22-10-2020","856.87","849.60","868.50","842.33","9.61M","-0.55%"
"21-10-2020","861.62","871.46","882.00","850.69","11.16M","-0.98%"
"20-10-2020","870.13","837.78","876.41","834.47","21.56M","4.13%"
"19-10-2020","835.61","830.71","852.37","823.98","15.67M","2.13%"
"16-10-2020","818.20","849.70","867.51","811.72","28.98M","-3.82%"
"15-10-2020","850.69","890.21","893.92","824.43","15.65M","-3.42%"
"14-10-2020","880.81","894.21","900.84","872.45","15.44M","-1.11%"
"13-10-2020","890.65","856.92","896.79","853.96","18.95M","4.00%"
"12-10-2020","856.43","851.48","862.51","847.87","8.72M","1.17%"
"09-10-2020","846.49","843.67","853.16","840.11","7.29M","-0.36%"
"08-10-2020","849.55","857.50","879.00","844.50","25.86M","2.60%"
"07-10-2020","828.05","830.00","830.60","823.00","6.98M","-0.13%"
"06-10-2020","829.15","830.00","834.50","822.70","7.85M","0.60%"
"05-10-2020","824.20","828.80","839.20","815.10","11.89M","1.38%"
"01-10-2020","812.95","819.90","820.95","811.20","4.32M","0.17%"
"30-09-2020","811.60","818.00","820.50","807.10","9.47M","-0.14%"
"29-09-2020","812.75","837.40","841.10","810.20","10.55M","-2.69%"
"28-09-2020","835.25","838.40","844.75","820.80","11.15M","0.91%"
"25-09-2020","827.70","795.25","836.00","792.60","19.81M","5.00%"
"24-09-2020","788.30","811.00","811.45","784.00","10.55M","-3.17%"
"23-09-2020","814.10","832.00","844.80","810.15","18.07M","-0.84%"
"22-09-2020","821.00","813.95","831.50","790.55","21.88M","2.29%"
"21-09-2020","802.60","823.00","849.90","793.45","24.91M","-0.99%"
"18-09-2020","810.60","808.30","824.00","804.00","8.85M","0.28%"
"17-09-2020","808.30","794.95","817.50","789.50","19.97M","2.41%"
"16-09-2020","789.25","790.05","796.30","779.25","7.47M","-0.44%"
"15-09-2020","792.70","791.05","809.85","783.05","14.02M","-0.28%"
"14-09-2020","794.95","745.00","825.10","744.15","32.31M","10.16%"
"11-09-2020","721.65","712.00","734.00","710.15","7.22M","-0.10%"
"10-09-2020","722.40","728.65","728.95","713.80","3.37M","0.06%"
"09-09-2020","721.95","712.10","730.90","710.20","5.51M","-0.54%"
"08-09-2020","725.90","708.80","738.90","703.20","11.52M","2.41%"
"07-09-2020","708.80","696.35","712.40","689.05","4.24M","1.14%"
"04-09-2020","700.80","695.15","704.50","692.05","3.35M","-0.84%"
"03-09-2020","706.75","704.80","716.40","697.60","5.47M","0.68%"
"02-09-2020","701.95","689.90","704.80","689.10","4.09M","1.79%"
"01-09-2020","689.60","695.00","704.00","682.40","6.38M","-0.69%"
"31-08-2020","694.40","705.00","725.00","686.00","7.79M","-1.71%"
"28-08-2020","706.45","713.70","716.65","703.20","5.42M","-0.52%"
"27-08-2020","710.15","713.55","720.00","706.50","3.92M","-0.37%"
"26-08-2020","712.80","704.70","717.75","697.00","4.51M","1.60%"
"25-08-2020","701.60","705.00","711.55","694.70","3.98M","-0.58%"
"24-08-2020","705.70","706.05","708.45","695.60","4.07M","-0.03%"
"21-08-2020","705.90","715.00","715.00","702.70","4.16M","-0.59%"
"20-08-2020","710.10","708.50","715.85","706.05","3.03M","0.04%"
"19-08-2020","709.85","713.80","714.20","705.00","4.86M","-0.64%"
"18-08-2020","714.45","718.95","721.70","712.40","3.63M","-0.61%"
"17-08-2020","718.85","711.10","720.80","709.25","3.34M","1.37%"
"14-08-2020","709.10","727.90","727.90","707.25","3.89M","-2.14%"
"13-08-2020","724.60","717.00","729.00","713.05","8.85M","1.05%"
"12-08-2020","717.10","680.60","719.00","677.05","13.09M","4.87%"
"11-08-2020","683.80","694.00","700.95","681.50","3.96M","-1.19%"
"10-08-2020","692.05","694.95","694.95","685.10","3.77M","0.25%"
"07-08-2020","690.30","699.90","699.90","685.00","7.37M","-2.07%"
"06-08-2020","704.90","692.00","707.60","686.40","5.13M","2.40%"
"05-08-2020","688.40","692.65","702.40","681.00","6.05M","-0.61%"
"04-08-2020","692.65","709.50","711.00","687.05","6.68M","-1.88%"
"03-08-2020","705.95","709.10","718.00","700.55","5.55M","0.11%"
"31-07-2020","705.20","701.85","716.70","696.00","6.32M","1.40%"
"30-07-2020","695.45","698.00","712.55","692.65","7.97M","0.15%"
"29-07-2020","694.40","710.00","710.75","692.50","7.14M","-2.53%"
"28-07-2020","712.45","702.00","716.05","695.70","8.47M","1.62%"
"27-07-2020","701.10","684.00","704.40","676.50","11.35M","3.11%"
"24-07-2020","679.95","641.00","684.80","640.90","12.37M","4.15%"
"23-07-2020","652.85","650.00","656.95","643.55","3.17M","0.42%"
"22-07-2020","650.15","657.00","658.00","643.10","3.84M","-0.34%"
"21-07-2020","652.35","652.00","662.35","643.30","8.80M","0.58%"
"20-07-2020","648.60","633.00","652.00","626.85","10.54M","4.08%"
"17-07-2020","623.15","629.50","644.65","613.40","26.83M","-0.73%"
"16-07-2020","627.75","630.00","652.20","607.15","20.77M","2.04%"
"15-07-2020","615.20","593.65","627.95","592.50","9.93M","4.03%"
"14-07-2020","591.35","604.60","613.75","588.10","6.21M","-1.87%"
"13-07-2020","602.60","585.00","605.00","583.35","5.44M","3.50%"
"10-07-2020","582.25","588.25","588.55","579.85","2.38M","-1.02%"
"09-07-2020","588.25","575.65","591.60","575.00","4.81M","2.32%"
"08-07-2020","574.90","594.75","594.75","573.00","4.63M","-2.90%"
"07-07-2020","592.05","582.00","594.45","575.15","7.26M","2.31%"
"06-07-2020","578.70","579.15","589.00","577.25","3.29M","-0.08%"
"03-07-2020","579.15","572.00","580.55","570.60","3.74M","1.75%"
"02-07-2020","569.20","555.00","572.40","552.90","5.24M","3.16%"
"01-07-2020","551.75","557.95","559.60","551.00","3.00M","-0.92%"
"30-06-2020","556.85","558.00","560.80","553.25","3.11M","0.57%"
"29-06-2020","553.70","562.00","565.90","550.30","3.86M","-1.55%"
"26-06-2020","562.40","550.05","573.90","545.00","7.03M","2.25%"
"25-06-2020","550.05","557.60","560.70","548.00","6.35M","-1.71%"
"24-06-2020","559.60","575.00","579.80","554.40","5.34M","-3.56%"
"23-06-2020","580.25","569.70","583.50","563.75","4.52M","1.87%"
"22-06-2020","569.60","575.00","576.65","565.40","2.67M","0.00%"
"19-06-2020","569.60","574.00","578.00","567.20","6.18M","-1.61%"
"18-06-2020","578.95","571.20","583.80","570.10","1.92M","0.54%"
"17-06-2020","575.85","580.00","581.85","573.00","3.57M","-0.87%"
"16-06-2020","580.90","585.00","593.50","578.40","4.73M","0.34%"
"15-06-2020","578.95","574.80","581.00","563.70","3.79M","1.44%"
"12-06-2020","570.75","555.20","578.70","555.20","6.62M","-1.26%"
"11-06-2020","578.05","580.00","584.90","574.10","4.98M","-0.11%"
"10-06-2020","578.70","575.00","587.50","573.60","6.49M","1.02%"
"09-06-2020","572.85","574.15","583.60","570.00","3.81M","-0.93%"
"08-06-2020","578.25","579.15","583.50","571.05","3.77M","0.40%"
"05-06-2020","575.95","585.00","587.15","572.50","4.00M","-0.52%"
"04-06-2020","578.95","565.00","583.70","559.00","5.32M","2.87%"
"03-06-2020","562.80","564.00","568.40","557.00","4.20M","0.46%"
"02-06-2020","560.20","559.30","567.75","550.00","2.93M","0.08%"
"01-06-2020","559.75","557.00","573.40","555.50","4.50M","1.73%"
"29-05-2020","550.25","540.00","555.00","536.70","7.85M","1.40%"
"28-05-2020","542.65","531.00","546.00","523.00","4.49M","2.20%"
"27-05-2020","530.95","529.70","533.90","516.00","4.83M","1.33%"
"26-05-2020","524.00","530.00","536.50","520.25","4.06M","-1.21%"
"22-05-2020","530.40","533.65","535.00","523.00","6.41M","-0.83%"
"21-05-2020","534.85","529.80","537.50","523.40","4.52M","1.54%"
"20-05-2020","526.75","515.05","528.65","515.00","3.14M","1.64%"
"19-05-2020","518.25","512.00","520.50","506.20","3.97M","1.47%"
"18-05-2020","510.75","514.70","518.65","507.50","5.16M","-0.10%"
"15-05-2020","511.25","517.95","517.95","505.25","4.90M","-1.20%"
"14-05-2020","517.45","519.40","527.55","514.35","3.74M","-2.14%"
"13-05-2020","528.75","539.85","539.85","521.55","3.50M","0.26%"
"12-05-2020","527.40","525.45","540.00","520.00","6.44M","-0.03%"
"11-05-2020","527.55","526.00","534.90","521.20","4.43M","1.77%"
"08-05-2020","518.40","520.85","522.50","502.40","10.12M","1.30%"
"07-05-2020","511.75","530.00","541.80","507.55","20.00M","-1.42%"
"06-05-2020","519.10","512.20","526.70","506.20","6.92M","-0.25%"
"05-05-2020","520.40","526.00","529.90","515.65","4.59M","1.20%"
"04-05-2020","514.25","527.50","527.50","508.20","7.03M","-5.39%"
"30-04-2020","543.55","506.50","565.50","501.00","8.04M","10.53%"
"29-04-2020","491.75","474.80","501.00","470.20","3.85M","4.38%"
"28-04-2020","471.10","489.00","489.00","469.45","4.26M","-2.48%"
"27-04-2020","483.10","473.10","485.70","467.25","2.91M","3.20%"
"24-04-2020","468.10","480.00","496.90","465.15","6.74M","-2.01%"
"23-04-2020","477.70","465.00","480.75","462.40","3.05M","3.31%"
"22-04-2020","462.40","453.00","469.45","450.00","3.77M","1.47%"
"21-04-2020","455.70","458.00","464.95","447.85","3.41M","-3.04%"
"20-04-2020","470.00","458.00","473.60","453.50","4.80M","3.24%"
"17-04-2020","455.25","470.00","475.00","453.65","4.71M","-0.98%"
"16-04-2020","459.75","473.00","476.00","456.70","10.48M","-3.97%"
"15-04-2020","478.75","470.00","482.00","462.70","6.33M","4.47%"
"13-04-2020","458.25","470.00","471.00","454.00","2.24M","-2.30%"
"09-04-2020","469.05","480.70","481.00","462.00","5.07M","1.28%"
"08-04-2020","463.10","451.00","476.80","449.00","7.99M","2.65%"
"07-04-2020","451.15","425.00","457.95","425.00","5.97M","11.18%"
"03-04-2020","405.80","418.90","428.60","399.30","8.17M","-1.87%"
"01-04-2020","413.55","433.00","433.20","408.20","8.14M","-5.24%"
"31-03-2020","436.40","433.20","449.40","425.30","6.38M","4.15%"
"30-03-2020","419.00","410.00","438.65","410.00","6.33M","-2.71%"
"27-03-2020","430.65","450.25","457.45","420.50","9.15M","-3.81%"
"26-03-2020","447.70","461.10","466.75","441.10","9.50M","-2.16%"
"25-03-2020","457.60","432.00","468.00","417.75","11.98M","3.52%"
"24-03-2020","442.05","413.00","458.85","411.85","9.92M","5.97%"
"23-03-2020","417.15","415.00","444.00","400.45","9.53M","-6.24%"
"20-03-2020","444.90","413.50","461.95","411.85","11.92M","7.61%"
"19-03-2020","413.45","418.90","434.60","375.25","9.27M","-4.79%"
"18-03-2020","434.25","455.00","464.80","429.05","4.94M","-3.64%"
"17-03-2020","450.65","450.00","478.60","443.35","5.15M","-0.01%"
"16-03-2020","450.70","469.00","479.80","446.85","5.28M","-8.56%"
"13-03-2020","492.90","460.00","517.25","395.95","6.86M","-0.09%"
"12-03-2020","493.35","521.00","527.80","486.35","5.32M","-8.09%"
"11-03-2020","536.80","526.75","542.65","514.00","4.85M","-0.68%"
"09-03-2020","540.45","555.00","558.00","536.45","3.70M","-4.55%"
"06-03-2020","566.20","570.00","573.95","559.55","3.29M","-1.77%"
"05-03-2020","576.40","568.00","581.90","563.15","6.06M","2.36%"
"04-03-2020","563.10","569.00","575.40","561.00","5.18M","-0.35%"
"03-03-2020","565.05","556.00","568.75","555.00","4.68M","2.79%"
"02-03-2020","549.70","541.05","565.85","537.85","8.18M","2.87%"
"28-02-2020","534.35","560.00","564.00","531.20","7.89M","-6.75%"
"27-02-2020","573.05","582.10","582.40","568.00","4.08M","-1.81%"
"26-02-2020","583.60","576.90","589.05","575.50","5.46M","0.20%"
"25-02-2020","582.45","595.50","595.70","575.00","5.53M","-2.13%"
"24-02-2020","595.15","608.00","609.00","591.50","4.07M","-2.12%"
"20-02-2020","608.05","611.00","612.95","605.15","4.82M","0.38%"
"19-02-2020","605.75","614.45","618.25","604.00","3.80M","-0.21%"
"18-02-2020","607.05","613.45","615.80","605.15","5.24M","-1.04%"
"17-02-2020","613.45","623.00","623.50","612.35","2.19M","-1.32%"
"14-02-2020","621.65","612.45","623.25","612.25","3.65M","1.50%"
"13-02-2020","612.45","612.00","613.95","604.05","2.09M","-0.27%"
"12-02-2020","614.10","613.00","620.50","610.30","4.87M","0.56%"
"11-02-2020","610.65","606.00","613.75","605.70","2.46M","0.95%"
"10-02-2020","604.90","608.90","611.55","601.65","2.29M","-0.46%"
"07-02-2020","607.70","601.65","609.20","599.15","2.87M","1.33%"
"06-02-2020","599.70","598.95","613.00","598.00","4.70M","0.69%"
"05-02-2020","595.60","589.40","598.50","586.00","3.01M","1.55%"
"04-02-2020","586.50","583.00","589.25","582.50","3.25M","1.28%"
"03-02-2020","579.10","591.40","593.65","577.50","4.02M","-2.00%"
"01-02-2020","590.90","591.40","597.70","580.75","941.43K","-0.08%"
"31-01-2020","591.40","607.85","608.90","589.60","3.59M","-2.71%"
"30-01-2020","607.85","612.00","613.85","603.65","3.33M","-0.16%"
"29-01-2020","608.85","605.00","611.50","602.20","4.28M","1.23%"
"28-01-2020","601.45","607.30","607.35","592.60","5.33M","-0.48%"
"27-01-2020","604.35","607.70","608.00","601.75","2.45M","-0.55%"
"24-01-2020","607.70","599.00","609.00","595.50","3.55M","1.46%"
"23-01-2020","598.95","590.10","599.95","587.00","6.09M","1.41%"
"22-01-2020","590.65","585.20","595.00","581.50","4.40M","1.13%"
"21-01-2020","584.05","589.30","593.25","582.35","2.64M","-0.88%"
"20-01-2020","589.25","618.00","618.00","584.10","10.27M","-1.59%"
"17-01-2020","598.80","585.00","602.00","585.00","4.56M","0.94%"
"16-01-2020","593.25","597.00","598.30","586.75","2.11M","-0.42%"
"15-01-2020","595.75","597.00","598.30","591.70","2.35M","0.24%"
"14-01-2020","594.30","587.20","597.40","587.15","3.40M","1.33%"
"13-01-2020","586.50","583.95","590.00","581.00","4.10M","1.06%"
"10-01-2020","580.35","582.00","589.80","577.40","2.05M","0.01%"
"09-01-2020","580.30","586.00","588.15","579.25","2.31M","-0.93%"
"08-01-2020","585.75","583.00","593.00","578.00","3.59M","0.26%"
"07-01-2020","584.25","582.00","587.75","579.05","3.18M","0.39%"
"06-01-2020","582.00","585.00","592.20","579.45","3.59M","-0.52%"
"03-01-2020","585.05","574.00","588.50","572.85","3.27M","2.01%"
"02-01-2020","573.55","572.55","575.00","570.50","1.08M","0.28%"
"01-01-2020","571.95","569.40","572.90","566.85","918.37K","0.68%"
"31-12-2019","568.10","569.10","571.50","565.05","1.84M","-0.21%"
"30-12-2019","569.30","567.00","577.50","564.25","1.80M","0.31%"
"27-12-2019","567.55","562.95","569.00","557.00","2.79M","1.26%"
"26-12-2019","560.50","561.65","565.00","559.55","1.85M","-0.01%"
"24-12-2019","560.55","572.00","572.65","559.30","2.35M","-1.82%"
"23-12-2019","570.95","567.50","575.55","566.55","1.59M","0.18%"
"20-12-2019","569.90","573.50","573.75","565.50","3.14M","0.07%"
"19-12-2019","569.50","565.50","574.00","564.75","3.47M","0.85%"
"18-12-2019","564.70","560.00","566.95","559.00","4.62M","1.25%"
"17-12-2019","557.75","555.50","559.00","552.50","3.85M","1.01%"
"16-12-2019","552.20","546.00","554.95","545.05","4.59M","1.67%"
"13-12-2019","543.15","538.00","545.00","536.80","2.89M","1.27%"
"12-12-2019","536.35","547.30","547.80","535.05","2.06M","-1.37%"
"11-12-2019","543.80","545.00","549.90","539.45","2.39M","-0.12%"
"10-12-2019","544.45","552.05","554.90","541.80","1.63M","-1.38%"
"09-12-2019","552.05","562.55","563.20","547.00","2.19M","-1.47%"
"06-12-2019","560.30","563.90","567.05","558.65","1.66M","-0.11%"
"05-12-2019","560.90","563.80","567.65","557.15","2.68M","-0.33%"
"04-12-2019","562.75","563.50","565.00","558.23","5.90M","0.09%"
"03-12-2019","562.27","564.98","565.50","560.50","3.57M","-0.07%"
"02-12-2019","562.65","569.50","569.50","561.75","3.00M","-0.21%"
"29-11-2019","563.83","568.00","568.42","562.55","2.39M","-0.44%"
"28-11-2019","566.33","569.50","571.70","562.75","2.41M","0.39%"
"27-11-2019","564.12","554.50","567.20","554.50","3.35M","1.82%"
"26-11-2019","554.02","563.25","567.25","549.23","6.46M","-1.49%"
"25-11-2019","562.38","558.50","563.05","553.02","1.69M","0.90%"
"22-11-2019","557.38","565.23","567.48","554.48","2.60M","-1.92%"
"21-11-2019","568.30","569.30","574.25","565.77","3.88M","0.34%"
"20-11-2019","566.40","567.50","568.85","562.75","2.23M","-0.16%"
"19-11-2019","567.33","569.50","571.75","564.33","2.37M","-0.56%"
"18-11-2019","570.55","574.00","574.85","569.40","2.48M","-0.11%"
"15-11-2019","571.15","575.48","579.90","570.00","3.06M","-0.48%"
"14-11-2019","573.90","570.75","578.70","567.55","2.54M","0.81%"
"13-11-2019","569.30","575.00","578.05","567.35","3.38M","-0.64%"
"11-11-2019","572.98","575.00","576.85","565.10","1.91M","-0.36%"
"08-11-2019","575.05","574.17","582.20","573.05","4.03M","0.14%"
"07-11-2019","574.23","574.50","577.10","568.05","2.54M","0.01%"
"06-11-2019","574.17","580.00","580.02","570.60","4.58M","-0.89%"
"05-11-2019","579.35","578.05","580.30","571.67","2.88M","0.24%"
"04-11-2019","577.95","580.02","583.15","576.02","3.02M","0.34%"
"01-11-2019","576.00","579.45","583.50","571.70","2.13M","-0.93%"
"31-10-2019","581.38","572.88","585.00","569.27","5.85M","1.40%"
"30-10-2019","573.38","575.00","575.00","569.10","2.44M","0.61%"
"29-10-2019","569.88","565.45","572.92","563.98","3.22M","0.82%"
"27-10-2019","565.25","569.00","569.83","562.55","303.92K","-0.31%"
"25-10-2019","567.02","560.50","568.62","549.05","4.59M","1.34%"
"24-10-2019","559.52","577.55","579.50","555.25","13.50M","2.18%"
"23-10-2019","547.58","535.00","551.98","534.00","7.83M","2.88%"
"22-10-2019","532.23","545.10","547.95","525.75","5.50M","-2.83%"
"18-10-2019","547.75","547.48","552.73","544.20","1.65M","0.23%"
"17-10-2019","546.52","550.00","551.10","542.27","1.55M","-0.71%"
"16-10-2019","550.45","544.50","553.50","541.55","3.02M","1.51%"
"15-10-2019","542.25","544.55","549.58","539.73","3.00M","-0.21%"
"14-10-2019","543.40","541.20","549.90","537.00","2.78M","0.68%"
"11-10-2019","539.75","525.00","545.00","524.00","4.31M","1.50%"
"10-10-2019","531.75","525.52","533.05","520.70","2.71M","1.18%"
"09-10-2019","525.55","535.02","536.98","520.08","3.75M","-2.17%"
"07-10-2019","537.20","542.88","545.50","534.45","1.91M","-0.44%"
"04-10-2019","539.55","538.00","540.90","532.33","2.69M","0.21%"
"03-10-2019","538.40","529.00","545.00","527.08","3.44M","1.63%"
"01-10-2019","529.77","540.50","540.50","526.60","4.19M","-1.95%"
"30-09-2019","540.30","522.00","548.25","521.52","8.56M","3.80%"
"27-09-2019","520.52","522.75","526.80","517.05","4.46M","-0.39%"
"26-09-2019","522.58","527.00","527.77","516.62","6.06M","-0.82%"
"25-09-2019","526.92","524.75","531.00","522.10","4.31M","0.61%"
"24-09-2019","523.70","511.60","525.85","511.50","5.61M","1.40%"
"23-09-2019","516.45","531.50","531.50","508.50","4.73M","-1.54%"
"20-09-2019","524.55","526.00","531.77","518.65","5.74M","-0.04%"
"19-09-2019","524.77","529.00","529.00","516.12","3.76M","-0.84%"
"18-09-2019","529.23","529.83","533.48","525.33","2.57M","0.25%"
"17-09-2019","527.92","534.50","534.50","523.27","3.82M","-1.31%"
"16-09-2019","534.95","535.00","539.48","528.50","3.89M","0.13%"
"13-09-2019","534.25","527.45","535.00","526.95","3.09M","1.29%"
"12-09-2019","527.45","528.50","532.23","524.00","4.06M","-0.26%"
"11-09-2019","528.85","544.00","547.00","526.30","5.33M","-2.46%"
"09-09-2019","542.20","551.00","551.00","540.50","3.52M","-1.45%"
"06-09-2019","550.20","557.75","560.58","548.48","2.08M","-1.04%"
"05-09-2019","555.98","562.73","562.73","551.88","2.78M","-1.22%"
"04-09-2019","562.83","556.17","564.25","551.95","2.43M","1.56%"
"03-09-2019","554.17","553.50","565.30","551.42","4.09M","0.73%"
"30-08-2019","550.17","557.85","557.90","541.60","6.74M","-1.56%"
"29-08-2019","558.88","556.50","562.85","555.00","2.95M","-0.55%"
"28-08-2019","561.98","548.50","565.00","546.15","6.99M","2.82%"
"27-08-2019","546.55","549.50","550.00","531.90","6.60M","0.02%"
"26-08-2019","546.42","545.80","548.00","531.83","2.31M","0.54%"
"23-08-2019","543.50","539.50","548.73","538.80","3.32M","0.75%"
"22-08-2019","539.45","535.25","543.17","528.02","2.58M","0.82%"
"21-08-2019","535.08","541.48","541.77","533.02","2.56M","-1.28%"
"20-08-2019","542.00","533.95","545.40","532.55","4.28M","1.88%"
"19-08-2019","532.02","532.80","538.98","528.83","1.68M","0.12%"
"16-08-2019","531.38","538.45","538.45","525.25","3.11M","-1.25%"
"14-08-2019","538.08","534.58","541.70","528.73","2.80M","0.34%"
"13-08-2019","536.25","545.95","545.95","533.67","2.51M","-1.27%"
"09-08-2019","543.15","542.40","551.23","538.90","5.65M","-0.18%"
"08-08-2019","544.12","517.98","547.50","514.02","12.49M","6.41%"
"07-08-2019","511.32","512.58","522.95","508.23","3.97M","-0.15%"
"06-08-2019","512.10","505.55","518.50","501.60","3.17M","1.30%"
"05-08-2019","505.55","501.70","508.50","498.55","2.69M","0.06%"
"02-08-2019","505.25","508.50","508.95","496.50","3.54M","-1.08%"
"01-08-2019","510.77","514.58","521.23","507.55","3.49M","-1.26%"
"31-07-2019","517.27","511.25","518.95","501.48","3.71M","1.07%"
"30-07-2019","511.80","507.50","513.67","505.40","2.13M","0.80%"
"29-07-2019","507.73","502.50","512.00","502.00","1.83M","1.40%"
"26-07-2019","500.73","503.85","506.05","498.70","2.33M","-0.97%"
"25-07-2019","505.65","510.55","513.83","501.50","6.04M","-0.98%"
"24-07-2019","510.65","504.98","512.42","500.75","2.38M","1.02%"
"23-07-2019","505.48","510.32","512.98","503.57","2.01M","-0.79%"
"22-07-2019","509.48","507.80","513.62","501.62","1.90M","0.33%"
"19-07-2019","507.80","512.00","515.40","504.60","2.14M","-0.29%"
"18-07-2019","509.27","516.70","518.50","508.00","2.61M","-2.13%"
"17-07-2019","520.38","512.20","521.50","510.45","2.29M","2.07%"
"16-07-2019","509.82","515.95","516.08","506.73","3.45M","-0.76%"
"15-07-2019","513.75","517.23","519.00","510.00","2.63M","0.35%"
"12-07-2019","511.95","508.02","514.85","504.50","2.90M","0.30%"
"11-07-2019","510.40","513.90","513.90","507.52","1.55M","0.19%"
"10-07-2019","509.45","507.00","517.50","506.55","1.73M","-0.18%"
"09-07-2019","510.38","516.73","523.90","504.00","3.21M","-1.76%"
"08-07-2019","519.52","505.50","522.90","505.02","4.01M","2.23%"
"05-07-2019","508.20","521.95","524.50","506.32","2.51M","-2.34%"
"04-07-2019","520.38","524.35","525.60","516.90","2.55M","-0.99%"
"03-07-2019","525.60","530.50","532.38","523.80","1.21M","-0.83%"
"02-07-2019","530.00","526.50","532.33","521.50","2.01M","1.04%"
"01-07-2019","524.55","533.62","534.95","523.67","2.47M","-1.46%"
"28-06-2019","532.33","535.35","537.98","529.35","2.83M","0.18%"
"27-06-2019","531.38","537.15","542.02","529.98","2.78M","-1.48%"
"26-06-2019","539.38","536.10","546.33","536.10","3.28M","-0.02%"
"25-06-2019","539.50","538.95","540.55","530.08","2.20M","0.10%"
"24-06-2019","538.95","539.50","542.02","534.05","1.35M","0.15%"
"21-06-2019","538.12","546.25","546.33","535.58","4.70M","-1.02%"
"20-06-2019","543.67","535.00","545.50","532.83","1.90M","0.30%"
"19-06-2019","542.05","545.05","548.30","538.90","2.44M","-0.50%"
"18-06-2019","544.80","537.45","547.08","537.33","1.41M","1.37%"
"17-06-2019","537.45","542.00","543.85","535.75","2.49M","-1.11%"
"14-06-2019","543.50","546.55","551.17","542.00","3.47M","-1.26%"
"13-06-2019","550.45","551.50","553.05","546.50","3.95M","-0.65%"
"12-06-2019","554.05","553.50","555.00","545.65","3.14M","0.02%"
"11-06-2019","553.95","550.00","558.48","546.95","6.49M","1.53%"
"10-06-2019","545.60","543.45","550.90","540.70","2.06M","1.07%"
"07-06-2019","539.80","541.50","543.60","535.62","3.27M","0.04%"
"06-06-2019","539.60","545.00","550.58","537.77","4.70M","-0.61%"
"04-06-2019","542.92","556.20","556.70","540.50","4.13M","-2.63%"
"03-06-2019","557.60","549.42","559.50","543.58","3.40M","2.07%"
"31-05-2019","546.27","542.50","549.70","540.02","4.26M","1.33%"
"30-05-2019","539.10","544.00","549.17","534.00","4.75M","-0.63%"
"29-05-2019","542.50","535.70","547.50","534.10","4.35M","1.28%"
"28-05-2019","535.65","535.50","544.98","527.62","10.63M","0.67%"
"27-05-2019","532.10","536.00","540.50","529.10","3.16M","-0.17%"
"24-05-2019","532.98","535.50","537.00","527.05","4.34M","-0.04%"
"23-05-2019","533.20","532.00","535.50","525.12","3.88M","0.51%"
"22-05-2019","530.50","528.50","537.50","526.85","3.42M","0.46%"
"21-05-2019","528.05","535.70","537.00","526.33","1.61M","-1.62%"
"20-05-2019","536.77","532.50","541.90","525.62","2.38M","1.02%"
"17-05-2019","531.35","537.52","538.50","529.88","2.78M","-0.89%"
"16-05-2019","536.12","539.95","540.23","528.02","2.23M","0.45%"
"15-05-2019","533.73","536.48","543.25","531.42","3.24M","-0.04%"
"14-05-2019","533.92","541.83","541.83","528.50","4.39M","-1.46%"
"13-05-2019","541.83","544.15","550.38","539.00","3.37M","-0.28%"
"10-05-2019","543.33","555.50","555.50","536.40","15.54M","-4.39%"
"09-05-2019","568.30","562.25","572.50","555.05","4.96M","0.35%"
"08-05-2019","566.30","566.00","570.00","561.20","2.99M","0.07%"
"07-05-2019","565.88","568.67","575.00","558.00","4.69M","-0.38%"
"06-05-2019","568.02","569.95","572.20","564.02","2.83M","-0.61%"
"03-05-2019","571.52","572.00","574.58","563.12","5.71M","-1.47%"
"02-05-2019","580.02","585.00","590.25","578.25","4.23M","-1.97%"
"30-04-2019","591.67","570.02","593.80","570.00","8.31M","3.82%"
"26-04-2019","569.88","570.00","584.92","567.50","3.47M","0.53%"
"25-04-2019","566.85","570.50","575.70","564.52","5.36M","-0.46%"
"24-04-2019","569.48","551.50","571.05","548.42","5.68M","3.35%"
"23-04-2019","551.00","551.30","555.98","548.30","2.14M","0.08%"
"22-04-2019","550.55","551.75","557.15","547.50","2.23M","-0.14%"
"18-04-2019","551.33","554.00","561.95","545.25","4.06M","-0.40%"
"16-04-2019","553.52","554.75","558.12","551.17","2.40M","0.34%"
"15-04-2019","551.62","544.50","554.00","542.50","3.87M","1.83%"
"12-04-2019","541.73","544.40","550.42","538.30","2.84M","-0.49%"
"11-04-2019","544.42","546.15","550.55","542.50","3.04M","-0.90%"
"10-04-2019","549.35","560.00","562.65","548.10","4.83M","-1.74%"
"09-04-2019","559.08","548.17","564.42","548.10","6.50M","1.99%"
"08-04-2019","548.17","547.50","550.50","540.48","4.03M","0.32%"
"05-04-2019","546.40","545.17","552.33","542.75","3.41M","-0.48%"
"04-04-2019","549.02","559.00","559.02","540.75","8.44M","-2.01%"
"03-04-2019","560.30","551.30","566.65","545.77","5.30M","1.63%"
"02-04-2019","551.30","555.00","560.00","546.25","2.79M","-0.73%"
"01-04-2019","555.38","545.00","560.00","541.02","4.62M","2.14%"
"29-03-2019","543.73","545.00","549.23","533.83","5.65M","0.42%"
"28-03-2019","541.45","525.70","544.17","525.00","8.63M","3.81%"
"27-03-2019","521.58","510.00","528.17","510.00","2.91M","0.83%"
"26-03-2019","517.30","506.68","521.90","505.75","3.31M","1.67%"
"25-03-2019","508.82","514.50","514.50","505.93","3.06M","-0.70%"
"22-03-2019","512.42","519.00","524.00","509.00","5.24M","-1.26%"
"20-03-2019","518.98","521.00","527.25","515.75","4.41M","0.17%"
"19-03-2019","518.10","510.05","521.00","506.55","3.24M","2.39%"
"18-03-2019","506.00","516.05","519.98","504.18","2.35M","-1.68%"
"15-03-2019","514.65","506.00","516.92","504.40","5.21M","2.24%"
"14-03-2019","503.38","517.50","520.27","502.05","3.79M","-2.10%"
"13-03-2019","514.17","509.35","521.50","507.05","6.80M","1.48%"
"12-03-2019","506.68","503.55","509.75","500.02","4.90M","0.89%"
"11-03-2019","502.20","503.50","510.88","500.50","4.55M","-0.46%"
"08-03-2019","504.52","514.70","514.98","503.00","3.18M","-2.46%"
"07-03-2019","517.27","523.80","525.25","516.00","2.07M","-0.83%"
"06-03-2019","521.62","530.30","531.00","519.30","2.81M","-0.88%"
"05-03-2019","526.27","528.85","529.90","522.60","2.12M","-0.01%"
"01-03-2019","526.30","527.50","530.70","521.88","2.30M","-0.12%"
"28-02-2019","526.95","534.98","534.98","523.85","6.66M","-0.61%"
"27-02-2019","530.17","530.00","533.00","519.00","3.33M","0.14%"
"26-02-2019","529.42","540.30","547.98","527.48","3.73M","-2.16%"
"25-02-2019","541.12","535.30","542.50","531.48","2.34M","1.51%"
"22-02-2019","533.08","522.10","535.25","522.00","2.84M","1.21%"
"21-02-2019","526.70","530.00","530.75","521.30","2.60M","-0.43%"
"20-02-2019","528.98","521.17","530.75","513.00","2.56M","1.82%"
"19-02-2019","519.52","524.00","525.60","518.17","1.84M","-0.69%"
"18-02-2019","523.15","530.40","536.00","516.25","2.55M","-1.03%"
"15-02-2019","528.62","533.10","533.67","520.75","2.49M","-0.38%"
"14-02-2019","530.65","535.00","535.00","528.52","1.97M","-0.83%"
"13-02-2019","535.08","530.00","536.50","523.52","2.64M","1.07%"
"12-02-2019","529.40","538.00","539.20","526.38","2.79M","-1.90%"
"11-02-2019","539.67","534.05","542.00","531.50","3.16M","1.02%"
"08-02-2019","534.23","530.00","538.00","529.02","3.73M","0.52%"
"07-02-2019","531.45","528.00","538.90","528.00","3.25M","0.73%"
"06-02-2019","527.60","525.50","532.48","522.55","2.33M","0.71%"
"05-02-2019","523.88","523.25","527.50","520.75","2.37M","0.28%"
"04-02-2019","522.40","522.50","528.90","520.15","4.13M","0.09%"
"01-02-2019","521.92","505.30","525.00","505.25","6.46M","3.84%"
"31-01-2019","502.60","509.80","511.57","493.38","9.06M","-1.30%"
"30-01-2019","509.20","509.00","517.50","500.75","14.05M","3.03%"
"29-01-2019","494.23","489.00","497.43","480.55","4.73M","1.09%"
"28-01-2019","488.90","486.50","490.00","481.95","3.03M","0.87%"
"25-01-2019","484.70","474.50","487.85","473.05","4.31M","2.42%"
"24-01-2019","473.23","472.45","476.85","469.62","2.95M","0.21%"
"23-01-2019","472.23","473.75","474.98","469.35","5.64M","0.39%"
"22-01-2019","470.38","481.00","482.27","468.50","4.79M","-2.59%"
"21-01-2019","482.88","484.52","490.75","481.02","3.27M","-0.06%"
"18-01-2019","483.15","474.30","484.38","473.18","4.69M","1.22%"
"17-01-2019","477.35","467.55","478.50","466.55","3.69M","1.75%"
"16-01-2019","469.12","474.00","477.10","468.38","1.70M","-1.00%"
"15-01-2019","473.85","464.50","477.95","464.50","3.69M","1.12%"
"14-01-2019","468.60","470.50","472.00","464.00","1.96M","-0.30%"
"11-01-2019","470.02","467.50","470.50","460.00","4.33M","0.45%"
"10-01-2019","467.93","471.50","471.50","466.00","1.83M","-0.27%"
"09-01-2019","469.20","473.50","474.27","466.15","2.47M","-0.71%"
"08-01-2019","472.57","474.00","474.00","466.55","3.03M","0.38%"
"07-01-2019","470.77","469.95","475.00","467.95","2.34M","0.98%"
"04-01-2019","466.18","473.00","475.27","462.50","3.08M","-1.69%"
"03-01-2019","474.18","475.00","480.00","472.50","2.81M","0.21%"
"02-01-2019","473.18","479.50","481.00","469.57","2.27M","-1.41%"
"01-01-2019","479.93","481.00","482.50","476.43","717.47K","-0.47%"
"31-12-2018","482.18","481.23","483.30","477.80","1.44M","0.63%"
"28-12-2018","479.18","476.05","481.50","475.00","1.56M","1.01%"
"27-12-2018","474.40","474.50","480.00","471.32","5.10M","0.64%"
"26-12-2018","471.40","469.00","473.85","465.50","2.43M","0.53%"
"24-12-2018","468.93","477.50","477.95","467.57","2.94M","-1.74%"
"21-12-2018","477.23","478.52","482.00","472.50","10.44M","-0.53%"
"20-12-2018","479.75","474.15","482.35","474.00","4.53M","0.25%"
"19-12-2018","478.57","490.00","491.80","477.00","6.12M","-2.85%"
"18-12-2018","492.60","484.98","494.40","479.70","3.87M","1.40%"
"17-12-2018","485.82","482.55","487.00","476.95","2.79M","1.09%"
"14-12-2018","480.60","483.00","484.40","475.00","4.61M","-1.72%"
"13-12-2018","489.02","485.02","491.27","481.73","2.76M","0.70%"
"12-12-2018","485.62","482.50","487.00","471.65","3.65M","1.50%"
"11-12-2018","478.43","470.50","482.57","465.35","5.61M","1.58%"
"10-12-2018","471.00","479.98","485.35","468.55","6.18M","-2.07%"
"07-12-2018","480.98","500.00","500.00","467.23","21.09M","-4.99%"
"06-12-2018","506.25","524.67","532.75","504.50","4.05M","-3.67%"
"05-12-2018","525.52","518.23","529.00","511.00","3.87M","1.43%"
"04-12-2018","518.12","509.05","521.50","508.52","2.84M","1.77%"
"03-12-2018","509.10","510.55","512.85","502.35","2.91M","0.32%"
"30-11-2018","507.50","509.00","513.15","502.12","4.22M","0.15%"
"29-11-2018","506.73","521.65","522.67","504.25","3.26M","-2.84%"
"28-11-2018","521.55","511.60","523.88","506.18","2.46M","1.95%"
"27-11-2018","511.57","499.35","514.50","496.50","4.10M","2.26%"
"26-11-2018","500.25","492.25","502.95","481.50","4.76M","2.19%"
"22-11-2018","489.52","494.00","501.00","487.70","3.13M","-0.62%"
"21-11-2018","492.57","501.52","507.00","489.77","2.50M","-2.36%"
"20-11-2018","504.48","517.50","517.50","501.65","2.63M","-2.99%"
"19-11-2018","520.05","511.10","521.40","507.12","4.18M","1.75%"
"16-11-2018","511.10","498.50","518.90","496.88","6.70M","3.38%"
"15-11-2018","494.38","499.95","514.50","490.90","3.58M","-0.84%"
"14-11-2018","498.55","515.50","515.70","481.50","3.03M","-3.49%"
"13-11-2018","516.60","519.92","527.42","514.67","2.74M","-0.35%"
"12-11-2018","518.40","516.23","529.50","516.02","4.78M","0.87%"
"09-11-2018","513.95","521.50","523.50","506.75","7.34M","-0.35%"
"07-11-2018","515.77","514.50","517.42","513.38","139.25K","0.26%"
"06-11-2018","514.45","511.38","521.00","506.80","2.92M","0.80%"
"05-11-2018","510.38","502.75","512.08","501.90","1.94M","1.61%"
"02-11-2018","502.30","508.00","514.75","497.57","5.58M","-0.43%"
"01-11-2018","504.45","527.50","528.73","501.75","3.95M","-4.42%"
"31-10-2018","527.80","502.65","532.85","501.00","6.58M","5.05%"
"30-10-2018","502.43","493.65","508.48","488.35","6.12M","1.95%"
"29-10-2018","492.82","482.60","495.98","476.88","2.79M","1.97%"
"26-10-2018","483.30","499.98","499.98","481.00","3.62M","-3.81%"
"25-10-2018","502.43","489.40","505.73","484.00","6.18M","2.46%"
"24-10-2018","490.35","487.50","495.27","472.90","8.44M","3.06%"
"23-10-2018","475.77","485.00","491.80","473.80","2.95M","-2.91%"
"22-10-2018","490.02","482.00","493.95","478.57","3.77M","2.25%"
"19-10-2018","479.25","508.00","509.70","476.65","6.87M","-6.42%"
"17-10-2018","512.12","503.50","518.00","503.50","3.25M","2.08%"
"16-10-2018","501.70","500.00","506.25","494.52","3.00M","0.04%"
"15-10-2018","501.48","490.00","503.07","490.00","3.61M","1.81%"
"12-10-2018","492.57","501.65","503.50","487.25","4.65M","-2.36%"
"11-10-2018","504.50","512.75","512.75","499.00","6.27M","-4.07%"
"10-10-2018","525.90","529.50","531.52","519.27","4.52M","-1.55%"
"09-10-2018","534.20","533.25","539.52","521.73","2.69M","-0.35%"
"08-10-2018","536.05","535.00","542.27","524.00","2.31M","-1.10%"
"05-10-2018","542.00","536.00","549.00","535.05","2.90M","0.64%"
"04-10-2018","538.55","542.42","546.42","530.50","3.89M","-1.30%"
"03-10-2018","545.65","549.95","550.85","536.90","4.73M","-0.65%"
"01-10-2018","549.20","542.60","550.50","540.50","3.41M","0.97%"
"28-09-2018","543.90","546.05","549.88","542.75","4.45M","-0.40%"
"27-09-2018","546.10","546.98","552.23","544.25","5.73M","0.19%"
"26-09-2018","545.08","560.05","560.42","542.58","2.87M","-2.35%"
"25-09-2018","558.17","551.00","562.52","547.15","5.66M","1.83%"
"24-09-2018","548.15","542.95","553.00","540.27","4.43M","1.05%"
"21-09-2018","542.45","545.50","546.00","539.27","6.60M","-0.22%"
"19-09-2018","543.65","541.50","549.23","540.55","4.44M","0.31%"
"18-09-2018","541.95","540.00","545.50","539.20","2.75M","0.51%"
"17-09-2018","539.20","535.02","542.20","535.02","3.02M","0.72%"
"14-09-2018","535.35","542.00","544.23","532.60","7.29M","-1.48%"
"12-09-2018","543.40","546.00","549.50","541.05","4.14M","0.16%"
"11-09-2018","542.55","545.00","549.50","541.00","8.47M","-0.33%"
"10-09-2018","544.35","538.50","548.45","538.50","8.21M","1.37%"
"07-09-2018","536.98","543.48","543.48","532.67","4.38M","-1.36%"
"06-09-2018","544.40","537.50","544.90","532.70","5.99M","0.91%"
"05-09-2018","539.48","537.90","543.50","534.00","5.70M","0.24%"
"04-09-2018","538.17","525.58","539.50","525.50","5.58M","2.59%"
"03-09-2018","524.58","526.50","530.50","522.30","4.45M","0.26%"
"31-08-2018","523.23","510.50","527.50","509.75","6.56M","2.94%"
"30-08-2018","508.27","514.50","516.45","506.77","4.88M","-1.58%"
"29-08-2018","516.42","519.15","520.58","513.50","4.06M","-0.76%"
"28-08-2018","520.38","520.00","523.38","518.45","2.63M","0.17%"
"27-08-2018","519.50","513.00","520.15","512.50","2.49M","1.53%"
"24-08-2018","511.68","515.23","519.52","510.07","4.54M","-0.22%"
"23-08-2018","512.83","505.00","514.05","505.00","5.54M","2.10%"
"21-08-2018","502.30","500.90","507.00","499.18","9.84M","1.66%"
"20-08-2018","494.12","502.50","503.25","493.50","2.83M","-1.48%"
"17-08-2018","501.52","500.00","503.90","497.52","2.96M","0.58%"
"16-08-2018","498.62","498.90","507.40","496.15","5.91M","-0.25%"
"14-08-2018","499.85","494.07","501.00","489.50","4.96M","1.70%"
"13-08-2018","491.50","482.98","492.12","482.75","2.89M","1.76%"
"10-08-2018","483.00","480.65","483.90","478.15","2.42M","0.98%"
"09-08-2018","478.32","483.98","483.98","477.55","2.01M","-0.82%"
"08-08-2018","482.27","484.50","484.90","478.62","1.52M","-0.44%"
"07-08-2018","484.40","480.45","485.48","479.55","2.24M","1.29%"
"06-08-2018","478.25","484.00","484.27","476.50","2.17M","-0.74%"
"03-08-2018","481.82","483.02","484.95","478.73","2.29M","0.33%"
"02-08-2018","480.25","488.00","492.00","479.27","3.20M","-1.85%"
"01-08-2018","489.32","484.00","490.00","482.50","3.57M","1.40%"
"31-07-2018","482.55","475.18","483.25","473.68","4.77M","1.90%"
"30-07-2018","473.57","486.50","490.57","471.55","6.45M","-1.69%"
"27-07-2018","481.73","479.50","484.85","475.25","4.93M","1.14%"
"26-07-2018","476.30","482.15","483.98","472.52","7.97M","-1.21%"
"25-07-2018","482.15","496.50","496.75","480.00","5.64M","-2.75%"
"24-07-2018","495.80","500.75","504.50","494.57","2.93M","-1.32%"
"23-07-2018","502.43","501.50","505.48","495.55","3.30M","0.57%"
"20-07-2018","499.60","491.80","502.25","490.27","4.38M","1.74%"
"19-07-2018","491.05","495.00","497.25","488.25","1.50M","-0.79%"
"18-07-2018","494.95","492.95","498.40","492.02","3.78M","0.98%"
"17-07-2018","490.15","488.60","492.00","484.50","3.24M","0.84%"
"16-07-2018","486.05","492.50","495.45","485.10","3.40M","-1.15%"
"13-07-2018","491.68","498.50","498.90","488.00","11.52M","-2.25%"
"12-07-2018","503.02","502.98","509.90","501.00","10.09M","1.27%"
"11-07-2018","496.73","491.85","500.55","489.57","10.21M","1.42%"
"10-07-2018","489.77","497.50","497.50","487.52","11.04M","1.87%"
"09-07-2018","480.77","474.50","482.50","472.95","3.71M","1.87%"
"06-07-2018","471.95","467.50","474.77","461.50","5.06M","1.38%"
"05-07-2018","465.52","464.05","467.75","460.50","3.42M","0.58%"
"04-07-2018","462.82","468.48","469.25","462.00","1.55M","-1.27%"
"03-07-2018","468.75","465.00","469.95","458.57","2.05M","1.23%"
"02-07-2018","463.05","463.50","466.23","460.43","1.78M","-0.02%"
"29-06-2018","463.12","457.05","464.38","456.68","6.06M","1.83%"
"28-06-2018","454.80","463.23","464.98","452.45","13.57M","-1.24%"
"27-06-2018","460.52","456.10","462.50","455.15","5.75M","1.17%"
"26-06-2018","455.20","454.50","457.75","453.30","3.25M","0.17%"
"25-06-2018","454.45","452.45","458.75","452.00","4.26M","0.45%"
"22-06-2018","452.40","453.52","460.90","450.93","4.04M","0.25%"
"21-06-2018","451.27","456.05","458.50","449.55","3.21M","-0.92%"
"20-06-2018","455.48","460.50","464.38","453.20","2.82M","-1.03%"
"19-06-2018","460.23","466.45","470.27","457.70","2.81M","-1.37%"
"18-06-2018","466.60","477.25","478.68","465.62","2.65M","-1.59%"
"15-06-2018","474.15","468.48","477.00","465.52","6.19M","1.21%"
"14-06-2018","468.48","464.00","470.00","460.52","3.76M","1.44%"
"13-06-2018","461.85","460.00","462.90","457.02","2.11M","0.97%"
"12-06-2018","457.40","456.48","462.00","455.82","2.96M","0.35%"
"11-06-2018","455.80","466.50","471.25","453.88","4.11M","-1.84%"
"08-06-2018","464.35","460.50","467.95","458.93","2.27M","0.80%"
"07-06-2018","460.68","452.50","463.00","452.50","2.14M","1.36%"
"06-06-2018","454.48","445.98","458.90","445.00","2.34M","2.70%"
"05-06-2018","442.52","452.98","455.10","440.02","2.55M","-1.74%"
"04-06-2018","450.35","453.50","458.45","449.57","1.51M","-0.46%"
"01-06-2018","452.43","455.00","461.95","450.00","1.94M","-0.60%"
"31-05-2018","455.18","454.00","457.40","450.52","5.62M","0.33%"
"30-05-2018","453.68","453.50","455.90","448.80","2.37M","0.25%"
"29-05-2018","452.55","449.50","454.75","447.50","1.99M","1.19%"
"28-05-2018","447.25","458.00","458.50","445.50","2.65M","-2.35%"
"25-05-2018","458.00","458.95","461.93","456.00","2.09M","0.47%"
"24-05-2018","455.85","452.98","458.95","450.10","6.31M","1.94%"
"23-05-2018","447.18","452.50","459.20","445.93","3.73M","-1.16%"
"22-05-2018","452.45","445.18","455.85","444.77","2.49M","1.00%"
"21-05-2018","447.98","446.00","450.27","443.50","2.94M","0.59%"
"18-05-2018","445.35","452.50","459.00","443.55","3.52M","-2.10%"
"17-05-2018","454.88","463.45","463.45","452.35","2.90M","-1.14%"
"16-05-2018","460.12","461.25","465.45","458.25","1.96M","-0.51%"
"15-05-2018","462.50","460.15","466.35","455.77","4.24M","-0.03%"
"14-05-2018","462.65","468.70","468.70","460.23","3.13M","-0.81%"
"11-05-2018","466.43","465.60","469.12","465.55","2.12M","0.29%"
"10-05-2018","465.10","466.45","468.95","463.05","3.74M","0.29%"
"09-05-2018","463.75","462.00","468.32","460.40","2.76M","0.80%"
"08-05-2018","460.05","465.10","466.50","453.55","4.08M","-0.87%"
"07-05-2018","464.10","468.40","470.32","460.52","2.58M","-0.18%"
"04-05-2018","464.93","461.48","472.00","453.85","8.37M","0.45%"
"03-05-2018","462.85","498.50","498.50","460.00","15.28M","-7.48%"
"02-05-2018","500.25","525.00","525.98","497.75","15.01M","-4.96%"
"30-04-2018","526.38","524.45","539.50","522.52","3.15M","1.07%"
"27-04-2018","520.83","538.50","545.33","517.50","4.76M","-3.31%"
"26-04-2018","538.65","528.00","544.17","525.83","6.05M","0.80%"
"25-04-2018","534.40","530.92","540.75","523.00","3.00M","0.64%"
"24-04-2018","530.98","542.45","549.88","529.05","3.99M","-2.39%"
"23-04-2018","544.00","531.00","554.00","527.50","9.09M","2.42%"
"20-04-2018","531.17","510.00","537.10","509.95","9.49M","4.30%"
"19-04-2018","509.27","502.50","510.75","499.50","2.30M","2.17%"
"18-04-2018","498.43","507.45","507.90","496.50","2.01M","-1.40%"
"17-04-2018","505.50","498.52","508.00","498.52","3.73M","1.11%"
"16-04-2018","499.95","489.50","503.38","488.05","3.82M","0.87%"
"13-04-2018","495.62","507.25","510.00","494.12","6.36M","-1.86%"
"12-04-2018","505.02","483.98","506.50","483.65","8.18M","4.42%"
"11-04-2018","483.65","477.50","488.85","475.68","3.72M","1.99%"
"10-04-2018","474.23","476.55","480.98","471.77","2.43M","-0.50%"
"09-04-2018","476.62","477.15","481.32","474.00","1.71M","0.06%"
"06-04-2018","476.32","486.00","486.00","475.30","2.52M","-0.98%"
"05-04-2018","481.02","485.00","492.10","478.27","2.81M","0.29%"
"04-04-2018","479.62","490.50","490.62","474.75","1.80M","-1.03%"
"03-04-2018","484.62","486.25","494.50","481.52","2.04M","-1.05%"
"02-04-2018","489.75","483.15","492.45","482.40","1.30M","1.13%"
"28-03-2018","484.30","480.77","490.80","477.52","4.62M","-0.35%"
"27-03-2018","486.02","487.50","489.45","477.25","2.50M","0.52%"
"26-03-2018","483.52","478.60","485.50","472.50","3.57M","1.01%"
"23-03-2018","478.70","452.50","480.27","451.77","5.48M","2.89%"
"22-03-2018","465.27","470.50","474.45","462.50","3.10M","-0.73%"
"21-03-2018","468.68","472.50","474.95","463.23","3.82M","0.02%"
"20-03-2018","468.60","462.50","473.88","457.80","3.71M","1.15%"
"19-03-2018","463.25","481.35","481.80","460.50","3.32M","-4.25%"
"16-03-2018","483.80","480.00","489.77","473.52","9.48M","0.88%"
"15-03-2018","479.57","484.00","486.30","477.62","2.59M","-0.61%"
"14-03-2018","482.52","481.00","484.07","480.00","2.35M","0.84%"
"13-03-2018","478.50","483.82","484.50","472.80","2.51M","-1.10%"
"12-03-2018","483.82","475.00","488.00","474.50","4.95M","2.61%"
"09-03-2018","471.50","475.00","477.93","470.00","1.46M","-0.80%"
"08-03-2018","475.32","476.50","482.00","472.77","4.24M","0.12%"
"07-03-2018","474.77","469.00","476.40","466.90","5.70M","1.79%"
"06-03-2018","466.40","469.00","476.50","463.25","2.93M","0.08%"
"05-03-2018","466.05","471.40","472.32","458.90","3.75M","-1.13%"
"01-03-2018","471.40","471.90","476.23","469.00","2.77M","0.27%"
"28-02-2018","470.15","477.45","479.18","467.90","5.12M","-1.01%"
"27-02-2018","474.95","476.50","479.30","472.00","2.88M","0.41%"
"26-02-2018","473.02","477.95","482.55","471.52","2.11M","-1.00%"
"23-02-2018","477.80","474.45","483.95","471.45","5.68M","1.55%"
"22-02-2018","470.50","471.50","481.50","465.77","8.19M","-0.20%"
"21-02-2018","471.45","459.00","473.90","456.00","5.57M","3.91%"
"20-02-2018","453.73","458.00","462.60","452.50","2.46M","-0.74%"
"19-02-2018","457.10","468.93","469.85","450.05","2.93M","-2.44%"
"16-02-2018","468.55","472.50","485.48","465.50","5.70M","-0.28%"
"15-02-2018","469.85","472.00","474.82","466.00","2.28M","0.20%"
"14-02-2018","468.90","469.90","479.90","465.15","2.89M","-0.14%"
"12-02-2018","469.57","482.75","486.38","468.68","2.98M","-2.58%"
"09-02-2018","482.00","467.50","485.30","461.27","3.46M","2.08%"
"08-02-2018","472.18","472.88","481.50","468.75","2.90M","0.62%"
"07-02-2018","469.27","479.10","479.50","461.00","4.05M","-1.61%"
"06-02-2018","476.93","482.48","484.38","474.02","3.31M","-3.96%"
"05-02-2018","496.57","495.00","500.90","490.00","2.18M","0.23%"
"02-02-2018","495.45","490.00","503.85","488.93","3.35M","0.61%"
"01-02-2018","492.45","491.05","507.48","484.50","3.06M","-0.17%"
"31-01-2018","493.27","499.98","508.95","490.85","3.22M","-1.39%"
"30-01-2018","500.20","508.75","508.75","499.00","2.71M","-1.15%"
"29-01-2018","506.02","505.00","510.50","502.52","4.01M","0.25%"
"25-01-2018","504.77","509.40","510.00","495.02","5.31M","-0.88%"
"24-01-2018","509.23","497.00","520.35","496.00","9.27M","2.32%"
"23-01-2018","497.68","484.98","500.00","484.27","5.02M","3.00%"
"22-01-2018","483.18","480.00","487.45","472.50","4.43M","0.84%"
"19-01-2018","479.15","478.50","483.50","473.07","4.75M","0.43%"
"18-01-2018","477.12","476.50","479.82","470.25","1.87M","0.14%"
"17-01-2018","476.43","475.00","481.80","471.65","5.50M","0.38%"
"16-01-2018","474.62","457.05","477.50","455.00","8.96M","4.40%"
"15-01-2018","454.62","462.50","465.55","452.75","2.54M","-1.80%"
"12-01-2018","462.95","459.25","464.00","456.12","1.98M","0.98%"
"11-01-2018","458.45","459.50","462.45","455.02","4.24M","0.11%"
"10-01-2018","457.93","446.00","459.00","445.55","3.40M","2.46%"
"09-01-2018","446.93","450.25","451.43","442.50","2.50M","-0.74%"
"08-01-2018","450.25","450.07","451.70","447.55","2.35M","0.05%"
"05-01-2018","450.02","444.12","451.50","441.15","1.49M","0.78%"
"04-01-2018","446.55","448.00","449.73","441.52","1.19M","-0.47%"
"03-01-2018","448.65","446.50","453.90","446.50","2.58M","0.50%"
"02-01-2018","446.40","438.45","447.50","438.43","1.91M","1.60%"
"01-01-2018","439.35","444.50","445.35","437.98","1.29M","-1.33%"
"29-12-2017","445.25","439.15","450.88","437.50","3.09M","1.39%"
"28-12-2017","439.15","441.00","445.43","437.80","2.32M","-0.60%"
"27-12-2017","441.82","443.00","445.80","440.27","801.62K","-0.54%"
"26-12-2017","444.23","441.05","446.65","441.02","2.13M","0.18%"
"22-12-2017","443.45","445.50","446.45","439.05","2.10M","-0.38%"
"21-12-2017","445.12","437.00","446.00","435.73","2.86M","2.34%"
"20-12-2017","434.93","435.00","437.50","432.00","2.11M","0.05%"
"19-12-2017","434.73","444.50","444.50","432.50","3.97M","-1.76%"
"18-12-2017","442.50","444.05","445.88","437.88","2.62M","-0.76%"
"15-12-2017","445.90","444.45","448.23","442.50","4.47M","1.01%"
"14-12-2017","441.43","431.50","442.52","431.10","6.37M","1.90%"
"13-12-2017","433.18","435.00","436.77","431.52","8.61M","-1.01%"
"12-12-2017","437.60","440.50","440.90","435.12","2.92M","-0.55%"
"11-12-2017","440.00","437.25","441.00","435.88","1.60M","1.10%"
"08-12-2017","435.23","434.85","436.40","431.70","1.74M","0.81%"
"07-12-2017","431.75","430.07","433.50","426.80","2.45M","0.57%"
"06-12-2017","429.30","422.75","430.07","422.50","3.18M","1.25%"
"05-12-2017","424.00","423.95","426.45","419.55","1.98M","0.00%"
"04-12-2017","423.98","418.00","424.85","412.43","1.79M","2.16%"
"01-12-2017","415.00","423.50","424.98","413.55","2.77M","-2.12%"
"30-11-2017","424.00","425.00","428.95","421.15","6.82M","-0.60%"
"29-11-2017","426.57","430.00","431.48","423.07","1.52M","-0.71%"
"28-11-2017","429.62","430.50","432.02","428.40","2.11M","-0.17%"
"27-11-2017","430.35","428.75","431.50","426.55","1.59M","0.27%"
"24-11-2017","429.20","427.50","431.75","427.50","1.65M","0.55%"
"23-11-2017","426.85","424.00","428.00","421.10","2.33M","1.37%"
"22-11-2017","421.07","419.27","422.15","417.20","2.27M","0.53%"
"21-11-2017","418.85","421.55","423.10","417.55","2.99M","-0.53%"
"20-11-2017","421.07","421.50","424.23","418.45","2.26M","0.25%"
"17-11-2017","420.00","424.45","428.10","419.25","3.10M","-1.40%"
"16-11-2017","425.95","424.85","429.35","419.35","2.18M","0.42%"
"15-11-2017","424.18","438.50","438.50","423.00","3.12M","-2.46%"
"14-11-2017","434.90","434.00","442.43","433.05","2.01M","0.03%"
"13-11-2017","434.75","432.25","439.20","432.25","5.32M","0.28%"
"10-11-2017","433.52","440.48","440.48","431.35","3.07M","-1.02%"
"09-11-2017","437.98","439.75","444.23","436.23","1.60M","-0.30%"
"08-11-2017","439.30","441.00","442.38","432.68","3.82M","0.21%"
"07-11-2017","438.38","425.00","440.00","422.15","5.96M","3.75%"
"06-11-2017","422.52","426.00","427.62","418.80","2.27M","-0.25%"
"03-11-2017","423.57","430.00","430.00","422.48","2.76M","-1.25%"
"02-11-2017","428.95","422.20","430.00","420.57","2.97M","2.05%"
"01-11-2017","420.32","430.00","430.32","419.00","3.26M","-1.77%"
"31-10-2017","427.90","420.00","430.32","418.50","2.96M","2.32%"
"30-10-2017","418.18","430.00","431.73","416.00","7.25M","-2.18%"
"27-10-2017","427.48","435.02","435.90","426.12","4.59M","-1.62%"
"26-10-2017","434.52","453.38","455.00","429.00","11.57M","-4.19%"
"25-10-2017","453.52","447.20","462.00","438.00","6.15M","-0.82%"
"24-10-2017","457.27","469.50","469.75","454.02","3.16M","-2.42%"
"23-10-2017","468.62","461.40","471.90","461.05","3.60M","1.62%"
"19-10-2017","461.15","458.30","463.00","458.30","58.39K","-0.15%"
"18-10-2017","461.85","463.00","465.50","458.90","1.16M","0.04%"
"17-10-2017","461.65","459.15","466.93","459.15","960.42K","0.03%"
"16-10-2017","461.50","463.25","466.45","460.00","1.65M","-0.38%"
"13-10-2017","463.25","459.88","468.00","456.95","2.21M","1.15%"
"12-10-2017","458.00","456.00","460.00","453.15","2.08M","0.77%"
"11-10-2017","454.48","449.75","458.00","449.75","4.34M","1.04%"
"10-10-2017","449.80","452.50","458.50","448.55","3.42M","-0.35%"
"09-10-2017","451.40","453.88","453.88","448.73","1.21M","-0.56%"
"06-10-2017","453.95","443.90","454.50","443.90","3.64M","1.65%"
"05-10-2017","446.57","444.00","450.85","442.57","3.55M","0.74%"
"04-10-2017","443.30","441.95","444.23","439.00","1.24M","0.46%"
"03-10-2017","441.27","439.23","443.73","438.38","2.68M","0.88%"
"29-09-2017","437.40","438.50","443.12","433.35","2.36M","-0.05%"
"28-09-2017","437.60","437.32","440.38","430.82","6.19M","0.06%"
"27-09-2017","437.32","437.98","440.48","436.05","2.54M","0.11%"
"26-09-2017","436.82","439.45","443.45","432.15","3.45M","-0.05%"
"25-09-2017","437.02","440.00","442.00","435.05","3.55M","-1.18%"
"22-09-2017","442.23","435.00","445.00","434.80","6.28M","1.63%"
"21-09-2017","435.15","445.40","447.00","434.52","5.20M","-2.15%"
"20-09-2017","444.73","447.50","448.32","442.50","1.79M","-0.47%"
"19-09-2017","446.82","449.00","449.00","444.62","1.10M","-0.41%"
"18-09-2017","448.68","445.00","449.25","444.50","1.36M","1.16%"
"15-09-2017","443.52","440.90","446.68","434.15","3.50M","0.71%"
"14-09-2017","440.40","438.00","441.02","435.65","2.33M","1.09%"
"13-09-2017","435.65","432.00","437.50","430.85","2.24M","0.84%"
"12-09-2017","432.02","433.50","433.50","428.07","1.70M","0.39%"
"11-09-2017","430.35","431.00","433.65","426.00","1.44M","0.14%"
"08-09-2017","429.75","433.45","434.75","428.05","2.32M","0.02%"
"07-09-2017","429.65","428.70","431.85","425.62","2.95M","0.97%"
"06-09-2017","425.52","431.50","436.00","423.10","1.66M","-1.03%"
"05-09-2017","429.95","429.00","431.25","424.20","1.10M","-0.08%"
"04-09-2017","430.30","436.95","436.95","428.50","1.15M","-0.60%"
"01-09-2017","432.88","431.80","442.50","427.50","1.60M","0.05%"
"31-08-2017","432.65","425.00","435.20","420.10","5.02M","1.90%"
"30-08-2017","424.60","428.50","429.00","421.62","3.39M","-0.39%"
"29-08-2017","426.27","434.00","434.80","425.00","1.95M","-1.74%"
"28-08-2017","433.82","434.15","437.27","428.93","1.79M","0.02%"
"24-08-2017","433.75","442.00","442.00","433.00","1.62M","-1.42%"
"23-08-2017","440.00","438.95","441.48","431.50","1.51M","0.47%"
"22-08-2017","437.93","440.50","443.12","436.65","1.51M","0.21%"
"21-08-2017","437.02","438.88","442.50","435.10","1.34M","-0.25%"
"18-08-2017","438.12","436.93","442.35","431.77","2.13M","0.56%"
"17-08-2017","435.70","436.20","437.55","430.38","1.60M","0.80%"
"16-08-2017","432.25","432.00","434.32","425.50","2.25M","0.51%"
"14-08-2017","430.05","436.50","439.20","428.02","808.10K","-1.40%"
"11-08-2017","436.15","439.05","444.60","432.27","3.38M","-1.20%"
"10-08-2017","441.45","436.52","443.00","435.40","1.69M","0.47%"
"09-08-2017","439.38","435.50","442.32","435.50","1.07M","-0.37%"
"08-08-2017","441.00","441.30","442.70","438.05","1.73M","-0.45%"
"07-08-2017","443.00","445.00","447.35","440.70","1.65M","-0.52%"
"04-08-2017","445.32","437.50","447.25","436.55","1.14M","1.70%"
"03-08-2017","437.88","441.10","442.20","435.48","2.54M","-0.71%"
"02-08-2017","441.00","444.00","446.50","438.45","1.66M","-0.25%"
"01-08-2017","442.10","444.50","449.00","439.00","2.66M","-0.97%"
"31-07-2017","446.45","444.00","449.00","439.23","1.89M","-0.02%"
"28-07-2017","446.55","444.00","448.45","420.50","3.04M","0.32%"
"27-07-2017","445.12","451.50","464.00","442.68","9.32M","-0.28%"
"26-07-2017","446.35","446.50","451.75","442.00","3.02M","-0.26%"
"25-07-2017","447.52","451.00","452.45","443.00","3.58M","-1.36%"
"24-07-2017","453.70","452.48","456.00","450.60","3.00M","0.27%"
"21-07-2017","452.48","442.00","454.00","442.00","2.48M","2.18%"
"20-07-2017","442.82","449.50","449.50","441.20","1.61M","-1.09%"
"19-07-2017","447.70","442.50","449.80","442.50","2.91M","1.67%"
"18-07-2017","440.35","434.55","442.15","434.18","1.98M","1.45%"
"17-07-2017","434.05","424.50","435.00","421.95","1.82M","2.09%"
"14-07-2017","425.18","430.00","430.20","422.52","1.29M","-0.96%"
"13-07-2017","429.30","428.05","431.95","427.75","1.91M","0.54%"
"12-07-2017","427.00","425.05","429.25","423.02","1.21M","0.39%"
"11-07-2017","425.32","422.82","434.50","422.82","2.99M","0.12%"
"10-07-2017","424.82","417.00","428.43","415.05","468.59K","2.13%"
"07-07-2017","415.95","420.25","420.25","414.40","2.30M","-1.04%"
"06-07-2017","420.32","420.00","421.20","417.85","1.37M","0.37%"
"05-07-2017","418.75","419.50","420.60","417.55","2.42M","-0.48%"
"04-07-2017","420.77","424.20","424.98","419.00","1.98M","0.41%"
"03-07-2017","419.07","426.00","426.98","416.15","3.95M","-1.50%"
"30-06-2017","425.45","424.23","427.98","419.20","2.26M","0.39%"
"29-06-2017","423.80","425.95","428.50","421.25","2.98M","-0.09%"
"28-06-2017","424.20","419.25","428.62","416.65","2.48M","0.98%"
"27-06-2017","420.10","426.00","429.50","416.60","2.18M","-1.37%"
"23-06-2017","425.93","425.00","429.00","421.18","2.16M","0.32%"
"22-06-2017","424.57","424.50","427.00","418.10","2.90M","0.67%"
"21-06-2017","421.73","427.00","427.00","419.05","1.82M","-1.26%"
"20-06-2017","427.12","422.50","427.52","421.50","2.08M","1.39%"
"19-06-2017","421.25","419.75","422.95","415.15","1.69M","0.42%"
"16-06-2017","419.50","421.00","423.50","417.50","3.82M","-0.64%"
"15-06-2017","422.20","426.50","426.50","420.75","3.55M","-1.08%"
"14-06-2017","426.82","424.75","428.02","420.50","1.80M","0.77%"
"13-06-2017","423.57","431.00","432.45","421.15","2.49M","-2.13%"
"12-06-2017","432.77","431.40","434.32","426.02","2.07M","0.56%"
"09-06-2017","430.38","433.27","436.45","428.30","2.70M","-0.88%"
"08-06-2017","434.18","440.00","440.20","432.50","2.83M","-1.38%"
"07-06-2017","440.25","446.68","447.45","432.27","6.73M","-1.01%"
"06-06-2017","444.73","437.75","454.80","433.05","13.25M","3.58%"
"05-06-2017","429.35","428.00","433.45","428.00","2.82M","0.09%"
"02-06-2017","428.95","431.40","434.85","426.85","2.22M","-0.50%"
"01-06-2017","431.12","431.50","435.50","429.57","1.84M","-0.23%"
"31-05-2017","432.12","432.05","434.65","429.12","5.75M","-0.45%"
"30-05-2017","434.07","432.23","435.98","426.48","2.83M","0.43%"
"29-05-2017","432.23","429.45","436.00","425.73","3.69M","0.62%"
"26-05-2017","429.55","428.85","433.00","427.73","2.60M","-0.06%"
"25-05-2017","429.80","430.12","433.75","426.30","5.90M","0.55%"
"24-05-2017","427.43","427.45","428.98","420.00","4.03M","-1.16%"
"23-05-2017","432.45","431.50","435.40","429.57","6.43M","0.87%"
"22-05-2017","428.73","425.00","431.12","424.00","5.78M","1.51%"
"19-05-2017","422.35","426.50","427.25","422.05","2.90M","-0.44%"
"18-05-2017","424.20","425.43","436.12","422.12","7.32M","-0.60%"
"17-05-2017","426.77","426.00","427.65","421.10","2.75M","0.46%"
"16-05-2017","424.80","425.00","428.05","424.02","5.95M","0.12%"
"15-05-2017","424.27","424.25","425.00","422.50","1.38M","0.11%"
"12-05-2017","423.82","420.00","424.10","419.52","3.30M","1.07%"
"11-05-2017","419.35","428.90","429.40","417.80","7.03M","-0.58%"
"10-05-2017","421.80","424.38","425.45","419.05","1.52M","-0.72%"
"09-05-2017","424.88","422.50","427.43","419.98","1.81M","1.14%"
"08-05-2017","420.10","414.93","422.50","412.85","1.58M","1.28%"
"05-05-2017","414.80","410.48","416.00","407.15","1.86M","1.42%"
"04-05-2017","409.00","418.05","421.30","404.07","2.76M","-2.05%"
"03-05-2017","417.55","412.48","418.75","410.50","1.99M","1.59%"
"02-05-2017","411.02","408.07","412.73","405.85","1.72M","0.98%"
"28-04-2017","407.05","406.45","410.00","399.88","2.79M","0.54%"
"27-04-2017","404.85","398.50","410.00","398.10","5.64M","1.18%"
"26-04-2017","400.12","410.95","411.00","398.27","1.92M","-2.40%"
"25-04-2017","409.98","412.00","412.93","406.80","2.19M","0.05%"
"24-04-2017","409.77","406.50","412.00","404.62","1.37M","0.83%"
"21-04-2017","406.38","408.50","410.73","403.90","1.78M","-0.26%"
"20-04-2017","407.45","405.38","407.95","404.30","1.08M","0.78%"
"19-04-2017","404.30","403.25","409.77","401.98","2.64M","0.07%"
"18-04-2017","404.02","406.00","409.98","402.00","2.03M","-0.34%"
"17-04-2017","405.40","400.07","408.75","400.07","1.40M","0.21%"
"13-04-2017","404.55","416.25","416.25","402.70","2.29M","-2.71%"
"12-04-2017","415.82","415.68","417.48","413.50","1.31M","-0.26%"
"11-04-2017","416.90","417.50","419.00","413.00","2.62M","0.09%"
"10-04-2017","416.52","424.50","428.75","415.50","1.49M","-1.91%"
"07-04-2017","424.65","426.95","429.30","423.45","2.06M","-0.49%"
"06-04-2017","426.75","424.00","428.27","423.50","2.09M","0.35%"
"05-04-2017","425.25","434.50","434.50","423.20","3.58M","-1.82%"
"03-04-2017","433.12","437.05","439.12","429.25","1.87M","-0.97%"
"31-03-2017","437.38","442.00","445.07","433.50","4.31M","-0.13%"
"30-03-2017","437.93","435.00","440.85","432.52","2.93M","-0.20%"
"29-03-2017","438.80","432.70","439.75","429.80","4.24M","2.06%"
"28-03-2017","429.95","427.77","435.38","426.07","1.80M","0.91%"
"27-03-2017","426.07","434.00","436.60","423.52","2.35M","-2.39%"
"24-03-2017","436.52","436.15","438.25","435.57","1.75M","-0.41%"
"23-03-2017","438.32","435.52","440.00","434.48","2.85M","0.44%"
"22-03-2017","436.38","425.35","437.35","424.25","3.36M","1.57%"
"21-03-2017","429.65","432.50","437.20","425.98","7.37M","-0.59%"
"20-03-2017","432.18","435.98","439.50","430.57","3.39M","-0.16%"
"17-03-2017","432.88","428.62","435.50","426.50","3.99M","1.21%"
"16-03-2017","427.70","430.40","431.95","424.80","3.69M","1.48%"
"15-03-2017","421.45","425.25","427.95","418.62","2.48M","-1.25%"
"14-03-2017","426.80","432.50","432.50","425.00","3.17M","0.86%"
"10-03-2017","423.18","424.68","429.00","420.45","1.41M","0.24%"
"09-03-2017","422.18","427.00","427.00","421.18","1.53M","-0.39%"
"08-03-2017","423.85","428.50","429.00","422.12","1.46M","-1.13%"
"07-03-2017","428.68","430.85","430.85","426.10","1.49M","0.21%"
"06-03-2017","427.77","425.35","433.85","423.05","3.08M","0.31%"
"03-03-2017","426.45","422.00","427.40","417.57","1.71M","1.08%"
"02-03-2017","421.88","425.00","426.75","419.65","1.74M","-0.63%"
"01-03-2017","424.55","421.50","425.50","419.77","2.19M","1.07%"
"28-02-2017","420.05","422.00","423.00","417.93","2.29M","0.02%"
"27-02-2017","419.98","422.45","425.68","418.02","2.39M","-0.34%"
"23-02-2017","421.43","417.50","425.50","417.50","6.78M","1.04%"
"22-02-2017","417.10","426.15","432.50","415.27","3.49M","-2.01%"
"21-02-2017","425.65","422.05","431.25","422.05","3.07M","0.86%"
"20-02-2017","422.00","421.00","423.50","418.62","1.33M","0.57%"
"17-02-2017","419.62","425.00","425.00","415.55","2.08M","-0.68%"
"16-02-2017","422.50","413.62","423.45","413.62","3.44M","1.77%"
"15-02-2017","415.15","416.00","419.30","411.30","2.00M","-0.20%"
"14-02-2017","416.00","414.60","417.23","412.25","2.25M","0.57%"
"13-02-2017","413.65","415.50","416.82","410.50","1.21M","-0.13%"
"10-02-2017","414.20","411.05","415.00","406.15","3.55M","1.06%"
"09-02-2017","409.85","405.48","411.15","401.02","3.13M","1.39%"
"08-02-2017","404.25","409.50","409.52","402.38","2.82M","-0.88%"
"07-02-2017","407.85","412.00","413.85","406.00","2.61M","-1.02%"
"06-02-2017","412.05","417.50","418.25","408.30","2.19M","-0.80%"
"03-02-2017","415.38","412.50","417.85","408.43","2.26M","0.44%"
"02-02-2017","413.57","407.00","417.05","405.07","3.76M","1.62%"
"01-02-2017","406.98","402.50","409.75","389.32","9.03M","0.35%"
"31-01-2017","405.57","417.62","418.65","393.55","9.65M","-3.46%"
"30-01-2017","420.12","415.55","421.20","414.05","1.90M","-0.47%"
"27-01-2017","422.10","422.00","424.95","420.32","2.70M","0.35%"
"25-01-2017","420.62","426.50","428.65","418.77","3.86M","-0.89%"
"24-01-2017","424.40","421.00","427.00","413.45","7.39M","-0.99%"
"23-01-2017","428.65","417.00","430.25","414.00","3.97M","2.21%"
"20-01-2017","419.38","420.00","422.50","416.85","2.22M","-0.64%"
"19-01-2017","422.07","422.00","425.73","418.80","2.11M","0.01%"
"18-01-2017","422.02","418.75","422.77","418.12","2.17M","0.75%"
"17-01-2017","418.88","413.50","421.75","413.50","4.10M","0.87%"
"16-01-2017","415.27","423.95","423.95","413.40","2.43M","-2.32%"
"13-01-2017","425.12","425.10","428.98","419.30","4.57M","0.30%"
"12-01-2017","423.85","415.02","424.95","415.02","3.29M","1.74%"
"11-01-2017","416.62","419.75","422.25","413.38","2.77M","-0.55%"
"10-01-2017","418.93","421.35","422.00","417.25","2.61M","-0.05%"
"09-01-2017","419.15","403.25","420.07","402.98","3.84M","2.93%"
"06-01-2017","407.20","417.50","420.15","403.38","5.59M","-3.58%"
"05-01-2017","422.32","430.00","434.88","420.05","4.16M","-1.44%"
"04-01-2017","428.48","417.77","430.00","416.52","4.23M","2.61%"
"03-01-2017","417.57","415.50","418.50","411.75","1.44M","0.80%"
"02-01-2017","414.25","411.50","417.00","411.15","842.49K","0.07%"
"30-12-2016","413.98","411.00","415.00","407.45","2.05M","1.05%"
"29-12-2016","409.68","403.55","412.45","402.65","3.56M","1.53%"
"28-12-2016","403.52","405.00","408.88","402.07","1.43M","0.27%"
"27-12-2016","402.43","394.45","404.95","393.50","1.01M","1.83%"
"26-12-2016","395.20","395.95","398.90","391.65","1.12M","-0.42%"
"23-12-2016","396.88","408.00","408.00","395.50","2.91M","-2.86%"
"22-12-2016","408.55","409.15","411.45","403.00","1.58M","-0.45%"
"21-12-2016","410.40","417.50","418.40","408.15","2.06M","-1.13%"
"20-12-2016","415.07","412.50","417.07","412.18","2.80M","0.66%"
"19-12-2016","412.35","410.30","413.45","407.50","2.15M","0.50%"
"16-12-2016","410.30","417.90","417.90","407.60","2.63M","-1.39%"
"15-12-2016","416.07","411.00","420.00","411.00","5.60M","1.38%"
"14-12-2016","410.40","403.05","412.15","398.12","3.72M","2.48%"
"13-12-2016","400.48","400.52","401.95","395.60","1.88M","0.15%"
"12-12-2016","399.90","398.00","401.77","395.32","3.01M","-0.44%"
"09-12-2016","401.65","398.50","402.95","391.62","2.70M","1.06%"
"08-12-2016","397.43","394.50","398.50","391.50","2.06M","1.21%"
"07-12-2016","392.68","393.35","394.55","385.55","1.62M","0.57%"
"06-12-2016","390.45","399.00","400.75","389.20","1.56M","-1.58%"
"05-12-2016","396.70","394.77","400.73","391.10","1.51M","-0.03%"
"02-12-2016","396.80","400.85","408.45","395.00","2.10M","-1.18%"
"01-12-2016","401.55","401.95","403.25","396.00","2.51M","-0.09%"
"30-11-2016","401.90","405.00","405.23","399.00","3.06M","-0.19%"
"29-11-2016","402.65","403.00","406.85","399.65","1.65M","-0.09%"
"28-11-2016","403.02","403.00","405.57","395.18","3.03M","0.51%"
"25-11-2016","400.98","385.98","406.00","385.02","5.48M","4.45%"
"24-11-2016","383.90","382.50","386.32","376.50","4.19M","0.57%"
"23-11-2016","381.73","381.50","384.35","378.23","1.80M","0.18%"
"22-11-2016","381.05","382.50","383.75","377.52","2.06M","0.49%"
"21-11-2016","379.18","382.50","389.75","377.60","2.16M","-0.72%"
"18-11-2016","381.93","378.80","389.48","378.80","3.68M","0.49%"
"17-11-2016","380.07","383.00","388.00","378.00","5.38M","-1.77%"
"16-11-2016","386.93","388.00","393.98","382.12","4.56M","0.40%"
"15-11-2016","385.38","382.50","393.50","368.00","5.26M","0.87%"
"11-11-2016","382.05","392.43","396.50","377.50","5.04M","-3.23%"
"10-11-2016","394.82","395.02","402.90","388.00","3.64M","0.61%"
"09-11-2016","392.43","382.50","398.88","381.57","5.30M","-2.98%"
"08-11-2016","404.50","405.50","407.95","395.62","2.51M","-1.00%"
"07-11-2016","408.60","400.00","413.75","397.45","5.99M","2.82%"
"04-11-2016","397.38","381.50","399.50","381.50","5.68M","4.15%"
"03-11-2016","381.55","382.95","384.62","380.25","2.41M","-0.16%"
"02-11-2016","382.15","382.50","386.50","381.50","2.05M","-1.11%"
"01-11-2016","386.45","385.90","388.20","383.50","2.20M","0.67%"
"30-10-2016","383.88","385.00","387.00","382.50","283.73K","0.61%"
"28-10-2016","381.57","387.07","390.60","380.00","5.42M","-1.44%"
"27-10-2016","387.15","392.40","393.32","385.65","4.05M","-2.09%"
"26-10-2016","395.43","400.85","401.93","393.80","3.22M","-1.70%"
"25-10-2016","402.27","403.38","405.75","401.25","3.47M","-0.75%"
"24-10-2016","405.32","415.62","418.45","404.32","3.41M","-2.54%"
"21-10-2016","415.88","411.50","424.35","410.62","10.28M","1.99%"
"20-10-2016","407.77","414.77","416.50","406.02","4.98M","-1.81%"
"19-10-2016","415.27","417.30","420.82","413.00","4.28M","-0.51%"
"18-10-2016","417.40","406.00","418.20","406.00","2.65M","3.27%"
"17-10-2016","404.20","408.80","409.00","401.50","1.48M","-0.53%"
"14-10-2016","406.35","402.00","411.25","399.93","2.75M","1.17%"
"13-10-2016","401.65","404.90","412.55","395.32","4.15M","-1.19%"
"10-10-2016","406.50","401.00","407.93","401.00","1.54M","0.80%"
"07-10-2016","403.27","401.07","404.73","392.65","1.54M","0.62%"
"06-10-2016","400.77","408.00","408.38","398.60","3.18M","-1.77%"
"05-10-2016","408.00","409.12","411.62","403.12","1.60M","-0.26%"
"04-10-2016","409.07","406.25","410.50","405.00","3.01M","1.18%"
"03-10-2016","404.30","402.50","406.00","397.20","3.03M","1.09%"
"30-09-2016","399.95","398.50","402.00","393.50","3.66M","1.12%"
"29-09-2016","395.52","399.50","402.30","390.65","5.69M","-0.66%"
"28-09-2016","398.15","399.00","400.95","395.00","3.07M","0.06%"
"27-09-2016","397.93","394.48","399.90","392.00","3.26M","0.87%"
"26-09-2016","394.48","397.52","398.48","392.82","3.65M","-1.04%"
"23-09-2016","398.62","397.32","402.00","396.20","5.21M","1.06%"
"22-09-2016","394.43","399.50","399.98","391.90","2.23M","-0.47%"
"21-09-2016","396.30","396.98","399.00","394.25","2.81M","0.07%"
"20-09-2016","396.02","397.48","397.88","392.25","3.03M","0.38%"
"19-09-2016","394.52","395.00","399.10","390.95","3.77M","0.34%"
"16-09-2016","393.18","391.00","395.48","387.00","4.32M","0.94%"
"15-09-2016","389.50","391.48","392.25","387.50","1.91M","0.34%"
"14-09-2016","388.18","392.32","397.32","387.50","3.25M","-0.81%"
"12-09-2016","391.35","386.00","396.05","385.00","4.77M","0.28%"
"09-09-2016","390.27","387.00","394.75","386.50","2.93M","0.85%"
"08-09-2016","386.98","390.75","390.95","375.25","5.16M","-1.67%"
"07-09-2016","393.55","395.95","403.50","391.50","3.58M","0.19%"
"06-09-2016","392.80","390.12","394.15","387.35","3.04M","0.14%"
"02-09-2016","392.27","393.48","393.75","389.55","2.26M","0.09%"
"01-09-2016","391.90","390.65","394.77","389.55","2.60M","0.68%"
"31-08-2016","389.27","387.00","396.73","386.52","5.58M","0.60%"
"30-08-2016","386.95","378.00","387.88","376.95","4.32M","2.49%"
"29-08-2016","377.55","391.48","391.48","375.55","3.06M","-3.04%"
"26-08-2016","389.38","399.00","400.23","386.40","3.32M","-2.42%"
"25-08-2016","399.02","399.00","402.50","397.02","4.43M","0.97%"
"24-08-2016","395.18","397.50","399.18","390.55","2.42M","-0.08%"
"23-08-2016","395.50","388.00","397.93","385.80","3.42M","2.43%"
"22-08-2016","386.12","392.48","393.68","382.50","2.69M","-1.23%"
"19-08-2016","390.93","392.50","397.20","389.80","2.62M","-0.50%"
"18-08-2016","392.90","394.90","396.20","390.05","3.08M","0.16%"
"17-08-2016","392.27","395.00","400.43","391.00","4.74M","-0.99%"
"16-08-2016","396.18","406.60","411.90","392.77","4.49M","-2.68%"
"12-08-2016","407.10","413.02","417.75","403.50","3.30M","-1.25%"
"11-08-2016","412.27","410.00","413.73","406.90","3.48M","0.78%"
"10-08-2016","409.07","408.38","410.00","402.77","2.31M","0.16%"
"09-08-2016","408.43","410.50","412.30","405.52","2.48M","-0.27%"
"08-08-2016","409.55","411.00","414.70","405.80","3.03M","-0.32%"
"05-08-2016","410.88","412.40","415.73","408.65","2.60M","-0.25%"
"04-08-2016","411.93","416.50","418.00","410.05","2.97M","-0.28%"
"03-08-2016","413.07","428.50","429.25","408.18","19.11M","3.17%"
"02-08-2016","400.38","392.93","402.45","390.57","9.40M","2.60%"
"01-08-2016","390.23","376.50","395.50","376.25","6.05M","3.65%"
"29-07-2016","376.48","374.50","379.00","372.75","1.69M","0.29%"
"28-07-2016","375.40","378.75","379.48","373.05","4.55M","-0.36%"
"27-07-2016","376.75","373.50","377.45","371.25","3.35M","1.11%"
"26-07-2016","372.62","369.45","373.70","368.12","2.70M","0.65%"
"25-07-2016","370.20","364.75","370.50","362.50","2.98M","1.54%"
"22-07-2016","364.60","362.50","365.00","360.80","1.83M","0.78%"
"21-07-2016","361.77","365.00","365.45","360.07","1.77M","-0.88%"
"20-07-2016","365.00","362.45","365.95","358.30","2.44M","-0.02%"
"19-07-2016","365.07","358.88","365.85","358.88","3.47M","1.06%"
"18-07-2016","361.25","361.10","362.35","357.50","1.86M","0.70%"
"15-07-2016","358.75","366.45","370.00","355.12","5.94M","-1.47%"
"14-07-2016","364.12","360.75","364.95","359.80","2.17M","1.14%"
"13-07-2016","360.00","361.25","362.00","358.30","6.71M","-0.19%"
"12-07-2016","360.68","359.00","361.65","358.02","3.23M","0.64%"
"11-07-2016","358.40","361.00","363.30","357.52","4.25M","-0.70%"
"08-07-2016","360.93","357.50","362.88","357.50","1.70M","0.66%"
"07-07-2016","358.55","370.50","370.50","357.88","6.87M","-2.88%"
"05-07-2016","369.20","374.00","374.00","366.10","3.74M","-1.33%"
"04-07-2016","374.18","367.50","375.00","367.02","3.26M","2.28%"
"01-07-2016","365.85","367.50","368.40","365.00","2.02M","0.17%"
"30-06-2016","365.23","364.60","367.73","363.20","4.79M","0.27%"
"29-06-2016","364.23","357.85","364.98","354.00","4.97M","2.14%"
"28-06-2016","356.60","364.50","368.75","355.57","5.69M","-2.97%"
"27-06-2016","367.52","365.10","374.50","360.50","2.89M","-0.92%"
"24-06-2016","370.93","371.98","373.35","361.65","6.16M","-3.63%"
"23-06-2016","384.90","385.00","386.00","381.00","2.58M","-0.09%"
"22-06-2016","385.23","387.00","387.00","383.15","3.13M","0.05%"
"21-06-2016","385.05","384.25","387.90","383.10","2.93M","-0.07%"
"20-06-2016","385.32","374.98","390.73","373.93","8.27M","2.26%"
"17-06-2016","376.82","375.00","377.50","373.93","5.43M","0.26%"
"16-06-2016","375.85","376.27","377.00","371.25","2.27M","-0.46%"
"15-06-2016","377.60","375.50","378.65","374.98","1.96M","0.37%"
"14-06-2016","376.20","377.50","382.48","372.02","3.29M","-0.16%"
"13-06-2016","376.82","372.50","378.00","370.85","4.13M","0.35%"
"10-06-2016","375.52","375.00","379.00","372.98","11.57M","-0.27%"
"09-06-2016","376.52","374.35","377.95","372.00","5.56M","1.28%"
"08-06-2016","371.75","364.50","372.50","364.18","3.80M","2.31%"
"07-06-2016","363.35","364.00","365.73","360.80","4.98M","0.29%"
"06-06-2016","362.30","361.00","364.35","357.80","4.08M","0.37%"
"03-06-2016","360.95","362.65","363.23","360.35","3.01M","0.07%"
"02-06-2016","360.68","367.50","369.80","357.75","8.59M","-1.79%"
"01-06-2016","367.27","372.00","372.18","365.85","4.49M","-0.71%"
"31-05-2016","369.90","374.00","376.68","368.18","30.10M","-1.04%"
"30-05-2016","373.77","380.55","381.85","372.60","3.19M","-1.33%"
"27-05-2016","378.80","371.30","379.85","371.30","6.09M","2.25%"
"26-05-2016","370.45","375.52","376.00","368.32","6.46M","-1.13%"
"25-05-2016","374.68","371.00","375.20","370.07","3.37M","1.37%"
"24-05-2016","369.62","367.50","370.73","365.02","2.79M","0.78%"
"23-05-2016","366.77","369.18","369.93","366.00","2.08M","-0.42%"
"20-05-2016","368.32","364.50","370.00","364.50","3.85M","0.90%"
"19-05-2016","365.05","369.00","372.00","363.75","3.49M","-1.64%"
"18-05-2016","371.12","366.00","372.30","363.50","4.25M","1.36%"
"17-05-2016","366.15","360.00","369.50","360.00","7.83M","1.86%"
"16-05-2016","359.48","362.77","362.80","358.07","3.23M","-0.58%"
"13-05-2016","361.57","359.00","363.50","356.50","7.15M","1.18%"
"12-05-2016","357.35","355.50","359.45","354.75","3.56M","0.84%"
"11-05-2016","354.38","355.50","358.40","353.20","8.42M","-1.40%"
"10-05-2016","359.40","361.75","362.10","358.05","5.40M","-0.36%"
"09-05-2016","360.70","362.00","366.50","359.12","7.38M","-0.17%"
"06-05-2016","361.30","366.48","366.48","360.50","6.14M","-1.41%"
"05-05-2016","366.45","368.40","369.90","362.75","5.08M","-0.57%"
"04-05-2016","368.55","363.50","370.25","363.12","6.40M","1.19%"
"03-05-2016","364.20","373.50","373.77","363.02","7.00M","-1.86%"
"02-05-2016","371.10","375.00","378.15","370.05","5.02M","-1.08%"
"29-04-2016","375.15","397.00","397.00","373.60","17.98M","-6.20%"
"28-04-2016","399.95","402.50","411.50","398.32","17.84M","-4.49%"
"27-04-2016","418.77","424.75","427.95","415.52","4.55M","-1.44%"
"26-04-2016","424.90","419.52","427.70","416.57","2.26M","0.56%"
"25-04-2016","422.55","420.62","425.00","420.62","1.66M","0.00%"
"22-04-2016","422.57","419.18","426.45","419.18","2.22M","-0.13%"
"21-04-2016","423.12","422.00","427.68","419.25","2.24M","0.60%"
"20-04-2016","420.60","431.25","431.25","417.75","2.78M","-1.42%"
"18-04-2016","426.65","422.52","430.32","422.50","5.85M","1.88%"
"13-04-2016","418.77","422.48","423.25","417.57","2.64M","-0.25%"
"12-04-2016","419.82","421.50","422.50","415.62","1.42M","0.04%"
"11-04-2016","419.65","418.23","420.98","412.20","1.94M","0.74%"
"08-04-2016","416.55","415.93","418.00","412.80","1.45M","0.56%"
"07-04-2016","414.23","423.45","423.45","413.50","1.88M","-1.23%"
"06-04-2016","419.38","423.50","423.98","413.05","2.17M","-0.53%"
"05-04-2016","421.62","419.93","424.45","416.27","5.00M","0.40%"
"04-04-2016","419.93","407.50","420.98","407.50","5.66M","2.37%"
"01-04-2016","410.20","410.00","412.00","403.50","5.33M","0.77%"
"31-03-2016","407.05","407.50","412.25","404.95","9.17M","-0.79%"
"30-03-2016","410.30","402.73","411.00","402.73","4.60M","1.71%"
"29-03-2016","403.40","407.30","408.10","399.95","5.06M","-0.47%"
"28-03-2016","405.32","409.95","413.25","403.23","5.91M","-0.86%"
"23-03-2016","408.85","414.00","415.00","406.70","5.02M","-1.30%"
"22-03-2016","414.23","410.38","415.50","408.50","5.47M","0.72%"
"21-03-2016","411.27","414.00","414.00","407.60","3.32M","-0.19%"
"18-03-2016","412.07","408.00","414.40","407.50","3.32M","1.08%"
"17-03-2016","407.65","410.00","414.50","405.27","3.43M","0.05%"
"16-03-2016","407.45","406.73","408.25","403.75","2.44M","0.37%"
"15-03-2016","405.93","413.00","413.48","405.25","2.71M","-1.94%"
"14-03-2016","413.95","411.93","415.20","411.00","2.85M","0.59%"
"11-03-2016","411.52","408.50","412.50","406.25","4.24M","0.63%"
"10-03-2016","408.93","410.90","411.45","403.20","5.02M","0.27%"
"09-03-2016","407.82","406.98","409.00","400.68","12.22M","0.05%"
"08-03-2016","407.62","414.00","415.98","404.73","6.49M","-2.41%"
"04-03-2016","417.70","430.10","430.55","415.18","3.55M","-2.78%"
"03-03-2016","429.65","432.50","433.18","425.80","2.02M","0.52%"
"02-03-2016","427.43","418.50","432.50","414.68","3.28M","2.73%"
"01-03-2016","416.07","406.95","420.70","404.50","2.11M","2.32%"
"29-02-2016","406.62","411.00","415.82","397.50","3.09M","-1.38%"
"26-02-2016","412.32","407.18","416.00","407.00","2.05M","1.96%"
"25-02-2016","404.38","403.50","407.50","399.85","1.62M","-0.28%"
"24-02-2016","405.52","414.80","419.50","404.50","1.72M","-2.16%"
"23-02-2016","414.48","422.50","424.50","413.50","1.26M","-2.01%"
"22-02-2016","422.98","424.90","424.90","420.05","1.85M","-0.66%"
"19-02-2016","425.77","421.00","428.50","414.20","2.37M","0.90%"
"18-02-2016","421.98","414.52","423.50","413.68","2.13M","2.32%"
"17-02-2016","412.40","414.98","417.50","408.18","2.72M","0.06%"
"16-02-2016","412.15","412.55","418.95","409.62","2.10M","-0.34%"
"15-02-2016","413.55","406.50","416.25","405.18","2.76M","3.62%"
"12-02-2016","399.12","407.00","412.93","392.48","2.78M","-1.21%"
"11-02-2016","404.00","413.70","413.70","400.80","3.24M","-2.34%"
"10-02-2016","413.70","407.75","416.50","403.80","2.27M","2.09%"
"09-02-2016","405.23","421.50","422.00","402.98","3.33M","-4.62%"
"08-02-2016","424.88","433.05","434.48","423.00","1.61M","-2.29%"
"05-02-2016","434.82","438.50","438.50","429.18","1.97M","0.26%"
"04-02-2016","433.68","427.55","437.40","424.48","2.63M","1.79%"
"03-02-2016","426.05","433.18","435.00","424.43","1.96M","-2.35%"
"02-02-2016","436.32","440.00","442.50","433.52","2.23M","-0.87%"
"01-02-2016","440.15","432.90","444.95","432.90","2.59M","1.68%"
"29-01-2016","432.88","422.62","435.00","421.15","3.84M","2.52%"
"28-01-2016","422.25","416.50","424.90","414.85","3.20M","1.02%"
"27-01-2016","418.00","419.00","420.45","415.10","2.20M","-0.32%"
"25-01-2016","419.35","423.75","429.45","418.43","2.19M","-0.06%"
"22-01-2016","419.62","419.00","425.48","415.95","2.02M","0.48%"
"21-01-2016","417.62","422.00","425.07","415.62","3.35M","-0.79%"
"20-01-2016","420.95","415.52","423.00","411.50","3.98M","0.44%"
"19-01-2016","419.12","433.50","435.00","400.00","10.62M","-0.49%"
"18-01-2016","421.18","415.55","426.98","415.55","3.77M","0.52%"
"15-01-2016","419.02","414.25","421.00","408.00","4.57M","1.11%"
"14-01-2016","414.43","405.02","420.90","405.02","5.08M","0.30%"
"13-01-2016","413.20","407.40","414.93","402.15","3.16M","2.02%"
"12-01-2016","405.02","409.00","409.50","399.02","2.32M","-0.55%"
"11-01-2016","407.27","407.50","416.50","405.55","2.54M","-1.67%"
"08-01-2016","414.18","414.00","418.38","406.90","3.38M","0.40%"
"07-01-2016","412.52","418.05","418.95","409.50","2.90M","-1.94%"
"06-01-2016","420.70","426.85","426.85","418.50","2.80M","-0.17%"
"05-01-2016","421.40","424.48","425.52","418.20","1.47M","-0.37%"
"04-01-2016","422.98","420.50","427.48","418.73","2.17M","0.01%"
"01-01-2016","422.93","427.55","427.55","421.75","970.39K","-1.08%"
"31-12-2015","427.55","418.50","430.00","418.48","1.75M","1.74%"
"30-12-2015","420.25","427.43","429.25","419.00","1.75M","-1.64%"
"29-12-2015","427.25","432.48","433.00","423.27","2.29M","-1.52%"
"28-12-2015","433.85","429.25","437.00","426.93","1.80M","0.86%"
"24-12-2015","430.15","430.35","433.00","427.77","741.56K","-0.41%"
"23-12-2015","431.90","425.00","432.73","424.75","1.35M","1.71%"
"22-12-2015","424.62","427.50","427.73","422.93","1.44M","-0.73%"
"21-12-2015","427.73","422.50","428.98","421.57","917.70K","1.10%"
"18-12-2015","423.07","430.00","432.50","422.45","2.84M","-1.66%"
"17-12-2015","430.23","425.73","432.15","423.62","1.94M","1.58%"
"16-12-2015","423.52","424.65","429.90","421.35","1.63M","0.22%"
"15-12-2015","422.60","424.85","424.85","420.45","1.61M","0.52%"
"14-12-2015","420.43","421.50","426.32","413.00","1.54M","0.03%"
"11-12-2015","420.30","424.95","424.95","418.12","1.06M","-0.60%"
"10-12-2015","422.85","422.00","425.00","418.50","1.84M","0.17%"
"09-12-2015","422.12","428.50","428.50","419.85","2.60M","-1.61%"
"08-12-2015","429.02","420.82","433.95","420.82","3.18M","1.87%"
"07-12-2015","421.15","420.10","426.43","417.00","2.62M","0.75%"
"04-12-2015","418.00","424.62","425.00","415.57","3.78M","-1.78%"
"03-12-2015","425.57","428.00","428.00","424.62","3.84M","-0.99%"
"02-12-2015","429.82","441.00","441.00","428.00","2.58M","-2.06%"
"01-12-2015","438.85","435.48","442.85","434.52","2.55M","0.77%"
"30-11-2015","435.48","436.07","440.88","431.32","5.17M","-0.18%"
"27-11-2015","436.27","432.00","437.50","431.60","1.58M","1.12%"
"26-11-2015","431.45","430.60","434.50","428.43","2.08M","-0.38%"
"24-11-2015","433.10","431.05","436.25","428.30","2.25M","0.28%"
"23-11-2015","431.88","431.00","433.98","429.30","1.18M","-0.32%"
"20-11-2015","433.27","436.00","437.20","427.75","3.39M","-0.85%"
"19-11-2015","436.98","425.00","438.43","423.02","3.53M","3.35%"
"18-11-2015","422.82","426.98","426.98","417.62","3.05M","-1.30%"
"17-11-2015","428.38","422.25","429.95","417.88","3.41M","2.17%"
"16-11-2015","419.30","414.05","421.20","412.50","2.88M","-0.57%"
"13-11-2015","421.70","412.50","428.40","411.60","2.95M","-1.05%"
"11-11-2015","426.18","427.45","430.00","421.00","227.96K","0.12%"
"10-11-2015","425.65","438.12","439.93","423.60","1.68M","-3.54%"
"09-11-2015","441.25","439.45","442.50","435.05","3.04M","-0.33%"
"06-11-2015","442.73","438.75","444.75","437.30","2.65M","0.91%"
"05-11-2015","438.75","440.80","441.90","437.02","2.37M","-0.47%"
"04-11-2015","440.80","439.50","442.20","437.50","1.68M","0.63%"
"03-11-2015","438.05","438.12","440.95","437.12","2.12M","-0.02%"
"02-11-2015","438.15","437.50","440.45","435.05","2.02M","0.53%"
"30-10-2015","435.85","438.00","438.50","433.77","2.66M","-0.48%"
"29-10-2015","437.95","438.85","442.60","436.62","4.24M","-0.19%"
"28-10-2015","438.77","433.50","440.00","427.00","3.35M","1.14%"
"27-10-2015","433.82","431.50","437.00","427.30","3.08M","0.47%"
"26-10-2015","431.77","429.68","434.32","428.55","4.16M","1.24%"
"23-10-2015","426.48","433.50","434.95","424.00","3.06M","-1.17%"
"21-10-2015","431.52","433.40","434.48","426.05","2.59M","-0.15%"
"20-10-2015","432.15","429.50","434.25","424.23","5.67M","0.76%"
"19-10-2015","428.88","415.00","430.50","409.35","10.05M","1.98%"
"16-10-2015","420.57","418.02","422.88","417.50","2.27M","0.74%"
"15-10-2015","417.50","417.50","419.45","414.00","3.64M","0.18%"
"14-10-2015","416.77","414.50","419.48","412.50","2.70M","0.44%"
"13-10-2015","414.95","426.00","426.50","413.18","5.84M","-2.95%"
"12-10-2015","427.55","429.50","430.48","414.82","4.84M","0.69%"
"09-10-2015","424.60","417.75","425.40","416.75","9.47M","2.54%"
"08-10-2015","414.10","414.40","418.70","406.25","17.22M","1.35%"
"07-10-2015","408.60","422.50","424.38","405.55","13.75M","-4.26%"
"06-10-2015","426.80","431.50","434.00","424.35","5.91M","-0.73%"
"05-10-2015","429.95","422.85","435.40","419.02","13.38M","0.33%"
"01-10-2015","428.52","445.00","457.40","417.43","26.77M","-12.74%"
"30-09-2015","491.07","481.00","494.85","476.93","3.52M","2.98%"
"29-09-2015","476.85","470.00","480.25","470.00","2.82M","0.34%"
"28-09-2015","475.25","478.00","482.23","472.50","1.56M","-0.47%"
"24-09-2015","477.48","464.00","479.25","463.80","3.06M","3.01%"
"23-09-2015","463.55","467.50","467.50","456.38","2.28M","-1.71%"
"22-09-2015","471.60","473.50","482.75","465.50","3.21M","-0.08%"
"21-09-2015","472.00","471.02","484.62","470.85","1.97M","-0.69%"
"18-09-2015","475.27","477.00","477.95","468.80","2.85M","1.24%"
"16-09-2015","469.45","469.00","473.82","465.07","1.80M","1.09%"
"15-09-2015","464.40","465.00","465.80","460.50","2.45M","0.03%"
"14-09-2015","464.27","460.60","465.50","458.60","1.54M","0.91%"
"11-09-2015","460.10","460.50","462.48","453.23","2.20M","0.47%"
"10-09-2015","457.95","466.50","468.00","454.50","4.12M","-2.89%"
"09-09-2015","471.60","471.50","478.00","469.00","2.11M","0.73%"
"08-09-2015","468.18","459.00","472.02","459.00","2.38M","1.68%"
"07-09-2015","460.43","470.00","472.48","457.50","1.34M","-2.07%"
"04-09-2015","470.15","479.12","482.18","468.00","2.67M","-2.15%"
"03-09-2015","480.50","481.00","483.38","475.25","2.25M","1.28%"
"02-09-2015","474.45","475.00","484.48","472.05","4.09M","0.14%"
"01-09-2015","473.80","483.50","488.25","463.00","2.85M","-2.41%"
"31-08-2015","485.52","479.10","490.00","479.10","5.44M","1.98%"
"28-08-2015","476.10","462.30","477.45","462.25","3.08M","4.28%"
"27-08-2015","456.55","454.05","463.98","452.70","4.06M","1.18%"
"26-08-2015","451.23","456.05","467.45","442.00","4.81M","-1.27%"
"25-08-2015","457.02","465.00","466.85","444.95","5.47M","-1.49%"
"24-08-2015","463.95","472.00","474.40","459.52","4.22M","-3.83%"
"21-08-2015","482.45","478.50","488.75","470.00","3.60M","0.38%"
"20-08-2015","480.62","496.23","496.23","478.25","2.52M","-2.72%"
"19-08-2015","494.07","487.52","498.85","485.75","3.29M","1.91%"
"18-08-2015","484.80","486.98","492.98","482.50","3.22M","0.12%"
"17-08-2015","484.23","488.20","490.10","481.00","1.68M","-0.54%"
"14-08-2015","486.85","483.55","491.95","480.93","1.58M","0.85%"
"13-08-2015","482.77","488.90","494.45","478.05","3.16M","-0.54%"
"12-08-2015","485.40","470.90","486.80","470.35","4.22M","3.23%"
"11-08-2015","470.20","470.60","473.00","468.50","1.72M","0.42%"
"10-08-2015","468.23","469.62","475.00","465.05","2.22M","-0.31%"
"07-08-2015","469.68","473.00","473.62","467.75","1.82M","-0.70%"
"06-08-2015","473.00","473.10","475.00","470.82","1.87M","0.92%"
"05-08-2015","468.70","469.45","472.50","465.60","2.36M","0.48%"
"04-08-2015","466.45","471.30","475.00","465.00","3.81M","-0.63%"
"03-08-2015","469.43","476.23","481.73","467.15","7.07M","-5.95%"
"31-07-2015","499.12","478.00","503.00","478.00","3.93M","4.21%"
"30-07-2015","478.95","479.95","486.50","476.52","3.09M","0.69%"
"29-07-2015","475.68","467.00","477.00","462.65","2.91M","3.03%"
"28-07-2015","461.68","468.85","474.48","460.07","2.39M","-1.47%"
"27-07-2015","468.55","475.93","479.12","461.62","3.35M","-1.63%"
"24-07-2015","476.32","490.35","490.35","475.27","2.37M","-1.79%"
"23-07-2015","485.02","492.00","497.48","482.80","1.60M","-1.32%"
"22-07-2015","491.52","487.40","492.98","483.65","1.40M","0.85%"
"21-07-2015","487.40","474.20","495.00","473.95","3.96M","2.97%"
"20-07-2015","473.32","478.35","479.90","471.50","1.41M","-0.92%"
"17-07-2015","477.70","481.50","486.50","476.27","2.07M","-0.12%"
"16-07-2015","478.27","479.40","481.80","472.52","1.77M","0.89%"
"15-07-2015","474.07","475.98","478.73","471.50","2.39M","-0.71%"
"14-07-2015","477.48","481.50","484.00","474.00","2.42M","-0.61%"
"13-07-2015","480.43","467.45","481.50","467.30","2.42M","3.80%"
"10-07-2015","462.82","465.00","465.00","458.52","2.36M","0.89%"
"09-07-2015","458.73","469.50","469.50","456.12","2.30M","-1.67%"
"08-07-2015","466.50","462.50","473.50","462.50","2.35M","-0.35%"
"07-07-2015","468.15","482.50","483.90","466.50","2.54M","-3.47%"
"06-07-2015","484.98","472.55","487.75","471.75","1.62M","0.52%"
"03-07-2015","482.45","473.50","484.50","470.00","1.73M","1.09%"
"02-07-2015","477.25","472.60","479.98","470.25","1.98M","1.11%"
"01-07-2015","472.02","458.62","474.50","458.55","2.15M","2.64%"
"30-06-2015","459.88","463.77","464.77","455.50","3.97M","-0.93%"
"29-06-2015","464.20","466.00","474.73","459.70","2.34M","-3.01%"
"26-06-2015","478.62","463.50","480.00","463.50","3.17M","3.36%"
"25-06-2015","463.05","465.00","466.52","456.90","3.10M","-1.28%"
"24-06-2015","469.05","464.50","471.95","464.25","2.62M","1.15%"
"23-06-2015","463.73","469.85","474.68","462.62","2.20M","-0.44%"
"22-06-2015","465.77","459.60","467.75","456.00","1.65M","1.45%"
"19-06-2015","459.10","457.52","468.75","456.88","3.56M","0.49%"
"18-06-2015","456.88","457.70","460.27","452.10","2.64M","0.82%"
"17-06-2015","453.15","455.07","459.30","449.80","2.50M","0.00%"
"16-06-2015","453.15","454.85","455.82","449.20","1.78M","-0.19%"
"15-06-2015","454.02","449.50","461.43","445.50","1.72M","1.30%"
"12-06-2015","448.18","456.95","456.95","441.38","3.69M","-2.02%"
"11-06-2015","457.40","470.02","472.48","455.25","3.64M","-2.94%"
"10-06-2015","471.27","457.50","473.00","454.88","5.17M","3.42%"
"09-06-2015","455.70","457.52","462.50","450.62","2.44M","-0.82%"
"08-06-2015","459.48","459.50","464.00","456.48","2.98M","-1.08%"
"05-06-2015","464.50","470.50","474.45","462.75","3.00M","-1.24%"
"04-06-2015","470.32","471.05","474.40","467.15","3.11M","-1.22%"
"03-06-2015","476.15","477.62","483.00","466.23","3.62M","-0.04%"
"02-06-2015","476.35","488.50","493.45","473.35","2.33M","-2.12%"
"01-06-2015","486.65","496.40","499.25","484.62","2.30M","-3.71%"
"29-05-2015","505.38","488.00","522.48","481.00","11.36M","3.13%"
"28-05-2015","490.05","493.05","498.32","479.25","3.34M","-1.15%"
"27-05-2015","495.75","495.00","502.48","492.15","2.95M","-0.20%"
"26-05-2015","496.75","499.88","503.50","492.75","2.46M","-0.56%"
"25-05-2015","499.57","492.50","505.00","486.62","3.29M","1.52%"
"22-05-2015","492.07","481.62","494.00","478.73","3.00M","1.43%"
"21-05-2015","485.12","481.98","486.98","480.00","2.09M","1.06%"
"20-05-2015","480.05","470.50","481.88","469.62","3.07M","2.78%"
"19-05-2015","467.07","465.00","468.38","460.00","2.59M","0.39%"
"18-05-2015","465.27","458.75","466.75","450.95","3.01M","1.82%"
"15-05-2015","456.95","462.50","467.40","453.75","3.41M","-1.23%"
"14-05-2015","462.65","469.40","471.00","459.00","2.25M","-1.28%"
"13-05-2015","468.65","458.00","472.00","458.00","2.77M","2.37%"
"12-05-2015","457.82","471.00","471.73","455.25","2.46M","-2.79%"
"11-05-2015","470.95","467.25","474.75","461.70","3.59M","1.77%"
"08-05-2015","462.75","463.73","474.38","457.98","3.58M","0.51%"
"07-05-2015","460.38","448.05","462.48","440.05","3.64M","3.32%"
"06-05-2015","445.57","453.52","462.90","440.10","4.60M","-2.28%"
"05-05-2015","455.98","461.50","464.50","452.57","3.46M","-0.85%"
"04-05-2015","459.90","440.27","463.38","432.90","3.35M","4.46%"
"30-04-2015","440.27","441.05","444.00","431.25","7.34M","-0.75%"
"29-04-2015","443.60","435.25","446.60","429.23","4.08M","1.92%"
"28-04-2015","435.25","439.32","441.88","427.18","5.80M","-1.44%"
"27-04-2015","441.60","448.02","452.98","437.00","3.79M","-1.53%"
"24-04-2015","448.48","445.50","456.40","443.70","6.41M","0.22%"
"23-04-2015","447.50","441.40","453.50","441.12","6.39M","2.02%"
"22-04-2015","438.65","442.25","445.95","431.55","7.93M","-1.50%"
"21-04-2015","445.32","420.40","460.00","417.55","14.60M","-3.64%"
"20-04-2015","462.15","472.50","473.85","456.27","3.22M","-1.68%"
"17-04-2015","470.05","474.00","475.35","467.23","3.14M","-1.48%"
"16-04-2015","477.12","474.50","478.95","466.75","2.06M","1.03%"
"15-04-2015","472.25","489.00","489.00","469.38","3.10M","-3.23%"
"13-04-2015","488.02","483.95","489.25","477.50","3.10M","0.91%"
"10-04-2015","483.62","479.65","488.85","478.00","2.84M","0.32%"
"09-04-2015","482.07","484.50","484.50","470.50","2.67M","0.55%"
"08-04-2015","479.43","472.48","484.50","470.00","3.59M","2.60%"
"07-04-2015","467.27","469.90","478.00","463.73","4.35M","0.27%"
"06-04-2015","466.02","466.50","469.50","456.07","7.73M","-0.94%"
"01-04-2015","470.43","473.50","481.50","467.50","8.28M","-4.03%"
"31-03-2015","490.20","490.00","492.02","483.50","3.73M","-0.01%"
"30-03-2015","490.23","483.00","493.10","478.25","3.28M","1.83%"
"27-03-2015","481.43","491.70","501.50","477.45","4.28M","-2.49%"
"26-03-2015","493.70","503.00","505.00","489.05","7.05M","-1.96%"
"25-03-2015","503.57","486.00","508.90","484.55","7.52M","3.79%"
"24-03-2015","485.18","484.50","489.50","480.18","5.30M","0.20%"
"23-03-2015","484.20","490.27","493.80","480.88","3.90M","-1.17%"
"20-03-2015","489.95","489.98","492.50","482.88","6.27M","0.03%"
"19-03-2015","489.82","495.00","503.20","486.00","10.16M","-2.36%"
"18-03-2015","501.64","510.00","513.19","498.76","18.93M","-1.59%"
"17-03-2015","509.77","516.70","517.23","508.25","10.01M","-0.87%"
"16-03-2015","514.25","505.00","516.50","503.50","7.94M","2.21%"
"13-03-2015","503.15","514.70","514.75","495.26","6.37M","-1.95%"
"12-03-2015","513.17","516.25","519.83","510.56","4.88M","-0.31%"
"11-03-2015","514.76","515.00","529.23","508.89","10.07M","0.73%"
"10-03-2015","511.04","513.75","517.25","507.00","5.43M","-1.04%"
"09-03-2015","516.42","514.19","518.73","502.75","6.56M","0.03%"
"05-03-2015","516.25","509.00","518.73","508.99","3.45M","1.42%"
"04-03-2015","509.00","509.25","512.92","505.00","3.43M","0.24%"
"03-03-2015","507.80","507.75","511.23","496.26","4.31M","0.31%"
"02-03-2015","506.21","510.23","510.23","500.09","4.10M","0.20%"
"28-02-2015","505.18","506.39","507.46","496.80","1.58M","-0.06%"
"27-02-2015","505.50","497.25","506.41","493.86","4.81M","2.36%"
"26-02-2015","493.86","495.75","502.00","491.24","4.16M","-0.39%"
"25-02-2015","495.80","497.38","498.40","492.95","2.28M","0.36%"
"24-02-2015","494.01","492.75","499.70","488.91","3.64M","0.26%"
"23-02-2015","492.75","500.00","506.93","489.61","2.67M","-1.49%"
"20-02-2015","500.19","512.50","513.75","499.02","2.67M","-2.31%"
"19-02-2015","512.04","507.50","513.67","505.00","4.14M","0.74%"
"18-02-2015","508.29","497.89","510.00","496.89","6.33M","2.43%"
"16-02-2015","496.21","498.76","502.00","495.15","3.02M","-0.41%"
"13-02-2015","498.24","497.50","501.00","494.20","3.29M","0.43%"
"12-02-2015","496.10","487.50","497.50","487.25","4.37M","1.47%"
"11-02-2015","488.93","484.93","491.75","480.30","2.14M","1.16%"
"10-02-2015","483.34","496.25","496.96","481.25","5.79M","-3.05%"
"09-02-2015","498.57","485.25","502.38","482.82","4.67M","2.02%"
"06-02-2015","488.68","492.50","499.25","486.32","4.02M","-0.91%"
"05-02-2015","493.16","475.00","495.21","471.74","8.49M","3.80%"
"04-02-2015","475.09","475.00","477.50","471.39","4.94M","0.01%"
"03-02-2015","475.06","477.50","478.75","467.75","8.44M","0.49%"
"02-02-2015","472.75","450.00","475.00","449.51","10.09M","5.54%"
"30-01-2015","447.94","452.50","455.00","438.29","21.42M","8.66%"
"29-01-2015","412.24","414.50","415.68","402.23","4.75M","-0.63%"
"28-01-2015","414.85","402.50","416.44","402.50","4.17M","2.66%"
"27-01-2015","404.09","412.23","412.23","401.89","4.46M","-1.84%"
"23-01-2015","411.66","415.77","417.23","407.82","4.68M","-1.15%"
"22-01-2015","416.43","422.00","423.26","414.25","3.77M","-1.28%"
"21-01-2015","421.81","415.30","423.00","410.25","7.54M","0.90%"
"20-01-2015","418.04","415.62","419.81","412.43","3.10M","1.67%"
"19-01-2015","411.16","412.50","432.50","409.95","3.34M","0.34%"
"16-01-2015","409.75","398.50","411.02","393.89","3.19M","2.87%"
"15-01-2015","398.31","398.74","404.61","388.11","3.66M","0.91%"
"14-01-2015","394.70","398.98","399.70","387.57","4.13M","-0.30%"
"13-01-2015","395.90","393.89","398.74","390.84","2.92M","0.51%"
"12-01-2015","393.89","388.77","394.75","385.18","2.66M","1.94%"
"09-01-2015","386.39","384.16","395.91","380.73","6.16M","0.74%"
"08-01-2015","383.57","379.25","385.00","373.75","3.91M","2.31%"
"07-01-2015","374.90","384.88","387.00","373.18","3.54M","-2.37%"
"06-01-2015","384.02","393.50","393.60","380.66","3.47M","-2.67%"
"05-01-2015","394.56","403.75","403.75","392.18","2.01M","-1.68%"
"02-01-2015","401.31","400.51","404.74","400.01","933.37K","-0.10%"
"01-01-2015","401.70","399.75","402.91","396.40","1.34M","0.62%"