"Date","Price","Open","High","Low","Vol.","Change %"
"31-07-2026","348.05","345.10","348.55","345.10","4.54M","0.61%"
"30-07-2026","345.95","345.00","348.90","343.95","4.22M","0.12%"
"29-07-2026","345.55","343.60","346.80","343.10","4.89M","0.52%"
"28-07-2026","343.75","349.90","349.90","340.75","","-1.87%"
"27-07-2026","350.30","351.80","351.95","347.60","53.49M","0.75%"
"24-07-2026","347.70","348.00","350.35","345.00","32.75M","-0.22%"
"23-07-2026","348.45","348.25","350.30","346.75","25.87M","-0.47%"
"22-07-2026","350.10","347.30","350.40","345.55","11.04M","0.47%"
"21-07-2026","348.45","349.75","349.75","344.15","5.80M","-0.01%"
"20-07-2026","348.50","341.95","350.25","341.95","8.29M","1.96%"
"17-07-2026","341.80","342.55","344.70","340.70","4.50M","-0.44%"
"16-07-2026","343.30","345.40","347.05","343.00","5.04M","-0.65%"
"15-07-2026","345.55","348.80","349.65","344.30","6.94M","-1.09%"
"14-07-2026","349.35","351.50","354.40","348.30","8.14M","-0.91%"
"13-07-2026","352.55","345.60","354.65","345.10","5.86M","1.89%"
"10-07-2026","346.00","347.70","350.30","344.90","8.66M","0.23%"
"09-07-2026","345.20","350.00","350.40","344.65","12.06M","-1.09%"
"08-07-2026","349.00","354.25","354.25","347.60","11.72M","-1.61%"
"07-07-2026","354.70","358.00","358.00","353.20","3.78M","-0.63%"
"06-07-2026","356.95","357.50","359.90","355.60","4.09M","0.06%"
"03-07-2026","356.75","358.40","360.90","356.00","6.58M","-0.71%"
"02-07-2026","359.30","358.50","360.50","354.30","3.57M","0.14%"
"01-07-2026","358.80","360.00","362.00","355.95","4.66M","0.60%"
"30-06-2026","356.65","354.50","358.90","352.00","23.16M","0.21%"
"29-06-2026","355.90","352.50","357.30","351.05","51.94M","1.01%"
"25-06-2026","352.35","357.65","359.75","351.55","34.92M","-1.48%"
"24-06-2026","357.65","362.60","363.75","356.20","25.40M","-1.87%"
"23-06-2026","364.45","369.00","369.15","361.95","10.20M","-0.71%"
"22-06-2026","367.05","366.30","368.60","364.50","11.26M","0.30%"
"19-06-2026","365.95","364.70","368.30","361.10","19.05M","0.81%"
"18-06-2026","363.00","357.00","364.65","355.05","12.42M","1.75%"
"17-06-2026","356.75","354.50","357.15","353.60","9.17M","0.22%"
"16-06-2026","355.95","350.35","356.65","349.40","10.42M","1.80%"
"15-06-2026","349.65","358.20","358.45","348.75","9.08M","-1.63%"
"12-06-2026","355.45","357.50","357.50","351.25","9.03M","0.62%"
"11-06-2026","353.25","353.35","355.20","350.40","7.16M","-0.07%"
"10-06-2026","353.50","359.70","361.00","352.85","8.52M","-1.26%"
"09-06-2026","358.00","364.40","367.60","357.30","6.60M","-1.76%"
"08-06-2026","364.40","360.10","367.65","357.50","7.95M","-0.03%"
"05-06-2026","364.50","368.35","370.95","361.00","6.79M","-1.34%"
"04-06-2026","369.45","369.90","371.90","367.50","8.25M","-0.18%"
"03-06-2026","370.10","371.85","373.05","366.55","10.14M","-0.19%"
"02-06-2026","370.80","379.60","379.60","366.05","14.66M","-2.82%"
"01-06-2026","381.55","390.00","390.20","380.10","8.66M","-2.49%"
"29-05-2026","391.30","403.35","403.35","390.15","11.41M","-2.28%"
"27-05-2026","400.45","392.90","405.00","392.90","11.79M","2.77%"
"26-05-2026","389.65","390.60","391.50","389.15","16.63M","-0.15%"
"25-05-2026","390.25","391.50","392.00","386.40","30.95M","0.17%"
"22-05-2026","389.60","388.60","391.55","387.20","26.47M","0.01%"
"21-05-2026","389.55","393.45","395.55","388.70","40.63M","-0.74%"
"20-05-2026","392.45","387.50","393.10","385.15","12.86M","0.87%"
"19-05-2026","389.05","389.20","392.65","386.75","6.43M","0.19%"
"18-05-2026","388.30","394.10","394.10","386.50","14.98M","-1.80%"
"15-05-2026","395.40","397.20","398.20","393.75","4.01M","-0.33%"
"14-05-2026","396.70","393.55","399.10","392.80","7.17M","1.15%"
"13-05-2026","392.20","392.00","395.90","387.65","12.02M","-0.38%"
"12-05-2026","393.70","393.85","401.00","392.20","9.69M","-0.22%"
"11-05-2026","394.55","401.30","406.20","394.05","9.80M","-2.35%"
"08-05-2026","404.05","402.00","406.75","399.00","8.31M","0.39%"
"07-05-2026","402.50","399.20","405.35","395.00","11.48M","1.36%"
"06-05-2026","397.10","401.85","404.00","394.10","11.43M","-0.63%"
"05-05-2026","399.60","400.40","401.75","395.60","6.85M","-0.65%"
"04-05-2026","402.20","402.00","405.95","398.90","6.10M","0.42%"
"30-04-2026","400.50","400.00","401.75","394.55","6.86M","-0.68%"
"29-04-2026","403.25","410.20","411.50","402.00","10.11M","-0.88%"
"28-04-2026","406.85","410.00","412.90","405.05","29.16M","-0.34%"
"27-04-2026","408.25","400.95","412.30","400.95","25.50M","1.80%"
"24-04-2026","401.05","402.75","404.35","398.45","32.83M","-0.17%"
"23-04-2026","401.75","402.00","405.40","400.05","23.55M","-0.78%"
"22-04-2026","404.90","396.75","406.80","394.70","18.46M","2.07%"
"21-04-2026","396.70","399.25","402.80","396.25","10.23M","-0.40%"
"20-04-2026","398.30","393.65","401.90","391.65","16.71M","0.78%"
"17-04-2026","395.20","392.70","396.50","389.25","16.77M","0.83%"
"16-04-2026","391.95","395.90","397.65","388.50","10.23M","-0.28%"
"15-04-2026","393.05","392.20","394.50","387.70","9.66M","1.43%"
"13-04-2026","387.50","378.00","389.50","375.70","15.58M","1.79%"
"10-04-2026","380.70","382.60","385.00","372.65","13.74M","0.17%"
"09-04-2026","380.05","378.90","385.15","377.45","11.18M","1.10%"
"08-04-2026","375.90","373.15","377.25","370.00","13.23M","1.75%"
"07-04-2026","369.45","364.95","370.45","363.45","8.95M","0.70%"
"06-04-2026","366.90","361.05","367.50","357.40","9.92M","1.62%"
"02-04-2026","361.05","360.10","362.60","353.70","16.47M","-1.61%"
"01-04-2026","366.95","377.20","380.90","363.60","10.91M","-1.00%"
"30-03-2026","370.65","375.30","378.55","370.50","18.93M","-1.37%"
"27-03-2026","375.80","378.55","378.60","374.60","32.30M","-0.48%"
"25-03-2026","377.60","375.70","380.25","375.05","33.97M","0.72%"
"24-03-2026","374.90","376.80","377.40","370.40","26.91M","0.86%"
"23-03-2026","371.70","378.50","379.75","368.90","17.71M","-2.31%"
"20-03-2026","380.50","377.40","383.40","377.15","14.75M","1.55%"
"19-03-2026","374.70","376.75","380.90","373.75","12.67M","-1.25%"
"18-03-2026","379.45","385.00","386.60","378.50","11.98M","-1.16%"
"17-03-2026","383.90","383.20","385.95","378.95","9.82M","0.41%"
"16-03-2026","382.35","386.40","388.30","376.60","12.52M","-0.75%"
"13-03-2026","385.25","392.50","394.50","384.30","23.24M","-1.45%"
"12-03-2026","390.90","379.10","392.70","376.10","26.63M","2.80%"
"11-03-2026","380.25","378.80","384.45","377.15","11.65M","0.34%"
"10-03-2026","378.95","383.20","385.05","375.30","13.86M","0.26%"
"09-03-2026","377.95","376.55","379.60","372.60","12.01M","-0.89%"
"06-03-2026","381.35","376.40","385.95","375.20","20.38M","0.71%"
"05-03-2026","378.65","368.05","380.60","367.55","16.47M","3.19%"
"04-03-2026","366.95","374.00","374.90","365.90","12.72M","-3.00%"
"02-03-2026","378.30","370.00","380.80","370.00","14.28M","-1.28%"
"27-02-2026","383.20","383.75","386.65","381.55","7.46M","-0.26%"
"26-02-2026","384.20","386.10","387.05","380.70","9.35M","-0.61%"
"25-02-2026","386.55","385.20","389.75","384.65","12.41M","0.99%"
"24-02-2026","382.75","373.85","383.80","372.85","37.49M","2.38%"
"23-02-2026","373.85","372.80","374.95","370.80","40.08M","0.58%"
"20-02-2026","371.70","363.90","372.55","363.90","40.70M","2.26%"
"19-02-2026","363.50","369.50","371.35","362.35","24.53M","-1.48%"
"18-02-2026","368.95","367.80","370.75","367.80","6.84M","0.08%"
"17-02-2026","368.65","369.40","370.00","366.90","6.11M","-0.24%"
"16-02-2026","369.55","362.75","370.25","362.75","7.80M","1.55%"
"13-02-2026","363.90","367.80","369.00","363.40","9.58M","-1.41%"
"12-02-2026","369.10","369.30","371.95","367.80","7.43M","0.19%"
"11-02-2026","368.40","368.00","368.90","366.30","7.47M","0.34%"
"10-02-2026","367.15","362.75","368.00","361.50","8.61M","1.25%"
"09-02-2026","362.60","367.20","368.35","362.15","8.21M","-0.70%"
"06-02-2026","365.15","362.50","365.80","361.25","9.94M","0.14%"
"05-02-2026","364.65","367.20","368.15","362.80","15.54M","-0.11%"
"04-02-2026","365.05","357.00","366.40","356.85","18.26M","2.21%"
"03-02-2026","357.15","360.05","361.85","351.30","15.19M","2.60%"
"02-02-2026","348.10","341.95","349.20","335.20","14.64M","1.83%"
"01-02-2026","341.85","352.10","358.65","335.40","17.03M","-3.32%"
"30-01-2026","353.60","357.45","359.30","348.85","19.27M","-1.05%"
"29-01-2026","357.35","349.30","359.30","346.60","16.01M","2.83%"
"28-01-2026","347.50","345.00","352.00","344.30","9.39M","0.81%"
"27-01-2026","344.70","338.85","345.85","338.80","20.89M","2.24%"
"23-01-2026","337.15","342.55","344.85","336.40","29.64M","-1.65%"
"22-01-2026","342.80","340.00","343.35","336.50","27.71M","1.26%"
"21-01-2026","338.55","339.90","341.80","337.05","21.50M","-0.21%"
"20-01-2026","339.25","344.80","348.20","338.25","9.39M","-1.45%"
"19-01-2026","344.25","345.45","348.40","343.00","8.67M","-0.81%"
"16-01-2026","347.05","350.40","352.50","346.00","14.37M","-0.40%"
"14-01-2026","348.45","338.80","350.00","337.85","18.27M","3.02%"
"13-01-2026","338.25","340.00","340.00","335.75","4.94M","-0.19%"
"12-01-2026","338.90","336.75","341.55","334.50","8.33M","0.73%"
"09-01-2026","336.45","342.95","344.00","335.30","12.67M","-2.24%"
"08-01-2026","344.15","349.65","350.15","342.75","9.53M","-1.57%"
"07-01-2026","349.65","351.30","351.60","347.25","5.46M","-0.51%"
"06-01-2026","351.45","349.75","354.45","347.15","8.86M","0.10%"
"05-01-2026","351.10","352.70","354.90","348.10","12.66M","-0.34%"
"02-01-2026","352.30","336.30","353.15","336.30","21.77M","4.54%"
"01-01-2026","337.00","332.05","337.65","331.75","10.57M","1.64%"
"31-12-2025","331.55","325.75","332.55","325.75","7.90M","2.05%"
"30-12-2025","324.90","324.40","325.25","323.00","23.47M","-0.02%"
"29-12-2025","324.95","323.95","325.70","322.75","25.35M","0.26%"
"26-12-2025","324.10","322.95","325.55","322.15","23.24M","0.28%"
"24-12-2025","323.20","324.90","326.75","322.85","17.52M","-0.20%"
"23-12-2025","323.85","322.40","325.30","320.75","10.40M","0.72%"
"22-12-2025","321.55","321.00","323.95","320.05","7.67M","0.28%"
"19-12-2025","320.65","320.10","321.20","318.30","6.92M","0.49%"
"18-12-2025","319.10","320.95","321.95","317.55","6.47M","-0.75%"
"17-12-2025","321.50","319.90","322.90","319.90","4.84M","0.06%"
"16-12-2025","321.30","323.65","324.55","319.70","6.35M","-1.14%"
"15-12-2025","325.00","324.00","326.00","322.45","5.67M","-0.23%"
"12-12-2025","325.75","324.80","327.30","324.05","4.43M","0.56%"
"11-12-2025","323.95","323.00","324.75","320.35","5.30M","0.57%"
"10-12-2025","322.10","320.75","324.40","320.55","6.14M","0.47%"
"09-12-2025","320.60","319.00","322.15","316.65","7.32M","0.12%"
"08-12-2025","320.20","323.60","324.45","318.90","8.62M","-1.48%"
"05-12-2025","325.00","324.00","325.85","322.55","4.02M","0.18%"
"04-12-2025","324.40","324.40","325.60","322.70","4.32M","0.03%"
"03-12-2025","324.30","330.70","330.70","323.10","8.37M","-1.92%"
"02-12-2025","330.65","329.30","331.70","329.00","5.75M","0.44%"
"01-12-2025","329.20","330.00","330.30","327.20","4.50M","0.17%"
"28-11-2025","328.65","329.40","330.05","326.30","4.81M","-0.26%"
"27-11-2025","329.50","328.45","330.70","327.15","5.29M","0.37%"
"26-11-2025","328.30","321.55","329.50","321.55","6.69M","1.42%"
"25-11-2025","323.70","323.75","325.70","322.15","20.42M","-0.02%"
"24-11-2025","323.75","326.35","326.90","322.45","24.86M","-0.74%"
"21-11-2025","326.15","326.15","327.90","324.90","28.88M","-0.26%"
"20-11-2025","327.00","327.55","329.05","326.55","19.57M","0.21%"
"19-11-2025","326.30","328.75","328.75","324.95","7.21M","-0.70%"
"18-11-2025","328.60","330.00","330.00","327.20","5.30M","-0.51%"
"17-11-2025","330.30","328.90","331.75","328.90","5.23M","0.47%"
"14-11-2025","328.75","327.45","329.90","326.45","7.82M","0.41%"
"13-11-2025","327.40","327.60","330.45","326.30","7.56M","-0.14%"
"12-11-2025","327.85","328.10","329.20","326.45","7.19M","0.08%"
"11-11-2025","327.60","327.00","328.00","323.70","5.57M","0.31%"
"10-11-2025","326.60","328.50","329.00","325.40","5.96M","-0.08%"
"07-11-2025","326.85","324.45","328.05","321.80","8.28M","0.52%"
"06-11-2025","325.15","330.50","331.00","323.40","10.45M","-1.25%"
"04-11-2025","329.25","334.30","334.30","327.90","11.83M","-1.45%"
"03-11-2025","334.10","335.40","336.55","332.05","9.09M","-0.40%"
"31-10-2025","335.45","343.90","343.90","334.15","21.66M","-2.50%"
"30-10-2025","344.05","349.50","349.50","343.05","8.79M","-1.01%"
"29-10-2025","347.55","340.40","349.50","338.50","20.05M","2.48%"
"28-10-2025","339.15","342.10","342.50","337.20","21.18M","-0.76%"
"27-10-2025","341.75","341.15","343.00","340.75","33.66M","0.50%"
"24-10-2025","340.05","343.85","343.85","338.55","29.87M","-0.80%"
"23-10-2025","342.80","342.55","345.30","341.50","24.52M","0.18%"
"21-10-2025","342.20","343.40","343.50","341.15","631.50K","-0.06%"
"20-10-2025","342.40","342.40","344.45","341.20","6.52M","0.19%"
"17-10-2025","341.75","343.10","344.60","340.50","7.44M","-0.22%"
"16-10-2025","342.50","341.00","343.20","340.55","7.15M","0.56%"
"15-10-2025","340.60","338.10","342.80","338.10","7.35M","0.92%"
"14-10-2025","337.50","342.10","343.35","336.20","5.71M","-1.32%"
"13-10-2025","342.00","339.05","342.30","336.80","6.02M","0.38%"
"10-10-2025","340.70","337.00","343.40","337.00","11.08M","1.22%"
"09-10-2025","336.60","334.75","337.25","331.75","7.41M","0.70%"
"08-10-2025","334.25","339.65","340.05","333.10","7.66M","-1.68%"
"07-10-2025","339.95","340.55","343.25","338.65","9.33M","-0.34%"
"06-10-2025","341.10","344.00","344.25","337.50","7.95M","-0.89%"
"03-10-2025","344.15","342.10","345.60","340.80","8.45M","0.66%"
"01-10-2025","341.90","342.60","344.80","339.85","5.08M","0.43%"
"30-09-2025","340.45","341.90","342.55","339.50","22.40M","-0.31%"
"29-09-2025","341.50","339.35","342.85","338.50","29.01M","1.04%"
"26-09-2025","338.00","343.40","343.40","337.00","24.64M","-1.01%"
"25-09-2025","341.45","347.70","350.70","341.05","33.68M","-1.81%"
"24-09-2025","347.75","343.00","350.65","342.85","16.22M","1.16%"
"23-09-2025","343.75","341.70","344.50","339.10","12.15M","1.07%"
"22-09-2025","340.10","339.90","340.95","337.75","7.43M","0.19%"
"19-09-2025","339.45","337.30","339.85","336.80","7.17M","0.56%"
"18-09-2025","337.55","337.55","338.25","335.05","6.88M","-0.04%"
"17-09-2025","337.70","337.00","338.30","335.75","6.94M","0.36%"
"16-09-2025","336.50","332.70","337.15","332.70","9.08M","1.19%"
"15-09-2025","332.55","332.50","334.70","331.80","3.38M","-0.05%"
"12-09-2025","332.70","332.45","334.50","329.80","5.09M","0.08%"
"11-09-2025","332.45","328.25","334.25","328.10","9.07M","1.57%"
"10-09-2025","327.30","325.00","328.95","325.00","6.98M","0.48%"
"09-09-2025","325.75","328.50","329.15","325.30","7.53M","-0.79%"
"08-09-2025","328.35","332.00","332.40","328.05","5.33M","-0.56%"
"05-09-2025","330.20","331.50","333.00","327.40","5.65M","-0.38%"
"04-09-2025","331.45","334.95","336.10","330.80","7.84M","-0.38%"
"03-09-2025","332.70","334.10","335.65","331.25","5.90M","-0.45%"
"02-09-2025","334.20","329.30","336.10","329.25","9.78M","1.66%"
"01-09-2025","328.75","327.80","329.80","326.90","6.59M","0.77%"
"29-08-2025","326.25","330.45","330.45","324.85","10.45M","-1.38%"
"28-08-2025","330.80","331.25","332.90","328.70","15.59M","-0.76%"
"26-08-2025","333.35","337.05","337.25","331.45","29.31M","-1.39%"
"25-08-2025","338.05","339.25","341.60","337.20","36.78M","0.25%"
"22-08-2025","337.20","338.50","338.50","335.35","27.61M","-0.43%"
"21-08-2025","338.65","342.50","344.20","336.70","16.89M","-1.02%"
"20-08-2025","342.15","338.00","343.60","336.50","16.06M","1.85%"
"19-08-2025","335.95","338.80","340.75","335.05","8.66M","-0.40%"
"18-08-2025","337.30","340.95","342.30","336.70","7.83M","-0.65%"
"14-08-2025","339.50","340.25","340.50","336.70","5.68M","-0.38%"
"13-08-2025","340.80","342.40","343.45","339.70","5.98M","0.06%"
"12-08-2025","340.60","337.70","342.40","336.85","9.90M","0.98%"
"11-08-2025","337.30","334.80","339.30","334.60","6.73M","0.51%"
"08-08-2025","335.60","331.75","338.15","330.55","9.78M","1.30%"
"07-08-2025","331.30","332.80","332.80","329.50","7.94M","-0.59%"
"06-08-2025","333.25","334.10","336.00","332.80","5.27M","-0.28%"
"05-08-2025","334.20","333.40","334.95","332.10","5.19M","0.42%"
"04-08-2025","332.80","332.35","333.85","328.50","8.08M","0.36%"
"01-08-2025","331.60","335.00","335.50","331.00","6.84M","-0.79%"
"31-07-2025","334.25","337.35","339.60","333.50","13.75M","-1.39%"
"30-07-2025","338.95","334.75","342.45","331.90","30.52M","1.32%"
"29-07-2025","334.55","331.75","335.45","328.35","30.12M","0.47%"
"28-07-2025","333.00","333.40","336.30","325.60","27.20M","-0.15%"
"25-07-2025","333.50","338.80","339.65","332.85","8.79M","-1.56%"
"24-07-2025","338.80","343.20","343.65","336.40","12.85M","-1.38%"
"23-07-2025","343.55","341.85","344.15","341.60","8.51M","0.66%"
"22-07-2025","341.30","343.00","343.00","340.25","4.85M","-0.13%"
"21-07-2025","341.75","342.05","343.05","339.15","6.12M","-0.09%"
"18-07-2025","342.05","343.30","344.25","340.75","6.43M","-0.32%"
"17-07-2025","343.15","344.35","344.40","342.55","6.18M","0.10%"
"16-07-2025","342.80","342.80","344.15","341.55","9.16M","-0.10%"
"15-07-2025","343.15","343.90","344.40","341.80","8.59M","0.01%"
"14-07-2025","343.10","343.50","345.25","341.25","12.23M","0.06%"
"11-07-2025","342.90","342.25","344.70","340.15","8.67M","0.19%"
"10-07-2025","342.25","344.45","345.50","341.90","7.79M","-0.64%"
"09-07-2025","344.45","343.90","346.15","343.20","10.66M","0.17%"
"08-07-2025","343.85","338.25","344.40","338.25","16.51M","1.61%"
"07-07-2025","338.40","334.55","340.50","334.55","8.45M","0.68%"
"04-07-2025","336.10","335.50","336.60","333.00","6.29M","0.28%"
"03-07-2025","335.15","334.60","337.50","332.40","9.46M","0.09%"
"02-07-2025","334.85","334.15","337.40","333.00","8.54M","0.21%"
"01-07-2025","334.15","336.95","337.00","333.50","8.18M","-0.76%"
"30-06-2025","336.70","337.35","339.25","335.50","7.36M","-0.53%"
"27-06-2025","338.50","339.60","342.95","336.30","33.09M","0.40%"
"26-06-2025","337.15","330.90","337.25","330.90","29.60M","1.97%"
"25-06-2025","330.65","330.85","333.65","329.70","33.00M","0.08%"
"24-06-2025","330.40","332.25","332.25","322.10","58.58M","-1.05%"
"23-06-2025","333.90","334.30","335.35","331.30","26.87M","-0.31%"
"20-06-2025","334.95","330.00","335.50","329.85","16.42M","1.41%"
"19-06-2025","330.30","332.55","333.30","329.10","14.42M","-0.74%"
"18-06-2025","332.75","335.75","336.40","331.35","14.41M","-0.92%"
"17-06-2025","335.85","335.45","337.60","334.10","9.12M","0.33%"
"16-06-2025","334.75","338.20","338.20","331.25","6.62M","0.80%"
"13-06-2025","332.10","331.00","332.70","326.85","15.23M","-0.60%"
"12-06-2025","334.10","339.35","342.95","333.10","12.89M","-1.58%"
"11-06-2025","339.45","341.70","343.75","339.00","12.74M","-0.19%"
"10-06-2025","340.10","339.90","342.25","338.25","13.45M","0.44%"
"09-06-2025","338.60","335.00","339.10","334.00","10.19M","1.17%"
"06-06-2025","334.70","330.10","335.25","330.10","9.00M","1.32%"
"05-06-2025","330.35","331.75","333.45","329.25","10.46M","-0.17%"
"04-06-2025","330.90","329.75","331.40","326.60","9.32M","0.29%"
"03-06-2025","329.95","334.30","336.00","328.75","11.60M","-1.40%"
"02-06-2025","334.65","335.80","336.50","331.60","11.26M","-0.30%"
"30-05-2025","335.65","341.50","342.95","334.75","10.83M","-1.09%"
"29-05-2025","339.35","341.15","341.50","338.25","21.04M","-0.15%"
"28-05-2025","339.85","339.85","341.10","337.25","26.69M","0.21%"
"27-05-2025","339.15","343.80","343.80","336.90","34.20M","-1.45%"
"26-05-2025","344.15","350.95","351.35","343.65","31.59M","-0.32%"
"23-05-2025","345.25","341.85","345.85","340.15","9.93M","1.07%"
"22-05-2025","341.60","346.15","347.45","338.35","13.02M","-1.49%"
"21-05-2025","346.75","343.00","348.30","340.35","13.21M","0.99%"
"20-05-2025","343.35","347.10","349.95","341.90","13.98M","-0.65%"
"19-05-2025","345.60","343.30","348.20","343.05","8.13M","0.32%"
"16-05-2025","344.50","343.85","348.65","343.55","10.09M","0.48%"
"15-05-2025","342.85","341.60","344.85","334.20","25.90M","0.82%"
"14-05-2025","340.05","343.45","345.15","339.05","13.48M","-0.87%"
"13-05-2025","343.05","350.00","351.15","342.10","15.15M","-2.11%"
"12-05-2025","350.45","339.90","350.85","338.80","14.41M","4.38%"
"09-05-2025","335.75","337.65","339.30","331.90","11.30M","-1.37%"
"08-05-2025","340.40","343.65","344.10","338.85","16.00M","-0.73%"
"07-05-2025","342.90","340.05","345.10","338.45","11.57M","0.00%"
"06-05-2025","342.90","351.45","351.45","341.55","9.01M","-2.14%"
"05-05-2025","350.40","352.65","353.10","347.20","7.50M","0.10%"
"02-05-2025","350.05","355.95","359.85","348.65","10.38M","-1.75%"
"30-04-2025","356.30","357.55","362.00","354.85","11.01M","-0.57%"
"29-04-2025","358.35","362.50","364.70","356.00","7.52M","-1.19%"
"28-04-2025","362.65","355.80","364.40","355.40","8.41M","1.47%"
"25-04-2025","357.40","365.70","367.40","352.10","16.06M","-1.60%"
"24-04-2025","363.20","362.10","365.80","360.75","21.38M","0.11%"
"23-04-2025","362.80","361.75","363.20","356.80","32.52M","0.67%"
"22-04-2025","360.40","365.05","365.60","359.55","29.80M","-0.92%"
"21-04-2025","363.75","365.00","367.45","361.70","27.83M","-0.10%"
"17-04-2025","364.10","359.85","365.25","357.80","17.68M","1.17%"
"16-04-2025","359.90","363.15","363.40","358.65","13.49M","-0.83%"
"15-04-2025","362.90","363.60","368.20","362.15","18.21M","0.69%"
"11-04-2025","360.40","354.00","361.55","353.00","13.90M","2.85%"
"09-04-2025","350.40","355.10","355.40","348.65","13.18M","-1.09%"
"08-04-2025","354.25","355.90","358.55","350.65","16.49M","1.11%"
"07-04-2025","350.35","329.95","352.00","322.25","27.19M","-0.43%"
"04-04-2025","351.85","359.35","360.00","349.80","17.92M","-2.21%"
"03-04-2025","359.80","354.80","362.20","354.00","13.06M","1.72%"
"02-04-2025","353.70","355.45","355.95","349.10","16.97M","-0.23%"
"01-04-2025","354.50","356.90","364.30","352.90","28.86M","-1.27%"
"28-03-2025","359.05","365.40","366.45","357.10","19.22M","-0.44%"
"27-03-2025","360.65","352.40","364.50","351.05","33.55M","2.08%"
"26-03-2025","353.30","366.20","367.30","352.10","18.80M","-3.44%"
"25-03-2025","365.90","367.65","370.20","363.35","28.86M","-0.14%"
"24-03-2025","366.40","354.95","367.10","353.05","45.21M","4.37%"
"21-03-2025","351.05","341.00","352.85","340.25","27.95M","2.81%"
"20-03-2025","341.45","342.95","343.20","340.00","15.41M","0.25%"
"19-03-2025","340.60","338.45","343.10","336.40","19.96M","0.89%"
"18-03-2025","337.60","332.95","338.00","332.05","11.40M","1.53%"
"17-03-2025","332.50","332.90","334.95","330.70","7.42M","0.29%"
"13-03-2025","331.55","330.90","334.00","328.70","10.73M","0.44%"
"12-03-2025","330.10","332.90","334.70","326.55","10.87M","-0.24%"
"11-03-2025","330.90","327.60","333.40","324.40","14.45M","0.47%"
"10-03-2025","329.35","331.50","335.50","327.60","12.95M","-0.45%"
"07-03-2025","330.85","336.65","339.50","329.20","11.74M","-2.16%"
"06-03-2025","338.15","329.95","339.00","324.35","29.38M","3.13%"
"05-03-2025","327.90","315.45","328.35","314.40","14.81M","3.95%"
"04-03-2025","315.45","313.00","316.55","309.40","9.84M","-0.05%"
"03-03-2025","315.60","313.15","317.55","309.15","12.66M","0.93%"
"28-02-2025","312.70","314.70","316.35","307.55","18.83M","-0.95%"
"27-02-2025","315.70","315.00","318.80","314.35","27.18M","-0.72%"
"25-02-2025","318.00","320.65","320.95","315.70","31.91M","-0.67%"
"24-02-2025","320.15","322.25","325.45","319.80","30.35M","-1.72%"
"21-02-2025","325.75","324.00","329.25","322.35","33.64M","0.25%"
"20-02-2025","324.95","314.05","326.95","311.95","26.26M","3.26%"
"19-02-2025","314.70","310.45","316.20","309.85","13.11M","1.14%"
"18-02-2025","311.15","302.05","312.10","297.60","18.58M","2.62%"
"17-02-2025","303.20","297.80","304.00","293.65","9.48M","0.92%"
"14-02-2025","300.45","308.55","308.75","298.45","9.15M","-2.17%"
"13-02-2025","307.10","306.50","309.70","304.30","7.59M","0.15%"
"12-02-2025","306.65","306.40","308.40","300.60","10.06M","-0.05%"
"11-02-2025","306.80","311.05","312.05","305.15","12.23M","-1.41%"
"10-02-2025","311.20","317.00","318.20","310.15","6.93M","-1.95%"
"07-02-2025","317.40","315.40","319.80","313.20","9.33M","0.99%"
"06-02-2025","314.30","322.80","322.85","312.90","14.55M","-1.84%"
"05-02-2025","320.20","320.95","323.85","319.40","13.21M","-0.08%"
"04-02-2025","320.45","313.55","322.00","311.80","20.97M","2.71%"
"03-02-2025","312.00","313.90","314.60","304.85","18.59M","-2.33%"
"01-02-2025","319.45","323.50","331.75","318.55","18.99M","-1.84%"
"31-01-2025","325.45","322.85","326.45","318.75","14.20M","0.76%"
"30-01-2025","323.00","320.75","325.90","320.75","23.25M","0.70%"
"29-01-2025","320.75","321.00","322.45","312.85","34.79M","0.90%"
"28-01-2025","317.90","323.00","323.20","307.80","55.46M","-1.18%"
"27-01-2025","321.70","319.20","323.75","314.50","40.58M","-0.12%"
"24-01-2025","322.10","323.05","328.35","319.90","21.04M","0.06%"
"23-01-2025","321.90","320.35","323.45","318.40","10.64M","0.22%"
"22-01-2025","321.20","326.25","326.25","316.05","18.63M","-1.15%"
"21-01-2025","324.95","338.35","338.35","324.40","21.66M","-3.09%"
"20-01-2025","335.30","326.75","336.25","324.95","17.85M","2.74%"
"17-01-2025","326.35","324.65","328.85","323.00","9.04M","0.26%"
"16-01-2025","325.50","325.05","327.35","321.85","19.71M","1.20%"
"15-01-2025","321.65","313.00","324.55","313.00","25.37M","3.29%"
"14-01-2025","311.40","302.90","313.60","301.50","24.18M","3.94%"
"13-01-2025","299.60","304.60","311.25","298.10","30.80M","-3.23%"
"10-01-2025","309.60","321.50","321.80","309.15","21.42M","-3.88%"
"09-01-2025","322.10","324.80","326.60","321.60","13.85M","-1.47%"
"08-01-2025","326.90","330.40","330.75","323.65","10.28M","-0.94%"
"07-01-2025","330.00","330.35","331.85","326.05","11.39M","0.49%"
"06-01-2025","328.40","343.75","343.75","327.65","18.56M","-3.93%"
"03-01-2025","341.85","339.15","345.60","338.60","17.67M","0.66%"
"02-01-2025","339.60","335.60","340.00","331.85","18.90M","1.33%"
"01-01-2025","335.15","334.75","335.90","331.00","7.55M","0.09%"
"31-12-2024","334.85","330.50","336.35","328.10","12.01M","0.50%"
"30-12-2024","333.20","337.50","338.95","331.25","19.18M","-1.27%"
"27-12-2024","337.50","337.75","341.65","336.70","12.55M","0.85%"
"26-12-2024","334.65","335.55","337.20","331.85","40.80M","-0.01%"
"24-12-2024","334.70","334.95","336.85","331.60","31.09M","0.27%"
"23-12-2024","333.80","335.60","338.50","330.20","38.42M","0.10%"
"20-12-2024","333.45","337.10","344.50","331.80","52.61M","-1.40%"
"19-12-2024","338.20","339.85","341.35","336.10","15.90M","-1.34%"
"18-12-2024","342.80","351.30","351.35","340.75","16.84M","-2.13%"
"17-12-2024","350.25","353.50","354.65","348.55","11.04M","-1.14%"
"16-12-2024","354.30","358.55","358.55","353.00","9.50M","-1.19%"
"13-12-2024","358.55","356.50","359.45","349.15","21.14M","0.41%"
"12-12-2024","357.10","367.05","367.70","354.00","25.19M","-2.71%"
"11-12-2024","367.05","369.60","371.00","366.35","12.62M","-0.72%"
"10-12-2024","369.70","371.15","372.30","367.40","9.34M","-0.36%"
"09-12-2024","371.05","370.35","373.80","369.45","14.02M","0.12%"
"06-12-2024","370.60","370.00","372.60","368.80","13.45M","0.16%"
"05-12-2024","370.00","373.05","373.95","365.25","26.87M","-0.91%"
"04-12-2024","373.40","370.00","375.90","369.25","29.45M","1.18%"
"03-12-2024","369.05","360.95","371.60","360.10","22.97M","2.36%"
"02-12-2024","360.55","365.65","365.65","358.80","14.49M","-1.38%"
"29-11-2024","365.60","366.55","367.25","362.50","16.13M","0.98%"
"28-11-2024","362.05","369.85","371.35","359.60","32.40M","-1.99%"
"27-11-2024","369.40","362.50","371.75","361.70","33.29M","2.07%"
"26-11-2024","361.90","369.65","370.70","359.75","42.51M","-1.88%"
"25-11-2024","368.85","374.80","376.95","367.95","38.41M","1.00%"
"22-11-2024","365.20","358.75","366.45","356.00","28.59M","2.44%"
"21-11-2024","356.50","364.65","364.80","354.90","26.31M","-2.76%"
"19-11-2024","366.60","369.55","378.20","365.40","19.16M","-0.10%"
"18-11-2024","366.95","378.65","379.00","363.35","16.10M","-1.81%"
"14-11-2024","373.70","382.65","385.95","372.50","20.10M","-2.08%"
"13-11-2024","381.65","381.00","388.60","380.10","21.46M","-0.04%"
"12-11-2024","381.80","397.00","397.00","380.80","16.69M","-3.17%"
"11-11-2024","394.30","397.55","402.70","393.55","17.51M","-1.10%"
"08-11-2024","398.70","405.20","405.55","396.95","12.58M","-1.79%"
"07-11-2024","405.95","412.75","412.75","404.10","11.62M","-1.23%"
"06-11-2024","411.00","408.30","413.20","405.15","13.54M","1.52%"
"05-11-2024","404.85","401.95","405.80","398.40","11.04M","0.52%"
"04-11-2024","402.75","414.30","414.30","394.60","16.71M","-2.28%"
"01-11-2024","412.15","411.00","412.60","410.00","2.57M","0.98%"
"31-10-2024","408.15","408.20","409.70","402.70","23.61M","0.63%"
"30-10-2024","405.60","409.80","412.55","403.35","32.10M","-0.87%"
"29-10-2024","409.15","405.20","411.20","401.70","46.75M","1.82%"
"28-10-2024","401.85","398.05","404.75","396.00","34.37M","1.41%"
"25-10-2024","396.25","402.65","405.00","389.40","29.83M","-3.14%"
"24-10-2024","409.10","410.20","413.15","404.30","12.56M","0.74%"
"23-10-2024","406.10","411.85","413.00","400.80","22.32M","-1.74%"
"22-10-2024","413.30","422.55","424.55","411.45","26.99M","-2.07%"
"21-10-2024","422.05","427.80","428.75","417.80","15.81M","-0.92%"
"18-10-2024","425.95","417.35","426.75","414.90","14.63M","1.78%"
"17-10-2024","418.50","423.45","426.90","417.75","24.01M","-1.74%"
"16-10-2024","425.90","427.20","431.00","422.95","10.10M","-0.33%"
"15-10-2024","427.30","426.40","428.20","424.55","9.20M","0.33%"
"14-10-2024","425.90","425.55","427.60","422.05","8.21M","0.42%"
"11-10-2024","424.10","426.70","428.00","421.70","12.39M","-0.24%"
"10-10-2024","425.10","423.90","432.40","423.35","22.94M","1.03%"
"09-10-2024","420.75","425.50","427.20","419.10","15.23M","-0.73%"
"08-10-2024","423.85","415.00","429.65","414.25","22.22M","1.40%"
"07-10-2024","418.00","432.30","435.50","412.25","27.31M","-3.50%"
"04-10-2024","433.15","438.80","442.00","429.30","27.48M","-1.38%"
"03-10-2024","439.20","436.55","445.90","436.55","31.33M","-1.05%"
"01-10-2024","443.85","448.15","449.80","442.50","18.13M","-0.43%"
"30-09-2024","445.75","440.60","451.70","431.50","38.32M","1.05%"
"27-09-2024","441.10","437.90","446.35","435.75","48.85M","1.50%"
"26-09-2024","434.60","435.85","436.40","429.75","30.43M","-0.07%"
"25-09-2024","434.90","428.15","436.15","425.70","47.21M","1.59%"
"24-09-2024","428.10","428.00","430.15","426.85","40.13M","0.06%"
"23-09-2024","427.85","426.50","429.60","424.80","37.10M","0.88%"
"20-09-2024","424.10","427.35","429.00","415.85","45.39M","-0.18%"
"19-09-2024","424.85","428.80","431.70","420.15","83.30M","2.45%"
"18-09-2024","414.70","417.80","419.75","413.15","25.38M","-0.37%"
"17-09-2024","416.25","412.90","417.65","410.15","25.91M","0.91%"
"16-09-2024","412.50","403.90","413.45","403.65","29.06M","2.59%"
"13-09-2024","402.10","405.20","407.40","399.55","20.91M","-0.77%"
"12-09-2024","405.20","392.90","406.60","392.70","40.55M","3.82%"
"11-09-2024","390.30","401.00","401.00","388.55","17.18M","-2.05%"
"10-09-2024","398.45","392.20","400.80","390.25","26.15M","1.88%"
"09-09-2024","391.10","391.55","394.40","385.50","20.45M","-1.31%"
"06-09-2024","396.30","404.75","406.15","394.30","32.64M","-2.28%"
"05-09-2024","405.55","408.30","410.00","403.60","21.64M","-0.38%"
"04-09-2024","407.10","402.75","410.30","402.45","25.35M","-0.39%"
"03-09-2024","408.70","411.25","413.60","407.90","12.61M","-0.87%"
"02-09-2024","412.30","419.75","420.70","409.15","21.59M","-1.55%"
"30-08-2024","418.80","414.90","420.95","413.10","27.83M","2.17%"
"29-08-2024","409.90","408.00","413.00","403.60","28.32M","0.16%"
"28-08-2024","409.25","409.25","414.40","408.00","25.66M","-0.17%"
"27-08-2024","409.95","415.35","416.50","409.25","29.70M","-1.26%"
"26-08-2024","415.20","402.60","415.95","402.05","39.51M","3.13%"
"23-08-2024","402.60","403.55","405.60","400.40","11.82M","-0.35%"
"22-08-2024","404.00","408.35","410.85","403.15","10.19M","-1.19%"
"21-08-2024","408.85","408.00","410.15","405.50","10.25M","0.48%"
"20-08-2024","406.90","404.65","408.95","403.45","13.03M","0.73%"
"19-08-2024","403.95","403.45","407.80","402.10","11.87M","1.09%"
"16-08-2024","399.60","400.00","402.00","393.70","20.26M","0.54%"
"14-08-2024","397.45","400.05","401.30","395.10","14.07M","-0.03%"
"13-08-2024","397.55","402.40","406.10","396.30","16.53M","-1.24%"
"12-08-2024","402.55","411.20","411.20","401.65","21.61M","-2.39%"
"09-08-2024","412.40","417.00","417.20","410.00","14.55M","0.82%"
"08-08-2024","409.05","418.00","418.10","407.70","24.02M","-2.29%"
"07-08-2024","418.65","418.90","420.75","415.50","19.99M","1.47%"
"06-08-2024","412.60","413.05","422.85","411.25","23.27M","0.36%"
"05-08-2024","411.10","412.55","413.35","401.95","39.63M","-1.57%"
"02-08-2024","417.65","417.00","424.30","412.55","35.00M","-0.93%"
"01-08-2024","421.55","418.00","422.50","414.00","39.09M","1.70%"
"31-07-2024","414.50","407.90","415.85","407.20","30.64M","2.11%"
"30-07-2024","405.95","399.90","411.40","395.95","46.02M","3.16%"
"29-07-2024","393.50","401.05","406.55","391.50","39.23M","-0.49%"
"26-07-2024","395.45","392.25","398.80","388.10","36.67M","0.84%"
"25-07-2024","392.15","388.25","395.40","385.70","40.99M","0.08%"
"24-07-2024","391.85","383.15","393.70","381.00","44.83M","2.67%"
"23-07-2024","381.65","376.30","384.00","361.00","64.52M","2.13%"
"22-07-2024","373.70","364.35","376.85","362.55","40.71M","2.54%"
"19-07-2024","364.45","378.70","378.70","363.15","28.61M","-3.79%"
"18-07-2024","378.80","383.90","383.90","375.25","16.98M","-0.76%"
"16-07-2024","381.70","387.90","389.25","381.35","13.10M","-1.38%"
"15-07-2024","387.05","378.90","389.70","376.85","29.25M","2.56%"
"12-07-2024","377.40","379.10","380.20","372.60","24.88M","-0.26%"
"11-07-2024","378.40","385.00","386.00","375.55","23.15M","-1.21%"
"10-07-2024","383.05","378.90","385.00","371.30","31.41M","1.11%"
"09-07-2024","378.85","380.00","381.90","376.70","13.22M","-0.08%"
"08-07-2024","379.15","380.85","382.95","377.85","12.55M","-0.47%"
"05-07-2024","380.95","377.40","383.00","372.95","23.34M","1.61%"
"04-07-2024","374.90","375.45","382.05","373.65","17.88M","0.08%"
"03-07-2024","374.60","371.30","375.95","370.70","13.73M","0.71%"
"02-07-2024","371.95","374.70","374.70","367.00","14.15M","0.07%"
"01-07-2024","371.70","382.30","383.30","369.00","24.14M","-2.44%"
"28-06-2024","381.00","379.00","390.70","377.35","32.85M","1.02%"
"27-06-2024","377.15","365.30","379.80","364.05","38.18M","3.39%"
"26-06-2024","364.80","361.85","366.10","359.60","31.83M","1.28%"
"25-06-2024","360.20","364.80","365.00","357.95","30.57M","-0.74%"
"24-06-2024","362.90","358.60","364.15","355.95","33.28M","0.72%"
"21-06-2024","360.30","360.25","363.50","357.35","23.39M","0.53%"
"20-06-2024","358.40","365.80","365.85","358.00","16.22M","-1.32%"
"19-06-2024","363.20","371.10","371.60","362.55","13.35M","-2.04%"
"18-06-2024","370.75","370.55","374.00","369.35","13.33M","0.62%"
"14-06-2024","368.45","371.10","371.10","367.10","9.96M","-0.49%"
"13-06-2024","370.25","374.35","375.85","368.30","14.10M","-0.46%"
"12-06-2024","371.95","371.10","374.35","366.35","15.00M","0.91%"
"11-06-2024","368.60","367.95","372.15","365.20","13.71M","0.83%"
"10-06-2024","365.55","363.65","370.50","362.25","21.50M","1.20%"
"07-06-2024","361.20","353.00","362.35","348.95","31.34M","2.92%"
"06-06-2024","350.95","349.10","361.00","345.60","45.68M","2.75%"
"05-06-2024","341.55","335.60","343.15","316.05","54.32M","2.64%"
"04-06-2024","332.75","392.00","392.00","315.30","87.53M","-15.57%"
"03-06-2024","394.10","381.00","395.45","374.35","52.63M","8.85%"
"31-05-2024","362.05","365.40","368.90","358.30","30.86M","0.65%"
"30-05-2024","359.70","362.90","364.30","358.10","26.28M","-1.30%"
"29-05-2024","364.45","363.30","366.95","360.90","26.66M","-0.52%"
"28-05-2024","366.35","374.00","374.00","364.60","32.51M","-1.13%"
"27-05-2024","370.55","380.00","380.00","368.60","44.32M","-1.21%"
"24-05-2024","375.10","372.95","378.45","368.75","34.30M","0.67%"
"23-05-2024","372.60","374.95","375.10","370.10","23.42M","-0.40%"
"22-05-2024","374.10","375.50","377.40","370.75","25.54M","0.28%"
"21-05-2024","373.05","365.95","374.85","365.10","23.33M","1.68%"
"18-05-2024","366.90","365.95","367.00","365.00","2.73M","0.30%"
"17-05-2024","365.80","362.70","366.90","361.15","16.73M","1.01%"
"16-05-2024","362.15","363.55","364.00","354.35","22.88M","-0.07%"
"15-05-2024","362.40","359.45","364.35","357.65","18.92M","1.30%"
"14-05-2024","357.75","353.40","359.00","353.25","14.93M","1.39%"
"13-05-2024","352.85","355.85","356.70","347.40","15.21M","-1.01%"
"10-05-2024","356.45","350.30","357.40","349.20","19.42M","2.53%"
"09-05-2024","347.65","357.00","359.25","346.75","24.52M","-2.63%"
"08-05-2024","357.05","349.85","360.40","347.35","18.82M","1.96%"
"07-05-2024","350.20","359.55","359.80","347.90","22.00M","-2.27%"
"06-05-2024","358.35","369.00","370.45","356.00","31.47M","-2.41%"
"03-05-2024","367.20","373.40","382.30","362.55","58.38M","-1.36%"
"02-05-2024","372.25","365.35","374.70","365.15","42.97M","1.99%"
"30-04-2024","365.00","365.85","367.20","361.25","18.19M","-0.05%"
"29-04-2024","365.20","361.35","366.80","359.80","23.02M","1.70%"
"26-04-2024","359.10","361.75","363.85","358.05","18.25M","-0.01%"
"25-04-2024","359.15","349.65","359.75","349.60","42.07M","2.26%"
"24-04-2024","351.20","348.00","352.10","347.35","27.89M","1.14%"
"23-04-2024","347.25","346.05","348.25","343.60","33.18M","1.11%"
"22-04-2024","343.45","353.55","353.85","342.25","51.86M","-1.91%"
"19-04-2024","350.15","345.15","352.10","343.40","28.42M","-0.44%"
"18-04-2024","351.70","361.60","361.95","349.90","36.04M","-2.12%"
"16-04-2024","359.30","361.25","362.15","355.10","22.29M","-0.69%"
"15-04-2024","361.80","358.25","366.50","354.00","31.12M","-0.36%"
"12-04-2024","363.10","364.40","374.65","362.15","47.63M","-0.23%"
"10-04-2024","363.95","364.05","368.75","362.75","23.77M","0.04%"
"09-04-2024","363.80","366.00","367.75","361.20","26.73M","-0.29%"
"08-04-2024","364.85","356.60","366.40","354.30","30.90M","2.70%"
"05-04-2024","355.25","356.40","358.80","352.90","20.30M","-0.21%"
"04-04-2024","356.00","356.35","363.70","353.45","44.31M","0.61%"
"03-04-2024","353.85","345.10","356.20","343.55","37.40M","2.15%"
"02-04-2024","346.40","344.45","347.10","342.25","15.68M","0.70%"
"01-04-2024","344.00","339.10","346.00","337.05","16.22M","2.44%"
"28-03-2024","335.80","331.55","339.90","330.25","34.52M","1.43%"
"27-03-2024","331.05","332.30","333.45","327.00","42.44M","0.29%"
"26-03-2024","330.10","323.45","330.80","322.00","40.22M","1.34%"
"22-03-2024","325.75","324.30","328.25","321.85","31.82M","0.14%"
"21-03-2024","325.30","317.80","326.50","317.80","31.35M","3.43%"
"20-03-2024","314.50","316.60","317.85","309.25","13.78M","0.08%"
"19-03-2024","314.25","316.00","319.05","311.00","15.80M","-1.30%"
"18-03-2024","318.40","319.05","324.50","316.30","24.08M","0.14%"
"15-03-2024","317.95","323.80","326.60","307.25","53.36M","-1.75%"
"14-03-2024","323.60","322.05","328.45","318.15","34.80M","0.17%"
"13-03-2024","323.05","344.45","345.80","320.65","42.33M","-6.77%"
"12-03-2024","346.50","349.15","350.15","344.15","18.67M","-0.83%"
"11-03-2024","349.40","353.30","354.50","348.35","16.37M","-1.10%"
"07-03-2024","353.30","352.55","355.15","351.15","15.62M","-0.11%"
"06-03-2024","353.70","361.00","361.00","346.70","32.70M","-1.64%"
"05-03-2024","359.60","357.00","362.15","355.40","27.05M","0.93%"
"04-03-2024","356.30","347.30","360.40","346.70","61.62M","3.50%"
"02-03-2024","344.25","345.00","345.00","343.30","2.02M","-0.17%"
"01-03-2024","344.85","336.55","345.70","336.55","32.66M","2.76%"
"29-02-2024","335.60","335.10","335.60","330.40","35.45M","0.95%"
"28-02-2024","332.45","335.05","335.60","331.70","27.24M","-0.78%"
"27-02-2024","335.05","337.50","337.50","333.30","28.79M","-0.68%"
"26-02-2024","337.35","337.95","338.20","335.15","28.16M","-0.09%"
"23-02-2024","337.65","339.40","339.40","334.70","16.34M","-0.32%"
"22-02-2024","338.75","337.80","339.40","331.55","32.66M","0.65%"
"21-02-2024","336.55","346.55","347.45","335.40","29.47M","-2.53%"
"20-02-2024","345.30","339.65","345.70","337.85","40.11M","1.95%"
"19-02-2024","338.70","340.45","341.95","337.45","19.16M","0.18%"
"16-02-2024","338.10","341.90","343.00","337.70","34.21M","-0.63%"
"15-02-2024","340.25","331.00","341.35","331.00","48.56M","3.53%"
"14-02-2024","328.65","319.70","329.75","319.10","21.70M","1.91%"
"13-02-2024","322.50","319.50","324.55","317.05","28.59M","1.61%"
"12-02-2024","317.40","326.20","327.20","315.60","26.59M","-2.47%"
"09-02-2024","325.45","332.40","337.45","320.45","32.53M","-2.09%"
"08-02-2024","332.40","334.90","336.20","329.60","29.30M","0.08%"
"07-02-2024","332.15","337.30","338.00","330.75","16.34M","-0.90%"
"06-02-2024","335.15","335.95","336.25","330.20","20.46M","0.04%"
"05-02-2024","335.00","336.00","339.70","331.85","38.67M","1.04%"
"02-02-2024","331.55","323.00","332.75","321.85","48.93M","3.17%"
"01-02-2024","321.35","319.40","326.55","316.80","43.30M","1.21%"
"31-01-2024","317.50","317.95","320.65","312.70","23.69M","0.78%"
"30-01-2024","315.05","320.50","323.85","314.30","36.12M","-2.63%"
"29-01-2024","323.55","317.90","325.20","314.90","41.45M","2.80%"
"25-01-2024","314.75","309.15","316.55","309.10","39.04M","1.93%"
"24-01-2024","308.80","302.50","309.80","297.25","48.82M","2.37%"
"23-01-2024","301.65","311.65","315.70","300.25","64.84M","-2.57%"
"20-01-2024","309.60","308.55","314.80","306.70","18.10M","0.37%"
"19-01-2024","308.45","302.10","309.65","301.35","41.48M","2.94%"
"18-01-2024","299.65","308.95","311.55","296.80","43.15M","-3.35%"
"17-01-2024","310.05","309.40","314.90","307.70","21.57M","-0.51%"
"16-01-2024","311.65","315.75","316.75","310.10","21.39M","-2.12%"
"15-01-2024","318.40","314.95","319.10","310.30","20.36M","1.40%"
"12-01-2024","314.00","314.80","315.75","310.60","15.85M","-0.11%"
"11-01-2024","314.35","315.15","317.80","313.60","16.13M","0.10%"
"10-01-2024","314.05","320.10","320.10","308.40","31.80M","-1.87%"
"09-01-2024","320.05","318.20","322.25","316.85","20.06M","0.91%"
"08-01-2024","317.15","317.45","319.35","313.85","18.63M","0.14%"
"05-01-2024","316.70","322.00","326.70","313.55","45.84M","-0.78%"
"04-01-2024","319.20","311.45","322.70","310.10","54.99M","3.70%"
"03-01-2024","307.80","308.95","309.40","304.50","18.22M","-0.06%"
"02-01-2024","308.00","312.55","312.55","303.35","28.24M","-1.14%"
"01-01-2024","311.55","312.75","314.95","309.35","19.69M","-0.51%"
"29-12-2023","313.15","315.75","316.05","309.75","19.13M","-0.24%"
"28-12-2023","313.90","308.30","315.55","307.60","46.91M","2.70%"
"27-12-2023","305.65","311.40","312.00","303.90","33.30M","-1.26%"
"26-12-2023","309.55","305.80","310.65","304.75","35.67M","2.08%"
"22-12-2023","303.25","306.05","309.60","300.45","45.81M","0.00%"
"21-12-2023","303.25","297.65","304.25","294.20","35.77M","1.44%"
"20-12-2023","298.95","312.45","313.90","296.55","44.29M","-3.58%"
"19-12-2023","310.05","304.60","313.60","302.80","36.94M","2.12%"
"18-12-2023","303.60","306.30","307.00","302.50","19.49M","-0.77%"
"15-12-2023","305.95","298.45","308.00","295.75","37.34M","3.19%"
"14-12-2023","296.50","297.95","299.55","294.50","27.37M","0.44%"
"13-12-2023","295.20","285.75","295.95","285.75","34.18M","3.54%"
"12-12-2023","285.10","289.05","289.50","282.75","11.99M","-1.13%"
"11-12-2023","288.35","286.80","289.70","284.55","12.50M","0.70%"
"08-12-2023","286.35","288.00","292.90","281.70","34.97M","0.16%"
"07-12-2023","285.90","283.15","290.15","282.45","34.37M","1.08%"
"06-12-2023","282.85","288.00","289.00","280.75","23.04M","-1.33%"
"05-12-2023","286.65","276.15","287.95","273.80","43.76M","3.76%"
"04-12-2023","276.25","277.00","280.05","274.35","26.99M","1.92%"
"01-12-2023","271.05","263.80","276.95","262.05","47.95M","3.73%"
"30-11-2023","261.30","256.60","261.00","255.45","46.41M","1.46%"
"29-11-2023","257.55","257.45","258.30","255.30","36.28M","0.31%"
"28-11-2023","256.75","255.45","257.45","253.35","42.19M","1.10%"
"24-11-2023","253.95","253.45","256.25","253.25","25.02M","0.28%"
"23-11-2023","253.25","254.50","255.55","252.25","25.80M","-0.28%"
"22-11-2023","253.95","250.80","254.25","249.50","14.92M","1.48%"
"21-11-2023","250.25","252.80","253.25","247.55","16.05M","-0.40%"
"20-11-2023","251.25","253.00","255.65","250.75","18.10M","-0.32%"
"17-11-2023","252.05","252.90","253.25","251.20","11.90M","-0.28%"
"16-11-2023","252.75","248.95","254.40","248.30","42.73M","2.00%"
"15-11-2023","247.80","247.35","249.75","246.60","17.90M","0.43%"
"13-11-2023","246.75","244.65","251.40","243.50","47.64M","1.50%"
"10-11-2023","243.10","238.35","243.55","236.20","28.93M","1.84%"
"09-11-2023","238.70","237.30","240.35","236.65","21.94M","0.51%"
"08-11-2023","237.50","240.20","241.35","236.85","14.96M","-0.92%"
"07-11-2023","239.70","237.00","240.00","235.90","15.28M","1.08%"
"06-11-2023","237.15","235.45","237.85","235.30","12.20M","0.91%"
"03-11-2023","235.00","234.35","235.90","234.00","10.34M","0.47%"
"02-11-2023","233.90","232.90","234.50","232.40","14.70M","1.17%"
"01-11-2023","231.20","236.10","236.10","230.85","10.49M","-1.66%"
"31-10-2023","235.10","233.25","235.85","232.50","12.69M","0.62%"
"30-10-2023","233.65","235.85","236.75","229.65","14.53M","-0.74%"
"27-10-2023","235.40","230.60","236.35","230.45","19.26M","1.62%"
"26-10-2023","231.65","230.35","232.70","227.80","36.01M","-0.11%"
"25-10-2023","231.90","234.50","236.00","228.35","30.90M","-1.57%"
"23-10-2023","235.60","240.50","240.60","234.45","32.34M","-2.02%"
"20-10-2023","240.45","238.05","241.75","237.50","33.23M","0.21%"
"19-10-2023","239.95","242.25","242.25","239.25","19.69M","-1.13%"
"18-10-2023","242.70","246.70","246.70","242.30","10.23M","-1.46%"
"17-10-2023","246.30","245.30","247.15","244.00","15.38M","1.07%"
"16-10-2023","243.70","241.65","245.10","241.25","12.99M","0.62%"
"13-10-2023","242.20","240.95","244.10","240.25","16.86M","0.04%"
"12-10-2023","242.10","239.10","243.25","239.05","16.65M","1.30%"
"11-10-2023","239.00","237.05","240.30","236.35","15.54M","1.10%"
"10-10-2023","236.40","236.05","237.05","234.15","14.29M","0.60%"
"09-10-2023","235.00","234.90","236.55","231.40","11.66M","-0.55%"
"06-10-2023","236.30","235.60","238.00","234.40","13.70M","0.53%"
"05-10-2023","235.05","236.25","238.10","233.10","17.99M","-0.51%"
"04-10-2023","236.25","240.90","241.35","232.25","36.86M","-2.42%"
"03-10-2023","242.10","244.90","247.95","241.80","22.29M","-2.06%"
"29-09-2023","247.20","241.00","251.70","239.55","50.34M","4.28%"
"28-09-2023","237.05","239.00","240.75","235.55","27.60M","-0.69%"
"27-09-2023","238.70","239.80","239.80","237.25","36.95M","-0.48%"
"26-09-2023","239.85","239.75","242.70","238.95","33.29M","-0.02%"
"25-09-2023","239.90","238.95","240.30","237.55","28.38M","0.88%"
"22-09-2023","237.80","239.60","239.80","236.00","15.66M","-0.48%"
"21-09-2023","238.95","241.60","243.15","237.25","18.96M","-1.48%"
"20-09-2023","242.55","239.90","245.85","239.90","31.80M","0.37%"
"18-09-2023","241.65","236.80","242.80","236.40","21.84M","1.90%"
"15-09-2023","237.15","238.30","240.50","236.25","14.92M","-0.69%"
"14-09-2023","238.80","238.55","239.90","236.95","14.92M","0.29%"
"13-09-2023","238.10","236.55","239.30","233.90","17.68M","1.17%"
"12-09-2023","235.35","245.00","245.55","234.50","42.39M","-3.55%"
"11-09-2023","244.00","242.80","245.10","238.60","25.09M","1.20%"
"08-09-2023","241.10","236.30","244.60","235.85","49.14M","2.38%"
"07-09-2023","235.50","233.35","238.40","230.70","39.35M","1.12%"
"06-09-2023","232.90","236.15","236.55","229.70","20.66M","-1.04%"
"05-09-2023","235.35","237.55","237.60","232.40","17.82M","-0.65%"
"04-09-2023","236.90","234.20","237.45","231.60","31.18M","2.00%"
"01-09-2023","232.25","219.10","232.75","217.65","41.06M","5.42%"
"31-08-2023","220.30","220.90","220.90","218.40","26.21M","0.07%"
"30-08-2023","220.15","221.00","221.00","219.85","24.01M","-0.07%"
"29-08-2023","220.30","219.45","220.80","218.50","31.58M","0.62%"
"28-08-2023","218.95","218.60","219.40","216.90","19.52M","0.39%"
"25-08-2023","218.10","220.50","220.80","217.70","12.85M","-1.07%"
"24-08-2023","220.45","222.05","222.55","219.75","14.36M","-0.54%"
"23-08-2023","221.65","222.15","222.45","221.10","13.54M","0.00%"
"22-08-2023","221.65","219.55","222.10","219.15","21.96M","1.14%"
"21-08-2023","219.15","216.40","219.50","215.70","20.55M","1.84%"
"18-08-2023","215.20","216.70","217.25","213.60","14.65M","-0.67%"
"17-08-2023","216.65","219.30","219.30","215.90","16.49M","-0.44%"
"16-08-2023","217.60","214.30","218.00","212.35","15.74M","1.78%"
"14-08-2023","213.80","213.55","214.45","212.10","8.49M","0.05%"
"11-08-2023","213.70","215.60","216.85","213.25","12.47M","-0.65%"
"10-08-2023","215.10","216.95","218.75","214.15","16.31M","-0.85%"
"09-08-2023","216.95","216.00","217.40","214.20","12.20M","0.56%"
"08-08-2023","215.75","217.70","218.40","212.00","22.27M","-0.39%"
"07-08-2023","216.60","216.50","218.95","216.05","10.94M","0.00%"
"04-08-2023","216.60","220.10","220.20","216.15","12.88M","-1.01%"
"03-08-2023","218.80","216.85","221.35","216.45","25.08M","0.44%"
"02-08-2023","217.85","222.35","222.65","215.60","28.34M","-2.31%"
"01-08-2023","223.00","217.70","224.50","216.75","52.00M","2.95%"
"31-07-2023","216.60","209.15","217.05","207.80","52.31M","3.98%"
"28-07-2023","208.30","200.95","208.70","198.30","42.18M","3.14%"
"27-07-2023","201.95","201.15","202.40","200.10","30.02M","0.52%"
"26-07-2023","200.90","200.75","201.45","199.45","31.35M","0.27%"
"25-07-2023","200.35","196.30","201.00","195.75","41.12M","2.38%"
"24-07-2023","195.70","194.00","197.20","193.40","22.48M","0.26%"
"21-07-2023","195.20","192.55","196.25","192.40","14.56M","0.93%"
"20-07-2023","193.40","193.55","194.55","192.25","12.89M","0.18%"
"19-07-2023","193.05","191.65","197.10","190.20","39.64M","2.80%"
"18-07-2023","187.80","187.40","189.25","186.60","7.10M","0.37%"
"17-07-2023","187.10","188.35","189.10","186.55","6.95M","-0.32%"
"14-07-2023","187.70","188.90","188.90","185.40","11.00M","-0.45%"
"13-07-2023","188.55","192.35","192.50","187.75","9.84M","-1.69%"
"12-07-2023","191.80","193.65","195.40","191.35","10.41M","-0.67%"
"11-07-2023","193.10","192.80","193.35","191.55","7.10M","0.29%"
"10-07-2023","192.55","194.25","194.25","190.80","7.70M","-0.64%"
"07-07-2023","193.80","197.15","198.65","193.35","14.70M","-1.77%"
"06-07-2023","197.30","194.00","197.60","193.60","18.86M","1.67%"
"05-07-2023","194.05","194.65","195.35","193.20","7.20M","-0.31%"
"04-07-2023","194.65","192.45","195.30","190.00","16.43M","1.09%"
"03-07-2023","192.55","190.40","193.85","189.90","14.64M","1.34%"
"30-06-2023","190.00","190.05","192.85","188.90","18.10M","0.48%"
"28-06-2023","189.10","185.60","190.15","185.10","53.37M","1.97%"
"27-06-2023","185.45","185.10","186.65","185.10","27.52M","0.16%"
"26-06-2023","185.15","184.15","186.65","182.85","30.11M","-0.62%"
"23-06-2023","186.30","185.90","187.10","183.95","23.71M","0.76%"
"22-06-2023","184.90","187.45","187.55","183.85","14.02M","-1.44%"
"21-06-2023","187.60","188.35","189.10","186.85","12.06M","-0.05%"
"20-06-2023","187.70","185.75","188.10","184.85","13.56M","0.70%"
"19-06-2023","186.40","188.90","188.90","185.65","11.95M","-1.11%"
"16-06-2023","188.50","187.20","188.95","186.70","14.29M","0.80%"
"15-06-2023","187.00","187.75","187.95","185.70","13.53M","-0.40%"
"14-06-2023","187.75","185.95","188.75","185.80","26.33M","0.97%"
"13-06-2023","185.95","186.65","187.05","185.45","11.97M","-0.19%"
"12-06-2023","186.30","183.90","186.80","183.55","29.93M","1.39%"
"09-06-2023","183.75","184.65","184.70","181.50","21.57M","0.27%"
"08-06-2023","183.25","179.30","184.90","179.05","49.48M","2.78%"
"07-06-2023","178.30","176.45","178.80","176.35","13.90M","1.16%"
"06-06-2023","176.25","175.50","176.45","175.00","9.09M","0.48%"
"05-06-2023","175.40","176.80","177.00","174.75","13.74M","-0.09%"
"02-06-2023","175.55","175.65","176.40","174.55","9.65M","0.26%"
"01-06-2023","175.10","173.95","175.35","172.70","12.51M","0.29%"
"31-05-2023","174.60","177.35","178.00","173.15","37.29M","-1.83%"
"30-05-2023","177.85","177.70","178.85","176.80","10.54M","0.08%"
"29-05-2023","177.70","176.45","178.95","176.00","18.96M","1.31%"
"26-05-2023","175.40","175.55","178.20","175.20","13.19M","0.52%"
"25-05-2023","174.50","174.45","175.15","173.35","30.12M","-0.06%"
"24-05-2023","174.60","173.30","175.00","173.15","23.80M","0.26%"
"23-05-2023","174.15","173.90","175.45","173.80","25.45M","-0.14%"
"22-05-2023","174.40","172.95","176.65","172.85","25.91M","0.75%"
"19-05-2023","173.10","174.75","175.50","172.70","13.97M","-1.25%"
"18-05-2023","175.30","176.75","177.60","174.90","11.44M","-0.45%"
"17-05-2023","176.10","177.15","177.85","175.15","9.90M","-0.79%"
"16-05-2023","177.50","175.95","178.10","175.65","14.83M","0.60%"
"15-05-2023","176.45","176.00","176.90","174.30","13.68M","0.57%"
"12-05-2023","175.45","180.15","180.15","175.15","20.81M","-2.45%"
"11-05-2023","179.85","178.05","180.20","177.85","19.47M","1.24%"
"10-05-2023","177.65","176.60","177.80","175.60","9.51M","0.54%"
"09-05-2023","176.70","178.95","178.95","176.35","15.54M","-0.51%"
"08-05-2023","177.60","175.30","178.10","175.05","13.38M","1.60%"
"05-05-2023","174.80","177.40","177.40","173.55","16.07M","-1.22%"
"04-05-2023","176.95","177.80","178.00","175.50","9.14M","-0.08%"
"03-05-2023","177.10","176.40","179.20","176.30","18.71M","0.17%"
"02-05-2023","176.80","173.70","177.15","173.60","21.15M","2.37%"
"28-04-2023","172.70","172.05","173.05","170.80","15.82M","1.02%"
"27-04-2023","170.95","169.80","171.20","168.95","29.44M","0.59%"
"26-04-2023","169.95","169.65","171.05","169.65","26.29M","-0.90%"
"25-04-2023","171.50","170.50","172.60","170.45","20.18M","0.15%"
"24-04-2023","171.25","169.75","171.45","168.85","18.64M","0.74%"
"21-04-2023","170.00","169.80","170.20","168.75","8.09M","-0.03%"
"20-04-2023","170.05","167.80","170.45","167.35","13.78M","1.43%"
"19-04-2023","167.65","169.60","170.40","167.35","11.88M","-1.79%"
"18-04-2023","170.70","170.15","171.25","169.25","14.42M","0.44%"
"17-04-2023","169.95","173.00","174.35","169.65","25.03M","-2.22%"
"13-04-2023","173.80","176.60","176.85","173.05","9.67M","-1.64%"
"12-04-2023","176.70","178.70","178.70","176.25","9.59M","-1.20%"
"11-04-2023","178.85","179.30","180.20","177.30","14.00M","0.14%"
"10-04-2023","178.60","177.00","178.80","176.10","12.07M","1.39%"
"06-04-2023","176.15","177.20","177.60","175.80","9.06M","-0.51%"
"05-04-2023","177.05","177.10","179.10","176.25","11.99M","-0.81%"
"03-04-2023","178.50","177.10","178.70","176.70","9.72M","1.36%"
"31-03-2023","176.10","176.50","178.20","175.70","11.54M","1.21%"
"29-03-2023","174.00","172.40","174.80","171.50","30.88M","1.31%"
"28-03-2023","171.75","171.60","172.90","170.95","24.52M","0.17%"
"27-03-2023","171.45","174.10","174.35","171.00","33.74M","-0.98%"
"24-03-2023","173.15","174.90","175.00","172.75","19.86M","-1.03%"
"23-03-2023","174.95","175.05","176.10","174.25","10.78M","-0.06%"
"22-03-2023","175.05","177.65","177.95","174.50","14.39M","-1.30%"
"21-03-2023","177.35","177.25","177.75","175.60","14.72M","0.48%"
"20-03-2023","176.50","177.50","177.65","175.55","13.09M","-0.70%"
"17-03-2023","177.75","181.85","182.00","176.95","57.52M","-1.20%"
"16-03-2023","179.90","178.10","180.30","177.40","18.66M","0.73%"
"15-03-2023","178.60","179.40","179.75","178.10","10.65M","-0.08%"
"14-03-2023","178.75","179.70","181.30","178.20","15.53M","-0.69%"
"13-03-2023","180.00","180.95","181.70","179.75","17.86M","-0.61%"
"10-03-2023","181.10","179.40","181.30","178.75","21.63M","0.44%"
"09-03-2023","180.30","179.50","182.45","178.75","29.57M","0.53%"
"08-03-2023","179.35","176.95","179.55","176.55","25.67M","1.07%"
"06-03-2023","177.45","173.80","178.30","173.80","27.96M","2.10%"
"03-03-2023","173.80","172.55","175.80","172.55","23.25M","1.05%"
"02-03-2023","172.00","172.75","173.10","171.35","14.71M","-0.66%"
"01-03-2023","173.15","171.80","173.80","171.30","11.72M","0.82%"
"28-02-2023","171.75","173.75","173.85","171.35","15.27M","-0.78%"
"27-02-2023","173.10","171.95","174.25","171.35","19.37M","0.67%"
"24-02-2023","171.95","171.40","172.20","170.50","8.59M","1.39%"
"23-02-2023","169.60","169.90","171.80","168.90","19.41M","-0.56%"
"22-02-2023","170.55","172.65","172.75","168.80","27.90M","-1.47%"
"21-02-2023","173.10","169.85","173.95","169.50","49.42M","2.88%"
"20-02-2023","168.25","168.30","170.00","167.65","32.23M","0.00%"
"17-02-2023","168.25","167.05","169.80","166.80","15.27M","0.42%"
"16-02-2023","167.55","166.30","167.80","165.80","8.88M","0.99%"
"15-02-2023","165.90","166.45","166.95","164.45","11.26M","-0.39%"
"14-02-2023","166.55","169.10","169.10","165.45","9.54M","-1.01%"
"13-02-2023","168.25","165.70","168.70","165.60","13.61M","1.57%"
"10-02-2023","165.65","165.85","166.55","164.80","6.95M","-0.69%"
"09-02-2023","166.80","165.60","167.35","165.15","5.96M","0.36%"
"08-02-2023","166.20","166.25","166.75","164.80","8.91M","0.12%"
"07-02-2023","166.00","166.85","168.50","165.05","10.53M","-0.48%"
"06-02-2023","166.80","165.70","167.65","164.90","9.38M","0.21%"
"03-02-2023","166.45","165.30","167.30","163.35","19.86M","-0.89%"
"02-02-2023","167.95","170.50","170.95","166.60","18.94M","-1.73%"
"01-02-2023","170.90","174.05","174.70","168.15","26.07M","-0.98%"
"31-01-2023","172.60","170.60","173.75","168.65","22.73M","1.41%"
"30-01-2023","170.20","167.55","173.55","167.50","38.32M","2.47%"
"27-01-2023","166.10","166.80","167.40","163.75","20.41M","0.12%"
"25-01-2023","165.90","165.50","166.50","164.35","24.57M","-0.27%"
"24-01-2023","166.35","167.25","167.40","165.60","32.30M","-0.36%"
"23-01-2023","166.95","169.25","170.00","166.05","28.70M","-1.21%"
"20-01-2023","169.00","169.60","169.85","168.10","13.37M","0.00%"
"19-01-2023","169.00","170.15","170.50","167.85","9.62M","-0.50%"
"18-01-2023","169.85","168.10","170.00","167.60","12.29M","0.98%"
"17-01-2023","168.20","167.05","168.55","166.45","12.86M","1.02%"
"16-01-2023","166.50","168.60","169.00","165.20","11.19M","-1.10%"
"13-01-2023","168.35","166.75","168.55","166.35","9.23M","0.96%"
"12-01-2023","166.75","167.40","167.85","166.25","9.10M","-0.12%"
"11-01-2023","166.95","169.05","169.10","166.40","10.90M","-1.10%"
"10-01-2023","168.80","170.75","171.05","168.00","9.71M","-1.26%"
"09-01-2023","170.95","171.20","171.55","170.20","10.66M","0.59%"
"06-01-2023","169.95","170.75","172.50","169.70","18.52M","-0.29%"
"05-01-2023","170.45","168.40","170.75","167.70","25.34M","1.88%"
"04-01-2023","167.30","168.90","168.90","165.30","10.85M","-0.80%"
"03-01-2023","168.65","168.15","170.00","167.70","9.76M","-0.30%"
"02-01-2023","169.15","167.70","169.35","167.20","8.67M","1.02%"
"30-12-2022","167.45","167.80","168.90","166.90","10.66M","0.42%"
"29-12-2022","166.75","164.85","167.20","163.90","18.70M","0.48%"
"28-12-2022","165.95","165.75","167.40","165.05","27.87M","0.36%"
"27-12-2022","165.35","166.40","167.80","164.50","16.47M","-0.30%"
"26-12-2022","165.85","163.70","167.50","162.40","20.63M","1.62%"
"23-12-2022","163.20","165.50","166.65","162.40","11.51M","-1.81%"
"22-12-2022","166.20","168.25","168.25","164.95","8.96M","-1.13%"
"21-12-2022","168.10","170.80","171.35","166.80","12.53M","-1.20%"
"20-12-2022","170.15","171.55","171.70","168.85","10.23M","-1.33%"
"19-12-2022","172.45","170.35","172.70","170.00","8.71M","1.26%"
"16-12-2022","170.30","172.75","173.60","169.80","12.49M","-1.33%"
"15-12-2022","172.60","173.20","174.80","172.20","12.90M","-0.12%"
"14-12-2022","172.80","170.95","174.55","170.80","14.29M","1.32%"
"13-12-2022","170.55","169.50","171.30","169.45","6.12M","0.18%"
"12-12-2022","170.25","171.50","171.50","168.75","9.67M","0.03%"
"09-12-2022","170.20","172.85","173.05","168.95","11.33M","-0.93%"
"08-12-2022","171.80","173.05","173.70","171.30","7.17M","-0.87%"
"07-12-2022","173.30","175.55","176.00","172.90","11.14M","-1.67%"
"06-12-2022","176.25","178.00","178.00","174.80","13.20M","0.09%"
"05-12-2022","176.10","173.50","176.55","172.60","15.90M","1.73%"
"02-12-2022","173.10","174.00","174.00","172.55","6.99M","-0.09%"
"01-12-2022","173.25","174.40","174.40","171.95","9.82M","-0.12%"
"30-11-2022","173.45","171.50","173.80","171.05","10.74M","1.14%"
"29-11-2022","171.50","171.90","172.30","170.40","9.38M","-0.29%"
"28-11-2022","172.00","171.60","173.00","170.85","7.99M","0.32%"
"25-11-2022","171.45","171.20","172.80","170.10","14.36M","1.15%"
"24-11-2022","169.50","168.70","170.15","167.80","20.23M","0.80%"
"23-11-2022","168.15","167.65","168.50","166.65","25.07M","0.42%"
"22-11-2022","167.45","166.05","167.70","165.35","24.70M","1.48%"
"21-11-2022","165.00","165.40","166.50","164.70","20.65M","-0.93%"
"18-11-2022","166.55","169.30","169.55","166.05","17.70M","-1.45%"
"17-11-2022","169.00","170.75","171.45","168.45","15.66M","-1.05%"
"16-11-2022","170.80","173.20","173.20","170.10","12.32M","-1.36%"
"15-11-2022","173.15","173.05","174.50","172.50","16.97M","0.44%"
"14-11-2022","172.40","172.45","173.90","171.85","12.04M","0.00%"
"11-11-2022","172.40","174.05","174.65","170.70","20.47M","-0.46%"
"10-11-2022","173.20","174.15","174.55","171.50","11.35M","-0.52%"
"09-11-2022","174.10","177.50","177.80","173.40","17.03M","-1.53%"
"07-11-2022","176.80","179.00","180.25","176.05","18.70M","-0.81%"
"04-11-2022","178.25","178.85","180.30","177.45","14.18M","-0.56%"
"03-11-2022","179.25","180.05","182.45","178.25","17.02M","-1.16%"
"02-11-2022","181.35","182.10","183.45","180.60","16.83M","-0.41%"
"01-11-2022","182.10","173.60","182.50","173.60","46.92M","5.20%"
"31-10-2022","173.10","169.70","174.25","169.40","36.44M","-1.00%"
"28-10-2022","174.85","171.55","175.25","170.75","21.89M","2.46%"
"27-10-2022","170.65","170.00","170.95","167.85","22.59M","0.83%"
"25-10-2022","169.25","167.55","169.55","165.90","36.69M","1.14%"
"24-10-2022","167.35","166.75","168.40","166.75","3.21M","1.12%"
"21-10-2022","165.50","167.30","168.60","164.95","34.26M","-0.99%"
"20-10-2022","167.15","163.95","167.70","161.85","28.71M","1.64%"
"19-10-2022","164.45","167.05","168.20","164.00","12.31M","-1.67%"
"18-10-2022","167.25","168.75","169.55","166.75","14.44M","-0.71%"
"17-10-2022","168.45","165.35","168.90","164.05","16.60M","1.78%"
"14-10-2022","165.50","166.35","167.50","165.20","10.30M","0.21%"
"13-10-2022","165.15","165.25","167.00","164.55","11.72M","-0.03%"
"12-10-2022","165.20","162.25","165.45","161.55","16.44M","2.32%"
"11-10-2022","161.45","164.60","164.60","160.90","17.28M","-1.91%"
"10-10-2022","164.60","164.50","166.00","162.35","13.58M","-0.30%"
"07-10-2022","165.10","162.80","165.50","162.00","12.64M","1.01%"
"06-10-2022","163.45","164.80","165.20","163.00","8.00M","0.00%"
"04-10-2022","163.45","162.50","164.45","162.35","15.56M","1.55%"
"03-10-2022","160.95","160.40","164.45","159.45","17.21M","0.22%"
"30-09-2022","160.60","159.30","162.25","158.40","17.66M","0.66%"
"29-09-2022","159.55","159.45","162.20","158.70","14.11M","0.95%"
"28-09-2022","158.05","155.90","159.30","154.80","33.23M","-0.57%"
"27-09-2022","158.95","160.00","161.45","157.70","30.84M","0.13%"
"26-09-2022","158.75","162.00","163.85","156.75","46.32M","-3.11%"
"23-09-2022","163.85","168.65","168.70","162.65","22.62M","-2.99%"
"22-09-2022","168.90","167.90","169.80","167.30","15.29M","-0.09%"
"21-09-2022","169.05","171.25","172.30","168.50","14.44M","-1.69%"
"20-09-2022","171.95","171.70","173.20","171.55","12.47M","0.44%"
"19-09-2022","171.20","173.70","174.60","170.80","15.75M","-1.04%"
"16-09-2022","173.00","174.60","174.95","171.50","31.82M","-1.34%"
"15-09-2022","175.35","174.70","176.30","172.95","47.69M","1.48%"
"14-09-2022","172.80","165.80","173.40","165.80","51.05M","2.89%"
"13-09-2022","167.95","167.05","169.35","166.10","22.77M","0.69%"
"12-09-2022","166.80","167.90","168.35","166.05","18.66M","-0.18%"
"09-09-2022","167.10","167.85","169.80","166.70","26.64M","-0.09%"
"08-09-2022","167.25","168.95","169.55","166.35","18.65M","-0.33%"
"07-09-2022","167.80","168.65","170.45","167.20","26.40M","-0.62%"
"06-09-2022","168.85","165.80","169.25","165.15","41.80M","2.27%"
"05-09-2022","165.10","162.90","165.50","162.80","22.60M","1.63%"
"02-09-2022","162.45","163.45","166.65","162.05","33.84M","0.46%"
"01-09-2022","161.70","162.10","165.20","161.20","27.55M","-1.82%"
"30-08-2022","164.70","162.80","166.40","162.45","25.91M","1.67%"
"29-08-2022","162.00","162.10","164.20","161.75","18.70M","-1.49%"
"26-08-2022","164.45","159.95","165.90","159.95","45.01M","3.49%"
"25-08-2022","158.90","161.20","161.70","158.45","37.34M","-1.24%"
"24-08-2022","160.90","159.20","162.50","158.10","44.09M","1.29%"
"23-08-2022","158.85","156.45","159.45","156.45","30.54M","1.31%"
"22-08-2022","156.80","157.35","159.00","156.35","24.08M","-0.79%"
"19-08-2022","158.05","161.70","161.70","157.50","17.61M","-2.05%"
"18-08-2022","161.35","162.15","162.75","160.45","13.05M","-0.22%"
"17-08-2022","161.70","160.00","163.90","160.00","30.19M","1.44%"
"16-08-2022","159.40","159.95","160.10","157.50","13.57M","0.28%"
"12-08-2022","158.95","154.70","159.45","152.95","31.20M","3.15%"
"11-08-2022","154.10","157.30","157.45","153.55","20.32M","-1.60%"
"10-08-2022","156.60","156.35","157.55","155.35","16.34M","-0.25%"
"08-08-2022","157.00","153.75","157.50","152.35","22.30M","2.28%"
"05-08-2022","153.50","152.10","154.50","151.75","35.87M","0.95%"
"04-08-2022","152.05","158.40","158.40","150.50","33.69M","-3.21%"
"03-08-2022","157.10","157.45","158.25","154.75","18.02M","0.03%"
"02-08-2022","157.05","154.75","157.50","154.05","30.29M","1.68%"
"01-08-2022","154.45","150.85","155.20","148.45","35.33M","2.22%"
"29-07-2022","151.10","148.85","152.45","148.15","22.88M","0.50%"
"28-07-2022","150.35","150.05","150.30","149.20","32.58M","0.40%"
"27-07-2022","149.75","149.80","150.35","149.05","17.19M","-0.07%"
"26-07-2022","149.85","148.80","150.80","148.80","32.01M","-0.07%"
"25-07-2022","149.95","149.25","150.25","147.45","28.71M","0.57%"
"22-07-2022","149.10","151.50","151.50","148.15","15.93M","-1.16%"
"21-07-2022","150.85","150.30","151.10","150.00","8.27M","0.23%"
"20-07-2022","150.50","151.40","151.90","150.10","9.75M","-0.27%"
"19-07-2022","150.90","150.15","151.25","149.70","10.18M","0.33%"
"18-07-2022","150.40","149.45","151.45","149.45","11.84M","0.47%"
"15-07-2022","149.70","148.40","149.95","148.25","14.63M","0.91%"
"14-07-2022","148.35","149.05","149.35","147.25","12.59M","-0.24%"
"13-07-2022","148.70","147.70","149.35","147.45","17.12M","1.05%"
"12-07-2022","147.15","143.80","148.10","143.80","21.51M","1.48%"
"11-07-2022","145.00","143.95","147.15","143.95","21.19M","0.55%"
"08-07-2022","144.20","142.05","144.60","141.50","18.60M","2.20%"
"07-07-2022","141.10","139.95","142.65","139.75","21.38M","1.58%"
"06-07-2022","138.90","141.85","142.10","136.25","25.37M","-1.70%"
"05-07-2022","141.30","142.40","144.60","140.70","17.13M","-0.53%"
"04-07-2022","142.05","140.00","142.70","139.85","23.69M","0.82%"
"01-07-2022","140.90","142.60","143.45","140.15","19.24M","-1.40%"
"30-06-2022","142.90","141.85","143.45","140.90","34.53M","0.78%"
"29-06-2022","141.80","137.50","143.00","136.80","55.10M","2.38%"
"28-06-2022","138.50","137.60","139.45","137.15","37.31M","-0.18%"
"27-06-2022","138.75","137.45","139.35","137.10","27.57M","1.28%"
"24-06-2022","137.00","137.45","137.85","135.20","16.87M","0.07%"
"23-06-2022","136.90","138.05","139.25","135.90","14.56M","-0.76%"
"22-06-2022","137.95","137.20","139.90","136.90","16.36M","-1.81%"
"21-06-2022","140.50","138.50","141.70","138.25","30.28M","1.89%"
"20-06-2022","137.90","140.60","141.75","135.40","24.90M","-2.09%"
"17-06-2022","140.85","143.25","144.85","140.10","23.30M","-1.57%"
"16-06-2022","143.10","149.95","150.40","142.20","22.55M","-3.77%"
"15-06-2022","148.70","153.00","155.35","148.00","18.19M","-1.98%"
"14-06-2022","151.70","149.55","152.75","149.50","15.65M","1.61%"
"13-06-2022","149.30","154.45","155.40","148.25","27.02M","-4.08%"
"10-06-2022","155.65","154.90","157.00","154.50","13.08M","-0.10%"
"09-06-2022","155.80","156.45","158.70","155.30","23.18M","-1.24%"
"08-06-2022","157.75","157.90","160.20","157.15","26.49M","0.00%"
"07-06-2022","157.75","159.00","159.00","154.10","21.68M","1.15%"
"06-06-2022","155.95","156.75","158.85","155.35","20.29M","0.16%"
"03-06-2022","155.70","159.00","159.40","155.50","18.42M","-1.89%"
"02-06-2022","158.70","156.80","158.90","154.40","18.05M","0.99%"
"01-06-2022","157.15","157.85","160.10","156.45","24.93M","0.32%"
"31-05-2022","156.65","150.45","158.60","149.95","86.16M","4.36%"
"30-05-2022","150.10","148.00","151.15","146.85","21.92M","1.52%"
"27-05-2022","147.85","152.30","152.55","147.50","19.10M","-4.09%"
"26-05-2022","154.15","151.95","155.25","150.25","28.14M","1.45%"
"25-05-2022","151.95","148.25","152.30","147.15","35.66M","3.33%"
"24-05-2022","147.05","150.20","151.45","146.35","44.11M","-1.93%"
"23-05-2022","149.95","153.85","155.00","148.25","52.48M","0.23%"
"20-05-2022","149.60","149.75","150.85","147.50","15.58M","1.22%"
"19-05-2022","147.80","145.70","148.30","145.55","15.90M","-0.34%"
"18-05-2022","148.30","150.35","150.70","146.95","18.16M","-1.33%"
"17-05-2022","150.30","144.50","150.70","141.60","17.67M","1.45%"
"16-05-2022","148.15","143.40","148.70","142.00","28.55M","2.88%"
"13-05-2022","144.00","148.65","149.55","143.35","51.76M","-3.03%"
"12-05-2022","148.50","151.35","153.10","147.95","22.72M","-2.78%"
"11-05-2022","152.75","155.35","157.20","150.10","26.84M","-1.80%"
"10-05-2022","155.55","158.85","161.45","154.85","28.24M","-2.32%"
"09-05-2022","159.25","158.25","160.00","156.30","21.57M","-0.31%"
"06-05-2022","159.75","156.70","160.50","156.25","21.99M","0.73%"
"05-05-2022","158.60","159.60","161.45","157.50","34.21M","-0.13%"
"04-05-2022","158.80","158.40","162.10","157.60","30.60M","0.73%"
"02-05-2022","157.65","154.20","158.00","153.00","17.01M","0.67%"
"29-04-2022","156.60","161.00","161.20","156.05","25.86M","-1.94%"
"28-04-2022","159.70","156.55","159.95","155.00","47.14M","2.67%"
"27-04-2022","155.55","156.20","159.25","155.05","28.41M","-0.86%"
"26-04-2022","156.90","157.15","158.10","155.80","25.49M","0.45%"
"25-04-2022","156.20","158.75","160.70","155.40","38.32M","-2.62%"
"22-04-2022","160.40","161.45","162.80","159.95","15.38M","-1.38%"
"21-04-2022","162.65","161.50","163.30","160.30","23.21M","1.24%"
"20-04-2022","160.65","162.35","163.20","159.00","21.01M","-0.19%"
"19-04-2022","160.95","165.40","167.75","159.65","46.99M","-1.41%"
"18-04-2022","163.25","155.70","163.70","154.95","94.59M","5.66%"
"13-04-2022","154.50","153.50","156.65","153.30","21.87M","1.15%"
"12-04-2022","152.75","153.10","153.85","151.25","14.72M","-0.55%"
"11-04-2022","153.60","153.35","154.90","152.25","14.20M","0.49%"
"08-04-2022","152.85","154.65","154.95","152.00","18.53M","-0.75%"
"07-04-2022","154.00","153.00","157.70","152.80","45.53M","0.20%"
"06-04-2022","153.70","149.95","155.50","148.55","59.23M","2.95%"
"05-04-2022","149.30","146.00","150.50","145.20","38.34M","2.93%"
"04-04-2022","145.05","142.70","146.35","142.00","19.21M","1.12%"
"01-04-2022","143.45","137.55","143.80","137.45","41.54M","6.26%"
"31-03-2022","135.00","134.25","135.40","134.25","34.36M","0.26%"
"30-03-2022","134.65","135.00","135.00","133.40","20.87M","0.15%"
"29-03-2022","134.45","135.35","135.45","134.00","26.70M","-0.55%"
"28-03-2022","135.20","135.05","135.55","134.25","22.58M","0.26%"
"25-03-2022","134.85","135.90","136.20","134.30","11.07M","-0.48%"
"24-03-2022","135.50","134.00","135.95","133.90","21.87M","1.12%"
"23-03-2022","134.00","131.70","134.20","131.70","12.73M","0.49%"
"22-03-2022","133.35","133.25","134.20","132.25","13.92M","0.45%"
"21-03-2022","132.75","132.10","133.60","132.10","7.59M","-0.26%"
"17-03-2022","133.10","133.05","133.55","132.10","11.95M","0.53%"
"16-03-2022","132.40","131.20","132.65","131.10","8.72M","1.34%"
"15-03-2022","130.65","132.10","132.45","130.20","11.38M","-1.02%"
"14-03-2022","132.00","132.50","132.70","130.85","7.68M","-0.15%"
"11-03-2022","132.20","132.20","133.00","131.70","8.70M","-0.08%"
"10-03-2022","132.30","130.55","134.20","130.55","17.69M","0.53%"
"09-03-2022","131.60","133.25","133.25","130.80","13.99M","-0.75%"
"08-03-2022","132.60","130.00","134.80","130.00","29.64M","2.43%"
"07-03-2022","129.45","128.90","129.75","127.00","14.56M","-0.04%"
"04-03-2022","129.50","131.55","132.80","129.20","16.54M","-2.01%"
"03-03-2022","132.15","132.20","133.25","130.40","19.27M","0.69%"
"02-03-2022","131.25","131.75","134.20","130.45","17.44M","-1.13%"
"28-02-2022","132.75","128.40","133.25","128.40","17.32M","2.19%"
"25-02-2022","129.90","125.15","130.45","125.10","19.48M","4.42%"
"24-02-2022","124.40","127.15","129.30","123.85","17.73M","-4.64%"
"23-02-2022","130.45","131.80","133.40","130.15","16.88M","-1.17%"
"22-02-2022","132.00","130.75","132.20","128.00","28.25M","-0.23%"
"21-02-2022","132.30","133.05","134.20","131.60","16.51M","-0.34%"
"18-02-2022","132.75","132.50","134.15","132.30","12.77M","-0.19%"
"17-02-2022","133.00","134.25","135.00","132.55","8.93M","-0.45%"
"16-02-2022","133.60","135.15","136.65","133.30","16.58M","-1.29%"
"15-02-2022","135.35","132.90","135.70","130.90","18.19M","2.00%"
"14-02-2022","132.70","136.25","136.25","132.20","18.87M","-3.21%"
"11-02-2022","137.10","135.55","137.75","135.45","15.64M","0.33%"
"10-02-2022","136.65","134.75","137.00","134.55","11.26M","1.11%"
"09-02-2022","135.15","135.10","135.80","134.10","7.90M","0.04%"
"08-02-2022","135.10","135.55","135.55","133.00","14.28M","-0.07%"
"07-02-2022","135.20","134.35","136.55","134.30","12.75M","0.37%"
"04-02-2022","134.70","137.00","137.55","134.50","10.97M","-1.50%"
"03-02-2022","136.75","137.00","138.70","136.20","11.54M","-0.76%"
"02-02-2022","137.80","138.50","139.10","137.25","13.00M","0.07%"
"01-02-2022","137.70","139.10","140.50","137.10","26.84M","-0.51%"
"31-01-2022","138.40","139.35","139.45","135.10","35.69M","0.65%"
"28-01-2022","137.50","134.15","140.50","134.15","40.49M","1.85%"
"27-01-2022","135.00","134.70","135.65","134.05","30.75M","-0.07%"
"25-01-2022","135.10","131.20","135.35","131.20","27.92M","1.77%"
"24-01-2022","132.75","133.35","135.15","131.45","43.95M","-0.90%"
"21-01-2022","133.95","134.30","136.15","132.45","23.29M","-1.03%"
"20-01-2022","135.35","135.25","136.50","134.45","14.80M","0.22%"
"19-01-2022","135.05","134.00","135.70","133.35","18.49M","0.22%"
"18-01-2022","134.75","136.60","137.60","134.40","11.99M","-1.35%"
"17-01-2022","136.60","135.40","137.20","134.75","14.17M","0.85%"
"14-01-2022","135.45","133.25","136.25","133.25","14.38M","0.22%"
"13-01-2022","135.15","134.50","136.25","133.65","19.49M","0.82%"
"12-01-2022","134.05","132.75","134.25","132.15","17.65M","1.51%"
"11-01-2022","132.05","132.90","134.15","131.70","19.37M","-0.15%"
"10-01-2022","132.25","131.95","132.55","131.05","9.97M","0.76%"
"07-01-2022","131.25","131.10","131.90","129.65","10.67M","0.46%"
"06-01-2022","130.65","130.15","131.40","129.25","12.47M","-0.87%"
"05-01-2022","131.80","131.30","132.40","130.70","16.95M","0.00%"
"04-01-2022","131.80","125.75","132.00","125.75","38.81M","5.02%"
"03-01-2022","125.50","124.25","126.00","123.25","13.10M","1.62%"
"31-12-2021","123.50","125.30","125.35","123.10","17.46M","-2.68%"
"30-12-2021","126.90","123.20","127.70","122.50","26.88M","3.05%"
"29-12-2021","123.15","124.55","124.75","122.35","18.39M","-0.97%"
"28-12-2021","124.35","122.50","124.80","122.30","32.36M","1.68%"
"27-12-2021","122.30","121.30","122.40","121.00","23.07M","0.53%"
"24-12-2021","121.65","125.10","125.10","121.30","13.42M","-2.60%"
"23-12-2021","124.90","123.35","125.45","123.15","10.59M","1.63%"
"22-12-2021","122.90","122.25","123.75","121.80","8.16M","0.45%"
"21-12-2021","122.35","122.40","124.50","121.00","14.79M","0.66%"
"20-12-2021","121.55","123.60","125.25","119.25","17.26M","-2.92%"
"17-12-2021","125.20","125.80","127.15","123.70","14.95M","-1.34%"
"16-12-2021","126.90","126.25","127.70","125.80","10.97M","0.32%"
"15-12-2021","126.50","126.45","128.50","126.15","12.22M","0.00%"
"14-12-2021","126.50","125.20","127.60","125.20","10.44M","0.36%"
"13-12-2021","126.05","127.75","128.85","125.80","22.34M","-0.51%"
"10-12-2021","126.70","126.55","127.15","125.10","11.41M","0.00%"
"09-12-2021","126.70","128.05","128.05","126.15","10.08M","-0.78%"
"08-12-2021","127.70","126.05","127.95","125.55","13.70M","1.31%"
"07-12-2021","126.05","125.55","126.95","124.50","9.95M","1.00%"
"06-12-2021","124.80","127.85","127.90","124.45","11.59M","-2.12%"
"03-12-2021","127.50","129.30","130.50","126.90","17.76M","-1.39%"
"02-12-2021","129.30","127.65","130.50","126.85","13.81M","1.06%"
"01-12-2021","127.95","129.85","132.10","126.00","17.25M","0.39%"
"30-11-2021","127.45","127.55","129.45","125.25","22.58M","0.47%"
"29-11-2021","126.85","127.40","128.95","125.05","19.72M","-0.98%"
"26-11-2021","128.10","133.35","133.85","127.40","19.36M","-5.25%"
"25-11-2021","135.20","135.50","136.50","132.40","17.69M","-0.15%"
"24-11-2021","135.40","134.10","137.25","133.60","29.25M","1.39%"
"23-11-2021","133.55","129.95","133.80","129.55","41.87M","2.26%"
"22-11-2021","130.60","135.65","137.35","130.15","35.25M","-3.51%"
"18-11-2021","135.35","136.85","137.55","134.70","14.25M","-0.88%"
"17-11-2021","136.55","134.15","138.15","134.15","17.58M","1.37%"
"16-11-2021","134.70","137.45","137.45","134.30","8.91M","-1.93%"
"15-11-2021","137.35","137.05","137.80","136.30","7.14M","0.44%"
"12-11-2021","136.75","137.40","137.90","134.85","14.96M","-0.15%"
"11-11-2021","136.95","137.75","138.15","134.85","17.57M","-0.80%"
"10-11-2021","138.05","138.75","138.75","137.10","11.09M","-0.79%"
"09-11-2021","139.15","141.20","141.65","138.90","15.29M","-1.31%"
"08-11-2021","141.00","138.55","141.30","137.00","24.11M","2.66%"
"04-11-2021","137.35","138.00","138.25","137.05","1.20M","0.22%"
"03-11-2021","137.05","138.20","139.20","136.00","10.85M","-0.25%"
"02-11-2021","137.40","135.75","141.50","135.65","38.11M","1.66%"
"01-11-2021","135.15","133.05","136.05","131.20","16.07M","1.54%"
"29-10-2021","133.10","131.20","136.50","128.55","32.07M","-3.09%"
"28-10-2021","137.35","140.15","141.70","136.90","24.15M","-2.93%"
"27-10-2021","141.50","143.85","144.60","141.05","27.37M","-1.36%"
"26-10-2021","143.45","144.25","145.75","142.70","36.01M","-0.55%"
"25-10-2021","144.25","145.15","146.45","143.45","34.51M","-0.69%"
"22-10-2021","145.25","147.50","148.15","144.35","20.78M","-1.66%"
"21-10-2021","147.70","147.70","148.25","146.30","23.68M","0.61%"
"20-10-2021","146.80","149.80","149.95","145.95","31.82M","-1.84%"
"19-10-2021","149.55","149.70","151.65","147.80","43.96M","0.27%"
"18-10-2021","149.15","149.65","151.15","148.50","27.18M","0.00%"
"14-10-2021","149.15","147.95","150.10","147.10","39.40M","1.64%"
"13-10-2021","146.75","145.05","147.70","145.05","28.78M","1.10%"
"12-10-2021","145.15","145.75","146.40","144.00","16.43M","-0.10%"
"11-10-2021","145.30","140.10","146.65","140.10","27.58M","2.65%"
"08-10-2021","141.55","143.75","143.90","140.65","15.93M","-1.12%"
"07-10-2021","143.15","143.90","145.70","142.65","13.78M","-0.35%"
"06-10-2021","143.65","146.00","147.15","143.10","18.25M","-1.03%"
"05-10-2021","145.15","145.75","147.40","144.05","29.34M","0.10%"
"04-10-2021","145.00","142.80","147.90","140.45","48.95M","3.24%"
"01-10-2021","140.45","140.45","144.50","138.05","25.37M","-0.99%"
"30-09-2021","141.85","141.05","142.75","138.65","28.76M","1.14%"
"29-09-2021","140.25","131.65","143.40","130.80","48.42M","6.25%"
"28-09-2021","132.00","127.10","133.40","127.10","38.58M","4.10%"
"27-09-2021","126.80","125.10","127.60","124.65","21.34M","1.72%"
"24-09-2021","124.65","126.50","126.75","124.20","8.90M","-1.38%"
"23-09-2021","126.40","125.15","127.00","124.95","12.49M","1.40%"
"22-09-2021","124.65","124.35","127.00","124.35","17.82M","0.44%"
"21-09-2021","124.10","122.45","125.30","122.45","17.66M","1.22%"
"20-09-2021","122.60","122.80","123.90","121.90","12.64M","-0.93%"
"17-09-2021","123.75","124.45","124.75","121.80","20.76M","-0.28%"
"16-09-2021","124.10","124.10","125.80","123.15","20.14M","-0.20%"
"15-09-2021","124.35","116.55","124.85","116.30","58.91M","6.92%"
"14-09-2021","116.30","115.25","116.50","114.95","10.86M","0.91%"
"13-09-2021","115.25","114.40","115.45","114.25","6.18M","0.57%"
"09-09-2021","114.60","114.10","114.70","113.80","5.97M","0.26%"
"08-09-2021","114.30","113.50","114.65","112.55","10.99M","1.02%"
"07-09-2021","113.15","114.05","114.10","112.60","8.58M","-0.61%"
"06-09-2021","113.85","114.45","114.60","113.25","6.32M","-0.39%"
"03-09-2021","114.30","114.25","115.15","113.90","9.68M","0.48%"
"02-09-2021","113.75","112.70","113.95","112.70","6.04M","0.89%"
"01-09-2021","112.75","113.25","113.85","112.10","9.52M","-0.40%"
"31-08-2021","113.20","112.60","113.65","112.10","10.68M","0.76%"
"30-08-2021","112.35","110.80","112.90","110.80","10.12M","1.35%"
"27-08-2021","110.85","110.45","111.40","109.80","8.53M","-1.69%"
"26-08-2021","112.75","113.75","114.40","112.00","22.42M","-1.23%"
"25-08-2021","114.15","114.30","115.20","113.90","12.93M","-0.04%"
"24-08-2021","114.20","114.20","116.35","113.90","24.43M","0.48%"
"23-08-2021","113.65","114.65","115.60","112.30","25.59M","-0.48%"
"20-08-2021","114.20","116.25","117.05","113.55","16.48M","-2.27%"
"18-08-2021","116.85","117.25","118.85","116.50","10.06M","-0.60%"
"17-08-2021","117.55","118.70","119.35","116.50","11.70M","-0.97%"
"16-08-2021","118.70","118.35","119.25","117.90","8.78M","0.47%"
"13-08-2021","118.15","119.45","119.45","117.05","14.18M","-0.76%"
"12-08-2021","119.05","117.10","119.20","116.60","17.72M","1.80%"
"11-08-2021","116.95","114.95","117.15","114.85","11.79M","2.14%"
"10-08-2021","114.50","116.80","117.30","113.75","12.71M","-2.09%"
"09-08-2021","116.95","120.20","120.20","116.80","11.67M","-0.93%"
"06-08-2021","118.05","116.90","118.80","116.80","13.04M","1.11%"
"05-08-2021","116.75","118.00","118.00","116.05","10.74M","-0.85%"
"04-08-2021","117.75","118.25","119.05","116.75","12.71M","-0.17%"
"03-08-2021","117.95","117.90","118.20","117.00","17.05M","0.00%"
"02-08-2021","117.95","117.70","118.95","117.10","21.93M","-0.63%"
"30-07-2021","118.70","116.20","120.10","115.85","36.16M","1.67%"
"29-07-2021","116.75","117.15","118.20","115.10","21.95M","-0.13%"
"28-07-2021","116.90","119.90","119.90","115.80","23.46M","-1.64%"
"27-07-2021","118.85","119.65","119.75","118.15","22.77M","-0.50%"
"26-07-2021","119.45","118.70","120.20","118.20","31.71M","0.59%"
"23-07-2021","118.75","119.20","120.00","118.45","15.17M","-0.63%"
"22-07-2021","119.50","119.30","119.75","118.70","13.34M","0.55%"
"20-07-2021","118.85","121.60","121.70","118.55","15.46M","-2.02%"
"19-07-2021","121.30","118.95","121.75","118.75","23.67M","1.42%"
"16-07-2021","119.60","120.15","120.75","118.80","16.28M","-0.71%"
"15-07-2021","120.45","120.80","121.20","118.90","20.77M","-0.29%"
"14-07-2021","120.80","119.85","120.95","119.85","12.89M","0.54%"
"13-07-2021","120.15","118.40","122.20","118.30","39.90M","1.91%"
"12-07-2021","117.90","117.95","118.80","117.60","9.05M","-0.30%"
"09-07-2021","118.25","117.25","118.65","116.65","9.68M","0.47%"
"08-07-2021","117.70","117.30","118.80","117.30","16.78M","0.13%"
"07-07-2021","117.55","117.05","118.00","116.75","12.43M","0.13%"
"06-07-2021","117.40","117.45","118.40","117.00","12.55M","-0.63%"
"05-07-2021","118.15","117.50","118.60","116.95","16.64M","0.85%"
"02-07-2021","117.15","117.35","118.50","116.70","16.59M","-0.04%"
"01-07-2021","117.20","117.05","117.50","115.80","12.32M","0.30%"
"30-06-2021","116.85","117.60","118.70","116.30","20.67M","-0.17%"
"29-06-2021","117.05","116.80","117.80","115.35","33.49M","0.47%"
"28-06-2021","116.50","115.90","117.80","115.50","17.17M","0.56%"
"25-06-2021","115.85","117.00","117.50","115.45","16.97M","-1.82%"
"24-06-2021","118.00","117.20","118.35","115.60","28.58M","0.64%"
"23-06-2021","117.25","118.60","118.75","116.75","34.31M","-0.68%"
"22-06-2021","118.05","118.35","118.75","117.00","33.27M","0.00%"
"21-06-2021","118.05","111.20","118.40","111.20","51.90M","3.83%"
"18-06-2021","113.70","117.80","118.25","113.00","49.75M","-3.23%"
"17-06-2021","117.50","118.40","120.80","117.25","30.69M","-1.92%"
"16-06-2021","119.80","117.70","120.75","117.00","42.68M","1.44%"
"15-06-2021","118.10","118.35","118.90","117.70","13.00M","-0.08%"
"14-06-2021","118.20","118.45","118.45","116.25","22.14M","-0.55%"
"11-06-2021","118.85","118.90","119.85","117.75","19.10M","0.08%"
"10-06-2021","118.75","119.95","120.10","117.70","31.00M","0.08%"
"09-06-2021","118.65","116.50","121.50","116.25","91.30M","1.76%"
"08-06-2021","116.60","117.80","118.75","116.35","47.57M","-0.34%"
"07-06-2021","117.00","112.55","117.25","112.30","48.02M","4.19%"
"04-06-2021","112.30","113.40","113.50","111.85","13.39M","0.18%"
"03-06-2021","112.10","112.15","112.75","111.05","12.64M","0.27%"
"02-06-2021","111.80","110.60","111.90","110.60","8.01M","0.86%"
"01-06-2021","110.85","111.00","111.65","110.15","13.88M","0.00%"
"31-05-2021","110.85","109.50","111.60","108.00","16.77M","1.14%"
"28-05-2021","109.60","111.00","111.50","108.80","16.64M","-0.63%"
"27-05-2021","110.30","111.25","111.70","109.75","35.90M","-0.85%"
"26-05-2021","111.25","113.70","113.70","111.00","28.49M","-1.55%"
"25-05-2021","113.00","113.55","114.60","112.85","34.76M","0.13%"
"24-05-2021","112.85","112.50","113.85","112.05","29.53M","-0.13%"
"21-05-2021","113.00","112.35","113.25","111.70","15.75M","1.03%"
"20-05-2021","111.85","112.15","112.80","111.15","13.54M","-0.58%"
"19-05-2021","112.50","113.00","113.35","111.50","14.30M","-0.13%"
"18-05-2021","112.65","111.90","114.60","111.85","20.40M","0.81%"
"17-05-2021","111.75","112.10","112.45","110.30","17.30M","0.04%"
"14-05-2021","111.70","113.75","114.35","110.50","25.66M","-1.80%"
"12-05-2021","113.75","113.90","116.80","112.25","65.34M","0.62%"
"11-05-2021","113.05","107.90","113.60","107.10","62.71M","4.34%"
"10-05-2021","108.35","106.20","108.65","105.95","29.08M","2.65%"
"07-05-2021","105.55","104.10","105.95","103.65","15.45M","1.88%"
"06-05-2021","103.60","105.30","105.30","103.15","12.90M","-0.86%"
"05-05-2021","104.50","104.65","106.00","103.50","13.57M","0.14%"
"04-05-2021","104.35","104.70","106.45","104.05","18.43M","-0.33%"
"03-05-2021","104.70","98.25","105.00","98.25","14.17M","1.55%"
"30-04-2021","103.10","102.50","106.30","102.35","20.75M","0.05%"
"29-04-2021","103.05","104.20","104.90","102.65","24.38M","-0.43%"
"28-04-2021","103.50","102.20","103.75","101.80","33.10M","1.32%"
"27-04-2021","102.15","102.75","103.70","101.90","24.85M","-0.39%"
"26-04-2021","102.55","103.00","103.35","101.05","26.99M","0.05%"
"23-04-2021","102.50","98.50","102.80","98.50","21.44M","3.38%"
"22-04-2021","99.15","98.00","99.65","97.10","12.59M","0.20%"
"20-04-2021","98.95","99.50","100.85","98.30","12.41M","-0.15%"
"19-04-2021","99.10","100.00","101.00","98.75","16.74M","-3.36%"
"16-04-2021","102.55","101.35","103.15","100.55","14.75M","1.13%"
"15-04-2021","101.40","101.35","103.35","99.65","17.33M","0.75%"
"13-04-2021","100.65","99.45","101.30","99.35","21.45M","1.56%"
"12-04-2021","99.10","100.60","102.10","98.10","31.10M","-4.20%"
"09-04-2021","103.45","105.95","105.95","103.05","21.21M","-1.76%"
"08-04-2021","105.30","106.30","106.65","105.00","16.40M","-0.52%"
"07-04-2021","105.85","106.50","107.55","105.55","21.78M","-0.61%"
"06-04-2021","106.50","108.30","108.55","106.20","20.74M","-0.09%"
"05-04-2021","106.60","108.20","108.55","104.15","21.85M","-1.98%"
"01-04-2021","108.75","107.45","109.15","107.45","17.18M","1.68%"
"31-03-2021","106.95","107.75","109.75","106.55","26.12M","-0.97%"
"30-03-2021","108.00","105.70","108.90","105.50","28.66M","2.66%"
"26-03-2021","105.20","105.80","106.30","104.45","19.29M","2.14%"
"25-03-2021","103.00","105.70","106.55","102.65","23.32M","-3.10%"
"24-03-2021","106.30","108.40","109.50","106.00","26.93M","-2.39%"
"23-03-2021","108.90","110.10","110.10","108.20","43.24M","-0.95%"
"22-03-2021","109.95","108.05","110.40","106.90","39.71M","1.38%"
"19-03-2021","108.45","103.00","109.50","102.15","43.27M","4.13%"
"18-03-2021","104.15","107.75","108.45","103.55","29.86M","-2.39%"
"17-03-2021","106.70","110.10","110.10","106.30","25.04M","-3.09%"
"16-03-2021","110.10","111.50","111.80","109.80","20.20M","-0.59%"
"15-03-2021","110.75","109.65","111.15","107.95","24.34M","1.10%"
"12-03-2021","109.55","110.60","112.20","108.80","29.90M","-0.36%"
"10-03-2021","109.95","110.10","110.75","109.10","15.44M","0.18%"
"09-03-2021","109.75","112.50","112.50","107.70","23.91M","-0.90%"
"08-03-2021","110.75","109.95","113.40","109.50","36.53M","1.51%"
"05-03-2021","109.10","111.50","112.55","108.70","39.86M","-2.06%"
"04-03-2021","111.40","111.45","113.40","110.80","42.80M","-1.55%"
"03-03-2021","113.15","114.00","114.85","112.25","35.77M","0.09%"
"02-03-2021","113.05","108.60","113.95","108.30","68.70M","3.62%"
"01-03-2021","109.10","109.10","110.00","107.65","30.47M","1.39%"
"26-02-2021","107.60","107.00","111.40","105.40","61.15M","-0.37%"
"25-02-2021","108.00","103.55","110.25","102.45","38.29M","4.45%"
"24-02-2021","103.40","104.15","104.65","102.25","30.97M","-0.05%"
"23-02-2021","103.45","102.40","104.20","100.75","50.33M","1.47%"
"22-02-2021","101.95","104.50","106.30","101.35","52.55M","-2.44%"
"19-02-2021","104.50","103.65","106.70","101.65","69.32M","0.72%"
"18-02-2021","103.75","100.20","104.65","99.85","68.08M","4.06%"
"17-02-2021","99.70","97.95","100.55","97.40","33.29M","1.32%"
"16-02-2021","98.40","95.70","99.55","95.55","42.84M","2.93%"
"15-02-2021","95.60","96.80","96.90","94.95","10.80M","-0.47%"
"12-02-2021","96.05","97.65","97.90","94.95","18.62M","-1.44%"
"11-02-2021","97.45","97.50","97.85","96.45","15.25M","0.10%"
"10-02-2021","97.35","97.00","97.95","96.10","17.89M","0.05%"
"09-02-2021","97.30","98.05","98.70","96.85","23.36M","-0.56%"
"08-02-2021","97.85","94.50","98.40","93.65","38.63M","0.88%"
"05-02-2021","97.00","98.50","99.40","95.70","54.02M","0.31%"
"04-02-2021","96.70","95.50","97.60","95.15","37.09M","1.63%"
"03-02-2021","95.15","93.10","96.20","92.60","35.85M","2.53%"
"02-02-2021","92.80","91.10","93.50","90.80","29.28M","2.37%"
"01-02-2021","90.65","88.45","90.90","86.95","29.73M","3.13%"
"29-01-2021","87.90","90.15","90.95","87.35","29.87M","-4.04%"
"28-01-2021","91.60","90.05","92.45","90.05","44.00M","0.38%"
"27-01-2021","91.25","92.65","93.20","90.95","32.68M","-2.30%"
"25-01-2021","93.40","94.30","95.20","92.70","34.27M","-0.69%"
"22-01-2021","94.05","96.45","96.50","92.80","37.31M","-2.23%"
"21-01-2021","96.20","98.60","99.30","95.65","30.88M","-2.43%"
"20-01-2021","98.60","99.70","99.90","98.30","21.14M","-1.35%"
"19-01-2021","99.95","98.20","100.80","97.85","25.53M","2.30%"
"18-01-2021","97.70","101.00","101.00","97.15","31.56M","-3.22%"
"15-01-2021","100.95","102.70","103.80","100.20","25.99M","-1.75%"
"14-01-2021","102.75","103.80","104.20","102.20","29.93M","-0.29%"
"13-01-2021","103.05","100.75","104.90","100.45","62.62M","2.33%"
"12-01-2021","100.70","99.05","101.50","98.75","28.71M","1.31%"
"11-01-2021","99.40","101.05","101.60","99.05","26.45M","-1.19%"
"08-01-2021","100.60","98.10","100.90","97.75","37.48M","3.13%"
"07-01-2021","97.55","98.65","99.00","97.30","22.29M","-0.86%"
"06-01-2021","98.40","98.05","99.45","97.75","24.06M","0.51%"
"05-01-2021","97.90","98.65","98.80","97.10","21.48M","-1.71%"
"04-01-2021","99.60","99.50","101.95","98.70","20.71M","0.00%"
"01-01-2021","99.60","100.15","100.25","99.00","12.75M","0.25%"
"31-12-2020","99.35","98.70","100.30","98.10","31.59M","0.10%"
"30-12-2020","99.25","99.45","99.80","98.35","23.55M","0.35%"
"29-12-2020","98.90","100.60","101.20","98.10","34.63M","-1.69%"
"28-12-2020","100.60","100.45","101.50","100.10","24.00M","0.55%"
"24-12-2020","100.05","99.25","101.60","99.25","23.40M","1.21%"
"23-12-2020","98.85","99.25","99.65","98.10","14.57M","-0.45%"
"22-12-2020","99.30","98.00","99.95","96.85","24.40M","1.64%"
"21-12-2020","97.70","104.00","104.00","95.20","39.01M","-6.01%"
"18-12-2020","103.95","104.85","104.85","102.95","26.95M","-0.81%"
"17-12-2020","104.80","105.20","105.85","104.30","15.24M","-0.52%"
"16-12-2020","105.35","107.15","107.15","105.00","23.28M","-0.61%"
"15-12-2020","106.00","105.35","106.45","102.95","39.80M","1.05%"
"14-12-2020","104.90","102.65","105.25","102.65","38.60M","2.34%"
"11-12-2020","102.50","98.25","102.70","98.25","55.73M","5.07%"
"10-12-2020","97.55","98.75","99.65","96.75","20.99M","-1.32%"
"09-12-2020","98.85","99.35","100.40","98.45","23.93M","0.20%"
"08-12-2020","98.65","101.10","101.95","98.30","24.24M","-1.40%"
"07-12-2020","100.05","99.45","101.45","98.60","24.71M","1.27%"
"04-12-2020","98.80","99.60","100.15","97.90","25.32M","-0.30%"
"03-12-2020","99.10","95.90","99.50","95.70","39.12M","3.99%"
"02-12-2020","95.30","94.80","95.75","94.10","20.91M","1.06%"
"01-12-2020","94.30","94.70","96.35","94.00","22.75M","-0.37%"
"27-11-2020","94.65","95.85","97.25","92.10","74.68M","0.58%"
"26-11-2020","94.10","94.10","94.85","93.45","13.96M","0.16%"
"25-11-2020","93.95","94.05","95.20","92.90","26.17M","0.05%"
"24-11-2020","93.90","93.90","94.35","93.45","27.85M","0.43%"
"23-11-2020","93.50","92.55","94.35","92.25","33.60M","1.85%"
"20-11-2020","91.80","90.45","92.10","90.20","25.05M","1.94%"
"19-11-2020","90.05","88.45","92.20","88.30","30.83M","1.52%"
"18-11-2020","88.70","89.15","89.85","88.50","18.81M","-0.39%"
"17-11-2020","89.05","92.10","92.55","88.65","35.77M","-2.46%"
"14-11-2020","91.30","90.70","92.60","90.70","11.56M","-0.22%"
"13-11-2020","91.50","90.30","91.90","89.35","15.93M","0.44%"
"12-11-2020","91.10","92.25","92.85","90.75","17.25M","-1.41%"
"11-11-2020","92.40","91.95","93.05","90.85","38.19M","1.65%"
"10-11-2020","90.90","89.70","91.15","88.90","38.94M","2.31%"
"09-11-2020","88.85","88.10","89.15","87.25","28.03M","2.07%"
"06-11-2020","87.05","86.85","88.65","86.55","30.72M","0.35%"
"05-11-2020","86.75","85.80","86.95","85.05","29.48M","2.12%"
"04-11-2020","84.95","85.60","86.60","84.10","31.39M","-0.70%"
"03-11-2020","85.55","91.15","91.50","83.95","92.76M","-4.20%"
"02-11-2020","89.30","88.10","89.65","87.60","25.11M","1.82%"
"30-10-2020","87.70","87.00","88.75","86.30","33.79M","1.27%"
"29-10-2020","86.60","87.40","88.50","85.90","23.07M","-1.53%"
"28-10-2020","87.95","89.05","90.45","87.45","36.05M","-1.62%"
"27-10-2020","89.40","88.60","89.95","87.25","64.67M","3.83%"
"26-10-2020","86.10","86.75","87.95","84.30","40.69M","-0.52%"
"23-10-2020","86.55","86.50","86.85","84.75","40.43M","1.58%"
"22-10-2020","85.20","82.55","86.10","81.45","41.19M","3.09%"
"21-10-2020","82.65","81.35","84.05","80.80","39.86M","2.23%"
"20-10-2020","80.85","82.00","82.20","80.55","14.72M","-1.46%"
"19-10-2020","82.05","80.90","83.45","80.85","24.74M","1.86%"
"16-10-2020","80.55","79.40","80.70","78.70","16.29M","1.70%"
"15-10-2020","79.20","79.25","80.70","78.70","22.99M","-0.38%"
"14-10-2020","79.50","82.80","82.80","78.15","44.22M","-4.22%"
"13-10-2020","83.00","82.95","83.65","82.60","9.88M","0.06%"
"12-10-2020","82.95","83.75","84.85","82.65","13.90M","-0.48%"
"09-10-2020","83.35","83.60","83.60","82.05","13.02M","0.42%"
"08-10-2020","83.00","83.35","83.60","82.75","11.91M","-0.24%"
"07-10-2020","83.20","84.20","84.45","82.95","18.47M","-1.60%"
"06-10-2020","84.55","84.85","84.85","83.90","13.59M","-0.24%"
"05-10-2020","84.75","85.50","85.90","84.10","14.79M","-0.76%"
"01-10-2020","85.40","85.85","85.95","84.90","19.04M","-0.29%"
"30-09-2020","85.65","85.55","86.20","83.90","18.27M","0.06%"
"29-09-2020","85.60","88.50","89.15","85.20","19.80M","-2.73%"
"28-09-2020","88.00","85.40","88.60","85.30","25.26M","3.65%"
"25-09-2020","84.90","83.25","85.10","82.55","18.17M","2.78%"
"24-09-2020","82.60","84.20","85.60","82.25","19.48M","-3.28%"
"23-09-2020","85.40","88.10","88.15","84.40","21.77M","-2.73%"
"22-09-2020","87.80","88.00","89.40","85.05","29.15M","-0.73%"
"21-09-2020","88.45","90.70","91.25","87.45","22.99M","-2.32%"
"18-09-2020","90.55","88.75","91.00","88.70","30.35M","1.91%"
"17-09-2020","88.85","89.30","89.55","88.15","19.10M","-1.17%"
"16-09-2020","89.90","91.50","91.70","89.45","22.17M","-1.53%"
"15-09-2020","91.30","91.15","92.80","91.00","23.62M","0.38%"
"14-09-2020","90.95","90.70","92.05","89.75","16.36M","0.66%"
"11-09-2020","90.35","90.70","91.10","89.55","13.13M","-0.66%"
"10-09-2020","90.95","91.15","91.80","89.65","16.67M","0.11%"
"09-09-2020","90.85","90.45","91.45","88.90","18.67M","-0.16%"
"08-09-2020","91.00","93.05","93.25","90.70","19.04M","-2.10%"
"07-09-2020","92.95","95.40","96.20","92.45","19.81M","-2.36%"
"04-09-2020","95.20","97.00","97.75","94.55","19.04M","-3.10%"
"03-09-2020","98.25","99.65","99.90","97.15","13.81M","-1.36%"
"02-09-2020","99.60","99.95","100.65","98.65","11.71M","-0.60%"
"01-09-2020","100.20","97.10","101.20","96.80","26.94M","3.19%"
"31-08-2020","97.10","102.75","103.20","96.05","31.85M","-4.94%"
"28-08-2020","102.15","103.55","104.65","101.85","16.83M","-0.49%"
"27-08-2020","102.65","103.25","103.85","102.15","15.44M","-0.39%"
"26-08-2020","103.05","104.20","104.60","101.90","18.37M","-0.96%"
"25-08-2020","104.05","106.45","107.55","103.60","43.26M","-1.56%"
"24-08-2020","105.70","106.90","107.80","103.80","41.67M","-0.28%"
"21-08-2020","106.00","102.20","107.75","101.70","76.13M","4.74%"
"20-08-2020","101.20","94.65","101.80","94.50","78.27M","6.58%"
"19-08-2020","94.95","96.20","96.65","94.70","17.32M","-0.31%"
"18-08-2020","95.25","96.15","97.75","94.20","42.23M","-0.16%"
"17-08-2020","95.40","89.95","96.60","89.80","103.72M","7.61%"
"14-08-2020","88.65","87.20","90.05","86.80","40.52M","1.37%"
"13-08-2020","87.45","87.25","87.70","86.45","14.93M","1.22%"
"12-08-2020","86.40","85.90","86.85","84.45","16.40M","0.58%"
"11-08-2020","85.90","86.90","87.35","85.60","13.14M","-0.12%"
"10-08-2020","86.00","84.05","86.45","83.90","18.24M","2.81%"
"07-08-2020","83.65","84.15","84.50","83.15","11.26M","-0.36%"
"06-08-2020","83.95","83.95","85.10","83.40","13.49M","0.12%"
"05-08-2020","83.85","83.65","84.40","83.30","12.98M","0.54%"
"04-08-2020","83.40","85.00","85.90","83.10","24.86M","-2.85%"
"03-08-2020","85.85","86.95","87.10","85.40","13.66M","-1.60%"
"31-07-2020","87.25","87.15","87.55","86.30","11.88M","0.75%"
"30-07-2020","86.60","89.00","89.00","86.15","29.20M","-2.04%"
"29-07-2020","88.40","88.90","89.85","88.00","20.23M","-0.39%"
"28-07-2020","88.75","88.00","88.95","87.10","26.81M","0.97%"
"27-07-2020","87.90","89.35","89.70","87.40","21.68M","-1.84%"
"24-07-2020","89.55","90.20","90.50","88.60","17.54M","-1.43%"
"23-07-2020","90.85","90.60","91.75","90.35","12.81M","0.33%"
"22-07-2020","90.55","88.80","92.60","88.70","36.34M","2.03%"
"21-07-2020","88.75","88.15","89.00","87.00","26.70M","1.43%"
"20-07-2020","87.50","88.70","88.90","87.30","11.80M","-1.30%"
"17-07-2020","88.65","87.50","88.90","87.35","17.52M","1.84%"
"16-07-2020","87.05","88.05","88.05","85.85","13.98M","-1.30%"
"15-07-2020","88.20","88.50","89.75","87.80","16.23M","0.57%"
"14-07-2020","87.70","89.85","89.90","87.45","14.73M","-2.45%"
"13-07-2020","89.90","90.95","93.00","89.50","28.44M","-0.72%"
"10-07-2020","90.55","91.25","91.75","89.90","12.86M","-1.04%"
"09-07-2020","91.50","91.55","92.10","91.15","14.48M","0.05%"
"08-07-2020","91.45","92.70","93.10","91.25","18.02M","-1.35%"
"07-07-2020","92.70","95.30","95.30","92.35","18.03M","-2.88%"
"06-07-2020","95.45","95.65","96.45","95.05","12.75M","0.63%"
"03-07-2020","94.85","93.90","95.50","92.75","17.42M","1.12%"
"02-07-2020","93.80","94.05","94.40","93.25","9.30M","0.11%"
"01-07-2020","93.70","94.45","94.45","92.25","16.25M","-1.99%"
"30-06-2020","95.60","96.30","97.85","95.00","17.36M","0.58%"
"29-06-2020","95.05","97.60","98.05","94.45","17.02M","-2.21%"
"26-06-2020","97.20","96.15","97.60","95.80","12.48M","1.14%"
"25-06-2020","96.10","96.60","98.40","94.60","21.57M","-1.03%"
"24-06-2020","97.10","101.40","103.50","96.80","28.10M","-3.48%"
"23-06-2020","100.60","95.50","101.00","95.10","34.05M","5.34%"
"22-06-2020","95.50","96.05","96.05","91.10","19.48M","2.52%"
"19-06-2020","93.15","92.90","94.00","92.50","13.49M","0.38%"
"18-06-2020","92.80","91.40","94.15","90.05","12.36M","1.48%"
"17-06-2020","91.45","92.50","93.00","91.00","8.58M","-1.56%"
"16-06-2020","92.90","94.45","95.20","92.40","8.45M","-0.48%"
"15-06-2020","93.35","96.10","96.80","92.60","11.97M","-3.51%"
"12-06-2020","96.75","95.15","97.65","94.30","13.78M","-1.12%"
"11-06-2020","97.85","97.95","99.80","97.00","10.46M","-0.56%"
"10-06-2020","98.40","97.70","100.30","97.10","13.24M","0.56%"
"09-06-2020","97.85","99.20","99.60","97.25","11.03M","-0.91%"
"08-06-2020","98.75","99.00","100.00","97.70","15.04M","0.77%"
"05-06-2020","98.00","94.50","98.45","94.30","13.54M","2.94%"
"04-06-2020","95.20","94.70","95.65","93.00","12.23M","0.16%"
"03-06-2020","95.05","97.65","97.65","94.80","13.60M","-2.06%"
"02-06-2020","97.05","97.35","98.70","96.10","11.74M","-0.56%"
"01-06-2020","97.60","97.20","99.15","96.80","9.05M","0.83%"
"29-05-2020","96.80","94.25","97.55","94.05","12.04M","1.10%"
"28-05-2020","95.75","94.60","96.10","94.20","18.75M","1.22%"
"27-05-2020","94.60","92.50","95.25","91.25","27.73M","1.78%"
"26-05-2020","92.95","91.30","93.40","90.75","17.80M","2.54%"
"22-05-2020","90.65","89.10","91.10","88.20","14.11M","0.61%"
"21-05-2020","90.10","91.85","92.00","89.65","13.34M","-2.80%"
"20-05-2020","92.70","89.80","93.45","89.50","8.54M","1.76%"
"19-05-2020","91.10","89.30","91.95","88.20","9.28M","2.24%"
"18-05-2020","89.10","90.00","90.00","88.00","9.78M","-2.03%"
"15-05-2020","90.95","89.70","91.80","89.30","8.79M","1.39%"
"14-05-2020","89.70","93.00","93.00","87.70","31.20M","-3.86%"
"13-05-2020","93.30","94.35","98.75","92.95","13.86M","1.63%"
"12-05-2020","91.80","86.50","93.05","85.90","18.34M","5.94%"
"11-05-2020","86.65","88.05","89.50","86.05","12.39M","-0.63%"
"08-05-2020","87.20","91.25","92.10","86.00","20.97M","-3.81%"
"07-05-2020","90.65","93.50","94.00","90.40","8.40M","-4.23%"
"06-05-2020","94.65","92.55","95.55","92.30","8.94M","1.88%"
"05-05-2020","92.90","92.00","95.15","91.45","10.63M","1.59%"
"04-05-2020","91.45","91.40","93.60","90.80","10.80M","-3.64%"
"30-04-2020","94.90","91.55","96.85","90.40","17.32M","5.39%"
"29-04-2020","90.05","91.35","92.25","89.75","15.99M","-0.39%"
"28-04-2020","90.40","92.00","92.65","88.85","21.58M","-2.27%"
"27-04-2020","92.50","94.65","94.70","92.15","18.76M","-1.23%"
"24-04-2020","93.65","94.80","96.20","92.20","10.69M","-1.83%"
"23-04-2020","95.40","96.50","97.80","94.75","8.42M","-2.35%"
"22-04-2020","97.70","97.35","98.45","94.75","9.99M","0.57%"
"21-04-2020","97.15","96.30","98.25","96.00","12.01M","-1.67%"
"20-04-2020","98.80","96.10","99.05","93.45","16.52M","3.02%"
"17-04-2020","95.90","99.40","100.10","95.55","13.74M","0.74%"
"16-04-2020","95.20","87.65","96.10","87.65","21.11M","5.66%"
"15-04-2020","90.10","89.25","94.30","89.25","23.25M","1.75%"
"13-04-2020","88.55","86.25","89.05","85.00","16.04M","1.49%"
"09-04-2020","87.25","87.00","88.35","85.60","10.78M","2.35%"
"08-04-2020","85.25","82.00","87.05","80.95","28.84M","3.71%"
"07-04-2020","82.20","81.95","82.65","80.55","20.23M","2.62%"
"03-04-2020","80.10","82.00","82.00","79.20","12.00M","-1.29%"
"01-04-2020","81.15","84.50","84.70","80.75","7.58M","-4.02%"
"31-03-2020","84.55","82.20","85.05","81.45","16.72M","3.49%"
"30-03-2020","81.70","82.65","83.35","79.25","11.42M","-1.68%"
"27-03-2020","83.10","82.60","84.20","80.75","18.32M","4.86%"
"26-03-2020","79.25","80.25","81.70","76.40","29.84M","0.06%"
"25-03-2020","79.20","77.75","80.00","74.80","25.66M","2.46%"
"24-03-2020","77.30","77.45","79.15","74.75","30.69M","1.64%"
"23-03-2020","76.05","75.00","78.90","73.25","31.98M","-6.46%"
"20-03-2020","81.30","78.20","82.25","76.20","53.48M","4.10%"
"19-03-2020","78.10","76.70","84.20","74.80","33.46M","-2.80%"
"18-03-2020","80.35","89.35","89.35","74.80","74.28M","-8.38%"
"17-03-2020","87.70","90.10","94.80","86.10","23.84M","-2.50%"
"16-03-2020","89.95","94.00","94.10","87.50","30.59M","-7.46%"
"13-03-2020","97.20","89.15","98.40","80.30","45.64M","2.91%"
"12-03-2020","94.45","99.20","99.70","93.35","49.26M","-8.17%"
"11-03-2020","102.85","102.25","104.20","100.80","25.64M","0.39%"
"09-03-2020","102.45","101.40","104.55","99.55","49.29M","0.15%"
"06-03-2020","102.30","102.00","103.90","100.40","18.46M","-2.43%"
"05-03-2020","104.85","105.50","107.20","104.10","13.68M","-0.90%"
"04-03-2020","105.80","104.60","107.75","103.80","31.29M","0.47%"
"03-03-2020","105.30","102.45","106.10","101.70","39.26M","3.54%"
"02-03-2020","101.70","106.30","107.50","100.60","42.07M","-2.49%"
"28-02-2020","104.30","106.00","108.35","103.55","21.93M","-4.27%"
"27-02-2020","108.95","105.00","109.95","105.00","37.20M","-0.05%"
"26-02-2020","109.00","109.40","111.40","108.10","80.43M","-0.86%"
"25-02-2020","109.95","109.90","112.30","109.55","44.36M","0.14%"
"24-02-2020","109.80","110.20","110.75","108.85","21.25M","-1.61%"
"20-02-2020","111.60","111.85","112.55","111.05","10.44M","-0.53%"
"19-02-2020","112.20","112.10","113.75","110.40","30.80M","2.14%"
"18-02-2020","109.85","109.80","111.45","104.15","41.78M","-0.63%"
"17-02-2020","110.55","113.50","113.75","109.40","22.93M","-2.12%"
"14-02-2020","112.95","115.45","115.70","112.20","21.38M","-2.25%"
"13-02-2020","115.55","117.05","117.40","115.10","17.85M","-1.28%"
"12-02-2020","117.05","117.45","119.25","116.80","20.74M","-0.13%"
"11-02-2020","117.20","114.75","117.75","114.50","31.25M","2.85%"
"10-02-2020","113.95","113.45","114.50","112.35","43.49M","2.15%"
"07-02-2020","111.55","108.85","111.90","108.85","32.10M","2.39%"
"06-02-2020","108.95","108.60","109.40","107.65","17.13M","0.55%"
"05-02-2020","108.35","108.20","109.35","107.45","20.71M","0.05%"
"04-02-2020","108.30","106.65","108.70","106.65","16.15M","1.40%"
"03-02-2020","106.80","105.50","107.85","102.70","33.13M","1.67%"
"01-02-2020","105.05","109.50","109.50","103.95","49.81M","-4.59%"
"31-01-2020","110.10","111.60","112.25","109.10","166.63M","-3.17%"
"30-01-2020","113.70","113.40","115.30","112.35","31.35M","0.18%"
"29-01-2020","113.50","111.45","114.65","111.20","79.58M","1.52%"
"28-01-2020","111.80","112.80","112.90","110.65","44.01M","-0.84%"
"27-01-2020","112.75","114.40","114.85","112.35","17.90M","-1.53%"
"24-01-2020","114.50","113.70","116.05","113.65","18.09M","0.62%"
"23-01-2020","113.80","112.35","114.55","112.05","37.00M","1.43%"
"22-01-2020","112.20","114.95","115.30","111.70","48.94M","-4.59%"
"21-01-2020","117.60","118.50","119.75","117.40","7.35M","-0.84%"
"20-01-2020","118.60","119.90","121.60","118.00","17.76M","-2.10%"
"17-01-2020","121.15","121.80","121.80","120.65","8.04M","-0.53%"
"16-01-2020","121.80","123.65","123.95","121.30","12.14M","-1.85%"
"15-01-2020","124.10","123.50","124.95","122.30","22.62M","0.45%"
"14-01-2020","123.55","121.70","124.10","121.25","32.08M","1.44%"
"13-01-2020","121.80","120.75","122.05","120.35","6.33M","1.29%"
"10-01-2020","120.25","120.15","121.75","119.30","9.56M","0.33%"
"09-01-2020","119.85","120.70","121.30","119.40","7.61M","-0.13%"
"08-01-2020","120.00","119.15","120.75","117.65","10.20M","-0.25%"
"07-01-2020","120.30","118.55","121.00","118.55","11.37M","1.48%"
"06-01-2020","118.55","118.60","118.75","116.20","10.48M","-0.46%"
"03-01-2020","119.10","120.55","120.60","118.60","11.20M","-1.41%"
"02-01-2020","120.80","120.60","121.50","120.00","8.75M","0.00%"
"01-01-2020","120.80","118.40","121.10","117.70","12.79M","2.03%"
"31-12-2019","118.40","116.40","119.10","116.20","14.40M","1.59%"
"30-12-2019","116.55","116.70","117.35","116.30","5.36M","-0.04%"
"27-12-2019","116.60","116.20","116.90","115.25","6.65M","0.47%"
"26-12-2019","116.05","115.00","117.65","114.10","15.19M","0.69%"
"24-12-2019","115.25","114.90","115.85","114.65","15.81M","0.26%"
"23-12-2019","114.95","115.10","115.70","114.30","23.42M","0.04%"
"20-12-2019","114.90","113.85","115.45","113.85","10.97M","0.52%"
"19-12-2019","114.30","114.15","114.70","113.25","7.44M","-0.22%"
"18-12-2019","114.55","115.75","116.25","114.30","8.17M","-1.04%"
"17-12-2019","115.75","114.40","116.20","113.85","8.47M","0.61%"
"16-12-2019","115.05","115.85","116.45","114.90","6.70M","-0.78%"
"13-12-2019","115.95","115.45","116.30","114.90","7.77M","0.96%"
"12-12-2019","114.85","113.65","115.40","113.40","9.08M","1.41%"
"11-12-2019","113.25","110.55","113.45","110.55","11.05M","2.49%"
"10-12-2019","110.50","112.95","113.50","110.20","11.18M","-2.30%"
"09-12-2019","113.10","113.10","113.30","111.60","7.94M","0.27%"
"06-12-2019","112.80","114.65","114.65","112.50","6.81M","-1.31%"
"05-12-2019","114.30","115.70","115.75","114.10","6.72M","-0.82%"
"04-12-2019","115.25","114.95","115.50","114.30","5.72M","0.35%"
"03-12-2019","114.85","115.70","116.25","114.70","7.17M","-0.91%"
"02-12-2019","115.90","116.10","116.90","115.50","9.24M","-0.60%"
"29-11-2019","116.60","116.25","117.95","115.90","11.73M","0.73%"
"28-11-2019","115.75","116.00","116.00","115.05","15.37M","-0.09%"
"27-11-2019","115.85","116.90","117.45","115.55","26.88M","-0.94%"
"26-11-2019","116.95","118.70","119.00","116.55","17.27M","-1.18%"
"25-11-2019","118.35","117.75","118.60","117.30","15.49M","0.55%"
"22-11-2019","117.70","116.70","119.35","116.60","22.25M","2.13%"
"21-11-2019","115.25","117.65","117.65","114.75","14.88M","-1.91%"
"20-11-2019","117.50","117.05","117.75","116.35","11.58M","0.04%"
"19-11-2019","117.45","117.60","118.30","117.10","8.20M","-0.17%"
"18-11-2019","117.65","117.80","117.90","116.90","6.01M","0.00%"
"15-11-2019","117.65","118.75","118.95","117.40","6.36M","-0.76%"
"14-11-2019","118.55","118.55","119.10","117.70","6.18M","0.25%"
"13-11-2019","118.25","118.10","119.40","117.60","11.89M","-0.38%"
"11-11-2019","118.70","118.65","121.85","118.10","27.22M","0.76%"
"08-11-2019","117.80","118.50","119.45","117.55","10.61M","-1.63%"
"07-11-2019","119.75","120.40","121.00","119.50","7.97M","-1.20%"
"06-11-2019","121.20","120.60","122.25","120.45","7.41M","0.25%"
"05-11-2019","120.90","120.65","121.90","120.15","6.25M","-0.21%"
"04-11-2019","121.15","122.35","123.20","120.50","9.84M","-0.78%"
"01-11-2019","122.10","123.40","123.40","121.85","7.31M","-0.25%"
"31-10-2019","122.40","121.50","124.10","120.05","20.16M","1.32%"
"30-10-2019","120.80","120.45","121.50","118.60","29.18M","0.88%"
"29-10-2019","119.75","118.80","120.05","117.70","24.08M","0.88%"
"27-10-2019","118.70","118.60","118.85","118.55","580.80K","0.04%"
"25-10-2019","118.65","118.85","120.30","118.40","10.89M","-1.37%"
"24-10-2019","120.30","121.35","121.95","119.40","8.98M","-0.78%"
"23-10-2019","121.25","120.55","122.10","120.55","6.63M","-0.08%"
"22-10-2019","121.35","120.85","121.90","120.10","15.97M","0.25%"
"18-10-2019","121.05","118.80","121.80","118.75","18.36M","1.68%"
"17-10-2019","119.05","117.55","119.40","117.25","10.63M","0.89%"
"16-10-2019","118.00","118.95","120.20","117.20","11.75M","-1.30%"
"15-10-2019","119.55","118.15","120.00","117.85","9.56M","1.27%"
"14-10-2019","118.05","116.40","118.50","116.40","12.91M","1.03%"
"11-10-2019","116.85","118.50","118.75","116.05","11.32M","-0.47%"
"10-10-2019","117.40","116.65","117.60","116.55","6.55M","0.00%"
"09-10-2019","117.40","117.00","118.60","115.40","14.13M","1.25%"
"07-10-2019","115.95","117.25","117.90","114.85","19.85M","-1.49%"
"04-10-2019","117.70","117.20","120.70","116.75","33.20M","0.51%"
"03-10-2019","117.10","116.80","117.45","114.30","12.38M","-0.04%"
"01-10-2019","117.15","116.95","119.15","116.30","14.01M","-0.76%"
"30-09-2019","118.05","117.00","118.30","115.85","11.88M","0.81%"
"27-09-2019","117.10","118.60","119.50","116.60","15.92M","0.34%"
"26-09-2019","116.70","117.40","118.65","116.35","21.66M","-0.38%"
"25-09-2019","117.15","115.90","118.90","115.30","41.59M","1.34%"
"24-09-2019","115.60","116.85","117.10","114.40","36.23M","-0.77%"
"23-09-2019","116.50","121.00","121.15","115.55","21.84M","-2.92%"
"20-09-2019","120.00","120.65","125.15","118.40","49.32M","-1.32%"
"19-09-2019","121.60","122.90","122.90","120.10","10.41M","-0.78%"
"18-09-2019","122.55","122.05","122.95","120.00","10.76M","1.07%"
"17-09-2019","121.25","123.00","123.30","120.85","8.56M","-1.86%"
"16-09-2019","123.55","123.80","124.45","122.20","8.66M","-0.80%"
"13-09-2019","124.55","123.15","124.75","121.70","11.34M","1.51%"
"12-09-2019","122.70","124.10","124.85","122.00","15.59M","-1.72%"
"11-09-2019","124.85","126.00","127.85","124.20","14.50M","-1.19%"
"09-09-2019","126.35","127.00","127.95","125.55","8.49M","-0.55%"
"06-09-2019","127.05","123.10","127.70","123.10","16.99M","2.87%"
"05-09-2019","123.50","121.15","130.15","121.15","40.71M","2.96%"
"04-09-2019","119.95","118.35","120.40","117.10","10.96M","1.61%"
"03-09-2019","118.05","120.90","120.90","117.65","9.72M","-2.72%"
"30-08-2019","121.35","123.60","124.30","115.45","33.77M","-1.38%"
"29-08-2019","123.05","118.50","123.25","117.85","28.66M","2.71%"
"28-08-2019","119.80","123.45","124.45","119.35","39.38M","-2.72%"
"27-08-2019","123.15","119.90","125.35","119.90","42.16M","2.58%"
"26-08-2019","120.05","119.10","120.65","117.80","20.51M","1.35%"
"23-08-2019","118.45","114.70","118.80","113.95","13.59M","3.27%"
"22-08-2019","114.70","117.80","117.90","113.85","12.19M","-2.59%"
"21-08-2019","117.75","118.10","119.35","117.35","12.91M","-0.21%"
"20-08-2019","118.00","119.25","120.10","117.25","11.42M","-0.63%"
"19-08-2019","118.75","117.95","120.45","117.55","12.12M","0.55%"
"16-08-2019","118.10","116.60","119.30","116.45","10.14M","0.64%"
"14-08-2019","117.35","117.05","118.95","116.30","11.84M","0.26%"
"13-08-2019","117.05","122.70","122.70","115.15","31.61M","-3.74%"
"09-08-2019","121.60","122.05","124.25","121.20","14.03M","-0.65%"
"08-08-2019","122.40","120.45","122.70","119.95","10.47M","1.41%"
"07-08-2019","120.70","120.40","122.50","120.00","16.20M","-0.37%"
"06-08-2019","121.15","118.20","122.50","117.90","14.60M","1.81%"
"05-08-2019","119.00","120.50","121.45","118.40","15.36M","-1.98%"
"02-08-2019","121.40","123.75","124.75","120.55","22.94M","-2.96%"
"01-08-2019","125.10","124.15","125.60","123.35","10.94M","0.40%"
"31-07-2019","124.60","124.10","125.45","123.80","12.83M","-0.56%"
"30-07-2019","125.30","125.15","126.65","124.30","15.99M","-0.16%"
"29-07-2019","125.50","126.25","127.00","125.10","17.38M","-1.88%"
"26-07-2019","127.90","127.95","128.20","126.50","13.07M","-1.27%"
"25-07-2019","129.55","131.70","132.95","128.80","36.65M","-1.71%"
"24-07-2019","131.80","133.20","133.35","130.75","26.65M","-0.86%"
"23-07-2019","132.95","131.40","133.30","130.50","33.66M","1.53%"
"22-07-2019","130.95","129.40","132.40","127.65","40.74M","0.69%"
"19-07-2019","130.05","128.10","131.15","126.20","73.40M","2.36%"
"18-07-2019","127.05","131.45","131.45","126.25","43.14M","-1.55%"
"17-07-2019","129.05","131.45","131.80","128.80","19.94M","-1.04%"
"16-07-2019","130.40","128.00","130.65","127.90","15.35M","2.07%"
"15-07-2019","127.75","128.00","128.65","127.05","15.68M","0.04%"
"12-07-2019","127.70","129.40","131.90","126.70","28.56M","-0.78%"
"11-07-2019","128.70","129.45","130.25","128.40","9.80M","0.27%"
"10-07-2019","128.35","129.00","130.50","128.05","13.08M","-0.47%"
"09-07-2019","128.95","128.75","131.30","126.90","31.23M","-0.81%"
"08-07-2019","130.00","135.90","136.65","129.25","22.03M","-4.55%"
"05-07-2019","136.20","143.95","144.00","135.70","30.24M","-5.25%"
"04-07-2019","143.75","144.05","144.25","142.60","7.31M","0.21%"
"03-07-2019","143.45","143.40","144.65","143.10","8.18M","0.07%"
"02-07-2019","143.35","142.80","144.00","142.40","10.71M","0.70%"
"01-07-2019","142.35","142.65","146.30","138.15","49.46M","0.28%"
"28-06-2019","141.95","140.65","142.45","140.40","13.49M","1.18%"
"27-06-2019","140.30","140.90","142.00","139.25","23.11M","-0.07%"
"26-06-2019","140.40","140.25","142.00","139.40","36.03M","1.12%"
"25-06-2019","138.85","135.40","139.95","135.40","39.45M","2.17%"
"24-06-2019","135.90","135.30","136.10","134.45","8.94M","0.67%"
"21-06-2019","135.00","135.10","135.55","134.60","5.42M","-0.07%"
"20-06-2019","135.10","135.45","135.70","134.10","8.00M","0.04%"
"19-06-2019","135.05","133.30","135.60","133.00","8.60M","1.66%"
"18-06-2019","132.85","132.60","133.80","132.50","5.94M","0.04%"
"17-06-2019","132.80","133.40","134.30","131.70","7.87M","-0.41%"
"14-06-2019","133.35","134.75","135.70","133.05","8.49M","-1.30%"
"13-06-2019","135.10","134.80","135.90","133.75","5.74M","0.19%"
"12-06-2019","134.85","135.50","136.15","133.95","6.12M","-0.77%"
"11-06-2019","135.90","136.35","136.75","134.10","5.75M","0.33%"
"10-06-2019","135.45","135.60","137.40","134.80","7.19M","0.07%"
"07-06-2019","135.35","136.95","137.70","134.90","12.83M","-1.06%"
"06-06-2019","136.80","135.70","137.10","133.60","16.93M","0.92%"
"04-06-2019","135.55","134.00","137.10","134.00","10.13M","1.23%"
"03-06-2019","133.90","134.30","135.10","133.55","7.70M","0.07%"
"31-05-2019","133.80","136.05","136.55","132.70","13.25M","-0.93%"
"30-05-2019","135.05","131.60","135.45","131.60","22.28M","3.01%"
"29-05-2019","131.10","132.50","133.10","130.50","19.84M","-1.28%"
"28-05-2019","132.80","133.45","134.70","132.15","22.48M","-0.49%"
"27-05-2019","133.45","132.85","136.80","130.55","28.41M","3.01%"
"24-05-2019","129.55","130.20","131.05","128.65","12.94M","-0.23%"
"23-05-2019","129.85","130.45","133.40","129.40","13.79M","0.12%"
"22-05-2019","129.70","127.15","130.50","127.00","8.73M","0.78%"
"21-05-2019","128.70","130.25","130.25","128.10","6.55M","-0.89%"
"20-05-2019","129.85","128.35","130.65","126.30","13.92M","3.30%"
"17-05-2019","125.70","125.20","126.55","124.50","9.08M","-0.16%"
"16-05-2019","125.90","124.40","126.35","123.55","8.56M","1.45%"
"15-05-2019","124.10","126.75","126.75","123.20","10.89M","-1.35%"
"14-05-2019","125.80","123.90","126.80","122.95","11.09M","1.53%"
"13-05-2019","123.90","127.70","127.70","123.45","17.72M","-3.05%"
"10-05-2019","127.80","128.45","129.65","127.10","12.00M","-0.58%"
"09-05-2019","128.55","131.15","131.50","127.25","13.27M","-2.43%"
"08-05-2019","131.75","134.15","134.80","131.20","8.46M","-2.15%"
"07-05-2019","134.65","135.65","136.70","134.25","9.53M","-0.70%"
"06-05-2019","135.60","135.35","136.35","134.60","11.13M","-0.51%"
"03-05-2019","136.30","134.00","137.35","133.90","10.49M","1.56%"
"02-05-2019","134.20","132.95","134.95","132.95","8.30M","-0.22%"
"30-04-2019","134.50","135.55","135.75","132.25","10.56M","-0.44%"
"26-04-2019","135.10","134.80","136.20","134.55","8.90M","1.50%"
"25-04-2019","133.10","134.25","135.35","132.60","27.35M","-0.93%"
"24-04-2019","134.35","134.00","134.60","132.55","25.73M","0.22%"
"23-04-2019","134.05","135.60","136.00","133.70","31.02M","-1.69%"
"22-04-2019","136.35","135.45","136.50","134.95","14.38M","0.29%"
"18-04-2019","135.95","138.25","138.35","135.70","7.43M","-1.70%"
"16-04-2019","138.30","137.90","138.50","137.20","12.07M","0.69%"
"15-04-2019","137.35","136.95","138.80","136.25","14.98M","0.33%"
"12-04-2019","136.90","136.60","137.45","136.00","10.96M","0.15%"
"11-04-2019","136.70","135.90","137.05","135.30","9.82M","0.77%"
"10-04-2019","135.65","137.00","138.00","135.40","13.44M","-1.02%"
"09-04-2019","137.05","136.50","137.40","135.95","8.43M","0.44%"
"08-04-2019","136.45","136.15","137.75","135.55","19.02M","0.40%"
"05-04-2019","135.90","136.20","137.50","135.40","8.36M","-0.44%"
"04-04-2019","136.50","135.65","137.70","135.45","12.30M","0.40%"
"03-04-2019","135.95","136.20","138.45","135.00","14.34M","-0.11%"
"02-04-2019","136.10","137.00","137.65","135.15","13.51M","-0.07%"
"01-04-2019","136.20","136.65","138.45","134.60","28.10M","0.44%"
"29-03-2019","135.60","137.35","141.45","134.00","40.26M","-0.15%"
"28-03-2019","135.80","138.10","138.15","135.40","48.31M","-0.88%"
"27-03-2019","137.00","139.10","140.40","136.45","38.32M","-2.21%"
"26-03-2019","140.10","137.50","141.00","136.25","52.28M","3.32%"
"25-03-2019","135.60","134.30","137.80","133.55","47.56M","1.99%"
"22-03-2019","132.95","129.00","133.95","128.60","82.52M","3.83%"
"20-03-2019","128.05","133.05","134.20","126.30","57.54M","-3.69%"
"19-03-2019","132.95","132.70","136.15","129.30","39.05M","-14.88%"
"18-03-2019","156.20","154.50","158.20","153.35","27.22M","0.77%"
"15-03-2019","155.00","152.95","156.00","150.10","21.05M","1.87%"
"14-03-2019","152.15","147.45","152.75","146.65","14.90M","3.19%"
"13-03-2019","147.45","150.45","150.50","143.00","40.26M","-2.45%"
"12-03-2019","151.15","150.00","155.15","149.55","36.49M","0.70%"
"11-03-2019","150.10","149.95","157.10","146.10","35.04M","0.98%"
"08-03-2019","148.65","147.05","150.30","144.55","44.86M","1.88%"
"07-03-2019","145.90","149.15","150.45","145.25","11.80M","-2.05%"
"06-03-2019","148.95","147.50","149.30","146.65","9.08M","1.26%"
"05-03-2019","147.10","143.30","147.60","143.30","12.68M","2.40%"
"01-03-2019","143.65","140.30","144.30","140.30","6.59M","1.66%"
"28-02-2019","141.30","139.25","141.75","138.40","18.56M","1.65%"
"27-02-2019","139.00","139.50","143.05","138.00","45.77M","-1.07%"
"26-02-2019","140.50","138.55","141.10","136.65","25.08M","0.07%"
"25-02-2019","140.40","142.70","142.70","136.60","28.90M","0.72%"
"22-02-2019","139.40","135.30","139.75","135.00","12.54M","2.35%"
"21-02-2019","136.20","137.10","138.05","135.20","8.00M","-0.55%"
"20-02-2019","136.95","134.85","137.60","132.15","12.18M","2.70%"
"19-02-2019","133.35","135.50","137.10","132.60","16.80M","-2.56%"
"18-02-2019","136.85","134.10","140.20","134.10","15.04M","0.63%"
"15-02-2019","136.00","132.10","137.40","132.05","33.34M","4.21%"
"14-02-2019","130.50","132.45","132.50","127.75","56.32M","-0.34%"
"13-02-2019","130.95","131.40","133.20","127.85","20.96M","-1.10%"
"12-02-2019","132.40","129.65","132.90","129.65","17.60M","1.77%"
"11-02-2019","130.10","130.45","131.20","127.00","20.22M","-1.10%"
"08-02-2019","131.55","134.55","137.15","130.90","12.36M","-3.27%"
"07-02-2019","136.00","136.70","137.90","135.60","6.78M","-0.66%"
"06-02-2019","136.90","135.15","137.75","135.10","8.92M","1.75%"
"05-02-2019","134.55","133.10","135.10","133.05","10.00M","0.37%"
"04-02-2019","134.05","136.55","137.10","133.50","9.15M","-2.22%"
"01-02-2019","137.10","137.45","137.65","135.80","8.69M","-1.83%"
"31-01-2019","139.65","141.95","141.95","138.10","14.26M","0.61%"
"30-01-2019","138.80","139.05","140.55","138.25","16.02M","-0.07%"
"29-01-2019","138.90","140.30","140.30","137.70","12.62M","0.14%"
"28-01-2019","138.70","138.60","139.45","137.00","7.78M","0.18%"
"25-01-2019","138.45","141.05","142.25","138.20","7.65M","-1.39%"
"24-01-2019","140.40","141.70","142.20","139.55","5.57M","-0.50%"
"23-01-2019","141.10","142.80","143.65","140.75","6.37M","-1.23%"
"22-01-2019","142.85","143.10","143.80","142.30","7.67M","-0.70%"
"21-01-2019","143.85","145.75","146.50","143.15","15.49M","-0.59%"
"18-01-2019","144.70","145.60","146.65","144.45","4.87M","-0.41%"
"17-01-2019","145.30","146.80","147.45","144.70","7.47M","-0.75%"
"16-01-2019","146.40","145.60","148.40","145.60","6.76M","0.17%"
"15-01-2019","146.15","145.95","146.40","144.70","6.12M","0.41%"
"14-01-2019","145.55","146.90","147.10","145.25","5.45M","-1.32%"
"11-01-2019","147.50","147.80","149.70","146.95","9.56M","-0.14%"
"10-01-2019","147.70","148.85","149.20","146.85","12.54M","0.78%"
"09-01-2019","146.55","147.05","148.40","145.25","5.26M","-0.48%"
"08-01-2019","147.25","147.55","148.90","146.10","9.71M","-0.24%"
"07-01-2019","147.60","146.10","148.55","146.10","7.82M","1.44%"
"04-01-2019","145.50","143.80","145.75","142.90","8.92M","1.46%"
"03-01-2019","143.40","145.25","146.15","142.85","8.85M","-1.44%"
"02-01-2019","145.50","147.20","147.20","144.80","7.76M","-1.12%"
"01-01-2019","147.15","145.85","147.40","145.40","4.22M","0.62%"
"31-12-2018","146.25","145.20","146.80","145.15","5.98M","0.27%"
"28-12-2018","145.85","146.25","146.75","144.80","13.26M","-1.78%"
"27-12-2018","148.50","146.70","149.50","144.35","23.70M","1.82%"
"26-12-2018","145.85","146.30","148.45","144.25","24.66M","-0.51%"
"24-12-2018","146.60","151.20","151.20","145.50","22.37M","-2.40%"
"21-12-2018","150.20","149.80","150.95","148.65","18.29M","0.54%"
"20-12-2018","149.40","148.50","149.85","146.75","16.13M","-0.10%"
"19-12-2018","149.55","147.75","149.85","147.60","9.39M","1.12%"
"18-12-2018","147.90","145.45","148.45","145.10","14.52M","1.30%"
"17-12-2018","146.00","149.75","151.25","144.90","26.86M","1.60%"
"14-12-2018","143.70","141.05","144.25","140.15","16.24M","1.55%"
"13-12-2018","141.50","141.85","142.35","140.40","12.96M","0.11%"
"12-12-2018","141.35","137.60","141.80","137.60","10.83M","2.39%"
"11-12-2018","138.05","134.50","138.50","134.50","11.23M","0.84%"
"10-12-2018","136.90","136.35","139.80","135.35","28.90M","-0.98%"
"07-12-2018","138.25","139.00","140.35","136.90","19.20M","-0.50%"
"06-12-2018","138.95","138.80","141.50","137.75","20.16M","-1.03%"
"05-12-2018","140.40","141.45","143.65","138.40","14.88M","-1.37%"
"04-12-2018","142.35","142.00","142.80","141.25","12.20M","-0.21%"
"03-12-2018","142.65","138.80","143.40","138.75","22.64M","2.66%"
"30-11-2018","138.95","139.90","142.50","136.80","55.52M","-2.32%"
"29-11-2018","142.25","144.00","145.80","140.80","25.49M","-0.94%"
"28-11-2018","143.60","146.45","147.60","142.30","26.42M","-1.74%"
"27-11-2018","146.15","144.15","147.25","143.35","18.66M","0.76%"
"26-11-2018","145.05","146.90","146.90","141.95","20.64M","-0.82%"
"22-11-2018","146.25","147.45","148.55","145.90","7.08M","-1.02%"
"21-11-2018","147.75","147.80","149.70","147.25","16.68M","-0.81%"
"20-11-2018","148.95","152.90","152.95","148.50","12.78M","-2.36%"
"19-11-2018","152.55","154.75","154.75","151.75","9.40M","-0.91%"
"16-11-2018","153.95","153.90","155.50","152.90","6.93M","-0.16%"
"15-11-2018","154.20","157.25","159.10","153.90","10.48M","-2.03%"
"14-11-2018","157.40","157.10","160.55","156.30","9.76M","0.45%"
"13-11-2018","156.70","152.95","157.80","152.75","13.19M","2.42%"
"12-11-2018","153.00","155.40","155.70","152.75","7.69M","-1.32%"
"09-11-2018","155.05","155.80","155.80","154.15","6.25M","-0.13%"
"07-11-2018","155.25","155.35","155.50","154.95","584.00K","0.36%"
"06-11-2018","154.70","153.75","155.20","152.55","10.07M","0.36%"
"05-11-2018","154.15","158.00","158.00","152.35","21.84M","-2.96%"
"02-11-2018","158.85","157.85","160.15","156.40","21.83M","0.73%"
"01-11-2018","157.70","159.70","159.70","156.70","6.14M","-1.04%"
"31-10-2018","159.35","160.30","160.30","155.75","7.50M","-0.06%"
"30-10-2018","159.45","158.95","160.75","157.30","8.42M","0.25%"
"29-10-2018","159.05","160.20","160.45","157.10","11.36M","-0.13%"
"26-10-2018","159.25","160.20","160.35","155.40","14.34M","-1.76%"
"25-10-2018","162.10","162.85","165.15","158.45","39.34M","-1.07%"
"24-10-2018","163.85","166.05","167.20","160.25","23.36M","-0.97%"
"23-10-2018","165.45","163.65","166.40","163.05","17.68M","0.06%"
"22-10-2018","165.35","163.10","168.40","162.55","13.62M","1.79%"
"19-10-2018","162.45","163.20","165.75","160.75","8.92M","-0.55%"
"17-10-2018","163.35","165.35","166.10","162.75","9.06M","-0.73%"
"16-10-2018","164.55","164.85","165.30","162.50","6.23M","-0.30%"
"15-10-2018","165.05","166.15","166.15","164.05","5.13M","0.03%"
"12-10-2018","165.00","164.95","166.05","163.70","6.10M","0.67%"
"11-10-2018","163.90","162.90","165.85","161.85","7.70M","-0.61%"
"10-10-2018","164.90","162.05","166.85","161.80","6.33M","1.63%"
"09-10-2018","162.25","164.00","165.85","161.65","7.51M","-1.16%"
"08-10-2018","164.15","162.20","165.30","160.25","9.10M","0.31%"
"05-10-2018","163.65","168.70","168.90","161.60","13.84M","-2.47%"
"04-10-2018","167.80","167.75","169.40","165.35","9.40M","-0.15%"
"03-10-2018","168.05","168.50","170.00","166.75","6.26M","-1.44%"
"01-10-2018","170.50","167.55","171.20","167.00","5.33M","1.88%"
"28-09-2018","167.35","168.75","170.55","166.65","8.88M","-0.39%"
"27-09-2018","168.00","168.10","170.20","166.70","11.46M","-0.15%"
"26-09-2018","168.25","170.75","171.55","166.45","21.72M","-1.29%"
"25-09-2018","170.45","168.15","170.90","164.95","15.70M","1.10%"
"24-09-2018","168.60","168.15","171.60","166.45","16.03M","-0.15%"
"21-09-2018","168.85","170.50","174.45","167.55","13.79M","-0.65%"
"19-09-2018","169.95","170.65","172.35","168.50","8.97M","-0.26%"
"18-09-2018","170.40","173.95","174.40","169.55","7.66M","-1.42%"
"17-09-2018","172.85","174.70","174.70","171.30","6.55M","-1.03%"
"14-09-2018","174.65","170.90","175.25","170.90","9.16M","2.49%"
"12-09-2018","170.40","167.60","171.45","167.40","9.34M","0.44%"
"11-09-2018","169.65","168.65","171.85","168.65","6.97M","0.06%"
"10-09-2018","169.55","168.05","171.00","167.85","6.53M","-0.09%"
"07-09-2018","169.70","167.95","170.05","165.85","9.15M","0.50%"
"06-09-2018","168.85","166.40","170.95","166.00","9.26M","1.59%"
"05-09-2018","166.20","167.00","168.50","164.90","6.91M","-0.27%"
"04-09-2018","166.65","167.50","169.15","166.20","5.44M","-0.69%"
"03-09-2018","167.80","175.80","175.80","166.40","7.19M","-0.97%"
"31-08-2018","169.45","167.25","170.55","167.25","10.12M","0.00%"
"30-08-2018","169.45","166.05","169.95","166.00","11.72M","1.62%"
"29-08-2018","166.75","167.60","169.85","166.30","18.89M","-1.27%"
"28-08-2018","168.90","167.00","175.10","166.65","26.13M","1.35%"
"27-08-2018","166.65","163.60","167.00","163.00","7.69M","1.18%"
"24-08-2018","164.70","163.70","167.15","163.70","9.49M","0.06%"
"23-08-2018","164.60","160.95","165.05","160.10","10.50M","2.40%"
"21-08-2018","160.75","159.50","161.50","157.70","6.93M","1.29%"
"20-08-2018","158.70","157.90","159.45","157.85","3.78M","0.70%"
"17-08-2018","157.60","159.35","160.05","157.50","7.19M","-0.57%"
"16-08-2018","158.50","157.45","158.85","156.70","3.14M","0.76%"
"14-08-2018","157.30","157.00","158.40","156.70","2.57M","-0.32%"
"13-08-2018","157.80","157.45","159.20","156.05","4.67M","-0.72%"
"10-08-2018","158.95","160.45","160.55","158.20","4.66M","-0.84%"
"09-08-2018","160.30","158.00","160.65","157.10","9.14M","1.10%"
"08-08-2018","158.55","159.25","160.35","158.10","5.19M","-0.75%"
"07-08-2018","159.75","157.30","160.85","156.70","7.68M","1.49%"
"06-08-2018","157.40","157.95","158.65","156.75","3.77M","-0.03%"
"03-08-2018","157.45","156.00","157.90","156.00","3.92M","0.67%"
"02-08-2018","156.40","155.70","156.70","155.10","4.62M","0.19%"
"01-08-2018","156.10","156.00","156.50","153.60","4.92M","0.26%"
"31-07-2018","155.70","156.80","159.55","155.10","6.21M","-0.73%"
"30-07-2018","156.85","157.80","157.80","154.80","6.36M","0.84%"
"27-07-2018","155.55","154.20","155.80","152.75","5.68M","1.47%"
"26-07-2018","153.30","151.30","153.65","149.75","15.10M","1.39%"
"25-07-2018","151.20","155.95","156.75","150.05","16.62M","-3.76%"
"24-07-2018","157.10","158.35","158.90","156.25","14.98M","-0.63%"
"23-07-2018","158.10","154.95","159.45","154.95","16.68M","1.48%"
"20-07-2018","155.80","154.05","156.00","154.05","5.20M","0.84%"
"19-07-2018","154.50","154.50","155.75","154.10","5.69M","-0.42%"
"18-07-2018","155.15","156.00","156.45","153.40","5.20M","-0.32%"
"17-07-2018","155.65","154.55","156.40","153.45","5.50M","0.06%"
"16-07-2018","155.55","153.45","156.85","153.05","5.46M","1.47%"
"13-07-2018","153.30","154.00","155.65","152.05","5.36M","-0.65%"
"12-07-2018","154.30","154.10","154.85","152.80","4.14M","0.75%"
"11-07-2018","153.15","154.05","154.15","152.30","4.01M","-0.91%"
"10-07-2018","154.55","153.30","154.85","152.10","6.22M","1.74%"
"09-07-2018","151.90","151.55","152.60","150.95","5.92M","0.56%"
"06-07-2018","151.05","153.10","153.35","150.70","7.88M","-1.21%"
"05-07-2018","152.90","153.70","154.15","152.50","6.15M","-0.49%"
"04-07-2018","153.65","155.50","156.75","153.35","5.42M","-1.51%"
"03-07-2018","156.00","154.95","156.35","152.35","7.29M","1.07%"
"02-07-2018","154.35","156.50","157.35","151.70","15.24M","-1.97%"
"29-06-2018","157.45","154.25","158.10","153.00","10.72M","0.86%"
"28-06-2018","156.10","152.50","156.90","149.40","23.40M","1.89%"
"27-06-2018","153.20","155.25","155.25","151.25","25.26M","-1.42%"
"26-06-2018","155.40","152.90","156.00","152.70","21.00M","0.62%"
"25-06-2018","154.45","156.50","157.25","153.25","13.12M","-1.84%"
"22-06-2018","157.35","155.25","158.00","154.05","9.76M","1.42%"
"21-06-2018","155.15","157.35","157.50","154.95","7.88M","-1.43%"
"20-06-2018","157.40","156.80","157.85","156.30","6.98M","0.41%"
"19-06-2018","156.75","157.05","157.10","154.60","6.94M","-0.25%"
"18-06-2018","157.15","156.55","157.95","156.30","4.80M","0.32%"
"15-06-2018","156.65","157.10","158.85","155.30","11.60M","-1.38%"
"14-06-2018","158.85","160.55","160.55","158.50","6.10M","-1.24%"
"13-06-2018","160.85","161.55","162.85","160.55","7.81M","-0.65%"
"12-06-2018","161.90","162.25","162.85","161.25","3.18M","-0.15%"
"11-06-2018","162.15","161.55","162.70","161.55","4.20M","0.12%"
"08-06-2018","161.95","162.80","162.80","161.30","4.12M","-0.55%"
"07-06-2018","162.85","162.90","163.50","162.55","4.72M","0.03%"
"06-06-2018","162.80","161.55","163.10","160.65","5.08M","0.84%"
"05-06-2018","161.45","162.30","162.60","160.20","5.48M","-0.52%"
"04-06-2018","162.30","164.90","165.50","161.95","6.08M","-1.46%"
"01-06-2018","164.70","167.50","167.70","164.50","6.74M","-1.35%"
"31-05-2018","166.95","166.30","167.75","164.10","29.47M","0.75%"
"30-05-2018","165.70","164.90","168.40","164.55","11.27M","-0.33%"
"29-05-2018","166.25","167.85","169.50","165.10","11.24M","-1.13%"
"28-05-2018","168.15","166.25","170.20","165.60","17.82M","1.45%"
"25-05-2018","165.75","166.00","168.20","165.50","6.72M","0.12%"
"24-05-2018","165.55","168.25","168.25","164.80","3.68M","-0.81%"
"23-05-2018","166.90","166.65","168.35","165.20","4.15M","0.63%"
"22-05-2018","165.85","165.95","168.35","165.50","4.56M","0.39%"
"21-05-2018","165.20","166.85","167.75","163.45","5.85M","-0.93%"
"18-05-2018","166.75","167.65","168.75","166.15","5.36M","-0.71%"
"17-05-2018","167.95","170.50","171.20","167.50","5.67M","-1.55%"
"16-05-2018","170.60","170.70","172.35","169.10","3.85M","-0.20%"
"15-05-2018","170.95","172.05","174.55","170.40","8.28M","-0.96%"
"14-05-2018","172.60","168.55","173.75","166.85","12.95M","2.52%"
"11-05-2018","168.35","169.15","170.90","167.80","6.00M","-0.50%"
"10-05-2018","169.20","171.50","171.50","168.60","5.68M","-1.28%"
"09-05-2018","171.40","171.35","173.10","171.10","4.72M","-0.49%"
"08-05-2018","172.25","172.80","172.80","171.25","3.89M","0.29%"
"07-05-2018","171.75","172.20","173.00","171.10","3.84M","-0.17%"
"04-05-2018","172.05","174.25","174.90","171.75","4.76M","-1.77%"
"03-05-2018","175.15","171.55","176.50","171.00","5.92M","2.19%"
"02-05-2018","171.40","172.20","173.40","171.00","2.88M","-1.12%"
"30-04-2018","173.35","171.40","173.65","170.80","3.72M","0.93%"
"27-04-2018","171.75","173.35","173.35","170.20","8.95M","-0.26%"
"26-04-2018","172.20","172.75","173.45","169.40","13.20M","0.20%"
"25-04-2018","171.85","172.85","172.85","169.70","17.63M","-0.95%"
"24-04-2018","173.50","177.90","177.90","172.55","15.52M","-0.29%"
"23-04-2018","174.00","174.35","175.65","173.55","7.06M","-0.54%"
"20-04-2018","174.95","177.65","178.00","173.70","5.45M","-1.58%"
"19-04-2018","177.75","180.30","180.30","177.05","3.54M","-0.31%"
"18-04-2018","178.30","176.25","179.40","176.10","8.82M","0.88%"
"17-04-2018","176.75","174.10","178.00","174.10","11.64M","1.61%"
"16-04-2018","173.95","169.90","174.35","169.90","6.29M","1.90%"
"13-04-2018","170.70","170.10","171.25","168.85","5.03M","0.74%"
"12-04-2018","169.45","168.50","169.65","167.35","5.44M","0.41%"
"11-04-2018","168.75","169.45","170.00","168.00","4.63M","-0.03%"
"10-04-2018","168.80","169.20","170.40","168.60","4.30M","-0.35%"
"09-04-2018","169.40","168.05","170.40","168.05","3.09M","0.03%"
"06-04-2018","169.35","168.15","169.65","167.40","4.08M","0.18%"
"05-04-2018","169.05","166.85","169.65","166.85","6.06M","1.53%"
"04-04-2018","166.50","169.50","169.65","165.80","9.48M","-1.80%"
"03-04-2018","169.55","170.60","171.00","169.00","5.84M","-0.70%"
"02-04-2018","170.75","169.55","171.20","168.35","5.02M","0.77%"
"28-03-2018","169.45","170.00","170.00","166.40","12.32M","-0.64%"
"27-03-2018","170.55","170.15","170.85","168.50","15.79M","0.24%"
"26-03-2018","170.15","169.40","171.15","168.90","12.33M","0.38%"
"23-03-2018","169.50","168.80","171.20","168.55","10.26M","-0.50%"
"22-03-2018","170.35","169.35","170.65","168.60","6.01M","0.26%"
"21-03-2018","169.90","166.50","170.70","165.60","8.12M","2.04%"
"20-03-2018","166.50","166.10","167.10","165.00","4.48M","-0.30%"
"19-03-2018","167.00","165.05","167.70","164.00","6.44M","0.88%"
"16-03-2018","165.55","168.45","168.70","164.25","9.18M","-2.33%"
"15-03-2018","169.50","169.10","169.80","167.80","5.27M","-0.21%"
"14-03-2018","169.85","169.05","170.25","168.50","4.57M","0.18%"
"13-03-2018","169.55","169.10","170.65","167.35","6.95M","-0.24%"
"12-03-2018","169.95","164.65","170.90","163.85","8.46M","3.79%"
"09-03-2018","163.75","163.55","164.20","162.50","7.10M","-0.46%"
"08-03-2018","164.50","163.35","165.20","161.50","7.78M","0.98%"
"07-03-2018","162.90","162.05","164.10","161.90","4.35M","0.12%"
"06-03-2018","162.70","163.00","164.45","162.05","6.66M","-0.03%"
"05-03-2018","162.75","162.85","163.45","160.25","4.98M","-0.09%"
"01-03-2018","162.90","163.25","163.95","162.20","5.04M","-0.49%"
"28-02-2018","163.70","164.10","164.90","163.20","5.00M","-1.03%"
"27-02-2018","165.40","164.35","165.85","163.00","6.61M","1.13%"
"26-02-2018","163.55","162.75","163.95","162.20","4.36M","0.28%"
"23-02-2018","163.10","161.45","163.70","161.00","5.42M","1.53%"
"22-02-2018","160.65","162.25","162.50","160.10","16.17M","-1.02%"
"21-02-2018","162.30","164.05","164.05","161.65","13.49M","-0.79%"
"20-02-2018","163.60","162.40","164.30","161.85","11.25M","0.58%"
"19-02-2018","162.65","162.50","163.60","161.50","5.90M","-0.03%"
"16-02-2018","162.70","163.45","164.00","162.10","5.34M","-0.25%"
"15-02-2018","163.10","162.70","164.45","162.50","5.98M","-0.06%"
"14-02-2018","163.20","165.75","165.80","162.60","5.04M","-0.79%"
"12-02-2018","164.50","162.95","165.10","162.20","5.96M","0.80%"
"09-02-2018","163.20","161.60","163.80","160.35","7.95M","-0.21%"
"08-02-2018","163.55","163.45","165.60","163.15","9.48M","-0.94%"
"07-02-2018","165.10","163.75","166.10","159.25","16.65M","1.44%"
"06-02-2018","162.75","157.30","163.20","157.30","7.98M","-0.55%"
"05-02-2018","163.65","160.25","164.70","158.65","7.01M","0.71%"
"02-02-2018","162.50","165.45","165.70","161.70","8.29M","-2.49%"
"01-02-2018","166.65","167.15","167.60","162.90","8.97M","-1.04%"
"31-01-2018","168.40","168.10","168.85","166.80","9.46M","-0.09%"
"30-01-2018","168.55","169.00","170.40","168.20","6.48M","-0.38%"
"29-01-2018","169.20","170.20","170.50","168.70","4.56M","-1.60%"
"25-01-2018","171.95","174.70","175.45","171.40","17.24M","-1.12%"
"24-01-2018","173.90","172.65","174.40","171.90","12.94M","0.49%"
"23-01-2018","173.05","172.40","175.55","172.00","15.52M","0.35%"
"22-01-2018","172.45","172.00","172.90","171.50","5.48M","-0.12%"
"19-01-2018","172.65","171.40","173.00","170.40","7.73M","0.55%"
"18-01-2018","171.70","173.50","174.30","171.20","7.17M","-1.12%"
"17-01-2018","173.65","172.30","174.00","170.35","8.96M","0.55%"
"16-01-2018","172.70","172.50","174.10","170.45","9.08M","0.26%"
"15-01-2018","172.25","172.55","175.25","171.60","8.69M","-0.29%"
"12-01-2018","172.75","173.85","174.50","172.40","5.76M","-0.60%"
"11-01-2018","173.80","174.05","175.20","173.10","5.60M","-0.32%"
"10-01-2018","174.35","176.10","177.00","173.90","6.57M","-1.39%"
"09-01-2018","176.80","177.70","178.55","176.50","6.02M","-0.59%"
"08-01-2018","177.85","177.70","178.95","177.30","6.10M","0.00%"
"05-01-2018","177.85","178.40","178.75","177.40","8.35M","-0.14%"
"04-01-2018","178.10","178.35","178.65","177.40","4.67M","0.08%"
"03-01-2018","177.95","180.45","180.90","177.50","7.58M","-0.75%"
"02-01-2018","179.30","178.15","179.65","177.30","8.93M","0.84%"
"01-01-2018","177.80","176.70","178.00","175.75","6.58M","0.42%"
"29-12-2017","177.05","176.95","177.95","176.25","6.77M","0.23%"
"28-12-2017","176.65","177.90","178.80","176.10","15.58M","-0.59%"
"27-12-2017","177.70","177.70","180.00","176.95","13.53M","-0.25%"
"26-12-2017","178.15","180.10","180.65","177.20","13.95M","-1.19%"
"22-12-2017","180.30","180.35","181.00","179.80","5.07M","0.08%"
"21-12-2017","180.15","179.30","180.50","178.60","4.92M","0.64%"
"20-12-2017","179.00","178.80","180.10","178.30","5.88M","-0.42%"
"19-12-2017","179.75","178.15","179.95","177.10","5.68M","1.01%"
"18-12-2017","177.95","176.10","178.50","174.30","6.98M","0.08%"
"15-12-2017","177.80","178.55","179.00","176.60","5.46M","0.08%"
"14-12-2017","177.65","177.00","178.10","174.20","6.22M","0.54%"
"13-12-2017","176.70","177.10","177.60","175.90","5.57M","0.03%"
"12-12-2017","176.65","178.00","178.40","175.80","5.47M","-1.34%"
"11-12-2017","179.05","182.15","182.50","178.60","4.48M","-0.89%"
"08-12-2017","180.65","178.70","181.25","178.50","7.22M","0.17%"
"07-12-2017","180.35","176.95","180.85","175.75","10.82M","2.44%"
"06-12-2017","176.05","177.85","178.30","175.40","6.43M","-1.07%"
"05-12-2017","177.95","179.80","179.80","177.05","7.55M","-1.44%"
"04-12-2017","180.55","182.75","182.75","180.25","5.98M","-0.69%"
"01-12-2017","181.80","183.95","184.50","181.15","8.07M","0.53%"
"30-11-2017","180.85","181.85","181.95","180.05","17.40M","-0.90%"
"29-11-2017","182.50","183.60","184.65","182.30","13.52M","-0.46%"
"28-11-2017","183.35","185.75","185.95","182.95","21.13M","-1.61%"
"27-11-2017","186.35","180.70","186.60","179.50","18.62M","3.04%"
"24-11-2017","180.85","180.20","181.60","179.35","5.38M","0.11%"
"23-11-2017","180.65","182.45","182.80","179.40","7.07M","-0.88%"
"22-11-2017","182.25","184.00","184.90","181.25","10.85M","-0.30%"
"21-11-2017","182.80","179.45","186.20","179.45","21.50M","1.36%"
"20-11-2017","180.35","178.00","181.10","177.25","10.13M","1.55%"
"17-11-2017","177.60","178.35","180.50","176.65","10.97M","0.14%"
"16-11-2017","177.35","174.65","178.40","173.95","8.44M","2.01%"
"15-11-2017","173.85","176.90","176.95","173.40","7.39M","-1.84%"
"14-11-2017","177.10","178.10","181.95","176.30","12.98M","-0.39%"
"13-11-2017","177.80","178.20","179.25","176.80","8.80M","0.37%"
"10-11-2017","177.15","178.55","178.70","176.10","5.35M","-0.92%"
"09-11-2017","178.80","177.70","180.25","177.45","5.02M","0.90%"
"08-11-2017","177.20","178.00","179.75","176.85","4.24M","-1.12%"
"07-11-2017","179.20","180.20","181.00","178.20","7.17M","-0.25%"
"06-11-2017","179.65","181.00","181.30","178.60","6.16M","-0.80%"
"03-11-2017","181.10","180.40","182.05","179.05","8.34M","0.11%"
"02-11-2017","180.90","177.80","181.35","177.00","8.54M","-0.14%"
"01-11-2017","181.15","180.25","184.35","179.60","6.72M","0.30%"
"31-10-2017","180.60","183.15","183.15","180.25","5.48M","-1.12%"
"30-10-2017","182.65","183.15","183.45","182.00","3.23M","-0.03%"
"27-10-2017","182.70","183.25","187.05","181.95","8.81M","-1.00%"
"26-10-2017","184.55","183.80","185.00","182.60","20.94M","0.87%"
"25-10-2017","182.95","182.65","184.75","182.15","12.08M","0.52%"
"24-10-2017","182.00","176.20","183.15","176.15","16.88M","2.85%"
"23-10-2017","176.95","175.75","177.50","173.80","7.81M","0.91%"
"19-10-2017","175.35","178.25","178.55","174.15","2.27M","-1.93%"
"18-10-2017","178.80","175.65","180.80","175.05","10.22M","1.56%"
"17-10-2017","176.05","176.20","177.25","174.10","5.78M","0.14%"
"16-10-2017","175.80","177.80","177.85","175.30","6.45M","-0.65%"
"13-10-2017","176.95","178.00","178.40","175.20","4.47M","-0.17%"
"12-10-2017","177.25","175.70","179.25","175.10","8.81M","1.14%"
"11-10-2017","175.25","176.00","177.00","174.70","6.72M","0.00%"
"10-10-2017","175.25","174.50","175.70","174.25","5.32M","0.46%"
"09-10-2017","174.45","175.00","177.35","174.15","10.00M","-0.74%"
"06-10-2017","175.75","171.00","178.10","171.00","19.73M","2.60%"
"05-10-2017","171.30","167.80","171.75","167.80","7.70M","1.90%"
"04-10-2017","168.10","167.60","169.20","166.50","6.41M","0.21%"
"03-10-2017","167.75","168.00","168.90","167.25","5.03M","0.39%"
"29-09-2017","167.10","166.70","168.00","165.50","5.36M","0.78%"
"28-09-2017","165.80","165.40","166.35","164.05","11.68M","0.42%"
"27-09-2017","165.10","166.60","167.40","164.75","13.70M","-0.96%"
"26-09-2017","166.70","166.75","167.10","164.30","7.56M","0.12%"
"25-09-2017","166.50","168.00","168.10","165.30","8.17M","0.12%"
"22-09-2017","166.30","167.50","168.10","165.10","5.17M","-1.01%"
"21-09-2017","168.00","167.65","168.30","167.15","4.17M","-0.06%"
"20-09-2017","168.10","169.15","169.40","167.00","6.12M","-0.47%"
"19-09-2017","168.90","169.00","169.50","167.15","4.30M","0.27%"
"18-09-2017","168.45","168.25","170.50","168.10","6.57M","0.42%"
"15-09-2017","167.75","167.00","168.60","167.00","4.57M","-0.83%"
"14-09-2017","169.15","169.80","170.25","168.70","4.42M","0.00%"
"13-09-2017","169.15","169.70","171.40","168.80","4.61M","-0.76%"
"12-09-2017","170.45","170.85","171.90","169.60","5.08M","-0.12%"
"11-09-2017","170.65","168.80","171.35","167.30","9.95M","1.67%"
"08-09-2017","167.85","169.85","170.40","167.30","4.64M","-1.50%"
"07-09-2017","170.40","168.55","170.95","168.00","5.68M","1.16%"
"06-09-2017","168.45","167.50","169.00","167.30","4.46M","0.39%"
"05-09-2017","167.80","166.75","168.00","166.15","4.14M","0.90%"
"04-09-2017","166.30","166.40","167.35","165.25","6.04M","-0.45%"
"01-09-2017","167.05","166.15","167.75","165.50","7.53M","-1.07%"
"31-08-2017","168.85","164.55","169.05","164.30","58.20M","0.99%"
"30-08-2017","167.20","166.90","170.80","166.05","39.16M","-0.36%"
"29-08-2017","167.80","167.90","168.50","166.50","40.60M","-3.15%"
"28-08-2017","173.25","170.55","173.85","170.50","6.63M","2.09%"
"24-08-2017","169.70","170.40","171.70","168.75","4.53M","-0.50%"
"23-08-2017","170.55","168.50","171.50","167.95","5.26M","1.31%"
"22-08-2017","168.35","172.90","174.00","167.85","7.92M","-2.32%"
"21-08-2017","172.35","174.75","175.45","172.05","5.64M","-0.98%"
"18-08-2017","174.05","177.10","178.20","173.15","10.36M","-1.47%"
"17-08-2017","176.65","170.80","177.35","169.25","14.85M","3.55%"
"16-08-2017","170.60","172.10","173.70","170.25","8.24M","-1.04%"
"14-08-2017","172.40","171.70","173.85","169.45","5.27M","1.59%"
"11-08-2017","169.70","171.80","173.65","168.20","7.56M","-2.13%"
"10-08-2017","173.40","173.60","174.50","170.25","7.53M","-0.34%"
"09-08-2017","174.00","171.55","175.85","171.10","6.06M","1.07%"
"08-08-2017","172.15","173.05","174.65","170.20","7.77M","-1.74%"
"07-08-2017","175.20","175.60","179.40","174.75","7.85M","-0.88%"
"04-08-2017","176.75","172.20","177.60","170.20","11.71M","2.76%"
"03-08-2017","172.00","171.75","173.85","169.55","9.38M","0.35%"
"02-08-2017","171.40","166.15","172.50","166.10","20.28M","3.47%"
"01-08-2017","165.65","164.95","166.00","164.00","5.28M","0.64%"
"31-07-2017","164.60","164.90","166.75","162.90","11.18M","0.15%"
"28-07-2017","164.35","166.30","166.30","162.80","6.47M","-0.60%"
"27-07-2017","165.35","167.00","167.00","160.60","10.55M","-0.72%"
"26-07-2017","166.55","165.10","167.00","164.30","13.46M","1.40%"
"25-07-2017","164.25","164.50","165.65","163.70","4.61M","-0.06%"
"24-07-2017","164.35","164.60","166.55","163.85","5.38M","-0.21%"
"21-07-2017","164.70","165.50","166.75","162.10","8.73M","-0.75%"
"20-07-2017","165.95","166.95","169.05","165.20","4.84M","-1.37%"
"19-07-2017","168.25","168.80","170.40","167.60","5.24M","0.36%"
"18-07-2017","167.65","167.90","172.30","166.60","8.80M","-0.56%"
"17-07-2017","168.60","168.05","169.00","167.50","5.49M","0.84%"
"14-07-2017","167.20","165.10","168.00","163.55","7.19M","1.86%"
"13-07-2017","164.15","165.40","166.30","163.05","5.47M","-0.06%"
"12-07-2017","164.25","163.50","164.50","163.00","4.13M","0.40%"
"11-07-2017","163.60","160.65","165.15","160.45","9.74M","1.74%"
"10-07-2017","160.80","161.10","161.60","159.15","4.29M","0.59%"
"07-07-2017","159.85","158.25","160.15","157.75","5.49M","0.98%"
"06-07-2017","158.30","159.10","159.10","157.40","4.22M","-0.81%"
"05-07-2017","159.60","158.75","160.30","158.45","3.52M","0.63%"
"04-07-2017","158.60","159.50","159.50","158.25","3.81M","0.86%"
"03-07-2017","157.25","159.55","159.70","156.10","7.56M","-1.32%"
"30-06-2017","159.35","158.55","159.60","157.80","4.24M","0.31%"
"29-06-2017","158.85","159.30","159.80","158.30","10.29M","-0.22%"
"28-06-2017","159.20","158.75","159.60","157.30","12.84M","0.89%"
"27-06-2017","157.80","158.30","158.30","155.30","9.20M","-0.28%"
"23-06-2017","158.25","159.15","160.75","157.70","5.49M","-0.57%"
"22-06-2017","159.15","160.50","161.00","158.80","3.53M","-0.69%"
"21-06-2017","160.25","160.05","160.50","158.20","3.68M","0.38%"
"20-06-2017","159.65","161.45","161.45","159.10","2.82M","-0.99%"
"19-06-2017","161.25","161.50","161.70","159.80","3.01M","0.31%"
"16-06-2017","160.75","159.90","161.30","159.60","3.46M","0.59%"
"15-06-2017","159.80","159.95","162.60","159.10","4.08M","-0.41%"
"14-06-2017","160.45","160.10","160.65","158.80","2.77M","0.22%"
"13-06-2017","160.10","158.30","160.35","158.30","4.84M","1.23%"
"12-06-2017","158.15","157.35","158.50","156.20","4.81M","0.00%"
"09-06-2017","158.15","158.75","159.95","157.00","6.51M","-0.22%"
"08-06-2017","158.50","158.15","158.75","157.40","3.16M","0.16%"
"07-06-2017","158.25","158.95","159.10","157.60","5.13M","-0.50%"
"06-06-2017","159.05","162.80","163.30","158.65","5.66M","-2.42%"
"05-06-2017","163.00","162.50","163.50","162.20","2.30M","-0.06%"
"02-06-2017","163.10","161.90","163.75","161.55","4.21M","1.08%"
"01-06-2017","161.35","161.00","162.05","160.25","3.23M","0.03%"
"31-05-2017","161.30","161.35","163.60","161.00","6.96M","-0.62%"
"30-05-2017","162.30","157.05","164.00","157.05","12.00M","3.31%"
"29-05-2017","157.10","156.45","158.15","153.85","16.61M","0.06%"
"26-05-2017","157.00","156.75","157.40","156.50","3.24M","0.45%"
"25-05-2017","156.30","156.20","157.50","154.70","13.94M","-0.03%"
"24-05-2017","156.35","157.20","158.50","155.50","12.92M","-0.32%"
"23-05-2017","156.85","158.40","158.40","155.40","8.96M","-0.73%"
"22-05-2017","158.00","159.10","160.00","157.00","9.12M","-0.69%"
"19-05-2017","159.10","159.25","160.75","158.20","7.11M","0.54%"
"18-05-2017","158.25","158.20","159.80","157.70","5.77M","-0.78%"
"17-05-2017","159.50","160.75","161.90","159.25","6.63M","-0.50%"
"16-05-2017","160.30","159.75","161.00","159.45","4.83M","0.25%"
"15-05-2017","159.90","159.80","160.20","158.25","4.30M","0.38%"
"12-05-2017","159.30","160.30","161.55","158.75","4.62M","-0.78%"
"11-05-2017","160.55","162.00","162.40","160.25","4.19M","-1.11%"
"10-05-2017","162.35","161.75","163.20","161.50","3.58M","0.22%"
"09-05-2017","162.00","161.30","162.30","160.60","3.84M","0.50%"
"08-05-2017","161.20","160.65","162.10","160.30","2.93M","0.47%"
"05-05-2017","160.45","162.65","162.85","160.25","3.31M","-1.56%"
"04-05-2017","163.00","163.40","163.85","162.60","3.74M","-0.09%"
"03-05-2017","163.15","163.65","165.30","162.55","5.50M","0.00%"
"02-05-2017","163.15","165.30","166.00","162.30","6.02M","-1.30%"
"28-04-2017","165.30","165.05","165.90","164.35","2.85M","0.52%"
"27-04-2017","164.45","165.05","166.30","163.85","11.13M","-0.54%"
"26-04-2017","165.35","166.05","166.50","164.45","11.99M","0.00%"
"25-04-2017","165.35","166.40","166.95","163.55","13.08M","-0.75%"
"24-04-2017","166.60","167.40","168.00","165.90","9.58M","-0.33%"
"21-04-2017","167.15","164.85","167.40","164.15","11.16M","1.77%"
"20-04-2017","164.25","165.15","165.30","163.70","4.30M","-0.73%"
"19-04-2017","165.45","161.90","166.10","160.95","9.79M","2.29%"
"18-04-2017","161.75","160.85","163.75","160.70","9.28M","0.97%"
"17-04-2017","160.20","164.75","164.80","159.15","11.88M","-2.85%"
"13-04-2017","164.90","166.10","166.10","164.35","4.58M","-0.21%"
"12-04-2017","165.25","168.35","168.65","164.60","6.77M","-1.49%"
"11-04-2017","167.75","166.85","168.45","163.90","14.13M","0.30%"
"10-04-2017","167.25","169.20","169.20","166.05","5.03M","-0.65%"
"07-04-2017","168.35","167.10","169.35","166.20","7.54M","0.33%"
"06-04-2017","167.80","166.45","168.10","165.65","5.44M","0.60%"
"05-04-2017","166.80","165.50","168.20","165.50","6.46M","0.82%"
"03-04-2017","165.45","166.10","167.75","164.90","5.87M","-0.51%"
"31-03-2017","166.30","164.20","166.80","164.10","5.24M","1.81%"
"30-03-2017","163.35","164.50","165.15","162.85","13.27M","-0.46%"
"29-03-2017","164.10","165.30","165.75","163.60","12.57M","-0.42%"
"28-03-2017","164.80","164.25","165.00","164.05","8.21M","0.61%"
"27-03-2017","163.80","163.25","164.70","162.90","9.25M","0.09%"
"24-03-2017","163.65","163.90","164.35","162.60","6.33M","0.18%"
"23-03-2017","163.35","161.35","163.80","161.10","9.34M","1.55%"
"22-03-2017","160.85","161.00","162.20","160.40","6.17M","-0.80%"
"21-03-2017","162.15","161.95","162.60","160.15","6.13M","0.34%"
"20-03-2017","161.60","160.00","162.10","159.65","7.02M","0.97%"
"17-03-2017","160.05","161.80","161.80","159.15","7.70M","-0.90%"
"16-03-2017","161.50","159.95","161.75","159.35","8.41M","1.64%"
"15-03-2017","158.90","158.65","160.45","158.60","5.28M","-0.56%"
"14-03-2017","159.80","160.20","161.45","158.40","9.24M","1.52%"
"10-03-2017","157.40","159.10","159.75","156.80","7.05M","-0.82%"
"09-03-2017","158.70","156.50","159.85","156.20","6.48M","0.47%"
"08-03-2017","157.95","158.75","159.25","157.10","5.89M","-0.19%"
"07-03-2017","158.25","159.85","160.35","158.00","7.08M","-0.60%"
"06-03-2017","159.20","156.90","159.60","156.70","9.89M","1.43%"
"03-03-2017","156.95","156.80","157.95","155.65","9.36M","0.03%"
"02-03-2017","156.90","161.65","161.85","156.25","14.86M","-2.55%"
"01-03-2017","161.00","164.45","165.05","160.30","11.42M","-1.74%"
"28-02-2017","163.85","166.30","166.30","163.40","6.60M","-1.15%"
"27-02-2017","165.75","167.15","167.15","164.20","7.11M","0.24%"
"23-02-2017","165.35","166.90","166.95","164.25","11.10M","-0.81%"
"22-02-2017","166.70","174.05","174.05","165.60","17.49M","-3.31%"
"21-02-2017","172.40","171.50","172.95","170.75","10.82M","0.29%"
"20-02-2017","171.90","170.65","172.50","169.60","11.29M","1.00%"
"17-02-2017","170.20","170.35","171.00","168.35","4.02M","-0.06%"
"16-02-2017","170.30","169.55","170.85","169.35","5.42M","0.71%"
"15-02-2017","169.10","168.65","170.60","168.50","6.04M","0.18%"
"14-02-2017","168.80","170.15","170.35","168.05","4.50M","-0.71%"
"13-02-2017","170.00","169.35","170.65","168.50","7.77M","0.95%"
"10-02-2017","168.40","167.95","169.35","166.55","6.36M","1.20%"
"09-02-2017","166.40","170.55","171.20","165.30","9.42M","-2.15%"
"08-02-2017","170.05","172.50","173.30","168.30","22.47M","-0.96%"
"07-02-2017","171.70","177.20","177.20","171.20","7.05M","-0.29%"
"06-02-2017","172.20","171.25","173.40","171.20","6.57M","0.88%"
"03-02-2017","170.70","171.65","172.70","170.20","4.54M","-0.41%"
"02-02-2017","171.40","171.05","174.25","170.25","10.83M","0.73%"
"01-02-2017","170.15","172.80","172.85","168.50","11.83M","-0.70%"
"31-01-2017","171.35","174.10","176.60","170.85","11.36M","-2.00%"
"30-01-2017","174.85","175.60","177.80","174.05","7.36M","-1.24%"
"27-01-2017","177.05","172.30","177.70","171.75","13.51M","3.24%"
"25-01-2017","171.50","172.50","173.50","171.00","10.08M","-0.52%"
"24-01-2017","172.40","171.15","174.20","170.75","14.78M","1.35%"
"23-01-2017","170.10","172.85","172.85","169.75","8.17M","-0.50%"
"20-01-2017","170.95","173.75","174.90","170.30","6.99M","-2.12%"
"19-01-2017","174.65","172.40","175.35","172.05","7.94M","0.84%"
"18-01-2017","173.20","175.75","176.20","172.15","9.78M","-1.51%"
"17-01-2017","175.85","172.10","176.45","170.40","14.26M","2.66%"
"16-01-2017","171.30","170.30","173.40","169.50","9.25M","-0.23%"
"13-01-2017","171.70","175.00","175.15","171.40","11.51M","-1.46%"
"12-01-2017","174.25","164.80","174.65","164.60","25.39M","5.80%"
"11-01-2017","164.70","163.00","164.90","162.30","5.00M","1.26%"
"10-01-2017","162.65","163.50","164.10","162.10","2.87M","-0.40%"
"09-01-2017","163.30","164.85","164.90","161.80","4.02M","-0.82%"
"06-01-2017","164.65","165.95","166.75","164.30","5.02M","-0.45%"
"05-01-2017","165.40","165.65","166.40","165.15","5.04M","0.09%"
"04-01-2017","165.25","165.85","167.60","164.80","5.13M","-0.12%"
"03-01-2017","165.45","165.15","166.30","164.30","4.29M","0.36%"
"02-01-2017","164.85","164.45","166.15","164.30","3.51M","0.52%"
"30-12-2016","164.00","163.00","165.10","163.00","3.65M","0.37%"
"29-12-2016","163.40","161.20","163.75","160.90","9.90M","1.74%"
"28-12-2016","160.60","160.40","162.05","159.75","6.41M","0.19%"
"27-12-2016","160.30","160.10","160.90","159.25","6.74M","0.31%"
"26-12-2016","159.80","160.05","161.65","159.10","5.78M","-0.87%"
"23-12-2016","161.20","159.15","161.75","158.30","6.92M","0.25%"
"22-12-2016","160.80","164.40","164.75","160.30","4.36M","-1.83%"
"21-12-2016","163.80","162.80","164.70","161.45","4.70M","1.08%"
"20-12-2016","162.05","162.10","162.60","160.75","4.22M","1.00%"
"19-12-2016","160.45","161.20","161.60","159.55","3.25M","0.03%"
"16-12-2016","160.40","160.85","162.40","159.95","6.46M","-0.28%"
"15-12-2016","160.85","163.85","164.95","160.45","7.79M","-1.92%"
"14-12-2016","164.00","165.80","166.40","163.50","4.79M","-0.43%"
"13-12-2016","164.70","165.70","166.05","163.55","4.19M","-0.48%"
"12-12-2016","165.50","164.20","168.05","163.95","7.99M","0.67%"
"09-12-2016","164.40","164.05","164.65","161.75","3.72M","0.67%"
"08-12-2016","163.30","164.20","165.80","162.15","5.11M","-0.12%"
"07-12-2016","163.50","164.25","166.20","163.00","5.68M","-0.21%"
"06-12-2016","163.85","164.10","166.35","163.30","5.80M","0.31%"
"05-12-2016","163.35","161.10","164.00","161.10","4.39M","0.68%"
"02-12-2016","162.25","161.95","163.60","160.30","4.40M","-0.22%"
"01-12-2016","162.60","164.40","165.40","162.05","4.40M","-0.91%"
"30-11-2016","164.10","164.15","164.95","162.45","4.72M","0.15%"
"29-11-2016","163.85","164.75","165.75","162.55","4.98M","-0.46%"
"28-11-2016","164.60","160.75","165.30","160.55","6.37M","1.92%"
"25-11-2016","161.50","158.05","162.35","156.20","7.94M","2.74%"
"24-11-2016","157.20","158.75","159.50","155.20","8.76M","-1.47%"
"23-11-2016","159.55","155.00","160.90","151.15","15.08M","3.47%"
"22-11-2016","154.20","155.80","155.80","151.40","7.06M","-0.74%"
"21-11-2016","155.35","159.60","160.15","155.00","8.09M","-2.30%"
"18-11-2016","159.00","152.65","159.80","152.25","12.27M","4.67%"
"17-11-2016","151.90","150.10","152.90","149.55","4.29M","1.06%"
"16-11-2016","150.30","151.30","151.75","149.65","3.38M","-0.33%"
"15-11-2016","150.80","152.35","152.80","149.65","4.49M","-0.95%"
"11-11-2016","152.25","154.00","154.70","151.40","4.84M","-2.06%"
"10-11-2016","155.45","155.55","156.90","154.55","5.36M","0.48%"
"09-11-2016","154.70","148.70","155.90","147.00","8.52M","-0.10%"
"08-11-2016","154.85","155.75","156.70","154.25","4.05M","-0.42%"
"07-11-2016","155.50","154.55","156.85","153.60","4.06M","0.94%"
"04-11-2016","154.05","154.30","155.85","153.55","4.24M","0.10%"
"03-11-2016","153.90","156.80","157.30","153.40","5.72M","-1.79%"
"02-11-2016","156.70","154.00","158.15","154.00","8.26M","0.90%"
"01-11-2016","155.30","151.65","156.80","150.95","8.74M","2.51%"
"30-10-2016","151.50","153.00","153.00","150.70","1.96M","-1.05%"
"28-10-2016","153.10","152.15","155.50","151.10","13.84M","0.89%"
"27-10-2016","151.75","151.20","152.60","150.30","12.55M","0.03%"
"26-10-2016","151.70","151.40","152.25","150.95","8.07M","-0.10%"
"25-10-2016","151.85","151.10","152.30","149.55","5.41M","0.20%"
"24-10-2016","151.55","150.45","151.95","149.90","5.29M","1.34%"
"21-10-2016","149.55","148.65","149.75","148.45","2.90M","0.23%"
"20-10-2016","149.20","149.00","149.85","148.60","3.88M","0.03%"
"19-10-2016","149.15","148.00","150.20","147.90","5.06M","0.67%"
"18-10-2016","148.15","148.30","148.85","147.50","4.58M","0.37%"
"17-10-2016","147.60","147.90","149.20","146.35","7.09M","1.44%"
"14-10-2016","145.50","145.00","145.80","144.05","4.46M","0.48%"
"13-10-2016","144.80","146.50","147.00","143.90","5.66M","-1.73%"
"10-10-2016","147.35","149.70","150.40","146.60","5.15M","-1.17%"
"07-10-2016","149.10","149.50","150.50","148.60","4.18M","-0.43%"
"06-10-2016","149.75","153.45","154.20","149.35","5.58M","-2.03%"
"05-10-2016","152.85","153.65","154.15","151.15","5.19M","0.10%"
"04-10-2016","152.70","152.25","153.20","151.05","3.49M","0.69%"
"03-10-2016","151.65","150.55","152.15","149.10","8.13M","1.78%"
"30-09-2016","149.00","145.95","152.45","145.95","6.90M","-0.50%"
"29-09-2016","149.75","153.05","153.85","148.25","13.46M","-2.12%"
"28-09-2016","153.00","153.80","153.80","152.20","9.27M","0.46%"
"27-09-2016","152.30","153.75","153.75","151.20","8.03M","-0.23%"
"26-09-2016","152.65","156.75","156.75","151.80","9.86M","-2.65%"
"23-09-2016","156.80","157.45","158.15","156.30","4.67M","-0.16%"
"22-09-2016","157.05","156.65","157.50","155.50","5.54M","1.52%"
"21-09-2016","154.70","154.85","155.60","154.00","4.49M","0.42%"
"20-09-2016","154.05","155.65","155.65","153.60","6.25M","-1.28%"
"19-09-2016","156.05","155.25","156.70","153.45","5.51M","1.40%"
"16-09-2016","153.90","158.00","158.00","153.15","8.44M","-0.16%"
"15-09-2016","154.15","158.05","158.05","153.10","3.65M","-1.28%"
"14-09-2016","156.15","153.00","156.75","152.85","5.89M","1.73%"
"12-09-2016","153.50","157.75","158.90","153.05","7.45M","-3.85%"
"09-09-2016","159.65","160.70","161.15","159.20","7.11M","-0.47%"
"08-09-2016","160.40","159.80","162.55","159.80","5.67M","0.12%"
"07-09-2016","160.20","162.45","162.65","159.50","6.17M","-1.23%"
"06-09-2016","162.20","159.80","162.50","159.35","7.77M","1.98%"
"02-09-2016","159.05","158.55","159.40","157.10","5.56M","0.63%"
"01-09-2016","158.05","158.45","159.85","157.50","6.21M","-0.47%"
"31-08-2016","158.80","161.05","161.10","158.10","8.25M","-1.52%"
"30-08-2016","161.25","159.55","161.80","158.30","6.31M","1.64%"
"29-08-2016","158.65","158.55","159.20","156.10","3.61M","0.76%"
"26-08-2016","157.45","158.55","159.30","156.80","4.72M","-0.73%"
"25-08-2016","158.60","160.15","161.45","158.20","10.17M","-1.89%"
"24-08-2016","161.65","159.85","163.30","159.35","10.76M","1.60%"
"23-08-2016","159.10","164.05","164.05","157.50","17.16M","-3.02%"
"22-08-2016","164.05","167.90","168.80","162.80","16.16M","-1.85%"
"19-08-2016","167.15","167.95","170.25","166.45","8.18M","-0.03%"
"18-08-2016","167.20","161.75","168.60","161.75","9.82M","3.53%"
"17-08-2016","161.50","161.30","162.55","160.45","3.08M","-0.28%"
"16-08-2016","161.95","161.15","162.60","160.10","4.66M","0.78%"
"12-08-2016","160.70","160.65","161.50","160.00","3.74M","0.50%"
"11-08-2016","159.90","159.10","160.25","157.70","4.06M","0.69%"
"10-08-2016","158.80","161.00","162.05","157.60","5.85M","-1.18%"
"09-08-2016","160.70","160.30","162.90","159.90","4.86M","0.03%"
"08-08-2016","160.65","162.05","162.70","159.65","3.83M","-0.56%"
"05-08-2016","161.55","160.60","162.15","159.85","4.13M","0.91%"
"04-08-2016","160.10","158.50","160.40","157.95","3.07M","1.43%"
"03-08-2016","157.85","159.50","160.05","157.25","4.26M","-1.41%"
"02-08-2016","160.10","161.10","161.75","159.45","3.19M","-0.22%"
"01-08-2016","160.45","160.20","161.10","158.30","4.48M","0.75%"
"29-07-2016","159.25","158.55","159.60","157.65","2.77M","0.16%"
"28-07-2016","159.00","159.00","160.00","156.50","8.78M","0.06%"
"27-07-2016","158.90","158.40","160.75","157.50","8.56M","0.38%"
"26-07-2016","158.30","157.75","159.00","157.65","10.26M","0.44%"
"25-07-2016","157.60","157.25","158.40","156.45","4.29M","0.38%"
"22-07-2016","157.00","155.10","157.55","155.10","2.60M","1.03%"
"21-07-2016","155.40","157.60","158.65","154.95","3.94M","-1.77%"
"20-07-2016","158.20","156.05","159.05","156.05","4.46M","0.93%"
"19-07-2016","156.75","155.25","156.95","155.20","3.55M","0.29%"
"18-07-2016","156.30","156.10","157.40","155.25","4.97M","-0.32%"
"15-07-2016","156.80","144.00","157.40","143.50","23.82M","-1.38%"
"14-07-2016","159.00","157.00","159.35","157.00","3.79M","0.82%"
"13-07-2016","157.70","158.90","158.90","156.90","4.06M","-0.50%"
"12-07-2016","158.50","158.25","159.60","158.00","3.59M","0.32%"
"11-07-2016","158.00","155.75","159.00","155.55","6.03M","2.46%"
"08-07-2016","154.20","152.60","154.80","151.40","4.73M","0.26%"
"07-07-2016","153.80","154.35","154.70","151.00","6.56M","0.13%"
"05-07-2016","153.60","154.90","155.25","153.35","7.74M","-1.82%"
"04-07-2016","156.45","156.60","158.60","155.15","5.27M","-0.57%"
"01-07-2016","157.35","156.25","158.30","155.70","5.59M","0.54%"
"30-06-2016","156.50","152.80","156.80","152.75","10.30M","2.79%"
"29-06-2016","152.25","148.50","152.60","148.50","11.73M","2.59%"
"28-06-2016","148.40","150.25","150.80","147.55","7.37M","-0.87%"
"27-06-2016","149.70","148.55","151.50","148.35","8.76M","0.13%"
"24-06-2016","149.50","146.70","150.05","143.50","6.44M","-0.13%"
"23-06-2016","149.70","149.50","150.40","146.85","9.31M","-1.96%"
"22-06-2016","152.70","152.05","153.70","150.85","4.73M","0.20%"
"21-06-2016","152.40","154.55","154.85","151.85","5.77M","-1.58%"
"20-06-2016","154.85","152.05","155.40","151.75","5.94M","1.24%"
"17-06-2016","152.95","153.55","153.75","151.80","4.97M","0.23%"
"16-06-2016","152.60","154.85","154.90","150.80","8.28M","-1.48%"
"15-06-2016","154.90","149.80","155.70","149.25","7.88M","3.96%"
"14-06-2016","149.00","148.20","149.85","147.80","5.12M","-0.30%"
"13-06-2016","149.45","149.60","151.15","148.60","4.15M","-1.52%"
"10-06-2016","151.75","151.35","153.10","150.25","6.92M","0.26%"
"09-06-2016","151.35","149.10","152.60","149.05","8.34M","1.68%"
"08-06-2016","148.85","148.70","150.00","147.55","4.94M","0.03%"
"07-06-2016","148.80","147.70","149.75","147.60","5.61M","0.71%"
"06-06-2016","147.75","148.45","148.85","147.00","3.62M","-0.34%"
"03-06-2016","148.25","146.25","149.35","145.80","7.66M","1.58%"
"02-06-2016","145.95","144.70","146.25","144.65","5.20M","0.52%"
"01-06-2016","145.20","143.55","145.65","142.25","7.24M","1.01%"
"31-05-2016","143.75","144.60","148.20","141.00","26.00M","-0.59%"
"30-05-2016","144.60","143.25","146.75","138.75","19.22M","2.44%"
"27-05-2016","141.15","142.00","142.20","140.30","4.25M","0.28%"
"26-05-2016","140.75","139.10","141.45","139.10","9.61M","-0.64%"
"25-05-2016","141.65","139.70","141.85","139.20","10.96M","2.24%"
"24-05-2016","138.55","136.30","140.00","136.30","9.34M","1.84%"
"23-05-2016","136.05","136.60","138.40","135.40","8.50M","-0.69%"
"20-05-2016","137.00","135.50","137.30","135.15","4.14M","1.07%"
"19-05-2016","135.55","136.25","136.45","133.95","5.92M","-0.77%"
"18-05-2016","136.60","137.20","138.20","136.25","3.92M","-0.73%"
"17-05-2016","137.60","141.50","141.75","136.75","4.66M","-2.24%"
"16-05-2016","140.75","141.40","141.60","139.55","3.80M","-0.28%"
"13-05-2016","141.15","140.65","141.80","140.15","4.14M","-0.56%"
"12-05-2016","141.95","141.40","143.20","140.85","3.15M","0.28%"
"11-05-2016","141.55","140.75","143.65","139.70","7.55M","0.11%"
"10-05-2016","141.40","142.00","143.65","140.95","5.63M","-1.43%"
"09-05-2016","143.45","141.25","145.05","141.15","7.48M","1.95%"
"06-05-2016","140.70","139.50","141.00","138.15","5.21M","0.46%"
"05-05-2016","140.05","139.05","140.90","139.05","4.60M","0.57%"
"04-05-2016","139.25","137.20","139.55","137.20","8.36M","1.24%"
"03-05-2016","137.55","139.55","142.10","136.45","6.25M","-1.15%"
"02-05-2016","139.15","139.35","140.70","135.65","6.01M","-0.57%"
"29-04-2016","139.95","138.55","141.00","136.90","4.60M","1.71%"
"28-04-2016","137.60","141.35","141.65","137.05","8.64M","-2.45%"
"27-04-2016","141.05","140.80","141.35","140.05","7.06M","0.21%"
"26-04-2016","140.75","139.50","141.75","139.35","9.05M","0.18%"
"25-04-2016","140.50","142.45","143.30","138.35","8.36M","-2.02%"
"22-04-2016","143.40","140.55","143.85","140.15","6.77M","1.70%"
"21-04-2016","141.00","141.75","142.50","140.70","4.28M","-0.25%"
"20-04-2016","141.35","139.35","141.75","139.00","5.60M","1.40%"
"18-04-2016","139.40","138.65","139.90","135.80","5.08M","1.46%"
"13-04-2016","137.40","136.95","138.00","136.60","4.08M","1.14%"
"12-04-2016","135.85","134.75","136.20","133.05","4.96M","0.78%"
"11-04-2016","134.80","131.50","135.25","131.50","5.32M","2.31%"
"08-04-2016","131.75","127.25","132.60","127.10","7.34M","3.86%"
"07-04-2016","126.85","126.85","127.50","125.75","4.33M","0.00%"
"06-04-2016","126.85","128.05","128.25","126.55","3.72M","-0.63%"
"05-04-2016","127.65","131.65","132.30","127.30","5.34M","-3.22%"
"04-04-2016","131.90","131.00","132.20","130.45","3.82M","1.00%"
"01-04-2016","130.60","129.15","131.40","128.90","4.47M","1.24%"
"31-03-2016","129.00","129.95","131.75","128.70","10.40M","-0.73%"
"30-03-2016","129.95","128.75","130.35","127.35","8.11M","1.68%"
"29-03-2016","127.80","130.00","130.40","127.55","7.62M","-1.50%"
"28-03-2016","129.75","125.10","130.45","125.10","8.06M","1.53%"
"23-03-2016","127.80","128.00","128.20","127.10","4.01M","-0.58%"
"22-03-2016","128.55","127.10","129.15","127.00","4.98M","0.86%"
"21-03-2016","127.45","127.85","128.80","126.75","4.15M","-0.16%"
"18-03-2016","127.65","126.95","128.40","126.70","3.99M","0.39%"
"17-03-2016","127.15","128.45","128.75","126.50","3.63M","-0.74%"
"16-03-2016","128.10","128.00","128.80","127.35","3.60M","0.04%"
"15-03-2016","128.05","127.95","128.40","126.55","3.34M","0.20%"
"14-03-2016","127.80","127.50","128.20","126.85","3.73M","0.55%"
"11-03-2016","127.10","127.90","129.40","126.10","5.01M","-0.16%"
"10-03-2016","127.30","127.45","128.50","126.90","5.12M","0.00%"
"09-03-2016","127.30","127.60","128.00","126.55","4.79M","-0.24%"
"08-03-2016","127.60","124.75","128.10","124.50","5.24M","1.11%"
"04-03-2016","126.20","126.60","127.05","124.50","6.98M","-0.39%"
"03-03-2016","126.70","127.45","128.60","125.80","5.44M","-0.16%"
"02-03-2016","126.90","123.60","128.00","123.45","8.17M","2.88%"
"01-03-2016","123.35","120.50","123.55","119.90","5.55M","2.66%"
"29-02-2016","120.15","122.65","122.65","118.35","8.65M","-1.80%"
"26-02-2016","122.35","119.90","122.80","118.85","9.37M","3.29%"
"25-02-2016","118.45","117.55","119.35","117.00","27.02M","0.30%"
"24-02-2016","118.10","121.75","121.95","117.60","38.62M","-4.45%"
"23-02-2016","123.60","123.50","124.85","122.75","25.57M","-2.56%"
"22-02-2016","126.85","130.05","130.50","126.00","5.86M","-2.12%"
"19-02-2016","129.60","126.90","130.70","126.90","3.02M","1.69%"
"18-02-2016","127.45","128.50","130.00","125.20","8.04M","-0.31%"
"17-02-2016","127.85","127.05","129.90","126.00","7.75M","0.16%"
"16-02-2016","127.65","126.00","130.90","123.90","10.30M","2.20%"
"15-02-2016","124.90","125.60","127.35","123.80","5.43M","0.69%"
"12-02-2016","124.05","121.10","125.60","120.95","4.40M","2.18%"
"11-02-2016","121.40","125.05","125.35","120.60","3.78M","-3.23%"
"10-02-2016","125.45","125.50","126.30","123.75","3.96M","-0.52%"
"09-02-2016","126.10","121.25","126.35","121.25","5.22M","2.15%"
"08-02-2016","123.45","125.50","126.45","123.25","5.77M","-1.67%"
"05-02-2016","125.55","124.45","127.20","124.45","4.55M","0.40%"
"04-02-2016","125.05","129.60","130.25","123.70","8.06M","-2.00%"
"03-02-2016","127.60","132.05","132.75","126.35","9.60M","-3.99%"
"02-02-2016","132.90","138.95","139.65","131.75","12.14M","-4.70%"
"01-02-2016","139.45","139.10","143.10","139.00","6.74M","-1.52%"
"29-01-2016","141.60","142.15","145.45","139.65","12.46M","-1.84%"
"28-01-2016","144.25","143.75","145.35","143.75","9.20M","0.31%"
"27-01-2016","143.80","133.20","144.40","133.20","13.72M","4.24%"
"25-01-2016","137.95","138.60","139.20","136.45","6.58M","-0.22%"
"22-01-2016","138.25","134.50","138.90","134.50","5.14M","3.60%"
"21-01-2016","133.45","132.95","135.20","132.80","5.47M","0.60%"
"20-01-2016","132.65","135.00","135.00","131.45","6.52M","-2.28%"
"19-01-2016","135.75","136.50","138.40","135.10","5.65M","0.37%"
"18-01-2016","135.25","136.50","138.95","133.85","8.86M","-1.28%"
"15-01-2016","137.00","143.60","143.70","136.10","6.94M","-4.43%"
"14-01-2016","143.35","143.30","144.50","140.80","5.04M","-0.86%"
"13-01-2016","144.60","146.60","147.40","141.60","8.04M","-0.86%"
"12-01-2016","145.85","143.75","146.35","143.00","9.75M","2.53%"
"11-01-2016","142.25","138.05","143.25","138.05","6.90M","1.53%"
"08-01-2016","140.10","138.50","140.70","137.55","4.00M","1.19%"
"07-01-2016","138.45","140.15","141.00","137.60","7.66M","-2.33%"
"06-01-2016","141.75","142.70","142.85","140.30","4.33M","-0.67%"
"05-01-2016","142.70","144.75","144.90","142.50","4.27M","-0.24%"
"04-01-2016","143.05","144.00","146.35","142.45","5.04M","-0.97%"
"01-01-2016","144.45","145.20","145.20","143.65","2.86M","-1.23%"
"31-12-2015","146.25","144.40","146.50","144.00","9.14M","0.79%"
"30-12-2015","145.10","144.65","146.40","143.40","9.21M","0.28%"
"29-12-2015","144.70","144.15","147.35","143.75","13.59M","0.80%"
"28-12-2015","143.55","139.55","144.20","139.50","10.10M","2.90%"
"24-12-2015","139.50","139.45","139.65","138.65","4.45M","0.47%"
"23-12-2015","138.85","138.00","139.75","137.60","5.97M","1.31%"
"22-12-2015","137.05","137.05","138.45","136.80","3.27M","0.11%"
"21-12-2015","136.90","136.25","137.75","135.75","2.61M","0.37%"
"18-12-2015","136.40","135.75","138.20","135.75","5.28M","0.29%"
"17-12-2015","136.00","134.75","136.35","134.50","5.04M","1.68%"
"16-12-2015","133.75","131.95","134.90","131.95","3.97M","1.48%"
"15-12-2015","131.80","132.55","133.20","130.65","3.11M","-0.83%"
"14-12-2015","132.90","131.95","133.80","131.95","2.54M","0.23%"
"11-12-2015","132.60","133.25","133.35","131.70","3.98M","-0.64%"
"10-12-2015","133.45","131.25","133.90","130.95","5.16M","2.14%"
"09-12-2015","130.65","130.15","132.35","129.05","3.63M","0.19%"
"08-12-2015","130.40","130.70","131.30","129.85","3.33M","-0.50%"
"07-12-2015","131.05","130.95","131.80","128.80","4.31M","-0.19%"
"04-12-2015","131.30","133.85","133.90","130.90","3.66M","-2.16%"
"03-12-2015","134.20","133.05","135.40","132.90","4.00M","0.41%"
"02-12-2015","133.65","133.10","133.90","132.10","2.33M","0.41%"
"01-12-2015","133.10","131.95","133.40","131.95","3.33M","0.91%"
"30-11-2015","131.90","133.25","134.40","131.10","4.77M","-1.27%"
"27-11-2015","133.60","134.00","134.90","133.00","3.98M","0.49%"
"26-11-2015","132.95","131.70","133.45","130.85","9.15M","1.10%"
"24-11-2015","131.50","133.10","133.65","131.20","13.75M","-1.35%"
"23-11-2015","133.30","133.80","134.50","132.40","4.44M","-0.60%"
"20-11-2015","134.10","134.35","135.00","133.50","5.51M","-0.04%"
"19-11-2015","134.15","133.25","134.45","132.25","4.04M","0.71%"
"18-11-2015","133.20","132.85","135.15","132.25","6.72M","0.68%"
"17-11-2015","132.30","132.35","133.30","131.20","3.34M","0.34%"
"16-11-2015","131.85","131.55","132.40","130.30","2.86M","0.42%"
"13-11-2015","131.30","131.05","132.85","129.85","3.46M","0.04%"
"11-11-2015","131.25","132.50","133.00","131.00","884.00K","-0.34%"
"10-11-2015","131.70","133.70","133.95","130.75","3.99M","-1.46%"
"09-11-2015","133.65","133.25","134.85","132.60","5.90M","-1.66%"
"06-11-2015","135.90","138.50","140.25","134.70","7.54M","-0.37%"
"05-11-2015","136.40","134.75","137.20","134.75","3.70M","0.85%"
"04-11-2015","135.25","136.40","136.95","134.85","6.40M","-0.51%"
"03-11-2015","135.95","134.35","137.80","133.90","9.88M","1.87%"
"02-11-2015","133.45","133.05","133.90","130.55","4.91M","0.00%"
"30-10-2015","133.45","128.90","137.75","128.70","18.55M","4.18%"
"29-10-2015","128.10","129.00","131.80","127.40","17.64M","-1.16%"
"28-10-2015","129.60","132.75","133.10","129.20","12.75M","-2.45%"
"27-10-2015","132.85","132.40","134.50","131.40","8.92M","0.19%"
"26-10-2015","132.60","132.55","133.40","131.25","7.27M","-0.08%"
"23-10-2015","132.70","131.30","133.85","131.20","5.13M","1.88%"
"21-10-2015","130.25","128.15","131.45","127.15","6.47M","1.84%"
"20-10-2015","127.90","127.20","129.65","126.55","3.85M","0.59%"
"19-10-2015","127.15","127.30","127.80","126.15","2.83M","-0.08%"
"16-10-2015","127.25","125.65","128.35","125.50","3.90M","1.35%"
"15-10-2015","125.55","127.35","127.40","125.10","2.25M","-0.67%"
"14-10-2015","126.40","127.60","128.20","125.85","1.61M","-0.94%"
"13-10-2015","127.60","127.15","128.70","127.15","1.54M","-0.08%"
"12-10-2015","127.70","127.40","128.10","126.25","2.60M","1.07%"
"09-10-2015","126.35","127.40","127.65","126.00","2.49M","-0.24%"
"08-10-2015","126.65","128.80","128.80","125.85","2.57M","-1.25%"
"07-10-2015","128.25","127.75","128.50","125.75","3.54M","1.54%"
"06-10-2015","126.30","130.00","130.40","125.00","6.48M","-1.33%"
"05-10-2015","128.00","125.65","128.45","125.10","3.23M","3.02%"
"01-10-2015","124.25","125.45","126.30","123.80","3.41M","-0.28%"
"30-09-2015","124.60","122.50","125.00","121.65","3.98M","2.13%"
"29-09-2015","122.00","120.00","123.50","119.45","3.20M","0.25%"
"28-09-2015","121.70","123.90","123.90","121.50","2.17M","-0.25%"
"24-09-2015","122.00","121.75","122.25","120.25","8.96M","0.37%"
"23-09-2015","121.55","120.10","123.50","119.65","16.20M","0.50%"
"22-09-2015","120.95","127.15","127.30","120.30","9.86M","-4.80%"
"21-09-2015","127.05","125.80","127.85","124.95","8.29M","0.04%"
"18-09-2015","127.00","128.20","129.95","125.85","6.52M","-0.66%"
"16-09-2015","127.85","127.15","128.35","125.30","3.25M","0.83%"
"15-09-2015","126.80","125.60","129.40","124.60","6.72M","0.63%"
"14-09-2015","126.00","120.45","126.40","119.80","6.64M","5.18%"
"11-09-2015","119.80","120.20","120.90","119.00","2.99M","0.13%"
"10-09-2015","119.65","119.75","120.95","118.05","4.22M","-1.16%"
"09-09-2015","121.05","117.10","121.50","115.70","6.28M","5.22%"
"08-09-2015","115.05","114.40","116.60","113.60","5.27M","1.72%"
"07-09-2015","113.10","115.00","115.50","112.95","2.33M","-1.52%"
"04-09-2015","114.85","116.20","117.65","113.45","3.35M","-2.88%"
"03-09-2015","118.25","116.35","119.80","116.25","4.34M","2.43%"
"02-09-2015","115.45","118.90","119.35","114.85","4.63M","-2.86%"
"01-09-2015","118.85","118.50","121.00","118.25","2.48M","-1.25%"
"31-08-2015","120.35","119.35","121.90","118.75","3.24M","-0.12%"
"28-08-2015","120.50","119.65","123.75","119.05","5.44M","1.18%"
"27-08-2015","119.10","120.85","120.95","117.90","7.41M","-0.87%"
"26-08-2015","120.15","118.85","122.90","116.60","14.13M","0.38%"
"25-08-2015","119.70","117.25","122.00","107.00","17.87M","4.00%"
"24-08-2015","115.10","121.25","122.40","113.00","11.59M","-6.91%"
"21-08-2015","123.65","124.90","125.00","122.00","3.28M","-1.90%"
"20-08-2015","126.05","125.20","127.95","125.00","4.85M","-0.08%"
"19-08-2015","126.15","126.55","127.40","125.85","2.76M","-0.98%"
"18-08-2015","127.40","129.10","129.40","127.00","2.94M","-0.93%"
"17-08-2015","128.60","129.90","130.25","128.00","2.14M","-1.15%"
"14-08-2015","130.10","128.45","130.45","128.00","2.53M","1.52%"
"13-08-2015","128.15","127.70","129.20","127.00","3.54M","0.08%"
"12-08-2015","128.05","130.55","130.60","127.00","4.77M","-2.44%"
"11-08-2015","131.25","131.15","132.45","130.20","2.59M","-0.53%"
"10-08-2015","131.95","134.50","135.15","131.50","2.85M","-1.90%"
"07-08-2015","134.50","135.75","136.70","134.00","1.84M","-1.18%"
"06-08-2015","136.10","136.55","137.55","135.70","2.53M","-0.62%"
"05-08-2015","136.95","135.50","137.25","134.55","1.87M","1.26%"
"04-08-2015","135.25","135.65","135.95","133.50","3.59M","-0.44%"
"03-08-2015","135.85","136.15","137.10","135.40","1.50M","0.00%"
"31-07-2015","135.85","137.00","137.50","135.55","2.09M","-0.04%"
"30-07-2015","135.90","135.95","138.60","135.60","12.62M","0.33%"
"29-07-2015","135.45","136.60","136.65","134.40","9.84M","-1.20%"
"28-07-2015","137.10","136.05","137.35","133.10","10.21M","1.93%"
"27-07-2015","134.50","137.25","139.25","133.85","4.80M","-2.50%"
"24-07-2015","137.95","138.05","138.75","136.85","2.67M","-0.25%"
"23-07-2015","138.30","137.35","138.75","137.00","3.75M","0.51%"
"22-07-2015","137.60","135.50","137.90","135.15","2.44M","1.47%"
"21-07-2015","135.60","136.15","136.30","135.45","1.59M","-0.15%"
"20-07-2015","135.80","135.95","136.20","135.40","1.35M","0.11%"
"17-07-2015","135.65","135.25","135.90","134.20","1.89M","0.44%"
"16-07-2015","135.05","133.65","135.25","133.25","2.96M","0.97%"
"15-07-2015","133.75","133.65","134.30","133.40","1.86M","0.30%"
"14-07-2015","133.35","133.60","134.35","133.05","2.10M","-0.04%"
"13-07-2015","133.40","130.85","133.70","129.50","4.39M","2.18%"
"10-07-2015","130.55","132.30","132.30","128.60","5.70M","-0.95%"
"09-07-2015","131.80","133.25","133.70","131.45","2.35M","-1.38%"
"08-07-2015","133.65","132.50","134.50","132.00","4.17M","-1.00%"
"07-07-2015","135.00","138.40","138.90","134.65","5.90M","-2.63%"
"06-07-2015","138.65","138.00","139.10","137.40","2.90M","-0.25%"
"03-07-2015","139.00","137.10","139.90","136.00","3.90M","0.69%"
"02-07-2015","138.05","138.20","139.15","137.80","2.70M","-0.61%"
"01-07-2015","138.90","137.60","140.00","137.20","3.68M","0.43%"
"30-06-2015","138.30","138.55","139.15","136.70","4.55M","-0.54%"
"29-06-2015","139.05","136.95","139.80","135.80","4.03M","0.69%"
"26-06-2015","138.10","137.10","138.60","136.00","5.71M","1.92%"
"25-06-2015","135.50","136.85","137.25","135.10","13.74M","-1.02%"
"24-06-2015","136.90","139.50","140.05","136.25","9.22M","-1.76%"
"23-06-2015","139.35","137.45","140.10","136.15","9.47M","1.46%"
"22-06-2015","137.35","136.50","137.80","136.10","8.65M","0.66%"
"19-06-2015","136.45","136.60","137.45","135.80","2.88M","-0.18%"
"18-06-2015","136.70","137.00","137.85","136.40","2.26M","-0.22%"
"17-06-2015","137.00","137.85","137.85","136.50","2.82M","-0.44%"
"16-06-2015","137.60","135.65","137.90","135.10","2.41M","1.25%"
"15-06-2015","135.90","136.60","136.60","135.05","2.56M","-0.84%"
"12-06-2015","137.05","136.45","138.00","136.15","4.40M","-0.04%"
"11-06-2015","137.10","140.50","140.50","136.65","4.58M","-2.35%"
"10-06-2015","140.40","139.55","141.25","139.25","4.21M","0.61%"
"09-06-2015","139.55","138.55","139.85","137.05","4.63M","0.36%"
"08-06-2015","139.05","139.85","140.75","138.50","4.60M","-0.82%"
"05-06-2015","140.20","136.15","141.15","136.10","5.24M","2.22%"
"04-06-2015","137.15","138.60","139.60","136.50","4.21M","-1.12%"
"03-06-2015","138.70","138.05","139.95","136.40","8.32M","0.29%"
"02-06-2015","138.30","138.95","139.35","137.15","4.36M","-0.58%"
"01-06-2015","139.10","138.00","139.85","137.70","5.61M","1.05%"
"29-05-2015","137.65","135.10","139.50","134.90","33.28M","2.15%"
"28-05-2015","134.75","134.25","135.45","133.80","13.65M","0.45%"
"27-05-2015","134.15","132.00","134.65","131.25","22.03M","1.55%"
"26-05-2015","132.10","133.95","134.00","131.70","11.19M","-1.49%"
"25-05-2015","134.10","135.15","135.95","133.60","9.05M","-1.00%"
"22-05-2015","135.45","135.00","136.10","134.40","5.78M","0.37%"
"21-05-2015","134.95","136.50","136.50","134.55","4.75M","-0.74%"
"20-05-2015","135.95","136.25","137.40","135.40","4.69M","0.11%"
"19-05-2015","135.80","136.20","137.10","135.10","5.65M","-0.26%"
"18-05-2015","136.15","136.55","137.30","135.00","4.12M","-0.07%"
"15-05-2015","136.25","139.50","140.85","135.50","5.28M","-1.91%"
"14-05-2015","138.90","139.05","141.25","137.35","7.83M","0.54%"
"13-05-2015","138.15","142.65","142.65","134.10","18.33M","-2.64%"
"12-05-2015","141.90","145.05","145.70","140.60","4.32M","-2.57%"
"11-05-2015","145.65","143.30","146.15","142.20","3.76M","2.10%"
"08-05-2015","142.65","144.35","145.15","142.30","3.73M","-0.45%"
"07-05-2015","143.30","144.80","145.65","142.70","3.54M","-1.21%"
"06-05-2015","145.05","150.30","150.55","143.65","5.80M","-4.10%"
"05-05-2015","151.25","152.30","152.70","149.10","3.87M","-1.21%"
"04-05-2015","153.10","150.15","153.75","150.15","3.92M","1.83%"
"30-04-2015","150.35","150.55","152.00","149.40","9.46M","-0.82%"
"29-04-2015","151.60","151.50","152.80","150.40","11.50M","0.03%"
"28-04-2015","151.55","147.90","152.50","147.35","8.38M","1.99%"
"27-04-2015","148.60","151.15","153.40","148.10","12.35M","-0.87%"
"24-04-2015","149.90","149.85","151.45","148.20","4.96M","-0.07%"
"23-04-2015","150.00","154.20","154.40","149.40","4.41M","-2.28%"
"22-04-2015","153.50","152.40","154.10","151.00","3.72M","0.99%"
"21-04-2015","152.00","155.45","156.95","151.55","4.38M","-1.90%"
"20-04-2015","154.95","159.45","160.50","154.40","4.73M","-2.36%"
"17-04-2015","158.70","155.85","159.65","155.85","5.02M","1.44%"
"16-04-2015","156.45","154.80","157.00","154.25","3.02M","0.68%"
"15-04-2015","155.40","156.05","158.80","154.35","4.08M","-1.49%"
"13-04-2015","157.75","156.05","159.40","154.25","5.08M","0.70%"
"10-04-2015","156.65","157.45","158.75","155.25","2.97M","-0.76%"
"09-04-2015","157.85","156.15","158.25","154.00","4.22M","0.80%"
"08-04-2015","156.60","157.75","157.75","154.40","4.11M","-0.19%"
"07-04-2015","156.90","153.50","157.65","152.10","6.22M","2.78%"
"06-04-2015","152.65","149.45","153.40","148.75","4.09M","2.52%"
"01-04-2015","148.90","148.50","150.50","148.45","3.06M","0.74%"
"31-03-2015","147.80","149.10","149.10","146.15","4.23M","-0.74%"
"30-03-2015","148.90","148.10","149.20","146.70","4.42M","1.19%"
"27-03-2015","147.15","146.95","147.95","145.25","4.14M","2.15%"
"26-03-2015","144.05","148.10","148.10","143.10","20.27M","-2.47%"
"25-03-2015","147.70","154.75","156.20","147.10","33.04M","-3.56%"
"24-03-2015","153.15","149.85","153.90","149.85","13.54M","1.79%"
"23-03-2015","150.45","146.50","150.75","145.90","11.62M","3.05%"
"20-03-2015","146.00","142.55","148.40","142.55","15.51M","1.18%"
"19-03-2015","144.30","142.65","145.30","140.35","20.72M","1.55%"
"18-03-2015","142.10","148.25","149.40","140.35","21.78M","-4.12%"
"17-03-2015","148.20","146.75","148.65","145.80","7.98M","1.40%"
"16-03-2015","146.15","149.25","149.45","145.25","12.21M","-2.53%"
"13-03-2015","149.95","150.35","151.80","149.20","15.71M","0.07%"
"12-03-2015","149.85","150.75","156.45","147.00","31.31M","0.27%"
"11-03-2015","149.45","146.55","149.90","146.50","5.85M","1.81%"
"10-03-2015","146.80","148.00","148.70","145.80","4.65M","0.00%"
"09-03-2015","146.80","151.45","153.00","146.50","3.96M","-3.77%"
"05-03-2015","152.55","150.65","153.00","149.65","5.33M","0.83%"
"04-03-2015","151.30","153.90","154.40","149.80","5.23M","-1.11%"
"03-03-2015","153.00","155.70","155.70","151.90","6.40M","-0.39%"
"02-03-2015","153.60","151.95","154.50","151.75","8.62M","1.02%"
"28-02-2015","152.05","154.85","155.85","148.25","9.70M","-0.88%"
"27-02-2015","153.40","150.70","154.00","148.60","13.71M","0.29%"
"26-02-2015","152.95","146.85","153.50","145.75","18.67M","4.80%"
"25-02-2015","145.95","147.00","148.60","145.70","15.61M","-0.61%"
"24-02-2015","146.85","146.30","149.00","145.90","14.74M","0.55%"
"23-02-2015","146.05","145.70","146.85","144.35","13.92M","0.24%"
"20-02-2015","145.70","147.00","147.55","144.65","6.75M","-0.78%"
"19-02-2015","146.85","146.50","147.40","142.15","8.24M","0.41%"
"18-02-2015","146.25","144.80","148.00","144.80","10.77M","1.14%"
"16-02-2015","144.60","143.05","145.40","142.75","5.52M","0.63%"
"13-02-2015","143.70","142.75","144.15","141.85","5.09M","0.77%"
"12-02-2015","142.60","141.05","142.90","140.35","5.77M","1.39%"
"11-02-2015","140.65","138.05","141.20","137.00","6.04M","2.11%"
"10-02-2015","137.75","138.00","140.90","137.45","6.07M","-1.01%"
"09-02-2015","139.15","139.85","140.65","138.55","4.41M","-1.07%"
"06-02-2015","140.65","140.30","141.45","138.65","5.42M","0.11%"
"05-02-2015","140.50","143.30","143.80","139.50","6.27M","-1.99%"
"04-02-2015","143.35","143.85","144.80","142.75","6.24M","-0.42%"
"03-02-2015","143.95","142.80","144.80","142.30","7.74M","1.16%"
"02-02-2015","142.30","144.10","144.30","141.80","9.71M","-1.25%"
"30-01-2015","144.10","140.35","145.75","140.00","31.58M","1.62%"
"29-01-2015","141.80","142.05","142.40","140.85","16.24M","-0.63%"
"28-01-2015","142.70","143.00","145.05","141.60","15.80M","-0.49%"
"27-01-2015","143.40","142.55","144.20","141.00","14.96M","0.77%"
"23-01-2015","142.30","141.95","142.65","140.75","8.31M","1.03%"
"22-01-2015","140.85","143.50","143.50","139.85","9.70M","-2.09%"
"21-01-2015","143.85","144.05","144.65","142.90","5.74M","0.14%"
"20-01-2015","143.65","142.50","144.15","142.35","8.06M","0.95%"
"19-01-2015","142.30","141.25","143.00","140.40","3.47M","0.92%"
"16-01-2015","141.00","139.40","141.40","138.65","5.29M","0.89%"
"15-01-2015","139.75","139.90","141.15","139.00","5.57M","1.27%"
"14-01-2015","138.00","138.95","139.95","137.45","2.91M","-0.25%"
"13-01-2015","138.35","140.25","140.60","137.45","3.70M","-1.39%"
"12-01-2015","140.30","139.00","141.20","138.55","2.92M","-0.07%"
"09-01-2015","140.40","144.00","144.00","138.80","4.99M","-1.96%"
"08-01-2015","143.20","141.50","143.50","141.40","4.58M","1.81%"
"07-01-2015","140.65","138.85","141.25","137.60","4.67M","2.07%"
"06-01-2015","137.80","141.50","142.90","137.35","8.52M","-3.84%"
"05-01-2015","143.30","144.00","144.95","142.10","3.74M","-0.86%"
"02-01-2015","144.55","143.35","145.15","142.80","3.64M","1.44%"
"01-01-2015","142.50","144.00","144.00","141.90","2.32M","-0.90%"