"Date","Price","Open","High","Low","Vol.","Change %"
"31-07-2026","3,005.90","3,008.00","3,026.70","2,990.90","605.22K","0.22%"
"30-07-2026","2,999.20","3,020.20","3,042.60","2,982.00","806.91K","-0.20%"
"29-07-2026","3,005.20","2,940.00","3,010.10","2,916.50","1.01M","2.54%"
"28-07-2026","2,930.70","2,938.30","2,945.30","2,908.80","514.39K","-0.26%"
"27-07-2026","2,938.30","2,918.90","2,953.50","2,907.10","789.07K","1.65%"
"24-07-2026","2,890.50","2,841.30","2,913.00","2,836.00","654.17K","0.55%"
"23-07-2026","2,874.80","2,880.00","2,930.00","2,865.00","710.24K","-0.43%"
"22-07-2026","2,887.30","2,914.80","2,914.80","2,861.30","628.55K","-0.26%"
"21-07-2026","2,894.70","2,930.00","2,934.40","2,883.10","480.35K","-1.07%"
"20-07-2026","2,925.90","2,840.00","2,935.00","2,837.00","1.56M","2.94%"
"17-07-2026","2,842.40","2,860.90","2,873.90","2,838.20","791.07K","-0.62%"
"16-07-2026","2,860.20","2,876.70","2,905.00","2,855.00","905.52K","-0.26%"
"15-07-2026","2,867.70","2,875.00","2,897.40","2,857.40","1.03M","-0.05%"
"14-07-2026","2,869.10","2,900.00","2,900.00","2,855.20","784.33K","-1.07%"
"13-07-2026","2,900.10","2,884.00","2,914.90","2,862.50","1.11M","-0.09%"
"10-07-2026","2,902.80","2,934.00","2,938.70","2,896.80","1.09M","-0.04%"
"09-07-2026","2,904.10","2,945.00","2,963.20","2,895.50","1.55M","-0.68%"
"08-07-2026","2,924.00","2,921.00","2,984.90","2,892.40","2.74M","-0.13%"
"07-07-2026","2,927.80","3,080.00","3,080.00","2,920.00","9.06M","-12.44%"
"06-07-2026","3,343.80","3,341.00","3,365.00","3,330.10","800.66K","0.10%"
"03-07-2026","3,340.60","3,374.00","3,399.70","3,320.00","1.50M","0.69%"
"02-07-2026","3,317.80","3,290.50","3,344.90","3,265.00","1.09M","0.84%"
"01-07-2026","3,290.30","3,285.00","3,296.70","3,263.00","683.23K","0.23%"
"30-06-2026","3,282.60","3,275.00","3,295.00","3,242.40","1.51M","0.75%"
"29-06-2026","3,258.30","3,225.30","3,312.00","3,225.30","2.68M","1.31%"
"25-06-2026","3,216.20","3,270.00","3,290.90","3,206.60","1.41M","-0.95%"
"24-06-2026","3,247.00","3,158.10","3,309.20","3,140.00","3.95M","3.31%"
"23-06-2026","3,142.90","3,172.10","3,232.00","3,137.00","1.49M","-1.19%"
"22-06-2026","3,180.60","3,209.80","3,241.80","3,171.00","1.27M","-0.79%"
"19-06-2026","3,205.80","3,182.00","3,218.80","3,140.00","2.46M","0.82%"
"18-06-2026","3,179.70","3,125.00","3,192.00","3,105.00","3.70M","2.48%"
"17-06-2026","3,102.80","2,905.00","3,115.00","2,905.00","5.65M","7.07%"
"16-06-2026","2,897.80","2,915.50","2,923.20","2,875.00","811.50K","-0.11%"
"15-06-2026","2,901.10","2,791.30","2,944.50","2,791.30","2.23M","5.29%"
"12-06-2026","2,755.30","2,758.00","2,783.90","2,720.40","583.33K","1.64%"
"11-06-2026","2,710.90","2,748.00","2,750.00","2,680.00","980.80K","-1.59%"
"10-06-2026","2,754.70","2,785.20","2,845.50","2,743.30","1.59M","-0.60%"
"09-06-2026","2,771.30","2,731.20","2,803.80","2,731.20","1.50M","1.73%"
"08-06-2026","2,724.10","2,740.00","2,798.00","2,708.50","954.68K","-1.81%"
"05-06-2026","2,774.20","2,830.00","2,837.50","2,753.00","1.35M","-2.23%"
"04-06-2026","2,837.60","2,830.00","2,849.00","2,751.00","1.57M","-0.03%"
"03-06-2026","2,838.40","2,813.33","2,856.53","2,776.67","817.26K","1.12%"
"02-06-2026","2,806.93","2,703.60","2,830.20","2,703.60","1.13M","1.28%"
"01-06-2026","2,771.53","2,822.87","2,837.40","2,761.93","978.15K","-1.58%"
"29-05-2026","2,816.00","2,840.00","2,890.47","2,793.33","1.78M","-0.58%"
"27-05-2026","2,832.40","2,826.40","2,858.20","2,813.67","644.87K","0.21%"
"26-05-2026","2,826.40","2,860.00","2,873.53","2,820.00","843.39K","-1.40%"
"25-05-2026","2,866.67","2,894.00","2,908.00","2,860.00","876.77K","0.08%"
"22-05-2026","2,864.33","2,792.67","2,876.60","2,771.53","1.63M","3.02%"
"21-05-2026","2,780.27","2,756.67","2,793.93","2,701.33","1.12M","1.72%"
"20-05-2026","2,733.27","2,688.47","2,742.67","2,681.33","751.51K","0.74%"
"19-05-2026","2,713.07","2,694.00","2,739.80","2,684.07","778.14K","0.93%"
"18-05-2026","2,688.20","2,700.67","2,712.47","2,653.73","1.62M","-1.68%"
"15-05-2026","2,734.20","2,754.93","2,762.93","2,688.00","1.03M","-0.75%"
"14-05-2026","2,754.93","2,732.80","2,777.67","2,732.80","1.01M","1.17%"
"13-05-2026","2,723.00","2,692.33","2,751.33","2,680.67","682.32K","0.84%"
"12-05-2026","2,700.40","2,770.67","2,789.00","2,691.73","1.26M","-3.12%"
"11-05-2026","2,787.40","2,818.13","2,826.00","2,768.87","671.35K","-1.44%"
"08-05-2026","2,828.20","2,855.47","2,879.27","2,814.60","812.64K","-1.21%"
"07-05-2026","2,862.73","2,893.87","2,903.33","2,858.47","899.05K","0.10%"
"06-05-2026","2,859.87","2,771.93","2,883.00","2,771.00","2.08M","3.73%"
"05-05-2026","2,756.93","2,766.73","2,772.33","2,717.07","697.75K","-0.56%"
"04-05-2026","2,772.33","2,756.67","2,795.93","2,711.47","1.02M","0.34%"
"30-04-2026","2,763.07","2,810.07","2,812.27","2,749.33","850.29K","-1.98%"
"29-04-2026","2,818.87","2,848.67","2,869.80","2,812.47","965.36K","-0.60%"
"28-04-2026","2,835.93","2,840.53","2,846.60","2,801.33","1.34M","-0.16%"
"27-04-2026","2,840.53","2,890.67","2,899.00","2,830.93","1.59M","-0.85%"
"24-04-2026","2,864.87","2,840.00","2,896.00","2,800.00","2.43M","1.08%"
"23-04-2026","2,834.27","2,960.00","2,986.27","2,816.67","7.20M","-4.13%"
"22-04-2026","2,956.33","2,957.33","2,998.67","2,891.07","3.90M","1.00%"
"21-04-2026","2,927.00","2,842.67","2,963.00","2,828.53","3.66M","3.48%"
"20-04-2026","2,828.53","2,766.67","2,851.33","2,751.80","3.34M","3.29%"
"17-04-2026","2,738.47","2,733.87","2,778.40","2,726.67","1.87M","0.60%"
"16-04-2026","2,722.20","2,679.80","2,730.20","2,630.07","2.09M","2.64%"
"15-04-2026","2,652.13","2,609.33","2,666.00","2,606.67","1.13M","2.65%"
"13-04-2026","2,583.60","2,559.00","2,599.87","2,542.00","639.28K","-1.05%"
"10-04-2026","2,611.00","2,586.67","2,646.00","2,580.87","1.78M","1.71%"
"09-04-2026","2,567.13","2,605.33","2,625.67","2,560.80","1.12M","-1.39%"
"08-04-2026","2,603.33","2,640.00","2,666.00","2,594.53","2.14M","2.14%"
"07-04-2026","2,548.67","2,545.47","2,599.20","2,517.53","2.99M","-0.28%"
"06-04-2026","2,555.73","2,423.27","2,579.67","2,423.27","7.32M","7.97%"
"02-04-2026","2,367.07","2,290.00","2,378.27","2,266.80","1.70M","0.68%"
"01-04-2026","2,351.00","2,298.00","2,359.93","2,265.33","2.44M","7.00%"
"30-03-2026","2,197.20","2,200.00","2,255.73","2,183.67","2.75M","-3.05%"
"27-03-2026","2,266.40","2,300.67","2,337.27","2,249.07","1.93M","-2.28%"
"25-03-2026","2,319.27","2,277.07","2,354.87","2,260.00","1.63M","3.37%"
"24-03-2026","2,243.73","2,300.07","2,300.67","2,227.40","1.35M","0.27%"
"23-03-2026","2,237.80","2,334.80","2,334.80","2,226.87","1.44M","-5.70%"
"20-03-2026","2,373.07","2,339.33","2,398.67","2,337.60","1.26M","2.23%"
"19-03-2026","2,321.27","2,400.00","2,400.00","2,315.07","1.05M","-4.37%"
"18-03-2026","2,427.27","2,424.00","2,480.00","2,414.00","968.14K","0.18%"
"17-03-2026","2,423.00","2,395.33","2,435.33","2,366.67","1.11M","1.07%"
"16-03-2026","2,397.40","2,325.20","2,408.27","2,285.27","1.96M","3.11%"
"13-03-2026","2,325.20","2,339.93","2,389.07","2,313.47","1.82M","-1.30%"
"12-03-2026","2,355.73","2,402.00","2,402.07","2,335.00","1.48M","-2.59%"
"11-03-2026","2,418.27","2,476.67","2,484.73","2,405.80","1.03M","-2.37%"
"10-03-2026","2,476.87","2,499.93","2,499.93","2,460.00","1.09M","0.70%"
"09-03-2026","2,459.60","2,405.93","2,467.67","2,386.67","1.44M","-0.90%"
"06-03-2026","2,481.87","2,523.33","2,552.67","2,477.20","547.65K","-1.80%"
"05-03-2026","2,527.27","2,510.00","2,536.53","2,475.67","1.07M","0.91%"
"04-03-2026","2,504.53","2,526.87","2,532.00","2,480.67","1.22M","-2.38%"
"02-03-2026","2,565.67","2,503.67","2,591.73","2,503.33","1.20M","-1.31%"
"27-02-2026","2,599.67","2,570.67","2,620.00","2,560.00","1.46M","1.13%"
"26-02-2026","2,570.67","2,614.67","2,631.13","2,561.93","1.64M","-1.68%"
"25-02-2026","2,614.67","2,626.53","2,643.00","2,600.00","593.32K","-0.24%"
"24-02-2026","2,620.87","2,706.67","2,706.73","2,600.00","1.06M","-3.05%"
"23-02-2026","2,703.27","2,723.33","2,746.60","2,693.33","1.01M","-0.88%"
"20-02-2026","2,727.33","2,709.87","2,750.00","2,694.47","507.85K","0.57%"
"19-02-2026","2,711.93","2,787.33","2,787.40","2,702.00","880.94K","-2.85%"
"18-02-2026","2,791.47","2,781.27","2,800.67","2,758.00","559.43K","0.37%"
"17-02-2026","2,781.27","2,810.00","2,816.60","2,753.33","589.26K","-1.36%"
"16-02-2026","2,819.67","2,822.67","2,865.33","2,801.67","1.05M","-0.53%"
"13-02-2026","2,834.67","2,831.40","2,866.00","2,796.73","997.64K","-0.78%"
"12-02-2026","2,857.07","2,812.60","2,865.60","2,788.53","1.42M","1.58%"
"11-02-2026","2,812.60","2,803.33","2,818.67","2,755.13","850.76K","0.82%"
"10-02-2026","2,789.60","2,793.33","2,803.27","2,771.73","974.88K","0.32%"
"09-02-2026","2,780.80","2,744.67","2,825.73","2,731.93","1.49M","1.40%"
"06-02-2026","2,742.53","2,762.93","2,771.33","2,696.27","1.67M","-0.42%"
"05-02-2026","2,754.20","2,648.93","2,761.60","2,575.33","5.76M","2.96%"
"04-02-2026","2,675.07","2,556.00","2,713.33","2,536.67","2.89M","4.96%"
"03-02-2026","2,548.53","2,600.00","2,600.07","2,527.40","1.12M","2.74%"
"02-02-2026","2,480.60","2,486.00","2,486.60","2,430.00","1.57M","-0.22%"
"01-02-2026","2,486.00","2,523.67","2,536.60","2,463.33","915.98K","-1.49%"
"30-01-2026","2,523.67","2,543.33","2,561.20","2,500.73","1.61M","-1.00%"
"29-01-2026","2,549.20","2,566.67","2,571.80","2,505.33","1.15M","-1.04%"
"28-01-2026","2,576.00","2,538.67","2,583.00","2,534.07","969.79K","1.82%"
"27-01-2026","2,530.07","2,517.73","2,545.33","2,478.73","1.50M","1.04%"
"23-01-2026","2,503.93","2,560.00","2,560.00","2,496.00","711.57K","-1.26%"
"22-01-2026","2,535.87","2,516.40","2,565.93","2,511.73","1.75M","1.05%"
"21-01-2026","2,509.60","2,557.33","2,564.07","2,462.07","2.15M","-1.87%"
"20-01-2026","2,557.40","2,642.00","2,642.60","2,546.20","1.37M","-2.78%"
"19-01-2026","2,630.40","2,599.73","2,637.27","2,587.33","933.92K","1.18%"
"16-01-2026","2,599.80","2,606.67","2,651.87","2,593.33","1.30M","-0.83%"
"14-01-2026","2,621.47","2,604.00","2,633.33","2,590.80","1.08M","0.26%"
"13-01-2026","2,614.60","2,705.33","2,706.67","2,551.87","2.48M","-3.32%"
"12-01-2026","2,704.27","2,660.00","2,710.67","2,639.27","1.36M","2.10%"
"09-01-2026","2,648.60","2,653.33","2,672.67","2,634.00","1.15M","-0.44%"
"08-01-2026","2,660.27","2,719.20","2,729.67","2,653.33","1.29M","-1.73%"
"07-01-2026","2,707.00","2,700.00","2,714.33","2,658.80","2.22M","0.32%"
"06-01-2026","2,698.40","2,805.53","2,805.53","2,662.67","9.22M","-8.63%"
"05-01-2026","2,953.20","2,939.73","2,971.33","2,904.67","764.69K","0.46%"
"02-01-2026","2,939.73","2,866.67","2,958.60","2,859.73","1.34M","2.61%"
"01-01-2026","2,864.93","2,852.67","2,872.00","2,837.20","561.90K","0.43%"
"31-12-2025","2,852.67","2,816.67","2,858.73","2,808.00","639.54K","1.69%"
"30-12-2025","2,805.13","2,817.33","2,838.47","2,791.87","1.01M","-0.43%"
"29-12-2025","2,817.33","2,868.80","2,879.93","2,807.40","634.71K","-1.38%"
"26-12-2025","2,856.87","2,860.00","2,892.27","2,842.00","1.54M","-0.10%"
"24-12-2025","2,859.73","2,806.00","2,875.53","2,788.73","1.44M","2.39%"
"23-12-2025","2,792.93","2,822.67","2,824.07","2,784.40","993.52K","-0.41%"
"22-12-2025","2,804.53","2,720.00","2,816.67","2,709.27","1.97M","3.56%"
"19-12-2025","2,708.13","2,689.33","2,714.67","2,683.33","751.51K","0.80%"
"18-12-2025","2,686.67","2,700.00","2,704.53","2,662.47","921.52K","-0.38%"
"17-12-2025","2,696.80","2,733.40","2,746.60","2,690.67","690.48K","-1.55%"
"16-12-2025","2,739.13","2,743.33","2,762.47","2,723.67","843.72K","-0.01%"
"15-12-2025","2,739.33","2,711.33","2,752.80","2,675.00","689.65K","0.82%"
"12-12-2025","2,716.93","2,718.60","2,728.53","2,699.93","802.08K","0.69%"
"11-12-2025","2,698.33","2,681.33","2,707.07","2,620.07","2.72M","0.73%"
"10-12-2025","2,678.87","2,720.00","2,758.67","2,673.40","1.11M","-1.64%"
"09-12-2025","2,723.60","2,699.73","2,745.40","2,658.67","2.51M","-0.12%"
"08-12-2025","2,727.00","2,788.73","2,801.33","2,716.73","1.54M","-2.21%"
"05-12-2025","2,788.73","2,810.00","2,816.67","2,776.67","1.02M","-0.78%"
"04-12-2025","2,810.53","2,792.07","2,823.20","2,774.07","640.88K","0.66%"
"03-12-2025","2,792.13","2,817.33","2,817.53","2,772.00","1.06M","-0.91%"
"02-12-2025","2,817.67","2,812.07","2,826.40","2,802.00","738.00K","0.25%"
"01-12-2025","2,810.60","2,846.67","2,856.67","2,799.93","814.29K","-0.81%"
"28-11-2025","2,833.60","2,850.73","2,855.47","2,824.53","824.72K","-0.37%"
"27-11-2025","2,844.07","2,870.33","2,880.07","2,829.33","1.00M","-0.61%"
"26-11-2025","2,861.60","2,831.00","2,901.73","2,831.00","1.21M","1.14%"
"25-11-2025","2,829.27","2,873.93","2,879.67","2,823.87","1.53M","-1.55%"
"24-11-2025","2,873.93","2,913.33","2,913.33","2,866.00","1.72M","-1.11%"
"21-11-2025","2,906.07","2,931.33","2,931.33","2,903.33","616.91K","-0.68%"
"20-11-2025","2,925.93","2,901.47","2,945.20","2,901.40","770.59K","0.69%"
"19-11-2025","2,905.93","2,920.00","2,925.93","2,887.27","890.94K","-0.35%"
"18-11-2025","2,916.00","2,936.40","2,939.93","2,906.60","475.11K","-0.69%"
"17-11-2025","2,936.40","2,927.93","2,942.73","2,916.67","827.29K","0.31%"
"14-11-2025","2,927.47","2,890.00","2,933.27","2,884.67","1.21M","1.50%"
"13-11-2025","2,884.27","2,918.67","2,935.27","2,875.27","1.39M","-1.13%"
"12-11-2025","2,917.20","2,886.67","2,931.13","2,863.33","1.41M","1.39%"
"11-11-2025","2,877.20","2,863.33","2,910.00","2,842.07","2.70M","0.75%"
"10-11-2025","2,855.80","3,045.33","3,053.27","2,841.73","10.21M","-7.43%"
"07-11-2025","3,084.87","3,119.67","3,138.73","3,074.13","814.59K","-1.11%"
"06-11-2025","3,119.47","3,107.07","3,136.07","3,090.00","714.70K","0.40%"
"04-11-2025","3,107.07","3,146.67","3,149.93","3,097.33","713.86K","-1.12%"
"03-11-2025","3,142.27","3,129.53","3,146.67","3,103.47","438.85K","0.41%"
"31-10-2025","3,129.53","3,163.33","3,165.93","3,123.47","747.74K","-1.06%"
"30-10-2025","3,163.00","3,187.40","3,189.87","3,149.33","519.85K","-0.76%"
"29-10-2025","3,187.07","3,156.67","3,192.00","3,156.67","457.90K","1.17%"
"28-10-2025","3,150.27","3,200.40","3,218.94","3,128.33","925.33K","-1.53%"
"27-10-2025","3,199.14","3,206.67","3,221.14","3,190.93","621.26K","0.19%"
"24-10-2025","3,193.07","3,197.33","3,204.60","3,173.33","779.42K","0.13%"
"23-10-2025","3,188.87","3,200.00","3,244.33","3,177.93","1.15M","-0.16%"
"21-10-2025","3,194.07","3,218.00","3,226.00","3,181.33","123.75K","-0.23%"
"20-10-2025","3,201.53","3,214.60","3,223.53","3,181.33","916.22K","-0.25%"
"17-10-2025","3,209.60","3,195.60","3,233.33","3,164.67","1.87M","0.44%"
"16-10-2025","3,195.60","3,162.00","3,205.67","3,151.73","1.71M","1.46%"
"15-10-2025","3,149.47","3,078.13","3,168.07","3,073.40","1.95M","2.32%"
"14-10-2025","3,078.13","3,126.67","3,133.33","3,065.73","1.37M","-1.38%"
"13-10-2025","3,121.07","3,118.07","3,130.00","3,084.00","903.17K","-0.20%"
"10-10-2025","3,127.40","3,113.33","3,153.27","3,101.40","1.10M","0.65%"
"09-10-2025","3,107.27","3,086.67","3,117.93","3,067.47","1.12M","0.96%"
"08-10-2025","3,077.73","3,139.33","3,164.00","3,070.93","1.67M","-1.48%"
"07-10-2025","3,124.00","3,130.00","3,147.93","3,060.00","4.18M","-1.91%"
"06-10-2025","3,184.87","3,211.33","3,272.00","3,126.40","1.61M","-0.80%"
"03-10-2025","3,210.47","3,202.67","3,224.33","3,158.67","1.61M","-0.34%"
"01-10-2025","3,221.33","3,140.67","3,233.27","3,134.07","1.91M","3.30%"
"30-09-2025","3,118.33","3,163.00","3,164.00","3,110.67","1.13M","-1.12%"
"29-09-2025","3,153.67","3,133.33","3,164.67","3,124.00","1.22M","1.10%"
"26-09-2025","3,119.33","3,159.33","3,183.33","3,106.67","1.56M","-1.34%"
"25-09-2025","3,161.67","3,276.33","3,285.67","3,140.00","2.28M","-3.15%"
"24-09-2025","3,264.67","3,292.00","3,309.00","3,253.00","1.41M","0.12%"
"23-09-2025","3,260.67","3,340.33","3,346.33","3,230.67","4.10M","-2.38%"
"22-09-2025","3,340.33","3,393.00","3,425.33","3,326.67","1.20M","-1.37%"
"19-09-2025","3,386.67","3,432.67","3,438.67","3,382.67","1.66M","-1.24%"
"18-09-2025","3,429.33","3,476.67","3,483.33","3,422.67","1.22M","-1.03%"
"17-09-2025","3,465.00","3,453.33","3,498.67","3,442.33","1.24M","0.97%"
"16-09-2025","3,431.67","3,436.00","3,437.67","3,410.00","1.05M","0.28%"
"15-09-2025","3,422.00","3,420.67","3,450.00","3,406.00","1.43M","0.06%"
"12-09-2025","3,420.00","3,452.67","3,468.00","3,416.67","938.11K","-0.79%"
"11-09-2025","3,447.33","3,476.33","3,476.33","3,433.33","877.71K","-0.42%"
"10-09-2025","3,462.00","3,500.00","3,507.00","3,447.33","1.35M","-0.49%"
"09-09-2025","3,479.00","3,553.34","3,564.67","3,470.67","1.52M","-1.82%"
"08-09-2025","3,543.67","3,693.34","3,703.67","3,533.34","1.31M","-3.85%"
"05-09-2025","3,685.67","3,704.67","3,744.67","3,662.67","934.14K","-0.01%"
"04-09-2025","3,686.00","3,683.34","3,782.67","3,668.67","2.12M","0.91%"
"03-09-2025","3,652.67","3,610.67","3,666.67","3,566.67","1.25M","1.24%"
"02-09-2025","3,608.00","3,633.34","3,648.00","3,590.67","811.74K","-0.70%"
"01-09-2025","3,633.34","3,547.34","3,641.34","3,536.00","1.03M","2.87%"
"29-08-2025","3,532.00","3,492.67","3,607.34","3,486.67","2.00M","1.19%"
"28-08-2025","3,490.33","3,530.00","3,532.00","3,476.67","1.18M","-1.12%"
"26-08-2025","3,530.00","3,613.34","3,631.34","3,514.67","1.42M","-2.36%"
"25-08-2025","3,615.34","3,640.00","3,657.00","3,602.67","984.12K","0.09%"
"22-08-2025","3,612.00","3,635.00","3,656.34","3,602.67","665.55K","-0.63%"
"21-08-2025","3,635.00","3,638.00","3,698.00","3,626.00","910.97K","-0.01%"
"20-08-2025","3,635.34","3,664.00","3,665.34","3,621.34","954.45K","-0.78%"
"19-08-2025","3,664.00","3,700.00","3,707.67","3,643.34","822.54K","-0.42%"
"18-08-2025","3,679.34","3,686.67","3,748.67","3,667.34","2.57M","2.77%"
"14-08-2025","3,580.34","3,616.00","3,626.67","3,573.34","1.05M","-0.52%"
"13-08-2025","3,599.00","3,577.00","3,630.00","3,573.34","923.43K","0.62%"
"12-08-2025","3,577.00","3,629.00","3,640.00","3,571.67","662.76K","-1.43%"
"11-08-2025","3,629.00","3,553.34","3,658.00","3,537.67","1.67M","2.38%"
"08-08-2025","3,544.67","3,553.34","3,582.67","3,492.33","1.79M","0.25%"
"07-08-2025","3,535.67","3,523.34","3,626.67","3,473.67","3.44M","-0.99%"
"06-08-2025","3,571.00","3,566.67","3,620.00","3,545.34","3.73M","0.73%"
"05-08-2025","3,545.00","3,496.67","3,570.67","3,466.67","1.47M","1.31%"
"04-08-2025","3,499.33","3,516.67","3,526.00","3,441.67","1.19M","1.33%"
"01-08-2025","3,453.33","3,356.00","3,517.00","3,336.67","3.05M","3.23%"
"31-07-2025","3,345.33","3,316.67","3,384.67","3,309.67","1.13M","-0.51%"
"30-07-2025","3,362.33","3,341.00","3,382.33","3,325.00","961.38K","0.84%"
"29-07-2025","3,334.33","3,329.33","3,368.00","3,305.00","1.93M","0.15%"
"28-07-2025","3,329.33","3,362.00","3,406.33","3,320.33","2.18M","-0.97%"
"25-07-2025","3,362.00","3,436.00","3,447.67","3,355.33","1.71M","-2.15%"
"24-07-2025","3,436.00","3,543.34","3,552.34","3,427.33","1.99M","-3.83%"
"23-07-2025","3,572.67","3,588.67","3,593.67","3,546.67","781.94K","-0.03%"
"22-07-2025","3,573.67","3,606.34","3,636.00","3,567.34","677.65K","-0.29%"
"21-07-2025","3,584.00","3,583.67","3,599.00","3,566.00","607.26K","0.02%"
"18-07-2025","3,583.34","3,616.67","3,629.00","3,571.00","627.47K","-0.78%"
"17-07-2025","3,611.67","3,600.00","3,636.67","3,583.34","735.11K","0.66%"
"16-07-2025","3,588.00","3,610.00","3,646.67","3,583.34","1.07M","-0.15%"
"15-07-2025","3,593.34","3,553.00","3,603.34","3,539.34","866.14K","1.42%"
"14-07-2025","3,543.00","3,578.67","3,595.34","3,525.00","1.24M","-0.92%"
"11-07-2025","3,576.00","3,612.67","3,612.67","3,559.67","1.41M","-1.23%"
"10-07-2025","3,620.67","3,620.00","3,630.00","3,591.34","1.42M","0.43%"
"09-07-2025","3,605.34","3,626.67","3,669.67","3,600.00","1.45M","-0.59%"
"08-07-2025","3,626.67","3,675.00","3,678.34","3,580.00","2.55M","-1.07%"
"07-07-2025","3,666.00","3,666.67","3,681.67","3,627.00","2.17M","0.79%"
"04-07-2025","3,637.34","3,783.34","3,856.67","3,566.67","11.28M","-11.87%"
"03-07-2025","4,127.34","4,156.00","4,172.00","4,095.00","1.13M","-0.51%"
"02-07-2025","4,148.34","4,087.00","4,168.00","4,042.00","1.74M","1.28%"
"01-07-2025","4,096.00","4,151.00","4,151.00","4,086.67","837.04K","-1.18%"
"30-06-2025","4,145.00","4,033.34","4,174.00","3,978.67","3.20M","3.29%"
"27-06-2025","4,013.00","4,079.34","4,106.00","3,988.00","2.90M","-1.43%"
"26-06-2025","4,071.34","4,082.00","4,090.00","4,008.67","1.28M","-0.29%"
"25-06-2025","4,083.00","4,060.00","4,104.00","4,053.34","1.22M","1.11%"
"24-06-2025","4,038.34","4,116.00","4,136.67","4,022.00","2.19M","-1.02%"
"23-06-2025","4,080.00","3,900.00","4,140.00","3,886.67","3.41M","3.77%"
"20-06-2025","3,931.67","3,837.34","4,020.00","3,813.34","15.64M","3.04%"
"19-06-2025","3,815.67","3,866.67","3,866.67","3,776.67","1.33M","-0.20%"
"18-06-2025","3,823.34","3,769.34","3,839.34","3,751.34","1.30M","1.93%"
"17-06-2025","3,751.00","3,791.34","3,801.34","3,734.67","794.36K","-0.93%"
"16-06-2025","3,786.34","3,726.00","3,796.67","3,707.67","907.90K","1.60%"
"13-06-2025","3,726.67","3,670.34","3,745.00","3,654.00","1.07M","-0.67%"
"12-06-2025","3,751.67","3,851.00","3,892.00","3,740.67","1.46M","-2.58%"
"11-06-2025","3,851.00","3,878.00","3,892.00","3,839.67","818.14K","-0.64%"
"10-06-2025","3,876.00","3,952.67","3,970.00","3,870.00","1.02M","-1.68%"
"09-06-2025","3,942.34","3,878.67","3,949.67","3,843.00","2.07M","2.36%"
"06-06-2025","3,851.34","3,800.00","3,871.00","3,743.00","1.55M","1.83%"
"05-06-2025","3,782.00","3,692.67","3,806.00","3,677.34","1.82M","3.02%"
"04-06-2025","3,671.00","3,726.67","3,738.00","3,654.34","1.12M","-1.49%"
"03-06-2025","3,726.67","3,764.34","3,773.34","3,712.00","765.48K","-0.56%"
"02-06-2025","3,747.67","3,787.34","3,787.34","3,713.34","756.14K","-0.39%"
"30-05-2025","3,762.34","3,770.67","3,818.67","3,750.00","2.16M","-0.24%"
"29-05-2025","3,771.34","3,713.34","3,793.00","3,712.00","1.79M","1.76%"
"28-05-2025","3,706.00","3,724.67","3,733.67","3,690.00","678.39K","-0.25%"
"27-05-2025","3,715.34","3,683.34","3,755.34","3,656.67","1.53M","0.85%"
"26-05-2025","3,684.00","3,636.67","3,691.00","3,611.00","960.66K","1.66%"
"23-05-2025","3,623.67","3,603.34","3,666.34","3,602.34","1.69M","1.75%"
"22-05-2025","3,561.34","3,627.34","3,632.67","3,523.34","1.44M","-1.86%"
"21-05-2025","3,629.00","3,633.67","3,691.67","3,580.00","911.64K","-0.11%"
"20-05-2025","3,633.00","3,736.00","3,736.00","3,622.00","1.12M","-1.83%"
"19-05-2025","3,700.67","3,740.00","3,759.34","3,686.67","906.87K","-0.57%"
"16-05-2025","3,722.00","3,729.34","3,740.34","3,696.67","1.21M","0.10%"
"15-05-2025","3,718.34","3,574.67","3,753.34","3,541.00","2.28M","4.02%"
"14-05-2025","3,574.67","3,560.00","3,608.00","3,527.67","836.20K","0.67%"
"13-05-2025","3,551.00","3,629.34","3,637.67","3,546.67","1.09M","-2.10%"
"12-05-2025","3,627.34","3,553.34","3,652.00","3,483.33","1.81M","6.42%"
"09-05-2025","3,408.67","3,375.67","3,471.67","3,375.67","1.17M","-2.17%"
"08-05-2025","3,484.33","3,488.67","3,546.00","3,453.00","1.39M","-0.12%"
"07-05-2025","3,488.67","3,430.00","3,514.00","3,428.33","1.07M","0.17%"
"06-05-2025","3,482.67","3,587.34","3,615.67","3,473.33","1.06M","-2.73%"
"05-05-2025","3,580.34","3,450.00","3,588.00","3,436.67","1.97M","4.32%"
"02-05-2025","3,432.00","3,448.33","3,512.34","3,419.67","1.38M","-0.47%"
"30-04-2025","3,448.33","3,623.34","3,623.34","3,413.33","4.06M","-4.06%"
"29-04-2025","3,594.34","3,480.67","3,673.34","3,450.00","2.13M","3.49%"
"28-04-2025","3,473.00","3,416.33","3,501.34","3,410.00","1.47M","1.25%"
"25-04-2025","3,430.00","3,556.00","3,570.67","3,403.33","1.55M","-3.35%"
"24-04-2025","3,549.00","3,540.67","3,599.34","3,504.00","1.56M","-0.10%"
"23-04-2025","3,552.67","3,567.00","3,588.00","3,473.67","1.46M","0.11%"
"22-04-2025","3,548.67","3,586.00","3,612.34","3,533.34","1.75M","-0.69%"
"21-04-2025","3,573.34","3,453.33","3,583.00","3,417.33","1.96M","4.47%"
"17-04-2025","3,420.33","3,368.00","3,429.33","3,302.67","2.20M","1.89%"
"16-04-2025","3,357.00","3,281.33","3,366.33","3,234.67","2.38M","3.25%"
"15-04-2025","3,251.33","3,252.67","3,323.33","3,220.33","2.38M","2.02%"
"11-04-2025","3,187.03","3,188.33","3,220.00","3,107.17","2.84M","3.47%"
"09-04-2025","3,080.13","3,178.00","3,178.14","3,070.00","2.40M","-3.08%"
"08-04-2025","3,178.14","3,268.67","3,309.37","3,122.80","4.55M","0.55%"
"07-04-2025","3,160.64","3,337.74","3,337.74","2,992.00","11.47M","-14.77%"
"04-04-2025","3,708.57","3,792.00","3,792.00","3,696.27","1.02M","-1.98%"
"03-04-2025","3,783.54","3,753.34","3,834.00","3,740.00","1.44M","-0.13%"
"02-04-2025","3,788.34","3,753.70","3,801.34","3,677.20","2.24M","1.90%"
"01-04-2025","3,717.84","3,567.24","3,743.30","3,556.14","3.39M","4.72%"
"28-03-2025","3,550.10","3,615.30","3,683.97","3,526.67","2.30M","-1.79%"
"27-03-2025","3,614.87","3,572.67","3,629.97","3,557.20","2.51M","1.89%"
"26-03-2025","3,547.97","3,470.00","3,606.67","3,412.33","2.44M","2.64%"
"25-03-2025","3,456.70","3,414.30","3,499.20","3,377.33","2.19M","2.58%"
"24-03-2025","3,369.80","3,433.64","3,445.44","3,363.20","1.36M","-1.85%"
"21-03-2025","3,433.37","3,483.00","3,528.97","3,417.00","1.80M","-1.37%"
"20-03-2025","3,481.04","3,498.00","3,517.04","3,439.20","1.14M","-0.18%"
"19-03-2025","3,487.24","3,517.37","3,533.27","3,463.07","1.44M","-0.56%"
"18-03-2025","3,506.84","3,456.87","3,523.60","3,447.64","1.49M","1.95%"
"17-03-2025","3,439.70","3,348.27","3,453.27","3,342.67","1.28M","2.73%"
"13-03-2025","3,348.27","3,353.33","3,405.27","3,313.40","1.29M","0.14%"
"12-03-2025","3,343.57","3,340.40","3,403.33","3,306.67","1.54M","0.40%"
"11-03-2025","3,330.30","3,159.80","3,363.33","3,148.64","2.16M","4.08%"
"10-03-2025","3,199.80","3,326.67","3,331.90","3,191.83","1.83M","-4.00%"
"07-03-2025","3,333.24","3,383.33","3,399.97","3,323.33","1.04M","-1.37%"
"06-03-2025","3,379.67","3,449.67","3,449.67","3,313.97","2.25M","-0.72%"
"05-03-2025","3,404.07","3,324.67","3,546.67","3,324.67","3.19M","2.13%"
"04-03-2025","3,333.20","3,265.94","3,379.94","3,243.80","1.35M","1.07%"
"03-03-2025","3,297.94","3,266.70","3,348.64","3,183.33","2.12M","1.97%"
"28-02-2025","3,234.37","3,173.33","3,250.94","3,143.33","3.27M","0.96%"
"27-02-2025","3,203.53","3,300.67","3,306.00","3,180.07","1.50M","-3.12%"
"25-02-2025","3,306.60","3,393.33","3,419.50","3,290.87","1.46M","-2.09%"
"24-02-2025","3,377.33","3,332.40","3,386.67","3,285.50","1.24M","0.35%"
"21-02-2025","3,365.47","3,392.00","3,445.30","3,348.67","1.37M","-1.01%"
"20-02-2025","3,399.67","3,306.67","3,424.87","3,300.97","1.22M","2.16%"
"19-02-2025","3,327.64","3,306.67","3,402.20","3,293.33","1.15M","-0.13%"
"18-02-2025","3,331.83","3,400.00","3,412.97","3,285.50","1.08M","-1.94%"
"17-02-2025","3,397.64","3,406.67","3,439.54","3,332.10","1.62M","-0.41%"
"14-02-2025","3,411.57","3,512.00","3,550.00","3,355.47","1.33M","-2.65%"
"13-02-2025","3,504.54","3,497.77","3,585.34","3,469.54","1.48M","0.37%"
"12-02-2025","3,491.54","3,485.57","3,526.67","3,408.87","1.97M","0.17%"
"11-02-2025","3,485.57","3,474.37","3,500.00","3,423.33","2.39M","0.61%"
"10-02-2025","3,464.50","3,640.00","3,660.00","3,446.67","2.29M","-4.72%"
"07-02-2025","3,636.27","3,547.60","3,678.50","3,503.34","4.27M","3.36%"
"06-02-2025","3,518.07","3,896.67","3,896.67","3,496.67","9.03M","-8.22%"
"05-02-2025","3,833.30","3,843.80","3,937.47","3,816.94","2.14M","-0.01%"
"04-02-2025","3,833.54","4,113.30","4,126.67","3,768.97","3.90M","-6.27%"
"03-02-2025","4,090.07","4,140.00","4,155.00","4,023.97","2.25M","-0.88%"
"01-02-2025","4,126.34","3,853.34","4,180.27","3,784.70","3.18M","7.58%"
"31-01-2025","3,835.47","3,712.67","3,878.44","3,685.17","1.54M","4.39%"
"30-01-2025","3,674.14","3,733.34","3,756.00","3,637.87","862.62K","-1.54%"
"29-01-2025","3,731.44","3,663.34","3,767.94","3,610.47","1.05M","2.60%"
"28-01-2025","3,636.74","3,656.00","3,692.60","3,544.80","1.70M","0.79%"
"27-01-2025","3,608.40","3,651.34","3,696.97","3,566.67","1.78M","-1.42%"
"24-01-2025","3,660.30","3,813.34","3,836.70","3,644.30","1.68M","-4.24%"
"23-01-2025","3,822.40","3,746.67","3,861.64","3,736.70","3.16M","1.91%"
"22-01-2025","3,750.90","3,824.00","3,832.00","3,712.00","2.07M","-1.93%"
"21-01-2025","3,824.64","4,060.40","4,072.67","3,815.54","2.33M","-5.80%"
"20-01-2025","4,060.00","4,140.00","4,150.00","4,049.37","1.36M","-2.04%"
"17-01-2025","4,144.37","4,144.64","4,206.67","4,053.34","1.16M","0.08%"
"16-01-2025","4,141.04","4,332.00","4,332.00","4,100.34","2.22M","-2.80%"
"15-01-2025","4,260.17","4,133.34","4,346.00","4,109.80","2.19M","3.72%"
"14-01-2025","4,107.44","4,158.27","4,211.34","4,092.00","1.70M","-1.02%"
"13-01-2025","4,149.60","4,308.44","4,349.24","4,103.34","1.60M","-5.46%"
"10-01-2025","4,389.40","4,400.67","4,417.34","4,320.00","1.15M","-0.57%"
"09-01-2025","4,414.47","4,479.34","4,479.34","4,381.47","889.49K","-1.16%"
"08-01-2025","4,466.07","4,579.70","4,582.34","4,393.57","1.89M","-2.55%"
"07-01-2025","4,582.87","4,673.47","4,723.34","4,558.90","902.03K","-1.77%"
"06-01-2025","4,665.57","4,871.80","4,892.40","4,623.50","1.41M","-4.23%"
"03-01-2025","4,871.80","4,900.00","4,995.37","4,853.40","1.41M","-0.18%"
"02-01-2025","4,880.67","4,733.34","4,890.67","4,703.97","1.06M","3.58%"
"01-01-2025","4,712.04","4,747.34","4,786.54","4,700.00","618.97K","-0.78%"
"31-12-2024","4,748.90","4,636.00","4,764.00","4,545.20","1.37M","2.43%"
"30-12-2024","4,636.24","4,759.54","4,763.37","4,610.17","1.44M","-2.30%"
"27-12-2024","4,745.54","4,734.00","4,822.67","4,716.67","795.43K","0.77%"
"26-12-2024","4,709.14","4,698.64","4,716.67","4,632.04","661.46K","0.81%"
"24-12-2024","4,671.44","4,650.67","4,719.34","4,601.34","730.20K","0.88%"
"23-12-2024","4,630.67","4,580.00","4,713.34","4,573.37","1.17M","1.68%"
"20-12-2024","4,554.37","4,750.00","4,792.00","4,526.27","1.15M","-3.67%"
"19-12-2024","4,728.00","4,663.34","4,789.60","4,661.07","990.38K","-0.31%"
"18-12-2024","4,742.50","4,623.84","4,784.67","4,565.87","1.80M","2.48%"
"17-12-2024","4,627.77","4,666.67","4,686.67","4,594.00","817.81K","-0.84%"
"16-12-2024","4,666.90","4,666.67","4,690.00","4,628.50","746.73K","0.00%"
"13-12-2024","4,666.84","4,666.67","4,685.27","4,580.00","790.45K","-0.17%"
"12-12-2024","4,675.00","4,697.47","4,737.87","4,653.34","1.16M","-0.72%"
"11-12-2024","4,708.87","4,595.94","4,733.34","4,556.54","1.56M","2.69%"
"10-12-2024","4,585.37","4,633.34","4,639.97","4,540.00","869.60K","-1.03%"
"09-12-2024","4,633.14","4,656.67","4,683.34","4,578.20","1.24M","-0.72%"
"06-12-2024","4,666.64","4,700.00","4,760.00","4,620.04","1.63M","0.43%"
"05-12-2024","4,646.74","4,579.97","4,716.64","4,481.34","1.71M","2.14%"
"04-12-2024","4,549.20","4,593.34","4,613.34","4,487.47","1.35M","-0.26%"
"03-12-2024","4,560.90","4,536.87","4,576.37","4,454.54","1.26M","0.53%"
"02-12-2024","4,536.87","4,518.04","4,598.67","4,502.40","669.81K","0.15%"
"29-11-2024","4,530.27","4,500.00","4,546.67","4,485.40","1.08M","0.77%"
"28-11-2024","4,495.47","4,566.67","4,590.97","4,477.37","1.22M","-1.49%"
"27-11-2024","4,563.40","4,461.34","4,606.00","4,420.90","1.18M","2.64%"
"26-11-2024","4,446.24","4,516.67","4,540.20","4,430.77","714.97K","-1.56%"
"25-11-2024","4,516.64","4,532.67","4,559.04","4,460.04","2.24M","1.84%"
"22-11-2024","4,435.20","4,306.60","4,452.00","4,286.67","1.25M","2.98%"
"21-11-2024","4,306.97","4,266.67","4,346.00","4,230.80","2.27M","0.57%"
"19-11-2024","4,282.57","4,239.90","4,386.60","4,239.87","1.01M","1.94%"
"18-11-2024","4,201.10","4,274.40","4,302.00","4,183.34","1.24M","-2.50%"
"14-11-2024","4,308.67","4,330.67","4,366.87","4,244.70","930.73K","-0.54%"
"13-11-2024","4,332.17","4,332.67","4,413.14","4,274.97","1.14M","-0.46%"
"12-11-2024","4,352.37","4,346.67","4,478.60","4,333.34","1.89M","0.74%"
"11-11-2024","4,320.47","4,153.57","4,413.34","4,141.37","3.51M","2.89%"
"08-11-2024","4,199.30","4,366.67","4,375.44","4,180.00","3.78M","-3.17%"
"07-11-2024","4,337.00","4,666.00","4,676.84","4,204.57","6.64M","-6.47%"
"06-11-2024","4,636.97","4,682.67","4,824.00","4,534.07","1.71M","-0.19%"
"05-11-2024","4,645.57","4,670.67","4,719.00","4,529.37","1.54M","-1.35%"
"04-11-2024","4,709.17","4,739.34","4,766.87","4,633.34","1.02M","-1.19%"
"01-11-2024","4,766.00","4,769.30","4,809.94","4,750.00","114.75K","0.29%"
"31-10-2024","4,752.24","4,839.34","4,849.24","4,714.00","1.11M","-1.71%"
"30-10-2024","4,834.97","4,946.67","4,952.54","4,810.00","722.65K","-2.13%"
"29-10-2024","4,940.20","4,875.54","4,964.07","4,776.30","539.16K","1.40%"
"28-10-2024","4,871.90","4,908.17","4,952.67","4,814.77","628.54K","-0.73%"
"25-10-2024","4,907.64","4,966.67","5,007.47","4,709.37","885.40K","-1.69%"
"24-10-2024","4,992.00","5,046.14","5,093.60","4,924.50","673.11K","-0.31%"
"23-10-2024","5,007.54","4,978.67","5,056.67","4,966.67","758.38K","0.19%"
"22-10-2024","4,998.24","5,089.97","5,111.00","4,979.60","915.85K","-1.44%"
"21-10-2024","5,071.04","5,213.34","5,233.34","5,035.00","993.25K","-2.08%"
"18-10-2024","5,178.70","5,146.67","5,200.00","5,086.74","856.74K","0.63%"
"17-10-2024","5,146.44","5,186.87","5,253.37","5,080.14","1.50M","-1.10%"
"16-10-2024","5,203.87","5,406.67","5,422.07","5,177.67","1.35M","-3.92%"
"15-10-2024","5,416.17","5,482.67","5,506.67","5,393.34","690.80K","-0.83%"
"14-10-2024","5,461.24","5,520.04","5,563.34","5,442.47","626.25K","-0.52%"
"11-10-2024","5,489.97","5,379.34","5,539.20","5,300.00","1.20M","2.57%"
"10-10-2024","5,352.57","5,466.67","5,513.97","5,341.34","909.44K","-2.34%"
"09-10-2024","5,480.57","5,392.67","5,548.14","5,356.67","1.89M","2.22%"
"08-10-2024","5,361.30","5,013.34","5,382.27","4,967.34","3.42M","7.95%"
"07-10-2024","4,966.34","4,871.47","5,002.60","4,856.00","1.28M","1.31%"
"04-10-2024","4,902.20","4,960.67","4,970.64","4,848.00","1.41M","-1.80%"
"03-10-2024","4,991.94","5,046.34","5,103.00","4,967.34","1.11M","-1.64%"
"01-10-2024","5,075.14","5,066.67","5,098.30","5,014.84","839.58K","0.50%"
"30-09-2024","5,049.77","5,209.84","5,222.64","4,989.17","1.68M","-3.31%"
"27-09-2024","5,222.47","5,266.64","5,291.97","5,157.60","16.77M","-0.15%"
"26-09-2024","5,230.27","5,149.94","5,293.27","5,140.37","2.57M","3.03%"
"25-09-2024","5,076.60","5,078.84","5,161.34","5,046.37","864.26K","-0.08%"
"24-09-2024","5,080.90","5,093.30","5,121.34","5,053.74","920.70K","-0.03%"
"23-09-2024","5,082.30","5,013.97","5,096.67","4,976.10","765.74K","2.12%"
"20-09-2024","4,976.77","4,900.00","5,005.34","4,854.57","1.20M","1.90%"
"19-09-2024","4,884.10","4,970.67","4,970.67","4,789.04","593.28K","-0.13%"
"18-09-2024","4,890.67","4,956.67","4,968.67","4,830.57","582.43K","-0.91%"
"17-09-2024","4,935.64","4,943.34","5,005.87","4,883.34","1.13M","1.16%"
"16-09-2024","4,879.20","4,846.67","4,923.30","4,807.34","753.15K","1.18%"
"13-09-2024","4,822.10","4,832.34","4,854.07","4,800.04","703.06K","0.31%"
"12-09-2024","4,807.00","4,798.67","4,872.67","4,761.90","858.54K","0.86%"
"11-09-2024","4,765.90","4,773.97","4,813.10","4,738.47","642.66K","0.15%"
"10-09-2024","4,758.64","4,770.67","4,800.00","4,730.34","564.06K","0.02%"
"09-09-2024","4,757.77","4,736.00","4,770.47","4,698.70","524.95K","0.47%"
"06-09-2024","4,735.70","4,789.94","4,793.30","4,706.67","577.19K","-0.89%"
"05-09-2024","4,778.44","4,779.94","4,806.00","4,726.84","1.00M","0.39%"
"04-09-2024","4,759.94","4,695.34","4,779.30","4,633.37","864.31K","1.38%"
"03-09-2024","4,695.20","4,786.00","4,786.67","4,663.34","1.29M","-1.47%"
"02-09-2024","4,765.47","4,786.17","4,845.17","4,740.90","937.92K","-0.15%"
"30-08-2024","4,772.50","4,806.67","4,849.84","4,753.37","1.75M","-0.17%"
"29-08-2024","4,780.44","4,846.64","4,861.30","4,728.64","1.25M","-0.99%"
"28-08-2024","4,828.07","4,660.00","4,883.34","4,633.50","3.54M","5.42%"
"27-08-2024","4,579.94","4,646.64","4,648.67","4,519.50","867.00K","-0.80%"
"26-08-2024","4,617.07","4,666.67","4,731.97","4,605.27","1.13M","-0.33%"
"23-08-2024","4,632.50","4,680.00","4,686.67","4,607.84","937.74K","-0.59%"
"22-08-2024","4,659.87","4,550.00","4,673.37","4,526.67","1.16M","3.05%"
"21-08-2024","4,522.14","4,533.34","4,550.00","4,493.34","977.54K","-0.16%"
"20-08-2024","4,529.27","4,473.34","4,546.47","4,403.37","1.72M","1.55%"
"19-08-2024","4,459.94","4,383.34","4,500.00","4,348.20","2.74M","2.88%"
"16-08-2024","4,334.94","4,293.34","4,365.34","4,293.34","1.73M","0.99%"
"14-08-2024","4,292.24","4,266.67","4,301.34","4,194.07","1.33M","0.89%"
"13-08-2024","4,254.47","4,250.00","4,295.34","4,220.00","977.39K","-0.01%"
"12-08-2024","4,254.90","4,201.97","4,289.34","4,184.67","2.83M","1.71%"
"09-08-2024","4,183.57","3,825.90","4,249.24","3,751.07","10.32M","11.18%"
"08-08-2024","3,762.74","3,676.67","3,818.27","3,660.00","1.77M","3.14%"
"07-08-2024","3,648.30","3,526.00","3,666.54","3,516.40","1.08M","4.82%"
"06-08-2024","3,480.47","3,570.07","3,645.14","3,463.04","963.97K","-2.36%"
"05-08-2024","3,564.60","3,573.34","3,616.24","3,484.04","1.61M","-3.46%"
"02-08-2024","3,692.17","3,816.67","3,870.57","3,682.67","841.48K","-4.03%"
"01-08-2024","3,847.20","3,929.34","3,929.34","3,815.30","1.15M","-1.17%"
"31-07-2024","3,892.67","3,750.04","3,946.20","3,750.04","2.51M","3.89%"
"30-07-2024","3,747.00","3,700.00","3,773.34","3,680.00","1.18M","1.87%"
"29-07-2024","3,678.27","3,609.97","3,699.97","3,576.67","800.48K","2.30%"
"26-07-2024","3,595.57","3,573.34","3,607.70","3,550.00","504.46K","1.57%"
"25-07-2024","3,539.97","3,516.60","3,556.97","3,484.00","454.45K","0.44%"
"24-07-2024","3,524.57","3,523.34","3,586.67","3,508.74","1.07M","0.44%"
"23-07-2024","3,509.20","3,473.47","3,540.17","3,303.77","1.15M","1.03%"
"22-07-2024","3,473.47","3,406.67","3,492.64","3,389.03","946.89K","0.85%"
"19-07-2024","3,444.24","3,539.00","3,539.00","3,404.04","1.32M","-2.68%"
"18-07-2024","3,539.00","3,766.60","3,773.50","3,521.97","2.01M","-6.00%"
"16-07-2024","3,764.87","3,799.97","3,816.97","3,751.57","962.79K","-0.50%"
"15-07-2024","3,783.70","3,793.34","3,836.64","3,763.84","747.60K","0.43%"
"12-07-2024","3,767.50","3,776.60","3,797.34","3,740.74","715.02K","0.28%"
"11-07-2024","3,756.84","3,696.67","3,775.34","3,696.67","867.39K","1.21%"
"10-07-2024","3,712.00","3,740.00","3,750.97","3,646.70","638.80K","-0.44%"
"09-07-2024","3,728.57","3,738.14","3,756.40","3,700.00","469.62K","-0.03%"
"08-07-2024","3,729.50","3,774.14","3,776.67","3,714.67","409.69K","-0.46%"
"05-07-2024","3,746.60","3,706.67","3,762.97","3,690.00","543.64K","0.40%"
"04-07-2024","3,731.64","3,698.67","3,746.67","3,662.50","660.86K","1.88%"
"03-07-2024","3,662.74","3,706.67","3,718.50","3,640.04","532.95K","-0.76%"
"02-07-2024","3,690.60","3,676.67","3,712.37","3,640.00","642.15K","0.37%"
"01-07-2024","3,677.10","3,666.67","3,703.34","3,586.67","816.04K","0.65%"
"28-06-2024","3,653.24","3,573.34","3,672.67","3,572.37","1.46M","2.83%"
"27-06-2024","3,552.67","3,573.34","3,591.34","3,535.84","1.35M","-0.65%"
"26-06-2024","3,575.87","3,563.34","3,596.67","3,506.67","868.09K","0.47%"
"25-06-2024","3,559.20","3,627.00","3,639.34","3,536.04","838.57K","-1.06%"
"24-06-2024","3,597.17","3,510.90","3,626.67","3,466.67","815.74K","2.46%"
"21-06-2024","3,510.90","3,558.10","3,569.24","3,466.67","958.38K","-1.33%"
"20-06-2024","3,558.10","3,583.27","3,614.67","3,536.70","775.11K","-0.37%"
"19-06-2024","3,571.20","3,583.30","3,601.34","3,525.60","1.06M","-0.01%"
"18-06-2024","3,571.74","3,532.67","3,634.67","3,470.00","1.87M","2.14%"
"14-06-2024","3,497.04","3,366.70","3,529.34","3,360.00","2.14M","4.41%"
"13-06-2024","3,349.24","3,458.67","3,458.67","3,314.70","1.40M","-0.08%"
"12-06-2024","3,352.03","3,296.67","3,392.90","3,272.70","1.43M","2.48%"
"11-06-2024","3,271.07","3,339.33","3,340.00","3,256.47","768.66K","-1.26%"
"10-06-2024","3,312.97","3,350.00","3,364.90","3,280.00","626.99K","0.10%"
"07-06-2024","3,309.74","3,252.30","3,340.27","3,227.33","732.92K","1.77%"
"06-06-2024","3,252.30","3,273.37","3,285.73","3,214.03","768.90K","-0.52%"
"05-06-2024","3,269.20","3,122.67","3,288.03","3,016.17","1.85M","8.06%"
"04-06-2024","3,025.43","3,123.33","3,123.33","2,797.33","1.76M","-2.66%"
"03-06-2024","3,108.13","3,163.87","3,163.87","3,069.67","675.21K","2.26%"
"31-05-2024","3,039.43","3,110.00","3,140.00","2,999.27","4.51M","-1.98%"
"30-05-2024","3,100.90","3,112.73","3,132.00","3,068.13","784.81K","-0.44%"
"29-05-2024","3,114.70","3,100.00","3,146.33","3,066.73","1.12M","1.22%"
"28-05-2024","3,077.27","3,131.90","3,149.17","3,066.67","668.34K","-1.41%"
"27-05-2024","3,121.33","3,172.67","3,173.90","3,100.00","917.45K","-0.71%"
"24-05-2024","3,143.60","3,138.67","3,185.27","3,102.73","824.35K","0.36%"
"23-05-2024","3,132.37","3,102.00","3,141.33","3,072.03","689.25K","1.11%"
"22-05-2024","3,097.97","3,120.20","3,142.57","3,030.00","1.11M","-0.44%"
"21-05-2024","3,111.53","3,126.67","3,151.97","3,082.43","1.00M","0.52%"
"18-05-2024","3,095.33","3,116.60","3,116.60","3,072.90","80.80K","0.18%"
"17-05-2024","3,089.70","3,066.67","3,115.33","3,036.67","1.13M","0.82%"
"16-05-2024","3,064.43","3,020.07","3,089.47","3,020.07","750.89K","1.54%"
"15-05-2024","3,018.00","3,033.33","3,053.00","3,006.13","620.67K","-0.29%"
"14-05-2024","3,026.90","2,980.67","3,032.67","2,965.53","839.37K","1.67%"
"13-05-2024","2,977.13","2,983.80","3,014.43","2,905.33","955.94K","-0.13%"
"10-05-2024","2,980.93","2,955.33","2,989.50","2,934.00","824.58K","1.44%"
"09-05-2024","2,938.63","3,008.53","3,032.33","2,920.87","1.03M","-2.02%"
"08-05-2024","2,999.07","2,999.30","3,028.00","2,980.27","895.18K","-0.12%"
"07-05-2024","3,002.63","3,021.33","3,038.67","2,944.60","1.47M","-0.11%"
"06-05-2024","3,006.03","3,036.67","3,053.33","2,986.83","1.10M","-0.32%"
"03-05-2024","3,015.77","3,120.14","3,120.37","2,988.00","1.97M","-2.65%"
"02-05-2024","3,097.80","2,939.93","3,117.80","2,930.07","3.00M","5.37%"
"30-04-2024","2,939.93","2,966.67","3,113.33","2,920.03","7.39M","2.22%"
"29-04-2024","2,876.07","2,906.00","3,010.00","2,701.60","3.52M","0.21%"
"26-04-2024","2,869.90","2,893.33","2,915.33","2,862.30","933.50K","-0.42%"
"25-04-2024","2,882.10","2,833.33","2,898.00","2,797.13","1.14M","2.40%"
"24-04-2024","2,814.50","2,772.20","2,830.00","2,772.20","961.78K","1.53%"
"23-04-2024","2,772.20","2,810.00","2,816.67","2,760.00","939.98K","-0.25%"
"22-04-2024","2,779.07","2,810.20","2,869.87","2,743.33","1.77M","0.23%"
"19-04-2024","2,772.63","2,725.30","2,783.17","2,642.70","1.77M","1.76%"
"18-04-2024","2,724.73","2,658.67","2,785.27","2,651.07","2.23M","2.48%"
"16-04-2024","2,658.80","2,645.33","2,689.07","2,608.27","866.02K","0.48%"
"15-04-2024","2,646.13","2,633.37","2,711.17","2,622.83","896.06K","-2.09%"
"12-04-2024","2,702.57","2,698.00","2,742.63","2,683.33","1.16M","0.81%"
"10-04-2024","2,680.77","2,619.33","2,742.23","2,602.77","1.66M","3.04%"
"09-04-2024","2,601.57","2,639.30","2,639.30","2,596.60","725.12K","-0.75%"
"08-04-2024","2,621.23","2,621.73","2,653.33","2,615.73","706.54K","-0.02%"
"05-04-2024","2,621.73","2,672.67","2,701.93","2,608.13","1.02M","-1.76%"
"04-04-2024","2,668.80","2,633.33","2,685.97","2,610.03","1.37M","2.05%"
"03-04-2024","2,615.23","2,590.00","2,631.97","2,562.00","1.09M","0.80%"
"02-04-2024","2,594.60","2,600.00","2,606.53","2,582.17","907.33K","0.13%"
"01-04-2024","2,591.20","2,649.97","2,655.60","2,579.37","784.87K","-1.55%"
"28-03-2024","2,632.00","2,583.47","2,650.00","2,583.47","1.26M","1.88%"
"27-03-2024","2,583.47","2,588.33","2,615.00","2,578.00","786.95K","-0.17%"
"26-03-2024","2,587.83","2,590.00","2,632.40","2,577.37","1.27M","-1.69%"
"22-03-2024","2,632.40","2,673.33","2,683.33","2,614.63","1.02M","-1.33%"
"21-03-2024","2,667.90","2,643.33","2,677.13","2,638.47","934.49K","0.93%"
"20-03-2024","2,643.37","2,647.63","2,669.97","2,562.17","910.79K","0.24%"
"19-03-2024","2,637.10","2,720.00","2,725.33","2,629.13","734.04K","-2.83%"
"18-03-2024","2,714.03","2,709.27","2,722.67","2,670.60","492.81K","0.18%"
"15-03-2024","2,709.27","2,700.70","2,763.33","2,654.17","1.80M","-0.42%"
"14-03-2024","2,720.73","2,600.00","2,736.67","2,580.40","1.08M","3.47%"
"13-03-2024","2,629.37","2,681.97","2,691.97","2,585.00","1.45M","-1.61%"
"12-03-2024","2,672.40","2,683.87","2,719.07","2,638.37","1.35M","0.10%"
"11-03-2024","2,669.80","2,654.67","2,829.30","2,600.07","5.64M","1.33%"
"07-03-2024","2,634.80","2,593.33","2,652.00","2,560.20","1.02M","2.07%"
"06-03-2024","2,581.33","2,584.30","2,595.90","2,500.17","1.51M","0.51%"
"05-03-2024","2,568.20","2,619.67","2,623.90","2,563.37","823.90K","-1.72%"
"04-03-2024","2,613.20","2,606.40","2,624.50","2,561.67","436.98K","0.26%"
"02-03-2024","2,606.40","2,615.13","2,623.33","2,600.00","39.11K","0.21%"
"01-03-2024","2,600.83","2,616.00","2,619.30","2,572.23","967.65K","0.50%"
"29-02-2024","2,587.87","2,620.97","2,646.63","2,521.33","1.85M","-1.10%"
"28-02-2024","2,616.53","2,626.63","2,636.63","2,590.00","616.88K","-0.32%"
"27-02-2024","2,625.00","2,576.53","2,663.33","2,561.20","1.29M","2.42%"
"26-02-2024","2,563.07","2,583.33","2,609.30","2,549.33","1.01M","-1.06%"
"23-02-2024","2,590.53","2,633.33","2,633.33","2,578.97","832.81K","-1.72%"
"22-02-2024","2,636.00","2,614.67","2,644.00","2,553.13","1.52M","1.52%"
"21-02-2024","2,596.50","2,696.73","2,698.03","2,582.57","921.08K","-3.26%"
"20-02-2024","2,683.93","2,705.30","2,716.13","2,673.70","702.00K","-0.53%"
"19-02-2024","2,698.10","2,698.67","2,733.20","2,675.80","562.24K","0.56%"
"16-02-2024","2,683.07","2,646.67","2,690.87","2,620.20","1.10M","1.82%"
"15-02-2024","2,635.10","2,620.73","2,671.23","2,583.83","1.45M","0.81%"
"14-02-2024","2,614.00","2,534.77","2,633.67","2,528.07","1.09M","1.81%"
"13-02-2024","2,567.50","2,523.33","2,586.67","2,511.33","1.93M","1.29%"
"12-02-2024","2,534.70","2,511.87","2,556.43","2,466.73","1.63M","1.13%"
"09-02-2024","2,506.37","2,533.33","2,572.00","2,444.73","3.00M","-2.14%"
"08-02-2024","2,561.30","2,490.23","2,624.93","2,413.10","11.06M","6.50%"
"07-02-2024","2,405.00","2,053.33","2,423.13","1,970.00","8.77M","18.86%"
"06-02-2024","2,023.33","2,016.67","2,080.93","2,014.43","1.08M","0.26%"
"05-02-2024","2,018.10","2,116.67","2,120.00","2,004.47","1.21M","-3.16%"
"02-02-2024","2,084.03","2,086.67","2,142.10","2,072.00","1.34M","0.75%"
"01-02-2024","2,068.53","2,059.33","2,089.20","2,041.03","1.11M","0.51%"
"31-01-2024","2,057.97","2,036.00","2,069.67","1,994.87","1.48M","1.05%"
"30-01-2024","2,036.63","2,175.33","2,183.33","2,019.37","1.81M","-5.90%"
"29-01-2024","2,164.27","2,165.33","2,196.67","2,150.40","906.14K","0.45%"
"25-01-2024","2,154.53","2,148.70","2,168.33","2,120.00","733.98K","0.28%"
"24-01-2024","2,148.50","2,109.40","2,160.87","2,086.67","509.95K","1.85%"
"23-01-2024","2,109.43","2,138.00","2,150.50","2,100.00","517.03K","-0.89%"
"20-01-2024","2,128.40","2,152.67","2,168.40","2,124.67","295.08K","-0.54%"
"19-01-2024","2,140.03","2,113.30","2,145.83","2,098.37","609.65K","1.85%"
"18-01-2024","2,101.17","2,092.00","2,123.33","2,060.00","659.59K","0.12%"
"17-01-2024","2,098.57","2,102.00","2,122.63","2,078.10","630.51K","-0.58%"
"16-01-2024","2,110.73","2,135.70","2,149.93","2,095.43","556.05K","-0.85%"
"15-01-2024","2,128.87","2,158.67","2,158.67","2,120.33","572.94K","-0.59%"
"12-01-2024","2,141.43","2,135.33","2,160.63","2,108.07","896.18K","1.14%"
"11-01-2024","2,117.20","2,126.67","2,142.13","2,112.33","727.71K","0.07%"
"10-01-2024","2,115.73","2,084.33","2,126.63","2,074.77","1.43M","1.87%"
"09-01-2024","2,076.97","2,046.00","2,095.33","2,039.20","1.08M","2.33%"
"08-01-2024","2,029.70","2,053.97","2,055.47","2,025.20","455.92K","-0.69%"
"05-01-2024","2,043.70","2,056.97","2,064.37","2,030.00","387.85K","-0.07%"
"04-01-2024","2,045.23","2,049.33","2,072.30","2,040.57","449.25K","0.31%"
"03-01-2024","2,038.90","2,006.00","2,071.93","1,992.23","1.07M","2.11%"
"02-01-2024","1,996.80","2,010.30","2,011.93","1,960.50","613.39K","-0.23%"
"01-01-2024","2,001.40","2,041.20","2,044.67","1,997.00","632.59K","-1.73%"
"29-12-2023","2,036.63","2,020.20","2,040.23","2,000.93","646.05K","0.96%"
"28-12-2023","2,017.33","2,016.67","2,030.00","2,002.00","755.56K","0.51%"
"27-12-2023","2,007.17","1,983.77","2,039.80","1,983.70","876.10K","1.37%"
"26-12-2023","1,980.00","1,990.73","1,994.63","1,974.43","473.47K","0.15%"
"22-12-2023","1,977.00","1,985.87","1,987.97","1,952.23","778.06K","0.35%"
"21-12-2023","1,970.13","1,939.97","1,979.93","1,919.67","947.13K","0.21%"
"20-12-2023","1,965.97","2,014.67","2,016.67","1,951.80","1.07M","-1.73%"
"19-12-2023","2,000.53","1,992.00","2,009.07","1,971.33","799.93K","0.99%"
"18-12-2023","1,980.97","1,999.03","2,001.00","1,974.13","970.06K","-0.61%"
"15-12-2023","1,993.17","2,000.00","2,016.37","1,986.70","1.02M","0.17%"
"14-12-2023","1,989.83","1,993.47","1,996.67","1,963.00","638.10K","0.72%"
"13-12-2023","1,975.63","1,930.00","1,982.63","1,924.70","1.33M","2.77%"
"12-12-2023","1,922.37","1,931.27","1,939.93","1,899.80","693.95K","0.07%"
"11-12-2023","1,920.93","1,905.97","1,938.23","1,894.07","866.33K","1.41%"
"08-12-2023","1,894.20","1,904.87","1,924.87","1,866.80","1.03M","-0.14%"
"07-12-2023","1,896.80","1,921.30","1,945.33","1,891.03","1.44M","-0.79%"
"06-12-2023","1,911.90","1,926.80","1,941.63","1,903.07","730.85K","-0.24%"
"05-12-2023","1,916.50","1,880.00","1,932.33","1,878.33","1.01M","2.06%"
"04-12-2023","1,877.90","1,898.00","1,911.33","1,848.17","1.03M","0.33%"
"01-12-2023","1,871.80","1,858.00","1,891.60","1,834.93","1.57M","0.74%"
"30-11-2023","1,858.00","1,784.27","1,873.17","1,783.33","3.51M","4.13%"
"29-11-2023","1,784.27","1,796.00","1,813.33","1,778.67","690.35K","0.17%"
"28-11-2023","1,781.17","1,779.00","1,789.00","1,763.37","803.96K","0.83%"
"24-11-2023","1,766.47","1,773.30","1,778.67","1,760.00","488.41K","-0.20%"
"23-11-2023","1,770.03","1,763.20","1,776.33","1,754.33","598.25K","1.06%"
"22-11-2023","1,751.43","1,750.00","1,764.70","1,738.33","593.16K","0.51%"
"21-11-2023","1,742.50","1,756.60","1,768.00","1,737.30","779.02K","-0.34%"
"20-11-2023","1,748.50","1,730.00","1,758.20","1,723.53","852.87K","1.80%"
"17-11-2023","1,717.60","1,698.37","1,742.47","1,696.50","1.08M","1.25%"
"16-11-2023","1,696.47","1,704.33","1,705.43","1,660.93","1.15M","-0.33%"
"15-11-2023","1,702.10","1,719.87","1,719.87","1,689.90","898.99K","-0.23%"
"13-11-2023","1,706.03","1,663.33","1,709.33","1,656.90","1.70M","2.60%"
"12-11-2023","1,662.83","1,673.47","1,676.67","1,660.77","112.56K","0.20%"
"10-11-2023","1,659.57","1,651.30","1,669.43","1,636.03","966.11K","0.46%"
"09-11-2023","1,652.03","1,635.33","1,658.17","1,625.47","1.03M","1.03%"
"08-11-2023","1,635.23","1,633.33","1,669.23","1,594.03","3.98M","1.19%"
"07-11-2023","1,616.00","1,489.63","1,633.33","1,454.47","5.13M","8.54%"
"06-11-2023","1,488.80","1,464.37","1,497.00","1,459.10","806.37K","1.67%"
"03-11-2023","1,464.33","1,463.33","1,465.97","1,453.33","345.66K","0.30%"
"02-11-2023","1,459.90","1,473.33","1,473.33","1,450.00","711.59K","-0.35%"
"01-11-2023","1,465.10","1,442.47","1,472.87","1,432.63","1.62M","1.99%"
"31-10-2023","1,436.47","1,427.27","1,443.33","1,412.73","1.12M","1.65%"
"30-10-2023","1,413.17","1,428.80","1,428.80","1,381.33","725.67K","-0.11%"
"27-10-2023","1,414.73","1,354.10","1,428.63","1,354.10","1.50M","4.48%"
"26-10-2023","1,354.07","1,320.00","1,360.63","1,296.67","1.45M","1.90%"
"25-10-2023","1,328.83","1,338.60","1,338.60","1,315.87","769.15K","0.07%"
"23-10-2023","1,327.97","1,356.67","1,360.77","1,320.00","732.68K","-2.17%"
"20-10-2023","1,357.43","1,373.73","1,373.73","1,349.60","530.91K","-1.19%"
"19-10-2023","1,373.73","1,363.97","1,382.67","1,346.67","525.15K","0.57%"
"18-10-2023","1,365.97","1,392.73","1,393.60","1,354.13","649.12K","-1.45%"
"17-10-2023","1,386.00","1,411.30","1,411.73","1,382.07","560.68K","-1.36%"
"16-10-2023","1,405.10","1,395.33","1,411.33","1,387.00","669.03K","1.10%"
"13-10-2023","1,389.87","1,383.33","1,406.47","1,380.97","482.83K","0.37%"
"12-10-2023","1,384.80","1,403.33","1,405.20","1,380.00","428.32K","-1.15%"
"11-10-2023","1,400.87","1,372.30","1,409.87","1,370.00","1.09M","2.46%"
"10-10-2023","1,367.20","1,393.17","1,393.17","1,364.73","526.99K","-1.36%"
"09-10-2023","1,386.03","1,356.67","1,392.97","1,354.93","731.58K","0.34%"
"06-10-2023","1,381.40","1,370.57","1,394.60","1,366.73","666.33K","1.20%"
"05-10-2023","1,365.07","1,348.63","1,372.10","1,348.20","692.62K","1.25%"
"04-10-2023","1,348.20","1,369.33","1,370.63","1,338.40","827.66K","-1.79%"
"03-10-2023","1,372.73","1,382.87","1,390.87","1,368.00","815.08K","-1.01%"
"29-09-2023","1,386.77","1,371.10","1,394.07","1,354.10","1.15M","0.76%"
"28-09-2023","1,376.37","1,414.73","1,421.33","1,363.87","5.93M","-2.33%"
"27-09-2023","1,409.23","1,428.67","1,433.47","1,393.90","873.27K","-1.72%"
"26-09-2023","1,433.97","1,438.00","1,456.67","1,427.63","1.53M","-0.28%"
"25-09-2023","1,438.03","1,386.67","1,449.00","1,360.73","2.76M","4.41%"
"22-09-2023","1,377.27","1,379.63","1,386.37","1,366.47","592.16K","0.37%"
"21-09-2023","1,372.13","1,375.33","1,408.00","1,356.73","447.42K","-0.16%"
"20-09-2023","1,374.40","1,368.00","1,392.13","1,348.30","677.74K","0.30%"
"18-09-2023","1,370.23","1,382.00","1,382.00","1,365.10","485.00K","-0.72%"
"15-09-2023","1,380.17","1,382.00","1,390.33","1,367.37","539.37K","0.57%"
"14-09-2023","1,372.33","1,367.33","1,392.63","1,365.33","431.99K","-0.33%"
"13-09-2023","1,376.93","1,374.33","1,382.00","1,341.57","533.64K","0.39%"
"12-09-2023","1,371.60","1,395.97","1,407.97","1,355.43","1.08M","-1.36%"
"11-09-2023","1,390.50","1,395.97","1,404.23","1,385.17","935.25K","-0.04%"
"08-09-2023","1,391.03","1,400.00","1,421.03","1,378.20","822.39K","-0.06%"
"07-09-2023","1,391.83","1,382.00","1,395.33","1,370.47","455.14K","0.98%"
"06-09-2023","1,378.33","1,381.47","1,391.43","1,367.77","496.67K","0.18%"
"05-09-2023","1,375.80","1,356.63","1,386.67","1,352.00","804.13K","1.59%"
"04-09-2023","1,354.27","1,382.67","1,383.00","1,346.67","1.12M","-1.54%"
"01-09-2023","1,375.40","1,373.13","1,408.63","1,360.00","1.18M","0.71%"
"31-08-2023","1,365.73","1,376.00","1,382.07","1,362.30","1.02M","-0.68%"
"30-08-2023","1,375.03","1,379.07","1,384.90","1,364.90","1.27M","0.65%"
"29-08-2023","1,366.20","1,340.00","1,368.47","1,334.00","529.22K","2.17%"
"28-08-2023","1,337.17","1,351.37","1,351.37","1,326.97","1.05M","-0.41%"
"25-08-2023","1,342.67","1,374.70","1,374.70","1,333.33","1.15M","-2.66%"
"24-08-2023","1,379.37","1,378.53","1,386.43","1,357.70","693.63K","0.88%"
"23-08-2023","1,367.30","1,357.20","1,379.30","1,351.90","1.06M","1.14%"
"22-08-2023","1,351.90","1,333.30","1,356.00","1,332.67","971.83K","1.40%"
"21-08-2023","1,333.30","1,315.97","1,345.33","1,300.03","1.60M","1.31%"
"18-08-2023","1,316.00","1,319.47","1,351.80","1,304.00","2.36M","-0.04%"
"17-08-2023","1,316.53","1,310.00","1,323.03","1,306.67","1.45M","0.93%"
"16-08-2023","1,304.37","1,286.00","1,311.33","1,270.93","1.85M","1.40%"
"14-08-2023","1,286.40","1,256.67","1,290.00","1,240.10","2.22M","2.32%"
"11-08-2023","1,257.20","1,262.53","1,273.23","1,250.93","1.05M","-0.51%"
"10-08-2023","1,263.63","1,206.67","1,276.67","1,193.33","6.07M","6.02%"
"09-08-2023","1,191.93","1,147.90","1,204.27","1,135.37","3.74M","4.33%"
"08-08-2023","1,142.47","1,120.00","1,146.47","1,116.27","483.87K","1.41%"
"07-08-2023","1,126.53","1,140.00","1,145.33","1,118.00","592.56K","-0.66%"
"04-08-2023","1,133.97","1,132.67","1,145.37","1,126.67","595.36K","0.80%"
"03-08-2023","1,124.97","1,126.33","1,131.67","1,113.60","403.60K","-0.20%"
"02-08-2023","1,127.27","1,138.40","1,144.43","1,118.77","1.13M","-0.98%"
"01-08-2023","1,138.40","1,173.33","1,174.70","1,134.60","390.91K","-2.82%"
"31-07-2023","1,171.40","1,159.33","1,176.00","1,154.03","519.10K","1.53%"
"28-07-2023","1,153.77","1,142.40","1,159.30","1,127.07","516.85K","1.26%"
"27-07-2023","1,139.37","1,137.73","1,148.47","1,131.80","323.04K","0.14%"
"26-07-2023","1,137.73","1,146.67","1,150.97","1,136.07","409.56K","-0.17%"
"25-07-2023","1,139.63","1,139.33","1,145.63","1,127.97","331.69K","0.01%"
"24-07-2023","1,139.47","1,150.00","1,156.13","1,134.70","589.40K","-0.27%"
"21-07-2023","1,142.60","1,137.33","1,153.37","1,134.13","496.89K","-0.05%"
"20-07-2023","1,143.17","1,146.73","1,150.00","1,134.80","352.66K","-0.10%"
"19-07-2023","1,144.30","1,133.17","1,146.67","1,125.33","575.51K","1.55%"
"18-07-2023","1,126.87","1,136.43","1,140.63","1,115.33","260.51K","-0.24%"
"17-07-2023","1,129.53","1,130.97","1,148.63","1,116.67","710.36K","0.39%"
"14-07-2023","1,125.10","1,114.80","1,129.17","1,104.97","402.16K","1.30%"
"13-07-2023","1,110.67","1,127.30","1,138.67","1,105.87","405.15K","-1.30%"
"12-07-2023","1,125.30","1,131.33","1,133.33","1,111.97","753.98K","-0.30%"
"11-07-2023","1,128.70","1,117.77","1,138.67","1,115.33","686.93K","0.98%"
"10-07-2023","1,117.77","1,143.30","1,145.30","1,112.67","448.96K","-1.54%"
"07-07-2023","1,135.23","1,166.20","1,169.30","1,130.67","372.58K","-2.93%"
"06-07-2023","1,169.53","1,154.47","1,173.33","1,148.93","361.31K","1.31%"
"05-07-2023","1,154.47","1,163.33","1,164.00","1,134.67","754.15K","-0.27%"
"04-07-2023","1,157.57","1,167.70","1,194.63","1,153.97","599.69K","-0.87%"
"03-07-2023","1,167.70","1,183.27","1,186.67","1,163.93","357.63K","-0.71%"
"30-06-2023","1,176.10","1,183.30","1,189.30","1,173.00","504.39K","-0.29%"
"28-06-2023","1,179.53","1,173.30","1,182.13","1,166.30","484.09K","1.52%"
"27-06-2023","1,161.90","1,177.33","1,177.33","1,158.37","480.77K","-0.62%"
"26-06-2023","1,169.10","1,151.23","1,174.53","1,140.83","668.95K","1.66%"
"23-06-2023","1,149.97","1,140.00","1,162.60","1,129.80","1.10M","0.83%"
"22-06-2023","1,140.47","1,133.33","1,146.33","1,130.83","320.08K","0.58%"
"21-06-2023","1,133.87","1,149.30","1,149.30","1,127.93","554.09K","-1.08%"
"20-06-2023","1,146.30","1,140.00","1,150.00","1,130.07","409.95K","0.64%"
"19-06-2023","1,138.97","1,142.97","1,149.03","1,132.77","299.76K","-0.34%"
"16-06-2023","1,142.83","1,123.90","1,146.33","1,120.00","727.32K","1.73%"
"15-06-2023","1,123.37","1,144.17","1,144.17","1,120.37","698.85K","-1.53%"
"14-06-2023","1,140.80","1,130.33","1,153.33","1,120.67","1.81M","1.52%"
"13-06-2023","1,123.77","1,068.27","1,129.83","1,065.53","2.45M","5.66%"
"12-06-2023","1,063.57","1,065.60","1,072.67","1,056.37","335.49K","-0.19%"
"09-06-2023","1,065.60","1,062.67","1,080.07","1,059.93","655.68K","0.62%"
"08-06-2023","1,059.07","1,072.67","1,077.80","1,055.57","430.38K","-0.89%"
"07-06-2023","1,068.57","1,070.00","1,074.67","1,057.87","949.21K","0.01%"
"06-06-2023","1,068.43","1,069.97","1,071.67","1,056.00","312.71K","0.23%"
"05-06-2023","1,066.03","1,063.33","1,073.33","1,058.40","346.54K","0.11%"
"02-06-2023","1,064.87","1,044.37","1,068.80","1,039.97","771.95K","2.23%"
"01-06-2023","1,041.60","1,043.27","1,048.70","1,033.33","678.76K","0.12%"
"31-05-2023","1,040.30","1,040.93","1,063.33","1,033.33","1.92M","0.13%"
"30-05-2023","1,038.90","1,025.27","1,041.27","1,019.10","512.34K","1.33%"
"29-05-2023","1,025.27","1,020.93","1,029.67","1,015.40","520.89K","0.50%"
"26-05-2023","1,020.13","1,009.47","1,022.43","995.37","622.81K","0.99%"
"25-05-2023","1,010.17","1,000.20","1,013.27","995.77","713.33K","1.12%"
"24-05-2023","999.00","1,003.30","1,003.37","990.63","543.18K","-0.34%"
"23-05-2023","1,002.43","999.93","1,007.97","995.43","553.46K","0.49%"
"22-05-2023","997.50","995.93","1,004.80","985.40","415.41K","0.21%"
"19-05-2023","995.40","993.77","999.07","981.03","702.83K","0.16%"
"18-05-2023","993.80","1,005.40","1,011.83","990.70","368.85K","-0.99%"
"17-05-2023","1,003.70","1,001.97","1,008.77","990.67","704.55K","0.36%"
"16-05-2023","1,000.13","1,012.00","1,019.33","997.70","722.12K","-0.73%"
"15-05-2023","1,007.53","990.67","1,012.23","982.00","745.03K","1.69%"
"12-05-2023","990.77","980.90","993.33","974.87","489.90K","1.00%"
"11-05-2023","980.93","963.73","983.33","963.73","684.83K","2.13%"
"10-05-2023","960.43","960.00","969.60","952.10","703.52K","0.54%"
"09-05-2023","955.30","948.03","965.33","948.03","1.24M","0.81%"
"08-05-2023","947.67","944.67","953.27","942.03","479.22K","0.33%"
"05-05-2023","944.53","936.47","951.63","930.67","476.59K","0.84%"
"04-05-2023","936.63","929.97","938.43","922.10","366.86K","1.06%"
"03-05-2023","926.77","939.63","942.67","919.10","773.21K","-1.16%"
"02-05-2023","937.67","913.33","959.33","912.70","1.97M","2.83%"
"28-04-2023","911.83","916.67","916.67","870.80","2.72M","-1.05%"
"27-04-2023","921.53","918.67","924.67","915.40","634.09K","0.64%"
"26-04-2023","915.67","919.23","925.80","910.23","764.78K","-0.56%"
"25-04-2023","920.87","925.33","925.33","915.63","230.23K","-0.20%"
"24-04-2023","922.67","929.17","930.70","918.27","491.67K","0.05%"
"21-04-2023","922.23","934.00","937.20","914.67","900.09K","-0.74%"
"20-04-2023","929.13","909.10","932.33","903.03","917.62K","2.52%"
"19-04-2023","906.27","907.33","913.97","899.43","318.49K","-0.12%"
"18-04-2023","907.40","908.87","915.60","902.00","754.24K","-0.16%"
"17-04-2023","908.87","904.00","912.00","893.70","563.94K","0.11%"
"13-04-2023","907.87","911.93","922.67","904.80","567.68K","-0.11%"
"12-04-2023","908.83","902.77","911.33","897.03","265.83K","0.67%"
"11-04-2023","902.77","904.07","913.93","891.33","353.82K","-0.33%"
"10-04-2023","905.80","911.50","915.47","899.27","535.90K","-0.63%"
"06-04-2023","911.50","911.33","918.67","898.00","515.78K","0.18%"
"05-04-2023","909.87","906.67","915.33","900.00","319.48K","0.55%"
"03-04-2023","904.93","928.67","928.67","901.20","602.22K","-1.28%"
"31-03-2023","916.63","890.67","926.00","890.67","1.01M","2.93%"
"29-03-2023","890.57","858.67","894.00","858.67","763.24K","3.46%"
"28-03-2023","860.77","890.67","892.33","858.67","711.57K","-2.81%"
"27-03-2023","885.63","877.77","895.23","873.37","684.43K","1.40%"
"24-03-2023","873.37","896.67","896.67","870.00","474.55K","-2.61%"
"23-03-2023","896.77","888.33","901.60","877.47","583.19K","1.18%"
"22-03-2023","886.33","882.07","899.67","881.40","516.43K","0.60%"
"21-03-2023","881.03","897.57","902.50","878.70","478.37K","-1.70%"
"20-03-2023","896.30","910.67","910.67","870.00","908.39K","-0.87%"
"17-03-2023","904.13","899.33","906.57","890.67","660.10K","1.49%"
"16-03-2023","890.90","880.00","896.70","872.00","712.86K","1.14%"
"15-03-2023","880.83","896.67","906.67","875.37","515.51K","-1.24%"
"14-03-2023","891.87","887.40","900.67","864.63","939.75K","1.03%"
"13-03-2023","882.73","894.00","904.73","874.03","1.05M","-1.26%"
"10-03-2023","894.00","883.03","896.97","878.67","587.98K","0.45%"
"09-03-2023","890.00","897.60","911.27","885.47","937.91K","-0.56%"
"08-03-2023","895.03","879.37","898.67","875.37","782.30K","1.29%"
"06-03-2023","883.60","871.07","889.07","871.07","850.44K","1.57%"
"03-03-2023","869.93","860.00","875.23","850.93","853.39K","1.55%"
"02-03-2023","856.63","861.00","871.20","851.20","448.90K","-0.51%"
"01-03-2023","861.00","857.67","873.27","853.50","701.31K","1.04%"
"28-02-2023","852.10","859.23","871.77","848.67","1.36M","-0.83%"
"27-02-2023","859.23","870.83","871.53","848.00","629.42K","-1.28%"
"24-02-2023","870.37","888.00","894.63","866.20","614.05K","-1.71%"
"23-02-2023","885.47","896.67","896.67","876.57","521.39K","-1.16%"
"22-02-2023","895.90","885.97","901.63","882.33","834.05K","0.43%"
"21-02-2023","892.07","895.33","904.97","886.43","863.13K","-0.43%"
"20-02-2023","895.90","906.70","909.27","888.87","585.64K","-1.23%"
"17-02-2023","907.10","906.67","919.27","900.10","803.51K","-0.18%"
"16-02-2023","908.73","900.00","914.00","892.23","876.58K","1.16%"
"15-02-2023","898.30","879.03","901.33","874.17","1.23M","2.03%"
"14-02-2023","880.40","871.57","883.33","864.60","474.90K","1.08%"
"13-02-2023","870.97","890.00","890.00","868.03","507.44K","-1.68%"
"10-02-2023","885.87","894.60","901.73","880.40","1.23M","-0.98%"
"09-02-2023","894.60","860.00","897.83","842.70","6.16M","8.56%"
"08-02-2023","824.03","808.07","826.67","806.67","504.76K","1.89%"
"07-02-2023","808.77","821.40","832.50","804.03","749.47K","-1.38%"
"06-02-2023","820.07","827.33","832.40","809.27","547.51K","-0.45%"
"03-02-2023","823.77","811.33","825.60","806.03","456.48K","2.07%"
"02-02-2023","807.07","810.07","816.43","797.80","885.00K","-0.44%"
"01-02-2023","810.67","802.67","843.33","794.77","2.59M","1.62%"
"31-01-2023","797.73","786.90","802.93","779.47","1.45M","1.38%"
"30-01-2023","786.90","786.60","793.33","774.20","1.40M","0.34%"
"27-01-2023","784.20","808.00","808.00","770.00","2.05M","-2.95%"
"25-01-2023","808.07","803.90","812.97","790.07","1.15M","0.78%"
"24-01-2023","801.83","784.67","805.70","784.63","1.76M","2.17%"
"23-01-2023","784.83","792.17","792.87","774.07","728.11K","-0.43%"
"20-01-2023","788.20","803.07","805.00","784.67","560.92K","-1.34%"
"19-01-2023","798.87","815.30","815.30","794.67","501.65K","-2.00%"
"18-01-2023","815.20","798.67","821.50","793.93","1.20M","2.49%"
"17-01-2023","795.40","799.97","799.97","787.23","792.31K","-0.36%"
"16-01-2023","798.27","804.63","810.97","794.67","558.10K","-0.66%"
"13-01-2023","803.60","809.33","812.23","790.73","1.23M","-0.34%"
"12-01-2023","806.33","810.00","828.33","803.00","849.65K","-0.10%"
"11-01-2023","807.13","820.07","823.33","803.33","1.02M","-1.06%"
"10-01-2023","815.77","816.67","823.43","801.30","882.75K","0.32%"
"09-01-2023","813.17","835.87","836.67","808.90","1.28M","-2.28%"
"06-01-2023","832.10","854.00","859.70","824.00","1.57M","-2.48%"
"05-01-2023","853.27","874.67","874.67","848.20","926.35K","-2.10%"
"04-01-2023","871.60","897.37","902.37","866.70","884.41K","-2.97%"
"03-01-2023","898.27","894.67","900.00","886.70","350.84K","0.39%"
"02-01-2023","894.77","905.33","905.60","888.00","293.34K","-0.68%"
"30-12-2022","900.90","903.57","907.43","893.40","466.33K","0.20%"
"29-12-2022","899.07","894.03","900.00","872.20","858.53K","0.16%"
"28-12-2022","897.60","896.67","904.33","889.73","848.65K","-0.03%"
"27-12-2022","897.90","905.80","908.83","885.30","1.30M","-0.78%"
"26-12-2022","905.00","859.97","910.00","854.33","1.25M","5.69%"
"23-12-2022","856.27","876.67","890.00","851.97","1.77M","-3.61%"
"22-12-2022","888.30","912.00","920.00","878.80","1.32M","-2.48%"
"21-12-2022","910.93","940.67","946.77","903.93","878.22K","-3.26%"
"20-12-2022","941.60","945.37","947.53","930.57","406.17K","-0.40%"
"19-12-2022","945.37","930.00","949.50","925.33","701.42K","0.76%"
"16-12-2022","938.20","951.50","954.97","934.00","757.60K","-2.00%"
"15-12-2022","957.33","966.17","973.30","952.07","575.23K","-1.06%"
"14-12-2022","967.57","962.80","973.70","961.07","371.20K","0.54%"
"13-12-2022","962.33","966.00","973.27","960.07","589.29K","-0.42%"
"12-12-2022","966.37","970.00","971.00","960.07","399.60K","-0.58%"
"09-12-2022","972.00","978.67","978.67","955.27","572.93K","-0.01%"
"08-12-2022","972.07","977.33","977.63","963.20","488.66K","-0.36%"
"07-12-2022","975.60","984.03","988.73","970.00","350.79K","-0.84%"
"06-12-2022","983.83","980.00","992.00","973.70","752.67K","0.01%"
"05-12-2022","983.70","975.10","987.33","965.80","693.07K","0.47%"
"02-12-2022","979.13","976.00","984.93","973.60","429.16K","0.31%"
"01-12-2022","976.07","982.37","986.00","970.40","588.79K","-0.51%"
"30-11-2022","981.10","971.30","986.53","956.90","1.44M","1.01%"
"29-11-2022","971.30","959.33","975.00","956.03","714.06K","1.24%"
"28-11-2022","959.43","947.33","963.27","946.77","435.79K","0.47%"
"25-11-2022","954.93","953.33","965.33","949.47","812.27K","0.21%"
"24-11-2022","952.97","942.67","956.00","939.33","903.15K","1.36%"
"23-11-2022","940.20","938.77","947.97","933.33","2.09M","0.15%"
"22-11-2022","938.77","920.00","941.93","920.00","1.16M","2.14%"
"21-11-2022","919.10","919.30","921.87","905.80","686.06K","-0.32%"
"18-11-2022","922.03","935.80","935.80","914.60","886.79K","-0.98%"
"17-11-2022","931.13","930.67","940.57","919.33","1.42M","0.13%"
"16-11-2022","929.90","944.10","950.00","924.73","701.93K","-1.50%"
"15-11-2022","944.10","949.40","950.00","937.37","1.07M","-0.76%"
"14-11-2022","951.37","955.70","961.07","934.03","1.68M","0.56%"
"11-11-2022","946.03","981.40","1,033.13","930.00","4.22M","-3.53%"
"10-11-2022","980.60","996.67","999.53","973.03","877.13K","-2.05%"
"09-11-2022","1,001.17","1,004.63","1,005.93","996.77","492.67K","-0.41%"
"07-11-2022","1,005.27","1,011.80","1,015.67","991.00","751.87K","0.13%"
"04-11-2022","1,004.00","1,033.20","1,033.47","997.03","887.96K","-2.56%"
"03-11-2022","1,030.33","1,007.33","1,034.47","1,002.57","756.00K","1.00%"
"02-11-2022","1,020.17","1,043.33","1,043.33","1,011.43","802.50K","-1.75%"
"01-11-2022","1,038.37","1,029.97","1,044.00","1,015.17","1.50M","1.94%"
"31-10-2022","1,018.60","973.33","1,028.67","973.33","3.13M","4.73%"
"28-10-2022","972.63","980.33","985.33","963.33","488.30K","-0.28%"
"27-10-2022","975.40","955.97","980.37","955.33","662.40K","2.03%"
"25-10-2022","955.97","953.33","961.33","946.47","366.33K","0.33%"
"24-10-2022","952.83","964.23","964.23","948.00","105.39K","-0.12%"
"21-10-2022","954.00","950.33","962.00","937.47","688.37K","0.39%"
"20-10-2022","950.33","943.33","954.40","936.67","659.53K","0.09%"
"19-10-2022","949.43","953.33","965.13","944.73","677.14K","-0.33%"
"18-10-2022","952.60","924.67","957.33","915.53","976.84K","3.67%"
"17-10-2022","918.83","918.63","924.93","902.70","627.78K","-0.10%"
"14-10-2022","919.73","954.67","954.67","915.90","661.53K","-1.57%"
"13-10-2022","934.43","948.63","959.07","930.67","430.38K","-1.45%"
"12-10-2022","948.20","946.67","959.90","932.00","603.25K","-0.05%"
"11-10-2022","948.70","964.17","973.10","937.50","1.01M","-0.61%"
"10-10-2022","954.57","953.33","967.87","945.33","799.17K","-1.30%"
"07-10-2022","967.17","970.00","986.67","960.03","950.74K","0.23%"
"06-10-2022","964.93","959.27","969.87","952.00","858.38K","1.11%"
"04-10-2022","954.30","940.00","957.93","934.47","1.00M","3.00%"
"03-10-2022","926.53","946.00","950.00","922.00","731.33K","-2.13%"
"30-09-2022","946.67","931.80","953.33","914.93","1.08M","1.60%"
"29-09-2022","931.77","935.33","939.43","913.40","769.61K","0.68%"
"28-09-2022","925.43","924.67","939.63","913.53","512.35K","-0.57%"
"27-09-2022","930.70","946.27","962.27","926.67","899.55K","-0.92%"
"26-09-2022","939.30","946.67","952.53","902.00","1.32M","-1.72%"
"23-09-2022","955.77","993.33","994.57","945.13","1.11M","-3.57%"
"22-09-2022","991.17","974.63","995.33","960.67","1.32M","1.70%"
"21-09-2022","974.63","967.33","999.07","964.00","2.24M","1.13%"
"20-09-2022","963.70","951.33","972.67","951.33","827.45K","1.67%"
"19-09-2022","947.87","955.60","960.00","923.67","938.85K","-0.76%"
"16-09-2022","955.13","959.33","975.60","939.77","1.40M","-0.17%"
"15-09-2022","956.80","962.83","967.63","950.70","829.30K","0.32%"
"14-09-2022","953.73","962.63","982.90","951.97","1.18M","-2.04%"
"13-09-2022","973.57","938.47","980.00","936.67","1.40M","4.29%"
"12-09-2022","933.53","923.33","945.20","923.33","1.10M","1.52%"
"09-09-2022","919.57","943.00","948.00","914.57","892.50K","-1.97%"
"08-09-2022","938.03","951.93","951.93","936.07","907.28K","-0.44%"
"07-09-2022","942.13","926.57","949.37","924.07","1.33M","1.67%"
"06-09-2022","926.63","936.67","942.40","924.33","514.41K","-0.59%"
"05-09-2022","932.17","926.67","939.30","923.10","949.87K","0.51%"
"02-09-2022","927.40","946.00","947.70","925.40","693.03K","-1.62%"
"01-09-2022","942.67","929.67","944.00","927.70","1.11M","0.48%"
"30-08-2022","938.17","908.37","944.57","908.37","1.97M","3.42%"
"29-08-2022","907.10","901.33","912.00","886.93","863.44K","-2.15%"
"26-08-2022","927.07","910.67","933.90","908.70","1.57M","2.30%"
"25-08-2022","906.27","904.83","915.60","892.00","1.72M","1.08%"
"24-08-2022","896.60","900.00","902.60","881.37","950.52K","-0.14%"
"23-08-2022","897.87","872.93","903.33","855.33","3.14M","2.49%"
"22-08-2022","876.07","932.10","944.50","866.10","4.69M","-6.01%"
"19-08-2022","932.10","976.60","991.60","925.80","1.93M","-3.94%"
"18-08-2022","970.33","987.33","1,015.00","965.50","2.62M","-1.30%"
"17-08-2022","983.13","940.20","988.00","940.20","2.39M","4.59%"
"16-08-2022","939.97","927.07","969.57","926.47","2.21M","1.97%"
"12-08-2022","921.83","898.00","927.07","888.43","1.74M","3.18%"
"11-08-2022","893.43","886.00","906.47","880.30","2.55M","2.20%"
"10-08-2022","874.17","879.63","887.90","867.33","470.45K","-0.56%"
"08-08-2022","879.10","877.27","888.67","871.63","657.10K","0.21%"
"05-08-2022","877.27","880.00","882.47","868.13","364.43K","-0.06%"
"04-08-2022","877.83","883.33","883.33","858.73","590.59K","0.61%"
"03-08-2022","872.50","874.00","884.50","861.33","590.41K","0.01%"
"02-08-2022","872.43","866.60","875.00","851.20","753.18K","0.59%"
"01-08-2022","867.33","845.33","870.33","845.33","1.19M","2.55%"
"29-07-2022","845.73","845.30","851.23","833.37","984.72K","0.78%"
"28-07-2022","839.20","837.33","847.30","832.03","756.09K","0.35%"
"27-07-2022","836.27","821.33","839.03","816.80","799.42K","1.86%"
"26-07-2022","821.00","825.80","831.87","815.47","496.69K","-0.09%"
"25-07-2022","821.70","825.00","830.00","814.20","572.67K","-0.90%"
"22-07-2022","829.17","814.67","844.57","813.70","1.41M","1.90%"
"21-07-2022","813.70","807.83","819.47","800.67","714.81K","0.91%"
"20-07-2022","806.33","806.67","822.00","802.00","906.34K","0.60%"
"19-07-2022","801.50","805.20","812.17","796.70","736.69K","-0.52%"
"18-07-2022","805.70","814.67","825.13","801.80","1.47M","-0.18%"
"15-07-2022","807.13","790.33","809.90","788.03","473.77K","2.66%"
"14-07-2022","786.20","804.00","811.27","780.07","680.30K","-2.18%"
"13-07-2022","803.70","801.47","807.97","772.50","488.96K","0.80%"
"12-07-2022","797.30","804.00","808.00","789.37","875.07K","-0.95%"
"11-07-2022","804.93","801.87","815.20","798.00","1.32M","0.26%"
"08-07-2022","802.83","781.23","807.20","774.97","1.43M","2.88%"
"07-07-2022","780.37","783.47","791.30","772.23","436.78K","-0.12%"
"06-07-2022","781.33","749.80","783.33","742.00","1.25M","4.61%"
"05-07-2022","746.90","745.47","756.27","740.07","953.26K","0.19%"
"04-07-2022","745.47","715.70","748.00","715.70","1.10M","4.16%"
"01-07-2022","715.70","716.10","725.40","706.07","833.05K","-0.06%"
"30-06-2022","716.10","734.00","742.20","712.83","794.31K","-3.16%"
"29-06-2022","739.50","706.40","743.33","695.10","2.10M","3.84%"
"28-06-2022","712.17","700.00","717.33","686.67","663.13K","1.83%"
"27-06-2022","699.40","720.60","720.60","694.20","516.76K","-0.91%"
"24-06-2022","705.80","693.33","708.33","689.47","694.35K","2.81%"
"23-06-2022","686.50","682.33","691.97","674.67","729.61K","0.88%"
"22-06-2022","680.53","700.17","700.67","672.87","1.01M","-2.80%"
"21-06-2022","700.17","704.07","712.67","692.07","2.03M","0.14%"
"20-06-2022","699.20","695.93","705.30","676.33","778.29K","0.48%"
"17-06-2022","695.87","718.70","723.13","690.87","1.13M","-3.18%"
"16-06-2022","718.70","736.83","745.07","713.00","581.37K","-1.54%"
"15-06-2022","729.93","713.50","738.67","710.50","1.32M","2.38%"
"14-06-2022","712.97","724.27","728.20","709.47","742.63K","-1.58%"
"13-06-2022","724.43","739.97","741.03","722.30","772.09K","-2.39%"
"10-06-2022","742.20","720.67","746.73","714.53","1.29M","2.68%"
"09-06-2022","722.83","718.67","727.83","708.73","836.37K","-0.25%"
"08-06-2022","724.67","720.00","731.97","718.63","703.53K","0.20%"
"07-06-2022","723.23","737.33","737.33","715.33","426.48K","-1.80%"
"06-06-2022","736.50","752.67","759.00","728.00","931.30K","-2.17%"
"03-06-2022","752.87","740.73","763.33","740.73","1.27M","1.48%"
"02-06-2022","741.90","741.20","749.33","732.00","650.30K","0.31%"
"01-06-2022","739.63","754.67","763.33","737.50","782.63K","-1.30%"
"31-05-2022","749.37","743.33","756.67","739.53","2.51M","0.46%"
"30-05-2022","745.93","724.67","748.80","718.00","821.75K","4.72%"
"27-05-2022","712.30","702.00","716.60","697.00","440.31K","1.86%"
"26-05-2022","699.30","695.60","702.87","669.60","666.84K","1.06%"
"25-05-2022","691.97","719.97","723.90","684.30","610.54K","-3.53%"
"24-05-2022","717.27","713.93","720.30","698.17","506.78K","1.00%"
"23-05-2022","710.20","728.00","732.67","706.90","453.13K","-1.99%"
"20-05-2022","724.63","696.40","728.00","696.40","944.58K","4.85%"
"19-05-2022","691.10","708.10","716.57","674.53","1.87M","-4.46%"
"18-05-2022","723.37","723.33","733.33","710.53","934.68K","0.88%"
"17-05-2022","717.07","690.87","719.90","690.67","657.99K","3.51%"
"16-05-2022","692.77","682.67","696.70","670.07","804.64K","0.69%"
"13-05-2022","688.00","689.80","703.00","679.03","700.71K","2.09%"
"12-05-2022","673.90","696.67","696.67","655.23","2.15M","-3.35%"
"11-05-2022","697.27","715.33","717.07","673.03","1.21M","-1.34%"
"10-05-2022","706.77","733.33","741.40","703.33","995.93K","-3.96%"
"09-05-2022","735.90","757.20","767.63","728.57","1.31M","-3.74%"
"06-05-2022","764.50","794.67","799.83","758.77","1.26M","-5.41%"
"05-05-2022","808.23","822.67","828.57","804.07","697.47K","-0.07%"
"04-05-2022","808.83","815.73","823.27","803.40","734.16K","-0.57%"
"02-05-2022","813.47","813.33","821.23","803.73","732.61K","-0.67%"
"29-04-2022","818.93","826.67","832.80","814.87","658.59K","0.22%"
"28-04-2022","817.17","797.33","825.93","787.33","1.62M","0.06%"
"27-04-2022","816.67","826.67","842.93","810.03","1.06M","-4.29%"
"26-04-2022","853.23","832.53","858.13","830.00","961.17K","3.43%"
"25-04-2022","824.97","836.87","854.50","820.07","604.74K","-3.82%"
"22-04-2022","857.73","855.33","862.67","843.67","722.94K","0.06%"
"21-04-2022","857.20","853.23","863.33","840.00","775.36K","1.57%"
"20-04-2022","843.93","834.00","857.10","834.00","1.12M","1.40%"
"19-04-2022","832.30","829.80","852.00","820.47","2.36M","2.04%"
"18-04-2022","815.67","820.00","832.00","810.67","592.79K","-0.75%"
"13-04-2022","821.87","840.00","841.87","814.33","1.11M","-1.42%"
"12-04-2022","833.67","850.00","858.57","823.97","1.27M","-2.37%"
"11-04-2022","853.93","852.83","861.00","844.23","763.90K","0.89%"
"08-04-2022","846.43","872.13","879.73","843.70","1.31M","-2.91%"
"07-04-2022","871.83","890.67","897.90","866.67","1.56M","-1.55%"
"06-04-2022","885.53","882.37","891.20","867.50","1.36M","0.69%"
"05-04-2022","879.47","873.33","890.00","860.57","2.01M","1.90%"
"04-04-2022","863.10","837.57","872.67","837.57","1.14M","2.07%"
"01-04-2022","845.63","854.00","863.33","840.03","737.28K","-0.55%"
"31-03-2022","850.33","836.67","856.60","832.57","1.13M","1.46%"
"30-03-2022","838.07","856.67","856.67","834.70","550.34K","-1.50%"
"29-03-2022","850.80","855.27","855.50","840.17","809.88K","-0.26%"
"28-03-2022","853.03","842.00","860.00","836.67","1.41M","1.45%"
"25-03-2022","840.87","858.67","858.67","827.17","993.26K","-1.22%"
"24-03-2022","851.23","870.00","873.30","847.33","680.22K","-1.80%"
"23-03-2022","866.83","861.33","876.40","851.83","1.07M","1.08%"
"22-03-2022","857.57","850.00","865.63","837.33","1.07M","0.53%"
"21-03-2022","853.07","854.67","868.33","834.00","2.28M","1.39%"
"17-03-2022","841.37","793.33","856.00","791.33","6.81M","7.75%"
"16-03-2022","780.83","782.67","794.30","768.67","730.46K","1.12%"
"15-03-2022","772.17","776.87","787.33","763.67","600.47K","-0.76%"
"14-03-2022","778.07","786.60","805.00","766.97","921.88K","-0.15%"
"11-03-2022","779.20","760.77","787.83","754.00","715.26K","1.66%"
"10-03-2022","766.50","770.13","776.23","759.03","836.74K","0.52%"
"09-03-2022","762.53","718.67","770.00","713.37","1.14M","6.09%"
"08-03-2022","718.73","710.10","727.73","698.70","691.73K","1.31%"
"07-03-2022","709.47","720.00","720.00","693.33","559.06K","-2.85%"
"04-03-2022","730.30","750.67","750.67","721.60","979.73K","-3.16%"
"03-03-2022","754.10","740.00","757.10","737.07","967.93K","2.36%"
"02-03-2022","736.73","732.67","745.13","720.03","991.91K","-0.27%"
"28-02-2022","738.73","686.73","746.00","686.73","1.65M","3.55%"
"25-02-2022","713.40","706.63","716.50","686.43","815.64K","4.84%"
"24-02-2022","680.43","677.40","691.47","653.33","949.53K","-3.19%"
"23-02-2022","702.87","700.00","722.67","700.00","590.32K","0.45%"
"22-02-2022","699.70","668.00","705.60","668.00","1.07M","1.37%"
"21-02-2022","690.23","696.67","703.20","674.00","865.35K","-0.94%"
"18-02-2022","696.77","696.67","710.00","693.33","307.96K","-1.66%"
"17-02-2022","708.53","715.43","715.43","701.47","431.28K","0.12%"
"16-02-2022","707.67","726.60","728.27","703.77","514.74K","-1.86%"
"15-02-2022","721.07","691.33","724.33","684.00","929.19K","4.37%"
"14-02-2022","690.87","693.33","703.33","678.00","804.09K","-3.27%"
"11-02-2022","714.23","723.33","733.03","703.60","2.48M","-0.40%"
"10-02-2022","717.07","717.67","723.33","703.33","616.57K","0.47%"
"09-02-2022","713.73","709.33","716.67","702.00","457.14K","1.58%"
"08-02-2022","702.63","703.20","711.37","690.23","566.38K","0.33%"
"07-02-2022","700.30","706.80","712.53","683.33","972.74K","-0.66%"
"04-02-2022","704.93","724.13","726.67","701.33","458.29K","-2.39%"
"03-02-2022","722.20","732.00","733.33","718.23","625.13K","-1.30%"
"02-02-2022","731.70","706.93","738.00","699.93","1.32M","3.50%"
"01-02-2022","706.93","688.00","709.90","687.70","782.25K","2.80%"
"31-01-2022","687.70","678.67","691.90","678.67","612.38K","1.30%"
"28-01-2022","678.87","683.40","694.67","672.23","1.85M","-0.45%"
"27-01-2022","681.97","706.67","725.20","667.57","2.42M","-5.23%"
"25-01-2022","719.57","728.00","742.17","700.27","1.30M","-3.80%"
"24-01-2022","747.97","786.00","800.00","727.53","1.47M","-5.07%"
"21-01-2022","787.90","779.33","804.37","761.33","1.44M","1.01%"
"20-01-2022","780.00","776.67","796.13","773.33","1.45M","0.21%"
"19-01-2022","778.37","763.33","808.00","757.60","2.51M","2.03%"
"18-01-2022","762.87","784.67","784.67","757.20","815.45K","-1.20%"
"17-01-2022","772.17","778.00","791.93","769.97","752.18K","-0.57%"
"14-01-2022","776.57","776.73","799.97","772.93","1.12M","-1.53%"
"13-01-2022","788.60","763.50","791.80","753.33","1.02M","3.29%"
"12-01-2022","763.50","752.67","767.00","740.00","1.11M","2.33%"
"11-01-2022","746.10","716.67","749.33","714.77","1.29M","4.40%"
"10-01-2022","714.67","726.67","729.83","708.00","907.41K","-1.22%"
"07-01-2022","723.47","714.67","730.00","712.60","723.15K","0.45%"
"06-01-2022","720.23","711.33","725.97","703.13","612.65K","0.89%"
"05-01-2022","713.90","703.33","720.77","699.87","1.11M","1.41%"
"04-01-2022","703.97","700.00","711.33","697.33","387.05K","0.13%"
"03-01-2022","703.07","710.00","710.00","694.00","545.93K","-0.98%"
"31-12-2021","710.00","695.00","713.27","686.37","678.62K","3.11%"
"30-12-2021","688.57","697.07","697.07","683.93","910.56K","-0.54%"
"29-12-2021","692.30","693.77","700.60","684.67","378.63K","0.35%"
"28-12-2021","689.87","703.00","706.07","688.00","502.60K","-1.55%"
"27-12-2021","700.70","680.00","712.00","680.00","1.25M","0.97%"
"24-12-2021","694.00","695.57","701.83","680.17","432.53K","-0.11%"
"23-12-2021","694.77","696.00","704.57","688.00","865.62K","-0.26%"
"22-12-2021","696.57","686.67","709.63","677.03","1.27M","2.60%"
"21-12-2021","678.90","682.67","689.77","672.07","566.76K","1.04%"
"20-12-2021","671.93","686.67","686.67","647.07","1.28M","-2.63%"
"17-12-2021","690.07","687.47","709.27","675.43","1.21M","0.38%"
"16-12-2021","687.47","698.00","702.37","670.00","1.68M","-0.47%"
"15-12-2021","690.73","690.00","724.63","686.97","2.51M","0.55%"
"14-12-2021","686.97","683.33","695.03","667.20","924.90K","-0.08%"
"13-12-2021","687.50","693.33","701.80","685.33","505.63K","-0.45%"
"10-12-2021","690.63","693.33","693.33","683.33","348.11K","-0.14%"
"09-12-2021","691.63","700.40","700.40","685.07","321.97K","-0.34%"
"08-12-2021","694.00","690.67","701.33","678.67","825.97K","2.26%"
"07-12-2021","678.63","670.00","690.67","663.43","966.93K","2.00%"
"06-12-2021","665.33","686.07","686.07","659.40","560.28K","-2.25%"
"03-12-2021","680.63","691.00","691.27","675.87","992.89K","-1.01%"
"02-12-2021","687.57","688.67","696.57","680.13","1.36M","0.70%"
"01-12-2021","682.80","688.10","692.37","670.67","1.26M","0.97%"
"30-11-2021","676.27","683.33","711.87","668.53","1.61M","-1.20%"
"29-11-2021","684.47","690.00","704.60","661.60","1.28M","-1.44%"
"26-11-2021","694.43","722.00","727.90","683.33","1.36M","-4.66%"
"25-11-2021","728.40","726.67","732.63","718.33","903.88K","-0.29%"
"24-11-2021","730.50","740.77","745.33","726.67","1.57M","-1.45%"
"23-11-2021","741.27","739.33","751.10","729.03","2.01M","-0.08%"
"22-11-2021","741.87","741.60","759.70","734.40","1.09M","-2.18%"
"18-11-2021","758.43","769.97","772.00","730.33","1.50M","-1.35%"
"17-11-2021","768.80","793.23","800.00","763.33","1.19M","-3.12%"
"16-11-2021","793.57","764.47","801.80","760.83","1.87M","2.86%"
"15-11-2021","771.47","771.30","782.00","760.00","1.09M","0.70%"
"12-11-2021","766.10","766.80","773.33","752.40","754.20K","0.17%"
"11-11-2021","764.80","749.13","770.43","747.43","1.47M","2.03%"
"10-11-2021","749.57","751.33","755.93","739.33","754.56K","-0.27%"
"09-11-2021","751.60","733.33","755.33","729.40","1.55M","2.44%"
"08-11-2021","733.70","733.20","743.93","723.33","1.65M","0.57%"
"04-11-2021","729.53","733.33","735.60","726.83","211.67K","0.20%"
"03-11-2021","728.10","731.33","754.87","716.77","8.80M","5.27%"
"02-11-2021","691.63","692.67","712.00","686.67","2.28M","1.24%"
"01-11-2021","683.13","676.00","685.43","664.43","809.03K","2.15%"
"29-10-2021","668.77","670.33","692.07","659.67","669.87K","-0.25%"
"28-10-2021","670.47","691.67","696.10","666.67","743.09K","-2.72%"
"27-10-2021","689.23","701.50","714.83","684.17","715.37K","-0.73%"
"26-10-2021","694.30","682.67","702.83","677.67","1.50M","2.04%"
"25-10-2021","680.43","707.33","723.33","672.77","1.16M","-2.87%"
"22-10-2021","700.57","720.63","741.80","695.60","1.22M","-2.73%"
"21-10-2021","720.23","748.33","749.10","711.37","705.22K","-2.79%"
"20-10-2021","740.93","744.43","758.80","723.33","861.63K","-0.47%"
"19-10-2021","744.43","773.33","783.03","729.47","1.25M","-3.26%"
"18-10-2021","769.53","777.30","786.63","763.80","857.30K","-0.01%"
"14-10-2021","769.63","783.37","789.33","763.33","844.59K","-1.68%"
"13-10-2021","782.80","750.10","806.63","735.73","2.15M","3.58%"
"12-10-2021","755.73","739.33","762.00","730.00","1.60M","2.76%"
"11-10-2021","735.43","743.20","760.00","730.43","1.02M","-0.02%"
"08-10-2021","735.57","746.63","746.63","725.40","659.40K","-0.50%"
"07-10-2021","739.23","706.00","751.30","703.37","2.98M","6.16%"
"06-10-2021","696.37","706.63","731.87","690.70","1.99M","-0.50%"
"05-10-2021","699.90","700.00","712.00","693.50","1.01M","0.35%"
"04-10-2021","697.43","702.33","704.93","680.50","1.57M","0.17%"
"01-10-2021","696.23","683.90","726.67","680.00","4.94M","1.80%"
"30-09-2021","683.90","675.33","694.40","667.50","1.41M","1.61%"
"29-09-2021","673.07","675.97","675.97","646.67","623.03K","-0.43%"
"28-09-2021","675.97","672.67","680.00","662.63","918.19K","1.06%"
"27-09-2021","668.87","663.33","672.00","655.13","472.08K","1.59%"
"24-09-2021","658.37","678.20","683.57","652.00","1.25M","-1.89%"
"23-09-2021","671.03","659.33","687.87","657.40","1.81M","2.32%"
"22-09-2021","655.80","656.67","663.33","650.63","379.32K","-0.35%"
"21-09-2021","658.10","654.33","660.77","637.50","648.55K","0.82%"
"20-09-2021","652.77","647.33","668.30","635.33","854.22K","-0.34%"
"17-09-2021","654.97","666.67","666.67","642.67","844.08K","-1.34%"
"16-09-2021","663.83","673.00","673.63","660.10","429.41K","-0.60%"
"15-09-2021","667.83","670.50","673.33","658.00","953.55K","-0.22%"
"14-09-2021","669.33","673.30","682.50","666.70","793.57K","-0.21%"
"13-09-2021","670.73","676.00","685.13","665.50","673.03K","-1.61%"
"09-09-2021","681.70","692.37","696.90","673.53","1.84M","-1.09%"
"08-09-2021","689.23","667.33","700.00","663.33","3.34M","3.49%"
"07-09-2021","666.00","673.20","681.30","662.17","896.61K","-1.08%"
"06-09-2021","673.27","666.73","682.60","663.80","970.38K","1.43%"
"03-09-2021","663.80","672.60","678.43","656.10","681.52K","-0.48%"
"02-09-2021","667.00","666.27","675.77","657.03","901.19K","0.61%"
"01-09-2021","662.93","669.63","691.13","658.80","1.29M","-1.24%"
"31-08-2021","671.27","663.33","676.63","650.67","1.45M","1.57%"
"30-08-2021","660.87","636.67","671.33","634.00","2.97M","4.51%"
"27-08-2021","632.33","630.47","638.67","626.67","957.76K","0.76%"
"26-08-2021","627.57","613.33","642.77","613.30","4.68M","2.68%"
"25-08-2021","611.17","601.80","615.03","593.57","1.14M","1.78%"
"24-08-2021","600.50","592.47","602.00","584.13","769.06K","1.87%"
"23-08-2021","589.47","599.67","601.17","577.43","1.07M","-1.45%"
"20-08-2021","598.13","587.83","610.00","581.17","1.32M","-0.39%"
"18-08-2021","600.50","596.43","602.60","585.77","716.62K","1.50%"
"17-08-2021","591.60","580.00","605.93","578.00","1.46M","1.45%"
"16-08-2021","583.13","589.97","592.77","577.30","655.39K","-0.92%"
"13-08-2021","588.57","600.33","602.67","584.43","1.11M","-1.54%"
"12-08-2021","597.80","603.67","608.93","586.73","889.07K","-0.42%"
"11-08-2021","600.33","614.00","620.00","568.00","4.44M","-4.79%"
"10-08-2021","630.53","621.57","642.73","613.80","3.30M","1.82%"
"09-08-2021","619.27","617.57","625.63","611.10","1.01M","1.04%"
"06-08-2021","612.90","614.13","624.63","608.17","954.69K","0.42%"
"05-08-2021","610.33","620.40","626.60","598.67","1.56M","-1.44%"
"04-08-2021","619.27","631.30","635.13","613.83","503.15K","-1.05%"
"03-08-2021","625.83","643.93","643.93","622.70","858.02K","-1.87%"
"02-08-2021","637.73","615.53","646.00","615.27","2.01M","3.65%"
"30-07-2021","615.27","613.13","628.63","608.00","1.08M","0.87%"
"29-07-2021","609.93","617.67","622.10","607.00","538.30K","-1.23%"
"28-07-2021","617.53","611.33","621.13","598.97","1.11M","1.01%"
"27-07-2021","611.33","594.67","617.30","590.03","1.42M","2.91%"
"26-07-2021","594.03","597.67","598.00","580.40","920.13K","-0.01%"
"23-07-2021","594.10","615.30","615.30","591.90","922.00K","-3.19%"
"22-07-2021","613.67","578.00","616.67","576.70","2.72M","6.86%"
"20-07-2021","574.27","579.93","579.93","558.67","1.13M","-0.99%"
"19-07-2021","580.00","585.27","586.00","573.33","1.14M","-1.13%"
"16-07-2021","586.60","607.33","607.33","585.33","854.91K","-2.54%"
"15-07-2021","601.87","614.20","618.63","599.33","659.11K","-1.65%"
"14-07-2021","611.97","620.67","624.03","609.53","1.03M","-0.95%"
"13-07-2021","617.87","605.27","624.47","600.60","1.26M","3.06%"
"12-07-2021","599.50","606.67","616.60","596.67","864.24K","-0.67%"
"09-07-2021","603.53","614.20","616.33","600.00","760.60K","-1.74%"
"08-07-2021","614.20","609.80","631.97","604.00","3.27M","1.36%"
"07-07-2021","605.93","605.03","608.13","595.57","425.49K","0.78%"
"06-07-2021","601.23","603.33","611.73","594.27","1.10M","-0.01%"
"05-07-2021","601.30","606.33","614.00","597.33","1.97M","0.24%"
"02-07-2021","599.87","577.77","606.53","571.67","2.92M","4.88%"
"01-07-2021","571.93","567.60","574.67","565.33","208.05K","0.95%"
"30-06-2021","566.57","570.07","577.17","564.17","526.59K","-1.48%"
"29-06-2021","575.10","586.00","587.33","570.73","486.25K","-2.12%"
"28-06-2021","587.57","575.33","590.60","570.17","621.35K","2.07%"
"25-06-2021","575.67","573.33","578.50","568.83","454.49K","0.76%"
"24-06-2021","571.33","573.33","576.27","566.67","506.34K","-0.06%"
"23-06-2021","571.67","573.33","578.50","566.00","656.72K","0.53%"
"22-06-2021","568.67","574.00","576.27","566.00","641.18K","-0.03%"
"21-06-2021","568.83","562.00","575.10","554.03","974.85K","0.48%"
"18-06-2021","566.13","575.93","576.60","560.13","1.51M","-0.75%"
"17-06-2021","570.40","561.33","596.67","552.63","2.73M","0.52%"
"16-06-2021","567.47","571.33","579.87","565.43","369.68K","-0.64%"
"15-06-2021","571.10","576.00","581.27","568.97","459.68K","-1.26%"
"14-06-2021","578.37","580.67","585.03","567.00","339.93K","-0.70%"
"11-06-2021","582.43","590.00","594.97","578.57","885.91K","-0.37%"
"10-06-2021","584.60","569.33","589.90","558.93","1.55M","3.79%"
"09-06-2021","563.23","579.30","581.97","560.67","697.73K","-2.43%"
"08-06-2021","577.23","571.67","579.57","565.33","555.67K","0.97%"
"07-06-2021","571.67","567.40","582.67","563.33","694.69K","0.63%"
"04-06-2021","568.07","568.50","575.50","565.00","1.17M","-0.31%"
"03-06-2021","569.83","568.77","575.93","564.80","607.50K","0.19%"
"02-06-2021","568.77","557.67","570.00","555.33","1.24M","1.54%"
"01-06-2021","560.13","571.33","575.20","555.57","1.05M","-1.34%"
"31-05-2021","567.77","554.67","571.20","549.73","1.94M","3.03%"
"28-05-2021","551.07","552.27","564.90","548.43","1.36M","-0.18%"
"27-05-2021","552.07","547.33","556.17","545.67","1.41M","0.25%"
"26-05-2021","550.67","556.47","557.90","549.33","748.73K","0.16%"
"25-05-2021","549.77","546.27","553.93","540.53","1.08M","1.84%"
"24-05-2021","539.83","554.33","559.33","537.33","1.03M","-2.07%"
"21-05-2021","551.23","540.67","554.87","535.33","1.21M","1.88%"
"20-05-2021","541.07","550.93","552.97","535.60","835.00K","-0.96%"
"19-05-2021","546.30","556.67","570.00","541.37","2.78M","-1.07%"
"18-05-2021","552.20","533.33","555.27","532.83","3.41M","4.17%"
"17-05-2021","530.10","515.10","542.63","507.07","2.93M","2.92%"
"14-05-2021","515.07","513.33","522.00","505.53","812.12K","0.32%"
"12-05-2021","513.40","505.73","517.33","503.37","621.64K","0.90%"
"11-05-2021","508.80","494.67","516.67","494.67","1.23M","2.07%"
"10-05-2021","498.50","503.20","510.67","497.33","651.03K","-0.66%"
"07-05-2021","501.83","523.90","523.90","495.60","769.94K","-3.26%"
"06-05-2021","518.77","531.33","533.33","509.20","998.20K","-2.25%"
"05-05-2021","530.70","525.10","540.00","517.07","1.84M","2.48%"
"04-05-2021","517.87","532.00","532.00","515.33","976.63K","-0.80%"
"03-05-2021","522.03","505.33","524.67","490.73","1.26M","0.82%"
"30-04-2021","517.80","517.73","527.13","507.30","2.76M","0.11%"
"29-04-2021","517.23","519.33","526.00","512.40","884.36K","0.51%"
"28-04-2021","514.63","526.67","528.00","508.50","889.91K","-1.56%"
"27-04-2021","522.80","524.00","529.67","517.63","1.28M","0.47%"
"26-04-2021","520.33","520.60","524.67","507.90","1.24M","1.32%"
"23-04-2021","513.53","498.00","525.30","494.67","5.26M","3.06%"
"22-04-2021","498.27","487.87","500.00","483.33","633.70K","1.48%"
"20-04-2021","491.00","485.77","498.40","485.20","713.83K","1.08%"
"19-04-2021","485.77","480.00","493.03","461.47","1.07M","-2.02%"
"16-04-2021","495.77","493.40","503.87","487.33","1.04M","0.48%"
"15-04-2021","493.40","484.67","497.33","476.53","1.31M","1.49%"
"13-04-2021","486.17","474.47","488.53","474.47","655.99K","2.60%"
"12-04-2021","473.83","472.70","479.87","459.33","1.38M","-2.53%"
"09-04-2021","486.13","490.00","490.67","482.17","517.31K","-0.08%"
"08-04-2021","486.50","483.93","490.87","480.37","919.82K","1.07%"
"07-04-2021","481.37","466.70","488.67","463.00","2.43M","2.61%"
"06-04-2021","469.10","487.67","490.70","466.67","1.90M","-3.54%"
"05-04-2021","486.30","498.00","499.17","480.93","1.11M","-2.85%"
"01-04-2021","500.57","506.67","509.47","492.70","1.22M","-0.03%"
"31-03-2021","500.70","510.60","515.23","498.03","936.96K","-1.26%"
"30-03-2021","507.10","513.30","518.10","500.03","942.62K","0.08%"
"26-03-2021","506.70","514.67","519.43","503.50","1.05M","0.28%"
"25-03-2021","505.30","526.07","536.73","497.20","2.04M","-3.45%"
"24-03-2021","523.37","544.60","564.00","518.97","2.11M","-3.53%"
"23-03-2021","542.53","538.00","557.93","534.03","1.20M","1.73%"
"22-03-2021","533.33","533.43","544.57","527.00","983.68K","0.10%"
"19-03-2021","532.80","546.00","551.53","517.33","1.86M","-2.91%"
"18-03-2021","548.77","556.60","564.47","545.67","600.16K","0.07%"
"17-03-2021","548.37","569.03","573.33","546.67","715.61K","-3.14%"
"16-03-2021","566.17","559.23","577.23","558.80","1.17M","0.40%"
"15-03-2021","563.90","586.67","592.07","560.73","1.57M","-3.50%"
"12-03-2021","584.37","610.73","616.60","581.83","996.45K","-3.91%"
"10-03-2021","608.13","610.00","622.67","597.00","910.15K","0.71%"
"09-03-2021","603.83","593.33","629.67","592.07","2.92M","2.39%"
"08-03-2021","589.73","590.67","606.30","586.73","694.02K","0.36%"
"05-03-2021","587.60","616.67","623.87","584.70","1.13M","-4.92%"
"04-03-2021","618.03","600.00","629.80","596.70","1.76M","1.77%"
"03-03-2021","607.27","615.33","615.33","594.00","2.30M","0.55%"
"02-03-2021","603.93","558.67","614.37","553.63","5.70M","9.09%"
"01-03-2021","553.60","546.67","559.93","537.77","664.23K","2.69%"
"26-02-2021","539.10","533.40","548.67","524.00","1.58M","-1.29%"
"25-02-2021","546.17","529.87","550.00","525.83","1.09M","4.37%"
"24-02-2021","523.30","522.73","533.03","508.67","451.97K","-0.06%"
"23-02-2021","523.63","549.93","555.30","520.33","625.59K","-3.79%"
"22-02-2021","544.23","533.17","563.27","528.00","2.50M","2.81%"
"19-02-2021","529.33","514.67","536.67","510.37","946.39K","1.93%"
"18-02-2021","519.33","513.33","524.57","510.23","690.86K","1.38%"
"17-02-2021","512.27","499.47","518.67","486.83","2.02M","2.42%"
"16-02-2021","500.17","473.80","505.33","473.33","3.14M","6.92%"
"15-02-2021","467.80","457.27","475.30","453.97","1.08M","2.34%"
"12-02-2021","457.10","459.33","463.30","454.33","252.21K","-1.14%"
"11-02-2021","462.37","459.33","466.00","451.47","657.87K","0.39%"
"10-02-2021","460.57","451.30","466.00","446.67","504.72K","1.85%"
"09-02-2021","452.20","463.00","463.13","447.37","679.05K","-1.97%"
"08-02-2021","461.27","463.93","463.93","454.67","782.28K","0.50%"
"05-02-2021","458.97","452.80","461.40","445.33","2.14M","2.81%"
"04-02-2021","446.43","453.30","453.30","441.33","640.24K","-1.60%"
"03-02-2021","453.70","448.97","460.00","442.70","963.09K","2.22%"
"02-02-2021","443.83","427.93","454.67","427.43","1.10M","3.84%"
"01-02-2021","427.43","419.33","433.33","416.73","871.09K","3.15%"
"29-01-2021","414.37","438.07","441.70","390.00","1.42M","-5.72%"
"28-01-2021","439.50","433.33","451.43","431.33","709.08K","0.01%"
"27-01-2021","439.47","442.00","448.50","435.60","585.76K","-1.72%"
"25-01-2021","447.17","444.00","451.33","435.20","616.07K","1.55%"
"22-01-2021","440.33","442.00","453.33","426.70","1.89M","-0.92%"
"21-01-2021","444.40","456.67","456.67","440.37","1.31M","-1.96%"
"20-01-2021","453.30","451.33","463.33","438.00","942.35K","0.32%"
"19-01-2021","451.83","446.00","460.17","437.37","656.68K","2.68%"
"18-01-2021","440.03","430.60","466.67","420.00","732.05K","2.57%"
"15-01-2021","429.00","435.93","439.33","426.33","1.06M","-1.70%"
"14-01-2021","436.40","451.23","451.33","432.67","815.25K","-2.77%"
"13-01-2021","448.83","458.60","462.00","444.67","1.04M","-1.66%"
"12-01-2021","456.40","463.33","464.67","455.33","499.78K","-1.32%"
"11-01-2021","462.50","468.60","470.10","458.83","730.61K","-0.24%"
"08-01-2021","463.60","452.00","467.33","449.93","1.35M","2.95%"
"07-01-2021","450.30","450.57","456.57","448.33","454.41K","-0.18%"
"06-01-2021","451.10","452.60","456.20","448.00","341.11K","0.24%"
"05-01-2021","450.00","453.27","453.27","448.00","676.15K","-0.52%"
"04-01-2021","452.33","452.67","455.53","449.33","848.34K","0.57%"
"01-01-2021","449.77","460.60","461.30","448.00","493.24K","-1.88%"
"31-12-2020","458.40","454.07","460.00","450.07","1.19M","1.48%"
"30-12-2020","451.70","449.73","460.17","433.33","993.09K","0.82%"
"29-12-2020","448.03","458.63","460.00","446.00","866.45K","-1.83%"
"28-12-2020","456.40","456.00","463.33","454.67","1.23M","-0.02%"
"24-12-2020","456.50","455.33","461.10","450.00","1.70M","0.59%"
"23-12-2020","453.80","461.47","462.67","452.00","768.97K","-1.66%"
"22-12-2020","461.47","446.67","463.20","441.33","686.96K","1.00%"
"21-12-2020","456.90","465.33","466.70","422.87","1.56M","-1.88%"
"18-12-2020","465.63","468.00","472.87","463.67","961.79K","-0.39%"
"17-12-2020","467.47","480.67","480.67","465.47","1.52M","-2.09%"
"16-12-2020","477.47","477.67","482.67","470.67","2.12M","0.95%"
"15-12-2020","472.97","469.27","478.67","468.00","1.43M","1.38%"
"14-12-2020","466.53","463.33","469.60","462.00","1.03M","1.52%"
"11-12-2020","459.57","450.67","461.97","450.67","832.52K","1.83%"
"10-12-2020","451.30","457.90","462.57","449.33","1.31M","-0.91%"
"09-12-2020","455.47","456.00","465.33","453.33","1.94M","-0.75%"
"08-12-2020","458.90","467.33","471.97","455.57","1.17M","-0.72%"
"07-12-2020","462.23","453.93","465.33","448.00","1.21M","2.42%"
"04-12-2020","451.33","453.33","460.93","445.63","1.23M","-0.12%"
"03-12-2020","451.87","466.20","466.70","450.00","1.76M","-1.95%"
"02-12-2020","460.83","476.00","478.33","456.67","2.23M","-3.39%"
"01-12-2020","477.00","488.60","496.73","470.23","2.63M","-0.67%"
"27-11-2020","480.20","475.30","492.67","463.53","34.23M","1.90%"
"26-11-2020","471.27","489.83","494.00","467.57","1.83M","-3.34%"
"25-11-2020","487.57","516.00","519.83","483.33","1.28M","-5.47%"
"24-11-2020","515.77","524.43","533.33","503.57","3.14M","-1.66%"
"23-11-2020","524.47","508.00","539.30","503.93","3.99M","3.55%"
"20-11-2020","506.50","499.87","516.67","484.03","2.36M","1.82%"
"19-11-2020","497.43","508.00","515.97","494.13","1.90M","-2.24%"
"18-11-2020","508.83","496.03","510.67","494.00","2.14M","2.62%"
"17-11-2020","495.83","503.33","519.87","492.00","3.03M","-1.33%"
"14-11-2020","502.53","500.70","506.00","500.70","127.51K","0.31%"
"13-11-2020","500.97","481.47","505.63","480.33","3.29M","3.51%"
"12-11-2020","483.97","461.97","486.53","460.00","3.24M","3.27%"
"11-11-2020","468.63","483.33","519.93","461.33","8.74M","0.69%"
"10-11-2020","465.43","458.67","470.93","450.20","2.06M","2.48%"
"09-11-2020","454.17","451.30","461.33","448.03","1.51M","1.05%"
"06-11-2020","449.47","450.27","453.33","418.67","1.69M","-0.80%"
"05-11-2020","453.10","451.70","458.67","442.07","544.18K","1.67%"
"04-11-2020","445.67","438.70","455.00","438.70","552.46K","2.10%"
"03-11-2020","436.50","451.27","455.87","434.67","558.55K","-2.96%"
"02-11-2020","449.80","441.90","454.67","427.30","501.83K","2.30%"
"30-10-2020","439.70","448.00","450.53","436.33","373.41K","-1.80%"
"29-10-2020","447.77","457.27","457.27","443.43","533.05K","-1.60%"
"28-10-2020","455.07","467.33","469.33","448.43","2.05M","0.05%"
"27-10-2020","454.83","421.33","473.80","421.33","3.91M","7.35%"
"26-10-2020","423.70","424.10","431.17","418.67","196.17K","-0.09%"
"23-10-2020","424.10","429.33","432.67","421.43","333.40K","-0.83%"
"22-10-2020","427.67","424.80","440.27","418.00","517.87K","1.06%"
"21-10-2020","423.20","430.53","441.50","421.00","262.81K","-0.87%"
"20-10-2020","426.93","428.33","443.30","424.77","349.79K","-0.94%"
"19-10-2020","431.00","445.67","445.67","428.20","208.73K","-2.47%"
"16-10-2020","441.90","436.73","450.00","436.73","192.97K","1.37%"
"15-10-2020","435.93","429.97","449.70","425.37","601.36K","-2.42%"
"14-10-2020","446.73","459.93","460.50","417.87","890.41K","-3.30%"
"13-10-2020","461.97","469.77","469.77","455.33","1.24M","-1.28%"
"12-10-2020","467.97","453.00","475.17","451.23","1.25M","3.30%"
"09-10-2020","453.00","459.87","459.87","450.00","1.14M","-1.56%"
"08-10-2020","460.20","449.33","465.93","448.73","2.16M","2.21%"
"07-10-2020","450.27","453.33","454.70","444.17","2.58M","-0.48%"
"06-10-2020","452.43","446.27","455.97","446.27","1.02M","1.38%"
"05-10-2020","446.27","446.67","450.63","426.67","416.61K","-0.59%"
"01-10-2020","448.90","453.33","455.33","441.10","461.11K","0.22%"
"30-09-2020","447.93","455.97","455.97","443.37","1.28M","1.40%"
"29-09-2020","441.77","453.33","456.67","433.33","739.94K","-0.46%"
"28-09-2020","443.80","427.33","449.80","425.37","483.54K","5.17%"
"25-09-2020","422.00","421.33","428.80","415.50","336.33K","1.26%"
"24-09-2020","416.73","406.73","421.30","403.73","340.90K","-0.16%"
"23-09-2020","417.40","426.67","433.33","401.33","542.63K","-1.29%"
"22-09-2020","422.87","428.10","431.97","409.30","480.92K","-2.30%"
"21-09-2020","432.83","458.13","462.67","427.73","2.29M","-4.80%"
"18-09-2020","454.67","478.67","484.50","447.33","6.82M","-4.41%"
"17-09-2020","475.67","494.80","499.53","473.33","862.50K","-5.55%"
"16-09-2020","503.60","505.77","512.67","490.20","1.48M","1.01%"
"15-09-2020","498.57","466.73","503.73","466.70","3.00M","7.54%"
"14-09-2020","463.60","465.93","499.33","460.37","2.69M","0.01%"
"11-09-2020","463.53","453.30","470.00","444.90","1.65M","2.28%"
"10-09-2020","453.20","437.27","459.00","434.83","1.68M","4.36%"
"09-09-2020","434.27","420.00","438.53","418.00","1.35M","2.55%"
"08-09-2020","423.47","428.53","438.57","420.07","491.99K","-1.85%"
"07-09-2020","431.43","433.33","439.20","428.37","715.45K","-0.43%"
"04-09-2020","433.30","423.33","439.00","423.33","662.20K","-0.28%"
"03-09-2020","434.53","438.67","440.57","430.00","651.33K","0.01%"
"02-09-2020","434.50","425.47","438.67","422.83","542.65K","2.07%"
"01-09-2020","425.70","418.40","427.77","416.67","594.39K","-0.10%"
"31-08-2020","426.13","436.90","439.53","406.97","955.38K","-1.73%"
"28-08-2020","433.63","435.33","440.67","430.67","899.46K","0.25%"
"27-08-2020","432.53","435.33","448.53","431.37","1.54M","-0.17%"
"26-08-2020","433.27","434.37","456.00","431.20","2.41M","0.49%"
"25-08-2020","431.13","417.57","443.67","416.27","1.99M","3.85%"
"24-08-2020","415.17","407.60","444.00","404.00","2.46M","2.76%"
"21-08-2020","404.03","412.00","413.20","402.67","404.61K","-1.17%"
"20-08-2020","408.83","403.33","416.40","401.77","935.29K","-0.52%"
"19-08-2020","410.97","396.77","419.00","388.13","1.34M","4.58%"
"18-08-2020","392.97","374.00","396.60","374.00","1.11M","5.24%"
"17-08-2020","373.40","377.33","380.00","371.77","217.60K","-1.05%"
"14-08-2020","377.37","380.00","392.00","370.20","524.80K","-1.57%"
"13-08-2020","383.40","370.07","393.00","370.07","1.04M","3.70%"
"12-08-2020","369.73","370.37","379.77","368.00","618.96K","-0.17%"
"11-08-2020","370.37","388.33","388.80","369.33","622.87K","-4.60%"
"10-08-2020","388.23","388.97","397.67","384.67","359.53K","0.64%"
"07-08-2020","385.77","372.07","398.53","372.07","973.33K","3.68%"
"06-08-2020","372.07","365.80","374.00","365.80","240.73K","1.73%"
"05-08-2020","365.73","376.60","378.87","362.77","272.36K","-2.12%"
"04-08-2020","373.67","370.67","376.53","366.70","269.13K","1.26%"
"03-08-2020","369.00","374.33","376.47","367.03","177.34K","-0.82%"
"31-07-2020","372.07","369.50","385.10","366.77","896.52K","1.39%"
"30-07-2020","366.97","371.27","382.93","364.50","363.30K","-0.72%"
"29-07-2020","369.63","366.67","379.27","361.33","335.63K","0.90%"
"28-07-2020","366.33","367.50","370.07","363.37","311.31K","-0.13%"
"27-07-2020","366.80","386.60","388.53","360.40","717.35K","-4.72%"
"24-07-2020","384.97","392.47","394.50","383.33","171.36K","-2.06%"
"23-07-2020","393.07","401.77","408.00","389.33","376.09K","-2.28%"
"22-07-2020","402.23","406.83","408.00","397.67","253.13K","-1.13%"
"21-07-2020","406.83","413.33","414.63","403.03","197.89K","-0.56%"
"20-07-2020","409.13","414.97","417.83","407.33","396.11K","-1.41%"
"17-07-2020","414.97","408.60","419.93","407.33","330.84K","1.95%"
"16-07-2020","407.03","408.43","413.13","401.47","458.11K","-1.67%"
"15-07-2020","413.93","421.53","422.93","408.67","625.12K","-1.41%"
"14-07-2020","419.83","409.97","421.33","404.67","1.57M","2.66%"
"13-07-2020","408.97","416.70","418.30","405.70","1.04M","-2.46%"
"10-07-2020","419.27","418.67","423.33","412.00","486.61K","1.16%"
"09-07-2020","414.47","417.73","422.00","412.33","276.99K","-0.96%"
"08-07-2020","418.50","419.97","429.37","415.07","460.02K","-0.35%"
"07-07-2020","419.97","422.70","422.70","414.67","497.14K","-0.01%"
"06-07-2020","420.00","416.00","422.67","414.10","747.33K","1.69%"
"03-07-2020","413.00","409.33","416.47","409.07","248.34K","1.48%"
"02-07-2020","406.97","410.70","420.00","404.57","246.08K","-0.63%"
"01-07-2020","409.57","410.00","423.67","406.67","549.16K","-0.15%"
"30-06-2020","410.20","434.67","441.33","404.40","705.31K","-5.57%"
"29-06-2020","434.40","453.33","462.77","427.57","960.65K","-5.21%"
"26-06-2020","458.27","453.33","471.33","453.33","2.13M","0.19%"
"25-06-2020","457.40","438.37","465.00","422.07","2.21M","3.13%"
"24-06-2020","443.50","445.33","452.00","420.00","2.56M","1.20%"
"23-06-2020","438.23","396.53","458.47","385.40","3.05M","12.11%"
"22-06-2020","390.90","382.00","398.20","372.00","735.76K","2.89%"
"19-06-2020","379.93","355.03","383.33","352.47","1.02M","8.07%"
"18-06-2020","351.57","347.33","358.00","347.33","228.45K","0.56%"
"17-06-2020","349.60","341.73","354.57","340.00","235.16K","0.57%"
"16-06-2020","347.63","351.27","353.33","340.83","539.24K","2.01%"
"15-06-2020","340.80","346.00","358.60","337.33","345.61K","-1.00%"
"12-06-2020","344.23","333.73","349.33","327.40","1.04M","-2.21%"
"11-06-2020","352.00","361.33","363.20","348.83","336.24K","-2.58%"
"10-06-2020","361.33","366.67","374.63","360.07","313.68K","-2.51%"
"09-06-2020","370.63","376.23","382.37","367.57","319.68K","-1.49%"
"08-06-2020","376.23","390.00","393.33","373.80","706.98K","-2.58%"
"05-06-2020","386.20","373.63","389.07","367.40","515.45K","4.17%"
"04-06-2020","370.73","382.53","389.93","365.63","1.43M","-3.44%"
"03-06-2020","383.93","369.33","391.10","365.40","2.14M","7.14%"
"02-06-2020","358.33","341.90","363.33","341.33","1.15M","5.82%"
"01-06-2020","338.63","320.67","342.67","320.00","1.42M","8.34%"
"29-05-2020","312.57","306.67","314.00","304.07","173.68K","1.32%"
"28-05-2020","308.50","313.30","316.57","305.07","197.05K","-1.03%"
"27-05-2020","311.70","306.60","313.27","306.40","392.78K","1.74%"
"26-05-2020","306.37","301.33","308.67","291.37","948.25K","3.86%"
"22-05-2020","294.97","302.20","309.87","290.43","408.26K","-2.07%"
"21-05-2020","301.20","284.67","306.33","280.20","724.87K","6.70%"
"20-05-2020","282.30","269.33","284.60","268.93","733.78K","4.97%"
"19-05-2020","268.93","281.00","283.20","267.37","269.50K","-2.68%"
"18-05-2020","276.33","292.67","293.23","270.57","571.62K","-6.09%"
"15-05-2020","294.27","300.03","301.60","293.33","520.21K","-1.94%"
"14-05-2020","300.10","300.53","304.63","296.77","458.74K","-0.14%"
"13-05-2020","300.53","305.80","308.37","298.00","1.51M","0.47%"
"12-05-2020","299.13","302.93","305.33","295.80","191.89K","-0.41%"
"11-05-2020","300.37","308.47","311.03","299.33","313.71K","-2.01%"
"08-05-2020","306.53","316.00","316.00","304.07","364.56K","-1.20%"
"07-05-2020","310.27","313.60","316.83","309.30","321.59K","-1.08%"
"06-05-2020","313.67","319.80","324.63","301.03","1.13M","-1.11%"
"05-05-2020","317.20","321.33","324.87","316.37","490.58K","-0.37%"
"04-05-2020","318.37","326.70","329.97","314.00","404.44K","-5.44%"
"30-04-2020","336.67","329.33","339.93","328.10","1.40M","3.69%"
"29-04-2020","324.70","326.00","331.63","322.00","313.63K","-0.96%"
"28-04-2020","327.83","330.67","334.00","314.27","1.95M","-0.46%"
"27-04-2020","329.33","322.00","336.87","319.23","1.06M","1.70%"
"24-04-2020","323.83","330.00","330.00","318.80","298.77K","-2.64%"
"23-04-2020","332.60","316.67","336.40","316.67","1.71M","5.35%"
"22-04-2020","315.70","312.47","318.67","306.67","511.64K","0.02%"
"21-04-2020","315.63","313.33","319.93","305.03","410.45K","-1.02%"
"20-04-2020","318.90","326.93","338.27","315.70","597.56K","-2.11%"
"17-04-2020","325.77","313.33","334.67","310.37","1.73M","6.15%"
"16-04-2020","306.90","302.93","308.30","300.67","434.86K","1.31%"
"15-04-2020","302.93","303.70","309.33","298.67","2.81M","0.12%"
"13-04-2020","302.57","311.37","311.93","288.70","1.02M","-2.31%"
"09-04-2020","309.73","314.60","331.00","305.43","2.01M","0.43%"
"08-04-2020","308.40","305.33","321.33","301.67","368.96K","1.26%"
"07-04-2020","304.57","314.67","316.77","300.77","762.99K","1.47%"
"03-04-2020","300.17","313.30","317.20","287.67","767.54K","-3.32%"
"01-04-2020","310.47","317.00","326.17","304.00","565.95K","-3.85%"
"31-03-2020","322.90","316.60","330.00","304.67","1.16M","6.84%"
"30-03-2020","302.23","320.00","320.00","298.93","500.46K","-6.20%"
"27-03-2020","322.20","342.63","353.33","314.43","836.53K","-2.51%"
"26-03-2020","330.50","299.60","338.00","277.50","937.09K","11.01%"
"25-03-2020","297.73","266.67","320.00","253.53","584.20K","10.44%"
"24-03-2020","269.60","254.23","283.33","243.33","826.03K","0.05%"
"23-03-2020","269.47","294.67","319.87","269.47","877.77K","-20.00%"
"20-03-2020","336.83","313.93","349.60","298.83","847.74K","7.29%"
"19-03-2020","313.93","300.67","322.27","281.40","1.50M","-3.70%"
"18-03-2020","326.00","360.00","368.03","304.67","1.30M","-8.91%"
"17-03-2020","357.90","377.33","386.67","350.00","840.54K","-6.15%"
"16-03-2020","381.33","380.00","392.00","353.33","1.00M","-4.74%"
"13-03-2020","400.30","353.67","433.33","353.67","1.32M","0.55%"
"12-03-2020","398.10","413.33","423.33","378.00","1.40M","-9.45%"
"11-03-2020","439.63","442.97","465.33","430.10","524.67K","-0.14%"
"09-03-2020","440.23","450.00","453.33","414.17","882.95K","-4.82%"
"06-03-2020","462.53","440.00","466.53","432.67","625.15K","1.31%"
"05-03-2020","456.57","463.30","471.13","453.33","485.45K","0.18%"
"04-03-2020","455.77","490.00","491.13","449.27","1.13M","-5.83%"
"03-03-2020","483.97","489.97","502.67","480.00","507.94K","-0.80%"
"02-03-2020","487.87","500.33","518.67","482.10","555.04K","-0.73%"
"28-02-2020","491.47","476.60","506.67","453.33","1.11M","0.42%"
"27-02-2020","489.40","488.73","499.13","485.33","424.95K","-0.53%"
"26-02-2020","492.00","503.33","508.00","490.00","870.19K","-3.42%"
"25-02-2020","509.40","528.00","536.47","506.67","696.91K","-4.00%"
"24-02-2020","530.63","517.27","535.30","511.40","815.05K","2.56%"
"20-02-2020","517.37","517.27","529.33","510.00","1.61M","0.12%"
"19-02-2020","516.77","487.90","519.33","487.90","985.38K","6.56%"
"18-02-2020","484.93","500.67","509.73","477.20","808.24K","-2.99%"
"17-02-2020","499.87","502.00","521.83","490.70","1.27M","-1.12%"
"14-02-2020","505.53","491.07","509.33","475.07","1.60M","3.25%"
"13-02-2020","489.60","472.00","494.67","468.00","1.31M","4.13%"
"12-02-2020","470.20","450.57","483.33","449.00","1.85M","4.19%"
"11-02-2020","451.30","467.00","476.40","446.60","1.45M","-2.70%"
"10-02-2020","463.83","443.33","467.77","428.10","1.66M","5.01%"
"07-02-2020","441.70","413.33","452.27","413.33","3.89M","11.71%"
"06-02-2020","395.40","397.33","399.33","393.40","241.28K","0.08%"
"05-02-2020","395.07","401.17","401.87","390.00","271.58K","-1.36%"
"04-02-2020","400.50","397.43","404.67","396.67","335.53K","1.13%"
"03-02-2020","396.03","386.73","397.83","386.57","504.22K","3.38%"
"01-02-2020","383.10","392.93","396.37","376.00","128.16K","-2.73%"
"31-01-2020","393.87","390.67","396.67","386.67","162.31K","1.51%"
"30-01-2020","388.00","390.80","396.63","385.90","133.45K","-0.04%"
"29-01-2020","388.17","394.27","400.00","385.33","201.52K","-0.97%"
"28-01-2020","391.97","382.03","398.53","378.67","424.93K","2.65%"
"27-01-2020","381.83","384.67","389.50","380.00","106.67K","-1.81%"
"24-01-2020","388.87","394.53","397.33","384.07","192.49K","-1.05%"
"23-01-2020","393.00","393.37","396.17","388.20","123.93K","0.56%"
"22-01-2020","390.80","402.63","403.33","388.13","107.93K","-1.36%"
"21-01-2020","396.20","399.50","402.27","392.23","326.97K","-1.00%"
"20-01-2020","400.20","396.67","407.97","396.30","691.48K","1.50%"
"17-01-2020","394.27","397.20","399.97","377.10","269.10K","-0.02%"
"16-01-2020","394.33","389.93","400.00","389.33","484.51K","1.29%"
"15-01-2020","389.30","374.10","391.00","370.00","852.73K","4.06%"
"14-01-2020","374.10","364.73","376.67","361.47","228.05K","2.88%"
"13-01-2020","363.63","367.33","371.93","360.67","119.19K","-0.93%"
"10-01-2020","367.03","365.83","372.67","362.00","235.18K","0.57%"
"09-01-2020","364.97","356.67","371.90","354.67","300.81K","2.91%"
"08-01-2020","354.63","351.07","356.37","347.60","244.77K","-0.19%"
"07-01-2020","355.30","354.67","360.57","352.27","230.94K","0.57%"
"06-01-2020","353.30","355.33","356.60","347.60","158.95K","-1.11%"
"03-01-2020","357.27","361.60","361.87","356.00","95.13K","-1.01%"
"02-01-2020","360.90","353.00","363.93","352.47","237.96K","2.21%"
"01-01-2020","353.10","351.33","356.50","349.33","161.77K","0.47%"
"31-12-2019","351.43","363.87","367.90","348.20","576.87K","-3.17%"
"30-12-2019","362.93","366.50","378.33","361.33","833.88K","-0.19%"
"27-12-2019","363.63","351.87","364.97","348.00","620.38K","3.93%"
"26-12-2019","349.87","348.87","351.27","343.43","116.99K","0.69%"
"24-12-2019","347.47","348.13","353.13","345.97","145.81K","0.29%"
"23-12-2019","346.47","351.33","358.93","343.37","279.45K","-1.41%"
"20-12-2019","351.43","344.00","356.33","342.00","297.77K","2.29%"
"19-12-2019","343.57","342.67","345.93","338.17","82.54K","0.44%"
"18-12-2019","342.07","344.20","346.43","338.40","110.41K","-0.62%"
"17-12-2019","344.20","342.67","351.00","334.63","586.03K","0.95%"
"16-12-2019","340.97","338.67","341.93","338.03","160.56K","1.21%"
"13-12-2019","336.90","335.13","343.27","333.87","504.99K","-0.02%"
"12-12-2019","336.97","331.33","343.30","330.97","148.77K","1.73%"
"11-12-2019","331.23","335.30","335.30","327.30","116.49K","-0.32%"
"10-12-2019","332.30","333.47","336.67","330.00","56.95K","-0.35%"
"09-12-2019","333.47","336.60","340.00","332.00","99.73K","-0.61%"
"06-12-2019","335.50","333.33","339.37","330.67","220.60K","0.21%"
"05-12-2019","334.80","341.97","343.33","330.80","81.72K","-1.96%"
"04-12-2019","341.50","351.67","352.00","338.67","179.28K","-1.50%"
"03-12-2019","346.70","352.00","353.33","346.13","302.61K","-1.21%"
"02-12-2019","350.93","347.33","352.67","342.73","228.82K","1.11%"
"29-11-2019","347.07","343.33","352.07","343.30","271.93K","1.05%"
"28-11-2019","343.47","336.67","345.23","335.43","105.28K","1.99%"
"27-11-2019","336.77","338.67","338.67","334.23","109.64K","-0.17%"
"26-11-2019","337.33","338.93","342.00","335.47","153.63K","-0.03%"
"25-11-2019","337.43","337.80","340.00","334.00","199.96K","0.59%"
"22-11-2019","335.47","328.70","338.00","327.00","403.10K","2.08%"
"21-11-2019","328.63","331.27","332.47","327.33","140.74K","-0.78%"
"20-11-2019","331.23","339.20","339.20","327.40","309.68K","-1.84%"
"19-11-2019","337.43","342.00","346.47","334.70","123.46K","-0.77%"
"18-11-2019","340.07","333.33","343.33","321.73","456.06K","2.11%"
"15-11-2019","333.03","336.67","336.97","328.67","137.91K","0.19%"
"14-11-2019","332.40","335.60","339.70","330.50","141.00K","-0.76%"
"13-11-2019","334.93","341.80","344.67","333.33","180.04K","-1.66%"
"11-11-2019","340.60","343.33","346.53","334.03","214.13K","-1.06%"
"08-11-2019","344.23","356.67","365.93","342.17","391.28K","-4.54%"
"07-11-2019","360.60","358.47","366.67","358.47","189.74K","0.60%"
"06-11-2019","358.47","370.00","371.43","356.67","259.87K","-2.04%"
"05-11-2019","365.93","358.43","378.60","346.67","293.32K","2.85%"
"04-11-2019","355.80","367.87","368.10","354.40","126.33K","-2.51%"
"01-11-2019","364.97","361.40","372.67","360.67","266.22K","1.07%"
"31-10-2019","361.10","360.00","369.27","360.00","231.12K","0.73%"
"30-10-2019","358.50","356.67","368.67","356.07","174.69K","0.16%"
"29-10-2019","357.93","365.93","369.87","353.33","148.35K","-1.68%"
"27-10-2019","364.07","365.87","370.00","360.67","59.45K","0.39%"
"25-10-2019","362.67","357.87","363.97","353.17","211.40K","1.22%"
"24-10-2019","358.30","352.67","366.00","341.73","447.80K","2.14%"
"23-10-2019","350.80","348.00","359.33","344.83","258.42K","1.13%"
"22-10-2019","346.87","347.30","350.07","343.63","122.08K","0.11%"
"18-10-2019","346.50","333.70","348.13","333.70","266.94K","3.84%"
"17-10-2019","333.70","338.00","338.63","327.47","139.37K","-1.04%"
"16-10-2019","337.20","337.33","339.03","334.93","45.51K","0.17%"
"15-10-2019","336.63","337.67","340.00","334.33","203.29K","-0.15%"
"14-10-2019","337.13","340.40","340.43","334.77","235.79K","-0.37%"
"11-10-2019","338.40","332.33","339.97","331.93","124.15K","1.95%"
"10-10-2019","331.93","337.20","337.63","329.40","267.17K","-1.23%"
"09-10-2019","336.07","326.33","337.87","320.13","183.38K","3.27%"
"07-10-2019","325.43","327.27","327.97","318.67","67.23K","-0.38%"
"04-10-2019","326.67","332.77","336.67","323.47","177.92K","-1.92%"
"03-10-2019","333.07","321.00","333.33","320.73","250.11K","4.38%"
"01-10-2019","319.10","320.40","326.20","317.33","118.92K","-1.08%"
"30-09-2019","322.60","331.53","335.17","317.33","236.83K","-2.79%"
"27-09-2019","331.87","339.20","340.00","331.33","102.05K","-2.28%"
"26-09-2019","339.60","343.43","352.67","336.00","589.77K","-1.63%"
"25-09-2019","345.23","344.37","346.67","341.33","351.72K","0.48%"
"24-09-2019","343.60","343.33","349.03","339.33","542.17K","1.46%"
"23-09-2019","338.67","335.13","340.00","321.00","518.65K","3.72%"
"20-09-2019","326.53","302.87","327.73","300.67","701.83K","7.54%"
"19-09-2019","303.63","310.33","310.33","298.73","146.80K","-1.61%"
"18-09-2019","308.60","299.73","311.23","297.77","337.98K","3.70%"
"17-09-2019","297.60","298.67","304.00","290.67","173.78K","-0.58%"
"16-09-2019","299.33","302.80","305.33","298.00","111.69K","-1.36%"
"13-09-2019","303.47","304.67","306.63","301.37","69.85K","-0.24%"
"12-09-2019","304.20","307.30","316.33","303.33","301.58K","0.15%"
"11-09-2019","303.73","307.93","311.97","302.80","132.79K","-0.92%"
"09-09-2019","306.57","306.67","307.93","304.37","67.98K","-0.14%"
"06-09-2019","307.00","309.33","310.67","304.23","939.66K","-0.35%"
"05-09-2019","308.07","311.53","314.63","306.10","109.78K","-1.11%"
"04-09-2019","311.53","301.67","313.13","298.13","1.46M","3.64%"
"03-09-2019","300.60","312.47","313.80","296.73","102.00K","-3.91%"
"30-08-2019","312.83","314.00","315.80","310.53","155.32K","0.00%"
"29-08-2019","312.83","319.10","324.00","311.00","180.67K","-1.25%"
"28-08-2019","316.80","317.90","321.33","314.70","915.22K","0.66%"
"27-08-2019","314.73","318.53","322.53","314.13","723.79K","-0.57%"
"26-08-2019","316.53","320.00","323.33","312.00","358.14K","0.00%"
"23-08-2019","316.53","314.30","321.57","308.10","367.15K","1.05%"
"22-08-2019","313.23","316.50","318.67","310.00","706.91K","-0.28%"
"21-08-2019","314.10","317.93","326.17","312.57","481.42K","-0.96%"
"20-08-2019","317.13","316.57","319.30","312.80","705.29K","0.85%"
"19-08-2019","314.47","312.27","316.63","307.03","1.54M","0.94%"
"16-08-2019","311.53","297.60","317.73","293.53","949.07K","5.25%"
"14-08-2019","296.00","300.00","300.93","293.93","622.26K","-1.03%"
"13-08-2019","299.07","301.00","302.97","296.67","192.57K","0.35%"
"09-08-2019","298.03","290.60","302.67","288.03","158.87K","3.04%"
"08-08-2019","289.23","292.00","294.60","286.70","370.10K","-0.91%"
"07-08-2019","291.90","298.00","300.00","290.67","61.89K","-1.43%"
"06-08-2019","296.13","299.63","301.83","294.87","454.19K","-0.19%"
"05-08-2019","296.70","291.27","302.67","285.13","360.17K","0.43%"
"02-08-2019","295.43","279.93","299.33","273.40","563.18K","5.21%"
"01-08-2019","280.80","270.00","284.80","268.00","1.00M","5.92%"
"31-07-2019","265.10","272.60","272.60","262.67","52.93K","-0.87%"
"30-07-2019","267.43","270.73","276.00","261.20","142.00K","-0.72%"
"29-07-2019","269.37","270.17","273.07","265.37","76.89K","-0.91%"
"26-07-2019","271.83","273.03","274.00","268.67","74.85K","-0.44%"
"25-07-2019","273.03","274.67","279.27","268.70","129.60K","-1.35%"
"24-07-2019","276.77","278.67","280.60","266.70","134.82K","-1.03%"
"23-07-2019","279.63","281.33","282.63","276.67","114.39K","-1.41%"
"22-07-2019","283.63","293.33","293.33","280.07","108.34K","-3.34%"
"19-07-2019","293.43","301.33","301.33","289.70","159.94K","-2.20%"
"18-07-2019","300.03","299.90","301.60","297.33","184.81K","0.19%"
"17-07-2019","299.47","297.33","301.33","297.07","162.85K","0.79%"
"16-07-2019","297.13","298.00","298.63","293.10","60.90K","-0.08%"
"15-07-2019","297.37","305.47","309.20","295.50","121.06K","-1.65%"
"12-07-2019","302.37","300.00","305.97","298.03","432.79K","0.92%"
"11-07-2019","299.60","292.33","302.00","291.50","220.24K","3.31%"
"10-07-2019","290.00","293.53","299.87","287.53","1.06M","-1.56%"
"09-07-2019","294.60","285.60","300.00","282.00","386.52K","3.59%"
"08-07-2019","284.40","290.90","294.67","276.00","223.16K","-2.97%"
"05-07-2019","293.10","299.33","302.53","292.13","143.84K","-2.10%"
"04-07-2019","299.40","304.00","304.00","297.40","198.98K","-1.07%"
"03-07-2019","302.63","306.63","306.67","300.00","183.29K","-1.01%"
"02-07-2019","305.73","308.00","309.80","302.67","325.54K","0.97%"
"01-07-2019","302.80","298.67","307.97","294.63","501.39K","3.00%"
"28-06-2019","293.97","299.13","299.37","289.70","263.07K","-1.00%"
"27-06-2019","296.93","293.33","298.43","289.33","455.31K","3.01%"
"26-06-2019","288.27","286.57","292.93","284.20","534.01K","0.14%"
"25-06-2019","287.87","283.17","299.27","282.00","638.24K","1.35%"
"24-06-2019","284.03","275.33","287.60","268.67","496.89K","4.21%"
"21-06-2019","272.57","276.00","277.50","270.40","51.65K","-1.24%"
"20-06-2019","276.00","276.67","278.70","268.33","207.16K","-0.22%"
"19-06-2019","276.60","264.13","278.67","264.13","664.74K","4.69%"
"18-06-2019","264.20","260.67","266.67","260.47","241.65K","1.21%"
"17-06-2019","261.03","264.00","264.00","255.67","357.13K","-0.77%"
"14-06-2019","263.07","263.33","266.30","261.67","79.29K","0.47%"
"13-06-2019","261.83","265.47","268.47","260.07","239.44K","-2.11%"
"12-06-2019","267.47","269.67","269.67","258.67","295.53K","-0.35%"
"11-06-2019","268.40","266.67","269.33","266.57","63.75K","0.22%"
"10-06-2019","267.80","272.00","274.67","266.20","76.06K","-0.45%"
"07-06-2019","269.00","270.00","275.20","264.67","73.20K","-0.05%"
"06-06-2019","269.13","276.00","280.00","266.67","162.53K","-2.03%"
"04-06-2019","274.70","275.00","283.33","272.60","373.41K","0.01%"
"03-06-2019","274.67","264.60","277.80","261.07","668.28K","5.08%"
"31-05-2019","261.40","255.33","262.17","254.83","642.39K","2.30%"
"30-05-2019","255.53","251.47","258.67","251.47","134.33K","1.63%"
"29-05-2019","251.43","248.80","254.33","248.80","52.33K","0.64%"
"28-05-2019","249.83","250.53","255.83","247.03","67.92K","0.16%"
"27-05-2019","249.43","248.00","251.90","247.03","171.33K","-0.43%"
"24-05-2019","250.50","250.20","253.27","245.43","179.79K","-0.21%"
"23-05-2019","251.03","258.00","258.93","250.00","418.42K","-1.54%"
"22-05-2019","254.97","248.67","256.67","247.00","278.49K","2.49%"
"21-05-2019","248.77","245.80","249.67","241.47","1.40M","1.17%"
"20-05-2019","245.90","245.93","251.87","241.47","114.47K","0.63%"
"17-05-2019","244.37","244.00","250.63","242.43","76.23K","-0.30%"
"16-05-2019","245.10","240.73","247.97","240.67","57.55K","1.98%"
"15-05-2019","240.33","251.00","253.33","240.00","63.28K","-3.58%"
"14-05-2019","249.27","240.73","251.27","237.13","213.81K","3.59%"
"13-05-2019","240.63","249.33","249.33","239.33","71.12K","-2.54%"
"10-05-2019","246.90","248.43","249.67","245.33","585.62K","0.19%"
"09-05-2019","246.43","254.67","256.67","243.27","140.72K","-2.88%"
"08-05-2019","253.73","245.87","256.53","244.07","185.61K","2.81%"
"07-05-2019","246.80","250.00","253.17","246.33","68.99K","-1.46%"
"06-05-2019","250.47","251.77","263.33","247.00","366.29K","-2.23%"
"03-05-2019","256.17","243.33","260.00","241.40","921.13K","5.02%"
"02-05-2019","243.93","237.97","245.33","236.33","278.48K","2.87%"
"30-04-2019","237.13","242.00","246.00","236.57","484.61K","0.15%"
"26-04-2019","236.77","238.67","238.67","235.27","224.66K","-0.66%"
"25-04-2019","238.33","236.73","239.33","235.50","103.10K","0.68%"
"24-04-2019","236.73","238.67","238.87","235.73","38.41K","-0.10%"
"23-04-2019","236.97","239.90","239.90","236.60","21.30K","-1.35%"
"22-04-2019","240.20","236.80","241.07","234.53","167.54K","0.15%"
"18-04-2019","239.83","236.00","243.13","233.37","269.64K","0.78%"
"16-04-2019","237.97","237.80","240.00","233.93","161.18K","1.36%"
"15-04-2019","234.77","233.73","239.53","233.27","217.00K","-0.34%"
"12-04-2019","235.57","234.67","237.67","233.37","30.66K","-0.01%"
"11-04-2019","235.60","231.33","237.33","231.33","101.55K","1.79%"
"10-04-2019","231.47","229.47","235.63","229.47","330.82K","0.27%"
"09-04-2019","230.83","229.20","233.23","226.80","89.52K","0.71%"
"08-04-2019","229.20","233.37","234.63","226.67","148.84K","-2.55%"
"05-04-2019","235.20","233.33","237.93","232.07","58.81K","1.22%"
"04-04-2019","232.37","237.67","238.23","229.23","295.85K","-2.48%"
"03-04-2019","238.27","245.93","248.47","236.07","867.01K","-1.79%"
"02-04-2019","242.60","237.73","243.97","236.67","361.35K","1.75%"
"01-04-2019","238.43","242.00","243.57","237.53","73.49K","-1.17%"
"29-03-2019","241.27","244.53","245.67","238.17","138.50K","-1.52%"
"28-03-2019","245.00","250.63","250.63","243.40","110.70K","-2.13%"
"27-03-2019","250.33","251.03","253.33","247.07","367.71K","0.19%"
"26-03-2019","249.87","238.87","254.67","238.87","444.13K","4.00%"
"25-03-2019","240.27","238.10","241.80","236.83","82.35K","-0.70%"
"22-03-2019","241.97","244.17","247.33","240.70","85.53K","-1.84%"
"20-03-2019","246.50","248.57","249.33","243.57","59.25K","-1.32%"
"19-03-2019","249.80","255.60","255.67","248.10","168.87K","-2.27%"
"18-03-2019","255.60","258.43","262.97","249.00","200.34K","-1.19%"
"15-03-2019","258.67","252.67","266.63","243.40","298.76K","3.08%"
"14-03-2019","250.93","246.20","254.30","241.80","274.21K","2.31%"
"13-03-2019","245.27","239.33","253.37","234.43","332.34K","2.25%"
"12-03-2019","239.87","229.33","242.53","225.77","308.45K","5.81%"
"11-03-2019","226.70","226.23","228.00","222.03","377.87K","1.51%"
"08-03-2019","223.33","221.33","226.30","218.00","209.63K","0.46%"
"07-03-2019","222.30","228.53","228.53","222.00","439.17K","-1.78%"
"06-03-2019","226.33","231.33","233.83","218.53","294.67K","-1.71%"
"05-03-2019","230.27","225.30","234.67","225.30","199.95K","2.64%"
"01-03-2019","224.33","218.67","225.67","215.93","76.86K","3.55%"
"28-02-2019","216.63","221.73","221.80","216.20","157.99K","-1.58%"
"27-02-2019","220.10","216.17","221.93","215.00","87.50K","2.09%"
"26-02-2019","215.60","216.67","218.93","213.40","525.42K","-1.06%"
"25-02-2019","217.90","218.70","219.03","217.03","53.91K","-0.50%"
"22-02-2019","219.00","220.67","220.67","217.53","193.32K","-0.76%"
"21-02-2019","220.67","220.87","221.37","216.70","49.41K","-0.02%"
"20-02-2019","220.70","220.00","222.00","218.00","91.15K","-0.06%"
"19-02-2019","220.83","216.00","222.67","214.83","67.92K","2.81%"
"18-02-2019","214.80","222.73","223.50","213.47","76.74K","-3.27%"
"15-02-2019","222.07","228.20","228.20","222.00","138.11K","-2.72%"
"14-02-2019","228.27","230.00","230.00","226.67","95.70K","-0.48%"
"13-02-2019","229.37","226.80","232.80","226.67","287.38K","0.98%"
"12-02-2019","227.13","228.43","229.33","226.67","122.10K","-0.57%"
"11-02-2019","228.43","232.00","232.30","226.87","75.43K","-1.78%"
"08-02-2019","232.57","234.73","236.60","232.00","114.40K","-1.52%"
"07-02-2019","236.17","236.40","240.70","234.60","350.12K","-0.91%"
"06-02-2019","238.33","236.30","240.20","233.33","127.54K","-0.63%"
"05-02-2019","239.83","235.50","244.00","232.73","445.90K","2.19%"
"04-02-2019","234.70","233.40","235.70","231.73","58.76K","-0.10%"
"01-02-2019","234.93","235.67","240.00","233.40","34.05K","-0.47%"
"31-01-2019","236.03","232.80","238.67","230.87","125.02K","0.31%"
"30-01-2019","235.30","228.07","236.63","226.03","105.62K","3.02%"
"29-01-2019","228.40","230.67","234.47","226.80","408.63K","-1.32%"
"28-01-2019","231.47","231.40","232.73","225.90","49.18K","-0.46%"
"25-01-2019","232.53","239.27","240.67","230.67","41.28K","-2.09%"
"24-01-2019","237.50","240.00","240.30","234.70","146.39K","-0.77%"
"23-01-2019","239.33","243.33","244.47","238.10","506.30K","-1.72%"
"22-01-2019","243.53","242.40","245.73","240.00","35.20K","-0.18%"
"21-01-2019","243.97","243.33","248.80","240.90","351.32K","1.94%"
"18-01-2019","239.33","235.37","240.67","234.33","66.82K","1.04%"
"17-01-2019","236.87","233.53","237.67","232.47","48.65K","0.42%"
"16-01-2019","235.87","236.67","237.33","232.67","63.65K","-0.85%"
"15-01-2019","237.90","238.67","239.33","235.70","37.74K","-0.28%"
"14-01-2019","238.57","234.73","239.33","233.13","56.06K","0.65%"
"11-01-2019","237.03","236.47","239.27","232.40","472.81K","0.41%"
"10-01-2019","236.07","232.40","237.53","230.67","58.48K","1.11%"
"09-01-2019","233.47","234.40","238.13","232.67","448.58K","-1.35%"
"08-01-2019","236.67","232.13","237.33","232.13","41.47K","1.14%"
"07-01-2019","234.00","235.97","235.97","231.03","851.43K","0.44%"
"04-01-2019","232.97","232.13","235.33","229.23","69.39K","-0.19%"
"03-01-2019","233.40","236.40","236.40","231.93","33.41K","-1.39%"
"02-01-2019","236.70","239.97","241.30","234.27","58.95K","-1.91%"
"01-01-2019","241.30","241.53","243.77","238.23","112.65K","-0.10%"
"31-12-2018","241.53","240.67","248.40","237.27","225.62K","0.25%"
"28-12-2018","240.93","230.27","244.00","229.47","702.42K","4.59%"
"27-12-2018","230.37","233.30","234.93","226.60","73.60K","0.00%"
"26-12-2018","230.37","232.00","232.00","227.00","31.35K","-0.53%"
"24-12-2018","231.60","235.30","235.30","227.10","70.37K","-1.50%"
"21-12-2018","235.13","234.00","238.60","225.70","106.95K","1.00%"
"20-12-2018","232.80","232.67","235.67","231.93","65.64K","0.23%"
"19-12-2018","232.27","232.00","234.97","230.43","371.37K","-0.09%"
"18-12-2018","232.47","235.23","237.20","230.77","167.37K","-1.23%"
"17-12-2018","235.37","230.87","240.00","229.93","130.12K","0.94%"
"14-12-2018","233.17","235.27","238.67","230.00","86.44K","-0.01%"
"13-12-2018","233.20","226.47","244.67","223.13","98.23K","2.91%"
"12-12-2018","226.60","223.33","227.33","222.67","265.71K","1.52%"
"11-12-2018","223.20","212.87","225.90","210.03","88.10K","4.54%"
"10-12-2018","213.50","215.50","215.93","213.27","209.16K","-1.28%"
"07-12-2018","216.27","215.63","217.67","214.00","52.95K","0.03%"
"06-12-2018","216.20","221.33","221.33","215.30","213.92K","-2.32%"
"05-12-2018","221.33","221.90","223.00","219.00","475.81K","-0.12%"
"04-12-2018","221.60","218.67","223.23","216.87","69.42K","1.17%"
"03-12-2018","219.03","223.37","225.20","217.73","265.80K","-1.94%"
"30-11-2018","223.37","229.33","230.00","222.07","200.70K","-1.92%"
"29-11-2018","227.73","226.63","229.33","222.67","1.80M","0.98%"
"28-11-2018","225.53","222.53","226.67","220.27","70.61K","1.05%"
"27-11-2018","223.20","220.00","225.93","219.63","94.92K","0.54%"
"26-11-2018","222.00","215.90","222.67","213.27","149.93K","3.58%"
"22-11-2018","214.33","214.70","217.57","212.70","134.65K","-0.76%"
"21-11-2018","215.97","218.63","218.63","215.23","51.39K","-0.80%"
"20-11-2018","217.70","220.00","221.77","215.83","204.84K","-1.63%"
"19-11-2018","221.30","218.80","222.67","218.67","44.08K","-0.02%"
"16-11-2018","221.33","222.67","223.57","218.13","45.97K","-0.20%"
"15-11-2018","221.77","220.73","226.00","216.83","144.63K","0.14%"
"14-11-2018","221.47","218.67","223.33","217.33","170.94K","1.47%"
"13-11-2018","218.27","215.40","221.50","215.40","96.13K","0.83%"
"12-11-2018","216.47","219.93","219.93","215.40","27.71K","-0.95%"
"09-11-2018","218.53","220.00","220.00","217.33","18.34K","-0.79%"
"07-11-2018","220.27","218.47","222.27","216.90","52.26K","1.63%"
"06-11-2018","216.73","216.50","217.90","214.67","65.50K","0.93%"
"05-11-2018","214.73","219.33","219.33","212.67","129.83K","-1.62%"
"02-11-2018","218.27","222.00","222.70","216.60","326.37K","0.86%"
"01-11-2018","216.40","215.37","218.67","213.57","245.76K","0.90%"
"31-10-2018","214.47","216.27","217.93","212.47","145.78K","-0.73%"
"30-10-2018","216.03","216.73","220.47","215.07","44.34K","-0.66%"
"29-10-2018","217.47","215.87","218.67","214.93","67.95K","1.02%"
"26-10-2018","215.27","213.50","220.00","211.33","66.26K","0.92%"
"25-10-2018","213.30","213.37","215.10","212.70","35.49K","-0.78%"
"24-10-2018","214.97","215.80","219.17","214.00","43.08K","-0.17%"
"23-10-2018","215.33","220.00","221.03","213.60","244.24K","-1.40%"
"22-10-2018","218.40","222.43","228.00","216.77","153.36K","-0.83%"
"19-10-2018","220.23","219.30","223.13","216.67","82.38K","-1.08%"
"17-10-2018","222.63","228.67","232.00","217.67","643.51K","-1.17%"
"16-10-2018","225.27","214.83","230.00","213.53","332.86K","5.69%"
"15-10-2018","213.13","221.33","221.33","211.00","149.26K","-3.09%"
"12-10-2018","219.93","220.00","228.13","217.17","142.66K","1.60%"
"11-10-2018","216.47","215.33","219.23","212.20","48.13K","-1.28%"
"10-10-2018","219.27","215.33","222.33","213.50","99.46K","1.86%"
"09-10-2018","215.27","218.73","223.43","212.13","149.04K","-2.61%"
"08-10-2018","221.03","226.00","226.17","216.03","56.04K","-3.13%"
"05-10-2018","228.17","232.00","232.00","223.40","53.55K","-1.52%"
"04-10-2018","231.70","225.33","236.87","215.33","114.81K","2.81%"
"03-10-2018","225.37","224.63","229.37","220.23","43.00K","0.31%"
"01-10-2018","224.67","222.00","227.30","211.30","297.76K","1.13%"
"28-09-2018","222.17","231.33","231.67","216.67","256.47K","-3.17%"
"27-09-2018","229.43","230.33","233.33","227.50","340.99K","-0.39%"
"26-09-2018","230.33","230.07","232.77","228.03","56.29K","-0.46%"
"25-09-2018","231.40","236.33","237.67","228.00","284.18K","-2.61%"
"24-09-2018","237.60","236.00","244.53","226.37","203.64K","0.98%"
"21-09-2018","235.30","236.13","256.60","211.23","321.07K","-0.35%"
"19-09-2018","236.13","236.67","238.53","234.33","131.79K","0.03%"
"18-09-2018","236.07","238.90","241.27","234.07","90.40K","-1.68%"
"17-09-2018","240.10","241.93","243.23","239.33","47.30K","0.29%"
"14-09-2018","239.40","240.07","241.37","238.40","90.14K","-0.08%"
"12-09-2018","239.60","240.00","241.73","237.07","60.71K","-0.13%"
"11-09-2018","239.90","241.20","241.57","238.73","58.78K","0.21%"
"10-09-2018","239.40","243.87","244.33","239.00","49.12K","-1.01%"
"07-09-2018","241.83","237.40","245.30","237.33","59.27K","1.68%"
"06-09-2018","237.83","238.67","241.17","234.83","98.03K","-0.50%"
"05-09-2018","239.03","240.00","242.00","237.33","81.74K","-0.38%"
"04-09-2018","239.93","238.93","246.53","237.33","287.73K","-0.08%"
"03-09-2018","240.13","246.03","249.00","237.10","114.70K","-2.50%"
"31-08-2018","246.30","246.67","247.30","241.87","374.99K","0.23%"
"30-08-2018","245.73","245.67","246.73","243.67","68.08K","-0.24%"
"29-08-2018","246.33","253.27","256.60","245.20","195.49K","-2.03%"
"28-08-2018","251.43","246.27","261.63","246.27","759.43K","1.07%"
"27-08-2018","248.77","246.67","250.00","242.17","322.58K","1.08%"
"24-08-2018","246.10","243.33","246.70","234.73","89.49K","0.87%"
"23-08-2018","243.97","248.67","250.00","241.43","254.08K","-1.68%"
"21-08-2018","248.13","242.67","250.00","242.67","162.69K","1.97%"
"20-08-2018","243.33","248.00","248.03","241.90","70.76K","-1.32%"
"17-08-2018","246.60","246.70","246.97","239.40","134.22K","0.52%"
"16-08-2018","245.33","240.07","246.63","237.37","102.47K","2.52%"
"14-08-2018","239.30","241.27","244.67","236.13","74.92K","-0.79%"
"13-08-2018","241.20","236.60","243.00","234.17","89.55K","1.77%"
"10-08-2018","237.00","245.33","245.33","236.20","129.93K","-2.72%"
"09-08-2018","243.63","241.33","247.93","230.97","216.79K","1.58%"
"08-08-2018","239.83","241.07","241.07","236.03","113.59K","-0.24%"
"07-08-2018","240.40","238.57","241.40","235.47","107.40K","1.15%"
"06-08-2018","237.67","234.73","238.63","234.73","77.79K","1.15%"
"03-08-2018","234.97","236.07","246.00","233.33","114.82K","-0.96%"
"02-08-2018","237.23","238.00","241.30","234.90","312.07K","-2.60%"
"01-08-2018","243.57","236.83","246.67","236.00","558.12K","4.74%"
"31-07-2018","232.53","234.00","234.00","225.67","78.00K","-0.41%"
"30-07-2018","233.50","232.00","236.67","230.03","43.48K","-0.24%"
"27-07-2018","234.07","229.33","236.23","228.60","79.27K","1.77%"
"26-07-2018","230.00","232.80","234.53","227.77","113.85K","-1.20%"
"25-07-2018","232.80","225.40","234.67","225.40","230.64K","3.31%"
"24-07-2018","225.33","219.33","231.33","218.13","283.84K","3.32%"
"23-07-2018","218.10","216.70","218.67","213.80","89.48K","0.46%"
"20-07-2018","217.10","217.40","222.90","216.07","73.73K","-0.93%"
"19-07-2018","219.13","218.67","221.83","212.90","71.70K","1.03%"
"18-07-2018","216.90","220.67","222.13","214.00","112.92K","-1.63%"
"17-07-2018","220.50","221.37","226.67","218.00","258.89K","-1.37%"
"16-07-2018","223.57","230.00","231.53","220.00","237.85K","-1.27%"
"13-07-2018","226.43","229.77","231.13","222.03","271.60K","-0.66%"
"12-07-2018","227.93","237.37","252.00","224.67","1.75M","-2.50%"
"11-07-2018","233.77","225.97","239.20","221.93","552.91K","2.95%"
"10-07-2018","227.07","216.30","232.53","215.47","565.26K","6.16%"
"09-07-2018","213.90","206.73","215.33","206.17","153.12K","3.47%"
"06-07-2018","206.73","206.67","209.33","204.10","80.41K","0.05%"
"05-07-2018","206.63","209.33","209.33","206.00","57.45K","-0.78%"
"04-07-2018","208.27","205.40","210.27","203.53","138.88K","0.89%"
"03-07-2018","206.43","208.67","209.80","205.37","99.55K","-0.99%"
"02-07-2018","208.50","202.63","210.00","201.57","318.35K","3.47%"
"29-06-2018","201.50","200.00","204.00","196.50","89.31K","0.70%"
"28-06-2018","200.10","206.77","206.77","198.67","109.64K","-3.35%"
"27-06-2018","207.03","210.00","210.00","205.33","65.42K","-0.93%"
"26-06-2018","208.97","208.67","214.67","204.57","1.15M","0.06%"
"25-06-2018","208.83","211.53","214.70","207.90","62.02K","-1.28%"
"22-06-2018","211.53","213.30","213.93","210.77","35.15K","-0.27%"
"21-06-2018","212.10","211.47","216.63","210.67","2.18M","0.09%"
"20-06-2018","211.90","213.33","215.00","210.70","34.76K","-0.17%"
"19-06-2018","212.27","213.37","215.27","210.40","525.01K","-1.21%"
"18-06-2018","214.87","215.87","216.33","211.67","875.80K","-0.49%"
"15-06-2018","215.93","218.00","219.33","214.67","53.00K","-0.38%"
"14-06-2018","216.77","218.00","219.90","211.77","297.71K","0.02%"
"13-06-2018","216.73","207.87","219.33","206.17","459.99K","4.23%"
"12-06-2018","207.93","212.00","213.13","207.33","244.52K","-1.87%"
"11-06-2018","211.90","214.00","214.00","210.10","113.91K","-0.19%"
"08-06-2018","212.30","213.97","216.60","211.10","60.51K","-1.09%"
"07-06-2018","214.63","219.20","219.20","213.33","99.60K","-1.77%"
"06-06-2018","218.50","220.00","220.67","216.33","190.86K","-0.67%"
"05-06-2018","219.97","214.67","221.33","210.00","113.44K","2.44%"
"04-06-2018","214.73","220.00","220.00","213.53","134.81K","-1.75%"
"01-06-2018","218.57","221.27","222.67","218.00","43.56K","-0.55%"
"31-05-2018","219.77","217.47","222.00","214.80","123.10K","0.24%"
"30-05-2018","219.23","220.07","222.10","218.17","28.51K","-1.14%"
"29-05-2018","221.77","222.07","224.00","220.03","28.94K","-0.14%"
"28-05-2018","222.07","222.67","222.67","220.00","27.03K","0.62%"
"25-05-2018","220.70","219.97","223.33","217.37","39.96K","1.30%"
"24-05-2018","217.87","218.67","220.33","216.67","44.70K","-0.08%"
"23-05-2018","218.03","220.60","221.33","217.33","26.04K","-0.70%"
"22-05-2018","219.57","223.33","223.33","218.67","42.10K","-1.41%"
"21-05-2018","222.70","223.33","225.00","218.07","155.76K","0.53%"
"18-05-2018","221.53","224.63","224.63","220.37","30.01K","-1.25%"
"17-05-2018","224.33","229.20","229.20","222.67","41.02K","-1.58%"
"16-05-2018","227.93","226.57","232.27","218.97","205.41K","1.41%"
"15-05-2018","224.77","224.00","228.43","222.73","92.13K","0.27%"
"14-05-2018","224.17","223.37","226.00","222.17","37.64K","0.16%"
"11-05-2018","223.80","224.57","226.27","220.00","71.76K","0.78%"
"10-05-2018","222.07","226.63","227.93","217.27","99.30K","-1.52%"
"09-05-2018","225.50","224.67","226.63","223.57","34.57K","0.37%"
"08-05-2018","224.67","228.63","229.53","223.33","38.71K","-1.38%"
"07-05-2018","227.80","227.30","229.83","224.37","51.96K","0.83%"
"04-05-2018","225.93","228.00","228.00","218.67","261.01K","-0.62%"
"03-05-2018","227.33","234.53","235.93","224.13","82.43K","-2.63%"
"02-05-2018","233.47","234.67","239.70","232.00","79.22K","-0.44%"
"30-04-2018","234.50","234.60","235.67","230.90","54.00K","0.26%"
"27-04-2018","233.90","235.23","235.23","232.70","51.10K","0.16%"
"26-04-2018","233.53","235.67","236.50","233.33","62.22K","-0.23%"
"25-04-2018","234.07","236.67","243.33","233.33","291.73K","0.17%"
"24-04-2018","233.67","232.30","236.80","232.30","115.41K","0.06%"
"23-04-2018","233.53","231.90","234.63","227.73","91.24K","1.23%"
"20-04-2018","230.70","228.00","232.67","226.87","66.52K","1.08%"
"19-04-2018","228.23","228.93","230.07","225.40","69.51K","-0.95%"
"18-04-2018","230.43","236.00","237.30","226.00","99.47K","-2.30%"
"17-04-2018","235.87","233.40","236.67","233.40","71.99K","1.06%"
"16-04-2018","233.40","233.63","237.27","231.47","269.52K","-0.10%"
"13-04-2018","233.63","232.00","239.13","232.00","114.98K","0.07%"
"12-04-2018","233.47","234.67","234.67","230.73","67.89K","0.01%"
"11-04-2018","233.43","236.00","237.33","233.33","110.61K","-0.84%"
"10-04-2018","235.40","246.00","246.77","233.37","255.44K","-3.89%"
"09-04-2018","244.93","245.00","246.73","240.67","264.09K","0.03%"
"06-04-2018","244.87","231.23","250.93","230.00","768.06K","6.17%"
"05-04-2018","230.63","231.73","233.87","230.00","71.84K","0.44%"
"04-04-2018","229.63","232.67","232.67","227.43","151.99K","-0.53%"
"03-04-2018","230.87","228.00","233.63","228.00","139.57K","0.67%"
"02-04-2018","229.33","230.00","230.63","228.00","122.15K","-0.30%"
"28-03-2018","230.03","228.67","232.60","226.47","282.47K","0.19%"
"27-03-2018","229.60","233.27","233.37","224.47","356.26K","-1.20%"
"26-03-2018","232.40","227.97","236.60","224.07","316.12K","2.00%"
"23-03-2018","227.83","224.40","232.67","217.67","294.13K","0.57%"
"22-03-2018","226.53","228.00","228.67","223.07","177.01K","-0.54%"
"21-03-2018","227.77","231.33","232.00","223.70","174.15K","-1.50%"
"20-03-2018","231.23","230.00","233.33","225.33","171.55K","-0.23%"
"19-03-2018","231.77","233.33","236.00","223.33","150.60K","-0.93%"
"16-03-2018","233.93","234.50","238.67","227.33","281.44K","0.16%"
"15-03-2018","233.57","230.00","235.30","224.97","171.44K","1.54%"
"14-03-2018","230.03","231.37","235.77","226.87","120.97K","-1.32%"
"13-03-2018","233.10","221.33","237.33","217.73","469.41K","4.80%"
"12-03-2018","222.43","221.97","223.93","212.67","168.79K","0.21%"
"09-03-2018","221.97","227.33","229.93","220.03","640.55K","-0.03%"
"08-03-2018","222.03","208.67","226.47","206.67","744.18K","7.35%"
"07-03-2018","206.83","208.03","210.00","206.67","110.76K","-1.62%"
"06-03-2018","210.23","211.97","213.33","208.67","123.58K","-0.33%"
"05-03-2018","210.93","209.87","212.07","206.67","72.45K","0.44%"
"01-03-2018","210.00","210.67","211.63","209.60","105.47K","-0.33%"
"28-02-2018","210.70","209.23","211.93","207.23","49.20K","0.46%"
"27-02-2018","209.73","208.00","210.90","206.67","88.89K","1.27%"
"26-02-2018","207.10","208.67","210.57","206.67","70.93K","-0.75%"
"23-02-2018","208.67","213.00","213.00","207.73","408.26K","-1.43%"
"22-02-2018","211.70","210.10","213.50","209.33","56.91K","0.57%"
"21-02-2018","210.50","213.90","213.90","209.33","35.03K","-0.91%"
"20-02-2018","212.43","213.33","215.03","211.33","53.54K","-0.93%"
"19-02-2018","214.43","213.97","219.93","210.00","245.31K","0.55%"
"16-02-2018","213.27","214.00","216.30","210.17","69.59K","0.49%"
"15-02-2018","212.23","212.00","213.33","210.60","51.86K","0.73%"
"14-02-2018","210.70","216.67","216.67","210.03","47.20K","-2.20%"
"12-02-2018","215.43","211.33","216.30","211.33","79.43K","2.25%"
"09-02-2018","210.70","206.67","216.60","206.67","251.39K","0.06%"
"08-02-2018","210.57","205.20","211.47","204.00","104.02K","3.59%"
"07-02-2018","203.27","208.90","210.23","202.20","165.71K","-1.72%"
"06-02-2018","206.83","200.50","209.33","193.53","142.94K","1.64%"
"05-02-2018","203.50","188.37","209.97","188.00","141.95K","-2.97%"
"02-02-2018","209.73","210.00","211.93","200.00","154.55K","-0.38%"
"01-02-2018","210.53","212.33","217.63","208.90","154.50K","-0.71%"
"31-01-2018","212.03","209.37","214.63","206.67","98.35K","0.95%"
"30-01-2018","210.03","217.33","217.33","208.97","128.17K","-2.91%"
"29-01-2018","216.33","218.67","220.00","215.00","168.67K","0.08%"
"25-01-2018","216.17","217.63","217.93","214.67","130.22K","-0.61%"
"24-01-2018","217.50","218.40","219.10","216.67","62.01K","-0.14%"
"23-01-2018","217.80","218.00","221.30","216.67","64.41K","0.00%"
"22-01-2018","217.80","217.40","220.53","217.30","68.08K","-1.28%"
"19-01-2018","220.63","222.00","222.67","216.70","89.25K","-0.06%"
"18-01-2018","220.77","226.97","227.17","218.00","529.96K","-1.77%"
"17-01-2018","224.73","226.00","227.83","223.33","686.61K","-1.09%"
"16-01-2018","227.20","232.03","233.07","226.67","167.33K","-2.31%"
"15-01-2018","232.57","232.67","234.67","231.50","93.54K","-0.14%"
"12-01-2018","232.90","233.30","236.00","230.70","583.10K","0.06%"
"11-01-2018","232.77","230.67","233.97","229.43","213.79K","0.88%"
"10-01-2018","230.73","227.93","235.33","226.17","761.39K","1.82%"
"09-01-2018","226.60","230.00","230.63","224.40","136.19K","-1.25%"
"08-01-2018","229.47","235.87","236.27","228.23","218.79K","-1.73%"
"05-01-2018","233.50","221.47","235.20","221.37","1.34M","5.37%"
"04-01-2018","221.60","219.33","223.20","218.67","105.65K","1.19%"
"03-01-2018","219.00","223.13","223.13","218.10","96.94K","0.43%"
"02-01-2018","218.07","223.17","224.53","216.03","145.93K","-1.33%"
"01-01-2018","221.00","226.67","228.63","220.00","108.98K","-1.68%"
"29-12-2017","224.77","217.73","226.00","217.73","484.61K","2.43%"
"28-12-2017","219.43","217.33","221.33","217.33","125.85K","0.20%"
"27-12-2017","219.00","221.33","221.67","216.83","128.10K","-0.24%"
"26-12-2017","219.53","223.33","223.33","218.67","120.16K","-1.04%"
"22-12-2017","221.83","220.67","224.00","219.33","762.09K","0.89%"
"21-12-2017","219.87","218.67","220.63","217.33","559.64K","1.00%"
"20-12-2017","217.70","219.33","222.13","217.33","186.36K","0.06%"
"19-12-2017","217.57","218.67","220.07","217.13","438.08K","-0.02%"
"18-12-2017","217.60","217.37","220.97","213.40","97.82K","-1.02%"
"15-12-2017","219.83","220.67","221.77","218.00","94.14K","0.87%"
"14-12-2017","217.93","216.77","220.00","216.67","67.62K","-0.03%"
"13-12-2017","218.00","216.73","222.93","216.60","117.34K","-0.20%"
"12-12-2017","218.43","219.37","222.67","217.33","100.01K","-1.03%"
"11-12-2017","220.70","225.27","227.27","220.00","105.06K","-1.36%"
"08-12-2017","223.73","226.67","230.00","222.67","151.78K","-0.58%"
"07-12-2017","225.03","223.27","228.00","216.77","190.10K","0.99%"
"06-12-2017","222.83","222.67","227.93","220.33","128.50K","0.12%"
"05-12-2017","222.57","218.00","225.17","212.23","181.72K","1.99%"
"04-12-2017","218.23","222.57","222.57","216.63","75.10K","-0.30%"
"01-12-2017","218.90","230.53","230.57","216.37","111.43K","-4.12%"
"30-11-2017","228.30","224.00","232.00","221.73","184.78K","1.06%"
"29-11-2017","225.90","235.33","239.67","223.47","434.67K","-3.53%"
"28-11-2017","234.17","235.87","240.67","232.07","450.26K","0.13%"
"27-11-2017","233.87","230.00","236.67","225.33","630.36K","2.23%"
"24-11-2017","228.77","232.33","235.33","226.70","254.40K","-0.61%"
"23-11-2017","230.17","226.60","233.33","224.00","589.33K","1.51%"
"22-11-2017","226.73","226.33","232.80","220.63","757.48K","1.14%"
"21-11-2017","224.17","212.00","228.67","209.40","977.04K","7.19%"
"20-11-2017","209.13","214.00","214.00","208.33","70.36K","-1.55%"
"17-11-2017","212.43","212.00","214.47","207.57","130.35K","0.97%"
"16-11-2017","210.40","203.50","212.00","202.63","164.26K","3.42%"
"15-11-2017","203.43","206.00","206.00","201.33","108.37K","-0.25%"
"14-11-2017","203.93","202.03","205.90","202.03","79.36K","0.25%"
"13-11-2017","203.43","208.00","209.27","202.00","118.11K","-2.02%"
"10-11-2017","207.63","210.67","216.67","206.00","719.32K","0.48%"
"09-11-2017","206.63","206.67","208.00","199.97","234.63K","0.29%"
"08-11-2017","206.03","198.30","208.47","194.33","479.11K","4.87%"
"07-11-2017","196.47","199.00","201.13","195.03","71.53K","-1.54%"
"06-11-2017","199.53","200.00","201.33","198.23","88.86K","0.18%"
"03-11-2017","199.17","199.67","202.33","198.33","101.64K","0.47%"
"02-11-2017","198.23","199.00","201.43","197.03","188.60K","-0.23%"
"01-11-2017","198.70","197.17","202.20","197.17","227.02K","0.81%"
"31-10-2017","197.10","203.33","203.93","196.13","157.48K","-1.50%"
"30-10-2017","200.10","197.97","201.93","195.33","222.29K","2.60%"
"27-10-2017","195.03","197.73","200.00","194.07","221.68K","-1.53%"
"26-10-2017","198.07","202.73","204.20","197.00","207.57K","-2.81%"
"25-10-2017","203.80","210.33","211.50","199.60","262.41K","-2.24%"
"24-10-2017","208.47","208.67","212.33","207.77","85.43K","0.03%"
"23-10-2017","208.40","208.00","212.93","207.37","110.82K","-1.00%"
"19-10-2017","210.50","211.60","213.10","209.33","53.89K","-0.09%"
"18-10-2017","210.70","210.67","214.03","208.77","396.39K","0.65%"
"17-10-2017","209.33","215.87","219.30","208.17","466.78K","-2.91%"
"16-10-2017","215.60","210.67","216.73","207.33","1.25M","2.57%"
"13-10-2017","210.20","206.67","212.67","204.83","240.65K","2.15%"
"12-10-2017","205.77","204.33","207.00","202.87","89.04K","1.46%"
"11-10-2017","202.80","207.87","213.67","200.67","258.39K","-2.44%"
"10-10-2017","207.87","208.67","216.67","205.83","475.83K","0.19%"
"09-10-2017","207.47","209.60","209.63","204.37","170.86K","-0.69%"
"06-10-2017","208.90","198.00","213.97","198.00","856.10K","5.61%"
"05-10-2017","197.80","196.93","201.97","195.73","100.68K","0.44%"
"04-10-2017","196.93","198.37","199.13","195.27","88.73K","-0.02%"
"03-10-2017","196.97","198.00","199.53","193.33","93.33K","-0.05%"
"29-09-2017","197.07","194.37","201.70","194.07","260.31K","1.55%"
"28-09-2017","194.07","194.53","196.57","192.67","119.61K","0.38%"
"27-09-2017","193.33","196.53","197.03","192.00","284.27K","-0.77%"
"26-09-2017","194.83","190.00","202.00","188.87","532.35K","2.49%"
"25-09-2017","190.10","199.67","203.27","187.53","377.54K","-4.07%"
"22-09-2017","198.17","203.13","205.30","196.80","230.27K","-2.12%"
"21-09-2017","202.47","200.40","210.60","196.67","506.07K","1.23%"
"20-09-2017","200.00","209.27","209.30","197.67","342.89K","-3.54%"
"19-09-2017","207.33","195.33","217.33","194.07","1.77M","7.00%"
"18-09-2017","193.77","193.67","196.50","193.33","75.32K","0.22%"
"15-09-2017","193.33","196.60","196.67","192.67","117.46K","-1.51%"
"14-09-2017","196.30","195.33","198.67","194.40","97.88K","0.60%"
"13-09-2017","195.13","200.00","202.47","194.00","211.05K","-2.71%"
"12-09-2017","200.57","196.67","203.27","194.67","313.53K","2.35%"
"11-09-2017","195.97","194.97","198.43","193.63","143.14K","1.27%"
"08-09-2017","193.50","194.00","196.67","192.67","1.57M","0.07%"
"07-09-2017","193.37","195.03","201.00","192.67","259.88K","-0.10%"
"06-09-2017","193.57","201.33","207.20","193.33","650.96K","-2.93%"
"05-09-2017","199.40","193.73","200.50","190.30","179.02K","3.93%"
"04-09-2017","191.87","196.00","196.00","190.07","80.05K","-2.36%"
"01-09-2017","196.50","199.67","200.00","195.30","193.63K","-1.06%"
"31-08-2017","198.60","200.00","202.57","196.80","189.12K","-0.62%"
"30-08-2017","199.83","198.13","202.00","198.03","187.87K","1.22%"
"29-08-2017","197.43","196.00","200.67","196.00","231.16K","-0.60%"
"28-08-2017","198.63","197.33","203.70","193.67","736.77K","2.60%"
"24-08-2017","193.60","191.53","198.00","188.83","1.05M","1.27%"
"23-08-2017","191.17","188.00","198.57","188.00","825.75K","2.37%"
"22-08-2017","186.73","178.00","193.33","178.00","1.83M","3.88%"
"21-08-2017","179.77","179.27","181.67","178.00","73.48K","1.22%"
"18-08-2017","177.60","181.97","181.97","176.00","110.37K","-2.02%"
"17-08-2017","181.27","185.33","187.33","180.00","158.03K","-0.15%"
"16-08-2017","181.53","186.67","186.67","180.33","158.57K","-1.64%"
"14-08-2017","184.57","175.33","187.63","175.33","176.98K","3.96%"
"11-08-2017","177.53","173.33","180.00","173.27","73.87K","-0.37%"
"10-08-2017","178.20","184.00","184.00","174.83","239.37K","-2.50%"
"09-08-2017","182.77","186.00","186.00","182.03","382.98K","-1.10%"
"08-08-2017","184.80","189.10","189.10","183.50","163.95K","-1.61%"
"07-08-2017","187.83","188.67","189.33","185.90","253.60K","0.90%"
"04-08-2017","186.17","186.63","189.33","182.33","318.82K","0.47%"
"03-08-2017","185.30","184.00","188.00","180.80","582.08K","0.67%"
"02-08-2017","184.07","182.53","186.67","175.07","526.82K","1.25%"
"01-08-2017","181.80","188.67","200.00","180.13","2.34M","1.83%"
"31-07-2017","178.53","173.87","179.73","171.00","378.01K","3.30%"
"28-07-2017","172.83","172.67","173.97","167.57","246.91K","-0.27%"
"27-07-2017","173.30","171.53","173.97","170.17","306.10K","1.80%"
"26-07-2017","170.23","174.00","174.23","169.33","118.57K","-1.94%"
"25-07-2017","173.60","174.00","174.67","170.77","90.27K","-0.34%"
"24-07-2017","174.20","173.27","175.33","170.03","211.74K","1.06%"
"21-07-2017","172.37","171.77","175.97","168.73","218.82K","-0.71%"
"20-07-2017","173.60","171.67","175.97","170.07","215.59K","1.94%"
"19-07-2017","170.30","170.57","172.20","168.00","109.98K","0.71%"
"18-07-2017","169.10","172.67","175.93","168.43","183.15K","-2.25%"
"17-07-2017","173.00","174.67","174.67","167.60","289.21K","-1.03%"
"14-07-2017","174.80","166.33","181.27","162.20","535.04K","5.43%"
"13-07-2017","165.80","164.67","169.33","163.40","225.72K","1.91%"
"12-07-2017","162.70","162.03","163.80","161.53","139.48K","0.49%"
"11-07-2017","161.90","165.33","165.97","161.33","230.54K","-1.78%"
"10-07-2017","164.83","179.00","179.00","163.97","37.97K","-0.46%"
"07-07-2017","165.60","163.67","177.17","163.67","928.02K","1.47%"
"06-07-2017","163.20","158.53","163.67","157.37","2.96M","3.40%"
"05-07-2017","157.83","159.30","159.30","157.33","154.29K","0.00%"
"04-07-2017","157.83","160.33","161.13","157.33","103.97K","-1.35%"
"03-07-2017","160.00","160.67","160.67","156.77","288.06K","1.27%"
"30-06-2017","158.00","156.67","159.30","151.60","250.37K","0.06%"
"29-06-2017","157.90","156.67","161.60","155.37","360.60K","0.83%"
"28-06-2017","156.60","156.00","158.43","155.97","371.38K","-0.42%"
"27-06-2017","157.27","162.00","162.00","156.00","96.37K","-2.58%"
"23-06-2017","161.43","162.00","163.30","160.67","51.66K","-0.94%"
"22-06-2017","162.97","163.37","164.30","161.83","75.09K","0.47%"
"21-06-2017","162.20","164.67","165.73","161.67","86.50K","-1.40%"
"20-06-2017","164.50","164.67","166.53","163.30","124.17K","0.26%"
"19-06-2017","164.07","166.30","166.80","162.67","93.83K","-0.63%"
"16-06-2017","165.10","167.23","168.67","163.73","91.40K","-1.10%"
"15-06-2017","166.93","169.30","170.00","166.07","340.10K","-1.34%"
"14-06-2017","169.20","169.13","170.23","167.73","92.74K","-0.63%"
"13-06-2017","170.27","169.20","171.33","167.33","102.63K","0.47%"
"12-06-2017","169.47","167.33","170.00","165.67","124.49K","1.78%"
"09-06-2017","166.50","167.00","168.00","164.90","77.76K","0.67%"
"08-06-2017","165.40","168.50","168.50","164.70","84.61K","-1.35%"
"07-06-2017","167.67","168.27","168.80","166.20","98.13K","0.70%"
"06-06-2017","166.50","168.67","170.00","166.00","119.63K","-0.83%"
"05-06-2017","167.90","166.73","171.13","165.33","531.73K","1.59%"
"02-06-2017","165.27","164.47","168.00","162.50","244.60K","1.52%"
"01-06-2017","162.80","163.33","165.60","162.20","72.11K","0.02%"
"31-05-2017","162.77","163.33","166.00","159.50","174.32K","0.16%"
"30-05-2017","162.50","163.33","165.33","161.70","39.96K","-1.57%"
"29-05-2017","165.10","163.33","165.73","157.40","257.72K","0.16%"
"26-05-2017","164.83","162.63","165.67","160.43","206.01K","1.75%"
"25-05-2017","162.00","160.67","164.00","159.07","73.63K","1.52%"
"24-05-2017","159.57","163.37","164.47","158.67","45.58K","-2.51%"
"23-05-2017","163.67","165.67","165.67","159.27","141.46K","-0.97%"
"22-05-2017","165.27","164.67","165.33","160.33","161.56K","1.64%"
"19-05-2017","162.60","165.33","167.23","160.33","85.97K","-1.49%"
"18-05-2017","165.07","166.70","167.33","164.40","47.26K","-1.16%"
"17-05-2017","167.00","167.70","168.60","166.67","39.20K","-0.16%"
"16-05-2017","167.27","169.63","171.33","165.73","97.80K","-0.75%"
"15-05-2017","168.53","169.17","169.60","166.67","91.90K","-0.37%"
"12-05-2017","169.17","172.00","172.00","168.67","76.74K","-1.30%"
"11-05-2017","171.40","170.93","173.07","169.03","128.95K","1.16%"
"10-05-2017","169.43","172.00","172.00","168.40","60.17K","-0.41%"
"09-05-2017","170.13","170.10","171.63","168.03","148.14K","-0.14%"
"08-05-2017","170.37","169.33","173.30","167.93","90.95K","-0.76%"
"05-05-2017","171.67","170.57","172.57","166.40","105.88K","1.40%"
"04-05-2017","169.30","167.80","172.53","167.50","77.96K","0.91%"
"03-05-2017","167.77","168.00","170.67","165.63","126.26K","0.76%"
"02-05-2017","166.50","167.60","170.00","165.67","90.46K","-0.66%"
"28-04-2017","167.60","170.37","171.00","165.33","94.83K","-1.20%"
"27-04-2017","169.63","172.00","173.37","169.07","100.76K","-1.09%"
"26-04-2017","171.50","172.03","173.20","169.40","94.97K","-0.21%"
"25-04-2017","171.87","174.00","175.30","171.33","108.24K","-0.69%"
"24-04-2017","173.07","175.33","178.10","172.13","115.06K","-1.59%"
"21-04-2017","175.87","175.93","180.00","175.20","75.38K","0.74%"
"20-04-2017","174.57","177.30","177.97","174.03","63.04K","-0.68%"
"19-04-2017","175.77","176.00","177.30","173.70","58.54K","0.27%"
"18-04-2017","175.30","177.67","179.93","174.33","85.52K","-0.75%"
"17-04-2017","176.63","178.67","181.30","175.93","201.31K","-1.67%"
"13-04-2017","179.63","178.03","183.17","176.87","200.61K","1.55%"
"12-04-2017","176.90","180.13","181.00","174.70","128.97K","-1.49%"
"11-04-2017","179.57","181.03","181.87","178.67","178.36K","-0.65%"
"10-04-2017","180.73","182.63","182.63","179.50","245.21K","1.25%"
"07-04-2017","178.50","178.33","181.33","177.33","315.47K","-0.43%"
"06-04-2017","179.27","181.20","181.20","178.00","238.75K","-1.03%"
"05-04-2017","181.13","181.30","183.07","178.93","420.77K","-0.07%"
"03-04-2017","181.27","179.67","184.40","178.70","1.31M","1.95%"
"31-03-2017","177.80","172.00","180.00","169.40","862.14K","4.12%"
"30-03-2017","170.77","165.63","173.20","164.70","345.95K","2.87%"
"29-03-2017","166.00","164.87","170.00","161.37","324.19K","1.10%"
"28-03-2017","164.20","160.77","165.57","160.17","213.76K","2.52%"
"27-03-2017","160.17","161.93","162.00","156.73","277.45K","-0.35%"
"24-03-2017","160.73","163.27","164.67","160.00","151.33K","-0.74%"
"23-03-2017","161.93","160.67","163.97","160.67","183.68K","-0.55%"
"22-03-2017","162.83","163.33","165.00","160.33","225.55K","-1.35%"
"21-03-2017","165.07","170.07","171.07","161.63","695.96K","-1.73%"
"20-03-2017","167.97","167.50","169.53","163.47","14.47M","1.47%"
"17-03-2017","165.53","163.00","167.33","161.33","492.00K","1.99%"
"16-03-2017","162.30","161.07","163.33","161.07","161.46K","0.89%"
"15-03-2017","160.87","163.30","163.40","160.20","94.66K","-0.74%"
"14-03-2017","162.07","163.33","163.33","160.67","102.90K","1.42%"
"10-03-2017","159.80","162.60","163.20","159.07","203.33K","-0.52%"
"09-03-2017","160.63","161.33","163.13","159.93","130.06K","-0.60%"
"08-03-2017","161.60","166.30","170.13","160.67","669.38K","-1.82%"
"07-03-2017","164.60","162.60","167.10","159.20","175.33K","1.94%"
"06-03-2017","161.47","161.40","163.33","159.37","162.36K","0.19%"
"03-03-2017","161.17","158.70","163.67","158.00","149.02K","1.51%"
"02-03-2017","158.77","164.60","164.67","158.07","133.12K","-3.23%"
"01-03-2017","164.07","164.47","164.93","163.33","262.05K","0.61%"
"28-02-2017","163.07","164.70","168.97","162.00","391.30K","-0.83%"
"27-02-2017","164.43","167.30","167.83","164.00","296.79K","0.00%"
"23-02-2017","164.43","166.00","167.43","164.00","341.20K","-0.88%"
"22-02-2017","165.90","167.70","170.30","165.20","238.62K","-0.40%"
"21-02-2017","166.57","168.73","171.33","165.50","171.99K","-1.58%"
"20-02-2017","169.23","164.00","172.20","162.37","326.99K","3.15%"
"17-02-2017","164.07","166.07","167.33","163.23","99.54K","-0.36%"
"16-02-2017","164.67","166.03","169.00","164.07","260.31K","-0.32%"
"15-02-2017","165.20","167.63","167.63","159.60","242.68K","-0.96%"
"14-02-2017","166.80","166.37","170.33","165.70","120.29K","-0.66%"
"13-02-2017","167.90","168.10","173.20","166.10","266.75K","0.68%"
"10-02-2017","166.77","171.30","173.30","166.00","141.65K","-2.65%"
"09-02-2017","171.30","174.67","175.97","169.40","217.89K","-1.78%"
"08-02-2017","174.40","172.67","179.60","172.67","1.91M","1.63%"
"07-02-2017","171.60","164.97","175.33","164.00","1.02M","5.06%"
"06-02-2017","163.33","168.00","169.60","161.03","175.76K","-2.43%"
"03-02-2017","167.40","168.00","169.87","165.33","195.52K","-0.16%"
"02-02-2017","167.67","162.00","172.67","158.33","1.07M","5.08%"
"01-02-2017","159.57","159.33","163.33","154.73","264.03K","0.25%"
"31-01-2017","159.17","160.37","163.33","157.40","373.11K","-1.51%"
"30-01-2017","161.60","162.67","166.93","156.23","745.87K","-0.64%"
"27-01-2017","162.63","168.67","169.27","161.57","958.38K","-3.99%"
"25-01-2017","169.40","163.33","174.27","157.37","3.15M","3.33%"
"24-01-2017","163.93","143.33","168.03","142.80","3.78M","17.07%"
"23-01-2017","140.03","136.67","142.00","136.10","105.60K","1.60%"
"20-01-2017","137.83","139.67","140.00","137.13","72.86K","-1.87%"
"19-01-2017","140.47","141.77","143.27","139.77","125.12K","-0.61%"
"18-01-2017","141.33","143.27","143.27","140.33","204.78K","0.19%"
"17-01-2017","141.07","142.67","143.33","140.17","117.58K","-0.68%"
"16-01-2017","142.03","143.33","143.33","139.00","240.53K","-0.44%"
"13-01-2017","142.67","132.63","146.20","131.40","2.18M","8.66%"
"12-01-2017","131.30","133.83","133.97","130.73","60.74K","-1.06%"
"11-01-2017","132.70","134.63","134.63","132.10","97.28K","0.10%"
"10-01-2017","132.57","133.33","136.00","131.90","90.20K","-0.80%"
"09-01-2017","133.63","134.63","135.67","132.83","67.00K","0.23%"
"06-01-2017","133.33","134.03","135.50","133.00","95.36K","-0.17%"
"05-01-2017","133.57","134.10","135.00","132.83","47.00K","0.23%"
"04-01-2017","133.27","135.87","135.87","132.90","88.68K","-0.55%"
"03-01-2017","134.00","134.67","135.27","133.50","60.55K","-0.40%"
"02-01-2017","134.53","136.67","137.07","133.13","158.19K","0.70%"
"30-12-2016","133.60","134.03","140.67","132.60","259.18K","-0.07%"
"29-12-2016","133.70","133.33","136.00","132.67","96.25K","-0.42%"
"28-12-2016","134.27","133.30","135.70","131.33","58.43K","0.73%"
"27-12-2016","133.30","129.43","135.70","129.20","494.20K","2.02%"
"26-12-2016","130.67","131.00","131.80","127.20","53.05K","-0.08%"
"23-12-2016","130.77","128.33","131.07","127.73","28.24K","1.58%"
"22-12-2016","128.73","130.47","131.13","127.83","36.70K","-1.50%"
"21-12-2016","130.70","131.67","132.30","130.20","27.49K","-0.10%"
"20-12-2016","130.83","133.13","133.97","130.00","37.44K","-1.73%"
"19-12-2016","133.13","133.40","134.33","130.67","34.28K","0.58%"
"16-12-2016","132.37","131.73","134.47","129.67","66.81K","0.48%"
"15-12-2016","131.73","132.00","134.53","131.33","46.41K","-0.08%"
"14-12-2016","131.83","135.50","135.50","131.17","52.00K","-2.22%"
"13-12-2016","134.83","135.80","135.80","133.10","40.61K","1.23%"
"12-12-2016","133.20","136.90","136.90","132.43","66.41K","-1.45%"
"09-12-2016","135.17","136.00","137.00","133.53","115.53K","-0.47%"
"08-12-2016","135.80","133.93","137.33","132.77","318.15K","2.77%"
"07-12-2016","132.13","135.33","135.93","130.30","661.42K","-0.08%"
"06-12-2016","132.23","134.67","135.93","130.00","619.06K","-0.58%"
"05-12-2016","133.00","119.87","135.80","117.10","2.71M","12.14%"
"02-12-2016","118.60","119.17","122.00","116.67","118.21K","-0.45%"
"01-12-2016","119.13","122.60","122.60","118.67","1.01M","-0.86%"
"30-11-2016","120.17","122.70","123.37","119.40","176.61K","-0.93%"
"29-11-2016","121.30","122.40","124.67","120.07","85.35K","0.28%"
"28-11-2016","120.97","120.67","123.47","120.00","85.43K","-0.11%"
"25-11-2016","121.10","121.43","123.67","120.00","86.97K","-0.19%"
"24-11-2016","121.33","120.67","123.83","120.67","37.16K","-0.55%"
"23-11-2016","122.00","123.50","124.00","120.67","33.96K","-0.73%"
"22-11-2016","122.90","122.00","124.67","120.67","39.00K","0.99%"
"21-11-2016","121.70","123.40","125.33","121.33","54.08K","-2.09%"
"18-11-2016","124.30","126.10","128.20","123.33","56.18K","-1.45%"
"17-11-2016","126.13","130.13","130.13","125.33","95.29K","-2.15%"
"16-11-2016","128.90","128.53","129.87","124.00","68.32K","0.94%"
"15-11-2016","127.70","128.00","130.23","124.00","101.42K","-0.16%"
"11-11-2016","127.90","133.33","136.00","127.37","65.13K","-3.81%"
"10-11-2016","132.97","135.63","136.67","131.37","53.86K","0.40%"
"09-11-2016","132.43","123.60","134.57","123.60","171.76K","-1.54%"
"08-11-2016","134.50","130.67","139.67","130.07","543.36K","3.30%"
"07-11-2016","130.20","133.33","134.70","129.57","46.35K","-0.26%"
"04-11-2016","130.53","136.57","136.60","130.07","114.78K","-3.09%"
"03-11-2016","134.70","135.37","136.67","134.00","72.60K","0.67%"
"02-11-2016","133.80","137.77","137.77","133.33","54.61K","-3.21%"
"01-11-2016","138.23","134.33","139.73","134.33","90.28K","1.49%"
"30-10-2016","136.20","135.93","137.00","134.73","58.90K","2.46%"
"28-10-2016","132.93","130.03","136.53","130.03","193.60K","0.81%"
"27-10-2016","131.87","132.00","133.13","130.00","108.48K","-0.65%"
"26-10-2016","132.73","134.13","135.80","132.00","125.84K","-2.33%"
"25-10-2016","135.90","135.33","139.93","134.00","168.44K","0.37%"
"24-10-2016","135.40","139.87","139.87","134.67","90.45K","-1.14%"
"21-10-2016","136.97","140.03","140.47","136.67","91.68K","-1.44%"
"20-10-2016","138.97","140.67","140.93","137.70","99.64K","-0.50%"
"19-10-2016","139.67","141.60","142.83","139.33","45.99K","-1.23%"
"18-10-2016","141.40","142.90","142.90","138.90","45.72K","1.70%"
"17-10-2016","139.03","139.00","143.33","138.67","61.48K","-0.86%"
"14-10-2016","140.23","143.00","143.33","139.00","68.19K","-1.93%"
"13-10-2016","143.00","141.33","148.00","139.73","176.82K","0.19%"
"10-10-2016","142.73","144.00","145.93","141.67","48.75K","-0.58%"
"07-10-2016","143.57","145.33","146.60","142.67","37.88K","-0.69%"
"06-10-2016","144.57","146.67","148.50","143.03","92.20K","-1.09%"
"05-10-2016","146.17","149.13","149.60","145.33","129.76K","-1.48%"
"04-10-2016","148.37","150.00","152.00","147.23","172.71K","-0.22%"
"03-10-2016","148.70","142.30","149.87","141.40","273.34K","4.50%"
"30-09-2016","142.30","136.83","145.13","136.83","176.59K","2.08%"
"29-09-2016","139.40","140.00","141.67","136.67","230.08K","-0.26%"
"28-09-2016","139.77","140.33","141.33","138.67","102.35K","-0.24%"
"27-09-2016","140.10","143.33","143.33","140.00","97.18K","-0.94%"
"26-09-2016","141.43","140.03","143.33","140.03","74.80K","0.05%"
"23-09-2016","141.37","144.40","144.97","140.73","110.57K","-0.21%"
"22-09-2016","141.67","146.67","146.67","141.33","150.16K","-1.07%"
"21-09-2016","143.20","146.30","147.33","142.40","147.53K","-2.12%"
"20-09-2016","146.30","150.00","153.27","145.67","127.40K","-2.21%"
"19-09-2016","149.60","153.00","156.27","149.33","191.20K","-0.58%"
"16-09-2016","150.47","158.60","158.60","149.33","142.73K","-2.21%"
"15-09-2016","153.87","159.33","160.17","151.33","142.07K","-3.75%"
"14-09-2016","159.87","161.20","162.97","158.33","122.21K","-0.68%"
"12-09-2016","160.97","149.33","166.53","148.67","453.93K","2.97%"
"09-09-2016","156.32","156.87","158.16","155.53","166.75K","0.14%"
"08-09-2016","156.10","157.09","158.33","155.93","186.24K","-0.63%"
"07-09-2016","157.09","161.00","162.93","156.87","481.62K","-1.75%"
"06-09-2016","159.88","151.59","161.33","150.13","626.32K","6.74%"
"02-09-2016","149.79","146.58","151.80","145.93","509.29K","2.31%"
"01-09-2016","146.41","145.05","146.60","144.73","187.66K","0.94%"
"31-08-2016","145.05","145.44","146.59","142.45","100.78K","1.23%"
"30-08-2016","143.29","139.99","146.67","136.80","1.94M","2.46%"
"29-08-2016","139.85","140.00","140.53","134.07","118.92K","1.08%"
"26-08-2016","138.35","135.85","141.71","134.40","253.41K","3.48%"
"25-08-2016","133.70","130.26","135.67","130.20","153.54K","3.05%"
"24-08-2016","129.74","128.27","130.86","126.77","49.35K","1.02%"
"23-08-2016","128.43","127.40","129.40","127.40","58.89K","0.01%"
"22-08-2016","128.42","128.99","129.00","128.07","179.61K","0.47%"
"19-08-2016","127.83","128.00","128.82","127.33","60.55K","-0.14%"
"18-08-2016","128.01","128.33","128.93","127.75","30.58K","0.00%"
"17-08-2016","128.00","127.86","128.53","126.08","299.92K","1.12%"
"16-08-2016","126.59","126.47","129.60","126.33","126.12K","0.06%"
"12-08-2016","126.52","126.67","128.40","124.20","151.59K","0.74%"
"11-08-2016","125.59","124.27","127.27","123.33","125.11K","1.80%"
"10-08-2016","123.37","123.61","124.47","123.33","49.96K","-0.10%"
"09-08-2016","123.49","125.00","126.26","123.33","57.61K","-1.06%"
"08-08-2016","124.82","124.00","125.87","123.60","40.62K","1.14%"
"05-08-2016","123.41","124.00","124.01","123.33","48.52K","0.02%"
"04-08-2016","123.39","123.40","124.67","123.33","33.33K","0.01%"
"03-08-2016","123.37","123.93","123.93","123.06","37.05K","0.01%"
"02-08-2016","123.36","124.33","125.11","123.33","49.92K","-0.37%"
"01-08-2016","123.83","122.67","125.67","121.00","2.00M","1.44%"
"29-07-2016","122.07","121.33","123.33","118.80","1.53M","1.79%"
"28-07-2016","119.93","117.47","123.33","115.49","186.57K","1.17%"
"27-07-2016","118.54","118.33","119.26","118.00","17.28K","0.80%"
"26-07-2016","117.60","117.87","118.66","117.33","7.65K","-0.24%"
"25-07-2016","117.89","118.01","120.53","117.33","45.22K","-1.10%"
"22-07-2016","119.20","117.12","119.67","116.74","70.41K","1.83%"
"21-07-2016","117.06","116.80","118.00","116.66","37.18K","0.24%"
"20-07-2016","116.78","118.07","118.07","116.67","22.45K","-0.84%"
"19-07-2016","117.77","118.00","118.00","116.60","91.71K","0.87%"
"18-07-2016","116.76","118.00","118.00","116.60","42.22K","0.05%"
"15-07-2016","116.70","117.86","118.26","116.60","73.50K","-0.84%"
"14-07-2016","117.69","118.28","118.67","117.33","22.96K","-0.23%"
"13-07-2016","117.97","117.47","118.98","117.47","1.74M","-0.34%"
"12-07-2016","118.36","118.20","119.04","117.00","45.27K","0.10%"
"11-07-2016","118.24","117.34","119.66","117.34","34.06K","-0.06%"
"08-07-2016","118.31","118.00","119.00","117.33","243.30K","0.26%"
"07-07-2016","118.00","117.07","120.06","117.07","43.54K","-0.47%"
"05-07-2016","118.56","119.40","119.98","118.07","23.52K","-0.75%"
"04-07-2016","119.46","121.00","121.20","118.93","48.60K","-0.65%"
"01-07-2016","120.23","121.66","122.63","119.80","51.22K","-0.72%"
"30-06-2016","121.10","120.27","122.96","118.53","309.58K","1.31%"
"29-06-2016","119.53","119.33","121.67","118.60","647.26K","1.38%"
"28-06-2016","117.90","114.00","122.66","112.88","2.09M","5.17%"
"27-06-2016","112.10","113.13","113.20","111.18","55.41K","-0.01%"
"24-06-2016","112.11","111.67","114.33","105.33","341.88K","-0.01%"
"23-06-2016","112.12","112.13","112.60","110.80","32.91K","0.14%"
"22-06-2016","111.96","113.20","114.00","111.33","25.45K","-1.13%"
"21-06-2016","113.24","114.00","114.00","112.00","73.93K","0.25%"
"20-06-2016","112.96","113.33","113.60","112.33","19.29K","0.55%"
"17-06-2016","112.34","113.34","113.73","112.07","25.02K","-0.65%"
"16-06-2016","113.07","112.47","113.78","111.92","72.48K","0.53%"
"15-06-2016","112.48","113.40","114.27","112.00","132.12K","-0.84%"
"14-06-2016","113.43","112.34","114.60","112.34","40.45K","0.46%"
"13-06-2016","112.91","113.20","114.67","112.00","57.79K","0.33%"
"10-06-2016","112.54","113.37","114.00","112.00","30.78K","-0.54%"
"09-06-2016","113.16","115.00","115.00","112.67","57.57K","0.37%"
"08-06-2016","112.75","115.00","115.00","112.36","9.88K","-0.78%"
"07-06-2016","113.63","112.67","114.87","112.00","393.72K","0.90%"
"06-06-2016","112.62","113.67","113.67","111.63","42.16K","0.41%"
"03-06-2016","112.16","113.34","114.93","112.00","87.96K","-1.08%"
"02-06-2016","113.38","113.67","115.99","112.67","141.75K","0.58%"
"01-06-2016","112.73","108.97","114.93","108.97","305.26K","3.45%"
"31-05-2016","108.97","116.09","117.93","106.86","644.53K","-6.13%"
"30-05-2016","116.09","118.67","119.20","115.57","73.66K","-2.73%"
"27-05-2016","119.35","118.73","123.33","116.75","217.92K","1.36%"
"26-05-2016","117.75","122.89","122.89","116.39","351.10K","-2.38%"
"25-05-2016","120.62","117.52","125.27","116.87","1.69M","2.65%"
"24-05-2016","117.51","117.33","118.13","116.67","616.54K","0.55%"
"23-05-2016","116.86","117.34","118.33","115.67","31.26K","-0.39%"
"20-05-2016","117.32","117.34","118.67","116.67","103.38K","-0.26%"
"19-05-2016","117.63","117.40","118.83","116.60","87.99K","0.22%"
"18-05-2016","117.37","118.04","118.33","116.72","320.68K","-0.56%"
"17-05-2016","118.04","118.00","118.67","117.40","37.15K","0.02%"
"16-05-2016","118.02","120.33","120.33","117.20","47.89K","-1.44%"
"13-05-2016","119.74","116.00","120.67","115.21","166.38K","3.00%"
"12-05-2016","116.26","113.47","117.33","113.47","121.87K","2.54%"
"11-05-2016","113.38","112.07","115.62","112.07","69.06K","-0.57%"
"10-05-2016","114.04","113.23","114.99","113.23","38.83K","0.36%"
"09-05-2016","113.63","114.27","114.27","113.33","15.69K","0.00%"
"06-05-2016","113.63","112.36","114.27","112.36","26.26K","-0.02%"
"05-05-2016","113.65","113.94","114.93","112.80","90.58K","-0.06%"
"04-05-2016","113.72","115.07","115.07","113.37","1.39M","-0.15%"
"03-05-2016","113.89","114.67","116.48","112.66","2.23M","0.43%"
"02-05-2016","113.40","114.27","114.27","111.07","1.69M","0.13%"
"29-04-2016","113.25","112.00","114.67","109.33","67.80K","2.12%"
"28-04-2016","110.90","109.67","112.66","108.40","27.94K","1.13%"
"27-04-2016","109.66","111.25","113.33","109.33","37.95K","-0.84%"
"26-04-2016","110.59","109.07","112.99","107.66","238.17K","1.77%"
"25-04-2016","108.67","108.07","109.80","108.07","107.04K","-0.07%"
"22-04-2016","108.75","107.34","109.12","106.34","337.68K","1.16%"
"21-04-2016","107.50","109.40","110.00","106.55","57.39K","-1.26%"
"20-04-2016","108.88","110.60","111.13","107.47","39.58K","-1.62%"
"18-04-2016","110.67","111.47","112.60","109.07","109.29K","-1.90%"
"13-04-2016","112.81","111.47","113.87","110.14","78.70K","-0.24%"
"12-04-2016","113.09","111.27","113.33","108.37","197.04K","1.19%"
"11-04-2016","111.75","105.45","114.93","104.33","513.39K","5.98%"
"08-04-2016","105.45","105.80","106.20","104.73","8.04K","-0.38%"
"07-04-2016","105.86","106.80","109.33","104.80","32.40K","-2.10%"
"06-04-2016","108.13","107.47","108.33","106.53","32.47K","0.64%"
"05-04-2016","107.44","106.66","108.33","106.08","49.08K","0.73%"
"04-04-2016","106.66","106.00","107.47","105.46","41.32K","0.05%"
"01-04-2016","106.60","106.47","107.83","104.83","405.12K","0.46%"
"31-03-2016","106.12","103.87","108.27","102.80","221.50K","2.35%"
"30-03-2016","103.68","102.80","104.67","102.80","27.48K","0.23%"
"29-03-2016","103.45","103.99","104.73","101.67","1.51M","-0.14%"
"28-03-2016","103.59","103.06","104.27","102.33","57.61K","-0.58%"
"23-03-2016","104.19","106.60","107.33","103.00","86.95K","-1.22%"
"22-03-2016","105.48","103.93","112.00","101.71","164.17K","2.95%"
"21-03-2016","102.45","99.72","107.93","98.73","229.93K","1.79%"
"18-03-2016","100.65","98.33","101.33","96.48","130.53K","3.45%"
"17-03-2016","97.29","96.60","98.33","94.74","133.98K","0.74%"
"16-03-2016","96.58","95.34","98.23","92.20","254.11K","2.36%"
"15-03-2016","94.35","95.74","97.60","93.73","76.45K","-1.45%"
"14-03-2016","95.74","96.91","97.00","95.06","47.58K","-0.17%"
"11-03-2016","95.90","96.67","97.80","95.67","943.81K","-0.64%"
"10-03-2016","96.52","97.26","98.53","96.14","37.38K","0.29%"
"09-03-2016","96.25","95.87","96.75","94.00","110.49K","-0.55%"
"08-03-2016","96.78","99.72","99.87","96.13","93.97K","-3.81%"
"04-03-2016","100.61","102.12","103.33","99.71","87.18K","-2.08%"
"03-03-2016","102.75","98.73","103.20","98.73","470.23K","5.30%"
"02-03-2016","97.58","100.67","101.00","96.99","55.92K","-2.43%"
"01-03-2016","100.01","97.33","101.62","95.16","833.77K","4.88%"
"29-02-2016","95.36","96.27","98.00","92.91","56.10K","-0.67%"
"26-02-2016","96.00","96.74","96.80","95.20","2.16M","-0.60%"
"25-02-2016","96.58","96.01","97.20","94.49","269.43K","-0.31%"
"24-02-2016","96.88","96.67","97.66","95.20","31.11K","-1.02%"
"23-02-2016","97.88","96.60","100.07","92.20","128.41K","2.90%"
"22-02-2016","95.12","96.40","97.00","94.73","9.73K","-1.28%"
"19-02-2016","96.35","97.73","97.73","94.87","12.99K","1.08%"
"18-02-2016","95.32","94.17","96.27","93.20","33.16K","0.90%"
"17-02-2016","94.47","93.67","96.67","89.94","67.21K","1.04%"
"16-02-2016","93.49","96.13","97.33","92.67","18.21K","-3.39%"
"15-02-2016","96.78","93.01","97.33","93.01","2.33M","2.16%"
"12-02-2016","94.73","95.07","101.62","90.33","219.10K","-0.38%"
"11-02-2016","95.10","98.20","98.20","92.13","84.84K","-3.20%"
"10-02-2016","98.24","97.93","99.66","96.80","37.27K","0.18%"
"09-02-2016","98.06","98.73","99.86","96.42","33.75K","-1.36%"
"08-02-2016","99.41","99.96","101.66","98.27","39.09K","0.99%"
"05-02-2016","98.44","100.96","101.67","96.26","2.65M","-0.25%"
"04-02-2016","98.68","99.96","100.67","97.80","42.99K","-0.20%"
"03-02-2016","98.88","100.71","101.33","98.00","30.16K","-2.85%"
"02-02-2016","101.78","105.06","105.06","100.71","35.02K","-1.53%"
"01-02-2016","103.36","104.97","105.06","103.03","36.28K","-0.48%"
"29-01-2016","103.86","102.73","104.66","102.14","76.90K","0.24%"
"28-01-2016","103.61","104.20","105.93","102.67","33.97K","-0.60%"
"27-01-2016","104.24","105.85","105.85","101.63","92.40K","-1.08%"
"25-01-2016","105.38","109.20","109.20","104.74","50.65K","-2.40%"
"22-01-2016","107.97","107.33","109.17","106.94","86.62K","0.44%"
"21-01-2016","107.49","106.67","108.24","105.33","47.29K","0.96%"
"20-01-2016","106.47","108.00","108.00","103.54","72.36K","-1.77%"
"19-01-2016","108.39","106.00","108.67","104.87","54.15K","2.05%"
"18-01-2016","106.22","106.86","108.06","103.77","100.68K","-1.95%"
"15-01-2016","108.33","108.93","109.67","106.67","197.67K","-0.65%"
"14-01-2016","109.05","110.15","110.15","108.01","137.79K","-1.71%"
"13-01-2016","110.95","111.06","112.60","107.13","96.69K","-0.37%"
"12-01-2016","111.36","112.82","113.80","110.21","30.13K","-1.96%"
"11-01-2016","113.59","112.34","114.47","111.67","59.98K","-0.46%"
"08-01-2016","114.11","109.73","115.33","109.20","128.25K","5.24%"
"07-01-2016","108.42","109.33","110.45","107.53","142.98K","-1.62%"
"06-01-2016","110.20","112.07","112.07","108.82","986.50K","-1.70%"
"05-01-2016","112.11","113.93","114.00","111.34","86.40K","-1.55%"
"04-01-2016","113.88","117.87","117.87","112.20","161.08K","-2.56%"
"01-01-2016","116.87","118.33","118.37","115.67","103.44K","0.17%"
"31-12-2015","116.68","117.34","117.34","115.67","1.85M","-0.46%"
"30-12-2015","117.22","117.33","117.93","114.67","242.35K","0.44%"
"29-12-2015","116.70","113.56","118.60","112.07","540.82K","2.33%"
"28-12-2015","114.04","113.33","116.33","109.20","579.69K","1.32%"
"24-12-2015","112.56","113.27","114.00","108.73","389.31K","0.10%"
"23-12-2015","112.44","106.67","117.29","106.47","524.49K","5.41%"
"22-12-2015","106.67","110.52","110.54","105.07","370.11K","-2.89%"
"21-12-2015","109.84","105.86","115.07","104.13","612.36K","4.76%"
"18-12-2015","104.85","103.33","105.60","103.33","67.06K","1.05%"
"17-12-2015","103.76","100.93","104.70","100.06","86.08K","2.95%"
"16-12-2015","100.79","101.47","101.93","99.67","13.21K","-1.02%"
"15-12-2015","101.82","100.80","102.47","98.13","51.48K","1.31%"
"14-12-2015","100.50","101.97","101.97","98.73","46.63K","-0.33%"
"11-12-2015","100.83","103.26","103.77","100.34","37.48K","-2.40%"
"10-12-2015","103.31","101.60","103.67","100.67","38.97K","1.64%"
"09-12-2015","101.65","102.66","102.67","100.09","102.25K","-0.53%"
"08-12-2015","102.19","103.33","103.47","101.40","23.04K","-1.13%"
"07-12-2015","103.35","104.00","104.00","101.40","72.76K","0.16%"
"04-12-2015","103.19","103.82","104.67","100.73","116.43K","-1.95%"
"03-12-2015","105.25","104.67","105.97","103.47","34.27K","0.88%"
"02-12-2015","104.33","104.80","106.59","102.73","48.34K","-0.45%"
"01-12-2015","104.81","107.80","109.73","103.76","467.95K","-2.70%"
"30-11-2015","107.72","102.73","110.00","100.93","286.68K","4.40%"
"27-11-2015","103.18","102.08","104.99","98.87","718.99K","1.07%"
"26-11-2015","102.08","98.33","102.73","97.33","263.50K","5.24%"
"24-11-2015","97.00","94.67","98.73","93.93","78.94K","2.45%"
"23-11-2015","94.69","94.00","95.53","94.00","42.67K","0.27%"
"20-11-2015","94.43","94.70","95.93","93.87","36.04K","-0.90%"
"19-11-2015","95.29","94.69","95.67","93.67","39.82K","0.25%"
"18-11-2015","95.05","94.00","95.67","93.23","62.32K","1.83%"
"17-11-2015","93.34","94.87","95.20","93.33","28.38K","-1.79%"
"16-11-2015","95.04","92.07","95.54","91.58","67.86K","2.45%"
"13-11-2015","92.77","95.00","95.00","92.07","34.81K","-1.08%"
"11-11-2015","93.78","93.80","94.88","93.42","18.25K","0.47%"
"10-11-2015","93.34","93.35","93.66","93.33","74.04K","-0.04%"
"09-11-2015","93.38","93.34","93.73","92.09","79.02K","0.03%"
"06-11-2015","93.35","93.40","94.00","93.33","164.23K","0.01%"
"05-11-2015","93.33","93.94","95.93","93.33","169.93K","-1.83%"
"04-11-2015","95.08","94.53","96.40","93.47","116.26K","-0.17%"
"03-11-2015","95.24","93.52","95.67","93.33","88.06K","2.03%"
"02-11-2015","93.35","92.60","93.67","92.06","47.38K","0.37%"
"30-10-2015","93.00","94.67","94.67","93.00","19.53K","-0.38%"
"29-10-2015","93.36","93.41","94.47","93.00","30.84K","0.37%"
"28-10-2015","93.02","92.90","93.92","92.07","37.80K","-0.05%"
"27-10-2015","93.07","92.74","93.93","92.56","25.15K","-0.77%"
"26-10-2015","93.79","92.67","94.64","92.07","1.02M","1.20%"
"23-10-2015","92.67","92.88","94.26","92.15","229.39K","0.00%"
"21-10-2015","92.67","91.14","93.60","91.14","56.17K","0.84%"
"20-10-2015","91.90","91.98","92.93","90.13","83.86K","0.01%"
"19-10-2015","91.89","92.07","94.00","91.33","142.11K","-0.17%"
"16-10-2015","92.05","89.50","96.60","88.87","133.87K","2.52%"
"15-10-2015","89.78","89.87","91.93","89.00","70.47K","-1.24%"
"14-10-2015","90.91","90.66","92.33","89.40","498.25K","0.89%"
"13-10-2015","90.11","88.54","90.73","88.07","71.38K","1.62%"
"12-10-2015","88.67","88.67","90.67","87.53","55.93K","-0.52%"
"09-10-2015","89.14","87.51","90.67","86.07","187.47K","2.84%"
"08-10-2015","86.67","87.59","87.59","86.00","52.15K","-0.22%"
"07-10-2015","86.87","87.80","87.99","86.02","36.07K","-1.07%"
"06-10-2015","87.80","87.81","88.24","87.80","78.94K","-0.07%"
"05-10-2015","87.87","86.20","88.26","85.93","94.09K","1.87%"
"01-10-2015","86.25","87.33","87.50","85.40","26.49K","-0.74%"
"30-09-2015","86.89","86.00","89.33","83.84","192.91K","1.30%"
"29-09-2015","85.78","84.74","86.33","84.74","91.02K","-0.07%"
"28-09-2015","85.84","87.10","88.00","85.00","42.36K","-2.23%"
"24-09-2015","87.79","86.67","89.00","84.60","178.47K","1.82%"
"23-09-2015","86.22","82.67","86.87","82.67","88.63K","2.72%"
"22-09-2015","83.93","86.00","86.60","82.53","162.45K","-2.41%"
"21-09-2015","86.01","85.47","88.33","84.33","77.59K","0.55%"
"18-09-2015","85.53","80.80","87.13","80.77","121.42K","3.35%"
"16-09-2015","82.76","79.72","83.93","78.74","1.10M","4.14%"
"15-09-2015","79.47","79.07","80.98","78.67","1.01M","-0.01%"
"14-09-2015","79.48","81.30","81.33","78.40","11.97K","-0.05%"
"11-09-2015","79.52","78.61","80.53","77.58","92.08K","2.21%"
"10-09-2015","77.80","78.79","78.79","77.40","11.82K","-2.24%"
"09-09-2015","79.58","79.67","80.50","78.35","22.09K","0.84%"
"08-09-2015","78.92","80.00","81.12","78.01","26.05K","0.20%"
"07-09-2015","78.76","82.30","82.71","78.33","50.82K","-4.25%"
"04-09-2015","82.26","82.07","83.33","81.53","212.35K","-0.92%"
"03-09-2015","83.02","82.54","83.33","82.17","53.77K","0.02%"
"02-09-2015","83.01","83.06","83.65","82.96","61.63K","-0.07%"
"01-09-2015","83.07","82.42","83.73","81.67","2.99M","0.78%"
"31-08-2015","82.42","84.67","84.67","81.67","586.62K","0.09%"
"28-08-2015","82.35","83.00","83.19","81.85","12.69K","0.65%"
"27-08-2015","81.82","82.00","82.66","80.12","37.02K","0.05%"
"26-08-2015","81.78","81.99","82.67","80.77","83.22K","0.00%"
"25-08-2015","81.78","80.46","83.27","79.34","77.25K","2.10%"
"24-08-2015","80.10","84.17","86.86","79.84","286.77K","-8.16%"
"21-08-2015","87.22","87.40","87.75","83.60","181.00K","-0.18%"
"20-08-2015","87.38","86.63","88.00","85.22","79.71K","1.40%"
"19-08-2015","86.17","87.19","88.34","85.93","33.36K","-0.78%"
"18-08-2015","86.84","85.61","87.33","85.61","39.07K","1.39%"
"17-08-2015","85.65","85.53","87.32","85.00","43.92K","-1.23%"
"14-08-2015","86.72","84.73","87.00","84.73","33.27K","0.15%"
"13-08-2015","86.59","87.33","88.00","82.60","163.93K","-0.70%"
"12-08-2015","87.20","88.54","90.13","86.67","137.88K","-1.52%"
"11-08-2015","88.54","88.40","89.59","86.87","1.77M","1.89%"
"10-08-2015","86.90","83.33","89.60","80.80","340.18K","6.52%"
"07-08-2015","81.59","84.40","85.13","80.53","170.80K","-1.81%"
"06-08-2015","83.09","81.99","84.53","80.80","222.33K","1.94%"
"05-08-2015","81.51","81.60","82.00","81.00","31.00K","1.38%"
"04-08-2015","80.40","81.67","82.13","80.00","54.40K","-0.96%"
"03-08-2015","81.18","80.71","82.66","80.30","40.14K","-0.52%"
"31-07-2015","81.60","81.60","83.20","80.47","60.25K","1.86%"
"30-07-2015","80.11","80.67","81.64","79.94","68.62K","-0.26%"
"29-07-2015","80.32","80.35","81.33","79.58","20.19K","0.10%"
"28-07-2015","80.24","80.00","81.33","80.00","300.30K","-0.91%"
"27-07-2015","80.97","80.54","82.00","79.40","252.46K","0.32%"
"24-07-2015","80.72","81.36","82.36","79.84","877.08K","-0.48%"
"23-07-2015","81.11","79.55","82.36","79.32","128.52K","2.73%"
"22-07-2015","78.95","78.51","80.50","77.57","32.34K","-0.31%"
"21-07-2015","79.20","80.77","80.77","77.50","33.90K","0.62%"
"20-07-2015","78.71","79.84","80.07","78.37","35.40K","-0.84%"
"17-07-2015","79.38","80.50","81.17","78.70","135.60K","-0.94%"
"16-07-2015","80.13","79.50","81.32","79.50","2.39M","0.56%"
"15-07-2015","79.68","80.90","81.23","79.24","41.88K","-1.58%"
"14-07-2015","80.96","81.69","82.49","80.37","18.70K","0.05%"
"13-07-2015","80.92","80.83","82.83","79.84","46.92K","0.21%"
"10-07-2015","80.75","81.03","82.96","78.70","332.31K","1.31%"
"09-07-2015","79.71","78.57","80.96","78.57","69.06K","1.44%"
"08-07-2015","78.57","77.44","79.97","77.44","91.14K","-1.16%"
"07-07-2015","79.50","79.06","79.97","78.21","64.75K","1.41%"
"06-07-2015","78.39","76.51","78.72","76.51","61.59K","1.23%"
"03-07-2015","77.44","76.64","77.84","75.51","105.54K","0.97%"
"02-07-2015","76.69","77.10","77.50","76.18","95.80K","0.03%"
"01-07-2015","76.67","75.84","77.51","73.85","113.62K","2.27%"
"30-06-2015","74.97","75.46","77.48","74.52","116.07K","0.06%"
"29-06-2015","74.93","75.18","75.37","74.25","38.95K","-1.05%"
"26-06-2015","75.72","76.64","76.77","74.76","61.63K","-0.91%"
"25-06-2015","76.42","76.44","77.50","75.85","39.94K","-0.10%"
"24-06-2015","76.49","78.50","78.80","76.21","140.29K","-2.57%"
"23-06-2015","78.50","78.84","80.50","78.10","56.67K","-0.87%"
"22-06-2015","79.20","81.83","81.83","78.58","75.39K","-2.18%"
"19-06-2015","80.96","79.84","81.83","77.91","70.14K","2.14%"
"18-06-2015","79.27","78.84","81.03","78.52","57.19K","-0.57%"
"17-06-2015","79.72","75.84","80.70","74.65","205.05K","7.11%"
"16-06-2015","74.43","75.51","75.57","73.56","28.62K","-0.44%"
"15-06-2015","74.76","75.68","76.69","73.99","49.30K","-1.77%"
"12-06-2015","76.11","75.18","76.64","74.85","68.64K","-0.22%"
"11-06-2015","76.28","76.18","78.11","75.84","186.25K","1.04%"
"10-06-2015","75.49","74.54","76.31","74.52","36.10K","1.50%"
"09-06-2015","74.38","76.51","76.51","74.18","23.77K","-1.49%"
"08-06-2015","75.51","75.30","76.63","74.18","420.97K","-0.08%"
"05-06-2015","75.57","77.09","78.17","75.11","57.75K","-1.73%"
"04-06-2015","76.90","77.09","78.83","75.18","118.60K","1.12%"
"03-06-2015","76.04","78.34","78.50","72.85","122.92K","-4.17%"
"02-06-2015","79.35","80.26","81.63","78.51","116.47K","0.40%"
"01-06-2015","79.04","79.50","81.76","78.37","105.76K","-0.28%"
"29-05-2015","79.26","81.84","82.44","78.59","541.42K","-2.52%"
"28-05-2015","81.31","81.82","82.36","80.10","97.98K","-1.89%"
"27-05-2015","82.88","81.96","84.09","81.03","81.85K","0.39%"
"26-05-2015","82.56","83.90","85.02","81.56","35.76K","-0.89%"
"25-05-2015","83.30","86.42","86.42","82.83","25.54K","-2.31%"
"22-05-2015","85.27","85.30","86.49","84.33","41.71K","-0.55%"
"21-05-2015","85.75","87.15","88.08","84.99","508.51K","-0.89%"
"20-05-2015","86.51","79.72","88.35","79.72","662.56K","9.25%"
"19-05-2015","79.19","78.17","79.77","77.87","34.23K","1.54%"
"18-05-2015","77.99","76.52","78.50","76.52","35.44K","1.68%"
"15-05-2015","76.70","76.40","77.44","75.54","68.10K","-0.13%"
"14-05-2015","76.80","76.18","77.77","74.58","96.28K","1.93%"
"13-05-2015","75.34","74.85","76.53","74.38","801.40K","1.34%"
"12-05-2015","74.35","76.38","78.84","73.52","276.70K","-4.68%"
"11-05-2015","78.00","78.84","79.49","77.51","66.09K","-0.26%"
"08-05-2015","78.20","75.37","78.72","75.36","91.08K","3.86%"
"07-05-2015","75.29","74.25","77.04","74.25","59.65K","0.58%"
"06-05-2015","74.86","78.57","79.30","74.20","69.57K","-4.73%"
"05-05-2015","78.57","78.70","80.30","77.92","39.51K","-0.06%"
"04-05-2015","78.62","76.08","82.10","75.84","302.86K","3.78%"
"30-04-2015","75.76","77.37","77.51","72.85","290.67K","-1.56%"
"29-04-2015","76.96","79.66","80.32","76.60","99.09K","-3.41%"
"28-04-2015","79.67","76.97","80.57","76.34","74.35K","3.57%"
"27-04-2015","76.93","79.64","79.84","74.51","165.75K","-2.60%"
"24-04-2015","78.98","82.16","82.16","78.11","308.37K","-4.09%"
"23-04-2015","82.35","85.76","86.36","80.84","410.16K","-3.67%"
"22-04-2015","85.48","86.16","87.06","84.83","168.96K","-0.49%"
"21-04-2015","85.90","87.95","88.40","84.56","202.51K","-2.12%"
"20-04-2015","87.76","92.14","92.14","86.57","169.23K","-4.81%"
"17-04-2015","92.19","92.74","93.34","91.52","122.53K","-0.29%"
"16-04-2015","92.46","92.49","92.81","90.49","233.59K","1.22%"
"15-04-2015","91.34","92.28","94.14","90.81","50.08K","-1.28%"
"13-04-2015","92.53","94.21","95.14","92.31","93.85K","-1.51%"
"10-04-2015","93.95","95.14","95.53","93.48","84.28K","-0.85%"
"09-04-2015","94.75","96.53","97.00","94.07","292.51K","-1.77%"
"08-04-2015","96.46","97.93","98.53","96.07","201.31K","-1.19%"
"07-04-2015","97.62","99.00","99.72","97.27","74.58K","-1.27%"
"06-04-2015","98.87","98.40","100.66","97.60","396.46K","0.34%"
"01-04-2015","98.53","98.33","99.26","98.13","35.53K","0.77%"
"31-03-2015","97.78","98.69","98.73","96.86","304.44K","-0.26%"
"30-03-2015","98.04","98.46","98.80","97.01","159.03K","-0.42%"
"27-03-2015","98.45","96.80","99.06","95.14","265.68K","1.20%"
"26-03-2015","97.29","95.47","97.73","95.47","179.79K","0.79%"
"25-03-2015","96.53","97.40","97.80","95.14","209.59K","-0.51%"
"24-03-2015","97.02","95.95","98.73","95.95","52.32K","-0.30%"
"23-03-2015","97.31","98.36","98.40","96.20","153.07K","-1.07%"
"20-03-2015","98.36","98.76","99.38","97.13","171.85K","-0.04%"
"19-03-2015","98.40","99.13","99.13","97.54","138.46K","-0.63%"
"18-03-2015","99.03","99.66","100.35","97.80","416.59K","-0.05%"
"17-03-2015","99.08","100.11","100.19","97.47","353.61K","0.08%"
"16-03-2015","99.00","98.13","101.06","97.27","410.55K","-1.12%"
"13-03-2015","100.11","98.99","103.12","98.47","527.64K","1.98%"
"12-03-2015","98.17","97.67","100.19","97.67","104.67K","-0.04%"
"11-03-2015","98.21","97.86","99.39","93.94","445.57K","-0.27%"
"10-03-2015","98.48","97.73","99.13","96.87","79.12K","1.41%"
"09-03-2015","97.11","97.14","98.46","96.20","58.62K","-0.61%"
"05-03-2015","97.71","97.33","99.06","96.93","55.33K","0.86%"
"04-03-2015","96.88","97.73","99.73","96.48","104.94K","-0.91%"
"03-03-2015","97.76","97.00","98.99","96.53","109.68K","0.81%"
"02-03-2015","96.98","97.60","98.13","96.67","41.58K","-0.58%"
"28-02-2015","97.55","98.55","99.59","96.87","22.45K","-1.70%"
"27-02-2015","99.24","97.93","100.16","96.67","103.35K","1.43%"
"26-02-2015","97.83","96.90","98.46","95.14","77.92K","1.54%"
"25-02-2015","96.35","97.80","98.80","95.80","55.44K","-1.05%"
"24-02-2015","97.37","97.30","98.99","96.35","77.73K","0.67%"
"23-02-2015","96.72","97.93","98.90","96.21","59.14K","-0.31%"
"20-02-2015","97.02","98.10","99.06","96.81","49.66K","-0.59%"
"19-02-2015","97.60","99.79","100.06","97.13","83.01K","-1.76%"
"18-02-2015","99.34","97.69","100.25","97.61","222.04K","2.08%"
"16-02-2015","97.32","97.47","99.97","97.00","50.37K","-0.04%"
"13-02-2015","97.36","98.13","98.46","96.96","32.29K","-0.18%"
"12-02-2015","97.54","99.12","99.31","96.80","62.44K","-1.10%"
"11-02-2015","98.62","97.15","99.06","95.24","165.10K","2.08%"
"10-02-2015","96.61","97.33","98.40","94.93","198.19K","-1.01%"
"09-02-2015","97.59","98.26","99.79","97.14","75.07K","-0.62%"
"06-02-2015","98.20","100.08","100.91","97.00","192.60K","-1.18%"
"05-02-2015","99.38","97.99","101.59","97.46","1.15M","1.43%"
"04-02-2015","97.98","94.60","98.60","94.60","567.07K","3.83%"
"03-02-2015","94.37","96.61","98.33","93.81","143.71K","-2.34%"
"02-02-2015","96.63","97.05","98.34","95.80","81.07K","-0.44%"
"30-01-2015","97.05","95.80","98.59","95.80","190.21K","0.64%"
"29-01-2015","96.44","99.12","99.12","95.54","222.46K","-2.34%"
"28-01-2015","98.75","97.80","99.46","97.79","343.33K","1.45%"
"27-01-2015","97.34","96.40","99.33","95.47","373.00K","1.25%"
"23-01-2015","96.14","96.07","99.34","95.14","845.01K","1.82%"
"22-01-2015","94.42","96.38","98.95","92.81","334.20K","-1.04%"
"21-01-2015","95.41","96.93","97.58","95.12","37.59K","-0.80%"
"20-01-2015","96.17","96.79","98.25","95.74","221.47K","0.97%"
"19-01-2015","95.25","92.74","95.74","92.74","105.39K","2.83%"
"16-01-2015","92.63","94.41","94.41","92.48","67.41K","-1.95%"
"15-01-2015","94.47","93.98","94.85","91.26","355.59K","1.76%"
"14-01-2015","92.84","95.33","96.40","92.48","233.86K","-1.95%"
"13-01-2015","94.68","97.41","97.54","94.47","132.18K","-1.73%"
"12-01-2015","96.35","97.93","99.27","95.31","92.34K","-1.63%"
"09-01-2015","97.94","99.92","100.46","97.20","99.54K","-2.01%"
"08-01-2015","99.96","100.66","100.66","97.81","194.43K","0.93%"
"07-01-2015","99.03","99.42","100.90","97.22","274.84K","2.59%"
"06-01-2015","96.53","97.80","99.71","95.80","189.78K","-1.40%"
"05-01-2015","97.90","97.24","101.12","96.01","379.02K","0.12%"
"02-01-2015","97.79","98.80","99.26","97.11","38.07K","-0.88%"
"01-01-2015","98.66","98.53","99.26","97.80","24.85K","-0.49%"