Date,Open,High,Low,Close,Volume,MA5,MA20,RSI,Volatility,Trend,RSI_Condition,Volatility_Condition
2015-01-01,749.79,753.19,745.7,747.85,284940.0,,,,,,,
2015-01-02,749.94,780.09,749.94,773.7,2080000.0,,,,,,,
2015-01-05,778.54,786.53,771.36,773.65,1330000.0,,,,,,,
2015-01-06,773.65,781.64,749.09,755.18,1510000.0,,,,,,,
2015-01-07,762.07,777.0,757.93,770.36,1430000.0,764.1479999999999,,,,,,
2015-01-08,782.44,821.47,776.75,818.92,2770000.0,778.362,,,,,,
2015-01-09,827.01,827.56,802.65,811.09,1710000.0,785.8399999999999,,,,,,
2015-01-12,811.64,816.98,798.81,806.34,1320000.0,792.378,,,,,,
2015-01-13,811.59,840.98,810.69,832.4,3840000.0,807.8219999999999,,,,,,
2015-01-14,838.54,848.52,828.76,841.18,2320000.0,821.9860000000001,,,,,,
2015-01-15,847.52,848.52,831.55,837.89,1310000.0,825.78,,,,,,
2015-01-16,843.43,857.51,838.54,841.98,1570000.0,831.958,,,,,,
2015-01-19,844.53,846.52,828.11,830.45,1040000.0,836.78,,,,,,
2015-01-20,833.55,845.53,833.55,837.74,1310000.0,837.848,,,,,,
2015-01-21,843.53,854.41,837.74,849.82,1660000.0,839.576,,76.30669212114958,,,RSI_HIGH,
2015-01-22,855.01,880.12,851.37,865.64,2000000.0,845.126,,75.01360322124279,,,RSI_HIGH,
2015-01-23,869.28,878.42,858.6,860.6,1530000.0,848.85,,73.0306722466494,,,RSI_HIGH,
2015-01-27,867.39,891.25,863.99,888.95,1830000.0,860.55,,83.66977095393915,,,RSI_HIGH,
2015-01-28,891.5,919.4,889.5,908.67,2900000.0,874.7360000000001,,84.03464737437872,,,RSI_HIGH,
2015-01-29,912.21,920.89,865.69,879.77,5330000.0,880.726,826.609,66.57767122541279,,BULLISH,RSI_NORMAL,
2015-01-30,886.95,886.95,852.61,856.26,3290000.0,878.85,832.0295,61.33728226494655,0.02364610774799094,BULLISH,RSI_NORMAL,HIGH_VOLATILITY
2015-02-02,848.52,849.62,802.1,806.69,4810000.0,868.068,833.6790000000001,50.07171249436546,0.02681044267530189,BEARISH,RSI_NORMAL,HIGH_VOLATILITY
2015-02-03,808.39,825.06,800.6,813.28,3050000.0,852.934,835.6605,45.74278589241182,0.02683331040763888,BEARISH,RSI_NORMAL,HIGH_VOLATILITY
2015-02-04,818.37,821.77,799.41,802.45,912370.0,831.6899999999999,838.024,41.45448126737567,0.02638009040104487,BEARISH,RSI_NORMAL,HIGH_VOLATILITY
2015-02-05,810.59,824.96,806.59,809.44,1670000.0,817.624,839.9780000000001,43.82354218227607,0.026121572302071412,BEARISH,RSI_NORMAL,HIGH_VOLATILITY
2015-02-06,808.59,813.58,787.43,796.26,1670000.0,805.624,838.845,40.45112781954885,0.02222592995756324,BEARISH,RSI_NORMAL,HIGH_VOLATILITY
2015-02-09,788.63,820.57,782.04,802.25,1910000.0,804.7360000000001,838.403,43.970751731805336,0.022214532286181508,BEARISH,RSI_NORMAL,HIGH_VOLATILITY
2015-02-10,800.5,828.46,798.46,820.77,2240000.0,806.234,839.1245000000001,46.53800644661144,0.022769953898029383,BEARISH,RSI_NORMAL,HIGH_VOLATILITY
2015-02-11,828.56,843.53,826.56,839.29,1230000.0,813.6020000000001,839.469,47.90681032083646,0.022163260367070593,BEARISH,RSI_NORMAL,HIGH_VOLATILITY
2015-02-12,845.53,848.42,817.92,822.32,1970000.0,816.178,838.5260000000001,41.42789298717746,0.02250514757962199,BEARISH,RSI_NORMAL,HIGH_VOLATILITY
2015-02-13,822.92,833.5,813.63,825.31,1320000.0,821.988,837.8970000000002,42.95974145154209,0.022515089197662486,BEARISH,RSI_NORMAL,HIGH_VOLATILITY
2015-02-16,832.55,841.03,816.58,832.7,1580000.0,828.0780000000001,837.433,37.754169025122984,0.022584752234897858,BEARISH,RSI_NORMAL,HIGH_VOLATILITY
2015-02-18,837.64,840.53,818.27,819.62,1450000.0,827.848,836.8915000000001,30.036317984127678,0.022651966110723544,BEARISH,RSI_NORMAL,HIGH_VOLATILITY
2015-02-19,824.56,836.54,824.56,832.65,1220000.0,826.5199999999999,836.6370000000001,38.627148098088426,0.022858935648928866,BEARISH,RSI_NORMAL,HIGH_VOLATILITY
2015-02-20,832.8,834.65,821.77,824.26,699110.0,826.908,835.359,41.66840241616329,0.022698334275215983,BEARISH,RSI_NORMAL,HIGH_VOLATILITY
2015-02-23,828.06,831.55,804.7,808.19,1430000.0,823.484,832.4865,50.47306673394728,0.022539534125935894,BEARISH,RSI_NORMAL,HIGH_VOLATILITY
2015-02-24,808.59,812.08,796.61,798.16,1140000.0,816.576,829.3645,45.33275713050993,0.022628092992910968,BEARISH,RSI_NORMAL,HIGH_VOLATILITY
2015-02-25,803.8,814.58,803.6,812.43,1540000.0,815.138,825.5385,53.01656389795669,0.02157710244452877,BEARISH,RSI_NORMAL,HIGH_VOLATILITY
2015-02-26,817.38,818.47,785.83,790.52,1600000.0,806.712,819.631,44.75435288898744,0.02120185525338764,BEARISH,RSI_NORMAL,HIGH_VOLATILITY
2015-02-27,797.71,807.69,794.71,805.75,1270000.0,803.01,815.9300000000001,52.60156806842481,0.02109734934145718,BEARISH,RSI_NORMAL,HIGH_VOLATILITY
2015-02-28,811.39,820.47,799.66,817.18,858990.0,804.808,813.976,53.974338497577584,0.0207763986185971,BULLISH,RSI_NORMAL,HIGH_VOLATILITY
2015-03-02,822.37,829.15,804.6,824.16,1380000.0,810.008,814.8495,50.9614839185433,0.016197374610956293,BULLISH,RSI_NORMAL,HIGH_VOLATILITY
2015-03-03,828.41,840.53,825.76,836.84,1620000.0,814.89,816.0274999999999,49.28131416837784,0.01643943185264702,BULLISH,RSI_NORMAL,HIGH_VOLATILITY
2015-03-04,843.03,846.72,830.95,835.34,1600000.0,823.8539999999999,817.6719999999999,54.20054200542005,0.01608888475889928,BULLISH,RSI_NORMAL,HIGH_VOLATILITY
2015-03-05,835.54,840.09,826.56,832.45,694150.0,829.1940000000001,818.8225,52.30501033057855,0.01605715515455742,BULLISH,RSI_NORMAL,HIGH_VOLATILITY
2015-03-09,831.05,831.05,807.44,811.24,626460.0,828.006,819.5715,43.63959691760521,0.016712244211486687,BEARISH,RSI_NORMAL,HIGH_VOLATILITY
2015-03-10,811.59,816.58,800.6,806.54,691300.0,824.482,819.7860000000001,45.92065868263472,0.016706703168470328,BEARISH,RSI_NORMAL,HIGH_VOLATILITY
2015-03-11,816.58,818.52,805.35,807.59,942310.0,818.632,819.1270000000001,41.55318862073618,0.01583736284846655,BEARISH,RSI_NORMAL,HIGH_VOLATILITY
2015-03-12,813.38,813.58,803.8,806.69,979690.0,812.902,817.497,43.76286829960954,0.014862573575136756,BEARISH,RSI_NORMAL,HIGH_VOLATILITY
2015-03-13,810.49,817.28,804.2,806.99,837990.0,807.8100000000001,816.7305,49.52030700351773,0.014224322342860213,BEARISH,RSI_NORMAL,HIGH_VOLATILITY
2015-03-16,811.59,834.4,807.59,830.4,1290000.0,811.642,816.985,61.642351581684245,0.01569988101542471,BULLISH,RSI_NORMAL,HIGH_VOLATILITY
2015-03-17,837.89,840.49,821.57,829.95,1380000.0,816.324,816.8475,57.028241335044974,0.015571416050718536,BULLISH,RSI_NORMAL,HIGH_VOLATILITY
2015-03-18,834.4,834.4,808.59,812.78,1170000.0,817.362,816.5055,59.28273561301083,0.015871896824891835,BEARISH,RSI_NORMAL,HIGH_VOLATILITY
2015-03-19,822.57,846.37,820.27,833.35,2040000.0,822.6939999999998,816.5405000000001,61.01884381986586,0.016504223880807047,BULLISH,RSI_NORMAL,HIGH_VOLATILITY
2015-03-20,834.55,835.54,804.2,808.54,1250000.0,823.0040000000001,815.7545,46.883566584908394,0.01769263816812825,BEARISH,RSI_NORMAL,HIGH_VOLATILITY
2015-03-23,814.58,814.58,804.1,810.19,759200.0,818.962,815.8545,44.75954685272718,0.017142534130719478,BEARISH,RSI_NORMAL,HIGH_VOLATILITY
2015-03-24,808.24,818.07,806.19,811.88,755970.0,815.3480000000001,816.5405,39.795584627964026,0.016882955054731256,BEARISH,RSI_NORMAL,HIGH_VOLATILITY
2015-03-25,812.38,815.93,801.1,807.09,834390.0,814.21,816.2735,38.75308543673861,0.016462943333779973,BEARISH,RSI_NORMAL,HIGH_VOLATILITY
2015-03-26,801.6,814.48,786.63,791.72,1520000.0,805.884,816.3335,35.25023538784676,0.015869444850328644,BEARISH,RSI_NORMAL,HIGH_VOLATILITY
2015-03-27,791.62,791.62,766.76,776.8,1560000.0,799.5360000000001,814.886,36.932766732432846,0.015746674679712164,BEARISH,RSI_NORMAL,HIGH_VOLATILITY
2015-03-30,778.74,808.34,778.69,806.05,847420.0,798.708,814.3295,49.843280240516854,0.017741639544331996,BEARISH,RSI_NORMAL,HIGH_VOLATILITY
2015-03-31,806.49,815.58,800.65,809.89,947720.0,798.31,813.616,50.72272498743085,0.017659826270232375,BEARISH,RSI_NORMAL,HIGH_VOLATILITY
2015-04-01,808.59,824.46,802.1,820.27,898480.0,800.946,812.7875,54.02728351126925,0.017545456537922683,BULLISH,RSI_NORMAL,HIGH_VOLATILITY
2015-04-06,827.56,829.95,817.57,823.07,687260.0,807.216,812.1740000000001,54.699006428988895,0.01756939903305987,BULLISH,RSI_NORMAL,HIGH_VOLATILITY
2015-04-07,822.92,837.34,819.57,833.75,769530.0,818.606,812.239,51.05764980741303,0.017810992647770946,BULLISH,RSI_NORMAL,HIGH_VOLATILITY
2015-04-08,839.54,852.51,838.54,845.38,982730.0,826.472,813.946,54.550280153347074,0.016978416601354924,BULLISH,RSI_NORMAL,HIGH_VOLATILITY
2015-04-09,853.51,854.51,839.54,851.67,1020000.0,834.8280000000001,816.2025,62.25499464296967,0.016908239723513532,BULLISH,RSI_NORMAL,HIGH_VOLATILITY
2015-04-10,851.52,860.2,841.73,857.95,802070.0,842.3639999999999,818.7205,58.51918548275384,0.016933257756134516,BULLISH,RSI_NORMAL,HIGH_VOLATILITY
2015-04-13,858.5,864.04,850.92,860.55,805170.0,849.86,821.4135,71.28591307194891,0.0169034645804113,BULLISH,RSI_HIGH,HIGH_VOLATILITY
2015-04-15,860.15,861.5,833.55,837.59,1280000.0,850.628,822.9435,59.54836911067745,0.018189633301873,BULLISH,RSI_NORMAL,HIGH_VOLATILITY
2015-04-16,833.55,835.39,809.19,820.82,1370000.0,845.716,822.4645,52.819122098890034,0.017656933955250687,BEARISH,RSI_NORMAL,HIGH_VOLATILITY
2015-04-17,820.82,828.16,813.58,815.38,685340.0,838.458,821.7360000000001,52.60347968092456,0.01771128097582208,BEARISH,RSI_NORMAL,HIGH_VOLATILITY
2015-04-20,816.58,817.87,798.61,807.54,920200.0,828.376,821.4739999999999,55.21492616033753,0.017221058777159386,BEARISH,RSI_NORMAL,HIGH_VOLATILITY
2015-04-21,812.03,815.48,790.62,795.11,652650.0,815.2879999999999,819.5619999999999,56.13647027280651,0.01643722096521464,BEARISH,RSI_NORMAL,HIGH_VOLATILITY
2015-04-22,798.61,804.6,767.86,784.08,1780000.0,804.586,818.339,41.612583034282686,0.015385304703698578,BEARISH,RSI_NORMAL,HIGH_VOLATILITY
2015-04-23,791.72,808.59,783.63,785.03,1280000.0,797.428,817.081,40.29512804497187,0.0153765960525547,BEARISH,RSI_NORMAL,HIGH_VOLATILITY
2015-04-24,791.12,791.12,763.72,770.01,1120000.0,788.354,814.9875,31.065400843881832,0.015843691622718196,BEARISH,RSI_NORMAL,HIGH_VOLATILITY
2015-04-27,773.65,773.65,739.26,743.5,1630000.0,775.546,811.808,24.566898932429794,0.017373831056040043,BEARISH,RSI_LOW,HIGH_VOLATILITY
2015-04-28,740.66,767.31,728.73,764.12,2050000.0,769.348,810.428,29.07375127727353,0.018356011475439134,BEARISH,RSI_LOW,HIGH_VOLATILITY
2015-04-29,761.77,761.77,748.7,753.09,1450000.0,763.15,809.2425000000001,22.16323822163234,0.0181635872035949,BEARISH,RSI_LOW,HIGH_VOLATILITY
2015-04-30,748.0,769.51,745.9,761.12,2260000.0,758.368,806.9959999999999,22.97176287982805,0.015981332566156053,BEARISH,RSI_LOW,HIGH_VOLATILITY
2015-05-04,768.51,780.14,762.67,778.04,1070000.0,759.9739999999999,805.4035,27.572270558518028,0.01686583888123964,BEARISH,RSI_LOW,HIGH_VOLATILITY
2015-05-05,778.64,783.48,767.31,780.04,952720.0,767.2819999999999,803.392,27.327513376513636,0.016548941100615312,BEARISH,RSI_LOW,HIGH_VOLATILITY
2015-05-06,777.64,777.64,748.84,759.53,1620000.0,766.3639999999999,800.2149999999999,27.70988006853223,0.017316872081993,BEARISH,RSI_LOW,HIGH_VOLATILITY
2015-05-07,751.99,772.1,733.57,764.42,1720000.0,768.6299999999999,796.7484999999999,32.722705550790295,0.017041743444541454,BEARISH,RSI_NORMAL,HIGH_VOLATILITY
2015-05-08,771.65,773.05,751.44,758.08,1130000.0,768.0219999999999,792.3835,32.5432610285157,0.01651307233959942,BEARISH,RSI_NORMAL,HIGH_VOLATILITY
2015-05-11,766.66,774.85,750.59,770.31,976350.0,766.476,788.3154999999999,38.953177852946375,0.016974142100988358,BEARISH,RSI_NORMAL,HIGH_VOLATILITY
2015-05-12,771.46,771.51,752.69,757.03,1140000.0,761.874,783.2695,38.757675956542236,0.016931904060527598,BEARISH,RSI_NORMAL,HIGH_VOLATILITY
2015-05-13,757.73,773.65,757.68,761.17,839420.0,762.202,778.3005,42.949467594017314,0.017009713056650482,BEARISH,RSI_NORMAL,HIGH_VOLATILITY
2015-05-14,760.67,801.6,753.69,795.06,1980000.0,768.33,776.174,52.566398853692235,0.0196893729145602,BULLISH,RSI_NORMAL,HIGH_VOLATILITY
2015-05-15,800.6,816.58,783.63,788.92,1500000.0,774.4979999999999,774.579,55.06888972283279,0.01929884977917594,BULLISH,RSI_NORMAL,HIGH_VOLATILITY
2015-05-18,795.46,816.58,760.67,765.42,6760000.0,773.52,772.0809999999999,55.97210113339146,0.020273729398842977,BEARISH,RSI_NORMAL,HIGH_VOLATILITY
2015-05-19,756.68,777.94,748.7,773.4,3900000.0,776.794,770.374,52.71535580524345,0.020422308610438283,BULLISH,RSI_NORMAL,HIGH_VOLATILITY
2015-05-20,774.3,776.6,762.82,769.86,1790000.0,778.5319999999999,769.1115,55.13189301670849,0.02018977657201587,BULLISH,RSI_NORMAL,HIGH_VOLATILITY
2015-05-21,768.66,778.44,764.72,775.85,1680000.0,774.6899999999999,768.7,54.564611093895266,0.020067034462946224,BULLISH,RSI_NORMAL,HIGH_VOLATILITY
2015-05-22,773.65,778.44,769.86,774.05,1040000.0,771.716,768.151,48.63571086644326,0.020068232271894956,BULLISH,RSI_NORMAL,HIGH_VOLATILITY
2015-05-25,774.6,777.39,753.09,760.57,1280000.0,770.746,767.679,43.827277915160764,0.0199878472328068,BEARISH,RSI_NORMAL,HIGH_VOLATILITY
2015-05-26,760.77,767.66,754.24,762.17,906100.0,768.5,768.6125,50.951008645533136,0.01831649577756674,BEARISH,RSI_NORMAL,HIGH_VOLATILITY
2015-05-27,760.67,760.72,753.09,757.93,792610.0,766.1139999999999,768.303,47.651103872602235,0.017280849935784548,BEARISH,RSI_NORMAL,HIGH_VOLATILITY
2015-05-28,758.83,769.66,757.18,766.01,1050000.0,764.146,768.949,52.83436986203444,0.017108089356470565,BEARISH,RSI_NORMAL,HIGH_VOLATILITY
2015-05-29,767.16,793.62,766.66,785.68,2580000.0,766.472,770.177,55.21618136156927,0.01786757949835734,BULLISH,RSI_NORMAL,HIGH_VOLATILITY
2015-06-01,786.43,793.32,784.93,788.38,713450.0,772.034,770.694,61.46252285191958,0.01721553808709665,BULLISH,RSI_NORMAL,HIGH_VOLATILITY
2015-06-02,787.73,792.92,754.68,757.88,1010000.0,771.176,769.586,48.9914781435841,0.019333802232614092,BEARISH,RSI_NORMAL,HIGH_VOLATILITY
2015-06-03,761.67,765.67,748.7,761.37,867740.0,771.864,769.678,37.30690980333058,0.018442318562226796,BEARISH,RSI_NORMAL,HIGH_VOLATILITY
2015-06-04,762.57,764.67,750.49,758.28,820600.0,770.318,769.371,38.18448249267314,0.018407240345963874,BEARISH,RSI_NORMAL,HIGH_VOLATILITY
2015-06-05,757.68,764.27,750.69,757.48,830300.0,764.678,769.341,46.28833208676143,0.018311512269960764,BEARISH,RSI_NORMAL,HIGH_VOLATILITY
2015-06-08,757.68,758.68,743.7,746.7,795680.0,756.342,768.1605000000001,37.83709912536444,0.01817218734349914,BEARISH,RSI_NORMAL,HIGH_VOLATILITY
2015-06-09,743.5,749.89,728.73,734.42,998510.0,751.65,767.03,35.04641350210967,0.018136585795578763,BEARISH,RSI_NORMAL,HIGH_VOLATILITY
2015-06-10,734.72,743.8,733.32,737.86,803750.0,746.948,765.8644999999999,33.6179387667098,0.018121879447307407,BEARISH,RSI_NORMAL,HIGH_VOLATILITY
2015-06-11,737.91,742.41,701.28,707.17,1450000.0,736.726,761.47,26.91245512289423,0.016820522261176446,BEARISH,RSI_LOW,HIGH_VOLATILITY
2015-06-12,707.77,721.54,700.78,704.42,1170000.0,726.114,757.245,29.065692342107212,0.01681815304679007,BEARISH,RSI_LOW,HIGH_VOLATILITY
2015-06-15,713.51,718.15,695.19,697.33,1240000.0,716.24,753.8405,26.77650429799432,0.015871438660379385,BEARISH,RSI_LOW,HIGH_VOLATILITY
2015-06-16,699.73,704.77,691.79,703.72,2770000.0,710.1,750.3565000000001,30.878306878306915,0.015811254649199784,BEARISH,RSI_NORMAL,HIGH_VOLATILITY
2015-06-17,706.77,717.95,703.77,709.41,2220000.0,704.4100000000001,747.3340000000001,29.692881745120545,0.016063290995302352,BEARISH,RSI_LOW,HIGH_VOLATILITY
2015-06-18,717.7,733.07,717.7,727.68,1910000.0,708.512,744.9254999999999,28.979414322992184,0.01721586898312359,BEARISH,RSI_LOW,HIGH_VOLATILITY
2015-06-19,732.52,743.6,728.48,738.71,1780000.0,715.37,743.1585,33.023446578713546,0.01769227804927742,BEARISH,RSI_NORMAL,HIGH_VOLATILITY
2015-06-22,743.35,750.24,731.23,746.4,1350000.0,725.184,742.45,45.351473922902485,0.017524745966762796,BULLISH,RSI_NORMAL,HIGH_VOLATILITY
2015-06-23,748.7,758.68,740.36,755.18,980080.0,735.4759999999999,742.1005,47.59648986565192,0.01774053798711051,BULLISH,RSI_NORMAL,HIGH_VOLATILITY
2015-06-24,750.59,758.48,737.91,752.34,2980000.0,744.062,741.821,47.68907563025212,0.017717008333736236,BULLISH,RSI_NORMAL,HIGH_VOLATILITY
2015-06-25,751.69,758.48,743.8,748.89,1860000.0,748.304,740.9649999999999,46.72562323702064,0.01755146479372731,BULLISH,RSI_NORMAL,HIGH_VOLATILITY
2015-06-26,742.81,753.59,742.51,748.94,764360.0,750.35,739.1279999999999,50.92992361341747,0.016400514693316888,BULLISH,RSI_NORMAL,HIGH_VOLATILITY
2015-06-29,741.71,741.71,726.23,735.42,1100000.0,748.154,736.48,50.410913872452326,0.016708521074797124,BEARISH,RSI_NORMAL,HIGH_VOLATILITY
2015-06-30,735.72,758.18,735.72,754.04,1350000.0,747.926,736.2879999999999,55.911150080374085,0.015679322249047535,BULLISH,RSI_NORMAL,HIGH_VOLATILITY
2015-07-01,756.13,764.27,753.79,759.48,1030000.0,749.354,736.1935000000001,73.43428008242992,0.015731624435416328,BULLISH,RSI_HIGH,HIGH_VOLATILITY
2015-07-02,761.77,771.16,759.78,761.57,973820.0,751.89,736.358,75.75484452456064,0.015712983689653025,BULLISH,RSI_HIGH,HIGH_VOLATILITY
2015-07-03,760.67,777.05,757.08,771.36,1070000.0,756.374,737.052,82.56929168499776,0.015954234886916035,BULLISH,RSI_HIGH,HIGH_VOLATILITY
2015-07-06,763.67,784.78,760.67,782.19,652930.0,765.728,738.8264999999999,83.22465915826909,0.015782398410945298,BULLISH,RSI_HIGH,HIGH_VOLATILITY
2015-07-07,791.62,826.46,788.68,823.17,2460000.0,779.554,743.2639999999999,87.08436562785236,0.01868525000362351,BULLISH,RSI_HIGH,HIGH_VOLATILITY
2015-07-08,818.37,833.55,795.96,800.85,1930000.0,787.828,746.4135,73.23889982849522,0.02009274069272212,BULLISH,RSI_HIGH,HIGH_VOLATILITY
2015-07-09,808.59,813.48,793.62,795.56,613560.0,794.626,750.833,68.73887533786007,0.01720233349003492,BULLISH,RSI_NORMAL,HIGH_VOLATILITY
2015-07-10,804.6,804.6,780.34,793.92,1030000.0,799.138,755.308,66.31419939577037,0.017151574347177123,BULLISH,RSI_NORMAL,HIGH_VOLATILITY
2015-07-13,803.8,819.77,801.9,816.23,1280000.0,805.946,761.253,69.17760884588805,0.017375852782809502,BULLISH,RSI_NORMAL,HIGH_VOLATILITY
2015-07-14,821.57,826.36,808.89,821.27,780970.0,805.566,767.1305,71.35774927185966,0.017378575876476537,BULLISH,RSI_HIGH,HIGH_VOLATILITY
2015-07-15,825.06,839.04,821.82,836.39,1100000.0,812.674,773.4795,75.28317152103557,0.017537160450989672,BULLISH,RSI_HIGH,HIGH_VOLATILITY
2015-07-16,851.52,852.81,841.83,846.57,1170000.0,822.876,779.424,76.65010645848116,0.01708745960859193,BULLISH,RSI_HIGH,HIGH_VOLATILITY
2015-07-17,850.32,850.92,822.32,823.96,1090000.0,828.884,783.6865,73.0261104753979,0.018625100709041553,BULLISH,RSI_HIGH,HIGH_VOLATILITY
2015-07-20,828.56,854.46,825.81,850.82,1440000.0,835.802,788.9075,74.13466334164589,0.0195615550574666,BULLISH,RSI_HIGH,HIGH_VOLATILITY
2015-07-21,851.52,868.19,809.69,814.63,4610000.0,834.4739999999999,791.88,61.92432432432432,0.022392171509298803,BULLISH,RSI_NORMAL,HIGH_VOLATILITY
2015-07-22,818.57,843.53,818.57,841.83,2040000.0,835.5620000000001,796.3545,65.65376813855515,0.023236523703519408,BULLISH,RSI_NORMAL,HIGH_VOLATILITY
2015-07-23,844.53,850.32,834.65,845.03,1190000.0,835.2540000000001,801.1615,64.74756776234133,0.02311284937361761,BULLISH,RSI_NORMAL,HIGH_VOLATILITY
2015-07-24,850.52,854.51,843.53,847.52,1130000.0,839.966,806.0905,63.52980159880708,0.02308085262497622,BULLISH,RSI_NORMAL,HIGH_VOLATILITY
2015-07-27,845.53,858.1,834.55,851.67,1150000.0,840.1360000000001,811.903,56.96480938416421,0.022357514124998087,BULLISH,RSI_NORMAL,HIGH_VOLATILITY
2015-07-28,855.51,856.71,823.56,833.7,1010000.0,843.95,815.8860000000001,58.20224719101124,0.022825959851737115,BULLISH,RSI_NORMAL,HIGH_VOLATILITY
2015-07-29,832.95,851.32,824.81,845.38,1010000.0,844.6600000000001,820.1809999999999,62.05478126209835,0.022906688056169154,BULLISH,RSI_NORMAL,HIGH_VOLATILITY
2015-07-30,846.52,864.94,846.03,856.06,1320000.0,846.866,824.9055000000001,64.40560089020772,0.022948083415059058,BULLISH,RSI_NORMAL,HIGH_VOLATILITY
2015-07-31,863.0,883.46,853.66,881.26,1840000.0,853.6139999999999,830.4005,64.87624102118315,0.023497403958577065,BULLISH,RSI_NORMAL,HIGH_VOLATILITY
2015-08-03,878.47,886.45,873.48,875.97,763820.0,858.4739999999999,835.0895,62.49885750845445,0.023605981413310627,BULLISH,RSI_NORMAL,HIGH_VOLATILITY
2015-08-04,882.46,907.27,876.62,904.12,2180000.0,872.558,839.1370000000001,64.60642656890232,0.021879636937768045,BULLISH,RSI_NORMAL,HIGH_VOLATILITY
2015-08-05,903.43,925.19,884.21,921.69,2000000.0,887.82,845.1790000000001,65.69971576659422,0.020737577948695525,BULLISH,RSI_NORMAL,HIGH_VOLATILITY
2015-08-06,918.4,922.89,908.52,914.51,923300.0,899.51,851.1265,70.22921227827175,0.020780898246117348,BULLISH,RSI_HIGH,HIGH_VOLATILITY
2015-08-07,909.41,922.79,893.64,897.09,1420000.0,902.676,856.2850000000001,60.792088445211554,0.02151346005605867,BULLISH,RSI_NORMAL,HIGH_VOLATILITY
2015-08-10,901.93,914.66,893.84,900.58,732360.0,907.598,860.5025000000002,73.65552925634395,0.020897337492775777,BULLISH,RSI_HIGH,HIGH_VOLATILITY
2015-08-11,903.43,905.37,879.47,881.86,1090000.0,903.1460000000001,863.5319999999999,61.55667186327156,0.02168178865602897,BULLISH,RSI_NORMAL,HIGH_VOLATILITY
2015-08-12,888.45,893.94,865.49,869.83,721550.0,892.774,865.2040000000001,56.812438193605125,0.021728687544240087,BULLISH,RSI_NORMAL,HIGH_VOLATILITY
2015-08-13,870.63,885.41,860.85,872.83,1250000.0,884.4380000000001,866.517,56.93310688653922,0.02160491535051915,BULLISH,RSI_NORMAL,HIGH_VOLATILITY
2015-08-14,878.47,898.43,878.02,893.69,880840.0,883.758,870.0035,60.545071270829176,0.021052967530355148,BULLISH,RSI_NORMAL,HIGH_VOLATILITY
2015-08-17,901.93,905.67,893.44,898.48,577130.0,883.3380000000001,872.3865,67.40836289369021,0.019978259275766935,BULLISH,RSI_NORMAL,HIGH_VOLATILITY
2015-08-18,905.37,913.31,890.35,899.78,622790.0,886.9219999999999,876.644,65.48269581056466,0.016894156291460304,BULLISH,RSI_NORMAL,HIGH_VOLATILITY
2015-08-19,896.94,901.03,880.07,898.18,618920.0,892.592,879.4615,62.64105642256903,0.01557542596075675,BULLISH,RSI_NORMAL,HIGH_VOLATILITY
2015-08-20,903.43,912.66,878.02,881.66,1400000.0,894.358,881.293,50.12664640324214,0.016315353790805693,BULLISH,RSI_NORMAL,HIGH_VOLATILITY
2015-08-21,873.48,891.45,862.5,885.21,905930.0,892.662,883.1775,52.95812524010757,0.016319567160306882,BULLISH,RSI_NORMAL,HIGH_VOLATILITY
2015-08-24,856.51,875.67,824.06,836.04,1180000.0,880.174,882.396,30.790067720090292,0.02079660124659514,BEARISH,RSI_NORMAL,HIGH_VOLATILITY
2015-08-25,848.52,864.49,810.34,850.67,1330000.0,870.3520000000001,883.2445000000001,29.622403305405697,0.02059566922530711,BEARISH,RSI_LOW,HIGH_VOLATILITY
2015-08-26,849.52,866.59,845.53,850.42,1270000.0,860.8,883.4965,30.849220103986127,0.020375029383254292,BEARISH,RSI_NORMAL,HIGH_VOLATILITY
2015-08-27,858.5,863.49,849.02,853.51,1340000.0,855.1700000000001,883.369,35.75816993464052,0.0201914284920219,BEARISH,RSI_NORMAL,HIGH_VOLATILITY
2015-08-28,865.34,872.58,848.52,856.76,1080000.0,849.4799999999999,882.144,35.6572401152134,0.01900647255151743,BEARISH,RSI_NORMAL,HIGH_VOLATILITY
2015-08-31,855.51,861.25,843.58,847.12,1260000.0,851.6959999999999,880.7014999999999,37.91063474387528,0.019111720509474486,BEARISH,RSI_NORMAL,HIGH_VOLATILITY
2015-09-01,842.53,842.63,801.4,817.67,1440000.0,845.0959999999999,876.3790000000001,33.811297330850394,0.018766774436070555,BEARISH,RSI_NORMAL,HIGH_VOLATILITY
2015-09-02,828.46,828.56,797.76,804.6,1500000.0,835.932,870.5244999999999,30.069521528305188,0.018011339508764934,BEARISH,RSI_NORMAL,HIGH_VOLATILITY
2015-09-03,813.58,831.55,805.1,825.16,887080.0,830.2620000000001,866.057,29.946743138058153,0.019387275683667358,BEARISH,RSI_LOW,HIGH_VOLATILITY
2015-09-04,822.57,822.57,790.62,811.44,1100000.0,821.198,861.7745000000001,25.795328142380427,0.01930194809537679,BEARISH,RSI_LOW,HIGH_VOLATILITY
2015-09-07,813.58,818.52,783.68,786.63,874380.0,809.1,856.077,22.1730362500615,0.020008494430392303,BEARISH,RSI_LOW,HIGH_VOLATILITY
2015-09-08,789.72,798.61,776.65,790.12,1490000.0,803.5899999999999,851.49,23.669590643274873,0.019858168609085288,BEARISH,RSI_LOW,HIGH_VOLATILITY
2015-09-09,798.61,821.47,794.61,819.72,1410000.0,806.614,848.9844999999999,35.81180135605646,0.02190861919913416,BEARISH,RSI_NORMAL,HIGH_VOLATILITY
2015-09-10,815.58,815.58,798.91,806.54,887240.0,802.8900000000001,845.6699999999998,32.74099425211705,0.022053316973155657,BEARISH,RSI_NORMAL,HIGH_VOLATILITY
2015-09-11,813.58,823.46,809.14,814.73,1030000.0,803.548,841.722,44.30000534959612,0.021350678113907676,BEARISH,RSI_NORMAL,HIGH_VOLATILITY
2015-09-14,820.57,840.93,817.57,838.79,1120000.0,813.98,838.7375,46.97494398044409,0.02258065024092625,BULLISH,RSI_NORMAL,HIGH_VOLATILITY
2015-09-15,838.64,846.52,822.17,829.65,832600.0,821.8860000000001,835.231,44.940316686967115,0.022615988648307037,BEARISH,RSI_NORMAL,HIGH_VOLATILITY
2015-09-16,838.54,838.54,816.68,822.52,665280.0,822.4459999999999,831.448,42.596397343399104,0.02263519640911668,BEARISH,RSI_NORMAL,HIGH_VOLATILITY
2015-09-18,824.56,848.42,822.57,839.59,1140000.0,829.0559999999999,829.3444999999999,46.152122271525265,0.023027440782475466,BULLISH,RSI_NORMAL,HIGH_VOLATILITY
2015-09-21,836.84,836.84,822.57,828.26,688540.0,831.762,826.497,45.805160142348754,0.02311171848174101,BULLISH,RSI_NORMAL,HIGH_VOLATILITY
2015-09-22,829.75,837.94,800.7,803.3,826250.0,824.664,824.86,46.73868639644138,0.020641133485090273,BEARISH,RSI_NORMAL,HIGH_VOLATILITY
2015-09-23,793.72,802.6,784.73,792.72,1280000.0,817.278,821.9625,47.272977687999266,0.020268316858841864,BEARISH,RSI_NORMAL,HIGH_VOLATILITY
2015-09-24,793.52,812.58,783.98,804.95,1500000.0,813.7639999999999,819.689,45.17638073416394,0.020692571479310973,BEARISH,RSI_NORMAL,HIGH_VOLATILITY
2015-09-28,808.59,811.59,788.68,793.07,739130.0,804.46,816.667,45.576691548278355,0.02081208483230571,BEARISH,RSI_NORMAL,HIGH_VOLATILITY
2015-09-29,781.64,808.49,778.64,803.4,1370000.0,799.488,813.999,54.340736139152035,0.02108181591283851,BEARISH,RSI_NORMAL,HIGH_VOLATILITY
2015-09-30,806.59,843.43,806.49,840.14,1730000.0,806.856,813.65,61.045844006713175,0.023607069585554686,BULLISH,RSI_NORMAL,HIGH_VOLATILITY
2015-10-01,844.33,847.52,834.7,838.19,633620.0,815.95,814.676,54.64607335110933,0.022174538726034507,BULLISH,RSI_NORMAL,HIGH_VOLATILITY
2015-10-05,841.53,855.46,840.93,853.91,882680.0,825.742,817.1415,61.76543639163481,0.022095631461269482,BULLISH,RSI_NORMAL,HIGH_VOLATILITY
2015-10-06,858.4,862.6,848.22,852.21,779670.0,837.57,818.494,59.61913561236015,0.021479443232457648,BULLISH,RSI_NORMAL,HIGH_VOLATILITY
2015-10-07,853.51,866.49,850.72,863.54,983610.0,849.598,821.0989999999999,56.79608984568072,0.021165854587332417,BULLISH,RSI_NORMAL,HIGH_VOLATILITY
2015-10-08,863.49,878.42,858.5,872.63,952600.0,856.0959999999999,825.399,61.805097780707555,0.019641269435193832,BULLISH,RSI_NORMAL,HIGH_VOLATILITY
2015-10-09,874.97,882.76,844.73,852.31,1360000.0,858.9200000000001,828.5084999999999,57.62946268503816,0.02066319865982994,BULLISH,RSI_NORMAL,HIGH_VOLATILITY
2015-10-12,855.51,863.49,844.58,857.75,773530.0,859.6880000000001,830.4100000000001,54.945533769063175,0.019125368145551366,BULLISH,RSI_NORMAL,HIGH_VOLATILITY
2015-10-13,861.2,866.29,855.76,863.84,800730.0,862.0139999999999,833.275,59.974209464005405,0.018640080141121042,BULLISH,RSI_NORMAL,HIGH_VOLATILITY
2015-10-14,862.4,867.99,858.55,860.75,404370.0,861.4559999999999,835.576,68.35580548277849,0.01863890423130727,BULLISH,RSI_NORMAL,HIGH_VOLATILITY
2015-10-15,864.49,876.72,862.7,868.54,623050.0,860.6379999999999,837.0635,74.66493168510085,0.017635211522930832,BULLISH,RSI_HIGH,HIGH_VOLATILITY
2015-10-16,870.43,883.66,864.09,880.96,658120.0,866.368,839.6289999999999,74.6962115796998,0.017573489428773643,BULLISH,RSI_HIGH,HIGH_VOLATILITY
2015-10-19,880.96,890.85,865.49,877.72,1250000.0,870.3620000000001,842.3889999999999,79.13941480206542,0.017434393965948494,BULLISH,RSI_HIGH,HIGH_VOLATILITY
2015-10-20,872.48,887.35,871.03,873.93,1810000.0,872.3799999999999,844.106,75.42354552663829,0.01701708094599681,BULLISH,RSI_HIGH,HIGH_VOLATILITY
2015-10-21,872.48,880.02,846.47,854.76,1440000.0,871.182,845.4310000000002,56.03434043255737,0.017522484215738668,BULLISH,RSI_NORMAL,HIGH_VOLATILITY
2015-10-23,861.5,864.59,848.92,857.11,2540000.0,868.896,848.1215,57.78344577916732,0.0158377608263553,BULLISH,RSI_NORMAL,HIGH_VOLATILITY
2015-10-26,828.61,842.53,809.79,816.28,3460000.0,855.96,849.2995000000001,37.17013296965566,0.01924118806686741,BEARISH,RSI_NORMAL,HIGH_VOLATILITY
2015-10-27,816.58,828.46,816.58,825.66,1250000.0,845.548,850.335,41.398302339143385,0.019112441882851508,BEARISH,RSI_NORMAL,HIGH_VOLATILITY
2015-10-28,828.06,836.54,822.17,826.91,1110000.0,836.1439999999999,852.027,37.30329289428079,0.018728844931922763,BEARISH,RSI_NORMAL,HIGH_VOLATILITY
2015-10-29,829.55,833.35,818.97,827.91,1500000.0,830.774,853.2524999999999,33.57814336075208,0.018556918896489003,BEARISH,RSI_NORMAL,HIGH_VOLATILITY
2015-10-30,834.15,838.54,824.96,829.2,810490.0,825.192,852.7055,40.13489285409381,0.015396105558481555,BEARISH,RSI_NORMAL,HIGH_VOLATILITY
2015-11-02,829.55,835.54,824.06,828.66,716700.0,827.668,852.229,37.04000712821887,0.015390468969352368,BEARISH,RSI_NORMAL,HIGH_VOLATILITY
2015-11-03,830.55,831.25,810.64,812.78,1600000.0,825.092,850.1725,29.077200458941192,0.015233978542510466,BEARISH,RSI_LOW,HIGH_VOLATILITY
2015-11-04,813.08,821.07,799.16,800.8,1780000.0,819.8699999999999,847.6020000000001,27.10258956535027,0.015482716575426112,BEARISH,RSI_LOW,HIGH_VOLATILITY
2015-11-05,805.6,810.09,795.76,804.45,1020000.0,815.178,844.6475,24.72193736688503,0.015118002736993168,BEARISH,RSI_LOW,HIGH_VOLATILITY
2015-11-06,807.14,814.58,798.61,799.81,918560.0,809.3,841.0065000000001,15.900495839986647,0.014761297329918738,BEARISH,RSI_LOW,HIGH_VOLATILITY
2015-11-09,789.52,816.98,782.89,814.98,1160000.0,806.564,839.14,26.038802322028815,0.014915103381957825,BEARISH,RSI_LOW,HIGH_VOLATILITY
2015-11-10,813.28,814.58,795.41,796.41,751900.0,803.29,836.073,23.397391901166884,0.01545526649172101,BEARISH,RSI_LOW,HIGH_VOLATILITY
2015-11-11,806.59,806.59,800.85,803.05,93460.0,803.74,833.0334999999999,30.58496658406554,0.015502708981922875,BEARISH,RSI_NORMAL,HIGH_VOLATILITY
2015-11-13,805.6,806.59,791.12,799.01,765990.0,802.652,829.9465,28.459142814770942,0.015506369011233935,BEARISH,RSI_LOW,HIGH_VOLATILITY
2015-11-16,794.61,808.54,793.82,799.56,604540.0,802.6020000000001,826.4975000000001,41.16092197081838,0.015258113045438244,BEARISH,RSI_NORMAL,HIGH_VOLATILITY
2015-11-17,806.05,811.83,798.96,806.24,500270.0,800.854,822.7615,39.43186765346111,0.014937017425199855,BEARISH,RSI_NORMAL,HIGH_VOLATILITY
2015-11-18,806.54,823.07,805.6,820.32,1250000.0,805.636,819.8915000000001,46.85321363766599,0.015712370791009737,BULLISH,RSI_NORMAL,HIGH_VOLATILITY
2015-11-19,825.56,832.35,817.67,822.27,1040000.0,809.48,817.3085,47.33106189664965,0.01575982297665845,BULLISH,RSI_NORMAL,HIGH_VOLATILITY
2015-11-20,819.97,830.35,817.13,827.76,712340.0,815.23,815.9585,49.3446204259967,0.015232874886355966,BULLISH,RSI_NORMAL,HIGH_VOLATILITY
2015-11-23,836.74,850.52,833.55,848.82,1480000.0,825.082,815.544,57.731247123792,0.01636823029736215,BULLISH,RSI_NORMAL,HIGH_VOLATILITY
2015-11-24,848.52,860.25,844.73,855.11,771340.0,834.856,817.4855,67.5221458730027,0.012061005504688622,BULLISH,RSI_NORMAL,LOW_VOLATILITY
2015-11-26,859.5,864.44,850.32,860.35,678200.0,842.8619999999999,819.22,76.10697062691798,0.01190676518818381,BULLISH,RSI_HIGH,LOW_VOLATILITY
2015-11-27,861.1,862.5,850.52,857.61,444320.0,849.93,820.7550000000001,73.49301750044188,0.011965713646604665,BULLISH,RSI_HIGH,LOW_VOLATILITY
2015-11-30,857.51,857.51,832.55,837.04,1680000.0,851.7860000000001,821.2115,64.42240644611451,0.013293911979508397,BULLISH,RSI_NORMAL,LOW_VOLATILITY
2015-12-01,841.53,846.52,830.2,843.13,720260.0,850.6479999999999,821.908,61.730144178681535,0.013376083097034386,BULLISH,RSI_NORMAL,LOW_VOLATILITY
2015-12-02,846.47,865.69,843.33,847.07,980960.0,849.04,822.8285,74.04138192862567,0.013396165359159717,BULLISH,RSI_HIGH,LOW_VOLATILITY
2015-12-03,847.52,847.72,837.54,840.93,540470.0,845.156,824.2360000000001,68.0621781422849,0.01268994670310441,BULLISH,RSI_NORMAL,LOW_VOLATILITY
2015-12-04,840.04,840.04,828.01,833.25,779530.0,840.284,825.8585,65.77880184331795,0.012363520568965232,BULLISH,RSI_NORMAL,LOW_VOLATILITY
2015-12-07,840.53,872.33,839.54,869.93,1600000.0,846.8619999999999,829.1324999999999,74.32759455161442,0.015527199057620587,BULLISH,RSI_HIGH,HIGH_VOLATILITY
2015-12-08,872.53,875.87,855.71,859.25,1060000.0,850.0859999999999,832.1045,67.83287357868531,0.015809110075347195,BULLISH,RSI_NORMAL,HIGH_VOLATILITY
2015-12-09,864.94,864.94,835.49,838.54,751030.0,848.3799999999999,833.2825,55.86757696766711,0.01653784429144235,BULLISH,RSI_NORMAL,HIGH_VOLATILITY
2015-12-10,843.03,859.7,840.73,857.7,636140.0,851.734,836.3470000000001,60.27135153939816,0.016146280860668626,BULLISH,RSI_NORMAL,HIGH_VOLATILITY
2015-12-11,859.45,862.05,847.27,856.91,780630.0,856.466,839.04,58.68748882398519,0.01614317582733701,BULLISH,RSI_NORMAL,HIGH_VOLATILITY
2015-12-14,858.5,876.87,851.52,873.93,889790.0,857.266,842.7859999999998,57.66811213583334,0.01641834819457145,BULLISH,RSI_NORMAL,HIGH_VOLATILITY
2015-12-15,876.97,878.47,864.94,877.02,861780.0,860.8199999999999,846.659,56.82426960692703,0.01639480341153408,BULLISH,RSI_NORMAL,HIGH_VOLATILITY
2015-12-16,878.47,882.41,857.61,864.99,900350.0,866.11,849.5965,51.38656466650729,0.016875951227810316,BULLISH,RSI_NORMAL,HIGH_VOLATILITY
2015-12-17,869.98,876.97,862.5,874.58,716230.0,869.4860000000001,852.3095,54.871677097089055,0.01666023042868655,BULLISH,RSI_NORMAL,HIGH_VOLATILITY
2015-12-18,872.98,884.36,866.49,877.92,1100000.0,873.6880000000001,855.092,63.02408563782336,0.016658971267946205,BULLISH,RSI_NORMAL,HIGH_VOLATILITY
2015-12-21,877.47,882.46,865.19,871.98,896690.0,873.298,857.3030000000001,59.200204094648896,0.01679091829986133,BULLISH,RSI_NORMAL,HIGH_VOLATILITY
2015-12-22,872.48,885.46,872.03,879.42,663200.0,873.7779999999999,858.833,60.09108490860312,0.01599436583121715,BULLISH,RSI_NORMAL,HIGH_VOLATILITY
2015-12-23,881.41,882.41,873.23,877.42,350210.0,876.2639999999999,859.9484999999999,61.68427793788025,0.015965108076426506,BULLISH,RSI_NORMAL,HIGH_VOLATILITY
2015-12-24,878.97,882.36,872.03,880.27,403140.0,877.402,860.9445,65.53661115516786,0.015933260665814648,BULLISH,RSI_NORMAL,HIGH_VOLATILITY
2015-12-28,880.47,884.71,875.22,879.52,633270.0,877.722,862.04,54.15547274460526,0.015907492371646147,BULLISH,RSI_NORMAL,HIGH_VOLATILITY
2015-12-29,882.16,883.46,877.07,878.57,602110.0,879.04,864.1164999999999,59.14253265190236,0.014768887874463777,BULLISH,RSI_NORMAL,HIGH_VOLATILITY
2015-12-30,879.62,881.46,873.48,876.62,450360.0,878.4799999999999,865.7909999999999,71.91024165707712,0.014760803139946875,BULLISH,RSI_HIGH,HIGH_VOLATILITY
2015-12-31,878.42,885.41,873.48,882.01,526830.0,879.3979999999999,867.5379999999999,66.62108573772733,0.014778271451910869,BULLISH,RSI_NORMAL,HIGH_VOLATILITY
2016-01-01,880.47,884.06,875.37,877.22,294010.0,878.7879999999999,869.3525,63.166083236094984,0.014723072533234337,BULLISH,RSI_NORMAL,HIGH_VOLATILITY
2016-01-04,874.68,890.9,870.18,879.27,709100.0,878.7379999999999,871.6535,54.29536679536684,0.01447909603969603,BULLISH,RSI_NORMAL,HIGH_VOLATILITY
2016-01-05,879.77,903.43,879.77,899.08,1370000.0,882.8400000000001,873.1110000000001,63.983265720081214,0.011809609787336911,BULLISH,RSI_NORMAL,LOW_VOLATILITY
2016-01-06,902.93,910.31,882.46,884.86,1720000.0,884.4879999999999,874.3915000000001,62.25484149500435,0.012054301736582174,BULLISH,RSI_NORMAL,LOW_VOLATILITY
2016-01-07,881.46,890.0,867.49,870.83,990330.0,882.2520000000001,876.0060000000001,47.807274003040575,0.011244919576925326,BEARISH,RSI_NORMAL,LOW_VOLATILITY
2016-01-08,877.47,880.42,865.09,873.08,886020.0,881.424,876.775,47.13338071547031,0.010119388724691827,BEARISH,RSI_NORMAL,LOW_VOLATILITY
2016-01-11,868.49,882.46,860.1,872.33,801100.0,880.0360000000001,877.546,50.220875930834296,0.0101187984869821,BEARISH,RSI_NORMAL,LOW_VOLATILITY
2016-01-12,880.47,883.96,868.69,871.38,998420.0,874.4960000000001,877.4185,44.473467143249955,0.00908892917890637,BEARISH,RSI_NORMAL,LOW_VOLATILITY
2016-01-13,878.42,881.96,848.57,867.04,901430.0,870.932,876.9195,43.087373468300484,0.009108762907924154,BEARISH,RSI_NORMAL,LOW_VOLATILITY
2016-01-14,862.0,895.44,849.62,887.85,2300000.0,874.336,878.0625,54.07351676698196,0.010087458037662934,BULLISH,RSI_NORMAL,LOW_VOLATILITY
2016-01-15,891.45,893.39,872.78,877.72,1300000.0,875.2639999999999,878.2194999999999,49.121265377855906,0.010198604993081853,BEARISH,RSI_NORMAL,LOW_VOLATILITY
2016-01-18,888.45,891.45,840.19,848.82,2340000.0,870.5620000000001,876.7645,38.59016644933652,0.01255523101398064,BEARISH,RSI_NORMAL,LOW_VOLATILITY
2016-01-19,866.39,866.89,824.56,844.08,2440000.0,865.1020000000001,875.3695,37.78161610093124,0.012532443036580269,BEARISH,RSI_NORMAL,LOW_VOLATILITY
2016-01-20,832.55,854.51,828.56,838.89,2250000.0,859.4720000000001,873.3430000000001,33.784596871239486,0.012339292631746055,BEARISH,RSI_NORMAL,LOW_VOLATILITY
2016-01-21,848.52,854.51,839.54,842.98,1140000.0,850.4979999999999,871.6210000000001,37.0557991834266,0.012442721307752452,BEARISH,RSI_NORMAL,LOW_VOLATILITY
2016-01-22,851.52,871.88,847.72,868.44,1770000.0,848.642,871.0295,46.52148776257471,0.014346756849246882,BEARISH,RSI_NORMAL,HIGH_VOLATILITY
2016-01-25,868.49,880.47,866.64,877.07,1790000.0,854.292,870.9069999999999,42.38355595542946,0.014537520670365189,BULLISH,RSI_NORMAL,HIGH_VOLATILITY
2016-01-27,878.47,880.27,853.66,857.06,969510.0,856.8880000000001,869.8315,40.75059888208677,0.015405854762119007,BEARISH,RSI_NORMAL,HIGH_VOLATILITY
2016-01-28,852.51,863.49,850.67,857.46,1390000.0,860.6020000000001,868.8734999999999,45.10793999268205,0.015407528180063723,BEARISH,RSI_NORMAL,HIGH_VOLATILITY
2016-01-29,862.5,873.48,857.51,868.39,1320000.0,865.684,868.1925000000001,48.38643088144222,0.01563739579668818,BULLISH,RSI_NORMAL,HIGH_VOLATILITY
2016-02-01,872.68,888.45,869.78,885.86,786220.0,869.168,868.6244999999999,54.174637457574796,0.016258498772854305,BULLISH,RSI_NORMAL,HIGH_VOLATILITY
2016-02-02,888.35,893.19,876.47,880.96,920880.0,869.9459999999999,868.7090000000001,52.885542168674704,0.016309773488212817,BULLISH,RSI_NORMAL,HIGH_VOLATILITY
2016-02-03,874.68,882.41,857.56,862.2,540770.0,870.9739999999999,866.865,48.658685289879195,0.016097551498640297,BEARISH,RSI_NORMAL,HIGH_VOLATILITY
2016-02-04,863.49,894.39,863.49,887.8,1660000.0,877.042,867.0120000000001,49.98650180875761,0.017214713162145664,BULLISH,RSI_NORMAL,HIGH_VOLATILITY
2016-02-05,887.45,901.88,884.86,897.69,1740000.0,882.902,868.3550000000001,55.39817267665027,0.01693686994336573,BULLISH,RSI_NORMAL,HIGH_VOLATILITY
2016-02-08,901.43,905.92,884.46,887.05,783140.0,883.14,869.0535,61.466018835102815,0.017200830221019002,BULLISH,RSI_NORMAL,HIGH_VOLATILITY
2016-02-09,883.36,892.74,876.97,882.66,636390.0,883.4799999999999,869.5699999999999,61.59533541716755,0.017247523420593727,BULLISH,RSI_NORMAL,HIGH_VOLATILITY
2016-02-10,886.95,887.45,864.99,875.02,707100.0,886.0440000000001,869.7520000000001,60.70138024998517,0.01737206139846599,BULLISH,RSI_NORMAL,HIGH_VOLATILITY
2016-02-11,873.23,873.23,850.52,854.21,1000000.0,879.326,869.1105,53.026464722686356,0.018166364674602153,BEARISH,RSI_NORMAL,HIGH_VOLATILITY
2016-02-12,858.5,871.73,845.03,853.41,1090000.0,870.47,867.3885,45.32852613911852,0.01722099759228526,BEARISH,RSI_NORMAL,HIGH_VOLATILITY
2016-02-15,864.49,870.68,851.52,857.21,703960.0,864.5020000000001,866.363,43.63624711612408,0.01712183424626928,BEARISH,RSI_NORMAL,HIGH_VOLATILITY
2016-02-16,853.56,858.65,834.65,838.84,985220.0,855.7379999999999,865.8640000000001,44.099740932642526,0.016161116113473192,BEARISH,RSI_NORMAL,HIGH_VOLATILITY
2016-02-17,842.53,857.46,825.66,854.51,1170000.0,851.6360000000001,866.3855,49.13066540932397,0.016659876717729467,BEARISH,RSI_NORMAL,HIGH_VOLATILITY
2016-02-18,860.5,862.3,829.15,833.8,997870.0,847.5539999999999,866.131,40.36221788799108,0.017522438951225596,BEARISH,RSI_NORMAL,HIGH_VOLATILITY
2016-02-19,833.5,855.41,827.56,853.21,799360.0,847.5139999999999,866.6424999999999,41.00005512983077,0.01826806850067055,BEARISH,RSI_NORMAL,HIGH_VOLATILITY
2016-02-22,854.51,871.68,852.51,869.33,609600.0,849.9380000000001,866.6870000000001,46.980945952961946,0.01746625352945466,BULLISH,RSI_NORMAL,HIGH_VOLATILITY
2016-02-23,869.48,878.37,864.64,875.57,1440000.0,857.284,866.6119999999999,53.71203287245266,0.017396012333669088,BULLISH,RSI_NORMAL,HIGH_VOLATILITY
2016-02-24,877.47,884.21,873.48,880.27,1290000.0,862.436,867.7725,47.63490168980465,0.01656744057173208,BULLISH,RSI_NORMAL,HIGH_VOLATILITY
2016-02-25,878.97,883.36,857.21,860.2,1330000.0,867.716,867.9095000000001,38.93251461297751,0.01743551485382533,BEARISH,RSI_NORMAL,HIGH_VOLATILITY
2016-02-26,866.49,872.48,852.71,861.05,536750.0,869.284,867.5424999999999,41.853615741320965,0.01719037817556746,BEARISH,RSI_NORMAL,HIGH_VOLATILITY
2016-02-29,862.6,867.44,840.14,844.63,890890.0,864.344,865.4810000000001,38.919643377425565,0.01697454228371311,BEARISH,RSI_NORMAL,HIGH_VOLATILITY
2016-03-01,851.12,873.13,848.52,870.43,1160000.0,863.316,864.9545,48.79064130262949,0.018458793062404957,BULLISH,RSI_NORMAL,HIGH_VOLATILITY
2016-03-02,874.48,879.42,864.99,870.33,808140.0,861.3279999999999,865.3610000000001,54.76753815213534,0.01779494192989839,BULLISH,RSI_NORMAL,HIGH_VOLATILITY
2016-03-03,872.88,894.94,870.23,878.72,1060000.0,865.0319999999999,864.9069999999999,57.163883385225056,0.016595221257515235,BULLISH,RSI_NORMAL,HIGH_VOLATILITY
2016-03-04,885.06,888.55,856.91,864.29,1040000.0,865.68,863.2370000000001,51.890217855617244,0.01673178624060062,BULLISH,RSI_NORMAL,HIGH_VOLATILITY
2016-03-08,866.39,880.27,856.56,874.18,1170000.0,871.5899999999999,862.5935,59.882550335570464,0.016802999655641075,BULLISH,RSI_NORMAL,HIGH_VOLATILITY
2016-03-09,874.48,887.25,868.34,874.68,1400000.0,872.4399999999999,862.1945,56.163295239259305,0.016773052797397284,BULLISH,RSI_NORMAL,HIGH_VOLATILITY
2016-03-10,868.49,894.44,868.49,893.19,810950.0,877.012,863.1030000000001,68.39496995601814,0.017309761201764334,BULLISH,RSI_NORMAL,HIGH_VOLATILITY
2016-03-11,898.43,902.13,890.0,896.79,1040000.0,880.6259999999999,865.232,64.96360390056311,0.016286552149585666,BULLISH,RSI_NORMAL,HIGH_VOLATILITY
2016-03-14,896.44,901.63,887.05,897.79,788260.0,887.3259999999998,867.451,60.90421455938697,0.0162698144679556,BULLISH,RSI_NORMAL,HIGH_VOLATILITY
2016-03-15,901.43,904.92,874.63,883.06,954050.0,889.1020000000001,868.7434999999999,52.69443844880924,0.016808781060112365,BULLISH,RSI_NORMAL,HIGH_VOLATILITY
2016-03-16,878.77,880.47,860.6,863.4,1460000.0,886.8459999999999,869.9714999999999,44.52094835985709,0.01686986287250657,BEARISH,RSI_NORMAL,HIGH_VOLATILITY
2016-03-17,868.49,874.48,863.59,871.03,965280.0,882.414,870.7975,53.826584693661204,0.016483849724445977,BULLISH,RSI_NORMAL,HIGH_VOLATILITY
2016-03-18,869.48,876.37,858.45,873.83,1070000.0,877.8219999999999,872.799,54.454203262233406,0.015369519095400096,BULLISH,RSI_NORMAL,HIGH_VOLATILITY
2016-03-21,871.73,873.48,850.92,858.15,1480000.0,869.894,873.046,54.73654708520178,0.015193672679878622,BEARISH,RSI_NORMAL,HIGH_VOLATILITY
2016-03-22,858.5,858.5,844.58,851.87,1750000.0,863.656,872.173,42.46753246753249,0.014634552027042072,BEARISH,RSI_NORMAL,HIGH_VOLATILITY
2016-03-23,851.87,855.41,844.78,848.52,917100.0,860.68,870.8205,41.37603795966784,0.014521728859607721,BEARISH,RSI_NORMAL,HIGH_VOLATILITY
2016-03-28,848.52,855.96,841.23,843.93,1720000.0,855.26,869.0035,35.81736649001222,0.014454528302540655,BEARISH,RSI_NORMAL,HIGH_VOLATILITY
2016-03-29,845.93,858.5,843.53,854.61,1100000.0,851.4159999999999,868.7239999999999,45.92935239697228,0.013934979218569081,BEARISH,RSI_NORMAL,HIGH_VOLATILITY
2016-03-30,862.5,883.46,860.35,880.32,1470000.0,855.85,869.6875,52.27880047505941,0.015500143561575972,BULLISH,RSI_NORMAL,HIGH_VOLATILITY
2016-03-31,878.97,882.71,863.59,866.89,1680000.0,858.854,870.8004999999999,47.36200474094144,0.015258956240401078,BEARISH,RSI_NORMAL,HIGH_VOLATILITY
2016-04-01,869.48,882.41,863.49,868.49,853330.0,862.848,870.7035,40.55377084289429,0.013638326264977962,BEARISH,RSI_NORMAL,HIGH_VOLATILITY
2016-04-04,872.48,886.95,863.74,884.61,662760.0,870.984,871.4174999999999,45.748987854251034,0.014257048179172744,BULLISH,RSI_NORMAL,HIGH_VOLATILITY
2016-04-05,883.86,883.86,860.5,868.34,762480.0,873.7300000000001,870.8984999999999,40.71153724847036,0.014723954430112709,BEARISH,RSI_NORMAL,HIGH_VOLATILITY
2016-04-06,868.19,873.48,859.15,861.8,451310.0,870.0260000000001,870.774,42.929360117068,0.01434708822275534,BEARISH,RSI_NORMAL,HIGH_VOLATILITY
2016-04-07,862.5,867.49,853.56,856.76,449770.0,868.0,869.903,47.55378720895963,0.014137736876953574,BEARISH,RSI_NORMAL,HIGH_VOLATILITY
2016-04-08,858.5,859.95,848.12,850.07,448090.0,864.316,868.6725,42.22436563288326,0.014215440911321073,BEARISH,RSI_NORMAL,HIGH_VOLATILITY
2016-04-11,848.52,860.4,841.28,858.5,651370.0,859.094,866.9379999999999,44.54098710918025,0.013482478046006897,BEARISH,RSI_NORMAL,LOW_VOLATILITY
2016-04-12,860.3,868.49,858.0,865.39,433490.0,858.5039999999999,865.368,52.750341893329285,0.013603901900817335,BULLISH,RSI_NORMAL,HIGH_VOLATILITY
2016-04-13,868.99,874.48,864.49,872.83,692420.0,860.71,864.1200000000001,57.89275493297183,0.01378683416730813,BULLISH,RSI_NORMAL,HIGH_VOLATILITY
2016-04-18,882.71,885.01,873.48,883.66,685760.0,866.0899999999999,864.15,62.52673606159988,0.013631828514155276,BULLISH,RSI_NORMAL,HIGH_VOLATILITY
2016-04-20,883.46,886.21,873.73,884.26,778270.0,872.9280000000001,865.193,64.79782784178471,0.012573128891837194,BULLISH,RSI_NORMAL,LOW_VOLATILITY
2016-04-21,888.45,893.44,883.56,887.6,702230.0,878.7479999999999,866.0215000000001,62.79376405801598,0.012463258419987223,BULLISH,RSI_NORMAL,LOW_VOLATILITY
2016-04-22,884.16,892.14,867.89,870.03,692410.0,879.676,865.8315,45.74054143554927,0.013284580799094475,BULLISH,RSI_NORMAL,LOW_VOLATILITY
2016-04-25,868.89,868.89,854.51,860.25,587700.0,877.1600000000001,865.9365,47.16578453133004,0.012890323847783904,BEARISH,RSI_NORMAL,LOW_VOLATILITY
2016-04-26,862.7,878.47,857.56,875.37,694780.0,875.5020000000001,867.1115,52.632787387111584,0.013320806128202082,BULLISH,RSI_NORMAL,LOW_VOLATILITY
2016-04-27,874.18,889.45,869.48,888.3,553130.0,876.3099999999998,869.1005000000001,51.44739938809129,0.013577425520197394,BULLISH,RSI_NORMAL,HIGH_VOLATILITY
2016-04-28,888.3,892.94,868.49,871.58,1010000.0,873.106,870.483,51.26641651031895,0.014294786034082296,BULLISH,RSI_NORMAL,HIGH_VOLATILITY
2016-04-29,871.48,874.48,860.15,864.74,955990.0,872.048,870.9895,51.146467009826885,0.014203445745765646,BEARISH,RSI_NORMAL,HIGH_VOLATILITY
2016-05-02,862.5,865.99,859.15,863.3,199720.0,872.658,870.1385,52.62397688974482,0.012405100806805602,BEARISH,RSI_NORMAL,LOW_VOLATILITY
2016-05-03,867.99,885.36,863.89,870.48,1070000.0,871.6800000000001,870.318,58.15682199664295,0.012085313005289321,BULLISH,RSI_NORMAL,LOW_VOLATILITY
2016-05-04,870.48,877.47,862.5,872.08,469900.0,868.436,870.4974999999998,55.74061548867096,0.012085261094699774,BULLISH,RSI_NORMAL,LOW_VOLATILITY
2016-05-05,872.58,873.93,860.95,865.54,402570.0,867.2280000000001,869.5440000000001,50.06359704909692,0.011395204363239266,BEARISH,RSI_NORMAL,LOW_VOLATILITY
2016-05-06,862.45,888.45,860.0,887.5,1250000.0,871.78,870.5020000000001,55.53793884484709,0.012067241732380897,BULLISH,RSI_NORMAL,LOW_VOLATILITY
2016-05-09,893.39,912.31,892.1,905.02,1360000.0,880.124,872.6629999999999,57.675722294092274,0.01256396790661663,BULLISH,RSI_NORMAL,LOW_VOLATILITY
2016-05-10,903.38,906.67,891.9,896.79,1030000.0,885.3860000000001,874.6645000000001,54.26858349799004,0.012698045124451069,BULLISH,RSI_NORMAL,LOW_VOLATILITY
2016-05-11,890.45,917.4,885.96,906.27,2230000.0,892.2239999999999,877.4745,56.104898306193164,0.012587830492364534,BULLISH,RSI_NORMAL,LOW_VOLATILITY
2016-05-12,918.4,932.28,915.6,927.18,2380000.0,904.552,880.9085000000001,68.28799999999998,0.013277660264889565,BULLISH,RSI_NORMAL,LOW_VOLATILITY
2016-05-13,927.13,946.35,925.99,942.01,2290000.0,915.4540000000001,884.7395,75.34407935523865,0.01352403992707389,BULLISH,RSI_HIGH,LOW_VOLATILITY
2016-05-16,947.3,956.13,943.36,950.99,1910000.0,924.6479999999999,888.6475,74.3683939159577,0.013541156033813917,BULLISH,RSI_HIGH,LOW_VOLATILITY
2016-05-17,951.84,970.31,946.1,967.96,1770000.0,938.882,892.8625,75.01884422110551,0.013763449046589807,BULLISH,RSI_HIGH,HIGH_VOLATILITY
2016-05-18,967.31,969.31,950.79,961.57,1270000.0,949.942,896.7280000000001,80.22435682138772,0.013968920651078466,BULLISH,RSI_HIGH,HIGH_VOLATILITY
2016-05-19,967.16,967.16,950.39,955.14,1250000.0,955.534,900.1049999999999,80.44591135659428,0.014183540492755872,BULLISH,RSI_HIGH,HIGH_VOLATILITY
2016-05-20,954.34,961.32,949.1,954.34,972840.0,958.0,904.3205,80.79420917331888,0.013119452102215413,BULLISH,RSI_HIGH,LOW_VOLATILITY
2016-05-23,958.23,958.33,942.01,944.95,726050.0,956.792,908.5555,74.81836965940143,0.013033176669858227,BULLISH,RSI_HIGH,LOW_VOLATILITY
2016-05-24,950.74,960.73,940.06,954.59,490330.0,954.118,912.5165000000001,76.09919655848671,0.01275361703567588,BULLISH,RSI_HIGH,LOW_VOLATILITY
2016-05-25,961.47,983.29,961.12,980.54,815310.0,957.912,917.1285,82.39801667793554,0.013560511464742997,BULLISH,RSI_HIGH,LOW_VOLATILITY
2016-05-26,986.83,997.76,971.76,990.12,1410000.0,964.908,923.0555,81.07813446396123,0.012367216301665526,BULLISH,RSI_HIGH,LOW_VOLATILITY
2016-05-27,990.17,1000.06,984.73,996.51,1110000.0,973.342,929.6439999999999,79.71033318178866,0.011900536188157082,BULLISH,RSI_HIGH,LOW_VOLATILITY
2016-05-30,992.27,1002.5,976.75,983.19,1490000.0,980.99,935.6385,77.159562429272,0.012624108098684453,BULLISH,RSI_HIGH,LOW_VOLATILITY
2016-05-31,986.28,993.77,978.99,983.14,1150000.0,986.7,941.2715000000001,75.68669384481721,0.012702573778890128,BULLISH,RSI_HIGH,LOW_VOLATILITY
2016-06-01,987.33,1023.22,987.33,1019.92,2070000.0,994.576,948.6635,78.01812688821752,0.014434950167620893,BULLISH,RSI_HIGH,HIGH_VOLATILITY
2016-06-02,1005.25,1027.21,994.82,1022.27,2420000.0,1001.006,956.5,76.22533002221932,0.014043556439537759,BULLISH,RSI_HIGH,HIGH_VOLATILITY
2016-06-03,1021.72,1030.3,1011.74,1023.52,2050000.0,1006.408,963.301,74.96042397962695,0.013541146632117319,BULLISH,RSI_HIGH,LOW_VOLATILITY
2016-06-06,1015.33,1030.55,1014.83,1024.51,1570000.0,1014.6720000000001,969.2755000000001,71.8660583094888,0.013277198566547698,BULLISH,RSI_HIGH,LOW_VOLATILITY
2016-06-07,1023.57,1035.64,1022.82,1030.95,755930.0,1024.234,975.9834999999999,76.81663574520718,0.012774398434589225,BULLISH,RSI_HIGH,LOW_VOLATILITY
2016-06-08,1027.21,1027.21,1009.49,1016.28,933530.0,1023.506,981.484,72.21656976744185,0.013594242511343346,BULLISH,RSI_HIGH,HIGH_VOLATILITY
2016-06-09,1016.23,1017.23,993.97,997.06,1020000.0,1018.4639999999999,984.9779999999998,63.690552493270054,0.014026540548704017,BULLISH,RSI_NORMAL,HIGH_VOLATILITY
2016-06-10,993.22,997.26,987.88,990.32,1310000.0,1011.824,987.3934999999999,64.79102823237922,0.013901851331214682,BULLISH,RSI_NORMAL,HIGH_VOLATILITY
2016-06-13,985.28,994.77,983.39,993.17,808570.0,1005.5559999999999,989.5024999999999,63.16004911993449,0.013806360389811851,BULLISH,RSI_NORMAL,HIGH_VOLATILITY
2016-06-14,993.27,997.26,976.9,984.78,699280.0,996.3220000000001,990.3435,51.64315609982949,0.013492707755409282,BEARISH,RSI_NORMAL,LOW_VOLATILITY
2016-06-15,984.28,1000.26,984.28,996.66,731020.0,992.3979999999999,992.098,52.49010051781906,0.013588264269189352,BULLISH,RSI_NORMAL,HIGH_VOLATILITY
2016-06-16,992.02,1007.24,984.48,1004.8,740810.0,993.9459999999999,994.5809999999999,53.114901931314336,0.013501003125367499,BULLISH,RSI_NORMAL,LOW_VOLATILITY
2016-06-17,1008.24,1013.08,992.27,997.86,365440.0,995.454,996.757,55.789722945773136,0.01365027239498495,BULLISH,RSI_NORMAL,HIGH_VOLATILITY
2016-06-20,993.22,995.27,984.53,989.77,627620.0,994.774,998.9979999999999,52.460476508572704,0.013574359364472006,BEARISH,RSI_NORMAL,LOW_VOLATILITY
2016-06-21,988.28,989.28,975.5,980.34,712870.0,993.8860000000001,1000.2855,31.570124790463794,0.013694395015263547,BEARISH,RSI_NORMAL,HIGH_VOLATILITY
2016-06-22,978.29,987.73,976.8,983.74,507150.0,991.302,1000.4455,32.23277690676011,0.012302025180013791,BEARISH,RSI_NORMAL,LOW_VOLATILITY
2016-06-23,984.38,988.28,978.59,982.39,678140.0,986.82,1000.059,31.05132221505572,0.012098053380185998,BEARISH,RSI_NORMAL,LOW_VOLATILITY
2016-06-24,972.41,991.27,961.92,987.83,777600.0,984.8140000000001,999.625,33.76703841387858,0.012072749288687772,BEARISH,RSI_NORMAL,LOW_VOLATILITY
2016-06-27,968.56,991.22,968.56,972.6,662650.0,981.3799999999999,999.0955,26.040896772604057,0.012197038625056606,BEARISH,RSI_LOW,LOW_VOLATILITY
2016-06-28,979.29,983.29,973.65,978.49,822750.0,981.01,998.8629999999999,33.27728117532523,0.012284245205680694,BEARISH,RSI_NORMAL,LOW_VOLATILITY
2016-06-29,976.55,997.56,976.55,992.47,711460.0,982.756,997.4905000000001,47.870069605568474,0.009282988531825529,BEARISH,RSI_NORMAL,LOW_VOLATILITY
2016-06-30,1003.1,1007.24,994.32,1001.55,1040000.0,986.5880000000001,996.4545,55.100372422563325,0.009546159819032752,BULLISH,RSI_NORMAL,LOW_VOLATILITY
2016-07-01,1001.06,1009.34,993.72,1000.76,1310000.0,989.174,995.3165000000001,53.512913079700105,0.00953231780046413,BULLISH,RSI_NORMAL,LOW_VOLATILITY
2016-07-04,1006.25,1015.28,996.46,998.66,884700.0,994.3859999999999,994.024,56.82130921957933,0.00952229942624783,BULLISH,RSI_NORMAL,LOW_VOLATILITY
2016-07-05,1001.25,1003.1,981.64,983.39,523870.0,995.366,991.6460000000001,43.68876628935604,0.009842383014975125,BEARISH,RSI_NORMAL,LOW_VOLATILITY
2016-07-07,987.63,995.27,983.29,985.98,757050.0,994.068,990.131,40.55031130749149,0.00948353281001497,BEARISH,RSI_NORMAL,LOW_VOLATILITY
2016-07-08,991.17,1012.14,986.43,1008.94,1200000.0,995.5459999999999,990.725,54.79238754325261,0.010074413568022085,BULLISH,RSI_NORMAL,LOW_VOLATILITY
2016-07-11,1018.23,1031.2,1016.08,1025.01,1080000.0,1000.396,992.4595000000002,64.25797054539571,0.010466931587373222,BULLISH,RSI_NORMAL,LOW_VOLATILITY
2016-07-12,1027.01,1036.09,1015.03,1018.67,1260000.0,1004.3979999999999,993.7344999999999,65.90588430575147,0.010611853556948745,BULLISH,RSI_NORMAL,LOW_VOLATILITY
2016-07-13,1027.21,1027.21,1004.7,1007.74,1320000.0,1009.268,994.8825,59.373535385096076,0.01073398814172615,BULLISH,RSI_NORMAL,LOW_VOLATILITY
2016-07-14,1008.44,1023.72,1007.24,1015.83,754270.0,1015.238,995.841,62.40724250519444,0.010555618057919507,BULLISH,RSI_NORMAL,LOW_VOLATILITY
2016-07-15,1016.43,1029.71,1016.43,1024.11,671920.0,1018.2719999999999,996.8065,63.183139534883686,0.010555036327829321,BULLISH,RSI_NORMAL,LOW_VOLATILITY
2016-07-18,1025.31,1043.08,1023.47,1026.71,721550.0,1018.6119999999999,998.249,71.6491958069937,0.010392459304122584,BULLISH,RSI_HIGH,LOW_VOLATILITY
2016-07-19,1029.21,1035.69,1019.42,1028.91,541330.0,1020.6600000000001,1000.2059999999999,70.78660949868078,0.010144703594593414,BULLISH,RSI_HIGH,LOW_VOLATILITY
2016-07-20,1027.46,1034.6,1018.23,1026.76,529010.0,1024.464,1002.527,65.66468707172223,0.009831777473196239,BULLISH,RSI_NORMAL,LOW_VOLATILITY
2016-07-21,1028.01,1046.18,1024.76,1040.89,706660.0,1029.476,1005.3844999999999,67.17903930131007,0.01015680196786153,BULLISH,RSI_NORMAL,LOW_VOLATILITY
2016-07-22,1046.03,1052.17,1040.24,1045.23,502770.0,1033.7,1008.5264999999999,68.83523930537906,0.010110279259737062,BULLISH,RSI_NORMAL,LOW_VOLATILITY
2016-07-25,1047.47,1072.53,1045.33,1068.79,734350.0,1042.116,1012.5745000000001,75.13439896781591,0.010997261352757798,BULLISH,RSI_HIGH,LOW_VOLATILITY
2016-07-26,1070.23,1073.08,1053.16,1058.9,562980.0,1048.114,1016.8895,78.14806530977414,0.01049942510166385,BULLISH,RSI_HIGH,LOW_VOLATILITY
2016-07-27,1068.04,1071.93,1050.37,1059.95,765270.0,1054.752,1020.9625,77.89426050230036,0.010516203570887658,BULLISH,RSI_HIGH,LOW_VOLATILITY
2016-07-28,1072.13,1151.79,1066.14,1126.04,5830000.0,1071.782,1027.641,83.32005463236969,0.01666891644476279,BULLISH,RSI_HIGH,HIGH_VOLATILITY
2016-07-29,1125.54,1135.72,1100.33,1112.21,1150000.0,1085.178,1033.174,75.13258012451007,0.017168436495381,BULLISH,RSI_HIGH,HIGH_VOLATILITY
2016-08-01,1117.65,1132.03,1113.11,1118.95,864040.0,1095.2100000000003,1039.0835,78.83597883597889,0.01710689507980824,BULLISH,RSI_HIGH,HIGH_VOLATILITY
2016-08-02,1127.73,1140.51,1116.7,1121.4,832930.0,1107.71,1045.2205,84.35912938331323,0.017030281696985495,BULLISH,RSI_HIGH,HIGH_VOLATILITY
2016-08-03,1130.48,1145.15,1122.09,1141.41,1130000.0,1124.002,1053.1215,85.41055718475079,0.01645756728012078,BULLISH,RSI_HIGH,HIGH_VOLATILITY
2016-08-04,1150.05,1152.59,1114.76,1125.34,1080000.0,1123.862,1060.0895,77.34320133974393,0.0171336237261902,BULLISH,RSI_HIGH,HIGH_VOLATILITY
2016-08-05,1129.03,1143.31,1126.79,1141.36,543090.0,1129.692,1066.7105000000001,78.87472926006143,0.016790464801874735,BULLISH,RSI_HIGH,HIGH_VOLATILITY
2016-08-08,1150.99,1150.99,1134.02,1146.35,407800.0,1135.172,1072.7775,79.16749453606195,0.01664044894527266,BULLISH,RSI_HIGH,HIGH_VOLATILITY
2016-08-09,1151.59,1152.94,1132.03,1144.51,541100.0,1139.7939999999999,1079.0695,79.28958758270736,0.01649863513854121,BULLISH,RSI_HIGH,HIGH_VOLATILITY
2016-08-10,1140.11,1146.45,1126.14,1127.98,788850.0,1137.108,1085.0814999999998,71.40750208937615,0.016715872583677453,BULLISH,RSI_HIGH,HIGH_VOLATILITY
2016-08-11,1128.03,1145.5,1116.65,1143.11,651400.0,1140.6619999999998,1091.4455,72.84780578898227,0.016797147837826057,BULLISH,RSI_HIGH,HIGH_VOLATILITY
2016-08-12,1141.01,1159.23,1123.44,1135.52,795380.0,1139.4940000000001,1097.016,66.8314584069011,0.017023872571082177,BULLISH,RSI_NORMAL,HIGH_VOLATILITY
2016-08-16,1133.52,1145.8,1124.94,1127.68,921460.0,1135.7599999999998,1102.0645,67.52981955347133,0.017234455028370132,BULLISH,RSI_NORMAL,HIGH_VOLATILITY
2016-08-17,1113.06,1125.74,1106.22,1111.61,742830.0,1129.1799999999998,1106.1995000000002,62.23011363636361,0.017751498878526763,BULLISH,RSI_NORMAL,HIGH_VOLATILITY
2016-08-18,1117.8,1117.8,1100.63,1105.42,1260000.0,1124.6680000000001,1110.1325,43.18572372769334,0.017831373488761803,BEARISH,RSI_NORMAL,HIGH_VOLATILITY
2016-08-19,1099.43,1124.94,1099.43,1111.56,864970.0,1118.358,1113.666,49.77369263978828,0.017684985752101767,BEARISH,RSI_NORMAL,HIGH_VOLATILITY
2016-08-22,1119.05,1119.05,1103.08,1111.96,828000.0,1113.646,1117.0025,47.45392292562103,0.01769716872421301,BEARISH,RSI_NORMAL,HIGH_VOLATILITY
2016-08-23,1110.76,1127.68,1106.22,1124.29,684490.0,1112.9679999999998,1119.7775,50.98199116547736,0.017218775931262004,BULLISH,RSI_NORMAL,HIGH_VOLATILITY
2016-08-24,1128.03,1128.23,1113.66,1116.9,417970.0,1114.026,1122.6775000000002,40.89050769345125,0.01713128092666731,BEARISH,RSI_NORMAL,HIGH_VOLATILITY
2016-08-25,1118.15,1124.54,1100.88,1103.98,554850.0,1113.7379999999998,1124.8790000000001,41.87090881412696,0.017428885167726137,BEARISH,RSI_NORMAL,HIGH_VOLATILITY
2016-08-26,1104.33,1125.59,1089.15,1121.35,869670.0,1115.6960000000001,1124.6444999999999,42.46214118887965,0.010823293909549253,BEARISH,RSI_NORMAL,LOW_VOLATILITY
2016-08-29,1121.35,1122.69,1102.23,1109.92,452950.0,1115.288,1124.5300000000002,36.91169073794638,0.010709570717437781,BEARISH,RSI_NORMAL,LOW_VOLATILITY
2016-08-30,1113.06,1146.0,1108.07,1144.21,674830.0,1119.2720000000002,1125.7930000000001,49.91259759934741,0.012708275978601037,BULLISH,RSI_NORMAL,LOW_VOLATILITY
2016-08-31,1154.99,1171.86,1147.0,1155.89,1670000.0,1127.0700000000002,1127.5175,58.367811956586976,0.012866858964075282,BULLISH,RSI_NORMAL,LOW_VOLATILITY
2016-09-01,1157.83,1162.02,1140.01,1154.94,621890.0,1137.2620000000002,1128.194,53.87640081263523,0.012290188107538002,BULLISH,RSI_NORMAL,LOW_VOLATILITY
2016-09-02,1156.93,1169.96,1149.3,1165.52,710110.0,1146.096,1130.203,59.64134207481685,0.01191617549964532,BULLISH,RSI_NORMAL,LOW_VOLATILITY
2016-09-06,1172.96,1211.79,1168.56,1202.05,1130000.0,1164.522,1133.2375,70.17962772019322,0.013378298654825763,BULLISH,RSI_HIGH,LOW_VOLATILITY
2016-09-07,1205.9,1206.9,1168.66,1175.15,1090000.0,1170.71,1134.6775,66.28395694515645,0.014490969297683183,BULLISH,RSI_NORMAL,HIGH_VOLATILITY
2016-09-08,1176.95,1187.93,1168.96,1180.54,888250.0,1175.6399999999999,1136.479,69.33093154915085,0.014490867867124634,BULLISH,RSI_NORMAL,HIGH_VOLATILITY
2016-09-09,1179.84,1179.84,1165.97,1169.71,575100.0,1178.594,1138.5655,64.61128699934677,0.014228408394996598,BULLISH,RSI_NORMAL,HIGH_VOLATILITY
2016-09-12,1154.34,1160.98,1135.02,1152.59,465080.0,1176.0080000000003,1139.0395,59.41773677622734,0.014416384331250575,BULLISH,RSI_NORMAL,HIGH_VOLATILITY
2016-09-14,1148.1,1176.9,1148.1,1161.58,704630.0,1167.914,1140.3425000000002,58.77948862833735,0.01440098131231328,BULLISH,RSI_NORMAL,HIGH_VOLATILITY
2016-09-15,1167.96,1173.45,1157.98,1171.51,616130.0,1167.186,1142.534,62.70531850542087,0.01435588872607105,BULLISH,RSI_NORMAL,HIGH_VOLATILITY
2016-09-16,1171.56,1179.19,1150.0,1153.14,1140000.0,1161.706,1144.6105,61.154474496278866,0.014444410491476765,BULLISH,RSI_NORMAL,HIGH_VOLATILITY
2016-09-19,1155.19,1169.96,1155.19,1161.58,550700.0,1160.08,1147.4185000000002,59.51378706900633,0.014379411037564334,BULLISH,RSI_NORMAL,HIGH_VOLATILITY
2016-09-20,1161.97,1171.66,1160.58,1163.02,966450.0,1162.166,1149.9915,63.180103256552826,0.014364773534499898,BULLISH,RSI_NORMAL,HIGH_VOLATILITY
2016-09-21,1163.87,1173.95,1163.87,1168.56,615800.0,1163.562,1152.8215,57.050205570675764,0.014366205162929233,BULLISH,RSI_NORMAL,HIGH_VOLATILITY
2016-09-22,1180.24,1194.92,1172.96,1189.93,913750.0,1167.246,1156.1035,59.332163614431416,0.014677343719736885,BULLISH,RSI_NORMAL,HIGH_VOLATILITY
2016-09-23,1198.91,1201.41,1182.94,1189.13,668220.0,1174.444,1159.715,59.38100203040118,0.01453460298501928,BULLISH,RSI_NORMAL,HIGH_VOLATILITY
2016-09-26,1192.92,1192.92,1172.86,1180.94,817720.0,1178.316,1163.5629999999999,54.28714412811391,0.01431976465635991,BULLISH,RSI_NORMAL,HIGH_VOLATILITY
2016-09-27,1182.14,1200.91,1182.14,1190.47,532320.0,1183.806,1167.019,46.21172467940332,0.014074809099816777,BULLISH,RSI_NORMAL,HIGH_VOLATILITY
2016-09-28,1190.92,1198.91,1186.03,1191.42,566690.0,1188.3780000000002,1171.0939999999998,56.411064701710146,0.01373950145297792,BULLISH,RSI_NORMAL,HIGH_VOLATILITY
2016-09-29,1192.27,1201.26,1157.98,1165.32,1130000.0,1183.456,1172.1495,44.84417344173441,0.01329221852818687,BEARISH,RSI_NORMAL,LOW_VOLATILITY
2016-09-30,1164.97,1177.9,1153.99,1158.68,478250.0,1177.366,1172.289,46.15438253957186,0.013187619122029388,BEARISH,RSI_NORMAL,LOW_VOLATILITY
2016-10-03,1167.96,1196.91,1163.37,1190.92,747110.0,1179.362,1174.088,62.08919447423206,0.014555214728046672,BULLISH,RSI_NORMAL,HIGH_VOLATILITY
2016-10-04,1199.91,1200.91,1177.35,1190.47,503640.0,1179.362,1175.3355000000001,59.63064204280289,0.014451561797153775,BULLISH,RSI_NORMAL,HIGH_VOLATILITY
2016-10-05,1185.93,1221.87,1182.94,1206.65,1080000.0,1182.408,1175.5655,61.24551971326168,0.012969324000057325,BULLISH,RSI_NORMAL,LOW_VOLATILITY
2016-10-06,1207.99,1220.27,1199.61,1207.4,746010.0,1190.824,1177.178,69.57149040542488,0.011824473168363655,BULLISH,RSI_NORMAL,LOW_VOLATILITY
2016-10-07,1205.9,1207.89,1178.75,1182.54,873430.0,1195.596,1177.278,56.7595459236326,0.012771877743070651,BULLISH,RSI_NORMAL,LOW_VOLATILITY
2016-10-10,1186.93,1216.88,1186.93,1210.54,570180.0,1199.52,1179.3195,63.0837004405286,0.013594056298250008,BULLISH,RSI_NORMAL,HIGH_VOLATILITY
2016-10-13,1224.87,1225.16,1206.75,1214.48,1390000.0,1204.322,1182.4140000000002,62.755555555555546,0.013032286259883374,BULLISH,RSI_NORMAL,LOW_VOLATILITY
2016-10-14,1213.98,1217.88,1200.16,1203.65,354200.0,1203.7220000000002,1184.5175,54.0481529564499,0.013222637236259462,BULLISH,RSI_NORMAL,LOW_VOLATILITY
2016-10-17,1206.0,1206.3,1176.45,1180.24,365920.0,1198.29,1184.9540000000002,47.68573957411358,0.013940209153209081,BEARISH,RSI_NORMAL,HIGH_VOLATILITY
2016-10-18,1184.34,1191.27,1163.52,1172.46,1340000.0,1196.274,1185.92,47.78774913910049,0.013528286083929923,BEARISH,RSI_NORMAL,LOW_VOLATILITY
2016-10-19,1177.95,1182.09,1161.23,1167.27,1200000.0,1187.6200000000001,1186.2045,43.80738842622251,0.013490668953819616,BEARISH,RSI_NORMAL,LOW_VOLATILITY
2016-10-20,1172.96,1174.95,1161.23,1163.72,448790.0,1177.468,1186.2395000000001,42.70745577085088,0.01350943437612419,BEARISH,RSI_NORMAL,LOW_VOLATILITY
2016-10-21,1170.86,1170.86,1142.41,1151.49,948990.0,1167.036,1185.386,46.07213859698952,0.013663715235378049,BEARISH,RSI_NORMAL,HIGH_VOLATILITY
2016-10-24,1159.13,1159.98,1122.14,1125.54,1290000.0,1156.096,1182.1665,41.518222768222756,0.01373532486590221,BEARISH,RSI_NORMAL,HIGH_VOLATILITY
2016-10-25,1129.98,1156.28,1115.16,1137.77,3010000.0,1149.158,1179.5985,34.84459652124323,0.014062864245688615,BEARISH,RSI_NORMAL,HIGH_VOLATILITY
2016-10-26,1151.29,1154.99,1111.96,1121.15,1320000.0,1139.934,1176.609,31.90267335004181,0.01430473292733935,BEARISH,RSI_NORMAL,HIGH_VOLATILITY
2016-10-27,1131.03,1132.43,1079.12,1083.56,1760000.0,1123.902,1171.2635,21.09613488000751,0.01564844199544405,BEARISH,RSI_LOW,HIGH_VOLATILITY
2016-10-28,1079.12,1095.04,1064.2,1068.04,1730000.0,1107.212,1165.0945,19.398331137461582,0.015740088256381908,BEARISH,RSI_LOW,HIGH_VOLATILITY
2016-10-30,1078.12,1083.11,1068.14,1073.88,149230.0,1096.88,1160.5224999999998,23.96492236917777,0.015409809453443071,BEARISH,RSI_LOW,HIGH_VOLATILITY
2016-11-01,1075.23,1086.31,1070.13,1074.83,983170.0,1084.292,1156.33,12.641083521444713,0.01544110411500467,BEARISH,RSI_LOW,HIGH_VOLATILITY
2016-11-02,1066.04,1081.46,1053.51,1060.9,872570.0,1072.2419999999997,1149.8290000000002,9.925895000521862,0.013657771344072303,BEARISH,RSI_LOW,HIGH_VOLATILITY
2016-11-03,1056.46,1073.13,1031.65,1035.35,1080000.0,1062.6,1142.0729999999999,9.217795870892687,0.01419207039482823,BEARISH,RSI_LOW,HIGH_VOLATILITY
2016-11-04,1037.39,1052.96,1033.3,1041.24,976220.0,1057.24,1133.8025000000002,13.192458426014227,0.013693987392224856,BEARISH,RSI_LOW,HIGH_VOLATILITY
2016-11-07,1046.18,1057.76,1026.11,1035.55,829770.0,1049.574,1125.21,13.34011674610403,0.013576861865821556,BEARISH,RSI_LOW,HIGH_VOLATILITY
2016-11-08,1042.93,1058.16,1038.19,1055.16,780310.0,1045.6399999999999,1118.841,22.1327367636093,0.01443029787251436,BEARISH,RSI_LOW,HIGH_VOLATILITY
2016-11-09,997.26,1056.26,950.34,1049.12,2010000.0,1043.2839999999999,1110.77,21.862109605185665,0.012684490379666328,BEARISH,RSI_LOW,LOW_VOLATILITY
2016-11-10,1054.16,1058.16,1006.25,1009.54,1720000.0,1038.1219999999998,1100.523,19.27356162604447,0.014156409491862847,BEARISH,RSI_LOW,HIGH_VOLATILITY
2016-11-11,998.26,1003.2,956.33,960.63,2670000.0,1022.0,1088.372,17.531010041346775,0.016666352035659155,BEARISH,RSI_LOW,HIGH_VOLATILITY
2016-11-15,969.26,969.26,867.49,889.25,5350000.0,992.74,1073.8225,10.312999041839717,0.021830276640571904,BEARISH,RSI_LOW,HIGH_VOLATILITY
2016-11-16,915.9,944.25,901.43,934.07,3030000.0,968.5220000000002,1061.903,22.593026662760067,0.026121829496993817,BEARISH,RSI_LOW,HIGH_VOLATILITY
2016-11-17,944.35,945.5,915.4,916.85,1310000.0,942.068,1049.382,24.02704639641047,0.026124902625307263,BEARISH,RSI_LOW,HIGH_VOLATILITY
2016-11-18,924.29,927.33,898.28,906.62,1340000.0,921.484,1036.5269999999998,24.429730072234236,0.026046694618651264,BEARISH,RSI_LOW,HIGH_VOLATILITY
2016-11-21,916.4,916.4,890.2,898.43,1640000.0,909.0440000000001,1023.874,22.412654485990117,0.02605346274118594,BEARISH,RSI_LOW,HIGH_VOLATILITY
2016-11-22,906.42,911.36,893.44,906.17,1680000.0,912.4280000000001,1012.9055000000001,24.03473120266031,0.02632049563235625,BEARISH,RSI_LOW,HIGH_VOLATILITY
2016-11-23,914.31,944.75,910.41,940.41,2370000.0,913.6959999999999,1003.0375,32.5422353588919,0.028096155290144444,BEARISH,RSI_NORMAL,HIGH_VOLATILITY
2016-11-24,936.62,964.07,930.43,934.47,2910000.0,917.22,993.7035,34.50288804227607,0.02807178553710375,BEARISH,RSI_NORMAL,HIGH_VOLATILITY
2016-11-25,942.26,951.64,937.17,943.8,1460000.0,924.656,986.7155,35.18788763225102,0.027729224977069714,BEARISH,RSI_NORMAL,HIGH_VOLATILITY
2016-11-28,948.35,966.96,931.88,934.47,1340000.0,931.8639999999999,980.0369999999999,34.802742362280526,0.02768113454435455,BEARISH,RSI_NORMAL,HIGH_VOLATILITY
2016-11-29,938.76,965.32,933.57,956.88,2510000.0,942.006,974.1870000000001,35.347089694656475,0.02839532198520944,BEARISH,RSI_NORMAL,HIGH_VOLATILITY
2016-11-30,966.27,973.2,950.89,968.21,4460000.0,947.566,968.856,38.12417437252313,0.02862693136888777,BEARISH,RSI_NORMAL,HIGH_VOLATILITY
2016-12-01,965.32,966.32,934.37,937.52,1520000.0,948.176,962.6869999999999,39.14576802507837,0.0292082264382406,BEARISH,RSI_NORMAL,HIGH_VOLATILITY
2016-12-02,934.37,934.87,900.43,903.28,2140000.0,940.0719999999999,956.0835,40.95682613768961,0.029746558157548623,BEARISH,RSI_NORMAL,HIGH_VOLATILITY
2016-12-05,908.42,939.96,893.69,936.02,1880000.0,940.382,950.8224999999999,58.39827617166457,0.03115035111100071,BEARISH,RSI_NORMAL,HIGH_VOLATILITY
2016-12-06,939.26,943.06,922.54,932.52,889150.0,935.51,945.6709999999999,49.67317505165941,0.03115093772689695,BEARISH,RSI_NORMAL,HIGH_VOLATILITY
2016-12-07,934.37,946.85,926.58,930.58,809150.0,927.984,939.442,53.09443317556909,0.03066009954379388,BEARISH,RSI_NORMAL,HIGH_VOLATILITY
2016-12-08,940.31,945.9,928.18,934.52,1020000.0,927.384,933.7120000000001,56.47151605121544,0.03074232873241677,BULLISH,RSI_NORMAL,HIGH_VOLATILITY
2016-12-09,940.36,952.29,933.42,940.11,1600000.0,934.75,930.2404999999999,59.78587528174307,0.029857655971643943,BULLISH,RSI_NORMAL,HIGH_VOLATILITY
2016-12-12,929.68,935.52,907.42,908.67,1530000.0,929.28,927.6424999999999,50.52818389250402,0.028829763346507727,BEARISH,RSI_NORMAL,HIGH_VOLATILITY
2016-12-13,913.41,913.41,893.44,905.17,1570000.0,923.8100000000001,928.4384999999999,41.44327894327893,0.023364713727495635,BEARISH,RSI_NORMAL,HIGH_VOLATILITY
2016-12-14,906.42,921.59,906.42,912.76,944660.0,920.2459999999999,927.3729999999999,44.770438888085934,0.0204040931426359,BEARISH,RSI_NORMAL,HIGH_VOLATILITY
2016-12-15,908.07,915.15,900.13,901.43,958980.0,913.6279999999999,926.6020000000001,39.89120580235721,0.02017570557599937,BEARISH,RSI_NORMAL,HIGH_VOLATILITY
2016-12-16,910.36,910.36,896.44,898.33,1040000.0,905.2720000000002,926.1875,41.1134061178322,0.020037564797265806,BEARISH,RSI_NORMAL,HIGH_VOLATILITY
2016-12-19,899.83,900.43,873.58,876.87,1910000.0,898.912,925.1095000000001,30.233707198972297,0.020645677729488037,BEARISH,RSI_NORMAL,HIGH_VOLATILITY
2016-12-20,873.98,880.47,858.55,864.19,1810000.0,890.716,923.0105,24.47236674192598,0.020724043875471155,BEARISH,RSI_LOW,HIGH_VOLATILITY
2016-12-21,865.69,874.97,860.05,864.04,1320000.0,880.972,919.192,28.787528868360283,0.018490573994913086,BEARISH,RSI_LOW,HIGH_VOLATILITY
2016-12-22,864.04,872.78,849.62,868.79,1470000.0,874.4440000000001,915.908,38.00013916916011,0.018603152408890915,BEARISH,RSI_NORMAL,HIGH_VOLATILITY
2016-12-23,873.48,883.46,860.0,872.48,1330000.0,869.274,912.342,22.291993720565173,0.018428148659965476,BEARISH,RSI_LOW,HIGH_VOLATILITY
2016-12-26,872.48,883.46,858.5,866.29,1310000.0,867.158,908.933,21.780997017469133,0.0183898421439953,BEARISH,RSI_LOW,HIGH_VOLATILITY
2016-12-27,870.38,876.27,861.9,874.48,846900.0,869.216,904.8129999999999,27.305825242718484,0.017508029418633,BEARISH,RSI_LOW,HIGH_VOLATILITY
2016-12-28,874.48,888.45,868.04,874.18,1090000.0,871.244,900.1115,24.849949983327832,0.01712291545779841,BEARISH,RSI_LOW,HIGH_VOLATILITY
2016-12-29,877.47,885.46,875.47,878.52,1200000.0,873.1899999999999,897.1614999999999,24.058630275461283,0.01603732061635703,BEARISH,RSI_LOW,HIGH_VOLATILITY
2016-12-30,883.41,893.44,880.96,889.5,935480.0,876.594,896.4725000000001,40.244274809160366,0.014317827723356645,BEARISH,RSI_NORMAL,HIGH_VOLATILITY
2017-01-02,891.45,905.92,880.71,903.08,1030000.0,883.952,894.8255000000001,49.03535493399801,0.012061639540120248,BULLISH,RSI_NORMAL,LOW_VOLATILITY
2017-01-03,908.42,908.42,891.9,895.04,2070000.0,888.064,892.9514999999999,41.855120426549014,0.012161986313212995,BULLISH,RSI_NORMAL,LOW_VOLATILITY
2017-01-04,900.33,912.91,895.44,905.02,1410000.0,894.232,891.6734999999999,51.67085544075212,0.012510954658950562,BULLISH,RSI_NORMAL,LOW_VOLATILITY
2017-01-05,912.31,918.3,899.93,914.91,2570000.0,901.51,890.6929999999999,57.25792330590083,0.012754430457073277,BULLISH,RSI_NORMAL,LOW_VOLATILITY
2017-01-06,916.4,930.88,913.01,927.88,1720000.0,909.186,890.0815,74.12276553485282,0.013116389258479988,BULLISH,RSI_HIGH,LOW_VOLATILITY
2017-01-09,930.38,931.43,904.42,908.52,1360000.0,910.274,890.074,69.7179966195177,0.011680270996787125,BULLISH,RSI_NORMAL,LOW_VOLATILITY
2017-01-10,913.41,927.38,906.37,921.99,1740000.0,915.664,890.9150000000002,73.04541477769817,0.01209080286611015,BULLISH,RSI_HIGH,LOW_VOLATILITY
2017-01-11,924.89,938.96,919.9,933.02,1240000.0,921.2639999999999,891.9279999999999,74.32770244678426,0.012231626864240303,BULLISH,RSI_HIGH,LOW_VOLATILITY
2017-01-12,933.37,937.72,924.69,931.93,955700.0,924.668,893.4529999999999,72.9696314040645,0.011826151892442677,BULLISH,RSI_HIGH,LOW_VOLATILITY
2017-01-13,933.92,936.57,925.54,931.63,770390.0,925.418,895.118,76.44915803108803,0.011774848394908858,BULLISH,RSI_HIGH,LOW_VOLATILITY
2017-01-16,928.38,939.91,925.29,933.62,889760.0,930.4379999999999,897.9554999999998,75.20456870098869,0.010094458029702548,BULLISH,RSI_HIGH,LOW_VOLATILITY
2017-01-17,938.36,961.82,935.37,958.48,1740000.0,937.7360000000001,902.6699999999998,79.70820411615448,0.010486870256028206,BULLISH,RSI_HIGH,LOW_VOLATILITY
2017-01-18,958.48,970.76,958.33,961.67,1220000.0,943.466,907.5514999999999,79.54238612946774,0.010420693187862002,BULLISH,RSI_HIGH,LOW_VOLATILITY
2017-01-19,963.42,964.07,952.74,961.02,770730.0,949.284,912.1630000000001,77.42331288343556,0.01050928304478455,BULLISH,RSI_HIGH,LOW_VOLATILITY
2017-01-20,958.63,976.15,952.49,965.52,2190000.0,956.0620000000001,916.8149999999999,75.73359709858222,0.010507853571931432,BULLISH,RSI_HIGH,LOW_VOLATILITY
2017-01-23,965.72,971.86,956.08,963.02,1210000.0,961.942,921.6515000000002,79.35740196925204,0.010277720828892268,BULLISH,RSI_HIGH,LOW_VOLATILITY
2017-01-24,961.82,978.15,951.94,971.76,1750000.0,964.598,926.5155000000001,79.13392701239744,0.010270124967294124,BULLISH,RSI_HIGH,LOW_VOLATILITY
2017-01-25,977.3,979.64,969.46,976.0,1130000.0,967.4639999999999,931.6065000000001,78.05124437505742,0.010186686741113884,BULLISH,RSI_HIGH,LOW_VOLATILITY
2017-01-27,978.1,987.88,962.42,967.91,1040000.0,968.842,936.076,69.24334198634746,0.010648965749352347,BULLISH,RSI_NORMAL,LOW_VOLATILITY
2017-01-30,967.31,977.3,961.32,971.51,572180.0,970.04,940.1764999999999,85.68838526912182,0.0104996246306032,BULLISH,RSI_HIGH,LOW_VOLATILITY
2017-01-31,971.11,975.8,962.32,969.01,603930.0,971.238,943.473,80.42184265010351,0.010289943591276501,BULLISH,RSI_HIGH,LOW_VOLATILITY
2017-02-01,969.01,999.31,968.51,989.28,1240000.0,974.742,948.1850000000001,82.51271382339344,0.010543468667824577,BULLISH,RSI_HIGH,LOW_VOLATILITY
2017-02-02,987.73,993.27,980.24,987.28,1370000.0,976.9979999999999,952.298,81.65389454420682,0.01055509981906787,BULLISH,RSI_HIGH,LOW_VOLATILITY
2017-02-03,988.28,992.17,979.34,984.18,465750.0,980.2520000000001,955.7615,79.1200265986922,0.010566760896220382,BULLISH,RSI_HIGH,LOW_VOLATILITY
2017-02-06,988.38,1003.2,983.79,990.77,744280.0,984.1039999999999,958.906,80.13286934514392,0.010305918656347581,BULLISH,RSI_HIGH,LOW_VOLATILITY
2017-02-07,990.27,1002.2,988.48,997.56,577720.0,989.814,963.358,75.45596664929646,0.00860349888069185,BULLISH,RSI_HIGH,LOW_VOLATILITY
2017-02-08,997.56,1008.14,979.29,995.96,1190000.0,991.15,967.0564999999999,72.80830118398303,0.008368981875314652,BULLISH,RSI_HIGH,LOW_VOLATILITY
2017-02-09,997.26,1003.25,989.28,1001.11,493190.0,993.9159999999999,970.461,75.16003514497304,0.008159708589145677,BULLISH,RSI_HIGH,LOW_VOLATILITY
2017-02-10,1004.15,1007.24,988.78,991.32,479740.0,995.344,973.4305,65.1836158192091,0.008635588886100977,BULLISH,RSI_NORMAL,LOW_VOLATILITY
2017-02-13,993.27,998.26,979.79,983.04,643640.0,993.798,976.001,61.031518624641826,0.008984148193246558,BULLISH,RSI_NORMAL,LOW_VOLATILITY
2017-02-14,986.28,986.33,968.31,979.09,604110.0,990.104,978.2745000000001,54.26410703897618,0.009109975325617744,BULLISH,RSI_NORMAL,LOW_VOLATILITY
2017-02-15,979.49,985.23,974.3,979.99,600970.0,986.9100000000001,979.35,52.41496186902313,0.007108269841647157,BULLISH,RSI_NORMAL,LOW_VOLATILITY
2017-02-16,983.29,987.83,966.07,968.21,932360.0,980.3299999999999,979.677,50.17381228273468,0.0076656316134849755,BEARISH,RSI_NORMAL,LOW_VOLATILITY
2017-02-17,971.31,971.71,953.94,959.13,1140000.0,973.892,979.5824999999999,43.25561124427979,0.007968904598222446,BEARISH,RSI_NORMAL,LOW_VOLATILITY
2017-02-20,959.33,978.24,952.19,974.05,1090000.0,972.094,980.009,52.41842610364683,0.00865173056604781,BEARISH,RSI_NORMAL,LOW_VOLATILITY
2017-02-21,976.0,992.22,974.6,989.77,885070.0,974.2299999999999,981.3464999999999,50.24586051179128,0.00929236528565502,BULLISH,RSI_NORMAL,LOW_VOLATILITY
2017-02-22,993.37,1023.97,992.17,1018.52,2810000.0,981.936,983.6845,62.35759493670888,0.011063577856105355,BULLISH,RSI_NORMAL,LOW_VOLATILITY
2017-02-23,1028.21,1028.21,1003.6,1007.24,1580000.0,989.742,985.2465,58.567394858077016,0.01145189373270066,BULLISH,RSI_NORMAL,LOW_VOLATILITY
2017-02-27,1008.24,1016.78,997.26,1000.21,738250.0,997.958,986.8615,53.49577840319955,0.011395755332366319,BULLISH,RSI_NORMAL,LOW_VOLATILITY
2017-02-28,1001.35,1025.01,996.41,1022.42,1370000.0,1007.632,989.4070000000002,58.2624302047328,0.012282987243812327,BULLISH,RSI_NORMAL,LOW_VOLATILITY
2017-03-01,1028.21,1038.19,1024.26,1030.95,1120000.0,1015.868,992.5039999999999,61.11711253733241,0.012282227795342415,BULLISH,RSI_NORMAL,LOW_VOLATILITY
2017-03-02,1036.09,1042.93,1024.61,1026.96,1040000.0,1017.5560000000002,994.3880000000001,58.27411817425262,0.011630826223353046,BULLISH,RSI_NORMAL,LOW_VOLATILITY
2017-03-03,1025.26,1025.26,1004.25,1011.94,596210.0,1018.4959999999999,995.6210000000001,56.3862735381566,0.012184746214034762,BULLISH,RSI_NORMAL,LOW_VOLATILITY
2017-03-06,1018.23,1032.0,1014.23,1027.61,559270.0,1023.976,997.7925000000001,63.19966830539597,0.012533934643871794,BULLISH,RSI_NORMAL,LOW_VOLATILITY
2017-03-07,1028.76,1030.8,1018.72,1022.17,429280.0,1023.926,999.3625,62.646782527007986,0.0125959490598229,BULLISH,RSI_NORMAL,LOW_VOLATILITY
2017-03-08,1022.22,1032.95,1013.23,1020.77,1160000.0,1021.89,1000.5229999999999,61.93654138859619,0.012550813901370797,BULLISH,RSI_NORMAL,LOW_VOLATILITY
2017-03-09,1026.71,1038.99,1023.22,1029.31,827510.0,1022.3599999999999,1002.1905,68.23009905716674,0.012630291104360597,BULLISH,RSI_NORMAL,LOW_VOLATILITY
2017-03-10,1022.32,1035.4,1022.32,1028.46,579490.0,1025.664,1003.558,71.75400062754949,0.012615313936698675,BULLISH,RSI_HIGH,LOW_VOLATILITY
2017-03-14,1047.97,1075.92,1038.79,1069.54,1640000.0,1034.05,1007.469,75.73715702657546,0.01497087974692599,BULLISH,RSI_HIGH,HIGH_VOLATILITY
2017-03-15,1066.14,1073.63,1059.25,1062.2,619850.0,1042.056,1011.427,70.44543555580655,0.014910241780594314,BULLISH,RSI_HIGH,HIGH_VOLATILITY
2017-03-16,1069.39,1087.6,1066.39,1085.66,1380000.0,1055.034,1016.7555,69.53561452513975,0.015310064335799144,BULLISH,RSI_NORMAL,HIGH_VOLATILITY
2017-03-17,1088.35,1090.3,1073.13,1077.57,782440.0,1064.6860000000001,1021.6345000000001,70.85087459235105,0.015548392159362863,BULLISH,RSI_HIGH,HIGH_VOLATILITY
2017-03-20,1079.92,1081.12,1065.29,1077.82,423080.0,1074.5579999999998,1027.115,73.97294124915057,0.015082213278766634,BULLISH,RSI_HIGH,HIGH_VOLATILITY
2017-03-21,1080.07,1083.06,1061.6,1066.84,1430000.0,1074.018,1032.5005,64.74375995751461,0.015125198591000663,BULLISH,RSI_NORMAL,HIGH_VOLATILITY
2017-03-22,1056.16,1062.3,1046.73,1056.01,661180.0,1072.78,1036.5984999999998,58.192755328887145,0.015311745824661145,BULLISH,RSI_NORMAL,HIGH_VOLATILITY
2017-03-23,1058.16,1068.14,1052.17,1059.75,466640.0,1067.598,1040.0975,60.73744187569587,0.01504981269245794,BULLISH,RSI_NORMAL,HIGH_VOLATILITY
2017-03-24,1060.95,1071.13,1059.2,1062.4,435180.0,1064.5639999999999,1042.2915,67.98033067274807,0.01379936176161287,BULLISH,RSI_NORMAL,HIGH_VOLATILITY
2017-03-27,1066.14,1066.14,1038.14,1041.09,833510.0,1057.218,1043.984,54.6177034804056,0.01438788132832079,BEARISH,RSI_NORMAL,HIGH_VOLATILITY
2017-03-28,1043.18,1060.1,1043.18,1056.01,452400.0,1055.0520000000001,1046.774,60.885229027277404,0.014495966435461336,BULLISH,RSI_NORMAL,HIGH_VOLATILITY
2017-03-29,1060.15,1077.12,1056.01,1066.24,1350000.0,1057.098,1048.965,63.840019480124184,0.013871563061946316,BULLISH,RSI_NORMAL,HIGH_VOLATILITY
2017-03-30,1066.24,1072.83,1060.15,1068.24,1170000.0,1058.7959999999998,1050.8295,62.340708806187784,0.013795778348466592,BULLISH,RSI_NORMAL,HIGH_VOLATILITY
2017-03-31,1068.14,1077.62,1063.15,1071.63,937950.0,1060.6420000000003,1053.0629999999999,63.46789792225618,0.01373134734299215,BULLISH,RSI_NORMAL,HIGH_VOLATILITY
2017-04-03,1072.83,1096.54,1066.64,1087.95,790370.0,1070.0140000000001,1056.8635,56.79285661574792,0.013422984975290268,BULLISH,RSI_NORMAL,LOW_VOLATILITY
2017-04-05,1092.1,1092.75,1066.94,1080.67,927400.0,1074.9460000000001,1059.5165,56.818014027316345,0.013314841292857467,BULLISH,RSI_NORMAL,LOW_VOLATILITY
2017-04-06,1076.52,1087.11,1069.64,1085.01,690410.0,1078.7,1062.6585,49.72062236740304,0.013186325430061622,BULLISH,RSI_NORMAL,LOW_VOLATILITY
2017-04-07,1075.13,1088.0,1071.23,1081.07,837820.0,1081.266,1065.6735,51.55999286860402,0.013235999951696999,BULLISH,RSI_NORMAL,LOW_VOLATILITY
2017-04-10,1076.52,1078.57,1055.21,1057.36,757490.0,1078.412,1067.076,42.45797699793572,0.014277129331906068,BEARISH,RSI_NORMAL,HIGH_VOLATILITY
2017-04-11,1061.85,1074.88,1054.71,1070.63,731060.0,1074.9479999999999,1069.1844999999998,51.373885304139854,0.014477231703624067,BULLISH,RSI_NORMAL,HIGH_VOLATILITY
2017-04-12,1073.63,1080.02,1061.25,1068.59,719260.0,1072.532,1069.137,54.87068297971189,0.011423480544389695,BEARISH,RSI_NORMAL,LOW_VOLATILITY
2017-04-13,1068.59,1079.52,1064.29,1076.42,328680.0,1070.8139999999999,1069.848,56.25609847631913,0.011414322607356335,BULLISH,RSI_NORMAL,LOW_VOLATILITY
2017-04-17,1077.67,1078.12,1054.61,1057.51,506750.0,1066.102,1068.4405,48.364439092915894,0.010943170954371272,BEARISH,RSI_NORMAL,LOW_VOLATILITY
2017-04-18,1060.55,1067.09,1035.5,1038.64,722860.0,1062.358,1066.494,49.166950017001085,0.01148611113206663,BEARISH,RSI_NORMAL,LOW_VOLATILITY
2017-04-19,1042.18,1054.16,1031.9,1047.07,398730.0,1057.646,1064.9564999999998,46.819863403528736,0.01169208123357607,BEARISH,RSI_NORMAL,LOW_VOLATILITY
2017-04-20,1054.16,1060.9,1040.69,1056.96,493560.0,1055.3200000000002,1064.4625,46.69091427756385,0.011737880335592973,BEARISH,RSI_NORMAL,LOW_VOLATILITY
2017-04-21,1064.05,1069.64,1052.37,1063.6,701520.0,1052.7559999999999,1064.842,48.39845367941458,0.01159358745721026,BEARISH,RSI_NORMAL,LOW_VOLATILITY
2017-04-24,1064.24,1072.48,1061.85,1068.09,363440.0,1054.872,1065.259,48.78733899698541,0.011604206902921223,BULLISH,RSI_NORMAL,LOW_VOLATILITY
2017-04-25,1072.83,1100.03,1068.14,1095.99,1060000.0,1066.342,1066.9385,52.55173289323345,0.012947493160218137,BULLISH,RSI_NORMAL,LOW_VOLATILITY
2017-04-26,1102.98,1120.05,1090.85,1102.73,1870000.0,1077.4739999999997,1070.0205,57.02547770700633,0.01192173413744378,BULLISH,RSI_NORMAL,LOW_VOLATILITY
2017-04-27,1102.98,1107.62,1090.1,1103.43,666290.0,1086.768,1072.3915000000002,56.00547730829421,0.011623064024727221,BULLISH,RSI_NORMAL,LOW_VOLATILITY
2017-04-28,1104.67,1122.99,1103.43,1118.5,1010000.0,1097.748,1075.0045,61.377591342938764,0.011789245406202737,BULLISH,RSI_NORMAL,LOW_VOLATILITY
2017-05-02,1121.15,1135.52,1098.09,1110.16,1030000.0,1106.1619999999998,1077.1005,67.70386266094422,0.011996505046682943,BULLISH,RSI_NORMAL,LOW_VOLATILITY
2017-05-03,1114.06,1121.99,1111.06,1116.95,476100.0,1110.354,1079.3665,66.23667975322488,0.012029722541339181,BULLISH,RSI_NORMAL,LOW_VOLATILITY
2017-05-04,1116.95,1133.03,1115.66,1130.63,878810.0,1115.9340000000002,1081.5004999999999,70.10630023334204,0.0118765060377584,BULLISH,RSI_HIGH,LOW_VOLATILITY
2017-05-05,1133.03,1157.98,1132.03,1144.8,1520000.0,1124.208,1084.7069999999999,71.28626572033372,0.011914539842113056,BULLISH,RSI_HIGH,LOW_VOLATILITY
2017-05-08,1148.0,1170.96,1141.41,1165.32,672000.0,1133.5720000000001,1088.7225,83.22751648893554,0.01237672217324797,BULLISH,RSI_HIGH,LOW_VOLATILITY
2017-05-09,1170.41,1174.8,1158.08,1163.27,734420.0,1144.194,1092.8325,92.85468674781659,0.012325732575149701,BULLISH,RSI_HIGH,LOW_VOLATILITY
2017-05-10,1165.07,1179.94,1146.15,1156.28,1000000.0,1152.06,1097.7785,87.92804056400645,0.011025719461744668,BULLISH,RSI_HIGH,LOW_VOLATILITY
2017-05-11,1156.98,1176.85,1150.29,1164.42,1000000.0,1158.818,1102.468,87.77949655463374,0.0108829286127541,BULLISH,RSI_HIGH,LOW_VOLATILITY
2017-05-12,1168.16,1176.95,1125.04,1130.98,2500000.0,1156.054,1105.5875,69.93255236066742,0.013107106996639657,BULLISH,RSI_NORMAL,LOW_VOLATILITY
2017-05-15,1140.91,1147.9,1133.03,1146.05,729470.0,1152.2,1109.069,71.70378619153678,0.013280626091517004,BULLISH,RSI_HIGH,LOW_VOLATILITY
2017-05-16,1146.9,1147.7,1127.63,1140.86,913600.0,1147.718,1113.2365,64.29982790490149,0.012503613969550133,BULLISH,RSI_NORMAL,LOW_VOLATILITY
2017-05-17,1141.01,1156.98,1134.57,1152.94,579710.0,1147.05,1118.9515000000001,65.4749429821858,0.01147861474397062,BULLISH,RSI_NORMAL,LOW_VOLATILITY
2017-05-18,1145.15,1157.78,1138.02,1149.35,702000.0,1144.0359999999998,1124.0655,63.905038759689866,0.011607371846318926,BULLISH,RSI_NORMAL,LOW_VOLATILITY
2017-05-19,1137.87,1142.81,1096.89,1121.2,1730000.0,1142.08,1127.2775,50.75757575757578,0.013247331383141573,BEARISH,RSI_NORMAL,LOW_VOLATILITY
2017-05-22,1122.29,1135.87,1102.08,1110.61,1060000.0,1134.9919999999997,1129.6280000000002,50.1246882793017,0.01350884595177623,BEARISH,RSI_NORMAL,LOW_VOLATILITY
2017-05-23,1118.0,1124.59,1089.55,1096.99,1370000.0,1126.218,1131.0729999999999,44.67108073472874,0.013880159713355562,BEARISH,RSI_NORMAL,HIGH_VOLATILITY
2017-05-24,1093.09,1105.12,1078.62,1089.3,1550000.0,1113.4899999999998,1130.7385,38.60113630095424,0.012705247736259934,BEARISH,RSI_NORMAL,LOW_VOLATILITY
2017-05-25,1093.64,1123.04,1088.15,1111.26,1230000.0,1105.8719999999998,1131.165,41.13073831182571,0.013440397899636745,BEARISH,RSI_NORMAL,LOW_VOLATILITY
2017-05-26,1122.99,1146.8,1122.04,1130.48,915210.0,1107.728,1132.5175,40.723186707849656,0.013957432363931141,BEARISH,RSI_NORMAL,HIGH_VOLATILITY
2017-05-29,1123.04,1148.0,1123.04,1144.56,460150.0,1114.518,1133.8205,45.31805214954206,0.013903905008973708,BULLISH,RSI_NORMAL,HIGH_VOLATILITY
2017-05-30,1148.0,1164.07,1145.0,1157.43,460980.0,1126.606,1136.184,50.279546890952425,0.013916789114692763,BULLISH,RSI_NORMAL,HIGH_VOLATILITY
2017-05-31,1156.98,1162.97,1142.56,1149.2,1490000.0,1138.5859999999998,1137.7965,46.3018757896783,0.0140336493706693,BULLISH,RSI_NORMAL,HIGH_VOLATILITY
2017-06-01,1148.0,1159.98,1131.13,1158.43,578030.0,1148.02,1139.1865,57.55906812799471,0.013894978633531266,BULLISH,RSI_NORMAL,HIGH_VOLATILITY
2017-06-02,1159.18,1172.86,1158.18,1162.27,437400.0,1154.378,1140.06,54.761066103087934,0.013653817272727744,BULLISH,RSI_NORMAL,HIGH_VOLATILITY
2017-06-05,1162.97,1174.35,1157.48,1159.53,425940.0,1157.372,1139.7705,55.5601882184764,0.013058861690191405,BULLISH,RSI_NORMAL,LOW_VOLATILITY
2017-06-06,1160.13,1163.27,1139.06,1151.14,787800.0,1156.114,1139.1640000000002,49.45188794153473,0.01315108157629195,BULLISH,RSI_NORMAL,LOW_VOLATILITY
2017-06-07,1151.99,1165.97,1144.01,1159.48,531050.0,1158.17,1139.324,52.99792838117791,0.013189649773766788,BULLISH,RSI_NORMAL,LOW_VOLATILITY
2017-06-08,1172.76,1172.76,1138.22,1141.31,1200000.0,1154.7459999999999,1138.1685000000002,56.32509278480214,0.01354455546776672,BULLISH,RSI_NORMAL,LOW_VOLATILITY
2017-06-09,1143.01,1155.59,1130.18,1153.74,559010.0,1153.04,1139.3065000000001,63.41023568186062,0.012081984832161491,BULLISH,RSI_NORMAL,LOW_VOLATILITY
2017-06-12,1152.39,1156.63,1140.61,1148.7,649910.0,1150.874,1139.4389999999999,66.98416869211064,0.011781165714484546,BULLISH,RSI_NORMAL,LOW_VOLATILITY
2017-06-13,1149.2,1152.24,1140.26,1147.7,855510.0,1150.186,1139.7810000000002,70.06321286244335,0.01173248827853489,BULLISH,RSI_HIGH,LOW_VOLATILITY
2017-06-14,1149.0,1150.84,1124.29,1147.6,931530.0,1147.81,1139.514,64.69113842173346,0.011483047001070525,BULLISH,RSI_NORMAL,LOW_VOLATILITY
2017-06-15,1148.0,1150.0,1133.35,1140.3,1000000.0,1147.6079999999997,1139.0615,54.39334287759482,0.011549635492615139,BULLISH,RSI_NORMAL,LOW_VOLATILITY
2017-06-16,1142.7,1149.8,1128.45,1145.4,1180000.0,1145.94,1140.2715,50.4086398131933,0.010083596415149687,BULLISH,RSI_NORMAL,LOW_VOLATILITY
2017-06-19,1149.0,1158.0,1137.95,1154.15,808990.0,1147.03,1142.4485,48.33772552199475,0.009863016471092407,BULLISH,RSI_NORMAL,LOW_VOLATILITY
2017-06-20,1155.1,1156.85,1144.5,1149.45,804320.0,1147.38,1145.0715,50.131399138021656,0.009400034249335481,BULLISH,RSI_NORMAL,LOW_VOLATILITY
2017-06-21,1158.0,1160.4,1149.9,1155.4,553930.0,1148.94,1148.3764999999999,48.350571584104536,0.00915097532410268,BULLISH,RSI_NORMAL,LOW_VOLATILITY
2017-06-22,1157.0,1171.0,1156.6,1162.55,651020.0,1153.3899999999999,1150.941,50.14712063892391,0.008261273643222487,BULLISH,RSI_NORMAL,LOW_VOLATILITY
2017-06-23,1163.0,1164.5,1146.1,1153.65,596080.0,1155.0400000000002,1152.0995,47.098302408211666,0.00774389433023139,BULLISH,RSI_NORMAL,LOW_VOLATILITY
2017-06-27,1157.0,1168.35,1130.0,1134.15,484240.0,1151.0400000000002,1151.579,42.44418749444098,0.008233900357185518,BEARISH,RSI_NORMAL,LOW_VOLATILITY
2017-06-28,1125.0,1128.85,1099.0,1109.15,930400.0,1142.98,1149.165,30.5058486327369,0.009072623333549728,BEARISH,RSI_NORMAL,LOW_VOLATILITY
2017-06-29,1112.0,1126.95,1100.0,1104.55,460380.0,1132.81,1146.9325000000001,34.08933518005543,0.009010279755456353,BEARISH,RSI_NORMAL,LOW_VOLATILITY
2017-06-30,1099.95,1112.0,1083.3,1102.95,617700.0,1120.89,1144.1585,25.742668831789118,0.008702143448170935,BEARISH,RSI_LOW,LOW_VOLATILITY
2017-07-03,1107.0,1123.45,1104.2,1120.25,512390.0,1114.2100000000003,1142.0575000000001,37.83668234288155,0.009530962757786306,BEARISH,RSI_NORMAL,LOW_VOLATILITY
2017-07-04,1123.8,1126.45,1106.8,1108.55,549150.0,1109.09,1139.5085,34.66509988249116,0.009725571304106204,BEARISH,RSI_NORMAL,LOW_VOLATILITY
2017-07-05,1108.55,1135.0,1108.55,1126.65,837350.0,1112.59,1138.284,42.80810161345698,0.010481372726491852,BEARISH,RSI_NORMAL,LOW_VOLATILITY
2017-07-06,1135.0,1144.0,1127.85,1132.15,532280.0,1118.1100000000001,1136.9175,47.1671880431005,0.010396240279268764,BEARISH,RSI_NORMAL,LOW_VOLATILITY
2017-07-07,1135.0,1135.4,1112.05,1115.45,364300.0,1120.6100000000001,1135.6245000000001,40.36667738822771,0.010330382734237238,BEARISH,RSI_NORMAL,LOW_VOLATILITY
2017-07-10,1215.45,1215.45,1110.0,1127.75,70600.0,1122.1100000000001,1134.325,41.69811320754714,0.010338725498926301,BEARISH,RSI_NORMAL,LOW_VOLATILITY
2017-07-11,1125.0,1135.0,1122.6,1131.75,532130.0,1126.75,1133.4775,44.40934933670245,0.01035801001631333,BEARISH,RSI_NORMAL,LOW_VOLATILITY
2017-07-12,1136.0,1137.4,1124.1,1133.7,373350.0,1128.16,1132.7775,42.96824368114062,0.010371881517207287,BULLISH,RSI_NORMAL,LOW_VOLATILITY
2017-07-13,1139.8,1144.25,1121.25,1125.5,764690.0,1126.8300000000002,1131.6725000000001,38.07531380753141,0.01047719889964235,BEARISH,RSI_NORMAL,LOW_VOLATILITY
2017-07-14,1128.25,1128.95,1112.05,1117.35,872830.0,1127.21,1130.525,38.26002587322119,0.01050307388177192,BEARISH,RSI_NORMAL,LOW_VOLATILITY
2017-07-17,1120.6,1128.7,1115.25,1125.45,1260000.0,1126.75,1129.5275,46.962290502793294,0.010596650753258004,BEARISH,RSI_NORMAL,LOW_VOLATILITY
2017-07-18,1118.0,1150.0,1117.0,1146.6,648740.0,1129.7199999999998,1129.15,63.43738787226399,0.011333384798686454,BULLISH,RSI_NORMAL,LOW_VOLATILITY
2017-07-19,1154.95,1158.0,1146.05,1155.85,964590.0,1134.15,1129.47,67.81249999999996,0.011443407450100411,BULLISH,RSI_NORMAL,LOW_VOLATILITY
2017-07-20,1156.9,1157.85,1133.95,1155.55,1290000.0,1140.1599999999999,1129.4775,68.43027330063063,0.011386905415681471,BULLISH,RSI_NORMAL,LOW_VOLATILITY
2017-07-21,1156.0,1172.5,1148.0,1156.1,2020000.0,1147.91,1129.1550000000002,64.23183803096461,0.011296596646428788,BULLISH,RSI_NORMAL,LOW_VOLATILITY
2017-07-24,1151.6,1159.5,1140.0,1155.75,2060000.0,1153.97,1129.26,70.59336823734729,0.011160615136988511,BULLISH,RSI_HIGH,LOW_VOLATILITY
2017-07-25,1160.05,1165.0,1140.0,1150.1,2960000.0,1154.6699999999998,1130.0575000000001,61.47821830641204,0.010498102376346824,BULLISH,RSI_NORMAL,LOW_VOLATILITY
2017-07-26,1134.0,1144.8,1126.0,1134.0,1970000.0,1150.3,1131.3,50.82039911308199,0.009702825632968455,BULLISH,RSI_NORMAL,LOW_VOLATILITY
2017-07-27,1136.55,1153.0,1136.05,1148.8,1030000.0,1148.95,1133.5125,65.04285069914295,0.009966870044369145,BULLISH,RSI_NORMAL,LOW_VOLATILITY
2017-07-28,1148.0,1156.9,1139.0,1153.25,616850.0,1148.3799999999999,1136.0275,62.37864077669903,0.009940598543443617,BULLISH,RSI_NORMAL,LOW_VOLATILITY
2017-07-31,1154.15,1164.0,1146.1,1161.7,777720.0,1149.57,1138.1,63.93671475104701,0.009513870348284449,BULLISH,RSI_NORMAL,LOW_VOLATILITY
2017-08-01,1162.0,1163.0,1140.5,1148.2,1180000.0,1149.19,1140.0825,56.09243697478991,0.00959725386749035,BULLISH,RSI_NORMAL,LOW_VOLATILITY
2017-08-02,1150.0,1152.0,1135.0,1144.5,848780.0,1151.2900000000002,1140.975,58.29694323144105,0.009018092846748078,BULLISH,RSI_NORMAL,LOW_VOLATILITY
2017-08-03,1143.0,1148.9,1127.1,1146.1,997620.0,1150.75,1141.6725000000001,63.316350162112116,0.00896912125565825,BULLISH,RSI_NORMAL,LOW_VOLATILITY
2017-08-04,1144.0,1159.95,1140.65,1157.3,529320.0,1151.56,1143.7649999999999,64.34038721296713,0.008411737370271361,BULLISH,RSI_NORMAL,LOW_VOLATILITY
2017-08-07,1160.0,1160.75,1142.4,1149.65,576280.0,1149.15,1144.8600000000001,51.56330087134812,0.008326057830097957,BULLISH,RSI_NORMAL,LOW_VOLATILITY
2017-08-08,1146.0,1151.5,1139.1,1147.35,600260.0,1148.98,1145.6399999999999,45.309050772626925,0.00832897347507132,BULLISH,RSI_NORMAL,LOW_VOLATILITY
2017-08-09,1147.8,1158.9,1140.1,1155.55,530760.0,1151.1899999999998,1146.7325,50.0,0.008450843212532609,BULLISH,RSI_NORMAL,LOW_VOLATILITY
2017-08-10,1154.0,1160.3,1146.0,1151.1,649590.0,1152.19,1148.0125,47.55859375000001,0.008310337823953504,BULLISH,RSI_NORMAL,LOW_VOLATILITY
2017-08-11,1135.65,1148.75,1121.2,1143.9,843230.0,1149.5099999999998,1149.3400000000001,44.57665903890164,0.008260648680862192,BEARISH,RSI_NORMAL,LOW_VOLATILITY
2017-08-14,1149.45,1163.7,1145.0,1154.0,511990.0,1150.3799999999999,1150.7675,51.71503957783646,0.008328754198820306,BULLISH,RSI_NORMAL,LOW_VOLATILITY
2017-08-16,1154.35,1155.3,1129.0,1141.3,857450.0,1149.1699999999998,1150.5025,53.30915684496826,0.0076715808648468355,BEARISH,RSI_NORMAL,LOW_VOLATILITY
2017-08-17,1141.3,1142.8,1132.0,1134.95,494640.0,1145.05,1149.4575,43.200785468826744,0.007501725228337584,BEARISH,RSI_NORMAL,LOW_VOLATILITY
2017-08-18,1131.95,1142.45,1123.0,1140.0,357490.0,1142.83,1148.6799999999998,43.53343094192288,0.007595708856385528,BEARISH,RSI_NORMAL,LOW_VOLATILITY
2017-08-21,1141.8,1141.8,1128.5,1134.45,456590.0,1140.94,1147.5974999999999,36.31341034655948,0.007647850720671493,BEARISH,RSI_NORMAL,LOW_VOLATILITY
2017-08-22,1140.1,1142.6,1125.95,1129.45,568910.0,1136.0300000000002,1146.2824999999998,39.70345963756174,0.00768548281672612,BEARISH,RSI_NORMAL,LOW_VOLATILITY
2017-08-23,1131.8,1144.5,1114.0,1141.3,513040.0,1136.0300000000002,1145.8425,48.387096774193516,0.008049644554453738,BEARISH,RSI_NORMAL,LOW_VOLATILITY
2017-08-24,1140.4,1145.0,1131.0,1135.6,483360.0,1136.16,1145.9225000000001,44.91771539206194,0.0074777653380306,BEARISH,RSI_NORMAL,LOW_VOLATILITY
2017-08-28,1131.5,1159.75,1126.1,1155.9,751940.0,1139.34,1146.2775,49.37722419928832,0.007978727043293924,BULLISH,RSI_NORMAL,LOW_VOLATILITY
2017-08-29,1155.0,1155.0,1139.3,1151.7,578070.0,1142.79,1146.2,50.94079853143642,0.007980240237802132,BULLISH,RSI_NORMAL,LOW_VOLATILITY
2017-08-30,1149.9,1160.35,1144.3,1153.35,674280.0,1147.5700000000002,1145.7825,52.77008310249308,0.00780078244342532,BULLISH,RSI_NORMAL,LOW_VOLATILITY
2017-08-31,1146.35,1174.0,1144.3,1168.55,1130000.0,1153.02,1146.8,55.63746747614919,0.007882486625830357,BULLISH,RSI_NORMAL,LOW_VOLATILITY
2017-09-01,1174.2,1219.0,1166.0,1215.9,1520000.0,1169.0800000000002,1150.37,70.48040455120109,0.011780725335217627,BULLISH,RSI_HIGH,LOW_VOLATILITY
2017-09-04,1215.9,1215.9,1192.0,1197.05,682610.0,1177.31,1152.9175,65.64615837503675,0.012493484864871677,BULLISH,RSI_NORMAL,LOW_VOLATILITY
2017-09-05,1201.25,1223.05,1200.4,1206.35,714960.0,1188.24,1155.3700000000001,65.48358473824308,0.012437914244018862,BULLISH,RSI_NORMAL,LOW_VOLATILITY
2017-09-06,1198.35,1213.45,1198.0,1206.05,370400.0,1198.7800000000002,1158.19,70.66709224385572,0.01228246465603881,BULLISH,RSI_HIGH,LOW_VOLATILITY
2017-09-07,1218.0,1218.8,1193.95,1198.65,832840.0,1204.8,1160.755,70.19657577679138,0.012395929427745813,BULLISH,RSI_HIGH,LOW_VOLATILITY
2017-09-08,1195.0,1206.0,1190.0,1203.95,477520.0,1202.4099999999999,1163.175,70.2437480215258,0.01235430809785942,BULLISH,RSI_HIGH,LOW_VOLATILITY
2017-09-11,1206.0,1241.0,1199.6,1238.05,843300.0,1210.6100000000001,1167.5225,77.77479892761392,0.013570137547605436,BULLISH,RSI_HIGH,LOW_VOLATILITY
2017-09-12,1242.0,1259.95,1236.05,1256.35,1460000.0,1220.6100000000001,1173.145,81.75675675675673,0.01357041533367593,BULLISH,RSI_HIGH,LOW_VOLATILITY
2017-09-13,1250.05,1262.0,1249.0,1254.95,913360.0,1230.3899999999999,1178.1925,80.01056245048855,0.013596598192886482,BULLISH,RSI_HIGH,HIGH_VOLATILITY
2017-09-14,1258.0,1262.0,1241.0,1246.05,754070.0,1239.8700000000001,1183.4299999999998,78.68086211373671,0.013391538828411667,BULLISH,RSI_HIGH,LOW_VOLATILITY
2017-09-15,1230.5,1249.65,1226.2,1245.5,912020.0,1248.1799999999998,1188.9575,75.92592592592594,0.013237346818258769,BULLISH,RSI_HIGH,LOW_VOLATILITY
2017-09-18,1250.0,1261.0,1248.8,1255.95,419290.0,1251.76,1194.755,79.11197989388444,0.013262095602998694,BULLISH,RSI_HIGH,LOW_VOLATILITY
2017-09-19,1262.0,1262.0,1249.2,1253.3,465000.0,1251.15,1200.6975,77.75617883921134,0.013168765656141336,BULLISH,RSI_HIGH,LOW_VOLATILITY
2017-09-20,1256.5,1256.9,1235.0,1237.3,473180.0,1247.6200000000001,1206.09,69.00746474979266,0.013610788734344488,BULLISH,RSI_NORMAL,HIGH_VOLATILITY
2017-09-21,1238.0,1247.25,1224.95,1229.1,772770.0,1244.23,1210.48,54.657727593507346,0.013762011895526604,BULLISH,RSI_NORMAL,HIGH_VOLATILITY
2017-09-22,1218.05,1230.2,1204.9,1213.25,896130.0,1237.78,1214.3625,55.839942321557345,0.014136124337254523,BEARISH,RSI_NORMAL,HIGH_VOLATILITY
2017-09-25,1205.15,1213.45,1192.0,1196.95,917090.0,1225.98,1216.415,46.77419354838714,0.014183028285972357,BEARISH,RSI_NORMAL,HIGH_VOLATILITY
2017-09-26,1187.0,1189.75,1164.0,1174.0,740280.0,1210.12,1217.53,40.48114048114047,0.014905974257099762,BEARISH,RSI_NORMAL,HIGH_VOLATILITY
2017-09-27,1173.1,1178.55,1152.85,1160.0,786410.0,1194.6599999999999,1217.8625,38.953986853386645,0.015185214732328593,BEARISH,RSI_NORMAL,HIGH_VOLATILITY
2017-09-28,1155.0,1165.0,1123.0,1130.0,2350000.0,1174.84,1215.935,31.48009015777609,0.015945769051311703,BEARISH,RSI_NORMAL,HIGH_VOLATILITY
2017-09-29,1130.0,1144.95,1127.0,1131.7,791550.0,1158.53,1211.725,18.20627802690585,0.01255284982478855,BEARISH,RSI_LOW,LOW_VOLATILITY
2017-10-03,1141.3,1160.0,1135.5,1148.8,834090.0,1148.9,1209.3124999999998,17.615176151761517,0.012875394531674002,BEARISH,RSI_LOW,LOW_VOLATILITY
2017-10-04,1154.0,1167.1,1147.55,1154.05,626750.0,1144.91,1206.6975,20.306062389640942,0.012767369867054686,BEARISH,RSI_LOW,LOW_VOLATILITY
2017-10-05,1149.65,1161.5,1147.6,1153.25,327060.0,1143.56,1204.0575000000001,21.32262051915947,0.012764297373246561,BEARISH,RSI_LOW,LOW_VOLATILITY
2017-10-06,1155.0,1169.7,1153.0,1157.3,344960.0,1149.02,1201.99,23.32123411978219,0.012788356929321,BEARISH,RSI_LOW,LOW_VOLATILITY
2017-10-09,1169.8,1169.8,1152.8,1158.6,363970.0,1154.3999999999999,1199.7224999999999,18.82804995196919,0.0127267006946404,BEARISH,RSI_LOW,LOW_VOLATILITY
2017-10-10,1156.0,1166.95,1154.0,1163.0,316770.0,1157.24,1195.9699999999998,21.405953134895483,0.01068504085894921,BEARISH,RSI_LOW,LOW_VOLATILITY
2017-10-11,1170.0,1175.75,1155.0,1160.6,602210.0,1158.55,1191.1825000000001,23.4234234234234,0.00983408900810091,BEARISH,RSI_LOW,LOW_VOLATILITY
2017-10-12,1156.5,1162.0,1146.05,1158.8,658880.0,1159.6599999999999,1186.375,24.510514865844797,0.00982804036402038,BEARISH,RSI_LOW,LOW_VOLATILITY
2017-10-13,1158.8,1177.1,1154.15,1174.25,417080.0,1163.05,1182.785,35.81818181818181,0.010519211683879435,BEARISH,RSI_NORMAL,LOW_VOLATILITY
2017-10-16,1181.0,1185.0,1166.0,1171.05,689380.0,1165.54,1179.0625,39.59003215434081,0.010503385282951173,BEARISH,RSI_NORMAL,LOW_VOLATILITY
2017-10-17,1170.0,1200.0,1170.0,1197.15,979280.0,1172.3700000000001,1176.1225,59.07487259898082,0.011690869848144344,BULLISH,RSI_NORMAL,LOW_VOLATILITY
2017-10-18,1197.8,1197.8,1170.0,1179.65,523050.0,1176.1799999999998,1172.44,57.49713849675699,0.012008746062625766,BULLISH,RSI_NORMAL,LOW_VOLATILITY
2017-10-19,1175.0,1183.25,1171.15,1178.5,77090.0,1180.1200000000001,1169.5,73.72798434442264,0.011789145797868899,BULLISH,RSI_HIGH,LOW_VOLATILITY
2017-10-23,1184.45,1191.85,1159.0,1174.15,698950.0,1180.1000000000001,1166.7525,70.24320457796853,0.011751500069759831,BULLISH,RSI_HIGH,LOW_VOLATILITY
2017-10-24,1175.0,1234.0,1175.0,1222.9,2350000.0,1190.47,1167.235,77.14285714285715,0.01499967448356788,BULLISH,RSI_HIGH,HIGH_VOLATILITY
2017-10-25,1222.9,1232.05,1195.0,1201.7,1020000.0,1191.3799999999999,1167.4725,65.62807477861594,0.015214266532888912,BULLISH,RSI_NORMAL,HIGH_VOLATILITY
2017-10-26,1194.0,1203.65,1180.7,1191.15,808540.0,1193.68,1168.3300000000002,61.68310727496918,0.014681995705688705,BULLISH,RSI_NORMAL,HIGH_VOLATILITY
2017-10-27,1193.9,1195.0,1178.6,1184.55,346760.0,1194.89,1169.5575000000001,58.27010622154778,0.014457847059648315,BULLISH,RSI_NORMAL,HIGH_VOLATILITY
2017-10-30,1185.0,1198.8,1179.55,1182.55,280640.0,1196.5700000000002,1172.185,57.23783620429132,0.013020090015167438,BULLISH,RSI_NORMAL,LOW_VOLATILITY
2017-10-31,1182.0,1188.85,1176.15,1180.85,279630.0,1188.16,1174.6425000000002,55.483870967741886,0.01304679482042997,BULLISH,RSI_NORMAL,LOW_VOLATILITY
2017-11-01,1185.0,1188.55,1174.0,1175.95,260540.00000000003,1183.01,1176.0,54.64447806354012,0.012751793095396934,BEARISH,RSI_NORMAL,LOW_VOLATILITY
2017-11-02,1176.4,1181.95,1166.0,1178.4,245950.0,1180.46,1177.2175,55.90717299578062,0.012729768566027942,BULLISH,RSI_NORMAL,LOW_VOLATILITY
2017-11-03,1182.45,1183.1,1167.3,1172.45,258600.00000000003,1178.04,1178.1775,49.424552429667536,0.012799505076696084,BEARISH,RSI_NORMAL,LOW_VOLATILITY
2017-11-06,1168.0,1173.1,1155.0,1162.35,314730.0,1174.0,1178.4299999999998,47.33619105939987,0.012955658366280208,BEARISH,RSI_NORMAL,LOW_VOLATILITY
2017-11-07,1158.0,1164.65,1132.5,1141.45,758500.0,1166.1200000000001,1177.5725,32.38456672991778,0.013580659714888409,BEARISH,RSI_NORMAL,HIGH_VOLATILITY
2017-11-08,1147.1,1179.4,1145.05,1172.2,691780.0,1165.3700000000001,1178.0325,47.82608695652173,0.01490192992655269,BEARISH,RSI_NORMAL,HIGH_VOLATILITY
2017-11-09,1177.85,1198.45,1173.6,1195.6,884720.0,1168.81,1179.7824999999998,54.416322314049566,0.015504366357089693,BULLISH,RSI_NORMAL,HIGH_VOLATILITY
2017-11-10,1194.9,1194.9,1160.0,1178.6,1130000.0,1170.04,1180.7725,51.07878787878783,0.01589371072616951,BEARISH,RSI_NORMAL,HIGH_VOLATILITY
2017-11-13,1184.0,1189.5,1168.85,1174.95,363500.0,1172.56,1180.8075,35.12255662426308,0.01564350631473741,BEARISH,RSI_NORMAL,HIGH_VOLATILITY
2017-11-14,1174.95,1176.0,1152.4,1155.05,547560.0,1175.28,1180.0075000000002,35.408195182984,0.016096925341189776,BEARISH,RSI_NORMAL,HIGH_VOLATILITY
2017-11-15,1155.0,1190.0,1151.05,1181.55,829730.0,1177.15,1179.2275,47.2696245733788,0.01614646264832191,BULLISH,RSI_NORMAL,HIGH_VOLATILITY
2017-11-16,1183.0,1189.0,1175.0,1179.55,429230.0,1173.9399999999998,1179.2225,48.53971962616822,0.01580816991450337,BULLISH,RSI_NORMAL,HIGH_VOLATILITY
2017-11-17,1186.0,1193.9,1166.0,1171.3,454010.0,1172.48,1178.8625,46.83009298393913,0.015887074747727867,BEARISH,RSI_NORMAL,HIGH_VOLATILITY
2017-11-20,1173.0,1176.45,1159.65,1166.35,255840.0,1170.76,1178.4725,45.987825124515766,0.01589373192434855,BEARISH,RSI_NORMAL,HIGH_VOLATILITY
2017-11-21,1168.6,1175.0,1156.0,1160.3,421270.0,1171.81,1175.3425000000002,45.69700302447069,0.012510034950057525,BEARISH,RSI_NORMAL,LOW_VOLATILITY
2017-11-22,1162.5,1176.5,1155.0,1174.3,731570.0,1170.36,1173.9725,48.94002068252323,0.012408187170281195,BULLISH,RSI_NORMAL,LOW_VOLATILITY
2017-11-23,1175.5,1177.9,1157.05,1159.6,482630.0,1166.3700000000001,1172.395,46.821667078901775,0.012557556820428764,BEARISH,RSI_NORMAL,LOW_VOLATILITY
2017-11-24,1164.0,1164.0,1148.15,1159.6,406700.0,1164.03,1171.1475,49.284040614423326,0.01251936501014284,BEARISH,RSI_NORMAL,LOW_VOLATILITY
2017-11-27,1158.0,1160.0,1146.1,1156.5,373160.0,1162.06,1169.845,54.31850789096126,0.012524193757988805,BEARISH,RSI_NORMAL,LOW_VOLATILITY
2017-11-28,1157.5,1174.9,1150.15,1171.0,445230.0,1164.2,1169.3525,49.62025316455695,0.012885449874193327,BULLISH,RSI_NORMAL,LOW_VOLATILITY
2017-11-29,1166.0,1176.35,1148.25,1153.85,516700.00000000006,1160.1100000000001,1168.2475,36.24382207578254,0.013257141107681735,BEARISH,RSI_NORMAL,LOW_VOLATILITY
2017-11-30,1150.25,1158.0,1141.35,1146.75,1430000.0,1157.54,1166.665,38.773352132534384,0.013288623658424079,BEARISH,RSI_NORMAL,LOW_VOLATILITY
2017-12-01,1147.2,1154.0,1130.25,1133.75,397190.0,1152.3700000000001,1164.73,36.37566137566137,0.013455870431757052,BEARISH,RSI_NORMAL,LOW_VOLATILITY
2017-12-04,1145.45,1145.45,1117.0,1121.0,455770.0,1145.27,1162.6625,38.181187087816745,0.013540753996855556,BEARISH,RSI_NORMAL,LOW_VOLATILITY
2017-12-05,1122.0,1124.15,1108.05,1115.0,702850.0,1134.0700000000002,1161.34,23.067583974099563,0.013027435471916751,BEARISH,RSI_LOW,LOW_VOLATILITY
2017-12-06,1114.8,1114.95,1099.0,1104.35,723470.0,1124.1699999999998,1157.9474999999998,21.558245083207254,0.01134119310486831,BEARISH,RSI_LOW,LOW_VOLATILITY
2017-12-07,1108.0,1151.0,1106.85,1144.4,986080.0,1123.7,1155.3875,41.798780487804926,0.01346011856268865,BEARISH,RSI_NORMAL,LOW_VOLATILITY
2017-12-08,1144.95,1153.5,1130.1,1135.5,593330.0,1124.05,1153.2324999999998,40.81571896397742,0.01322999025709655,BEARISH,RSI_NORMAL,LOW_VOLATILITY
2017-12-11,1142.0,1142.7,1123.4,1125.85,551770.0,1125.02,1150.7775,39.95919556980473,0.013313187303813279,BEARISH,RSI_NORMAL,LOW_VOLATILITY
2017-12-12,1131.85,1131.85,1101.0,1117.4,1060000.0,1125.5,1148.895,32.861445783132595,0.012919285986079427,BEARISH,RSI_NORMAL,LOW_VOLATILITY
2017-12-13,1117.9,1137.5,1110.0,1116.55,646680.0,1127.94,1145.645,35.85277686493596,0.011568093091156504,BEARISH,RSI_NORMAL,LOW_VOLATILITY
2017-12-14,1122.0,1129.55,1115.4,1123.45,543060.0,1123.75,1142.84,38.63564916692871,0.011739081055012594,BEARISH,RSI_NORMAL,LOW_VOLATILITY
2017-12-15,1129.0,1134.7,1116.0,1118.7,897590.0,1120.3899999999999,1140.21,38.23895457373993,0.011697940745931883,BEARISH,RSI_NORMAL,LOW_VOLATILITY
2017-12-18,1120.0,1139.95,1110.0,1137.15,622560.0,1122.65,1138.75,39.72061949590045,0.012407755404040198,BEARISH,RSI_NORMAL,LOW_VOLATILITY
2017-12-19,1149.0,1149.5,1130.95,1137.7,459490.0,1126.71,1137.62,44.54576156703823,0.012376471407858722,BULLISH,RSI_NORMAL,LOW_VOLATILITY
2017-12-20,1137.5,1141.95,1125.0,1135.5,458160.0,1130.5,1135.6799999999998,46.070555361508916,0.011993880981246485,BEARISH,RSI_NORMAL,LOW_VOLATILITY
2017-12-21,1140.95,1144.0,1130.4,1137.9,460390.0,1133.3899999999999,1134.595,51.56544700113168,0.01173706446361445,BULLISH,RSI_NORMAL,LOW_VOLATILITY
2017-12-22,1137.0,1142.5,1132.5,1138.0,377780.0,1137.25,1133.5149999999999,57.08924103419513,0.011737427479016783,BULLISH,RSI_NORMAL,LOW_VOLATILITY
2017-12-26,1142.0,1155.6,1140.2,1150.75,820590.0,1139.97,1133.2275,64.11369917094348,0.012032006608623552,BULLISH,RSI_NORMAL,LOW_VOLATILITY
2017-12-27,1150.0,1157.0,1142.0,1149.05,611260.0,1142.24,1132.1299999999999,68.98895497026332,0.011654454023623383,BULLISH,RSI_NORMAL,LOW_VOLATILITY
2017-12-28,1146.0,1154.35,1138.35,1144.4,536350.0,1144.02,1131.6575,50.0,0.011228866037640058,BULLISH,RSI_NORMAL,LOW_VOLATILITY
2017-12-29,1145.1,1172.5,1142.05,1158.5,965850.0,1148.14,1132.2450000000001,63.142857142857146,0.011483496416389466,BULLISH,RSI_NORMAL,LOW_VOLATILITY
2018-01-01,1163.0,1165.0,1138.1,1143.65,591350.0,1149.27,1132.74,59.60086299892137,0.011568839485589538,BULLISH,RSI_NORMAL,LOW_VOLATILITY
2018-01-02,1146.0,1150.0,1134.05,1142.75,516170.0,1147.67,1133.8274999999999,64.88549618320604,0.011241826179539435,BULLISH,RSI_NORMAL,LOW_VOLATILITY
2018-01-03,1149.0,1149.0,1135.3,1141.9,593810.0,1146.2400000000002,1135.1725000000001,64.88549618320621,0.011151189450710171,BULLISH,RSI_NORMAL,LOW_VOLATILITY
2018-01-04,1149.0,1178.0,1145.9,1172.05,729970.0,1151.77,1138.5575000000001,72.41697416974174,0.012169723300615842,BULLISH,RSI_HIGH,LOW_VOLATILITY
2018-01-05,1178.0,1192.0,1167.45,1185.25,1150000.0,1157.1200000000001,1140.6,78.4766795036372,0.00958831501099935,BULLISH,RSI_HIGH,LOW_VOLATILITY
2018-01-08,1190.0,1190.85,1173.5,1182.0,928880.0,1164.79,1142.925,72.06099360550914,0.00938766847135305,BULLISH,RSI_HIGH,LOW_VOLATILITY
2018-01-09,1183.1,1197.2,1175.1,1193.05,699620.0,1174.85,1146.285,74.67677218011596,0.009178064333234351,BULLISH,RSI_HIGH,LOW_VOLATILITY
2018-01-10,1186.0,1189.1,1171.1,1177.4,1100000.0,1181.95,1149.285,66.6799363057326,0.00959082884773319,BULLISH,RSI_NORMAL,LOW_VOLATILITY
2018-01-11,1179.9,1189.95,1170.0,1188.95,475480.0,1185.3300000000002,1152.9050000000002,68.9424860853433,0.009683093767305247,BULLISH,RSI_NORMAL,LOW_VOLATILITY
2018-01-12,1187.0,1192.55,1176.0,1189.7,390840.0,1186.22,1156.2175000000002,69.09158050221575,0.009672427999181854,BULLISH,RSI_NORMAL,LOW_VOLATILITY
2018-01-15,1189.65,1208.2,1182.45,1204.05,723830.0,1190.63,1160.4850000000001,69.45255474452563,0.00972516158315091,BULLISH,RSI_NORMAL,LOW_VOLATILITY
2018-01-16,1204.05,1204.05,1184.0,1188.75,557250.0,1189.77,1163.065,63.180610889774314,0.0098982396966196,BULLISH,RSI_NORMAL,LOW_VOLATILITY
2018-01-17,1186.8,1196.4,1178.4,1193.75,506650.0,1193.0400000000002,1165.8675,66.3464723418351,0.009897926545080336,BULLISH,RSI_NORMAL,LOW_VOLATILITY
2018-01-18,1195.0,1204.1,1181.0,1188.25,500760.0,1192.9,1168.505,60.44959606603446,0.009978032760343229,BULLISH,RSI_NORMAL,LOW_VOLATILITY
2018-01-19,1183.1,1195.0,1177.9,1189.9,722690.0,1192.94,1171.105,67.90553619821918,0.009980139147660843,BULLISH,RSI_NORMAL,LOW_VOLATILITY
2018-01-22,1192.0,1193.7,1164.1,1176.0,942540.0,1187.33,1173.0049999999999,61.695392191347196,0.010452264669092213,BULLISH,RSI_NORMAL,LOW_VOLATILITY
2018-01-23,1176.0,1177.85,1156.2,1169.9,1840000.0,1183.56,1173.9625,59.49796472184535,0.010309091151377053,BEARISH,RSI_NORMAL,LOW_VOLATILITY
2018-01-24,1170.0,1171.65,1145.05,1151.05,1120000.0,1175.02,1174.0625,42.2850844966936,0.010982343605704962,BEARISH,RSI_NORMAL,LOW_VOLATILITY
2018-01-25,1148.0,1161.4,1143.45,1150.45,1560000.0,1167.46,1174.365,35.91093117408906,0.010939747214489202,BEARISH,RSI_NORMAL,LOW_VOLATILITY
2018-01-29,1154.0,1164.25,1147.6,1152.05,1540000.0,1159.89,1174.0425,37.71029954862531,0.010575649384589903,BEARISH,RSI_NORMAL,LOW_VOLATILITY
2018-01-30,1151.0,1152.0,1123.45,1126.7,1400000.0,1150.0300000000002,1173.1950000000002,25.633492471538716,0.011324279451143044,BEARISH,RSI_LOW,LOW_VOLATILITY
2018-01-31,1128.0,1139.8,1124.0,1128.3,961600.0,1141.7099999999998,1172.4725,29.893529893529788,0.01133398777142531,BEARISH,RSI_LOW,LOW_VOLATILITY
2018-02-01,1126.0,1157.35,1126.0,1153.0,1100000.0,1142.1,1173.0275,36.709796672828055,0.012396566485377862,BEARISH,RSI_NORMAL,LOW_VOLATILITY
2018-02-02,1148.0,1148.0,1123.95,1137.9,872110.0,1139.59,1171.3200000000002,32.687165775401056,0.011145354786599592,BEARISH,RSI_NORMAL,LOW_VOLATILITY
2018-02-05,1121.2,1140.0,1114.3,1134.1,1260000.0,1136.0,1168.7625,24.847177274361712,0.01074192619774885,BEARISH,RSI_LOW,LOW_VOLATILITY
2018-02-06,1110.0,1127.0,1090.1,1110.25,1060000.0,1132.7099999999998,1165.175,23.40785907859076,0.011543567935589397,BEARISH,RSI_LOW,LOW_VOLATILITY
2018-02-07,1115.0,1125.2,1106.55,1121.1,854460.0,1131.27,1161.5775,26.327794069729492,0.011567925729069423,BEARISH,RSI_LOW,LOW_VOLATILITY
2018-02-08,1128.0,1131.3,1110.0,1124.05,1190000.0,1125.48,1158.91,28.727634194830983,0.011380445691959232,BEARISH,RSI_LOW,LOW_VOLATILITY
2018-02-09,1101.0,1142.25,1101.0,1130.75,666920.0,1124.05,1156.0,31.03558832959277,0.011196755985663893,BEARISH,RSI_NORMAL,LOW_VOLATILITY
2018-02-12,1138.0,1150.0,1135.9,1144.4,646360.0,1126.11,1153.735,39.85228002569045,0.011645519753081538,BEARISH,RSI_NORMAL,LOW_VOLATILITY
2018-02-14,1144.0,1144.0,1127.0,1139.15,691600.0,1131.8899999999999,1150.49,40.07103648692283,0.011182739287125503,BEARISH,RSI_NORMAL,LOW_VOLATILITY
2018-02-15,1135.0,1139.9,1123.0,1135.45,471070.0,1134.76,1147.825,44.41660701503224,0.01093482494938663,BEARISH,RSI_NORMAL,LOW_VOLATILITY
2018-02-16,1136.5,1147.0,1130.0,1143.85,734480.0,1138.72,1145.33,47.762711864406725,0.011056382821232873,BEARISH,RSI_NORMAL,LOW_VOLATILITY
2018-02-19,1145.0,1145.8,1111.55,1120.35,443680.0,1136.6399999999999,1141.935,40.64344746162926,0.011797990661123971,BEARISH,RSI_NORMAL,LOW_VOLATILITY
2018-02-20,1123.95,1136.0,1112.75,1126.4,662280.0,1133.0400000000002,1138.76,49.90006662225185,0.011907813660075109,BEARISH,RSI_NORMAL,LOW_VOLATILITY
2018-02-21,1132.35,1133.25,1115.0,1127.2,720560.0,1130.65,1136.3200000000002,49.631614199598154,0.01173542262888604,BEARISH,RSI_NORMAL,LOW_VOLATILITY
2018-02-22,1122.7,1126.4,1101.0,1118.1,1560000.0,1127.1799999999998,1133.73,36.9483919222139,0.01179361058251161,BEARISH,RSI_NORMAL,LOW_VOLATILITY
2018-02-23,1117.05,1117.05,1098.9,1101.8,1140000.0,1118.77,1131.2675000000002,36.61971830985914,0.011702967172612867,BEARISH,RSI_NORMAL,LOW_VOLATILITY
2018-02-26,1110.0,1110.0,1095.4,1104.8,1170000.0,1115.66,1128.9850000000001,39.075316927665945,0.011748667055865705,BEARISH,RSI_NORMAL,LOW_VOLATILITY
2018-02-27,1104.8,1113.0,1098.95,1110.35,610500.0,1112.4499999999998,1126.9,50.043177892918784,0.011830936295826282,BEARISH,RSI_NORMAL,LOW_VOLATILITY
2018-02-28,1104.0,1124.0,1099.25,1117.75,1010000.0,1110.56,1126.4524999999999,48.50912327547846,0.010955308057028124,BEARISH,RSI_NORMAL,LOW_VOLATILITY
2018-03-01,1120.0,1124.2,1108.0,1118.9,736220.0,1110.72,1125.9825,47.6707372229761,0.010952345960484462,BEARISH,RSI_NORMAL,LOW_VOLATILITY
2018-03-05,1110.25,1114.85,1100.0,1105.95,529680.0,1111.55,1123.63,39.38356164383568,0.009877362567307821,BEARISH,RSI_NORMAL,LOW_VOLATILITY
2018-03-06,1112.6,1112.6,1100.0,1101.6,702290.0,1110.9099999999999,1121.815,30.09302325581396,0.00954415030824351,BEARISH,RSI_NORMAL,LOW_VOLATILITY
2018-03-07,1105.7,1109.95,1095.25,1107.25,669690.0,1110.2900000000002,1120.4725,35.21779425393886,0.009649076413689195,BEARISH,RSI_NORMAL,LOW_VOLATILITY
2018-03-08,1114.8,1130.0,1107.6,1127.6,751330.0,1112.26,1121.34,46.84865515857081,0.009396869424052053,BULLISH,RSI_NORMAL,LOW_VOLATILITY
2018-03-09,1133.0,1140.0,1124.4,1129.1,1160000.0,1114.3,1121.74,43.731406714832154,0.009160069410146318,BULLISH,RSI_NORMAL,LOW_VOLATILITY
2018-03-12,1131.1,1134.0,1120.0,1131.5,527290.0,1119.4099999999999,1122.1125,55.77421025375453,0.009154268532005643,BULLISH,RSI_NORMAL,LOW_VOLATILITY
2018-03-13,1125.2,1143.0,1125.2,1140.3,711550.0,1127.1499999999999,1122.59,56.99899295065448,0.009221426086897523,BULLISH,RSI_NORMAL,LOW_VOLATILITY
2018-03-14,1139.95,1144.45,1131.1,1137.0,1360000.0,1133.1,1122.22,54.81335952848718,0.008828519971387463,BULLISH,RSI_NORMAL,LOW_VOLATILITY
2018-03-15,1132.15,1163.75,1132.15,1160.8,1150000.0,1139.74,1123.3025,68.32618025751071,0.009947552305826233,BULLISH,RSI_NORMAL,LOW_VOLATILITY
2018-03-16,1159.9,1159.9,1118.4,1122.75,1950000.0,1138.47,1122.6675,57.57685352622062,0.012479118248328062,BULLISH,RSI_NORMAL,LOW_VOLATILITY
2018-03-19,1121.15,1124.0,1097.9,1102.55,855440.0,1132.68,1120.6025,49.276294628497915,0.01291838016197798,BEARISH,RSI_NORMAL,LOW_VOLATILITY
2018-03-20,1102.0,1117.0,1092.15,1106.5,720300.0,1125.92,1119.9099999999999,48.74878128046802,0.012176869008301524,BEARISH,RSI_NORMAL,LOW_VOLATILITY
2018-03-21,1106.5,1116.0,1100.0,1103.55,612240.0,1119.23,1118.7675,45.24765729585006,0.012102747836113667,BEARISH,RSI_NORMAL,LOW_VOLATILITY
2018-03-22,1102.5,1110.0,1100.0,1107.1,478430.0,1108.49,1117.7625,46.113306982872146,0.012133830426816003,BEARISH,RSI_NORMAL,LOW_VOLATILITY
2018-03-23,1094.85,1120.0,1093.05,1112.65,828520.0,1106.47,1117.4900000000002,52.31994459833796,0.012075319421349656,BEARISH,RSI_NORMAL,LOW_VOLATILITY
2018-03-26,1112.0,1119.0,1101.0,1117.55,479680.0,1109.4699999999998,1118.2775,55.5018972059331,0.011621057557056343,BEARISH,RSI_NORMAL,LOW_VOLATILITY
2018-03-27,1119.0,1138.0,1116.4,1131.1,672160.0,1114.3899999999999,1119.5925,57.80176643768398,0.01189104311759644,BULLISH,RSI_NORMAL,LOW_VOLATILITY
2018-03-28,1130.85,1130.85,1115.0,1120.4,699840.0,1117.7599999999998,1120.095,47.48603351955313,0.01208818319223003,BULLISH,RSI_NORMAL,LOW_VOLATILITY
2018-04-02,1120.4,1153.95,1111.5,1150.15,428940.0,1126.3700000000001,1121.715,56.138815981335725,0.013370280868812989,BULLISH,RSI_NORMAL,LOW_VOLATILITY
2018-04-03,1145.05,1156.7,1138.95,1152.1,561120.0,1134.26,1123.375,56.02339181286549,0.013369836220791005,BULLISH,RSI_NORMAL,LOW_VOLATILITY
2018-04-04,1156.9,1157.7,1126.0,1136.0,607620.0,1137.95,1124.8775,48.79416713404376,0.013503946836540206,BULLISH,RSI_NORMAL,LOW_VOLATILITY
2018-04-05,1151.8,1156.8,1137.55,1142.9,549140.0,1140.31,1126.9424999999999,51.621770203408495,0.013480209249225926,BULLISH,RSI_NORMAL,LOW_VOLATILITY
2018-04-06,1142.9,1152.8,1135.0,1143.5,395630.0,1144.93,1128.7549999999999,44.54946439823566,0.013461979792068294,BULLISH,RSI_NORMAL,LOW_VOLATILITY
2018-04-09,1145.0,1171.5,1139.95,1157.45,837110.0,1146.3899999999999,1130.2475,62.89004457652308,0.01312570100320657,BULLISH,RSI_NORMAL,LOW_VOLATILITY
2018-04-10,1159.0,1167.7,1152.9,1156.75,546270.0,1147.3200000000002,1131.6299999999999,73.54474370112953,0.013133289596485865,BULLISH,RSI_HIGH,LOW_VOLATILITY
2018-04-11,1157.0,1158.6,1141.2,1155.85,419140.0,1151.2900000000002,1132.8474999999999,72.02141900937083,0.013139645016867624,BULLISH,RSI_HIGH,LOW_VOLATILITY
2018-04-12,1149.5,1169.9,1144.9,1165.2,360740.0,1155.75,1134.0925,76.02363866610392,0.01314811292950921,BULLISH,RSI_HIGH,LOW_VOLATILITY
2018-04-13,1170.0,1176.85,1157.85,1162.2,639580.0,1159.49,1135.3525,73.36726039016123,0.013143120150696663,BULLISH,RSI_HIGH,LOW_VOLATILITY
2018-04-16,1160.0,1188.5,1155.0,1178.85,550650.0,1163.77,1136.2549999999999,75.65891472868219,0.012695975724143018,BULLISH,RSI_HIGH,LOW_VOLATILITY
2018-04-17,1180.0,1187.4,1169.0,1176.0,432540.0,1167.6200000000001,1138.9175,73.02087435998433,0.00999029161779297,BULLISH,RSI_HIGH,LOW_VOLATILITY
2018-04-18,1179.0,1185.0,1168.0,1172.3,465760.0,1170.9099999999999,1142.4050000000002,67.59180187873619,0.00888885916231327,BULLISH,RSI_NORMAL,LOW_VOLATILITY
2018-04-19,1172.0,1187.0,1162.6,1165.0,620950.0,1170.87,1145.3300000000002,69.61301671064203,0.009128765502172006,BULLISH,RSI_NORMAL,LOW_VOLATILITY
2018-04-20,1165.0,1165.95,1142.25,1159.35,727520.0,1170.3,1148.1200000000001,55.13392857142848,0.009208015786252145,BULLISH,RSI_NORMAL,LOW_VOLATILITY
2018-04-23,1160.9,1181.4,1145.4,1178.7,554350.0,1170.27,1151.7,62.429906542056116,0.009740004441788477,BULLISH,RSI_NORMAL,LOW_VOLATILITY
2018-04-24,1177.5,1182.45,1161.9,1170.1,484110.0,1169.0900000000001,1154.5724999999998,67.13567839195967,0.010003621289901996,BULLISH,RSI_NORMAL,LOW_VOLATILITY
2018-04-25,1167.0,1168.8,1156.05,1163.05,280570.0,1167.24,1156.8474999999999,60.110386352232716,0.010173240798820126,BULLISH,RSI_NORMAL,LOW_VOLATILITY
2018-04-26,1164.0,1177.05,1149.55,1155.7,1640000.0,1165.3799999999999,1158.0774999999999,55.73308270676692,0.010046735379043268,BEARISH,RSI_NORMAL,LOW_VOLATILITY
2018-04-27,1165.25,1199.1,1164.25,1181.6,803230.0,1169.83,1161.1375,60.2027883396704,0.010780395197171168,BULLISH,RSI_NORMAL,LOW_VOLATILITY
2018-04-30,1189.7,1207.0,1182.4,1201.7,505970.0,1174.4299999999998,1163.715,66.31578947368419,0.0098401329751094,BULLISH,RSI_NORMAL,LOW_VOLATILITY
2018-05-02,1200.25,1230.6,1197.4,1222.3,2010000.0,1184.87,1167.225,71.10193712289617,0.010386170948756317,BULLISH,RSI_HIGH,LOW_VOLATILITY
2018-05-03,1220.3,1230.0,1201.0,1206.75,641520.0,1193.6100000000001,1170.7625,62.694775435380386,0.010281597614563239,BULLISH,RSI_NORMAL,LOW_VOLATILITY
2018-05-04,1212.0,1212.0,1178.1,1190.45,743910.0,1200.56,1173.1399999999999,57.98248092681549,0.010895042630449315,BULLISH,RSI_NORMAL,LOW_VOLATILITY
2018-05-07,1192.0,1220.8,1180.0,1215.25,728800.0,1207.29,1176.7275,59.83252296056189,0.011660306936222406,BULLISH,RSI_NORMAL,LOW_VOLATILITY
2018-05-08,1219.0,1224.0,1205.0,1209.9,627060.0,1208.93,1179.35,59.0351812366738,0.01156989219760536,BULLISH,RSI_NORMAL,LOW_VOLATILITY
2018-05-09,1197.6,1229.1,1197.6,1222.55,729540.0,1208.98,1182.6399999999999,62.78300686848132,0.011688387927118283,BULLISH,RSI_NORMAL,LOW_VOLATILITY
2018-05-10,1232.0,1238.0,1207.5,1217.7,1900000.0,1211.17,1185.7324999999998,63.575476558475046,0.011761787850331556,BULLISH,RSI_NORMAL,LOW_VOLATILITY
2018-05-11,1237.0,1291.9,1229.85,1286.45,4720000.0,1230.3700000000001,1191.795,74.70839813374812,0.016819244793496658,BULLISH,RSI_HIGH,HIGH_VOLATILITY
2018-05-14,1285.0,1305.0,1268.6,1297.35,1550000.0,1246.7900000000002,1198.5525,73.84924623115582,0.016735351412537368,BULLISH,RSI_HIGH,HIGH_VOLATILITY
2018-05-15,1291.0,1323.45,1288.8,1314.65,1370000.0,1267.74,1205.3425,78.0734123130706,0.016709735843290028,BULLISH,RSI_HIGH,HIGH_VOLATILITY
2018-05-16,1305.15,1332.0,1300.85,1323.7,736280.0,1287.9699999999998,1212.7275,80.95972248988254,0.01660405348800859,BULLISH,RSI_HIGH,HIGH_VOLATILITY
2018-05-17,1313.15,1330.0,1303.55,1309.45,751420.0,1306.3200000000002,1219.5849999999998,78.86239909893004,0.01691099372064408,BULLISH,RSI_HIGH,HIGH_VOLATILITY
2018-05-18,1305.0,1316.4,1287.6,1308.35,939740.0,1310.7,1226.7525,76.23680397433247,0.016753519857600777,BULLISH,RSI_HIGH,HIGH_VOLATILITY
2018-05-21,1305.0,1314.7,1290.85,1301.7,692440.0,1311.57,1233.8700000000001,71.92021043402022,0.0167615024192519,BULLISH,RSI_HIGH,HIGH_VOLATILITY
2018-05-22,1298.0,1302.0,1279.0,1286.85,708570.0,1306.01,1239.2775,64.51540364290534,0.016988888795619512,BULLISH,RSI_NORMAL,HIGH_VOLATILITY
2018-05-23,1281.0,1292.15,1269.6,1278.6,509520.0,1296.99,1244.7024999999999,66.70541734480352,0.016957573402052672,BULLISH,RSI_NORMAL,HIGH_VOLATILITY
2018-05-24,1277.1,1302.9,1263.0,1293.6,774170.0,1293.8200000000002,1251.23,74.12865497076024,0.016837651717575588,BULLISH,RSI_HIGH,HIGH_VOLATILITY
2018-05-25,1300.0,1310.0,1280.0,1292.35,773650.0,1290.62,1258.0625,70.26813880126183,0.01668228085250853,BULLISH,RSI_HIGH,HIGH_VOLATILITY
2018-05-28,1294.5,1331.9,1291.55,1321.85,657270.0,1294.65,1265.075,76.11383251691156,0.01670441264412423,BULLISH,RSI_HIGH,HIGH_VOLATILITY
2018-05-29,1326.0,1330.0,1289.0,1299.5,769330.0,1297.1799999999998,1269.9650000000001,67.17250613702299,0.017215405259538876,BULLISH,RSI_NORMAL,HIGH_VOLATILITY
2018-05-30,1290.0,1300.95,1283.35,1293.85,478030.0,1300.23,1273.5425,66.93351122970866,0.01702536193268492,BULLISH,RSI_NORMAL,HIGH_VOLATILITY
2018-05-31,1300.2,1311.7,1287.0,1304.65,1400000.0,1302.44,1278.4375,55.45236668663871,0.0166501347714629,BULLISH,RSI_NORMAL,HIGH_VOLATILITY
2018-06-01,1307.0,1310.0,1290.8,1293.05,368820.0,1302.58,1283.5675,48.71718377088307,0.016424603417231436,BULLISH,RSI_NORMAL,HIGH_VOLATILITY
2018-06-04,1295.0,1297.5,1265.0,1284.45,939790.0,1295.1,1287.0275000000001,40.49716803020769,0.016112502704920054,BEARISH,RSI_NORMAL,HIGH_VOLATILITY
2018-06-05,1276.25,1293.3,1270.55,1273.6,524240.0,1289.9199999999998,1290.2125,34.411947728687,0.016233826974871475,BEARISH,RSI_NORMAL,HIGH_VOLATILITY
2018-06-06,1270.9,1270.9,1245.05,1262.8,1210000.0,1283.71,1292.225,35.166931637519895,0.016309170218464914,BEARISH,RSI_NORMAL,HIGH_VOLATILITY
2018-06-07,1270.15,1297.0,1256.0,1290.8,701250.0,1280.94,1295.8799999999999,45.234862883518886,0.01686529448107953,BEARISH,RSI_NORMAL,HIGH_VOLATILITY
2018-06-08,1275.0,1288.55,1272.0,1278.85,442330.0,1278.1,1295.5,43.969385062021615,0.011442215113018262,BEARISH,RSI_NORMAL,LOW_VOLATILITY
2018-06-11,1279.0,1295.9,1275.2,1283.3,373100.0,1277.87,1294.7975000000001,49.00865679977662,0.011295766434697482,BEARISH,RSI_NORMAL,LOW_VOLATILITY
2018-06-12,1278.55,1292.0,1275.2,1287.7,401090.0,1280.69,1293.45,52.59703196347035,0.010866979594751129,BEARISH,RSI_NORMAL,LOW_VOLATILITY
2018-06-13,1290.0,1292.75,1281.95,1286.4,566240.0,1285.41,1291.5849999999998,47.7708978328174,0.010708551333518041,BEARISH,RSI_NORMAL,LOW_VOLATILITY
2018-06-14,1280.45,1289.65,1270.0,1286.1,507820.0,1284.4699999999998,1290.4175,48.05356586733106,0.01047891830907348,BEARISH,RSI_NORMAL,LOW_VOLATILITY
2018-06-15,1284.9,1286.65,1268.1,1282.2,1050000.0,1285.14,1289.11,35.309373842163865,0.010490298604682018,BEARISH,RSI_NORMAL,LOW_VOLATILITY
2018-06-18,1289.4,1289.65,1271.0,1282.05,512050.0,1284.8899999999999,1288.1275,42.26164079822619,0.01044618236023844,BEARISH,RSI_NORMAL,LOW_VOLATILITY
2018-06-19,1273.0,1287.65,1265.0,1269.2,572490.0,1281.19,1287.2450000000001,39.72488536890381,0.01037586729482273,BEARISH,RSI_NORMAL,LOW_VOLATILITY
2018-06-20,1275.0,1275.0,1260.0,1271.3,484910.0,1278.1699999999998,1286.88,35.01123595505615,0.010296174034396465,BEARISH,RSI_NORMAL,LOW_VOLATILITY
2018-06-21,1272.0,1279.9,1246.0,1253.0,1180000.0,1271.55,1284.85,33.02246714709625,0.010355068027035801,BEARISH,RSI_NORMAL,LOW_VOLATILITY
2018-06-22,1261.5,1273.55,1240.2,1267.7,646450.0,1268.65,1283.6174999999998,43.248690044336975,0.01077310186243502,BEARISH,RSI_NORMAL,LOW_VOLATILITY
2018-06-25,1268.0,1272.1,1249.3,1253.45,936250.0,1262.93,1280.1974999999998,42.09493919183999,0.00943277841824938,BEARISH,RSI_NORMAL,LOW_VOLATILITY
2018-06-26,1255.0,1279.85,1253.0,1274.6,1260000.0,1264.01,1278.9524999999999,54.28156748911464,0.00975688905795508,BEARISH,RSI_NORMAL,LOW_VOLATILITY
2018-06-27,1279.15,1285.0,1263.0,1267.15,857950.0,1263.18,1277.6174999999998,39.91471215351816,0.009790243482364484,BEARISH,RSI_NORMAL,LOW_VOLATILITY
2018-06-28,1267.15,1273.45,1250.0,1268.4,729640.0,1266.26,1275.8049999999998,45.09619896762091,0.009556050572577872,BEARISH,RSI_NORMAL,LOW_VOLATILITY
2018-06-29,1268.25,1271.1,1252.15,1264.45,622680.0,1265.6100000000001,1274.375,41.11268269684113,0.009402651344189153,BEARISH,RSI_NORMAL,LOW_VOLATILITY
2018-07-02,1266.5,1297.95,1261.0,1293.05,1440000.0,1273.53,1274.8049999999998,52.05374280230324,0.010680275192901373,BULLISH,RSI_NORMAL,LOW_VOLATILITY
2018-07-03,1298.6,1308.6,1288.1,1291.85,1400000.0,1276.98,1275.7175,52.09373799462153,0.010483440988244743,BULLISH,RSI_NORMAL,LOW_VOLATILITY
2018-07-04,1296.0,1299.95,1282.75,1289.8,619320.0,1281.5099999999998,1277.0674999999999,51.40257771038668,0.010274792650402688,BULLISH,RSI_NORMAL,LOW_VOLATILITY
2018-07-05,1294.8,1330.0,1278.3,1321.4,1730000.0,1292.1100000000001,1278.5975,62.280701754386,0.010535739444626067,BULLISH,RSI_NORMAL,LOW_VOLATILITY
2018-07-06,1325.0,1335.4,1309.05,1323.15,1660000.0,1303.85,1280.8125,62.74813895781645,0.010243265971904518,BULLISH,RSI_NORMAL,LOW_VOLATILITY
2018-07-09,1330.0,1367.9,1325.25,1363.1,1390000.0,1317.8600000000001,1284.8025,74.93361656930433,0.012060612278194181,BULLISH,RSI_HIGH,LOW_VOLATILITY
2018-07-10,1362.8,1375.5,1355.0,1370.45,796990.0,1333.58,1288.94,75.6135365538621,0.012071506331842015,BULLISH,RSI_HIGH,LOW_VOLATILITY
2018-07-11,1360.0,1384.75,1357.35,1359.8,784240.0,1347.5800000000002,1292.6100000000001,78.72512103281335,0.012287980835184207,BULLISH,RSI_HIGH,LOW_VOLATILITY
2018-07-12,1370.0,1379.0,1346.0,1357.9,953050.0,1354.8799999999999,1296.2,76.05430387059509,0.012306093723123964,BULLISH,RSI_HIGH,LOW_VOLATILITY
2018-07-13,1359.5,1374.4,1358.7,1367.8,655590.0,1363.81,1300.48,83.88148148148154,0.012265401325679165,BULLISH,RSI_HIGH,LOW_VOLATILITY
2018-07-16,1370.0,1394.9,1351.1,1359.55,1230000.0,1363.1,1304.355,77.25376965030486,0.012422606311128487,BULLISH,RSI_HIGH,LOW_VOLATILITY
2018-07-17,1365.4,1383.5,1353.1,1376.25,1170000.0,1364.26,1309.7075,83.0405814657783,0.012189919385709647,BULLISH,RSI_HIGH,LOW_VOLATILITY
2018-07-18,1386.0,1399.95,1377.55,1393.0,1090000.0,1370.9,1315.7925,84.49612403100774,0.012303934704349564,BULLISH,RSI_HIGH,LOW_VOLATILITY
2018-07-19,1395.0,1408.5,1393.95,1403.0,848180.0,1379.92,1323.2925,87.11492097508707,0.011463106301124598,BULLISH,RSI_HIGH,LOW_VOLATILITY
2018-07-20,1403.0,1404.75,1381.5,1396.45,575190.0,1385.65,1329.73,81.40947752126371,0.011597094697451897,BULLISH,RSI_HIGH,LOW_VOLATILITY
2018-07-23,1425.1,1464.4,1396.6,1433.2,1980000.0,1400.3799999999999,1338.7175000000002,85.31101673744698,0.01188126398457224,BULLISH,RSI_HIGH,LOW_VOLATILITY
2018-07-24,1443.0,1476.2,1425.5,1467.75,2170000.0,1418.6799999999998,1348.375,88.24414356329254,0.0123068609717314,BULLISH,RSI_HIGH,LOW_VOLATILITY
2018-07-25,1453.0,1490.6,1421.35,1450.15,4310000.0,1430.1100000000001,1357.525,79.44203064257951,0.01271831416139364,BULLISH,RSI_HIGH,LOW_VOLATILITY
2018-07-26,1448.1,1457.85,1422.25,1433.85,1730000.0,1436.28,1365.7975000000001,73.73499142367065,0.013295428147076899,BULLISH,RSI_HIGH,LOW_VOLATILITY
2018-07-27,1437.0,1454.0,1425.35,1434.85,630980.0,1443.96,1374.3174999999999,68.46846846846847,0.013181230318868005,BULLISH,RSI_NORMAL,LOW_VOLATILITY
2018-07-30,1434.25,1451.85,1427.0,1430.2,750390.0,1443.3600000000001,1381.175,65.59645001305145,0.012770863610746612,BULLISH,RSI_NORMAL,LOW_VOLATILITY
2018-07-31,1430.0,1456.6,1426.0,1451.4,1220000.0,1440.09,1389.1525000000001,72.66204849084619,0.01286295761151052,BULLISH,RSI_HIGH,LOW_VOLATILITY
2018-08-01,1458.0,1459.95,1430.8,1437.2,1120000.0,1437.5,1396.5224999999998,68.49347014925374,0.013239711088108666,BULLISH,RSI_NORMAL,LOW_VOLATILITY
2018-08-02,1437.2,1443.9,1414.85,1418.4,836560.0,1434.4099999999999,1401.3725,61.33004926108377,0.013068088315174945,BULLISH,RSI_NORMAL,LOW_VOLATILITY
2018-08-03,1424.0,1426.25,1407.0,1411.85,1000000.0,1429.81,1405.8075,61.80054151624547,0.013190213850106528,BULLISH,RSI_NORMAL,LOW_VOLATILITY
2018-08-06,1420.0,1420.9,1394.7,1397.4,796000.0,1423.25,1407.5225,54.8210622293139,0.011890797869935502,BEARISH,RSI_NORMAL,LOW_VOLATILITY
2018-08-07,1399.0,1438.0,1399.0,1424.25,1920000.0,1417.8200000000002,1410.2125,56.80976247548486,0.012525287801456654,BULLISH,RSI_NORMAL,LOW_VOLATILITY
2018-08-08,1430.95,1447.65,1417.0,1425.75,1060000.0,1415.53,1413.51,55.148223579995474,0.012316612406242692,BULLISH,RSI_NORMAL,LOW_VOLATILITY
2018-08-09,1431.9,1433.95,1414.1,1417.35,903730.0,1415.3200000000002,1416.4824999999998,54.690305206463165,0.012430825902506219,BULLISH,RSI_NORMAL,LOW_VOLATILITY
2018-08-10,1420.0,1439.9,1409.25,1418.6,997050.0,1416.67,1419.0225,46.10250934329948,0.012375652877024435,BEARISH,RSI_NORMAL,LOW_VOLATILITY
2018-08-13,1414.0,1421.6,1397.0,1399.25,875200.0,1417.0400000000002,1421.0075000000002,30.098779779198125,0.012743689388652593,BEARISH,RSI_NORMAL,LOW_VOLATILITY
2018-08-14,1407.9,1416.7,1391.55,1395.1,729380.0,1411.21,1421.95,32.650488496690784,0.01251983199616451,BEARISH,RSI_NORMAL,LOW_VOLATILITY
2018-08-16,1401.0,1410.0,1387.0,1394.8,1050000.0,1405.02,1422.04,36.31265334735367,0.012228338701211662,BEARISH,RSI_NORMAL,LOW_VOLATILITY
2018-08-17,1403.0,1405.15,1390.0,1400.65,537230.0,1401.6799999999998,1421.9225000000001,38.40677966101701,0.012155852838230558,BEARISH,RSI_NORMAL,LOW_VOLATILITY
2018-08-20,1406.0,1431.0,1398.0,1409.1,1260000.0,1399.78,1422.5549999999998,43.02709847984133,0.012175704455745284,BEARISH,RSI_NORMAL,LOW_VOLATILITY
2018-08-21,1416.45,1425.95,1395.4,1403.3,1520000.0,1400.5899999999997,1421.06,32.3031640912435,0.010579219829961461,BEARISH,RSI_NORMAL,LOW_VOLATILITY
2018-08-23,1410.0,1412.0,1390.7,1394.75,859960.0,1400.52,1417.4099999999999,33.70441458733201,0.008815099487627338,BEARISH,RSI_NORMAL,LOW_VOLATILITY
2018-08-24,1395.0,1411.0,1385.05,1393.5,919360.0,1400.2599999999998,1414.5775,38.9529724933451,0.008531633483848692,BEARISH,RSI_NORMAL,LOW_VOLATILITY
2018-08-27,1397.5,1407.0,1396.5,1399.8,785770.0,1400.09,1412.875,44.64206313917296,0.00835501524619482,BEARISH,RSI_NORMAL,LOW_VOLATILITY
2018-08-28,1402.0,1419.65,1401.0,1407.5,1290000.0,1399.77,1411.5075000000002,54.77767265846733,0.008479565651821532,BEARISH,RSI_NORMAL,LOW_VOLATILITY
2018-08-29,1413.75,1413.75,1391.0,1394.0,743530.0,1397.9099999999999,1409.6975,33.62208987547372,0.008687109049317096,BEARISH,RSI_NORMAL,LOW_VOLATILITY
2018-08-30,1394.1,1398.7,1373.55,1378.7,1060000.0,1394.7,1406.0625,27.83796514366462,0.008068978304457127,BEARISH,RSI_LOW,LOW_VOLATILITY
2018-08-31,1383.0,1392.0,1364.2,1372.45,1010000.0,1390.49,1402.825,28.41346153846156,0.007904474414716513,BEARISH,RSI_LOW,LOW_VOLATILITY
2018-09-03,1384.0,1387.5,1355.0,1361.6,817730.0,1382.85,1399.9850000000001,24.91197183098589,0.007611294421755987,BEARISH,RSI_LOW,LOW_VOLATILITY
2018-09-04,1360.0,1364.6,1302.5,1311.3,1790000.0,1363.6100000000001,1394.9575,19.578000691802117,0.010910259256114305,BEARISH,RSI_LOW,LOW_VOLATILITY
2018-09-05,1314.5,1330.0,1302.45,1321.3,1220000.0,1349.0700000000002,1391.1525,25.465425531914875,0.011070989792837044,BEARISH,RSI_LOW,LOW_VOLATILITY
2018-09-06,1327.95,1331.95,1308.0,1314.5,726460.0,1336.23,1385.665,24.410452517527077,0.009795385005528652,BEARISH,RSI_LOW,LOW_VOLATILITY
2018-09-07,1322.8,1322.8,1310.0,1316.0,912910.0,1324.94,1380.1775,22.25499836119296,0.009797770713643641,BEARISH,RSI_LOW,LOW_VOLATILITY
2018-09-10,1314.6,1318.0,1280.5,1293.1,1120000.0,1311.24,1373.965,15.269461077844312,0.010245551957773049,BEARISH,RSI_LOW,LOW_VOLATILITY
2018-09-11,1295.0,1313.3,1286.7,1297.85,1680000.0,1308.55,1367.9275,18.228382042783963,0.010341664201014433,BEARISH,RSI_LOW,LOW_VOLATILITY
2018-09-12,1303.5,1303.5,1280.0,1291.0,1110000.0,1302.49,1362.5149999999999,18.41704718417047,0.010114396975047566,BEARISH,RSI_LOW,LOW_VOLATILITY
2018-09-14,1298.8,1336.55,1297.55,1333.9,1500000.0,1306.37,1359.455,35.52695483244297,0.013100702329201665,BEARISH,RSI_NORMAL,LOW_VOLATILITY
2018-09-17,1329.95,1329.95,1302.0,1308.65,965320.0,1304.9,1355.1475,29.730931732266,0.013612896973697762,BEARISH,RSI_LOW,HIGH_VOLATILITY
2018-09-18,1306.0,1331.75,1285.0,1292.1,1090000.0,1304.7,1349.7199999999998,25.310226786478395,0.013659099103285327,BEARISH,RSI_LOW,HIGH_VOLATILITY
2018-09-19,1304.2,1319.2,1287.0,1291.35,929670.0,1303.4,1343.8325,26.77076261597648,0.013483979319463062,BEARISH,RSI_LOW,LOW_VOLATILITY
2018-09-21,1292.1,1324.85,1211.9,1304.75,1870000.0,1306.15,1338.905,33.1202921707373,0.013876246860685826,BEARISH,RSI_NORMAL,HIGH_VOLATILITY
2018-09-24,1300.0,1316.65,1256.0,1271.95,1690000.0,1293.76,1332.7649999999999,29.539902280130335,0.014690165131027303,BEARISH,RSI_LOW,HIGH_VOLATILITY
2018-09-25,1271.8,1304.85,1257.15,1289.9,1260000.0,1290.0099999999998,1327.585,35.813217253660525,0.015256104404305073,BEARISH,RSI_NORMAL,HIGH_VOLATILITY
2018-09-26,1300.0,1303.5,1274.0,1282.0,1340000.0,1287.9900000000002,1321.695,43.03376129339042,0.015137802224330713,BEARISH,RSI_NORMAL,HIGH_VOLATILITY
2018-09-27,1294.8,1314.0,1276.45,1287.5,1900000.0,1287.22,1315.695,41.78814382896019,0.015099018722900972,BEARISH,RSI_NORMAL,HIGH_VOLATILITY
2018-09-28,1293.0,1315.0,1286.0,1293.3,1550000.0,1284.9299999999998,1310.6599999999999,44.82421875,0.015169681867809722,BEARISH,RSI_NORMAL,HIGH_VOLATILITY
2018-10-01,1299.0,1307.9,1269.0,1279.8,1140000.0,1286.5,1305.7150000000001,41.65129151291513,0.015156465245201818,BEARISH,RSI_NORMAL,HIGH_VOLATILITY
2018-10-03,1264.9,1269.0,1246.15,1251.75,1240000.0,1278.8700000000001,1299.68,40.68483892768645,0.015701169308875544,BEARISH,RSI_NORMAL,HIGH_VOLATILITY
2018-10-04,1228.0,1239.2,1214.0,1224.7,1560000.0,1267.41,1292.8349999999998,35.02558853633576,0.016151349673656494,BEARISH,RSI_NORMAL,HIGH_VOLATILITY
2018-10-05,1221.45,1240.0,1191.85,1209.5,1340000.0,1251.81,1287.745,33.86777513855901,0.014452935833630118,BEARISH,RSI_NORMAL,HIGH_VOLATILITY
2018-10-08,1210.0,1254.0,1201.1,1247.8,1050000.0,1242.71,1284.0700000000002,32.64112903225805,0.016341196058734644,BEARISH,RSI_NORMAL,HIGH_VOLATILITY
2018-10-09,1254.0,1255.9,1191.0,1201.4,1090000.0,1227.03,1278.415,30.076165706854923,0.018069432111302217,BEARISH,RSI_NORMAL,HIGH_VOLATILITY
2018-10-10,1205.9,1240.85,1180.9,1225.95,803580.0,1221.8700000000001,1273.9125,38.0660292260509,0.018874164517270406,BEARISH,RSI_NORMAL,HIGH_VOLATILITY
2018-10-11,1201.0,1221.5,1190.45,1219.05,781350.0,1220.7400000000002,1270.21,37.239675255912466,0.018595006845589096,BEARISH,RSI_NORMAL,HIGH_VOLATILITY
2018-10-12,1233.9,1265.95,1233.9,1261.2,1000000.0,1231.0800000000002,1268.3775,43.021951610318865,0.020359657275444178,BEARISH,RSI_NORMAL,HIGH_VOLATILITY
2018-10-15,1255.0,1257.2,1241.5,1250.3,728510.0,1231.58,1266.3425,46.26917111838703,0.0204086648010664,BEARISH,RSI_NORMAL,HIGH_VOLATILITY
2018-10-16,1257.0,1282.9,1252.55,1267.6,908620.0,1244.8200000000002,1263.0275000000001,46.14853195164073,0.019094981067693008,BULLISH,RSI_NORMAL,HIGH_VOLATILITY
2018-10-17,1282.2,1282.25,1255.0,1259.0,698040.0,1251.4299999999998,1260.545,46.03721571330117,0.01873037586475497,BEARISH,RSI_NORMAL,HIGH_VOLATILITY
2018-10-19,1264.0,1287.0,1220.45,1235.4,1450000.0,1254.7,1257.71,41.550437885176784,0.018965007089381473,BEARISH,RSI_NORMAL,HIGH_VOLATILITY
2018-10-22,1245.0,1247.15,1191.0,1200.4,1950000.0,1242.54,1253.1625,36.23703703703704,0.01984498412438704,BEARISH,RSI_NORMAL,HIGH_VOLATILITY
2018-10-23,1135.2,1190.0,1118.0,1138.45,8270000.0,1220.1699999999998,1244.8475,31.68804249255085,0.022263428582056873,BEARISH,RSI_NORMAL,HIGH_VOLATILITY
2018-10-24,1160.0,1199.0,1150.15,1186.9,2370000.0,1204.0300000000002,1240.5949999999998,42.020425741355986,0.02433906707590153,BEARISH,RSI_NORMAL,HIGH_VOLATILITY
2018-10-25,1180.5,1208.95,1175.0,1200.05,2000000.0,1192.2400000000002,1236.1025000000002,46.85947254427314,0.024234932537640776,BEARISH,RSI_NORMAL,HIGH_VOLATILITY
2018-10-26,1200.0,1202.0,1168.35,1190.3,1440000.0,1183.22,1231.5175000000002,47.51937984496123,0.024251218684488988,BEARISH,RSI_NORMAL,HIGH_VOLATILITY
2018-10-29,1194.8,1213.7,1186.5,1196.05,1190000.0,1182.35,1226.9450000000002,42.69995768091409,0.024260567793969328,BEARISH,RSI_NORMAL,HIGH_VOLATILITY
2018-10-30,1194.8,1208.0,1175.55,1196.3,1080000.0,1193.92,1222.095,49.172883554978895,0.024205881408455154,BEARISH,RSI_NORMAL,HIGH_VOLATILITY
2018-10-31,1205.6,1234.95,1183.85,1230.4,1560000.0,1202.62,1219.625,50.70001573069058,0.025174756218923348,BULLISH,RSI_NORMAL,HIGH_VOLATILITY
2018-11-01,1233.0,1244.8,1213.8,1217.8,1200000.0,1206.1699999999998,1217.9275,49.80683047442435,0.024813143882437553,BEARISH,RSI_NORMAL,HIGH_VOLATILITY
2018-11-02,1242.0,1291.55,1241.25,1247.0,2240000.0,1217.51,1219.0425,47.714101738570506,0.02492169683456319,BULLISH,RSI_NORMAL,HIGH_VOLATILITY
2018-11-05,1252.0,1260.65,1232.5,1244.05,756890.0,1227.1100000000001,1220.77,48.96745415496448,0.024733485502425937,BULLISH,RSI_NORMAL,HIGH_VOLATILITY
2018-11-06,1242.2,1255.0,1235.0,1238.5,815050.0,1235.55,1220.3049999999998,44.9982811962874,0.023728690394108302,BULLISH,RSI_NORMAL,HIGH_VOLATILITY
2018-11-07,1250.0,1254.0,1239.2,1250.95,100130.0,1239.66,1222.7825,48.63443596268024,0.022141478832785787,BULLISH,RSI_NORMAL,HIGH_VOLATILITY
2018-11-09,1259.8,1308.9,1256.85,1295.6,2030000.0,1255.22,1226.2649999999999,59.5313489550348,0.02304523117945397,BULLISH,RSI_NORMAL,HIGH_VOLATILITY
2018-11-12,1295.0,1314.9,1275.15,1278.8,1100000.0,1261.58,1229.2525,63.17204301075266,0.0232477028024288,BULLISH,RSI_NORMAL,HIGH_VOLATILITY
2018-11-13,1277.45,1295.6,1277.45,1284.9,1630000.0,1269.75,1230.4375,80.28955532574972,0.022016259472292563,BULLISH,RSI_HIGH,HIGH_VOLATILITY
2018-11-14,1312.0,1337.95,1302.0,1320.55,1630000.0,1286.1599999999999,1233.95,79.18759554487876,0.022657558363155497,BULLISH,RSI_HIGH,HIGH_VOLATILITY
2018-11-15,1320.0,1331.85,1313.4,1318.3,1070000.0,1299.6299999999999,1236.485,77.11534051822974,0.022531819597030645,BULLISH,RSI_HIGH,HIGH_VOLATILITY
2018-11-16,1320.0,1329.8,1313.2,1321.3,1110000.0,1304.77,1239.6,80.99858021769992,0.022432442704632734,BULLISH,RSI_HIGH,HIGH_VOLATILITY
2018-11-19,1329.0,1329.85,1305.0,1312.15,784650.0,1311.44,1243.4375,77.0377270610154,0.02199024499457767,BULLISH,RSI_HIGH,HIGH_VOLATILITY
2018-11-20,1317.0,1331.05,1304.7,1306.85,867730.0,1315.83,1248.76,75.1535836177474,0.02079245332922024,BULLISH,RSI_HIGH,HIGH_VOLATILITY
2018-11-21,1329.0,1342.5,1313.75,1324.2,1370000.0,1316.56,1258.0475,73.10344827586204,0.016120326310032265,BULLISH,RSI_HIGH,HIGH_VOLATILITY
2018-11-22,1330.0,1330.7,1308.75,1314.4,691590.0,1315.7800000000002,1264.4225000000001,74.12587412587416,0.014191034134683044,BULLISH,RSI_HIGH,HIGH_VOLATILITY
2018-11-26,1329.95,1357.55,1323.6,1349.5,2150000.0,1321.42,1271.895,74.86656962639496,0.014941448055216645,BULLISH,RSI_HIGH,HIGH_VOLATILITY
2018-11-27,1346.8,1346.8,1326.05,1339.6,1130000.0,1326.91,1279.36,72.4243135414222,0.014903229104590073,BULLISH,RSI_HIGH,HIGH_VOLATILITY
2018-11-28,1352.9,1354.55,1319.15,1324.25,1210000.0,1330.3899999999999,1285.77,69.23939869867625,0.015408755414286572,BULLISH,RSI_NORMAL,HIGH_VOLATILITY
2018-11-29,1336.0,1355.0,1330.7,1350.3,3560000.0,1335.6100000000001,1293.47,71.00866990907168,0.015687971692715727,BULLISH,RSI_HIGH,HIGH_VOLATILITY
2018-11-30,1352.8,1361.75,1342.15,1345.95,1030000.0,1341.9199999999998,1299.2475,62.83456538363502,0.014896767749500597,BULLISH,RSI_NORMAL,HIGH_VOLATILITY
2018-12-03,1345.0,1359.0,1335.05,1338.7,710750.0,1339.7599999999998,1305.2925,66.05037513397644,0.014680182756857462,BULLISH,RSI_NORMAL,HIGH_VOLATILITY
2018-12-04,1336.55,1354.7,1326.45,1329.45,830260.0,1337.73,1309.415,61.739130434782616,0.0141775623481525,BULLISH,RSI_NORMAL,HIGH_VOLATILITY
2018-12-05,1328.5,1343.0,1323.6,1329.5,864630.0,1338.7800000000002,1313.6875,52.90301654232893,0.014137135669451987,BULLISH,RSI_NORMAL,HIGH_VOLATILITY
2018-12-06,1324.0,1324.95,1286.6,1295.1,896350.0,1327.74,1316.5175,43.77348362855608,0.015509708941862009,BEARISH,RSI_NORMAL,HIGH_VOLATILITY
2018-12-07,1306.5,1324.0,1298.4,1318.65,1040000.0,1322.2800000000002,1319.9025,49.35943920715498,0.01582560616206088,BEARISH,RSI_NORMAL,HIGH_VOLATILITY
2018-12-10,1280.0,1306.25,1262.3,1274.2,1070000.0,1309.38,1318.8325,42.16394796613669,0.015832443492974708,BEARISH,RSI_NORMAL,HIGH_VOLATILITY
2018-12-11,1268.0,1336.45,1252.15,1323.6,1750000.0,1308.2099999999998,1321.0725,52.92576419213973,0.017826005371000153,BULLISH,RSI_NORMAL,HIGH_VOLATILITY
2018-12-12,1323.0,1337.2,1311.85,1330.9,986580.0,1308.49,1323.3725,51.212889210716874,0.017833155534196756,BULLISH,RSI_NORMAL,HIGH_VOLATILITY
2018-12-13,1338.45,1343.2,1316.0,1320.2,1180000.0,1313.51,1323.355,51.04655359076145,0.01687408935066827,BEARISH,RSI_NORMAL,HIGH_VOLATILITY
2018-12-14,1332.8,1351.0,1320.0,1340.95,1870000.0,1317.97,1324.4875,48.372978116079935,0.017220987683495354,BULLISH,RSI_NORMAL,HIGH_VOLATILITY
2018-12-17,1340.0,1344.95,1330.0,1335.85,665300.0,1330.3,1325.215,49.273114944756735,0.01725076936830915,BULLISH,RSI_NORMAL,HIGH_VOLATILITY
2018-12-18,1338.45,1361.0,1327.55,1355.7,1580000.0,1336.7199999999998,1327.3925000000002,55.99161745094304,0.017431534755919152,BULLISH,RSI_NORMAL,HIGH_VOLATILITY
2018-12-19,1370.0,1406.8,1370.0,1400.25,3330000.0,1350.59,1332.0625,58.8894821142552,0.018690793395720277,BULLISH,RSI_NORMAL,HIGH_VOLATILITY
2018-12-20,1389.9,1431.55,1389.05,1425.8,2580000.0,1371.71,1337.1425000000002,63.213635611451224,0.01885820380003754,BULLISH,RSI_NORMAL,HIGH_VOLATILITY
2018-12-21,1433.9,1433.9,1382.3,1388.2,2100000.0,1381.16,1340.8325,57.44360902255638,0.01990313735265852,BULLISH,RSI_NORMAL,HIGH_VOLATILITY
2018-12-24,1388.0,1388.95,1351.1,1357.05,1650000.0,1385.4,1341.21,53.89390519187357,0.01984610135678284,BULLISH,RSI_NORMAL,HIGH_VOLATILITY
2018-12-26,1367.95,1374.9,1347.4,1363.0,1790000.0,1386.8600000000001,1342.38,54.64890369136829,0.01977652588543971,BULLISH,RSI_NORMAL,HIGH_VOLATILITY
2018-12-27,1360.05,1384.75,1354.3,1372.5,2170000.0,1381.31,1344.7925,61.53846153846153,0.019591410593397307,BULLISH,RSI_NORMAL,HIGH_VOLATILITY
2018-12-28,1383.0,1383.0,1359.0,1366.0,1710000.0,1369.35,1345.5774999999999,57.43678341448089,0.019186942817638098,BULLISH,RSI_NORMAL,HIGH_VOLATILITY
2018-12-31,1375.0,1378.0,1367.3,1373.05,698590.0,1366.3200000000002,1346.9325000000001,67.59209823812063,0.01918711382128682,BULLISH,RSI_NORMAL,HIGH_VOLATILITY
2019-01-01,1373.2,1379.7,1358.6,1371.55,664710.0,1369.22,1348.575,60.28749195451619,0.019133813762333134,BULLISH,RSI_NORMAL,HIGH_VOLATILITY
2019-01-02,1367.0,1386.85,1361.6,1383.3,1230000.0,1373.28,1351.2675,61.031578947368374,0.019093545771786815,BULLISH,RSI_NORMAL,HIGH_VOLATILITY
2019-01-03,1381.8,1393.85,1378.0,1388.3,1640000.0,1376.44,1354.2075,64.68938740293353,0.01908936687474097,BULLISH,RSI_NORMAL,HIGH_VOLATILITY
2019-01-04,1388.0,1401.4,1381.4,1385.85,1200000.0,1380.4099999999999,1358.7450000000001,60.515222482435554,0.017940607664022133,BULLISH,RSI_NORMAL,HIGH_VOLATILITY
2019-01-07,1386.0,1405.4,1383.75,1396.0,1070000.0,1385.0,1362.6125,63.76115305422101,0.017635973448763966,BULLISH,RSI_NORMAL,HIGH_VOLATILITY
2019-01-08,1401.0,1412.7,1395.5,1401.25,1230000.0,1390.94,1368.965,61.16695268448148,0.015376403211417753,BULLISH,RSI_NORMAL,HIGH_VOLATILITY
2019-01-09,1402.5,1414.0,1397.15,1402.0,973690.0,1394.6799999999998,1372.885,50.54636278488916,0.013157285911070809,BULLISH,RSI_NORMAL,LOW_VOLATILITY
2019-01-10,1390.0,1400.0,1388.65,1396.35,1000000.0,1396.29,1376.1574999999998,39.50089126559715,0.01323275705767407,BULLISH,RSI_NORMAL,LOW_VOLATILITY
2019-01-11,1399.75,1406.2,1392.4,1403.65,473390.0,1399.85,1380.33,57.025920873124136,0.013007954965152583,BULLISH,RSI_NORMAL,LOW_VOLATILITY
2019-01-14,1404.0,1410.6,1385.45,1388.6,1360000.0,1398.3700000000001,1382.7125,66.80873734682993,0.013006995761391239,BULLISH,RSI_NORMAL,LOW_VOLATILITY
2019-01-15,1388.6,1414.45,1388.6,1405.95,1360000.0,1399.31,1386.2175,70.40380047505927,0.013145443824049705,BULLISH,RSI_HIGH,LOW_VOLATILITY
2019-01-16,1410.0,1412.95,1387.7,1389.75,1190000.0,1396.86,1387.9199999999998,57.704332291201375,0.013178625317104002,BULLISH,RSI_NORMAL,LOW_VOLATILITY
2019-01-17,1390.0,1398.5,1383.8,1389.6,853830.0,1395.51,1387.3875,61.1742424242423,0.010889195036527369,BULLISH,RSI_NORMAL,LOW_VOLATILITY
2019-01-18,1391.0,1404.75,1383.0,1400.45,1090000.0,1394.87,1386.12,62.52285191956116,0.010179197218022852,BULLISH,RSI_NORMAL,LOW_VOLATILITY
2019-01-21,1395.2,1424.8,1395.2,1422.1,2510000.0,1401.5700000000002,1387.815,69.5098417599381,0.008872256033572022,BULLISH,RSI_NORMAL,LOW_VOLATILITY
2019-01-22,1423.9,1432.05,1375.25,1406.95,5480000.0,1401.77,1390.31,58.894321173373434,0.007501985824796353,BULLISH,RSI_NORMAL,LOW_VOLATILITY
2019-01-23,1429.0,1429.45,1390.0,1396.55,2700000.0,1403.1299999999999,1391.9875,52.981568485724594,0.0077493337184510284,BULLISH,RSI_NORMAL,LOW_VOLATILITY
2019-01-24,1400.0,1413.5,1396.5,1401.85,1560000.0,1405.58,1393.455,55.66572237960338,0.007657868253958586,BULLISH,RSI_NORMAL,LOW_VOLATILITY
2019-01-25,1408.4,1413.7,1353.3,1372.15,1610000.0,1399.92,1393.7625,42.581648522550594,0.009069489000554145,BEARISH,RSI_NORMAL,LOW_VOLATILITY
2019-01-28,1375.0,1391.0,1366.85,1379.5,1590000.0,1391.4,1394.085,43.322075529628506,0.00907514866393606,BEARISH,RSI_NORMAL,LOW_VOLATILITY
2019-01-29,1377.0,1400.0,1373.2,1393.3,1060000.0,1388.6699999999998,1395.1725000000001,47.527003979533816,0.009323031260818892,BEARISH,RSI_NORMAL,LOW_VOLATILITY
2019-01-30,1394.0,1416.8,1372.1,1390.4,1310000.0,1387.44,1395.5275000000001,48.28183655789783,0.00916047489981277,BEARISH,RSI_NORMAL,LOW_VOLATILITY
2019-01-31,1400.0,1415.0,1391.05,1412.6,1260000.0,1389.59,1396.7424999999998,52.379686253655905,0.00979070251995999,BULLISH,RSI_NORMAL,LOW_VOLATILITY
2019-02-01,1412.4,1469.65,1408.2,1457.2,2080000.0,1406.6,1400.31,65.76286764705887,0.011917599186675315,BULLISH,RSI_NORMAL,LOW_VOLATILITY
2019-02-04,1444.0,1452.8,1434.0,1446.35,735160.0,1419.9699999999998,1402.8274999999999,59.56892468024632,0.012064893641558286,BULLISH,RSI_NORMAL,LOW_VOLATILITY
2019-02-05,1444.95,1466.9,1443.1,1450.35,786960.0,1431.3799999999999,1405.2825,65.23378582202112,0.012058614273997932,BULLISH,RSI_NORMAL,LOW_VOLATILITY
2019-02-06,1457.85,1476.2,1452.3,1469.4,1090000.0,1447.1799999999998,1408.6525,68.3195592286502,0.012315862800887908,BULLISH,RSI_NORMAL,LOW_VOLATILITY
2019-02-07,1467.05,1476.8,1457.0,1472.45,697410.0,1459.15,1412.4575,67.14285714285718,0.012222832031378741,BULLISH,RSI_NORMAL,LOW_VOLATILITY
2019-02-08,1468.0,1480.0,1445.0,1448.8,1020000.0,1457.4699999999998,1414.715,56.29716981132077,0.012901800185461257,BULLISH,RSI_NORMAL,LOW_VOLATILITY
2019-02-11,1447.9,1457.3,1427.0,1437.1,728050.0,1455.6200000000001,1417.14,57.22848237832651,0.012781100829830578,BULLISH,RSI_NORMAL,LOW_VOLATILITY
2019-02-12,1438.5,1456.9,1435.25,1452.1,947580.0,1455.9699999999998,1419.4475,63.030729533192584,0.012698484459880907,BULLISH,RSI_NORMAL,LOW_VOLATILITY
2019-02-13,1451.0,1453.65,1417.0,1424.15,507190.0,1446.92,1421.1675,54.72858354537748,0.013228086057467288,BULLISH,RSI_NORMAL,LOW_VOLATILITY
2019-02-14,1417.65,1423.15,1396.5,1399.2,915440.0,1432.27,1421.6474999999998,55.85371131789655,0.013882783999826311,BEARISH,RSI_NORMAL,HIGH_VOLATILITY
2019-02-15,1400.8,1404.95,1372.1,1393.6,1110000.0,1421.23,1421.305,53.07457479284777,0.013803644489568764,BEARISH,RSI_NORMAL,HIGH_VOLATILITY
2019-02-18,1401.7,1401.7,1345.0,1380.05,1460000.0,1409.82,1419.2024999999999,47.10761842392491,0.013448361801957581,BEARISH,RSI_NORMAL,LOW_VOLATILITY
2019-02-19,1372.05,1396.95,1371.0,1377.85,697530.0,1394.97,1417.7475,47.252025399605834,0.013272201468237264,BEARISH,RSI_NORMAL,LOW_VOLATILITY
2019-02-20,1380.0,1398.8,1376.0,1396.9,843470.0,1389.52,1417.7649999999999,46.514209591474305,0.013575642092855727,BEARISH,RSI_NORMAL,LOW_VOLATILITY
2019-02-21,1399.0,1407.85,1390.3,1397.8,677140.0,1389.24,1417.5625,33.636363636363654,0.013548758972786784,BEARISH,RSI_NORMAL,LOW_VOLATILITY
2019-02-22,1399.0,1407.75,1384.2,1397.8,801380.0,1390.08,1418.8449999999998,35.774978025197825,0.01260524351091635,BEARISH,RSI_NORMAL,LOW_VOLATILITY
2019-02-25,1399.95,1405.8,1391.35,1398.25,711220.0,1393.72,1419.7824999999998,34.41053261520054,0.012563900461216498,BEARISH,RSI_NORMAL,LOW_VOLATILITY
2019-02-26,1396.9,1407.0,1378.6,1402.0,1150000.0,1398.55,1420.2175,27.79973649538867,0.012385477836432348,BEARISH,RSI_LOW,LOW_VOLATILITY
2019-02-27,1404.0,1430.85,1395.0,1405.7,1460000.0,1400.31,1420.9824999999998,28.107576254509723,0.012381004303407514,BEARISH,RSI_LOW,LOW_VOLATILITY
2019-02-28,1414.8,1415.0,1401.45,1405.2,1230000.0,1401.79,1420.6125,33.139984532095966,0.011842392027621997,BEARISH,RSI_NORMAL,LOW_VOLATILITY
2019-03-01,1409.0,1417.95,1388.1,1392.35,783880.0,1400.7,1417.37,32.84783441931778,0.009325947689127022,BEARISH,RSI_NORMAL,LOW_VOLATILITY
2019-03-05,1393.5,1409.75,1382.7,1403.85,1210000.0,1401.82,1415.2450000000001,30.996455297361194,0.009522967776331027,BEARISH,RSI_NORMAL,LOW_VOLATILITY
2019-03-06,1408.0,1410.0,1386.55,1393.7,720340.0,1400.16,1412.4125,36.05130554283098,0.009552503806762806,BEARISH,RSI_NORMAL,LOW_VOLATILITY
2019-03-07,1398.6,1405.5,1392.0,1395.45,746740.0,1398.11,1408.715,47.81849912739966,0.008913341570279596,BEARISH,RSI_NORMAL,LOW_VOLATILITY
2019-03-08,1393.75,1394.65,1380.0,1382.35,524330.0,1393.54,1404.21,43.98073836276085,0.008969264052458986,BEARISH,RSI_NORMAL,LOW_VOLATILITY
2019-03-11,1389.2,1423.0,1385.0,1419.8,1340000.0,1399.0300000000002,1402.76,66.93651469961648,0.010711805500204421,BULLISH,RSI_NORMAL,LOW_VOLATILITY
2019-03-12,1422.0,1445.35,1421.2,1428.1,1330000.0,1403.8799999999999,1402.31,70.35236938031588,0.010677085095587437,BULLISH,RSI_HIGH,LOW_VOLATILITY
2019-03-13,1439.4,1439.4,1417.0,1428.3,708230.0,1410.8,1401.12,65.00956022944543,0.010378162237536993,BULLISH,RSI_NORMAL,LOW_VOLATILITY
2019-03-14,1437.6,1446.95,1420.0,1434.75,1110000.0,1418.6599999999999,1401.65,66.77258284157963,0.009472737898812823,BULLISH,RSI_NORMAL,LOW_VOLATILITY
2019-03-15,1434.0,1457.0,1428.65,1432.55,1670000.0,1428.7,1403.3175,65.46506453048505,0.008504986892914249,BULLISH,RSI_NORMAL,LOW_VOLATILITY
2019-03-18,1446.0,1460.6,1436.6,1445.6,1150000.0,1433.86,1405.9175,68.94757903161258,0.008586816502355276,BULLISH,RSI_NORMAL,LOW_VOLATILITY
2019-03-19,1442.0,1459.85,1440.0,1453.9,886660.0,1439.02,1409.6100000000001,70.03861003861,0.008174498399863709,BULLISH,RSI_HIGH,LOW_VOLATILITY
2019-03-20,1462.0,1466.0,1448.5,1456.15,764630.0,1444.59,1413.525,69.69933619679807,0.008118819762226845,BULLISH,RSI_NORMAL,LOW_VOLATILITY
2019-03-22,1459.0,1479.9,1452.6,1471.25,1380000.0,1451.8899999999999,1417.2424999999998,73.15106905012262,0.007905738378257749,BULLISH,RSI_HIGH,LOW_VOLATILITY
2019-03-25,1465.1,1475.6,1451.5,1457.55,848080.0,1456.8899999999999,1420.23,72.71777003484318,0.008338667052283349,BULLISH,RSI_HIGH,LOW_VOLATILITY
2019-03-26,1460.5,1492.25,1460.5,1485.05,1630000.0,1464.7800000000002,1424.5925000000002,75.45454545454542,0.009116256692373866,BULLISH,RSI_HIGH,LOW_VOLATILITY
2019-03-27,1494.0,1496.95,1463.5,1472.05,1390000.0,1468.4099999999999,1428.2825,74.1299661225746,0.00947898742493314,BULLISH,RSI_HIGH,LOW_VOLATILITY
2019-03-28,1473.5,1508.95,1473.5,1497.0,1350000.0,1476.58,1433.0325,77.36459175424406,0.01000628744754995,BULLISH,RSI_HIGH,LOW_VOLATILITY
2019-03-29,1503.1,1508.65,1485.0,1492.7,1090000.0,1480.8700000000001,1437.3825000000002,81.21640735502122,0.010101777194573098,BULLISH,RSI_HIGH,LOW_VOLATILITY
2019-04-01,1496.75,1504.0,1490.0,1492.75,707570.0,1487.91,1441.76,76.1750986724076,0.01009523355700718,BULLISH,RSI_HIGH,LOW_VOLATILITY
2019-04-02,1493.0,1523.45,1484.55,1519.3,1330000.0,1494.7599999999998,1448.1075,78.93401015228426,0.010175333483032546,BULLISH,RSI_HIGH,LOW_VOLATILITY
2019-04-03,1521.25,1529.85,1493.0,1497.6,1610000.0,1499.8700000000001,1452.7949999999998,69.34673366834168,0.010947033512736062,BULLISH,RSI_NORMAL,LOW_VOLATILITY
2019-04-04,1504.8,1525.0,1503.0,1519.0,1410000.0,1504.27,1459.06,71.70832259726872,0.010915706755793552,BULLISH,RSI_HIGH,LOW_VOLATILITY
2019-04-05,1520.0,1523.65,1503.0,1514.45,1130000.0,1508.62,1465.01,70.85030549898168,0.011020428578005273,BULLISH,RSI_HIGH,LOW_VOLATILITY
2019-04-08,1514.0,1514.0,1486.0,1496.35,925520.0,1509.34,1470.7099999999998,62.59617771159095,0.011199737242452504,BULLISH,RSI_NORMAL,LOW_VOLATILITY
2019-04-09,1464.7,1474.9,1437.2,1444.85,2640000.0,1494.4499999999998,1471.9625,48.15041896586958,0.012856167199326486,BEARISH,RSI_NORMAL,LOW_VOLATILITY
2019-04-10,1449.8,1451.0,1405.35,1409.85,2610000.0,1476.9,1471.05,41.654650324441214,0.01396446881626269,BEARISH,RSI_NORMAL,HIGH_VOLATILITY
2019-04-11,1409.7,1431.95,1408.0,1423.15,1490000.0,1457.73,1470.7925,41.2735849056604,0.014142121735148309,BEARISH,RSI_NORMAL,HIGH_VOLATILITY
2019-04-12,1432.75,1444.8,1425.8,1438.65,1510000.0,1442.5700000000002,1470.9875,46.59336697909159,0.014321995386375583,BEARISH,RSI_NORMAL,HIGH_VOLATILITY
2019-04-15,1447.95,1451.45,1427.0,1431.55,791390.0,1429.61,1470.9375,39.59143968871597,0.01436422558712855,BEARISH,RSI_NORMAL,HIGH_VOLATILITY
2019-04-16,1442.75,1464.9,1440.25,1459.0,1460000.0,1432.44,1471.6075,47.596242401915646,0.014865424208246828,BEARISH,RSI_NORMAL,HIGH_VOLATILITY
2019-04-18,1464.0,1479.9,1460.3,1469.6,1430000.0,1444.3899999999999,1472.3925,44.67133411124075,0.014897209690408466,BEARISH,RSI_NORMAL,HIGH_VOLATILITY
2019-04-22,1459.95,1459.95,1435.0,1443.35,737600.0,1448.4299999999998,1471.7525,41.1574986561548,0.015456897760762433,BEARISH,RSI_NORMAL,HIGH_VOLATILITY
2019-04-23,1449.0,1454.9,1425.9,1431.0,601650.0,1446.9,1469.74,39.40278016131801,0.015346488787739924,BEARISH,RSI_NORMAL,HIGH_VOLATILITY
2019-04-24,1436.0,1459.4,1431.0,1450.05,1150000.0,1450.6,1469.365,37.801655804121914,0.015555206764368681,BEARISH,RSI_NORMAL,HIGH_VOLATILITY
2019-04-25,1450.0,1460.0,1438.1,1447.95,1160000.0,1448.39,1467.5099999999998,40.60548722800382,0.014897944722486706,BEARISH,RSI_NORMAL,HIGH_VOLATILITY
2019-04-26,1450.0,1459.35,1436.0,1448.75,704190.0,1444.22,1466.3449999999998,35.58382926328751,0.014793182891708374,BEARISH,RSI_NORMAL,HIGH_VOLATILITY
2019-04-30,1456.0,1477.0,1455.3,1463.15,1530000.0,1448.1799999999998,1464.6525,39.88165680473375,0.01443183452957939,BEARISH,RSI_NORMAL,HIGH_VOLATILITY
2019-05-02,1465.0,1472.9,1430.1,1436.6,774790.0,1449.3,1461.8474999999999,38.59515174651652,0.014929243315495748,BEARISH,RSI_NORMAL,HIGH_VOLATILITY
2019-05-03,1443.8,1456.0,1432.2,1438.55,1020000.0,1447.0,1459.1374999999998,48.51694915254239,0.014940763704255485,BEARISH,RSI_NORMAL,HIGH_VOLATILITY
2019-05-06,1434.95,1448.6,1408.55,1412.8,1160000.0,1439.9699999999998,1453.8125,50.726064484371165,0.014613353587832676,BEARISH,RSI_NORMAL,HIGH_VOLATILITY
2019-05-07,1426.8,1426.8,1376.35,1387.8,2860000.0,1427.7800000000002,1448.3225,41.77333023039327,0.01476470863882313,BEARISH,RSI_NORMAL,HIGH_VOLATILITY
2019-05-08,1382.0,1395.0,1362.6,1385.7,1410000.0,1412.29,1441.6575,36.857781087118376,0.014162113657468221,BEARISH,RSI_NORMAL,HIGH_VOLATILITY
2019-05-09,1384.95,1393.65,1346.55,1354.2,2630000.0,1395.81,1433.645,32.875802523798995,0.014729087123627188,BEARISH,RSI_NORMAL,HIGH_VOLATILITY
2019-05-10,1314.1,1350.0,1314.1,1341.05,3480000.0,1376.31,1425.88,22.122429685653486,0.014685666001502245,BEARISH,RSI_LOW,HIGH_VOLATILITY
2019-05-13,1341.05,1345.25,1323.65,1332.5,862130.0,1360.25,1420.2625,17.27923627684966,0.013008386522593814,BEARISH,RSI_LOW,LOW_VOLATILITY
2019-05-14,1330.0,1334.75,1302.1,1320.25,2170000.0,1346.74,1415.7825,18.516624040920746,0.012184035344668534,BEARISH,RSI_LOW,LOW_VOLATILITY
2019-05-15,1326.0,1329.0,1301.7,1305.95,996280.0,1330.79,1409.9225,18.333755381109157,0.01191719927312329,BEARISH,RSI_LOW,LOW_VOLATILITY
2019-05-16,1312.0,1314.0,1295.85,1304.4,726490.0,1320.8300000000002,1403.21,9.530425118088402,0.01140618414437237,BEARISH,RSI_LOW,LOW_VOLATILITY
2019-05-17,1305.0,1330.75,1301.0,1320.0,860930.0,1316.6200000000001,1397.6325000000002,16.92943913155854,0.012007297774881695,BEARISH,RSI_LOW,LOW_VOLATILITY
2019-05-20,1340.0,1378.4,1335.0,1373.95,976630.0,1324.91,1393.38,34.833738848337404,0.014852334865629703,BEARISH,RSI_NORMAL,HIGH_VOLATILITY
2019-05-21,1384.0,1384.0,1352.7,1357.75,1170000.0,1332.41,1387.7875,28.784219001610296,0.014777306516499191,BEARISH,RSI_LOW,HIGH_VOLATILITY
2019-05-22,1360.5,1373.75,1348.05,1368.45,840080.0,1344.91,1384.0425,35.347237153300384,0.014612564971482408,BEARISH,RSI_NORMAL,HIGH_VOLATILITY
2019-05-23,1389.0,1389.0,1357.7,1367.75,1530000.0,1357.58,1380.88,34.6952010376135,0.01454941030574794,BEARISH,RSI_NORMAL,HIGH_VOLATILITY
2019-05-24,1392.0,1400.45,1376.15,1384.5,980930.0,1370.48,1377.6025000000002,43.63472784525417,0.014491592197938942,BULLISH,RSI_NORMAL,HIGH_VOLATILITY
2019-05-27,1386.9,1390.7,1362.7,1366.85,782730.0,1369.06,1373.5475000000001,45.126773668294945,0.014679341663942816,BEARISH,RSI_NORMAL,HIGH_VOLATILITY
2019-05-28,1369.95,1388.85,1360.0,1364.35,1560000.0,1370.3799999999999,1369.3274999999999,45.04295333178544,0.014660564436119393,BEARISH,RSI_NORMAL,HIGH_VOLATILITY
2019-05-29,1360.8,1366.95,1347.1,1358.25,582770.0,1368.34,1364.0825,51.0660700184259,0.014347329621850162,BEARISH,RSI_NORMAL,HIGH_VOLATILITY
2019-05-30,1365.0,1392.0,1353.9,1374.6,1030000.0,1369.71,1360.9825,58.684959875744234,0.014325974389141691,BULLISH,RSI_NORMAL,HIGH_VOLATILITY
2019-05-31,1381.0,1428.0,1381.0,1407.3,2560000.0,1374.27,1359.42,67.21122871606073,0.01544575871745826,BULLISH,RSI_NORMAL,HIGH_VOLATILITY
2019-06-03,1431.95,1464.95,1430.0,1459.25,2870000.0,1392.75,1361.7424999999998,77.04280155642023,0.017064768107836872,BULLISH,RSI_HIGH,HIGH_VOLATILITY
2019-06-04,1455.0,1455.0,1417.05,1421.5,1490000.0,1404.1799999999998,1363.4275,70.60082011053663,0.01764322025605817,BULLISH,RSI_HIGH,HIGH_VOLATILITY
2019-06-06,1434.95,1461.85,1424.9,1428.55,1990000.0,1418.24,1365.57,71.70834061898931,0.017647362995171605,BULLISH,RSI_HIGH,HIGH_VOLATILITY
2019-06-07,1429.0,1439.85,1413.05,1418.35,878470.0,1426.99,1368.7775000000001,67.52806986276954,0.01683846017971258,BULLISH,RSI_NORMAL,HIGH_VOLATILITY
2019-06-10,1429.0,1442.0,1418.5,1422.6,800970.0,1430.0499999999997,1372.855,60.53714533246694,0.016593415182020038,BULLISH,RSI_NORMAL,HIGH_VOLATILITY
2019-06-11,1428.0,1433.35,1409.5,1425.5,743050.0,1423.3,1377.5049999999999,65.5711330728568,0.016446937095314085,BULLISH,RSI_NORMAL,HIGH_VOLATILITY
2019-06-12,1429.95,1439.9,1421.0,1425.45,874290.0,1424.0900000000001,1382.7649999999999,63.77477042049298,0.01620040011253202,BULLISH,RSI_NORMAL,HIGH_VOLATILITY
2019-06-13,1429.0,1438.9,1422.2,1429.45,1570000.0,1424.27,1388.94,64.67649857278784,0.015827603961070795,BULLISH,RSI_NORMAL,HIGH_VOLATILITY
2019-06-14,1430.0,1431.75,1411.0,1412.75,546090.0,1423.15,1394.3575,56.72138948370212,0.01620078705222204,BULLISH,RSI_NORMAL,HIGH_VOLATILITY
2019-06-17,1417.0,1425.0,1398.9,1401.95,962170.0,1419.02,1398.455,58.63256271519925,0.016294363405767263,BULLISH,RSI_NORMAL,HIGH_VOLATILITY
2019-06-18,1405.0,1410.4,1376.05,1380.05,1180000.0,1409.93,1398.76,53.52492141894927,0.01416719962606536,BEARISH,RSI_NORMAL,HIGH_VOLATILITY
2019-06-19,1382.0,1396.4,1372.0,1381.15,692210.0,1401.0700000000002,1399.9299999999998,55.25953146531926,0.013877677752588942,BEARISH,RSI_NORMAL,HIGH_VOLATILITY
2019-06-20,1365.55,1404.9,1360.7,1392.05,991210.0,1393.59,1401.11,54.11071849234394,0.01387797489896997,BEARISH,RSI_NORMAL,HIGH_VOLATILITY
2019-06-21,1379.95,1394.65,1372.0,1383.0,1240000.0,1387.6399999999999,1401.8725,43.55779427359492,0.013975374172553123,BEARISH,RSI_NORMAL,HIGH_VOLATILITY
2019-06-24,1386.0,1398.0,1368.25,1376.15,757060.0,1382.48,1401.455,21.04529616724743,0.01375140948525661,BEARISH,RSI_LOW,HIGH_VOLATILITY
2019-06-25,1371.0,1372.45,1360.35,1363.1,1390000.0,1379.09,1401.2675,25.42087542087542,0.013613444734471033,BEARISH,RSI_LOW,HIGH_VOLATILITY
2019-06-26,1360.0,1369.55,1352.0,1359.95,960170.0,1374.85,1401.0475000000001,20.14795474325507,0.013617185078721726,BEARISH,RSI_LOW,HIGH_VOLATILITY
2019-06-27,1361.1,1369.65,1358.15,1361.4,2110000.0,1368.72,1401.2050000000002,23.17475270843157,0.01357932113495751,BEARISH,RSI_LOW,HIGH_VOLATILITY
2019-06-28,1365.0,1371.9,1350.1,1358.15,1130000.0,1363.75,1400.3825,19.353304802662976,0.013297811405159263,BEARISH,RSI_LOW,LOW_VOLATILITY
2019-07-01,1368.0,1374.5,1351.05,1353.85,739180.0,1359.2900000000002,1397.71,16.37728765837636,0.012007992274131454,BEARISH,RSI_LOW,LOW_VOLATILITY
2019-07-02,1356.0,1360.0,1340.7,1345.75,1170000.0,1355.8200000000002,1392.035,15.226876090750466,0.007815732158816348,BEARISH,RSI_LOW,LOW_VOLATILITY
2019-07-03,1356.05,1371.0,1349.5,1352.0,1380000.0,1354.23,1388.56,16.85922122379121,0.00611813457031364,BEARISH,RSI_LOW,LOW_VOLATILITY
2019-07-04,1356.0,1366.35,1351.15,1359.7,902080.0,1353.8899999999999,1385.1175,25.405656003708913,0.006167268431073218,BEARISH,RSI_LOW,LOW_VOLATILITY
2019-07-05,1363.9,1373.45,1351.45,1358.7,966160.0,1354.0,1382.1349999999998,27.944926058133646,0.006076454106888068,BEARISH,RSI_LOW,LOW_VOLATILITY
2019-07-08,1358.0,1358.4,1332.7,1340.25,866420.0,1351.28,1378.0175,28.964059196617384,0.006459027158030287,BEARISH,RSI_LOW,LOW_VOLATILITY
2019-07-09,1344.9,1344.9,1291.25,1321.0,2040000.0,1346.33,1372.7925,23.325942350332554,0.006822360001169183,BEARISH,RSI_LOW,LOW_VOLATILITY
2019-07-10,1317.8,1340.35,1312.05,1322.95,1120000.0,1340.52,1367.6675,16.714836223506836,0.006874160138586902,BEARISH,RSI_LOW,LOW_VOLATILITY
2019-07-11,1317.0,1337.0,1311.05,1332.45,757320.0,1335.0700000000002,1362.8174999999999,25.755395683453315,0.007155968733360201,BEARISH,RSI_LOW,LOW_VOLATILITY
2019-07-12,1332.45,1369.55,1325.45,1361.95,1050000.0,1335.72,1360.2775,44.40504334121355,0.008900122753275128,BULLISH,RSI_NORMAL,LOW_VOLATILITY
2019-07-15,1362.85,1367.0,1347.05,1353.15,666530.0,1338.3,1357.8375,45.94374235629849,0.008863021796149747,BEARISH,RSI_NORMAL,LOW_VOLATILITY
2019-07-16,1352.0,1375.0,1345.0,1372.3,782640.0,1348.56,1357.45,54.45366029570859,0.008907789129405303,BULLISH,RSI_NORMAL,LOW_VOLATILITY
2019-07-17,1377.0,1404.85,1375.5,1395.9,1600000.0,1363.15,1358.1875,60.727611940298495,0.00972596910047508,BULLISH,RSI_NORMAL,LOW_VOLATILITY
2019-07-18,1395.0,1395.35,1377.2,1384.95,802220.0,1373.65,1357.8325,57.952522255192854,0.009739486099128454,BULLISH,RSI_NORMAL,LOW_VOLATILITY
2019-07-19,1390.1,1399.4,1365.0,1369.1,842550.0,1375.08,1357.1375,54.23493474034991,0.009967574952668368,BULLISH,RSI_NORMAL,LOW_VOLATILITY
2019-07-22,1367.8,1410.0,1359.05,1404.2,1280000.0,1385.2900000000002,1358.54,64.11494808017386,0.011474606732922572,BULLISH,RSI_NORMAL,LOW_VOLATILITY
2019-07-23,1409.0,1443.95,1401.85,1429.35,2260000.0,1396.7,1361.8525000000002,67.11661872095593,0.011779326300266905,BULLISH,RSI_NORMAL,LOW_VOLATILITY
2019-07-24,1430.5,1493.5,1395.15,1483.4,7400000.0,1414.2,1368.025,72.7139184722732,0.014113212260326975,BULLISH,RSI_HIGH,HIGH_VOLATILITY
2019-07-25,1481.3,1503.85,1459.05,1495.85,4190000.000000001,1436.3799999999999,1374.7475,74.16740088105722,0.014115913431275978,BULLISH,RSI_HIGH,HIGH_VOLATILITY
2019-07-26,1488.1,1530.8,1485.6,1526.45,2420000.0,1467.85,1383.1625,81.4633322068266,0.01442342596543282,BULLISH,RSI_HIGH,HIGH_VOLATILITY
2019-07-29,1524.9,1538.25,1506.6,1513.25,1630000.0,1489.6599999999999,1391.1325000000002,83.16370536484385,0.014656088519875996,BULLISH,RSI_HIGH,HIGH_VOLATILITY
2019-07-30,1511.1,1527.0,1502.7,1508.75,1440000.0,1505.5400000000002,1399.2825,81.77154582763333,0.014545058953650943,BULLISH,RSI_HIGH,HIGH_VOLATILITY
2019-07-31,1507.0,1525.0,1495.15,1521.1,1250000.0,1513.08,1407.7375,81.94750211685007,0.01455138735772162,BULLISH,RSI_HIGH,HIGH_VOLATILITY
2019-08-01,1515.0,1531.45,1493.65,1504.7,2260000.0,1514.85,1414.9875,75.29682792840687,0.015028717321549359,BULLISH,RSI_HIGH,HIGH_VOLATILITY
2019-08-02,1509.0,1550.0,1504.5,1545.2,3040000.0,1518.6,1424.3125,80.59582603154371,0.01571169465497282,BULLISH,RSI_HIGH,HIGH_VOLATILITY
2019-08-05,1533.2,1551.0,1521.7,1525.4,1440000.0,1521.03,1433.5700000000002,74.34022257551669,0.015660895333067946,BULLISH,RSI_HIGH,HIGH_VOLATILITY
2019-08-06,1530.0,1569.85,1524.05,1565.85,2060000.0,1532.45,1445.8125,75.64508827523764,0.015446315344329829,BULLISH,RSI_HIGH,HIGH_VOLATILITY
2019-08-07,1563.3,1575.0,1551.9,1559.2,1580000.0,1540.0700000000002,1457.625,76.63965754471795,0.01563804123991538,BULLISH,RSI_HIGH,HIGH_VOLATILITY
2019-08-08,1565.75,1569.7,1540.3,1565.9,1580000.0,1552.31,1469.2975000000001,80.95312991506769,0.015662803232931358,BULLISH,RSI_HIGH,HIGH_VOLATILITY
2019-08-09,1569.2,1581.9,1561.0,1575.5,1150000.0,1558.3700000000001,1479.975,79.29206566347474,0.015319308983327059,BULLISH,RSI_HIGH,HIGH_VOLATILITY
2019-08-13,1573.5,1594.0,1568.0,1573.35,1610000.0,1567.96,1490.985,76.72605790645883,0.015117306960109173,BULLISH,RSI_HIGH,HIGH_VOLATILITY
2019-08-14,1574.5,1575.5,1552.5,1569.7,1110000.0,1568.73,1500.855,69.70319634703202,0.015194335625358666,BULLISH,RSI_NORMAL,HIGH_VOLATILITY
2019-08-16,1571.0,1600.85,1561.0,1597.45,1680000.0,1576.3799999999999,1510.9325000000001,71.68160478019641,0.015211949611033322,BULLISH,RSI_HIGH,HIGH_VOLATILITY
2019-08-19,1599.0,1609.55,1582.2,1586.45,1320000.0,1580.4900000000002,1521.0075000000002,63.9729855612483,0.015164575308151853,BULLISH,RSI_NORMAL,HIGH_VOLATILITY
2019-08-20,1585.0,1599.5,1582.7,1595.15,1020000.0,1584.42,1532.31,69.48144624167467,0.014545218930393483,BULLISH,RSI_NORMAL,HIGH_VOLATILITY
2019-08-21,1585.25,1595.0,1578.55,1589.15,704010.0,1587.58,1541.5575000000001,68.98913556920178,0.014123859054677676,BULLISH,RSI_NORMAL,HIGH_VOLATILITY
2019-08-22,1585.2,1593.9,1566.3,1570.2,985590.0,1587.68,1548.6,61.24599175446639,0.014405724691158875,BULLISH,RSI_NORMAL,HIGH_VOLATILITY
2019-08-23,1569.9,1583.35,1555.65,1580.4,984640.0,1584.27,1553.45,67.84535596416788,0.012155431528775058,BULLISH,RSI_NORMAL,LOW_VOLATILITY
2019-08-26,1590.0,1600.0,1577.15,1597.55,1150000.0,1586.49,1558.535,63.86754966887418,0.01222252149373468,BULLISH,RSI_NORMAL,LOW_VOLATILITY
2019-08-27,1600.0,1607.45,1585.5,1599.45,1580000.0,1587.35,1562.185,71.67105648229443,0.011544985041153786,BULLISH,RSI_HIGH,LOW_VOLATILITY
2019-08-28,1599.2,1606.75,1590.6,1603.15,565680.0,1590.15,1566.6799999999998,63.90753169276667,0.01124926080180805,BULLISH,RSI_NORMAL,LOW_VOLATILITY
2019-08-29,1602.85,1619.9,1589.0,1615.25,861690.0,1599.16,1572.0049999999999,70.08240773916158,0.011203613717105286,BULLISH,RSI_HIGH,LOW_VOLATILITY
2019-08-30,1616.0,1622.5,1595.1,1616.2,1180000.0,1606.3200000000002,1576.76,68.79671150971598,0.011164234828407964,BULLISH,RSI_NORMAL,LOW_VOLATILITY
2019-09-03,1608.0,1609.6,1573.55,1576.75,1290000.0,1602.16,1580.3625,50.38191261839292,0.012402898020832857,BEARISH,RSI_NORMAL,LOW_VOLATILITY
2019-09-04,1579.0,1582.6,1527.8,1535.15,2380000.0,1589.3,1579.8600000000001,40.59576563269329,0.012586000962939532,BEARISH,RSI_NORMAL,LOW_VOLATILITY
2019-09-05,1537.0,1545.9,1515.25,1519.75,1510000.0,1572.6200000000001,1579.5775,38.375610891319525,0.012454521363310019,BEARISH,RSI_NORMAL,LOW_VOLATILITY
2019-09-06,1524.0,1539.45,1519.75,1532.4,801340.0,1556.05,1577.9050000000002,33.717146433041336,0.01098485067795137,BEARISH,RSI_NORMAL,LOW_VOLATILITY
2019-09-09,1530.55,1545.0,1524.2,1540.6,812840.0,1540.9299999999998,1576.975,38.35998984513832,0.01104600455215213,BEARISH,RSI_NORMAL,LOW_VOLATILITY
2019-09-11,1545.0,1565.0,1542.65,1561.45,1540000.0,1537.8700000000001,1576.7525,41.94165471066475,0.011444840289390528,BEARISH,RSI_NORMAL,LOW_VOLATILITY
2019-09-12,1570.0,1570.0,1537.15,1540.3,753120.0,1538.9,1574.9924999999998,39.108138238573,0.011725134740468234,BEARISH,RSI_NORMAL,LOW_VOLATILITY
2019-09-13,1540.0,1553.15,1528.0,1548.2,547380.0,1544.5900000000001,1573.7350000000001,44.840525328330216,0.011805980901106164,BEARISH,RSI_NORMAL,LOW_VOLATILITY
2019-09-16,1510.0,1526.95,1502.1,1521.3,1810000.0,1542.3700000000001,1571.315,37.14658547194431,0.012378195634902493,BEARISH,RSI_NORMAL,LOW_VOLATILITY
2019-09-17,1527.4,1543.3,1518.6,1530.9,1350000.0,1540.4299999999998,1567.9875,35.01236788846421,0.011693659952474341,BEARISH,RSI_NORMAL,LOW_VOLATILITY
2019-09-18,1542.15,1560.95,1535.0,1547.75,1060000.0,1537.69,1566.0525,39.10661609776655,0.011985798304136241,BEARISH,RSI_NORMAL,LOW_VOLATILITY
2019-09-19,1553.9,1563.5,1545.0,1553.9,879910.0,1540.4099999999999,1563.9900000000002,39.728884254431726,0.011946390690504021,BEARISH,RSI_NORMAL,LOW_VOLATILITY
2019-09-20,1559.0,1725.25,1542.1,1671.0,3960000.0,1564.97,1568.0825,58.085569253081935,0.02085003112906024,BULLISH,RSI_NORMAL,HIGH_VOLATILITY
2019-09-23,1697.85,1820.0,1697.85,1802.75,4250000.0,1621.2600000000002,1579.71,69.61413100620332,0.02658572981986062,BULLISH,RSI_NORMAL,HIGH_VOLATILITY
2019-09-24,1802.8,1802.95,1752.0,1765.9,2030000.0,1668.2599999999998,1588.9850000000001,69.99682841738027,0.02729889156998983,BULLISH,RSI_NORMAL,HIGH_VOLATILITY
2019-09-25,1784.0,1784.0,1728.25,1751.8,1790000.0,1709.0700000000002,1596.6975,74.3181052867886,0.027443856505372597,BULLISH,RSI_HIGH,HIGH_VOLATILITY
2019-09-26,1761.8,1780.0,1751.9,1770.95,1670000.0,1752.4800000000002,1605.2725,77.9608192341941,0.027459768455059978,BULLISH,RSI_HIGH,HIGH_VOLATILITY
2019-09-27,1770.0,1781.4,1735.35,1776.3,1120000.0,1773.5400000000002,1613.93,77.5967413441955,0.027455966631388388,BULLISH,RSI_HIGH,HIGH_VOLATILITY
2019-09-30,1768.0,1770.0,1737.05,1762.15,1040000.0,1765.42,1621.275,74.73484425588924,0.027613394051704335,BULLISH,RSI_HIGH,HIGH_VOLATILITY
2019-10-01,1768.95,1799.9,1757.0,1766.1,1320000.0,1765.4599999999998,1628.77,73.74405383455155,0.02760287146444362,BULLISH,RSI_HIGH,HIGH_VOLATILITY
2019-10-03,1765.0,1768.25,1732.2,1748.95,1010000.0,1764.89,1637.3799999999999,74.43494554397472,0.026972889401934867,BULLISH,RSI_HIGH,HIGH_VOLATILITY
2019-10-04,1753.9,1761.7,1717.1,1724.4,1230000.0,1755.58,1646.8425,69.86023444544637,0.026337879697368918,BULLISH,RSI_NORMAL,HIGH_VOLATILITY
2019-10-07,1724.95,1742.95,1717.85,1725.15,562560.0,1745.35,1657.1125,74.41609773625588,0.02610243285241871,BULLISH,RSI_HIGH,HIGH_VOLATILITY
2019-10-09,1725.7,1778.0,1725.7,1773.45,1780000.0,1747.6100000000001,1669.1650000000002,76.58664912857616,0.026535157892571784,BULLISH,RSI_HIGH,HIGH_VOLATILITY
2019-10-10,1765.0,1793.0,1756.5,1778.6,1600000.0,1750.11,1681.065,75.97030037124539,0.02655197137599967,BULLISH,RSI_HIGH,HIGH_VOLATILITY
2019-10-11,1787.6,1801.8,1764.05,1790.25,1440000.0,1758.3700000000001,1692.5049999999999,76.26402933659298,0.026514775944881885,BULLISH,RSI_HIGH,HIGH_VOLATILITY
2019-10-14,1790.0,1806.3,1784.7,1798.7,881720.0,1773.2300000000002,1705.425,68.70788162906537,0.026074178808735873,BULLISH,RSI_NORMAL,HIGH_VOLATILITY
2019-10-15,1807.7,1825.0,1796.0,1803.1,1200000.0,1788.8200000000002,1718.17,50.08179481187191,0.026097133185704276,BULLISH,RSI_NORMAL,HIGH_VOLATILITY
2019-10-16,1808.5,1814.0,1756.55,1765.7,1400000.0,1787.27,1730.3899999999999,49.95337995337994,0.026279403596810164,BULLISH,RSI_NORMAL,HIGH_VOLATILITY
2019-10-17,1772.0,1816.65,1756.0,1812.3,1720000.0,1794.0099999999998,1744.4599999999998,62.24696356275307,0.026601432743609255,BULLISH,RSI_NORMAL,HIGH_VOLATILITY
2019-10-18,1815.0,1824.45,1786.7,1816.75,1680000.0,1799.31,1757.9099999999999,59.85794231597075,0.02663275218693628,BULLISH,RSI_NORMAL,HIGH_VOLATILITY
2019-10-22,1822.7,1825.0,1775.0,1780.2,2140000.0,1795.61,1769.225,50.74003795066416,0.02737649616251493,BULLISH,RSI_NORMAL,HIGH_VOLATILITY
2019-10-23,1762.4,1800.0,1762.0,1767.4,3370000.0,1788.47,1774.045,51.00133511348465,0.022307573212076503,BEARISH,RSI_NORMAL,HIGH_VOLATILITY
2019-10-24,1778.0,1794.95,1753.05,1790.5,1500000.0,1793.4299999999998,1773.4325000000001,54.33700675435481,0.013750562624345942,BULLISH,RSI_NORMAL,HIGH_VOLATILITY
2019-10-25,1797.0,1808.4,1785.05,1796.3,1200000.0,1790.2300000000002,1774.9525,58.77014261900352,0.0129147069262742,BULLISH,RSI_NORMAL,LOW_VOLATILITY
2019-10-27,1802.0,1807.55,1788.1,1792.6,124930.0,1785.4,1776.9924999999998,63.68928141308711,0.012766495369079516,BULLISH,RSI_NORMAL,LOW_VOLATILITY
2019-10-29,1792.1,1820.0,1772.55,1814.25,1050000.0,1792.2099999999998,1779.1575,66.5,0.012814808061588207,BULLISH,RSI_NORMAL,LOW_VOLATILITY
2019-10-30,1830.0,1830.0,1804.0,1821.3,1130000.0,1802.9900000000002,1781.4075,60.459016393442624,0.012822427501143584,BULLISH,RSI_NORMAL,LOW_VOLATILITY
2019-10-31,1826.3,1834.8,1803.5,1809.6,1300000.0,1806.81,1783.78,56.587335316617086,0.012768113250213285,BULLISH,RSI_NORMAL,LOW_VOLATILITY
2019-11-01,1816.0,1821.0,1762.0,1766.35,1530000.0,1800.8200000000002,1783.7925,45.52266766579241,0.01396055122206934,BEARISH,RSI_NORMAL,HIGH_VOLATILITY
2019-11-04,1775.0,1790.0,1766.2,1785.9,821890.0,1799.48,1785.64,47.69784172661871,0.013965226683677048,BULLISH,RSI_NORMAL,HIGH_VOLATILITY
2019-11-05,1780.0,1797.8,1767.6,1793.85,1250000.0,1795.4,1789.1125,48.35730776061091,0.013512401035634093,BULLISH,RSI_NORMAL,LOW_VOLATILITY
2019-11-06,1789.0,1815.0,1780.6,1797.6,1140000.0,1790.6599999999999,1792.735,56.43404598628477,0.013506973187556075,BULLISH,RSI_NORMAL,LOW_VOLATILITY
2019-11-07,1810.0,1830.9,1798.2,1826.95,1380000.0,1794.1299999999999,1795.4100000000003,53.17580750054196,0.012549516589498075,BULLISH,RSI_NORMAL,LOW_VOLATILITY
2019-11-08,1826.0,1826.8,1790.8,1794.85,1080000.0,1799.83,1796.2225000000003,45.76074332171892,0.013249838198077523,BEARISH,RSI_NORMAL,LOW_VOLATILITY
2019-11-11,1789.95,1793.95,1768.0,1773.95,860380.0,1797.4399999999998,1795.4075,48.712136822583965,0.013438624628950369,BEARISH,RSI_NORMAL,LOW_VOLATILITY
2019-11-13,1773.75,1787.0,1756.7,1770.45,983760.0,1792.7599999999998,1793.9950000000001,50.65352474823226,0.013388408717349068,BEARISH,RSI_NORMAL,LOW_VOLATILITY
2019-11-14,1778.0,1800.0,1766.45,1771.85,1120000.0,1787.61,1792.4325000000001,45.5941412709662,0.013373003613157556,BEARISH,RSI_NORMAL,LOW_VOLATILITY
2019-11-15,1780.85,1784.0,1756.3,1760.7,729610.0,1774.36,1792.1825000000001,41.797235023041495,0.01260665685091021,BEARISH,RSI_NORMAL,LOW_VOLATILITY
2019-11-18,1760.7,1765.45,1734.5,1739.0,1270000.0,1763.1899999999998,1788.5175,38.59574468085109,0.01122712733284343,BEARISH,RSI_NORMAL,LOW_VOLATILITY
2019-11-19,1747.95,1748.0,1718.5,1721.35,1190000.0,1752.67,1783.7475,29.891774891774872,0.011317165117018515,BEARISH,RSI_LOW,LOW_VOLATILITY
2019-11-20,1729.9,1748.85,1715.45,1723.5,1370000.0,1743.28,1780.9125,28.37240159221585,0.01056299929851013,BEARISH,RSI_LOW,LOW_VOLATILITY
2019-11-21,1727.9,1734.85,1711.0,1720.35,913100.0,1732.98,1778.5600000000002,29.48747414387499,0.01048040578229859,BEARISH,RSI_LOW,LOW_VOLATILITY
2019-11-22,1710.0,1713.95,1676.0,1682.75,1280000.0,1717.3899999999999,1773.1725000000001,30.273714016045332,0.01086348428008771,BEARISH,RSI_NORMAL,LOW_VOLATILITY
2019-11-25,1684.0,1718.0,1666.15,1710.7,1320000.0,1711.73,1768.8925,32.93236495687698,0.011653078951378763,BEARISH,RSI_NORMAL,LOW_VOLATILITY
2019-11-26,1718.0,1728.85,1687.6,1710.3,2710000.0,1709.52,1764.7775000000001,30.36427732079909,0.011662815965746065,BEARISH,RSI_NORMAL,LOW_VOLATILITY
2019-11-27,1714.0,1731.0,1704.6,1715.35,883770.0,1707.89,1759.8325,30.787199252511115,0.011242410993158465,BEARISH,RSI_NORMAL,LOW_VOLATILITY
2019-11-28,1718.25,1727.55,1701.75,1714.6,691150.0,1706.7399999999998,1754.4975,19.708816392558617,0.011149516144903263,BEARISH,RSI_LOW,LOW_VOLATILITY
2019-11-29,1715.0,1720.4,1677.35,1706.15,1890000.0,1711.42,1749.325,22.58961681087763,0.011130020315664294,BEARISH,RSI_LOW,LOW_VOLATILITY
2019-12-02,1706.2,1742.5,1698.35,1738.25,1480000.0,1716.9299999999998,1747.92,39.68208092485546,0.010981383988584724,BEARISH,RSI_NORMAL,LOW_VOLATILITY
2019-12-03,1740.0,1750.95,1725.0,1736.45,1370000.0,1722.1599999999999,1745.4474999999998,40.07589025102158,0.010623847919570403,BEARISH,RSI_NORMAL,LOW_VOLATILITY
2019-12-04,1731.2,1734.4,1710.25,1720.3,853420.0,1723.15,1741.77,36.1461972588014,0.01067355801460668,BEARISH,RSI_NORMAL,LOW_VOLATILITY
2019-12-05,1717.4,1738.15,1707.0,1715.85,971980.0,1723.4,1737.6825000000001,37.49651519375521,0.010629513384628123,BEARISH,RSI_NORMAL,LOW_VOLATILITY
2019-12-06,1722.9,1747.6,1712.85,1716.65,1030000.0,1725.5,1732.1675,42.947301988008874,0.009721830418169174,BEARISH,RSI_NORMAL,LOW_VOLATILITY
2019-12-09,1725.0,1732.9,1711.0,1726.35,751290.0,1723.1200000000001,1728.7424999999998,51.66112956810632,0.00927450350878614,BEARISH,RSI_NORMAL,LOW_VOLATILITY
2019-12-10,1726.0,1732.0,1709.0,1713.15,686580.0,1718.4599999999998,1725.7025,46.796657381615624,0.009094822832030076,BEARISH,RSI_NORMAL,LOW_VOLATILITY
2019-12-11,1718.0,1741.6,1713.25,1738.2,827800.0,1722.0400000000002,1724.0900000000001,54.8650858544563,0.009798676335153095,BULLISH,RSI_NORMAL,LOW_VOLATILITY
2019-12-12,1740.35,1754.0,1728.1,1750.65,802330.0,1729.0,1723.03,71.44662034112451,0.009957916414096685,BULLISH,RSI_HIGH,LOW_VOLATILITY
2019-12-13,1751.0,1757.7,1735.55,1743.95,960030.0,1734.4600000000003,1722.1924999999999,62.13060926669101,0.009898218429625353,BULLISH,RSI_NORMAL,LOW_VOLATILITY
2019-12-16,1744.0,1752.0,1728.05,1731.45,707440.0,1735.48,1721.815,57.09017767348311,0.009635779695236706,BULLISH,RSI_NORMAL,LOW_VOLATILITY
2019-12-17,1735.2,1748.95,1730.25,1745.4,873020.0,1741.9300000000003,1723.0175,59.50648528946544,0.009502794879363933,BULLISH,RSI_NORMAL,LOW_VOLATILITY
2019-12-18,1749.25,1782.0,1733.65,1778.45,1480000.0,1749.98,1725.7649999999999,66.77173627528244,0.010339108647535098,BULLISH,RSI_NORMAL,LOW_VOLATILITY
2019-12-19,1778.8,1807.8,1775.6,1803.1,2550000.0,1760.47,1729.9025000000001,73.46889373033163,0.010653992921229481,BULLISH,RSI_HIGH,LOW_VOLATILITY
2019-12-20,1804.95,1809.0,1795.0,1799.25,1420000.0,1771.53,1735.7275000000002,67.10600112170502,0.009087850582295469,BULLISH,RSI_NORMAL,LOW_VOLATILITY
2019-12-23,1795.8,1814.6,1786.2,1807.55,659900.0,1786.75,1740.5700000000002,69.23701298701299,0.008549452194270099,BULLISH,RSI_NORMAL,LOW_VOLATILITY
2019-12-24,1812.0,1826.0,1799.05,1803.45,896570.0,1798.36,1745.2275000000002,74.06657018813323,0.008599303552454508,BULLISH,RSI_HIGH,LOW_VOLATILITY
2019-12-26,1799.4,1819.7,1797.05,1809.6,1160000.0,1804.5900000000001,1749.94,76.87016337059339,0.008600647033829041,BULLISH,RSI_HIGH,LOW_VOLATILITY
2019-12-27,1811.0,1826.0,1800.6,1812.25,930470.0,1806.42,1754.8225000000002,77.11287577992067,0.008574459899093542,BULLISH,RSI_HIGH,LOW_VOLATILITY
2019-12-30,1810.0,1818.45,1798.7,1802.3,562490.0,1807.03,1759.6299999999999,71.50948739733794,0.008602031584467942,BULLISH,RSI_HIGH,LOW_VOLATILITY
2019-12-31,1805.0,1805.0,1781.1,1784.95,928400.0,1802.5100000000002,1761.9650000000001,69.86718317653572,0.008150816008295373,BULLISH,RSI_NORMAL,LOW_VOLATILITY
2020-01-01,1790.2,1802.55,1783.2,1793.2,397290.0,1800.4599999999998,1764.8024999999998,66.77852348993292,0.00816154612572507,BULLISH,RSI_NORMAL,LOW_VOLATILITY
2020-01-02,1791.0,1799.9,1783.4,1790.65,411270.0,1796.67,1768.3200000000002,62.987012987013024,0.00778720326288554,BULLISH,RSI_NORMAL,LOW_VOLATILITY
2020-01-03,1779.8,1779.8,1747.05,1751.4,1320000.0,1784.5,1770.0975000000003,51.99678370410079,0.009419809643878929,BEARISH,RSI_NORMAL,LOW_VOLATILITY
2020-01-06,1737.95,1738.0,1694.0,1707.15,1870000.0,1765.47,1769.6225000000002,44.43426477324782,0.011111660204663781,BEARISH,RSI_NORMAL,LOW_VOLATILITY
2020-01-07,1711.0,1740.5,1711.0,1724.4,1030000.0,1753.3600000000001,1769.525,45.26173285198554,0.011278855989978815,BEARISH,RSI_NORMAL,LOW_VOLATILITY
2020-01-08,1696.0,1736.0,1695.0,1728.8,1010000.0,1740.48,1770.3075000000001,37.13397253174391,0.011144508155881161,BEARISH,RSI_NORMAL,LOW_VOLATILITY
2020-01-09,1763.0,1775.0,1741.0,1772.55,1780000.0,1736.86,1772.025,42.796510257014845,0.012073727373010027,BULLISH,RSI_NORMAL,LOW_VOLATILITY
2020-01-10,1772.0,1797.3,1760.0,1792.55,1260000.0,1745.0900000000001,1774.1200000000001,48.531989482909715,0.012217852712082153,BULLISH,RSI_NORMAL,LOW_VOLATILITY
2020-01-13,1799.0,1807.95,1794.35,1804.9,823820.0,1764.64,1777.1675,49.42949407965557,0.012218269153185987,BULLISH,RSI_NORMAL,LOW_VOLATILITY
2020-01-14,1805.0,1821.65,1804.8,1819.15,775630.0,1783.5900000000001,1781.5525000000002,53.238448844884495,0.012100720466905423,BULLISH,RSI_NORMAL,LOW_VOLATILITY
2020-01-15,1817.5,1845.0,1810.1,1842.25,1250000.0,1806.28,1786.395,56.29458261037211,0.012255542468136052,BULLISH,RSI_NORMAL,LOW_VOLATILITY
2020-01-16,1835.95,1848.0,1828.75,1835.15,1030000.0,1818.8,1789.2300000000002,54.340409401061436,0.011721770148899226,BULLISH,RSI_NORMAL,LOW_VOLATILITY
2020-01-17,1835.6,1838.9,1815.0,1830.05,862200.0,1826.3,1790.5774999999999,55.3581772542962,0.011394383416767143,BULLISH,RSI_NORMAL,LOW_VOLATILITY
2020-01-20,1838.0,1862.25,1833.6,1848.75,1090000.0,1835.0700000000002,1793.0524999999998,62.255090280445636,0.011560298526286485,BULLISH,RSI_NORMAL,LOW_VOLATILITY
2020-01-21,1839.95,1842.55,1793.85,1810.75,2100000.0,1833.39,1793.2125,53.02534045854161,0.012524205902568112,BULLISH,RSI_NORMAL,LOW_VOLATILITY
2020-01-22,1815.0,1818.7,1766.85,1779.25,3420000.0,1820.7900000000002,1792.0024999999998,48.21316614420061,0.013121364095115145,BEARISH,RSI_NORMAL,LOW_VOLATILITY
2020-01-23,1779.0,1789.0,1757.1,1776.1,1890000.0,1808.98,1790.3275,54.365500176740866,0.013089270637522202,BEARISH,RSI_NORMAL,LOW_VOLATILITY
2020-01-24,1783.65,1799.9,1780.25,1786.8,1200000.0,1800.33,1789.0549999999998,65.9715259675155,0.013171206594466103,BEARISH,RSI_NORMAL,LOW_VOLATILITY
2020-01-27,1787.0,1805.75,1780.0,1788.35,969050.0,1788.25,1788.3575,63.68499893002349,0.013124218434640088,BEARISH,RSI_NORMAL,LOW_VOLATILITY
2020-01-28,1794.0,1794.0,1773.0,1779.1,873290.0,1781.92,1788.0649999999998,60.545073375262035,0.012994889824466734,BEARISH,RSI_NORMAL,LOW_VOLATILITY
2020-01-29,1787.0,1803.85,1781.0,1796.95,873810.0,1785.4599999999998,1788.2525,55.738476011288824,0.013153383667709052,BULLISH,RSI_NORMAL,LOW_VOLATILITY
2020-01-30,1800.0,1808.9,1786.0,1805.0,1010000.0,1791.2399999999998,1788.97,53.10241714428109,0.013181559606013271,BULLISH,RSI_NORMAL,LOW_VOLATILITY
2020-01-31,1810.0,1824.0,1788.7,1795.65,1170000.0,1793.0099999999998,1791.1825000000001,47.660005059448515,0.012177504023418833,BULLISH,RSI_NORMAL,LOW_VOLATILITY
2020-02-01,1802.0,1817.8,1747.0,1755.35,750220.0,1786.4099999999999,1793.5925,35.73983012963788,0.011865573904866845,BEARISH,RSI_NORMAL,LOW_VOLATILITY
2020-02-03,1768.8,1872.9,1765.0,1867.65,2850000.0,1804.1200000000001,1800.7549999999999,54.05880472994568,0.01830074446816987,BULLISH,RSI_NORMAL,HIGH_VOLATILITY
2020-02-04,1870.0,1896.75,1855.05,1891.3,1830000.0,1822.9899999999998,1808.8799999999999,58.52177872211257,0.01839358708364241,BULLISH,RSI_NORMAL,HIGH_VOLATILITY
2020-02-05,1889.0,1890.0,1866.15,1873.5,1340000.0,1836.6899999999998,1813.9274999999998,56.34955428905451,0.01797595624401599,BULLISH,RSI_NORMAL,HIGH_VOLATILITY
2020-02-06,1878.0,1882.4,1845.0,1856.8,995390.0,1848.92,1817.14,51.18330148463913,0.018048765534306413,BULLISH,RSI_NORMAL,HIGH_VOLATILITY
2020-02-07,1856.8,1876.5,1850.6,1858.7,632860.0,1869.5899999999997,1819.83,57.88521624732774,0.01801126970548424,BULLISH,RSI_NORMAL,HIGH_VOLATILITY
2020-02-10,1867.0,1872.75,1837.2,1869.5,747710.0,1869.9599999999998,1822.3474999999999,65.92553379212985,0.017979047723598634,BULLISH,RSI_NORMAL,HIGH_VOLATILITY
2020-02-11,1880.0,1894.5,1872.75,1878.1,1090000.0,1867.3200000000002,1824.1399999999999,67.65927977839334,0.017804297175166732,BULLISH,RSI_NORMAL,HIGH_VOLATILITY
2020-02-12,1880.0,1916.7,1878.2,1893.7,1620000.0,1871.36,1827.0674999999999,68.19884235614572,0.017833429378765087,BULLISH,RSI_NORMAL,HIGH_VOLATILITY
2020-02-13,1889.0,1901.95,1868.05,1874.05,638880.0,1874.8100000000002,1829.2675,63.74278383579216,0.018014287660667375,BULLISH,RSI_NORMAL,HIGH_VOLATILITY
2020-02-14,1876.5,1899.65,1870.0,1877.05,771460.0,1878.48,1830.6825000000001,66.02847324496808,0.017893388239742243,BULLISH,RSI_NORMAL,HIGH_VOLATILITY
2020-02-17,1879.9,1893.5,1870.6,1881.4,676580.0,1880.86,1834.2150000000001,64.45814072932716,0.017165561362822476,BULLISH,RSI_NORMAL,HIGH_VOLATILITY
2020-02-18,1879.9,1879.9,1861.0,1863.65,683420.0,1877.97,1838.4350000000002,59.71830985915493,0.016778770119703572,BULLISH,RSI_NORMAL,HIGH_VOLATILITY
2020-02-19,1870.1,1892.75,1851.35,1884.9,723350.0,1876.2099999999998,1843.875,64.22764227642273,0.0168627153660678,BULLISH,RSI_NORMAL,HIGH_VOLATILITY
2020-02-20,1883.0,1886.0,1839.05,1842.25,1400000.0,1869.85,1846.6474999999998,63.75,0.017793342179332313,BEARISH,RSI_NORMAL,HIGH_VOLATILITY
2020-02-24,1845.25,1853.0,1814.0,1818.95,1310000.0,1858.23,1848.1775000000002,39.27312775330397,0.018079993704996397,BEARISH,RSI_NORMAL,HIGH_VOLATILITY
2020-02-25,1838.4,1843.55,1820.2,1826.1,897260.0,1847.17,1850.5275000000001,34.51306413301663,0.018030938465213104,BEARISH,RSI_NORMAL,HIGH_VOLATILITY
2020-02-26,1826.0,1845.0,1820.0,1826.65,1910000.0,1839.77,1852.0125,37.87839586028466,0.01791823522025796,BEARISH,RSI_NORMAL,HIGH_VOLATILITY
2020-02-27,1829.85,1852.0,1810.45,1843.8,1640000.0,1831.55,1853.9525,46.644295302013425,0.01800228511558724,BEARISH,RSI_NORMAL,HIGH_VOLATILITY
2020-02-28,1820.0,1842.1,1783.15,1797.95,2960000.0,1822.69,1854.0674999999999,37.21859877971807,0.0188868337758523,BEARISH,RSI_NORMAL,HIGH_VOLATILITY
2020-03-02,1815.1,1837.45,1769.25,1786.8,1220000.0,1816.2599999999998,1855.64,32.62605042016807,0.018197227684865022,BEARISH,RSI_NORMAL,HIGH_VOLATILITY
2020-03-03,1780.05,1818.0,1767.0,1800.55,1390000.0,1811.15,1852.2849999999999,34.053053670573746,0.010801730000880184,BEARISH,RSI_NORMAL,LOW_VOLATILITY
2020-03-04,1804.05,1857.45,1804.05,1847.95,3050000.0,1815.4099999999999,1850.1175000000003,41.68030551009275,0.012114858276032469,BEARISH,RSI_NORMAL,LOW_VOLATILITY
2020-03-05,1854.0,1882.0,1852.1,1874.45,2060000.0,1821.5400000000002,1850.1650000000002,50.07097232079491,0.012416476995635972,BULLISH,RSI_NORMAL,LOW_VOLATILITY
2020-03-06,1840.0,1884.4,1835.0,1877.45,1390000.0,1837.44,1851.1974999999998,50.07097232079491,0.012236080214403991,BULLISH,RSI_NORMAL,LOW_VOLATILITY
2020-03-09,1888.0,1915.9,1848.0,1867.15,3420000.0,1853.5100000000002,1851.6200000000001,47.523892267593396,0.01231125534711695,BULLISH,RSI_NORMAL,LOW_VOLATILITY
2020-03-11,1874.95,1905.0,1851.5,1882.85,3190000.0,1869.97,1852.2875,53.360168008400386,0.012385950691364628,BULLISH,RSI_NORMAL,LOW_VOLATILITY
2020-03-12,1864.95,1874.8,1815.0,1843.35,6250000.0,1869.05,1850.55,43.16499424247406,0.013224775403729317,BEARISH,RSI_NORMAL,LOW_VOLATILITY
2020-03-13,1785.0,1843.75,1669.85,1797.7,3880000.0,1853.7,1845.75,42.743117771624036,0.014060740177390072,BEARISH,RSI_NORMAL,HIGH_VOLATILITY
2020-03-16,1777.0,1777.0,1678.15,1683.4,2870000.0,1814.89,1836.2175000000002,32.96896595049628,0.019578906619487732,BEARISH,RSI_NORMAL,HIGH_VOLATILITY
2020-03-17,1699.0,1779.8,1670.0,1731.6,2640000.0,1787.78,1828.9450000000002,39.23690205011388,0.02095513816229502,BEARISH,RSI_NORMAL,HIGH_VOLATILITY
2020-03-18,1732.0,1758.55,1608.0,1618.2,3680000.0,1734.85,1815.7849999999999,31.11352722660139,0.025004993713671604,BEARISH,RSI_NORMAL,HIGH_VOLATILITY
2020-03-19,1540.0,1653.95,1431.2,1601.2,4910000.0,1686.42,1802.6625,28.01341308682254,0.025011171287314983,BEARISH,RSI_LOW,HIGH_VOLATILITY
2020-03-20,1610.0,1757.4,1570.55,1742.95,3130000.0,1675.47,1795.565,45.75355157504632,0.03277879679180096,BEARISH,RSI_NORMAL,HIGH_VOLATILITY
2020-03-23,1578.6,1650.0,1490.75,1498.45,2160000.0,1638.48,1778.3750000000005,33.63414495714852,0.044773554053856,BEARISH,RSI_NORMAL,HIGH_VOLATILITY
2020-03-24,1556.55,1598.0,1453.25,1524.85,3910000.0,1597.1299999999999,1763.67,34.57363473589972,0.04516360630590165,BEARISH,RSI_NORMAL,HIGH_VOLATILITY
2020-03-25,1446.55,1605.35,1446.0,1593.15,2200000.0,1592.1200000000001,1752.0225000000003,36.0688901038819,0.04662138211781528,BEARISH,RSI_NORMAL,HIGH_VOLATILITY
2020-03-26,1605.0,1650.0,1574.0,1616.95,2620000.0,1595.27,1741.5375,35.879578855012056,0.04683538813815509,BEARISH,RSI_NORMAL,HIGH_VOLATILITY
2020-03-27,1664.8,1665.25,1550.2,1604.15,2100000.0,1567.5099999999998,1729.5549999999998,35.17252604166666,0.04671538080529178,BEARISH,RSI_NORMAL,HIGH_VOLATILITY
2020-03-30,1591.15,1619.5,1559.05,1594.95,1840000.0,1586.81,1719.405,35.214557305812036,0.0465010669416342,BEARISH,RSI_NORMAL,HIGH_VOLATILITY
2020-03-31,1625.0,1690.0,1601.8,1666.5,2790000.0,1615.14,1713.39,38.920469094074875,0.04780936298554199,BEARISH,RSI_NORMAL,HIGH_VOLATILITY
2020-04-01,1650.05,1655.0,1584.25,1603.2,1560000.0,1617.15,1703.5225000000003,37.994300854871774,0.04839177373751676,BEARISH,RSI_NORMAL,HIGH_VOLATILITY
2020-04-03,1615.1,1616.0,1517.25,1520.9,2930000.0,1597.94,1687.17,36.651234567901234,0.04889003537526073,BEARISH,RSI_NORMAL,HIGH_VOLATILITY
2020-04-07,1540.0,1635.0,1538.0,1623.8,2730000.0,1601.8700000000001,1674.6375,47.09381704700604,0.05158151127043485,BEARISH,RSI_NORMAL,HIGH_VOLATILITY
2020-04-08,1623.8,1687.8,1600.0,1608.95,2380000.0,1604.67,1661.2125,43.818355929640646,0.05155576873139975,BEARISH,RSI_NORMAL,HIGH_VOLATILITY
2020-04-09,1640.0,1678.9,1618.95,1651.35,1490000.0,1601.6399999999999,1650.4225000000001,51.79957657021877,0.05207404244519339,BULLISH,RSI_NORMAL,HIGH_VOLATILITY
2020-04-13,1646.0,1703.65,1602.85,1680.85,2590000.0,1617.17,1640.3224999999998,54.26597397032831,0.052242889755541165,BULLISH,RSI_NORMAL,HIGH_VOLATILITY
2020-04-15,1703.65,1736.75,1683.8,1718.2,2510000.0,1656.6299999999999,1634.065,48.50750768859675,0.05241081036753919,BULLISH,RSI_NORMAL,HIGH_VOLATILITY
2020-04-16,1691.0,1752.3,1684.75,1743.1,1820000.0,1680.4900000000002,1631.335,70.06808301205808,0.05225469300602758,BULLISH,RSI_HIGH,HIGH_VOLATILITY
2020-04-17,1763.0,1783.7,1727.1,1756.25,1400000.0,1709.95,1634.9775000000002,69.40298507462688,0.050089632932957005,BULLISH,RSI_NORMAL,HIGH_VOLATILITY
2020-04-20,1758.25,1758.65,1705.65,1730.45,1430000.0,1725.77,1634.92,62.39617190321417,0.04987528751394048,BULLISH,RSI_NORMAL,HIGH_VOLATILITY
2020-04-21,1710.0,1753.95,1700.0,1726.0,1590000.0,1734.8,1640.31,60.20207690148751,0.04736954821434375,BULLISH,RSI_NORMAL,HIGH_VOLATILITY
2020-04-22,1717.1,1822.0,1712.25,1813.0,3730000.0,1753.7599999999998,1650.9,67.15682247597141,0.048313845340857274,BULLISH,RSI_NORMAL,HIGH_VOLATILITY
2020-04-23,1807.0,1845.4,1801.05,1821.65,2570000.0,1769.47,1654.8350000000003,68.64002631146195,0.04437971214951431,BULLISH,RSI_NORMAL,HIGH_VOLATILITY
2020-04-24,1815.05,1842.8,1814.0,1827.55,2740000.0,1783.73,1671.2900000000002,64.8446861461886,0.028843876610088533,BULLISH,RSI_NORMAL,HIGH_VOLATILITY
2020-04-27,1840.0,1859.8,1818.1,1851.35,1770000.0,1807.9099999999999,1687.6150000000002,74.66945024356298,0.028801362019386573,BULLISH,RSI_HIGH,HIGH_VOLATILITY
2020-04-28,1847.2,1864.0,1806.3,1824.4,1930000.0,1827.5899999999997,1699.1775000000002,83.90303842716716,0.028091827810953818,BULLISH,RSI_HIGH,HIGH_VOLATILITY
2020-04-29,1846.9,1847.0,1755.9,1767.5,2930000.0,1818.4899999999998,1706.705,67.89093625498009,0.029288621198839033,BULLISH,RSI_NORMAL,HIGH_VOLATILITY
2020-04-30,1795.0,1797.0,1741.0,1758.7,2930000.0,1805.9,1714.4325000000001,68.92933889520921,0.029228457961738324,BULLISH,RSI_NORMAL,HIGH_VOLATILITY
2020-05-04,1718.0,1751.0,1671.5,1676.8,2940000.0,1775.75,1718.525,52.92495115503966,0.0313666342225476,BEARISH,RSI_NORMAL,HIGH_VOLATILITY
2020-05-05,1681.0,1692.9,1578.25,1619.15,5870000.0,1729.3100000000002,1716.1575,43.33981001727117,0.030796336918387276,BEARISH,RSI_NORMAL,HIGH_VOLATILITY
2020-05-06,1615.0,1638.7,1577.0,1610.65,3940000.0,1686.56,1716.53,37.6194313341775,0.02957239005809641,BEARISH,RSI_NORMAL,HIGH_VOLATILITY
2020-05-07,1609.95,1628.7,1545.2,1594.3,5260000.0,1651.92,1720.2,32.52700798496947,0.02709227129357142,BEARISH,RSI_NORMAL,HIGH_VOLATILITY
2020-05-08,1611.8,1638.0,1570.0,1578.4,5640000.0,1615.8600000000001,1717.9300000000003,29.249795823124487,0.022462065702951877,BEARISH,RSI_LOW,HIGH_VOLATILITY
2020-05-11,1583.0,1599.0,1555.0,1569.6,3770000.0,1594.42,1715.9625,30.45802454136799,0.02240953687364759,BEARISH,RSI_NORMAL,HIGH_VOLATILITY
2020-05-12,1539.0,1543.75,1512.0,1523.35,4500000.0,1575.26,1709.5625,27.64971876033968,0.022299493526450248,BEARISH,RSI_LOW,HIGH_VOLATILITY
2020-05-13,1579.8,1579.8,1533.35,1563.3,2940000.0,1565.79,1703.6850000000002,19.271474280088597,0.022799562747913154,BEARISH,RSI_LOW,HIGH_VOLATILITY
2020-05-14,1553.3,1557.6,1517.0,1522.4,2590000.0,1551.4099999999999,1693.895,15.88188347964882,0.022506133016986417,BEARISH,RSI_LOW,HIGH_VOLATILITY
2020-05-15,1529.0,1560.0,1510.0,1552.95,2860000.0,1546.3200000000002,1684.3875,20.358376511226254,0.022803135371074482,BEARISH,RSI_LOW,HIGH_VOLATILITY
2020-05-18,1558.0,1558.55,1498.1,1501.1,2870000.0,1532.62,1671.6299999999999,14.351145038167928,0.023398745808889385,BEARISH,RSI_LOW,HIGH_VOLATILITY
2020-05-19,1510.0,1516.95,1482.95,1503.95,3160000.0,1528.74,1660.3049999999998,15.701594776838292,0.023426637590342032,BEARISH,RSI_LOW,HIGH_VOLATILITY
2020-05-20,1503.95,1514.0,1492.65,1500.05,2060000.0,1516.09,1649.0075000000002,17.71097428467948,0.02342643646382006,BEARISH,RSI_LOW,HIGH_VOLATILITY
2020-05-21,1503.0,1583.5,1501.0,1574.3,3850000.0,1526.47,1637.0725,30.775646371976663,0.023310573630352424,BEARISH,RSI_NORMAL,HIGH_VOLATILITY
2020-05-22,1568.8,1625.0,1555.4,1617.9,5200000.0,1539.4599999999998,1626.885,43.32653523680038,0.024444224159139296,BEARISH,RSI_NORMAL,HIGH_VOLATILITY
2020-05-26,1625.0,1656.95,1620.0,1629.85,3550000.0,1565.21,1617.0,51.35237613751261,0.02454081425344497,BULLISH,RSI_NORMAL,HIGH_VOLATILITY
2020-05-27,1631.0,1636.85,1595.95,1619.45,2260000.0,1588.31,1605.405,51.1069182389937,0.02415374016726694,BULLISH,RSI_NORMAL,HIGH_VOLATILITY
2020-05-28,1622.0,1656.95,1615.25,1643.6,3140000.0,1617.02,1596.3650000000002,56.08191463113744,0.02452545656465191,BULLISH,RSI_NORMAL,HIGH_VOLATILITY
2020-05-29,1639.0,1699.0,1633.1,1683.1,3530000.0,1638.78,1592.145,62.205642340871975,0.024520753943890212,BULLISH,RSI_NORMAL,HIGH_VOLATILITY
2020-06-01,1706.5,1711.9,1681.5,1693.25,2530000.0,1653.85,1588.8725,64.369552585706,0.024577597513615844,BULLISH,RSI_NORMAL,HIGH_VOLATILITY
2020-06-02,1693.25,1733.0,1680.0,1709.3,2440000.0,1669.7399999999998,1590.4975,73.2408448943882,0.022268013609852127,BULLISH,RSI_HIGH,HIGH_VOLATILITY
2020-06-03,1724.0,1744.0,1705.85,1716.55,3090000.0,1689.1599999999999,1595.3674999999998,70.85885395399484,0.020635251039123087,BULLISH,RSI_HIGH,HIGH_VOLATILITY
2020-06-04,1716.45,1719.6,1627.0,1633.75,4390000.0,1687.1899999999998,1596.5224999999998,63.60415394013438,0.023581910819399806,BULLISH,RSI_NORMAL,HIGH_VOLATILITY
2020-06-05,1650.0,1659.35,1621.0,1638.55,2880000.0,1678.28,1598.735,61.16036505867014,0.02343801187623931,BULLISH,RSI_NORMAL,HIGH_VOLATILITY
2020-06-08,1657.0,1666.0,1629.0,1634.25,2050000.0,1666.48,1601.5275,69.81693704420303,0.02330373248664307,BULLISH,RSI_NORMAL,HIGH_VOLATILITY
2020-06-09,1640.0,1695.0,1636.75,1642.05,3670000.0,1653.03,1605.15,70.25520680551482,0.023241510427316675,BULLISH,RSI_HIGH,HIGH_VOLATILITY
2020-06-10,1648.0,1675.1,1627.9,1635.95,2070000.0,1636.91,1610.78,69.80472165549406,0.022059711868196233,BULLISH,RSI_NORMAL,HIGH_VOLATILITY
2020-06-11,1635.95,1646.0,1607.0,1610.6,1890000.0,1632.28,1613.145,56.16927260367097,0.021798974200616928,BEARISH,RSI_NORMAL,HIGH_VOLATILITY
2020-06-12,1580.0,1642.95,1577.5,1637.35,2390000.0,1632.04,1618.8925,53.50639985577787,0.021003337827153037,BULLISH,RSI_NORMAL,HIGH_VOLATILITY
2020-06-15,1629.0,1650.65,1602.1,1618.2,1680000.0,1628.83,1622.155,47.952908100509596,0.020913736293198044,BEARISH,RSI_NORMAL,HIGH_VOLATILITY
2020-06-16,1639.0,1640.25,1607.65,1621.7,1500000.0,1624.76,1628.185,50.40518638573744,0.019161020277830978,BEARISH,RSI_NORMAL,HIGH_VOLATILITY
2020-06-17,1607.55,1622.65,1590.4,1595.4,1810000.0,1616.65,1632.7575,41.38670478913512,0.019688804507439227,BEARISH,RSI_NORMAL,HIGH_VOLATILITY
2020-06-18,1595.4,1612.2,1587.3,1597.8,1420000.0,1614.09,1637.645,32.426864441697546,0.019647282422035395,BEARISH,RSI_NORMAL,HIGH_VOLATILITY
2020-06-19,1597.8,1630.0,1591.05,1622.5,2710000.0,1611.1200000000001,1640.0549999999998,36.24878522837704,0.016690628015649626,BEARISH,RSI_NORMAL,HIGH_VOLATILITY
2020-06-22,1633.0,1673.5,1624.0,1652.15,2030000.0,1617.9099999999999,1641.7675,39.44988000738417,0.016036839958537143,BULLISH,RSI_NORMAL,HIGH_VOLATILITY
2020-06-23,1659.85,1689.0,1641.0,1683.9,2340000.0,1630.35,1644.47,44.47265955645846,0.016489949296545747,BULLISH,RSI_NORMAL,HIGH_VOLATILITY
2020-06-24,1684.0,1813.75,1684.0,1747.25,11550000.0,1660.72,1650.86,70.56904675607106,0.018193519468136705,BULLISH,RSI_HIGH,HIGH_VOLATILITY
2020-06-25,1740.0,1747.0,1683.15,1689.0,4050000.0,1678.9599999999998,1653.1299999999999,57.65902535296798,0.01979394094451148,BULLISH,RSI_NORMAL,HIGH_VOLATILITY
2020-06-26,1710.0,1710.35,1670.7,1686.75,2130000.0,1691.81,1653.3125,58.020164986251146,0.019077295925770645,BULLISH,RSI_NORMAL,HIGH_VOLATILITY
2020-06-29,1687.0,1708.45,1674.05,1691.95,2750000.0,1699.77,1653.2475,57.6840160147829,0.019041906808917018,BULLISH,RSI_NORMAL,HIGH_VOLATILITY
2020-06-30,1708.9,1718.0,1681.65,1687.45,1960000.0,1700.48,1652.155,57.96966883317858,0.01892149223654387,BULLISH,RSI_NORMAL,HIGH_VOLATILITY
2020-07-01,1698.0,1698.0,1680.05,1688.0,1660000.0,1688.6299999999999,1650.7275000000002,62.97351659403288,0.018890391304022192,BULLISH,RSI_NORMAL,HIGH_VOLATILITY
2020-07-02,1700.0,1704.0,1660.1,1686.45,2040000.0,1688.1200000000001,1653.3625,58.98938117905533,0.015227055208380615,BULLISH,RSI_NORMAL,HIGH_VOLATILITY
2020-07-03,1695.4,1720.0,1690.0,1695.65,1990000.0,1689.9,1656.2175,64.71594147824436,0.015248227995025839,BULLISH,RSI_NORMAL,HIGH_VOLATILITY
2020-07-06,1708.95,1712.0,1692.15,1708.85,1240000.0,1693.28,1659.9475000000002,65.97031335898845,0.015266021738051335,BULLISH,RSI_NORMAL,HIGH_VOLATILITY
2020-07-07,1708.95,1749.9,1705.85,1745.75,2980000.0,1704.9399999999998,1665.1325000000002,76.52143235138473,0.01585865961007,BULLISH,RSI_HIGH,HIGH_VOLATILITY
2020-07-08,1750.0,1761.8,1680.05,1686.25,2730000.0,1704.5899999999997,1667.6475000000003,62.986345617383655,0.01787922379967253,BULLISH,RSI_NORMAL,HIGH_VOLATILITY
2020-07-09,1694.0,1722.0,1692.1,1717.25,1900000.0,1710.75,1672.98,63.658642064292934,0.01777216266853412,BULLISH,RSI_NORMAL,HIGH_VOLATILITY
2020-07-10,1707.95,1711.0,1695.2,1703.5,1160000.0,1712.3200000000002,1676.2875,57.75796948179483,0.01765845680440318,BULLISH,RSI_NORMAL,HIGH_VOLATILITY
2020-07-13,1708.0,1732.9,1700.0,1705.65,1290000.0,1711.6799999999998,1680.6599999999999,53.608760577401696,0.01735964843957969,BULLISH,RSI_NORMAL,HIGH_VOLATILITY
2020-07-14,1705.65,1718.0,1682.1,1688.4,1350000.0,1700.2099999999998,1683.9950000000001,38.47208619000981,0.017597966507421556,BULLISH,RSI_NORMAL,HIGH_VOLATILITY
2020-07-15,1700.0,1713.6,1663.3,1671.65,1610000.0,1697.2900000000002,1687.8075000000001,45.94152046783628,0.0173056806718451,BEARISH,RSI_NORMAL,HIGH_VOLATILITY
2020-07-16,1679.8,1697.1,1645.1,1693.2,1440000.0,1692.48,1692.5775,51.38382321390261,0.017458548423797963,BULLISH,RSI_NORMAL,HIGH_VOLATILITY
2020-07-17,1695.0,1742.5,1689.75,1717.9,2310000.0,1695.36,1697.3474999999999,55.13759651554149,0.017427021284617875,BULLISH,RSI_NORMAL,HIGH_VOLATILITY
2020-07-20,1727.0,1757.35,1720.25,1751.6,1850000.0,1704.55,1702.3200000000002,61.384205856255534,0.01749140579148824,BULLISH,RSI_NORMAL,HIGH_VOLATILITY
2020-07-21,1761.0,1771.75,1719.0,1724.25,2090000.0,1711.72,1704.3375,55.87425052665695,0.017533300390781773,BULLISH,RSI_NORMAL,HIGH_VOLATILITY
2020-07-22,1724.25,1736.4,1691.0,1695.75,1300000.0,1716.5400000000002,1701.7625,51.385991058122194,0.015721780571248695,BEARISH,RSI_NORMAL,HIGH_VOLATILITY
2020-07-23,1690.0,1740.0,1687.0,1727.8,2380000.0,1723.4599999999998,1703.7025,54.48583786800612,0.014417598314070714,BULLISH,RSI_NORMAL,HIGH_VOLATILITY
2020-07-24,1724.0,1727.0,1682.0,1712.05,3970000.0,1722.2900000000002,1704.9675,50.443336104184,0.01459451562543381,BULLISH,RSI_NORMAL,HIGH_VOLATILITY
2020-07-27,1717.2,1788.0,1717.2,1778.15,6470000.0,1727.6,1709.2775000000001,54.152781338118444,0.01686618584672923,BULLISH,RSI_NORMAL,HIGH_VOLATILITY
2020-07-28,1779.0,1792.65,1751.05,1759.65,2530000.0,1734.6799999999998,1712.8875,60.512747063878564,0.017081365313249216,BULLISH,RSI_NORMAL,HIGH_VOLATILITY
2020-07-29,1770.0,1779.9,1730.0,1740.15,1530000.0,1743.56,1715.4950000000001,53.391587677725134,0.01733702834045676,BULLISH,RSI_NORMAL,HIGH_VOLATILITY
2020-07-30,1752.0,1778.0,1728.1,1743.35,2110000.0,1746.67,1718.3400000000001,56.09234062070019,0.01732636581341233,BULLISH,RSI_NORMAL,HIGH_VOLATILITY
2020-07-31,1754.0,1770.9,1710.4,1715.5,1680000.0,1747.36,1719.3325,51.39617292700212,0.017746164110835252,BEARISH,RSI_NORMAL,HIGH_VOLATILITY
2020-08-03,1729.0,1735.0,1697.5,1705.5,1440000.0,1732.8300000000004,1719.1650000000002,52.47467438494934,0.017722454771273963,BEARISH,RSI_NORMAL,HIGH_VOLATILITY
2020-08-04,1719.0,1735.0,1708.55,1713.95,1820000.0,1723.69,1717.575,56.27224199288257,0.017035151975459958,BEARISH,RSI_NORMAL,HIGH_VOLATILITY
2020-08-05,1718.0,1741.95,1712.5,1716.3,1420000.0,1718.92,1719.0775,53.6320754716981,0.015124979176331588,BEARISH,RSI_NORMAL,HIGH_VOLATILITY
2020-08-06,1732.05,1752.1,1720.1,1727.55,1910000.0,1715.7599999999998,1719.5925,51.58430471186995,0.014632309412790256,BULLISH,RSI_NORMAL,HIGH_VOLATILITY
2020-08-07,1727.55,1816.9,1725.7,1806.25,5170000.0,1733.9099999999999,1724.73,57.81719353454444,0.017611191536671997,BULLISH,RSI_NORMAL,HIGH_VOLATILITY
2020-08-10,1810.0,1824.3,1777.0,1782.35,1890000.0,1749.28,1728.565,58.39352788211499,0.017984109908308968,BULLISH,RSI_NORMAL,HIGH_VOLATILITY
2020-08-11,1800.0,1837.8,1780.0,1789.55,3040000.0,1764.4,1733.6225,64.43965517241378,0.017744599032090077,BULLISH,RSI_NORMAL,HIGH_VOLATILITY
2020-08-12,1789.95,1806.0,1772.0,1797.25,1680000.0,1780.5900000000001,1739.9024999999997,61.55766350474289,0.017479990094626367,BULLISH,RSI_NORMAL,HIGH_VOLATILITY
2020-08-13,1806.4,1815.0,1788.0,1802.55,1190000.0,1795.5899999999997,1745.3700000000001,65.60344827586206,0.017347869963195615,BULLISH,RSI_NORMAL,HIGH_VOLATILITY
2020-08-14,1818.7,1830.0,1795.5,1802.55,1870000.0,1794.85,1749.6024999999997,55.44886109870475,0.01715276459213276,BULLISH,RSI_NORMAL,HIGH_VOLATILITY
2020-08-17,1820.0,1842.5,1801.85,1836.7,1630000.0,1805.72,1753.8575,66.08223752869964,0.017118207941899218,BULLISH,RSI_NORMAL,HIGH_VOLATILITY
2020-08-18,1831.0,1884.0,1831.0,1874.1,2590000.0,1822.6299999999999,1761.35,76.01476014760146,0.01700308359138235,BULLISH,RSI_HIGH,HIGH_VOLATILITY
2020-08-19,1890.0,1902.4,1872.55,1885.7,1950000.0,1840.3200000000002,1770.8474999999999,76.77261613691932,0.016281114547230635,BULLISH,RSI_HIGH,HIGH_VOLATILITY
2020-08-20,1867.95,1880.0,1857.05,1874.9,1540000.0,1854.7900000000002,1778.2024999999999,82.03376205787781,0.01614076151108073,BULLISH,RSI_HIGH,HIGH_VOLATILITY
2020-08-21,1887.9,1973.25,1880.75,1958.0,5690000.0,1885.8800000000003,1790.5,89.2202547374961,0.01811953023412263,BULLISH,RSI_HIGH,HIGH_VOLATILITY
2020-08-24,1958.0,1996.0,1940.0,1962.15,4000000.0,1910.97,1799.7,89.07430730478589,0.016524213287893427,BULLISH,RSI_HIGH,HIGH_VOLATILITY
2020-08-25,1964.25,2016.85,1964.0,2000.6,3540000.0,1936.27,1811.7475,90.18942606728865,0.01640751742317399,BULLISH,RSI_HIGH,HIGH_VOLATILITY
2020-08-26,2000.95,2009.0,1955.5,1971.4,2250000.0,1953.4099999999999,1823.31,82.80640387461324,0.016623790061893476,BULLISH,RSI_HIGH,HIGH_VOLATILITY
2020-08-27,1980.9,2009.0,1970.05,1982.5,3120000.0,1974.9299999999998,1835.2675,78.98371978293046,0.016590778760044795,BULLISH,RSI_HIGH,HIGH_VOLATILITY
2020-08-28,1994.0,1997.0,1953.3,1958.1,1840000.0,1974.95,1847.3974999999998,78.85404695452308,0.01634688724853976,BULLISH,RSI_HIGH,HIGH_VOLATILITY
2020-08-31,1977.0,1983.9,1881.25,1899.1,2740000.0,1962.3400000000001,1857.0774999999999,65.37112389504702,0.018137116536019595,BULLISH,RSI_NORMAL,HIGH_VOLATILITY
2020-09-01,1925.0,1988.0,1907.75,1979.3,3070000.0,1958.08,1870.345,71.22537017605224,0.019902592220647462,BULLISH,RSI_HIGH,HIGH_VOLATILITY
2020-09-02,1977.95,1997.0,1925.0,1943.95,2570000.0,1952.5900000000001,1881.7274999999997,65.40640662453697,0.020659787094657815,BULLISH,RSI_NORMAL,HIGH_VOLATILITY
2020-09-03,1950.2,1987.85,1945.0,1978.0,1930000.0,1951.69,1894.25,67.79592250735371,0.020807646959220306,BULLISH,RSI_NORMAL,HIGH_VOLATILITY
2020-09-04,1958.0,1993.7,1951.0,1956.35,1930000.0,1951.3400000000001,1901.7550000000003,62.45186804037881,0.019058826019850473,BULLISH,RSI_NORMAL,HIGH_VOLATILITY
2020-09-07,1965.0,2003.65,1948.1,1982.1,2860000.0,1967.9399999999998,1911.7424999999998,61.51877133105803,0.018700873186891166,BULLISH,RSI_NORMAL,HIGH_VOLATILITY
2020-09-08,1987.5,2001.95,1952.0,1960.35,2400000.0,1964.15,1920.2825,57.79308904896126,0.01906000639098922,BULLISH,RSI_NORMAL,HIGH_VOLATILITY
2020-09-09,1960.35,1993.9,1958.0,1979.05,2780000.0,1971.1699999999996,1929.3725000000002,60.69631303276162,0.019089635843640707,BULLISH,RSI_NORMAL,HIGH_VOLATILITY
2020-09-10,1985.05,2069.7,1981.0,2056.55,5080000.0,1986.8799999999999,1942.0724999999998,60.23896103896106,0.020546403209619903,BULLISH,RSI_NORMAL,HIGH_VOLATILITY
2020-09-11,2063.0,2069.95,2022.0,2035.95,2600000.0,2002.8,1953.7425000000003,57.41410488245931,0.0208411537258539,BULLISH,RSI_NORMAL,HIGH_VOLATILITY
2020-09-14,2050.0,2054.0,2005.0,2031.2,2140000.0,2012.6200000000001,1963.4675,53.29741379310346,0.020704902485286582,BULLISH,RSI_NORMAL,HIGH_VOLATILITY
2020-09-15,2045.0,2049.55,2009.05,2017.55,2000000.0,2024.0600000000002,1970.64,55.145501170699056,0.020549324240935814,BULLISH,RSI_NORMAL,HIGH_VOLATILITY
2020-09-16,2027.0,2027.0,1994.15,2012.1,1720000.0,2030.67,1976.9600000000003,53.34236675700089,0.02059314346447783,BULLISH,RSI_NORMAL,HIGH_VOLATILITY
2020-09-17,2000.0,2045.0,2000.0,2007.95,2420000.0,2020.95,1983.6125,55.89871021180927,0.020523388199226597,BULLISH,RSI_NORMAL,HIGH_VOLATILITY
2020-09-18,2026.3,2044.35,2015.0,2028.4,3020000.0,2019.44,1987.1325000000002,66.8359375,0.018255357856682166,BULLISH,RSI_NORMAL,HIGH_VOLATILITY
2020-09-21,2036.4,2057.0,1962.3,1972.55,2520000.0,2007.7099999999998,1987.6525000000001,49.06158765466426,0.019406602119828493,BEARISH,RSI_NORMAL,HIGH_VOLATILITY
2020-09-22,1990.2,1995.7,1926.35,1937.5,1970000.0,1991.7,1984.4975000000002,49.102546264087934,0.019263628670579732,BEARISH,RSI_NORMAL,HIGH_VOLATILITY
2020-09-23,1940.0,1990.0,1928.3,1946.55,2730000.0,1978.5900000000001,1983.2549999999999,45.296844623897115,0.019050966751082157,BEARISH,RSI_NORMAL,HIGH_VOLATILITY
2020-09-24,1941.55,1945.0,1907.75,1918.35,1910000.0,1960.67,1980.0475,44.42651804048109,0.01924243861101122,BEARISH,RSI_NORMAL,HIGH_VOLATILITY
2020-09-25,1925.25,1955.0,1908.0,1925.6,1940000.0,1940.11,1978.4225,41.2375930521092,0.019101228462058917,BEARISH,RSI_NORMAL,HIGH_VOLATILITY
2020-09-28,1938.0,1958.0,1930.0,1945.6,1140000.0,1934.72,1980.7475000000002,47.69998440667395,0.017923864663711493,BEARISH,RSI_NORMAL,HIGH_VOLATILITY
2020-09-29,1960.0,1989.95,1954.0,1959.95,1970000.0,1939.2099999999998,1979.78,46.9807145115397,0.015233569435222496,BEARISH,RSI_NORMAL,HIGH_VOLATILITY
2020-09-30,1966.1,2004.0,1958.15,1986.4,2520000.0,1947.1799999999998,1981.9025000000001,36.77662582469369,0.014950936248406776,BULLISH,RSI_NORMAL,HIGH_VOLATILITY
2020-10-01,2007.0,2049.35,1992.05,2040.45,2010000.0,1971.6,1985.025,50.75326414462671,0.0156490436772589,BULLISH,RSI_NORMAL,HIGH_VOLATILITY
2020-10-05,2040.45,2042.7,2011.0,2028.0,1550000.0,1992.08,1988.6074999999996,49.47780678851174,0.015480080291297861,BULLISH,RSI_NORMAL,HIGH_VOLATILITY
2020-10-06,2050.0,2097.9,2045.1,2090.0,3150000.0,2020.9599999999998,1994.0024999999998,60.21141649048626,0.01659526432548703,BULLISH,RSI_NORMAL,HIGH_VOLATILITY
2020-10-07,2080.0,2118.8,2073.95,2105.0,2430000.0,2049.9700000000003,2001.235,62.7504803733187,0.016296963254794187,BULLISH,RSI_NORMAL,HIGH_VOLATILITY
2020-10-08,2104.5,2107.95,2072.05,2088.65,1430000.0,2070.42,2006.7149999999997,60.717131474103596,0.016429038199221296,BULLISH,RSI_NORMAL,HIGH_VOLATILITY
2020-10-09,2094.0,2108.9,2045.15,2050.6,1640000.0,2072.45,2006.4175,52.81654402435927,0.014665371356786335,BULLISH,RSI_NORMAL,HIGH_VOLATILITY
2020-10-12,2067.9,2086.45,2041.25,2077.85,2180000.0,2082.4199999999996,2008.5125,64.4049247606019,0.014756783073577256,BULLISH,RSI_NORMAL,HIGH_VOLATILITY
2020-10-13,2077.0,2114.0,2054.05,2064.65,2620000.0,2077.35,2010.185,68.4999272515641,0.014833495111205438,BULLISH,RSI_NORMAL,HIGH_VOLATILITY
2020-10-14,2070.0,2085.5,2055.0,2071.35,1530000.0,2070.62,2012.875,68.28303545268092,0.014730314149944591,BULLISH,RSI_NORMAL,HIGH_VOLATILITY
2020-10-15,2070.0,2124.0,2066.05,2090.45,4000000.0,2070.98,2016.7925,75.90307043949427,0.014795864427867662,BULLISH,RSI_HIGH,HIGH_VOLATILITY
2020-10-16,2089.95,2090.0,2055.55,2061.2,2020000.0,2073.1,2019.455,69.14172783738,0.01520377394675248,BULLISH,RSI_NORMAL,HIGH_VOLATILITY
2020-10-19,2079.95,2079.95,2056.5,2070.1,1340000.0,2071.55,2021.5399999999997,68.14339842611483,0.015081866348781467,BULLISH,RSI_NORMAL,HIGH_VOLATILITY
2020-10-20,2077.9,2131.8,2067.35,2118.5,2380000.0,2082.3199999999997,2028.8374999999996,71.01948826726766,0.014264518834064101,BULLISH,RSI_HIGH,HIGH_VOLATILITY
2020-10-21,2130.0,2143.85,2081.25,2114.3,2900000.0,2090.9100000000003,2037.6774999999998,68.01916032685267,0.013427911376479924,BULLISH,RSI_NORMAL,LOW_VOLATILITY
2020-10-22,2114.2,2116.85,2076.8,2099.9,2760000.0,2092.8,2045.345,59.42902458366378,0.013661862228087329,BULLISH,RSI_NORMAL,HIGH_VOLATILITY
2020-10-23,2113.5,2129.4,2096.0,2120.25,3070000.0,2104.6099999999997,2055.44,64.27355717159216,0.01300432412176216,BULLISH,RSI_NORMAL,LOW_VOLATILITY
2020-10-26,2116.35,2116.35,2070.05,2080.45,1280000.0,2106.6800000000003,2063.1825,48.41335770061469,0.014059304679369375,BULLISH,RSI_NORMAL,HIGH_VOLATILITY
2020-10-27,2085.0,2207.35,2085.0,2197.8,4960000.0,2122.54,2075.7925,61.50508306471611,0.01829331236946203,BULLISH,RSI_NORMAL,HIGH_VOLATILITY
2020-10-28,2199.8,2218.55,2150.15,2159.55,3170000.0,2131.59,2085.7725,58.33725305738477,0.019038389740905902,BULLISH,RSI_NORMAL,HIGH_VOLATILITY
2020-10-29,2162.0,2233.25,2161.1,2225.45,4800000.0,2156.7,2097.725,69.29698708751793,0.01980179240992598,BULLISH,RSI_NORMAL,HIGH_VOLATILITY
2020-10-30,2210.1,2242.85,2195.5,2211.5,3010000.0,2174.95,2106.2775,65.19613416714046,0.019312889834143206,BULLISH,RSI_NORMAL,HIGH_VOLATILITY
2020-11-02,2198.0,2225.9,2166.1,2172.85,1770000.0,2193.43,2113.52,61.629406706792764,0.019793972714723176,BULLISH,RSI_NORMAL,HIGH_VOLATILITY
2020-11-03,2193.9,2193.9,2146.75,2154.65,1780000.0,2184.8,2116.7525,58.737151248164494,0.01890046232613887,BULLISH,RSI_NORMAL,HIGH_VOLATILITY
2020-11-04,2160.0,2213.85,2156.0,2169.45,2190000.0,2186.78,2119.975,58.36155800169348,0.018895879710773996,BULLISH,RSI_NORMAL,HIGH_VOLATILITY
2020-11-05,2190.0,2245.7,2183.65,2238.3,2670000.0,2189.35,2127.4575,67.29492187500003,0.019895069386835985,BULLISH,RSI_NORMAL,HIGH_VOLATILITY
2020-11-06,2233.95,2248.0,2202.5,2209.05,2400000.0,2188.8599999999997,2135.38,63.050624589086155,0.019628695946498683,BULLISH,RSI_NORMAL,HIGH_VOLATILITY
2020-11-09,2249.0,2249.0,2214.15,2225.2,1690000.0,2199.33,2142.7475,60.66786642671465,0.019523570862471654,BULLISH,RSI_NORMAL,HIGH_VOLATILITY
2020-11-10,2225.2,2238.55,2189.0,2199.75,1880000.0,2208.35,2149.5025,58.19507049007384,0.01969249221057373,BULLISH,RSI_NORMAL,HIGH_VOLATILITY
2020-11-11,2205.0,2223.0,2157.3,2181.7,2390000.0,2210.8,2155.0199999999995,57.79047619047617,0.019861592528575348,BULLISH,RSI_NORMAL,HIGH_VOLATILITY
2020-11-12,2172.0,2201.75,2162.0,2171.8,1630000.0,2197.5,2159.0875,55.0092313672141,0.019865134282118297,BULLISH,RSI_NORMAL,HIGH_VOLATILITY
2020-11-13,2180.5,2206.55,2172.0,2179.95,1560000.0,2191.6800000000003,2165.025,60.30234002899154,0.019501767100779638,BULLISH,RSI_NORMAL,HIGH_VOLATILITY
2020-11-14,2192.0,2193.4,2180.35,2184.6,146990.0,2183.56,2170.75,48.21717990275522,0.019500009763573953,BULLISH,RSI_NORMAL,HIGH_VOLATILITY
2020-11-17,2206.4,2221.9,2182.0,2187.65,1700000.0,2181.1400000000003,2174.2075,54.19402985074627,0.018893339353988542,BULLISH,RSI_NORMAL,HIGH_VOLATILITY
2020-11-18,2185.0,2210.0,2166.1,2195.75,1820000.0,2183.95,2178.2799999999997,44.642857142857146,0.018876612516484825,BULLISH,RSI_NORMAL,HIGH_VOLATILITY
2020-11-19,2175.0,2195.0,2156.7,2161.7,2670000.0,2181.93,2181.37,41.62462159434909,0.019189226827501328,BEARISH,RSI_NORMAL,HIGH_VOLATILITY
2020-11-20,2163.35,2190.05,2160.55,2166.55,2200000.0,2179.25,2183.685,48.80455407969645,0.019096463110932715,BEARISH,RSI_NORMAL,HIGH_VOLATILITY
2020-11-23,2160.55,2196.95,2138.8,2186.25,4000000.0,2179.5800000000004,2188.975,55.96226415094339,0.018567967495425615,BEARISH,RSI_NORMAL,HIGH_VOLATILITY
2020-11-24,2192.9,2231.0,2191.0,2207.9,2950000.0,2183.63,2189.48,57.07191465881926,0.013774138965143734,BULLISH,RSI_NORMAL,HIGH_VOLATILITY
2020-11-25,2197.25,2208.7,2150.0,2154.3,1680000.0,2175.34,2189.2175,33.632112236944636,0.014314670321793534,BEARISH,RSI_NORMAL,HIGH_VOLATILITY
2020-11-26,2160.0,2177.45,2117.15,2155.3,2250000.0,2174.0600000000004,2185.71,38.23078607400917,0.012387699557583776,BEARISH,RSI_NORMAL,LOW_VOLATILITY
2020-11-27,2170.0,2244.6,2165.0,2215.3,10040000.0,2183.81,2185.9,48.181484202792134,0.013949833762278136,BULLISH,RSI_NORMAL,HIGH_VOLATILITY
2020-12-01,2275.0,2275.0,2206.2,2230.05,2240000.0,2192.57,2188.76,55.793499043977086,0.01337425248168143,BULLISH,RSI_NORMAL,LOW_VOLATILITY
2020-12-02,2241.0,2325.95,2236.0,2315.85,3310000.0,2214.16,2196.82,70.37205770690969,0.01550751930622474,BULLISH,RSI_HIGH,HIGH_VOLATILITY
2020-12-03,2340.0,2421.85,2316.25,2411.4,4330000.0,2265.5800000000004,2208.9175000000005,78.87442757290911,0.0176349337103501,BULLISH,RSI_HIGH,HIGH_VOLATILITY
2020-12-04,2400.0,2445.0,2375.0,2438.75,2790000.0,2322.27,2218.94,79.80879981571067,0.016593669301798133,BULLISH,RSI_HIGH,HIGH_VOLATILITY
2020-12-07,2440.0,2478.8,2437.0,2472.55,1760000.0,2373.7200000000003,2232.115,81.07933081489476,0.016186894901439212,BULLISH,RSI_HIGH,HIGH_VOLATILITY
2020-12-08,2470.55,2484.2,2427.95,2438.9,2090000.0,2415.4900000000002,2242.8,75.43788599777258,0.01674851109514475,BULLISH,RSI_HIGH,HIGH_VOLATILITY
2020-12-09,2450.0,2532.1,2447.0,2522.3,2020000.0,2456.78,2258.9275000000002,78.68751647193181,0.017520995452015724,BULLISH,RSI_HIGH,HIGH_VOLATILITY
2020-12-10,2515.95,2552.0,2501.0,2526.05,2370000.0,2479.71,2276.145,83.80810986359842,0.017209298921816354,BULLISH,RSI_HIGH,HIGH_VOLATILITY
2020-12-11,2516.0,2536.9,2495.0,2520.95,2170000.0,2496.15,2293.6025,82.86959747727688,0.017125631709942624,BULLISH,RSI_HIGH,HIGH_VOLATILITY
2020-12-14,2530.0,2553.9,2521.0,2548.15,1280000.0,2511.27,2312.0125,83.1046469081595,0.017114289098368866,BULLISH,RSI_HIGH,HIGH_VOLATILITY
2020-12-15,2535.0,2538.6,2502.5,2527.45,1280000.0,2528.9800000000005,2329.155,79.28159076330974,0.017448841026494598,BULLISH,RSI_HIGH,HIGH_VOLATILITY
2020-12-16,2540.0,2587.9,2537.6,2582.45,1920000.0,2541.0099999999998,2348.895,89.1326204186088,0.01766926107594513,BULLISH,RSI_HIGH,HIGH_VOLATILITY
2020-12-17,2569.0,2603.35,2557.0,2575.05,1750000.0,2550.8100000000004,2367.86,87.92122142921669,0.01782303384511474,BULLISH,RSI_HIGH,HIGH_VOLATILITY
2020-12-18,2577.0,2636.0,2575.55,2601.5,4400000.0,2566.92,2389.85,87.1417580303904,0.016932131146023,BULLISH,RSI_HIGH,HIGH_VOLATILITY
2020-12-21,2595.45,2602.3,2539.1,2554.65,1380000.0,2568.2200000000003,2409.255,79.40217391304344,0.017959424410755955,BULLISH,RSI_HIGH,HIGH_VOLATILITY
2020-12-22,2541.0,2613.6,2496.2,2600.8,1990000.0,2582.8900000000003,2429.9825,77.80813896750267,0.018088588673734016,BULLISH,RSI_HIGH,HIGH_VOLATILITY
2020-12-23,2604.0,2650.0,2604.0,2642.55,1340000.0,2594.9100000000003,2451.715,75.20444880601895,0.018159146493939373,BULLISH,RSI_HIGH,HIGH_VOLATILITY
2020-12-24,2658.0,2658.0,2613.0,2648.25,1140000.0,2609.55,2476.4125,73.97573815518422,0.016480206315149352,BULLISH,RSI_HIGH,HIGH_VOLATILITY
2020-12-28,2654.25,2689.5,2629.55,2683.9,1230000.0,2626.0299999999997,2502.8425,74.08547008547005,0.016319007676012458,BULLISH,RSI_HIGH,HIGH_VOLATILITY
2020-12-29,2685.0,2712.45,2673.0,2696.8,1560000.0,2654.46,2526.9175,80.8492822966507,0.0158864627400105,BULLISH,RSI_HIGH,HIGH_VOLATILITY
2020-12-30,2694.0,2742.85,2680.35,2734.4,1610000.0,2681.18,2552.1349999999998,78.49274583557224,0.01588929793384503,BULLISH,RSI_HIGH,HIGH_VOLATILITY
2020-12-31,2734.4,2772.0,2725.05,2764.5,1530000.0,2705.57,2574.5675,79.91469075398315,0.014454053732721076,BULLISH,RSI_HIGH,HIGH_VOLATILITY
2021-01-01,2759.0,2792.0,2750.0,2775.55,1250000.0,2731.03,2592.775,81.47095179233627,0.012319866233614288,BULLISH,RSI_HIGH,LOW_VOLATILITY
2021-01-04,2781.1,2791.1,2745.0,2753.7,1360000.0,2744.9900000000002,2608.5225,75.74846548916443,0.012716784765547967,BULLISH,RSI_HIGH,LOW_VOLATILITY
2021-01-05,2753.7,2804.6,2732.0,2793.85,1300000.0,2764.4,2624.5875,81.82035355948402,0.012740730530497712,BULLISH,RSI_HIGH,LOW_VOLATILITY
2021-01-06,2801.3,2822.45,2780.0,2805.35,1700000.0,2778.59,2642.91,79.71207677952547,0.011877179245315166,BULLISH,RSI_HIGH,LOW_VOLATILITY
2021-01-07,2801.0,2831.85,2781.5,2792.25,1140000.0,2784.1400000000003,2656.4075,78.51890756302518,0.010281134316436905,BULLISH,RSI_HIGH,LOW_VOLATILITY
2021-01-08,2818.0,2849.8,2789.05,2844.7,1660000.0,2797.9700000000003,2672.34,79.89183874139623,0.01067695845007673,BULLISH,RSI_HIGH,LOW_VOLATILITY
2021-01-11,2845.0,2873.45,2824.6,2849.3,1520000.0,2817.09,2688.7574999999997,90.41283774516522,0.010563371680984066,BULLISH,RSI_HIGH,LOW_VOLATILITY
2021-01-12,2849.6,2850.0,2712.15,2720.55,6670000.0,2802.43,2697.3775,63.39036117633902,0.01552965458538918,BULLISH,RSI_NORMAL,HIGH_VOLATILITY
2021-01-13,2760.0,2763.0,2678.0,2703.7,2860000.0,2782.1,2706.19,57.24097098875069,0.015460156874836959,BEARISH,RSI_NORMAL,HIGH_VOLATILITY
2021-01-14,2713.0,2736.65,2648.0,2663.9,2120000.0,2756.43,2710.2625,51.71469267009971,0.015342835544613626,BEARISH,RSI_NORMAL,HIGH_VOLATILITY
2021-01-15,2660.9,2661.85,2580.55,2590.9,2570000.0,2705.67,2711.055,40.58132469110797,0.016649794345587478,BEARISH,RSI_NORMAL,HIGH_VOLATILITY
2021-01-18,2592.0,2619.85,2555.4,2588.2,2400000.0,2653.45,2710.3900000000003,38.76938986556358,0.016489611238329895,BEARISH,RSI_NORMAL,HIGH_VOLATILITY
2021-01-19,2615.0,2676.6,2590.0,2645.05,2560000.0,2638.35,2714.91,41.11387369467929,0.016629899270880898,BEARISH,RSI_NORMAL,HIGH_VOLATILITY
2021-01-20,2654.0,2707.15,2645.05,2697.25,2070000.0,2637.06,2719.7325,43.59340764027819,0.01671942358896986,BEARISH,RSI_NORMAL,HIGH_VOLATILITY
2021-01-21,2726.95,2816.95,2695.0,2716.35,5020000.0,2647.55,2723.4224999999997,44.44548695815349,0.01643933433447999,BEARISH,RSI_NORMAL,HIGH_VOLATILITY
2021-01-22,2750.0,2768.85,2590.0,2596.65,4950000.0,2648.7,2720.8424999999997,37.55053507728898,0.01933714820844723,BEARISH,RSI_NORMAL,HIGH_VOLATILITY
2021-01-25,2612.85,2631.5,2501.0,2513.95,3520000.0,2633.85,2712.345,29.214317540472322,0.020212403531252462,BEARISH,RSI_LOW,HIGH_VOLATILITY
2021-01-27,2525.0,2525.0,2430.55,2436.6,2700000.0,2592.16,2699.335,25.055807346276154,0.02103164170425314,BEARISH,RSI_LOW,HIGH_VOLATILITY
2021-01-28,2420.0,2453.95,2401.05,2441.7,3040000.0,2541.05,2684.7,26.02749093893182,0.02063768121962688,BEARISH,RSI_LOW,HIGH_VOLATILITY
2021-01-29,2456.0,2484.0,2400.0,2407.35,2770000.0,2479.25,2666.8424999999997,19.332445130075072,0.02034549917641017,BEARISH,RSI_LOW,HIGH_VOLATILITY
2021-02-01,2426.6,2467.75,2376.9,2447.8,1800000.0,2449.48,2650.455,23.194017892909628,0.02089375588103327,BEARISH,RSI_LOW,HIGH_VOLATILITY
2021-02-02,2460.0,2520.0,2425.1,2463.65,2680000.0,2439.42,2635.9525000000003,29.803459119496864,0.02107354556488139,BEARISH,RSI_LOW,HIGH_VOLATILITY
2021-02-03,2503.85,2503.85,2438.35,2453.65,2410000.0,2442.8300000000004,2618.9425,30.12795040928239,0.02055210830284782,BEARISH,RSI_NORMAL,HIGH_VOLATILITY
2021-02-04,2456.0,2456.0,2398.0,2401.8,3480000.0,2434.85,2598.765,29.56175920149721,0.020655864179122057,BEARISH,RSI_LOW,HIGH_VOLATILITY
2021-02-05,2420.0,2423.9,2370.8,2376.75,3300000.0,2428.7300000000005,2577.9900000000002,31.951116729877796,0.02065403572673892,BEARISH,RSI_NORMAL,HIGH_VOLATILITY
2021-02-08,2394.0,2434.9,2373.4,2416.85,3670000.0,2422.54,2556.5975,36.414810116546434,0.02052844300414117,BEARISH,RSI_NORMAL,HIGH_VOLATILITY
2021-02-09,2432.5,2532.45,2423.65,2506.85,7180000.0,2431.1800000000003,2539.475,39.59023802350103,0.022816637727786384,BEARISH,RSI_NORMAL,HIGH_VOLATILITY
2021-02-10,2529.0,2555.0,2475.0,2510.6,4470000.0,2442.5699999999997,2528.9775,34.83383440318518,0.020920172589450194,BEARISH,RSI_NORMAL,HIGH_VOLATILITY
2021-02-11,2524.95,2540.0,2495.1,2505.5,1450000.0,2463.31,2519.0675,32.46861228901638,0.020915796251704186,BEARISH,RSI_NORMAL,HIGH_VOLATILITY
2021-02-12,2518.0,2523.0,2464.2,2486.1,1380000.0,2485.18,2510.1775000000002,38.96816684961579,0.020778114794428,BEARISH,RSI_NORMAL,HIGH_VOLATILITY
2021-02-15,2495.0,2517.5,2448.55,2456.75,1630000.0,2493.16,2503.4700000000003,43.61179361179363,0.020105324458990787,BEARISH,RSI_NORMAL,HIGH_VOLATILITY
2021-02-16,2472.0,2475.1,2422.0,2450.25,1620000.0,2481.84,2496.5724999999998,51.81106541064084,0.020102562233291366,BEARISH,RSI_NORMAL,HIGH_VOLATILITY
2021-02-17,2436.0,2455.05,2382.0,2388.15,3180000.0,2457.35,2483.7275,43.82851215858019,0.019848892573555973,BEARISH,RSI_NORMAL,HIGH_VOLATILITY
2021-02-18,2424.0,2479.6,2395.25,2470.75,4250000.0,2450.4,2472.4025,56.57539929475214,0.02106026350237713,BEARISH,RSI_NORMAL,HIGH_VOLATILITY
2021-02-19,2470.9,2470.9,2400.0,2416.45,2240000.0,2436.4700000000003,2457.4075000000003,46.83939913297708,0.02124511551502398,BEARISH,RSI_NORMAL,HIGH_VOLATILITY
2021-02-22,2428.75,2448.0,2380.0,2387.05,2000000.0,2422.5299999999997,2446.9275000000002,42.482826300294406,0.019316538781512908,BEARISH,RSI_NORMAL,HIGH_VOLATILITY
2021-02-23,2375.0,2400.0,2315.0,2372.2,3270000.0,2406.92,2439.84,42.08223972003496,0.018190733411084545,BEARISH,RSI_NORMAL,HIGH_VOLATILITY
2021-02-24,2373.0,2409.35,2347.2,2361.35,1710000.0,2401.56,2436.0775,45.72726312453784,0.016968535666190276,BEARISH,RSI_NORMAL,HIGH_VOLATILITY
2021-02-25,2375.0,2386.25,2336.2,2373.75,2840000.0,2382.16,2432.68,49.67440850879097,0.01701768621525485,BEARISH,RSI_NORMAL,HIGH_VOLATILITY
2021-02-26,2338.05,2360.0,2260.0,2277.2,3930000.0,2354.31,2426.1725,36.49811466692449,0.01899546620833973,BEARISH,RSI_NORMAL,HIGH_VOLATILITY
2021-03-01,2300.0,2369.9,2300.0,2362.3,2550000.0,2349.3599999999997,2421.8975,35.89067837969746,0.02059114909143199,BEARISH,RSI_NORMAL,HIGH_VOLATILITY
2021-03-02,2386.0,2402.55,2359.0,2390.4,2030000.0,2353.0,2418.2349999999997,38.79985091315694,0.02073782615883021,BEARISH,RSI_NORMAL,HIGH_VOLATILITY
2021-03-03,2406.0,2417.7,2375.8,2402.1,1590000.0,2361.15,2415.6575000000003,40.48232695139911,0.020771851551697394,BEARISH,RSI_NORMAL,HIGH_VOLATILITY
2021-03-04,2380.0,2435.0,2350.0,2417.1,2150000.0,2369.82,2416.4224999999997,43.59688195991092,0.020261209910103974,BULLISH,RSI_NORMAL,HIGH_VOLATILITY
2021-03-05,2399.0,2423.9,2377.1,2387.1,1950000.0,2391.8,2416.94,43.54435072759292,0.020322294283012576,BEARISH,RSI_NORMAL,HIGH_VOLATILITY
2021-03-08,2383.0,2413.5,2360.05,2382.7,1590000.0,2395.88,2415.2325,43.71452498371637,0.01995204134997802,BEARISH,RSI_NORMAL,HIGH_VOLATILITY
2021-03-09,2400.0,2444.0,2396.15,2422.7,1800000.0,2402.3399999999997,2411.025,53.352741387675856,0.018376770820545806,BULLISH,RSI_NORMAL,HIGH_VOLATILITY
2021-03-10,2446.0,2446.0,2415.55,2431.95,1060000.0,2408.31,2407.0924999999997,45.609866485630214,0.018404313733873887,BULLISH,RSI_NORMAL,HIGH_VOLATILITY
2021-03-12,2442.8,2464.65,2397.0,2401.35,1280000.0,2405.16,2401.8849999999998,48.19464371114301,0.01857292728205418,BEARISH,RSI_NORMAL,HIGH_VOLATILITY
2021-03-15,2402.55,2427.55,2343.05,2355.0,1520000.0,2398.74,2395.33,46.31736182925427,0.01893868021734209,BEARISH,RSI_NORMAL,HIGH_VOLATILITY
2021-03-16,2379.2,2480.0,2375.35,2468.6,4230000.0,2415.92,2395.9224999999997,59.0279078479116,0.021916658840351447,BULLISH,RSI_NORMAL,HIGH_VOLATILITY
2021-03-17,2460.0,2460.0,2411.1,2422.95,1620000.0,2415.97,2394.5575,55.41586073500966,0.022317889652428157,BULLISH,RSI_NORMAL,HIGH_VOLATILITY
2021-03-18,2468.85,2468.85,2390.0,2404.55,1850000.0,2410.49,2395.3774999999996,52.67965895249697,0.02161236904420414,BULLISH,RSI_NORMAL,HIGH_VOLATILITY
2021-03-19,2393.0,2434.0,2355.35,2411.25,3740000.0,2412.4700000000003,2392.4024999999997,63.823863050428,0.020093827231044453,BULLISH,RSI_NORMAL,HIGH_VOLATILITY
2021-03-22,2390.0,2438.1,2390.0,2425.7,1490000.0,2426.6099999999997,2392.8650000000002,57.653307580878774,0.019524293401575098,BULLISH,RSI_NORMAL,HIGH_VOLATILITY
2021-03-23,2430.0,2433.95,2398.2,2410.3,1750000.0,2414.95,2394.0274999999997,52.47820672478208,0.019370397901004935,BULLISH,RSI_NORMAL,HIGH_VOLATILITY
2021-03-24,2410.3,2470.0,2410.0,2443.55,4130000.0,2419.0699999999997,2397.5950000000003,54.89894811488008,0.019512625409801927,BULLISH,RSI_NORMAL,HIGH_VOLATILITY
2021-03-25,2450.95,2469.0,2392.0,2402.2,2270000.0,2418.6,2399.6375,48.34223408989763,0.019911623785666535,BULLISH,RSI_NORMAL,HIGH_VOLATILITY
2021-03-26,2425.0,2513.95,2409.1,2505.15,3080000.0,2437.38,2406.2075,61.29989470661437,0.02199614129216662,BULLISH,RSI_NORMAL,HIGH_VOLATILITY
2021-03-30,2539.1,2583.45,2521.5,2578.05,2330000.0,2467.8500000000004,2421.25,66.53126851146658,0.020174956841933267,BULLISH,RSI_NORMAL,HIGH_VOLATILITY
2021-03-31,2578.05,2582.95,2531.0,2537.4,1620000.0,2493.27,2430.005,59.69568892645819,0.01936642254467068,BULLISH,RSI_NORMAL,HIGH_VOLATILITY
2021-04-01,2532.0,2564.55,2532.0,2551.75,1220000.0,2514.91,2438.0724999999998,60.040227958431124,0.01927848289255052,BULLISH,RSI_NORMAL,HIGH_VOLATILITY
2021-04-05,2558.0,2558.0,2484.5,2510.65,1270000.0,2536.6,2443.5,59.0018118926042,0.019761285411017182,BULLISH,RSI_NORMAL,HIGH_VOLATILITY
2021-04-06,2526.0,2620.0,2504.5,2611.6,3370000.0,2557.8900000000003,2453.225,69.38945141302706,0.02149299313799167,BULLISH,RSI_NORMAL,HIGH_VOLATILITY
2021-04-07,2605.0,2668.05,2600.1,2628.6,1940000.0,2568.0,2465.3,64.15678640948505,0.021141813669292804,BULLISH,RSI_NORMAL,HIGH_VOLATILITY
2021-04-08,2630.0,2658.4,2628.0,2650.65,897480.0,2590.65,2478.6974999999998,71.02493074792248,0.021090231877712588,BULLISH,RSI_HIGH,HIGH_VOLATILITY
2021-04-09,2635.0,2655.0,2610.15,2630.8,1190000.0,2606.46,2489.1025,70.8352518648126,0.021108075021770846,BULLISH,RSI_HIGH,HIGH_VOLATILITY
2021-04-12,2578.2,2610.0,2555.0,2602.2,1430000.0,2624.77,2497.615,66.90271753562891,0.021380886590872738,BULLISH,RSI_NORMAL,HIGH_VOLATILITY
2021-04-13,2600.0,2626.0,2564.3,2570.7,1200000.0,2616.59,2506.0825,62.45918542704931,0.021362126120778663,BULLISH,RSI_NORMAL,HIGH_VOLATILITY
2021-04-15,2590.0,2593.55,2537.0,2587.7,1210000.0,2608.41,2517.7174999999997,65.20137103684655,0.020673022184795706,BULLISH,RSI_NORMAL,HIGH_VOLATILITY
2021-04-16,2587.6,2693.5,2581.7,2663.7,2760000.0,2611.0199999999995,2527.4725,67.57684630738518,0.01895111265495942,BULLISH,RSI_NORMAL,HIGH_VOLATILITY
2021-04-19,2650.0,2650.0,2566.85,2571.9,1550000.0,2599.2400000000002,2534.92,62.53879119255211,0.020240461184831658,BULLISH,RSI_NORMAL,HIGH_VOLATILITY
2021-04-20,2600.0,2604.7,2528.8,2553.65,1490000.0,2589.5299999999997,2542.375,54.09628378378379,0.020226807056398333,BULLISH,RSI_NORMAL,HIGH_VOLATILITY
2021-04-22,2555.65,2557.0,2488.0,2511.25,1690000.0,2577.6400000000003,2547.375,44.05164737310773,0.02070694303330528,BEARISH,RSI_NORMAL,HIGH_VOLATILITY
2021-04-23,2527.1,2565.0,2496.2,2517.95,1610000.0,2563.69,2551.9875,48.15657283669792,0.02068853196733307,BEARISH,RSI_NORMAL,HIGH_VOLATILITY
2021-04-26,2530.0,2575.0,2530.0,2557.9,1100000.0,2542.5299999999997,2559.3675,50.55590707764621,0.020808771305561708,BEARISH,RSI_NORMAL,HIGH_VOLATILITY
2021-04-27,2545.0,2579.9,2534.0,2574.35,866330.0,2543.0199999999995,2565.9075,56.02649006622516,0.02067579211483545,BULLISH,RSI_NORMAL,HIGH_VOLATILITY
2021-04-28,2588.0,2620.25,2575.0,2614.55,1070000.0,2555.2,2576.525,50.315339390700196,0.020318302476917623,BULLISH,RSI_NORMAL,HIGH_VOLATILITY
2021-04-29,2630.0,2642.0,2570.0,2613.45,1300000.0,2575.6400000000003,2581.94,48.323558703109434,0.018206268890276683,BULLISH,RSI_NORMAL,HIGH_VOLATILITY
2021-04-30,2595.0,2605.8,2524.05,2536.4,1380000.0,2579.33,2579.8574999999996,38.72940712242281,0.018375107613571244,BEARISH,RSI_NORMAL,HIGH_VOLATILITY
2021-05-03,2510.0,2595.1,2505.6,2582.15,1030000.0,2584.18,2582.0950000000003,45.43406851243547,0.01846625590894192,BULLISH,RSI_NORMAL,HIGH_VOLATILITY
2021-05-04,2605.0,2617.95,2571.55,2587.15,1060000.0,2586.74,2583.8650000000002,48.52204654816855,0.018435994300327652,BULLISH,RSI_NORMAL,HIGH_VOLATILITY
2021-05-05,2617.0,2617.0,2546.1,2567.65,1220000.0,2577.3599999999997,2586.715,49.69325153374236,0.018117997217644035,BEARISH,RSI_NORMAL,HIGH_VOLATILITY
2021-05-06,2579.85,2581.85,2528.0,2549.05,1520000.0,2564.48,2583.5875,46.12531328320806,0.015696940743203096,BEARISH,RSI_NORMAL,HIGH_VOLATILITY
2021-05-07,2555.0,2590.0,2541.5,2551.65,1420000.0,2567.5299999999997,2579.74,36.82849418126252,0.0156047174565497,BEARISH,RSI_NORMAL,HIGH_VOLATILITY
2021-05-10,2589.0,2589.0,2542.15,2556.95,1530000.0,2562.4900000000002,2575.0550000000003,47.79400914859078,0.015460170541474078,BEARISH,RSI_NORMAL,HIGH_VOLATILITY
2021-05-11,2533.0,2562.0,2521.3,2556.25,1170000.0,2556.3100000000004,2571.3275000000003,50.40460628695922,0.015401657697487622,BEARISH,RSI_NORMAL,HIGH_VOLATILITY
2021-05-12,2577.0,2588.95,2530.0,2556.2,2090000.0,2554.02,2569.0275,58.0569994622692,0.015237861142773612,BEARISH,RSI_NORMAL,HIGH_VOLATILITY
2021-05-14,2620.0,2835.25,2601.55,2774.5,10540000.0,2599.1099999999997,2579.2174999999997,76.14922026297015,0.0243171688142146,BULLISH,RSI_HIGH,HIGH_VOLATILITY
2021-05-17,2782.0,2824.2,2747.55,2782.75,2130000.0,2645.33,2588.9700000000003,74.50147106897678,0.024310948746236443,BULLISH,RSI_HIGH,HIGH_VOLATILITY
2021-05-18,2797.0,2845.0,2789.0,2821.8,1330000.0,2698.3,2596.875,75.69841104995328,0.023699901290149043,BULLISH,RSI_HIGH,HIGH_VOLATILITY
2021-05-19,2805.15,2849.0,2798.65,2815.85,1220000.0,2750.22,2609.0725,72.50670840787116,0.02204401674194153,BULLISH,RSI_HIGH,HIGH_VOLATILITY
2021-05-20,2814.0,2845.0,2778.5,2794.1,1210000.0,2797.8,2621.0950000000003,69.30640162445229,0.02206224489041996,BULLISH,RSI_NORMAL,HIGH_VOLATILITY
2021-05-21,2807.0,2854.0,2795.0,2832.5,1330000.0,2809.4,2637.1575000000003,84.49440820130472,0.021555364921670768,BULLISH,RSI_HIGH,HIGH_VOLATILITY
2021-05-24,2846.0,2849.0,2808.2,2819.2,813090.0,2816.69,2652.22,79.87397605545047,0.021682271549412036,BULLISH,RSI_HIGH,HIGH_VOLATILITY
2021-05-25,2836.9,2922.65,2822.75,2914.4,2730000.0,2835.21,2670.045,83.60201252695343,0.02247134565214383,BULLISH,RSI_HIGH,HIGH_VOLATILITY
2021-05-26,2939.85,2947.9,2910.4,2941.6,1250000.0,2860.36,2688.4075000000003,87.79945415950667,0.022478365301643738,BULLISH,RSI_HIGH,HIGH_VOLATILITY
2021-05-27,2950.0,2965.0,2902.25,2949.35,2420000.0,2891.41,2705.1475,91.37040099214543,0.022401396489055023,BULLISH,RSI_HIGH,HIGH_VOLATILITY
2021-05-28,2958.15,2963.8,2931.15,2940.7,711380.0,2913.05,2721.51,89.71113606205972,0.022447896044761998,BULLISH,RSI_HIGH,HIGH_VOLATILITY
2021-05-31,2938.0,2989.95,2936.1,2977.5,2090000.0,2944.71,2743.565,90.33278987244645,0.02084678364730075,BULLISH,RSI_HIGH,HIGH_VOLATILITY
2021-06-01,2965.0,2982.6,2915.1,2931.0,1190000.0,2948.0299999999997,2761.0075,83.03799700255657,0.021366694181146027,BULLISH,RSI_HIGH,HIGH_VOLATILITY
2021-06-02,2918.85,2933.75,2877.15,2903.7,2070000.0,2940.45,2776.835,79.23115746971729,0.02164127611767997,BULLISH,RSI_HIGH,HIGH_VOLATILITY
2021-06-03,2919.6,2942.0,2904.05,2935.35,1400000.0,2937.65,2795.22,69.72409564684236,0.02142582284122076,BULLISH,RSI_NORMAL,HIGH_VOLATILITY
2021-06-04,2953.0,2990.0,2908.0,2924.9,1510000.0,2934.4900000000002,2814.0125,67.33748018050977,0.021313155973711542,BULLISH,RSI_NORMAL,HIGH_VOLATILITY
2021-06-07,2930.0,2941.0,2903.95,2933.1,802420.0,2925.6099999999997,2833.085,64.67950408863089,0.02129006313942749,BULLISH,RSI_NORMAL,HIGH_VOLATILITY
2021-06-08,2928.0,2944.25,2907.5,2926.25,762930.0,2924.66,2851.5499999999997,64.52631578947367,0.021368627371724794,BULLISH,RSI_NORMAL,HIGH_VOLATILITY
2021-06-09,2930.8,2965.0,2919.6,2943.55,1340000.0,2932.63,2870.915,69.89748369058714,0.021302835265132575,BULLISH,RSI_NORMAL,HIGH_VOLATILITY
2021-06-10,2945.0,2959.3,2920.65,2950.6,1340000.0,2935.6800000000003,2890.6349999999998,67.15572341661823,0.021266066923592543,BULLISH,RSI_NORMAL,HIGH_VOLATILITY
2021-06-11,2960.0,2971.6,2938.6,2956.25,878450.0,2941.95,2899.7225,70.36101619373052,0.01073914113344496,BULLISH,RSI_HIGH,LOW_VOLATILITY
2021-06-14,2955.1,2970.0,2916.5,2949.9,746820.0,2945.3100000000004,2908.08,57.165926524020996,0.01080647572534284,BULLISH,RSI_NORMAL,LOW_VOLATILITY
2021-06-15,2970.0,3050.0,2960.95,3042.2,2260000.0,2968.5,2919.0999999999995,66.08056265984655,0.012318833227641258,BULLISH,RSI_NORMAL,LOW_VOLATILITY
2021-06-16,3029.0,3042.2,3005.5,3018.7,859510.0,2983.5299999999997,2929.2425,60.553949170598074,0.012523835458893438,BULLISH,RSI_NORMAL,LOW_VOLATILITY
2021-06-17,3017.95,3073.95,3000.5,3060.3,1530000.0,3005.47,2942.5525,66.54218533886589,0.012427022577862722,BULLISH,RSI_NORMAL,LOW_VOLATILITY
2021-06-18,3061.55,3077.8,3016.05,3047.2,2290000.0,3023.66,2953.2875,60.316755476613345,0.012385053548313664,BULLISH,RSI_NORMAL,LOW_VOLATILITY
2021-06-21,3024.2,3079.15,3021.05,3068.55,720490.0,3047.39,2965.755,71.99744122821045,0.012241554591570903,BULLISH,RSI_HIGH,LOW_VOLATILITY
2021-06-22,3085.0,3092.85,3004.2,3010.8,1200000.0,3041.11,2970.575,65.607694549694,0.011184824808486073,BULLISH,RSI_NORMAL,LOW_VOLATILITY
2021-06-23,3030.0,3030.0,2983.5,2987.35,1010000.0,3034.84,2972.8625,57.76351149596894,0.011224017735292486,BULLISH,RSI_NORMAL,LOW_VOLATILITY
2021-06-24,2987.35,3049.7,2975.45,3043.25,985600.0,3031.4300000000003,2977.5575,65.55803864861306,0.011914475507467043,BULLISH,RSI_NORMAL,LOW_VOLATILITY
2021-06-25,3030.2,3053.5,2985.0,3003.9,786960.0,3022.77,2980.7174999999997,58.60267314702309,0.01231907006373046,BULLISH,RSI_NORMAL,LOW_VOLATILITY
2021-06-28,3024.0,3038.85,2976.25,2982.95,891700.0,3005.65,2980.99,56.66118421052628,0.01214113524118412,BULLISH,RSI_NORMAL,LOW_VOLATILITY
2021-06-29,2989.0,3023.85,2973.05,3001.5,1240000.0,3003.79,2984.515,56.788098863769434,0.011618135770980777,BULLISH,RSI_NORMAL,LOW_VOLATILITY
2021-06-30,2999.0,3030.0,2985.65,2992.7,924520.0,3004.8599999999997,2988.965,54.91133924405036,0.01139818267813323,BULLISH,RSI_NORMAL,LOW_VOLATILITY
2021-07-01,3008.0,3026.9,2997.0,3021.6,848240.0,3000.5299999999997,2993.2775,57.231382095828224,0.011347919916911283,BULLISH,RSI_NORMAL,LOW_VOLATILITY
2021-07-02,3032.95,3038.8,2999.75,3005.0,805540.0,3000.75,2997.2825000000003,55.96191300584286,0.011401500712998829,BULLISH,RSI_NORMAL,LOW_VOLATILITY
2021-07-05,3020.0,3050.0,3007.1,3014.8,863340.0,3007.12,3001.3675000000003,46.39093782929407,0.011404897394448797,BULLISH,RSI_NORMAL,LOW_VOLATILITY
2021-07-06,3003.0,3029.5,2996.0,3002.5,762630.0,3007.32,3005.1800000000003,47.80130293159613,0.011441869365927174,BEARISH,RSI_NORMAL,LOW_VOLATILITY
2021-07-07,3065.0,3069.0,3011.25,3040.1,1230000.0,3016.8,3010.0075,47.228320526893505,0.011673776189727151,BULLISH,RSI_NORMAL,LOW_VOLATILITY
2021-07-08,3050.0,3059.0,3018.8,3028.3,907390.0,3018.1400000000003,3013.8925,47.39741118149276,0.011737712572238653,BULLISH,RSI_NORMAL,LOW_VOLATILITY
2021-07-09,3022.0,3039.15,3007.0,3010.6,547080.0,3019.26,3016.61,41.9390735846432,0.011846342352922316,BEARISH,RSI_NORMAL,LOW_VOLATILITY
2021-07-12,3034.9,3042.85,2991.05,2999.4,765570.0,3016.18,3019.085,48.178331735378706,0.011873359635886928,BEARISH,RSI_NORMAL,LOW_VOLATILITY
2021-07-13,3020.0,3021.1,2985.35,2993.85,703480.0,3014.45,3016.6675000000005,51.10169491525424,0.009480264816183132,BEARISH,RSI_NORMAL,LOW_VOLATILITY
2021-07-14,3003.0,3007.75,2984.2,3001.95,470740.0,3006.8199999999997,3015.83,41.64644012944983,0.009363020637255087,BEARISH,RSI_NORMAL,LOW_VOLATILITY
2021-07-15,3010.0,3011.0,2971.1,2983.6,635540.0,2997.88,3011.995,45.51282051282049,0.008837457193840834,BEARISH,RSI_NORMAL,LOW_VOLATILITY
2021-07-16,2994.0,3006.0,2965.0,2989.3,1060000.0,2993.62,3009.1,51.50509599431152,0.008833451386755934,BEARISH,RSI_NORMAL,LOW_VOLATILITY
2021-07-19,2989.3,2999.7,2965.0,2981.95,837840.0,2990.13,3004.77,45.10638297872338,0.008637724169883567,BEARISH,RSI_NORMAL,LOW_VOLATILITY
2021-07-20,2996.0,3179.5,2979.55,3159.05,6760000.0,3023.17,3012.1825,72.59883168047818,0.015394823340643442,BULLISH,RSI_HIGH,HIGH_VOLATILITY
2021-07-22,3130.0,3165.0,3090.0,3106.75,1980000.0,3044.13,3018.1525,60.876229403499785,0.015822538322769662,BULLISH,RSI_NORMAL,HIGH_VOLATILITY
2021-07-23,3106.0,3129.6,3078.05,3083.75,815330.0,3064.1600000000003,3020.1775000000002,59.896946085207965,0.015450696442508995,BULLISH,RSI_NORMAL,HIGH_VOLATILITY
2021-07-26,3079.95,3119.0,3051.2,3061.2,1140000.0,3078.54,3023.0425,55.65026790063316,0.015238096872439018,BULLISH,RSI_NORMAL,HIGH_VOLATILITY
2021-07-27,3079.4,3081.5,3021.3,3028.65,904290.0,3087.88,3025.3275000000003,53.03469885110828,0.015360999359738855,BULLISH,RSI_NORMAL,HIGH_VOLATILITY
2021-07-28,3030.35,3033.0,2984.0,3004.1,996590.0,3056.89,3025.4575,45.691718525610355,0.015432241783415674,BEARISH,RSI_NORMAL,HIGH_VOLATILITY
2021-07-29,3004.1,3039.95,2990.3,2997.45,762680.0,3035.0299999999997,3025.695,46.26196534593478,0.015425519169951739,BEARISH,RSI_NORMAL,HIGH_VOLATILITY
2021-07-30,3008.0,3008.65,2951.9,2958.45,1070000.0,3009.97,3022.5375,43.991243230786964,0.015525700109841192,BEARISH,RSI_NORMAL,HIGH_VOLATILITY
2021-08-02,2985.6,2986.8,2960.65,2974.05,832290.0,2992.54,3020.9900000000002,47.108474962929186,0.015546300058313846,BEARISH,RSI_NORMAL,HIGH_VOLATILITY
2021-08-03,3020.0,3065.0,2994.2,3027.0,2430000.0,2992.21,3021.6,53.41224909933093,0.01605851432423917,BULLISH,RSI_NORMAL,HIGH_VOLATILITY
2021-08-04,3040.6,3053.3,3012.0,3018.6,659300.0,2995.1099999999997,3022.4049999999997,51.71278675033433,0.016042335259105412,BEARISH,RSI_NORMAL,HIGH_VOLATILITY
2021-08-05,3034.0,3040.0,2980.05,2988.4,693690.0,2993.3,3019.82,50.48202450291224,0.015935856351231435,BEARISH,RSI_NORMAL,HIGH_VOLATILITY
2021-08-06,2995.0,3001.0,2961.45,2966.45,744160.0,2994.9,3016.7275,47.77788583098315,0.015990519261399515,BEARISH,RSI_NORMAL,HIGH_VOLATILITY
2021-08-09,2994.65,3015.0,2973.05,2992.55,825460.0,2998.6,3015.825,50.99455807843877,0.016087766655781613,BEARISH,RSI_NORMAL,HIGH_VOLATILITY
2021-08-10,2998.0,3008.3,2960.55,2977.15,724340.0,2988.63,3014.7125,25.498383620689722,0.016107424483816885,BEARISH,RSI_LOW,HIGH_VOLATILITY
2021-08-11,2987.4,3001.45,2952.55,2972.6,987940.0,2979.43,3013.65,29.262637192765553,0.016105903651399363,BEARISH,RSI_LOW,HIGH_VOLATILITY
2021-08-12,2974.0,2985.25,2958.0,2975.5,438550.0,2976.85,3012.3275000000003,32.157573759683615,0.01609391430720373,BEARISH,RSI_NORMAL,HIGH_VOLATILITY
2021-08-13,2980.9,3002.0,2973.1,2988.7,572250.0,2981.3,3012.5825,37.67006802721092,0.01606700840111649,BEARISH,RSI_NORMAL,HIGH_VOLATILITY
2021-08-16,2980.0,2984.15,2960.0,2971.4,461740.0,2977.0699999999997,3011.6875,39.730941704035914,0.01611614476604825,BEARISH,RSI_NORMAL,HIGH_VOLATILITY
2021-08-17,2974.0,3044.0,2973.1,3015.3,2040000.0,2984.7,3013.355,51.8785642401879,0.016445227200672246,BULLISH,RSI_NORMAL,HIGH_VOLATILITY
2021-08-18,3048.0,3048.0,2992.55,3001.55,1380000.0,2990.4900000000002,3005.48,50.671690694626534,0.008928615943890474,BEARISH,RSI_NORMAL,LOW_VOLATILITY
2021-08-20,3001.5,3124.05,3001.5,3112.95,3930000.0,3017.98,3005.79,70.458156779661,0.01201776602026509,BULLISH,RSI_HIGH,LOW_VOLATILITY
2021-08-23,3159.05,3163.85,3051.0,3077.45,1580000.0,3035.7300000000005,3005.475,63.00628930817606,0.012182578908098957,BULLISH,RSI_NORMAL,LOW_VOLATILITY
2021-08-24,3092.8,3092.8,3034.55,3045.95,763700.0,3050.64,3004.7125,52.51961175375612,0.012291565121228148,BULLISH,RSI_NORMAL,LOW_VOLATILITY
2021-08-25,3026.0,3070.0,3012.6,3038.05,797870.0,3055.19,3005.1825,52.589535348156076,0.012060976849917351,BULLISH,RSI_NORMAL,LOW_VOLATILITY
2021-08-26,3064.0,3084.5,3026.2,3039.65,1320000.0,3062.8100000000004,3006.96,57.385790459720425,0.011900614531281524,BULLISH,RSI_NORMAL,LOW_VOLATILITY
2021-08-27,3040.45,3057.95,3020.5,3036.8,634380.0,3047.58,3008.9275,60.7289919170353,0.01188784037814017,BULLISH,RSI_NORMAL,LOW_VOLATILITY
2021-08-30,3056.7,3114.25,3048.05,3108.75,1050000.0,3053.84,3016.4425,65.54723039871557,0.012475322602399185,BULLISH,RSI_NORMAL,LOW_VOLATILITY
2021-08-31,3108.75,3210.0,3103.05,3201.35,2280000.0,3084.92,3027.8075,74.86138833444228,0.013881528201421484,BULLISH,RSI_HIGH,HIGH_VOLATILITY
2021-09-01,3230.05,3333.0,3215.0,3302.75,2420000.0,3137.8599999999997,3041.595,80.13692377909638,0.014926212370599146,BULLISH,RSI_HIGH,HIGH_VOLATILITY
2021-09-02,3312.95,3319.0,3266.65,3301.6,847520.0,3190.25,3055.745,79.86263736263743,0.014873961720470669,BULLISH,RSI_HIGH,HIGH_VOLATILITY
2021-09-03,3301.6,3344.95,3286.5,3338.8,832040.0,3250.65,3073.265,80.71052631578955,0.014531693848258415,BULLISH,RSI_HIGH,HIGH_VOLATILITY
2021-09-06,3342.0,3347.7,3305.9,3315.55,664390.0,3292.0099999999998,3090.7200000000003,79.8767254101919,0.014513967255656688,BULLISH,RSI_HIGH,HIGH_VOLATILITY
2021-09-07,3333.5,3394.6,3323.85,3336.25,1290000.0,3318.9900000000002,3107.9049999999997,79.03211216644056,0.014496280770377696,BULLISH,RSI_HIGH,HIGH_VOLATILITY
2021-09-08,3345.0,3361.55,3297.0,3336.6,702600.0,3325.7599999999998,3125.8775,81.06053583016597,0.014339074613160474,BULLISH,RSI_HIGH,HIGH_VOLATILITY
2021-09-09,3305.0,3359.0,3305.0,3346.35,591750.0,3334.71,3144.5649999999996,76.6620973269363,0.014253447625938657,BULLISH,RSI_HIGH,HIGH_VOLATILITY
2021-09-13,3346.6,3374.0,3330.35,3367.05,610920.0,3340.3599999999997,3164.1425,84.23977299598022,0.014203648705427303,BULLISH,RSI_HIGH,HIGH_VOLATILITY
2021-09-14,3384.9,3388.6,3356.85,3362.5,569410.0,3349.75,3182.8325,89.97348150018946,0.01430212352482442,BULLISH,RSI_HIGH,HIGH_VOLATILITY
2021-09-15,3361.85,3383.95,3346.95,3352.3,587860.0,3352.96,3201.8774999999996,89.45386064030131,0.01419542112559473,BULLISH,RSI_HIGH,HIGH_VOLATILITY
2021-09-16,3350.0,3371.0,3335.0,3342.1,516750.0,3354.0600000000004,3218.2175,87.1697185694973,0.01418432303757915,BULLISH,RSI_HIGH,HIGH_VOLATILITY
2021-09-17,3352.0,3382.0,3285.05,3303.05,1550000.0,3345.4,3233.2925,80.04739871346348,0.014528979369675406,BULLISH,RSI_HIGH,HIGH_VOLATILITY
2021-09-20,3299.95,3315.0,3265.0,3271.55,689290.0,3326.3,3241.2225000000003,70.21857923497268,0.012715979822440143,BULLISH,RSI_HIGH,LOW_VOLATILITY
2021-09-21,3271.55,3335.0,3271.0,3309.2,922060.0,3315.6400000000003,3252.81,65.51129009060836,0.012420041159543383,BULLISH,RSI_NORMAL,LOW_VOLATILITY
2021-09-22,3328.5,3329.95,3288.25,3317.5,825950.0,3308.6800000000003,3266.3875,52.89726969161265,0.011986286693274305,BULLISH,RSI_NORMAL,LOW_VOLATILITY
2021-09-23,3340.0,3340.0,3315.0,3320.65,694720.0,3304.3900000000003,3280.5175000000004,53.71272656402264,0.011904217386412147,BULLISH,RSI_NORMAL,LOW_VOLATILITY
2021-09-24,3330.0,3505.0,3320.85,3448.6,2780000.0,3333.5,3300.965,65.80765908436507,0.014069092183213738,BULLISH,RSI_NORMAL,HIGH_VOLATILITY
2021-09-27,3461.6,3470.0,3417.65,3430.65,902450.0,3365.3199999999997,3320.6575000000003,66.82748538011697,0.014218180634085763,BULLISH,RSI_NORMAL,HIGH_VOLATILITY
2021-09-28,3424.9,3429.7,3350.0,3379.7,961270.0,3379.4199999999996,3334.2050000000004,55.83613163196774,0.014335582098194058,BULLISH,RSI_NORMAL,HIGH_VOLATILITY
2021-09-29,3365.0,3381.7,3310.0,3323.05,973390.0,3380.5299999999997,3340.29,48.41908762104775,0.013743501081169809,BEARISH,RSI_NORMAL,HIGH_VOLATILITY
2021-09-30,3329.9,3347.7,3220.0,3244.65,2080000.0,3365.3300000000004,3337.3849999999998,39.772727272727295,0.012989116368669066,BEARISH,RSI_NORMAL,LOW_VOLATILITY
2021-10-01,3248.0,3252.95,3170.0,3177.85,1510000.0,3311.1800000000003,3331.1974999999998,32.58788882753541,0.01371934911185929,BEARISH,RSI_NORMAL,HIGH_VOLATILITY
2021-10-04,3202.8,3230.5,3178.0,3201.6,921240.0,3265.37,3324.3375,35.69777777777776,0.013554119991512341,BEARISH,RSI_NORMAL,LOW_VOLATILITY
2021-10-05,3208.55,3260.0,3191.65,3254.75,909340.0,3240.38,3321.2974999999997,41.944008588653055,0.014113449151322607,BEARISH,RSI_NORMAL,HIGH_VOLATILITY
2021-10-06,3262.0,3280.0,3200.65,3212.25,786380.0,3218.22,3315.0975,39.81967855742846,0.014263359426891966,BEARISH,RSI_NORMAL,HIGH_VOLATILITY
2021-10-07,3220.0,3318.0,3220.0,3290.85,1180000.0,3227.46,3312.81,49.099365126236506,0.015427201687259329,BEARISH,RSI_NORMAL,HIGH_VOLATILITY
2021-10-08,3307.0,3329.0,3264.1,3306.9,882440.0,3253.2699999999995,3310.8375,52.670544685351665,0.01545671101878504,BEARISH,RSI_NORMAL,HIGH_VOLATILITY
2021-10-11,3326.4,3344.35,3297.75,3306.05,460200.0,3274.1600000000003,3307.7875,49.74802015838736,0.015377407393190667,BEARISH,RSI_NORMAL,HIGH_VOLATILITY
2021-10-12,3280.0,3335.0,3280.0,3323.25,564520.0,3287.8599999999997,3305.825,50.45350579698714,0.015434814634926554,BULLISH,RSI_NORMAL,HIGH_VOLATILITY
2021-10-13,3343.0,3358.9,3291.4,3323.5,770140.0,3310.1099999999997,3304.3849999999998,50.22581411932493,0.015423337165866855,BULLISH,RSI_NORMAL,HIGH_VOLATILITY
2021-10-14,3342.0,3352.95,3290.0,3297.8,648600.0,3311.5,3302.1699999999996,35.74130105900153,0.01550238176712985,BEARISH,RSI_NORMAL,HIGH_VOLATILITY
2021-10-18,3252.5,3283.95,3232.0,3241.5,1580000.0,3298.4199999999996,3299.0925,33.32451732345939,0.015750801585283237,BEARISH,RSI_NORMAL,HIGH_VOLATILITY
2021-10-19,3260.9,3269.1,3176.1,3183.75,1040000.0,3273.96,3294.7025000000003,32.92969770885966,0.016096860469209683,BEARISH,RSI_NORMAL,HIGH_VOLATILITY
2021-10-20,3190.0,3219.95,3136.65,3169.6,1210000.0,3243.23,3287.7225,35.5630821337849,0.015825017856531887,BEARISH,RSI_NORMAL,HIGH_VOLATILITY
2021-10-21,3194.0,3195.45,2920.45,3002.0,5100000.0,3178.93,3271.9475,30.451945540965113,0.019424845295407923,BEARISH,RSI_NORMAL,HIGH_VOLATILITY
2021-10-22,2975.0,3002.95,2912.15,2982.4,2860000.0,3115.85,3255.035,32.95840962594822,0.019380194193294977,BEARISH,RSI_NORMAL,HIGH_VOLATILITY
2021-10-25,2950.0,2950.0,2857.25,2918.05,2160000.0,3051.16,3228.5075,26.911489292402905,0.016723778284678876,BEARISH,RSI_LOW,HIGH_VOLATILITY
2021-10-26,2918.05,3024.0,2898.0,2969.8,1990000.0,3008.37,3205.465,26.744470741859146,0.017697089144272503,BEARISH,RSI_LOW,HIGH_VOLATILITY
2021-10-27,3029.2,3145.0,3029.2,3094.65,4610000.0,2993.38,3191.2125000000005,41.539568345323744,0.020693378778259025,BEARISH,RSI_NORMAL,HIGH_VOLATILITY
2021-10-28,3103.0,3147.6,3062.0,3116.3,1790000.0,3016.2400000000002,3180.875,36.32160488989892,0.020615569088875116,BEARISH,RSI_NORMAL,HIGH_VOLATILITY
2021-10-29,3125.0,3144.7,3083.3,3100.1,1120000.0,3039.7799999999997,3173.6475,33.798182387966136,0.020051279472815327,BEARISH,RSI_NORMAL,HIGH_VOLATILITY
2021-11-01,3128.0,3142.25,3091.65,3121.8,750390.0,3080.53,3170.8450000000003,36.021546164934385,0.01965638555709551,BEARISH,RSI_NORMAL,HIGH_VOLATILITY
2021-11-02,3120.0,3139.8,3080.0,3103.35,881920.0,3107.2400000000002,3165.9325,33.34847796456157,0.01959101949203756,BEARISH,RSI_NORMAL,HIGH_VOLATILITY
2021-11-03,3102.1,3182.9,3095.0,3170.65,879230.0,3122.44,3161.7275,39.49267890286659,0.01986762716782219,BULLISH,RSI_NORMAL,HIGH_VOLATILITY
2021-11-04,3179.0,3190.0,3145.0,3159.25,263600.0,3131.03,3159.0775000000003,40.28469251805624,0.01968015367192657,BULLISH,RSI_NORMAL,HIGH_VOLATILITY
2021-11-08,3165.0,3181.0,3095.15,3138.0,787820.0,3138.6099999999997,3151.4350000000004,42.36725663716815,0.018801443140007264,BEARISH,RSI_NORMAL,HIGH_VOLATILITY
2021-11-09,3140.0,3155.0,3120.0,3145.15,668840.0,3143.28,3143.3475000000003,46.9238125597705,0.018758846484335952,BULLISH,RSI_NORMAL,HIGH_VOLATILITY
2021-11-10,3132.0,3136.65,3080.5,3108.3,872980.0,3144.27,3133.46,45.28534071681282,0.018866698496274516,BEARISH,RSI_NORMAL,HIGH_VOLATILITY
2021-11-11,3090.0,3106.65,3052.0,3063.5,958140.0,3122.84,3120.4725,55.831594917504255,0.018932561745045182,BEARISH,RSI_NORMAL,HIGH_VOLATILITY
2021-11-12,3089.0,3128.0,3075.8,3122.9,682340.0,3115.5700000000006,3110.4425,62.3875859636748,0.01962538027817275,BULLISH,RSI_NORMAL,HIGH_VOLATILITY
2021-11-15,3126.0,3180.0,3126.0,3168.7,696380.0,3121.71,3103.9875,72.84659557013939,0.019972555227012398,BULLISH,RSI_HIGH,HIGH_VOLATILITY
2021-11-16,3165.0,3209.0,3120.1,3151.7,1400000.0,3123.0199999999995,3099.4975,67.70144024912409,0.01967081482604484,BULLISH,RSI_NORMAL,HIGH_VOLATILITY
2021-11-17,3170.0,3239.9,3165.05,3230.25,1620000.0,3147.41,3101.8224999999998,64.50267379679138,0.02008991642534251,BULLISH,RSI_NORMAL,HIGH_VOLATILITY
2021-11-18,3249.85,3260.0,3214.0,3226.85,1610000.0,3180.08,3104.685,62.30383973288808,0.020056553848842095,BULLISH,RSI_NORMAL,HIGH_VOLATILITY
2021-11-22,3241.0,3308.35,3215.05,3261.25,2150000.0,3207.75,3117.6475,67.23713766178197,0.01559454810922574,BULLISH,RSI_NORMAL,HIGH_VOLATILITY
2021-11-23,3261.25,3288.3,3171.55,3185.55,1480000.0,3211.12,3127.8050000000003,56.11276248921277,0.016615070550075387,BULLISH,RSI_NORMAL,HIGH_VOLATILITY
2021-11-24,3186.05,3208.9,3150.0,3157.0,1060000.0,3212.1800000000003,3139.7525,55.046561941491866,0.01583704153029207,BULLISH,RSI_NORMAL,HIGH_VOLATILITY
2021-11-25,3156.5,3173.35,3113.0,3144.25,728830.0,3194.9800000000005,3148.475,47.232704402515715,0.015594142735336778,BEARISH,RSI_NORMAL,HIGH_VOLATILITY
2021-11-26,3101.0,3167.35,3091.0,3143.1,1030000.0,3178.2300000000005,3150.8975,48.26995179432244,0.012597697754591967,BEARISH,RSI_NORMAL,LOW_VOLATILITY
2021-11-29,3131.0,3178.9,3071.9,3144.3,876650.0,3154.84,3152.2975,50.70517125587645,0.012514467053628952,BEARISH,RSI_NORMAL,LOW_VOLATILITY
2021-11-30,3116.15,3189.0,3116.15,3143.65,2340000.0,3146.46,3154.475,49.82962289868242,0.01244396381330791,BEARISH,RSI_NORMAL,LOW_VOLATILITY
2021-12-01,3155.9,3199.75,3124.1,3138.15,1740000.0,3142.69,3155.2925,53.65048306224775,0.012367022199057939,BEARISH,RSI_NORMAL,LOW_VOLATILITY
2021-12-02,3160.0,3194.0,3152.25,3180.6,939320.0,3149.96,3159.1549999999997,64.40344403444033,0.01261185001601196,BULLISH,RSI_NORMAL,LOW_VOLATILITY
2021-12-03,3185.0,3187.45,3106.0,3110.45,1220000.0,3143.4300000000003,3156.145,48.50808867585377,0.012684035116285134,BEARISH,RSI_NORMAL,LOW_VOLATILITY
2021-12-06,3115.0,3115.0,3028.25,3038.3,1110000.0,3122.23,3150.0975,35.30207394048698,0.01362692144746718,BEARISH,RSI_NORMAL,HIGH_VOLATILITY
2021-12-07,3040.0,3069.0,3016.45,3030.35,2060000.0,3099.57,3144.715,36.03727994477048,0.013580612697010889,BEARISH,RSI_NORMAL,HIGH_VOLATILITY
2021-12-08,3031.9,3123.0,3031.0,3108.5,1170000.0,3093.6400000000003,3142.8825,35.97834849706324,0.01489322035615462,BEARISH,RSI_NORMAL,HIGH_VOLATILITY
2021-12-09,3152.4,3183.05,3111.0,3178.7,1290000.0,3093.2599999999998,3146.4025,45.19413115081345,0.01549402097418542,BULLISH,RSI_NORMAL,HIGH_VOLATILITY
2021-12-10,3184.0,3292.0,3178.7,3283.15,2550000.0,3127.8,3157.385,51.91768826619966,0.016551033278854307,BULLISH,RSI_NORMAL,HIGH_VOLATILITY
2021-12-13,3285.1,3341.0,3270.95,3279.85,1270000.0,3176.1099999999997,3165.2325,59.45647813878856,0.016150301472696218,BULLISH,RSI_NORMAL,HIGH_VOLATILITY
2021-12-14,3274.0,3305.0,3249.0,3297.5,863180.0,3229.54,3171.6724999999997,64.40434693459092,0.015916308734289255,BULLISH,RSI_NORMAL,HIGH_VOLATILITY
2021-12-15,3278.15,3313.95,3266.5,3301.95,811950.0,3268.23,3179.185,66.44764288694196,0.015820779394252006,BULLISH,RSI_NORMAL,HIGH_VOLATILITY
2021-12-16,3325.0,3325.0,3270.6,3298.6,502930.0,3292.21,3182.6025,66.1441029900332,0.01491900211945269,BULLISH,RSI_NORMAL,HIGH_VOLATILITY
2021-12-17,3275.0,3293.3,3227.7,3243.7,1020000.0,3284.3199999999997,3183.445,59.28451335699604,0.01543857949814869,BULLISH,RSI_NORMAL,HIGH_VOLATILITY
2021-12-20,3227.0,3275.0,3181.0,3239.45,948870.0,3276.2400000000002,3182.355,58.888476526257165,0.015249652942931667,BULLISH,RSI_NORMAL,HIGH_VOLATILITY
2021-12-21,3247.0,3296.0,3240.0,3271.35,712030.0,3271.0099999999998,3186.6449999999995,61.78135503272597,0.014394643232918159,BULLISH,RSI_NORMAL,HIGH_VOLATILITY
2021-12-22,3275.7,3285.65,3241.0,3280.1,619870.0,3266.64,3192.8,59.35854025583144,0.014186242493729679,BULLISH,RSI_NORMAL,HIGH_VOLATILITY
2021-12-23,3290.0,3307.9,3250.0,3267.9,1050000.0,3260.5,3198.9824999999996,66.62092262218941,0.014179256792824987,BULLISH,RSI_NORMAL,HIGH_VOLATILITY
2021-12-24,3280.0,3300.0,3261.0,3284.8,651400.0,3268.7200000000003,3206.0675,79.45745697896746,0.01418416674330105,BULLISH,RSI_HIGH,HIGH_VOLATILITY
2021-12-27,3280.1,3284.75,3226.2,3272.4,640700.0,3275.31,3212.4725,78.6212604942651,0.014244117391977543,BULLISH,RSI_HIGH,HIGH_VOLATILITY
2021-12-28,3275.95,3375.0,3273.0,3368.2,1210000.0,3294.6800000000003,3223.7,79.47786606129397,0.015466487843369157,BULLISH,RSI_HIGH,HIGH_VOLATILITY
2021-12-29,3372.2,3386.0,3346.2,3367.45,598420.0,3312.15,3235.165,75.43457755019537,0.015442604926067164,BULLISH,RSI_HIGH,HIGH_VOLATILITY
2021-12-30,3363.25,3390.0,3350.3,3365.7,691220.0,3331.71,3244.42,65.38103223402268,0.0152881621828049,BULLISH,RSI_NORMAL,HIGH_VOLATILITY
2021-12-31,3390.0,3405.0,3361.4,3382.95,570670.0,3351.34,3258.0449999999996,68.26071555083246,0.01411185015723214,BULLISH,RSI_NORMAL,HIGH_VOLATILITY
2022-01-03,3383.0,3440.9,3383.0,3422.4,696280.0,3381.34,3277.25,70.53600789214076,0.012609587778381339,BULLISH,RSI_HIGH,LOW_VOLATILITY
2022-01-04,3434.0,3472.45,3415.05,3459.3,790890.0,3399.56,3298.6974999999998,73.37691279156148,0.012480475519472272,BULLISH,RSI_HIGH,LOW_VOLATILITY
2022-01-05,3470.0,3540.0,3452.05,3526.8,1020000.0,3431.4300000000003,3319.6125,78.47516845520342,0.012046979809447082,BULLISH,RSI_HIGH,LOW_VOLATILITY
2022-01-06,3491.15,3537.55,3452.15,3514.65,1310000.0,3461.22,3336.41,87.84746472971086,0.011604567035741644,BULLISH,RSI_HIGH,LOW_VOLATILITY
2022-01-07,3514.65,3582.0,3496.55,3576.3,964360.0,3499.8900000000003,3351.0674999999997,90.5501384374624,0.010081488225098028,BULLISH,RSI_HIGH,LOW_VOLATILITY
2022-01-10,3580.0,3590.0,3527.0,3553.5,657510.0,3526.1099999999997,3364.75,84.72615384615382,0.010300294807495097,BULLISH,RSI_HIGH,LOW_VOLATILITY
2022-01-11,3550.6,3564.0,3495.05,3538.75,734340.0,3542.0,3376.8125,81.37052759248027,0.010455534994259738,BULLISH,RSI_HIGH,LOW_VOLATILITY
2022-01-12,3556.9,3582.45,3534.0,3543.8,594540.0,3545.4,3388.905,84.05332016785972,0.010454675401462703,BULLISH,RSI_HIGH,LOW_VOLATILITY
2022-01-13,3560.0,3560.0,3450.0,3456.25,1150000.0,3533.72,3396.7875,68.01891749868624,0.012200416532098156,BULLISH,RSI_NORMAL,LOW_VOLATILITY
2022-01-14,3462.0,3462.0,3346.0,3364.4,1560000.0,3491.34,3402.8224999999998,58.28530259365993,0.01317947491848217,BEARISH,RSI_NORMAL,LOW_VOLATILITY
2022-01-17,3364.4,3399.0,3321.0,3378.65,1100000.0,3456.3700000000003,3409.7825000000003,51.10313522643304,0.013166468932573462,BEARISH,RSI_NORMAL,LOW_VOLATILITY
2022-01-18,3379.05,3396.45,3351.0,3373.7,558540.0,3423.3599999999997,3414.9,50.653970911373854,0.013062700994871905,BEARISH,RSI_NORMAL,LOW_VOLATILITY
2022-01-19,3370.0,3370.0,3267.75,3280.4,1500000.0,3370.6800000000003,3414.915,42.509659290481245,0.014603772495000484,BEARISH,RSI_NORMAL,HIGH_VOLATILITY
2022-01-20,3282.0,3364.9,3222.0,3306.4,3080000.0,3340.71,3416.84,43.37974574072476,0.014675195103536527,BEARISH,RSI_NORMAL,HIGH_VOLATILITY
2022-01-21,3300.05,3324.95,3241.75,3274.85,1440000.0,3322.8,3416.3425,37.062691801841304,0.014806837675583485,BEARISH,RSI_NORMAL,HIGH_VOLATILITY
2022-01-24,3268.0,3270.0,3135.0,3155.15,1580000.0,3278.1,3410.4800000000005,26.713115381670633,0.01690615001596008,BEARISH,RSI_LOW,HIGH_VOLATILITY
2022-01-25,3100.0,3156.95,3010.75,3147.1,2700000.0,3232.7799999999997,3399.425,18.017183288409726,0.015255792213918406,BEARISH,RSI_LOW,HIGH_VOLATILITY
2022-01-27,3140.1,3143.0,3071.25,3116.95,1830000.0,3200.09,3386.9,17.48691955526489,0.01530060349565037,BEARISH,RSI_LOW,HIGH_VOLATILITY
2022-01-28,3130.0,3170.0,3103.0,3110.85,892060.0,3160.98,3374.1575,8.146749393040224,0.015288025700221818,BEARISH,RSI_LOW,HIGH_VOLATILITY
2022-01-31,3140.0,3193.45,3136.4,3152.25,944530.0,3136.46,3362.6225,15.087444531453954,0.015645272182029286,BEARISH,RSI_LOW,HIGH_VOLATILITY
2022-02-01,3194.0,3212.35,3141.6,3196.25,1010000.0,3144.68,3351.315,21.6426560688856,0.01576964594509257,BEARISH,RSI_LOW,HIGH_VOLATILITY
2022-02-02,3204.8,3244.15,3192.15,3197.7,667270.0,3154.8,3338.2349999999997,21.17274695985337,0.015450345563898796,BEARISH,RSI_LOW,HIGH_VOLATILITY
2022-02-03,3212.85,3241.6,3190.2,3203.0,899750.0,3172.0099999999998,3322.0449999999996,25.557378631406237,0.014519630339881396,BEARISH,RSI_LOW,HIGH_VOLATILITY
2022-02-04,3188.0,3248.8,3176.05,3236.65,705770.0,3197.17,3308.1450000000004,36.10960095683376,0.014912990027227268,BEARISH,RSI_NORMAL,HIGH_VOLATILITY
2022-02-07,3234.0,3251.2,3143.1,3174.7,860390.0,3201.66,3288.065,29.90838341050143,0.014369443810650891,BEARISH,RSI_LOW,HIGH_VOLATILITY
2022-02-08,3179.0,3223.5,3166.2,3216.35,799210.0,3205.68,3271.2075,35.54432705558109,0.014979390368919134,BEARISH,RSI_NORMAL,HIGH_VOLATILITY
2022-02-09,3230.0,3259.0,3222.75,3228.35,472730.0,3211.81,3255.6875,44.37844259639269,0.015102318638995228,BEARISH,RSI_NORMAL,HIGH_VOLATILITY
2022-02-10,3220.0,3248.0,3176.0,3238.75,728670.0,3218.96,3240.435,42.43880630378898,0.015144467264285179,BEARISH,RSI_NORMAL,HIGH_VOLATILITY
2022-02-11,3229.95,3229.95,3182.5,3216.3,587840.0,3214.8900000000003,3228.4375,43.320022818026274,0.014391809599916351,BEARISH,RSI_NORMAL,HIGH_VOLATILITY
2022-02-14,3140.0,3182.7,3120.0,3143.45,681240.0,3208.64,3217.3900000000003,48.505365355135375,0.014083954952574819,BEARISH,RSI_NORMAL,HIGH_VOLATILITY
2022-02-15,3140.0,3270.0,3132.85,3264.6,676840.0,3218.29,3211.6875,61.645193260654096,0.016863975825134353,BULLISH,RSI_NORMAL,HIGH_VOLATILITY
2022-02-16,3280.0,3285.1,3223.0,3252.85,624320.0,3223.19,3205.6449999999995,63.97860522526228,0.01686996025646878,BULLISH,RSI_NORMAL,HIGH_VOLATILITY
2022-02-17,3273.0,3294.95,3236.4,3265.85,636740.0,3228.6099999999997,3204.9175,65.7200811359026,0.015753320464690412,BULLISH,RSI_NORMAL,HIGH_VOLATILITY
2022-02-18,3236.15,3272.0,3230.05,3258.45,423800.0,3237.04,3202.52,61.56862745098035,0.015644354839521903,BULLISH,RSI_NORMAL,HIGH_VOLATILITY
2022-02-21,3235.0,3278.45,3204.15,3251.65,547470.0,3258.68,3201.36,56.56709340919868,0.015508653250306014,BULLISH,RSI_NORMAL,HIGH_VOLATILITY
2022-02-22,3120.0,3236.8,3120.0,3227.15,1150000.0,3251.1899999999996,3204.96,53.31010452961675,0.013103866900470105,BULLISH,RSI_NORMAL,LOW_VOLATILITY
2022-02-23,3236.9,3296.9,3230.0,3237.2,935900.0,3248.06,3209.465,53.803380782918126,0.013079496290971363,BULLISH,RSI_NORMAL,LOW_VOLATILITY
2022-02-24,3130.0,3197.8,3051.5,3069.05,1820000.0,3208.7,3207.0699999999997,35.65314158534498,0.01761198092314175,BEARISH,RSI_NORMAL,HIGH_VOLATILITY
2022-02-25,3105.0,3141.45,3083.05,3119.2,1240000.0,3180.85,3207.4875,45.15114450463043,0.01800990356364034,BEARISH,RSI_NORMAL,HIGH_VOLATILITY
2022-02-28,3090.0,3190.5,3015.0,3174.65,1680000.0,3165.45,3208.6075,46.44258658931924,0.018206562535618347,BEARISH,RSI_NORMAL,HIGH_VOLATILITY
2022-03-02,3107.0,3111.2,2991.1,3028.95,3010000.0,3125.81,3200.2425,36.1489302584051,0.02063710674757701,BEARISH,RSI_NORMAL,HIGH_VOLATILITY
2022-03-03,3029.0,3051.0,2862.0,2871.9,4410000.0,3052.75,3183.9525000000003,28.83028449420047,0.023377839179159293,BEARISH,RSI_LOW,HIGH_VOLATILITY
2022-03-04,2863.8,2863.8,2662.05,2738.15,6980000.0,2986.57,3160.71,25.548453081053424,0.025070866479883654,BEARISH,RSI_LOW,HIGH_VOLATILITY
2022-03-07,2649.9,2727.95,2599.35,2708.45,3230000.0,2904.4199999999996,3134.3,26.728011983736337,0.02471559747856129,BEARISH,RSI_LOW,HIGH_VOLATILITY
2022-03-08,2690.0,2736.95,2638.0,2723.4,2610000.0,2814.17,3111.735,17.334620956059865,0.024775758032099648,BEARISH,RSI_LOW,HIGH_VOLATILITY
2022-03-09,2750.0,2890.0,2665.05,2874.95,4080000.0,2783.37,3094.665,30.484404048750235,0.028211025620090563,BEARISH,RSI_NORMAL,HIGH_VOLATILITY
2022-03-10,3000.0,3040.0,2891.2,2912.8,3970000.0,2791.55,3078.8875,32.22395649765873,0.02844637167697099,BEARISH,RSI_NORMAL,HIGH_VOLATILITY
2022-03-11,2917.0,2939.95,2882.35,2932.0,1270000.0,2830.32,3063.55,33.7562820321441,0.028505950466642938,BEARISH,RSI_NORMAL,HIGH_VOLATILITY
2022-03-14,2950.0,2972.35,2917.3,2962.8,1210000.0,2881.19,3050.8749999999995,35.962482383243426,0.028696054713793474,BEARISH,RSI_NORMAL,HIGH_VOLATILITY
2022-03-15,2998.0,3032.0,2966.0,2987.15,1860000.0,2933.94,3043.06,38.33479148439778,0.028452401657853822,BEARISH,RSI_NORMAL,HIGH_VOLATILITY
2022-03-16,3043.0,3050.0,3010.75,3042.0,1290000.0,2967.35,3031.93,40.90824406148114,0.027266286627595025,BULLISH,RSI_NORMAL,HIGH_VOLATILITY
2022-03-17,3113.5,3163.3,3076.5,3136.6,2870000.0,3012.1099999999997,3026.1175,53.37766888344415,0.02832082710816216,BULLISH,RSI_NORMAL,HIGH_VOLATILITY
2022-03-21,3117.3,3117.3,3030.1,3045.75,1260000.0,3034.8599999999997,3015.1125,46.470955652717066,0.028940505712251294,BULLISH,RSI_NORMAL,HIGH_VOLATILITY
2022-03-22,3024.0,3062.7,2975.0,3051.15,1520000.0,3052.53,3004.7475,43.76640419947507,0.028960576649683597,BULLISH,RSI_NORMAL,HIGH_VOLATILITY
2022-03-23,3060.0,3079.9,3005.0,3016.8,948400.0,3058.46,2993.005,49.30907023030994,0.02901992100041179,BULLISH,RSI_NORMAL,HIGH_VOLATILITY
2022-03-24,2969.5,3038.95,2950.55,3025.35,1240000.0,3055.13,2982.915,60.499486828600745,0.029033609575039438,BULLISH,RSI_NORMAL,HIGH_VOLATILITY
2022-03-25,3025.35,3064.55,2991.0,3046.95,1080000.0,3037.2,2973.4024999999997,74.95958616230195,0.029090803559237755,BULLISH,RSI_HIGH,HIGH_VOLATILITY
2022-03-28,3046.95,3058.6,2995.65,3027.45,680330.0,3033.54,2971.3225,76.21630506245893,0.026711757997029354,BULLISH,RSI_HIGH,HIGH_VOLATILITY
2022-03-29,3069.0,3087.7,3012.7,3042.6,1120000.0,3031.8299999999995,2967.4925,76.22412093328953,0.026458229741975835,BULLISH,RSI_HIGH,HIGH_VOLATILITY
2022-03-30,3078.0,3094.35,3055.9,3081.55,849550.0,3044.7799999999997,2962.8375,70.82661290322585,0.026296197898774815,BULLISH,RSI_HIGH,HIGH_VOLATILITY
2022-03-31,3115.0,3129.25,3066.1,3079.95,1460000.0,3055.7,2965.3875,68.17835780315384,0.02409873511514085,BULLISH,RSI_NORMAL,HIGH_VOLATILITY
2022-04-01,3110.0,3121.0,3087.65,3114.15,637390.0,3069.1400000000003,2977.5,69.18378093733543,0.02068678068366909,BULLISH,RSI_NORMAL,HIGH_VOLATILITY
2022-04-04,3124.95,3143.0,3093.5,3118.0,873260.0,3087.25,2996.4925,67.3291648057168,0.01692377750544689,BULLISH,RSI_NORMAL,HIGH_VOLATILITY
2022-04-05,3110.0,3157.0,3080.0,3140.8,805870.0,3106.8900000000003,3018.1099999999997,67.21568627450979,0.016415115008187,BULLISH,RSI_NORMAL,HIGH_VOLATILITY
2022-04-06,3137.0,3165.0,3113.0,3154.0,736380.0,3121.38,3039.64,63.84083044982698,0.016426362055652125,BULLISH,RSI_NORMAL,HIGH_VOLATILITY
2022-04-07,3154.0,3208.95,3145.5,3155.0,1030000.0,3136.3900000000003,3053.6425,52.95819935691319,0.011934536131106998,BULLISH,RSI_NORMAL,LOW_VOLATILITY
2022-04-08,3168.0,3220.0,3151.2,3206.25,678900.0,3154.81,3068.3149999999996,79.56890198968307,0.0120682188421273,BULLISH,RSI_HIGH,LOW_VOLATILITY
2022-04-11,3184.0,3222.0,3150.0,3157.45,672650.0,3162.7,3079.5875,66.88373570520957,0.012864690674677227,BULLISH,RSI_NORMAL,LOW_VOLATILITY
2022-04-12,3154.7,3162.1,3114.15,3128.65,794270.0,3160.27,3087.88,68.08407437348419,0.013072350290990352,BULLISH,RSI_NORMAL,LOW_VOLATILITY
2022-04-13,3117.2,3121.9,3066.1,3080.65,1120000.0,3145.6,3092.555,57.92945225121883,0.01360968495665475,BEARISH,RSI_NORMAL,HIGH_VOLATILITY
2022-04-18,3056.0,3058.0,3013.0,3021.55,1030000.0,3118.9100000000003,3091.5325000000003,46.71154842050756,0.013768861998265365,BEARISH,RSI_NORMAL,HIGH_VOLATILITY
2022-04-19,3030.0,3059.2,2970.0,2991.2,749780.0,3075.9,3084.2625,45.435083742601705,0.011767236552550705,BEARISH,RSI_NORMAL,LOW_VOLATILITY
2022-04-20,2991.3,3089.5,2980.0,3083.0,838180.0,3061.0099999999998,3086.125,54.264302301034405,0.012206145005799175,BEARISH,RSI_NORMAL,LOW_VOLATILITY
2022-04-21,3089.8,3174.4,3086.05,3158.25,1070000.0,3066.93,3091.48,57.51960784313722,0.013312215278686746,BULLISH,RSI_NORMAL,LOW_VOLATILITY
2022-04-22,3121.5,3173.3,3113.25,3164.4,681190.0,3083.6800000000003,3098.8599999999997,58.20619959187641,0.012952557312849462,BULLISH,RSI_NORMAL,LOW_VOLATILITY
2022-04-25,3134.0,3155.1,3095.1,3130.6,1100000.0,3105.49,3104.1225,51.599727705922376,0.013280993865773168,BULLISH,RSI_NORMAL,LOW_VOLATILITY
2022-04-26,3130.0,3148.7,3105.8,3125.65,1700000.0,3132.38,3108.0575,50.74235807860263,0.013239368726197999,BULLISH,RSI_NORMAL,LOW_VOLATILITY
2022-04-27,3096.0,3164.0,3085.95,3148.35,963540.0,3145.45,3114.1025,50.732796272930194,0.013170269390375276,BULLISH,RSI_NORMAL,LOW_VOLATILITY
2022-04-28,3190.0,3268.0,3170.0,3247.7,2000000.0,3163.34,3124.3575,57.79145185431563,0.014730451614378137,BULLISH,RSI_NORMAL,HIGH_VOLATILITY
2022-04-29,3249.0,3278.0,3221.3,3237.2,1090000.0,3177.8999999999996,3132.14,56.728880157170906,0.01462605742092452,BULLISH,RSI_NORMAL,HIGH_VOLATILITY
2022-05-02,3195.0,3211.5,3154.05,3200.0,595520.0,3191.7799999999997,3138.1425,49.47633012149141,0.014950126038108838,BULLISH,RSI_NORMAL,HIGH_VOLATILITY
2022-05-04,3178.0,3194.7,3081.45,3100.85,1120000.0,3186.82,3137.4775,45.6266419409674,0.01648721477437274,BEARISH,RSI_NORMAL,HIGH_VOLATILITY
2022-05-05,3104.75,3126.95,3070.0,3076.55,724600.0,3172.46,3135.4049999999997,45.94615624027389,0.016573528856905138,BEARISH,RSI_NORMAL,HIGH_VOLATILITY
2022-05-06,3020.0,3052.4,3003.9,3016.25,923940.0,3126.1699999999996,3129.1775000000002,45.08321881203237,0.016989802875628394,BEARISH,RSI_NORMAL,HIGH_VOLATILITY
2022-05-09,3000.85,3038.8,2975.0,3005.25,998320.0,3079.78,3121.7400000000002,48.656888595912974,0.016932347522616988,BEARISH,RSI_NORMAL,HIGH_VOLATILITY
2022-05-10,3051.0,3138.75,3036.0,3086.35,2460000.0,3057.05,3118.3075,57.23519124020988,0.018153478797699556,BEARISH,RSI_NORMAL,HIGH_VOLATILITY
2022-05-11,3090.4,3109.55,2979.0,3053.65,1880000.0,3047.6099999999997,3110.6775000000002,47.54783189907261,0.017804704494673914,BEARISH,RSI_NORMAL,HIGH_VOLATILITY
2022-05-12,3042.0,3078.0,2988.0,3039.95,1250000.0,3040.29,3104.8025,38.9830508474576,0.017554306219705294,BEARISH,RSI_NORMAL,HIGH_VOLATILITY
2022-05-13,3074.4,3116.25,3035.3,3064.0,1120000.0,3049.84,3101.5699999999997,40.95169430425378,0.01759093985968419,BEARISH,RSI_NORMAL,HIGH_VOLATILITY
2022-05-16,3089.9,3089.9,2985.2,2999.9,733040.0,3048.77,3097.5325000000003,38.83096906511708,0.01787397107410577,BEARISH,RSI_NORMAL,HIGH_VOLATILITY
2022-05-17,2998.9,3056.6,2951.0,3050.0,1180000.0,3041.5,3098.955,43.99841332804442,0.017771946377109372,BEARISH,RSI_NORMAL,HIGH_VOLATILITY
2022-05-18,3030.0,3128.8,3026.0,3100.1,1380000.0,3050.79,3104.4,46.33163536835703,0.01792113246317402,BEARISH,RSI_NORMAL,HIGH_VOLATILITY
2022-05-19,3000.5,3071.7,3000.45,3046.9,772390.0,3052.18,3102.5950000000003,33.58135731807033,0.017054269576017186,BEARISH,RSI_NORMAL,HIGH_VOLATILITY
2022-05-20,3080.0,3125.0,3070.0,3109.95,778960.0,3061.37,3100.1800000000003,40.418643174459746,0.01678741387092761,BULLISH,RSI_NORMAL,HIGH_VOLATILITY
2022-05-23,3143.95,3188.0,3130.05,3174.2,813290.0,3096.23,3100.67,48.13341050499203,0.017447472331449283,BULLISH,RSI_NORMAL,HIGH_VOLATILITY
2022-05-24,3174.75,3183.65,3070.0,3086.85,691310.0,3103.6,3098.4825,48.96952745473281,0.018386140413020665,BEARISH,RSI_NORMAL,HIGH_VOLATILITY
2022-05-25,3039.0,3039.0,2826.3,2838.05,3380000.0,3051.19,3084.1025,36.80570922770523,0.025668741250681543,BEARISH,RSI_NORMAL,HIGH_VOLATILITY
2022-05-26,2850.0,2860.0,2718.55,2840.15,3210000.0,3009.84,3068.6925,39.58727530747397,0.025552685086743805,BEARISH,RSI_NORMAL,HIGH_VOLATILITY
2022-05-27,2868.0,2869.0,2781.0,2834.85,1880000.0,2954.8199999999997,3048.05,39.855935230384546,0.02410011711998443,BEARISH,RSI_NORMAL,HIGH_VOLATILITY
2022-05-30,2880.0,2884.0,2817.0,2844.0,2530000.0,2888.78,3028.3900000000003,34.220977928250534,0.02418922184362331,BEARISH,RSI_NORMAL,HIGH_VOLATILITY
2022-05-31,2844.0,2878.0,2811.0,2859.65,2410000.0,2843.34,3011.3725000000004,37.08216806498868,0.02429065558532321,BEARISH,RSI_NORMAL,HIGH_VOLATILITY
2022-06-01,2859.65,2939.9,2832.05,2852.5,1770000.0,2846.2300000000005,2998.9550000000004,37.408477194868006,0.023529728930032457,BEARISH,RSI_NORMAL,HIGH_VOLATILITY
2022-06-02,2870.2,2919.0,2848.0,2908.55,1160000.0,2859.91,2990.555,39.98840729052618,0.024083517315046814,BEARISH,RSI_NORMAL,HIGH_VOLATILITY
2022-06-03,2905.0,2919.45,2856.0,2886.9,1230000.0,2870.3200000000006,2984.0875,42.301403460961986,0.023781271002127763,BEARISH,RSI_NORMAL,HIGH_VOLATILITY
2022-06-06,2871.1,2872.0,2807.7,2817.45,1190000.0,2865.01,2974.6974999999998,34.56355791569864,0.02429206661529455,BEARISH,RSI_NORMAL,HIGH_VOLATILITY
2022-06-07,2800.0,2804.0,2731.0,2744.7,1400000.0,2842.0199999999995,2957.6150000000002,27.097564119087522,0.02373240903578847,BEARISH,RSI_LOW,HIGH_VOLATILITY
2022-06-08,2771.9,2775.0,2700.0,2705.2,1740000.0,2812.56,2940.1925,27.58462345840985,0.02378980342852677,BEARISH,RSI_LOW,HIGH_VOLATILITY
2022-06-09,2680.0,2697.6,2633.75,2686.8,1860000.0,2768.21,2922.5350000000003,20.5142498780573,0.02378889901056087,BEARISH,RSI_LOW,HIGH_VOLATILITY
2022-06-10,2665.0,2736.0,2652.0,2708.75,1590000.0,2732.5799999999995,2904.7725,15.534987041836374,0.02379684694590292,BEARISH,RSI_LOW,HIGH_VOLATILITY
2022-06-13,2669.95,2683.0,2642.5,2660.75,1670000.0,2701.2400000000002,2887.815,16.496304450385296,0.023700861366920473,BEARISH,RSI_LOW,HIGH_VOLATILITY
2022-06-14,2617.0,2666.35,2585.0,2635.4,2300000.0,2679.38,2867.085,25.433385864953337,0.023114201999434186,BEARISH,RSI_LOW,HIGH_VOLATILITY
2022-06-15,2650.0,2683.6,2627.1,2661.15,928840.0,2670.57,2845.1375,29.477184132079813,0.02280476774846371,BEARISH,RSI_LOW,HIGH_VOLATILITY
2022-06-16,2694.95,2725.45,2640.0,2657.45,1280000.0,2664.7,2825.665,29.585730724971228,0.022720168947669265,BEARISH,RSI_LOW,HIGH_VOLATILITY
2022-06-17,2650.1,2657.0,2560.0,2580.2,2040000.0,2638.99,2799.1775,23.756466374850774,0.022299286849702254,BEARISH,RSI_LOW,HIGH_VOLATILITY
2022-06-20,2600.0,2673.35,2588.35,2660.7,1600000.0,2638.9800000000005,2773.5025,32.46982112961493,0.023146759234662428,BEARISH,RSI_NORMAL,HIGH_VOLATILITY
2022-06-21,2674.95,2710.0,2640.0,2678.35,1040000.0,2647.5699999999997,2753.0775000000003,34.93381780430832,0.022930329621187073,BEARISH,RSI_NORMAL,HIGH_VOLATILITY
2022-06-22,2688.0,2707.95,2626.35,2666.35,1870000.0,2648.6099999999997,2744.4925,27.317849784603837,0.014976624540647436,BEARISH,RSI_LOW,HIGH_VOLATILITY
2022-06-23,2674.95,2767.95,2674.95,2758.2,1610000.0,2668.7599999999998,2740.3949999999995,39.34779010097664,0.01715842890383269,BULLISH,RSI_NORMAL,HIGH_VOLATILITY
2022-06-24,2775.0,2784.8,2726.0,2760.9,2220000.0,2704.9,2736.6974999999998,44.73806643714528,0.017165484561232864,BULLISH,RSI_NORMAL,HIGH_VOLATILITY
2022-06-27,2779.9,2827.65,2765.0,2820.95,1300000.0,2736.95,2735.5449999999996,57.26674926141237,0.01789983277586083,BULLISH,RSI_NORMAL,HIGH_VOLATILITY
2022-06-28,2780.0,2784.8,2704.3,2726.5,1840000.0,2746.58,2728.8875,51.837474120082824,0.019307131257960998,BEARISH,RSI_NORMAL,HIGH_VOLATILITY
2022-06-29,2706.5,2719.0,2678.0,2697.8,1070000.0,2752.87,2721.1524999999997,50.93236141718936,0.019396811035948328,BEARISH,RSI_NORMAL,HIGH_VOLATILITY
2022-06-30,2714.85,2726.95,2680.0,2695.2,1290000.0,2740.27,2710.4849999999997,48.81254929454034,0.018686690167163685,BEARISH,RSI_NORMAL,HIGH_VOLATILITY
2022-07-01,2704.9,2780.0,2685.0,2773.15,1480000.0,2742.72,2704.7974999999997,59.35886761032473,0.02001849235486593,BULLISH,RSI_NORMAL,HIGH_VOLATILITY
2022-07-04,2775.15,2798.0,2744.8,2790.3,653150.0,2736.59,2703.44,63.07614384602397,0.019382298892955594,BULLISH,RSI_NORMAL,HIGH_VOLATILITY
2022-07-05,2785.0,2812.3,2760.0,2766.6,1070000.0,2744.61,2704.535,58.93265565438371,0.018551198739866735,BULLISH,RSI_NORMAL,HIGH_VOLATILITY
2022-07-06,2830.55,2869.0,2805.15,2861.4,2090000.0,2777.33,2712.3450000000003,64.96661040581199,0.019645424199965834,BULLISH,RSI_NORMAL,HIGH_VOLATILITY
2022-07-07,2901.4,2932.0,2876.8,2891.4,1470000.0,2816.57,2722.575,74.53871629080587,0.019571922203571443,BULLISH,RSI_HIGH,HIGH_VOLATILITY
2022-07-08,2880.0,2888.0,2840.5,2879.8,1270000.0,2837.9000000000005,2731.1274999999996,69.38251946213731,0.019620156997498445,BULLISH,RSI_NORMAL,HIGH_VOLATILITY
2022-07-11,2874.0,2940.55,2851.35,2933.05,1080000.0,2866.45,2744.7425,71.19673768308921,0.019250603080975447,BULLISH,RSI_HIGH,HIGH_VOLATILITY
2022-07-12,2920.0,2923.25,2885.4,2893.2,1120000.0,2891.77,2757.6324999999997,68.042631034757,0.019433015108626616,BULLISH,RSI_NORMAL,HIGH_VOLATILITY
2022-07-13,2949.0,2968.95,2926.05,2941.2,2150000.0,2907.73,2771.635,65.64637482900133,0.019583045032549606,BULLISH,RSI_NORMAL,HIGH_VOLATILITY
2022-07-14,2952.1,2954.85,2912.4,2939.15,882480.0,2917.28,2785.72,65.25721133270562,0.019571379147216007,BULLISH,RSI_NORMAL,HIGH_VOLATILITY
2022-07-15,2949.95,2985.0,2940.45,2978.15,1670000.0,2936.95,2805.6175,63.958444326052216,0.017882873845850265,BULLISH,RSI_NORMAL,HIGH_VOLATILITY
2022-07-18,2994.75,3025.0,2988.4,3017.85,823390.0,2953.91,2823.475,78.65643749385261,0.017055825132094072,BULLISH,RSI_HIGH,HIGH_VOLATILITY
2022-07-19,2983.45,3023.0,2978.15,3019.1,638170.0,2979.0899999999997,2840.5125,83.4061135371178,0.017109018419336302,BULLISH,RSI_HIGH,HIGH_VOLATILITY
2022-07-20,3033.0,3044.7,3000.0,3006.45,867440.0,2992.1400000000003,2857.5175,81.69874732661162,0.01709964819213834,BULLISH,RSI_HIGH,HIGH_VOLATILITY
2022-07-21,2981.0,3084.95,2981.0,3066.1,1180000.0,3017.5299999999997,2872.9125,80.99016185337982,0.016111158768718343,BULLISH,RSI_HIGH,HIGH_VOLATILITY
2022-07-22,3066.1,3092.75,3048.0,3067.4,1270000.0,3035.38,2888.2375,80.33056042031518,0.01611970042354345,BULLISH,RSI_HIGH,HIGH_VOLATILITY
2022-07-25,3069.5,3117.2,3051.65,3104.95,985840.0,3052.7999999999997,2902.4375,85.94496972272387,0.015748057222178365,BULLISH,RSI_HIGH,HIGH_VOLATILITY
2022-07-26,3096.0,3149.8,3053.0,3108.5,2880000.0,3070.68,2921.5375,82.56457564575643,0.012960035152505319,BULLISH,RSI_HIGH,LOW_VOLATILITY
2022-07-27,3118.95,3193.0,3096.0,3186.05,1980000.0,3106.6,2945.95,84.5063824803841,0.012912009392689886,BULLISH,RSI_HIGH,LOW_VOLATILITY
2022-07-28,3198.0,3280.0,3182.0,3272.4,1330000.0,3147.86,2974.8100000000004,89.1269683077536,0.013354868076623097,BULLISH,RSI_HIGH,LOW_VOLATILITY
2022-07-29,3285.4,3354.35,3275.0,3333.75,1840000.0,3201.13,3002.84,89.29972538250291,0.012770493862607216,BULLISH,RSI_HIGH,LOW_VOLATILITY
2022-08-01,3340.05,3355.0,3314.5,3324.55,1080000.0,3245.05,3029.5525000000002,95.0120004174059,0.01304001618899948,BULLISH,RSI_HIGH,LOW_VOLATILITY
2022-08-02,3331.0,3404.75,3325.6,3396.15,1650000.0,3302.5800000000004,3061.0299999999997,95.24614619592249,0.012657828071516934,BULLISH,RSI_HIGH,LOW_VOLATILITY
2022-08-03,3404.0,3448.0,3371.25,3439.65,1170000.0,3353.3,3089.9425,95.98493201029035,0.011370555097906096,BULLISH,RSI_HIGH,LOW_VOLATILITY
2022-08-04,3455.0,3476.95,3410.9,3460.5,981430.0,3390.9199999999996,3118.3975,95.84640243322879,0.01138943045971789,BULLISH,RSI_HIGH,LOW_VOLATILITY
2022-08-05,3475.0,3491.95,3451.55,3473.9,792480.0,3418.95,3148.1025,95.62781390695349,0.011043443870432176,BULLISH,RSI_HIGH,LOW_VOLATILITY
2022-08-08,3465.0,3476.95,3436.55,3458.45,724640.0,3445.7300000000005,3174.3725,92.74248467749779,0.011247549376654186,BULLISH,RSI_HIGH,LOW_VOLATILITY
2022-08-10,3441.0,3449.85,3396.0,3411.65,1090000.0,3448.8300000000004,3200.295,86.96405765371286,0.011241968133370644,BULLISH,RSI_HIGH,LOW_VOLATILITY
2022-08-11,3450.0,3477.95,3390.0,3405.2,1410000.0,3441.94,3223.495,84.25944635279853,0.011287146808326522,BULLISH,RSI_HIGH,LOW_VOLATILITY
2022-08-12,3399.0,3434.8,3383.0,3427.85,548470.0,3435.41,3247.9300000000003,84.91041162227602,0.011127793874620172,BULLISH,RSI_HIGH,LOW_VOLATILITY
2022-08-16,3470.0,3509.45,3455.3,3501.0,911190.0,3440.8300000000004,3274.0725,85.88384524780284,0.011478203249680522,BULLISH,RSI_HIGH,LOW_VOLATILITY
2022-08-17,3517.95,3545.65,3504.6,3523.7,817910.0,3453.8799999999997,3299.3650000000002,86.3572679509632,0.011418520810816638,BULLISH,RSI_HIGH,LOW_VOLATILITY
2022-08-18,3525.0,3542.7,3515.55,3535.35,599880.0,3478.62,3325.1775000000002,84.57731142348048,0.011337561047863274,BULLISH,RSI_HIGH,LOW_VOLATILITY
2022-08-19,3520.0,3538.5,3464.0,3482.55,581830.0,3494.0899999999992,3348.9824999999996,72.28289682960451,0.012168922663383255,BULLISH,RSI_HIGH,LOW_VOLATILITY
2022-08-22,3462.1,3485.55,3333.2,3349.75,2340000.0,3478.47,3363.165,51.47329650092081,0.015508023264875607,BEARISH,RSI_NORMAL,HIGH_VOLATILITY
2022-08-23,3333.0,3383.95,3316.85,3356.6,831450.0,3449.59,3377.625,52.964024784981014,0.015489558156125379,BEARISH,RSI_NORMAL,HIGH_VOLATILITY
2022-08-24,3339.6,3385.0,3302.0,3378.85,1180000.0,3420.62,3391.3200000000006,48.23936495013228,0.015394940199083338,BEARISH,RSI_NORMAL,HIGH_VOLATILITY
2022-08-25,3375.0,3405.15,3351.2,3362.5,615390.0,3386.05,3404.0200000000004,41.68910912420553,0.015518123040473081,BEARISH,RSI_NORMAL,HIGH_VOLATILITY
2022-08-26,3379.35,3384.5,3305.65,3323.55,1380000.0,3354.25,3410.8949999999995,35.80093312597204,0.01507242995243233,BEARISH,RSI_NORMAL,HIGH_VOLATILITY
2022-08-29,3247.0,3348.35,3236.7,3343.25,1030000.0,3352.95,3414.4375,36.62879950875037,0.013933501667559259,BEARISH,RSI_NORMAL,HIGH_VOLATILITY
2022-08-30,3331.0,3409.75,3331.0,3391.6,1430000.0,3359.95,3417.3300000000004,43.589989452488254,0.013679492797535846,BEARISH,RSI_NORMAL,HIGH_VOLATILITY
2022-09-01,3315.0,3474.4,3315.0,3446.55,1420000.0,3373.4900000000002,3423.4299999999994,53.29493957703929,0.014060608893802121,BULLISH,RSI_NORMAL,HIGH_VOLATILITY
2022-09-02,3489.0,3489.0,3425.0,3431.05,740820.0,3387.2,3425.175,52.39951731179804,0.013333095832427769,BULLISH,RSI_NORMAL,LOW_VOLATILITY
2022-09-05,3425.05,3450.0,3405.55,3424.8,518440.00000000006,3407.45,3424.4325,49.707994255624726,0.013025619005218975,BULLISH,RSI_NORMAL,LOW_VOLATILITY
2022-09-06,3420.0,3434.55,3384.0,3395.25,540940.0,3417.85,3421.1699999999996,38.953306173613285,0.013071899295794432,BEARISH,RSI_NORMAL,LOW_VOLATILITY
2022-09-07,3392.0,3435.0,3385.95,3400.35,682920.0,3419.6,3417.4925000000003,36.622925929942525,0.013037346962362084,BEARISH,RSI_NORMAL,LOW_VOLATILITY
2022-09-08,3450.0,3484.65,3427.4,3450.15,1140000.0,3420.3200000000006,3417.0775000000003,41.46634615384617,0.013462789370598608,BULLISH,RSI_NORMAL,LOW_VOLATILITY
2022-09-09,3483.7,3483.7,3433.45,3441.85,702810.0,3422.4800000000005,3418.5875,45.52452166263468,0.013100640712198668,BULLISH,RSI_NORMAL,LOW_VOLATILITY
2022-09-12,3441.85,3453.65,3423.0,3432.2,641280.0,3423.96,3419.9375,62.43402201779517,0.013111082113623997,BULLISH,RSI_NORMAL,LOW_VOLATILITY
2022-09-13,3432.0,3459.0,3414.65,3422.2,776040.0,3429.35,3419.6549999999997,59.79982073498654,0.013048314344752348,BULLISH,RSI_NORMAL,LOW_VOLATILITY
2022-09-14,3380.0,3448.5,3380.0,3438.95,816680.0,3437.0699999999997,3416.5525000000002,59.12818955042525,0.012117677331241349,BULLISH,RSI_NORMAL,LOW_VOLATILITY
2022-09-15,3440.0,3458.75,3389.1,3395.4,590180.0,3426.12,3410.1375,54.6156004489338,0.012265481900979446,BEARISH,RSI_NORMAL,LOW_VOLATILITY
2022-09-16,3412.4,3420.0,3309.55,3322.55,1600000.0,3402.2599999999998,3399.4975,49.871893415321544,0.012955328835871756,BEARISH,RSI_NORMAL,LOW_VOLATILITY
2022-09-19,3320.65,3342.1,3231.3,3316.25,1010000.0,3379.0699999999997,3391.1825,46.418148049880614,0.012648555811125693,BEARISH,RSI_NORMAL,LOW_VOLATILITY
2022-09-20,3335.6,3410.0,3334.0,3393.2,708180.0,3373.2699999999995,3393.3550000000005,50.19728729963008,0.010824564615345846,BEARISH,RSI_NORMAL,LOW_VOLATILITY
2022-09-21,3405.0,3424.9,3348.0,3356.05,605380.0,3356.69,3393.3275000000003,38.328604591178745,0.011125340557668872,BEARISH,RSI_NORMAL,LOW_VOLATILITY
2022-09-22,3356.05,3440.0,3315.65,3436.0,829400.0,3364.81,3396.185,50.547384717461,0.012266239440507518,BULLISH,RSI_NORMAL,LOW_VOLATILITY
2022-09-23,3435.0,3437.95,3382.7,3395.25,513370.0,3379.35,3397.8224999999998,46.963937121134265,0.012536904409306274,BEARISH,RSI_NORMAL,LOW_VOLATILITY
2022-09-26,3370.0,3468.0,3354.0,3438.05,1430000.0,3403.71,3403.5474999999997,54.28085617123427,0.012470438977864769,BULLISH,RSI_NORMAL,LOW_VOLATILITY
2022-09-27,3454.85,3500.0,3431.05,3470.65,1460000.0,3419.2,3409.9175000000005,56.66477057262043,0.012557857758284132,BULLISH,RSI_NORMAL,LOW_VOLATILITY
2022-09-28,3451.0,3582.9,3420.0,3570.65,1840000.0,3462.1200000000003,3418.87,60.4310941828255,0.013671285725197435,BULLISH,RSI_NORMAL,HIGH_VOLATILITY
2022-09-29,3563.45,3563.45,3372.4,3384.8,2620000.0,3451.88,3415.7825,46.2226047805072,0.017959795402347885,BEARISH,RSI_NORMAL,HIGH_VOLATILITY
2022-09-30,3402.0,3411.9,3285.25,3342.45,2160000.0,3441.3200000000006,3411.3525,44.30411880434092,0.018136382556291335,BEARISH,RSI_NORMAL,HIGH_VOLATILITY
2022-10-03,3348.0,3352.5,3285.75,3302.9,934540.0,3414.29,3405.2574999999997,42.70247125030586,0.01829338104673574,BEARISH,RSI_NORMAL,HIGH_VOLATILITY
2022-10-04,3330.0,3368.35,3312.05,3337.75,994380.0,3387.71,3402.3824999999997,43.943746259724726,0.01841065129972768,BEARISH,RSI_NORMAL,HIGH_VOLATILITY
2022-10-06,3337.75,3366.75,3311.7,3328.95,922770.0,3339.37,3398.8125,45.85076490789883,0.018407962793016985,BEARISH,RSI_NORMAL,HIGH_VOLATILITY
2022-10-07,3318.0,3359.6,3287.25,3343.7,774540.0,3331.15,3393.4900000000002,51.423954756614805,0.018093017575560033,BEARISH,RSI_NORMAL,HIGH_VOLATILITY
2022-10-10,3280.0,3299.0,3260.2,3277.95,734380.0,3318.25,3385.2949999999996,47.61251714250092,0.018548875847365674,BEARISH,RSI_NORMAL,HIGH_VOLATILITY
2022-10-11,3290.5,3360.0,3274.0,3298.7,1410000.0,3317.41,3378.6200000000003,43.665370693122405,0.01864726575960431,BEARISH,RSI_NORMAL,HIGH_VOLATILITY
2022-10-12,3335.0,3339.5,3206.0,3248.2,1810000.0,3299.5,3369.9199999999996,42.89759631215012,0.018890117560830096,BEARISH,RSI_NORMAL,HIGH_VOLATILITY
2022-10-13,3230.1,3258.2,3193.9,3209.0,779890.0,3275.5099999999998,3358.4224999999997,34.203201113430765,0.018924500868354673,BEARISH,RSI_NORMAL,HIGH_VOLATILITY
2022-10-14,3235.0,3246.0,3180.0,3185.5,845770.0,3243.87,3347.9275000000002,35.044563279857385,0.018822569799420902,BEARISH,RSI_NORMAL,HIGH_VOLATILITY
2022-10-17,3185.5,3218.0,3170.1,3197.6,1070000.0,3227.8,3341.6799999999994,32.070688240996176,0.018361878476136264,BEARISH,RSI_NORMAL,HIGH_VOLATILITY
2022-10-18,3218.0,3250.0,3212.0,3225.85,1020000.0,3213.2299999999996,3337.16,31.62713899729809,0.018513630681170404,BEARISH,RSI_NORMAL,HIGH_VOLATILITY
2022-10-19,3242.0,3245.7,3196.35,3212.75,943540.0,3206.1400000000003,3328.1375,19.109269808389413,0.017602186518946746,BEARISH,RSI_LOW,HIGH_VOLATILITY
2022-10-20,3198.0,3241.85,3101.8,3140.9,2280000.0,3192.52,3317.3799999999997,23.791102514506747,0.01806679240358168,BEARISH,RSI_LOW,HIGH_VOLATILITY
2022-10-21,3140.0,3164.75,3072.65,3092.4,1740000.0,3173.9,3300.2,23.480750874960222,0.01708832074279166,BEARISH,RSI_LOW,HIGH_VOLATILITY
2022-10-24,3150.0,3159.0,3116.0,3121.65,178710.0,3158.71,3286.5199999999995,30.3480429361379,0.01730884363053894,BEARISH,RSI_NORMAL,HIGH_VOLATILITY
2022-10-25,3134.0,3135.0,3079.9,3084.9,1020000.0,3130.5200000000004,3268.8625,22.69733290141454,0.016928548471914825,BEARISH,RSI_LOW,HIGH_VOLATILITY
2022-10-27,3123.0,3123.0,3033.0,3043.45,2010000.0,3096.6600000000003,3247.5025,21.202340125075636,0.016651050916430557,BEARISH,RSI_LOW,HIGH_VOLATILITY
2022-10-28,3058.7,3071.6,3040.0,3053.4,715740.0,3079.16,3221.64,20.431859849256497,0.014668548018587005,BEARISH,RSI_LOW,HIGH_VOLATILITY
2022-10-31,3082.0,3113.0,3061.05,3107.7,814360.0,3082.2200000000003,3207.785,32.2452810512045,0.011529023835390659,BEARISH,RSI_NORMAL,LOW_VOLATILITY
2022-11-01,3110.5,3164.4,3110.5,3159.4,939340.0,3089.77,3198.6325,36.35384012539188,0.012242979023013634,BEARISH,RSI_NORMAL,LOW_VOLATILITY
2022-11-02,3158.0,3159.95,3122.1,3131.9,787010.0,3099.17,3190.0824999999995,38.06934755847357,0.012140257472542288,BEARISH,RSI_NORMAL,LOW_VOLATILITY
2022-11-03,3105.0,3148.75,3105.0,3141.3,563800.0,3118.7400000000002,3180.2599999999998,42.60270979020982,0.011823560241231629,BEARISH,RSI_NORMAL,LOW_VOLATILITY
2022-11-04,3148.0,3185.0,3125.9,3181.35,609760.0,3144.3300000000004,3172.88,49.56237477591478,0.012335314209217336,BULLISH,RSI_NORMAL,LOW_VOLATILITY
2022-11-07,3186.0,3198.0,3097.45,3103.55,1670000.0,3143.5,3160.8725,41.2892470130592,0.013181062779796372,BEARISH,RSI_NORMAL,LOW_VOLATILITY
2022-11-09,3146.0,3146.0,3080.0,3086.5,1390000.0,3128.92,3151.3,36.82020240234561,0.012644141116029592,BEARISH,RSI_NORMAL,LOW_VOLATILITY
2022-11-10,3086.0,3086.0,3033.5,3045.15,1380000.0,3111.57,3138.6225000000004,34.95241515532413,0.012653327094438562,BEARISH,RSI_NORMAL,LOW_VOLATILITY
2022-11-11,3090.7,3098.0,3048.0,3055.4,810290.0,3094.3900000000003,3128.9824999999996,41.36886735311932,0.01245574647890681,BEARISH,RSI_NORMAL,LOW_VOLATILITY
2022-11-14,3056.0,3077.95,3041.05,3053.2,811700.0,3068.76,3121.1925,45.63474387527837,0.012277195587046126,BEARISH,RSI_NORMAL,LOW_VOLATILITY
2022-11-15,3068.5,3095.0,3042.0,3079.3,873840.0,3063.91,3115.8824999999997,45.2506448357071,0.012454815249400269,BEARISH,RSI_NORMAL,LOW_VOLATILITY
2022-11-16,3079.3,3093.0,3051.0,3083.05,770950.0,3063.2200000000003,3110.1549999999997,49.775947680755735,0.012409009109687315,BEARISH,RSI_NORMAL,LOW_VOLATILITY
2022-11-17,3092.0,3096.55,3060.0,3071.6,706270.0,3068.51,3102.4425,53.67637455922685,0.012160458051334451,BEARISH,RSI_NORMAL,LOW_VOLATILITY
2022-11-18,3095.0,3114.85,3055.75,3095.5,1260000.0,3076.53,3096.58,55.30493951612901,0.01236076474118375,BEARISH,RSI_NORMAL,LOW_VOLATILITY
2022-11-21,3105.0,3110.35,3066.2,3095.3,612190.0,3084.95,3094.3,48.190837467172514,0.011372988817747894,BULLISH,RSI_NORMAL,LOW_VOLATILITY
2022-11-22,3104.0,3119.5,3072.3,3103.85,764080.0,3089.86,3094.8725,40.72775830412283,0.010844707574315124,BULLISH,RSI_NORMAL,LOW_VOLATILITY
2022-11-23,3111.0,3114.8,3090.0,3100.8,488340.0,3093.41,3093.8300000000004,44.34750999636497,0.010626736171679666,BULLISH,RSI_NORMAL,LOW_VOLATILITY
2022-11-24,3117.95,3120.25,3092.0,3115.3,571870.0,3102.15,3095.35,45.3604568165596,0.010322738112849178,BULLISH,RSI_NORMAL,LOW_VOLATILITY
2022-11-25,3115.3,3119.8,3075.25,3108.15,898770.0,3104.68,3098.585,35.2001617468662,0.009816967720631899,BULLISH,RSI_NORMAL,LOW_VOLATILITY
2022-11-28,3108.15,3159.0,3096.7,3151.2,914690.0,3115.86,3103.4750000000004,61.20912726417304,0.010217108581876369,BULLISH,RSI_NORMAL,LOW_VOLATILITY
2022-11-29,3157.0,3169.0,3127.15,3135.05,877720.0,3122.1,3104.8424999999997,61.46940703992446,0.009574447174447982,BULLISH,RSI_NORMAL,LOW_VOLATILITY
2022-11-30,3139.9,3199.95,3133.3,3175.15,2550000.0,3136.9700000000003,3105.63,80.89353612167307,0.009266646381349167,BULLISH,RSI_HIGH,LOW_VOLATILITY
2022-12-01,3191.0,3197.0,3161.25,3179.35,761720.0,3149.7799999999997,3108.0025,80.32786885245905,0.009022473314938982,BULLISH,RSI_HIGH,LOW_VOLATILITY
2022-12-02,3173.15,3174.3,3134.0,3143.45,932260.0,3156.84,3108.11,68.95610165931532,0.00939648449960946,BULLISH,RSI_NORMAL,LOW_VOLATILITY
2022-12-05,3130.0,3168.7,3112.5,3156.9,926120.0,3157.98,3106.8875,67.21384205856259,0.008976718356193366,BULLISH,RSI_NORMAL,LOW_VOLATILITY
2022-12-06,3125.0,3169.0,3125.0,3161.7,958370.0,3163.31,3109.795,67.36586442923382,0.006957058284927822,BULLISH,RSI_NORMAL,LOW_VOLATILITY
2022-12-07,3180.0,3234.7,3176.4,3226.5,1830000.0,3173.5799999999995,3116.795,77.68048606147262,0.008033668357397127,BULLISH,RSI_HIGH,LOW_VOLATILITY
2022-12-08,3230.0,3240.9,3202.65,3221.45,851310.0,3182.0,3125.6099999999997,74.13297566583643,0.0072145978151382465,BULLISH,RSI_HIGH,LOW_VOLATILITY
2022-12-09,3235.0,3242.35,3206.0,3226.95,847880.0,3198.7,3134.1875,74.7230046948357,0.007217797631551493,BULLISH,RSI_HIGH,LOW_VOLATILITY
2022-12-12,3227.0,3230.0,3141.9,3166.35,1320000.0,3200.5899999999997,3139.8450000000003,59.817781966698114,0.008661316842412295,BULLISH,RSI_NORMAL,LOW_VOLATILITY
2022-12-13,3185.0,3185.0,3142.65,3178.5,886600.0,3203.95,3144.8050000000003,61.86621869273059,0.00853285824731454,BULLISH,RSI_NORMAL,LOW_VOLATILITY
2022-12-14,3179.0,3195.0,3125.0,3145.95,1100000.0,3187.84,3147.95,54.43624258213919,0.008936499493247865,BEARISH,RSI_NORMAL,LOW_VOLATILITY
2022-12-15,3142.0,3161.2,3116.7,3130.6,799120.0,3169.6699999999996,3150.9,53.17404213205145,0.008972911210378746,BEARISH,RSI_NORMAL,LOW_VOLATILITY
2022-12-16,3115.0,3117.0,3050.3,3055.9,1190000.0,3135.46,3148.92,37.63301323643917,0.010390159549138581,BEARISH,RSI_NORMAL,LOW_VOLATILITY
2022-12-19,3062.0,3088.0,3041.0,3080.95,655590.0,3118.38,3148.2025,43.138001014713296,0.01057483429761449,BEARISH,RSI_NORMAL,LOW_VOLATILITY
2022-12-20,3075.05,3088.65,3018.0,3082.15,739260.0,3099.1099999999997,3147.1175,36.91246833661695,0.010553387471933339,BEARISH,RSI_NORMAL,LOW_VOLATILITY
2022-12-21,3085.0,3112.45,3050.05,3069.65,616320.0,3083.85,3145.56,34.91474147414746,0.01058620352216872,BEARISH,RSI_NORMAL,LOW_VOLATILITY
2022-12-22,3074.0,3093.5,3038.05,3088.55,663200.0,3075.44,3144.2225000000003,42.08020773225626,0.010629046146950216,BEARISH,RSI_NORMAL,LOW_VOLATILITY
2022-12-23,3078.95,3086.85,3036.0,3057.9,1230000.0,3075.84,3141.71,36.393622869708636,0.010836349036736631,BEARISH,RSI_NORMAL,LOW_VOLATILITY
2022-12-26,3057.9,3071.9,3028.8,3056.05,536880.0,3070.86,3136.9525,35.36095330469732,0.010278345108879554,BEARISH,RSI_NORMAL,LOW_VOLATILITY
2022-12-27,3060.0,3129.0,3056.3,3112.6,729040.0,3076.9500000000003,3135.83,33.84855360181507,0.011157915566690577,BEARISH,RSI_NORMAL,LOW_VOLATILITY
2022-12-28,3109.95,3143.8,3105.0,3123.7,972270.0,3087.7599999999998,3133.2575,36.37250801617174,0.010772292159617109,BEARISH,RSI_NORMAL,LOW_VOLATILITY
2022-12-29,3101.0,3125.0,3092.55,3115.15,596270.0,3093.0800000000004,3130.0474999999997,34.54520320707769,0.010769205311273322,BEARISH,RSI_NORMAL,LOW_VOLATILITY
2022-12-30,3130.75,3130.75,3071.3,3087.9,836220.0,3099.08,3127.2699999999995,38.05390589310188,0.010655223628481217,BEARISH,RSI_NORMAL,LOW_VOLATILITY
2023-01-02,3087.9,3087.9,3021.0,3047.25,1020000.0,3097.32,3121.7875,31.60992013451026,0.01092490555927916,BEARISH,RSI_NORMAL,LOW_VOLATILITY
2023-01-03,3047.0,3059.95,3025.0,3028.25,860370.0,3080.45,3115.115,32.85755898630934,0.010941863132980867,BEARISH,RSI_NORMAL,LOW_VOLATILITY
2023-01-04,3035.0,3050.0,3001.55,3016.85,836380.0,3059.0800000000004,3104.6324999999997,33.24001768086043,0.009563373748324656,BEARISH,RSI_NORMAL,LOW_VOLATILITY
2023-01-05,3039.55,3046.6,2995.4,3004.35,1110000.0,3036.9199999999996,3093.7775,40.6999819592278,0.00955599003183602,BEARISH,RSI_NORMAL,LOW_VOLATILITY
2023-01-06,3010.0,3023.5,2952.0,2978.4,1050000.0,3015.0199999999995,3081.35,31.559072109332888,0.009542737038110038,BEARISH,RSI_NORMAL,LOW_VOLATILITY
2023-01-09,2993.3,3017.65,2951.0,2984.15,808260.0,3002.4,3072.24,32.66100495399854,0.00895513418734976,BEARISH,RSI_NORMAL,LOW_VOLATILITY
2023-01-10,2984.15,2985.0,2952.2,2960.35,864330.0,2988.8199999999997,3061.3324999999995,31.405239877509302,0.008875155655875636,BEARISH,RSI_NORMAL,LOW_VOLATILITY
2023-01-11,2974.9,2974.9,2935.0,2940.4,890430.0,2973.53,3051.055,24.885573826072147,0.008769325026482455,BEARISH,RSI_LOW,LOW_VOLATILITY
2023-01-12,2939.0,2939.85,2896.0,2915.95,1560000.0,2955.85,3040.3225,25.419913419913343,0.008834558651481294,BEARISH,RSI_LOW,LOW_VOLATILITY
2023-01-13,2925.0,2925.0,2871.75,2909.15,1510000.0,2942.0,3032.9849999999997,24.991487912836163,0.0074229105866231646,BEARISH,RSI_LOW,LOW_VOLATILITY
2023-01-16,2925.0,2929.6,2896.0,2916.05,644070.0,2928.38,3024.7400000000002,9.731612374513432,0.007090752379174789,BEARISH,RSI_LOW,LOW_VOLATILITY
2023-01-17,2925.0,2944.85,2911.15,2940.9,716490.0,2924.49,3017.6775000000002,14.546159813809169,0.0074999818543567565,BEARISH,RSI_LOW,LOW_VOLATILITY
2023-01-18,2947.95,2960.0,2929.35,2945.25,893810.0,2925.46,3011.4575,16.50236593059934,0.007534454827694824,BEARISH,RSI_LOW,LOW_VOLATILITY
2023-01-19,2954.9,2973.6,2843.6,2866.15,2380000.0,2915.5,3000.3375,13.701096742511027,0.009098334467476729,BEARISH,RSI_LOW,LOW_VOLATILITY
2023-01-20,2848.0,2848.0,2781.0,2787.8,3170000.0,2891.23,2986.8325,12.195832726213013,0.010457779279787456,BEARISH,RSI_LOW,LOW_VOLATILITY
2023-01-23,2800.0,2800.0,2767.85,2784.45,1400000.0,2864.91,2973.2525,12.778625954198446,0.010446745614125147,BEARISH,RSI_LOW,LOW_VOLATILITY
2023-01-24,2795.0,2827.1,2784.45,2810.6,1060000.0,2838.85,2958.1525,19.868517165814467,0.00954636055165271,BEARISH,RSI_LOW,LOW_VOLATILITY
2023-01-25,2810.9,2811.0,2767.1,2775.0,857950.0,2804.8,2940.7174999999997,18.612289585329137,0.009465294852094602,BEARISH,RSI_LOW,LOW_VOLATILITY
2023-01-27,2766.6,2772.85,2685.85,2722.65,1800000.0,2776.1,2921.0924999999997,17.358008934269307,0.009864027483807887,BEARISH,RSI_LOW,LOW_VOLATILITY
2023-01-30,2724.0,2776.0,2696.25,2766.2,1170000.0,2771.7799999999997,2905.0075,24.630427191246596,0.011067242651277117,BEARISH,RSI_LOW,LOW_VOLATILITY
2023-01-31,2760.0,2779.95,2718.05,2725.85,1960000.0,2760.0600000000004,2888.9375,23.716655458417364,0.011124009412114074,BEARISH,RSI_LOW,LOW_VOLATILITY
2023-02-01,2749.8,2778.0,2704.8,2743.75,1180000.0,2746.69,2874.7125,27.857223285665995,0.01144312012133073,BEARISH,RSI_LOW,LOW_VOLATILITY
2023-02-02,2741.0,2741.0,2694.0,2705.65,1310000.0,2732.82,2859.1524999999997,27.026436530478477,0.011614738179858768,BEARISH,RSI_LOW,LOW_VOLATILITY
2023-02-03,2705.65,2763.9,2700.0,2760.4,1280000.0,2740.37,2846.955,35.29120933451992,0.012951887631752385,BEARISH,RSI_NORMAL,LOW_VOLATILITY
2023-02-06,2760.4,2765.0,2718.0,2754.2,1120000.0,2737.9700000000003,2835.745,33.97366075849091,0.012914009652162715,BEARISH,RSI_NORMAL,LOW_VOLATILITY
2023-02-07,2762.0,2774.5,2748.15,2758.05,732250.0,2744.41,2824.44,31.10858559768573,0.01290205630948751,BEARISH,RSI_NORMAL,LOW_VOLATILITY
2023-02-08,2768.0,2784.0,2744.3,2765.6,811960.0,2748.7799999999997,2814.7025,31.56112080468027,0.012944181685780794,BEARISH,RSI_NORMAL,LOW_VOLATILITY
2023-02-09,2781.95,2820.35,2766.15,2814.6,946370.0,2770.57,2808.4125,44.36057324143965,0.013734916646519121,BULLISH,RSI_NORMAL,HIGH_VOLATILITY
2023-02-10,2830.0,2830.95,2793.0,2804.6,700070.0,2779.41,2802.845,52.16104965268841,0.013662473857485181,BULLISH,RSI_NORMAL,HIGH_VOLATILITY
2023-02-13,2814.5,2829.0,2780.0,2790.75,467230.0,2786.72,2796.925,50.789078156312655,0.013679674497348691,BEARISH,RSI_NORMAL,HIGH_VOLATILITY
2023-02-14,2804.75,2804.75,2765.0,2777.0,524750.0,2790.5099999999998,2789.9725,45.65667011375388,0.013654632056529536,BEARISH,RSI_NORMAL,HIGH_VOLATILITY
2023-02-15,2777.0,2798.3,2754.0,2786.15,817720.0,2794.62,2782.2349999999997,51.54710697932567,0.013484539073993463,BULLISH,RSI_NORMAL,LOW_VOLATILITY
2023-02-16,2797.0,2834.35,2790.1,2805.95,788960.0,2792.89,2775.27,62.70591824283096,0.013632308820221255,BULLISH,RSI_NORMAL,HIGH_VOLATILITY
2023-02-17,2802.95,2845.85,2785.5,2833.6,840530.0,2798.6899999999996,2773.6425,60.80474511061239,0.01258765437189996,BULLISH,RSI_NORMAL,LOW_VOLATILITY
2023-02-20,2845.0,2852.0,2812.1,2825.55,646220.0,2805.65,2775.53,67.82904148783982,0.010919800048661277,BULLISH,RSI_NORMAL,LOW_VOLATILITY
2023-02-21,2837.0,2838.7,2805.0,2817.1,631930.0,2813.67,2777.1625,63.57579122709603,0.010943749812268345,BULLISH,RSI_NORMAL,LOW_VOLATILITY
2023-02-22,2809.95,2813.95,2780.0,2795.95,580270.0,2815.63,2776.43,67.8317535545023,0.010884712430727755,BULLISH,RSI_NORMAL,LOW_VOLATILITY
2023-02-23,2805.0,2805.55,2700.1,2705.95,1790000.0,2795.63,2772.9775,40.561622464898555,0.012772750932545308,BEARISH,RSI_NORMAL,LOW_VOLATILITY
2023-02-24,2712.1,2762.0,2710.0,2738.5,1430000.0,2776.6099999999997,2773.7699999999995,47.50635324015251,0.012383772320067007,BEARISH,RSI_NORMAL,LOW_VOLATILITY
2023-02-27,2740.4,2758.65,2725.05,2749.9,561320.0,2761.4800000000005,2772.955,48.735846129982924,0.011869631318448669,BEARISH,RSI_NORMAL,LOW_VOLATILITY
2023-02-28,2750.0,2839.0,2727.45,2828.8,1820000.0,2763.82,2778.1025,58.02641605283213,0.013004906812226514,BULLISH,RSI_NORMAL,LOW_VOLATILITY
2023-03-01,2828.0,2853.3,2816.05,2840.9,816600.0,2772.81,2782.96,53.68553811659195,0.01297203417950765,BULLISH,RSI_NORMAL,LOW_VOLATILITY
2023-03-02,2831.0,2849.0,2811.0,2833.9,604520.0,2798.4,2789.3725,54.14075749010743,0.012486450540441039,BULLISH,RSI_NORMAL,LOW_VOLATILITY
2023-03-03,2837.05,2852.0,2810.65,2828.85,679300.0,2816.4700000000003,2792.795,55.52173913043476,0.01178118870853568,BULLISH,RSI_NORMAL,LOW_VOLATILITY
2023-03-06,2843.0,2884.0,2830.25,2864.55,1050000.0,2839.4000000000005,2798.3125,61.92941817686333,0.01201293235792144,BULLISH,RSI_NORMAL,LOW_VOLATILITY
2023-03-08,2870.0,2870.0,2827.0,2859.55,580250.0,2845.55,2803.3875,60.115766262403525,0.012042231396934873,BULLISH,RSI_NORMAL,LOW_VOLATILITY
2023-03-09,2862.0,2872.45,2836.85,2853.55,774220.0,2848.0800000000004,2807.7850000000003,56.819484240687714,0.01207256769463414,BULLISH,RSI_NORMAL,LOW_VOLATILITY
2023-03-10,2844.0,2844.0,2807.0,2830.2,489980.0,2847.3399999999997,2808.565,49.50681752248331,0.011638032796284652,BULLISH,RSI_NORMAL,LOW_VOLATILITY
2023-03-13,2823.5,2849.45,2772.2,2784.2,813220.0,2838.4100000000003,2807.5449999999996,44.596890108454176,0.01219484676638444,BEARISH,RSI_NORMAL,LOW_VOLATILITY
2023-03-14,2782.95,2786.95,2740.05,2745.6,1060000.0,2814.62,2805.2875,41.339631782945766,0.012532398742972151,BEARISH,RSI_NORMAL,LOW_VOLATILITY
2023-03-15,2772.2,2866.35,2765.2,2827.4,2170000.0,2808.19,2807.8075,53.321364452423715,0.014213883619387826,BULLISH,RSI_NORMAL,HIGH_VOLATILITY
2023-03-16,2850.0,2900.0,2828.7,2893.25,1760000.0,2816.13,2813.1625,70.84353438682392,0.015062007022822153,BULLISH,RSI_HIGH,HIGH_VOLATILITY
2023-03-17,2923.95,2923.95,2855.05,2862.65,1850000.0,2822.62,2815.9975,63.87615960657202,0.01526382874046471,BULLISH,RSI_NORMAL,HIGH_VOLATILITY
2023-03-20,2915.0,2915.0,2831.05,2855.15,1070000.0,2836.81,2817.075,61.86717781035064,0.015142148172665465,BULLISH,RSI_NORMAL,HIGH_VOLATILITY
2023-03-21,2858.15,2887.0,2835.0,2839.1,691890.0,2855.51,2817.7524999999996,51.35312664214394,0.015187013739713607,BULLISH,RSI_NORMAL,HIGH_VOLATILITY
2023-03-22,2825.0,2853.15,2814.85,2839.85,731810.0,2858.0,2818.89,49.85781990521324,0.01516677579126508,BULLISH,RSI_NORMAL,HIGH_VOLATILITY
2023-03-23,2817.1,2823.0,2767.75,2797.8,1020000.0,2838.91,2818.9825,45.53549344546131,0.015454984554966847,BEARISH,RSI_NORMAL,HIGH_VOLATILITY
2023-03-24,2797.8,2815.65,2772.85,2798.5,784110.0,2826.08,2823.61,46.20577572196526,0.013455726488733789,BEARISH,RSI_NORMAL,LOW_VOLATILITY
2023-03-27,2798.5,2820.0,2786.5,2803.75,791560.0,2815.8,2826.8725000000004,41.77266576454666,0.013237998558713191,BEARISH,RSI_NORMAL,LOW_VOLATILITY
2023-03-28,2791.0,2810.6,2765.0,2784.45,558580.0,2804.87,2828.6,40.21625846795202,0.013340580652593787,BEARISH,RSI_NORMAL,LOW_VOLATILITY
2023-03-29,2784.45,2793.75,2755.0,2770.5,1090000.0,2791.0,2825.685,39.40012763241861,0.011639924171316096,BEARISH,RSI_NORMAL,LOW_VOLATILITY
2023-03-31,2756.05,2775.0,2747.5,2761.65,1970000.0,2783.77,2821.7225,40.914512922465235,0.011582171299614946,BEARISH,RSI_NORMAL,LOW_VOLATILITY
2023-04-03,2746.95,2781.65,2708.65,2777.0,1040000.0,2779.4700000000003,2818.8775,48.96133871898444,0.011680077073484148,BEARISH,RSI_NORMAL,LOW_VOLATILITY
2023-04-05,2760.0,2811.55,2752.25,2808.5,668640.0,2780.42,2817.8599999999997,59.263622974963205,0.011995303856096082,BEARISH,RSI_NORMAL,LOW_VOLATILITY
2023-04-06,2807.45,2825.0,2786.8,2809.85,627550.0,2785.5,2815.125,46.61262304574402,0.011608396829325926,BEARISH,RSI_NORMAL,LOW_VOLATILITY
2023-04-10,2810.0,2810.0,2755.1,2776.35,1220000.0,2786.6699999999996,2810.965,24.21702690780758,0.011867559762046287,BEARISH,RSI_LOW,LOW_VOLATILITY
2023-04-11,2790.0,2790.0,2750.05,2753.8,1250000.0,2785.1,2805.9775,25.108621083924007,0.011962043295850227,BEARISH,RSI_LOW,LOW_VOLATILITY
2023-04-12,2755.55,2806.2,2751.0,2786.75,2240000.0,2787.05,2803.805,35.98934862761156,0.012233564280956273,BEARISH,RSI_NORMAL,LOW_VOLATILITY
2023-04-13,2786.7,2813.3,2782.0,2809.75,602600.0,2787.3,2805.0825,44.15455088627763,0.011814137026122856,BULLISH,RSI_NORMAL,LOW_VOLATILITY
2023-04-17,2825.0,2845.6,2806.0,2843.1,754560.0,2793.95,2809.9575,50.572889123920326,0.011563479289907424,BULLISH,RSI_NORMAL,LOW_VOLATILITY
2023-04-18,2848.0,2858.45,2830.1,2854.6,717720.0,2809.6,2811.3175,61.2208613196365,0.00954028167340057,BULLISH,RSI_NORMAL,LOW_VOLATILITY
2023-04-19,2836.35,2852.7,2800.65,2809.7,799620.0,2820.7799999999997,2807.1400000000003,51.883619239825066,0.008580597274775198,BULLISH,RSI_NORMAL,LOW_VOLATILITY
2023-04-20,2820.0,2851.0,2813.15,2843.85,761100.0,2832.2,2806.2,56.1465358675659,0.008807613643385285,BULLISH,RSI_NORMAL,LOW_VOLATILITY
2023-04-21,2847.1,2887.0,2847.1,2882.1,894930.0,2846.6699999999996,2807.5474999999997,64.14602346805742,0.009303187437053011,BULLISH,RSI_NORMAL,LOW_VOLATILITY
2023-04-24,2882.1,2898.0,2852.0,2891.1,782970.0,2856.2699999999995,2810.1475,67.72486772486775,0.009204770940570595,BULLISH,RSI_NORMAL,LOW_VOLATILITY
2023-04-25,2891.05,2901.75,2864.15,2898.0,636120.0,2864.95,2813.055,70.15521064301554,0.009208703910029434,BULLISH,RSI_HIGH,LOW_VOLATILITY
2023-04-26,2896.95,2916.45,2888.05,2910.0,569220.0,2885.0099999999998,2818.665,69.8566736339206,0.00843299978956518,BULLISH,RSI_NORMAL,LOW_VOLATILITY
2023-04-27,2915.5,2920.0,2893.85,2899.95,599460.0,2896.23,2823.7375,64.58765353325887,0.008513769159358016,BULLISH,RSI_NORMAL,LOW_VOLATILITY
2023-04-28,2919.95,2919.95,2846.6,2902.35,1080000.0,2900.2799999999997,2828.6675,64.70588235294119,0.008516610747200509,BULLISH,RSI_NORMAL,LOW_VOLATILITY
2023-05-02,2910.95,2933.7,2893.0,2899.55,663800.0,2901.9700000000003,2834.4225,71.70542635658921,0.008300386723672424,BULLISH,RSI_HIGH,LOW_VOLATILITY
2023-05-03,2918.0,2962.4,2897.0,2929.7,1240000.0,2908.31,2842.3825,80.18188057652708,0.008324663855816311,BULLISH,RSI_HIGH,LOW_VOLATILITY
2023-05-04,2948.0,2986.15,2922.15,2982.85,1010000.0,2922.88,2853.4425,81.46662387676508,0.00886173740322081,BULLISH,RSI_HIGH,LOW_VOLATILITY
2023-05-05,2971.0,3025.0,2951.05,3012.95,1330000.0,2945.48,2865.2400000000002,81.87951051145276,0.008963827301318502,BULLISH,RSI_HIGH,LOW_VOLATILITY
2023-05-08,3015.0,3035.7,2993.0,3019.45,941880.0,2968.8999999999996,2875.7875,80.21243789617954,0.008808441505423224,BULLISH,RSI_HIGH,LOW_VOLATILITY
2023-05-09,3016.05,3074.8,3010.75,3034.8,1030000.0,2995.95,2887.0350000000003,80.47007101792359,0.008780964037378516,BULLISH,RSI_HIGH,LOW_VOLATILITY
2023-05-10,3042.95,3057.0,3018.9,3041.4,751850.0,3018.29,2900.2875,95.00777000777005,0.00797312053363705,BULLISH,RSI_HIGH,LOW_VOLATILITY
2023-05-11,3052.05,3156.15,3031.5,3139.75,3230000.0,3049.67,2919.585,96.00435323383087,0.009551846921920574,BULLISH,RSI_HIGH,LOW_VOLATILITY
2023-05-12,3139.0,3179.75,3086.0,3131.1,2000000.0,3073.3,2936.8025000000002,92.63698630136986,0.009684708247451526,BULLISH,RSI_HIGH,LOW_VOLATILITY
2023-05-15,3134.2,3168.0,3121.05,3132.0,810280.0,3095.8100000000004,2952.915,92.42691088411412,0.009745859321804884,BULLISH,RSI_HIGH,LOW_VOLATILITY
2023-05-16,3132.0,3165.7,3122.35,3138.1,822400.0,3116.47,2967.665,92.40551042034616,0.009656056519100148,BULLISH,RSI_HIGH,LOW_VOLATILITY
2023-05-17,3136.0,3147.95,3075.55,3092.45,835370.0,3126.68,2979.5575,78.80031570639302,0.010600767601194484,BULLISH,RSI_HIGH,LOW_VOLATILITY
2023-05-18,3105.65,3125.0,3093.25,3109.05,498070.0,3120.54,2994.525,82.3383854005568,0.009522527848905461,BULLISH,RSI_HIGH,LOW_VOLATILITY
2023-05-19,3124.0,3127.95,3068.05,3084.45,633260.0,3111.21,3006.555,76.35311143270617,0.009795318174644798,BULLISH,RSI_HIGH,LOW_VOLATILITY
2023-05-22,3070.0,3105.6,3046.0,3084.9,659430.0,3101.79,3016.695,77.00713973480975,0.009577256477929513,BULLISH,RSI_HIGH,LOW_VOLATILITY
2023-05-23,3087.0,3127.95,3085.0,3120.6,581200.0,3098.29,3028.17,77.37310008603376,0.009746982544284015,BULLISH,RSI_HIGH,LOW_VOLATILITY
2023-05-24,3115.0,3133.15,3098.0,3101.5,439470.0,3100.1,3038.3450000000003,68.85428253615123,0.00999759588699021,BULLISH,RSI_NORMAL,LOW_VOLATILITY
2023-05-25,3101.5,3129.0,3086.0,3123.55,500310.0,3103.0,3049.0225,68.03652968036528,0.010030437994307983,BULLISH,RSI_NORMAL,LOW_VOLATILITY
2023-05-26,3123.0,3136.95,3111.75,3128.4,568250.0,3111.79,3060.445,67.86358419413017,0.009907000243834691,BULLISH,RSI_NORMAL,LOW_VOLATILITY
2023-05-29,3147.2,3155.0,3116.05,3137.4,535710.0,3122.29,3072.1974999999998,67.18017414601468,0.009884725021776739,BULLISH,RSI_NORMAL,LOW_VOLATILITY
2023-05-30,3146.9,3155.0,3127.55,3144.4,506030.0,3127.05,3084.4399999999996,67.22408026755848,0.009826802364086954,BULLISH,RSI_NORMAL,LOW_VOLATILITY
2023-05-31,3151.95,3219.35,3136.45,3192.95,2350000.0,3145.34,3097.6025,60.67415730337071,0.01005863079396618,BULLISH,RSI_NORMAL,LOW_VOLATILITY
2023-06-01,3235.35,3249.9,3207.0,3240.7,1100000.0,3168.77,3110.495,69.00797780090178,0.009851914387719561,BULLISH,RSI_NORMAL,LOW_VOLATILITY
2023-06-02,3239.4,3249.95,3219.0,3237.25,781970.0,3190.54,3121.71,68.09351899604604,0.009816550004234113,BULLISH,RSI_NORMAL,LOW_VOLATILITY
2023-06-05,3239.95,3239.95,3195.0,3199.75,492570.0,3203.0099999999998,3130.725,59.5655546935609,0.010390053869280304,BULLISH,RSI_NORMAL,LOW_VOLATILITY
2023-06-06,3207.75,3238.9,3195.0,3212.75,577700.0,3216.68,3139.6225,70.77002762430939,0.010381549372056967,BULLISH,RSI_HIGH,LOW_VOLATILITY
2023-06-07,3217.0,3229.25,3206.25,3224.8,470040.0,3223.05,3148.7925000000005,70.30345553411681,0.010381704712415991,BULLISH,RSI_HIGH,LOW_VOLATILITY
2023-06-08,3220.0,3247.0,3193.0,3212.25,561160.0,3217.36,3152.4175000000005,73.40659340659344,0.0078397309913487,BULLISH,RSI_HIGH,LOW_VOLATILITY
2023-06-09,3209.8,3238.9,3168.55,3180.55,1240000.0,3206.02,3154.89,65.71898110106824,0.008181159722392016,BULLISH,RSI_NORMAL,LOW_VOLATILITY
2023-06-12,3185.2,3202.35,3151.15,3194.75,1030000.0,3205.02,3158.0274999999997,63.11229000884176,0.00822019480653869,BULLISH,RSI_NORMAL,LOW_VOLATILITY
2023-06-13,3210.0,3272.0,3205.15,3262.85,1600000.0,3215.04,3164.265,74.31801055011306,0.009392068202136079,BULLISH,RSI_HIGH,LOW_VOLATILITY
2023-06-14,3265.0,3289.9,3253.0,3270.2,741620.0,3224.12,3173.1525,73.12726699258792,0.008548304066613126,BULLISH,RSI_HIGH,LOW_VOLATILITY
2023-06-15,3276.0,3304.0,3273.35,3294.35,806990.0,3240.54,3182.4175,74.6692433477033,0.00859157336412165,BULLISH,RSI_HIGH,LOW_VOLATILITY
2023-06-16,3291.75,3322.0,3286.55,3316.85,984670.0,3267.8,3194.0375,75.6467057310276,0.008237155306093261,BULLISH,RSI_HIGH,LOW_VOLATILITY
2023-06-19,3318.85,3344.95,3303.25,3309.7,516920.0,3290.79,3205.2775,73.6142857142857,0.008304791357746687,BULLISH,RSI_HIGH,LOW_VOLATILITY
2023-06-20,3315.0,3326.85,3277.1,3318.7,866290.0,3301.96,3215.1825,70.25285875342246,0.008088112122265038,BULLISH,RSI_HIGH,LOW_VOLATILITY
2023-06-21,3318.7,3333.0,3300.0,3316.1,742460.0,3311.1399999999994,3225.9125,64.21032793064458,0.007852023567059729,BULLISH,RSI_NORMAL,LOW_VOLATILITY
2023-06-22,3325.0,3326.85,3242.45,3248.05,871640.0,3301.88,3232.1375,51.63685965444076,0.009432887105340607,BULLISH,RSI_NORMAL,LOW_VOLATILITY
2023-06-23,3265.0,3304.15,3253.05,3297.7,1260000.0,3298.05,3240.6025,64.3180821517322,0.009887637023989714,BULLISH,RSI_NORMAL,LOW_VOLATILITY
2023-06-26,3295.0,3315.35,3271.4,3308.15,592800.0,3297.7399999999993,3249.1400000000003,64.05007363770254,0.00988815073590267,BULLISH,RSI_NORMAL,LOW_VOLATILITY
2023-06-27,3275.0,3344.5,3273.35,3326.0,914140.0,3299.2,3258.2200000000003,64.65392412395019,0.009905563833614463,BULLISH,RSI_NORMAL,LOW_VOLATILITY
2023-06-28,3331.0,3355.25,3323.5,3348.25,713110.0,3305.63,3265.9849999999997,69.15492957746483,0.00950574601393508,BULLISH,RSI_NORMAL,LOW_VOLATILITY
2023-06-30,3353.0,3449.6,3343.75,3362.05,1440000.0,3328.4300000000003,3272.0525000000002,76.92079501631568,0.009051718396832822,BULLISH,RSI_HIGH,LOW_VOLATILITY
2023-07-03,3365.0,3379.95,3337.2,3358.7,474220.0,3340.63,3278.125,75.12643678160916,0.009050564522137268,BULLISH,RSI_HIGH,LOW_VOLATILITY
2023-07-04,3358.7,3387.0,3331.0,3347.7,473660.0,3348.54,3285.5225,65.76258591863271,0.008578285615624511,BULLISH,RSI_NORMAL,LOW_VOLATILITY
2023-07-05,3351.35,3400.0,3340.75,3374.4,632410.0,3358.22,3293.6050000000005,68.05892547660314,0.008664845804722819,BULLISH,RSI_NORMAL,LOW_VOLATILITY
2023-07-06,3410.0,3410.0,3367.8,3399.4,694000.0,3368.45,3302.335,68.15275617763955,0.008731140813331024,BULLISH,RSI_NORMAL,LOW_VOLATILITY
2023-07-07,3385.0,3414.0,3337.15,3343.7,620760.0,3364.78,3308.9075,54.16214540381334,0.009626765957434167,BULLISH,RSI_NORMAL,LOW_VOLATILITY
2023-07-10,3345.0,3372.05,3293.95,3343.15,548840.0,3361.6699999999996,3317.0375,55.293559107453746,0.00923077181703141,BULLISH,RSI_NORMAL,LOW_VOLATILITY
2023-07-11,3349.95,3399.95,3345.0,3392.55,772160.0,3370.6400000000003,3326.9275000000002,60.36200364809882,0.00962375366559484,BULLISH,RSI_NORMAL,LOW_VOLATILITY
2023-07-12,3408.0,3414.4,3362.25,3406.75,1030000.0,3377.1099999999997,3334.1225,62.318249762195954,0.008622961785478066,BULLISH,RSI_NORMAL,LOW_VOLATILITY
2023-07-13,3425.0,3425.0,3384.35,3398.55,750130.0,3376.94,3340.54,74.42388834793896,0.008684073975963326,BULLISH,RSI_HIGH,LOW_VOLATILITY
2023-07-14,3398.55,3439.0,3387.0,3429.75,832840.0,3394.15,3347.31,72.79475228724321,0.008752093071289494,BULLISH,RSI_HIGH,LOW_VOLATILITY
2023-07-17,3429.75,3473.0,3425.0,3460.4,817690.0,3417.6,3354.4875,74.56833951912213,0.008824988478448153,BULLISH,RSI_HIGH,LOW_VOLATILITY
2023-07-18,3460.0,3523.0,3455.6,3513.45,962490.0,3441.78,3364.675,77.16273003912472,0.009231968960400037,BULLISH,RSI_HIGH,LOW_VOLATILITY
2023-07-19,3520.0,3530.0,3482.5,3514.65,620290.0,3463.3599999999997,3374.4725,75.67901234567898,0.00925149899433584,BULLISH,RSI_HIGH,LOW_VOLATILITY
2023-07-20,3510.05,3535.0,3494.95,3526.0,589850.0,3488.85,3384.9675,75.49370237910118,0.00921053118533359,BULLISH,RSI_HIGH,LOW_VOLATILITY
2023-07-21,3535.95,3537.95,3505.0,3517.7,857980.0,3506.44,3398.45,74.34915773353752,0.007492546111258244,BULLISH,RSI_HIGH,LOW_VOLATILITY
2023-07-24,3506.0,3568.0,3498.5,3543.7,680250.0,3523.1,3410.75,78.69692532942899,0.007063566914576363,BULLISH,RSI_HIGH,LOW_VOLATILITY
2023-07-25,3547.9,3547.9,3350.0,3400.4,2560000.0,3500.4899999999993,3415.3625,52.837808338790666,0.01212752715995895,BEARISH,RSI_NORMAL,LOW_VOLATILITY
2023-07-26,3399.85,3413.0,3365.0,3373.0,959080.0,3472.16,3417.7125,47.13355048859933,0.0122692711475705,BEARISH,RSI_NORMAL,LOW_VOLATILITY
2023-07-27,3390.0,3414.0,3351.0,3369.4,874080.0,3440.84,3418.7699999999995,53.14642507345744,0.012194819044050809,BEARISH,RSI_NORMAL,LOW_VOLATILITY
2023-07-28,3375.0,3399.0,3364.5,3390.7,553750.0,3415.44,3420.2025000000003,55.54002097168821,0.012240121412416637,BEARISH,RSI_NORMAL,LOW_VOLATILITY
2023-07-31,3323.2,3388.0,3323.15,3377.35,933890.0,3382.1699999999996,3421.1349999999998,48.06664970745354,0.012276611045435072,BEARISH,RSI_NORMAL,LOW_VOLATILITY
2023-08-01,3372.0,3385.0,3338.0,3342.95,698670.0,3370.6800000000003,3420.8975,42.281635615775436,0.012479563162974236,BEARISH,RSI_NORMAL,LOW_VOLATILITY
2023-08-02,3341.2,3371.95,3330.65,3362.9,857220.0,3368.66,3420.3224999999998,45.80637572050345,0.012419994471154487,BEARISH,RSI_NORMAL,LOW_VOLATILITY
2023-08-03,3370.0,3379.95,3317.95,3336.35,711070.0,3362.05,3417.1699999999996,38.891531874405324,0.01240469266428293,BEARISH,RSI_NORMAL,LOW_VOLATILITY
2023-08-04,3338.15,3373.3,3323.0,3339.65,519250.0,3351.84,3416.9675,34.63935886019591,0.011856592747036793,BEARISH,RSI_NORMAL,LOW_VOLATILITY
2023-08-07,3316.05,3350.0,3316.0,3343.0,360360.0,3344.9700000000003,3416.96,25.178389398572932,0.011858577228990117,BEARISH,RSI_LOW,LOW_VOLATILITY
2023-08-08,3343.0,3359.95,3332.65,3348.05,500260.0,3345.9900000000002,3414.7349999999997,26.008064516129068,0.011352647292489118,BEARISH,RSI_LOW,LOW_VOLATILITY
2023-08-09,3332.55,3356.95,3303.0,3331.0,643220.0,3339.6099999999997,3410.9474999999998,22.371776707282564,0.011336452347279941,BEARISH,RSI_LOW,LOW_VOLATILITY
2023-08-10,3310.0,3320.0,3230.0,3237.9,1250000.0,3319.9199999999996,3402.915,18.037468585789412,0.012835637047586647,BEARISH,RSI_LOW,LOW_VOLATILITY
2023-08-11,3237.9,3248.95,3180.0,3185.35,919020.0,3289.06,3390.6950000000006,11.405492730210057,0.012892880537526828,BEARISH,RSI_LOW,LOW_VOLATILITY
2023-08-14,3185.35,3209.9,3152.25,3202.6,815530.0,3260.9800000000005,3377.8050000000003,20.7569485511532,0.012735630797203757,BEARISH,RSI_LOW,LOW_VOLATILITY
2023-08-16,3194.9,3208.85,3176.9,3194.05,597690.0,3230.18,3361.835,21.982151244715894,0.011923783396318131,BEARISH,RSI_LOW,LOW_VOLATILITY
2023-08-17,3223.9,3224.0,3162.0,3183.25,873390.0,3200.63,3345.2650000000003,21.49747358750578,0.011870116637666637,BEARISH,RSI_LOW,LOW_VOLATILITY
2023-08-18,3174.9,3185.5,3155.0,3163.55,592650.0,3185.7599999999998,3327.1425000000004,15.04846899523018,0.011717666934378295,BEARISH,RSI_LOW,LOW_VOLATILITY
2023-08-21,3159.9,3187.5,3152.15,3182.3,353330.0,3185.15,3310.3725,20.478280611472798,0.011972352858816671,BEARISH,RSI_LOW,LOW_VOLATILITY
2023-08-22,3198.6,3198.6,3171.0,3179.7,377070.0,3180.5700000000006,3292.1724999999997,22.659521018254992,0.011664545887620023,BEARISH,RSI_LOW,LOW_VOLATILITY
2023-08-23,3186.0,3196.0,3165.25,3168.8,370810.0,3175.52,3280.5925,16.476683937823893,0.008234649276519172,BEARISH,RSI_LOW,LOW_VOLATILITY
2023-08-24,3185.0,3232.9,3170.9,3225.6,1170000.0,3183.9900000000002,3273.2225,32.6817826426896,0.00943749472906584,BEARISH,RSI_NORMAL,LOW_VOLATILITY
2023-08-25,3224.9,3265.0,3216.2,3259.3,1360000.0,3203.1400000000003,3267.7174999999997,38.52634585177783,0.009851688957922183,BEARISH,RSI_NORMAL,LOW_VOLATILITY
2023-08-28,3264.95,3272.0,3231.05,3259.7,707320.0,3218.62,3261.1675,38.004032258064484,0.009685009728438693,BEARISH,RSI_NORMAL,LOW_VOLATILITY
2023-08-29,3261.0,3289.0,3255.05,3285.7,533160.0,3239.82,3256.585,41.531984245552025,0.00991818219974257,BULLISH,RSI_NORMAL,LOW_VOLATILITY
2023-08-30,3301.3,3302.85,3276.4,3294.7,599080.0,3265.0,3254.1724999999997,44.95973340738681,0.009729934461932446,BULLISH,RSI_NORMAL,LOW_VOLATILITY
2023-08-31,3300.05,3302.0,3220.0,3256.1,1600000.0,3271.1,3248.8325,52.97774869109945,0.009895962919930114,BULLISH,RSI_NORMAL,LOW_VOLATILITY
2023-09-01,3241.1,3264.2,3217.1,3259.55,650130.0,3271.15,3244.9925,64.46393762183244,0.009796595611444336,BULLISH,RSI_NORMAL,LOW_VOLATILITY
2023-09-04,3259.55,3266.25,3216.1,3235.55,696210.0,3266.3199999999997,3239.7875,56.258309591642984,0.009879715913272878,BEARISH,RSI_NORMAL,LOW_VOLATILITY
2023-09-05,3245.0,3248.85,3220.0,3223.3,597020.0,3253.84,3233.8025000000002,55.47855403633639,0.009872985821467327,BEARISH,RSI_NORMAL,LOW_VOLATILITY
2023-09-06,3209.0,3230.0,3195.0,3225.3,754110.0,3239.96,3227.665,58.14448963780752,0.00985939229286937,BEARISH,RSI_NORMAL,LOW_VOLATILITY
2023-09-07,3225.3,3253.75,3201.25,3246.35,923110.0,3238.01,3223.4325,65.9537572254335,0.009997726636019303,BULLISH,RSI_NORMAL,LOW_VOLATILITY
2023-09-08,3250.55,3263.05,3232.0,3238.05,395920.0,3233.71,3223.44,61.19253162015663,0.007797271590276071,BULLISH,RSI_NORMAL,LOW_VOLATILITY
2023-09-11,3242.0,3265.0,3242.0,3259.4,359350.0,3238.48,3227.1425,64.88050784167301,0.006912063647504423,BULLISH,RSI_NORMAL,LOW_VOLATILITY
2023-09-12,3260.0,3279.8,3243.0,3256.85,554910.0,3245.19,3229.8550000000005,66.96858739641547,0.006850479232885448,BULLISH,RSI_NORMAL,LOW_VOLATILITY
2023-09-13,3245.0,3284.65,3225.3,3277.75,880910.0,3255.6800000000003,3234.04,61.664057257884174,0.006905007140914713,BULLISH,RSI_NORMAL,LOW_VOLATILITY
2023-09-14,3282.0,3294.2,3223.25,3240.25,1100000.0,3254.46,3236.8900000000003,45.81042445568502,0.007410302662792089,BULLISH,RSI_NORMAL,LOW_VOLATILITY
2023-09-15,3235.0,3240.0,3185.0,3196.65,1570000.0,3246.18,3238.5449999999996,38.34781001663283,0.007936385670296905,BEARISH,RSI_NORMAL,LOW_VOLATILITY
2023-09-18,3200.0,3229.9,3190.0,3206.3,673600.0,3235.56,3239.745,34.3823760818254,0.00785896055363248,BEARISH,RSI_NORMAL,LOW_VOLATILITY
2023-09-20,3206.3,3228.0,3195.0,3214.35,901080.0,3227.06,3241.4775,34.136229022704825,0.007866947760040696,BEARISH,RSI_NORMAL,LOW_VOLATILITY
2023-09-21,3210.0,3261.2,3180.55,3244.2,845740.0,3220.35,3245.2475000000004,47.56646216768914,0.008038597691326947,BEARISH,RSI_NORMAL,LOW_VOLATILITY
2023-09-22,3234.95,3283.6,3221.15,3274.85,896520.0,3227.2699999999995,3247.71,52.815605447184346,0.007300309886318243,BULLISH,RSI_NORMAL,LOW_VOLATILITY
2023-09-25,3272.3,3334.8,3271.15,3323.25,1420000.0,3252.59,3250.9075000000003,64.80918608578182,0.007657627152351455,BULLISH,RSI_NORMAL,LOW_VOLATILITY
2023-09-26,3323.0,3324.9,3260.35,3292.8,834560.0,3269.8900000000003,3252.5625,61.0563156220172,0.007987964650848448,BULLISH,RSI_NORMAL,LOW_VOLATILITY
2023-09-27,3288.0,3309.0,3271.7,3301.8,516330.00000000006,3287.38,3253.3675,61.90476190476193,0.007815089728306713,BULLISH,RSI_NORMAL,LOW_VOLATILITY
2023-09-28,3281.8,3289.0,3155.0,3170.35,2100000.0,3272.6099999999997,3247.15,41.197590919620104,0.011855807486898205,BEARISH,RSI_NORMAL,LOW_VOLATILITY
2023-09-29,3195.0,3195.0,3134.0,3161.05,1550000.0,3249.8500000000004,3242.3975,41.10238040212618,0.011631849003688254,BEARISH,RSI_NORMAL,LOW_VOLATILITY
2023-10-03,3166.1,3227.8,3162.0,3166.85,1220000.0,3218.5699999999997,3237.7625,38.906868033081594,0.011641817104317215,BEARISH,RSI_NORMAL,LOW_VOLATILITY
2023-10-04,3164.95,3189.0,3151.35,3169.9,892580.0,3193.9900000000002,3234.48,39.59056626361788,0.01156508038813465,BEARISH,RSI_NORMAL,LOW_VOLATILITY
2023-10-05,3210.0,3232.1,3174.3,3206.25,1000000.0,3174.88,3233.6275,41.74555529900715,0.01186787676196642,BEARISH,RSI_NORMAL,LOW_VOLATILITY
2023-10-06,3214.75,3217.0,3190.0,3195.75,814260.0,3179.96,3232.15,44.52105392760403,0.011885701294325878,BEARISH,RSI_NORMAL,LOW_VOLATILITY
2023-10-09,3140.05,3163.0,3132.7,3152.8,700010.0,3178.31,3227.4725,44.592428166235045,0.01211039836795498,BEARISH,RSI_NORMAL,LOW_VOLATILITY
2023-10-10,3150.0,3164.9,3140.05,3151.5,847370.0,3175.2400000000002,3223.1449999999995,43.099974817426315,0.012109020520762001,BEARISH,RSI_NORMAL,LOW_VOLATILITY
2023-10-11,3169.0,3185.0,3152.05,3163.9,1030000.0,3174.04,3218.37,43.71652758749536,0.012032347097089691,BEARISH,RSI_NORMAL,LOW_VOLATILITY
2023-10-12,3186.0,3188.5,3150.05,3159.1,992530.0,3164.6099999999997,3213.4824999999996,38.69553666312436,0.012031432188627917,BEARISH,RSI_NORMAL,LOW_VOLATILITY
2023-10-13,3150.0,3172.0,3128.25,3148.8,854690.0,3155.2200000000003,3207.035,32.298834433366125,0.011892057774951014,BEARISH,RSI_NORMAL,LOW_VOLATILITY
2023-10-16,3124.0,3128.0,3096.1,3112.05,853010.0,3147.07,3200.625,19.33797909407666,0.01190185401613954,BEARISH,RSI_LOW,LOW_VOLATILITY
2023-10-17,3137.0,3137.0,3091.8,3113.55,792640.0,3139.4800000000005,3196.4700000000003,21.588207322872066,0.011596724437725562,BEARISH,RSI_LOW,LOW_VOLATILITY
2023-10-18,3110.0,3115.2,3090.0,3096.45,481990.0,3125.99,3190.9775,18.266110338432966,0.01158793841791898,BEARISH,RSI_LOW,LOW_VOLATILITY
2023-10-19,3087.7,3110.9,3076.1,3101.8,568120.0,3114.53,3185.35,32.641174981007936,0.011574362642577732,BEARISH,RSI_NORMAL,LOW_VOLATILITY
2023-10-20,3092.5,3115.1,3064.55,3105.85,711430.0,3105.94,3178.4325,35.6399583766909,0.01130962228701135,BEARISH,RSI_NORMAL,LOW_VOLATILITY
2023-10-23,3096.05,3108.9,3064.0,3072.0,374480.0,3097.9300000000003,3168.29,28.46765039727589,0.011128449239558578,BEARISH,RSI_LOW,LOW_VOLATILITY
2023-10-25,3093.4,3108.0,3052.0,3060.8,669290.0,3087.38,3155.1675,26.116462346760102,0.010299382769023974,BEARISH,RSI_LOW,LOW_VOLATILITY
2023-10-26,3051.1,3055.0,2940.0,2960.3,1830000.0,3060.15,3138.5425000000005,7.964450521278465,0.012117173284412905,BEARISH,RSI_LOW,LOW_VOLATILITY
2023-10-27,2932.8,2974.65,2931.0,2955.15,1710000.0,3030.82,3121.21,8.112813370473589,0.012003062188038389,BEARISH,RSI_LOW,LOW_VOLATILITY
2023-10-30,2974.0,2991.95,2939.1,2967.1,878890.0,3003.0699999999997,3111.0475,13.75878220140514,0.009036742440350791,BEARISH,RSI_LOW,LOW_VOLATILITY
2023-10-31,2969.0,3012.75,2966.0,2995.7,1150000.0,2987.81,3102.7799999999997,22.522045855379147,0.009487302128941109,BEARISH,RSI_LOW,LOW_VOLATILITY
2023-11-01,2997.95,3008.9,2930.0,2934.55,1030000.0,2962.56,3091.165,15.485327313769716,0.010211676346995298,BEARISH,RSI_LOW,LOW_VOLATILITY
2023-11-02,2961.05,2962.0,2934.0,2955.4,900130.0,2961.5800000000004,3080.44,20.757967269595127,0.010450489974190888,BEARISH,RSI_LOW,LOW_VOLATILITY
2023-11-03,2957.0,2982.9,2942.0,2977.85,716000.0,2966.12,3069.02,26.28658621167976,0.010192437470105625,BEARISH,RSI_LOW,LOW_VOLATILITY
2023-11-06,2998.0,3034.05,2983.85,3029.3,620960.0,2978.5600000000004,3060.6974999999998,38.9710782353725,0.011215705395953662,BEARISH,RSI_NORMAL,LOW_VOLATILITY
2023-11-07,3029.3,3038.95,3002.2,3033.35,758000.0,2986.09,3054.7250000000004,39.38310828700021,0.010948312313737885,BEARISH,RSI_NORMAL,LOW_VOLATILITY
2023-11-08,3058.0,3098.95,3046.2,3095.25,783400.0,3018.2300000000005,3051.9125000000004,49.85798816568049,0.012030587318026446,BULLISH,RSI_NORMAL,LOW_VOLATILITY
2023-11-09,3100.0,3111.4,3074.05,3080.2,849700.0,3043.1899999999996,3047.7275,47.50115687181855,0.012007977473869159,BULLISH,RSI_NORMAL,LOW_VOLATILITY
2023-11-10,3070.0,3085.0,3040.1,3076.45,364230.0,3062.91,3043.5950000000003,46.59643435980549,0.012007840773375076,BULLISH,RSI_NORMAL,LOW_VOLATILITY
2023-11-12,3099.95,3100.0,3090.0,3098.15,85180.0,3076.68,3041.0625,53.11494937462777,0.012137985651345455,BULLISH,RSI_NORMAL,LOW_VOLATILITY
2023-11-13,3098.0,3098.0,3065.0,3085.6,405940.0,3087.13,3039.74,52.94466872476843,0.011893944005507523,BULLISH,RSI_NORMAL,LOW_VOLATILITY
2023-11-15,3085.7,3118.85,3078.7,3116.2,700020.0,3091.3199999999997,3039.8725000000004,72.19533029612752,0.012114129965811342,BULLISH,RSI_HIGH,LOW_VOLATILITY
2023-11-16,3119.0,3140.9,3097.6,3130.3,675450.0,3101.34,3041.5649999999996,74.31625711509093,0.012077218388470657,BULLISH,RSI_HIGH,LOW_VOLATILITY
2023-11-17,3150.0,3228.25,3145.65,3168.9,1430000.0,3119.83,3044.92,76.08583247156155,0.012358166982832708,BULLISH,RSI_HIGH,LOW_VOLATILITY
2023-11-20,3168.9,3171.9,3132.0,3140.35,406430.0,3128.27,3046.645,68.70071105365221,0.012564575568014318,BULLISH,RSI_NORMAL,LOW_VOLATILITY
2023-11-21,3156.9,3156.9,3127.0,3133.25,409070.0,3137.8,3049.7074999999995,79.86173730087157,0.012293024877684036,BULLISH,RSI_HIGH,LOW_VOLATILITY
2023-11-22,3140.0,3157.0,3121.2,3133.0,489890.0,3141.1600000000003,3053.3175,78.45241909644335,0.01224695426418096,BULLISH,RSI_HIGH,LOW_VOLATILITY
2023-11-23,3148.0,3171.4,3115.15,3122.95,792460.0,3139.6899999999996,3061.45,74.20754087420744,0.009360321688478078,BULLISH,RSI_HIGH,LOW_VOLATILITY
2023-11-24,3118.0,3139.8,3111.0,3136.15,756330.0,3133.1400000000003,3070.5,70.43411742206912,0.009305640384218142,BULLISH,RSI_HIGH,LOW_VOLATILITY
2023-11-28,3141.15,3160.0,3136.15,3148.35,647880.0,3134.74,3079.5625,71.32789317507408,0.009304812127879083,BULLISH,RSI_HIGH,LOW_VOLATILITY
2023-11-29,3148.35,3170.0,3142.0,3148.35,620730.0,3137.7599999999998,3087.195,62.7828598940779,0.009192344830494217,BULLISH,RSI_NORMAL,LOW_VOLATILITY
2023-11-30,3148.35,3153.95,3108.35,3119.9,1790000.0,3135.14,3096.4625,58.97783808231573,0.007968607284141888,BULLISH,RSI_NORMAL,LOW_VOLATILITY
2023-12-01,3146.95,3190.6,3140.25,3173.4,960200.0,3145.2300000000005,3107.3625,67.89736016245155,0.008531050614811249,BULLISH,RSI_NORMAL,LOW_VOLATILITY
2023-12-04,3190.0,3204.45,3166.5,3194.55,1020000.0,3156.91,3118.1974999999998,67.83203847576763,0.008510598600582606,BULLISH,RSI_NORMAL,LOW_VOLATILITY
2023-12-05,3197.0,3247.65,3180.0,3226.25,1010000.0,3172.4900000000002,3128.045,74.29607877008118,0.008031780446630533,BULLISH,RSI_HIGH,LOW_VOLATILITY
2023-12-06,3265.0,3289.0,3232.95,3252.55,1230000.0,3193.3300000000004,3139.005,73.90846922672279,0.008093578964599557,BULLISH,RSI_HIGH,LOW_VOLATILITY
2023-12-07,3284.0,3299.95,3246.85,3251.8,1070000.0,3219.71,3146.8324999999995,72.35099337748343,0.007080239935713645,BULLISH,RSI_HIGH,LOW_VOLATILITY
2023-12-08,3255.0,3269.8,3227.8,3232.0,895850.0,3231.4300000000003,3154.4224999999997,62.47035573122526,0.007152261965670818,BULLISH,RSI_NORMAL,LOW_VOLATILITY
2023-12-11,3230.0,3245.0,3185.5,3233.0,910430.0,3239.12,3162.25,70.54779330228432,0.007119325571532253,BULLISH,RSI_HIGH,LOW_VOLATILITY
2023-12-12,3228.0,3257.05,3210.0,3224.75,1020000.0,3238.82,3168.58,70.18976169461604,0.007120587224919795,BULLISH,RSI_HIGH,LOW_VOLATILITY
2023-12-13,3240.0,3254.95,3190.3,3243.65,1050000.0,3237.04,3176.4825,72.55861365953106,0.007019407099003014,BULLISH,RSI_HIGH,LOW_VOLATILITY
2023-12-14,3255.0,3258.6,3218.0,3241.35,923110.0,3234.95,3182.74,74.92631578947365,0.006829972098348666,BULLISH,RSI_HIGH,LOW_VOLATILITY
2023-12-15,3250.0,3326.35,3242.0,3313.9,1630000.0,3251.33,3191.92,79.93936331480542,0.008206902635494437,BULLISH,RSI_HIGH,LOW_VOLATILITY
2023-12-18,3313.0,3335.8,3296.0,3332.05,911940.0,3271.1400000000003,3200.0775000000003,80.33355350066049,0.0079301619662835,BULLISH,RSI_HIGH,LOW_VOLATILITY
2023-12-19,3335.95,3353.9,3300.15,3336.05,780450.0,3293.4,3209.8625,80.58996088657103,0.007462163024461681,BULLISH,RSI_HIGH,LOW_VOLATILITY
2023-12-20,3336.05,3359.95,3282.65,3297.15,979760.0,3304.1,3218.0575,77.93538219070126,0.008084535772556217,BULLISH,RSI_HIGH,LOW_VOLATILITY
2023-12-21,3280.0,3320.0,3271.85,3302.95,1590000.0,3316.4199999999996,3226.5550000000003,74.03079206084203,0.008063080569832709,BULLISH,RSI_HIGH,LOW_VOLATILITY
2023-12-22,3309.9,3350.8,3287.0,3341.3,930560.0,3321.9,3237.4725,75.5884917175239,0.008174096244129568,BULLISH,RSI_HIGH,LOW_VOLATILITY
2023-12-26,3349.95,3391.9,3345.2,3383.35,600190.0,3332.16,3249.8325,76.43890945809483,0.00842744151509833,BULLISH,RSI_HIGH,LOW_VOLATILITY
2023-12-27,3381.05,3409.95,3354.0,3404.45,837180.0,3345.84,3262.6375,76.01918465227806,0.008444573218025365,BULLISH,RSI_HIGH,LOW_VOLATILITY
2023-12-28,3405.0,3419.95,3373.05,3397.25,779250.0,3365.8599999999997,3275.0825,74.37573319926256,0.008509650617320456,BULLISH,RSI_HIGH,LOW_VOLATILITY
2023-12-29,3410.0,3422.95,3383.9,3402.4,615680.0,3385.75,3289.2074999999995,80.03172365174478,0.007979497354371062,BULLISH,RSI_HIGH,LOW_VOLATILITY
2024-01-01,3403.0,3411.8,3389.15,3396.1,283950.0,3396.71,3300.3425,78.21799307958472,0.007494875141238191,BULLISH,RSI_HIGH,LOW_VOLATILITY
2024-01-02,3396.0,3398.9,3345.0,3391.35,552390.0,3398.31,3310.1825,79.17688266199643,0.007528144785435596,BULLISH,RSI_HIGH,LOW_VOLATILITY
2024-01-03,3391.35,3399.0,3365.0,3373.6,379130.0,3392.1400000000003,3317.55,72.85036047125016,0.007559528049225822,BULLISH,RSI_HIGH,LOW_VOLATILITY
2024-01-04,3372.0,3401.25,3363.8,3379.95,777130.0,3388.6799999999994,3323.9199999999996,74.0291262135922,0.0074313591410809085,BULLISH,RSI_HIGH,LOW_VOLATILITY
2024-01-05,3379.95,3380.4,3348.0,3355.55,416960.0,3379.31,3329.1075000000005,58.6680541103018,0.007698725891681374,BULLISH,RSI_NORMAL,LOW_VOLATILITY
2024-01-08,3355.0,3376.5,3294.85,3298.4,545880.0,3359.7699999999995,3332.4275000000002,43.974932855863905,0.008608910164578005,BEARISH,RSI_NORMAL,LOW_VOLATILITY
2024-01-09,3310.0,3315.0,3262.25,3267.5,670700.0,3335.0,3334.1525,38.80450759431647,0.008919251207937589,BEARISH,RSI_NORMAL,LOW_VOLATILITY
2024-01-10,3292.0,3293.0,3258.2,3286.85,691090.0,3317.65,3337.2575000000006,48.20307048150729,0.008964373008339886,BEARISH,RSI_NORMAL,LOW_VOLATILITY
2024-01-11,3286.85,3309.2,3270.7,3288.2,537470.0,3299.3,3339.4849999999997,47.386142122984225,0.00889112122514219,BEARISH,RSI_NORMAL,LOW_VOLATILITY
2024-01-12,3294.95,3294.95,3244.0,3277.8,673000.0,3283.75,3341.3075000000003,37.50983477576706,0.008928724931262918,BEARISH,RSI_NORMAL,LOW_VOLATILITY
2024-01-15,3282.2,3287.2,3258.6,3273.9,728120.0,3278.85,3339.3075,24.67021522795646,0.0073108361003311325,BEARISH,RSI_LOW,LOW_VOLATILITY
2024-01-16,3274.95,3320.0,3273.9,3296.9,748220.0,3284.7299999999996,3337.55,25.326909841706808,0.007386177477067551,BEARISH,RSI_LOW,LOW_VOLATILITY
2024-01-17,3294.1,3304.35,3193.05,3242.3,2240000.0,3275.82,3332.8625,20.802713397399643,0.008194029446461453,BEARISH,RSI_LOW,LOW_VOLATILITY
2024-01-18,3257.95,3257.95,3048.6,3163.85,1980000.0,3250.95,3326.1974999999998,14.77927063339726,0.009409985111380074,BEARISH,RSI_LOW,LOW_VOLATILITY
2024-01-19,3177.8,3201.55,3148.6,3165.85,936200.0,3228.5600000000004,3319.3424999999997,15.56751906684606,0.009389522838299566,BEARISH,RSI_LOW,LOW_VOLATILITY
2024-01-20,3179.9,3189.2,3130.35,3138.8,275940.0,3201.54,3309.2175,14.594139913080014,0.008912807007203595,BEARISH,RSI_LOW,LOW_VOLATILITY
2024-01-23,3087.55,3109.0,3021.55,3054.7,2370000.0,3153.1,3292.785,12.304964539007031,0.00959302301902482,BEARISH,RSI_LOW,LOW_VOLATILITY
2024-01-24,3055.0,3055.0,2976.1,2999.45,2670000.0,3104.5299999999997,3272.535,9.684255138800552,0.009628338086209541,BEARISH,RSI_LOW,LOW_VOLATILITY
2024-01-25,3010.05,3016.0,2942.3,2949.2,2000000.0,3061.6,3250.1325,9.181315921647382,0.00984982467155096,BEARISH,RSI_LOW,LOW_VOLATILITY
2024-01-29,2940.05,2988.45,2940.05,2976.05,1860000.0,3023.64,3228.8149999999996,15.520376510856806,0.010329587891071738,BEARISH,RSI_LOW,LOW_VOLATILITY
2024-01-30,2990.0,3005.0,2951.05,2954.1,1270000.0,2986.7,3206.7149999999997,15.823336968375173,0.010269032600872783,BEARISH,RSI_LOW,LOW_VOLATILITY
2024-01-31,2966.0,2971.9,2948.05,2957.85,1770000.0,2967.33,3185.04,12.8584330548657,0.010361136328787891,BEARISH,RSI_LOW,LOW_VOLATILITY
2024-02-01,2961.0,2972.85,2919.95,2929.35,3010000.0,2953.31,3162.8275000000003,11.828528879906457,0.01037367445391904,BEARISH,RSI_LOW,LOW_VOLATILITY
2024-02-02,2950.0,2962.35,2924.05,2936.3,1880000.0,2950.73,3140.6449999999995,13.405486498071255,0.010396282457512411,BEARISH,RSI_LOW,LOW_VOLATILITY
2024-02-05,2950.0,2965.0,2912.0,2917.35,923440.0,2938.9900000000002,3118.735,12.986608533167328,0.010396683606197811,BEARISH,RSI_LOW,LOW_VOLATILITY
2024-02-06,2931.0,2947.0,2902.65,2930.95,1470000.0,2934.3599999999997,3100.3625,11.254632080465939,0.0104179208117161,BEARISH,RSI_LOW,LOW_VOLATILITY
2024-02-07,2957.0,3002.95,2936.05,2981.15,1130000.0,2939.0199999999995,3086.045,22.090413594100767,0.011566470461925047,BEARISH,RSI_LOW,LOW_VOLATILITY
2024-02-08,2999.75,2999.75,2919.8,2929.6,1630000.0,2939.07,3068.1825,23.43803152284849,0.011628977138315797,BEARISH,RSI_LOW,LOW_VOLATILITY
2024-02-09,2930.0,2959.0,2910.55,2951.65,1140000.0,2942.1400000000003,3051.355,26.767895878525053,0.01192984250283463,BEARISH,RSI_LOW,LOW_VOLATILITY
2024-02-12,2951.65,2964.95,2920.05,2953.8,614470.0,2949.43,3035.1549999999997,28.789268516395424,0.011998344316284751,BEARISH,RSI_LOW,LOW_VOLATILITY
2024-02-13,2964.95,2981.25,2945.7,2971.6,717120.0,2957.5600000000004,3020.04,38.76419686316934,0.012229075863156268,BEARISH,RSI_NORMAL,LOW_VOLATILITY
2024-02-14,2969.9,2980.8,2936.05,2976.4,750340.0,2956.61,3004.015,46.391106935963734,0.012012569825929562,BEARISH,RSI_NORMAL,LOW_VOLATILITY
2024-02-15,2980.0,3024.5,2967.45,3016.55,1070000.0,2974.0,2992.7275,60.88924818108327,0.012368617325643068,BULLISH,RSI_NORMAL,LOW_VOLATILITY
2024-02-16,3035.0,3035.0,3000.0,3007.9,1180000.0,2985.25,2984.93,55.471568459027615,0.011372268182601078,BULLISH,RSI_NORMAL,LOW_VOLATILITY
2024-02-19,3007.9,3018.7,2987.5,2998.1,560700.0,2994.1099999999997,2976.5425,57.88813194693435,0.011349799916073794,BULLISH,RSI_NORMAL,LOW_VOLATILITY
2024-02-20,2998.1,3017.1,2972.1,3011.65,729370.0,3002.12,2970.1850000000004,59.31763075857289,0.011369045253576975,BULLISH,RSI_NORMAL,LOW_VOLATILITY
2024-02-21,3012.05,3026.75,2983.5,3001.8,927130.0,3007.2,2967.54,63.414182558785384,0.009774419466951375,BULLISH,RSI_NORMAL,LOW_VOLATILITY
2024-02-22,2983.0,3027.2,2932.1,3017.4,2620000.0,3007.3700000000003,2968.4375,64.54969501255823,0.00896352524943298,BULLISH,RSI_NORMAL,LOW_VOLATILITY
2024-02-23,2999.0,3005.0,2966.2,2985.95,1650000.0,3002.98,2970.275,61.7788461538461,0.008423828978505256,BULLISH,RSI_NORMAL,LOW_VOLATILITY
2024-02-26,2920.0,2930.0,2847.8,2868.45,3520000.0,2977.05,2964.895,42.09060997215897,0.012052007029753075,BEARISH,RSI_NORMAL,LOW_VOLATILITY
2024-02-27,2855.0,2870.0,2850.1,2859.55,1300000.0,2946.63,2960.1675000000005,32.815149802148156,0.011985088902212044,BEARISH,RSI_NORMAL,LOW_VOLATILITY
2024-02-28,2850.15,2859.4,2785.5,2794.35,2470000.0,2905.1400000000003,2951.9925,31.5961355286434,0.012862825856528535,BEARISH,RSI_NORMAL,LOW_VOLATILITY
2024-02-29,2785.0,2838.0,2776.75,2821.9,2280000.0,2866.04,2946.62,32.60490682397108,0.013051609952054724,BEARISH,RSI_NORMAL,LOW_VOLATILITY
2024-03-01,2832.9,2845.95,2815.05,2831.75,978170.0,2835.2,2941.3925000000004,33.9682122684881,0.013072730400010793,BEARISH,RSI_NORMAL,LOW_VOLATILITY
2024-03-02,2840.0,2862.1,2836.05,2849.8,89990.0,2831.47,2938.015,34.01155158834348,0.01314321355756955,BEARISH,RSI_NORMAL,LOW_VOLATILITY
2024-03-04,2860.0,2860.95,2828.0,2831.75,971300.0,2825.91,2933.055,31.6503869085374,0.013120015691363734,BEARISH,RSI_NORMAL,LOW_VOLATILITY
2024-03-05,2834.0,2834.85,2805.0,2820.4,736380.0,2831.12,2925.0175,23.155877925277167,0.012358094643013124,BEARISH,RSI_LOW,LOW_VOLATILITY
2024-03-06,2827.95,2839.0,2777.75,2827.3,1720000.0,2832.2,2919.9025,25.16501650165023,0.011911014215848259,BEARISH,RSI_LOW,LOW_VOLATILITY
2024-03-07,2825.0,2894.0,2825.0,2870.55,1560000.0,2839.96,2915.8475,33.93779121017511,0.012346833567894216,BEARISH,RSI_NORMAL,LOW_VOLATILITY
2024-03-11,2895.55,2896.55,2853.1,2876.85,866550.0,2845.37,2912.0,32.70908158029758,0.012363969851061331,BEARISH,RSI_NORMAL,LOW_VOLATILITY
2024-03-12,2880.0,2899.9,2865.45,2876.15,663190.0,2854.25,2907.2275,33.49533692368317,0.012248850039496408,BEARISH,RSI_NORMAL,LOW_VOLATILITY
2024-03-13,2878.6,2887.25,2835.0,2860.15,955840.0,2862.2,2901.415,29.366224904868147,0.012256115581101408,BEARISH,RSI_LOW,LOW_VOLATILITY
2024-03-14,2860.0,2898.05,2841.0,2892.25,1380000.0,2875.19,2895.2,37.72596279800892,0.012115846409037446,BEARISH,RSI_NORMAL,LOW_VOLATILITY
2024-03-15,2895.0,2896.95,2850.0,2867.55,1360000.0,2874.59,2888.1825,49.84423676012467,0.01220254565592733,BEARISH,RSI_NORMAL,LOW_VOLATILITY
2024-03-18,2866.0,2866.0,2817.25,2846.5,940420.0,2868.5200000000004,2880.6025,47.832585949177854,0.012253203308356936,BEARISH,RSI_NORMAL,LOW_VOLATILITY
2024-03-19,2840.0,2840.0,2801.0,2815.1,1200000.0,2856.31,2870.775,53.882132834424695,0.012276443363111025,BEARISH,RSI_NORMAL,LOW_VOLATILITY
2024-03-20,2815.1,2837.05,2797.55,2824.9,818910.0,2849.2599999999998,2861.9300000000003,50.60120240480962,0.01236966749078072,BEARISH,RSI_NORMAL,LOW_VOLATILITY
2024-03-21,2845.0,2845.4,2806.0,2821.15,1170000.0,2835.04,2852.1175000000003,47.82251437962204,0.01222849108853,BEARISH,RSI_NORMAL,LOW_VOLATILITY
2024-03-22,2821.15,2855.15,2808.0,2841.5,1650000.0,2829.8300000000004,2844.895,48.31094831094828,0.012322199321417081,BEARISH,RSI_NORMAL,LOW_VOLATILITY
2024-03-26,2820.0,2844.15,2810.0,2814.65,1370000.0,2823.46,2842.205,46.64047151277015,0.008958069579529906,BEARISH,RSI_NORMAL,LOW_VOLATILITY
2024-03-27,2817.95,2842.85,2817.7,2830.5,1160000.0,2826.54,2840.7524999999996,51.949806949806934,0.009057780315726481,BEARISH,RSI_NORMAL,LOW_VOLATILITY
2024-03-28,2835.05,2868.0,2819.0,2846.75,1860000.0,2830.91,2843.3725,53.623998509409326,0.007462468385488732,BULLISH,RSI_NORMAL,LOW_VOLATILITY
2024-04-01,2860.95,2886.45,2852.35,2871.0,558090.0,2840.88,2845.8275,50.09023460998592,0.007383888444202918,BULLISH,RSI_NORMAL,LOW_VOLATILITY
2024-04-02,2874.05,2892.4,2856.0,2874.2,562470.0,2847.4199999999996,2847.95,49.461928934010125,0.007358896086996924,BULLISH,RSI_NORMAL,LOW_VOLATILITY
2024-04-03,2845.0,2884.55,2845.0,2869.35,816680.0,2858.3599999999997,2848.9275000000002,48.64217252396162,0.007255835346300463,BULLISH,RSI_NORMAL,LOW_VOLATILITY
2024-04-04,2870.0,2943.25,2851.25,2918.3,1830000.0,2875.92,2853.255,60.26116110817013,0.007969291099566546,BULLISH,RSI_NORMAL,LOW_VOLATILITY
2024-04-05,2924.0,2927.75,2880.0,2883.45,1160000.0,2883.2599999999998,2856.4075000000003,48.46207619713384,0.008443183946798221,BULLISH,RSI_NORMAL,LOW_VOLATILITY
2024-04-08,2908.0,2908.95,2873.8,2892.0,570700.0,2887.46,2859.6425,54.52861641044633,0.00844820428661646,BULLISH,RSI_NORMAL,LOW_VOLATILITY
2024-04-09,2893.0,2916.45,2845.0,2857.15,1020000.0,2884.05,2858.9725000000003,51.87665198237887,0.008251464075435748,BEARISH,RSI_NORMAL,LOW_VOLATILITY
2024-04-10,2883.3,2899.1,2858.0,2896.75,740500.0,2889.53,2859.9675,63.98355882856654,0.008822304444612551,BULLISH,RSI_NORMAL,LOW_VOLATILITY
2024-04-12,2890.0,2893.0,2845.0,2854.5,1770000.0,2876.7699999999995,2858.885,54.56226880394573,0.009437224808855529,BEARISH,RSI_NORMAL,LOW_VOLATILITY
2024-04-15,2830.2,2853.5,2812.35,2844.4,884520.0,2868.96,2858.0975000000003,53.51473922902495,0.0093889321528633,BEARISH,RSI_NORMAL,LOW_VOLATILITY
2024-04-16,2827.65,2841.45,2820.0,2830.0,911250.0,2856.5600000000004,2854.985,48.229679802955665,0.009042789980147688,BEARISH,RSI_NORMAL,LOW_VOLATILITY
2024-04-18,2855.0,2859.2,2800.1,2807.7,1730000.0,2846.67,2851.9925,48.914910226385594,0.009015165844490563,BEARISH,RSI_NORMAL,LOW_VOLATILITY
2024-04-19,2790.0,2822.1,2766.15,2808.55,1340000.0,2829.0299999999997,2850.0950000000003,46.404586404586446,0.008894109481154168,BEARISH,RSI_NORMAL,LOW_VOLATILITY
2024-04-22,2846.6,2846.6,2814.05,2841.85,676040.0,2826.5,2851.4325,49.23983865963387,0.008958063772309127,BEARISH,RSI_NORMAL,LOW_VOLATILITY
2024-04-23,2852.0,2877.95,2844.0,2874.9,929060.0,2832.6,2853.9325,50.58894593778316,0.009279786520294875,BULLISH,RSI_NORMAL,LOW_VOLATILITY
2024-04-24,2882.95,2883.1,2860.0,2867.75,718440.0,2840.15,2856.2625,49.03745709595586,0.00929816167032568,BULLISH,RSI_NORMAL,LOW_VOLATILITY
2024-04-25,2865.0,2869.9,2829.05,2861.45,1590000.0,2850.9,2857.2599999999998,48.826151560178296,0.009197315706181904,BULLISH,RSI_NORMAL,LOW_VOLATILITY
2024-04-26,2870.0,2878.2,2837.05,2844.15,625510.0,2858.0199999999995,2858.735,37.83828112186323,0.009035755120540384,BEARISH,RSI_NORMAL,LOW_VOLATILITY
2024-04-29,2844.15,2873.95,2839.0,2868.2,566220.0,2863.29,2860.62,47.406903587825205,0.009140658295814945,BULLISH,RSI_NORMAL,LOW_VOLATILITY
2024-04-30,2855.0,2912.0,2855.0,2875.9,1290000.0,2863.49,2862.0775000000003,47.254433833560725,0.009077297544031495,BULLISH,RSI_NORMAL,LOW_VOLATILITY
2024-05-02,2875.1,2988.0,2875.1,2975.4,2490000.0,2885.0199999999995,2867.2975,66.52228587396952,0.01175937705408929,BULLISH,RSI_NORMAL,LOW_VOLATILITY
2024-05-03,2983.05,2997.0,2909.25,2929.75,1590000.0,2898.6800000000003,2870.075,54.53421269579554,0.012373484274692943,BULLISH,RSI_NORMAL,LOW_VOLATILITY
2024-05-06,2950.0,2959.0,2911.2,2932.15,768810.0,2916.2799999999997,2873.215,61.98117574448386,0.012357197919009482,BULLISH,RSI_NORMAL,LOW_VOLATILITY
2024-05-07,2947.0,2967.95,2904.0,2913.0,629530.0,2925.2400000000002,2872.95,60.297208045631905,0.011875674321611638,BULLISH,RSI_NORMAL,LOW_VOLATILITY
2024-05-08,2900.0,2905.0,2821.0,2843.3,1650000.0,2918.7200000000003,2870.9425,51.7121524201854,0.01277690175066331,BEARISH,RSI_NORMAL,LOW_VOLATILITY
2024-05-09,2828.0,2853.95,2703.8,2710.1,3550000.0,2865.6600000000003,2861.8475,40.22631684358103,0.016385773431252103,BEARISH,RSI_NORMAL,HIGH_VOLATILITY
2024-05-10,2699.0,2792.6,2670.1,2771.25,2480000.0,2833.96,2857.5525,46.667262330235864,0.017200032961521856,BEARISH,RSI_NORMAL,HIGH_VOLATILITY
2024-05-13,2771.25,2895.0,2754.1,2879.25,2750000.0,2823.38,2856.6775,52.948131798833366,0.0191745843889011,BULLISH,RSI_NORMAL,HIGH_VOLATILITY
2024-05-14,2879.0,2888.0,2842.0,2866.15,999330.0,2814.0099999999998,2857.2599999999998,49.28786522340685,0.01890576817806442,BULLISH,RSI_NORMAL,HIGH_VOLATILITY
2024-05-15,2866.15,2874.25,2806.15,2813.7,1230000.0,2808.09,2855.725,45.90313044796482,0.01934946585465237,BEARISH,RSI_NORMAL,HIGH_VOLATILITY
2024-05-16,2821.05,2837.6,2786.55,2814.05,1530000.0,2828.88,2854.9275,46.37448370812303,0.019317915413512153,BEARISH,RSI_NORMAL,HIGH_VOLATILITY
2024-05-17,2814.6,2838.2,2786.1,2809.9,1330000.0,2836.6099999999997,2855.0375,47.32651627507611,0.01923515431038795,BEARISH,RSI_NORMAL,HIGH_VOLATILITY
2024-05-18,2824.0,2830.0,2810.2,2816.35,52260.0,2824.0299999999997,2855.4275,45.83834978730237,0.019240791636300904,BEARISH,RSI_NORMAL,HIGH_VOLATILITY
2024-05-21,2815.0,2866.95,2801.0,2851.8,921820.0,2821.1600000000003,2855.925,48.14814814814815,0.019264535462067665,BEARISH,RSI_NORMAL,HIGH_VOLATILITY
2024-05-22,2851.8,2895.0,2836.6,2885.75,933850.0,2835.57,2856.4674999999997,42.33957105015808,0.019273105693292762,BULLISH,RSI_NORMAL,HIGH_VOLATILITY
2024-05-23,2885.0,2921.25,2877.3,2903.75,1180000.0,2853.51,2858.2675,47.668161434977584,0.019303863314014836,BULLISH,RSI_NORMAL,HIGH_VOLATILITY
2024-05-24,2910.2,2910.2,2867.0,2874.75,755820.0,2866.4800000000005,2858.9325,45.08645779832221,0.019445620289335313,BULLISH,RSI_NORMAL,HIGH_VOLATILITY
2024-05-27,2887.9,2898.3,2855.55,2872.3,817090.0,2877.67,2860.3399999999997,46.41346492774059,0.019389440394319245,BULLISH,RSI_NORMAL,HIGH_VOLATILITY
2024-05-28,2875.85,2921.0,2864.0,2911.2,1080000.0,2889.55,2862.4900000000002,56.32687290346624,0.019529794895421993,BULLISH,RSI_NORMAL,HIGH_VOLATILITY
2024-05-29,2896.0,2921.7,2881.1,2900.15,1760000.0,2892.43,2863.7025000000003,72.92797683677166,0.019552823933387063,BULLISH,RSI_HIGH,HIGH_VOLATILITY
2024-05-30,2875.25,2910.85,2875.0,2883.7,1340000.0,2888.4199999999996,2859.1175,65.20622041920214,0.017868671362341007,BULLISH,RSI_NORMAL,HIGH_VOLATILITY
2024-05-31,2883.7,2906.0,2855.6,2881.2,2520000.0,2889.71,2856.6899999999996,50.368968779564774,0.01756529095465446,BULLISH,RSI_NORMAL,HIGH_VOLATILITY
2024-06-03,2950.0,2950.0,2860.05,2866.45,952700.0,2888.54,2853.4049999999997,50.05641218503192,0.017588653341570434,BULLISH,RSI_NORMAL,HIGH_VOLATILITY
2024-06-04,2880.0,2897.0,2775.75,2857.65,2680000.0,2877.83,2850.6375,59.88751406074249,0.017548192027376234,BULLISH,RSI_NORMAL,HIGH_VOLATILITY
2024-06-05,2864.5,3027.3,2864.5,2961.75,2410000.0,2890.15,2856.5600000000004,72.65337423312887,0.01852623974461581,BULLISH,RSI_HIGH,HIGH_VOLATILITY
2024-06-06,2960.0,2961.75,2882.25,2904.8,1690000.0,2894.37,2866.295,62.52639915522709,0.015451638749779199,BULLISH,RSI_NORMAL,HIGH_VOLATILITY
2024-06-07,2904.8,2943.1,2888.85,2927.7,1600000.0,2903.67,2874.1175000000003,64.08602150537638,0.014839274778488308,BULLISH,RSI_NORMAL,HIGH_VOLATILITY
2024-06-10,2928.0,2951.9,2915.0,2937.55,876870.0,2917.8900000000003,2877.0325000000003,61.59880968483705,0.01217459127820396,BULLISH,RSI_NORMAL,LOW_VOLATILITY
2024-06-11,2915.0,2920.35,2895.0,2902.45,855430.0,2926.85,2878.8475000000003,52.25188781014022,0.01246341979210792,BULLISH,RSI_NORMAL,LOW_VOLATILITY
2024-06-12,2909.0,2918.0,2865.65,2905.8,1700000.0,2915.66,2883.4525,50.2878000842342,0.01163385695174972,BULLISH,RSI_NORMAL,LOW_VOLATILITY
2024-06-13,2929.0,2929.0,2905.0,2910.0,726380.0,2916.7,2888.25,55.31914893617022,0.011628336506150435,BULLISH,RSI_NORMAL,LOW_VOLATILITY
2024-06-14,2910.0,2931.35,2905.1,2921.6,982820.0,2915.48,2893.835,57.23935389133624,0.01161294710184454,BULLISH,RSI_NORMAL,LOW_VOLATILITY
2024-06-18,2921.6,2928.0,2905.0,2918.5,741100.0,2911.67,2898.9425,51.19789957335086,0.011632909329255536,BULLISH,RSI_NORMAL,LOW_VOLATILITY
2024-06-19,2918.0,2920.0,2882.65,2891.7,1020000.0,2909.5199999999995,2900.9375,48.681541582150054,0.011593464144642813,BEARISH,RSI_NORMAL,LOW_VOLATILITY
2024-06-20,2885.0,2924.5,2872.4,2915.5,1130000.0,2911.46,2902.425,54.8505186089079,0.011435570538623365,BULLISH,RSI_NORMAL,LOW_VOLATILITY
2024-06-21,2925.0,2928.0,2880.1,2890.85,1720000.0,2907.63,2901.7799999999997,51.37876839548508,0.011524200232330983,BEARISH,RSI_NORMAL,LOW_VOLATILITY
2024-06-24,2883.0,2899.95,2871.4,2896.05,892130.0,2902.52,2902.8450000000003,54.347826086956566,0.011294294330964587,BEARISH,RSI_NORMAL,LOW_VOLATILITY
2024-06-25,2876.0,2894.95,2856.0,2858.45,1220000.0,2890.5099999999998,2902.1525,50.10834236186344,0.011685688592484844,BEARISH,RSI_NORMAL,LOW_VOLATILITY
2024-06-26,2860.2,2873.85,2844.05,2863.35,960620.0,2884.8399999999997,2899.7599999999998,31.777777777777843,0.011245768318711224,BEARISH,RSI_NORMAL,LOW_VOLATILITY
2024-06-27,2860.75,2903.0,2845.0,2880.85,1630000.0,2877.9100000000003,2898.7949999999996,44.80589893732377,0.011323361980648799,BEARISH,RSI_NORMAL,LOW_VOLATILITY
2024-06-28,2865.0,2932.0,2862.2,2917.05,1210000.0,2883.15,2900.4625,47.81628050030766,0.01159678288181471,BULLISH,RSI_NORMAL,LOW_VOLATILITY
2024-07-01,2889.3,2939.0,2888.0,2927.8,1100000.0,2889.5,2902.7925000000005,48.00817160367724,0.011610347488977912,BULLISH,RSI_NORMAL,LOW_VOLATILITY
2024-07-02,2927.8,2936.0,2912.0,2925.6,1060000.0,2902.9300000000003,2905.75,55.463771536464456,0.011532654707190676,BULLISH,RSI_NORMAL,LOW_VOLATILITY
2024-07-03,2929.7,2948.95,2916.0,2925.55,925190.0,2915.37,2909.1449999999995,54.73507552145767,0.011494915649511111,BULLISH,RSI_NORMAL,LOW_VOLATILITY
2024-07-04,2940.0,2968.45,2923.0,2934.9,968670.0,2926.18,2907.8025,55.82592419279362,0.008015461199452421,BULLISH,RSI_NORMAL,LOW_VOLATILITY
2024-07-05,2937.15,2946.9,2913.1,2935.9,817430.0,2929.95,2909.3575,53.52043328409653,0.006682875630185341,BULLISH,RSI_NORMAL,LOW_VOLATILITY
2024-07-08,2935.9,2935.9,2890.7,2898.15,828260.0,2924.02,2907.88,45.72029442691908,0.007082973601185332,BEARISH,RSI_NORMAL,LOW_VOLATILITY
2024-07-09,2908.95,2913.2,2890.0,2905.0,685430.0,2919.9,2906.2525,53.053259871441725,0.007057849993327884,BEARISH,RSI_NORMAL,LOW_VOLATILITY
2024-07-10,2900.05,3014.5,2894.35,2996.45,2300000.0,2934.08,2910.9525,64.1793659134699,0.009588084365908543,BULLISH,RSI_NORMAL,LOW_VOLATILITY
2024-07-11,2999.0,3030.0,2973.0,3022.05,1970000.0,2951.51,2916.7650000000003,72.90502793296086,0.00971004347056906,BULLISH,RSI_HIGH,LOW_VOLATILITY
2024-07-12,3025.0,3052.0,2970.9,2999.15,1880000.0,2964.1600000000003,2921.2225000000003,66.95166063794798,0.009944331962451983,BULLISH,RSI_NORMAL,LOW_VOLATILITY
2024-07-15,2999.0,2999.0,2932.55,2956.5,2430000.0,2975.83,2922.9675,65.857997735727,0.010526525413205895,BULLISH,RSI_NORMAL,LOW_VOLATILITY
2024-07-16,2959.0,3015.95,2941.5,2974.45,2090000.0,2989.72,2925.7650000000003,67.24084419615143,0.010586291143669897,BULLISH,RSI_NORMAL,LOW_VOLATILITY
2024-07-18,2875.0,2957.9,2842.0,2931.55,5380000.0,2976.7400000000002,2927.7575,57.29286536248566,0.010911491675133726,BULLISH,RSI_NORMAL,LOW_VOLATILITY
2024-07-19,2925.0,2980.0,2917.25,2946.05,2160000.0,2961.54,2929.285,54.44921755139613,0.010817148509213047,BULLISH,RSI_NORMAL,LOW_VOLATILITY
2024-07-22,2937.0,2973.35,2917.15,2934.3,1620000.0,2948.57,2931.4575,50.994187825022934,0.0106659293268906,BULLISH,RSI_NORMAL,LOW_VOLATILITY
2024-07-23,2934.3,2947.3,2886.0,2897.1,1910000.0,2936.69,2931.5099999999998,46.06244819010776,0.011077826793908292,BEARISH,RSI_NORMAL,LOW_VOLATILITY
2024-07-24,2901.0,2927.0,2886.2,2912.8,1480000.0,2924.3599999999997,2934.2275,48.311481922924116,0.010693625282574587,BEARISH,RSI_NORMAL,LOW_VOLATILITY
2024-07-25,2892.05,2908.7,2885.25,2901.4,1240000.0,2918.3300000000004,2936.13,45.58746048472076,0.010747648878890285,BEARISH,RSI_NORMAL,LOW_VOLATILITY
2024-07-26,2902.2,2964.45,2900.7,2950.15,1360000.0,2919.1500000000005,2939.5950000000003,51.66725166725167,0.011282710848537774,BULLISH,RSI_NORMAL,LOW_VOLATILITY
2024-07-29,2953.05,2965.1,2936.0,2954.7,854410.0,2923.23,2941.4775,57.17366484840793,0.010965593165925477,BULLISH,RSI_NORMAL,LOW_VOLATILITY
2024-07-30,2973.5,3032.8,2970.0,3005.05,2140000.0,2944.82,2945.3399999999997,61.43036673140638,0.011548243752528078,BULLISH,RSI_NORMAL,LOW_VOLATILITY
2024-07-31,3005.05,3098.0,3005.05,3084.45,3550000.0,2979.15,2953.2825000000003,60.338345864661655,0.012815061379105274,BULLISH,RSI_NORMAL,LOW_VOLATILITY
2024-08-01,3088.0,3128.95,3062.8,3099.35,1680000.0,3018.74,2961.9725000000003,59.3154977102916,0.012806318058807907,BULLISH,RSI_NORMAL,LOW_VOLATILITY
2024-08-02,3070.0,3129.05,3060.0,3106.7,1350000.0,3050.05,2970.5625,63.46563165143355,0.012806869205666616,BULLISH,RSI_NORMAL,LOW_VOLATILITY
2024-08-05,3069.95,3145.0,3055.3,3093.4,2020000.0,3077.79,2978.4375,68.50000000000004,0.012897347818676878,BULLISH,RSI_NORMAL,LOW_VOLATILITY
2024-08-06,3101.7,3135.0,3086.05,3101.75,885740.0,3097.13,2988.6175,67.66093229744732,0.012368254827525866,BULLISH,RSI_NORMAL,LOW_VOLATILITY
2024-08-07,3101.75,3118.5,3060.05,3101.45,1910000.0,3100.5299999999997,2998.4399999999996,76.73064820641906,0.012392077217048771,BULLISH,RSI_HIGH,LOW_VOLATILITY
2024-08-08,3080.0,3089.7,2990.4,3005.4,1280000.0,3081.7400000000002,2998.8875,57.430825090772494,0.012792190502998907,BULLISH,RSI_NORMAL,LOW_VOLATILITY
2024-08-09,3039.0,3052.75,2966.0,3040.6,1670000.0,3068.5199999999995,2999.8149999999996,62.57095553453166,0.012919605752356806,BULLISH,RSI_NORMAL,LOW_VOLATILITY
2024-08-12,3020.0,3084.0,3003.7,3053.2,1740000.0,3060.48,3002.5175,69.60070316423909,0.012804712966033504,BULLISH,RSI_NORMAL,LOW_VOLATILITY
2024-08-13,3054.9,3059.8,3013.0,3023.55,502260.0,3044.8399999999997,3005.87,63.43564236321731,0.012560487432161184,BULLISH,RSI_NORMAL,LOW_VOLATILITY
2024-08-14,3034.8,3034.8,2994.05,3025.85,454670.0,3029.7200000000003,3008.44,65.43853119960306,0.01250804418619184,BULLISH,RSI_NORMAL,LOW_VOLATILITY
2024-08-16,3054.0,3054.0,3003.0,3048.15,514230.0,3038.27,3014.2699999999995,63.01115241635693,0.01204055074857615,BULLISH,RSI_NORMAL,LOW_VOLATILITY
2024-08-19,3053.95,3087.85,3038.35,3076.3,542860.0,3045.4100000000003,3020.7825000000003,65.19240379810104,0.012133225555696117,BULLISH,RSI_NORMAL,LOW_VOLATILITY
2024-08-20,3096.0,3106.35,3078.0,3103.2,668280.0,3055.41,3029.2275,63.0258792302588,0.01212350287033745,BULLISH,RSI_NORMAL,LOW_VOLATILITY
2024-08-21,3101.0,3170.6,3084.05,3151.55,1190000.0,3081.01,3041.95,59.70494648539204,0.011859678555642843,BULLISH,RSI_NORMAL,LOW_VOLATILITY
2024-08-22,3167.0,3198.65,3156.05,3186.6,1540000.0,3113.16,3055.64,61.924285909525814,0.01195652567937088,BULLISH,RSI_NORMAL,LOW_VOLATILITY
2024-08-23,3190.0,3198.6,3148.75,3154.65,779280.0,3134.46,3068.3025,56.140350877193036,0.012259101995661189,BULLISH,RSI_NORMAL,LOW_VOLATILITY
2024-08-26,3155.0,3177.45,3141.5,3171.35,472870.0,3153.47,3079.3625,59.8958994541069,0.011904601625227438,BULLISH,RSI_NORMAL,LOW_VOLATILITY
2024-08-27,3154.0,3203.65,3150.0,3166.2,1000000.0,3166.07,3089.9375,58.249072059388205,0.011955597634502475,BULLISH,RSI_NORMAL,LOW_VOLATILITY
2024-08-28,3152.95,3165.5,3118.8,3125.5,538370.0,3160.8599999999997,3095.96,52.78969957081548,0.012046122126407412,BULLISH,RSI_NORMAL,LOW_VOLATILITY
2024-08-29,3125.5,3143.95,3092.7,3115.85,849870.0,3146.71,3097.5299999999997,66.02350210358338,0.010625447894567472,BULLISH,RSI_NORMAL,LOW_VOLATILITY
2024-08-30,3130.05,3166.75,3110.7,3126.8,1570000.0,3141.14,3098.9024999999997,63.45193508114864,0.010601655442370128,BULLISH,RSI_NORMAL,LOW_VOLATILITY
2024-09-02,3148.0,3184.0,3139.6,3150.95,702360.0,3137.06,3101.1150000000002,64.7236029522519,0.010718423218915453,BULLISH,RSI_NORMAL,LOW_VOLATILITY
2024-09-03,3164.95,3174.55,3147.5,3154.85,577470.0,3134.79,3104.1875,71.4402351404311,0.01065258430796933,BULLISH,RSI_HIGH,LOW_VOLATILITY
2024-09-04,3155.5,3252.0,3155.5,3231.65,2380000.0,3156.02,3110.6825,77.0291568163909,0.011861079873392298,BULLISH,RSI_HIGH,LOW_VOLATILITY
2024-09-05,3240.0,3257.0,3217.0,3238.25,1480000.0,3180.5,3117.5225,76.04109589041097,0.011849672546666839,BULLISH,RSI_HIGH,LOW_VOLATILITY
2024-09-06,3238.0,3285.9,3225.35,3273.7,2130000.0,3209.88,3130.9375,76.51087832393232,0.009043836411360234,BULLISH,RSI_HIGH,LOW_VOLATILITY
2024-09-09,3273.7,3314.0,3258.0,3280.75,1270000.0,3235.8399999999997,3142.945,75.18796992481207,0.008883967202089539,BULLISH,RSI_HIGH,LOW_VOLATILITY
2024-09-10,3290.0,3310.0,3270.9,3295.05,928920.0,3263.88,3155.0375,72.53454773869349,0.008884476993220052,BULLISH,RSI_HIGH,LOW_VOLATILITY
2024-09-11,3315.0,3382.95,3315.0,3367.45,2560000.0,3291.04,3172.2325,75.41813070976812,0.00915848005544284,BULLISH,RSI_HIGH,LOW_VOLATILITY
2024-09-12,3370.0,3393.0,3340.3,3383.25,1640000.0,3320.04,3190.1025,83.65724381625441,0.009094722576615392,BULLISH,RSI_HIGH,LOW_VOLATILITY
2024-09-13,3355.55,3369.7,3320.9,3358.05,1030000.0,3336.91,3205.5975000000003,76.8170066072968,0.009538868527971658,BULLISH,RSI_HIGH,LOW_VOLATILITY
2024-09-16,3360.0,3394.9,3330.6,3335.8,1020000.0,3347.9200000000005,3218.5724999999998,73.22015334063533,0.00981448179950233,BULLISH,RSI_HIGH,LOW_VOLATILITY
2024-09-17,3335.8,3349.9,3301.8,3312.8,586830.0,3351.47,3229.0525000000002,76.94964028776981,0.010045523651444923,BULLISH,RSI_HIGH,LOW_VOLATILITY
2024-09-18,3312.8,3324.85,3251.55,3274.65,410510.0,3332.9100000000008,3235.2075,71.11702127659576,0.010131921419103556,BULLISH,RSI_HIGH,LOW_VOLATILITY
2024-09-19,3294.0,3320.0,3275.0,3293.85,963460.0,3315.03,3240.57,71.73715029277813,0.009948406015658228,BULLISH,RSI_HIGH,LOW_VOLATILITY
2024-09-20,3304.0,3324.8,3266.05,3306.95,1500000.0,3304.81,3248.185,70.90032154340837,0.009564812255324484,BULLISH,RSI_HIGH,LOW_VOLATILITY
2024-09-23,3316.95,3324.9,3273.2,3277.45,522780.0,3293.1400000000003,3253.4900000000002,65.37111334002006,0.009862218666613515,BULLISH,RSI_NORMAL,LOW_VOLATILITY
2024-09-24,3277.45,3297.75,3241.1,3248.4,1060000.0,3280.2599999999998,3257.6,52.385700042728956,0.010119856760219035,BEARISH,RSI_NORMAL,LOW_VOLATILITY
2024-09-25,3252.0,3252.0,3206.75,3244.75,740640.0,3274.2799999999997,3263.5625,50.933639758690035,0.00957997018003523,BEARISH,RSI_NORMAL,LOW_VOLATILITY
2024-09-26,3250.0,3285.85,3227.1,3277.05,951080.0,3270.9199999999996,3271.6225,50.485577619944976,0.009664875122525377,BULLISH,RSI_NORMAL,LOW_VOLATILITY
2024-09-27,3290.95,3337.95,3277.05,3310.75,1320000.0,3271.6800000000003,3280.8200000000006,54.03659849300324,0.009817043423401605,BULLISH,RSI_NORMAL,LOW_VOLATILITY
2024-09-30,3310.75,3358.0,3305.15,3329.1,1090000.0,3282.0099999999998,3289.7275,54.53214428324236,0.00977274728510498,BULLISH,RSI_NORMAL,LOW_VOLATILITY
2024-10-01,3317.0,3328.95,3244.05,3277.35,968660.0,3287.8,3295.8525,37.30985915492957,0.010599380008501247,BEARISH,RSI_NORMAL,LOW_VOLATILITY
2024-10-03,3192.3,3225.9,3126.5,3149.3,1740000.0,3268.71,3291.7349999999997,24.965222043873695,0.012806278038902476,BEARISH,RSI_LOW,LOW_VOLATILITY
2024-10-04,3135.0,3156.75,3054.55,3072.5,1550000.0,3227.8,3283.4474999999998,22.48241302881368,0.013779466159333353,BEARISH,RSI_LOW,HIGH_VOLATILITY
2024-10-07,3075.0,3098.55,3038.0,3062.25,909810.0,3178.1,3272.875,23.014698628785595,0.013409227677015557,BEARISH,RSI_LOW,LOW_VOLATILITY
2024-10-08,3058.0,3099.0,3045.65,3088.05,817720.0,3129.8900000000003,3263.2400000000002,27.95055430197192,0.013613932006344502,BEARISH,RSI_LOW,HIGH_VOLATILITY
2024-10-09,3095.55,3146.7,3071.75,3078.85,1230000.0,3090.19,3252.43,29.63386727688784,0.013505520000634697,BEARISH,RSI_LOW,LOW_VOLATILITY
2024-10-10,3090.05,3095.0,3043.0,3059.1,1160000.0,3072.15,3237.0125,25.610389610389603,0.01213151773201676,BEARISH,RSI_LOW,LOW_VOLATILITY
2024-10-11,3059.2,3064.0,3026.0,3037.2,976020.0,3065.09,3219.71,22.477298234874,0.011935477880671798,BEARISH,RSI_LOW,LOW_VOLATILITY
2024-10-14,3037.0,3055.0,3017.2,3039.15,716010.0,3060.4700000000003,3203.765,24.237837837837887,0.011996202782011967,BEARISH,RSI_LOW,LOW_VOLATILITY
2024-10-15,3075.0,3096.8,3047.65,3067.1,1240000.0,3056.2799999999997,3190.3300000000004,30.353272648461214,0.012392105980796644,BEARISH,RSI_NORMAL,LOW_VOLATILITY
2024-10-16,3088.0,3103.55,3066.1,3082.1,764000.0,3056.93,3178.795,32.797461660497106,0.012532440735617364,BEARISH,RSI_NORMAL,LOW_VOLATILITY
2024-10-17,3082.9,3085.0,3037.0,3055.85,674480.0,3056.2799999999997,3167.855,26.301692736233107,0.012449488820877565,BEARISH,RSI_LOW,LOW_VOLATILITY
2024-10-18,3057.0,3069.0,2980.6,2992.15,899320.0,3047.27,3152.77,17.928326957922323,0.012832720748867424,BEARISH,RSI_LOW,LOW_VOLATILITY
2024-10-21,3007.05,3057.0,3000.55,3049.2,806970.0,3049.2799999999997,3139.8825,23.860664923421737,0.013779167884398065,BEARISH,RSI_LOW,HIGH_VOLATILITY
2024-10-22,3054.0,3057.95,2995.25,3006.85,541840.0,3037.23,3126.3525,24.287072243346003,0.013917435132270213,BEARISH,RSI_LOW,HIGH_VOLATILITY
2024-10-23,2999.95,3026.5,2972.05,2989.7,624690.0,3018.75,3113.4175,30.775716694772314,0.013879666938338857,BEARISH,RSI_NORMAL,HIGH_VOLATILITY
2024-10-24,2989.7,3002.3,2951.0,2972.0,571260.0,3001.9800000000005,3099.7799999999997,35.884831460674164,0.013867905795569674,BEARISH,RSI_NORMAL,HIGH_VOLATILITY
2024-10-25,2975.5,3015.55,2952.0,2958.0,1050000.0,2995.15,3083.8275000000003,35.51077136900625,0.013456804135493971,BEARISH,RSI_NORMAL,LOW_VOLATILITY
2024-10-28,2987.9,3021.7,2963.05,3001.85,504960.0,2985.68,3068.3825,38.59184753838005,0.013763414044633595,BEARISH,RSI_NORMAL,HIGH_VOLATILITY
2024-10-29,3020.0,3028.0,2941.1,2992.85,613460.0,2982.88,3051.57,38.612288135593204,0.01355675310009877,BEARISH,RSI_NORMAL,LOW_VOLATILITY
2024-10-30,3006.0,3006.0,2963.55,2996.65,812730.0,2984.27,3037.535,41.3659615650491,0.01340336823739544,BEARISH,RSI_NORMAL,LOW_VOLATILITY
2024-10-31,2994.2,2996.5,2919.0,2935.65,1030000.0,2977.0,3026.8525,37.3300062383032,0.011349997936566245,BEARISH,RSI_NORMAL,LOW_VOLATILITY
2024-11-01,2958.0,2965.75,2930.0,2939.85,112250.0,2973.37,3020.2200000000003,37.67990074441682,0.010258584717602355,BEARISH,RSI_NORMAL,LOW_VOLATILITY
2024-11-04,2962.15,2962.15,2885.5,2915.3,1150000.0,2956.0600000000004,3012.8725000000004,31.006006006006004,0.010349869898525267,BEARISH,RSI_NORMAL,LOW_VOLATILITY
2024-11-05,2895.0,2918.8,2872.7,2887.3,935520.0,2934.95,3002.835,26.393601551139085,0.010139984957511618,BEARISH,RSI_LOW,LOW_VOLATILITY
2024-11-06,2890.5,2907.85,2860.0,2897.3,1820000.0,2915.0800000000004,2993.7575,29.99873848870945,0.010252636908020845,BEARISH,RSI_LOW,LOW_VOLATILITY
2024-11-07,2900.0,2904.95,2825.0,2842.85,1110000.0,2896.5199999999995,2982.945,30.715577370188527,0.010828113876858003,BEARISH,RSI_NORMAL,LOW_VOLATILITY
2024-11-08,2842.85,2847.0,2762.4,2769.45,2060000.0,2862.44,2969.5575,15.3302763663403,0.011901368729391078,BEARISH,RSI_LOW,LOW_VOLATILITY
2024-11-11,2565.05,2598.75,2506.0,2543.1,8860000.0,2788.0,2944.755,10.528555621755032,0.020880830004037485,BEARISH,RSI_LOW,HIGH_VOLATILITY
2024-11-12,2535.0,2535.0,2470.0,2474.85,3450000.0,2705.5099999999998,2915.1425,9.686007360425961,0.020813933387213143,BEARISH,RSI_LOW,HIGH_VOLATILITY
2024-11-13,2470.0,2498.0,2451.1,2470.5,1800000.0,2620.15,2884.5625,9.892834293026212,0.02060799747349689,BEARISH,RSI_LOW,HIGH_VOLATILITY
2024-11-14,2482.8,2501.75,2466.2,2483.15,1210000.0,2548.21,2855.9275000000002,11.941973230744566,0.020910522308874958,BEARISH,RSI_LOW,HIGH_VOLATILITY
2024-11-18,2520.0,2520.0,2470.8,2483.7,945480.0,2491.06,2830.505,5.374214107312014,0.020871700458505393,BEARISH,RSI_LOW,HIGH_VOLATILITY
2024-11-19,2488.0,2503.2,2472.35,2483.7,941560.0,2479.18,2802.23,5.458839996500714,0.019934064578540953,BEARISH,RSI_LOW,HIGH_VOLATILITY
2024-11-21,2454.7,2465.95,2425.0,2428.15,1380000.0,2469.8399999999997,2773.295,4.395957003048238,0.020110286597618467,BEARISH,RSI_LOW,HIGH_VOLATILITY
2024-11-22,2430.0,2493.95,2422.95,2472.2,3810000.0,2470.1800000000003,2747.4199999999996,11.783623319864688,0.02108834713660147,BEARISH,RSI_LOW,HIGH_VOLATILITY
2024-11-25,2505.0,2507.95,2450.05,2459.7,1860000.0,2465.49,2721.805,10.941186040836186,0.021096387105521842,BEARISH,RSI_LOW,HIGH_VOLATILITY
2024-11-26,2459.9,2518.0,2457.6,2505.0,1150000.0,2469.75,2699.1549999999997,17.713251495121142,0.02197088675933556,BEARISH,RSI_LOW,HIGH_VOLATILITY
2024-11-27,2517.5,2517.65,2480.0,2491.9,864730.0,2471.39,2673.6575000000003,18.138597904915358,0.021320527441557754,BEARISH,RSI_LOW,HIGH_VOLATILITY
2024-11-28,2500.0,2506.0,2453.3,2458.05,1510000.0,2477.37,2646.9175,15.915263443780532,0.0212939777609436,BEARISH,RSI_LOW,HIGH_VOLATILITY
2024-11-29,2458.05,2491.5,2455.05,2479.6,1030000.0,2478.85,2621.065,20.29601766293233,0.021559211704897836,BEARISH,RSI_LOW,HIGH_VOLATILITY
2024-12-02,2479.6,2486.0,2461.35,2479.05,914670.0,2482.7200000000003,2598.2349999999997,23.04121797252131,0.02148061600271878,BEARISH,RSI_LOW,HIGH_VOLATILITY
2024-12-03,2494.0,2494.0,2463.5,2469.4,1340000.0,2475.6,2574.7125,38.55234544889715,0.021387919346174254,BEARISH,RSI_NORMAL,HIGH_VOLATILITY
2024-12-04,2478.9,2479.1,2453.2,2459.45,1010000.0,2469.11,2551.9199999999996,47.07890743550832,0.02141085128224776,BEARISH,RSI_NORMAL,HIGH_VOLATILITY
2024-12-05,2465.0,2466.9,2423.9,2452.2,3190000.0,2467.9399999999996,2530.165,46.566604127579694,0.021440236106026626,BEARISH,RSI_NORMAL,HIGH_VOLATILITY
2024-12-06,2468.0,2468.0,2427.0,2429.7,1740000.0,2457.96,2506.785,40.329292563777734,0.021273076604613188,BEARISH,RSI_NORMAL,HIGH_VOLATILITY
2024-12-09,2438.15,2439.0,2387.0,2391.85,2300000.0,2440.5199999999995,2484.2349999999997,35.35788299059459,0.021203536824887615,BEARISH,RSI_NORMAL,HIGH_VOLATILITY
2024-12-10,2399.9,2404.65,2385.05,2388.9,1660000.0,2424.42,2465.2075,35.02842703727099,0.02084887319588561,BEARISH,RSI_NORMAL,HIGH_VOLATILITY
2024-12-11,2399.75,2428.0,2392.65,2417.3,1340000.0,2415.99,2458.9175,48.125755743651766,0.011743930429839117,BEARISH,RSI_NORMAL,LOW_VOLATILITY
2024-12-12,2413.0,2415.0,2380.7,2389.55,1090000.0,2403.46,2454.6524999999997,34.870950027457496,0.010503189805011734,BEARISH,RSI_NORMAL,LOW_VOLATILITY
2024-12-13,2389.55,2412.0,2354.0,2407.65,1150000.0,2399.05,2451.5099999999998,40.663677130044874,0.010705827699245852,BEARISH,RSI_NORMAL,LOW_VOLATILITY
2024-12-16,2419.95,2419.95,2386.15,2402.25,987790.0,2401.13,2447.4649999999997,28.49068453003973,0.01060193765398869,BEARISH,RSI_LOW,LOW_VOLATILITY
2024-12-17,2388.0,2399.9,2350.5,2356.0,1260000.0,2394.55,2441.08,25.01838235294113,0.011297202678410646,BEARISH,RSI_LOW,LOW_VOLATILITY
2024-12-18,2356.8,2372.7,2341.0,2345.45,855720.0,2380.1800000000003,2434.1675000000005,27.362283876155928,0.011287851939662837,BEARISH,RSI_LOW,LOW_VOLATILITY
2024-12-19,2325.0,2325.0,2265.35,2291.85,2780000.0,2360.64,2427.3525,16.562778272484422,0.011332712691626298,BEARISH,RSI_LOW,LOW_VOLATILITY
2024-12-20,2297.0,2318.0,2276.0,2282.35,1720000.0,2335.58,2417.86,16.051087331722456,0.010202095242391714,BEARISH,RSI_LOW,LOW_VOLATILITY
2024-12-23,2300.0,2302.55,2266.05,2279.2,855680.0,2310.97,2408.835,16.419491525423723,0.010213989054450002,BEARISH,RSI_LOW,LOW_VOLATILITY
2024-12-24,2282.1,2295.0,2277.15,2284.0,601630.0,2296.5699999999997,2397.785,18.449919079302333,0.008919763056879684,BEARISH,RSI_LOW,LOW_VOLATILITY
2024-12-26,2284.0,2287.45,2256.5,2262.4,1270000.0,2279.96,2386.31,17.544459644322913,0.008986076238603152,BEARISH,RSI_LOW,LOW_VOLATILITY
2024-12-27,2270.25,2290.8,2260.05,2271.4,822000.0,2275.87,2376.9775,21.620652563642935,0.008938502296123153,BEARISH,RSI_LOW,LOW_VOLATILITY
2024-12-30,2280.25,2298.8,2256.8,2288.25,1080000.0,2277.05,2367.41,29.91469561845679,0.00884245289603711,BEARISH,RSI_LOW,LOW_VOLATILITY
2024-12-31,2280.0,2297.65,2273.0,2281.35,685490.0,2277.48,2357.525,29.463433263318677,0.008802099612551092,BEARISH,RSI_LOW,LOW_VOLATILITY
2025-01-01,2280.0,2323.2,2280.0,2304.65,1070000.0,2281.61,2349.2875,28.062317429406065,0.009367397891736386,BEARISH,RSI_LOW,LOW_VOLATILITY
2025-01-02,2314.0,2347.95,2294.0,2343.25,1340000.0,2297.7799999999997,2343.4775,41.34902840059789,0.010390759114429746,BEARISH,RSI_NORMAL,LOW_VOLATILITY
2025-01-03,2344.0,2348.95,2322.15,2335.95,1360000.0,2310.69,2337.665,36.03971962616821,0.010391320670621453,BEARISH,RSI_NORMAL,LOW_VOLATILITY
2025-01-06,2335.95,2340.0,2256.7,2267.15,1190000.0,2306.4700000000003,2329.5375,28.903810118675864,0.011960574349322193,BEARISH,RSI_LOW,LOW_VOLATILITY
2025-01-07,2272.0,2316.0,2272.0,2292.6,740800.0,2308.72,2324.575,39.41215764863058,0.012024267404828252,BEARISH,RSI_NORMAL,LOW_VOLATILITY
2025-01-08,2287.05,2338.0,2272.7,2334.35,1440000.0,2314.66,2321.8475,48.32123411978223,0.012851197724515104,BULLISH,RSI_NORMAL,LOW_VOLATILITY
2025-01-09,2341.9,2361.4,2321.3,2350.2,1360000.0,2316.05,2318.4925,59.96243810824652,0.012629159162829463,BULLISH,RSI_NORMAL,LOW_VOLATILITY
2025-01-10,2335.6,2348.9,2316.0,2320.75,1210000.0,2313.0099999999998,2315.0525000000002,56.13810741687981,0.012675719031310753,BULLISH,RSI_NORMAL,LOW_VOLATILITY
2025-01-13,2291.75,2301.9,2246.4,2252.65,1180000.0,2310.1099999999997,2307.3025000000002,46.48577101257448,0.013928838830720875,BEARISH,RSI_NORMAL,HIGH_VOLATILITY
2025-01-14,2269.0,2286.35,2237.0,2239.95,1320000.0,2299.5800000000004,2299.1875,44.288862958641225,0.01393687514958385,BEARISH,RSI_NORMAL,HIGH_VOLATILITY
2025-01-15,2249.0,2253.75,2220.0,2229.7,1310000.0,2278.65,2292.8725,45.631846112743744,0.013435524215705371,BEARISH,RSI_NORMAL,LOW_VOLATILITY
2025-01-16,2239.0,2239.85,2207.8,2215.6,1940000.0,2251.73,2286.38,42.64628360569317,0.013454960165528607,BEARISH,RSI_NORMAL,LOW_VOLATILITY
2025-01-17,2225.65,2269.05,2212.5,2261.0,878870.0,2239.7799999999997,2284.8375,46.660129917882095,0.0135382166342209,BEARISH,RSI_NORMAL,LOW_VOLATILITY
2025-01-20,2272.25,2286.9,2251.0,2280.55,555730.0,2245.3599999999997,2284.7475,49.904897765097516,0.013662998603655644,BEARISH,RSI_NORMAL,HIGH_VOLATILITY
2025-01-21,2280.55,2315.0,2255.0,2260.35,1410000.0,2249.4399999999996,2283.805,44.694610778443085,0.013805743386705413,BEARISH,RSI_NORMAL,HIGH_VOLATILITY
2025-01-22,2270.0,2270.0,2244.9,2262.1,835520.0,2255.92,2282.71,39.34060160252199,0.013796614136686513,BEARISH,RSI_NORMAL,HIGH_VOLATILITY
2025-01-23,2262.1,2301.8,2246.2,2276.35,1140000.0,2268.0699999999997,2283.4075000000003,42.31166150670795,0.013701190293088004,BEARISH,RSI_NORMAL,HIGH_VOLATILITY
2025-01-24,2283.0,2296.55,2255.05,2262.4,543220.0,2268.35,2282.9575,49.2862509391435,0.013748454640153163,BEARISH,RSI_NORMAL,HIGH_VOLATILITY
2025-01-27,2255.3,2277.75,2246.2,2251.5,1100000.0,2262.54,2281.12,43.54179761156507,0.013667916403076519,BEARISH,RSI_NORMAL,HIGH_VOLATILITY
2025-01-28,2260.0,2267.05,2234.1,2241.8,897500.0,2258.83,2279.1425,33.82841167219995,0.013682393343062406,BEARISH,RSI_NORMAL,HIGH_VOLATILITY
2025-01-29,2241.8,2246.8,2212.05,2223.15,1280000.0,2251.04,2275.0675,28.015227548018757,0.013525013139313159,BEARISH,RSI_LOW,LOW_VOLATILITY
2025-01-30,2223.15,2259.25,2215.0,2249.85,1160000.0,2245.7400000000002,2270.3975,37.61355695317959,0.013222730823747746,BEARISH,RSI_NORMAL,LOW_VOLATILITY
2025-01-31,2255.0,2305.0,2234.85,2300.8,1290000.0,2253.42,2268.6400000000003,58.94815090131945,0.014312856428481903,BULLISH,RSI_NORMAL,HIGH_VOLATILITY
2025-02-01,2312.0,2389.0,2285.3,2351.15,1320000.0,2273.35,2272.84,68.12846429735902,0.013455073037401987,BULLISH,RSI_NORMAL,LOW_VOLATILITY
2025-02-03,2351.15,2364.45,2277.7,2292.25,1070000.0,2283.44,2272.8225,58.801181933305216,0.014534615660133258,BULLISH,RSI_NORMAL,HIGH_VOLATILITY
2025-02-04,2304.65,2418.6,2263.75,2354.35,5370000.0,2309.68,2273.8225,67.19970249163256,0.015235968182757055,BULLISH,RSI_NORMAL,HIGH_VOLATILITY
2025-02-05,2269.0,2295.55,2237.25,2275.2,3470000.0,2314.75,2270.0724999999998,51.62434225577669,0.016946376263061478,BULLISH,RSI_NORMAL,HIGH_VOLATILITY
2025-02-06,2287.2,2298.9,2260.25,2263.4,1290000.0,2307.2699999999995,2267.205,48.00279492255734,0.01677307498893805,BEARISH,RSI_NORMAL,HIGH_VOLATILITY
2025-02-07,2266.0,2276.3,2243.2,2271.0,1340000.0,2291.2400000000002,2268.1225,51.27774445110979,0.015415531972893375,BULLISH,RSI_NORMAL,HIGH_VOLATILITY
2025-02-10,2271.05,2278.0,2254.0,2270.15,1180000.0,2286.82,2269.6325,50.96789707827344,0.015349683802468914,BULLISH,RSI_NORMAL,HIGH_VOLATILITY
2025-02-11,2279.0,2282.9,2226.0,2240.85,1610000.0,2264.12,2270.19,45.880714783012294,0.015613493517462875,BEARISH,RSI_NORMAL,HIGH_VOLATILITY
2025-02-12,2241.85,2247.95,2185.7,2228.25,1180000.0,2254.7300000000005,2270.8224999999998,46.024909789314385,0.015598469679264822,BEARISH,RSI_NORMAL,HIGH_VOLATILITY
2025-02-13,2228.25,2249.95,2220.0,2236.4,921920.0,2249.33,2269.5924999999997,48.23102155576384,0.01489567242765804,BEARISH,RSI_NORMAL,HIGH_VOLATILITY
2025-02-14,2236.4,2250.55,2203.0,2231.3,1380000.0,2241.3900000000003,2267.13,48.75651350071056,0.01474442543580571,BEARISH,RSI_NORMAL,HIGH_VOLATILITY
2025-02-17,2231.3,2260.0,2226.05,2250.85,923980.0,2237.5299999999997,2266.655,53.273457811392085,0.01477578931999655,BEARISH,RSI_NORMAL,HIGH_VOLATILITY
2025-02-18,2248.0,2251.95,2218.75,2237.6,735850.0,2236.88,2265.43,48.50482118881972,0.014829858807311145,BEARISH,RSI_NORMAL,HIGH_VOLATILITY
2025-02-19,2237.6,2249.8,2226.1,2239.1,645240.0,2239.05,2263.5675,41.43531371460294,0.014748419080602818,BEARISH,RSI_NORMAL,HIGH_VOLATILITY
2025-02-20,2239.1,2257.1,2231.05,2249.05,637440.0,2241.58,2262.9,34.03689806128831,0.014733871497468673,BEARISH,RSI_NORMAL,HIGH_VOLATILITY
2025-02-21,2249.05,2265.8,2237.0,2257.6,755630.0,2246.84,2263.205,43.570235665243985,0.014717509885904787,BEARISH,RSI_NORMAL,HIGH_VOLATILITY
2025-02-24,2245.9,2259.0,2241.0,2246.2,765060.0,2245.91,2263.425,25.27999999999993,0.014730492098486083,BEARISH,RSI_LOW,HIGH_VOLATILITY
2025-02-25,2246.2,2257.1,2217.7,2224.75,947720.0,2243.3399999999997,2263.505,34.33716237193417,0.014770460109778349,BEARISH,RSI_NORMAL,HIGH_VOLATILITY
2025-02-27,2214.0,2228.4,2198.0,2213.65,1030000.0,2238.25,2261.695,34.48705955721853,0.014538737963647762,BEARISH,RSI_NORMAL,HIGH_VOLATILITY
2025-02-28,2210.0,2211.35,2175.8,2179.75,1700000.0,2224.3900000000003,2255.6425,25.55585320117862,0.013787571130204667,BEARISH,RSI_LOW,HIGH_VOLATILITY
2025-03-03,2179.75,2193.35,2129.0,2166.4,959080.0,2206.15,2246.4049999999997,23.951795129299484,0.012534456183121644,BEARISH,RSI_LOW,LOW_VOLATILITY
2025-03-04,2154.05,2159.85,2124.75,2132.1,2180000.0,2183.3300000000004,2238.3975,23.365172667156457,0.011871885341907702,BEARISH,RSI_LOW,LOW_VOLATILITY
2025-03-05,2132.0,2182.8,2124.75,2164.15,1540000.0,2171.21,2228.8875,35.66636851520573,0.01045563536348319,BEARISH,RSI_NORMAL,LOW_VOLATILITY
2025-03-06,2189.85,2275.0,2183.1,2267.7,1990000.0,2182.02,2228.5125,54.90595611285263,0.013728023619351019,BULLISH,RSI_NORMAL,HIGH_VOLATILITY
2025-03-07,2267.7,2277.95,2248.0,2270.0,921430.0,2200.0699999999997,2228.8424999999997,56.11954459203033,0.013676486803779496,BULLISH,RSI_NORMAL,HIGH_VOLATILITY
2025-03-10,2270.0,2293.0,2261.85,2278.6,1070000.0,2222.5099999999998,2229.2225,54.54545454545455,0.013682005218222035,BULLISH,RSI_NORMAL,HIGH_VOLATILITY
2025-03-11,2274.0,2290.9,2257.9,2287.4,601230.0,2253.57,2230.085,58.277925531914924,0.013704534003739617,BULLISH,RSI_NORMAL,HIGH_VOLATILITY
2025-03-12,2287.4,2295.95,2247.0,2251.3,749230.0,2271.0,2230.6075,51.818723911747206,0.01386633954579127,BULLISH,RSI_NORMAL,HIGH_VOLATILITY
2025-03-13,2255.25,2257.2,2222.5,2231.3,747500.0,2263.7200000000003,2230.7599999999998,47.43088724851643,0.013958788063420179,BULLISH,RSI_NORMAL,HIGH_VOLATILITY
2025-03-17,2205.0,2239.25,2196.05,2219.55,838020.0,2253.63,2229.9175,44.54323820450312,0.01398367995918331,BEARISH,RSI_NORMAL,HIGH_VOLATILITY
2025-03-18,2230.65,2290.0,2222.75,2273.95,816360.0,2252.7,2232.05,53.542703944848725,0.01502685235836916,BULLISH,RSI_NORMAL,HIGH_VOLATILITY
2025-03-19,2274.0,2287.95,2267.85,2280.7,663340.0,2251.36,2233.5425,57.42140867489055,0.014925926255219145,BULLISH,RSI_NORMAL,HIGH_VOLATILITY
2025-03-20,2290.0,2307.0,2268.75,2287.2,1170000.0,2258.54,2236.0225,59.87646031959174,0.014848716319679418,BULLISH,RSI_NORMAL,HIGH_VOLATILITY
2025-03-21,2291.65,2314.5,2277.85,2300.4,1620000.0,2272.3599999999997,2239.0875,67.15484146168066,0.014882910754636065,BULLISH,RSI_NORMAL,HIGH_VOLATILITY
2025-03-24,2302.4,2330.25,2302.1,2322.5,1100000.0,2292.95,2242.7599999999998,71.65649278579355,0.014981937750995208,BULLISH,RSI_HIGH,HIGH_VOLATILITY
2025-03-25,2325.0,2344.5,2308.0,2330.75,1830000.0,2304.31,2246.4175,79.7068939733812,0.014980211580673735,BULLISH,RSI_HIGH,HIGH_VOLATILITY
2025-03-26,2340.0,2340.95,2304.0,2323.15,1930000.0,2312.8,2250.2650000000003,75.65343659244921,0.014943081132253332,BULLISH,RSI_HIGH,HIGH_VOLATILITY
2025-03-27,2315.0,2350.1,2290.5,2338.1,1500000.0,2322.9800000000005,2255.9325,65.90600994125626,0.01473062749955145,BULLISH,RSI_NORMAL,HIGH_VOLATILITY
2025-03-28,2343.95,2364.0,2325.0,2340.65,1280000.0,2331.0299999999997,2262.2825000000003,65.94448205822619,0.01462837733320905,BULLISH,RSI_NORMAL,HIGH_VOLATILITY
2025-04-01,2342.0,2361.7,2305.75,2316.0,970580.0,2329.7300000000005,2269.0950000000003,57.870370370370395,0.014351537847076632,BULLISH,RSI_NORMAL,HIGH_VOLATILITY
2025-04-02,2328.0,2328.4,2292.15,2306.65,792700.0,2324.9100000000003,2276.1075,54.041570438799084,0.014288124007243927,BULLISH,RSI_NORMAL,HIGH_VOLATILITY
2025-04-03,2295.0,2354.9,2289.8,2349.4,608850.0,2330.16,2286.9725,70.03676470588235,0.0139362246273676,BULLISH,RSI_HIGH,HIGH_VOLATILITY
2025-04-04,2349.4,2363.95,2302.8,2356.05,1160000.0,2333.7500000000005,2296.5675,76.94966515446103,0.013737523471622215,BULLISH,RSI_HIGH,HIGH_VOLATILITY
2025-04-07,2190.0,2354.0,2190.0,2341.35,1750000.0,2333.8900000000003,2300.25,75.98122866894191,0.00934408023129686,BULLISH,RSI_HIGH,LOW_VOLATILITY
2025-04-08,2356.0,2420.0,2356.0,2394.2,1880000.0,2349.5299999999997,2306.46,75.82134421301262,0.01044644384001598,BULLISH,RSI_HIGH,LOW_VOLATILITY
2025-04-09,2400.0,2429.45,2390.9,2411.15,1190000.0,2370.43,2313.0875,76.83604196667352,0.010490015372629606,BULLISH,RSI_HIGH,LOW_VOLATILITY
2025-04-11,2439.5,2448.0,2380.25,2393.6,968150.0,2379.27,2318.3975,70.93663911845725,0.01072838277699037,BULLISH,RSI_HIGH,LOW_VOLATILITY
2025-04-15,2414.9,2425.0,2385.0,2415.7,1140000.0,2391.2,2326.6175,71.92015209125466,0.009934992371975478,BULLISH,RSI_HIGH,LOW_VOLATILITY
2025-04-16,2405.1,2468.5,2403.7,2459.9,1170000.0,2414.9100000000003,2338.0475,74.09680813749557,0.00999961871041787,BULLISH,RSI_HIGH,LOW_VOLATILITY
2025-04-17,2459.9,2476.4,2431.0,2467.9,885840.0,2429.65,2350.465,74.07407407407402,0.00971971531943288,BULLISH,RSI_HIGH,LOW_VOLATILITY
2025-04-21,2465.9,2470.9,2441.0,2445.0,541910.0,2436.42,2359.0175000000004,70.29818424121264,0.009135304419434328,BULLISH,RSI_HIGH,LOW_VOLATILITY
2025-04-22,2445.0,2450.0,2413.5,2432.0,543660.0,2444.1,2366.5825,65.74446680080479,0.009354147938160405,BULLISH,RSI_NORMAL,LOW_VOLATILITY
2025-04-23,2437.0,2456.6,2425.6,2453.1,744700.0,2451.58,2374.8775,67.7505919494869,0.009431168722721765,BULLISH,RSI_NORMAL,LOW_VOLATILITY
2025-04-24,2450.0,2491.0,2435.9,2464.4,1200000.0,2452.48,2383.0775000000003,74.45616348055366,0.009420315831894982,BULLISH,RSI_HIGH,LOW_VOLATILITY
2025-04-25,2464.3,2468.7,2413.7,2431.6,702220.0,2445.2200000000003,2388.5325000000003,69.11427260211096,0.010012370018234278,BULLISH,RSI_NORMAL,LOW_VOLATILITY
2025-04-28,2419.9,2459.8,2405.0,2452.2,554920.0,2446.66,2394.605,66.86905152609113,0.010103596935892354,BULLISH,RSI_NORMAL,LOW_VOLATILITY
2025-04-29,2460.0,2472.0,2441.6,2451.1,1240000.0,2450.48,2401.0024999999996,65.88667892361681,0.010037219798265893,BULLISH,RSI_NORMAL,LOW_VOLATILITY
2025-04-30,2450.0,2462.2,2401.5,2425.7,1480000.0,2445.0,2405.3825,63.61142488300786,0.010407017598405953,BULLISH,RSI_NORMAL,LOW_VOLATILITY
2025-05-02,2425.0,2444.9,2398.0,2409.8,928080.0,2434.08,2408.8399999999997,52.858189813118415,0.010577030060062942,BULLISH,RSI_NORMAL,LOW_VOLATILITY
2025-05-05,2423.1,2475.0,2423.1,2436.9,1230000.0,2435.14,2414.8849999999998,54.5486663133722,0.010391523107631652,BULLISH,RSI_NORMAL,LOW_VOLATILITY
2025-05-06,2442.0,2449.9,2391.1,2418.0,702820.0,2428.3,2420.4525,54.28973277074544,0.01054858259771231,BEARISH,RSI_NORMAL,LOW_VOLATILITY
2025-05-07,2388.0,2405.7,2318.5,2334.1,1710000.0,2404.9,2419.6875,38.2149046793761,0.012752352463600191,BEARISH,RSI_NORMAL,LOW_VOLATILITY
2025-05-08,2322.0,2349.1,2293.5,2302.6,2290000.0,2380.2799999999997,2417.0150000000003,26.416791604197883,0.013063589858835838,BEARISH,RSI_LOW,LOW_VOLATILITY
2025-05-09,2246.6,2331.8,2245.0,2299.6,1500000.0,2358.2400000000002,2414.9275000000002,24.383561643835577,0.013007200332080048,BEARISH,RSI_LOW,LOW_VOLATILITY
2025-05-12,2330.0,2378.5,2321.0,2356.4,940140.0,2342.1400000000003,2413.0375,37.77593818984548,0.013215593052462298,BEARISH,RSI_NORMAL,LOW_VOLATILITY
2025-05-13,2354.0,2358.0,2315.1,2324.6,1220000.0,2323.46,2408.71,35.91290661070305,0.013376959377193165,BEARISH,RSI_NORMAL,LOW_VOLATILITY
2025-05-14,2319.0,2319.0,2277.1,2282.3,1550000.0,2313.1,2403.1449999999995,28.777335984095473,0.013829955254486746,BEARISH,RSI_LOW,HIGH_VOLATILITY
2025-05-15,2285.0,2335.5,2268.0,2329.9,1680000.0,2318.56,2398.855,34.670617734214716,0.014564231153980277,BEARISH,RSI_NORMAL,HIGH_VOLATILITY
2025-05-16,2333.9,2355.0,2315.0,2353.6,785110.0,2329.36,2393.54,40.9217877094972,0.014082271782710487,BEARISH,RSI_NORMAL,HIGH_VOLATILITY
2025-05-19,2353.6,2378.9,2326.6,2331.4,552960.0,2324.3599999999997,2386.7149999999997,35.99257884972171,0.014113583188569877,BEARISH,RSI_NORMAL,HIGH_VOLATILITY
2025-05-20,2347.5,2347.7,2291.4,2295.6,1100000.0,2318.5600000000004,2379.245,33.311869499892666,0.014325436936964303,BEARISH,RSI_NORMAL,HIGH_VOLATILITY
2025-05-21,2296.0,2316.2,2290.0,2312.4,469330.0,2324.58,2373.265,37.61207085064512,0.014497769731624897,BEARISH,RSI_NORMAL,HIGH_VOLATILITY
2025-05-22,2309.2,2310.0,2283.1,2299.2,916500.0,2318.44,2365.57,37.83545974483059,0.014273501288009853,BEARISH,RSI_NORMAL,HIGH_VOLATILITY
2025-05-23,2301.8,2329.0,2295.0,2315.5,458040.0,2310.82,2358.125,36.322667868409205,0.014354966618104302,BEARISH,RSI_NORMAL,HIGH_VOLATILITY
2025-05-26,2316.0,2338.0,2302.8,2327.2,1260000.0,2309.98,2352.9049999999997,39.6014658726523,0.014248586775490648,BEARISH,RSI_NORMAL,HIGH_VOLATILITY
2025-05-27,2313.1,2351.6,2301.1,2327.6,2490000.0,2316.38,2346.675,49.0795808552818,0.014044027605572234,BEARISH,RSI_NORMAL,HIGH_VOLATILITY
2025-05-28,2327.6,2333.0,2300.3,2303.2,774810.0,2314.54,2339.28,50.08670520231214,0.014145378305086094,BEARISH,RSI_NORMAL,HIGH_VOLATILITY
2025-05-29,2303.2,2309.0,2286.5,2294.3,1410000.0,2313.56,2332.71,49.246945154873586,0.014041894308223425,BEARISH,RSI_NORMAL,HIGH_VOLATILITY
2025-05-30,2296.5,2304.0,2255.0,2259.1,3610000.0,2302.2799999999997,2325.175,35.27096578867693,0.014304327990763756,BEARISH,RSI_NORMAL,HIGH_VOLATILITY
2025-06-02,2259.1,2272.3,2257.9,2266.7,702790.0,2290.18,2316.665,40.54230643580528,0.013992721403716078,BEARISH,RSI_NORMAL,HIGH_VOLATILITY
2025-06-03,2272.6,2287.3,2246.7,2255.7,792590.0,2275.8,2308.55,45.160116448325994,0.013961495569848372,BEARISH,RSI_NORMAL,HIGH_VOLATILITY
2025-06-04,2249.5,2261.0,2240.9,2249.0,768080.0,2264.96,2304.295,32.70628473706711,0.011859362133141337,BEARISH,RSI_NORMAL,LOW_VOLATILITY
2025-06-05,2251.1,2261.0,2233.0,2243.5,996620.0,2254.8,2301.3399999999997,24.478442280945814,0.011538313148725781,BEARISH,RSI_LOW,LOW_VOLATILITY
2025-06-06,2249.1,2252.6,2239.0,2245.2,822090.0,2252.0199999999995,2298.62,27.920081967213065,0.01154688346231283,BEARISH,RSI_LOW,LOW_VOLATILITY
2025-06-09,2240.0,2255.8,2236.0,2247.9,1040000.0,2248.2599999999998,2293.1949999999997,35.2868599629859,0.009850938456431896,BEARISH,RSI_NORMAL,LOW_VOLATILITY
2025-06-10,2240.0,2240.0,2215.2,2218.9,1810000.0,2240.9,2287.91,23.178427997705143,0.009816255976290668,BEARISH,RSI_LOW,LOW_VOLATILITY
2025-06-11,2209.0,2225.9,2207.2,2208.8,1430000.0,2232.8599999999997,2284.235,23.598130841121574,0.009099695278330218,BEARISH,RSI_LOW,LOW_VOLATILITY
2025-06-12,2224.0,2263.0,2208.1,2219.4,3420000.0,2228.04,2278.71,20.96676737160115,0.007599122765973366,BEARISH,RSI_LOW,LOW_VOLATILITY
2025-06-13,2175.0,2217.1,2174.8,2214.2,1790000.0,2221.84,2271.7400000000002,14.465408805031444,0.007001228695765964,BEARISH,RSI_LOW,LOW_VOLATILITY
2025-06-16,2214.2,2250.0,2209.3,2244.8,1300000.0,2221.22,2267.41,28.11839323467241,0.0077696299581304275,BEARISH,RSI_LOW,LOW_VOLATILITY
2025-06-17,2231.0,2281.0,2227.0,2264.8,1540000.0,2230.4,2265.87,39.61038961038972,0.007439187611075586,BEARISH,RSI_NORMAL,LOW_VOLATILITY
2025-06-18,2257.0,2284.0,2255.0,2281.4,1130000.0,2244.92,2264.32,46.64935064935064,0.007439820298568888,BULLISH,RSI_NORMAL,LOW_VOLATILITY
2025-06-19,2270.0,2285.0,2264.0,2268.0,524940.0,2254.6400000000003,2262.7599999999998,52.60691271236089,0.0074458243303355,BULLISH,RSI_NORMAL,LOW_VOLATILITY
2025-06-20,2267.0,2289.9,2263.0,2285.7,1950000.0,2268.94,2261.2699999999995,55.254424778761056,0.0074865665464316266,BULLISH,RSI_NORMAL,LOW_VOLATILITY
2025-06-23,2261.2,2272.8,2253.9,2264.1,596190.0,2272.8,2258.1150000000002,52.194357366771186,0.007609457428764669,BULLISH,RSI_NORMAL,LOW_VOLATILITY
2025-06-24,2305.0,2309.7,2268.9,2275.3,1040000.0,2274.9,2255.5,56.71260847371111,0.007733480243822942,BULLISH,RSI_NORMAL,LOW_VOLATILITY
2025-06-25,2276.1,2294.3,2275.4,2279.9,807390.0,2274.6,2254.335,59.333333333333336,0.00743532019603073,BULLISH,RSI_NORMAL,LOW_VOLATILITY
2025-06-26,2287.0,2292.6,2280.2,2289.8,921520.0,2278.96,2254.11,60.97440944881895,0.007465226733749535,BULLISH,RSI_NORMAL,LOW_VOLATILITY
2025-06-27,2283.0,2364.5,2277.1,2358.7,1560000.0,2293.56,2259.09,70.56421677802518,0.009268468433274965,BULLISH,RSI_HIGH,LOW_VOLATILITY
2025-06-30,2362.0,2369.9,2326.1,2341.1,785410.0,2308.96,2262.81,73.68217054263562,0.00950988078029687,BULLISH,RSI_HIGH,LOW_VOLATILITY
2025-07-01,2380.5,2400.0,2350.2,2369.5,1230000.0,2327.8,2268.5,79.08070937386893,0.009655013999434036,BULLISH,RSI_HIGH,LOW_VOLATILITY
2025-07-02,2340.0,2430.0,2327.0,2419.4,1940000.0,2355.7,2277.02,81.68567807351074,0.010403545023287471,BULLISH,RSI_HIGH,LOW_VOLATILITY
2025-07-03,2428.9,2464.4,2425.0,2430.9,1550000.0,2383.9199999999996,2286.3900000000003,83.65952159055611,0.010303441716226268,BULLISH,RSI_HIGH,LOW_VOLATILITY
2025-07-04,2430.9,2443.0,2412.0,2424.2,602320.0,2397.02,2295.34,80.10067114093954,0.010392458339693381,BULLISH,RSI_HIGH,LOW_VOLATILITY
2025-07-07,2423.3,2465.1,2421.0,2442.8,869050.0,2417.3599999999997,2305.085,80.00674308833442,0.010404976289373532,BULLISH,RSI_HIGH,LOW_VOLATILITY
2025-07-08,2440.5,2488.0,2437.3,2484.6,1140000.0,2440.38,2318.37,81.57240522063388,0.009961000566376079,BULLISH,RSI_HIGH,LOW_VOLATILITY
2025-07-09,2520.5,2535.0,2492.9,2498.9,2330000.0,2456.28,2332.875,85.77626278277036,0.00966391967205998,BULLISH,RSI_HIGH,LOW_VOLATILITY
2025-07-10,2507.3,2512.0,2445.1,2451.2,932980.0,2460.3399999999997,2344.465,73.46186560816554,0.011203913134747626,BULLISH,RSI_HIGH,LOW_VOLATILITY
2025-07-11,2447.5,2484.8,2435.5,2439.2,1050000.0,2463.34,2355.715,75.51734188283292,0.011306496487254224,BULLISH,RSI_HIGH,LOW_VOLATILITY
2025-07-14,2431.1,2448.6,2391.0,2401.6,891620.0,2455.1,2363.555,67.09066305818668,0.01196473962543066,BULLISH,RSI_NORMAL,LOW_VOLATILITY
2025-07-15,2409.9,2415.0,2386.3,2393.5,610230.0,2436.88,2369.9900000000002,65.22788203753348,0.011984924830979859,BULLISH,RSI_NORMAL,LOW_VOLATILITY
2025-07-16,2381.0,2422.4,2371.0,2410.5,1200000.0,2419.2,2376.445,65.87740068403048,0.011980551340673126,BULLISH,RSI_NORMAL,LOW_VOLATILITY
2025-07-17,2404.1,2414.0,2394.0,2398.9,526160.0,2408.7400000000002,2382.9900000000002,56.22676579925654,0.011942289505674206,BULLISH,RSI_NORMAL,LOW_VOLATILITY
2025-07-18,2400.6,2405.0,2372.3,2382.4,599550.0,2397.38,2387.825,56.4190239353435,0.012074009508649427,BEARISH,RSI_NORMAL,LOW_VOLATILITY
2025-07-21,2382.4,2408.0,2360.8,2375.4,390930.0,2392.1400000000003,2393.39,50.982350982350994,0.011830278269372912,BEARISH,RSI_NORMAL,LOW_VOLATILITY
2025-07-22,2375.4,2380.8,2361.3,2365.2,411320.0,2386.4800000000005,2397.8849999999998,39.60092095165002,0.011908583325746033,BEARISH,RSI_NORMAL,LOW_VOLATILITY
2025-07-23,2363.0,2384.7,2352.6,2375.4,369000.0,2379.46,2402.66,39.29811029695339,0.011919750304131829,BEARISH,RSI_NORMAL,LOW_VOLATILITY
2025-07-24,2375.4,2380.0,2341.0,2352.1,506960.0,2370.1,2405.775,36.933671620152296,0.012197715830227043,BEARISH,RSI_NORMAL,LOW_VOLATILITY
2025-07-25,2340.0,2350.5,2325.8,2336.2,383640.0,2360.8599999999997,2404.65,30.490483162518288,0.010268655158590566,BEARISH,RSI_NORMAL,LOW_VOLATILITY
2025-07-28,2336.2,2366.4,2320.0,2359.6,650360.0,2357.7,2405.575,25.47095761381486,0.010381753053977101,BEARISH,RSI_LOW,LOW_VOLATILITY
2025-07-29,2359.0,2418.3,2325.0,2401.5,1740000.0,2364.96,2407.175,32.754957507082196,0.01078352838107922,BEARISH,RSI_NORMAL,LOW_VOLATILITY
2025-07-30,2409.0,2443.8,2366.5,2415.8,1690000.0,2373.04,2406.995,42.89156626506035,0.009765393816553412,BULLISH,RSI_NORMAL,LOW_VOLATILITY
2025-07-31,2401.4,2417.2,2373.5,2396.1,1270000.0,2381.8399999999997,2405.255,41.60498636540714,0.009858784337866444,BEARISH,RSI_NORMAL,LOW_VOLATILITY
2025-08-01,2378.0,2472.0,2378.0,2431.0,2230000.0,2400.8,2405.5950000000003,55.787401574803134,0.010411623600624972,BULLISH,RSI_NORMAL,LOW_VOLATILITY
2025-08-04,2443.2,2467.0,2439.6,2449.8,1170000.0,2418.84,2405.9449999999997,60.634680770683765,0.010413931865257532,BULLISH,RSI_NORMAL,LOW_VOLATILITY
2025-08-05,2461.9,2463.7,2409.1,2436.8,659090.0,2425.9,2403.555,55.044112006137325,0.009677701599501471,BULLISH,RSI_NORMAL,LOW_VOLATILITY
2025-08-06,2440.0,2505.6,2440.0,2491.2,2020000.0,2440.9800000000005,2403.1699999999996,65.20593080724865,0.010910454904832034,BULLISH,RSI_NORMAL,LOW_VOLATILITY
2025-08-07,2484.1,2510.0,2466.9,2506.5,1500000.0,2463.06,2405.935,70.5259675818722,0.010021521791261494,BULLISH,RSI_HIGH,LOW_VOLATILITY
2025-08-08,2506.5,2511.7,2468.5,2475.6,1180000.0,2471.98,2407.755,65.35867565910473,0.010389097446053626,BULLISH,RSI_NORMAL,LOW_VOLATILITY
2025-08-11,2463.9,2504.2,2452.0,2489.1,721140.0,2479.8399999999997,2412.13,68.80121396054622,0.009700851624102533,BULLISH,RSI_NORMAL,LOW_VOLATILITY
2025-08-12,2489.1,2502.8,2474.0,2478.3,608980.0,2488.1400000000003,2416.37,65.58618600424111,0.00973051248475085,BULLISH,RSI_NORMAL,LOW_VOLATILITY
2025-08-13,2479.8,2504.4,2461.2,2500.2,350840.0,2489.9399999999996,2420.855,72.52814116215391,0.009787927487664506,BULLISH,RSI_HIGH,LOW_VOLATILITY
2025-08-14,2505.0,2534.9,2497.7,2528.7,1090000.0,2494.38,2427.345,78.20099619103426,0.009875952422085632,BULLISH,RSI_HIGH,LOW_VOLATILITY
2025-08-18,2550.0,2595.0,2536.6,2587.4,1760000.0,2516.7400000000002,2437.5950000000003,80.24429102496016,0.010607552506853168,BULLISH,RSI_HIGH,LOW_VOLATILITY
2025-08-19,2587.4,2595.0,2561.2,2579.4,698590.0,2534.8,2447.795,75.95564633790487,0.01061304179648397,BULLISH,RSI_HIGH,LOW_VOLATILITY
2025-08-20,2578.0,2579.3,2563.4,2570.1,308030.0,2553.1600000000003,2458.04,72.84572105419005,0.010585183224318614,BULLISH,RSI_HIGH,LOW_VOLATILITY
2025-08-21,2574.9,2576.0,2559.3,2566.6,781080.0,2566.44,2467.6,76.5163297045101,0.010658244092333296,BULLISH,RSI_HIGH,LOW_VOLATILITY
2025-08-22,2562.8,2569.3,2501.1,2504.5,523770.0,2561.6,2475.22,60.539145397189564,0.012031442268463862,BULLISH,RSI_NORMAL,LOW_VOLATILITY
2025-08-25,2516.0,2522.5,2476.0,2492.9,766500.0,2542.7,2483.055,56.3103953147877,0.011947717671825443,BULLISH,RSI_NORMAL,LOW_VOLATILITY
2025-08-26,2481.1,2523.3,2468.0,2481.4,7110000.0,2523.1,2489.145,56.558823529411754,0.01196392964524466,BEARISH,RSI_NORMAL,LOW_VOLATILITY
2025-08-28,2465.0,2528.0,2465.0,2489.0,1490000.0,2506.88,2493.52,49.62482946794,0.011422248360227715,BEARISH,RSI_NORMAL,LOW_VOLATILITY
2025-08-29,2491.0,2531.6,2490.0,2518.6,1800000.0,2497.2799999999997,2498.66,51.96747967479674,0.011610093355928115,BULLISH,RSI_NORMAL,LOW_VOLATILITY
2025-09-01,2518.0,2577.8,2515.1,2570.2,1310000.0,2510.42,2507.365,64.41194393662403,0.012031029165493002,BULLISH,RSI_NORMAL,LOW_VOLATILITY
2025-09-02,2569.0,2571.9,2531.0,2540.0,1020000.0,2519.8399999999997,2512.8149999999996,57.37895042041174,0.012204342231113736,BULLISH,RSI_NORMAL,LOW_VOLATILITY
2025-09-03,2530.0,2565.1,2527.3,2553.9,925850.0,2534.34,2518.02,60.862068965517246,0.012161428530645725,BULLISH,RSI_NORMAL,LOW_VOLATILITY
2025-09-04,2553.9,2583.0,2553.0,2568.6,933070.0,2550.2599999999998,2524.6099999999997,60.03521126760566,0.012055404453510924,BULLISH,RSI_NORMAL,LOW_VOLATILITY
2025-09-05,2565.0,2602.0,2565.0,2579.9,1150000.0,2562.5199999999995,2529.045,57.91100123609399,0.011152649525011197,BULLISH,RSI_NORMAL,LOW_VOLATILITY
2025-09-08,2579.9,2589.6,2526.4,2530.8,742880.0,2554.6400000000003,2530.2599999999998,40.98726114649682,0.01202448386163423,BULLISH,RSI_NORMAL,LOW_VOLATILITY
2025-09-09,2540.0,2551.6,2524.8,2537.3,702450.0,2554.1,2533.345,43.263999999999996,0.011639941208335756,BULLISH,RSI_NORMAL,LOW_VOLATILITY
2025-09-10,2537.3,2555.0,2525.1,2543.3,520580.00000000006,2551.98,2536.055,45.6662354463131,0.01160231245715293,BULLISH,RSI_NORMAL,LOW_VOLATILITY
2025-09-11,2541.0,2559.5,2535.7,2555.9,423960.0,2549.44,2539.9350000000004,48.31919572730131,0.011557272971771585,BULLISH,RSI_NORMAL,LOW_VOLATILITY
2025-09-12,2560.0,2568.3,2537.2,2546.3,547540.0,2542.7200000000003,2542.2400000000002,57.863054928517734,0.011485430300613959,BULLISH,RSI_NORMAL,LOW_VOLATILITY
2025-09-15,2535.1,2543.5,2498.0,2502.6,583050.0,2537.0800000000004,2540.9350000000004,51.62806310842563,0.011889820499660773,BEARISH,RSI_NORMAL,LOW_VOLATILITY
2025-09-16,2495.0,2509.9,2474.5,2480.9,760790.0,2525.8,2535.61,49.91885751379422,0.010619471790681774,BEARISH,RSI_NORMAL,LOW_VOLATILITY
2025-09-17,2482.0,2496.9,2480.8,2493.6,359630.0,2515.8599999999997,2531.32,50.73435504469985,0.010734985491850438,BEARISH,RSI_NORMAL,LOW_VOLATILITY
2025-09-18,2497.9,2506.2,2469.3,2478.7,400800.0,2500.42,2526.75,43.31658291457284,0.01077089764374816,BEARISH,RSI_NORMAL,LOW_VOLATILITY
2025-09-19,2475.0,2509.5,2468.5,2481.7,3730000.0,2487.5,2522.505,32.292917166866715,0.010791158324421476,BEARISH,RSI_NORMAL,LOW_VOLATILITY
2025-09-22,2494.1,2503.0,2474.1,2482.7,872810.0,2483.52,2521.415,37.01857725419116,0.009394751015351137,BEARISH,RSI_NORMAL,LOW_VOLATILITY
2025-09-23,2472.1,2483.8,2428.0,2446.9,1330000.0,2476.72,2519.1150000000002,27.947238252267056,0.009869995615481185,BEARISH,RSI_LOW,LOW_VOLATILITY
2025-09-24,2446.0,2475.0,2443.2,2457.2,637750.0,2469.44,2517.9049999999997,26.61628883291344,0.0098917092740798,BEARISH,RSI_LOW,LOW_VOLATILITY
2025-09-25,2458.5,2462.7,2388.0,2404.0,1520000.0,2454.5,2513.6549999999997,18.600499821492193,0.010920748910865419,BEARISH,RSI_LOW,LOW_VOLATILITY
2025-09-26,2397.5,2400.0,2339.0,2342.8,1090000.0,2426.72,2504.8650000000002,17.83025325119769,0.011647183313478944,BEARISH,RSI_LOW,LOW_VOLATILITY
2025-09-29,2342.9,2363.7,2329.2,2342.6,950370.0,2398.7,2493.485,15.949632738719686,0.01023580187913542,BEARISH,RSI_LOW,LOW_VOLATILITY
2025-09-30,2352.0,2388.8,2340.0,2350.0,778870.0,2379.32,2483.985,16.35920640445515,0.010228657469350137,BEARISH,RSI_LOW,LOW_VOLATILITY
2025-10-01,2353.4,2357.0,2321.2,2335.8,648280.0,2355.04,2473.0800000000004,11.907234337140778,0.00999900088268139,BEARISH,RSI_LOW,LOW_VOLATILITY
2025-10-03,2342.2,2362.7,2336.1,2357.8,659870.0,2345.8,2462.54,18.718884832392888,0.010225873426839345,BEARISH,RSI_LOW,LOW_VOLATILITY
2025-10-06,2355.0,2359.2,2334.1,2354.8,362110.0,2348.2,2451.2850000000003,21.6423637759017,0.010051349925140715,BEARISH,RSI_LOW,LOW_VOLATILITY
2025-10-07,2355.0,2371.4,2346.0,2352.8,498520.0,2350.2400000000002,2442.3849999999998,23.41220423412196,0.00947407350984497,BEARISH,RSI_LOW,LOW_VOLATILITY
2025-10-08,2360.0,2369.4,2320.0,2328.5,701800.0,2345.94,2431.9449999999997,17.306930693069262,0.009471256894407674,BEARISH,RSI_LOW,LOW_VOLATILITY
2025-10-09,2328.5,2341.0,2323.8,2336.4,587570.0,2346.0600000000004,2421.6,21.018329938900195,0.009511700088869451,BEARISH,RSI_LOW,LOW_VOLATILITY
2025-10-10,2338.9,2357.8,2336.6,2340.2,1120000.0,2342.54,2410.815,21.27486804709696,0.009371389646410423,BEARISH,RSI_LOW,LOW_VOLATILITY
2025-10-13,2340.2,2366.6,2337.0,2342.5,667730.0,2340.0800000000004,2400.625,21.688206785137282,0.009446975886586646,BEARISH,RSI_LOW,LOW_VOLATILITY
2025-10-14,2342.4,2355.0,2308.0,2318.1,353350.0,2333.1400000000003,2391.4,22.73497036409816,0.00906968957619128,BEARISH,RSI_LOW,LOW_VOLATILITY
2025-10-15,2330.0,2384.0,2325.0,2375.1,753640.0,2342.46,2386.1099999999997,35.489572287027244,0.010975223340924286,BEARISH,RSI_NORMAL,LOW_VOLATILITY
2025-10-16,2377.0,2420.8,2366.9,2409.7,715890.0,2357.12,2381.915,51.07832009080587,0.011494293681093433,BULLISH,RSI_NORMAL,LOW_VOLATILITY
2025-10-17,2421.0,2544.0,2421.0,2507.8,3720000.0,2390.64,2383.37,77.39043824701189,0.014826524907675834,BULLISH,RSI_HIGH,HIGH_VOLATILITY
2025-10-20,2507.8,2537.1,2500.7,2516.0,714990.0,2425.3399999999997,2385.085,78.04010349288485,0.014837495774748565,BULLISH,RSI_HIGH,HIGH_VOLATILITY
2025-10-21,2513.0,2519.2,2484.0,2504.6,107940.0,2462.64,2386.18,74.68071519795654,0.014885216736462535,BULLISH,RSI_HIGH,HIGH_VOLATILITY
2025-10-23,2518.9,2546.0,2496.8,2502.4,811740.0,2488.1,2388.955,77.6560424966799,0.0144709746882585,BULLISH,RSI_HIGH,HIGH_VOLATILITY
2025-10-24,2495.0,2506.7,2486.3,2501.6,327600.0,2506.48,2391.175,75.67857142857133,0.014457174658335679,BULLISH,RSI_HIGH,HIGH_VOLATILITY
2025-10-27,2501.6,2530.0,2499.6,2518.8,550090.0,2508.6800000000003,2396.915,77.87219578518008,0.013479610223171352,BULLISH,RSI_HIGH,LOW_VOLATILITY
2025-10-28,2515.0,2528.6,2492.0,2509.3,1100000.0,2507.34,2405.24,75.9363606231355,0.011898553895483336,BULLISH,RSI_HIGH,LOW_VOLATILITY
2025-10-29,2520.0,2550.8,2512.5,2538.7,615290.0,2514.16,2415.045,84.25684485006514,0.012003314124234905,BULLISH,RSI_HIGH,LOW_VOLATILITY
2025-10-30,2535.5,2538.7,2513.3,2523.5,736490.0,2518.38,2423.7200000000003,79.78350843680356,0.012213247794857017,BULLISH,RSI_HIGH,LOW_VOLATILITY
2025-10-31,2523.4,2530.0,2505.3,2510.8,609130.0,2520.2200000000003,2432.4700000000003,76.4086687306502,0.012173142380187608,BULLISH,RSI_HIGH,LOW_VOLATILITY
2025-11-03,2496.2,2515.3,2495.0,2512.2,425210.0,2518.9,2440.19,76.34275069854084,0.012114712295998106,BULLISH,RSI_HIGH,LOW_VOLATILITY
2025-11-04,2510.0,2521.0,2479.7,2486.7,527090.0,2514.38,2446.785,76.08292079207925,0.012447048747867992,BULLISH,RSI_HIGH,LOW_VOLATILITY
2025-11-06,2560.1,2631.0,2560.1,2602.9,4450000.0,2527.2200000000003,2459.29,79.78556485355654,0.015805992635512647,BULLISH,RSI_HIGH,HIGH_VOLATILITY
2025-11-07,2602.9,2618.9,2585.0,2613.8,791660.0,2545.2799999999997,2473.5550000000003,78.44995818232513,0.015384037593375092,BULLISH,RSI_HIGH,HIGH_VOLATILITY
2025-11-10,2613.8,2666.8,2611.1,2650.4,1710000.0,2573.2,2489.255,73.99057873485872,0.015475475042997507,BULLISH,RSI_HIGH,HIGH_VOLATILITY
2025-11-11,2650.4,2664.9,2633.4,2657.2,776400.0,2602.2,2505.105,73.86747802569306,0.015461529679441153,BULLISH,RSI_HIGH,HIGH_VOLATILITY
2025-11-12,2660.0,2838.7,2642.1,2769.8,2860000.0,2658.82,2526.47,83.40050377833761,0.017342431760878123,BULLISH,RSI_HIGH,HIGH_VOLATILITY
2025-11-13,2858.9,2897.1,2840.0,2879.4,5930000.0,2714.12,2554.535,87.37113402061858,0.01805213782424328,BULLISH,RSI_HIGH,HIGH_VOLATILITY
2025-11-14,2865.1,2909.9,2862.0,2906.4,2490000.0,2772.6400000000003,2581.1,88.14549566528464,0.017770027835281255,BULLISH,RSI_HIGH,HIGH_VOLATILITY
2025-11-17,2906.4,2926.9,2880.0,2887.9,1230000.0,2820.1400000000003,2605.01,84.696371498402,0.0181179780481448,BULLISH,RSI_HIGH,HIGH_VOLATILITY
2025-11-18,2886.0,2916.0,2862.1,2906.0,1820000.0,2869.9,2624.92,86.69750231267349,0.016537732696753314,BULLISH,RSI_HIGH,HIGH_VOLATILITY
2025-11-19,2914.0,2916.0,2887.2,2893.7,1390000.0,2894.68,2643.805,83.91287734046621,0.01672332724707154,BULLISH,RSI_HIGH,HIGH_VOLATILITY
2025-11-20,2897.4,2906.1,2852.5,2859.8,1060000.0,2890.76,2661.565,81.01826231322639,0.017061123870244298,BULLISH,RSI_HIGH,HIGH_VOLATILITY
2025-11-21,2869.0,2895.6,2854.1,2876.6,857340.0,2884.8,2680.275,83.48590259978032,0.016967974188660844,BULLISH,RSI_HIGH,HIGH_VOLATILITY
2025-11-24,2876.0,2896.5,2864.5,2879.2,5400000.0,2883.06,2699.1549999999997,83.52210449397153,0.01694190136506385,BULLISH,RSI_HIGH,HIGH_VOLATILITY
2025-11-25,2899.9,2908.5,2869.0,2875.8,972420.0,2877.0199999999995,2717.005,87.0359794403199,0.017045167795198674,BULLISH,RSI_HIGH,HIGH_VOLATILITY
2025-11-26,2880.0,2896.2,2857.6,2874.0,570380.0,2873.0800000000004,2735.2400000000002,82.98856169384284,0.016956918199458583,BULLISH,RSI_HIGH,HIGH_VOLATILITY
2025-11-27,2880.0,2914.5,2871.4,2879.1,1160000.0,2876.9399999999996,2752.2599999999998,82.74500123426319,0.016955306990090936,BULLISH,RSI_HIGH,HIGH_VOLATILITY
2025-11-28,2880.0,2889.9,2855.8,2874.4,748450.0,2876.5,2769.805,80.01071811361209,0.016814629121321225,BULLISH,RSI_HIGH,HIGH_VOLATILITY
2025-12-01,2877.7,2887.5,2848.0,2867.6,499150.0,2874.18,2787.645,78.18863879957134,0.01672734752383134,BULLISH,RSI_HIGH,HIGH_VOLATILITY
2025-12-02,2867.0,2962.0,2861.2,2954.4,2100000.0,2889.9,2809.755,76.5687967760507,0.017448006190199043,BULLISH,RSI_HIGH,HIGH_VOLATILITY
2025-12-03,2969.0,2969.2,2932.6,2953.5,1250000.0,2905.8,2833.0950000000003,65.52157519899458,0.01703458547297769,BULLISH,RSI_NORMAL,HIGH_VOLATILITY
2025-12-04,2950.0,2985.7,2934.0,2957.2,1470000.0,2921.42,2850.81,61.792014856081686,0.014556515964437673,BULLISH,RSI_NORMAL,HIGH_VOLATILITY
2025-12-05,2955.0,2973.5,2941.0,2968.5,944980.0,2940.2400000000002,2868.5449999999996,69.3563880883766,0.014559809910305789,BULLISH,RSI_NORMAL,HIGH_VOLATILITY
2025-12-08,2970.0,2974.5,2914.8,2928.3,983540.0,2952.38,2882.44,54.841511072514166,0.015103541423915559,BULLISH,RSI_NORMAL,HIGH_VOLATILITY
2025-12-09,2910.0,2913.5,2788.5,2796.0,1840000.0,2920.7,2889.38,36.05481016271767,0.01883765680754362,BEARISH,RSI_NORMAL,HIGH_VOLATILITY
2025-12-10,2810.0,2824.0,2796.7,2804.5,845070.0,2890.9,2891.1150000000002,41.48968913511846,0.016371095470539495,BEARISH,RSI_NORMAL,HIGH_VOLATILITY
2025-12-11,2800.0,2811.6,2763.2,2779.4,777420.0,2855.34,2886.1150000000002,35.41416566626653,0.013691499684029256,BEARISH,RSI_NORMAL,HIGH_VOLATILITY
2025-12-12,2795.0,2797.0,2746.0,2764.8,977700.0,2814.6,2879.035,33.4298957126304,0.013458747996204815,BEARISH,RSI_NORMAL,LOW_VOLATILITY
2025-12-15,2773.1,2802.0,2758.7,2780.2,1030000.0,2784.9800000000005,2873.65,36.618141097424356,0.013538380225707107,BEARISH,RSI_NORMAL,LOW_VOLATILITY
2025-12-16,2793.0,2808.0,2776.1,2790.9,916240.0,2783.96,2867.895,38.650641901119926,0.01347306514468257,BEARISH,RSI_NORMAL,LOW_VOLATILITY
2025-12-17,2800.0,2806.5,2772.0,2785.7,636500.0,2780.2,2862.495,37.24740578918623,0.013462177761272462,BEARISH,RSI_NORMAL,LOW_VOLATILITY
2025-12-18,2780.0,2793.8,2755.3,2759.7,417990.0,2776.2599999999998,2857.49,35.199999999999974,0.013380257834945637,BEARISH,RSI_NORMAL,LOW_VOLATILITY
2025-12-19,2766.4,2812.4,2759.7,2799.9,3900000.0,2783.2799999999997,2853.6549999999997,41.95770966975532,0.01377439371669062,BEARISH,RSI_NORMAL,HIGH_VOLATILITY
2025-12-22,2785.8,2823.1,2780.3,2807.6,463950.0,2788.7599999999998,2850.075,28.52545348156815,0.01379582276628017,BEARISH,RSI_LOW,HIGH_VOLATILITY
2025-12-23,2798.0,2819.0,2783.1,2807.8,431070.0,2792.1400000000003,2846.675,28.642626795661144,0.01379859669671396,BEARISH,RSI_LOW,HIGH_VOLATILITY
2025-12-24,2807.8,2824.7,2782.0,2785.5,512140.0,2792.1,2842.25,26.132888518209697,0.013881975385093738,BEARISH,RSI_LOW,HIGH_VOLATILITY
2025-12-26,2785.0,2794.4,2743.0,2746.5,532080.0,2789.46,2835.62,21.34744450180696,0.014133815587455918,BEARISH,RSI_LOW,HIGH_VOLATILITY
2025-12-29,2746.5,2793.8,2735.0,2775.4,815530.0,2784.5600000000004,2830.67,29.672959319330005,0.014420587664884065,BEARISH,RSI_LOW,HIGH_VOLATILITY
2025-12-30,2770.3,2792.4,2741.0,2758.3,4830000.0,2774.7,2825.205,42.77500958221546,0.014455419894076291,BEARISH,RSI_NORMAL,HIGH_VOLATILITY
2025-12-31,2755.0,2796.8,2754.9,2769.5,1270000.0,2767.04,2815.96,43.361153262518975,0.012438577069532877,BEARISH,RSI_NORMAL,LOW_VOLATILITY
2026-01-01,2775.9,2782.7,2746.1,2752.0,327950.0,2760.34,2805.8849999999998,44.64843749999999,0.012438832444606248,BEARISH,RSI_NORMAL,LOW_VOLATILITY
2026-01-02,2755.8,2799.0,2755.8,2772.6,508880.0,2765.5600000000004,2796.655,51.488549618320555,0.012639366754398172,BEARISH,RSI_NORMAL,LOW_VOLATILITY
2026-01-05,2770.0,2828.0,2769.0,2815.6,866730.0,2773.6,2789.01,56.11187845303867,0.01323436817263291,BULLISH,RSI_NORMAL,LOW_VOLATILITY
2026-01-06,2820.0,2848.4,2811.6,2845.8,875890.0,2791.1,2784.8849999999998,58.88062115820122,0.01328649814055801,BULLISH,RSI_NORMAL,LOW_VOLATILITY
2026-01-07,2845.8,2854.7,2801.1,2809.4,636750.0,2799.0800000000004,2785.555,53.48222156920368,0.008917751329047962,BULLISH,RSI_NORMAL,LOW_VOLATILITY
2026-01-08,2795.0,2804.7,2770.1,2786.5,620030.0,2805.9800000000005,2784.6549999999997,53.97390272835115,0.009084786742158143,BULLISH,RSI_NORMAL,LOW_VOLATILITY
2026-01-09,2789.9,2856.7,2786.2,2825.5,1660000.0,2816.56,2786.96,53.809523809523796,0.009376823888537635,BULLISH,RSI_NORMAL,LOW_VOLATILITY
2026-01-12,2826.0,2900.0,2808.0,2896.4,1740000.0,2832.7200000000003,2793.54,61.12224448897796,0.010697065139550918,BULLISH,RSI_NORMAL,LOW_VOLATILITY
2026-01-13,2900.0,2914.5,2870.8,2886.3,1050000.0,2840.82,2798.8450000000003,59.59423123930579,0.010746591593520618,BULLISH,RSI_NORMAL,LOW_VOLATILITY
2026-01-14,2884.0,2884.0,2807.3,2813.9,958250.0,2841.7200000000003,2799.995,53.092334494773525,0.01230844510331404,BULLISH,RSI_NORMAL,LOW_VOLATILITY
2026-01-16,2787.9,2826.5,2750.5,2756.9,1140000.0,2835.8,2798.555,51.08968985750211,0.013151236069266683,BEARISH,RSI_NORMAL,LOW_VOLATILITY
2026-01-19,2756.9,2786.3,2724.7,2754.0,1340000.0,2821.5,2798.27,47.628546099290766,0.012985728098253617,BEARISH,RSI_NORMAL,LOW_VOLATILITY
2026-01-20,2740.0,2740.1,2669.3,2675.6,911150.0,2777.34,2792.0550000000003,41.93170731707315,0.013969088738208898,BEARISH,RSI_NORMAL,HIGH_VOLATILITY
2026-01-21,2670.0,2688.0,2648.0,2661.1,914320.0,2732.3,2784.7300000000005,39.49205118262893,0.013936899804348004,BEARISH,RSI_NORMAL,HIGH_VOLATILITY
2026-01-22,2665.3,2729.9,2665.3,2703.8,1290000.0,2710.2799999999997,2779.5299999999997,45.54528650646953,0.014541690999617798,BEARISH,RSI_NORMAL,HIGH_VOLATILITY
2026-01-23,2703.8,2782.9,2690.8,2703.7,1790000.0,2699.64,2775.44,43.381364073006736,0.014472787768070516,BEARISH,RSI_NORMAL,HIGH_VOLATILITY
2026-01-27,2719.9,2734.7,2546.0,2622.8,3820000.0,2673.4,2769.255,32.736389684813815,0.015597145594026461,BEARISH,RSI_NORMAL,HIGH_VOLATILITY
2026-01-28,2535.0,2548.5,2451.0,2511.8,3430000.0,2640.6400000000003,2756.075,23.873591989987517,0.017669344135910658,BEARISH,RSI_LOW,HIGH_VOLATILITY
2026-01-29,2511.8,2514.9,2410.0,2416.0,3490000.0,2591.62,2738.96,21.84368737474952,0.01917881135358618,BEARISH,RSI_LOW,HIGH_VOLATILITY
2026-01-30,2417.0,2445.0,2400.5,2428.3,2050000.0,2536.52,2721.9000000000005,23.968023255814003,0.01920983022722575,BEARISH,RSI_LOW,HIGH_VOLATILITY
2026-02-01,2439.0,2439.0,2343.1,2357.0,801750.0,2467.1800000000003,2702.1500000000005,17.478828266000335,0.019885442197843405,BEARISH,RSI_LOW,HIGH_VOLATILITY
2026-02-02,2374.9,2429.5,2372.0,2402.0,1180000.0,2423.02,2683.62,14.400921658986206,0.02050629625077021,BEARISH,RSI_LOW,HIGH_VOLATILITY
2026-02-03,2525.0,2525.0,2391.0,2426.0,2230000.0,2405.86,2664.1400000000003,17.50670619793877,0.020223469353302114,BEARISH,RSI_LOW,HIGH_VOLATILITY
2026-02-04,2430.0,2463.8,2417.1,2452.7,970970.0,2413.2,2644.485,22.743736794446136,0.020236632462811117,BEARISH,RSI_LOW,HIGH_VOLATILITY
2026-02-05,2445.0,2455.8,2402.6,2432.1,1050000.0,2413.96,2625.62,24.065793676141837,0.0201966616595087,BEARISH,RSI_LOW,HIGH_VOLATILITY
2026-02-06,2432.0,2444.0,2386.1,2401.1,1040000.0,2422.7799999999997,2606.35,23.032248204187695,0.02023667190555759,BEARISH,RSI_LOW,HIGH_VOLATILITY
2026-02-09,2404.0,2426.2,2396.8,2417.4,669840.0,2425.8599999999997,2585.945,28.19993245525164,0.019900372662937853,BEARISH,RSI_LOW,HIGH_VOLATILITY
2026-02-10,2419.0,2420.0,2386.9,2393.6,1510000.0,2419.38,2560.805,27.76392352452207,0.018354835988970135,BEARISH,RSI_LOW,HIGH_VOLATILITY
2026-02-11,2399.0,2405.7,2376.3,2392.5,3180000.0,2407.34,2536.115,22.200392927308457,0.01841790304924407,BEARISH,RSI_LOW,HIGH_VOLATILITY
2026-02-12,2398.0,2413.9,2377.0,2410.5,607770.0,2403.02,2515.9449999999997,24.627898926964363,0.018378668396963643,BEARISH,RSI_LOW,HIGH_VOLATILITY
2026-02-13,2408.9,2411.8,2360.1,2366.4,675640.0,2396.08,2496.42,26.303142329020332,0.018312371886784612,BEARISH,RSI_LOW,HIGH_VOLATILITY
2026-02-16,2360.0,2405.1,2356.8,2397.2,683110.0,2392.04,2478.5800000000004,37.565104166666636,0.018833652293786224,BEARISH,RSI_NORMAL,HIGH_VOLATILITY
2026-02-17,2399.5,2452.4,2399.5,2437.4,1000000.0,2400.8,2466.6699999999996,52.64067127344523,0.018803668334868264,BEARISH,RSI_NORMAL,HIGH_VOLATILITY
2026-02-18,2440.0,2448.2,2416.5,2432.1,551810.0,2408.72,2455.22,50.477147162230004,0.018809145333038894,BEARISH,RSI_NORMAL,HIGH_VOLATILITY
2026-02-19,2420.0,2428.0,2391.1,2400.8,971600.0,2406.7799999999997,2440.07,56.11390284757122,0.018264827506402542,BEARISH,RSI_NORMAL,HIGH_VOLATILITY
2026-02-20,2378.2,2435.7,2376.1,2428.1,790330.0,2419.12,2426.29,53.832599118942724,0.018627652250477394,BULLISH,RSI_NORMAL,HIGH_VOLATILITY
2026-02-23,2424.7,2446.6,2411.5,2429.7,634370.0,2425.62,2416.635,50.581578120088,0.01772426285329559,BULLISH,RSI_NORMAL,HIGH_VOLATILITY
2026-02-24,2413.0,2441.5,2403.7,2413.1,499660.0,2420.7599999999998,2411.7,43.57142857142858,0.015255045528876075,BULLISH,RSI_NORMAL,HIGH_VOLATILITY
2026-02-25,2416.0,2427.9,2400.0,2416.4,526760.0,2417.62,2411.7200000000003,47.299621603027205,0.012649485481891655,BULLISH,RSI_NORMAL,LOW_VOLATILITY
2026-02-26,2416.1,2422.2,2382.0,2394.9,588740.0,2416.44,2410.05,48.89758179231866,0.012744473927820604,BEARISH,RSI_NORMAL,LOW_VOLATILITY
2026-02-27,2385.0,2397.6,2359.0,2376.2,2530000.0,2406.06,2411.0099999999998,42.73624823695341,0.010973943140479154,BEARISH,RSI_NORMAL,LOW_VOLATILITY
2026-03-02,2300.0,2337.9,2283.5,2307.1,2530000.0,2381.54,2406.265,36.85010641532379,0.01191600262182206,BEARISH,RSI_NORMAL,LOW_VOLATILITY
2026-03-04,2260.7,2290.9,2216.3,2285.2,1610000.0,2355.96,2399.2249999999995,34.6582785244495,0.011682873330760372,BEARISH,RSI_NORMAL,LOW_VOLATILITY
2026-03-05,2285.2,2313.0,2253.7,2287.8,925040.0,2330.2400000000002,2390.98,31.648220161531597,0.011264690559817415,BEARISH,RSI_NORMAL,LOW_VOLATILITY
2026-03-06,2261.7,2307.9,2253.7,2279.5,979740.0,2307.16,2383.35,35.44388609715244,0.011203908633157717,BEARISH,RSI_NORMAL,LOW_VOLATILITY
2026-03-09,2200.0,2230.0,2162.6,2220.8,2200000.0,2276.08,2374.335,22.97794117647068,0.012127942491653856,BEARISH,RSI_LOW,LOW_VOLATILITY
2026-03-10,2251.6,2305.1,2251.6,2280.4,1190000.0,2270.7400000000002,2367.4849999999997,27.299016772700995,0.013768916951418884,BEARISH,RSI_LOW,HIGH_VOLATILITY
2026-03-11,2290.0,2302.0,2226.0,2232.0,687790.0,2260.1,2359.405,24.273592183080495,0.014299264312000072,BEARISH,RSI_LOW,HIGH_VOLATILITY
2026-03-12,2208.0,2249.9,2201.0,2221.2,1380000.0,2246.7799999999997,2350.84,25.624321389793693,0.0142855263631509,BEARISH,RSI_LOW,HIGH_VOLATILITY
2026-03-13,2204.7,2219.7,2190.0,2196.8,949230.0,2230.2400000000002,2340.155,18.35841313269502,0.014124890061063301,BEARISH,RSI_LOW,HIGH_VOLATILITY
2026-03-16,2185.4,2227.8,2175.1,2217.7,1110000.0,2229.62,2332.7200000000003,22.453222453222466,0.014067800749607737,BEARISH,RSI_LOW,HIGH_VOLATILITY
2026-03-17,2217.7,2261.5,2217.2,2238.2,875460.0,2221.1800000000003,2324.7699999999995,27.501929508618474,0.013863548304039335,BEARISH,RSI_LOW,HIGH_VOLATILITY
2026-03-18,2235.1,2270.4,2228.6,2262.1,844910.0,2227.2,2316.005,31.15074517468848,0.013459675093373666,BEARISH,RSI_NORMAL,LOW_VOLATILITY
2026-03-19,2220.0,2239.0,2180.6,2186.0,889330.0,2220.16,2303.7,27.484371631817197,0.015027345250588717,BEARISH,RSI_LOW,HIGH_VOLATILITY
2026-03-20,2210.9,2224.5,2185.0,2195.4,875920.0,2219.88,2293.43,30.1143862736472,0.015057264879369313,BEARISH,RSI_NORMAL,HIGH_VOLATILITY
2026-03-23,2180.0,2180.0,2115.0,2121.3,978400.0,2200.6,2278.09,29.786771105308986,0.01593229550817302,BEARISH,RSI_LOW,HIGH_VOLATILITY
2026-03-24,2184.0,2224.5,2153.3,2217.3,1560000.0,2196.4199999999996,2267.47,43.63874836050219,0.019682510106885508,BEARISH,RSI_NORMAL,HIGH_VOLATILITY
2026-03-25,2225.1,2289.7,2222.0,2270.2,1270000.0,2198.04,2260.325,48.49315068493147,0.020653641369153687,BULLISH,RSI_NORMAL,HIGH_VOLATILITY
2026-03-27,2246.3,2269.0,2201.1,2207.4,1090000.0,2202.32,2249.875,44.35395458104933,0.02135033658680847,BEARISH,RSI_NORMAL,HIGH_VOLATILITY
2026-03-30,2185.3,2202.9,2151.0,2165.2,1510000.0,2196.28,2238.3900000000003,45.53054662379417,0.02158723173649185,BEARISH,RSI_NORMAL,HIGH_VOLATILITY
2026-04-01,2224.8,2246.6,2198.4,2225.8,1210000.0,2217.18,2230.87,45.61797752808989,0.022776574066845464,BEARISH,RSI_NORMAL,HIGH_VOLATILITY
2026-04-02,2185.0,2185.1,2142.4,2169.0,1850000.0,2207.5199999999995,2223.965,45.011086474501106,0.022575139689446428,BEARISH,RSI_NORMAL,HIGH_VOLATILITY
2026-04-06,2169.0,2193.2,2145.9,2184.3,2050000.0,2190.34,2218.92,47.098600408869345,0.022621657640852753,BEARISH,RSI_NORMAL,HIGH_VOLATILITY
2026-04-07,2167.7,2198.7,2145.0,2186.2,1790000.0,2186.1,2213.84,49.13596348223016,0.02261977312644495,BEARISH,RSI_NORMAL,HIGH_VOLATILITY
2026-04-08,2284.5,2336.9,2245.2,2282.4,2910000.0,2209.54,2213.9849999999997,54.697255699143334,0.024840682835610483,BULLISH,RSI_NORMAL,HIGH_VOLATILITY
2026-04-09,2275.0,2289.6,2252.0,2269.6,1980000.0,2218.3,2216.425,52.30543318649046,0.024124509373734778,BULLISH,RSI_NORMAL,HIGH_VOLATILITY
2026-04-10,2267.7,2376.9,2267.7,2360.7,3020000.0,2256.6400000000003,2220.44,56.58914728682169,0.02503016338486299,BULLISH,RSI_NORMAL,HIGH_VOLATILITY
2026-04-13,2279.9,2362.5,2262.0,2352.4,1730000.0,2290.2599999999998,2226.46,62.22810111699001,0.024471321761338836,BULLISH,RSI_NORMAL,HIGH_VOLATILITY
2026-04-15,2400.5,2426.0,2381.0,2423.1,1180000.0,2337.6400000000003,2236.555,65.34987191586895,0.02512468582696239,BULLISH,RSI_NORMAL,HIGH_VOLATILITY
2026-04-16,2435.0,2446.6,2411.6,2440.3,1500000.0,2369.22,2248.7300000000005,73.29147196261681,0.024856063396834143,BULLISH,RSI_HIGH,HIGH_VOLATILITY
2026-04-17,2425.0,2486.1,2417.5,2464.0,1290000.0,2408.1,2261.045,70.13877551020407,0.024857760336269158,BULLISH,RSI_HIGH,HIGH_VOLATILITY
2026-04-20,2470.0,2523.8,2456.5,2516.8,1200000.0,2439.32,2274.975,70.13389941214893,0.025100623856980683,BULLISH,RSI_HIGH,HIGH_VOLATILITY
2026-04-21,2516.3,2582.0,2513.7,2543.6,1680000.0,2477.56,2289.05,79.16377515614153,0.025100343913390104,BULLISH,RSI_HIGH,HIGH_VOLATILITY
2026-04-22,2500.0,2572.0,2500.0,2562.9,1130000.0,2505.52,2307.895,85.92592592592592,0.02328519153911779,BULLISH,RSI_HIGH,HIGH_VOLATILITY
2026-04-23,2530.0,2541.7,2510.0,2521.4,1380000.0,2521.7400000000002,2324.195,77.6571856287425,0.023910224593375582,BULLISH,RSI_HIGH,HIGH_VOLATILITY
2026-04-24,2521.4,2538.9,2470.7,2485.1,436870.0,2525.96,2342.3849999999998,80.75501070247128,0.022515762283102952,BULLISH,RSI_HIGH,HIGH_VOLATILITY
2026-04-27,2503.0,2519.8,2475.5,2485.2,452130.0,2519.64,2355.7799999999997,80.16843793864044,0.02080242046767837,BULLISH,RSI_HIGH,HIGH_VOLATILITY
2026-04-28,2475.0,2499.0,2456.1,2462.6,556570.0,2503.4399999999996,2365.4,76.60762418174818,0.020611264261897723,BULLISH,RSI_HIGH,HIGH_VOLATILITY
2026-04-29,2469.9,2477.9,2438.6,2447.3,603590.0,2480.3199999999997,2377.3949999999995,68.80273660205248,0.019383381206345338,BULLISH,RSI_NORMAL,HIGH_VOLATILITY
2026-04-30,2426.7,2455.9,2385.5,2444.5,823680.0,2464.94,2391.3599999999997,70.4084014002334,0.018589774357015063,BULLISH,RSI_HIGH,HIGH_VOLATILITY
2026-05-04,2460.0,2507.0,2442.3,2448.1,581160.0,2457.54,2402.475,62.8152492668622,0.017889983282074508,BULLISH,RSI_NORMAL,HIGH_VOLATILITY
2026-05-05,2430.0,2454.9,2415.0,2430.0,327680.0,2446.5,2415.525,61.06043329532497,0.016685323578960937,BULLISH,RSI_NORMAL,HIGH_VOLATILITY
2026-05-06,2460.0,2529.0,2440.4,2519.0,1400000.0,2457.7799999999997,2432.26,62.99105933351397,0.018053848747148687,BULLISH,RSI_NORMAL,HIGH_VOLATILITY
2026-05-07,2534.6,2555.8,2511.3,2530.6,1050000.0,2474.4399999999996,2449.48,62.420907840440144,0.018003012111486187,BULLISH,RSI_NORMAL,HIGH_VOLATILITY
2026-05-08,2540.0,2607.4,2515.4,2599.9,2330000.0,2505.52,2465.355,66.6096308970912,0.016554424231750305,BULLISH,RSI_NORMAL,HIGH_VOLATILITY
2026-05-11,2578.9,2607.9,2555.0,2566.1,1270000.0,2529.12,2480.18,56.318892591643134,0.016921265041718824,BULLISH,RSI_NORMAL,HIGH_VOLATILITY
2026-05-12,2546.2,2555.7,2500.0,2505.5,628800.0,2544.2200000000003,2487.42,45.50601556970985,0.016199242089089985,BULLISH,RSI_NORMAL,HIGH_VOLATILITY
2026-05-13,2554.0,2642.4,2554.0,2617.6,3520000.0,2563.94,2500.68,55.29320688987806,0.018580211507422704,BULLISH,RSI_NORMAL,HIGH_VOLATILITY
2026-05-14,2620.0,2665.7,2610.0,2622.2,1040000.0,2582.2599999999998,2510.6349999999998,60.50437682367651,0.017668439909025502,BULLISH,RSI_NORMAL,HIGH_VOLATILITY
2026-05-15,2622.2,2640.0,2592.8,2605.6,796240.0,2583.4,2518.9,63.09497935231474,0.01780325453495407,BULLISH,RSI_NORMAL,HIGH_VOLATILITY
2026-05-18,2580.1,2619.4,2556.0,2614.0,898480.0,2592.98,2526.4,63.74893253629379,0.01774179118554699,BULLISH,RSI_NORMAL,HIGH_VOLATILITY
2026-05-19,2629.0,2646.0,2595.1,2600.7,688640.0,2612.0199999999995,2530.5950000000003,65.0402962317578,0.017285468222175637,BULLISH,RSI_NORMAL,HIGH_VOLATILITY
2026-05-20,2562.0,2614.0,2562.0,2598.6,586190.0,2608.22,2533.3450000000003,66.96568737385061,0.01716555010878972,BULLISH,RSI_NORMAL,HIGH_VOLATILITY
2026-05-21,2625.0,2648.3,2590.8,2598.8,1030000.0,2603.54,2535.1400000000003,67.40356417775774,0.017100672033418234,BULLISH,RSI_NORMAL,HIGH_VOLATILITY
2026-05-22,2606.1,2664.7,2600.2,2639.8,1560000.0,2610.38,2541.06,69.93967131266905,0.01691867315432956,BULLISH,RSI_NORMAL,HIGH_VOLATILITY
2026-05-25,2672.0,2684.1,2653.2,2657.8,815620.0,2619.1400000000003,2549.695,73.69954223886808,0.016467127514868344,BULLISH,RSI_HIGH,HIGH_VOLATILITY
2026-05-26,2650.0,2664.3,2635.9,2647.0,486270.0,2628.4,2557.785,65.9045725646123,0.016537814992578514,BULLISH,RSI_NORMAL,HIGH_VOLATILITY
2026-05-27,2644.8,2689.6,2642.0,2671.9,858460.0,2643.0600000000004,2568.25,66.99542939619917,0.016324915226826314,BULLISH,RSI_NORMAL,HIGH_VOLATILITY
2026-05-29,2676.1,2748.2,2631.6,2671.6,5060000.0,2657.62,2579.4649999999997,60.34035188924137,0.016176196257068873,BULLISH,RSI_NORMAL,HIGH_VOLATILITY
2026-06-01,2732.6,2778.8,2626.7,2632.4,2220000.0,2656.1400000000003,2588.86,59.41493893780177,0.016699764235541502,BULLISH,RSI_NORMAL,HIGH_VOLATILITY
2026-06-02,2626.1,2672.1,2607.9,2660.7,1030000.0,2656.72,2599.49,74.26516572858031,0.016759292967790978,BULLISH,RSI_HIGH,HIGH_VOLATILITY
2026-06-03,2652.1,2676.0,2624.7,2662.4,958770.0,2659.8,2611.1099999999997,60.697230181470886,0.016559266480661985,BULLISH,RSI_NORMAL,HIGH_VOLATILITY
2026-06-04,2663.9,2698.8,2644.9,2661.6,1840000.0,2657.7400000000002,2618.24,59.58171206225679,0.014775503736664058,BULLISH,RSI_NORMAL,HIGH_VOLATILITY
2026-06-05,2666.0,2699.8,2665.0,2686.7,1620000.0,2660.7599999999998,2626.045,68.93974778141046,0.014844741576021697,BULLISH,RSI_NORMAL,HIGH_VOLATILITY
2026-06-08,2643.3,2675.0,2630.1,2659.2,1260000.0,2666.12,2629.0099999999998,59.69125214408226,0.013962996112590552,BULLISH,RSI_NORMAL,HIGH_VOLATILITY
2026-06-09,2666.2,2719.0,2661.5,2708.1,1420000.0,2675.5999999999995,2636.1099999999997,69.97767857142854,0.014044370444905033,BULLISH,RSI_NORMAL,HIGH_VOLATILITY
2026-06-10,2711.1,2744.0,2700.0,2715.1,1400000.0,2686.14,2646.5899999999997,71.28242601388376,0.012599386766088265,BULLISH,RSI_HIGH,LOW_VOLATILITY
2026-06-11,2693.9,2706.7,2671.0,2690.9,771560.0,2691.9999999999995,2650.255,65.46859254282833,0.008552401621018231,BULLISH,RSI_NORMAL,LOW_VOLATILITY
2026-06-12,2725.7,2753.0,2709.4,2747.4,1080000.0,2704.1400000000003,2656.5150000000003,67.17752234993611,0.00960944633116736,BULLISH,RSI_NORMAL,LOW_VOLATILITY
2026-06-15,2820.3,2832.7,2730.0,2739.3,2750000.0,2720.16,2663.2,63.4355423672931,0.009476959019301304,BULLISH,RSI_NORMAL,LOW_VOLATILITY
2026-06-16,2741.0,2771.0,2735.0,2748.1,962930.0,2728.1600000000003,2669.9049999999997,66.7772983737139,0.00947691682194486,BULLISH,RSI_NORMAL,LOW_VOLATILITY
2026-06-17,2764.0,2768.9,2732.5,2738.0,557210.0,2732.7400000000002,2676.77,61.53577661431065,0.009422120663544918,BULLISH,RSI_NORMAL,LOW_VOLATILITY
2026-06-18,2745.0,2765.0,2728.2,2755.0,600890.0,2745.5600000000004,2684.59,63.75329815303434,0.009418500356405565,BULLISH,RSI_NORMAL,LOW_VOLATILITY
2026-06-19,2752.9,2752.9,2718.8,2732.9,838990.0,2742.6600000000003,2691.295,67.56378888500527,0.009718675147354848,BULLISH,RSI_NORMAL,LOW_VOLATILITY
2026-06-22,2742.7,2756.5,2670.0,2674.0,1030000.0,2729.6,2693.005,52.0997789706347,0.010592736071009955,BEARISH,RSI_NORMAL,LOW_VOLATILITY
2026-06-23,2669.0,2695.4,2650.1,2661.2,1180000.0,2712.22,2693.175,49.81696156192797,0.010557562649677216,BEARISH,RSI_NORMAL,LOW_VOLATILITY
2026-06-24,2662.0,2687.6,2653.6,2667.5,1260000.0,2698.12,2694.2,50.8850885088509,0.01052141233626843,BEARISH,RSI_NORMAL,LOW_VOLATILITY
2026-06-25,2690.0,2690.7,2637.1,2645.2,2050000.0,2676.16,2692.865,43.72163388804841,0.010474266087751883,BEARISH,RSI_NORMAL,LOW_VOLATILITY
2026-06-29,2631.3,2687.8,2630.0,2656.9,4750000.0,2660.96,2692.13,49.63457260883386,0.010530904494567249,BEARISH,RSI_NORMAL,LOW_VOLATILITY
2026-06-30,2658.0,2672.1,2630.3,2635.7,1820000.0,2653.3,2692.295,37.386759581881535,0.010146874282986964,BEARISH,RSI_NORMAL,LOW_VOLATILITY
2026-07-01,2648.0,2723.0,2624.0,2716.4,1100000.0,2664.3399999999997,2695.08,50.180205156639886,0.012039289193439315,BULLISH,RSI_NORMAL,LOW_VOLATILITY
2026-07-02,2720.0,2759.9,2711.0,2744.5,1630000.0,2679.7400000000002,2699.185,57.35052111903453,0.012213862886657026,BULLISH,RSI_NORMAL,LOW_VOLATILITY
2026-07-03,2744.0,2762.4,2730.0,2737.8,472120.0,2698.2599999999998,2702.995,48.47522236340535,0.01224065480089299,BULLISH,RSI_NORMAL,LOW_VOLATILITY
2026-07-06,2724.0,2758.0,2722.0,2754.9,504940.0,2717.86,2706.4049999999997,52.408894379246426,0.01215222794462576,BULLISH,RSI_NORMAL,LOW_VOLATILITY
2026-07-07,2750.0,2751.8,2726.4,2731.4,489070.0,2737.0,2710.0150000000003,47.53323485967507,0.012072572497509109,BULLISH,RSI_NORMAL,LOW_VOLATILITY
2026-07-08,2676.6,2713.1,2653.3,2665.9,1480000.0,2726.9,2707.9049999999997,40.84793094694088,0.012640260405079443,BEARISH,RSI_NORMAL,LOW_VOLATILITY
2026-07-09,2658.0,2722.8,2656.0,2673.8,918570.0,2712.76,2705.84,39.44906444906451,0.012645734378380137,BEARISH,RSI_NORMAL,LOW_VOLATILITY
2026-07-10,2695.0,2728.2,2672.9,2677.8,982100.0,2700.7599999999998,2705.1850000000004,42.48704663212439,0.012502898945511775,BEARISH,RSI_NORMAL,LOW_VOLATILITY
2026-07-13,2650.5,2664.4,2630.1,2652.1,1110000.0,2680.2,2700.42,46.71664167916042,0.0116170884622912,BEARISH,RSI_NORMAL,LOW_VOLATILITY
2026-07-14,2604.0,2655.9,2579.9,2641.0,975300.0,2662.12,2695.505,46.95599758890902,0.011627375600215015,BEARISH,RSI_NORMAL,LOW_VOLATILITY
2026-07-15,2644.9,2684.0,2644.9,2670.0,809110.0,2662.94,2691.6,50.352609308885754,0.011928133426682641,BEARISH,RSI_NORMAL,LOW_VOLATILITY
2026-07-16,2688.0,2693.1,2660.1,2674.7,455040.0,2663.12,2688.435,54.37815375482338,0.011934840398850469,BEARISH,RSI_NORMAL,LOW_VOLATILITY
2026-07-17,2665.0,2700.0,2665.0,2689.0,452280.0,2665.3599999999997,2685.1349999999998,54.72754050073636,0.011908564425624199,BULLISH,RSI_NORMAL,LOW_VOLATILITY
2026-07-20,2689.0,2708.5,2666.7,2691.4,571090.0,2673.2200000000003,2683.06,58.68412846897415,0.011803974584170106,BULLISH,RSI_NORMAL,LOW_VOLATILITY
2026-07-21,2695.0,2720.0,2680.5,2692.4,1000000.0,2683.5,2683.98,45.02074688796681,0.010735058969096656,BULLISH,RSI_NORMAL,LOW_VOLATILITY
2026-07-22,2683.0,2700.0,2665.6,2692.8,528100.0,2688.06,2685.56,37.880918893577174,0.010666118162974175,BULLISH,RSI_NORMAL,LOW_VOLATILITY
2026-07-23,2671.1,2693.4,2656.0,2668.8,584250.0,2686.88,2685.625,35.03902862098876,0.010866555186345155,BEARISH,RSI_NORMAL,LOW_VOLATILITY
2026-07-24,2620.1,2657.1,2620.1,2637.9,645560.0,2676.6600000000003,2685.26,26.0638297872341,0.011020852933437582,BEARISH,RSI_LOW,LOW_VOLATILITY
2026-07-27,2665.8,2723.9,2664.3,2710.2,715240.0,2680.42,2687.925,46.38472032742152,0.012600463888593266,BULLISH,RSI_NORMAL,LOW_VOLATILITY
2026-07-28,2712.0,2749.8,2706.3,2736.2,1280000.0,2689.18,2692.95,63.85494678754428,0.012548919958662696,BULLISH,RSI_NORMAL,LOW_VOLATILITY
2026-07-29,2746.2,2864.0,2718.5,2758.4,3800000.0,2702.3,2695.05,65.7835820895522,0.010718194305530972,BULLISH,RSI_NORMAL,LOW_VOLATILITY
2026-07-30,2758.1,2767.9,2666.2,2746.2,2390000.0,2717.7799999999997,2695.135,62.38233164373632,0.010534750160845827,BULLISH,RSI_NORMAL,LOW_VOLATILITY
2026-07-31,2773.9,2774.9,2732.4,2747.3,891740.0,2739.66,2695.6099999999997,68.91891891891892,0.010518054958295506,BULLISH,RSI_NORMAL,LOW_VOLATILITY
