Date,Open,High,Low,Close,Volume,MA5,MA20,RSI,Volatility,Trend,RSI_Condition,Volatility_Condition
2015-01-01,29.8,30.64,26.39,29.69,16550000.0,,,,,,,
2015-01-02,29.56,29.98,29.14,29.54,10900000.0,,,,,,,
2015-01-05,29.42,29.58,28.9,28.98,7120000.0,,,,,,,
2015-01-06,28.98,29.43,28.21,28.6,14170000.0,,,,,,,
2015-01-07,28.7,33.13,28.7,32.45,106930000.0,29.851999999999997,,,,,,
2015-01-08,32.4,32.98,31.53,31.76,53020000.0,30.266000000000002,,,,,,
2015-01-09,31.97,33.53,31.83,32.35,41710000.0,30.827999999999996,,,,,,
2015-01-12,32.51,33.02,32.0,32.48,30040000.0,31.528000000000002,,,,,,
2015-01-13,32.65,34.63,32.59,33.67,67520000.0,32.542,,,,,,
2015-01-14,33.59,33.89,32.99,33.22,20500000.0,32.696,,,,,,
2015-01-15,33.45,33.72,32.89,33.04,11050000.0,32.952,,,,,,
2015-01-16,33.3,34.03,33.08,33.27,21370000.0,33.135999999999996,,,,,,
2015-01-19,33.4,33.67,32.73,32.84,11940000.0,33.208,,,,,,
2015-01-20,33.07,33.15,31.73,31.95,17750000.0,32.864000000000004,,,,,,
2015-01-21,32.08,32.77,31.65,31.83,18740000.0,32.586,,60.87398373983737,,,RSI_NORMAL,
2015-01-22,32.0,32.83,31.82,32.41,38990000.0,32.459999999999994,,63.972736124634835,,,RSI_NORMAL,
2015-01-23,32.72,33.13,32.13,32.49,28130000.0,32.304,,67.92645556690499,,,RSI_NORMAL,
2015-01-27,34.57,36.1,33.95,34.39,58020000.0,32.614,,75.59681697612729,,,RSI_HIGH,
2015-01-28,34.49,34.8,34.12,34.43,19360000.0,33.11,,63.19999999999995,,,RSI_NORMAL,
2015-01-29,34.34,34.34,33.47,33.8,11330000.0,33.504,32.1595,63.70967741935478,,BULLISH,RSI_NORMAL,
2015-01-30,33.89,34.12,33.37,33.72,8480000.0,33.766,32.361,59.88455988455984,0.03636965683631279,BULLISH,RSI_NORMAL,HIGH_VOLATILITY
2015-02-02,33.84,35.33,33.43,34.58,20580000.0,34.184,32.613,63.70757180156656,0.03647940601620898,BULLISH,RSI_NORMAL,HIGH_VOLATILITY
2015-02-03,34.82,36.64,33.8,36.37,44050000.0,34.58,32.9825,66.34382566585953,0.03709972051239854,BULLISH,RSI_NORMAL,HIGH_VOLATILITY
2015-02-04,36.77,37.1,35.71,35.89,22100000.0,34.872,33.346999999999994,66.1037394451146,0.03710276543505179,BULLISH,RSI_NORMAL,HIGH_VOLATILITY
2015-02-05,35.87,35.89,35.15,35.27,7190000.0,35.166000000000004,33.488,62.7720504009164,0.023880826376043364,BULLISH,RSI_NORMAL,HIGH_VOLATILITY
2015-02-06,35.35,35.89,34.28,34.43,8050000.000000001,35.30800000000001,33.621500000000005,56.20985010706636,0.024031791727058507,BULLISH,RSI_NORMAL,HIGH_VOLATILITY
2015-02-09,34.43,34.47,33.28,33.38,8279999.999999999,35.068,33.673,52.71084337349397,0.02498519665369113,BEARISH,RSI_NORMAL,HIGH_VOLATILITY
2015-02-10,33.23,34.42,32.97,33.73,10630000.0,34.54,33.735499999999995,59.44798301486199,0.025056341480197124,BEARISH,RSI_NORMAL,HIGH_VOLATILITY
2015-02-11,34.39,35.55,34.39,35.34,31990000.0,34.43,33.819,66.08615948670948,0.025965551864542323,BULLISH,RSI_NORMAL,HIGH_VOLATILITY
2015-02-12,35.54,37.46,34.97,37.25,44480000.0,34.826,34.0205,69.77124183006538,0.028056325355850415,BULLISH,RSI_NORMAL,HIGH_VOLATILITY
2015-02-13,37.53,37.68,36.39,36.57,20110000.0,35.254,34.197,65.88785046728972,0.02847757241367435,BULLISH,RSI_NORMAL,HIGH_VOLATILITY
2015-02-16,36.82,37.82,36.41,36.97,16079999.999999998,35.972,34.382000000000005,61.37566137566138,0.028502426896836432,BULLISH,RSI_NORMAL,HIGH_VOLATILITY
2015-02-18,37.27,41.87,37.18,40.34,109590000.0,37.294000000000004,34.757,70.1431492842536,0.03391673644026388,BULLISH,RSI_HIGH,HIGH_VOLATILITY
2015-02-19,40.19,40.66,38.44,38.76,37020000.0,37.978,35.0975,65.87708066581307,0.03472537004819143,BULLISH,RSI_NORMAL,HIGH_VOLATILITY
2015-02-20,38.89,39.79,38.52,38.65,24560000.0,38.258,35.4385,65.75079872204472,0.034706463549169564,BULLISH,RSI_NORMAL,HIGH_VOLATILITY
2015-02-23,38.93,39.37,37.43,37.62,20880000.0,38.468,35.699,59.608091024020226,0.035606900157836664,BULLISH,RSI_NORMAL,HIGH_VOLATILITY
2015-02-24,38.06,38.54,37.03,37.37,31190000.0,38.548,35.943,53.50140056022409,0.03574041292384288,BULLISH,RSI_NORMAL,HIGH_VOLATILITY
2015-02-25,37.76,38.23,37.27,37.44,21730000.0,37.967999999999996,36.0955,55.58759913482335,0.03368234312093792,BULLISH,RSI_NORMAL,HIGH_VOLATILITY
2015-02-26,37.61,38.17,36.57,36.84,34230000.0,37.583999999999996,36.216,55.66787003610109,0.03399738419871134,BULLISH,RSI_NORMAL,HIGH_VOLATILITY
2015-02-27,37.78,41.26,37.75,38.06,161830000.0,37.465999999999994,36.428999999999995,62.75474349964864,0.034172074633440346,BULLISH,RSI_NORMAL,HIGH_VOLATILITY
2015-02-28,38.76,39.3,36.59,37.69,52640000.0,37.480000000000004,36.627500000000005,65.90405904059038,0.034311733897187266,BULLISH,RSI_NORMAL,HIGH_VOLATILITY
2015-03-02,37.97,37.98,36.62,36.79,24960000.0,37.364,36.738,60.851063829787236,0.034619352466934365,BULLISH,RSI_NORMAL,HIGH_VOLATILITY
2015-03-03,36.99,37.23,36.41,36.77,19090000.0,37.230000000000004,36.757999999999996,55.715427657873704,0.032717341203702635,BULLISH,RSI_NORMAL,HIGH_VOLATILITY
2015-03-04,37.0,37.85,36.73,36.99,26100000.0,37.260000000000005,36.813,48.79852125693162,0.032558710595680926,BULLISH,RSI_NORMAL,HIGH_VOLATILITY
2015-03-05,37.16,37.32,35.88,36.19,24380000.0,36.886,36.859,48.26325411334551,0.032708532892651174,BEARISH,RSI_NORMAL,HIGH_VOLATILITY
2015-03-09,36.15,36.16,34.64,34.79,17810000.0,36.306,36.876999999999995,40.8710217755444,0.03348085099419358,BEARISH,RSI_NORMAL,HIGH_VOLATILITY
2015-03-10,34.95,35.16,33.13,33.49,32160000.0,35.646,36.8825,15.298885511651449,0.03385461053129611,BEARISH,RSI_LOW,HIGH_VOLATILITY
2015-03-11,33.64,34.9,33.28,33.89,38430000.0,35.07,36.8905,21.97928653624855,0.03387836986623045,BEARISH,RSI_LOW,HIGH_VOLATILITY
2015-03-12,34.2,34.73,34.04,34.19,20500000.0,34.51,36.833,24.88738738738735,0.03211114142269806,BEARISH,RSI_LOW,HIGH_VOLATILITY
2015-03-13,34.48,34.7,33.45,33.63,22500000.0,33.998000000000005,36.652,26.278240190249676,0.029491464005329503,BEARISH,RSI_LOW,HIGH_VOLATILITY
2015-03-16,33.74,33.82,32.78,32.97,11760000.0,33.634,36.471999999999994,25.0566893424036,0.029526193609964373,BEARISH,RSI_LOW,HIGH_VOLATILITY
2015-03-17,33.21,34.11,33.08,34.0,27180000.0,33.736000000000004,36.3235,32.41308793456032,0.030429656108813336,BEARISH,RSI_NORMAL,HIGH_VOLATILITY
2015-03-18,34.03,34.25,33.12,33.28,12430000.0,33.614,35.9705,32.02020202020199,0.02084938824999215,BEARISH,RSI_NORMAL,HIGH_VOLATILITY
2015-03-19,33.53,33.76,32.69,32.77,16200000.0,33.33,35.67100000000001,21.218715995647415,0.019706024671579697,BEARISH,RSI_LOW,LOW_VOLATILITY
2015-03-20,32.93,32.94,31.82,32.23,15230000.0,33.05,35.35,20.8333333333333,0.01974763335853801,BEARISH,RSI_LOW,LOW_VOLATILITY
2015-03-23,32.46,32.83,31.97,32.2,20840000.0,32.896,35.079,22.968197879858636,0.019361571565358622,BEARISH,RSI_LOW,LOW_VOLATILITY
2015-03-24,32.42,32.99,32.21,32.84,23080000.0,32.664,34.852500000000006,28.430296377607007,0.020313057649964668,BEARISH,RSI_LOW,HIGH_VOLATILITY
2015-03-25,32.93,32.93,32.04,32.23,11140000.0,32.454,34.592,24.9473684210526,0.020397426336698443,BEARISH,RSI_LOW,HIGH_VOLATILITY
2015-03-26,32.22,32.43,31.57,31.93,11210000.0,32.286,34.3465,26.33333333333333,0.020300677044485477,BEARISH,RSI_LOW,HIGH_VOLATILITY
2015-03-27,32.22,32.32,31.13,31.33,17420000.0,32.105999999999995,34.010000000000005,28.902439024390233,0.01811143074587372,BEARISH,RSI_LOW,LOW_VOLATILITY
2015-03-30,32.02,33.07,32.02,32.81,44030000.0,32.227999999999994,33.766,45.94272076372315,0.022115064170609267,BEARISH,RSI_NORMAL,HIGH_VOLATILITY
2015-03-31,33.02,34.11,32.64,33.84,36140000.0,32.428,33.6185,49.72253052164263,0.023275456876117182,BULLISH,RSI_NORMAL,HIGH_VOLATILITY
2015-04-01,33.89,36.31,33.84,35.29,57690000.0,33.040000000000006,33.5445,55.41338582677165,0.025520327718118616,BULLISH,RSI_NORMAL,HIGH_VOLATILITY
2015-04-06,35.44,36.45,35.44,36.3,23400000.0,33.914,33.510000000000005,62.58246936852023,0.026368966213561097,BULLISH,RSI_NORMAL,HIGH_VOLATILITY
2015-04-07,36.52,36.6,35.26,36.22,16399999.999999998,34.892,33.5115,66.20139581256231,0.025907908560465587,BULLISH,RSI_NORMAL,HIGH_VOLATILITY
2015-04-08,36.36,37.62,36.04,37.2,21610000.0,35.769999999999996,33.632,66.03206412825652,0.024842150845286674,BULLISH,RSI_NORMAL,HIGH_VOLATILITY
2015-04-09,37.52,37.93,36.78,37.32,13620000.0,36.465999999999994,33.8235,71.53518123667376,0.02289710762583336,BULLISH,RSI_HIGH,HIGH_VOLATILITY
2015-04-10,37.36,37.36,36.36,36.71,10210000.0,36.75,33.9645,70.78059071729956,0.02335859534362822,BULLISH,RSI_HIGH,HIGH_VOLATILITY
2015-04-13,36.86,36.99,34.65,34.78,22590000.0,36.446000000000005,33.99400000000001,61.72953081876727,0.026544226523852105,BULLISH,RSI_NORMAL,HIGH_VOLATILITY
2015-04-15,34.93,35.03,33.14,33.58,31520000.0,35.918,33.991499999999995,55.73089700996675,0.02746880213974741,BEARISH,RSI_NORMAL,HIGH_VOLATILITY
2015-04-16,33.83,34.3,33.14,33.32,19920000.0,35.141999999999996,34.009,52.058319039451106,0.02714209409454344,BEARISH,RSI_NORMAL,HIGH_VOLATILITY
2015-04-17,33.43,33.64,32.32,32.42,13110000.0,34.162,33.93,50.79497907949792,0.026836087881223623,BEARISH,RSI_NORMAL,HIGH_VOLATILITY
2015-04-20,32.5,33.17,31.31,31.52,18780000.0,33.124,33.842,48.36653386454183,0.027122120301247478,BEARISH,RSI_NORMAL,HIGH_VOLATILITY
2015-04-21,31.82,32.08,31.31,31.6,11050000.0,32.488,33.7835,51.122194513715726,0.02696654466878128,BEARISH,RSI_NORMAL,HIGH_VOLATILITY
2015-04-22,31.83,32.32,31.62,32.1,12320000.0,32.192,33.777,46.78733031674208,0.02698771437593168,BEARISH,RSI_NORMAL,HIGH_VOLATILITY
2015-04-23,32.49,32.93,32.17,32.28,15150000.0,31.984,33.781,42.35294117647057,0.02701360079721379,BEARISH,RSI_NORMAL,HIGH_VOLATILITY
2015-04-24,32.37,32.5,31.34,31.47,12250000.0,31.794,33.7125,30.020920502092054,0.027184349583332223,BEARISH,RSI_NORMAL,HIGH_VOLATILITY
2015-04-27,31.62,31.68,30.05,30.1,12450000.0,31.51,33.606,18.75000000000003,0.028535334539570828,BEARISH,RSI_LOW,HIGH_VOLATILITY
2015-04-28,29.9,30.49,29.54,30.12,12510000.0,31.214,33.5155,19.066937119675472,0.028506893989519697,BEARISH,RSI_LOW,HIGH_VOLATILITY
2015-04-29,30.19,30.81,29.81,30.32,14460000.0,30.857999999999997,33.464999999999996,12.114537444933887,0.028309751020650486,BEARISH,RSI_LOW,HIGH_VOLATILITY
2015-04-30,30.3,31.41,29.92,31.16,11780000.0,30.634000000000004,33.38250000000001,18.57142857142857,0.02684779253056534,BEARISH,RSI_LOW,HIGH_VOLATILITY
2015-05-04,31.5,32.07,31.31,31.65,9390000.0,30.669999999999998,33.273,23.863636363636346,0.026031182359481948,BEARISH,RSI_LOW,HIGH_VOLATILITY
2015-05-05,31.75,33.98,31.36,33.06,30650000.0,31.262,33.161500000000004,40.6113537117904,0.02619121165710368,BEARISH,RSI_NORMAL,HIGH_VOLATILITY
2015-05-06,33.21,33.94,30.83,31.75,32680000.0,31.588,32.934,40.12944983818771,0.026309674836770987,BEARISH,RSI_NORMAL,HIGH_VOLATILITY
2015-05-07,31.43,32.58,29.92,30.35,35900000.0,31.594,32.6405,35.73487031700289,0.02759872015622271,BEARISH,RSI_NORMAL,HIGH_VOLATILITY
2015-05-08,30.82,31.72,30.82,31.36,20130000.0,31.634000000000004,32.3485,44.96197718631178,0.02805120094475866,BEARISH,RSI_NORMAL,HIGH_VOLATILITY
2015-05-11,31.77,32.31,31.47,31.61,11100000.0,31.625999999999998,32.063,50.45592705167174,0.028172106370801364,BEARISH,RSI_NORMAL,HIGH_VOLATILITY
2015-05-12,31.75,32.17,31.12,31.73,18300000.0,31.359999999999996,31.814000000000004,50.655903128153376,0.028213880478737255,BEARISH,RSI_NORMAL,HIGH_VOLATILITY
2015-05-13,32.05,32.22,31.83,32.0,15410000.0,31.410000000000004,31.675,49.48347107438016,0.026244775635989145,BULLISH,RSI_NORMAL,HIGH_VOLATILITY
2015-05-14,32.0,32.27,31.67,31.75,7010000.0,31.689999999999998,31.583500000000004,47.28205128205128,0.025263130270902476,BULLISH,RSI_NORMAL,HIGH_VOLATILITY
2015-05-15,32.07,32.83,31.73,31.89,10490000.0,31.796000000000003,31.512,52.31277533039648,0.025276361965077328,BULLISH,RSI_NORMAL,HIGH_VOLATILITY
2015-05-18,32.12,32.42,31.77,31.97,6050000.0,31.868000000000002,31.4895,62.00256739409498,0.024584396579338075,BULLISH,RSI_NORMAL,HIGH_VOLATILITY
2015-05-19,32.11,32.37,31.84,32.18,8670000.0,31.958,31.5225,62.90726817042606,0.02375882346372373,BULLISH,RSI_NORMAL,HIGH_VOLATILITY
2015-05-20,32.47,32.58,32.02,32.12,5340000.0,31.982,31.5485,61.47959183673467,0.023767209301204763,BULLISH,RSI_NORMAL,HIGH_VOLATILITY
2015-05-21,32.37,32.98,32.12,32.52,12050000.0,32.136,31.569499999999998,59.1891891891892,0.02366899403547718,BULLISH,RSI_NORMAL,HIGH_VOLATILITY
2015-05-22,32.6,32.67,32.08,32.27,4780000.0,32.212,31.569,54.329608938547516,0.02371701288225546,BULLISH,RSI_NORMAL,HIGH_VOLATILITY
2015-05-25,32.41,32.78,32.22,32.45,5630000.0,32.30800000000001,31.618000000000002,44.856661045531204,0.022971734592441256,BULLISH,RSI_NORMAL,HIGH_VOLATILITY
2015-05-26,32.45,33.52,32.45,33.32,16579999.999999998,32.536,31.778999999999996,64.29872495446266,0.020965031792653275,BULLISH,RSI_NORMAL,HIGH_VOLATILITY
2015-05-27,33.13,33.67,32.84,33.46,8279999.999999999,32.804,31.945999999999998,86.76122931442076,0.020938734098218465,BULLISH,RSI_HIGH,HIGH_VOLATILITY
2015-05-28,33.54,34.06,33.46,33.7,8400000.0,33.04,32.115,83.81502890173408,0.02094062448305604,BULLISH,RSI_HIGH,HIGH_VOLATILITY
2015-05-29,33.86,36.65,32.15,36.15,84870000.0,33.816,32.36450000000001,90.10600706713777,0.025394363728159754,BULLISH,RSI_HIGH,HIGH_VOLATILITY
2015-06-01,36.21,36.92,35.97,36.45,22630000.0,34.616,32.604499999999994,90.41095890410956,0.025325928261623238,BULLISH,RSI_HIGH,HIGH_VOLATILITY
2015-06-02,36.11,36.21,34.65,35.08,23190000.0,34.968,32.7055,72.19020172910658,0.02563989425736421,BULLISH,RSI_HIGH,HIGH_VOLATILITY
2015-06-03,35.18,35.18,31.94,32.87,24560000.0,34.85,32.7615,56.29213483146064,0.02811198400003743,BULLISH,RSI_NORMAL,HIGH_VOLATILITY
2015-06-04,33.23,33.7,32.35,33.43,18540000.0,34.79600000000001,32.915499999999994,58.26180257510728,0.026073182231078244,BULLISH,RSI_NORMAL,HIGH_VOLATILITY
2015-06-05,33.31,34.29,32.85,33.56,15280000.0,34.278000000000006,33.0255,58.484525080042694,0.025219683535538072,BULLISH,RSI_NORMAL,HIGH_VOLATILITY
2015-06-08,33.59,34.08,33.08,33.24,8060000.000000001,33.636,33.107,55.59071729957807,0.025366922086310074,BULLISH,RSI_NORMAL,HIGH_VOLATILITY
2015-06-09,33.11,33.58,32.5,32.68,8140000.000000001,33.156,33.1545,52.80561122244489,0.025742419886925973,BEARISH,RSI_NORMAL,HIGH_VOLATILITY
2015-06-10,32.73,33.52,32.73,33.04,6220000.0,33.19,33.2065,52.61569416498992,0.02578292425304259,BEARISH,RSI_NORMAL,HIGH_VOLATILITY
2015-06-11,33.28,33.47,32.21,32.39,8520000.0,32.982,33.2385,50.58027079303673,0.026152213988803456,BEARISH,RSI_NORMAL,HIGH_VOLATILITY
2015-06-12,32.5,32.93,32.05,32.82,8980000.0,32.834,33.285,51.74693106704437,0.026282119013381025,BEARISH,RSI_NORMAL,HIGH_VOLATILITY
2015-06-15,32.83,33.42,32.6,33.01,7580000.0,32.788,33.337,48.43592330978808,0.02629723101256769,BEARISH,RSI_NORMAL,HIGH_VOLATILITY
2015-06-16,32.69,33.03,32.55,32.93,5410000.0,32.838,33.3745,47.30964467005076,0.02629061665837223,BEARISH,RSI_NORMAL,HIGH_VOLATILITY
2015-06-17,33.12,33.7,32.86,33.36,13570000.0,32.902,33.4365,48.30677290836652,0.026402208373991314,BEARISH,RSI_NORMAL,HIGH_VOLATILITY
2015-06-18,33.37,34.26,33.37,34.02,12620000.0,33.227999999999994,33.5115,37.09090909090914,0.026601794637425676,BULLISH,RSI_NORMAL,HIGH_VOLATILITY
2015-06-19,34.22,34.6,34.14,34.4,11840000.0,33.544,33.618,37.695078031212475,0.026552379477709873,BULLISH,RSI_NORMAL,HIGH_VOLATILITY
2015-06-22,34.65,34.75,34.04,34.39,7180000.0,33.82000000000001,33.714999999999996,45.05021520803445,0.026561050232206247,BULLISH,RSI_NORMAL,HIGH_VOLATILITY
2015-06-23,34.38,34.78,34.09,34.29,7690000.0,34.092,33.76350000000001,64.6090534979424,0.025998492567138504,BULLISH,RSI_NORMAL,HIGH_VOLATILITY
2015-06-24,34.39,34.68,33.61,33.96,7590000.0,34.212,33.7885,55.72354211663069,0.026113603480368144,BULLISH,RSI_NORMAL,HIGH_VOLATILITY
2015-06-25,33.86,34.23,33.58,34.03,6580000.0,34.214000000000006,33.80499999999999,55.14223194748358,0.026075668487803565,BULLISH,RSI_NORMAL,HIGH_VOLATILITY
2015-06-26,34.09,35.2,33.89,34.78,15170000.0,34.290000000000006,33.7365,65.40000000000002,0.020612946917698716,BULLISH,RSI_NORMAL,HIGH_VOLATILITY
2015-06-29,34.21,34.32,33.08,33.67,9170000.0,34.146,33.5975,58.918918918918955,0.02152502016894758,BULLISH,RSI_NORMAL,HIGH_VOLATILITY
2015-06-30,33.82,34.29,33.66,34.0,11380000.0,34.088,33.5435,58.69565217391307,0.020167969882150798,BULLISH,RSI_NORMAL,HIGH_VOLATILITY
2015-07-01,34.13,34.83,34.1,34.47,10000000.0,34.190000000000005,33.6235,69.47565543071164,0.014262630090624529,BULLISH,RSI_NORMAL,LOW_VOLATILITY
2015-07-02,34.54,35.1,34.34,34.51,9490000.0,34.286,33.677499999999995,67.07070707070709,0.01384529548260957,BULLISH,RSI_NORMAL,LOW_VOLATILITY
2015-07-03,34.59,34.89,34.35,34.52,6730000.0,34.233999999999995,33.7255,65.82809224318666,0.013838498815052967,BULLISH,RSI_NORMAL,LOW_VOLATILITY
2015-07-06,34.3,34.44,32.22,34.18,8270000.0,34.336,33.7725,62.42544731610338,0.013851860782395429,BULLISH,RSI_NORMAL,LOW_VOLATILITY
2015-07-07,34.28,35.5,34.24,34.88,14410000.0,34.512,33.88250000000001,64.33962264150945,0.01376596656705558,BULLISH,RSI_NORMAL,LOW_VOLATILITY
2015-07-08,34.59,35.14,34.08,34.44,8960000.0,34.506,33.9525,54.13385826771647,0.014084094357398037,BULLISH,RSI_NORMAL,LOW_VOLATILITY
2015-07-09,34.65,35.0,34.42,34.62,5670000.0,34.528000000000006,34.064,52.25409836065572,0.013118905327483037,BULLISH,RSI_NORMAL,LOW_VOLATILITY
2015-07-10,34.8,35.05,34.34,34.74,4540000.0,34.572,34.160000000000004,53.50701402805611,0.012912659853176155,BULLISH,RSI_NORMAL,LOW_VOLATILITY
2015-07-13,34.85,35.01,34.56,34.85,4260000.0,34.706,34.252,55.6,0.012895360714098626,BULLISH,RSI_NORMAL,LOW_VOLATILITY
2015-07-14,34.9,35.58,34.8,35.25,9680000.0,34.78,34.368,62.72189349112421,0.012973676443762244,BULLISH,RSI_NORMAL,LOW_VOLATILITY
2015-07-15,35.5,35.86,35.35,35.59,6870000.0,35.010000000000005,34.4795,64.60674157303367,0.012863187305726944,BULLISH,RSI_NORMAL,LOW_VOLATILITY
2015-07-16,35.84,37.15,35.56,36.95,24660000.0,35.476,34.626,68.23529411764702,0.01464179005304569,BULLISH,RSI_NORMAL,LOW_VOLATILITY
2015-07-17,37.42,37.56,36.73,36.85,14040000.0,35.898,34.7485,82.18623481781364,0.014624934678244734,BULLISH,RSI_HIGH,LOW_VOLATILITY
2015-07-20,37.01,37.17,36.65,36.9,5300000.0,36.30800000000001,34.874,81.11587982832604,0.014606808471257695,BULLISH,RSI_HIGH,LOW_VOLATILITY
2015-07-21,37.07,37.63,36.49,36.62,12590000.0,36.582,34.9905,74.04921700223701,0.014753805142550811,BULLISH,RSI_HIGH,LOW_VOLATILITY
2015-07-22,36.65,37.16,36.16,36.99,5130000.0,36.862,35.142,75.83333333333323,0.014494754711923094,BULLISH,RSI_HIGH,LOW_VOLATILITY
2015-07-23,37.34,38.28,37.19,37.97,18240000.0,37.066,35.339,79.89601386481789,0.015296298331863563,BULLISH,RSI_HIGH,LOW_VOLATILITY
2015-07-24,38.17,38.27,36.94,37.08,13130000.0,37.112,35.45399999999999,72.94303797468348,0.01608448529886866,BULLISH,RSI_HIGH,LOW_VOLATILITY
2015-07-27,39.48,39.68,37.02,37.19,40280000.0,37.17,35.63,70.15706806282714,0.01378906420447143,BULLISH,RSI_HIGH,LOW_VOLATILITY
2015-07-28,37.56,38.07,37.25,37.89,12990000.0,37.424,35.8245,78.79799666110182,0.014095977891008363,BULLISH,RSI_HIGH,LOW_VOLATILITY
2015-07-29,38.12,39.92,37.63,39.69,27310000.0,37.964,36.0855,83.31143232588697,0.01687736652057028,BULLISH,RSI_HIGH,LOW_VOLATILITY
2015-07-30,40.15,40.21,39.5,39.67,14480000.0,38.303999999999995,36.3435,82.82290279627165,0.0169128245972629,BULLISH,RSI_HIGH,LOW_VOLATILITY
2015-07-31,39.79,40.56,39.53,40.25,19210000.0,38.938,36.63,83.83458646616542,0.01691154600340615,BULLISH,RSI_HIGH,LOW_VOLATILITY
2015-08-03,40.26,41.96,40.21,41.66,20490000.0,39.83200000000001,37.004,85.65072302558399,0.017410739311655606,BULLISH,RSI_HIGH,LOW_VOLATILITY
2015-08-04,41.92,42.02,41.11,41.68,16489999.999999998,40.589999999999996,37.344,85.12110726643598,0.01735661900581474,BULLISH,RSI_HIGH,LOW_VOLATILITY
2015-08-05,41.82,41.94,40.64,40.85,10470000.0,40.822,37.6645,73.95577395577396,0.017904997731112586,BULLISH,RSI_HIGH,LOW_VOLATILITY
2015-08-06,40.95,41.01,39.65,40.21,10860000.0,40.93,37.944,69.35483870967744,0.018711013815855923,BULLISH,RSI_NORMAL,LOW_VOLATILITY
2015-08-07,40.3,40.85,39.8,40.05,12000000.0,40.89,38.209500000000006,67.91808873720136,0.01887255652168751,BULLISH,RSI_NORMAL,LOW_VOLATILITY
2015-08-10,40.02,40.4,39.42,39.57,5710000.0,40.472,38.445499999999996,66.40711902113462,0.01934557062607096,BULLISH,RSI_NORMAL,LOW_VOLATILITY
2015-08-11,39.55,39.83,38.29,38.48,11400000.0,39.832,38.607,57.67250257466527,0.020739783236068485,BEARISH,RSI_NORMAL,HIGH_VOLATILITY
2015-08-12,38.61,38.64,37.51,37.68,10950000.0,39.198,38.711499999999994,48.47848898216159,0.021454041515795313,BEARISH,RSI_NORMAL,HIGH_VOLATILITY
2015-08-13,37.98,38.76,37.73,37.96,12550000.0,38.748000000000005,38.762,54.932735426008996,0.019844242480676347,BEARISH,RSI_NORMAL,LOW_VOLATILITY
2015-08-14,38.13,38.97,37.87,38.83,11870000.0,38.504,38.861000000000004,58.47107438016529,0.020376135711094395,BEARISH,RSI_NORMAL,HIGH_VOLATILITY
2015-08-17,39.04,39.04,38.14,38.3,7880000.0,38.25,38.931,52.155625657202926,0.020706297417929738,BEARISH,RSI_NORMAL,HIGH_VOLATILITY
2015-08-18,38.38,38.66,37.38,37.5,12560000.0,38.054,38.975,37.132784958871916,0.021239340539124362,BEARISH,RSI_NORMAL,HIGH_VOLATILITY
2015-08-19,37.88,37.88,36.74,36.82,26580000.0,37.882,38.9665,34.460196292257336,0.0215663553114785,BEARISH,RSI_NORMAL,HIGH_VOLATILITY
2015-08-20,36.85,37.17,36.31,36.59,13040000.0,37.608,38.897499999999994,29.25170068027211,0.02067266280555795,BEARISH,RSI_LOW,HIGH_VOLATILITY
2015-08-21,36.36,36.46,35.81,36.17,15330000.0,37.076,38.852000000000004,14.942528735632209,0.020176120682944717,BEARISH,RSI_LOW,HIGH_VOLATILITY
2015-08-24,35.44,35.44,31.53,32.05,20650000.0,35.826,38.595,9.639564124056989,0.0322587379354795,BEARISH,RSI_LOW,HIGH_VOLATILITY
2015-08-25,32.43,33.97,29.82,33.68,29550000.0,35.062,38.3845,21.838177533385704,0.034331621607011614,BEARISH,RSI_LOW,HIGH_VOLATILITY
2015-08-26,33.38,34.31,32.49,33.99,13200000.0,34.496,38.09949999999999,24.919354838709694,0.03223573408113528,BEARISH,RSI_LOW,HIGH_VOLATILITY
2015-08-27,34.29,35.01,34.29,34.55,12170000.0,34.088,37.8435,28.515625,0.032642581821154426,BEARISH,RSI_LOW,HIGH_VOLATILITY
2015-08-28,34.78,36.11,34.78,35.1,16219999.999999998,33.874,37.586,32.63403263403265,0.03268775833498804,BEARISH,RSI_NORMAL,HIGH_VOLATILITY
2015-08-31,35.2,35.25,33.92,34.03,12770000.0,34.269999999999996,37.2045,32.68482490272376,0.031592967506133156,BEARISH,RSI_NORMAL,HIGH_VOLATILITY
2015-09-01,33.75,33.75,32.43,32.54,12260000.0,34.04200000000001,36.747499999999995,31.01920236336781,0.03239230540423236,BEARISH,RSI_NORMAL,HIGH_VOLATILITY
2015-09-02,32.93,34.09,32.65,33.08,18750000.0,33.86,36.359,32.31884057971014,0.03293412306811318,BEARISH,RSI_NORMAL,HIGH_VOLATILITY
2015-09-03,33.33,33.94,33.03,33.34,7980000.0,33.618,36.0155,29.188779378316937,0.03313895892535453,BEARISH,RSI_LOW,HIGH_VOLATILITY
2015-09-04,33.34,33.34,32.44,32.61,15930000.0,33.120000000000005,35.643499999999996,28.752800597460833,0.033244329877790246,BEARISH,RSI_LOW,HIGH_VOLATILITY
2015-09-07,32.61,32.78,31.62,31.88,16770000.0,32.690000000000005,35.259,28.903903903903924,0.03336348052186257,BEARISH,RSI_LOW,HIGH_VOLATILITY
2015-09-08,32.02,33.29,31.88,33.04,13870000.0,32.790000000000006,34.987,36.30434782608697,0.03465156792620651,BEARISH,RSI_NORMAL,HIGH_VOLATILITY
2015-09-09,33.84,34.24,33.41,33.85,23540000.0,32.944,34.795500000000004,40.47287899860919,0.03517947638670687,BEARISH,RSI_NORMAL,HIGH_VOLATILITY
2015-09-10,33.38,35.1,33.08,34.36,37580000.0,33.148,34.6155,43.74568071872841,0.0353594169947893,BEARISH,RSI_NORMAL,HIGH_VOLATILITY
2015-09-11,35.0,35.43,33.59,33.77,54380000.0,33.38000000000001,34.3625,57.861060329067655,0.034864922704227704,BEARISH,RSI_NORMAL,HIGH_VOLATILITY
2015-09-14,34.85,34.85,32.67,33.17,14210000.0,33.638000000000005,34.106,47.426841574167526,0.03492236612506041,BEARISH,RSI_NORMAL,HIGH_VOLATILITY
2015-09-15,33.18,33.79,32.38,32.96,11270000.0,33.62200000000001,33.879000000000005,44.750254841997965,0.03475941752741942,BEARISH,RSI_NORMAL,HIGH_VOLATILITY
2015-09-16,33.3,34.06,32.49,32.62,10170000.0,33.376,33.669,39.93743482794579,0.03465764837231792,BEARISH,RSI_NORMAL,HIGH_VOLATILITY
2015-09-18,33.29,33.78,32.72,32.96,13290000.0,33.096000000000004,33.4875,38.59275053304906,0.03483731858771598,BEARISH,RSI_NORMAL,HIGH_VOLATILITY
2015-09-21,33.18,33.82,33.03,33.4,9000000.0,33.022000000000006,33.349000000000004,46.4,0.03502159163271558,BULLISH,RSI_NORMAL,HIGH_VOLATILITY
2015-09-22,33.67,33.74,32.94,33.16,9080000.0,33.019999999999996,33.4045,54.13333333333331,0.023542095924302262,BEARISH,RSI_NORMAL,HIGH_VOLATILITY
2015-09-23,33.0,35.0,32.82,34.62,22770000.0,33.352000000000004,33.4515,59.14489311163893,0.02283454459585793,BULLISH,RSI_NORMAL,HIGH_VOLATILITY
2015-09-24,35.15,36.06,34.32,35.51,45330000.0,33.93,33.5275,61.98895027624305,0.02341369406112958,BULLISH,RSI_NORMAL,HIGH_VOLATILITY
2015-09-28,35.82,36.56,35.52,35.85,11620000.0,34.507999999999996,33.5925,68.70669745958428,0.023246383823842937,BULLISH,RSI_NORMAL,HIGH_VOLATILITY
2015-09-29,35.42,35.79,34.6,34.79,9060000.0,34.786,33.577,66.1846496106785,0.02403549499843456,BULLISH,RSI_NORMAL,HIGH_VOLATILITY
2015-09-30,35.15,35.3,34.09,34.41,7610000.0,35.036,33.596,58.34348355663821,0.023117420811772378,BULLISH,RSI_NORMAL,HIGH_VOLATILITY
2015-10-01,34.55,34.99,34.27,34.67,7380000.0,35.04600000000001,33.7025,55.35248041775456,0.020620631742594184,BULLISH,RSI_NORMAL,HIGH_VOLATILITY
2015-10-05,35.03,36.06,35.03,35.87,9730000.0,35.11800000000001,33.842,59.041916167664645,0.021598874693095526,BULLISH,RSI_NORMAL,HIGH_VOLATILITY
2015-10-06,36.67,37.17,35.54,36.02,18570000.0,35.152,33.976,64.22250316055622,0.021582415334651453,BULLISH,RSI_NORMAL,HIGH_VOLATILITY
2015-10-07,36.0,36.82,35.49,36.47,10530000.0,35.488,34.169,71.26288659793806,0.02075703494689747,BULLISH,RSI_HIGH,HIGH_VOLATILITY
2015-10-08,36.51,36.67,36.06,36.46,5090000.0,35.898,34.398,73.1481481481481,0.019740017414777888,BULLISH,RSI_HIGH,LOW_VOLATILITY
2015-10-09,36.58,37.09,36.45,36.59,7840000.0,36.282,34.5755,77.00680272108842,0.018485680841810445,BULLISH,RSI_HIGH,LOW_VOLATILITY
2015-10-12,36.76,36.91,36.36,36.57,4170000.0,36.422000000000004,34.711499999999994,75.67567567567562,0.017954717016670462,BULLISH,RSI_HIGH,LOW_VOLATILITY
2015-10-13,36.37,36.6,35.78,36.0,4650000.0,36.418000000000006,34.7935,68.15642458100555,0.018268053282636268,BULLISH,RSI_NORMAL,LOW_VOLATILITY
2015-10-14,35.89,36.32,35.7,35.95,3390000.0,36.31400000000001,34.902499999999996,70.01434720229557,0.01770623945554666,BULLISH,RSI_HIGH,LOW_VOLATILITY
2015-10-15,36.27,36.27,35.67,35.85,2800000.0,36.192,35.036500000000004,60.96256684491979,0.017074490428657954,BULLISH,RSI_NORMAL,LOW_VOLATILITY
2015-10-16,36.06,36.3,35.37,36.11,6250000.0,36.096000000000004,35.194,56.02409638554217,0.01691004836402852,BULLISH,RSI_NORMAL,LOW_VOLATILITY
2015-10-19,36.27,36.47,35.91,36.02,2440000.0,35.986000000000004,35.364,51.79704016913321,0.016632422021790123,BULLISH,RSI_NORMAL,LOW_VOLATILITY
2015-10-20,36.3,38.03,36.0,37.78,15790000.0,36.342000000000006,35.605000000000004,77.53222836095766,0.019288660273458512,BULLISH,RSI_HIGH,LOW_VOLATILITY
2015-10-21,38.06,38.15,36.36,37.28,10940000.0,36.608000000000004,35.799,75.8558558558559,0.01974034352237236,BULLISH,RSI_HIGH,LOW_VOLATILITY
2015-10-23,37.55,37.66,36.55,36.84,4580000.0,36.806000000000004,35.983,68.93542757417109,0.01992500310385936,BULLISH,RSI_NORMAL,LOW_VOLATILITY
2015-10-26,37.09,37.09,36.21,36.4,8730000.0,36.864000000000004,36.071999999999996,55.33199195171027,0.01806710537940718,BULLISH,RSI_NORMAL,LOW_VOLATILITY
2015-10-27,36.25,37.21,36.24,36.86,7600000.0,37.032000000000004,36.1395,57.954545454545425,0.01741427034846246,BULLISH,RSI_NORMAL,LOW_VOLATILITY
2015-10-28,36.86,37.24,36.36,36.73,8470000.0,36.822,36.183499999999995,52.62096774193546,0.017361056460347354,BULLISH,RSI_NORMAL,LOW_VOLATILITY
2015-10-29,36.71,37.58,36.55,36.92,31520000.0,36.75,36.29,54.47470817120623,0.015769338687623112,BULLISH,RSI_NORMAL,LOW_VOLATILITY
2015-10-30,38.03,38.45,37.42,37.69,23720000.0,36.92,36.454,59.515570934256,0.01588353032717408,BULLISH,RSI_NORMAL,LOW_VOLATILITY
2015-11-02,37.7,37.93,37.05,37.3,3290000.0,37.1,36.5855,55.93495934959347,0.016214019114362387,BULLISH,RSI_NORMAL,LOW_VOLATILITY
2015-11-03,37.61,38.33,36.52,38.12,11760000.0,37.352000000000004,36.698,66.56249999999999,0.015162146210897566,BULLISH,RSI_NORMAL,LOW_VOLATILITY
2015-11-04,38.33,38.79,37.68,38.06,7080000.0,37.61800000000001,36.8,66.45865834633386,0.01519619673588052,BULLISH,RSI_NORMAL,LOW_VOLATILITY
2015-11-05,37.88,38.04,37.42,37.58,3310000.0,37.75,36.8555,62.73932253313694,0.015394698274897665,BULLISH,RSI_NORMAL,LOW_VOLATILITY
2015-11-06,37.63,38.24,37.45,37.71,8560000.0,37.754000000000005,36.918,62.012012012012015,0.0153932720179852,BULLISH,RSI_NORMAL,LOW_VOLATILITY
2015-11-09,37.23,39.39,36.82,39.11,11810000.0,38.11600000000001,37.044,69.38519447929733,0.01730640171135476,BULLISH,RSI_NORMAL,LOW_VOLATILITY
2015-11-10,39.18,39.18,37.58,37.86,5990000.0,38.06400000000001,37.10850000000001,50.53619302949061,0.01903039173359882,BULLISH,RSI_NORMAL,LOW_VOLATILITY
2015-11-11,38.03,38.69,37.88,38.57,1380000.0,38.166000000000004,37.237,58.409387222946535,0.018917992284423816,BULLISH,RSI_NORMAL,LOW_VOLATILITY
2015-11-13,38.33,38.33,37.08,37.45,3770000.0,38.14,37.312,53.65269461077844,0.02026568437738165,BULLISH,RSI_NORMAL,HIGH_VOLATILITY
2015-11-16,37.42,38.29,37.13,37.83,4000000.0,38.164,37.411,58.624849215922794,0.020303254501928096,BULLISH,RSI_NORMAL,HIGH_VOLATILITY
2015-11-17,37.89,38.45,37.83,38.0,4960000.0,37.942,37.5055,57.12500000000001,0.020281386993540988,BULLISH,RSI_NORMAL,HIGH_VOLATILITY
2015-11-18,38.03,38.12,37.13,37.29,4280000.0,37.82800000000001,37.569,53.263403263403276,0.020817660466884286,BEARISH,RSI_NORMAL,HIGH_VOLATILITY
2015-11-19,37.46,37.95,37.29,37.82,2660000.0,37.678000000000004,37.571,55.04484304932735,0.017951624635803413,BULLISH,RSI_NORMAL,LOW_VOLATILITY
2015-11-20,37.88,38.39,37.54,37.97,8870000.0,37.782000000000004,37.6055,51.68674698795182,0.01768385849212879,BULLISH,RSI_NORMAL,LOW_VOLATILITY
2015-11-23,38.24,38.31,37.66,37.91,4150000.000000001,37.798,37.659,53.82685069008783,0.017438368635703996,BULLISH,RSI_NORMAL,LOW_VOLATILITY
2015-11-24,38.06,38.58,37.82,38.03,6780000.0,37.804,37.740500000000004,49.38101788170567,0.017146643815363058,BULLISH,RSI_NORMAL,LOW_VOLATILITY
2015-11-26,38.03,39.13,37.82,38.77,15330000.0,38.1,37.836,54.46540880503145,0.01742792400306688,BULLISH,RSI_NORMAL,LOW_VOLATILITY
2015-11-27,38.81,39.3,38.46,38.63,3940000.0,38.26200000000001,37.931,56.89881734559792,0.017429510376994528,BULLISH,RSI_NORMAL,LOW_VOLATILITY
2015-11-30,38.24,38.63,37.82,38.0,7240000.0,38.26800000000001,37.985,51.78791615289765,0.017922036259123784,BULLISH,RSI_NORMAL,LOW_VOLATILITY
2015-12-01,38.04,38.36,37.42,37.51,4440000.0,38.188,37.976,38.8888888888889,0.01759907182389314,BEARISH,RSI_NORMAL,LOW_VOLATILITY
2015-12-02,37.73,37.73,36.73,36.92,6120000.0,37.96600000000001,37.957,42.81345565749238,0.017804067246004772,BEARISH,RSI_NORMAL,LOW_VOLATILITY
2015-12-03,36.67,37.58,36.64,37.07,5700000.0,37.626000000000005,37.9045,37.458193979933114,0.01705550543411257,BEARISH,RSI_NORMAL,LOW_VOLATILITY
2015-12-04,36.76,37.55,36.68,37.15,3930000.0,37.330000000000005,37.858999999999995,46.96356275303639,0.017072267585975957,BEARISH,RSI_NORMAL,LOW_VOLATILITY
2015-12-07,37.56,37.56,36.76,37.08,3790000.0,37.146,37.834,41.90064794816417,0.01685776534097999,BEARISH,RSI_NORMAL,LOW_VOLATILITY
2015-12-08,36.91,37.27,36.67,36.81,3470000.0,37.00600000000001,37.789,37.420718816067684,0.016894885513739213,BEARISH,RSI_NORMAL,LOW_VOLATILITY
2015-12-09,36.73,37.12,35.91,36.28,6490000.0,36.878,37.6475,38.90109890109893,0.01452614567396982,BEARISH,RSI_NORMAL,LOW_VOLATILITY
2015-12-10,36.33,36.55,35.72,36.12,7390000.0,36.688,37.5605,29.665071770334933,0.012917034512580637,BEARISH,RSI_LOW,LOW_VOLATILITY
2015-12-11,36.21,36.65,35.27,35.49,6890000.0,36.35600000000001,37.4065,23.390557939914217,0.012339150915898961,BEARISH,RSI_LOW,LOW_VOLATILITY
2015-12-14,35.48,36.29,35.09,35.94,3630000.0,36.12800000000001,37.331,30.4950495049505,0.01138740755124257,BEARISH,RSI_NORMAL,LOW_VOLATILITY
2015-12-15,36.03,36.14,35.49,35.68,4980000.0,35.902,37.223499999999994,27.360308285163725,0.011070926360950655,BEARISH,RSI_LOW,LOW_VOLATILITY
2015-12-16,36.13,36.84,35.82,36.21,6120000.0,35.888000000000005,37.134,24.297188755020002,0.011659998998936919,BEARISH,RSI_LOW,LOW_VOLATILITY
2015-12-17,36.36,36.86,36.36,36.5,10450000.0,35.964000000000006,37.0945,29.23976608187128,0.011210342658932221,BEARISH,RSI_LOW,LOW_VOLATILITY
2015-12-18,36.52,37.86,36.37,37.38,32130000.000000004,36.342,37.072500000000005,44.2379182156134,0.012100740450194677,BULLISH,RSI_NORMAL,LOW_VOLATILITY
2015-12-21,37.06,38.3,37.06,38.12,13540000.0,36.778000000000006,37.08,55.417406749555965,0.01290063480495609,BULLISH,RSI_NORMAL,LOW_VOLATILITY
2015-12-22,38.03,38.76,37.91,38.49,12570000.0,37.34,37.109,64.51016635859523,0.013061021878823229,BULLISH,RSI_NORMAL,LOW_VOLATILITY
2015-12-23,38.63,38.85,37.97,38.55,5530000.0,37.808,37.135,63.90977443609023,0.01305090592475536,BULLISH,RSI_NORMAL,LOW_VOLATILITY
2015-12-24,38.94,40.44,38.61,39.91,20370000.0,38.49,37.192,70.90909090909093,0.014628032788178811,BULLISH,RSI_HIGH,LOW_VOLATILITY
2015-12-28,40.15,40.2,39.49,39.6,9020000.0,38.934000000000005,37.2405,68.42105263157902,0.014734369188647125,BULLISH,RSI_NORMAL,LOW_VOLATILITY
2015-12-29,39.72,40.89,39.64,40.72,21020000.0,39.45399999999999,37.3765,75.42262678803644,0.015286168732150418,BULLISH,RSI_HIGH,LOW_VOLATILITY
2015-12-30,41.0,41.7,40.79,40.98,16270000.0,39.952000000000005,37.55,81.67115902964966,0.01479298860907954,BULLISH,RSI_HIGH,LOW_VOLATILITY
2015-12-31,41.24,41.89,41.06,41.55,19480000.0,40.552,37.7815,84.6743295019158,0.014125441552864527,BULLISH,RSI_HIGH,LOW_VOLATILITY
2016-01-01,41.73,41.81,41.26,41.69,7630000.0,40.908,38.0125,92.23433242506819,0.01413134439509519,BULLISH,RSI_HIGH,LOW_VOLATILITY
2016-01-04,41.57,42.93,41.36,41.52,14440000.0,41.292,38.231,89.51841359773385,0.014288123553458107,BULLISH,RSI_HIGH,LOW_VOLATILITY
2016-01-05,41.79,42.18,41.18,41.4,8740000.0,41.428000000000004,38.446999999999996,91.3294797687862,0.014317862732960951,BULLISH,RSI_HIGH,LOW_VOLATILITY
2016-01-06,41.36,41.82,40.7,41.01,5920000.0,41.434000000000005,38.657,85.39823008849562,0.014426879745320476,BULLISH,RSI_HIGH,LOW_VOLATILITY
2016-01-07,41.0,41.0,38.93,39.21,14030000.0,40.966,38.8035,66.34499396863694,0.01770452546977762,BULLISH,RSI_NORMAL,LOW_VOLATILITY
2016-01-08,39.55,40.0,39.0,39.33,6600000.0,40.494,38.964000000000006,62.94820717131474,0.017595325381181744,BULLISH,RSI_NORMAL,LOW_VOLATILITY
2016-01-11,39.15,40.51,38.52,40.32,10050000.0,40.254,39.2055,64.13881748071984,0.017388342165770915,BULLISH,RSI_NORMAL,LOW_VOLATILITY
2016-01-12,40.67,41.5,40.44,40.61,16810000.0,40.096000000000004,39.439,63.76623376623378,0.017329635317177523,BULLISH,RSI_NORMAL,LOW_VOLATILITY
2016-01-13,40.91,41.21,39.23,40.6,17190000.0,40.014,39.685,63.39869281045757,0.017112109170833414,BULLISH,RSI_NORMAL,LOW_VOLATILITY
2016-01-14,40.06,40.3,39.09,39.63,5550000.0,40.098,39.856,48.071625344352654,0.018283900630531414,BEARISH,RSI_NORMAL,LOW_VOLATILITY
2016-01-15,39.8,40.15,37.67,38.17,6100000.0,39.866,39.939499999999995,41.49821640903685,0.020473654267805085,BEARISH,RSI_NORMAL,HIGH_VOLATILITY
2016-01-18,37.94,38.26,36.27,37.43,7670000.0,39.288000000000004,39.942,29.514321295143205,0.020360522146744036,BEARISH,RSI_LOW,HIGH_VOLATILITY
2016-01-19,37.58,38.27,36.99,38.12,5920000.0,38.790000000000006,39.942,33.09692671394798,0.02029391180705247,BEARISH,RSI_NORMAL,HIGH_VOLATILITY
2016-01-20,37.14,37.53,35.66,36.75,8480000.0,38.02,39.855000000000004,24.082073434125263,0.021687030929638317,BEARISH,RSI_LOW,HIGH_VOLATILITY
2016-01-21,37.0,37.57,35.24,35.52,16180000.0,37.198,39.703500000000005,20.19323671497584,0.022764863204100046,BEARISH,RSI_LOW,HIGH_VOLATILITY
2016-01-22,36.06,36.73,35.11,36.17,11600000.0,36.798,39.51649999999999,25.300092336103376,0.021511450237359005,BEARISH,RSI_LOW,HIGH_VOLATILITY
2016-01-25,36.71,37.24,36.36,36.65,7400000.0,36.64200000000001,39.369,28.775692582663055,0.021864313760139146,BEARISH,RSI_LOW,HIGH_VOLATILITY
2016-01-27,36.97,39.96,36.17,36.55,37510000.0,36.328,39.1605,29.541284403669692,0.020541321768848698,BEARISH,RSI_LOW,HIGH_VOLATILITY
2016-01-28,36.61,37.55,36.24,37.21,12520000.0,36.42,38.971999999999994,39.754098360655725,0.02104693134569083,BEARISH,RSI_NORMAL,HIGH_VOLATILITY
2016-01-29,37.3,37.61,36.88,37.32,5350000.0,36.78,38.7605,39.69230769230769,0.020679229842007606,BEARISH,RSI_NORMAL,HIGH_VOLATILITY
2016-02-01,37.73,37.83,37.03,37.38,6800000.0,37.022000000000006,38.545,33.33333333333333,0.02064476028148913,BEARISH,RSI_NORMAL,HIGH_VOLATILITY
2016-02-02,37.55,37.73,36.82,37.07,5510000.0,37.10600000000001,38.322500000000005,29.977375565610856,0.020653823026571257,BEARISH,RSI_LOW,HIGH_VOLATILITY
2016-02-03,36.77,37.58,36.33,36.85,7860000.0,37.166000000000004,38.095,29.2817679558011,0.02064520138104687,BEARISH,RSI_LOW,HIGH_VOLATILITY
2016-02-04,37.12,37.47,36.38,37.0,8500000.0,37.12400000000001,37.8945,34.021871202916145,0.020734000368425064,BEARISH,RSI_NORMAL,HIGH_VOLATILITY
2016-02-05,37.0,37.59,36.79,37.45,3780000.0,37.15,37.8065,45.01385041551247,0.018896597155380473,BEARISH,RSI_NORMAL,LOW_VOLATILITY
2016-02-08,37.45,38.05,37.12,37.28,4560000.0,37.13,37.70399999999999,48.87218045112783,0.018863273830178988,BEARISH,RSI_NORMAL,LOW_VOLATILITY
2016-02-09,36.67,37.09,36.38,36.64,4600000.0,37.044000000000004,37.519999999999996,38.78787878787881,0.017947618166120692,BEARISH,RSI_NORMAL,LOW_VOLATILITY
2016-02-10,36.73,36.73,35.84,36.0,6420000.0,36.87400000000001,37.2895,43.61158432708689,0.017940500510748178,BEARISH,RSI_NORMAL,LOW_VOLATILITY
2016-02-11,35.76,36.07,33.5,34.06,13680000.0,36.28600000000001,36.9625,38.90577507598785,0.020834662000262693,BEARISH,RSI_NORMAL,HIGH_VOLATILITY
2016-02-12,34.09,35.09,32.99,34.1,14820000.0,35.616,36.686,32.663316582914575,0.020614994622205795,BEARISH,RSI_NORMAL,HIGH_VOLATILITY
2016-02-15,34.55,35.89,34.51,35.19,4470000.0,35.198,36.537,38.90577507598785,0.02115648696777128,BEARISH,RSI_NORMAL,HIGH_VOLATILITY
2016-02-16,35.61,35.79,33.39,33.83,5980000.0,34.636,36.357,32.65306122448982,0.022308370586132158,BEARISH,RSI_NORMAL,HIGH_VOLATILITY
2016-02-17,33.61,34.11,32.73,33.94,11190000.0,34.224000000000004,36.147999999999996,27.572016460905317,0.021726712750468374,BEARISH,RSI_LOW,HIGH_VOLATILITY
2016-02-18,34.52,34.85,34.09,34.69,7630000.0,34.35,36.045,33.41740226986127,0.021328197826037253,BEARISH,RSI_NORMAL,HIGH_VOLATILITY
2016-02-19,34.24,34.54,34.02,34.23,5710000.0,34.376,35.9805,31.092436974789877,0.02024289745513541,BEARISH,RSI_NORMAL,HIGH_VOLATILITY
2016-02-22,34.51,35.58,34.18,35.08,8109999.999999999,34.354,35.926,38.782412626832006,0.02063072746205129,BEARISH,RSI_NORMAL,HIGH_VOLATILITY
2016-02-23,35.32,35.32,33.77,33.85,8420000.0,34.358000000000004,35.786,34.81781376518218,0.021637436138649838,BEARISH,RSI_NORMAL,HIGH_VOLATILITY
2016-02-24,33.91,34.48,32.79,33.06,9450000.0,34.182,35.6115,31.273764258555147,0.022073076894183658,BEARISH,RSI_NORMAL,HIGH_VOLATILITY
2016-02-25,33.33,33.58,31.97,32.33,8380000.000000001,33.71,35.3675,26.296296296296262,0.021709953503779206,BEARISH,RSI_LOW,HIGH_VOLATILITY
2016-02-26,32.55,32.68,31.82,31.99,8810000.0,33.26200000000001,35.101,25.888787602552398,0.021600757265116108,BEARISH,RSI_LOW,HIGH_VOLATILITY
2016-02-29,32.08,32.69,31.06,31.21,12760000.0,32.488,34.792500000000004,25.56255625562555,0.021807850378909182,BEARISH,RSI_LOW,HIGH_VOLATILITY
2016-03-01,31.06,31.62,30.55,31.49,19490000.0,32.016000000000005,34.5135,29.023255813953455,0.022165702268555524,BEARISH,RSI_LOW,HIGH_VOLATILITY
2016-03-02,31.88,32.58,31.7,31.84,12340000.0,31.772000000000002,34.263,37.88209606986898,0.022568961699525516,BEARISH,RSI_NORMAL,HIGH_VOLATILITY
2016-03-03,32.12,32.95,31.98,32.58,16990000.0,31.822000000000003,34.042,42.292089249492875,0.023455182130113276,BEARISH,RSI_NORMAL,HIGH_VOLATILITY
2016-03-04,32.88,33.63,32.27,33.35,14020000.0,32.09400000000001,33.837,40.35639412997906,0.024057247192670984,BEARISH,RSI_NORMAL,HIGH_VOLATILITY
2016-03-08,33.48,33.77,32.71,32.91,6110000.0,32.434000000000005,33.6185,44.66357308584686,0.02411674725315689,BEARISH,RSI_NORMAL,HIGH_VOLATILITY
2016-03-09,32.91,33.3,32.37,33.18,5200000.0,32.772000000000006,33.4455,45.6719817767654,0.02416212474944756,BEARISH,RSI_NORMAL,HIGH_VOLATILITY
2016-03-10,33.22,33.37,32.55,32.85,5290000.0,32.974000000000004,33.288,38.99521531100481,0.024010476326583003,BEARISH,RSI_NORMAL,HIGH_VOLATILITY
2016-03-11,32.85,33.48,32.64,32.93,7110000.0,33.044000000000004,33.2315,41.85463659147872,0.02100161441336248,BEARISH,RSI_NORMAL,HIGH_VOLATILITY
2016-03-14,33.06,33.24,31.95,32.57,10000000.0,32.888000000000005,33.154999999999994,33.24432576769027,0.021095488186390357,BEARISH,RSI_NORMAL,HIGH_VOLATILITY
2016-03-15,32.67,32.67,31.72,32.23,6050000.0,32.752,33.007,37.727272727272705,0.019569360501384827,BEARISH,RSI_NORMAL,LOW_VOLATILITY
2016-03-16,32.42,32.42,31.7,32.28,9020000.0,32.572,32.9295,43.344709897610926,0.01783250676442984,BEARISH,RSI_NORMAL,LOW_VOLATILITY
2016-03-17,32.58,33.21,32.42,32.85,12100000.0,32.572,32.875,54.561403508771946,0.018347449342146757,BEARISH,RSI_NORMAL,LOW_VOLATILITY
2016-03-18,33.15,33.57,32.96,33.42,13590000.0,32.67,32.8115,62.05733558178753,0.018054927199515975,BULLISH,RSI_NORMAL,LOW_VOLATILITY
2016-03-21,33.48,36.45,33.39,35.67,30390000.0,33.290000000000006,32.8835,80.13513513513509,0.023509243324202643,BULLISH,RSI_HIGH,HIGH_VOLATILITY
2016-03-22,36.06,36.42,35.69,36.1,21160000.0,34.06400000000001,32.9345,80.52980132450327,0.02303413508483983,BULLISH,RSI_HIGH,HIGH_VOLATILITY
2016-03-23,36.2,37.03,35.6,36.42,9750000.0,34.892,33.063,80.45212765957443,0.02138093559854006,BULLISH,RSI_HIGH,HIGH_VOLATILITY
2016-03-28,36.74,36.93,35.09,35.38,10000000.0,35.398,33.178999999999995,67.90281329923273,0.02175898399208326,BULLISH,RSI_NORMAL,HIGH_VOLATILITY
2016-03-29,35.47,36.15,35.2,35.76,8060000.000000001,35.86600000000001,33.3505,66.21803499327049,0.02094107174541898,BULLISH,RSI_NORMAL,HIGH_VOLATILITY
2016-03-30,36.24,36.85,35.88,36.66,12870000.0,36.064,33.584,73.76425855513308,0.02104613995926628,BULLISH,RSI_HIGH,HIGH_VOLATILITY
2016-03-31,36.94,37.85,36.27,37.1,26650000.0,36.264,33.878499999999995,74.31761786600497,0.019717306309260274,BULLISH,RSI_HIGH,LOW_VOLATILITY
2016-04-01,36.61,36.94,36.11,36.34,7250000.0,36.248000000000005,34.120999999999995,70.55359246171967,0.020780255862868365,BULLISH,RSI_HIGH,HIGH_VOLATILITY
2016-04-04,36.82,36.94,36.43,36.54,6460000.0,36.480000000000004,34.35600000000001,70.96399535423924,0.020765190443333293,BULLISH,RSI_HIGH,HIGH_VOLATILITY
2016-04-05,36.43,36.43,35.46,35.79,8650000.0,36.486000000000004,34.5165,67.88888888888889,0.02127553557663781,BULLISH,RSI_NORMAL,HIGH_VOLATILITY
2016-04-06,35.94,36.28,35.31,35.5,6180000.0,36.254000000000005,34.624,68.26815642458104,0.020987946435354794,BULLISH,RSI_NORMAL,HIGH_VOLATILITY
2016-04-07,35.61,35.61,34.64,34.92,11190000.0,35.818000000000005,34.7245,63.92405063291141,0.021129578800379935,BULLISH,RSI_NORMAL,HIGH_VOLATILITY
2016-04-08,35.15,35.68,34.68,35.38,5620000.0,35.626000000000005,34.8345,63.500533617929584,0.021220816415106085,BULLISH,RSI_NORMAL,HIGH_VOLATILITY
2016-04-11,35.52,35.61,34.32,34.87,8720000.0,35.29200000000001,34.935500000000005,57.78732545649837,0.021391865872960398,BEARISH,RSI_NORMAL,HIGH_VOLATILITY
2016-04-12,35.0,36.15,34.85,35.87,9550000.0,35.30800000000001,35.082499999999996,51.24069478908186,0.02213433223935036,BULLISH,RSI_NORMAL,HIGH_VOLATILITY
2016-04-13,36.25,36.82,35.91,36.18,8400000.0,35.444,35.263000000000005,50.50377833753148,0.021846291273253278,BULLISH,RSI_NORMAL,HIGH_VOLATILITY
2016-04-18,36.27,36.86,35.85,36.55,7560000.0,35.77,35.479,50.81351689612013,0.021539669668436668,BULLISH,RSI_NORMAL,HIGH_VOLATILITY
2016-04-20,36.55,36.99,36.13,36.31,6570000.0,35.956,35.680499999999995,56.4673157162726,0.021714117513136223,BULLISH,RSI_NORMAL,HIGH_VOLATILITY
2016-04-21,36.42,36.64,35.07,35.43,6350000.0,36.068000000000005,35.8095,47.85435630689208,0.022547194624145804,BEARISH,RSI_NORMAL,HIGH_VOLATILITY
2016-04-22,34.91,35.71,34.91,35.44,7200000.0,35.982000000000006,35.9105,41.029411764705884,0.02233830193522978,BEARISH,RSI_NORMAL,HIGH_VOLATILITY
2016-04-25,35.6,35.95,35.34,35.52,5380000.0,35.85,35.903000000000006,37.73291925465839,0.016470891379937153,BEARISH,RSI_NORMAL,LOW_VOLATILITY
2016-04-26,35.45,36.17,35.38,36.1,7310000.0,35.760000000000005,35.903,48.08306709265174,0.01666324010379424,BULLISH,RSI_NORMAL,LOW_VOLATILITY
2016-04-27,36.17,37.03,36.15,36.75,9730000.0,35.848,35.9195,51.564828614008945,0.017036552774510372,BULLISH,RSI_NORMAL,LOW_VOLATILITY
2016-04-28,36.91,37.35,35.7,35.87,16129999.999999998,35.936,35.944,50.58479532163741,0.016648223941208278,BEARISH,RSI_NORMAL,LOW_VOLATILITY
2016-04-29,36.06,36.54,35.61,35.81,5480000.0,36.010000000000005,35.9465,52.34493192133133,0.016489531625977938,BEARISH,RSI_NORMAL,LOW_VOLATILITY
2016-05-02,35.46,36.33,35.46,35.98,3580000.0,36.102,35.9125,58.548387096774164,0.015462324935931079,BULLISH,RSI_NORMAL,LOW_VOLATILITY
2016-05-03,36.2,36.33,35.48,35.63,4530000.0,36.008,35.839000000000006,52.052545155993435,0.01527610422449159,BEARISH,RSI_NORMAL,LOW_VOLATILITY
2016-05-04,35.55,35.87,34.55,34.75,5200000.0,35.608000000000004,35.7595,49.07120743034058,0.01557194173663134,BEARISH,RSI_NORMAL,LOW_VOLATILITY
2016-05-05,34.81,35.21,34.57,34.74,7490000.0,35.382000000000005,35.669500000000006,39.67093235831811,0.015476285952819404,BEARISH,RSI_NORMAL,LOW_VOLATILITY
2016-05-06,34.75,34.98,34.39,34.61,4350000.0,35.142,35.6105,35.16068052930052,0.014886006451223918,BEARISH,RSI_NORMAL,LOW_VOLATILITY
2016-05-09,34.69,35.18,34.56,34.92,7230000.0,34.93000000000001,35.5815,34.41682600382411,0.01498041177984986,BEARISH,RSI_NORMAL,LOW_VOLATILITY
2016-05-10,34.99,35.58,34.99,35.44,6590000.0,34.89200000000001,35.6075,42.10526315789468,0.014893745815380405,BEARISH,RSI_NORMAL,LOW_VOLATILITY
2016-05-11,35.03,35.38,34.7,35.07,3000000.0,34.956,35.592,46.4,0.014800680613644177,BEARISH,RSI_NORMAL,LOW_VOLATILITY
2016-05-12,35.06,35.42,35.05,35.15,2950000.0,35.038,35.606,47.14003944773175,0.01443101531382878,BEARISH,RSI_NORMAL,LOW_VOLATILITY
2016-05-13,35.12,35.14,34.73,34.82,3760000.0,35.08,35.5535,43.42105263157889,0.012953536991697592,BEARISH,RSI_NORMAL,LOW_VOLATILITY
2016-05-16,34.85,34.86,33.73,34.39,11060000.0,34.974000000000004,35.464,33.462282398452544,0.012947087773680107,BEARISH,RSI_NORMAL,LOW_VOLATILITY
2016-05-17,34.55,34.85,34.09,34.32,7110000.0,34.75,35.3525,23.529411764705785,0.012600703813485043,BEARISH,RSI_LOW,LOW_VOLATILITY
2016-05-18,34.25,35.03,34.09,34.84,6380000.0,34.70400000000001,35.279,37.825059101654865,0.013204584714885058,BEARISH,RSI_NORMAL,LOW_VOLATILITY
2016-05-19,34.85,34.9,33.71,33.87,5150000.0,34.448,35.201,31.128404669260632,0.013544671666716504,BEARISH,RSI_NORMAL,LOW_VOLATILITY
2016-05-20,34.03,34.21,33.18,33.34,17120000.0,34.152,35.096000000000004,26.00000000000003,0.013858184725068896,BEARISH,RSI_LOW,LOW_VOLATILITY
2016-05-23,33.51,34.09,33.1,33.29,5340000.0,33.932,34.9845,27.499999999999986,0.013809147646001189,BEARISH,RSI_LOW,LOW_VOLATILITY
2016-05-24,33.33,33.8,32.79,33.6,6900000.0,33.788000000000004,34.859500000000004,37.58099352051838,0.013370502563192324,BEARISH,RSI_NORMAL,LOW_VOLATILITY
2016-05-25,33.67,34.13,33.42,33.61,9640000.0,33.542,34.7025,37.79697624190063,0.012424538466819944,BEARISH,RSI_NORMAL,LOW_VOLATILITY
2016-05-26,33.7,34.39,33.7,34.06,12720000.0,33.58,34.612,44.44444444444448,0.012131704300126502,BEARISH,RSI_NORMAL,LOW_VOLATILITY
2016-05-27,34.36,36.52,34.36,35.85,27440000.0,34.08200000000001,34.614,57.231726283048204,0.017292075938570347,BULLISH,RSI_NORMAL,LOW_VOLATILITY
2016-05-30,36.21,36.33,35.45,36.1,10450000.0,34.644000000000005,34.62,55.35714285714288,0.017330037669477806,BULLISH,RSI_NORMAL,LOW_VOLATILITY
2016-05-31,36.24,36.24,35.61,35.7,4650000.0,35.06400000000001,34.6235,55.08885298869146,0.017373847907299875,BULLISH,RSI_NORMAL,LOW_VOLATILITY
2016-06-01,35.88,36.36,34.98,35.05,6770000.0,35.352000000000004,34.6385,49.26035502958578,0.01693865260026716,BULLISH,RSI_NORMAL,LOW_VOLATILITY
2016-06-02,35.21,35.42,34.74,35.29,3670000.0,35.598,34.666,53.52323838080957,0.016994806574568446,BULLISH,RSI_NORMAL,LOW_VOLATILITY
2016-06-03,35.61,35.65,34.55,34.65,5760000.0,35.358000000000004,34.668,51.88953488372091,0.01749991633380872,BEARISH,RSI_NORMAL,LOW_VOLATILITY
2016-06-06,34.76,36.18,34.76,35.95,13310000.0,35.328,34.7195,60.049321824907516,0.019322439402450778,BULLISH,RSI_NORMAL,LOW_VOLATILITY
2016-06-07,36.09,37.06,36.06,36.89,19360000.0,35.566,34.792,62.01641266119574,0.019884797160201903,BULLISH,RSI_NORMAL,LOW_VOLATILITY
2016-06-08,37.27,39.4,37.27,39.07,41730000.0,36.370000000000005,34.992000000000004,76.69404517453798,0.023338734939544675,BULLISH,RSI_HIGH,HIGH_VOLATILITY
2016-06-09,38.88,39.82,37.88,38.23,25260000.0,36.958,35.146,74.32835820895515,0.02411336192022657,BULLISH,RSI_HIGH,HIGH_VOLATILITY
2016-06-10,38.33,39.21,38.03,38.35,15450000.0,37.698,35.3225,74.99999999999997,0.023895883163346808,BULLISH,RSI_HIGH,HIGH_VOLATILITY
2016-06-13,38.17,38.31,37.52,37.75,7600000.0,38.05800000000001,35.4905,69.93275696445721,0.024033578639652917,BULLISH,RSI_NORMAL,HIGH_VOLATILITY
2016-06-14,37.97,38.24,37.31,37.68,7020000.0,38.216,35.658500000000004,69.43648519579747,0.024030844494179374,BULLISH,RSI_NORMAL,HIGH_VOLATILITY
2016-06-15,37.88,38.75,37.76,38.17,8460000.0,38.036,35.825,69.55280685061842,0.023987628755729965,BULLISH,RSI_NORMAL,HIGH_VOLATILITY
2016-06-16,38.39,38.87,38.12,38.46,13940000.0,38.08200000000001,36.054500000000004,64.48390677025523,0.02272167176117895,BULLISH,RSI_NORMAL,HIGH_VOLATILITY
2016-06-17,38.73,38.82,38.03,38.1,6650000.0,38.032000000000004,36.292500000000004,60.964912280701725,0.02243915992638967,BULLISH,RSI_NORMAL,HIGH_VOLATILITY
2016-06-20,37.91,39.44,37.73,38.93,14190000.0,38.26800000000001,36.5745,66.91099476439786,0.022582383866161283,BULLISH,RSI_NORMAL,HIGH_VOLATILITY
2016-06-21,39.27,39.51,38.7,38.9,12150000.0,38.512,36.8395,71.55655095184767,0.022666144512038744,BULLISH,RSI_HIGH,HIGH_VOLATILITY
2016-06-22,38.88,39.06,37.94,38.32,8900000.0,38.54200000000001,37.075,66.3430420711974,0.02317306408918127,BULLISH,RSI_NORMAL,HIGH_VOLATILITY
2016-06-23,38.31,38.75,38.05,38.62,5530000.0,38.574,37.303000000000004,72.22844344904813,0.023123526870524578,BULLISH,RSI_HIGH,HIGH_VOLATILITY
2016-06-24,36.42,38.09,35.76,37.82,10810000.0,38.51800000000001,37.4015,61.09134045077104,0.021173456219170824,BULLISH,RSI_NORMAL,HIGH_VOLATILITY
2016-06-27,38.03,38.45,37.79,38.11,6740000.0,38.354,37.501999999999995,57.840616966580974,0.021181076399779983,BULLISH,RSI_NORMAL,HIGH_VOLATILITY
2016-06-28,38.16,38.4,37.7,37.85,10660000.0,38.144,37.6095,39.590443686006836,0.021053937949569942,BULLISH,RSI_NORMAL,HIGH_VOLATILITY
2016-06-29,38.04,38.78,38.04,38.5,9330000.0,38.18,37.782,52.380952380952415,0.020648754450822617,BULLISH,RSI_NORMAL,HIGH_VOLATILITY
2016-06-30,38.79,39.0,38.21,38.4,10950000.0,38.136,37.9375,50.442477876106175,0.020709892754116395,BULLISH,RSI_NORMAL,HIGH_VOLATILITY
2016-07-01,38.48,38.88,38.48,38.54,7900000.0,38.28,38.132000000000005,57.61078998073218,0.020021948322459918,BULLISH,RSI_NORMAL,LOW_VOLATILITY
2016-07-04,38.78,39.08,38.52,38.62,10510000.0,38.382000000000005,38.265499999999996,59.03846153846153,0.018555696164718742,BULLISH,RSI_NORMAL,LOW_VOLATILITY
2016-07-05,38.76,39.14,38.48,38.63,5640000.0,38.538,38.352500000000006,54.87288135593222,0.017798512409065156,BULLISH,RSI_NORMAL,LOW_VOLATILITY
2016-07-07,39.03,39.06,38.33,38.48,5830000.0,38.534000000000006,38.32299999999999,50.218340611353675,0.011816004761462549,BULLISH,RSI_NORMAL,LOW_VOLATILITY
2016-07-08,38.57,38.57,37.88,38.13,4410000.0,38.480000000000004,38.318,50.32822757111598,0.010961065011990612,BEARISH,RSI_NORMAL,LOW_VOLATILITY
2016-07-11,38.36,38.7,38.05,38.12,6800000.0,38.396,38.3065,39.199999999999974,0.010934948870899576,BEARISH,RSI_NORMAL,LOW_VOLATILITY
2016-07-12,38.24,38.45,38.13,38.24,4330000.0,38.32,38.331,41.40625000000005,0.010332704746673166,BEARISH,RSI_NORMAL,LOW_VOLATILITY
2016-07-13,38.33,38.72,37.6,37.77,8250000.0,38.148,38.3355,42.62734584450407,0.01072437391802571,BEARISH,RSI_NORMAL,LOW_VOLATILITY
2016-07-14,37.88,38.85,37.45,38.76,13720000.0,38.204,38.365,51.58371040723983,0.01189833707126218,BULLISH,RSI_NORMAL,LOW_VOLATILITY
2016-07-15,38.84,38.97,37.85,37.96,10370000.0,38.17,38.339999999999996,51.58371040723983,0.012701768239378177,BEARISH,RSI_NORMAL,LOW_VOLATILITY
2016-07-18,38.17,38.32,37.58,37.67,5090000.0,38.080000000000005,38.3185,45.02262443438917,0.012644846010241463,BEARISH,RSI_NORMAL,LOW_VOLATILITY
2016-07-19,37.82,38.16,37.34,37.62,5790000.0,37.956,38.253,47.268408551068845,0.011506757170759756,BEARISH,RSI_NORMAL,LOW_VOLATILITY
2016-07-20,37.67,38.33,37.58,37.87,6440000.0,37.976,38.201499999999996,41.73228346456691,0.01165502536238639,BEARISH,RSI_NORMAL,LOW_VOLATILITY
2016-07-21,37.91,38.24,37.45,37.5,8990000.0,37.724000000000004,38.1605,38.97058823529415,0.011392291613302729,BEARISH,RSI_NORMAL,LOW_VOLATILITY
2016-07-22,37.49,37.77,37.17,37.46,9320000.0,37.62400000000001,38.1025,36.43216080402013,0.01120069690006776,BEARISH,RSI_NORMAL,LOW_VOLATILITY
2016-07-25,37.5,37.94,37.15,37.69,8270000.0,37.628,38.096000000000004,38.740920096852314,0.010348759090477413,BEARISH,RSI_NORMAL,LOW_VOLATILITY
2016-07-26,37.89,37.97,37.0,37.16,4660000.0,37.536,38.048500000000004,34.19354838709671,0.010624938098291905,BEARISH,RSI_NORMAL,LOW_VOLATILITY
2016-07-27,37.27,37.52,36.7,36.94,6980000.0,37.35,38.003,33.68644067796609,0.010601740958965553,BEARISH,RSI_NORMAL,LOW_VOLATILITY
2016-07-28,37.52,37.85,36.86,37.0,15300000.0,37.25,37.928,37.246049661399525,0.009719799515029789,BEARISH,RSI_NORMAL,LOW_VOLATILITY
2016-07-29,37.09,37.6,37.03,37.45,10120000.0,37.248000000000005,37.8805,43.121149897330646,0.010214980853478751,BEARISH,RSI_NORMAL,LOW_VOLATILITY
2016-08-01,37.45,38.12,37.43,37.6,10580000.0,37.230000000000004,37.8335,43.46938775510203,0.010224273273701925,BEARISH,RSI_NORMAL,LOW_VOLATILITY
2016-08-02,38.03,38.06,37.27,37.56,9100000.0,37.31,37.780499999999996,47.65100671140939,0.010195646346642752,BEARISH,RSI_NORMAL,LOW_VOLATILITY
2016-08-03,37.55,37.94,37.05,37.47,12180000.0,37.41600000000001,37.7225,31.932773109243712,0.01019099779776198,BEARISH,RSI_NORMAL,LOW_VOLATILITY
2016-08-04,37.69,37.72,37.18,37.3,4120000.0,37.476000000000006,37.6635,38.7755102040816,0.010200178787418936,BEARISH,RSI_NORMAL,LOW_VOLATILITY
2016-08-05,37.53,38.39,37.47,38.16,14060000.0,37.618,37.665000000000006,56.980056980056894,0.011403821767293185,BULLISH,RSI_NORMAL,LOW_VOLATILITY
2016-08-08,37.58,37.94,37.18,37.65,15770000.0,37.628,37.6415,50.37783375314862,0.011795410910687337,BULLISH,RSI_NORMAL,LOW_VOLATILITY
2016-08-09,37.72,38.06,37.53,37.63,8670000.0,37.642,37.611000000000004,46.79144385026745,0.011763278401006464,BULLISH,RSI_NORMAL,LOW_VOLATILITY
2016-08-10,37.64,37.79,37.27,37.33,5610000.0,37.614,37.589000000000006,47.68392370572205,0.01157824277974453,BEARISH,RSI_NORMAL,LOW_VOLATILITY
2016-08-11,37.33,37.38,36.41,36.7,7990000.0,37.494,37.486,41.0798122065728,0.010277729745626345,BEARISH,RSI_NORMAL,LOW_VOLATILITY
2016-08-12,36.82,37.33,36.68,37.23,3440000.0,37.308,37.4495,44.95614035087718,0.010041560956731036,BEARISH,RSI_NORMAL,LOW_VOLATILITY
2016-08-16,37.3,37.66,36.91,37.45,4590000.0,37.26800000000001,37.4385,53.411764705882426,0.01002156773973893,BULLISH,RSI_NORMAL,LOW_VOLATILITY
2016-08-17,37.52,37.83,37.34,37.59,4400000.0,37.260000000000005,37.437,57.793764988009656,0.010056731839467897,BULLISH,RSI_NORMAL,LOW_VOLATILITY
2016-08-18,37.33,37.65,37.02,37.15,3670000.0,37.224000000000004,37.400999999999996,51.64835164835163,0.010254469876314152,BEARISH,RSI_NORMAL,LOW_VOLATILITY
2016-08-19,37.27,37.57,37.13,37.26,2690000.0,37.336000000000006,37.388999999999996,47.74346793349164,0.010068950257263332,BEARISH,RSI_NORMAL,LOW_VOLATILITY
2016-08-22,37.24,37.48,36.97,37.04,3930000.0,37.298,37.368,43.45794392523362,0.010146831036153495,BEARISH,RSI_NORMAL,LOW_VOLATILITY
2016-08-23,37.07,37.1,36.74,36.99,4010000.0,37.206,37.333,43.35664335664335,0.010025790691577573,BEARISH,RSI_NORMAL,LOW_VOLATILITY
2016-08-24,37.03,37.37,36.92,37.21,3260000.0,37.13000000000001,37.3355,47.05882352941178,0.009632767064483511,BEARISH,RSI_NORMAL,LOW_VOLATILITY
2016-08-25,37.18,37.32,36.39,36.54,6530000.0,37.008,37.3155,42.276422764227654,0.010381057505922895,BEARISH,RSI_NORMAL,LOW_VOLATILITY
2016-08-26,36.64,37.15,36.58,36.95,3270000.0,36.946000000000005,37.313,36.46532438478754,0.010700917760442623,BEARISH,RSI_NORMAL,LOW_VOLATILITY
2016-08-29,37.0,37.24,36.67,36.82,2510000.0,36.902,37.2815,39.85330073349636,0.010329908404605069,BEARISH,RSI_NORMAL,LOW_VOLATILITY
2016-08-30,36.85,37.14,36.85,36.94,2960000.0,36.89200000000001,37.2485,41.766109785202815,0.010312981909207309,BEARISH,RSI_NORMAL,LOW_VOLATILITY
2016-08-31,37.08,37.67,36.74,36.98,5380000.0,36.846000000000004,37.2195,45.54707379134859,0.01032163787509413,BEARISH,RSI_NORMAL,LOW_VOLATILITY
2016-09-01,37.02,37.39,36.84,37.12,2820000.0,36.962,37.202,56.10465116279062,0.010361517892695472,BEARISH,RSI_NORMAL,LOW_VOLATILITY
2016-09-02,37.12,37.36,36.74,36.94,3830000.0,36.96,37.184000000000005,45.307443365695825,0.010368281983912701,BEARISH,RSI_NORMAL,LOW_VOLATILITY
2016-09-06,36.97,37.2,36.68,36.77,3370000.0,36.95,37.1145,38.81578947368421,0.008795529517655748,BEARISH,RSI_NORMAL,LOW_VOLATILITY
2016-09-07,37.09,37.09,36.52,36.67,7580000.0,36.896,37.0655,34.66666666666663,0.008371809108339644,BEARISH,RSI_NORMAL,LOW_VOLATILITY
2016-09-08,36.67,36.77,36.36,36.44,12230000.0,36.788000000000004,37.006,37.27598566308242,0.00844274396370901,BEARISH,RSI_NORMAL,LOW_VOLATILITY
2016-09-09,36.55,36.91,36.55,36.7,5340000.0,36.704,36.9745,40.476190476190574,0.008515431818852033,BEARISH,RSI_NORMAL,LOW_VOLATILITY
2016-09-12,36.22,37.02,35.79,36.36,6740000.0,36.58800000000001,36.957499999999996,38.88888888888893,0.00790828190747998,BEARISH,RSI_NORMAL,LOW_VOLATILITY
2016-09-14,36.48,36.48,36.06,36.13,4490000.0,36.46,36.902499999999996,36.728395061728435,0.0071821584522945466,BEARISH,RSI_NORMAL,LOW_VOLATILITY
2016-09-15,36.36,37.06,36.15,36.95,12280000.0,36.516000000000005,36.8775,46.61458333333337,0.008872366541240647,BULLISH,RSI_NORMAL,LOW_VOLATILITY
2016-09-16,37.18,37.39,36.53,36.72,11110000.0,36.572,36.834,52.6470588235294,0.008893590866975925,BEARISH,RSI_NORMAL,LOW_VOLATILITY
2016-09-19,37.06,37.58,37.0,37.44,11200000.0,36.720000000000006,36.848499999999994,56.603773584905575,0.009657797439815841,BULLISH,RSI_NORMAL,LOW_VOLATILITY
2016-09-20,37.64,37.99,37.35,37.51,14820000.0,36.95,36.861,59.4520547945205,0.009645838296228927,BULLISH,RSI_NORMAL,LOW_VOLATILITY
2016-09-21,37.7,38.03,37.43,37.73,12500000.0,37.269999999999996,36.8955,60.533333333333296,0.00960127466405315,BULLISH,RSI_NORMAL,LOW_VOLATILITY
2016-09-22,38.15,38.18,37.76,38.07,12520000.0,37.494,36.9495,63.4567901234568,0.009748100716557666,BULLISH,RSI_NORMAL,LOW_VOLATILITY
2016-09-23,38.18,38.64,38.05,38.22,26270000.0,37.794,37.0,63.54679802955663,0.009709993175418093,BULLISH,RSI_NORMAL,LOW_VOLATILITY
2016-09-26,37.97,38.64,37.88,38.34,26830000.0,37.974000000000004,37.089999999999996,67.5,0.008572071660226263,BULLISH,RSI_NORMAL,LOW_VOLATILITY
2016-09-27,38.42,38.91,38.42,38.78,28610000.0,38.228,37.1815,73.53629976580784,0.008586032460355907,BULLISH,RSI_HIGH,LOW_VOLATILITY
2016-09-28,39.03,39.03,38.7,38.82,13160000.0,38.446000000000005,37.2815,75.53444180522554,0.008479057423647038,BULLISH,RSI_HIGH,LOW_VOLATILITY
2016-09-29,38.92,39.36,37.16,37.34,56860000.0,38.3,37.3015,58.24175824175828,0.012450376957921163,BULLISH,RSI_NORMAL,LOW_VOLATILITY
2016-09-30,37.69,38.01,37.34,37.72,12570000.0,38.2,37.3385,59.139784946236524,0.01263315721860772,BULLISH,RSI_NORMAL,LOW_VOLATILITY
2016-10-03,37.72,38.79,37.72,38.57,8480000.0,38.246,37.411,68.14449917898196,0.01351061386267895,BULLISH,RSI_NORMAL,LOW_VOLATILITY
2016-10-04,38.87,38.87,38.26,38.48,5910000.0,38.186,37.488,69.7478991596638,0.013455038062521242,BULLISH,RSI_NORMAL,LOW_VOLATILITY
2016-10-05,38.75,38.75,38.39,38.57,11830000.0,38.136,37.578,65.5172413793103,0.013361423765384524,BULLISH,RSI_NORMAL,LOW_VOLATILITY
2016-10-06,38.61,38.95,38.35,38.55,11700000.0,38.378,37.672000000000004,68.26347305389218,0.01332537656868635,BULLISH,RSI_NORMAL,LOW_VOLATILITY
2016-10-07,38.55,38.67,38.19,38.41,5230000.0,38.516000000000005,37.7705,60.94808126410832,0.013245815221858689,BULLISH,RSI_NORMAL,LOW_VOLATILITY
2016-10-10,38.63,38.64,37.97,38.0,5920000.0,38.402,37.835499999999996,55.13626834381553,0.013528987505093532,BULLISH,RSI_NORMAL,LOW_VOLATILITY
2016-10-13,38.13,38.13,37.58,37.7,6920000.0,38.246,37.9025,49.690721649484594,0.01347323075939663,BEARISH,RSI_NORMAL,LOW_VOLATILITY
2016-10-14,37.82,38.63,37.61,38.47,11870000.0,38.226,38.01950000000001,53.78787878787878,0.013933776760704824,BULLISH,RSI_NORMAL,LOW_VOLATILITY
2016-10-17,38.78,38.79,38.27,38.33,9590000.0,38.182,38.088499999999996,51.04364326375712,0.013224246278900427,BULLISH,RSI_NORMAL,LOW_VOLATILITY
2016-10-18,38.39,38.93,38.04,38.84,13390000.0,38.26800000000001,38.1945,54.41696113074206,0.01331205542531619,BULLISH,RSI_NORMAL,LOW_VOLATILITY
2016-10-19,38.94,39.07,38.42,38.56,10090000.0,38.38000000000001,38.2505,48.00000000000001,0.012883761120440042,BULLISH,RSI_NORMAL,LOW_VOLATILITY
2016-10-20,38.55,38.82,38.49,38.66,5920000.0,38.572,38.30800000000001,48.56115107913666,0.01288570927574644,BULLISH,RSI_NORMAL,LOW_VOLATILITY
2016-10-21,38.67,38.78,38.11,38.31,3520000.0,38.540000000000006,38.337,60.94808126410836,0.013055914806366078,BEARISH,RSI_NORMAL,LOW_VOLATILITY
2016-10-24,38.57,38.79,38.31,38.44,3420000.0,38.562000000000005,38.3555,58.61244019138756,0.01293079489434507,BULLISH,RSI_NORMAL,LOW_VOLATILITY
2016-10-25,38.45,38.61,38.18,38.43,2110000.0,38.480000000000004,38.366,47.90419161676645,0.012907159861223535,BULLISH,RSI_NORMAL,LOW_VOLATILITY
2016-10-26,38.43,38.48,38.03,38.17,2590000.0,38.402,38.3575,45.58404558404564,0.012984440018425915,BEARISH,RSI_NORMAL,LOW_VOLATILITY
2016-10-27,37.94,38.45,37.94,38.16,5720000.0,38.30200000000001,38.326499999999996,44.02332361516027,0.012693700413022034,BEARISH,RSI_NORMAL,LOW_VOLATILITY
2016-10-28,39.39,40.23,38.91,39.43,41730000.0,38.526,38.357,59.40170940170946,0.014802217531059881,BULLISH,RSI_NORMAL,LOW_VOLATILITY
2016-10-30,39.7,40.48,39.61,40.23,5840000.0,38.884,38.5015,67.04119850187271,0.01224158979689148,BULLISH,RSI_NORMAL,LOW_VOLATILITY
2016-11-01,40.3,40.72,40.0,40.31,16200000.0,39.260000000000005,38.63099999999999,73.05389221556894,0.01215387653976905,BULLISH,RSI_HIGH,LOW_VOLATILITY
2016-11-02,39.88,39.88,39.39,39.45,6850000.0,39.516,38.675,65.7091561938959,0.012472409274806608,BULLISH,RSI_NORMAL,LOW_VOLATILITY
2016-11-03,39.48,40.13,39.43,39.56,9570000.0,39.79600000000001,38.729,61.09979633401226,0.01244855891061936,BULLISH,RSI_NORMAL,LOW_VOLATILITY
2016-11-04,39.78,39.96,38.98,39.39,10960000.0,39.788000000000004,38.769999999999996,60.72874493927128,0.012512121696297358,BULLISH,RSI_NORMAL,LOW_VOLATILITY
2016-11-07,39.73,40.12,39.36,39.45,5020000.0,39.632000000000005,38.815,56.79287305122495,0.012506324270796938,BULLISH,RSI_NORMAL,LOW_VOLATILITY
2016-11-08,39.63,40.24,39.63,39.98,5200000.0,39.56600000000001,38.8935,64.97890295358647,0.012737369937090195,BULLISH,RSI_NORMAL,LOW_VOLATILITY
2016-11-09,38.45,39.8,36.49,39.5,11720000.0,39.57600000000001,38.9685,58.20312500000005,0.01281083010207527,BULLISH,RSI_NORMAL,LOW_VOLATILITY
2016-11-10,39.88,41.94,39.83,41.32,10140000.0,39.928000000000004,39.1495,72.83763277693474,0.01592045110081988,BULLISH,RSI_HIGH,LOW_VOLATILITY
2016-11-11,40.82,41.16,39.37,39.46,6720000.0,39.942,39.199,56.12980769230771,0.018956581474641562,BULLISH,RSI_NORMAL,LOW_VOLATILITY
2016-11-15,39.92,39.92,38.4,39.07,7810000.0,39.866,39.236000000000004,53.67816091954023,0.019095576031039434,BEARISH,RSI_NORMAL,LOW_VOLATILITY
2016-11-16,39.64,40.12,38.86,39.59,7520000.0,39.788000000000004,39.2735,57.92410714285715,0.01909570826971338,BULLISH,RSI_NORMAL,LOW_VOLATILITY
2016-11-17,39.29,40.15,38.91,39.84,5740000.0,39.85600000000001,39.3375,59.13043478260873,0.019024200909476145,BULLISH,RSI_NORMAL,LOW_VOLATILITY
2016-11-18,39.61,39.97,39.41,39.63,8050000.000000001,39.51800000000001,39.386,51.228501228501244,0.019088234038644552,BULLISH,RSI_NORMAL,LOW_VOLATILITY
2016-11-21,39.63,39.82,38.41,38.73,7110000.0,39.372,39.407,40.89805825242719,0.019716268712130933,BEARISH,RSI_NORMAL,LOW_VOLATILITY
2016-11-22,38.94,39.65,38.63,39.4,7610000.0,39.438,39.455,44.84711211778028,0.02005739191334311,BEARISH,RSI_NORMAL,HIGH_VOLATILITY
2016-11-23,39.67,39.74,38.83,39.22,13910000.0,39.364000000000004,39.4945,48.5889570552147,0.020099534956214426,BEARISH,RSI_NORMAL,HIGH_VOLATILITY
2016-11-24,38.91,39.82,38.85,39.35,9230000.0,39.266000000000005,39.5535,48.71481028151775,0.02001523539802174,BEARISH,RSI_NORMAL,LOW_VOLATILITY
2016-11-25,39.74,40.04,39.29,39.54,6720000.0,39.248000000000005,39.622499999999995,50.91575091575091,0.02002115648120293,BEARISH,RSI_NORMAL,LOW_VOLATILITY
2016-11-28,39.36,42.27,39.36,41.97,27130000.0,39.896,39.7495,61.931818181818166,0.02309568314877551,BULLISH,RSI_NORMAL,HIGH_VOLATILITY
2016-11-29,42.42,43.24,42.05,42.65,29430000.0,40.54600000000001,39.8705,62.46498599439776,0.022955823633778738,BULLISH,RSI_NORMAL,HIGH_VOLATILITY
2016-11-30,42.65,43.79,42.6,43.61,21260000.0,41.424,40.0355,68.3646112600536,0.023355222874870876,BULLISH,RSI_NORMAL,HIGH_VOLATILITY
2016-12-01,43.61,44.15,43.17,43.45,17910000.0,42.24400000000001,40.2355,61.175236096537255,0.022662524738797544,BULLISH,RSI_NORMAL,HIGH_VOLATILITY
2016-12-02,43.5,44.09,42.8,43.0,10180000.0,42.936,40.4075,71.7980295566502,0.02292167434549009,BULLISH,RSI_HIGH,HIGH_VOLATILITY
2016-12-05,43.29,43.58,43.0,43.38,7460000.0,43.218,40.607,76.57213316892722,0.02284666850056842,BULLISH,RSI_HIGH,HIGH_VOLATILITY
2016-12-06,43.76,44.76,43.48,44.15,19840000.0,43.51800000000001,40.842,77.27272727272722,0.023001268177281712,BULLISH,RSI_HIGH,HIGH_VOLATILITY
2016-12-07,44.45,44.7,43.94,44.2,14650000.0,43.636,41.053000000000004,76.71568627450976,0.022953404848484772,BULLISH,RSI_HIGH,HIGH_VOLATILITY
2016-12-08,45.07,45.62,44.3,44.86,15580000.0,43.918000000000006,41.321000000000005,80.37166085946569,0.02267449825369449,BULLISH,RSI_HIGH,HIGH_VOLATILITY
2016-12-09,45.58,46.03,45.08,45.71,15620000.0,44.46,41.540499999999994,90.77102803738319,0.0209349522637541,BULLISH,RSI_HIGH,HIGH_VOLATILITY
2016-12-12,45.45,46.21,45.05,45.63,10950000.0,44.910000000000004,41.849000000000004,89.08406524466753,0.017403118187210475,BULLISH,RSI_HIGH,LOW_VOLATILITY
2016-12-13,45.45,45.88,44.5,44.66,10120000.0,45.012,42.1285,81.05022831050225,0.018167792246869218,BULLISH,RSI_HIGH,LOW_VOLATILITY
2016-12-14,44.77,45.09,43.06,43.18,11500000.0,44.80800000000001,42.308,68.94164193867456,0.02015990268973326,BULLISH,RSI_NORMAL,HIGH_VOLATILITY
2016-12-15,42.48,44.32,42.48,43.61,11340000.0,44.55800000000001,42.4965,69.66183574879227,0.020193219147589956,BULLISH,RSI_NORMAL,HIGH_VOLATILITY
2016-12-16,43.91,44.09,43.4,43.79,6760000.0,44.174,42.704499999999996,61.23456790123457,0.020057320337508844,BULLISH,RSI_NORMAL,HIGH_VOLATILITY
2016-12-19,44.09,44.63,43.44,43.62,10820000.0,43.772000000000006,42.949,56.38998682476942,0.019097683813619825,BULLISH,RSI_NORMAL,LOW_VOLATILITY
2016-12-20,43.85,43.97,42.67,42.79,7060000.0,43.398,43.1185,44.50402144772118,0.019697926565622633,BEARISH,RSI_NORMAL,LOW_VOLATILITY
2016-12-21,43.03,43.48,42.47,42.84,7210000.0,43.33,43.2995,45.85034013605443,0.019603262404627727,BEARISH,RSI_NORMAL,LOW_VOLATILITY
2016-12-22,42.82,42.85,41.58,42.25,11360000.0,43.05800000000001,43.4445,44.993324432576784,0.020030104032756693,BEARISH,RSI_NORMAL,HIGH_VOLATILITY
2016-12-23,42.43,42.73,41.67,41.97,9660000.0,42.694,43.566,40.46008119079836,0.020160999791549897,BEARISH,RSI_NORMAL,HIGH_VOLATILITY
2016-12-26,42.12,42.21,40.78,41.1,6530000.0,42.190000000000005,43.5225,29.63951935914558,0.015492088805552681,BEARISH,RSI_LOW,LOW_VOLATILITY
2016-12-27,41.21,41.85,40.31,41.58,9690000.0,41.94800000000001,43.469,33.45959595959593,0.015260066476056811,BEARISH,RSI_NORMAL,LOW_VOLATILITY
2016-12-28,41.82,41.97,40.94,41.18,6700000.0,41.61600000000001,43.347500000000004,25.979112271540487,0.0142982639611567,BEARISH,RSI_LOW,LOW_VOLATILITY
2016-12-29,41.4,41.82,40.94,41.44,15370000.0,41.45400000000001,43.247,19.80198019801979,0.014438598396756189,BEARISH,RSI_LOW,LOW_VOLATILITY
2016-12-30,41.74,42.23,41.48,41.67,12500000.0,41.394,43.1805,22.57617728531858,0.014407535526008809,BEARISH,RSI_LOW,LOW_VOLATILITY
2017-01-02,41.97,41.97,41.0,41.38,8990000.0,41.45,43.0805,24.923547400611668,0.0142447936610325,BEARISH,RSI_LOW,LOW_VOLATILITY
2017-01-03,41.58,43.2,41.42,43.13,20320000.0,41.760000000000005,43.0295,49.63289280469899,0.01687360729869379,BULLISH,RSI_NORMAL,LOW_VOLATILITY
2017-01-04,43.45,43.95,43.18,43.4,18360000.0,42.204,42.9895,48.42105263157894,0.0169470418001335,BULLISH,RSI_NORMAL,LOW_VOLATILITY
2017-01-05,43.64,44.0,43.09,43.39,7330000.0,42.59400000000001,42.916,46.91358024691359,0.016541611528079116,BULLISH,RSI_NORMAL,LOW_VOLATILITY
2017-01-06,43.5,43.88,42.68,42.78,16340000.0,42.816,42.7695,43.930635838150316,0.016029077446343215,BULLISH,RSI_NORMAL,LOW_VOLATILITY
2017-01-09,42.92,45.61,42.46,44.07,31380000.0,43.354,42.691500000000005,58.67208672086723,0.017681791168638807,BULLISH,RSI_NORMAL,LOW_VOLATILITY
2017-01-10,44.51,46.3,44.34,45.81,45540000.0,43.89,42.749,66.37265711135612,0.019270843515676945,BULLISH,RSI_NORMAL,LOW_VOLATILITY
2017-01-11,46.76,46.92,46.02,46.29,28560000.0,44.468,42.9045,72.54464285714289,0.017541190796958685,BULLISH,RSI_HIGH,LOW_VOLATILITY
2017-01-12,46.41,47.52,46.36,47.0,23400000.0,45.190000000000005,43.074,76.78381256656021,0.01768404326433315,BULLISH,RSI_HIGH,LOW_VOLATILITY
2017-01-13,47.12,47.18,46.06,46.32,10850000.0,45.898,43.2005,78.36956521739134,0.018153886303174535,BULLISH,RSI_HIGH,LOW_VOLATILITY
2017-01-16,46.32,46.62,45.77,46.35,8160000.0,46.354000000000006,43.337,77.2571428571429,0.01809208942019021,BULLISH,RSI_HIGH,LOW_VOLATILITY
2017-01-17,46.72,46.79,45.67,45.9,6090000.0,46.372,43.4925,76.81818181818181,0.01760305267292285,BULLISH,RSI_HIGH,LOW_VOLATILITY
2017-01-18,45.9,46.32,45.53,45.82,11970000.0,46.278000000000006,43.6415,75.40603248259863,0.017636742226664857,BULLISH,RSI_HIGH,LOW_VOLATILITY
2017-01-19,45.91,46.12,44.92,45.15,13660000.0,45.908,43.786500000000004,69.20529801324503,0.01768157078627561,BULLISH,RSI_NORMAL,LOW_VOLATILITY
2017-01-20,45.06,45.4,44.12,44.69,10200000.0,45.58200000000001,43.9225,67.93066088840735,0.017806106366805803,BULLISH,RSI_NORMAL,LOW_VOLATILITY
2017-01-23,44.85,46.06,44.62,45.89,14910000.0,45.49,44.162,65.89861751152073,0.01760504085482428,BULLISH,RSI_NORMAL,LOW_VOLATILITY
2017-01-24,46.3,46.48,45.83,46.06,11600000.0,45.522000000000006,44.386,65.5011655011655,0.017552068713587065,BULLISH,RSI_NORMAL,LOW_VOLATILITY
2017-01-25,46.39,46.45,45.75,45.89,12170000.0,45.536,44.6215,64.3020594965675,0.017336014155975178,BULLISH,RSI_NORMAL,LOW_VOLATILITY
2017-01-27,45.97,47.56,45.92,46.69,23100000.0,45.84400000000001,44.884,71.89249720044789,0.017538233986542258,BULLISH,RSI_HIGH,LOW_VOLATILITY
2017-01-30,48.18,49.24,47.75,48.03,63850000.0,46.512,45.202,72.04899777282849,0.018247790609005665,BULLISH,RSI_HIGH,LOW_VOLATILITY
2017-01-31,48.0,48.02,46.55,46.67,47110000.0,46.668000000000006,45.466499999999996,54.99999999999999,0.01969275949730163,BULLISH,RSI_NORMAL,LOW_VOLATILITY
2017-02-01,46.96,47.69,46.76,47.53,25770000.0,46.962,45.6865,56.90423162583519,0.018046018685537173,BULLISH,RSI_NORMAL,LOW_VOLATILITY
2017-02-02,47.39,47.86,46.7,46.84,16410000.0,47.152,45.85850000000001,49.107142857142875,0.018561705169386458,BULLISH,RSI_NORMAL,LOW_VOLATILITY
2017-02-03,46.85,47.56,46.52,46.8,15790000.0,47.174,46.029,52.88461538461536,0.018569678081482157,BULLISH,RSI_NORMAL,LOW_VOLATILITY
2017-02-06,46.95,47.44,46.46,46.57,11410000.0,46.882000000000005,46.2185,51.29107981220656,0.01821201386556336,BULLISH,RSI_NORMAL,LOW_VOLATILITY
2017-02-07,46.67,47.65,46.67,47.43,18650000.0,47.034000000000006,46.3865,58.56662933930571,0.01751670144303675,BULLISH,RSI_NORMAL,LOW_VOLATILITY
2017-02-08,47.76,48.12,46.87,47.44,13350000.0,47.016000000000005,46.468,59.14221218961623,0.015380046099673361,BULLISH,RSI_NORMAL,LOW_VOLATILITY
2017-02-09,47.78,47.92,47.12,47.4,11170000.0,47.128,46.5235,63.66950182260024,0.015254055689604473,BULLISH,RSI_NORMAL,LOW_VOLATILITY
2017-02-10,47.41,47.54,46.7,46.78,6970000.0,47.124,46.5125,62.45530393325389,0.015200649720454906,BULLISH,RSI_NORMAL,LOW_VOLATILITY
2017-02-13,46.97,47.0,45.97,46.26,7560000.0,47.062,46.5095,52.39948119325549,0.015051927278133419,BEARISH,RSI_NORMAL,LOW_VOLATILITY
2017-02-14,46.45,46.77,45.67,45.75,18590000.0,46.726,46.4795,48.07453416149067,0.015252179698358119,BEARISH,RSI_NORMAL,LOW_VOLATILITY
2017-02-15,46.14,46.75,46.09,46.2,23130000.0,46.478,46.4945,51.860744297719094,0.015260018754639915,BEARISH,RSI_NORMAL,LOW_VOLATILITY
2017-02-16,46.33,46.45,46.0,46.25,12280000.0,46.248000000000005,46.516,47.097625329815315,0.015251860991542797,BEARISH,RSI_NORMAL,LOW_VOLATILITY
2017-02-17,46.49,46.88,46.09,46.29,7980000.0,46.15,46.573,36.146496815286596,0.014826761818340629,BEARISH,RSI_NORMAL,LOW_VOLATILITY
2017-02-20,46.3,46.82,46.09,46.54,11230000.0,46.206,46.665499999999994,48.742746615087015,0.014596140834950868,BEARISH,RSI_NORMAL,LOW_VOLATILITY
2017-02-21,46.67,47.58,46.52,47.28,11340000.0,46.512,46.735,47.52475247524752,0.013803866981181164,BULLISH,RSI_NORMAL,LOW_VOLATILITY
2017-02-22,45.88,46.3,45.67,45.77,42310000.0,46.426,46.7205,40.88586030664394,0.01568778385376127,BEARISH,RSI_NORMAL,LOW_VOLATILITY
2017-02-23,45.7,46.78,45.47,45.62,44610000.0,46.3,46.70700000000001,40.133779264214034,0.015683210091003583,BEARISH,RSI_NORMAL,LOW_VOLATILITY
2017-02-27,45.72,46.06,45.4,45.7,77750000.0,46.182,46.6575,42.53859348198974,0.015138994686486693,BEARISH,RSI_NORMAL,LOW_VOLATILITY
2017-02-28,45.77,46.18,45.77,45.93,25550000.0,46.06,46.5525,35.576923076923094,0.013538836496519163,BEARISH,RSI_NORMAL,LOW_VOLATILITY
2017-03-01,45.97,46.21,45.95,46.1,13330000.0,45.824,46.524,37.50000000000006,0.01209771169043506,BEARISH,RSI_NORMAL,LOW_VOLATILITY
2017-03-02,46.11,46.42,45.45,45.56,12680000.0,45.782000000000004,46.4255,34.30034129692838,0.011471119652512221,BEARISH,RSI_NORMAL,LOW_VOLATILITY
2017-03-03,45.45,45.72,45.04,45.3,16430000.0,45.718,46.3485,36.54545454545455,0.011131347344164629,BEARISH,RSI_NORMAL,LOW_VOLATILITY
2017-03-06,45.45,46.48,45.45,46.37,15500000.0,45.852000000000004,46.327,50.9090909090909,0.012482244203317752,BULLISH,RSI_NORMAL,LOW_VOLATILITY
2017-03-07,46.67,46.7,46.19,46.38,11110000.0,45.942,46.3175,55.67567567567568,0.012436941004512916,BULLISH,RSI_NORMAL,LOW_VOLATILITY
2017-03-08,46.42,46.46,45.76,46.1,8640000.0,45.942,46.251,49.07063197026021,0.011693159308282087,BEARISH,RSI_NORMAL,LOW_VOLATILITY
2017-03-09,46.14,47.27,45.94,47.1,27250000.0,46.25,46.234,56.714060031595565,0.012780630489531675,BULLISH,RSI_NORMAL,LOW_VOLATILITY
2017-03-10,47.27,47.66,46.97,47.5,23830000.0,46.69,46.239,59.04334828101643,0.012928675855270699,BULLISH,RSI_NORMAL,LOW_VOLATILITY
2017-03-14,48.18,48.29,47.45,47.63,16390000.0,46.94200000000001,46.2815,58.29528158295281,0.012552838725076244,BULLISH,RSI_NORMAL,LOW_VOLATILITY
2017-03-15,47.72,48.24,47.43,47.57,12440000.0,47.18000000000001,46.347,52.46179966044141,0.012242791364268793,BULLISH,RSI_NORMAL,LOW_VOLATILITY
2017-03-16,48.3,50.39,47.88,50.05,30190000.0,47.970000000000006,46.562,81.1953352769678,0.01631797548663638,BULLISH,RSI_HIGH,LOW_VOLATILITY
2017-03-17,50.29,50.45,48.73,48.97,20310000.0,48.34400000000001,46.7005,71.50192554557123,0.017274057989268465,BULLISH,RSI_HIGH,LOW_VOLATILITY
2017-03-20,48.98,49.45,48.32,49.24,11480000.0,48.692,46.85,72.18045112781951,0.017275830670321575,BULLISH,RSI_HIGH,LOW_VOLATILITY
2017-03-21,49.24,49.36,47.55,48.33,14300000.0,48.83200000000001,46.952,63.85681293302537,0.01794659163376239,BULLISH,RSI_NORMAL,LOW_VOLATILITY
2017-03-22,47.94,48.0,46.45,46.61,20920000.0,48.64,46.9555,52.497551420176286,0.01981796259711907,BEARISH,RSI_NORMAL,LOW_VOLATILITY
2017-03-23,46.89,47.79,46.59,47.64,10890000.0,48.158,46.9735,59.71962616822427,0.020121529724899972,BULLISH,RSI_NORMAL,HIGH_VOLATILITY
2017-03-24,47.74,47.79,47.0,47.14,6130000.0,47.792,47.041999999999994,58.40950639853748,0.01882795257402655,BULLISH,RSI_NORMAL,LOW_VOLATILITY
2017-03-27,47.12,48.48,46.83,48.12,15830000.0,47.568,47.167,58.06451612903225,0.019261042937737373,BULLISH,RSI_NORMAL,LOW_VOLATILITY
2017-03-28,48.18,48.61,47.79,48.0,12600000.0,47.502,47.282,57.390510948905096,0.019297102523975693,BULLISH,RSI_NORMAL,LOW_VOLATILITY
2017-03-29,48.15,48.15,46.98,47.17,10070000.0,47.614,47.344,54.64813205907907,0.019790382417136983,BEARISH,RSI_NORMAL,LOW_VOLATILITY
2017-03-30,47.3,47.73,46.38,46.5,24410000.0,47.386,47.364000000000004,47.31663685152056,0.020089124616217566,BEARISH,RSI_NORMAL,HIGH_VOLATILITY
2017-03-31,46.67,47.77,46.42,47.5,17960000.0,47.458000000000006,47.461,50.0,0.02038659300012751,BULLISH,RSI_NORMAL,HIGH_VOLATILITY
2017-04-03,48.24,48.91,47.94,48.45,16550000.0,47.524,47.6185,53.25396825396826,0.020664820633446306,BULLISH,RSI_NORMAL,HIGH_VOLATILITY
2017-04-05,48.64,49.06,48.55,48.89,14950000.0,47.702,47.7445,55.08474576271186,0.020172164157288407,BULLISH,RSI_NORMAL,HIGH_VOLATILITY
2017-04-06,49.05,50.55,48.64,50.15,32090000.000000004,48.298,47.93300000000001,50.42517006802722,0.020796853072461687,BULLISH,RSI_NORMAL,HIGH_VOLATILITY
2017-04-07,49.98,51.3,49.7,50.8,24440000.0,49.158,48.168,58.07590467784642,0.020742345029975066,BULLISH,RSI_NORMAL,HIGH_VOLATILITY
2017-04-10,50.79,52.55,50.35,52.09,26680000.0,50.07600000000001,48.417500000000004,61.53846153846154,0.02091428161665977,BULLISH,RSI_NORMAL,HIGH_VOLATILITY
2017-04-11,52.42,53.94,52.42,53.52,28560000.0,51.089999999999996,48.7185,70.16317016317018,0.02149055662304457,BULLISH,RSI_HIGH,HIGH_VOLATILITY
2017-04-12,53.91,53.94,51.82,52.92,13920000.0,51.896,48.983,76.85106382978725,0.0218325134033936,BULLISH,RSI_HIGH,HIGH_VOLATILITY
2017-04-13,53.02,53.02,51.06,51.5,14010000.0,52.16600000000001,49.1795,65.89785831960461,0.02296884742095881,BULLISH,RSI_NORMAL,HIGH_VOLATILITY
2017-04-17,51.52,52.42,51.38,51.85,8770000.0,52.37600000000001,49.2695,69.64136780650543,0.020042710895953334,BULLISH,RSI_NORMAL,HIGH_VOLATILITY
2017-04-18,52.21,53.76,51.7,52.09,12660000.0,52.37600000000001,49.4255,67.64444444444446,0.01926443843496334,BULLISH,RSI_NORMAL,LOW_VOLATILITY
2017-04-19,52.8,55.24,52.74,54.15,42580000.0,52.501999999999995,49.671,73.31311599696738,0.020906234575552265,BULLISH,RSI_HIGH,HIGH_VOLATILITY
2017-04-20,54.59,55.3,53.64,53.97,25160000.0,52.712,49.953,77.1132376395534,0.020276588832777307,BULLISH,RSI_HIGH,HIGH_VOLATILITY
2017-04-21,54.58,55.41,54.39,54.7,17240000.0,53.352,50.3575,82.53968253968253,0.01783649692162946,BULLISH,RSI_HIGH,LOW_VOLATILITY
2017-04-24,55.0,55.53,54.7,55.08,8940000.0,53.998000000000005,50.7295,81.63606010016693,0.01753364595304797,BULLISH,RSI_HIGH,LOW_VOLATILITY
2017-04-25,55.36,55.42,54.36,54.62,10220000.0,54.504,51.103500000000004,76.84943429068753,0.017424519215580435,BULLISH,RSI_HIGH,LOW_VOLATILITY
2017-04-26,54.68,55.03,53.7,54.48,10620000.0,54.57000000000001,51.4215,74.97765862377119,0.017271330303286644,BULLISH,RSI_HIGH,LOW_VOLATILITY
2017-04-27,54.94,55.02,54.21,54.41,9520000.0,54.657999999999994,51.742000000000004,71.29999999999998,0.017240776631031247,BULLISH,RSI_HIGH,LOW_VOLATILITY
2017-04-28,54.97,55.91,54.7,55.44,14300000.0,54.806,52.155499999999996,72.35067437379574,0.016504816272073147,BULLISH,RSI_HIGH,LOW_VOLATILITY
2017-05-02,54.94,55.85,54.94,55.48,8070000.0,54.886,52.604499999999994,68.56516976998901,0.01575715961789397,BULLISH,RSI_NORMAL,LOW_VOLATILITY
2017-05-03,55.64,55.74,53.91,54.2,11360000.0,54.802,52.939499999999995,53.786191536748326,0.01699682831168758,BULLISH,RSI_NORMAL,LOW_VOLATILITY
2017-05-04,54.26,55.24,53.73,55.08,8100000.0,54.922000000000004,53.271,61.66306695464362,0.016862778203543358,BULLISH,RSI_NORMAL,LOW_VOLATILITY
2017-05-05,54.56,55.11,54.18,54.39,11470000.0,54.918000000000006,53.54600000000001,66.94021101992969,0.017377639902938863,BULLISH,RSI_NORMAL,LOW_VOLATILITY
2017-05-08,54.39,55.36,54.39,54.8,6030000.0,54.790000000000006,53.778499999999994,67.17112922002329,0.0167234043807577,BULLISH,RSI_NORMAL,LOW_VOLATILITY
2017-05-09,54.8,55.18,54.56,54.92,5080000.0,54.678,53.984500000000004,66.70602125147582,0.01661221383907629,BULLISH,RSI_NORMAL,LOW_VOLATILITY
2017-05-10,54.67,56.06,54.67,55.74,8150000.0,54.986000000000004,54.16700000000001,60.99585062240668,0.016059824235583837,BULLISH,RSI_NORMAL,LOW_VOLATILITY
2017-05-11,56.29,56.64,54.86,55.08,15240000.0,54.986000000000004,54.245000000000005,57.19844357976655,0.015365633710210562,BULLISH,RSI_NORMAL,LOW_VOLATILITY
2017-05-12,55.24,55.24,53.77,54.36,7180000.0,54.980000000000004,54.31699999999999,47.79220779220776,0.015452368338850773,BULLISH,RSI_NORMAL,LOW_VOLATILITY
2017-05-15,54.55,54.83,54.18,54.53,5180000.0,54.926,54.468500000000006,46.328437917222985,0.01394420110058168,BULLISH,RSI_NORMAL,LOW_VOLATILITY
2017-05-16,54.55,55.48,54.36,55.33,5920000.0,55.008,54.6425,54.533844189016605,0.014167777577347107,BULLISH,RSI_NORMAL,LOW_VOLATILITY
2017-05-17,55.44,55.59,54.39,54.56,6200000.0,54.772000000000006,54.766,50.47281323877072,0.014677258788411942,BEARISH,RSI_NORMAL,LOW_VOLATILITY
2017-05-18,53.94,54.39,52.89,53.02,9950000.0,54.36,54.709500000000006,43.00100704934544,0.013424656754482327,BEARISH,RSI_NORMAL,LOW_VOLATILITY
2017-05-19,53.33,53.74,51.82,52.76,9600000.0,54.040000000000006,54.649,35.371179039301296,0.01344388240721951,BEARISH,RSI_NORMAL,LOW_VOLATILITY
2017-05-22,54.39,54.7,52.92,53.23,6470000.0,53.78000000000001,54.5755,38.26903023983314,0.013218188805933317,BEARISH,RSI_NORMAL,LOW_VOLATILITY
2017-05-23,53.32,53.48,51.59,52.14,6970000.0,53.14200000000001,54.4285,39.04255319148934,0.013732505626432632,BEARISH,RSI_NORMAL,LOW_VOLATILITY
2017-05-24,52.12,52.62,50.15,50.55,9800000.0,52.34000000000001,54.225,27.596439169139458,0.01504625429843177,BEARISH,RSI_LOW,LOW_VOLATILITY
2017-05-25,51.23,52.61,50.61,52.12,13640000.0,52.160000000000004,54.10699999999999,39.67242948134667,0.016944982332714575,BEARISH,RSI_NORMAL,LOW_VOLATILITY
2017-05-26,52.12,53.15,51.67,53.02,16170000.000000002,52.212,54.0375,42.247386759581914,0.01748959422881628,BEARISH,RSI_NORMAL,LOW_VOLATILITY
2017-05-29,53.33,53.42,51.86,52.29,8199999.999999999,52.024,53.88000000000001,39.123242349048795,0.017036399096969804,BEARISH,RSI_NORMAL,LOW_VOLATILITY
2017-05-30,52.59,52.67,51.33,51.56,12840000.0,51.908,53.684000000000005,32.58333333333334,0.017193074912603027,BEARISH,RSI_NORMAL,LOW_VOLATILITY
2017-05-31,52.11,53.0,51.68,52.32,13470000.0,52.262,53.589999999999996,38.59504132231406,0.01700752598024218,BEARISH,RSI_NORMAL,LOW_VOLATILITY
2017-06-01,52.55,53.62,52.18,52.33,14180000.0,52.303999999999995,53.4525,41.08867427568042,0.016491204854541915,BEARISH,RSI_NORMAL,LOW_VOLATILITY
2017-06-02,52.73,53.05,52.02,52.15,9190000.0,52.13000000000001,53.3405,39.561403508771924,0.016322636469196586,BEARISH,RSI_NORMAL,LOW_VOLATILITY
2017-06-05,52.36,52.39,51.45,51.53,8790000.0,51.977999999999994,53.177,33.06595365418896,0.016304824174744333,BEARISH,RSI_NORMAL,LOW_VOLATILITY
2017-06-06,51.71,52.33,51.11,51.26,10210000.0,51.91799999999999,52.99400000000001,34.60820895522386,0.016266263798064905,BEARISH,RSI_NORMAL,LOW_VOLATILITY
2017-06-07,51.64,52.24,51.32,51.98,6830000.0,51.85,52.806000000000004,44.74747474747472,0.01621514808113392,BEARISH,RSI_NORMAL,LOW_VOLATILITY
2017-06-08,52.36,52.39,51.23,51.32,10180000.0,51.648,52.617999999999995,43.00970873786409,0.01623983464108654,BEARISH,RSI_NORMAL,LOW_VOLATILITY
2017-06-09,51.35,51.58,50.79,50.98,12010000.0,51.414,52.449,38.93805309734514,0.016101222582663506,BEARISH,RSI_NORMAL,LOW_VOLATILITY
2017-06-12,51.18,51.42,50.03,50.18,13140000.0,51.144,52.231500000000004,40.08097165991903,0.016268341189529224,BEARISH,RSI_NORMAL,LOW_VOLATILITY
2017-06-13,50.29,50.73,49.95,50.02,13320000.0,50.896,51.965999999999994,46.863905325443824,0.015667316913718247,BEARISH,RSI_NORMAL,LOW_VOLATILITY
2017-06-14,50.03,51.03,50.03,50.3,17470000.0,50.56,51.753,37.29050279329608,0.015684883026059197,BEARISH,RSI_NORMAL,LOW_VOLATILITY
2017-06-15,50.3,51.35,50.18,50.59,19150000.0,50.414,51.6315,31.45038167938928,0.01472715797633369,BEARISH,RSI_NORMAL,LOW_VOLATILITY
2017-06-16,50.67,51.58,50.67,51.44,22210000.0,50.50600000000001,51.5655,43.62818590704645,0.015308808366133096,BEARISH,RSI_NORMAL,LOW_VOLATILITY
2017-06-19,51.82,51.82,50.85,51.11,12410000.0,50.692,51.459500000000006,46.411483253588486,0.015161411480365575,BEARISH,RSI_NORMAL,LOW_VOLATILITY
2017-06-20,51.44,51.44,50.77,50.86,6720000.0,50.86,51.395500000000006,37.32638888888885,0.014545471895647859,BEARISH,RSI_NORMAL,LOW_VOLATILITY
2017-06-21,50.91,51.64,50.77,51.3,7140000.0,51.06,51.43299999999999,41.6801292407108,0.012932042665510084,BEARISH,RSI_NORMAL,LOW_VOLATILITY
2017-06-22,51.5,51.5,50.08,50.42,9750000.0,51.025999999999996,51.348,37.44557329462989,0.011400784537399865,BEARISH,RSI_NORMAL,LOW_VOLATILITY
2017-06-23,50.79,50.79,49.24,50.09,9150000.0,50.75600000000001,51.201499999999996,39.09090909090907,0.010537960348933447,BEARISH,RSI_NORMAL,LOW_VOLATILITY
2017-06-27,50.21,50.23,47.8,48.65,9580000.0,50.263999999999996,51.0195,33.20463320463317,0.011814666247440436,BEARISH,RSI_NORMAL,LOW_VOLATILITY
2017-06-28,48.42,49.09,47.76,48.41,11780000.0,49.774,50.862,25.514403292181015,0.011565194419324595,BEARISH,RSI_LOW,LOW_VOLATILITY
2017-06-29,48.68,49.24,48.23,48.48,7080000.0,49.21,50.67,28.805970149253668,0.010846599489290834,BEARISH,RSI_LOW,LOW_VOLATILITY
2017-06-30,48.55,49.3,47.97,48.95,8590000.0,48.916000000000004,50.501,35.13909224011715,0.011229657682185881,BEARISH,RSI_NORMAL,LOW_VOLATILITY
2017-07-03,49.32,49.64,48.8,49.21,10900000.0,48.74,50.354,42.289348171701114,0.011392131598724415,BEARISH,RSI_NORMAL,LOW_VOLATILITY
2017-07-04,49.27,49.76,49.24,49.52,10300000.0,48.914,50.2535,46.118012422360245,0.011357280497814945,BEARISH,RSI_NORMAL,LOW_VOLATILITY
2017-07-05,49.48,51.56,49.26,51.39,14780000.0,49.510000000000005,50.260000000000005,56.78704856787051,0.014368259360780051,BULLISH,RSI_NORMAL,LOW_VOLATILITY
2017-07-06,51.82,52.55,51.52,52.12,17490000.0,50.23800000000001,50.267,59.031877213695374,0.01437635417320249,BULLISH,RSI_NORMAL,LOW_VOLATILITY
2017-07-07,51.91,52.09,50.94,51.58,10660000.0,50.763999999999996,50.28,50.85784313725491,0.014274893128239574,BULLISH,RSI_NORMAL,LOW_VOLATILITY
2017-07-10,52.12,52.77,50.41,52.33,2300000.0,51.388,50.3475,57.10955710955711,0.014513219886928035,BULLISH,RSI_NORMAL,LOW_VOLATILITY
2017-07-11,52.68,53.11,51.58,51.85,17350000.0,51.854,50.431,55.61861520998867,0.014178270865646003,BULLISH,RSI_NORMAL,LOW_VOLATILITY
2017-07-12,52.06,52.15,51.3,51.65,6510000.0,51.906000000000006,50.5125,52.042007001166866,0.014191272168205236,BULLISH,RSI_NORMAL,LOW_VOLATILITY
2017-07-13,52.21,52.61,51.94,52.45,8590000.0,51.972,50.62,61.95524146054181,0.014503179611555332,BULLISH,RSI_NORMAL,LOW_VOLATILITY
2017-07-14,52.68,53.32,52.26,52.5,14830000.0,52.156000000000006,50.715500000000006,64.67722289890375,0.014480719123173166,BULLISH,RSI_NORMAL,LOW_VOLATILITY
2017-07-17,52.56,53.32,52.55,53.0,5950000.0,52.290000000000006,50.7935,79.91746905089408,0.014176202452642743,BULLISH,RSI_HIGH,LOW_VOLATILITY
2017-07-18,53.03,53.45,52.12,52.64,10550000.0,52.448,50.87,78.6197564276049,0.014187659756871704,BULLISH,RSI_HIGH,LOW_VOLATILITY
2017-07-19,52.73,52.91,52.12,52.62,4820000.0,52.64200000000001,50.958,78.20163487738418,0.014115181911041436,BULLISH,RSI_HIGH,LOW_VOLATILITY
2017-07-20,52.73,52.86,51.8,52.29,10400000.0,52.61,51.0075,73.19444444444443,0.014128180019268546,BULLISH,RSI_HIGH,LOW_VOLATILITY
2017-07-21,52.32,52.59,51.36,51.97,7560000.0,52.504,51.085,69.0082644628099,0.013584866387118227,BULLISH,RSI_NORMAL,LOW_VOLATILITY
2017-07-24,52.2,52.7,51.97,52.32,7290000.0,52.36800000000001,51.1965,69.1780821917808,0.013489896513513134,BULLISH,RSI_NORMAL,LOW_VOLATILITY
2017-07-25,52.5,52.56,51.8,52.32,9440000.0,52.30400000000001,51.38000000000001,58.56353591160221,0.011377452502957568,BULLISH,RSI_NORMAL,LOW_VOLATILITY
2017-07-26,52.32,53.35,52.21,53.18,13390000.0,52.41600000000001,51.6185,59.53237410071944,0.01152616579835967,BULLISH,RSI_NORMAL,LOW_VOLATILITY
2017-07-27,53.62,54.39,53.39,53.77,37760000.0,52.712,51.883,69.51871657754013,0.011581404090590226,BULLISH,RSI_NORMAL,LOW_VOLATILITY
2017-07-28,53.77,54.21,53.17,53.91,6570000.0,53.1,52.13099999999999,65.79999999999998,0.011546811397172651,BULLISH,RSI_NORMAL,LOW_VOLATILITY
2017-07-31,54.23,54.33,53.52,54.17,16660000.0,53.470000000000006,52.379,74.26778242677821,0.011546411876152561,BULLISH,RSI_HIGH,LOW_VOLATILITY
2017-08-01,56.05,56.82,54.48,54.83,29150000.0,53.972,52.644499999999994,80.34351145038167,0.011659025231795869,BULLISH,RSI_HIGH,LOW_VOLATILITY
2017-08-02,55.44,55.44,54.85,55.17,14310000.0,54.370000000000005,52.8335,78.45188284518827,0.008801012338584496,BULLISH,RSI_HIGH,LOW_VOLATILITY
2017-08-03,55.14,55.15,54.47,54.73,7280000.0,54.562,52.964,71.56673114119917,0.008790710419845967,BULLISH,RSI_HIGH,LOW_VOLATILITY
2017-08-04,54.36,54.67,53.91,54.23,8850000.0,54.626,53.09649999999999,61.89555125725333,0.008700319253664589,BULLISH,RSI_NORMAL,LOW_VOLATILITY
2017-08-07,54.39,55.27,54.24,55.09,5940000.0,54.81,53.234500000000004,71.60493827160491,0.008800373779821381,BULLISH,RSI_HIGH,LOW_VOLATILITY
2017-08-08,55.0,55.7,54.33,55.11,10740000.0,54.86600000000001,53.3975,71.95767195767195,0.008376536690121554,BULLISH,RSI_HIGH,LOW_VOLATILITY
2017-08-09,54.85,55.3,53.94,54.32,7220000.0,54.696000000000005,53.531000000000006,66.55791190864599,0.009127652302402508,BULLISH,RSI_NORMAL,LOW_VOLATILITY
2017-08-10,54.06,54.06,51.52,51.74,12330000.0,54.098,53.49550000000001,48.62932061978548,0.013998946229676887,BEARISH,RSI_NORMAL,LOW_VOLATILITY
2017-08-11,51.14,52.24,48.82,51.86,12930000.0,53.624,53.463499999999996,47.1813725490196,0.01401018186725188,BEARISH,RSI_NORMAL,LOW_VOLATILITY
2017-08-14,52.2,53.92,51.73,53.41,5950000.0,53.288,53.484,55.61277033985581,0.015444957265677513,BEARISH,RSI_NORMAL,LOW_VOLATILITY
2017-08-16,53.67,54.0,52.8,53.12,6270000.0,52.89,53.508,49.67177242888401,0.015414067139817007,BEARISH,RSI_NORMAL,LOW_VOLATILITY
2017-08-17,52.98,56.03,52.92,55.5,26630000.0,53.126,53.652,57.91399817017382,0.018307496231760187,BULLISH,RSI_NORMAL,LOW_VOLATILITY
2017-08-18,55.26,56.21,54.55,55.3,13600000.0,53.838,53.802499999999995,56.32393084622384,0.01824733319190259,BULLISH,RSI_NORMAL,LOW_VOLATILITY
2017-08-21,55.44,56.58,53.95,54.27,19680000.0,54.32000000000001,53.9175,50.42517006802722,0.01878134262521366,BULLISH,RSI_NORMAL,LOW_VOLATILITY
2017-08-22,54.52,55.14,53.68,54.0,7590000.0,54.438,54.0015,46.3500439753738,0.018819466242153308,BEARISH,RSI_NORMAL,LOW_VOLATILITY
2017-08-23,54.45,55.61,54.0,55.47,10220000.0,54.908,54.15899999999999,51.19999999999999,0.019652231514859175,BULLISH,RSI_NORMAL,LOW_VOLATILITY
2017-08-24,55.73,57.39,55.5,56.95,21200000.0,55.198,54.347500000000004,58.1979320531758,0.020145136202274982,BULLISH,RSI_NORMAL,HIGH_VOLATILITY
2017-08-28,57.65,57.97,57.03,57.23,14320000.0,55.584,54.520500000000006,61.26126126126126,0.020071779892400183,BULLISH,RSI_NORMAL,HIGH_VOLATILITY
2017-08-29,56.82,57.52,55.79,56.11,9450000.0,55.952,54.6305,53.75552282768776,0.020715191694092607,BULLISH,RSI_NORMAL,HIGH_VOLATILITY
2017-08-30,56.48,58.58,56.48,58.14,16050000.0,56.78000000000001,54.82899999999999,59.71776779987172,0.022066210150786202,BULLISH,RSI_NORMAL,HIGH_VOLATILITY
2017-08-31,58.7,59.0,57.27,57.58,19380000.0,57.202,54.966499999999996,60.611979166666664,0.02216755565153011,BULLISH,RSI_NORMAL,HIGH_VOLATILITY
2017-09-01,57.82,58.97,57.67,58.77,10240000.0,57.565999999999995,55.14649999999999,75.16105941302793,0.0225215678813627,BULLISH,RSI_HIGH,HIGH_VOLATILITY
2017-09-04,58.76,58.88,57.53,58.09,9780000.0,57.738,55.314499999999995,71.43840330351,0.022631271478530172,BULLISH,RSI_HIGH,HIGH_VOLATILITY
2017-09-05,58.09,58.53,57.91,58.3,4330000.0,58.176,55.51800000000001,68.53677028051555,0.022443516470187816,BULLISH,RSI_NORMAL,HIGH_VOLATILITY
2017-09-06,57.64,59.24,57.64,58.64,7680000.0,58.275999999999996,55.695499999999996,70.84592145015107,0.02227282278440367,BULLISH,RSI_HIGH,HIGH_VOLATILITY
2017-09-07,58.7,59.68,58.64,58.8,7800000.0,58.52,55.88000000000001,64.97277676950998,0.022262334977938482,BULLISH,RSI_NORMAL,HIGH_VOLATILITY
2017-09-08,59.0,59.15,56.79,57.02,10830000.0,58.17,56.015,56.825396825396865,0.023199110202111926,BULLISH,RSI_NORMAL,HIGH_VOLATILITY
2017-09-11,57.42,58.33,57.12,58.18,9220000.0,58.188,56.33699999999999,65.35742340926944,0.020247779765937238,BULLISH,RSI_NORMAL,HIGH_VOLATILITY
2017-09-12,58.58,60.0,58.42,59.86,20450000.0,58.5,56.737,70.72135785007075,0.02085027437754086,BULLISH,RSI_HIGH,HIGH_VOLATILITY
2017-09-13,59.98,60.35,58.77,59.05,19270000.0,58.58200000000001,57.01899999999999,63.27893175074185,0.020645399434362943,BULLISH,RSI_NORMAL,HIGH_VOLATILITY
2017-09-14,59.05,59.32,57.18,57.64,21850000.0,58.35,57.245000000000005,52.57270693512304,0.021539623511632015,BULLISH,RSI_NORMAL,HIGH_VOLATILITY
2017-09-15,57.55,57.8,56.67,57.61,13160000.0,58.468,57.3505,51.44376899696049,0.01932548958057159,BULLISH,RSI_NORMAL,LOW_VOLATILITY
2017-09-18,58.06,58.86,57.61,58.44,8670000.0,58.52,57.50750000000001,59.05205905205906,0.019467581377783538,BULLISH,RSI_NORMAL,LOW_VOLATILITY
2017-09-19,58.47,58.85,57.65,57.83,6530000.0,58.114,57.685500000000005,48.64628820960697,0.0190721816153965,BULLISH,RSI_NORMAL,LOW_VOLATILITY
2017-09-20,58.18,58.39,57.61,58.02,3680000.0,57.908,57.8865,51.985559566787025,0.018971491828035467,BULLISH,RSI_NORMAL,LOW_VOLATILITY
2017-09-21,58.33,58.45,56.77,57.03,7130000.0,57.786,57.9645,42.00367647058822,0.01867184919034742,BEARISH,RSI_NORMAL,LOW_VOLATILITY
2017-09-22,56.85,56.85,54.55,54.82,7360000.0,57.22800000000001,57.858000000000004,36.82514101531021,0.0197391598446884,BEARISH,RSI_NORMAL,LOW_VOLATILITY
2017-09-25,54.85,55.29,52.76,54.85,15010000.0,56.510000000000005,57.739,35.8953393295176,0.019685962960027184,BEARISH,RSI_NORMAL,LOW_VOLATILITY
2017-09-26,54.86,55.73,54.68,55.32,11290000.0,56.008,57.6995,36.569579288025885,0.01936230490354208,BEARISH,RSI_NORMAL,LOW_VOLATILITY
2017-09-27,55.48,55.94,53.36,53.59,13890000.0,55.122,57.472,31.29935391241925,0.01848627206694824,BEARISH,RSI_NORMAL,LOW_VOLATILITY
2017-09-28,55.33,55.52,54.03,54.52,16190000.000000002,54.620000000000005,57.319,40.4434250764526,0.019023153941701603,BEARISH,RSI_NORMAL,LOW_VOLATILITY
2017-09-29,54.6,55.53,53.98,54.27,11090000.0,54.510000000000005,57.09400000000001,33.93590797041908,0.01822198948368034,BEARISH,RSI_NORMAL,LOW_VOLATILITY
2017-10-03,54.67,54.9,53.42,54.5,12080000.0,54.44000000000001,56.9145,25.000000000000014,0.01821079157302845,BEARISH,RSI_LOW,LOW_VOLATILITY
2017-10-04,54.8,55.08,54.35,54.83,7190000.0,54.342000000000006,56.741,29.394531249999986,0.01826571235478936,BEARISH,RSI_LOW,LOW_VOLATILITY
2017-10-05,55.2,55.28,54.48,54.58,5630000.0,54.540000000000006,56.53800000000001,33.14977973568281,0.01815158033840078,BEARISH,RSI_NORMAL,LOW_VOLATILITY
2017-10-06,55.0,56.12,54.77,55.4,14230000.0,54.71600000000001,56.367999999999995,38.80445795339411,0.018574194315313278,BEARISH,RSI_NORMAL,LOW_VOLATILITY
2017-10-09,55.67,55.73,54.88,55.43,8180000.0,54.948,56.2885,33.40683572216098,0.017418262937841735,BEARISH,RSI_NORMAL,LOW_VOLATILITY
2017-10-10,55.63,55.63,54.9,55.08,6090000.0,55.064,56.133500000000005,34.39273552780931,0.016681833968323557,BEARISH,RSI_NORMAL,LOW_VOLATILITY
2017-10-11,55.43,55.8,55.15,55.3,11940000.0,55.158,55.905499999999996,34.61538461538457,0.015059776260843642,BEARISH,RSI_NORMAL,LOW_VOLATILITY
2017-10-12,55.33,56.67,55.25,56.45,17340000.0,55.532000000000004,55.7755,46.777777777777786,0.015833928122077824,BULLISH,RSI_NORMAL,LOW_VOLATILITY
2017-10-13,56.65,57.47,56.2,57.0,7830000.0,55.85200000000001,55.7435,64.85013623978202,0.015174306268145437,BULLISH,RSI_NORMAL,LOW_VOLATILITY
2017-10-16,57.02,57.52,56.23,57.23,8310000.000000001,56.212,55.7245,65.78249336870024,0.015207309241726726,BULLISH,RSI_NORMAL,LOW_VOLATILITY
2017-10-17,57.2,57.2,56.67,56.95,3680000.0,56.586,55.65,61.0884353741497,0.014838153084313646,BULLISH,RSI_NORMAL,LOW_VOLATILITY
2017-10-18,56.97,58.0,56.67,57.55,10260000.0,57.036,55.636,81.83279742765276,0.014890817242056782,BULLISH,RSI_HIGH,LOW_VOLATILITY
2017-10-19,57.95,57.95,57.18,57.43,1510000.0,57.232000000000006,55.606500000000004,76.89463955637713,0.014874283583840702,BULLISH,RSI_HIGH,LOW_VOLATILITY
2017-10-23,57.93,58.63,57.6,58.1,8490000.0,57.452,55.660000000000004,82.84734133790745,0.014564875647385895,BULLISH,RSI_HIGH,LOW_VOLATILITY
2017-10-24,58.0,58.58,57.68,58.33,4760000.0,57.672000000000004,55.8355,82.84734133790745,0.011157285276050383,BULLISH,RSI_HIGH,LOW_VOLATILITY
2017-10-25,58.8,58.95,56.48,57.13,8390000.0,57.708000000000006,55.9495,67.16417910447768,0.01235363720125718,BULLISH,RSI_NORMAL,LOW_VOLATILITY
2017-10-26,57.13,57.93,56.42,56.62,10690000.0,57.522000000000006,56.0145,64.65517241379312,0.012491001479461831,BULLISH,RSI_NORMAL,LOW_VOLATILITY
2017-10-27,57.3,57.98,56.95,57.45,5780000.0,57.525999999999996,56.207499999999996,64.70588235294123,0.010214303229406049,BULLISH,RSI_NORMAL,LOW_VOLATILITY
2017-10-30,57.85,58.92,57.68,58.5,7390000.0,57.60600000000001,56.406499999999994,69.21151439299126,0.010281879399629589,BULLISH,RSI_NORMAL,LOW_VOLATILITY
2017-10-31,62.0,64.13,60.42,61.53,75140000.0,58.246,56.769499999999994,80.22492970946584,0.014703672905344837,BULLISH,RSI_HIGH,LOW_VOLATILITY
2017-11-01,61.98,62.33,61.57,61.93,14100000.0,59.206,57.141,80.55299539170511,0.014694878571335007,BULLISH,RSI_HIGH,LOW_VOLATILITY
2017-11-02,62.08,62.22,61.4,61.75,8770000.0,60.232000000000006,57.487,76.82186234817817,0.014845386264231654,BULLISH,RSI_HIGH,LOW_VOLATILITY
2017-11-03,61.97,61.97,60.77,61.0,7830000.0,60.94200000000001,57.80799999999999,69.84126984126988,0.015223204232937437,BULLISH,RSI_NORMAL,LOW_VOLATILITY
2017-11-06,60.98,61.83,60.08,61.55,9700000.0,61.552,58.1155,70.7692307692308,0.015087886920903373,BULLISH,RSI_HIGH,LOW_VOLATILITY
2017-11-07,62.0,62.5,59.13,60.18,13380000.0,61.282000000000004,58.352999999999994,64.05570060922541,0.016286718141967093,BULLISH,RSI_NORMAL,LOW_VOLATILITY
2017-11-08,60.65,60.83,59.07,59.58,9020000.0,60.812,58.577999999999996,58.83376849434291,0.01643132377909972,BULLISH,RSI_NORMAL,LOW_VOLATILITY
2017-11-09,59.8,61.67,59.63,61.43,8720000.0,60.748000000000005,58.8845,65.1285930408472,0.017504313768447667,BULLISH,RSI_NORMAL,LOW_VOLATILITY
2017-11-10,61.4,61.67,60.35,60.65,5960000.0,60.678,59.094500000000004,59.56489122280569,0.0175573355690488,BULLISH,RSI_NORMAL,LOW_VOLATILITY
2017-11-13,60.83,60.98,59.47,59.65,6150000.0,60.298,59.227,54.68085106382979,0.01805784055692661,BULLISH,RSI_NORMAL,LOW_VOLATILITY
2017-11-14,59.67,59.67,58.17,58.48,9240000.0,59.958000000000006,59.2895,54.797441364605525,0.01870958922086313,BEARISH,RSI_NORMAL,LOW_VOLATILITY
2017-11-15,58.43,59.53,58.05,58.82,9650000.0,59.806000000000004,59.382999999999996,57.91366906474821,0.01867787698517837,BEARISH,RSI_NORMAL,LOW_VOLATILITY
2017-11-16,59.02,60.17,59.0,59.92,9770000.0,59.504000000000005,59.5015,58.71559633027522,0.018966345367196095,BULLISH,RSI_NORMAL,LOW_VOLATILITY
2017-11-17,60.33,60.83,59.37,59.57,10200000.0,59.288,59.60849999999999,53.971789161098734,0.019029381240500725,BEARISH,RSI_NORMAL,LOW_VOLATILITY
2017-11-20,59.57,60.08,59.25,59.92,6510000.0,59.342000000000006,59.6995,42.539388322520864,0.018918305434106712,BULLISH,RSI_NORMAL,LOW_VOLATILITY
2017-11-21,60.03,60.08,59.03,59.15,9070000.0,59.476,59.7405,37.544802867383524,0.019184713499912496,BEARISH,RSI_NORMAL,LOW_VOLATILITY
2017-11-22,59.22,60.5,59.2,60.12,9410000.0,59.736000000000004,59.89,43.17991631799163,0.018786845566575044,BULLISH,RSI_NORMAL,LOW_VOLATILITY
2017-11-23,60.72,62.63,60.72,62.37,31020000.0,60.226,60.177499999999995,55.092936802973966,0.020088468313124715,BULLISH,RSI_NORMAL,HIGH_VOLATILITY
2017-11-24,62.75,63.15,61.37,61.55,11280000.0,60.622,60.38250000000001,50.0,0.020348041736028267,BULLISH,RSI_NORMAL,HIGH_VOLATILITY
2017-11-27,61.63,62.5,60.7,62.1,7130000.0,61.05799999999999,60.5625,57.44186046511627,0.020100258522703567,BULLISH,RSI_NORMAL,HIGH_VOLATILITY
2017-11-28,63.33,63.33,62.02,62.18,20070000.0,61.664,60.595000000000006,60.50080775444265,0.016525870505903588,BULLISH,RSI_NORMAL,LOW_VOLATILITY
2017-11-29,62.42,64.47,62.33,63.0,26750000.0,62.239999999999995,60.6485,56.91629955947136,0.016716909322057095,BULLISH,RSI_NORMAL,LOW_VOLATILITY
2017-11-30,62.67,62.87,61.68,61.93,16000000.0,62.152,60.657500000000006,55.49828178694158,0.0171795269967836,BULLISH,RSI_NORMAL,LOW_VOLATILITY
2017-12-01,62.27,62.97,61.27,61.5,10760000.0,62.14200000000001,60.682500000000005,58.35591689250226,0.017020051071945767,BULLISH,RSI_NORMAL,LOW_VOLATILITY
2017-12-04,61.67,61.83,59.27,60.08,11870000.0,61.738,60.609,57.06713780918729,0.017680258104915993,BEARISH,RSI_NORMAL,LOW_VOLATILITY
2017-12-05,59.67,60.85,58.78,60.7,11440000.0,61.44200000000001,60.635000000000005,58.10344827586207,0.017116200329033004,BULLISH,RSI_NORMAL,LOW_VOLATILITY
2017-12-06,60.67,60.67,59.42,59.72,8780000.0,60.786,60.64200000000001,49.12891986062717,0.01737011097174828,BEARISH,RSI_NORMAL,LOW_VOLATILITY
2017-12-07,59.67,61.38,59.57,61.1,4550000.0,60.620000000000005,60.6255,56.11510791366906,0.01670722154207212,BULLISH,RSI_NORMAL,LOW_VOLATILITY
2017-12-08,61.6,61.9,61.37,61.7,4830000.0,60.660000000000004,60.678,56.97492163009404,0.016574450905882294,BULLISH,RSI_NORMAL,LOW_VOLATILITY
2017-12-11,61.87,62.47,60.77,61.13,4510000.0,60.870000000000005,60.751999999999995,57.88216560509555,0.016248181329943486,BULLISH,RSI_NORMAL,LOW_VOLATILITY
2017-12-12,60.87,61.22,60.35,60.45,3300000.0,60.82000000000001,60.8505,51.34474327628364,0.015775618537417498,BEARISH,RSI_NORMAL,LOW_VOLATILITY
2017-12-13,60.33,60.98,59.85,60.22,4750000.0,60.92,60.920500000000004,39.512195121951244,0.015792633147465738,BEARISH,RSI_NORMAL,LOW_VOLATILITY
2017-12-14,60.23,60.47,59.58,60.23,4590000.0,60.746,60.936,43.0084745762712,0.0152520009475574,BEARISH,RSI_NORMAL,LOW_VOLATILITY
2017-12-15,60.42,61.23,59.73,59.98,8830000.0,60.402,60.956500000000005,38.40262582056892,0.015220434219124316,BEARISH,RSI_NORMAL,LOW_VOLATILITY
2017-12-18,59.92,61.68,57.33,60.82,9360000.0,60.339999999999996,61.0015,43.13131313131314,0.015479224955796074,BEARISH,RSI_NORMAL,LOW_VOLATILITY
2017-12-19,60.83,61.83,60.83,61.37,6710000.0,60.524,61.1125,41.53686396677051,0.015230842301428335,BULLISH,RSI_NORMAL,LOW_VOLATILITY
2017-12-20,61.83,62.3,61.52,61.9,8330000.0,60.86,61.201499999999996,49.83498349834983,0.014939465911833023,BULLISH,RSI_NORMAL,LOW_VOLATILITY
2017-12-21,61.7,62.27,61.28,61.5,4410000.0,61.114,61.157999999999994,50.0,0.012402834146828334,BULLISH,RSI_NORMAL,LOW_VOLATILITY
2017-12-22,61.67,63.07,61.53,62.83,11940000.0,61.684000000000005,61.222,65.32887402452617,0.012979524127377302,BULLISH,RSI_NORMAL,LOW_VOLATILITY
2017-12-26,63.1,63.15,62.0,62.18,9330000.0,61.956,61.226,58.2222222222222,0.01308328391737935,BULLISH,RSI_NORMAL,LOW_VOLATILITY
2017-12-27,62.28,62.62,60.88,61.42,9960000.0,61.96600000000001,61.188,59.681093394077465,0.013366914030528034,BULLISH,RSI_NORMAL,LOW_VOLATILITY
2017-12-28,61.42,61.65,60.27,60.52,23330000.0,61.69,61.064,46.50602409638555,0.013312749282241944,BEARISH,RSI_NORMAL,LOW_VOLATILITY
2017-12-29,60.75,61.8,60.58,60.72,15760000.0,61.534000000000006,61.003499999999995,43.79746835443034,0.012870251498577656,BEARISH,RSI_NORMAL,LOW_VOLATILITY
2018-01-01,61.0,61.3,60.4,60.48,8170000.0,61.06400000000001,60.9525,45.706737120211315,0.012813681655377208,BEARISH,RSI_NORMAL,LOW_VOLATILITY
2018-01-02,60.83,61.22,60.25,60.55,11790000.0,60.738,60.976,50.71839080459766,0.011687146109626866,BEARISH,RSI_NORMAL,LOW_VOLATILITY
2018-01-03,60.67,61.2,60.27,60.33,8390000.0,60.52,60.957499999999996,50.79136690647482,0.011481910028498956,BEARISH,RSI_NORMAL,LOW_VOLATILITY
2018-01-04,60.37,60.63,59.9,60.02,13890000.0,60.42,60.97249999999999,48.551724137931075,0.010930142567762794,BEARISH,RSI_NORMAL,LOW_VOLATILITY
2018-01-05,60.33,61.17,60.27,60.77,10400000.0,60.43000000000001,60.956,55.096774193548434,0.00998143504507979,BEARISH,RSI_NORMAL,LOW_VOLATILITY
2018-01-08,61.18,61.73,60.9,61.35,12210000.0,60.604,60.9385,53.538050734312435,0.00996700985322475,BULLISH,RSI_NORMAL,LOW_VOLATILITY
2018-01-09,61.67,61.67,60.78,60.85,7030000.0,60.66400000000001,60.9245,46.505376344086045,0.009918134389792964,BEARISH,RSI_NORMAL,LOW_VOLATILITY
2018-01-10,60.88,61.25,59.73,59.98,11870000.0,60.59400000000001,60.900999999999996,37.660668380462695,0.01012560878330998,BEARISH,RSI_NORMAL,LOW_VOLATILITY
2018-01-11,60.03,60.33,59.5,59.67,11860000.0,60.524,60.8735,38.101430429128726,0.010154703980281595,BEARISH,RSI_NORMAL,LOW_VOLATILITY
2018-01-12,59.93,60.03,58.68,59.33,10000000.0,60.236000000000004,60.8285,23.88059701492533,0.010221639542763573,BEARISH,RSI_LOW,LOW_VOLATILITY
2018-01-15,59.5,60.0,59.27,59.53,8990000.0,59.872,60.806,28.799999999999983,0.010226482341588097,BEARISH,RSI_LOW,LOW_VOLATILITY
2018-01-16,59.5,59.6,57.53,57.73,13600000.0,59.248000000000005,60.6515,24.691358024691326,0.011649220258856102,BEARISH,RSI_LOW,LOW_VOLATILITY
2018-01-17,57.67,58.93,55.67,58.68,14800000.0,58.988,60.516999999999996,37.465940054495896,0.01214451792809325,BEARISH,RSI_NORMAL,LOW_VOLATILITY
2018-01-18,58.73,59.3,56.35,57.03,9540000.0,58.46,60.2735,29.010238907849853,0.013161807247164023,BEARISH,RSI_LOW,LOW_VOLATILITY
2018-01-19,57.25,57.8,56.7,57.58,5550000.0,58.11,60.0775,34.06593406593409,0.013492209206728745,BEARISH,RSI_NORMAL,LOW_VOLATILITY
2018-01-22,57.8,58.63,57.45,58.47,7890000.0,57.898,59.85949999999999,39.51612903225808,0.012954546564376524,BEARISH,RSI_NORMAL,LOW_VOLATILITY
2018-01-23,58.67,59.05,57.93,58.23,13850000.0,57.998000000000005,59.662,39.43661971830986,0.012856003736832529,BEARISH,RSI_NORMAL,LOW_VOLATILITY
2018-01-24,58.27,58.3,57.45,57.85,10450000.0,57.83200000000001,59.48350000000001,39.16083916083917,0.012707767454189424,BEARISH,RSI_NORMAL,LOW_VOLATILITY
2018-01-25,59.43,59.83,58.47,58.97,45730000.0,58.220000000000006,59.406000000000006,41.32947976878611,0.013315292904118857,BEARISH,RSI_NORMAL,LOW_VOLATILITY
2018-01-29,59.5,59.57,58.17,58.55,10870000.0,58.414,59.2975,36.30136986301369,0.013333267645468421,BEARISH,RSI_NORMAL,LOW_VOLATILITY
2018-01-30,58.98,59.32,58.33,59.0,10190000.0,58.52,59.2235,40.90462143559489,0.013484414258770052,BEARISH,RSI_NORMAL,LOW_VOLATILITY
2018-01-31,57.08,57.33,55.83,56.45,43240000.0,58.164,59.0185,35.10548523206754,0.0164169026366628,BEARISH,RSI_NORMAL,LOW_VOLATILITY
2018-02-01,56.67,57.07,53.7,53.85,41360000.0,57.364,58.694500000000005,29.420084865629434,0.01899171373593359,BEARISH,RSI_LOW,LOW_VOLATILITY
2018-02-02,53.82,53.83,50.07,50.62,39740000.0,55.694,58.2245,24.427480916030547,0.02256182595924805,BEARISH,RSI_LOW,HIGH_VOLATILITY
2018-02-05,50.0,50.6,48.8,50.0,57650000.0,53.984,57.68599999999999,22.693409742120338,0.02203763103820249,BEARISH,RSI_LOW,HIGH_VOLATILITY
2018-02-06,46.67,50.1,46.67,49.73,41930000.0,52.13000000000001,57.105,24.874371859296488,0.02160814573387218,BEARISH,RSI_LOW,HIGH_VOLATILITY
2018-02-07,51.08,53.2,50.87,52.62,53580000.0,51.364,56.69350000000001,33.03471444568868,0.02647413848568895,BEARISH,RSI_NORMAL,HIGH_VOLATILITY
2018-02-08,52.92,52.92,51.5,52.32,21080000.0,51.05800000000001,56.310500000000005,35.735917625681395,0.026417517984052157,BEARISH,RSI_NORMAL,HIGH_VOLATILITY
2018-02-09,51.0,52.6,51.0,52.1,8940000.0,51.354,55.931999999999995,33.065512978986405,0.02642090408597804,BEARISH,RSI_NORMAL,HIGH_VOLATILITY
2018-02-12,52.67,52.7,51.92,52.58,6430000.0,51.870000000000005,55.594500000000004,31.32530120481927,0.026651919827993892,BEARISH,RSI_NORMAL,HIGH_VOLATILITY
2018-02-14,53.3,54.22,52.93,53.53,15060000.0,52.63000000000001,55.294500000000006,35.740291262135926,0.027113249677682964,BEARISH,RSI_NORMAL,HIGH_VOLATILITY
2018-02-15,53.75,54.05,52.07,52.32,10960000.0,52.57000000000001,55.024,34.0265742345465,0.026790327971812935,BEARISH,RSI_NORMAL,HIGH_VOLATILITY
2018-02-16,52.77,52.77,51.22,51.9,7550000.0,52.486000000000004,54.685,28.717639975918132,0.026334756066696635,BEARISH,RSI_LOW,HIGH_VOLATILITY
2018-02-19,52.0,52.0,50.42,51.07,10100000.0,52.28000000000001,54.387,28.02585193889543,0.025930074695867382,BEARISH,RSI_LOW,HIGH_VOLATILITY
2018-02-20,51.03,51.4,50.67,51.25,8540000.0,52.013999999999996,54.0705,26.86567164179104,0.025781593927444956,BEARISH,RSI_LOW,HIGH_VOLATILITY
2018-02-21,51.28,51.58,50.02,50.28,11910000.0,51.364,53.661,29.663810151615024,0.025455737984549812,BEARISH,RSI_LOW,HIGH_VOLATILITY
2018-02-22,50.08,50.42,48.45,48.85,24510000.0,50.67,53.19199999999999,32.14285714285715,0.025877750011646893,BEARISH,RSI_NORMAL,HIGH_VOLATILITY
2018-02-23,49.62,50.57,48.8,50.32,34030000.0,50.354,52.8155,48.77450980392158,0.027276728040936556,BEARISH,RSI_NORMAL,HIGH_VOLATILITY
2018-02-26,50.98,52.25,50.77,51.73,19480000.0,50.486000000000004,52.4535,56.63852647735993,0.027774622668997353,BEARISH,RSI_NORMAL,HIGH_VOLATILITY
2018-02-27,52.17,52.27,50.73,50.95,10400000.0,50.426,52.0735,54.50516986706059,0.027846005309393077,BEARISH,RSI_NORMAL,HIGH_VOLATILITY
2018-02-28,50.83,51.73,50.38,51.45,6430000.0,50.660000000000004,51.696000000000005,44.75336322869957,0.02790728878202191,BEARISH,RSI_NORMAL,HIGH_VOLATILITY
2018-03-01,51.62,51.65,51.03,51.1,4600000.0,51.11,51.4285,44.55357142857143,0.026536384606349203,BEARISH,RSI_NORMAL,HIGH_VOLATILITY
2018-03-05,50.97,52.4,50.47,51.85,9190000.0,51.41600000000001,51.3285,48.93435635123615,0.024975303545354054,BULLISH,RSI_NORMAL,HIGH_VOLATILITY
2018-03-06,52.48,52.65,50.38,50.67,10450000.0,51.20400000000001,51.330999999999996,42.3169750603379,0.021546904418676502,BEARISH,RSI_NORMAL,HIGH_VOLATILITY
2018-03-07,50.5,50.53,49.05,49.45,7940000.0,50.90400000000001,51.3035,33.937007874015734,0.022064657734565108,BEARISH,RSI_NORMAL,HIGH_VOLATILITY
2018-03-08,50.27,50.27,48.33,49.08,9920000.0,50.43,51.271,36.34064080944349,0.022094759653972805,BEARISH,RSI_NORMAL,HIGH_VOLATILITY
2018-03-09,49.58,50.45,49.12,49.48,9230000.0,50.10600000000001,51.114,39.78040540540539,0.017467170822038528,BEARISH,RSI_NORMAL,LOW_VOLATILITY
2018-03-12,49.92,50.28,49.22,50.05,14160000.0,49.746,51.0005,45.59585492227978,0.017745452172209745,BEARISH,RSI_NORMAL,LOW_VOLATILITY
2018-03-13,50.0,50.73,49.87,50.52,12470000.0,49.716,50.921499999999995,46.92502106149959,0.017918753492513536,BEARISH,RSI_NORMAL,LOW_VOLATILITY
2018-03-14,50.07,50.58,49.73,50.38,6790000.0,49.902,50.8115,50.45289855072464,0.017745198486653,BEARISH,RSI_NORMAL,LOW_VOLATILITY
2018-03-15,50.35,51.43,50.0,50.43,9100000.0,50.172000000000004,50.6565,58.17805383022773,0.01712971619591209,BEARISH,RSI_NORMAL,LOW_VOLATILITY
2018-03-16,50.5,51.13,49.53,49.73,10800000.0,50.222,50.527,46.68166479190099,0.016705763712488008,BEARISH,RSI_NORMAL,LOW_VOLATILITY
2018-03-19,49.77,49.9,48.83,49.52,6300000.0,50.116,50.408,35.63068920676207,0.016659942132061203,BEARISH,RSI_NORMAL,LOW_VOLATILITY
2018-03-20,49.17,50.05,49.07,49.83,6700000.0,49.978,50.346000000000004,42.243767313019355,0.016432747409710725,BEARISH,RSI_NORMAL,LOW_VOLATILITY
2018-03-21,50.0,50.67,49.33,49.45,7860000.0,49.792,50.256,35.915492957746466,0.016456726463786403,BEARISH,RSI_NORMAL,LOW_VOLATILITY
2018-03-22,49.6,49.72,47.5,47.8,19360000.0,49.266000000000005,50.132000000000005,30.35714285714282,0.017535665283239087,BEARISH,RSI_NORMAL,LOW_VOLATILITY
2018-03-23,46.97,47.05,46.02,46.65,24620000.0,48.650000000000006,50.022000000000006,20.454545454545425,0.017217381458671802,BEARISH,RSI_LOW,LOW_VOLATILITY
2018-03-26,46.65,48.33,46.57,47.65,14150000.0,48.276,49.8885,32.482598607888605,0.016455930814922755,BEARISH,RSI_NORMAL,LOW_VOLATILITY
2018-03-27,48.02,48.17,47.5,47.68,8880000.0,47.846000000000004,49.68599999999999,38.08882907133241,0.0148338492287551,BEARISH,RSI_NORMAL,LOW_VOLATILITY
2018-03-28,47.48,48.6,46.9,47.15,23400000.0,47.386,49.496,37.285902503293805,0.0147034620363362,BEARISH,RSI_NORMAL,LOW_VOLATILITY
2018-04-02,47.6,48.45,47.37,48.25,7530000.0,47.476,49.336,42.581423401688795,0.015641125479853347,BEARISH,RSI_NORMAL,LOW_VOLATILITY
2018-04-03,48.3,49.12,47.92,48.92,9860000.0,47.93000000000001,49.227,43.26579261025032,0.016061071603014464,BEARISH,RSI_NORMAL,LOW_VOLATILITY
2018-04-04,49.1,49.58,47.67,47.92,11740000.0,47.984,49.0305,35.42600896860985,0.016055299895448946,BEARISH,RSI_NORMAL,LOW_VOLATILITY
2018-04-05,48.33,48.73,47.88,48.35,10460000.0,48.11800000000001,48.9145,38.97937024972855,0.015647002431599114,BEARISH,RSI_NORMAL,LOW_VOLATILITY
2018-04-06,48.35,48.8,47.85,48.27,5680000.0,48.342,48.8555,38.311688311688314,0.014777917664637204,BEARISH,RSI_NORMAL,LOW_VOLATILITY
2018-04-09,48.33,48.52,47.92,48.2,7070000.0,48.33200000000001,48.8115,41.11498257839724,0.014702222021844664,BEARISH,RSI_NORMAL,LOW_VOLATILITY
2018-04-10,48.33,48.98,48.22,48.5,6790000.0,48.248000000000005,48.7625,44.13793103448274,0.014646712712354817,BEARISH,RSI_NORMAL,LOW_VOLATILITY
2018-04-11,48.67,48.77,48.17,48.3,5640000.0,48.324,48.675,41.09429569266588,0.014363672103501418,BEARISH,RSI_NORMAL,LOW_VOLATILITY
2018-04-12,48.83,49.72,48.63,49.1,13780000.0,48.474000000000004,48.604,48.05771365149833,0.014739243879400999,BULLISH,RSI_NORMAL,LOW_VOLATILITY
2018-04-13,49.03,49.23,47.37,47.5,14180000.0,48.32000000000001,48.46,48.325892857142875,0.016317012915545256,BEARISH,RSI_NORMAL,LOW_VOLATILITY
2018-04-16,47.7,47.73,46.23,46.35,17570000.0,47.95,48.256,48.325892857142875,0.016967981221414023,BEARISH,RSI_NORMAL,LOW_VOLATILITY
2018-04-17,46.67,46.95,45.95,46.32,10460000.0,47.514,48.0855,41.6770963704631,0.016822749653672517,BEARISH,RSI_NORMAL,LOW_VOLATILITY
2018-04-18,46.63,46.83,46.1,46.23,13710000.0,47.1,47.921,40.993788819875775,0.016824676858739392,BEARISH,RSI_NORMAL,LOW_VOLATILITY
2018-04-19,46.0,46.03,45.08,45.38,15710000.0,46.35600000000001,47.698499999999996,39.426523297491066,0.01698969650571158,BEARISH,RSI_NORMAL,LOW_VOLATILITY
2018-04-20,44.65,44.78,43.5,44.1,24910000.0,45.676,47.431,25.730994152046804,0.017791501431060414,BEARISH,RSI_LOW,LOW_VOLATILITY
2018-04-23,44.15,46.3,44.15,45.75,26180000.0,45.556000000000004,47.3285,33.36831059811122,0.01896945635279945,BEARISH,RSI_NORMAL,LOW_VOLATILITY
2018-04-24,46.03,46.18,45.1,45.27,9270000.0,45.346000000000004,47.259499999999996,35.294117647058826,0.018373021427476228,BEARISH,RSI_NORMAL,LOW_VOLATILITY
2018-04-25,45.27,45.27,43.93,44.27,8940000.0,44.954,47.090500000000006,28.705636743215038,0.018109108124216167,BEARISH,RSI_LOW,LOW_VOLATILITY
2018-04-26,44.3,44.48,43.53,43.68,15750000.0,44.614000000000004,46.8905,27.254707631318126,0.018209574420842277,BEARISH,RSI_LOW,LOW_VOLATILITY
2018-04-27,43.77,44.9,43.67,44.4,13380000.0,44.67400000000001,46.753,32.30912476722531,0.018698239523970858,BEARISH,RSI_NORMAL,LOW_VOLATILITY
2018-04-30,43.85,44.32,43.6,43.73,13850000.0,44.27,46.527,28.532853285328528,0.01782178865182555,BEARISH,RSI_LOW,LOW_VOLATILITY
2018-05-02,44.0,44.08,43.27,43.43,9110000.0,43.902,46.2525,28.27832292595899,0.01727505563061602,BEARISH,RSI_LOW,LOW_VOLATILITY
2018-05-03,43.33,43.48,42.3,42.97,14570000.0,43.642,46.005,21.803127874884993,0.016973216040880666,BEARISH,RSI_LOW,LOW_VOLATILITY
2018-05-04,43.22,44.1,43.0,43.2,7080000.0,43.54600000000001,45.7475,27.368421052631604,0.01683168392634709,BEARISH,RSI_LOW,LOW_VOLATILITY
2018-05-07,43.3,43.98,42.78,43.77,7310000.0,43.42,45.5225,35.53811659192826,0.017329490951761572,BEARISH,RSI_NORMAL,LOW_VOLATILITY
2018-05-08,43.97,44.28,43.73,43.97,8790000.0,43.468,45.311,37.073707370737054,0.017441520595406167,BEARISH,RSI_NORMAL,LOW_VOLATILITY
2018-05-09,43.93,44.25,43.83,44.12,6670000.0,43.60600000000001,45.092,38.46994535519126,0.01736218882573809,BEARISH,RSI_NORMAL,LOW_VOLATILITY
2018-05-10,44.13,44.27,43.12,43.27,7000000.0,43.66600000000001,44.840500000000006,38.46994535519126,0.017668757844831986,BEARISH,RSI_NORMAL,LOW_VOLATILITY
2018-05-11,43.33,43.53,42.5,42.62,7210000.0,43.55,44.5165,41.31455399061031,0.017007614415618363,BEARISH,RSI_NORMAL,LOW_VOLATILITY
2018-05-14,42.83,42.83,41.47,41.92,9880000.0,43.18000000000001,44.2375,24.702774108322316,0.01608242351912359,BEARISH,RSI_LOW,LOW_VOLATILITY
2018-05-15,41.37,42.62,39.77,40.07,37510000.0,42.4,43.923500000000004,20.917225950782978,0.017789054544875987,BEARISH,RSI_LOW,LOW_VOLATILITY
2018-05-16,39.83,41.1,37.47,40.55,28310000.0,41.686,43.635000000000005,27.909738717339607,0.018248321702797245,BEARISH,RSI_LOW,LOW_VOLATILITY
2018-05-17,40.6,42.25,39.52,41.8,22250000.0,41.392,43.4135,39.64757709251099,0.020057709117406404,BEARISH,RSI_NORMAL,HIGH_VOLATILITY
2018-05-18,41.57,42.17,40.33,40.48,11530000.0,40.964,43.1685,29.752066115702448,0.020732479939546997,BEARISH,RSI_LOW,HIGH_VOLATILITY
2018-05-21,40.0,40.5,38.92,39.1,9180000.0,40.4,42.9185,27.718960538979786,0.021110115516629162,BEARISH,RSI_LOW,HIGH_VOLATILITY
2018-05-22,38.67,39.82,38.27,39.03,16660000.0,40.19200000000001,42.582499999999996,28.346456692913364,0.018552687393287155,BEARISH,RSI_LOW,LOW_VOLATILITY
2018-05-23,38.95,39.57,38.7,38.93,8390000.0,39.868,42.2655,29.3877551020408,0.018575656664323023,BEARISH,RSI_LOW,LOW_VOLATILITY
2018-05-24,39.05,39.23,38.38,38.68,7430000.0,39.24400000000001,41.986,26.98574338085534,0.018248846697576242,BEARISH,RSI_LOW,LOW_VOLATILITY
2018-05-25,38.8,39.73,38.52,39.48,8690000.0,39.044,41.775999999999996,28.656716417910374,0.019148162940527406,BEARISH,RSI_LOW,LOW_VOLATILITY
2018-05-28,39.67,41.8,39.58,41.2,21850000.0,39.464000000000006,41.616,38.029386343993096,0.021545102662714352,BEARISH,RSI_NORMAL,HIGH_VOLATILITY
2018-05-29,41.17,41.52,40.67,40.93,13140000.0,39.84400000000001,41.476,36.35585970915312,0.021387648165350586,BEARISH,RSI_NORMAL,HIGH_VOLATILITY
2018-05-30,39.47,40.07,38.9,39.82,25200000.0,40.022000000000006,41.295500000000004,35.564853556485346,0.0220454759681333,BEARISH,RSI_NORMAL,HIGH_VOLATILITY
2018-05-31,39.97,39.97,37.95,38.13,27130000.0,39.912,41.0535,32.71747498075443,0.02363240550663989,BEARISH,RSI_NORMAL,HIGH_VOLATILITY
2018-06-01,38.0,38.57,36.73,37.13,20690000.0,39.442,40.75,31.978931527464255,0.023909027861084512,BEARISH,RSI_NORMAL,HIGH_VOLATILITY
2018-06-04,37.33,38.13,36.67,37.37,24500000.0,38.676,40.43,38.44178082191778,0.02365180518743659,BEARISH,RSI_NORMAL,HIGH_VOLATILITY
2018-06-05,37.38,38.12,37.0,37.67,17630000.0,38.024,40.114999999999995,37.47826086956523,0.023757915722426325,BEARISH,RSI_NORMAL,HIGH_VOLATILITY
2018-06-06,37.67,38.97,37.58,38.73,19980000.0,37.806000000000004,39.8455,36.42793987621573,0.02496477358656472,BEARISH,RSI_NORMAL,HIGH_VOLATILITY
2018-06-07,39.9,40.75,38.75,40.57,32470000.0,38.294000000000004,39.7105,50.380388841927314,0.02746492273715248,BULLISH,RSI_NORMAL,HIGH_VOLATILITY
2018-06-08,39.83,40.22,39.33,39.52,10460000.0,38.772000000000006,39.5555,51.82608695652174,0.02782304770782299,BEARISH,RSI_NORMAL,HIGH_VOLATILITY
2018-06-11,39.43,40.4,39.43,39.65,6190000.0,39.227999999999994,39.442,52.68166089965396,0.027686268803054546,BULLISH,RSI_NORMAL,HIGH_VOLATILITY
2018-06-12,39.6,40.62,39.5,40.47,10320000.0,39.788,39.462,56.270358306188925,0.02630515287204792,BULLISH,RSI_NORMAL,HIGH_VOLATILITY
2018-06-13,40.67,40.75,39.5,39.73,8780000.0,39.98800000000001,39.421,54.11119812059513,0.026499498261336494,BULLISH,RSI_NORMAL,HIGH_VOLATILITY
2018-06-14,39.58,39.65,38.48,38.72,11820000.0,39.618,39.266999999999996,47.07241910631742,0.025958095450913564,BEARISH,RSI_NORMAL,HIGH_VOLATILITY
2018-06-15,38.83,39.7,38.47,38.95,21030000.0,39.504000000000005,39.1905,40.208877284595296,0.025165751893793793,BEARISH,RSI_NORMAL,HIGH_VOLATILITY
2018-06-18,38.98,39.13,37.8,38.1,9620000.0,39.194,39.1405,38.27671913835957,0.024472726097070584,BEARISH,RSI_NORMAL,HIGH_VOLATILITY
2018-06-19,37.98,38.4,37.58,37.82,10430000.0,38.664,39.08,41.10320284697509,0.02451357041098583,BEARISH,RSI_NORMAL,HIGH_VOLATILITY
2018-06-20,37.73,38.07,37.03,37.25,10260000.0,38.168000000000006,38.995999999999995,45.65217391304346,0.024706583814685074,BEARISH,RSI_NORMAL,HIGH_VOLATILITY
2018-06-21,37.47,37.47,36.02,36.45,16149999.999999998,37.714000000000006,38.8845,46.57258064516129,0.025077677291851397,BEARISH,RSI_NORMAL,HIGH_VOLATILITY
2018-06-22,36.43,36.77,35.73,36.57,17660000.0,37.238,38.739,45.91836734693879,0.024520756495989393,BEARISH,RSI_NORMAL,HIGH_VOLATILITY
2018-06-25,36.48,37.0,35.78,36.47,18860000.0,36.912,38.5025,43.749999999999986,0.021883439401745308,BEARISH,RSI_NORMAL,HIGH_VOLATILITY
2018-06-26,36.3,36.4,35.08,35.33,19410000.0,36.414,38.222500000000004,32.43801652892563,0.022610310925463586,BEARISH,RSI_NORMAL,HIGH_VOLATILITY
2018-06-27,35.33,35.33,33.93,34.8,26920000.0,35.924,37.9715,15.531660692950993,0.022203958190030276,BEARISH,RSI_LOW,HIGH_VOLATILITY
2018-06-28,34.42,35.17,33.77,34.58,24050000.0,35.55,37.794,17.241379310344797,0.020531108247591537,BEARISH,RSI_LOW,HIGH_VOLATILITY
2018-06-29,34.88,36.43,34.8,36.22,19270000.0,35.480000000000004,37.7485,31.04972375690609,0.022927715306213133,BEARISH,RSI_NORMAL,HIGH_VOLATILITY
2018-07-02,36.28,36.28,34.6,35.2,18400000.0,35.226,37.64,21.51351351351353,0.02363149241610945,BEARISH,RSI_LOW,HIGH_VOLATILITY
2018-07-03,35.0,35.95,34.77,35.82,18870000.0,35.324000000000005,37.5475,28.5870755750274,0.02395601831660194,BEARISH,RSI_LOW,HIGH_VOLATILITY
2018-07-04,35.62,35.75,34.62,34.78,13060000.0,35.32000000000001,37.35,28.493449781659393,0.023547236080420732,BEARISH,RSI_LOW,HIGH_VOLATILITY
2018-07-05,34.77,35.22,34.0,34.08,10440000.0,35.220000000000006,37.02550000000001,24.714434060228413,0.02021456068288603,BEARISH,RSI_LOW,HIGH_VOLATILITY
2018-07-06,34.17,37.42,34.1,36.93,53030000.0,35.362,36.896,44.969905417024925,0.02842008755063631,BULLISH,RSI_NORMAL,HIGH_VOLATILITY
2018-07-09,37.23,37.53,35.68,35.92,22920000.0,35.50600000000001,36.7095,42.31391585760518,0.02888462526121032,BEARISH,RSI_NORMAL,HIGH_VOLATILITY
2018-07-10,36.17,37.72,35.93,37.6,26830000.0,35.86200000000001,36.565999999999995,51.299183370452866,0.030620637914192703,BULLISH,RSI_NORMAL,HIGH_VOLATILITY
2018-07-11,37.67,37.73,35.9,36.1,23040000.0,36.126000000000005,36.3845,48.764996471418485,0.03154674997395795,BEARISH,RSI_NORMAL,HIGH_VOLATILITY
2018-07-12,36.33,36.92,35.03,35.33,17690000.0,36.376,36.215,45.81646423751686,0.03141567257109103,BEARISH,RSI_NORMAL,HIGH_VOLATILITY
2018-07-13,35.8,36.23,34.25,34.6,21310000.0,35.910000000000004,35.997499999999995,43.94822006472492,0.03153058214768668,BEARISH,RSI_NORMAL,HIGH_VOLATILITY
2018-07-16,34.72,35.03,33.5,33.67,15900000.0,35.46,35.775999999999996,44.55380577427822,0.03168868384740401,BEARISH,RSI_NORMAL,HIGH_VOLATILITY
2018-07-17,34.07,34.82,33.6,34.68,24260000.0,34.876000000000005,35.619,49.618320610687036,0.032671249200421304,BEARISH,RSI_NORMAL,HIGH_VOLATILITY
2018-07-18,34.73,35.02,33.0,33.18,24040000.0,34.29200000000001,35.4155,45.88235294117648,0.0337708530525306,BEARISH,RSI_NORMAL,HIGH_VOLATILITY
2018-07-19,33.3,33.73,32.23,32.63,19660000.0,33.752,35.2245,38.71778755499687,0.03366444551714206,BEARISH,RSI_NORMAL,HIGH_VOLATILITY
2018-07-20,32.8,34.73,32.58,34.55,27580000.0,33.742000000000004,35.1235,48.06662700773347,0.03655168499967306,BEARISH,RSI_NORMAL,HIGH_VOLATILITY
2018-07-23,34.4,34.8,33.38,34.27,16160000.0,33.862,35.0135,45.29447480267153,0.03657541351419706,BEARISH,RSI_NORMAL,HIGH_VOLATILITY
2018-07-24,34.28,35.85,34.15,35.63,22490000.0,34.052,35.028499999999994,52.531268612269216,0.037074606565057254,BULLISH,RSI_NORMAL,HIGH_VOLATILITY
2018-07-25,35.5,35.5,33.52,33.67,31130000.0,34.150000000000006,34.972,48.86426592797785,0.03901558559485905,BEARISH,RSI_NORMAL,HIGH_VOLATILITY
2018-07-26,33.78,34.17,33.25,33.4,32170000.0,34.304,34.913,38.590820943762104,0.03902975717333457,BEARISH,RSI_NORMAL,HIGH_VOLATILITY
2018-07-27,33.63,34.38,33.47,34.17,17260000.0,34.228,34.8105,44.25476034143138,0.03779852437582599,BEARISH,RSI_NORMAL,HIGH_VOLATILITY
2018-07-30,34.33,36.27,34.22,35.93,42170000.0,34.56,34.847,44.54604833442193,0.03909866321222338,BULLISH,RSI_NORMAL,HIGH_VOLATILITY
2018-07-31,36.13,39.88,35.73,38.78,77120000.0,35.190000000000005,34.995,58.043217286914775,0.04268703077065379,BULLISH,RSI_NORMAL,HIGH_VOLATILITY
2018-08-01,39.57,40.63,38.83,39.03,80280000.0,36.26200000000001,35.207499999999996,61.46220570012394,0.04193634343545976,BULLISH,RSI_NORMAL,HIGH_VOLATILITY
2018-08-02,39.0,39.62,38.0,38.95,22890000.0,37.372,35.451,64.04131697869596,0.04152270609566434,BULLISH,RSI_NORMAL,HIGH_VOLATILITY
2018-08-03,39.0,40.18,38.87,39.83,28210000.0,38.504000000000005,35.596000000000004,69.94818652849742,0.03770075323114,BULLISH,RSI_NORMAL,HIGH_VOLATILITY
2018-08-06,40.03,40.2,39.33,39.83,29600000.0,39.284000000000006,35.7915,67.84476784476786,0.036975500902292326,BULLISH,RSI_NORMAL,HIGH_VOLATILITY
2018-08-07,39.6,39.8,38.68,38.83,13030000.0,39.294,35.853,70.27997128499642,0.0362723938191604,BULLISH,RSI_HIGH,HIGH_VOLATILITY
2018-08-08,38.87,40.6,38.37,40.32,40610000.0,39.552,36.064,75.857431069267,0.03570635510587767,BULLISH,RSI_HIGH,HIGH_VOLATILITY
2018-08-09,40.67,41.03,39.72,40.4,38340000.0,39.842,36.317499999999995,72.44819646968536,0.035138357316054095,BULLISH,RSI_HIGH,HIGH_VOLATILITY
2018-08-10,40.48,41.47,39.93,40.38,43810000.0,39.952,36.606500000000004,73.92325763508222,0.034578383044703245,BULLISH,RSI_HIGH,HIGH_VOLATILITY
2018-08-13,40.22,40.23,38.83,39.12,14910000.0,39.81,36.879,63.77269139700077,0.03482272588223875,BULLISH,RSI_NORMAL,HIGH_VOLATILITY
2018-08-14,38.88,39.4,37.77,39.2,28670000.0,39.884,37.105000000000004,75.62557924003706,0.0344566067305253,BULLISH,RSI_HIGH,HIGH_VOLATILITY
2018-08-16,39.0,39.43,38.1,38.28,14290000.0,39.476,37.36,71.32867132867133,0.033208427896782855,BULLISH,RSI_HIGH,HIGH_VOLATILITY
2018-08-17,38.57,39.47,38.37,39.18,11740000.0,39.232000000000006,37.6875,71.65082108902332,0.03287474895566628,BULLISH,RSI_HIGH,HIGH_VOLATILITY
2018-08-20,39.07,39.5,38.82,39.15,9580000.0,38.986000000000004,37.917500000000004,66.36178861788616,0.030822618722184194,BULLISH,RSI_NORMAL,HIGH_VOLATILITY
2018-08-21,39.33,40.17,39.18,39.53,14750000.0,39.068,38.1805,55.08819538670284,0.030628614478856214,BULLISH,RSI_NORMAL,HIGH_VOLATILITY
2018-08-23,39.53,39.6,38.67,38.73,13220000.0,38.974000000000004,38.3355,48.10606060606058,0.03025395504976634,BULLISH,RSI_NORMAL,HIGH_VOLATILITY
2018-08-24,38.67,39.32,38.4,39.17,10920000.0,39.152,38.610499999999995,51.328502415458935,0.026814802390292592,BULLISH,RSI_NORMAL,HIGH_VOLATILITY
2018-08-27,39.33,39.63,38.77,38.92,15680000.0,39.1,38.8865,44.05228758169938,0.02676603056430129,BULLISH,RSI_NORMAL,HIGH_VOLATILITY
2018-08-28,39.07,39.15,38.33,38.37,8750000.0,38.944,39.096500000000006,41.09756097560978,0.02695683181098847,BEARISH,RSI_NORMAL,HIGH_VOLATILITY
2018-08-29,38.4,38.85,38.17,38.27,8680000.0,38.692,39.213499999999996,46.164383561643874,0.024793631345100497,BEARISH,RSI_NORMAL,HIGH_VOLATILITY
2018-08-30,38.33,38.57,37.93,38.07,12690000.0,38.56,39.178,31.281198003327845,0.01722958880195023,BEARISH,RSI_NORMAL,LOW_VOLATILITY
2018-08-31,38.07,39.13,37.68,37.83,29240000.0,38.29200000000001,39.118,29.173419773095702,0.017183849638886493,BEARISH,RSI_LOW,LOW_VOLATILITY
2018-09-03,38.08,38.5,37.33,37.48,23270000.0,38.004000000000005,39.0445,27.69230769230775,0.017272969005539342,BEARISH,RSI_LOW,LOW_VOLATILITY
2018-09-04,37.8,37.8,35.83,36.38,20670000.0,37.60600000000001,38.872,28.391167192429123,0.017320228315348914,BEARISH,RSI_LOW,LOW_VOLATILITY
2018-09-05,36.47,36.47,29.83,31.48,435840000.0,36.248000000000005,38.4545,15.412186379928343,0.033837677304473866,BEARISH,RSI_LOW,HIGH_VOLATILITY
2018-09-06,31.57,31.62,29.87,30.42,144890000.0,34.718,38.034,15.221238938053133,0.034077482524317054,BEARISH,RSI_LOW,HIGH_VOLATILITY
2018-09-07,30.33,31.25,30.03,30.62,64860000.0,33.276,37.549,9.622641509434018,0.03232283172988672,BEARISH,RSI_LOW,HIGH_VOLATILITY
2018-09-10,30.62,31.03,30.22,30.32,32610000.0,31.844000000000005,37.045,9.383624655013861,0.032139718545319614,BEARISH,RSI_LOW,HIGH_VOLATILITY
2018-09-11,30.47,30.63,29.38,29.5,47400000.0,30.468000000000007,36.501,5.658709106984986,0.03211305530827361,BEARISH,RSI_LOW,HIGH_VOLATILITY
2018-09-12,29.5,29.53,28.42,29.22,57000000.0,30.016000000000002,36.00600000000001,5.931417979610785,0.031904432454467765,BEARISH,RSI_LOW,HIGH_VOLATILITY
2018-09-14,29.37,29.83,29.37,29.6,22620000.0,29.852000000000004,35.525999999999996,5.405405405405432,0.03228566735279306,BEARISH,RSI_LOW,HIGH_VOLATILITY
2018-09-17,29.58,29.6,28.93,29.03,22570000.0,29.534000000000002,35.063500000000005,5.248868778280567,0.03223030138628735,BEARISH,RSI_LOW,HIGH_VOLATILITY
2018-09-18,29.03,29.18,27.9,28.0,33780000.0,29.070000000000004,34.5045,5.03035559410236,0.031381764961029915,BEARISH,RSI_LOW,HIGH_VOLATILITY
2018-09-19,28.25,28.3,27.43,27.53,23630000.0,28.676000000000005,33.923500000000004,4.873949579831944,0.031172117786341415,BEARISH,RSI_LOW,HIGH_VOLATILITY
2018-09-21,27.77,27.88,24.83,26.72,37030000.0,28.176000000000005,33.283,4.6362909672262305,0.030634115230522722,BEARISH,RSI_LOW,HIGH_VOLATILITY
2018-09-24,26.87,26.97,25.73,25.9,21790000.0,27.436,32.6415,4.4308632543926905,0.030746890124118582,BEARISH,RSI_LOW,HIGH_VOLATILITY
2018-09-25,25.7,26.13,24.75,25.4,26190000.0,26.71,31.953000000000003,4.380664652568001,0.029882980433366697,BEARISH,RSI_LOW,HIGH_VOLATILITY
2018-09-26,26.23,28.77,26.08,28.07,142000000.0,26.724,31.410500000000003,21.944632005401772,0.04105811709470351,BEARISH,RSI_LOW,HIGH_VOLATILITY
2018-09-27,28.33,28.65,27.17,27.35,45260000.0,26.688000000000006,30.859499999999997,30.573847601128904,0.04112027102750131,BEARISH,RSI_NORMAL,HIGH_VOLATILITY
2018-09-28,27.53,27.77,26.28,26.77,22140000.0,26.698,30.284499999999998,32.01970443349754,0.04101240475191373,BEARISH,RSI_NORMAL,HIGH_VOLATILITY
2018-10-01,26.85,27.95,26.03,27.57,29320000.0,27.032000000000004,29.759499999999996,35.81395348837211,0.04227037594495151,BEARISH,RSI_NORMAL,HIGH_VOLATILITY
2018-10-03,27.58,28.25,27.05,27.8,30930000.0,27.512,29.258,38.20224719101125,0.0425574260407118,BEARISH,RSI_NORMAL,HIGH_VOLATILITY
2018-10-04,27.38,27.83,26.83,27.42,24480000.0,27.382000000000005,28.755000000000003,39.84375000000002,0.042540715736252815,BEARISH,RSI_NORMAL,HIGH_VOLATILITY
2018-10-05,27.33,27.75,26.53,26.87,20950000.0,27.28600000000001,28.279500000000002,38.82017126546148,0.04242208110601996,BEARISH,RSI_NORMAL,HIGH_VOLATILITY
2018-10-08,26.33,26.58,25.07,25.72,29930000.0,27.076000000000004,27.991500000000002,32.801418439716315,0.03249659036830681,BEARISH,RSI_NORMAL,HIGH_VOLATILITY
2018-10-09,25.72,26.25,24.93,25.3,28300000.0,26.622000000000003,27.735500000000002,33.24348607367476,0.03204789740921876,BEARISH,RSI_NORMAL,HIGH_VOLATILITY
2018-10-10,25.67,27.27,25.55,27.15,26090000.0,26.492,27.562,46.44351464435146,0.03681738469454965,BEARISH,RSI_NORMAL,HIGH_VOLATILITY
2018-10-11,26.17,28.83,25.9,28.3,42900000.0,26.668000000000006,27.461000000000002,53.04829770387965,0.03830470088315221,BULLISH,RSI_NORMAL,HIGH_VOLATILITY
2018-10-12,28.67,29.13,28.27,28.52,23020000.0,26.998,27.412,57.475083056478404,0.0379326934270349,BULLISH,RSI_NORMAL,HIGH_VOLATILITY
2018-10-15,28.82,29.37,28.1,29.08,17170000.0,27.670000000000005,27.404999999999994,63.497453310696095,0.03814912627856126,BULLISH,RSI_NORMAL,HIGH_VOLATILITY
2018-10-16,29.18,29.5,28.92,29.33,13060000.0,28.476,27.3915,67.04249783174328,0.038085331989209215,BULLISH,RSI_NORMAL,HIGH_VOLATILITY
2018-10-17,29.53,29.75,28.28,28.5,11770000.0,28.746000000000002,27.365,52.218782249742,0.038381081320669135,BULLISH,RSI_NORMAL,HIGH_VOLATILITY
2018-10-19,28.3,28.73,27.4,27.7,22910000.0,28.626000000000005,27.35,51.791197543500495,0.038057411447905906,BULLISH,RSI_NORMAL,HIGH_VOLATILITY
2018-10-22,27.97,28.67,27.58,28.23,18670000.0,28.568,27.384999999999998,57.51028806584363,0.03806479100266136,BULLISH,RSI_NORMAL,HIGH_VOLATILITY
2018-10-23,28.12,29.17,28.03,29.02,21950000.0,28.556000000000004,27.5,57.46652935118434,0.0377397470986428,BULLISH,RSI_NORMAL,HIGH_VOLATILITY
2018-10-24,29.33,29.47,28.0,28.23,20490000.0,28.336000000000002,27.616499999999995,52.093476144109054,0.03757583891158291,BULLISH,RSI_NORMAL,HIGH_VOLATILITY
2018-10-25,27.93,28.4,27.33,27.78,27340000.0,28.192,27.735500000000002,51.740812379110245,0.037468833365615004,BULLISH,RSI_NORMAL,HIGH_VOLATILITY
2018-10-26,27.73,30.33,27.18,29.42,72420000.0,28.536,27.803000000000004,61.15485564304462,0.03201711020234635,BULLISH,RSI_NORMAL,HIGH_VOLATILITY
2018-10-29,29.67,30.33,28.68,28.8,39260000.0,28.650000000000006,27.8755,64.1284403669725,0.03181859866553441,BULLISH,RSI_NORMAL,HIGH_VOLATILITY
2018-10-30,28.8,30.33,28.8,29.95,53540000.0,28.836000000000002,28.0345,69.99140154772141,0.03229774335650018,BULLISH,RSI_NORMAL,HIGH_VOLATILITY
2018-10-31,29.67,31.13,29.67,31.02,34640000.0,29.394000000000005,28.207,67.83410138248848,0.03254944628020512,BULLISH,RSI_NORMAL,HIGH_VOLATILITY
2018-11-01,31.12,32.83,31.07,32.5,58130000.0,30.338,28.442,68.783542039356,0.033837468341197836,BULLISH,RSI_NORMAL,HIGH_VOLATILITY
2018-11-02,32.77,32.97,31.52,31.67,20520000.0,30.788,28.654499999999995,63.358778625954216,0.03434477113234857,BULLISH,RSI_NORMAL,HIGH_VOLATILITY
2018-11-05,31.68,32.23,31.02,31.7,12620000.0,31.368000000000002,28.895999999999997,61.6341030195382,0.03376481651681546,BULLISH,RSI_NORMAL,HIGH_VOLATILITY
2018-11-06,31.92,32.25,31.57,31.75,12940000.0,31.728,29.197499999999998,60.94032549728753,0.031580685278962725,BULLISH,RSI_NORMAL,HIGH_VOLATILITY
2018-11-07,31.98,31.98,31.72,31.82,1470000.0,31.888000000000005,29.523500000000002,66.11650485436894,0.03100149555830659,BULLISH,RSI_NORMAL,HIGH_VOLATILITY
2018-11-09,31.83,33.08,31.77,32.88,26680000.0,31.964000000000006,29.810000000000002,74.52651515151517,0.028002019587861735,BULLISH,RSI_HIGH,HIGH_VOLATILITY
2018-11-12,32.9,33.1,31.5,31.68,13180000.0,31.966000000000008,29.978999999999996,65.36064113980409,0.028746121880084338,BULLISH,RSI_NORMAL,HIGH_VOLATILITY
2018-11-13,31.67,31.77,30.9,31.53,11300000.0,31.932000000000006,30.129499999999997,61.850802644003785,0.02884247507244049,BULLISH,RSI_NORMAL,HIGH_VOLATILITY
2018-11-14,31.82,32.65,31.4,31.93,16520000.0,31.968000000000007,30.272000000000002,68.13725490196079,0.02870375149659406,BULLISH,RSI_NORMAL,HIGH_VOLATILITY
2018-11-15,31.9,32.48,31.35,32.23,8840000.0,32.050000000000004,30.417,72.13930348258705,0.0287094657039661,BULLISH,RSI_HIGH,HIGH_VOLATILITY
2018-11-16,32.33,32.35,30.53,30.95,17980000.0,31.664000000000005,30.539499999999997,57.89473684210525,0.029511013882454307,BULLISH,RSI_NORMAL,HIGH_VOLATILITY
2018-11-19,31.0,31.5,30.8,31.3,10810000.0,31.588,30.7195,63.26963906581742,0.02851753404568956,BULLISH,RSI_NORMAL,HIGH_VOLATILITY
2018-11-20,31.32,32.0,30.77,30.97,21190000.0,31.476,30.8565,55.93023255813954,0.02859817730599752,BULLISH,RSI_NORMAL,HIGH_VOLATILITY
2018-11-21,31.15,31.72,30.77,31.42,10910000.0,31.374000000000002,30.976499999999998,52.506265664160416,0.028185005871876986,BULLISH,RSI_NORMAL,HIGH_VOLATILITY
2018-11-22,31.43,31.58,31.07,31.25,10300000.0,31.178000000000004,31.127500000000005,40.62968515742129,0.027307149021427213,BULLISH,RSI_NORMAL,HIGH_VOLATILITY
2018-11-26,31.6,32.05,31.03,31.97,20500000.0,31.382000000000005,31.337,52.28658536585363,0.027090635074694357,BULLISH,RSI_NORMAL,HIGH_VOLATILITY
2018-11-27,31.67,31.83,30.87,31.05,13760000.0,31.332,31.4185,45.63758389261747,0.02534003972819934,BEARISH,RSI_NORMAL,HIGH_VOLATILITY
2018-11-28,31.22,31.33,29.42,29.57,29470000.0,31.052000000000003,31.457000000000004,37.72522522522523,0.027292260699315677,BEARISH,RSI_NORMAL,HIGH_VOLATILITY
2018-11-29,29.67,29.73,27.83,28.27,80180000.0,30.422000000000004,31.373,32.4431256181998,0.027548878444209623,BEARISH,RSI_NORMAL,HIGH_VOLATILITY
2018-11-30,28.25,28.47,27.58,27.75,35210000.0,29.722,31.209500000000002,23.1974921630094,0.026220337575399367,BEARISH,RSI_LOW,HIGH_VOLATILITY
2018-12-03,28.05,28.82,27.47,28.4,30720000.0,29.008000000000003,31.0045,31.8181818181818,0.0241176487649073,BEARISH,RSI_NORMAL,HIGH_VOLATILITY
2018-12-04,28.33,28.8,27.83,27.97,14640000.0,28.392000000000003,30.819500000000005,30.860215053763426,0.023794204105503102,BEARISH,RSI_NORMAL,HIGH_VOLATILITY
2018-12-05,27.68,27.97,27.0,27.57,16500000.0,27.992,30.613,26.559139784946225,0.02380684789575718,BEARISH,RSI_LOW,HIGH_VOLATILITY
2018-12-06,27.18,28.0,27.17,27.27,21610000.0,27.792,30.389,23.333333333333343,0.023742238959912374,BEARISH,RSI_LOW,HIGH_VOLATILITY
2018-12-07,27.43,27.52,26.67,26.7,21820000.0,27.582,30.133,25.26193247962749,0.02381716016863488,BEARISH,RSI_LOW,HIGH_VOLATILITY
2018-12-10,26.03,26.77,25.6,25.88,60030000.0,27.078000000000003,29.782999999999998,20.088300220750554,0.022151339564620183,BEARISH,RSI_LOW,HIGH_VOLATILITY
2018-12-11,25.5,26.6,25.0,26.25,49630000.0,26.734,29.5115,24.065934065934073,0.022065847206082508,BEARISH,RSI_LOW,HIGH_VOLATILITY
2018-12-12,26.47,27.3,26.42,26.73,24320000.0,26.566000000000003,29.271500000000003,24.315443592552015,0.022891750268906066,BEARISH,RSI_LOW,HIGH_VOLATILITY
2018-12-13,27.03,28.38,26.88,28.13,51720000.0,26.738,29.0815,34.94208494208493,0.02625072502215194,BEARISH,RSI_NORMAL,HIGH_VOLATILITY
2018-12-14,28.3,28.3,27.08,27.47,29710000.0,26.892000000000003,28.8435,28.155339805825236,0.026265515350206874,BEARISH,RSI_LOW,HIGH_VOLATILITY
2018-12-17,27.6,28.17,27.58,27.92,24030000.0,27.3,28.692,34.07934893184131,0.02564689755834608,BEARISH,RSI_NORMAL,HIGH_VOLATILITY
2018-12-18,27.77,28.2,27.62,28.12,26880000.0,27.674,28.532999999999998,41.52046783625731,0.025526114708877383,BEARISH,RSI_NORMAL,HIGH_VOLATILITY
2018-12-19,28.22,29.1,28.13,28.88,35640000.0,28.104000000000003,28.428500000000003,53.807740324594256,0.02646443675642486,BULLISH,RSI_NORMAL,HIGH_VOLATILITY
2018-12-20,28.62,30.32,28.47,30.1,62660000.0,28.498,28.3625,63.49024110218141,0.02811330757958875,BULLISH,RSI_NORMAL,HIGH_VOLATILITY
2018-12-21,30.38,31.6,29.33,29.47,113350000.0,28.898000000000003,28.273500000000002,56.15650172612198,0.028431509292443802,BULLISH,RSI_NORMAL,HIGH_VOLATILITY
2018-12-24,29.47,29.78,29.07,29.32,33130000.000000004,29.178000000000004,28.141,58.02615933412605,0.027787734477101055,BULLISH,RSI_NORMAL,HIGH_VOLATILITY
2018-12-26,29.25,29.83,28.42,29.57,37830000.0,29.468,28.067,62.10653753026634,0.027280990866873224,BULLISH,RSI_NORMAL,HIGH_VOLATILITY
2018-12-27,30.08,30.17,28.55,28.72,74700000.0,29.436,28.024499999999996,58.229284903518725,0.025910947421709348,BULLISH,RSI_NORMAL,HIGH_VOLATILITY
2018-12-28,29.0,29.42,28.87,29.3,22390000.0,29.276000000000003,28.076,64.73922902494331,0.024248358582855255,BULLISH,RSI_NORMAL,HIGH_VOLATILITY
2018-12-31,28.8,29.9,28.77,29.32,31540000.0,29.246000000000002,28.154499999999995,71.44638403990024,0.023771614234731377,BULLISH,RSI_HIGH,HIGH_VOLATILITY
2019-01-01,29.47,29.58,29.03,29.15,10480000.0,29.212,28.192,68.54219948849102,0.023345881609633086,BULLISH,RSI_NORMAL,HIGH_VOLATILITY
2019-01-02,29.08,30.08,28.92,29.9,30690000.0,29.278000000000002,28.2885,69.59208899876387,0.023594398979599928,BULLISH,RSI_NORMAL,HIGH_VOLATILITY
2019-01-03,30.03,30.28,29.45,29.6,39810000.0,29.454,28.390000000000004,60.51502145922748,0.023442757332813965,BULLISH,RSI_NORMAL,HIGH_VOLATILITY
2019-01-04,29.63,30.72,29.5,30.62,34530000.0,29.718,28.557500000000005,71.42857142857143,0.024128784912716437,BULLISH,RSI_HIGH,HIGH_VOLATILITY
2019-01-07,30.83,31.07,30.35,30.47,24060000.0,29.948,28.746,68.0851063829787,0.02344232856990795,BULLISH,RSI_NORMAL,HIGH_VOLATILITY
2019-01-08,30.5,30.62,30.02,30.28,14100000.0,30.174,28.966,65.3409090909091,0.021968894055154044,BULLISH,RSI_NORMAL,HIGH_VOLATILITY
2019-01-09,30.37,30.95,30.07,30.78,18290000.0,30.350000000000005,29.192500000000003,64.0117994100295,0.022007297059729727,BULLISH,RSI_NORMAL,HIGH_VOLATILITY
2019-01-10,30.63,31.0,30.5,30.8,17550000.0,30.590000000000003,29.395999999999997,56.27240143369175,0.02193593416473574,BULLISH,RSI_NORMAL,HIGH_VOLATILITY
2019-01-11,30.87,30.97,30.58,30.68,22190000.0,30.602000000000004,29.523500000000002,61.93293885601579,0.019306351587202356,BULLISH,RSI_NORMAL,LOW_VOLATILITY
2019-01-14,30.63,30.85,29.9,30.53,15930000.0,30.614000000000004,29.676499999999997,61.93293885601579,0.018310312903492842,BULLISH,RSI_NORMAL,LOW_VOLATILITY
2019-01-15,30.67,30.72,29.92,30.07,22040000.0,30.572000000000003,29.784,54.73484848484848,0.018669222583003995,BULLISH,RSI_NORMAL,LOW_VOLATILITY
2019-01-16,30.17,30.42,29.47,29.63,17560000.0,30.342000000000002,29.859499999999997,59.34291581108829,0.019098703849626388,BEARISH,RSI_NORMAL,LOW_VOLATILITY
2019-01-17,29.73,29.8,28.9,29.07,23810000.0,29.996000000000002,29.869,47.62886597938144,0.018789752398927533,BEARISH,RSI_NORMAL,LOW_VOLATILITY
2019-01-18,29.3,29.42,28.68,28.78,11670000.0,29.616000000000003,29.802999999999997,44.72656250000001,0.01612171771527847,BEARISH,RSI_NORMAL,LOW_VOLATILITY
2019-01-21,28.97,29.2,28.57,28.83,9150000.0,29.276000000000003,29.770999999999997,46.79999999999999,0.015514859594239974,BEARISH,RSI_NORMAL,LOW_VOLATILITY
2019-01-22,28.98,29.13,28.12,28.38,19550000.0,28.938000000000006,29.724,33.82978723404253,0.015836349984484993,BEARISH,RSI_NORMAL,LOW_VOLATILITY
2019-01-23,28.47,28.58,27.87,27.97,11640000.0,28.606,29.644,33.05613305613301,0.015903118989352566,BEARISH,RSI_NORMAL,LOW_VOLATILITY
2019-01-24,27.98,28.1,27.47,27.6,13420000.0,28.312,29.588,13.70192307692301,0.014911005358222549,BEARISH,RSI_LOW,LOW_VOLATILITY
2019-01-25,27.73,28.0,26.68,26.78,17710000.0,27.912,29.462,11.801242236024791,0.015195022237526064,BEARISH,RSI_LOW,LOW_VOLATILITY
2019-01-28,26.78,27.03,26.35,26.57,13650000.0,27.46,29.3245,11.752577319587573,0.015165140214857183,BEARISH,RSI_LOW,LOW_VOLATILITY
2019-01-29,26.65,27.47,26.53,27.28,26090000.0,27.240000000000002,29.231,15.415019762845816,0.016716906369044902,BEARISH,RSI_LOW,LOW_VOLATILITY
2019-01-30,27.45,28.22,27.33,28.0,23320000.0,27.246000000000002,29.136000000000003,25.694444444444414,0.016777882723701804,BEARISH,RSI_LOW,LOW_VOLATILITY
2019-01-31,29.2,29.33,27.78,27.88,87060000.0,27.302000000000003,29.05,25.694444444444414,0.01670273035487886,BEARISH,RSI_LOW,LOW_VOLATILITY
2019-02-01,28.05,28.73,27.75,28.2,29210000.0,27.586000000000002,28.928999999999995,30.35413153456996,0.01466681915051636,BEARISH,RSI_NORMAL,LOW_VOLATILITY
2019-02-04,28.17,28.17,27.22,27.6,11290000.0,27.79200000000001,28.785500000000003,29.65403624382205,0.015167926306339436,BEARISH,RSI_LOW,LOW_VOLATILITY
2019-02-05,27.2,27.73,26.42,26.6,15860000.0,27.656000000000006,28.601499999999998,27.149321266968315,0.016718506918840415,BEARISH,RSI_LOW,LOW_VOLATILITY
2019-02-06,26.67,27.4,26.1,27.3,18880000.0,27.516000000000002,28.4275,36.92762186115213,0.017546512226978797,BEARISH,RSI_NORMAL,LOW_VOLATILITY
2019-02-07,27.33,27.67,26.85,27.22,16190000.000000002,27.384000000000004,28.2485,38.109756097560954,0.01749506244536521,BEARISH,RSI_NORMAL,LOW_VOLATILITY
2019-02-08,27.05,27.28,26.5,26.67,10370000.0,27.078000000000003,28.047999999999995,34.70254957507083,0.017769124798722623,BEARISH,RSI_NORMAL,LOW_VOLATILITY
2019-02-11,26.62,26.63,25.3,25.58,24270000.0,26.674,27.8005,31.818181818181813,0.01931643016284268,BEARISH,RSI_NORMAL,LOW_VOLATILITY
2019-02-12,25.62,26.65,25.38,25.9,26340000.0,26.534000000000002,27.592000000000002,36.39947437582129,0.01981054904205299,BEARISH,RSI_NORMAL,LOW_VOLATILITY
2019-02-13,26.05,26.28,24.6,24.83,27240000.0,26.040000000000003,27.352000000000004,33.333333333333314,0.02118453527936534,BEARISH,RSI_NORMAL,HIGH_VOLATILITY
2019-02-14,25.03,25.48,24.17,24.83,53580000.0,25.562,27.139999999999997,36.982643524699576,0.02112157212036533,BEARISH,RSI_NORMAL,HIGH_VOLATILITY
2019-02-15,25.0,25.42,24.72,25.03,30060000.0,25.234,26.952500000000004,39.70588235294119,0.021399525249529264,BEARISH,RSI_NORMAL,HIGH_VOLATILITY
2019-02-18,25.18,25.43,24.95,25.1,12310000.0,25.138,26.766,34.06432748538013,0.021422902136042945,BEARISH,RSI_NORMAL,HIGH_VOLATILITY
2019-02-19,25.17,25.67,25.05,25.33,17100000.0,25.024000000000004,26.6135,28.976377952755897,0.021595170738429287,BEARISH,RSI_LOW,HIGH_VOLATILITY
2019-02-20,25.93,26.25,25.43,25.83,37580000.0,25.224000000000004,26.5065,34.76968796433877,0.02218995704941212,BEARISH,RSI_NORMAL,HIGH_VOLATILITY
2019-02-21,25.73,25.98,25.35,25.82,14610000.0,25.422000000000004,26.4175,31.464174454828665,0.022086378142588736,BEARISH,RSI_NORMAL,HIGH_VOLATILITY
2019-02-22,26.27,26.42,26.0,26.18,31190000.0,25.652000000000005,26.3875,38.51132686084141,0.021465888302472168,BEARISH,RSI_NORMAL,HIGH_VOLATILITY
2019-02-25,26.18,27.1,25.7,26.97,66030000.0,26.026,26.4075,53.09882747068675,0.0224792436875572,BULLISH,RSI_NORMAL,HIGH_VOLATILITY
2019-02-26,26.5,26.85,25.8,26.57,45770000.0,26.274,26.372000000000003,43.56261022927689,0.02188826138540266,BULLISH,RSI_NORMAL,HIGH_VOLATILITY
2019-02-27,26.67,27.58,26.57,26.88,42830000.0,26.484,26.316000000000003,47.11864406779661,0.021150428658990035,BULLISH,RSI_NORMAL,HIGH_VOLATILITY
2019-02-28,27.0,27.73,26.68,27.5,71640000.0,26.820000000000004,26.297000000000004,56.95142378559463,0.021855405250044,BULLISH,RSI_NORMAL,HIGH_VOLATILITY
2019-03-01,27.67,28.43,27.67,28.33,34020000.0,27.25,26.303500000000003,74.08056042031527,0.02277385040408144,BULLISH,RSI_HIGH,HIGH_VOLATILITY
2019-03-05,28.6,30.38,28.38,30.05,59930000.0,27.866000000000003,26.426,79.18424753867795,0.02582648586049796,BULLISH,RSI_HIGH,HIGH_VOLATILITY
2019-03-06,30.28,31.3,30.02,30.7,51200000.0,28.692,26.631,93.87144992526163,0.024204285104925432,BULLISH,RSI_HIGH,HIGH_VOLATILITY
2019-03-07,30.92,30.92,29.63,29.78,34020000.0,29.272000000000002,26.755000000000003,82.52299605781872,0.025151348151946022,BULLISH,RSI_HIGH,HIGH_VOLATILITY
2019-03-08,29.33,29.67,28.93,29.07,36310000.0,29.586000000000002,26.847500000000004,74.87684729064041,0.025906654164120045,BULLISH,RSI_HIGH,HIGH_VOLATILITY
2019-03-11,29.25,30.67,29.1,30.55,42560000.0,30.03,27.041499999999996,78.59391395592867,0.027308308971615423,BULLISH,RSI_HIGH,HIGH_VOLATILITY
2019-03-12,30.73,31.23,30.23,30.4,45230000.0,30.1,27.282500000000006,76.82539682539684,0.025071243816803097,BULLISH,RSI_HIGH,HIGH_VOLATILITY
2019-03-13,30.43,31.45,29.32,31.2,63010000.0,30.200000000000006,27.547499999999996,77.53846153846155,0.025362352285583627,BULLISH,RSI_HIGH,HIGH_VOLATILITY
2019-03-14,31.5,31.57,30.38,31.07,45890000.0,30.458000000000006,27.859500000000004,76.59574468085107,0.022648382683831736,BULLISH,RSI_HIGH,HIGH_VOLATILITY
2019-03-15,31.02,31.82,30.78,31.65,63560000.0,30.974,28.200499999999998,77.10604558969277,0.02253332108952601,BULLISH,RSI_HIGH,HIGH_VOLATILITY
2019-03-18,31.87,32.05,31.13,31.45,35940000.0,31.154000000000003,28.521500000000003,73.57894736842107,0.02290688165574917,BULLISH,RSI_HIGH,HIGH_VOLATILITY
2019-03-19,31.48,32.33,31.15,32.23,48370000.0,31.520000000000003,28.877999999999997,78.64372469635627,0.022983675286184453,BULLISH,RSI_HIGH,HIGH_VOLATILITY
2019-03-20,32.22,32.55,31.02,31.17,54650000.0,31.514000000000003,29.169999999999998,70.17873941674509,0.0251572592313717,BULLISH,RSI_HIGH,HIGH_VOLATILITY
2019-03-22,31.33,31.47,30.18,30.35,41620000.0,31.370000000000005,29.396000000000004,63.15789473684212,0.026366832875509377,BULLISH,RSI_NORMAL,HIGH_VOLATILITY
2019-03-25,30.17,31.03,30.0,30.6,30160000.0,31.160000000000004,29.634999999999998,61.07317073170734,0.026285567288637398,BULLISH,RSI_NORMAL,HIGH_VOLATILITY
2019-03-26,30.75,31.08,30.57,30.8,20410000.0,31.03000000000001,29.866000000000003,54.295532646048116,0.026262264501667652,BULLISH,RSI_NORMAL,HIGH_VOLATILITY
2019-03-27,30.97,31.4,30.52,30.7,27290000.0,30.724,30.0525,50.0,0.025869737106445263,BULLISH,RSI_NORMAL,HIGH_VOLATILITY
2019-03-28,30.97,31.07,30.55,30.82,49920000.0,30.654000000000003,30.264999999999997,57.04607046070461,0.025379273443433888,BULLISH,RSI_NORMAL,HIGH_VOLATILITY
2019-03-29,31.58,32.03,31.0,31.08,74230000.0,30.800000000000004,30.475,64.5021645021645,0.025363300055398323,BULLISH,RSI_NORMAL,HIGH_VOLATILITY
2019-04-01,31.27,32.52,30.95,31.97,65730000.00000001,31.074,30.698499999999996,61.198738170347,0.0255719309061956,BULLISH,RSI_NORMAL,HIGH_VOLATILITY
2019-04-02,32.13,33.93,32.02,33.62,106870000.0,31.637999999999998,30.963,70.5357142857143,0.02696702769759241,BULLISH,RSI_HIGH,HIGH_VOLATILITY
2019-04-03,34.02,34.07,32.25,32.42,61990000.0,31.982000000000006,31.0815,57.40291262135925,0.02581689922488292,BULLISH,RSI_NORMAL,HIGH_VOLATILITY
2019-04-04,32.43,33.0,32.03,32.45,37350000.0,32.30800000000001,31.169,58.4766584766585,0.025490742189240575,BULLISH,RSI_NORMAL,HIGH_VOLATILITY
2019-04-05,32.72,32.78,32.1,32.27,20320000.0,32.54600000000001,31.2935,54.005167958656365,0.02438522386980323,BULLISH,RSI_NORMAL,HIGH_VOLATILITY
2019-04-08,32.3,32.48,31.48,31.67,20620000.0,32.486000000000004,31.4235,51.35135135135137,0.02409289301387433,BULLISH,RSI_NORMAL,HIGH_VOLATILITY
2019-04-09,31.72,32.12,31.07,31.93,27230000.0,32.148,31.4925,48.03149606299214,0.02152483139780796,BULLISH,RSI_NORMAL,HIGH_VOLATILITY
2019-04-10,31.85,32.27,31.63,31.85,21750000.0,32.034000000000006,31.564999999999998,55.12048192771084,0.02148835724575076,BULLISH,RSI_NORMAL,HIGH_VOLATILITY
2019-04-11,31.8,31.83,30.97,31.1,53430000.0,31.764000000000003,31.560000000000002,55.707762557077636,0.021478622800796973,BEARISH,RSI_NORMAL,HIGH_VOLATILITY
2019-04-12,31.18,31.4,30.67,31.32,41530000.0,31.574,31.572499999999998,55.5045871559633,0.02150931136380158,BEARISH,RSI_NORMAL,HIGH_VOLATILITY
2019-04-15,31.55,31.92,31.35,31.67,20650000.0,31.574000000000005,31.573500000000003,56.50224215246638,0.02124201635344064,BULLISH,RSI_NORMAL,HIGH_VOLATILITY
2019-04-16,31.68,31.88,31.3,31.38,13210000.0,31.464000000000006,31.57,54.941860465116285,0.021297576338696143,BEARISH,RSI_NORMAL,HIGH_VOLATILITY
2019-04-18,31.38,31.52,30.72,30.83,16280000.000000002,31.26,31.5,50.06839945280436,0.02081168093431355,BEARISH,RSI_NORMAL,HIGH_VOLATILITY
2019-04-22,30.63,30.63,29.53,29.8,22970000.0,31.0,31.4315,42.07920792079208,0.020852600285447533,BEARISH,RSI_NORMAL,HIGH_VOLATILITY
2019-04-23,29.77,29.95,29.3,29.47,24350000.0,30.630000000000006,31.3875,33.37765957446807,0.02018710876847624,BEARISH,RSI_NORMAL,HIGH_VOLATILITY
2019-04-24,29.5,29.73,29.17,29.47,20410000.0,30.189999999999998,31.331,14.650766609880733,0.020066436905172128,BEARISH,RSI_LOW,HIGH_VOLATILITY
2019-04-25,29.52,29.87,28.88,29.02,48820000.0,29.718,31.242,16.796874999999986,0.020188023950731757,BEARISH,RSI_LOW,HIGH_VOLATILITY
2019-04-26,29.17,29.52,28.85,29.38,21340000.0,29.428000000000004,31.176000000000005,21.83486238532106,0.020470370782269542,BEARISH,RSI_LOW,HIGH_VOLATILITY
2019-04-30,29.33,29.42,28.43,29.05,22790000.0,29.278000000000002,31.0875,21.24999999999997,0.02052037330393348,BEARISH,RSI_LOW,HIGH_VOLATILITY
2019-05-02,28.93,29.75,28.75,29.42,24350000.0,29.268,31.004499999999997,29.050279329608927,0.020665822353658898,BEARISH,RSI_LOW,HIGH_VOLATILITY
2019-05-03,29.42,29.77,29.17,29.48,26420000.0,29.270000000000003,30.880000000000003,26.305609284332675,0.019369220812059378,BEARISH,RSI_LOW,LOW_VOLATILITY
2019-05-06,29.22,29.48,29.07,29.42,11390000.0,29.350000000000005,30.670000000000005,26.407766990291265,0.014344670062159101,BEARISH,RSI_LOW,LOW_VOLATILITY
2019-05-07,29.67,29.78,28.82,28.9,18260000.0,29.25400000000001,30.494,27.642276422764212,0.012912427254996278,BEARISH,RSI_LOW,LOW_VOLATILITY
2019-05-08,28.9,29.1,28.53,28.97,15590000.0,29.238,30.320000000000004,25.36687631027253,0.012956806965783508,BEARISH,RSI_LOW,LOW_VOLATILITY
2019-05-09,28.95,30.37,28.75,29.98,29620000.0,29.35,30.2055,34.438305709023936,0.01580035528742614,BEARISH,RSI_NORMAL,LOW_VOLATILITY
2019-05-10,30.03,30.25,29.6,29.9,20810000.0,29.434000000000005,30.117,35.82375478927203,0.015398793932404353,BEARISH,RSI_NORMAL,LOW_VOLATILITY
2019-05-13,29.9,30.17,28.8,28.97,18120000.0,29.344,29.969,33.39285714285715,0.016401517111705594,BEARISH,RSI_NORMAL,LOW_VOLATILITY
2019-05-14,28.97,29.93,28.67,29.7,17660000.0,29.504,29.8615,49.05660377358489,0.017715985498177756,BEARISH,RSI_NORMAL,LOW_VOLATILITY
2019-05-15,29.7,29.93,29.52,29.67,14420000.0,29.644000000000005,29.79,52.000000000000036,0.017067828031104362,BEARISH,RSI_NORMAL,LOW_VOLATILITY
2019-05-16,29.83,29.88,28.88,29.75,12640000.0,29.598000000000003,29.7115,52.75590551181104,0.01697026172302056,BULLISH,RSI_NORMAL,LOW_VOLATILITY
2019-05-17,29.67,30.8,29.55,30.65,20950000.0,29.748,29.660499999999995,64.7377938517179,0.018262241972939453,BULLISH,RSI_NORMAL,LOW_VOLATILITY
2019-05-20,31.7,33.37,31.7,33.1,51850000.0,30.574,29.746499999999997,74.40944881889766,0.025658454936505835,BULLISH,RSI_HIGH,HIGH_VOLATILITY
2019-05-21,33.3,33.3,31.85,32.32,25110000.0,31.098000000000003,29.821000000000005,70.26022304832713,0.025946308438961885,BULLISH,RSI_HIGH,HIGH_VOLATILITY
2019-05-22,32.67,34.08,32.27,33.7,45690000.0,31.904000000000003,30.016,73.56828193832598,0.025956572600678258,BULLISH,RSI_HIGH,HIGH_VOLATILITY
2019-05-23,34.67,35.88,33.78,34.22,77960000.0,32.798,30.253499999999995,74.84276729559747,0.02568835569092447,BULLISH,RSI_HIGH,HIGH_VOLATILITY
2019-05-24,34.37,37.5,34.33,37.27,108590000.0,34.122,30.6435,81.32482043096567,0.031366496202773146,BULLISH,RSI_HIGH,HIGH_VOLATILITY
2019-05-27,37.17,39.25,36.48,37.67,68300000.0,35.036,31.076,85.33440773569703,0.03069699302739631,BULLISH,RSI_HIGH,HIGH_VOLATILITY
2019-05-28,37.65,38.23,37.18,37.58,35920000.0,36.08800000000001,31.485999999999997,84.63395012067576,0.0309039033899712,BULLISH,RSI_HIGH,HIGH_VOLATILITY
2019-05-29,37.77,37.88,36.67,37.4,32640000.0,36.828,31.9035,81.98275862068964,0.030672688567990745,BULLISH,RSI_HIGH,HIGH_VOLATILITY
2019-05-30,38.67,38.67,37.12,37.8,105090000.0,37.544,32.322500000000005,83.13758389261744,0.030677514918611582,BULLISH,RSI_HIGH,HIGH_VOLATILITY
2019-05-31,37.95,38.32,36.55,37.22,49920000.0,37.534,32.709500000000006,85.65254969749351,0.031246650458566214,BULLISH,RSI_HIGH,HIGH_VOLATILITY
2019-06-03,37.33,37.57,36.88,37.07,31060000.0,37.414,33.092,83.53048225659691,0.03129753530328473,BULLISH,RSI_HIGH,HIGH_VOLATILITY
2019-06-04,36.93,38.07,36.93,37.72,28190000.0,37.44200000000001,33.533,84.6683893195521,0.030516615317112576,BULLISH,RSI_HIGH,HIGH_VOLATILITY
2019-06-06,37.67,37.72,35.4,35.62,41680000.0,37.086,33.865500000000004,71.53338224504768,0.034202449478743346,BULLISH,RSI_HIGH,HIGH_VOLATILITY
2019-06-07,35.9,36.67,34.98,36.1,39080000.0,36.746,34.1715,70.62831188493566,0.03374604276059696,BULLISH,RSI_HIGH,HIGH_VOLATILITY
2019-06-10,36.18,36.5,35.45,35.9,15830000.0,36.482,34.4715,62.77372262773721,0.033808208593270266,BULLISH,RSI_NORMAL,HIGH_VOLATILITY
2019-06-11,36.02,37.05,35.85,36.82,23770000.0,36.432,34.864,70.27027027027026,0.032559926560645096,BULLISH,RSI_HIGH,HIGH_VOLATILITY
2019-06-12,36.67,36.97,35.58,35.67,20190000.0,36.022000000000006,35.1625,59.061637534498615,0.03382689722647865,BULLISH,RSI_NORMAL,HIGH_VOLATILITY
2019-06-13,35.75,36.75,35.73,36.68,18530000.0,36.234,35.513,60.82746478873239,0.03397203918510371,BULLISH,RSI_NORMAL,HIGH_VOLATILITY
2019-06-14,36.58,37.2,36.28,36.93,24940000.0,36.4,35.872,48.014018691588774,0.03393024491619957,BULLISH,RSI_NORMAL,HIGH_VOLATILITY
2019-06-17,37.0,37.42,36.15,36.33,32920000.0,36.486000000000004,36.156,42.35159817351597,0.03416304708950205,BULLISH,RSI_NORMAL,HIGH_VOLATILITY
2019-06-18,36.45,36.9,36.25,36.6,23420000.0,36.442,36.331,44.51901565995528,0.02981917032706448,BULLISH,RSI_NORMAL,HIGH_VOLATILITY
2019-06-19,36.85,37.33,35.35,35.87,32430000.0,36.482000000000006,36.5085,41.93888303477345,0.0296442507076411,BEARISH,RSI_NORMAL,HIGH_VOLATILITY
2019-06-20,36.0,36.98,35.88,36.87,16059999.999999998,36.52,36.667,45.391476709613485,0.02884346337777892,BULLISH,RSI_NORMAL,HIGH_VOLATILITY
2019-06-21,36.92,37.77,36.32,37.17,33800000.0,36.568,36.814499999999995,49.74515800203875,0.02874918721315658,BULLISH,RSI_NORMAL,HIGH_VOLATILITY
2019-06-24,37.28,38.4,37.17,38.25,42150000.0,36.952,36.8635,55.49348230912475,0.021725229640931522,BULLISH,RSI_NORMAL,HIGH_VOLATILITY
2019-06-25,38.32,38.43,37.55,37.97,33000000.0,37.226,36.878499999999995,51.205400192864026,0.021697566023732972,BULLISH,RSI_NORMAL,HIGH_VOLATILITY
2019-06-26,37.95,38.45,37.83,38.13,21220000.0,37.678,36.906,64.88730723606167,0.021699561642321428,BULLISH,RSI_NORMAL,HIGH_VOLATILITY
2019-06-27,38.5,38.87,38.2,38.32,51050000.0,37.968,36.952,63.636363636363605,0.02167345911415064,BULLISH,RSI_NORMAL,HIGH_VOLATILITY
2019-06-28,38.33,38.7,37.23,37.5,20910000.0,38.034000000000006,36.937,59.13242009132419,0.022135444251862344,BULLISH,RSI_NORMAL,HIGH_VOLATILITY
2019-07-01,37.75,38.48,36.6,36.95,33370000.0,37.774,36.9235,50.77473182359954,0.022111503917121002,BULLISH,RSI_NORMAL,HIGH_VOLATILITY
2019-07-02,37.0,37.62,37.0,37.37,14010000.0,37.654,36.9385,61.0966057441253,0.022236225797211764,BULLISH,RSI_NORMAL,HIGH_VOLATILITY
2019-07-03,37.57,37.95,36.97,37.7,25230000.0,37.568000000000005,36.9375,57.30659025787967,0.021971789095232265,BULLISH,RSI_NORMAL,HIGH_VOLATILITY
2019-07-04,37.73,38.15,37.45,37.87,12190000.0,37.478,37.05,56.81159420289853,0.017602980833660943,BULLISH,RSI_NORMAL,LOW_VOLATILITY
2019-07-05,38.08,38.25,35.73,36.13,30920000.0,37.20400000000001,37.0515,48.756218905472664,0.020548277152106817,BEARISH,RSI_NORMAL,HIGH_VOLATILITY
2019-07-08,36.03,36.58,33.58,33.73,53680000.0,36.56,36.943,35.889872173057995,0.02539010881104155,BEARISH,RSI_NORMAL,HIGH_VOLATILITY
2019-07-09,33.67,36.03,33.33,35.78,71880000.0,36.242000000000004,36.891,49.60835509138383,0.028488886224000788,BEARISH,RSI_NORMAL,HIGH_VOLATILITY
2019-07-10,35.82,35.82,34.43,34.62,24600000.0,35.626,36.838499999999996,40.34334763948499,0.028556264497012342,BEARISH,RSI_NORMAL,HIGH_VOLATILITY
2019-07-11,34.83,35.73,34.38,35.6,28450000.0,35.172000000000004,36.7845,43.63341443633414,0.02855584304501438,BEARISH,RSI_NORMAL,HIGH_VOLATILITY
2019-07-12,35.47,35.7,34.77,35.35,58320000.0,35.016000000000005,36.7055,37.39130434782611,0.028521495760714048,BEARISH,RSI_NORMAL,HIGH_VOLATILITY
2019-07-15,35.25,35.25,33.73,34.28,30100000.0,35.126000000000005,36.603,34.98779495524819,0.029062634242493657,BEARISH,RSI_NORMAL,HIGH_VOLATILITY
2019-07-16,34.3,35.07,34.17,34.35,23450000.0,34.84,36.490500000000004,34.50819672131148,0.028990626994113245,BEARISH,RSI_NORMAL,HIGH_VOLATILITY
2019-07-17,34.5,34.8,34.03,34.43,16750000.0,34.80200000000001,36.4185,33.91232423490487,0.028722523883629676,BEARISH,RSI_NORMAL,HIGH_VOLATILITY
2019-07-18,34.6,34.63,31.97,32.18,43260000.0,34.11800000000001,36.184000000000005,30.325443786982248,0.031141003807438093,BEARISH,RSI_NORMAL,HIGH_VOLATILITY
2019-07-19,32.5,33.32,31.27,32.85,63750000.0,33.618,35.968,34.97067448680352,0.031576870076438154,BEARISH,RSI_NORMAL,HIGH_VOLATILITY
2019-07-22,32.8,33.92,31.93,33.5,41160000.0,33.462,35.7305,36.049026676279766,0.031104736868930796,BEARISH,RSI_NORMAL,HIGH_VOLATILITY
2019-07-23,33.65,34.13,32.75,32.95,30390000.0,33.182,35.4795,33.14407381121363,0.03118927158774922,BEARISH,RSI_NORMAL,HIGH_VOLATILITY
2019-07-24,33.05,33.4,31.95,32.53,24860000.0,32.802,35.1995,31.38075313807535,0.03111031419965967,BEARISH,RSI_NORMAL,HIGH_VOLATILITY
2019-07-25,32.73,33.42,32.4,33.05,40600000.0,32.976000000000006,34.936,38.262195121951216,0.031437210135731385,BEARISH,RSI_NORMAL,HIGH_VOLATILITY
2019-07-26,33.3,33.3,32.62,32.88,21060000.0,32.982000000000006,34.705,46.09733700642794,0.031252098721423996,BEARISH,RSI_NORMAL,HIGH_VOLATILITY
2019-07-29,32.68,32.77,30.72,30.92,41590000.0,32.46600000000001,34.4035,27.5,0.03344102184182579,BEARISH,RSI_LOW,HIGH_VOLATILITY
2019-07-30,31.13,33.47,31.08,32.8,114520000.0,32.436,34.175,42.10069444444444,0.03664683897718441,BEARISH,RSI_NORMAL,HIGH_VOLATILITY
2019-07-31,32.47,34.5,32.33,34.23,68600000.0,32.775999999999996,34.0015,44.27736006683372,0.03817308267537997,BULLISH,RSI_NORMAL,HIGH_VOLATILITY
2019-08-01,33.78,33.93,32.23,32.92,38780000.0,32.75,33.754000000000005,40.67536454336146,0.03885655115790954,BEARISH,RSI_NORMAL,HIGH_VOLATILITY
2019-08-02,32.33,32.88,31.42,31.78,41100000.0,32.53,33.536500000000004,40.45801526717556,0.03832696051626783,BEARISH,RSI_NORMAL,HIGH_VOLATILITY
2019-08-05,31.65,31.65,30.4,30.83,70440000.0,32.512,33.39149999999999,37.410586552217424,0.03608504086664799,BEARISH,RSI_NORMAL,HIGH_VOLATILITY
2019-08-06,30.8,32.57,30.8,32.32,42200000.0,32.416000000000004,33.2185,43.14489928525016,0.03500256257543918,BEARISH,RSI_NORMAL,HIGH_VOLATILITY
2019-08-07,32.3,32.8,31.4,31.62,33700000.0,31.894000000000005,33.0685,47.97687861271677,0.03463132061860061,BEARISH,RSI_NORMAL,HIGH_VOLATILITY
2019-08-08,31.73,32.47,31.17,32.33,31400000.0,31.776,32.905,48.12680115273774,0.03436810201011655,BEARISH,RSI_NORMAL,HIGH_VOLATILITY
2019-08-09,32.25,32.97,32.17,32.55,17460000.0,31.93,32.765,46.46840148698884,0.03444823574394547,BEARISH,RSI_NORMAL,HIGH_VOLATILITY
2019-08-13,32.55,32.82,31.13,31.42,22320000.0,32.048,32.622,44.54739843193156,0.03464356084857014,BEARISH,RSI_NORMAL,HIGH_VOLATILITY
2019-08-14,31.33,32.0,30.7,31.68,21370000.0,31.919999999999998,32.4885,46.935832732516204,0.03472657271368254,BEARISH,RSI_NORMAL,HIGH_VOLATILITY
2019-08-16,31.68,32.17,31.35,32.03,16440000.000000002,32.002,32.3685,46.27737226277373,0.034857586458379865,BEARISH,RSI_NORMAL,HIGH_VOLATILITY
2019-08-19,32.13,32.8,31.8,32.62,20750000.0,32.06,32.390499999999996,49.07932011331443,0.03188042521266013,BULLISH,RSI_NORMAL,HIGH_VOLATILITY
2019-08-20,32.3,32.45,30.67,31.12,27160000.0,31.774,32.304,50.7320644216691,0.033185293949490983,BEARISH,RSI_NORMAL,HIGH_VOLATILITY
2019-08-21,31.2,31.77,30.5,30.65,25750000.0,31.620000000000005,32.161500000000004,41.224489795918366,0.03288554066056424,BEARISH,RSI_NORMAL,HIGH_VOLATILITY
2019-08-22,30.95,31.4,30.7,31.1,35010000.0,31.504,32.069,36.11357586512867,0.0329986961961275,BEARISH,RSI_NORMAL,HIGH_VOLATILITY
2019-08-23,31.27,33.65,30.93,33.3,51950000.0,31.758000000000003,32.1075,51.56249999999998,0.03669062603104879,BULLISH,RSI_NORMAL,HIGH_VOLATILITY
2019-08-26,33.98,35.0,33.4,34.07,51920000.0,32.048,32.1585,59.711620016963536,0.036870080029916756,BULLISH,RSI_NORMAL,HIGH_VOLATILITY
2019-08-27,34.0,34.93,33.92,34.55,27650000.0,32.734,32.242,66.43109540636044,0.03692023942919521,BULLISH,RSI_NORMAL,HIGH_VOLATILITY
2019-08-28,34.4,34.85,34.25,34.57,26070000.0,33.518,32.4245,61.42131979695433,0.033863933311589677,BULLISH,RSI_NORMAL,HIGH_VOLATILITY
2019-08-29,34.42,35.45,33.58,34.9,60330000.0,34.278000000000006,32.5295,67.29957805907173,0.031355587428524546,BULLISH,RSI_NORMAL,HIGH_VOLATILITY
2019-08-30,34.67,35.0,33.55,34.3,26460000.0,34.478,32.533,60.512273212379945,0.03019634996342117,BULLISH,RSI_NORMAL,HIGH_VOLATILITY
2019-09-03,33.75,34.6,33.47,33.62,20430000.0,34.388,32.568,55.44252288911496,0.02921456714726123,BULLISH,RSI_NORMAL,HIGH_VOLATILITY
2019-09-04,33.63,35.73,33.63,35.5,51820000.0,34.578,32.754,69.28166351606805,0.03032345701048468,BULLISH,RSI_NORMAL,HIGH_VOLATILITY
2019-09-05,35.67,36.48,35.4,35.95,46410000.0,34.854,33.010000000000005,69.82358402971218,0.02914385982151414,BULLISH,RSI_NORMAL,HIGH_VOLATILITY
2019-09-06,35.83,36.5,35.65,36.35,29490000.0,35.144000000000005,33.2115,69.9630314232902,0.027587407294330894,BULLISH,RSI_NORMAL,HIGH_VOLATILITY
2019-09-09,36.57,36.97,36.25,36.57,30790000.0,35.598,33.458999999999996,68.89952153110048,0.02679649528964631,BULLISH,RSI_NORMAL,HIGH_VOLATILITY
2019-09-11,36.57,37.12,35.73,35.98,28360000.0,36.07,33.64149999999999,75.4716981132075,0.027061263894263603,BULLISH,RSI_HIGH,HIGH_VOLATILITY
2019-09-12,36.17,36.73,35.68,36.0,26800000.0,36.17,33.814,79.4279427942794,0.027083978832740895,BULLISH,RSI_HIGH,HIGH_VOLATILITY
2019-09-13,36.03,36.6,35.13,36.22,22200000.0,36.224000000000004,34.054,78.89390519187356,0.025387191029169275,BULLISH,RSI_HIGH,HIGH_VOLATILITY
2019-09-16,37.0,37.8,36.23,36.43,53790000.0,36.24,34.2915,72.78020378457057,0.02538892089971575,BULLISH,RSI_HIGH,HIGH_VOLATILITY
2019-09-17,36.65,37.48,35.82,36.02,55780000.0,36.13,34.491,64.97695852534562,0.02570399021853546,BULLISH,RSI_NORMAL,HIGH_VOLATILITY
2019-09-18,36.35,36.8,35.22,35.63,34160000.0,36.06,34.6415,58.41121495327106,0.025803725642673938,BULLISH,RSI_NORMAL,HIGH_VOLATILITY
2019-09-19,35.9,35.9,34.65,34.77,20920000.0,35.81400000000001,34.824,51.377410468319574,0.02393869835671205,BEARISH,RSI_NORMAL,HIGH_VOLATILITY
2019-09-20,35.13,36.98,34.57,36.03,63740000.0,35.776,35.093,56.89865689865691,0.024325887773616217,BULLISH,RSI_NORMAL,HIGH_VOLATILITY
2019-09-23,36.75,38.55,36.13,37.48,60390000.0,35.986000000000004,35.412,67.58849557522123,0.025324725437857812,BULLISH,RSI_NORMAL,HIGH_VOLATILITY
2019-09-24,37.5,37.75,36.83,37.28,33510000.0,36.23800000000001,35.611000000000004,71.37850467289724,0.02101631652060584,BULLISH,RSI_HIGH,HIGH_VOLATILITY
2019-09-25,37.17,37.18,35.97,36.32,18550000.0,36.376,35.7235,55.36649214659687,0.02173353001605326,BULLISH,RSI_NORMAL,HIGH_VOLATILITY
2019-09-26,36.25,37.27,35.77,37.0,24020000.0,36.822,35.846000000000004,56.67090216010165,0.0218774288774509,BULLISH,RSI_NORMAL,HIGH_VOLATILITY
2019-09-27,36.82,37.08,35.95,36.05,18380000.0,36.82600000000001,35.92,48.218527315914464,0.02283834292975653,BULLISH,RSI_NORMAL,HIGH_VOLATILITY
2019-09-30,36.12,36.3,35.03,36.1,23610000.0,36.550000000000004,35.980000000000004,47.151515151515156,0.02277569194066961,BULLISH,RSI_NORMAL,HIGH_VOLATILITY
2019-10-01,36.2,37.07,35.22,35.72,30450000.0,36.23800000000001,36.051,48.38308457711444,0.022528500435903633,BEARISH,RSI_NORMAL,HIGH_VOLATILITY
2019-10-03,35.4,35.73,34.77,35.13,20910000.0,36.0,36.12650000000001,44.94773519163764,0.02236935245306054,BEARISH,RSI_NORMAL,HIGH_VOLATILITY
2019-10-04,35.33,35.83,34.75,34.98,26160000.0,35.596000000000004,36.1005,42.74004683840749,0.01851098183225695,BEARISH,RSI_NORMAL,LOW_VOLATILITY
2019-10-07,35.03,35.42,34.5,34.78,18640000.0,35.342000000000006,36.042,40.32825322391559,0.018273334386177845,BEARISH,RSI_NORMAL,LOW_VOLATILITY
2019-10-09,35.0,35.55,34.68,35.13,20170000.0,35.148,35.981,44.7461629279811,0.018236187178855917,BEARISH,RSI_NORMAL,LOW_VOLATILITY
2019-10-10,35.03,35.48,34.63,35.22,13720000.0,35.04800000000001,35.913500000000006,47.49082007343939,0.018176221031637112,BEARISH,RSI_NORMAL,LOW_VOLATILITY
2019-10-11,35.23,35.47,34.67,35.02,18650000.0,35.025999999999996,35.865500000000004,51.664447403462056,0.017888029515833476,BEARISH,RSI_NORMAL,LOW_VOLATILITY
2019-10-14,35.2,36.72,35.17,36.32,33280000.0,35.294000000000004,35.8815,51.92052980132451,0.01983921911495664,BULLISH,RSI_NORMAL,LOW_VOLATILITY
2019-10-15,36.65,37.05,36.05,36.83,25630000.0,35.704,35.912,45.08320726172466,0.020032897507633134,BULLISH,RSI_NORMAL,HIGH_VOLATILITY
2019-10-16,37.0,37.53,36.72,37.32,31470000.0,36.14200000000001,35.956500000000005,50.28985507246376,0.020196687356121103,BULLISH,RSI_NORMAL,HIGH_VOLATILITY
2019-10-17,37.32,37.83,37.22,37.73,24550000.0,36.644000000000005,36.041999999999994,61.10236220472439,0.02007519696089799,BULLISH,RSI_NORMAL,HIGH_VOLATILITY
2019-10-18,37.65,40.33,37.63,38.85,77940000.0,37.410000000000004,36.202999999999996,63.622974963181164,0.020692782104647745,BULLISH,RSI_NORMAL,HIGH_VOLATILITY
2019-10-22,38.93,39.35,38.22,38.45,28560000.0,37.836,36.387,69.2307692307693,0.019899574966715274,BULLISH,RSI_NORMAL,LOW_VOLATILITY
2019-10-23,38.45,38.85,37.77,37.98,32840000.000000004,38.066,36.484500000000004,64.11411411411409,0.018847733012671335,BULLISH,RSI_NORMAL,LOW_VOLATILITY
2019-10-24,38.15,38.73,37.53,38.65,21420000.0,38.33200000000001,36.543,71.07913669064749,0.017079413480815406,BULLISH,RSI_HIGH,LOW_VOLATILITY
2019-10-25,38.67,39.08,38.22,38.9,22730000.0,38.566,36.624,78.51739788199694,0.017028222925665432,BULLISH,RSI_HIGH,LOW_VOLATILITY
2019-10-27,38.93,39.15,38.75,38.88,2070000.0,38.572,36.751999999999995,80.09259259259268,0.015728216590873496,BULLISH,RSI_HIGH,LOW_VOLATILITY
2019-10-29,39.1,40.13,38.9,39.57,27980000.0,38.79600000000001,36.8805,84.36154949784796,0.015680053610509923,BULLISH,RSI_HIGH,LOW_VOLATILITY
2019-10-30,39.97,40.7,39.23,39.78,28090000.0,39.156000000000006,37.067,84.0409956076135,0.014098794722836433,BULLISH,RSI_HIGH,LOW_VOLATILITY
2019-10-31,39.95,40.13,39.22,39.38,23710000.0,39.30200000000001,37.231,79.13165266106448,0.014481310411452926,BULLISH,RSI_HIGH,LOW_VOLATILITY
2019-11-01,39.6,40.58,39.37,40.13,25700000.0,39.548,37.451499999999996,83.22496749024708,0.014380334068647927,BULLISH,RSI_HIGH,LOW_VOLATILITY
2019-11-04,40.35,40.7,39.68,39.83,32660000.0,39.73800000000001,37.6865,76.23318385650221,0.013766354123060187,BULLISH,RSI_HIGH,LOW_VOLATILITY
2019-11-05,38.43,38.63,37.2,37.53,62890000.0,39.330000000000005,37.814,54.12735849056605,0.01981116217157039,BEARISH,RSI_NORMAL,LOW_VOLATILITY
2019-11-06,37.48,37.5,36.05,36.47,50420000.0,38.668000000000006,37.8985,45.30386740331492,0.020981345590417023,BEARISH,RSI_NORMAL,HIGH_VOLATILITY
2019-11-07,36.52,36.75,35.9,36.3,26150000.0,38.05200000000001,37.957,41.88422247446085,0.020963530748422395,BEARISH,RSI_NORMAL,HIGH_VOLATILITY
2019-11-08,36.22,37.6,36.22,36.48,40160000.0,37.322,38.019999999999996,34.94282083862768,0.020974657845044025,BEARISH,RSI_NORMAL,HIGH_VOLATILITY
2019-11-11,36.38,36.72,35.92,36.28,22300000.0,36.612,38.083,35.85397653194262,0.020970938745412282,BEARISH,RSI_NORMAL,HIGH_VOLATILITY
2019-11-13,36.27,36.53,35.73,36.37,26960000.0,36.38,38.0855,38.95747599451302,0.019277975721267045,BEARISH,RSI_NORMAL,LOW_VOLATILITY
2019-11-14,36.48,36.97,36.27,36.43,18000000.0,36.372,38.0655,33.38323353293411,0.019008572670690792,BEARISH,RSI_NORMAL,LOW_VOLATILITY
2019-11-15,36.57,37.45,36.53,37.08,16090000.0,36.528,38.0535,37.14689265536721,0.019206464451785983,BEARISH,RSI_NORMAL,LOW_VOLATILITY
2019-11-18,37.02,37.43,36.52,36.63,17730000.0,36.55800000000001,37.9985,35.01997336884152,0.019197116264816842,BEARISH,RSI_NORMAL,LOW_VOLATILITY
2019-11-19,36.58,37.33,36.53,37.15,11950000.0,36.732000000000006,37.9135,33.51498637602175,0.018166086772564156,BEARISH,RSI_NORMAL,LOW_VOLATILITY
2019-11-20,37.32,37.58,36.8,36.93,20830000.0,36.844,37.8375,30.612244897959144,0.01808806521868558,BEARISH,RSI_NORMAL,LOW_VOLATILITY
2019-11-21,36.87,37.12,36.57,36.8,12230000.0,36.918000000000006,37.778499999999994,31.779661016949092,0.017929512495580436,BEARISH,RSI_NORMAL,LOW_VOLATILITY
2019-11-22,36.73,36.93,36.0,36.48,17270000.0,36.798,37.67,22.55639097744354,0.017415608024612922,BEARISH,RSI_LOW,LOW_VOLATILITY
2019-11-25,36.12,36.32,34.97,35.58,33290000.0,36.588,37.504,20.689655172413737,0.01793349315737787,BEARISH,RSI_LOW,LOW_VOLATILITY
2019-11-26,35.98,36.27,34.2,34.38,31860000.0,36.034000000000006,37.279,24.390243902438968,0.01906690111144582,BEARISH,RSI_LOW,LOW_VOLATILITY
2019-11-27,34.5,34.83,34.2,34.35,12800000.0,35.518,37.017999999999994,29.296874999999957,0.01828730700407188,BEARISH,RSI_LOW,LOW_VOLATILITY
2019-11-28,34.35,35.08,34.08,34.77,22440000.0,35.11200000000001,36.7675,35.7541899441341,0.01859306200032031,BEARISH,RSI_NORMAL,LOW_VOLATILITY
2019-11-29,34.85,35.13,34.22,34.37,14660000.0,34.69000000000001,36.516999999999996,31.12701252236134,0.018610292208306643,BEARISH,RSI_NORMAL,LOW_VOLATILITY
2019-12-02,34.43,34.53,33.58,34.37,20190000.0,34.448,36.229,32.28200371057508,0.017692956975029078,BEARISH,RSI_NORMAL,LOW_VOLATILITY
2019-12-03,34.25,34.4,33.48,33.67,26020000.0,34.306000000000004,35.921,27.5,0.017922838269751065,BEARISH,RSI_LOW,LOW_VOLATILITY
2019-12-04,33.73,33.93,33.37,33.75,18410000.0,34.186,35.732,27.740863787375375,0.013728327683351615,BEARISH,RSI_LOW,LOW_VOLATILITY
2019-12-05,33.93,34.43,33.82,34.02,19070000.0,34.036,35.6095,22.872340425531917,0.012893620260090454,BEARISH,RSI_LOW,LOW_VOLATILITY
2019-12-06,34.17,34.67,33.83,34.22,24790000.0,34.00600000000001,35.5055,27.643784786641874,0.013053400946313925,BEARISH,RSI_LOW,LOW_VOLATILITY
2019-12-09,34.27,35.0,34.02,34.17,18160000.0,33.966,35.39,19.715447154471548,0.012929245209188301,BEARISH,RSI_LOW,LOW_VOLATILITY
2019-12-10,34.28,34.3,32.58,33.23,35570000.0,33.878,35.2375,17.19858156028367,0.014026796425892484,BEARISH,RSI_LOW,LOW_VOLATILITY
2019-12-11,33.57,33.57,32.18,32.82,39850000.0,33.69200000000001,35.06,16.38513513513513,0.014041888183320443,BEARISH,RSI_LOW,LOW_VOLATILITY
2019-12-12,33.1,33.15,32.55,32.93,32590000.000000004,33.474000000000004,34.885000000000005,18.914185639229416,0.014089559533382229,BEARISH,RSI_LOW,LOW_VOLATILITY
2019-12-13,33.27,33.73,32.83,33.33,28290000.0,33.29600000000001,34.697500000000005,28.406909788867537,0.013655675586350297,BEARISH,RSI_LOW,LOW_VOLATILITY
2019-12-16,33.47,34.1,33.17,33.68,19230000.0,33.198,34.55,41.97247706422015,0.013987033739936408,BEARISH,RSI_NORMAL,LOW_VOLATILITY
2019-12-17,33.68,33.82,33.33,33.4,12390000.0,33.232,34.3625,39.696312364425125,0.01332781601557824,BEARISH,RSI_NORMAL,LOW_VOLATILITY
2019-12-18,33.45,33.58,33.22,33.48,13400000.0,33.364,34.19,34.89461358313808,0.013434126515442664,BEARISH,RSI_NORMAL,LOW_VOLATILITY
2019-12-19,33.42,33.6,33.17,33.37,10160000.0,33.452,34.0185,37.43718592964821,0.013435410062825006,BEARISH,RSI_NORMAL,LOW_VOLATILITY
2019-12-20,33.38,33.47,32.83,32.93,10120000.0,33.372,33.840999999999994,33.71040723981899,0.01354113883422639,BEARISH,RSI_NORMAL,LOW_VOLATILITY
2019-12-23,32.9,33.35,32.83,32.95,22860000.0,33.226,33.709500000000006,40.37433155080214,0.012767832152112007,BEARISH,RSI_NORMAL,LOW_VOLATILITY
2019-12-24,32.95,33.27,32.83,33.2,11040000.0,33.186,33.6505,42.96675191815859,0.010863369144215278,BEARISH,RSI_NORMAL,LOW_VOLATILITY
2019-12-26,33.2,33.57,32.78,32.95,22530000.0,33.080000000000005,33.5805,36.24678663239072,0.010938798056275161,BEARISH,RSI_NORMAL,LOW_VOLATILITY
2019-12-27,33.1,33.92,33.05,33.23,17610000.0,33.05200000000001,33.503499999999995,37.53148614609567,0.010712580379798317,BEARISH,RSI_NORMAL,LOW_VOLATILITY
2019-12-30,33.38,33.6,33.2,33.32,9580000.0,33.13000000000001,33.45100000000001,39.4014962593516,0.010533329412560391,BEARISH,RSI_NORMAL,LOW_VOLATILITY
2019-12-31,33.4,34.0,33.2,33.35,22470000.0,33.21,33.4,51.93548387096782,0.01054198450989503,BEARISH,RSI_NORMAL,LOW_VOLATILITY
2020-01-01,33.43,33.65,33.13,33.38,15440000.0,33.246,33.3855,60.294117647058876,0.009560580347119685,BEARISH,RSI_NORMAL,LOW_VOLATILITY
2020-01-02,33.55,34.6,33.3,34.38,26260000.0,33.532000000000004,33.417,70.08310249307483,0.011724761809658396,BULLISH,RSI_HIGH,LOW_VOLATILITY
2020-01-03,34.4,34.63,33.45,33.65,21950000.0,33.61600000000001,33.3985,54.06091370558376,0.012594821932026585,BULLISH,RSI_NORMAL,LOW_VOLATILITY
2020-01-06,33.17,33.63,31.88,32.32,36400000.0,33.41600000000001,33.3035,36.17886178861789,0.015210321433494762,BEARISH,RSI_NORMAL,LOW_VOLATILITY
2020-01-07,32.78,33.0,31.77,32.12,33300000.0,33.17,33.201,36.776859504132226,0.015226098316766268,BEARISH,RSI_NORMAL,LOW_VOLATILITY
2020-01-08,31.68,32.38,31.48,31.82,20420000.0,32.858000000000004,33.1305,33.596837944664074,0.014192308902546472,BEARISH,RSI_NORMAL,LOW_VOLATILITY
2020-01-09,32.33,32.42,31.93,32.33,41680000.0,32.448,33.105999999999995,40.47619047619048,0.01452552429145339,BEARISH,RSI_NORMAL,LOW_VOLATILITY
2020-01-10,32.33,32.87,32.33,32.4,23090000.0,32.198,33.0795,44.79371316306483,0.014510732598732609,BEARISH,RSI_NORMAL,LOW_VOLATILITY
2020-01-13,32.73,33.08,32.52,32.67,28540000.0,32.26800000000001,33.046499999999995,47.37827715355805,0.014357129929335157,BEARISH,RSI_NORMAL,LOW_VOLATILITY
2020-01-14,32.95,33.4,32.65,33.28,21420000.0,32.5,33.0265,50.70175438596489,0.014807815577513163,BULLISH,RSI_NORMAL,LOW_VOLATILITY
2020-01-15,33.4,34.88,33.17,34.62,39240000.0,33.06,33.0875,62.29749631811484,0.017241502548169724,BULLISH,RSI_NORMAL,LOW_VOLATILITY
2020-01-16,35.33,35.75,34.78,35.25,54250000.0,33.644,33.176,64.14565826330534,0.0176215280046167,BULLISH,RSI_NORMAL,LOW_VOLATILITY
2020-01-17,35.2,36.32,34.9,36.2,33280000.0,34.404,33.3175,68.0,0.018360114937951234,BULLISH,RSI_NORMAL,LOW_VOLATILITY
2020-01-20,36.33,36.33,34.55,35.0,28120000.0,34.870000000000005,33.42100000000001,58.996728462377305,0.019840272760424674,BULLISH,RSI_NORMAL,LOW_VOLATILITY
2020-01-21,34.67,35.33,34.62,35.02,17130000.0,35.218,33.5245,58.95196506550217,0.019840525262443183,BULLISH,RSI_NORMAL,LOW_VOLATILITY
2020-01-22,35.02,35.02,33.33,33.65,46810000.0,35.024,33.547,46.16998950682055,0.021939587198984558,BULLISH,RSI_NORMAL,HIGH_VOLATILITY
2020-01-23,33.7,34.85,33.38,33.72,64980000.00000001,34.718,33.5855,50.3945885005637,0.021850225513347594,BULLISH,RSI_NORMAL,HIGH_VOLATILITY
2020-01-24,33.78,34.55,33.77,33.95,20620000.0,34.26800000000001,33.621500000000005,60.489060489060485,0.021824692795178218,BULLISH,RSI_NORMAL,HIGH_VOLATILITY
2020-01-27,33.9,34.5,33.67,33.88,24180000.0,34.044000000000004,33.6495,61.51832460732985,0.021834550950852252,BULLISH,RSI_NORMAL,HIGH_VOLATILITY
2020-01-28,33.87,34.02,33.13,33.4,32130000.000000004,33.720000000000006,33.652,60.10230179028129,0.022098753496401887,BEARISH,RSI_NORMAL,HIGH_VOLATILITY
2020-01-29,33.63,33.72,33.23,33.52,28350000.0,33.694,33.659000000000006,58.008075370121134,0.022110752217384396,BEARISH,RSI_NORMAL,HIGH_VOLATILITY
2020-01-30,33.75,34.48,33.43,33.58,33640000.0,33.666000000000004,33.619,57.951482479784346,0.021000993610275895,BEARISH,RSI_NORMAL,HIGH_VOLATILITY
2020-01-31,32.08,33.0,29.97,30.22,169750000.0,32.92,33.4475,38.344433872502385,0.03032966892642418,BEARISH,RSI_NORMAL,HIGH_VOLATILITY
2020-02-01,29.77,30.57,27.78,28.32,79920000.0,31.808000000000003,33.2475,28.983050847457662,0.03212821175397444,BEARISH,RSI_LOW,HIGH_VOLATILITY
2020-02-03,28.33,29.15,26.92,27.83,76350000.0,30.694000000000006,33.033,18.995433789954404,0.032226245590190446,BEARISH,RSI_LOW,HIGH_VOLATILITY
2020-02-04,28.18,29.03,28.15,28.28,44430000.0,29.646000000000004,32.856,17.641597028783735,0.03261582445991396,BEARISH,RSI_LOW,HIGH_VOLATILITY
2020-02-05,28.33,29.38,28.18,28.97,45830000.0,28.724,32.688,15.604186489058094,0.03295660424916343,BEARISH,RSI_LOW,HIGH_VOLATILITY
2020-02-06,29.28,29.33,28.55,29.0,31690000.0,28.48,32.518,17.880085653104985,0.03294475897133453,BEARISH,RSI_LOW,HIGH_VOLATILITY
2020-02-07,29.03,29.33,28.73,29.18,30370000.0,28.652000000000005,32.3435,19.263157894736864,0.03290289291046288,BEARISH,RSI_LOW,HIGH_VOLATILITY
2020-02-10,29.28,29.28,28.62,28.83,37800000.0,28.851999999999997,32.121,21.58018867924531,0.03244824655022468,BEARISH,RSI_LOW,HIGH_VOLATILITY
2020-02-11,28.63,29.07,28.43,28.57,40350000.0,28.910000000000004,31.8185,20.299884659746297,0.03051300043573531,BEARISH,RSI_LOW,HIGH_VOLATILITY
2020-02-12,28.47,28.55,27.83,28.0,23630000.0,28.716,31.456,16.981132075471706,0.02990326608095183,BEARISH,RSI_LOW,HIGH_VOLATILITY
2020-02-13,28.0,28.5,27.72,28.4,25250000.0,28.596000000000004,31.065999999999995,20.663811563169162,0.029182652901076633,BEARISH,RSI_LOW,HIGH_VOLATILITY
2020-02-14,28.42,28.58,27.55,27.68,28650000.0,28.296000000000003,30.7,20.14613778705636,0.02893114559770982,BEARISH,RSI_LOW,HIGH_VOLATILITY
2020-02-17,27.7,27.85,26.83,27.0,36810000.0,27.93,30.299,17.850098619329344,0.028936709058456515,BEARISH,RSI_LOW,HIGH_VOLATILITY
2020-02-18,26.92,27.97,26.52,27.6,45660000.0,27.736,29.996500000000005,22.003745318352074,0.02921669706611457,BEARISH,RSI_LOW,HIGH_VOLATILITY
2020-02-19,27.75,28.3,27.32,28.23,29180000.0,27.782000000000004,29.721999999999998,37.48427672955975,0.03000477132699292,BEARISH,RSI_NORMAL,HIGH_VOLATILITY
2020-02-20,28.22,29.03,27.95,28.85,38160000.0,27.872000000000003,29.466999999999995,53.97301349325338,0.030594268362543982,BEARISH,RSI_NORMAL,HIGH_VOLATILITY
2020-02-24,28.57,28.57,27.08,27.32,25590000.0,27.8,29.139,46.692607003891055,0.03218645576855709,BEARISH,RSI_NORMAL,HIGH_VOLATILITY
2020-02-25,27.4,27.93,27.4,27.5,17040000.0,27.9,28.844,44.75806451612902,0.032385510665518716,BEARISH,RSI_NORMAL,HIGH_VOLATILITY
2020-02-26,27.37,27.57,26.43,26.77,19540000.0,27.734,28.5065,35.294117647058826,0.03246228442178615,BEARISH,RSI_NORMAL,HIGH_VOLATILITY
2020-02-27,26.83,26.92,25.72,25.82,42870000.0,27.252000000000002,28.1185,31.07142857142857,0.032778431941150765,BEARISH,RSI_NORMAL,HIGH_VOLATILITY
2020-02-28,25.52,25.52,24.28,24.65,52330000.0,26.412,27.840000000000003,25.87859424920127,0.026829831580458506,BEARISH,RSI_LOW,HIGH_VOLATILITY
2020-03-02,25.33,25.63,24.0,24.32,27630000.0,25.812,27.639999999999997,25.93383137673426,0.023785710123984324,BEARISH,RSI_LOW,HIGH_VOLATILITY
2020-03-03,24.47,25.05,24.08,24.83,57860000.0,25.278000000000002,27.49,30.56133056133055,0.024469475334939834,BEARISH,RSI_NORMAL,HIGH_VOLATILITY
2020-03-04,24.9,25.07,23.52,24.95,61040000.0,24.914,27.323500000000003,33.36968375136313,0.024071610378273475,BEARISH,RSI_NORMAL,HIGH_VOLATILITY
2020-03-05,25.5,25.5,24.22,24.37,46780000.0,24.624000000000002,27.093499999999995,28.44919786096257,0.023252043440798602,BEARISH,RSI_LOW,HIGH_VOLATILITY
2020-03-06,23.63,24.05,23.05,23.83,29640000.0,24.46,26.834999999999997,29.00763358778626,0.02333763476002398,BEARISH,RSI_LOW,HIGH_VOLATILITY
2020-03-09,23.3,23.5,22.55,23.23,51250000.0,24.242000000000004,26.5375,29.26292629262926,0.023280454268746777,BEARISH,RSI_LOW,HIGH_VOLATILITY
2020-03-11,23.17,23.38,22.53,22.95,36370000.0,23.866000000000003,26.2435,23.48916761687569,0.023280580057460087,BEARISH,RSI_LOW,HIGH_VOLATILITY
2020-03-12,22.05,22.25,20.8,21.88,71920000.0,23.252000000000002,25.909000000000002,15.526601520086857,0.02458718749619619,BEARISH,RSI_LOW,HIGH_VOLATILITY
2020-03-13,20.0,23.52,20.0,23.3,65879999.99999999,23.038000000000004,25.674,22.277722277722276,0.030034518656863077,BEARISH,RSI_LOW,HIGH_VOLATILITY
2020-03-16,22.83,23.32,21.67,21.97,41020000.0,22.666000000000004,25.3525,22.731906218144744,0.031367590439926867,BEARISH,RSI_LOW,HIGH_VOLATILITY
2020-03-17,22.0,23.8,21.95,23.23,37740000.0,22.666000000000004,25.13,30.394857667584944,0.03481622273184965,BEARISH,RSI_NORMAL,HIGH_VOLATILITY
2020-03-18,23.3,26.72,22.38,24.93,98470000.0,23.062000000000005,25.0265,42.242833052276566,0.03899997863151694,BEARISH,RSI_NORMAL,HIGH_VOLATILITY
2020-03-19,23.02,24.17,20.97,21.52,60530000.0,22.990000000000002,24.7225,34.986033519553075,0.04856504266499231,BEARISH,RSI_NORMAL,HIGH_VOLATILITY
2020-03-20,21.67,24.0,21.5,23.77,55460000.0,23.084000000000003,24.4995,47.142857142857146,0.05463862429600175,BEARISH,RSI_NORMAL,HIGH_VOLATILITY
2020-03-23,21.68,22.55,19.05,19.82,24520000.0,22.654000000000003,24.048,38.170347003154575,0.06464580864333828,BEARISH,RSI_NORMAL,HIGH_VOLATILITY
2020-03-24,20.67,21.17,18.67,19.48,27420000.0,21.904000000000003,23.656,35.80901856763926,0.06407496245674807,BEARISH,RSI_NORMAL,HIGH_VOLATILITY
2020-03-25,19.27,21.12,18.87,20.9,18230000.0,21.098000000000003,23.326,39.95037220843672,0.0668902063158638,BEARISH,RSI_NORMAL,HIGH_VOLATILITY
2020-03-26,21.08,22.82,20.37,22.45,37020000.0,21.284,23.11,45.45454545454545,0.069434276375356,BEARISH,RSI_NORMAL,HIGH_VOLATILITY
2020-03-27,24.67,25.58,22.92,24.38,47230000.0,21.406,23.038,51.22167925366504,0.07201868107005774,BULLISH,RSI_NORMAL,HIGH_VOLATILITY
2020-03-30,24.22,25.3,23.57,24.2,46530000.0,22.282000000000004,23.0155,52.19556360344047,0.07126688445063886,BULLISH,RSI_NORMAL,HIGH_VOLATILITY
2020-03-31,24.98,25.27,24.2,24.82,21480000.0,23.35,23.040499999999998,54.16852429781543,0.0713694081621561,BULLISH,RSI_NORMAL,HIGH_VOLATILITY
2020-04-01,24.6,25.42,22.47,23.02,28990000.0,23.774000000000004,22.95,52.461139896373055,0.0732051753272168,BULLISH,RSI_NORMAL,HIGH_VOLATILITY
2020-04-03,23.92,23.97,22.83,23.32,27960000.0,23.948,22.8685,50.045372050816695,0.07326334873823814,BULLISH,RSI_NORMAL,HIGH_VOLATILITY
2020-04-07,24.27,24.33,22.83,23.0,37890000.0,23.672000000000004,22.8,52.44888254873989,0.07314017013253847,BULLISH,RSI_NORMAL,HIGH_VOLATILITY
2020-04-08,23.0,23.77,21.7,22.13,50100000.0,23.258000000000003,22.715,47.33527131782946,0.07347024031876506,BEARISH,RSI_NORMAL,HIGH_VOLATILITY
2020-04-09,22.47,23.82,22.35,23.38,29170000.0,22.970000000000002,22.7225,46.161466072313026,0.0743225270700774,BULLISH,RSI_NORMAL,HIGH_VOLATILITY
2020-04-13,24.33,24.5,23.37,23.5,29990000.0,23.066000000000003,22.75,55.857988165680474,0.07423812411038698,BULLISH,RSI_NORMAL,HIGH_VOLATILITY
2020-04-15,24.0,24.42,22.97,23.2,34460000.0,23.042000000000005,22.816,48.09364548494983,0.07340676312986198,BULLISH,RSI_NORMAL,HIGH_VOLATILITY
2020-04-16,23.5,24.07,23.4,23.67,70600000.0,23.176000000000002,22.8345,66.78291194420225,0.07217694674487518,BULLISH,RSI_NORMAL,HIGH_VOLATILITY
2020-04-17,24.17,24.37,23.55,23.77,59160000.0,23.504,22.924500000000002,69.10062333036508,0.07076283764488783,BULLISH,RSI_NORMAL,HIGH_VOLATILITY
2020-04-20,24.1,25.77,23.82,25.12,104550000.0,23.852000000000004,23.019,68.90681003584228,0.07074186005372485,BULLISH,RSI_NORMAL,HIGH_VOLATILITY
2020-04-21,24.98,25.68,24.1,25.3,62020000.0,24.212000000000003,23.0375,64.55566905005108,0.06898001063741749,BULLISH,RSI_NORMAL,HIGH_VOLATILITY
2020-04-22,25.32,25.9,24.97,25.53,31720000.0,24.678000000000004,23.238,57.10754017305317,0.06061607173082578,BULLISH,RSI_NORMAL,HIGH_VOLATILITY
2020-04-23,25.57,26.37,25.23,25.33,39150000.0,25.01,23.316,56.966707768187405,0.056496836544296325,BULLISH,RSI_NORMAL,HIGH_VOLATILITY
2020-04-24,25.03,25.9,24.45,24.85,72880000.0,25.226000000000006,23.5675,50.18820577164367,0.04032868185402025,BULLISH,RSI_NORMAL,HIGH_VOLATILITY
2020-04-27,25.07,25.28,24.38,24.55,21750000.0,25.112000000000002,23.821,61.82380216383308,0.04015004969844205,BULLISH,RSI_NORMAL,HIGH_VOLATILITY
2020-04-28,24.75,24.83,24.23,24.42,14140000.0,24.936000000000003,23.997,58.730158730158735,0.037678933959179095,BULLISH,RSI_NORMAL,HIGH_VOLATILITY
2020-04-29,24.65,24.7,24.05,24.38,29330000.0,24.706000000000003,24.0935,61.46179401993354,0.034393188118105426,BULLISH,RSI_NORMAL,HIGH_VOLATILITY
2020-04-30,24.7,24.82,23.78,24.03,51330000.0,24.446000000000005,24.076,67.27272727272728,0.028771162656459546,BEARISH,RSI_NORMAL,HIGH_VOLATILITY
2020-05-04,23.52,23.57,22.33,22.48,36060000.0,23.972000000000005,23.990000000000002,42.24137931034485,0.0321454683189728,BEARISH,RSI_NORMAL,HIGH_VOLATILITY
2020-05-05,22.87,22.87,21.72,21.8,25050000.0,23.422000000000004,23.839000000000002,36.63522012578618,0.03193750130710848,BEARISH,RSI_NORMAL,HIGH_VOLATILITY
2020-05-06,21.77,21.95,20.92,21.22,31890000.0,22.782000000000004,23.749000000000002,35.090361445783145,0.02835116585555196,BEARISH,RSI_NORMAL,HIGH_VOLATILITY
2020-05-07,21.13,21.45,20.85,20.88,26110000.0,22.082,23.627000000000002,28.571428571428555,0.028193617194045967,BEARISH,RSI_LOW,HIGH_VOLATILITY
2020-05-08,21.17,21.25,19.83,19.9,39650000.0,21.256000000000004,23.472,23.815967523680655,0.029665765209125727,BEARISH,RSI_LOW,HIGH_VOLATILITY
2020-05-11,20.17,20.67,19.78,20.05,43530000.0,20.770000000000003,23.368000000000002,9.046849757673698,0.0288924544064503,BEARISH,RSI_LOW,HIGH_VOLATILITY
2020-05-12,19.9,20.4,19.25,20.18,40170000.0,20.446000000000005,23.208000000000002,8.306188925081443,0.025271743531294247,BEARISH,RSI_LOW,HIGH_VOLATILITY
2020-05-13,21.47,22.2,20.75,21.9,84070000.0,20.582,23.128,26.212319790301436,0.03258815998861178,BEARISH,RSI_LOW,HIGH_VOLATILITY
2020-05-14,21.48,21.83,21.08,21.22,33960000.0,20.650000000000002,23.029000000000003,24.660912453760787,0.03312790243450468,BEARISH,RSI_LOW,HIGH_VOLATILITY
2020-05-15,21.02,22.93,20.75,22.58,100680000.0,21.186,22.9745,37.37486095661845,0.03612687456022163,BEARISH,RSI_NORMAL,HIGH_VOLATILITY
2020-05-18,23.67,23.93,21.33,21.5,128710000.0,21.476000000000003,22.861,34.39099283520983,0.03752235844492227,BEARISH,RSI_NORMAL,HIGH_VOLATILITY
2020-05-19,21.85,22.22,20.55,20.77,63290000.0,21.594,22.6435,32.40115718418514,0.03515163120612063,BEARISH,RSI_NORMAL,HIGH_VOLATILITY
2020-05-20,20.87,21.4,20.57,21.07,50210000.0,21.428000000000004,22.432,34.43085606773285,0.03536357657025732,BEARISH,RSI_NORMAL,HIGH_VOLATILITY
2020-05-21,21.47,21.8,20.8,21.0,61140000.0,21.384000000000004,22.2055,35.36231884057972,0.035146474449949026,BEARISH,RSI_NORMAL,HIGH_VOLATILITY
2020-05-22,20.83,21.18,20.5,21.02,34430000.0,21.072000000000003,21.99,41.723356009070294,0.035218515754088006,BEARISH,RSI_NORMAL,HIGH_VOLATILITY
2020-05-26,21.18,21.77,21.12,21.67,32420000.0,21.106,21.831,49.260523321956775,0.03620649178061858,BEARISH,RSI_NORMAL,HIGH_VOLATILITY
2020-05-27,21.68,22.37,21.4,22.22,48060000.0,21.396000000000004,21.7145,55.70776255707762,0.036850080740296436,BULLISH,RSI_NORMAL,HIGH_VOLATILITY
2020-05-28,22.32,23.47,22.07,23.22,70320000.0,21.826,21.6545,62.4203821656051,0.03846233831136332,BULLISH,RSI_NORMAL,HIGH_VOLATILITY
2020-05-29,23.0,23.48,22.67,23.07,40150000.0,22.240000000000002,21.589,68.45168800931317,0.03847624276247935,BULLISH,RSI_NORMAL,HIGH_VOLATILITY
2020-06-01,23.33,23.67,23.07,23.13,47420000.0,22.662000000000003,21.544,68.11764705882354,0.03837777671582434,BULLISH,RSI_NORMAL,HIGH_VOLATILITY
2020-06-02,23.2,23.47,22.88,23.22,21860000.0,22.972,21.581,67.96690307328606,0.03537092271089397,BULLISH,RSI_NORMAL,HIGH_VOLATILITY
2020-06-03,23.43,24.73,23.17,24.53,72960000.0,23.434000000000005,21.717499999999998,66.33540372670811,0.036477055784787424,BULLISH,RSI_NORMAL,HIGH_VOLATILITY
2020-06-04,24.53,24.93,23.9,24.27,30660000.0,23.644000000000002,21.87,69.98689384010486,0.03588232942047679,BULLISH,RSI_NORMAL,HIGH_VOLATILITY
2020-06-05,24.47,24.78,24.28,24.65,28620000.0,23.96,22.0585,65.5639097744361,0.03549389799939499,BULLISH,RSI_NORMAL,HIGH_VOLATILITY
2020-06-08,25.07,25.8,24.72,24.88,45800000.0,24.310000000000002,22.307499999999997,79.13793103448275,0.03297388481094784,BULLISH,RSI_HIGH,HIGH_VOLATILITY
2020-06-09,25.12,25.38,24.18,24.35,35360000.0,24.536,22.5225,81.96428571428575,0.03378773403858737,BULLISH,RSI_HIGH,HIGH_VOLATILITY
2020-06-10,24.55,24.85,23.92,24.48,28260000.0,24.526000000000003,22.7375,81.39963167587479,0.03379549982643462,BULLISH,RSI_HIGH,HIGH_VOLATILITY
2020-06-11,24.62,24.9,23.43,23.55,31890000.0,24.382,22.82,70.27027027027029,0.03047253447414779,BULLISH,RSI_HIGH,HIGH_VOLATILITY
2020-06-12,22.47,24.08,22.47,23.97,42310000.0,24.246000000000002,22.9575,72.04783258594918,0.02945011383407442,BULLISH,RSI_HIGH,HIGH_VOLATILITY
2020-06-15,23.98,24.18,23.15,23.65,27800000.0,24.000000000000004,23.011,65.56603773584905,0.026417236551675067,BULLISH,RSI_NORMAL,HIGH_VOLATILITY
2020-06-16,24.28,24.3,23.07,23.55,31940000.0,23.840000000000003,23.1135,61.25211505922169,0.023690675914542377,BULLISH,RSI_NORMAL,HIGH_VOLATILITY
2020-06-17,23.72,24.27,23.55,23.88,35640000.0,23.720000000000002,23.269,56.29770992366413,0.02191969997172502,BULLISH,RSI_NORMAL,HIGH_VOLATILITY
2020-06-18,23.98,25.75,23.88,25.62,100180000.0,24.134000000000004,23.4965,68.66764275256224,0.026372383890277584,BULLISH,RSI_NORMAL,HIGH_VOLATILITY
2020-06-19,25.82,27.17,25.48,26.68,85910000.0,24.676000000000005,23.7805,72.66922094508303,0.02705578574810385,BULLISH,RSI_HIGH,HIGH_VOLATILITY
2020-06-22,27.3,27.63,26.73,27.1,68070000.0,25.366000000000003,24.084500000000002,73.7745098039216,0.02692875213129398,BULLISH,RSI_HIGH,HIGH_VOLATILITY
2020-06-23,27.28,27.92,26.83,27.77,66450000.0,26.21,24.3895,71.54255319148938,0.026748133972684454,BULLISH,RSI_HIGH,HIGH_VOLATILITY
2020-06-24,28.03,28.53,27.35,27.5,69850000.0,26.934000000000005,24.6535,71.4475431606906,0.027030220883172473,BULLISH,RSI_HIGH,HIGH_VOLATILITY
2020-06-25,27.32,28.32,27.0,27.9,60790000.0,27.390000000000004,24.8875,71.52317880794705,0.025849123297347412,BULLISH,RSI_HIGH,HIGH_VOLATILITY
2020-06-26,28.32,28.82,27.93,28.43,46130000.0,27.740000000000002,25.1555,72.6114649681529,0.025646071764493107,BULLISH,RSI_HIGH,HIGH_VOLATILITY
2020-06-29,28.32,29.57,28.1,29.18,69980000.0,28.156,25.458000000000002,79.92565055762083,0.0257964001121026,BULLISH,RSI_HIGH,HIGH_VOLATILITY
2020-06-30,31.03,31.4,29.33,29.55,186680000.0,28.512,25.7745,80.5054151624549,0.025725832451855835,BULLISH,RSI_HIGH,HIGH_VOLATILITY
2020-07-01,29.55,29.77,29.18,29.57,35390000.0,28.926000000000005,26.0265,90.6756756756757,0.023645488362920675,BULLISH,RSI_HIGH,HIGH_VOLATILITY
2020-07-02,29.98,30.17,29.5,29.68,27360000.0,29.282000000000004,26.296999999999997,90.2679830747532,0.023212978851692625,BULLISH,RSI_HIGH,HIGH_VOLATILITY
2020-07-03,30.33,32.65,30.17,32.4,205340000.0,30.076000000000004,26.684500000000003,96.10115911485777,0.029493741307086502,BULLISH,RSI_HIGH,HIGH_VOLATILITY
2020-07-06,32.73,34.52,32.33,34.07,132090000.0,31.054000000000002,27.144,97.55877034358048,0.030618643675273758,BULLISH,RSI_HIGH,HIGH_VOLATILITY
2020-07-07,33.9,34.47,33.23,34.02,93080000.0,31.948,27.627499999999998,97.03153988868277,0.029643174475950648,BULLISH,RSI_HIGH,HIGH_VOLATILITY
2020-07-08,33.67,35.13,33.52,34.52,68150000.0,32.938,28.129499999999997,96.6457023060797,0.02951859558678488,BULLISH,RSI_HIGH,HIGH_VOLATILITY
2020-07-09,34.2,34.32,33.17,33.28,54330000.0,33.658,28.616000000000003,83.95061728395063,0.029315959432354367,BULLISH,RSI_HIGH,HIGH_VOLATILITY
2020-07-10,33.28,33.83,32.78,33.23,36400000.0,33.824,29.079,82.78074866310158,0.029633205225185814,BULLISH,RSI_HIGH,HIGH_VOLATILITY
2020-07-13,33.57,33.78,32.57,32.83,32370000.0,33.57600000000001,29.538,77.86343612334801,0.029564119632228197,BULLISH,RSI_HIGH,HIGH_VOLATILITY
2020-07-14,33.1,33.38,31.85,32.37,57520000.0,33.246,29.979000000000003,76.26752966558789,0.030010300680638532,BULLISH,RSI_HIGH,HIGH_VOLATILITY
2020-07-15,33.17,33.2,31.8,32.03,37970000.0,32.748000000000005,30.386499999999995,72.4212812160695,0.030609675681614,BULLISH,RSI_HIGH,HIGH_VOLATILITY
2020-07-16,32.17,32.25,31.38,31.48,36940000.0,32.388,30.679499999999997,66.52221018418203,0.028212815555427963,BULLISH,RSI_NORMAL,HIGH_VOLATILITY
2020-07-17,31.47,32.82,31.35,32.67,30480000.0,32.275999999999996,30.979000000000003,68.04550155118925,0.028019178178331074,BULLISH,RSI_NORMAL,HIGH_VOLATILITY
2020-07-20,32.67,33.3,32.1,32.25,34050000.0,32.160000000000004,31.2365,63.88888888888888,0.028465917788727348,BULLISH,RSI_NORMAL,HIGH_VOLATILITY
2020-07-21,32.53,33.6,32.2,33.08,42520000.0,32.30200000000001,31.502,66.66666666666666,0.028496050494499017,BULLISH,RSI_NORMAL,HIGH_VOLATILITY
2020-07-22,33.3,33.32,32.17,32.63,26700000.0,32.422000000000004,31.758499999999998,63.569457221711154,0.02864422930597009,BULLISH,RSI_NORMAL,HIGH_VOLATILITY
2020-07-23,32.67,34.5,32.52,34.17,63990000.0,32.96000000000001,32.072,59.13312693498454,0.029882526300110453,BULLISH,RSI_NORMAL,HIGH_VOLATILITY
2020-07-24,34.32,34.88,33.73,34.05,68260000.0,33.236000000000004,32.352999999999994,49.87714987714986,0.029973366746217128,BULLISH,RSI_NORMAL,HIGH_VOLATILITY
2020-07-27,34.25,34.25,32.75,33.13,34960000.0,33.412,32.5505,45.061043285238625,0.030756292688732974,BULLISH,RSI_NORMAL,HIGH_VOLATILITY
2020-07-28,32.4,33.07,31.78,32.18,64750000.0,33.232000000000006,32.682,37.632135306553884,0.03171567737179525,BEARISH,RSI_NORMAL,HIGH_VOLATILITY
2020-07-29,32.18,33.4,32.17,32.43,52240000.0,33.192,32.825,44.98229043683588,0.031707540879753554,BEARISH,RSI_NORMAL,HIGH_VOLATILITY
2020-07-30,32.6,32.78,31.65,31.88,36720000.0,32.734,32.935,42.47491638795988,0.032089494379379115,BEARISH,RSI_NORMAL,HIGH_VOLATILITY
2020-07-31,31.93,32.25,31.25,31.95,44030000.0,32.314,32.9125,44.90740740740741,0.024598824833138463,BEARISH,RSI_NORMAL,HIGH_VOLATILITY
2020-08-03,32.0,33.07,31.68,32.27,31150000.0,32.142,32.822500000000005,49.41176470588238,0.02154536784508786,BEARISH,RSI_NORMAL,HIGH_VOLATILITY
2020-08-04,32.65,33.67,32.3,33.47,51830000.0,32.4,32.795,57.692307692307686,0.023303960215334974,BULLISH,RSI_NORMAL,HIGH_VOLATILITY
2020-08-05,33.65,34.08,32.95,33.47,34170000.0,32.608,32.7425,61.293984108967074,0.023027654015111133,BULLISH,RSI_NORMAL,HIGH_VOLATILITY
2020-08-06,33.47,33.78,32.87,33.02,20010000.0,32.836,32.729499999999994,52.168525402726154,0.0217624817077319,BULLISH,RSI_NORMAL,HIGH_VOLATILITY
2020-08-07,33.1,33.58,32.78,33.07,23310000.0,33.06,32.7215,55.32467532467533,0.021763213194985226,BULLISH,RSI_NORMAL,HIGH_VOLATILITY
2020-08-10,35.15,37.97,34.8,36.1,197470000.0,33.826,32.885000000000005,65.25252525252529,0.02966105407388646,BULLISH,RSI_NORMAL,HIGH_VOLATILITY
2020-08-11,36.47,36.78,35.08,35.28,64310000.0,34.188,33.0305,62.901655306718595,0.030018869138497353,BULLISH,RSI_NORMAL,HIGH_VOLATILITY
2020-08-12,35.32,37.07,35.12,36.88,86740000.0,34.870000000000005,33.273,63.11713455953534,0.031105666095121776,BULLISH,RSI_NORMAL,HIGH_VOLATILITY
2020-08-13,37.0,38.47,36.55,38.15,89870000.0,35.896,33.6065,67.85714285714289,0.031089979268748,BULLISH,RSI_NORMAL,HIGH_VOLATILITY
2020-08-14,38.33,39.48,36.52,37.72,102780000.0,36.826,33.858999999999995,70.88262056414922,0.0307231182262648,BULLISH,RSI_HIGH,HIGH_VOLATILITY
2020-08-17,38.3,38.32,36.63,36.93,45730000.0,36.992000000000004,34.093,71.92982456140352,0.03105861172918691,BULLISH,RSI_HIGH,HIGH_VOLATILITY
2020-08-18,37.0,37.73,36.57,37.23,44870000.0,37.382000000000005,34.3005,72.05882352941177,0.030754891548394073,BULLISH,RSI_HIGH,HIGH_VOLATILITY
2020-08-19,37.55,38.37,37.27,37.43,50100000.0,37.492000000000004,34.5405,76.35327635327639,0.03039711827086801,BULLISH,RSI_HIGH,HIGH_VOLATILITY
2020-08-20,37.0,37.67,36.55,37.3,34000000.0,37.322,34.696999999999996,75.2596789423985,0.02897636003980442,BULLISH,RSI_HIGH,HIGH_VOLATILITY
2020-08-21,37.5,37.83,36.93,37.37,29550000.0,37.251999999999995,34.863,74.66150870406189,0.028920213247340787,BULLISH,RSI_HIGH,HIGH_VOLATILITY
2020-08-24,37.0,38.33,36.87,38.2,53670000.0,37.506,35.1165,73.72116349047144,0.02813150797782146,BULLISH,RSI_HIGH,HIGH_VOLATILITY
2020-08-25,38.38,38.65,37.1,37.47,43990000.0,37.554,35.38099999999999,68.69158878504673,0.027559466386151237,BULLISH,RSI_NORMAL,HIGH_VOLATILITY
2020-08-26,37.53,37.73,36.87,37.27,36550000.0,37.522000000000006,35.623000000000005,70.33492822966507,0.02772030468041634,BULLISH,RSI_HIGH,HIGH_VOLATILITY
2020-08-27,37.28,37.55,36.6,36.77,27420000.0,37.41600000000001,35.8675,66.97247706422019,0.02756775407035307,BULLISH,RSI_NORMAL,HIGH_VOLATILITY
2020-08-28,37.98,38.25,36.93,37.35,48610000.0,37.412000000000006,36.1375,57.396449704142015,0.027597174835493735,BULLISH,RSI_NORMAL,HIGH_VOLATILITY
2020-08-31,37.5,37.7,35.0,35.37,42730000.0,36.846000000000004,36.292500000000004,50.46826222684701,0.030791350595491627,BEARISH,RSI_NORMAL,HIGH_VOLATILITY
2020-09-01,35.67,36.23,34.8,35.98,34290000.0,36.54800000000001,36.41799999999999,44.7795823665893,0.03000847260591282,BEARISH,RSI_NORMAL,HIGH_VOLATILITY
2020-09-02,35.98,36.57,35.42,36.33,17390000.0,36.36,36.561,38.1818181818182,0.030018372817512542,BEARISH,RSI_NORMAL,HIGH_VOLATILITY
2020-09-03,36.5,36.78,35.93,36.15,26660000.0,36.236000000000004,36.7175,39.46308724832216,0.029810158562841263,BEARISH,RSI_NORMAL,HIGH_VOLATILITY
2020-09-04,35.17,36.17,35.12,35.47,29950000.0,35.86,36.8375,40.05449591280655,0.030276284600197812,BEARISH,RSI_NORMAL,HIGH_VOLATILITY
2020-09-07,35.63,36.05,34.9,35.2,19160000.0,35.826,36.792500000000004,36.11491108071141,0.02220480353672116,BEARISH,RSI_NORMAL,HIGH_VOLATILITY
2020-09-08,35.37,35.53,33.87,34.22,30300000.0,35.474000000000004,36.7395,30.160692212608183,0.02249599982743823,BEARISH,RSI_NORMAL,HIGH_VOLATILITY
2020-09-09,33.77,34.48,33.23,33.68,34570000.0,34.944,36.5795,28.705882352941217,0.019820042563289925,BEARISH,RSI_LOW,LOW_VOLATILITY
2020-09-10,33.88,34.23,33.0,33.87,23710000.0,34.488,36.365500000000004,29.69837587006961,0.01779776977582794,BEARISH,RSI_LOW,LOW_VOLATILITY
2020-09-11,34.0,34.25,33.77,34.08,14090000.0,34.21,36.183499999999995,24.24999999999997,0.017942220674626533,BEARISH,RSI_LOW,LOW_VOLATILITY
2020-09-14,35.33,36.55,34.8,35.68,53550000.0,34.306,36.120999999999995,39.9098083427283,0.02092308076662633,BEARISH,RSI_NORMAL,HIGH_VOLATILITY
2020-09-15,35.35,35.67,34.65,34.93,26940000.0,34.448,36.006,37.57961783439488,0.02122935975857354,BEARISH,RSI_NORMAL,HIGH_VOLATILITY
2020-09-16,35.0,35.17,34.1,34.48,14640000.0,34.608,35.8585,37.78014941302025,0.021244314631298628,BEARISH,RSI_NORMAL,HIGH_VOLATILITY
2020-09-17,34.17,34.97,34.13,34.52,21720000.0,34.73800000000001,35.7195,33.97508493771238,0.021274240116865722,BEARISH,RSI_NORMAL,HIGH_VOLATILITY
2020-09-18,34.67,34.87,34.07,34.63,27980000.0,34.848,35.582499999999996,44.683908045977056,0.021294155506965375,BEARISH,RSI_NORMAL,HIGH_VOLATILITY
2020-09-21,34.57,34.6,31.7,32.1,40830000.0,34.132000000000005,35.277499999999996,28.153153153153212,0.025467059711469592,BEARISH,RSI_LOW,HIGH_VOLATILITY
2020-09-22,32.12,32.2,30.33,30.73,48560000.0,33.292,34.9405,21.71717171717175,0.026515045661472617,BEARISH,RSI_LOW,HIGH_VOLATILITY
2020-09-23,31.02,31.83,30.78,31.28,48750000.0,32.652,34.641,26.2901655306719,0.027208196909048722,BEARISH,RSI_LOW,HIGH_VOLATILITY
2020-09-24,30.73,30.98,29.88,30.15,30840000.0,31.778000000000002,34.309999999999995,25.186567164179124,0.02789530178098164,BEARISH,RSI_LOW,HIGH_VOLATILITY
2020-09-25,30.63,31.47,30.45,31.1,19430000.0,31.072000000000003,33.997499999999995,32.01754385964915,0.028851166579928787,BEARISH,RSI_NORMAL,HIGH_VOLATILITY
2020-09-28,31.33,32.77,31.28,32.48,21870000.0,31.148000000000003,33.852999999999994,42.62711864406779,0.029197077428974295,BEARISH,RSI_NORMAL,HIGH_VOLATILITY
2020-09-29,32.9,33.1,31.6,32.0,27340000.0,31.401999999999997,33.654,42.84497444633731,0.028855739057176442,BEARISH,RSI_NORMAL,HIGH_VOLATILITY
2020-09-30,32.0,32.15,31.3,31.92,14190000.0,31.53,33.433499999999995,41.616509028374914,0.028646126596455133,BEARISH,RSI_NORMAL,HIGH_VOLATILITY
2020-10-01,32.08,32.53,31.67,32.03,12640000.0,31.906000000000006,33.227500000000006,41.11014744145709,0.02872461272557918,BEARISH,RSI_NORMAL,HIGH_VOLATILITY
2020-10-05,32.13,32.23,31.53,32.07,11780000.0,32.10000000000001,33.0575,31.895687061183565,0.028590289648394777,BEARISH,RSI_NORMAL,HIGH_VOLATILITY
2020-10-06,32.2,32.33,31.55,31.92,19180000.0,31.988000000000007,32.8935,33.938100320170776,0.028581726527115135,BEARISH,RSI_NORMAL,HIGH_VOLATILITY
2020-10-07,31.95,32.15,31.3,31.38,13130000.0,31.864000000000004,32.75150000000001,33.615221987315024,0.028213954817482536,BEARISH,RSI_NORMAL,HIGH_VOLATILITY
2020-10-08,31.67,31.77,30.87,31.18,13560000.0,31.716,32.6265,32.640332640332616,0.02808430040349134,BEARISH,RSI_NORMAL,HIGH_VOLATILITY
2020-10-09,31.07,31.35,30.6,30.93,12670000.0,31.496000000000002,32.479499999999994,31.045081967213093,0.02801707062678045,BEARISH,RSI_NORMAL,HIGH_VOLATILITY
2020-10-12,31.02,31.67,30.87,31.18,21410000.0,31.318000000000005,32.334500000000006,43.85026737967913,0.02805681939647727,BEARISH,RSI_NORMAL,HIGH_VOLATILITY
2020-10-13,31.18,31.32,30.33,30.5,19970000.0,31.034000000000002,32.0755,48.306332842415316,0.02558110437979293,BEARISH,RSI_NORMAL,HIGH_VOLATILITY
2020-10-14,30.65,31.25,30.38,30.52,22320000.0,30.862000000000002,31.855,43.92971246006388,0.025436765369444416,BEARISH,RSI_NORMAL,HIGH_VOLATILITY
2020-10-15,30.58,30.82,29.28,29.47,15860000.0,30.520000000000003,31.6045,44.49838187702265,0.02616950359542735,BEARISH,RSI_NORMAL,HIGH_VOLATILITY
2020-10-16,29.23,30.45,29.23,30.33,21800000.0,30.4,31.395,43.6781609195402,0.02737913444511408,BEARISH,RSI_NORMAL,HIGH_VOLATILITY
2020-10-19,30.47,30.65,29.48,30.02,22510000.0,30.168,31.164500000000004,25.49800796812748,0.027304137224955054,BEARISH,RSI_LOW,HIGH_VOLATILITY
2020-10-20,29.72,30.37,29.68,29.98,14690000.0,30.064000000000004,31.0585,27.94759825327509,0.022409289205302486,BEARISH,RSI_LOW,HIGH_VOLATILITY
2020-10-21,30.0,30.93,29.72,30.8,28950000.0,30.119999999999997,31.062,39.4736842105263,0.021357855811391775,BEARISH,RSI_NORMAL,HIGH_VOLATILITY
2020-10-22,30.78,31.72,30.55,31.03,28780000.0,30.432,31.049500000000002,40.80882352941177,0.021031142213139113,BEARISH,RSI_NORMAL,HIGH_VOLATILITY
2020-10-23,31.28,31.42,30.72,30.87,17660000.0,30.540000000000003,31.085500000000003,39.20863309352518,0.01931641313930873,BEARISH,RSI_NORMAL,LOW_VOLATILITY
2020-10-26,30.87,30.92,29.68,29.98,18530000.0,30.532000000000004,31.029500000000002,34.603174603174594,0.019069664593538628,BEARISH,RSI_NORMAL,LOW_VOLATILITY
2020-10-27,29.97,30.15,29.57,29.9,12330000.0,30.516000000000002,30.9005,37.32876712328767,0.0156955946073822,BEARISH,RSI_NORMAL,LOW_VOLATILITY
2020-10-28,29.9,30.02,29.23,29.42,13330000.0,30.240000000000002,30.771499999999996,35.62091503267976,0.01574414457882553,BEARISH,RSI_NORMAL,LOW_VOLATILITY
2020-10-29,29.22,29.63,28.78,28.88,16820000.0,29.810000000000002,30.619500000000006,34.00936037441497,0.0160566554628937,BEARISH,RSI_NORMAL,LOW_VOLATILITY
2020-10-30,28.97,29.95,28.82,29.0,27640000.0,29.436,30.467999999999996,32.64331210191084,0.01607675031718136,BEARISH,RSI_NORMAL,LOW_VOLATILITY
2020-11-02,29.28,29.87,29.08,29.55,14250000.0,29.350000000000005,30.342000000000002,42.276422764227654,0.016896719926007615,BEARISH,RSI_NORMAL,LOW_VOLATILITY
2020-11-03,29.62,30.13,29.62,29.8,10510000.0,29.330000000000002,30.235999999999997,44.35736677115988,0.017120747838236177,BEARISH,RSI_NORMAL,LOW_VOLATILITY
2020-11-04,30.08,30.12,29.3,29.63,10170000.0,29.372000000000003,30.148499999999995,51.45454545454546,0.016832208152351157,BEARISH,RSI_NORMAL,LOW_VOLATILITY
2020-11-05,29.8,31.15,29.68,30.97,21740000.0,29.790000000000003,30.137999999999998,55.35117056856188,0.019916143654319658,BULLISH,RSI_NORMAL,LOW_VOLATILITY
2020-11-06,30.7,31.17,30.5,30.82,20160000.0,30.154000000000003,30.132500000000004,56.87285223367697,0.019862718736330734,BULLISH,RSI_NORMAL,LOW_VOLATILITY
2020-11-09,31.5,31.63,30.58,31.02,24870000.0,30.448,30.1245,58.69565217391303,0.019831797743740255,BULLISH,RSI_NORMAL,LOW_VOLATILITY
2020-11-10,31.0,32.08,30.68,31.8,31640000.0,30.848000000000003,30.1895,58.417508417508415,0.019902147919709866,BULLISH,RSI_NORMAL,LOW_VOLATILITY
2020-11-11,31.98,32.47,31.5,31.9,24270000.0,31.302000000000003,30.258499999999998,57.48709122203096,0.019899262017735054,BULLISH,RSI_NORMAL,LOW_VOLATILITY
2020-11-12,32.03,32.17,31.33,31.42,32570000.0,31.392000000000003,30.356,54.486133768352374,0.018431600207296138,BULLISH,RSI_NORMAL,LOW_VOLATILITY
2020-11-13,31.3,32.42,30.92,32.23,23220000.0,31.674,30.451000000000004,68.59504132231405,0.018194985684672097,BULLISH,RSI_NORMAL,LOW_VOLATILITY
2020-11-14,32.4,32.4,32.13,32.2,2840000.0,31.910000000000004,30.559999999999995,69.16666666666674,0.017951318888682982,BULLISH,RSI_NORMAL,LOW_VOLATILITY
2020-11-17,32.52,32.58,31.92,32.05,13610000.0,31.96,30.663500000000006,73.1922398589065,0.018015323014812477,BULLISH,RSI_HIGH,LOW_VOLATILITY
2020-11-18,32.05,32.77,31.9,32.18,31610000.0,32.016000000000005,30.732499999999998,81.3688212927757,0.017122795874025147,BULLISH,RSI_HIGH,LOW_VOLATILITY
2020-11-19,32.17,36.08,31.9,34.37,127230000.0,32.606,30.8995,86.63028649386088,0.022571724766608754,BULLISH,RSI_HIGH,HIGH_VOLATILITY
2020-11-20,35.05,36.63,34.83,36.12,111980000.0,33.384,31.162,88.5111371629543,0.024588845697750703,BULLISH,RSI_HIGH,HIGH_VOLATILITY
2020-11-23,36.18,36.35,34.83,35.33,32720000.0,34.010000000000005,31.4295,80.48511576626242,0.024081784844431922,BULLISH,RSI_HIGH,HIGH_VOLATILITY
2020-11-24,35.33,36.3,35.33,35.9,32900000.0,34.78,31.7295,83.1045406546991,0.023989131440896982,BULLISH,RSI_HIGH,HIGH_VOLATILITY
2020-11-25,36.0,36.8,35.3,35.62,37300000.0,35.468,32.039500000000004,77.64565992865639,0.023594990115387966,BULLISH,RSI_HIGH,HIGH_VOLATILITY
2020-11-26,35.8,36.43,35.62,36.3,28750000.0,35.854,32.4105,80.64876957494408,0.022706748319027217,BULLISH,RSI_HIGH,HIGH_VOLATILITY
2020-11-27,36.48,37.93,36.35,37.03,42740000.0,36.036,32.812,81.73178458289337,0.022706592071377086,BULLISH,RSI_HIGH,HIGH_VOLATILITY
2020-12-01,37.03,37.6,36.77,37.27,32350000.0,36.424,33.198,80.62709966405377,0.02269212688050494,BULLISH,RSI_HIGH,HIGH_VOLATILITY
2020-12-02,37.33,38.33,37.18,37.85,48410000.0,36.81400000000001,33.6005,81.61530286928802,0.02269084339370956,BULLISH,RSI_HIGH,HIGH_VOLATILITY
2020-12-03,38.03,38.93,37.95,38.33,48550000.0,37.35600000000001,34.0355,86.71625929861848,0.022293394669321173,BULLISH,RSI_HIGH,HIGH_VOLATILITY
2020-12-04,38.63,39.33,38.13,38.58,46010000.0,37.812,34.416000000000004,85.87570621468927,0.0210087211286916,BULLISH,RSI_HIGH,HIGH_VOLATILITY
2020-12-07,38.62,38.92,38.12,38.32,26590000.0,38.07000000000001,34.791,83.70044052863432,0.02108928371570033,BULLISH,RSI_HIGH,HIGH_VOLATILITY
2020-12-08,38.52,38.68,37.03,37.72,36640000.0,38.160000000000004,35.126,79.74816369359917,0.02191258976230129,BULLISH,RSI_HIGH,HIGH_VOLATILITY
2020-12-09,38.58,40.83,38.27,38.98,147500000.0,38.386,35.485,81.89493433395872,0.022286685417845856,BULLISH,RSI_HIGH,HIGH_VOLATILITY
2020-12-10,38.93,38.93,37.48,38.13,38750000.0,38.346000000000004,35.7965,70.17167381974254,0.02338889810932124,BULLISH,RSI_HIGH,HIGH_VOLATILITY
2020-12-11,38.13,38.8,37.78,38.22,41080000.0,38.274,36.1365,63.70757180156661,0.022753820670762686,BULLISH,RSI_NORMAL,HIGH_VOLATILITY
2020-12-14,38.55,39.75,38.4,39.52,75010000.0,38.514,36.501,75.64259485924117,0.023124220615222634,BULLISH,RSI_HIGH,HIGH_VOLATILITY
2020-12-15,39.13,39.77,39.07,39.42,32270000.000000004,38.854,36.862,72.85714285714289,0.023168545889995434,BULLISH,RSI_HIGH,HIGH_VOLATILITY
2020-12-16,39.67,40.23,39.12,39.37,38730000.0,38.932,37.227999999999994,75.1004016064257,0.023064624044011578,BULLISH,RSI_HIGH,HIGH_VOLATILITY
2020-12-17,39.33,40.28,38.6,40.1,56240000.0,39.32600000000001,37.624,75.26595744680853,0.023076231729036025,BULLISH,RSI_HIGH,HIGH_VOLATILITY
2020-12-18,40.48,40.9,39.52,40.42,97760000.0,39.766000000000005,37.9265,73.8396624472574,0.018818268636740843,BULLISH,RSI_HIGH,LOW_VOLATILITY
2020-12-21,40.23,41.07,36.38,37.32,86980000.0,39.32600000000001,37.9865,50.25075225677029,0.024412810235795293,BEARISH,RSI_NORMAL,HIGH_VOLATILITY
2020-12-22,37.32,38.03,35.45,37.42,73880000.0,38.926,38.090999999999994,47.734457323498425,0.023761802855699746,BEARISH,RSI_NORMAL,HIGH_VOLATILITY
2020-12-23,37.73,38.65,37.5,38.48,39050000.0,38.748000000000005,38.22,50.744786494538225,0.024263510652375034,BULLISH,RSI_NORMAL,HIGH_VOLATILITY
2020-12-24,38.72,39.38,38.1,38.3,28260000.0,38.388,38.354,48.599999999999994,0.02419516092361996,BEARISH,RSI_NORMAL,HIGH_VOLATILITY
2020-12-28,38.73,38.85,37.97,38.2,28340000.0,37.944,38.449,49.39024390243904,0.02396448364160415,BEARISH,RSI_NORMAL,HIGH_VOLATILITY
2020-12-29,38.4,38.73,37.98,38.25,20780000.0,38.13000000000001,38.510000000000005,52.85252960172229,0.02361736200484147,BEARISH,RSI_NORMAL,HIGH_VOLATILITY
2020-12-30,38.33,38.43,37.8,38.13,19000000.0,38.272000000000006,38.553000000000004,44.78527607361966,0.023616964144466554,BEARISH,RSI_NORMAL,HIGH_VOLATILITY
2020-12-31,38.57,40.25,38.47,39.98,112170000.0,38.572,38.6595,60.10928961748632,0.02571284845854659,BULLISH,RSI_NORMAL,HIGH_VOLATILITY
2021-01-01,40.33,42.67,40.2,42.13,201700000.0,39.338,38.8495,67.43978590544158,0.028057256760216965,BULLISH,RSI_NORMAL,HIGH_VOLATILITY
2021-01-04,43.0,43.93,42.3,43.77,105610000.0,40.452000000000005,39.108999999999995,68.3982683982684,0.029060485873928017,BULLISH,RSI_NORMAL,HIGH_VOLATILITY
2021-01-05,43.33,44.42,43.0,43.83,64360000.0,41.568000000000005,39.3845,69.15725456125108,0.0289188002386818,BULLISH,RSI_NORMAL,HIGH_VOLATILITY
2021-01-06,44.0,45.13,43.22,44.38,74100000.0,42.818000000000005,39.7175,70.8576186511241,0.02843210946033618,BULLISH,RSI_HIGH,HIGH_VOLATILITY
2021-01-07,44.8,45.0,43.77,43.92,46010000.0,43.60600000000001,39.9645,66.26916524701875,0.02810105784911284,BULLISH,RSI_NORMAL,HIGH_VOLATILITY
2021-01-08,44.35,44.58,43.85,44.03,19910000.0,43.986000000000004,40.259499999999996,65.65481352992195,0.027333760724861152,BULLISH,RSI_NORMAL,HIGH_VOLATILITY
2021-01-11,44.27,45.18,43.18,44.87,42430000.0,44.206,40.592,90.72276159654807,0.027421258543409963,BULLISH,RSI_HIGH,HIGH_VOLATILITY
2021-01-12,44.98,45.32,44.47,44.82,32610000.0,44.40400000000001,40.857,90.13015184381788,0.0268135584215014,BULLISH,RSI_HIGH,HIGH_VOLATILITY
2021-01-13,44.85,45.9,44.15,44.68,38460000.0,44.464000000000006,41.12,87.34939759036155,0.026824583898979893,BULLISH,RSI_HIGH,HIGH_VOLATILITY
2021-01-14,44.92,47.0,44.85,46.38,94300000.0,44.956,41.4705,91.14052953156832,0.027643562923127796,BULLISH,RSI_HIGH,HIGH_VOLATILITY
2021-01-15,46.23,46.5,44.13,44.48,44820000.0,45.04600000000001,41.689499999999995,77.02237521514628,0.029646483743827074,BULLISH,RSI_HIGH,HIGH_VOLATILITY
2021-01-18,44.62,45.08,42.77,44.52,53630000.0,44.976,41.8945,77.00258397932816,0.029659079655430385,BULLISH,RSI_HIGH,HIGH_VOLATILITY
2021-01-19,44.85,46.07,44.7,45.68,64390000.0,45.148,42.3125,79.84189723320156,0.02282722515423938,BULLISH,RSI_HIGH,HIGH_VOLATILITY
2021-01-20,45.78,46.32,44.97,45.17,39770000.0,45.246,42.7,72.94429708222812,0.023279166923616174,BULLISH,RSI_HIGH,HIGH_VOLATILITY
2021-01-21,45.5,45.93,44.1,44.63,31080000.0,44.896,43.0075,62.886597938144334,0.02332620521012409,BULLISH,RSI_NORMAL,HIGH_VOLATILITY
2021-01-22,44.5,45.17,43.63,44.12,30820000.0,44.824000000000005,43.298500000000004,52.04200700116682,0.023562279237130147,BULLISH,RSI_NORMAL,HIGH_VOLATILITY
2021-01-25,44.58,44.92,42.97,43.57,22700000.0,44.634,43.567,48.56512141280354,0.02388261413086987,BULLISH,RSI_NORMAL,HIGH_VOLATILITY
2021-01-27,43.67,44.8,43.6,44.23,55900000.0,44.344,43.866,49.182115594329304,0.023913599223248358,BULLISH,RSI_NORMAL,HIGH_VOLATILITY
2021-01-28,43.67,44.9,43.28,43.73,49920000.0,44.056000000000004,44.146,48.96851248642777,0.0241741633496988,BEARISH,RSI_NORMAL,HIGH_VOLATILITY
2021-01-29,43.6,45.42,42.33,43.35,77620000.0,43.800000000000004,44.314499999999995,46.413502109704645,0.022336280912307185,BEARISH,RSI_NORMAL,HIGH_VOLATILITY
2021-02-01,43.33,44.93,41.87,44.57,47400000.0,43.89,44.4365,48.47870182555782,0.019955728821181094,BULLISH,RSI_NORMAL,LOW_VOLATILITY
2021-02-02,44.92,45.6,43.8,44.5,32220000.0,44.076,44.473,48.38056680161943,0.018086220660382017,BULLISH,RSI_NORMAL,LOW_VOLATILITY
2021-02-03,44.73,47.07,44.72,46.37,63440000.0,44.504000000000005,44.6,57.27820844099912,0.02028302125193802,BULLISH,RSI_NORMAL,HIGH_VOLATILITY
2021-02-04,46.58,47.27,45.68,46.98,55030000.0,45.154,44.73,52.851711026615945,0.02029847422000325,BULLISH,RSI_NORMAL,HIGH_VOLATILITY
2021-02-05,47.33,47.73,46.23,46.73,29860000.0,45.83,44.8705,62.683201803833164,0.020153914525725646,BULLISH,RSI_NORMAL,HIGH_VOLATILITY
2021-02-08,47.07,47.67,46.5,46.92,31930000.0,46.3,45.015,63.30376940133039,0.020153705029435913,BULLISH,RSI_NORMAL,HIGH_VOLATILITY
2021-02-09,47.15,47.33,45.8,45.98,48310000.0,46.596,45.0705,51.70454545454544,0.020445347684474532,BULLISH,RSI_NORMAL,HIGH_VOLATILITY
2021-02-10,46.3,47.45,46.12,46.62,33660000.0,46.646,45.1605,58.11870100783872,0.020622848347941623,BULLISH,RSI_NORMAL,HIGH_VOLATILITY
2021-02-11,46.43,46.83,44.87,45.13,35390000.0,46.275999999999996,45.18300000000001,52.53036437246964,0.021976215754542828,BEARISH,RSI_NORMAL,HIGH_VOLATILITY
2021-02-12,45.28,45.67,44.72,45.42,24810000.0,46.013999999999996,45.135000000000005,56.72877846790894,0.020217116450384456,BULLISH,RSI_NORMAL,HIGH_VOLATILITY
2021-02-15,45.78,45.98,44.93,45.37,23420000.0,45.704,45.179500000000004,59.82532751091701,0.01788459727536234,BULLISH,RSI_NORMAL,LOW_VOLATILITY
2021-02-16,45.37,46.15,44.18,44.38,48720000.0,45.384,45.1725,50.79030558482617,0.018607765049742226,BEARISH,RSI_NORMAL,LOW_VOLATILITY
2021-02-17,44.03,46.58,44.03,46.37,46230000.0,45.334,45.207,62.02185792349728,0.02038134942213911,BULLISH,RSI_NORMAL,HIGH_VOLATILITY
2021-02-18,46.45,47.97,45.95,47.18,43650000.0,45.74400000000001,45.3075,66.78352322524103,0.020491277746407077,BULLISH,RSI_NORMAL,HIGH_VOLATILITY
2021-02-19,46.8,47.57,44.33,45.13,51640000.0,45.686,45.332499999999996,52.28758169934641,0.022737770319505114,BEARISH,RSI_NORMAL,HIGH_VOLATILITY
2021-02-22,45.17,45.52,43.08,43.43,28670000.0,45.298,45.298,46.142754145638065,0.02419128749916497,BEARISH,RSI_NORMAL,HIGH_VOLATILITY
2021-02-23,43.75,45.2,43.42,44.73,32120000.0,45.368,45.356,43.83458646616541,0.024934766859684224,BEARISH,RSI_NORMAL,HIGH_VOLATILITY
2021-02-24,45.22,46.32,45.07,45.45,22660000.0,45.184000000000005,45.416999999999994,44.29530201342284,0.024962758568330235,BULLISH,RSI_NORMAL,HIGH_VOLATILITY
2021-02-25,45.7,47.67,45.68,47.23,59330000.0,45.194,45.592,51.67336010709505,0.02610809756810905,BULLISH,RSI_NORMAL,HIGH_VOLATILITY
2021-02-26,46.45,47.45,45.33,45.7,38630000.0,45.30800000000001,45.709500000000006,46.25307125307126,0.027236818607623347,BEARISH,RSI_NORMAL,HIGH_VOLATILITY
2021-03-01,46.23,49.0,45.98,48.65,62060000.0,46.352,45.9135,57.299070530344466,0.030074900004768586,BULLISH,RSI_NORMAL,HIGH_VOLATILITY
2021-03-02,49.32,51.18,48.83,50.5,106690000.0,47.506,46.213499999999996,59.94871794871796,0.03092372718429472,BULLISH,RSI_NORMAL,HIGH_VOLATILITY
2021-03-03,50.95,51.33,50.23,50.97,39660000.0,48.61,46.4435,65.80086580086581,0.029807395548374388,BULLISH,RSI_NORMAL,HIGH_VOLATILITY
2021-03-04,50.5,51.65,50.02,50.93,30330000.0,49.35,46.641000000000005,65.1124520021942,0.02977356736713242,BULLISH,RSI_NORMAL,HIGH_VOLATILITY
2021-03-05,50.27,51.0,48.25,49.0,29140000.0,50.010000000000005,46.7545,59.02536051715566,0.03119402041881428,BULLISH,RSI_NORMAL,HIGH_VOLATILITY
2021-03-08,49.33,50.23,48.07,48.35,34690000.0,49.95,46.826,60.04046535154274,0.0313980690741534,BULLISH,RSI_NORMAL,HIGH_VOLATILITY
2021-03-09,48.68,49.13,46.42,46.67,37110000.0,49.184000000000005,46.860499999999995,50.770811921891074,0.032105074392214744,BEARISH,RSI_NORMAL,HIGH_VOLATILITY
2021-03-10,47.13,47.55,46.35,46.58,24250000.0,48.306,46.85850000000001,48.3991462113127,0.03197075570873817,BEARISH,RSI_NORMAL,HIGH_VOLATILITY
2021-03-12,47.42,47.83,46.42,46.68,39600000.0,47.456,46.93599999999999,54.61584276354972,0.031047858381215692,BEARISH,RSI_NORMAL,HIGH_VOLATILITY
2021-03-15,47.12,47.12,44.47,45.7,30190000.0,46.79600000000001,46.95,57.06285003111389,0.03145165545173817,BEARISH,RSI_NORMAL,HIGH_VOLATILITY
2021-03-16,45.83,46.18,45.17,45.95,29270000.0,46.316,46.979,54.061251664447425,0.031465357770384755,BEARISH,RSI_NORMAL,HIGH_VOLATILITY
2021-03-17,45.83,46.15,44.28,44.62,35860000.0,45.906000000000006,46.991,47.344849648112586,0.03177728984732873,BEARISH,RSI_NORMAL,HIGH_VOLATILITY
2021-03-18,44.78,45.17,42.68,43.27,45350000.0,45.24400000000001,46.836,36.97368421052632,0.030711779549067432,BEARISH,RSI_NORMAL,HIGH_VOLATILITY
2021-03-19,42.8,43.35,41.67,42.65,56390000.0,44.438,46.609500000000004,39.328201539538114,0.030417595000086388,BEARISH,RSI_NORMAL,HIGH_VOLATILITY
2021-03-22,42.9,43.98,42.45,42.65,38950000.0,43.828,46.4855,23.544973544973544,0.029015961509393645,BEARISH,RSI_LOW,HIGH_VOLATILITY
2021-03-23,42.63,43.25,42.05,42.2,38250000.0,43.077999999999996,46.424,8.249496981891355,0.02789430139250608,BEARISH,RSI_LOW,HIGH_VOLATILITY
2021-03-24,42.17,42.23,40.53,40.82,32030000.0,42.318000000000005,46.2285,3.225806451612911,0.02774601709070174,BEARISH,RSI_LOW,HIGH_VOLATILITY
2021-03-25,40.88,41.12,38.62,39.75,60720000.0,41.614000000000004,45.9435,2.946127946127959,0.02772987623995115,BEARISH,RSI_LOW,HIGH_VOLATILITY
2021-03-26,40.0,41.42,39.98,40.8,36090000.0,41.244,45.622,12.727272727272705,0.02675889320380164,BEARISH,RSI_LOW,HIGH_VOLATILITY
2021-03-30,41.33,42.32,40.97,41.93,42700000.0,41.1,45.433499999999995,22.038327526132406,0.02712312644518439,BEARISH,RSI_LOW,HIGH_VOLATILITY
2021-03-31,41.93,42.33,41.5,41.7,24130000.0,41.0,45.086,25.224327018943185,0.021815385347904413,BEARISH,RSI_LOW,HIGH_VOLATILITY
2021-04-01,42.0,42.33,41.43,42.03,30020000.0,41.242000000000004,44.6625,27.84810126582279,0.0194189084513442,BEARISH,RSI_LOW,LOW_VOLATILITY
2021-04-05,42.28,44.0,41.67,43.8,61280000.0,42.05200000000001,44.303999999999995,37.93969849246229,0.022225565875928506,BEARISH,RSI_NORMAL,HIGH_VOLATILITY
2021-04-06,44.1,44.98,42.93,43.65,61170000.0,42.622,43.94,40.77407740774075,0.022192545138368377,BEARISH,RSI_NORMAL,HIGH_VOLATILITY
2021-04-07,43.98,44.82,43.67,43.77,38350000.0,42.989999999999995,43.6785,40.07285974499089,0.021091406670683387,BULLISH,RSI_NORMAL,HIGH_VOLATILITY
2021-04-08,44.12,44.55,43.17,43.35,25320000.0,43.32000000000001,43.4285,43.69414101290965,0.02103542205257596,BEARISH,RSI_NORMAL,HIGH_VOLATILITY
2021-04-09,43.67,43.85,43.0,43.3,15590000.0,43.574,43.260000000000005,50.171037628278185,0.019863306613550458,BULLISH,RSI_NORMAL,LOW_VOLATILITY
2021-04-12,42.63,42.83,40.17,40.63,35500000.0,42.94,42.9625,40.665434380776354,0.023722190123001488,BEARISH,RSI_NORMAL,HIGH_VOLATILITY
2021-04-13,40.7,42.07,40.55,41.87,19430000.0,42.584,42.722,46.766169154228855,0.02507861467459779,BEARISH,RSI_NORMAL,HIGH_VOLATILITY
2021-04-15,41.67,43.23,41.47,42.83,42680000.0,42.396,42.5785,52.50596658711215,0.02553449801689102,BULLISH,RSI_NORMAL,HIGH_VOLATILITY
2021-04-16,42.75,43.17,41.87,42.67,21450000.0,42.260000000000005,42.4145,58.149779735682834,0.025458042897458975,BULLISH,RSI_NORMAL,HIGH_VOLATILITY
2021-04-19,41.37,42.15,40.72,41.13,30030000.0,41.826,42.24,55.83756345177667,0.025882274846910996,BEARISH,RSI_NORMAL,HIGH_VOLATILITY
2021-04-20,41.62,42.55,41.22,41.43,26630000.0,41.986000000000004,42.147999999999996,52.84552845528457,0.025211075066494136,BEARISH,RSI_NORMAL,HIGH_VOLATILITY
2021-04-22,41.03,42.23,40.85,42.02,23130000.0,42.016000000000005,42.116499999999995,50.42735042735043,0.02527704848164777,BEARISH,RSI_NORMAL,HIGH_VOLATILITY
2021-04-23,41.95,43.0,41.78,42.3,27610000.0,41.910000000000004,42.099000000000004,52.83553875236292,0.02532698097600522,BULLISH,RSI_NORMAL,HIGH_VOLATILITY
2021-04-26,42.67,43.23,42.57,43.12,16700000.0,42.0,42.144999999999996,54.923215898825646,0.02556061098394106,BULLISH,RSI_NORMAL,HIGH_VOLATILITY
2021-04-27,43.02,43.37,42.78,43.07,19100000.0,42.388,42.2575,46.09625668449199,0.02428764900966691,BULLISH,RSI_NORMAL,HIGH_VOLATILITY
2021-04-28,43.47,43.52,42.73,42.93,19390000.0,42.688,42.4165,46.14561027837259,0.02336058288500997,BULLISH,RSI_NORMAL,HIGH_VOLATILITY
2021-04-29,43.33,43.75,43.05,43.28,16660000.0,42.940000000000005,42.540499999999994,47.439916405433635,0.022793191843014052,BULLISH,RSI_NORMAL,HIGH_VOLATILITY
2021-04-30,42.72,45.48,42.6,43.92,53190000.0,43.264,42.64,52.91113381001023,0.0222392097969326,BULLISH,RSI_NORMAL,HIGH_VOLATILITY
2021-05-03,43.67,44.28,42.95,43.42,19520000.0,43.324,42.726,50.58593750000002,0.022390125811540814,BULLISH,RSI_NORMAL,HIGH_VOLATILITY
2021-05-04,43.8,45.75,43.52,44.27,52930000.0,43.56400000000001,42.838,71.61520190023757,0.02269479402505745,BULLISH,RSI_HIGH,HIGH_VOLATILITY
2021-05-05,44.53,46.17,44.17,45.95,51820000.0,44.168000000000006,42.9455,73.02483069977431,0.02233183189882261,BULLISH,RSI_HIGH,HIGH_VOLATILITY
2021-05-06,46.57,47.7,45.8,47.47,61570000.0,45.00600000000001,43.1365,74.62845010615715,0.023281683089012007,BULLISH,RSI_HIGH,HIGH_VOLATILITY
2021-05-07,47.58,47.8,45.77,45.97,32530000.0,45.41600000000001,43.2465,65.33457249070632,0.02464200894463539,BULLISH,RSI_NORMAL,HIGH_VOLATILITY
2021-05-10,46.33,48.63,46.22,48.25,67120000.0,46.382000000000005,43.4915,80.95652173913044,0.026561509914968282,BULLISH,RSI_HIGH,HIGH_VOLATILITY
2021-05-11,47.58,49.92,47.15,49.52,70480000.0,47.432,43.802499999999995,82.43785084202086,0.026896398455794505,BULLISH,RSI_HIGH,HIGH_VOLATILITY
2021-05-12,50.82,51.87,48.6,48.95,136020000.0,48.032000000000004,44.2185,77.83132530120483,0.022051515741020287,BULLISH,RSI_HIGH,HIGH_VOLATILITY
2021-05-14,49.27,49.57,47.52,47.78,47660000.0,48.09400000000001,44.513999999999996,70.53973013493254,0.022681447704172308,BULLISH,RSI_HIGH,HIGH_VOLATILITY
2021-05-17,48.17,49.7,47.97,49.38,51490000.0,48.776,44.8415,72.16713881019831,0.023192093752765663,BULLISH,RSI_HIGH,HIGH_VOLATILITY
2021-05-18,50.17,51.67,49.77,51.53,97550000.0,49.432,45.2845,76.07891491985202,0.02437685980695918,BULLISH,RSI_HIGH,HIGH_VOLATILITY
2021-05-19,51.43,52.63,51.02,51.72,83950000.0,49.872,45.814,77.01290719114934,0.0219400393647179,BULLISH,RSI_HIGH,HIGH_VOLATILITY
2021-05-20,51.98,52.9,51.0,52.27,67500000.0,50.53600000000001,46.356,77.29204614450515,0.02191705280206144,BULLISH,RSI_HIGH,HIGH_VOLATILITY
2021-05-21,52.83,53.0,52.08,52.53,58160000.0,51.486000000000004,46.8815,76.75574891236792,0.02196319241962329,BULLISH,RSI_HIGH,HIGH_VOLATILITY
2021-05-24,52.78,53.33,52.07,52.28,74620000.0,52.06600000000001,47.3805,77.96717171717171,0.022241013402133858,BULLISH,RSI_HIGH,HIGH_VOLATILITY
2021-05-25,52.62,52.62,49.6,49.73,53590000.0,51.705999999999996,47.711,65.5644241733181,0.025805765241445608,BULLISH,RSI_NORMAL,HIGH_VOLATILITY
2021-05-26,50.0,51.4,49.67,49.92,45070000.0,51.346000000000004,48.0535,62.367601246105906,0.02574203909718896,BULLISH,RSI_NORMAL,HIGH_VOLATILITY
2021-05-27,50.27,50.32,47.4,49.52,360250000.0,50.79600000000001,48.382999999999996,56.865371734762235,0.025870574957218485,BULLISH,RSI_NORMAL,HIGH_VOLATILITY
2021-05-28,49.5,49.87,48.13,48.28,44630000.0,49.946000000000005,48.633,57.87321063394683,0.02687073251358503,BEARISH,RSI_NORMAL,HIGH_VOLATILITY
2021-05-31,48.52,48.73,47.9,48.47,29060000.0,49.184000000000005,48.8605,50.87440381558029,0.02678964201236943,BEARISH,RSI_NORMAL,HIGH_VOLATILITY
2021-06-01,51.0,51.0,48.67,48.98,74880000.0,49.034000000000006,49.1385,47.715736040609116,0.02651886957099088,BEARISH,RSI_NORMAL,HIGH_VOLATILITY
2021-06-02,48.75,50.33,48.67,50.12,24740000.0,49.074,49.431,54.72154963680384,0.02662843400979966,BULLISH,RSI_NORMAL,HIGH_VOLATILITY
2021-06-03,50.42,50.65,49.73,50.4,26790000.0,49.25,49.653499999999994,61.391304347826065,0.025583490798603028,BULLISH,RSI_NORMAL,HIGH_VOLATILITY
2021-06-04,50.53,51.07,50.28,50.93,23570000.0,49.78,49.8265,57.43048897411312,0.024761736152061405,BULLISH,RSI_NORMAL,HIGH_VOLATILITY
2021-06-07,51.0,51.42,50.8,51.1,16890000.0,50.306,50.083000000000006,47.45562130177515,0.02332244602063042,BULLISH,RSI_NORMAL,HIGH_VOLATILITY
2021-06-08,51.2,51.27,49.42,50.98,31920000.0,50.706,50.2195,45.584725536992835,0.02093006341004528,BULLISH,RSI_NORMAL,HIGH_VOLATILITY
2021-06-09,51.13,51.83,49.85,50.23,31020000.0,50.727999999999994,50.255,38.11188811188809,0.02052725768442793,BEARISH,RSI_NORMAL,HIGH_VOLATILITY
2021-06-10,50.32,50.98,50.03,50.68,17380000.0,50.784000000000006,50.3415,39.45267958950971,0.020385043982144475,BULLISH,RSI_NORMAL,HIGH_VOLATILITY
2021-06-11,50.67,51.67,50.05,51.35,25840000.0,50.86800000000001,50.519999999999996,44.94015233949947,0.019582842557274164,BULLISH,RSI_NORMAL,LOW_VOLATILITY
2021-06-14,51.0,51.12,49.18,50.58,26530000.0,50.763999999999996,50.58,55.73549257759783,0.018694139399168,NEUTRAL,RSI_NORMAL,LOW_VOLATILITY
2021-06-15,50.67,50.97,50.02,50.23,22950000.0,50.614,50.515,52.04755614266839,0.01589915033620764,BEARISH,RSI_NORMAL,LOW_VOLATILITY
2021-06-16,50.0,50.5,49.42,49.9,19710000.0,50.548,50.424,52.533333333333296,0.015900172680188323,BEARISH,RSI_NORMAL,LOW_VOLATILITY
2021-06-17,49.4,49.92,48.22,48.72,22420000.0,50.156,50.246500000000005,52.9569892473118,0.01634577895762862,BEARISH,RSI_NORMAL,LOW_VOLATILITY
2021-06-18,48.85,49.0,46.83,48.73,34090000.0,49.632,50.0565,51.79063360881542,0.016251985959118954,BEARISH,RSI_NORMAL,LOW_VOLATILITY
2021-06-21,47.33,50.0,47.33,49.73,23200000.0,49.462,49.928999999999995,54.838709677419345,0.01711873012224862,BEARISH,RSI_NORMAL,LOW_VOLATILITY
2021-06-22,50.0,50.67,49.67,50.47,28260000.0,49.510000000000005,49.965999999999994,52.380952380952394,0.013587278634914317,BULLISH,RSI_NORMAL,LOW_VOLATILITY
2021-06-23,51.7,56.67,50.83,56.17,363890000.0,50.764,50.278499999999994,72.59201252936569,0.02853658858076064,BULLISH,RSI_HIGH,HIGH_VOLATILITY
2021-06-24,56.32,57.83,55.6,57.05,169690000.0,52.43000000000001,50.655,73.3231707317073,0.02840317669848186,BULLISH,RSI_HIGH,HIGH_VOLATILITY
2021-06-25,57.05,58.63,56.95,58.33,71400000.0,54.35,51.15749999999999,75.40407589599434,0.027513405636842035,BULLISH,RSI_HIGH,HIGH_VOLATILITY
2021-06-28,58.72,59.03,57.67,57.92,38880000.0,55.988,51.629999999999995,73.89807162534436,0.027745514504739298,BULLISH,RSI_HIGH,HIGH_VOLATILITY
2021-06-29,57.82,58.62,57.52,58.22,49610000.0,57.538,52.092,78.39374555792467,0.027758765485904974,BULLISH,RSI_HIGH,HIGH_VOLATILITY
2021-06-30,58.62,59.63,58.27,59.33,43090000.0,58.17,52.552499999999995,79.36184657162255,0.027660825203859297,BULLISH,RSI_HIGH,HIGH_VOLATILITY
2021-07-01,59.27,61.97,59.03,61.55,87840000.0,59.07000000000001,53.11,81.32678132678133,0.02837193484890416,BULLISH,RSI_HIGH,HIGH_VOLATILITY
2021-07-02,61.82,61.82,60.08,60.22,40350000.0,59.448,53.5745,78.6223277909739,0.029260798180482578,BULLISH,RSI_HIGH,HIGH_VOLATILITY
2021-07-05,60.43,60.67,59.53,59.73,22990000.0,59.81,54.00600000000001,77.97408716136633,0.029485169441045265,BULLISH,RSI_HIGH,HIGH_VOLATILITY
2021-07-06,59.5,60.73,59.47,60.35,41590000.0,60.236000000000004,54.4745,80.25477707006371,0.02938209843470744,BULLISH,RSI_HIGH,HIGH_VOLATILITY
2021-07-07,60.03,61.13,59.63,60.97,17840000.0,60.56400000000001,55.0115,86.65469778575705,0.028853420216519595,BULLISH,RSI_HIGH,HIGH_VOLATILITY
2021-07-08,61.27,62.47,59.7,60.22,44890000.0,60.298,55.4885,82.92263610315187,0.029286508226924933,BULLISH,RSI_HIGH,HIGH_VOLATILITY
2021-07-09,60.22,60.9,60.07,60.28,18510000.0,60.31,55.935,81.95033313143551,0.029322403957181255,BULLISH,RSI_HIGH,HIGH_VOLATILITY
2021-07-12,60.33,61.65,60.33,61.28,18020000.0,60.620000000000005,56.46999999999999,82.23017292784736,0.02884051971472792,BULLISH,RSI_HIGH,HIGH_VOLATILITY
2021-07-13,61.33,61.6,60.05,60.55,15530000.0,60.660000000000004,56.986000000000004,68.5593220338983,0.02901591237263598,BULLISH,RSI_NORMAL,HIGH_VOLATILITY
2021-07-14,60.37,61.55,60.27,61.38,18420000.0,60.742000000000004,57.56,68.42553191489363,0.02876822899741118,BULLISH,RSI_NORMAL,HIGH_VOLATILITY
2021-07-15,61.38,61.47,59.82,59.98,14670000.0,60.694,58.123000000000005,56.95029486099409,0.028715974142886985,BULLISH,RSI_NORMAL,HIGH_VOLATILITY
2021-07-16,60.17,60.4,59.57,59.88,21220000.0,60.61400000000001,58.680499999999995,58.47750865051903,0.028755439170509947,BULLISH,RSI_NORMAL,HIGH_VOLATILITY
2021-07-19,59.83,62.58,59.22,62.0,45410000.0,60.758,59.294,64.12556053811659,0.029211133927082814,BULLISH,RSI_NORMAL,HIGH_VOLATILITY
2021-07-20,62.22,62.25,60.08,60.4,21900000.0,60.727999999999994,59.790499999999994,53.85724585436193,0.03035573447075897,BULLISH,RSI_NORMAL,HIGH_VOLATILITY
2021-07-22,60.7,61.58,60.67,61.5,14280000.0,60.751999999999995,60.057,49.80392156862746,0.018387893096393982,BULLISH,RSI_NORMAL,LOW_VOLATILITY
2021-07-23,61.4,61.73,60.53,60.88,12770000.0,60.932,60.2485,52.74086378737543,0.018480997902613833,BULLISH,RSI_NORMAL,LOW_VOLATILITY
2021-07-26,60.88,61.67,60.07,61.53,13750000.0,61.262,60.40849999999999,57.37704918032788,0.018025440070762004,BULLISH,RSI_NORMAL,LOW_VOLATILITY
2021-07-27,61.53,61.75,60.6,61.02,14440000.0,61.06600000000001,60.5635,52.77088502894955,0.01806385250823552,BULLISH,RSI_NORMAL,LOW_VOLATILITY
2021-07-28,61.0,63.87,60.83,63.32,48270000.0,61.65000000000001,60.81850000000001,58.53304284676833,0.01968305528327827,BULLISH,RSI_NORMAL,LOW_VOLATILITY
2021-07-29,63.65,63.9,62.65,62.93,27430000.0,61.936000000000014,60.99849999999999,60.104399701715145,0.019500524447176436,BULLISH,RSI_NORMAL,LOW_VOLATILITY
2021-07-30,62.82,62.82,60.83,61.55,28760000.0,62.07000000000001,60.9985,54.310930074677515,0.01849782053833165,BULLISH,RSI_NORMAL,LOW_VOLATILITY
2021-08-02,61.67,62.33,61.15,61.27,21080000.0,62.01800000000001,61.051,49.96431120628124,0.017822106696475194,BULLISH,RSI_NORMAL,LOW_VOLATILITY
2021-08-03,61.27,61.63,60.52,60.75,17660000.0,61.96400000000001,61.102,50.724637681159436,0.017831740307766106,BEARISH,RSI_NORMAL,LOW_VOLATILITY
2021-08-04,60.83,61.6,58.27,58.48,38350000.0,60.996,61.008500000000005,40.48556430446192,0.019616277138609178,BEARISH,RSI_NORMAL,LOW_VOLATILITY
2021-08-05,58.67,59.7,58.03,58.87,33070000.0,60.184000000000005,60.903499999999994,46.0997891777934,0.019519799049683213,BEARISH,RSI_NORMAL,LOW_VOLATILITY
2021-08-06,58.97,59.93,58.33,58.47,23810000.0,59.568000000000005,60.815999999999995,45.14796971782518,0.01939893799510497,BEARISH,RSI_NORMAL,LOW_VOLATILITY
2021-08-09,55.0,57.63,54.12,57.05,110820000.0,58.724000000000004,60.6545,32.10412147505423,0.020054431872926024,BEARISH,RSI_NORMAL,HIGH_VOLATILITY
2021-08-10,57.05,58.07,55.9,56.42,32690000.0,57.858000000000004,60.411500000000004,34.52566096423017,0.019612772006683793,BEARISH,RSI_NORMAL,LOW_VOLATILITY
2021-08-11,56.42,57.57,55.1,57.42,27240000.0,57.646,60.25500000000001,34.01253918495297,0.02009250518216663,BEARISH,RSI_NORMAL,HIGH_VOLATILITY
2021-08-12,57.3,58.08,56.67,57.95,17970000.0,57.462,60.083499999999994,38.437253354380424,0.019927157619332826,BEARISH,RSI_NORMAL,LOW_VOLATILITY
2021-08-13,58.07,58.53,57.52,58.17,27820000.0,57.402,59.992999999999995,36.27450980392157,0.019393814214885008,BEARISH,RSI_NORMAL,LOW_VOLATILITY
2021-08-16,58.05,58.52,57.48,58.12,12560000.0,57.61600000000001,59.90500000000001,37.69100169779284,0.019393965587159195,BEARISH,RSI_NORMAL,LOW_VOLATILITY
2021-08-17,58.03,58.83,57.43,58.68,18040000.0,58.068000000000005,59.739,26.892430278884476,0.017599258553233375,BEARISH,RSI_LOW,LOW_VOLATILITY
2021-08-18,58.7,60.62,57.75,58.03,34210000.0,58.19000000000001,59.62049999999999,26.21359223300972,0.016870150465136204,BEARISH,RSI_LOW,LOW_VOLATILITY
2021-08-20,57.3,58.3,56.77,57.02,15540000.0,58.004,59.39649999999999,27.190332326284008,0.016515490897485694,BEARISH,RSI_LOW,LOW_VOLATILITY
2021-08-23,57.47,58.97,56.38,58.38,26690000.0,58.04600000000001,59.2715,36.8755676657584,0.0175312055109737,BEARISH,RSI_NORMAL,LOW_VOLATILITY
2021-08-24,58.33,59.48,58.13,59.22,14930000.0,58.266000000000005,59.156000000000006,43.24801412180053,0.017690811374207683,BULLISH,RSI_NORMAL,LOW_VOLATILITY
2021-08-25,59.1,60.18,59.1,59.98,16570000.0,58.525999999999996,59.104,57.63747454175153,0.01790984963083804,BULLISH,RSI_NORMAL,LOW_VOLATILITY
2021-08-26,60.12,60.73,59.8,60.43,21300000.0,59.00600000000001,58.959500000000006,57.89473684210528,0.015630275863434434,BULLISH,RSI_NORMAL,LOW_VOLATILITY
2021-08-27,60.5,62.0,60.43,61.77,28170000.0,59.956,58.90150000000001,65.24953789279115,0.016513188911594947,BULLISH,RSI_NORMAL,LOW_VOLATILITY
2021-08-30,61.63,62.25,61.23,61.35,13620000.0,60.55,58.89149999999999,71.8940936863544,0.015826555136113217,BULLISH,RSI_HIGH,LOW_VOLATILITY
2021-08-31,61.3,62.47,61.22,62.22,21600000.0,61.15,58.939,78.82703777335982,0.016097718083517773,BULLISH,RSI_HIGH,LOW_VOLATILITY
2021-09-01,62.4,64.12,62.18,63.28,26940000.0,61.81,59.0655,78.95256916996046,0.016325024725815998,BULLISH,RSI_HIGH,LOW_VOLATILITY
2021-09-02,63.58,64.15,63.25,63.38,25660000.0,62.4,59.310500000000005,78.01857585139317,0.013426298930588488,BULLISH,RSI_HIGH,LOW_VOLATILITY
2021-09-03,64.0,66.52,63.52,66.2,52170000.0,63.286000000000016,59.677,82.66883645240031,0.01618522306581597,BULLISH,RSI_HIGH,LOW_VOLATILITY
2021-09-06,67.08,67.63,64.92,65.15,36370000.0,64.046,60.011,76.44845748683224,0.016682021773799106,BULLISH,RSI_HIGH,LOW_VOLATILITY
2021-09-07,65.15,66.0,64.45,64.77,15880000.0,64.55600000000001,60.397000000000006,73.2265446224256,0.015406225768911678,BULLISH,RSI_HIGH,LOW_VOLATILITY
2021-09-08,65.33,66.47,64.75,65.7,19290000.0,65.04,60.861000000000004,78.6407766990291,0.014925370338786012,BULLISH,RSI_HIGH,LOW_VOLATILITY
2021-09-09,65.58,66.42,65.17,65.68,11580000.0,65.5,61.274,84.91935483870965,0.01483526425782836,BULLISH,RSI_HIGH,LOW_VOLATILITY
2021-09-13,65.83,66.22,65.22,65.5,10520000.0,65.36000000000001,61.65150000000001,81.72905525846696,0.014974842103399702,BULLISH,RSI_HIGH,LOW_VOLATILITY
2021-09-14,65.15,68.0,64.9,67.47,29010000.0,65.824,62.116499999999995,83.40080971659913,0.015874409519858676,BULLISH,RSI_HIGH,LOW_VOLATILITY
2021-09-15,67.95,69.6,67.57,69.27,35240000.0,66.724,62.674,84.690067214339,0.016294275471000114,BULLISH,RSI_HIGH,LOW_VOLATILITY
2021-09-16,69.3,69.67,68.25,68.52,12380000.0,67.28800000000001,63.16600000000001,79.54711468224977,0.016880113626505173,BULLISH,RSI_HIGH,LOW_VOLATILITY
2021-09-17,68.62,69.12,66.9,68.43,16040000.0,67.83800000000001,63.686,76.76848874598072,0.01643731418540708,BULLISH,RSI_HIGH,LOW_VOLATILITY
2021-09-20,67.5,68.65,67.02,67.2,12240000.0,68.17800000000001,64.195,72.0754716981132,0.016484824484542127,BULLISH,RSI_HIGH,LOW_VOLATILITY
2021-09-21,67.2,69.08,67.2,68.15,20780000.0,68.314,64.68350000000001,72.2430607651913,0.016144424448316007,BULLISH,RSI_HIGH,LOW_VOLATILITY
2021-09-22,68.13,68.95,67.93,68.65,9670000.0,68.19000000000001,65.155,71.02584181675803,0.016071855887951736,BULLISH,RSI_HIGH,LOW_VOLATILITY
2021-09-23,69.0,70.23,68.85,69.15,19380000.0,68.316,65.6135,71.90584662110858,0.016023428526282024,BULLISH,RSI_HIGH,LOW_VOLATILITY
2021-09-24,69.33,70.17,67.87,68.5,17280000.0,68.33000000000001,66.017,60.454545454545425,0.01644998325366643,BULLISH,RSI_NORMAL,LOW_VOLATILITY
2021-09-27,68.7,69.9,67.58,68.0,10320000.0,68.49000000000001,66.32849999999999,63.63636363636359,0.016283140806394602,BULLISH,RSI_NORMAL,LOW_VOLATILITY
2021-09-28,68.33,70.82,68.05,70.12,29930000.0,68.884,66.76700000000001,71.94421657095981,0.017038762388894783,BULLISH,RSI_HIGH,LOW_VOLATILITY
2021-09-29,70.3,70.8,67.9,68.38,27380000.0,68.83,67.075,60.307692307692264,0.018336190665866538,BULLISH,RSI_NORMAL,LOW_VOLATILITY
2021-09-30,68.67,69.18,67.23,67.65,34240000.0,68.53,67.29350000000001,57.18453683442742,0.01841685493018159,BULLISH,RSI_NORMAL,LOW_VOLATILITY
2021-10-01,66.67,68.08,66.38,67.25,22070000.0,68.28,67.487,56.28140703517588,0.018533889593214694,BEARISH,RSI_NORMAL,LOW_VOLATILITY
2021-10-04,67.33,68.7,67.25,68.6,16629999.999999998,68.4,67.607,54.2449286250939,0.016339993198948476,BULLISH,RSI_NORMAL,LOW_VOLATILITY
2021-10-05,68.93,69.22,68.18,68.62,18730000.0,68.1,67.7805,47.18126626192546,0.015805950450964702,BULLISH,RSI_NORMAL,LOW_VOLATILITY
2021-10-06,68.63,69.5,66.0,66.43,15620000.0,67.71000000000001,67.8635,41.94294525828841,0.017530322177604234,BEARISH,RSI_NORMAL,LOW_VOLATILITY
2021-10-07,67.0,67.93,66.83,67.7,7590000.0,67.72,67.9635,47.42049469964664,0.017746292784545963,BEARISH,RSI_NORMAL,LOW_VOLATILITY
2021-10-08,67.67,67.88,66.47,66.72,9880000.0,67.614,68.0155,48.27338129496402,0.018107653004228504,BEARISH,RSI_NORMAL,LOW_VOLATILITY
2021-10-11,66.72,70.33,66.72,69.53,21750000.0,67.8,68.217,54.37817258883247,0.020275839713750902,BULLISH,RSI_NORMAL,HIGH_VOLATILITY
2021-10-12,69.57,70.57,68.18,70.08,18330000.0,68.09200000000001,68.3475,54.522454142947474,0.019311379041657906,BULLISH,RSI_NORMAL,LOW_VOLATILITY
2021-10-13,70.37,71.32,69.03,69.55,16860000.0,68.71600000000001,68.3615,51.26262626262623,0.01851690156516055,BULLISH,RSI_NORMAL,LOW_VOLATILITY
2021-10-14,69.77,70.88,69.68,70.18,15400000.0,69.21200000000002,68.44449999999999,55.30973451327435,0.01841799213986755,BULLISH,RSI_NORMAL,LOW_VOLATILITY
2021-10-18,68.42,73.83,68.33,72.38,40080000.0,70.34400000000001,68.64200000000001,62.49999999999998,0.019580002792477444,BULLISH,RSI_NORMAL,LOW_VOLATILITY
2021-10-19,73.07,73.07,68.58,68.95,15420000.0,70.22800000000001,68.7295,46.89325544344131,0.022170939805431628,BULLISH,RSI_NORMAL,HIGH_VOLATILITY
2021-10-20,68.95,70.07,67.62,68.27,16079999.999999998,69.86600000000001,68.7355,49.690489589195266,0.0221014947684948,BEARISH,RSI_NORMAL,HIGH_VOLATILITY
2021-10-21,68.62,69.0,67.68,68.13,15710000.0,69.58200000000001,68.7095,51.39697322467983,0.022044250474905023,BEARISH,RSI_NORMAL,HIGH_VOLATILITY
2021-10-22,68.37,68.97,66.67,67.15,10290000.0,68.976,68.6095,49.71846846846849,0.02219169826992326,BEARISH,RSI_NORMAL,HIGH_VOLATILITY
2021-10-25,67.5,67.5,64.58,67.1,13210000.0,67.92,68.5395,45.44349939246659,0.022108278134136516,BEARISH,RSI_NORMAL,HIGH_VOLATILITY
2021-10-26,67.1,69.08,67.03,68.73,9510000.0,67.876,68.576,50.304371887105695,0.022739015832026546,BULLISH,RSI_NORMAL,HIGH_VOLATILITY
2021-10-27,68.82,69.92,68.68,69.02,9490000.0,68.026,68.52099999999999,58.008658008657974,0.021613518071771424,BULLISH,RSI_NORMAL,HIGH_VOLATILITY
2021-10-28,69.02,69.28,66.63,66.77,11430000.0,67.75399999999999,68.4405,47.28862973760931,0.022136910045322117,BEARISH,RSI_NORMAL,HIGH_VOLATILITY
2021-10-29,65.93,72.95,61.15,68.95,95300000.0,68.114,68.5055,56.076294277929165,0.023228740100591092,BULLISH,RSI_NORMAL,HIGH_VOLATILITY
2021-11-01,69.23,69.6,65.43,66.85,23950000.0,68.064,68.4855,42.40362811791382,0.02425066745020091,BEARISH,RSI_NORMAL,HIGH_VOLATILITY
2021-11-02,67.33,67.87,65.75,66.87,19610000.0,67.69200000000001,68.399,40.619520748100555,0.023787040677769072,BEARISH,RSI_NORMAL,HIGH_VOLATILITY
2021-11-03,67.32,68.75,66.48,66.78,25310000.0,67.244,68.30699999999999,41.691661667666494,0.023785154287925343,BEARISH,RSI_NORMAL,HIGH_VOLATILITY
2021-11-04,67.4,67.43,67.1,67.28,1430000.0,67.346,68.3495,41.23337363966142,0.02270475116142297,BEARISH,RSI_NORMAL,HIGH_VOLATILITY
2021-11-08,67.18,71.1,67.18,70.82,35890000.0,67.72,68.50550000000001,45.63758389261746,0.025217369963850576,BULLISH,RSI_NORMAL,HIGH_VOLATILITY
2021-11-09,70.82,74.73,70.82,73.6,51760000.0,69.07000000000001,68.8495,63.493905977945396,0.026152111283131215,BULLISH,RSI_NORMAL,HIGH_VOLATILITY
2021-11-10,73.63,73.8,72.98,73.23,15950000.0,70.342,69.03450000000001,64.65721040189126,0.02474013686777541,BULLISH,RSI_NORMAL,HIGH_VOLATILITY
2021-11-11,73.25,75.0,73.17,74.43,23430000.0,71.872,69.25200000000001,67.51946607341492,0.02490281540241957,BULLISH,RSI_NORMAL,HIGH_VOLATILITY
2021-11-12,75.17,76.0,74.03,74.53,23130000.0,73.322,69.501,71.57894736842101,0.02477748127325123,BULLISH,RSI_HIGH,HIGH_VOLATILITY
2021-11-15,74.92,75.33,73.58,74.22,8600000.0,74.002,69.703,70.50691244239631,0.02480483701941897,BULLISH,RSI_HIGH,HIGH_VOLATILITY
2021-11-16,74.15,74.67,72.23,72.6,8029999.999999999,73.802,69.714,61.15273775216134,0.0244644674311052,BULLISH,RSI_NORMAL,HIGH_VOLATILITY
2021-11-17,72.57,72.6,71.02,71.82,18080000.0,73.52000000000001,69.85749999999999,57.84753363228698,0.021935785536267575,BULLISH,RSI_NORMAL,HIGH_VOLATILITY
2021-11-18,71.85,72.5,69.47,69.62,28770000.0,72.558,69.925,58.01011804384488,0.02300580594600585,BEARISH,RSI_NORMAL,HIGH_VOLATILITY
2021-11-22,69.97,70.13,66.92,67.67,17240000.0,71.18599999999999,69.902,46.35535307517085,0.023914860514781165,BEARISH,RSI_NORMAL,HIGH_VOLATILITY
2021-11-23,67.83,70.55,67.57,70.33,17090000.0,70.408,70.061,59.602649006622535,0.025202346595323583,BULLISH,RSI_NORMAL,HIGH_VOLATILITY
2021-11-24,70.7,70.98,69.0,69.45,11480000.0,69.778,70.17850000000001,56.796628029504745,0.025421342813937285,BEARISH,RSI_NORMAL,HIGH_VOLATILITY
2021-11-25,69.45,70.87,68.55,70.55,9880000.0,69.52400000000002,70.26950000000001,59.42971485742872,0.025099913779049035,BULLISH,RSI_NORMAL,HIGH_VOLATILITY
2021-11-26,69.5,70.12,65.53,66.07,22880000.0,68.814,70.122,47.47601168126823,0.02899428310030232,BEARISH,RSI_NORMAL,HIGH_VOLATILITY
2021-11-29,65.42,67.1,62.93,65.75,14850000.0,68.43,70.071,37.78313253012048,0.02809178947556243,BEARISH,RSI_NORMAL,HIGH_VOLATILITY
2021-11-30,65.75,68.43,65.73,67.92,32270000.000000004,67.94800000000001,70.01950000000001,35.8987090367428,0.02811383341906366,BEARISH,RSI_NORMAL,HIGH_VOLATILITY
2021-12-01,68.0,68.77,67.17,68.62,14140000.0,67.782,70.10799999999999,38.73961895456765,0.027283634118247326,BEARISH,RSI_NORMAL,HIGH_VOLATILITY
2021-12-02,68.03,68.93,67.42,68.63,13230000.0,67.398,70.196,34.95850622406634,0.027284059138181768,BEARISH,RSI_NORMAL,HIGH_VOLATILITY
2021-12-03,68.62,69.93,68.53,68.88,12480000.0,67.96,70.301,35.46062789500769,0.027277988450073096,BEARISH,RSI_NORMAL,HIGH_VOLATILITY
2021-12-06,68.88,70.4,68.88,69.28,14750000.0,68.666,70.401,37.34631147540983,0.027262471807620352,BEARISH,RSI_NORMAL,HIGH_VOLATILITY
2021-12-07,69.8,71.57,69.4,70.13,23280000.0,69.108,70.3665,43.41333333333332,0.02467596209772738,BEARISH,RSI_NORMAL,HIGH_VOLATILITY
2021-12-08,70.35,70.98,69.43,69.65,9460000.0,69.31400000000001,70.169,44.11924119241194,0.022884876688816756,BEARISH,RSI_NORMAL,HIGH_VOLATILITY
2021-12-09,68.7,69.78,68.07,69.25,12290000.0,69.43800000000002,69.97,48.88888888888887,0.022889592489102262,BEARISH,RSI_NORMAL,HIGH_VOLATILITY
2021-12-10,69.2,70.28,68.37,68.52,18280000.0,69.36600000000001,69.6745,52.7543745949449,0.02250658393149218,BEARISH,RSI_NORMAL,HIGH_VOLATILITY
2021-12-13,68.93,70.47,68.73,69.65,27020000.0,69.44,69.4305,47.5539568345324,0.02294244542756093,BULLISH,RSI_NORMAL,HIGH_VOLATILITY
2021-12-14,69.8,70.97,69.55,69.93,19440000.0,69.4,69.216,51.8045112781955,0.022995918885320783,BULLISH,RSI_NORMAL,HIGH_VOLATILITY
2021-12-15,69.83,70.12,68.8,69.33,14030000.0,69.33600000000001,69.0525,45.23437500000001,0.022603998655264197,BULLISH,RSI_NORMAL,HIGH_VOLATILITY
2021-12-16,69.67,70.27,68.52,69.07,23210000.0,69.3,68.91499999999999,67.48251748251747,0.02251644936867067,BULLISH,RSI_NORMAL,HIGH_VOLATILITY
2021-12-17,69.25,69.38,66.77,67.1,12550000.0,69.016,68.789,56.598240469208164,0.02237828211880761,BEARISH,RSI_NORMAL,HIGH_VOLATILITY
2021-12-20,66.97,66.97,63.88,65.08,16840000.0,68.102,68.65950000000001,35.91269841269842,0.022512910110585375,BEARISH,RSI_NORMAL,HIGH_VOLATILITY
2021-12-21,65.13,67.15,65.13,66.5,10880000.0,67.416,68.46799999999999,40.185185185185176,0.02113338074956341,BEARISH,RSI_NORMAL,HIGH_VOLATILITY
2021-12-22,66.83,68.07,66.83,67.8,8940000.0,67.11,68.3855,46.56741108354012,0.02155214683088262,BEARISH,RSI_NORMAL,HIGH_VOLATILITY
2021-12-23,68.13,69.92,68.13,69.63,8700000.0,67.22200000000001,68.3395,52.74323335771763,0.02214620238698542,BULLISH,RSI_NORMAL,HIGH_VOLATILITY
2021-12-24,69.4,69.57,67.47,68.02,9180000.0,67.40599999999999,68.437,45.76612903225805,0.017431390498514335,BEARISH,RSI_NORMAL,LOW_VOLATILITY
2021-12-27,68.0,69.15,67.17,68.98,8680000.0,68.186,68.5985,46.16410940627088,0.017577387614363754,BULLISH,RSI_NORMAL,LOW_VOLATILITY
2021-12-28,69.6,69.7,68.5,69.02,10370000.0,68.69,68.6535,47.83505154639173,0.01604935124441077,BULLISH,RSI_NORMAL,LOW_VOLATILITY
2021-12-29,68.97,70.97,68.97,69.9,24970000.0,69.11,68.7175,52.16234198270128,0.016133599548667922,BULLISH,RSI_NORMAL,LOW_VOLATILITY
2021-12-30,69.93,70.8,68.33,69.98,42200000.0,69.17999999999999,68.785,55.076495132127974,0.01613220357014425,BULLISH,RSI_NORMAL,LOW_VOLATILITY
2021-12-31,70.0,71.0,69.53,69.98,12680000.0,69.572,68.84,51.24528301886791,0.016122527733815232,BULLISH,RSI_NORMAL,LOW_VOLATILITY
2022-01-03,69.92,70.73,69.83,70.42,8970000.0,69.86,68.897,51.82699478001489,0.016130552073769136,BULLISH,RSI_NORMAL,LOW_VOLATILITY
2022-01-04,70.83,73.02,70.4,72.05,31340000.0,70.46600000000001,68.993,59.41828254847645,0.016705767442128556,BULLISH,RSI_NORMAL,LOW_VOLATILITY
2022-01-05,71.92,72.3,70.87,71.1,11960000.0,70.706,69.06550000000001,56.70852610707205,0.01693080209475193,BULLISH,RSI_NORMAL,LOW_VOLATILITY
2022-01-06,70.33,71.05,70.2,70.63,8820000.0,70.836,69.1345,62.949376375641975,0.016950534674803328,BULLISH,RSI_NORMAL,LOW_VOLATILITY
2022-01-07,70.63,71.32,69.17,69.35,12980000.0,70.71000000000001,69.176,66.56322730799067,0.01730616561925522,BULLISH,RSI_NORMAL,LOW_VOLATILITY
2022-01-10,69.65,70.5,69.33,70.28,9410000.0,70.68199999999999,69.20750000000001,65.24193548387098,0.017171799110177115,BULLISH,RSI_NORMAL,LOW_VOLATILITY
2022-01-11,70.33,70.72,69.52,70.15,10020000.0,70.302,69.21849999999999,60.46304541406949,0.01716025979054165,BULLISH,RSI_NORMAL,LOW_VOLATILITY
2022-01-12,70.33,70.65,69.6,70.2,7790000.0,70.122,69.262,53.01587301587305,0.017032576892720794,BULLISH,RSI_NORMAL,LOW_VOLATILITY
2022-01-13,70.63,70.77,69.08,69.85,12140000.0,69.96600000000001,69.301,61.17216117216115,0.017052033619613622,BULLISH,RSI_NORMAL,LOW_VOLATILITY
2022-01-14,69.7,74.03,69.47,73.37,27460000.0,70.77000000000001,69.61449999999999,70.41860465116277,0.01895814645695118,BULLISH,RSI_HIGH,LOW_VOLATILITY
2022-01-17,74.0,74.27,71.93,72.17,28840000.0,71.148,69.96900000000001,63.224181360201506,0.017848548315877975,BULLISH,RSI_NORMAL,LOW_VOLATILITY
2022-01-18,72.77,72.83,69.2,69.45,17940000.0,71.00800000000001,70.1165,48.36363636363635,0.019808156653019316,BEARISH,RSI_NORMAL,LOW_VOLATILITY
2022-01-19,69.72,70.13,68.33,69.38,30380000.0,70.84400000000001,70.19550000000001,47.81659388646286,0.019398276734919128,BEARISH,RSI_NORMAL,LOW_VOLATILITY
2022-01-20,69.67,70.93,69.15,70.78,20280000.0,71.03,70.253,52.642007926023766,0.018979254956883553,BULLISH,RSI_NORMAL,LOW_VOLATILITY
2022-01-21,70.47,70.55,68.33,68.98,17720000.0,70.15200000000002,70.301,45.636363636363654,0.019139964933299426,BEARISH,RSI_NORMAL,LOW_VOLATILITY
2022-01-24,68.98,69.58,65.02,65.77,20030000.0,68.872,70.1405,32.6327433628319,0.021580776299096886,BEARISH,RSI_NORMAL,HIGH_VOLATILITY
2022-01-25,65.43,68.5,64.73,68.07,29720000.0,68.596,70.09299999999999,42.202779207411226,0.023125264317697868,BEARISH,RSI_NORMAL,HIGH_VOLATILITY
2022-01-27,67.3,68.77,66.05,68.3,23800000.0,68.38000000000001,70.013,43.92912975508079,0.0229381536243393,BEARISH,RSI_NORMAL,HIGH_VOLATILITY
2022-01-28,68.92,70.33,68.45,69.03,24670000.0,68.03,69.9655,49.14163090128757,0.02308190425974393,BEARISH,RSI_NORMAL,HIGH_VOLATILITY
2022-01-31,71.57,73.25,69.22,69.9,53780000.0,68.214,69.9615,48.97739504843919,0.023265578623086747,BEARISH,RSI_NORMAL,HIGH_VOLATILITY
2022-02-01,70.55,70.82,67.78,69.13,29400000.0,68.886,69.897,47.34651404786678,0.02334886181929131,BEARISH,RSI_NORMAL,HIGH_VOLATILITY
2022-02-02,69.85,70.73,69.5,70.25,30210000.0,69.322,69.807,50.12321340561852,0.023025469699204926,BULLISH,RSI_NORMAL,HIGH_VOLATILITY
2022-02-03,70.33,70.48,69.18,69.32,11560000.0,69.52600000000001,69.71799999999999,48.73023478677528,0.023026951482900206,BEARISH,RSI_NORMAL,HIGH_VOLATILITY
2022-02-04,69.82,69.87,68.12,68.27,17930000.0,69.374,69.6,36.14130434782611,0.023214482094776834,BEARISH,RSI_NORMAL,HIGH_VOLATILITY
2022-02-07,68.3,68.6,66.53,67.37,18330000.0,68.86800000000001,69.501,36.74033149171274,0.02305339191930663,BEARISH,RSI_NORMAL,HIGH_VOLATILITY
2022-02-08,67.4,67.97,65.47,66.5,26280000.0,68.34200000000001,69.31199999999998,40.923076923076934,0.0229267547155027,BEARISH,RSI_NORMAL,HIGH_VOLATILITY
2022-02-09,66.47,67.75,66.03,67.53,15310000.0,67.798,69.18100000000001,44.62521789657178,0.02327819774746737,BEARISH,RSI_NORMAL,HIGH_VOLATILITY
2022-02-10,67.65,68.25,66.83,67.6,12100000.0,67.454,69.051,39.98740554156171,0.023280036009671806,BEARISH,RSI_NORMAL,HIGH_VOLATILITY
2022-02-11,66.95,67.88,66.62,66.78,11510000.0,67.15599999999999,68.89750000000001,42.61744966442953,0.0233888286437541,BEARISH,RSI_NORMAL,HIGH_VOLATILITY
2022-02-14,65.67,66.47,64.28,65.3,31960000.0,66.74199999999999,68.494,48.215641609719064,0.0202537019604882,BEARISH,RSI_NORMAL,HIGH_VOLATILITY
2022-02-15,65.4,66.47,64.2,66.32,10750000.0,66.70599999999999,68.2015,42.640874684608924,0.020619832537896097,BEARISH,RSI_NORMAL,HIGH_VOLATILITY
2022-02-16,66.58,67.12,65.52,66.33,13420000.0,66.46600000000001,68.0455,41.55955441302487,0.019043111563616554,BEARISH,RSI_NORMAL,LOW_VOLATILITY
2022-02-17,66.42,68.22,66.15,67.0,19170000.0,66.346,67.9265,41.257536606373826,0.019238339890607487,BEARISH,RSI_NORMAL,LOW_VOLATILITY
2022-02-18,66.67,67.2,66.33,66.67,10620000.0,66.324,67.721,35.41102077687444,0.01855157148348485,BEARISH,RSI_NORMAL,LOW_VOLATILITY
2022-02-21,66.0,67.28,65.62,66.05,10470000.0,66.474,67.5745,35.89743589743591,0.017854446957474904,BEARISH,RSI_NORMAL,LOW_VOLATILITY
2022-02-22,65.0,66.7,64.45,65.78,20410000.0,66.36600000000001,67.575,27.80536246276067,0.014489650432072577,BEARISH,RSI_LOW,LOW_VOLATILITY
2022-02-23,65.8,66.85,65.8,66.33,10150000.0,66.36600000000001,67.488,34.571723426212586,0.012153221525818316,BEARISH,RSI_NORMAL,LOW_VOLATILITY
2022-02-24,65.23,65.58,62.33,62.62,24920000.0,65.49000000000001,67.20400000000001,27.125506072874472,0.017171416031539877,BEARISH,RSI_LOW,LOW_VOLATILITY
2022-02-25,64.28,67.05,63.97,66.72,22460000.0,65.5,67.0885,47.90996784565914,0.023037596327184544,BEARISH,RSI_NORMAL,HIGH_VOLATILITY
2022-02-28,65.68,70.5,65.4,70.15,35590000.0,66.32000000000001,67.101,60.077305356156835,0.025757117747152194,BULLISH,RSI_NORMAL,HIGH_VOLATILITY
2022-03-02,69.18,73.2,69.18,72.0,51610000.0,67.56400000000001,67.24449999999999,61.806656101426306,0.026230488950036653,BULLISH,RSI_NORMAL,HIGH_VOLATILITY
2022-03-03,72.67,73.32,70.88,71.68,28630000.0,68.63399999999999,67.316,60.63607924921797,0.02606280587997292,BULLISH,RSI_NORMAL,HIGH_VOLATILITY
2022-03-04,71.33,74.92,70.85,71.63,46130000.0,70.436,67.4315,63.17218902770231,0.02584386182004435,BULLISH,RSI_NORMAL,HIGH_VOLATILITY
2022-03-07,70.93,72.8,68.85,71.42,38240000.0,71.376,67.589,67.852975495916,0.025561223370869416,BULLISH,RSI_NORMAL,HIGH_VOLATILITY
2022-03-08,72.15,72.58,69.4,71.0,20460000.0,71.546,67.7705,64.14752116082227,0.025375919412890312,BULLISH,RSI_NORMAL,HIGH_VOLATILITY
2022-03-09,71.47,75.12,71.07,74.15,30250000.0,71.97600000000001,68.15299999999999,69.8678861788618,0.026691855078092873,BULLISH,RSI_NORMAL,HIGH_VOLATILITY
2022-03-10,75.12,75.5,71.88,72.25,37330000.0,72.09,68.389,62.553802008608315,0.027477506931378046,BULLISH,RSI_NORMAL,HIGH_VOLATILITY
2022-03-11,72.75,72.93,71.37,71.6,29350000.0,72.084,68.589,61.61092793217143,0.027620651517079552,BULLISH,RSI_NORMAL,HIGH_VOLATILITY
2022-03-14,72.0,72.03,69.73,69.93,28490000.0,71.786,68.7465,58.70736086175945,0.028058381416161206,BULLISH,RSI_NORMAL,HIGH_VOLATILITY
2022-03-15,69.33,70.05,67.75,68.52,23330000.0,71.29,68.9075,55.849701110162236,0.027968643671016678,BEARISH,RSI_NORMAL,HIGH_VOLATILITY
2022-03-16,69.63,69.97,68.87,69.67,23660000.0,70.39399999999999,69.075,56.95253955037468,0.02799794980139151,BULLISH,RSI_NORMAL,HIGH_VOLATILITY
2022-03-17,70.07,70.6,69.0,69.8,36270000.0,69.904,69.2485,67.56360078277885,0.027991919672452358,BULLISH,RSI_NORMAL,HIGH_VOLATILITY
2022-03-21,70.0,71.47,68.97,69.63,38410000.0,69.51,69.38,58.81284070260446,0.027963032935592304,BULLISH,RSI_NORMAL,HIGH_VOLATILITY
2022-03-22,69.77,70.22,68.33,69.93,19630000.0,69.51,69.54299999999999,49.17787742899851,0.027913739130123575,BULLISH,RSI_NORMAL,HIGH_VOLATILITY
2022-03-23,71.3,71.3,68.95,69.13,33280000.0,69.63199999999999,69.697,38.36171938361721,0.027966448198545615,BEARISH,RSI_NORMAL,HIGH_VOLATILITY
2022-03-24,68.63,69.68,68.08,69.17,15610000.0,69.53200000000001,69.8665,39.58506224066393,0.027926721750510846,BEARISH,RSI_NORMAL,HIGH_VOLATILITY
2022-03-25,69.37,69.4,68.32,68.67,22410000.0,69.306,69.9835,38.16000000000006,0.027983264154957464,BEARISH,RSI_NORMAL,HIGH_VOLATILITY
2022-03-28,68.67,68.93,67.85,68.35,13460000.0,69.05,70.27,37.827121332276,0.024521076211010667,BEARISH,RSI_NORMAL,HIGH_VOLATILITY
2022-03-29,68.67,69.53,68.5,69.13,12100000.0,68.89,70.3905,42.7910562837317,0.020034400289479587,BEARISH,RSI_NORMAL,HIGH_VOLATILITY
2022-03-30,70.63,70.63,69.22,69.48,22180000.0,68.96000000000001,70.357,27.040314650934235,0.016357083067383423,BEARISH,RSI_LOW,LOW_VOLATILITY
2022-03-31,70.07,70.78,68.92,70.27,21740000.0,69.17999999999999,70.2705,39.07284768211924,0.015381903146936389,BEARISH,RSI_NORMAL,LOW_VOLATILITY
2022-04-01,70.32,72.33,70.08,71.7,45850000.0,69.786,70.2715,50.50813008130085,0.01608175163128588,BULLISH,RSI_NORMAL,LOW_VOLATILITY
2022-04-04,72.5,73.45,71.93,73.15,29430000.0,70.74600000000001,70.3475,66.73596673596663,0.016693450931479475,BULLISH,RSI_NORMAL,LOW_VOLATILITY
2022-04-05,73.8,74.57,72.5,72.87,29300000.0,71.494,70.42,75.61837455830377,0.01670626919531327,BULLISH,RSI_HIGH,LOW_VOLATILITY
2022-04-06,72.67,73.67,72.4,73.33,27770000.0,72.264,70.5365,73.46153846153832,0.01665910984114312,BULLISH,RSI_HIGH,LOW_VOLATILITY
2022-04-07,74.0,79.3,73.85,78.12,162900000.0,73.834,70.73499999999999,83.3868378812198,0.019836603570772618,BULLISH,RSI_HIGH,LOW_VOLATILITY
2022-04-08,79.57,80.73,78.32,79.87,86790000.0,75.468,71.116,86.46723646723638,0.01910889071036393,BULLISH,RSI_HIGH,LOW_VOLATILITY
2022-04-11,80.62,82.73,80.35,81.32,53100000.0,77.102,71.602,87.49177090190904,0.0190117624158171,BULLISH,RSI_HIGH,LOW_VOLATILITY
2022-04-12,81.32,82.13,79.15,80.8,34170000.0,78.688,72.1455,89.13480885311868,0.017959246880045292,BULLISH,RSI_HIGH,LOW_VOLATILITY
2022-04-13,81.35,83.42,81.35,82.37,35190000.0,80.49600000000001,72.838,90.14598540145984,0.016912795786418886,BULLISH,RSI_HIGH,LOW_VOLATILITY
2022-04-18,82.0,85.43,81.42,84.98,58070000.0,81.86800000000001,73.6035,93.96226415094337,0.01757163186263186,BULLISH,RSI_HIGH,LOW_VOLATILITY
2022-04-19,85.0,86.5,82.68,83.43,39190000.0,82.58,74.285,88.11931243680488,0.018613226511850774,BULLISH,RSI_HIGH,LOW_VOLATILITY
2022-04-20,84.23,85.2,83.53,84.43,31400000.0,83.202,75.025,88.25000000000003,0.018420379126565398,BULLISH,RSI_HIGH,LOW_VOLATILITY
2022-04-21,84.82,86.23,83.97,84.3,32100000.0,83.902,75.74350000000001,87.46208291203234,0.0185587150455191,BULLISH,RSI_HIGH,LOW_VOLATILITY
2022-04-22,84.15,85.55,83.62,83.88,14030000.0,84.204,76.48100000000001,85.05924781040699,0.01822756390288639,BULLISH,RSI_HIGH,LOW_VOLATILITY
2022-04-25,83.33,83.33,80.92,81.93,15990000.0,83.594,77.119,75.66482689412948,0.01959421696755756,BULLISH,RSI_HIGH,LOW_VOLATILITY
2022-04-26,82.35,84.47,82.33,83.5,16460000.0,83.60799999999999,77.8605,75.81047381546135,0.01935368357832805,BULLISH,RSI_HIGH,LOW_VOLATILITY
2022-04-27,82.52,82.98,80.95,82.17,13820000.0,83.156,78.5515,72.03791469194314,0.01995748359785146,BULLISH,RSI_HIGH,LOW_VOLATILITY
2022-04-28,83.33,83.33,81.17,82.22,9260000.0,82.74000000000001,79.20599999999999,71.48380860318997,0.02004718238644697,BULLISH,RSI_HIGH,HIGH_VOLATILITY
2022-04-29,82.58,83.28,78.92,79.52,21930000.0,81.86800000000001,79.708,53.76344086021504,0.022113504435856867,BEARISH,RSI_NORMAL,HIGH_VOLATILITY
2022-05-02,78.33,79.8,77.9,79.38,13940000.0,81.358,80.1635,48.5579752795762,0.022171787221348663,BEARISH,RSI_NORMAL,HIGH_VOLATILITY
2022-05-04,79.67,79.95,76.27,77.07,16040000.0,80.072,80.43199999999999,38.095238095238095,0.023258324728026924,BEARISH,RSI_NORMAL,HIGH_VOLATILITY
2022-05-05,78.28,79.47,77.33,78.3,18860000.0,79.298,80.6895,43.265086206896555,0.023119685764583457,BEARISH,RSI_NORMAL,HIGH_VOLATILITY
2022-05-06,77.42,78.08,75.75,76.05,16800000.0,78.064,80.8485,33.57588357588355,0.024190231773968764,BEARISH,RSI_NORMAL,HIGH_VOLATILITY
2022-05-09,75.0,75.72,73.83,75.17,23470000.0,77.19399999999999,80.9405,21.987435750999396,0.02436837397124658,BEARISH,RSI_LOW,HIGH_VOLATILITY
2022-05-10,75.0,76.47,74.03,74.3,13240000.0,76.178,80.7495,22.875816993464014,0.019313946181624755,BEARISH,RSI_LOW,LOW_VOLATILITY
2022-05-11,74.97,75.07,71.92,73.0,17540000.0,75.364,80.40599999999999,16.637478108581405,0.018675400827108248,BEARISH,RSI_LOW,LOW_VOLATILITY
2022-05-12,73.33,74.38,72.05,72.77,23450000.0,74.258,79.97850000000001,16.540917005223434,0.017918185548012684,BEARISH,RSI_LOW,LOW_VOLATILITY
2022-05-13,73.47,75.23,72.37,72.92,12120000.0,73.632,79.5845,17.688679245283026,0.017992748529075807,BEARISH,RSI_LOW,LOW_VOLATILITY
2022-05-16,72.93,75.85,72.1,75.62,15260000.0,73.72200000000001,79.247,32.18520609824958,0.019606222003005935,BEARISH,RSI_NORMAL,LOW_VOLATILITY
2022-05-17,76.27,77.97,75.38,77.58,17060000.0,74.378,78.877,33.646408839779,0.019088003510109135,BEARISH,RSI_NORMAL,LOW_VOLATILITY
2022-05-18,78.17,79.08,77.33,77.7,18880000.0,75.318,78.59049999999999,36.76731793960925,0.0188426095556088,BEARISH,RSI_NORMAL,LOW_VOLATILITY
2022-05-19,76.5,76.93,74.73,75.83,11180000.0,75.92999999999999,78.1605,32.92357028327099,0.019018659461422064,BEARISH,RSI_NORMAL,LOW_VOLATILITY
2022-05-20,77.0,79.45,76.52,78.32,17730000.0,77.00999999999999,77.86149999999999,46.756756756756744,0.020832380036491134,BULLISH,RSI_NORMAL,HIGH_VOLATILITY
2022-05-23,78.75,80.07,76.77,77.13,15410000.0,77.31199999999998,77.524,44.24552429667519,0.020995984991479654,BEARISH,RSI_NORMAL,HIGH_VOLATILITY
2022-05-24,73.33,77.78,73.03,77.22,36820000.0,77.24,77.2885,50.43277553375651,0.020520988338706442,BEARISH,RSI_NORMAL,HIGH_VOLATILITY
2022-05-25,77.33,78.48,75.17,75.45,12380000.0,76.78999999999999,76.886,42.025741466144396,0.020311697493745777,BEARISH,RSI_NORMAL,HIGH_VOLATILITY
2022-05-26,75.73,76.52,74.2,75.33,11310000.0,76.69000000000001,76.54400000000001,47.71283354510801,0.020152918514877532,BEARISH,RSI_NORMAL,HIGH_VOLATILITY
2022-05-27,76.67,77.55,75.73,76.97,11190000.0,76.41999999999999,76.28150000000001,55.45454545454544,0.02095515854996561,BULLISH,RSI_NORMAL,HIGH_VOLATILITY
2022-05-30,77.97,78.43,76.33,76.88,8330000.0,76.37,76.1495,58.20610687022899,0.019750461546004103,BULLISH,RSI_NORMAL,LOW_VOLATILITY
2022-05-31,77.13,78.65,76.55,78.25,13670000.0,76.576,76.09299999999999,66.62444585180492,0.02021677643095816,BULLISH,RSI_NORMAL,HIGH_VOLATILITY
2022-06-01,78.45,82.57,78.25,82.03,34360000.0,77.89200000000001,76.341,73.94002068252325,0.021805042053900683,BULLISH,RSI_HIGH,HIGH_VOLATILITY
2022-06-02,82.73,83.18,81.38,81.92,26050000.0,79.21,76.522,73.31606217616579,0.021620751282027353,BULLISH,RSI_HIGH,HIGH_VOLATILITY
2022-06-03,82.33,82.65,80.58,80.75,11060000.0,79.966,76.75699999999999,64.43444006752952,0.02074624769541066,BULLISH,RSI_NORMAL,HIGH_VOLATILITY
2022-06-06,80.3,81.78,79.43,81.13,13060000.0,80.816,77.055,60.96355775169856,0.020453282929910988,BULLISH,RSI_NORMAL,HIGH_VOLATILITY
2022-06-07,82.0,82.85,80.72,81.93,28240000.0,81.55199999999999,77.4365,62.537048014226436,0.020152615536958594,BULLISH,RSI_NORMAL,HIGH_VOLATILITY
2022-06-08,82.32,83.48,81.35,81.77,24620000.0,81.5,77.875,69.59102902374667,0.01952566773203941,BULLISH,RSI_NORMAL,LOW_VOLATILITY
2022-06-09,81.73,82.48,81.03,81.85,6650000.0,81.486,78.32900000000001,63.84313725490193,0.01944696548706596,BULLISH,RSI_NORMAL,LOW_VOLATILITY
2022-06-10,81.0,82.48,80.5,82.23,9890000.0,81.78200000000001,78.7945,71.35678391959796,0.019427487599415243,BULLISH,RSI_HIGH,LOW_VOLATILITY
2022-06-13,81.0,81.0,78.28,78.5,13060000.0,81.256,78.9385,54.10783055198972,0.021201351821874215,BEARISH,RSI_NORMAL,HIGH_VOLATILITY
2022-06-14,78.02,80.8,78.02,80.45,11700000.0,80.96000000000001,79.082,65.86294416243649,0.021138827151642375,BULLISH,RSI_NORMAL,HIGH_VOLATILITY
2022-06-15,81.03,81.22,79.62,80.05,9600000.0,80.616,79.1995,64.71321695760594,0.02119684519194395,BULLISH,RSI_NORMAL,HIGH_VOLATILITY
2022-06-16,80.4,81.3,77.03,77.47,12910000.0,79.74,79.28150000000001,51.47232037691401,0.021789485393281814,BEARISH,RSI_NORMAL,HIGH_VOLATILITY
2022-06-17,76.67,79.55,76.27,78.23,20330000.0,78.94,79.277,53.82436260623231,0.020611715175056385,BEARISH,RSI_NORMAL,HIGH_VOLATILITY
2022-06-20,78.33,78.75,74.57,75.72,12910000.0,78.38399999999999,79.20649999999999,43.267695582756794,0.021595817983459865,BEARISH,RSI_NORMAL,HIGH_VOLATILITY
2022-06-21,76.62,77.47,76.08,76.75,12810000.0,77.644,79.18299999999999,33.54114713216963,0.021830158567474035,BEARISH,RSI_NORMAL,HIGH_VOLATILITY
2022-06-22,76.38,76.65,75.02,75.28,11060000.0,76.69,79.1745,30.919540229885115,0.02163803358643216,BEARISH,RSI_NORMAL,HIGH_VOLATILITY
2022-06-23,75.6,76.1,75.02,75.63,9000000.0,76.322,79.1895,34.55971049457179,0.021657198678220257,BEARISH,RSI_NORMAL,HIGH_VOLATILITY
2022-06-24,76.32,77.97,76.1,77.83,9670000.0,76.24199999999999,79.23249999999999,41.032608695652215,0.022094287130422254,BEARISH,RSI_NORMAL,HIGH_VOLATILITY
2022-06-27,78.33,80.43,78.23,80.02,14980000.0,77.102,79.3895,45.17433046993429,0.02291431409940454,BULLISH,RSI_NORMAL,HIGH_VOLATILITY
2022-06-28,79.82,80.17,78.27,78.82,9500000.0,77.516,79.418,42.918867018723006,0.02291590697741851,BEARISH,RSI_NORMAL,HIGH_VOLATILITY
2022-06-29,78.3,79.23,78.07,78.7,20180000.0,78.2,79.2515,42.45328222328704,0.01997803973219676,BEARISH,RSI_NORMAL,LOW_VOLATILITY
2022-06-30,78.5,79.73,77.27,78.03,19570000.0,78.67999999999999,79.057,40.075614366729674,0.020032176942898838,BEARISH,RSI_NORMAL,HIGH_VOLATILITY
2022-07-01,77.67,78.5,75.75,76.6,15320000.0,78.434,78.8495,44.9628844114528,0.02018001891776097,BEARISH,RSI_NORMAL,HIGH_VOLATILITY
2022-07-04,76.23,77.55,75.65,76.57,13540000.0,77.744,78.6215,38.54781582054308,0.02011711260795886,BEARISH,RSI_NORMAL,HIGH_VOLATILITY
2022-07-05,77.27,78.3,76.03,76.4,14920000.0,77.25999999999999,78.345,39.078396169958125,0.019900487552098094,BEARISH,RSI_NORMAL,LOW_VOLATILITY
2022-07-06,76.6,77.23,74.72,77.02,21100000.0,76.924,78.1075,48.47457627118643,0.020062998263601018,BEARISH,RSI_NORMAL,HIGH_VOLATILITY
2022-07-07,77.17,79.28,77.03,78.88,19350000.0,77.09400000000001,77.95899999999999,52.050473186119845,0.02094213846878837,BULLISH,RSI_NORMAL,HIGH_VOLATILITY
2022-07-08,79.37,80.82,77.82,78.67,21180000.0,77.508,77.78099999999999,60.885608856088595,0.02089049711261331,BULLISH,RSI_NORMAL,HIGH_VOLATILITY
2022-07-11,78.6,79.47,77.93,78.25,10090000.0,77.844,77.76849999999999,55.79598145285936,0.018271226294188897,BULLISH,RSI_NORMAL,LOW_VOLATILITY
2022-07-12,77.83,78.93,76.73,77.42,12950000.0,78.048,77.617,58.69918699186994,0.01743480784696525,BEARISH,RSI_NORMAL,LOW_VOLATILITY
2022-07-13,77.3,78.43,77.0,77.82,12870000.0,78.208,77.5055,58.86639676113362,0.017484228628238074,BULLISH,RSI_NORMAL,LOW_VOLATILITY
2022-07-14,78.0,79.32,77.88,79.13,16880000.0,78.258,77.5885,55.67190226876092,0.016313974739228354,BULLISH,RSI_NORMAL,LOW_VOLATILITY
2022-07-15,79.17,82.23,79.13,81.83,24300000.0,78.89,77.76849999999999,57.560568086883904,0.01782593465921343,BULLISH,RSI_NORMAL,LOW_VOLATILITY
2022-07-18,83.25,86.93,83.05,84.82,114060000.0,80.204,78.2235,71.80232558139541,0.017438598864701862,BULLISH,RSI_HIGH,LOW_VOLATILITY
2022-07-19,84.53,86.22,84.02,85.05,30350000.0,81.72999999999999,78.6385,72.89113193943766,0.017353063665002597,BULLISH,RSI_HIGH,LOW_VOLATILITY
2022-07-20,86.03,86.17,84.33,84.97,16160000.0,83.16,79.12299999999999,76.1295180722892,0.01645768273915637,BULLISH,RSI_HIGH,LOW_VOLATILITY
2022-07-21,85.0,89.97,84.8,89.57,56210000.0,85.248,79.82,89.42249240121589,0.019627256789397897,BULLISH,RSI_HIGH,LOW_VOLATILITY
2022-07-22,89.95,90.03,88.47,88.93,28930000.0,86.668,80.375,86.22508792497085,0.01931347168458654,BULLISH,RSI_HIGH,LOW_VOLATILITY
2022-07-25,89.9,91.47,89.35,90.02,27480000.0,87.708,80.875,87.87541713014468,0.01870972232406255,BULLISH,RSI_HIGH,LOW_VOLATILITY
2022-07-26,90.25,90.33,87.67,88.97,16390000.0,88.49199999999999,81.3825,82.45518739815327,0.01852620756357558,BULLISH,RSI_HIGH,LOW_VOLATILITY
2022-07-27,89.42,91.28,89.27,91.05,26430000.0,89.708,82.0,82.66237251744506,0.018811970297937162,BULLISH,RSI_HIGH,LOW_VOLATILITY
2022-07-28,91.33,92.3,90.38,90.78,26790000.0,89.95,82.63749999999999,82.39700374531843,0.018603472993829057,BULLISH,RSI_HIGH,LOW_VOLATILITY
2022-07-29,91.33,92.1,90.67,91.73,14660000.0,90.50999999999999,83.39399999999999,85.06763787721133,0.017563750191079787,BULLISH,RSI_HIGH,LOW_VOLATILITY
2022-08-01,92.07,95.93,90.97,94.73,24180000.0,91.452,84.30199999999999,90.46283309957933,0.018161737424016996,BULLISH,RSI_HIGH,LOW_VOLATILITY
2022-08-02,95.3,95.68,93.03,94.0,32580000.0,92.458,85.18199999999999,87.2467771639043,0.018409293054949857,BULLISH,RSI_HIGH,LOW_VOLATILITY
2022-08-03,94.33,94.7,91.33,92.28,15700000.0,92.704,85.945,79.71079981924994,0.019509753219874127,BULLISH,RSI_HIGH,LOW_VOLATILITY
2022-08-04,92.75,95.83,91.98,94.72,39840000.0,93.492,86.737,79.46959304984001,0.019608305878892014,BULLISH,RSI_HIGH,LOW_VOLATILITY
2022-08-05,94.97,95.0,89.08,92.05,80360000.0,93.55600000000001,87.40599999999999,66.77494199535965,0.0211990234572346,BULLISH,RSI_NORMAL,HIGH_VOLATILITY
2022-08-08,91.82,94.53,91.6,93.95,21770000.0,93.4,88.191,69.1645133505599,0.021128375260089555,BULLISH,RSI_NORMAL,HIGH_VOLATILITY
2022-08-10,93.93,96.1,93.58,95.8,28970000.0,93.76,89.10999999999999,71.66866746698682,0.02070068174757515,BULLISH,RSI_HIGH,HIGH_VOLATILITY
2022-08-11,96.17,97.42,95.22,95.82,23050000.0,94.46799999999999,90.01,65.31112199902012,0.02080250143903832,BULLISH,RSI_NORMAL,HIGH_VOLATILITY
2022-08-12,96.0,97.38,95.73,97.03,13770000.0,94.92999999999999,90.905,69.30409914204003,0.020758029068850582,BULLISH,RSI_NORMAL,HIGH_VOLATILITY
2022-08-16,97.5,98.45,96.72,97.92,18330000.0,96.104,91.7095,69.00866217516844,0.01999638249670812,BULLISH,RSI_NORMAL,LOW_VOLATILITY
2022-08-17,98.42,98.57,96.87,97.12,12970000.0,96.738,92.3245,69.84900146127619,0.019265311147992608,BULLISH,RSI_NORMAL,LOW_VOLATILITY
2022-08-18,97.02,98.17,95.58,96.25,16129999.999999998,96.828,92.8845,63.457556935817806,0.01957522817205843,BULLISH,RSI_NORMAL,LOW_VOLATILITY
2022-08-19,96.5,97.4,94.45,95.03,17600000.0,96.67,93.3875,60.483473112974835,0.01997805964726326,BULLISH,RSI_NORMAL,LOW_VOLATILITY
2022-08-22,95.0,96.75,94.27,96.37,18810000.0,96.53800000000001,93.7275,61.22942884801548,0.01659972792080936,BULLISH,RSI_NORMAL,LOW_VOLATILITY
2022-08-23,95.77,99.87,95.63,99.48,30540000.0,96.85,94.25500000000001,61.43476167549349,0.017545328497495745,BULLISH,RSI_NORMAL,LOW_VOLATILITY
2022-08-24,100.0,100.3,97.17,98.02,20800000.0,97.03,94.655,59.34883720930232,0.01804739391548053,BULLISH,RSI_NORMAL,LOW_VOLATILITY
2022-08-25,98.52,99.77,98.35,98.9,22580000.0,97.56,95.1515,66.02129719264278,0.017665351321961304,BULLISH,RSI_NORMAL,LOW_VOLATILITY
2022-08-26,99.17,102.63,99.17,101.78,31350000.0,98.91,95.688,66.7298578199052,0.01801520105988131,BULLISH,RSI_NORMAL,LOW_VOLATILITY
2022-08-29,100.6,103.77,100.22,102.95,27830000.0,100.226,96.29650000000001,77.80612244897958,0.017937476240083974,BULLISH,RSI_HIGH,LOW_VOLATILITY
2022-08-30,103.77,103.95,101.05,102.17,25460000.0,100.76400000000001,96.8185,72.24025974025972,0.018177633229868054,BULLISH,RSI_HIGH,LOW_VOLATILITY
2022-09-01,102.28,106.93,102.0,106.6,33770000.0,102.48000000000002,97.412,75.64102564102562,0.01914537039714573,BULLISH,RSI_HIGH,LOW_VOLATILITY
2022-09-02,107.0,109.9,106.83,108.18,37020000.0,104.33600000000001,98.12100000000001,77.32095490716179,0.018952519197711824,BULLISH,RSI_HIGH,LOW_VOLATILITY
2022-09-05,109.28,109.63,108.12,109.3,24070000.0,105.84,98.97200000000001,77.23035952063913,0.017980120403465152,BULLISH,RSI_HIGH,LOW_VOLATILITY
2022-09-06,109.82,111.27,108.27,108.55,28360000.0,106.96,99.6635,73.73827601607857,0.01778699921622862,BULLISH,RSI_HIGH,LOW_VOLATILITY
2022-09-07,108.8,109.92,108.58,109.75,14020000.0,108.476,100.5485,77.70952172005262,0.01575040674956805,BULLISH,RSI_HIGH,LOW_VOLATILITY
2022-09-08,110.33,110.47,109.03,109.38,13820000.0,109.032,101.32000000000001,79.45266935845667,0.015727422388552955,BULLISH,RSI_HIGH,LOW_VOLATILITY
2022-09-09,109.67,110.93,109.23,109.38,16730000.0,109.272,101.999,84.05315614617936,0.015555836178235728,BULLISH,RSI_HIGH,LOW_VOLATILITY
2022-09-12,109.95,113.27,108.68,112.85,39070000.0,109.982,102.85049999999998,85.51724137931029,0.0164286286172848,BULLISH,RSI_HIGH,LOW_VOLATILITY
2022-09-13,113.5,113.87,111.68,111.93,18850000.0,110.65799999999999,103.59549999999999,79.62874821513564,0.016796144636784013,BULLISH,RSI_HIGH,LOW_VOLATILITY
2022-09-14,111.67,113.15,111.02,111.97,48840000.0,111.102,104.298,85.6049004594181,0.016859975056589746,BULLISH,RSI_HIGH,LOW_VOLATILITY
2022-09-15,114.65,114.65,108.6,111.1,25550000.0,111.446,104.997,81.15423901940756,0.01684143511743339,BULLISH,RSI_HIGH,LOW_VOLATILITY
2022-09-16,111.35,113.5,109.45,111.0,27680000.0,111.77000000000001,105.7345,77.44047619047622,0.01653622910206527,BULLISH,RSI_HIGH,LOW_VOLATILITY
2022-09-19,112.35,113.75,110.0,110.5,18500000.0,111.3,106.508,73.40359578425296,0.01611271023359591,BULLISH,RSI_HIGH,LOW_VOLATILITY
2022-09-20,111.5,112.1,110.0,110.2,13740000.0,110.954,107.19949999999999,75.65495207667736,0.016199145461159737,BULLISH,RSI_HIGH,LOW_VOLATILITY
2022-09-21,110.4,110.55,107.65,108.45,16930000.0,110.25,107.648,57.13184271395532,0.01579532483891904,BULLISH,RSI_NORMAL,LOW_VOLATILITY
2022-09-22,108.6,112.0,107.6,110.0,20700000.0,110.03,108.247,57.032457496136,0.015269279276103437,BULLISH,RSI_NORMAL,LOW_VOLATILITY
2022-09-23,110.55,111.0,106.1,106.65,15220000.0,109.16,108.63449999999997,41.26565589980226,0.01726513026456907,BEARISH,RSI_NORMAL,LOW_VOLATILITY
2022-09-26,105.0,105.0,99.5,100.7,41570000.0,107.2,108.5805,30.731467844869897,0.020816591448132634,BEARISH,RSI_NORMAL,HIGH_VOLATILITY
2022-09-27,101.25,101.85,98.45,99.75,28780000.0,105.11000000000001,108.42049999999999,25.14910536779321,0.020716877222973322,BEARISH,RSI_LOW,HIGH_VOLATILITY
2022-09-28,99.0,100.95,98.6,99.15,24890000.0,103.25,108.26950000000002,24.864864864864856,0.020695196945727697,BEARISH,RSI_LOW,HIGH_VOLATILITY
2022-09-29,99.9,100.7,98.35,99.0,74480000.0,101.05,107.8895,24.68292682926827,0.017833998500051327,BEARISH,RSI_LOW,LOW_VOLATILITY
2022-09-30,99.35,101.35,96.25,100.95,28500000.0,99.91,107.52799999999999,18.651211801896707,0.01812902889449953,BEARISH,RSI_LOW,LOW_VOLATILITY
2022-10-03,101.45,103.0,98.1,98.45,21410000.0,99.46000000000001,106.9855,17.217898832684796,0.018435731663889062,BEARISH,RSI_LOW,LOW_VOLATILITY
2022-10-04,100.25,102.45,99.85,102.05,14770000.0,99.92,106.6605,29.436152570480914,0.02063724572132406,BEARISH,RSI_LOW,HIGH_VOLATILITY
2022-10-06,102.95,105.0,102.4,104.65,20520000.0,101.02000000000001,106.4055,37.52417794970988,0.021388094889669258,BEARISH,RSI_NORMAL,HIGH_VOLATILITY
2022-10-07,105.2,106.5,104.0,106.25,20050000.0,102.47,106.249,41.3162705667276,0.021736530561538556,BULLISH,RSI_NORMAL,HIGH_VOLATILITY
2022-10-10,105.1,105.6,103.95,104.45,11510000.0,103.17,106.00250000000001,39.441535776614316,0.02201461824746566,BEARISH,RSI_NORMAL,HIGH_VOLATILITY
2022-10-11,105.0,105.4,102.55,103.05,11740000.0,104.09,105.5125,37.98319327731092,0.020638059892066924,BEARISH,RSI_NORMAL,HIGH_VOLATILITY
2022-10-12,102.65,103.45,101.0,103.25,6660000.0,104.33,105.0785,40.78014184397162,0.02066300614971964,BEARISH,RSI_NORMAL,HIGH_VOLATILITY
2022-10-13,103.25,104.4,101.05,101.4,7800000.0,103.68000000000002,104.55,34.9122807017544,0.020871428401675097,BEARISH,RSI_NORMAL,HIGH_VOLATILITY
2022-10-14,103.0,103.6,100.45,100.8,7480000.0,102.59,104.035,38.64077669902912,0.020861367325908983,BEARISH,RSI_NORMAL,HIGH_VOLATILITY
2022-10-17,100.5,102.75,99.95,101.8,9940000.0,102.05999999999999,103.575,52.64423076923075,0.02110250789090871,BEARISH,RSI_NORMAL,HIGH_VOLATILITY
2022-10-18,102.35,106.9,102.05,105.95,21770000.0,102.64000000000001,103.3475,62.916666666666664,0.023363986145921035,BULLISH,RSI_NORMAL,HIGH_VOLATILITY
2022-10-19,106.65,109.2,105.3,105.9,22880000.0,103.17,103.13250000000001,64.39232409381663,0.02336494749629077,BULLISH,RSI_NORMAL,HIGH_VOLATILITY
2022-10-20,106.8,109.15,106.55,108.0,25580000.0,104.49000000000001,103.11000000000001,67.71653543307086,0.0235898835372704,BULLISH,RSI_NORMAL,HIGH_VOLATILITY
2022-10-21,108.55,108.95,102.7,103.55,19880000.0,105.04,102.7875,54.65949820788529,0.025046357537923572,BULLISH,RSI_NORMAL,HIGH_VOLATILITY
2022-10-24,104.6,105.35,104.35,104.8,3730000.0,105.64000000000001,102.69500000000001,61.91369606003751,0.02436345030280723,BULLISH,RSI_NORMAL,HIGH_VOLATILITY
2022-10-25,105.0,105.5,103.55,105.05,13220000.0,105.46,102.9125,56.43776824034335,0.02060996788478619,BULLISH,RSI_NORMAL,HIGH_VOLATILITY
2022-10-27,105.65,108.9,105.2,107.85,29990000.0,105.85,103.3175,56.80851063829785,0.021100818898178244,BULLISH,RSI_NORMAL,HIGH_VOLATILITY
2022-10-28,108.0,108.55,103.9,105.35,20060000.0,105.32000000000001,103.62750000000001,48.15573770491802,0.02186994098829577,BULLISH,RSI_NORMAL,HIGH_VOLATILITY
2022-10-31,105.9,107.2,105.15,106.85,12790000.0,105.97999999999999,104.02000000000001,54.97925311203318,0.02197222356496447,BULLISH,RSI_NORMAL,HIGH_VOLATILITY
2022-11-01,107.3,110.4,106.75,108.5,26520000.0,106.71999999999998,104.3975,61.190965092402465,0.021832928975483674,BULLISH,RSI_NORMAL,HIGH_VOLATILITY
2022-11-02,108.5,110.25,106.8,107.1,19880000.0,107.13,104.83,57.53424657534245,0.02116594814390316,BULLISH,RSI_NORMAL,HIGH_VOLATILITY
2022-11-03,106.8,112.2,106.5,109.95,34170000.0,107.55,105.225,66.10169491525423,0.020476231819495493,BULLISH,RSI_NORMAL,HIGH_VOLATILITY
2022-11-04,110.6,111.4,108.6,108.95,22360000.0,108.26999999999998,105.44000000000001,65.12059369202227,0.02001595806254767,BULLISH,RSI_NORMAL,LOW_VOLATILITY
2022-11-07,109.4,110.3,108.8,109.65,15330000.0,108.83,105.60999999999999,64.72795497185741,0.019808070068845364,BULLISH,RSI_NORMAL,LOW_VOLATILITY
2022-11-09,110.2,111.2,107.65,108.05,17030000.0,108.74000000000001,105.78999999999999,54.35684647302903,0.019697976555461436,BULLISH,RSI_NORMAL,LOW_VOLATILITY
2022-11-10,108.05,108.5,104.7,106.7,12940000.0,108.66,105.9725,51.57480314960629,0.01966185911687769,BULLISH,RSI_NORMAL,LOW_VOLATILITY
2022-11-11,108.0,108.45,106.7,107.3,11080000.0,108.13,106.175,48.53556485355648,0.01967924448213923,BULLISH,RSI_NORMAL,LOW_VOLATILITY
2022-11-14,107.3,107.65,105.45,106.6,10550000.0,107.66,106.43499999999999,57.568238213399496,0.019228724169680148,BULLISH,RSI_NORMAL,LOW_VOLATILITY
2022-11-15,106.7,107.4,105.45,107.05,11680000.0,107.14000000000001,106.74749999999999,55.813953488372086,0.01912352145139404,BULLISH,RSI_NORMAL,LOW_VOLATILITY
2022-11-16,108.95,109.8,107.35,108.3,27370000.0,107.19000000000001,107.07249999999999,57.985257985257974,0.019160067509724293,BULLISH,RSI_NORMAL,LOW_VOLATILITY
2022-11-17,108.2,111.35,108.1,110.6,26990000.0,107.96999999999998,107.30499999999999,56.926952141057924,0.017581393188447904,BULLISH,RSI_NORMAL,LOW_VOLATILITY
2022-11-18,110.85,111.4,106.4,107.35,23960000.0,107.97999999999999,107.37750000000001,54.85436893203883,0.01895608543195889,BEARISH,RSI_NORMAL,LOW_VOLATILITY
2022-11-21,107.1,107.2,104.5,105.8,16410000.0,107.81999999999998,107.2675,47.45762711864408,0.018697380787707486,BEARISH,RSI_NORMAL,LOW_VOLATILITY
2022-11-22,105.2,107.8,105.05,107.45,12000000.0,107.9,107.4625,47.45762711864408,0.016422516674229684,BEARISH,RSI_NORMAL,LOW_VOLATILITY
2022-11-23,108.0,109.1,106.35,106.9,21020000.0,107.62,107.5675,49.49494949494953,0.016315970063795603,BEARISH,RSI_NORMAL,LOW_VOLATILITY
2022-11-24,107.0,107.4,106.05,107.0,12820000.0,106.9,107.66499999999999,41.34897360703811,0.016313267212239746,BEARISH,RSI_NORMAL,LOW_VOLATILITY
2022-11-25,107.3,108.0,106.65,107.15,8830000.0,106.86000000000001,107.63,44.44444444444445,0.015163716545884652,BEARISH,RSI_NORMAL,LOW_VOLATILITY
2022-11-28,107.1,108.75,106.95,107.4,11290000.0,107.17999999999999,107.7325,42.857142857142854,0.01417081291842479,BEARISH,RSI_NORMAL,LOW_VOLATILITY
2022-11-29,107.9,107.9,105.25,106.15,8720000.0,106.92,107.69749999999999,43.83116883116885,0.014085288360738909,BEARISH,RSI_NORMAL,LOW_VOLATILITY
2022-11-30,106.5,106.55,104.15,105.1,27870000.0,106.55999999999999,107.5275,44.70198675496686,0.013736104358884354,BEARISH,RSI_NORMAL,LOW_VOLATILITY
2022-12-01,105.65,106.35,103.85,104.15,19100000.0,105.99000000000001,107.38,39.80582524271848,0.013593720014208006,BEARISH,RSI_NORMAL,LOW_VOLATILITY
2022-12-02,104.55,106.45,104.3,106.15,13020000.0,105.79,107.19000000000001,48.65671641791048,0.012874919644092583,BEARISH,RSI_NORMAL,LOW_VOLATILITY
2022-12-05,106.35,107.6,105.0,107.45,17480000.0,105.8,107.11500000000001,51.13636363636366,0.013110122263214669,BULLISH,RSI_NORMAL,LOW_VOLATILITY
2022-12-06,107.25,108.4,105.5,105.7,13880000.0,105.71000000000001,106.91749999999999,42.817679558011065,0.013447863716390998,BEARISH,RSI_NORMAL,LOW_VOLATILITY
2022-12-07,106.25,107.15,105.45,105.7,11940000.0,105.83,106.8,34.493670886075975,0.01310576749669079,BEARISH,RSI_NORMAL,LOW_VOLATILITY
2022-12-08,105.0,105.5,104.25,105.3,15790000.0,106.06000000000002,106.72999999999999,42.0849420849421,0.012846465364269515,BEARISH,RSI_NORMAL,LOW_VOLATILITY
2022-12-09,106.0,106.9,104.5,105.8,12630000.0,105.99000000000001,106.655,50.0,0.01282569718664828,BEARISH,RSI_NORMAL,LOW_VOLATILITY
2022-12-12,106.0,106.55,104.0,104.55,19340000.0,105.41,106.55250000000001,37.391304347826065,0.013007049056579428,BEARISH,RSI_NORMAL,LOW_VOLATILITY
2022-12-13,105.1,105.4,104.4,105.15,7420000.0,105.3,106.45750000000001,42.42424242424243,0.013042811100763182,BEARISH,RSI_NORMAL,LOW_VOLATILITY
2022-12-14,105.15,105.65,104.85,105.45,6170000.0,105.25,106.31499999999998,43.40425531914895,0.01274386909033015,BEARISH,RSI_NORMAL,LOW_VOLATILITY
2022-12-15,105.25,105.65,102.75,103.25,10190000.0,104.84,105.94749999999999,35.8695652173913,0.012302432428254371,BEARISH,RSI_NORMAL,LOW_VOLATILITY
2022-12-16,102.25,102.4,97.85,99.45,38360000.0,103.57000000000001,105.55250000000001,27.089337175792508,0.013207005678615269,BEARISH,RSI_LOW,LOW_VOLATILITY
2022-12-19,99.45,100.85,97.75,100.45,22870000.0,102.75,105.285,33.33333333333333,0.013297192269148408,BEARISH,RSI_NORMAL,LOW_VOLATILITY
2022-12-20,100.75,101.6,99.0,101.3,10480000.0,101.98,104.9775,38.757396449704146,0.012875052494009564,BEARISH,RSI_NORMAL,LOW_VOLATILITY
2022-12-21,101.85,102.2,98.45,99.2,11610000.0,100.73,104.5925,36.28808864265926,0.013478133471115662,BEARISH,RSI_NORMAL,LOW_VOLATILITY
2022-12-22,99.5,99.9,96.8,98.25,14580000.0,99.72999999999999,104.155,26.764705882352928,0.013495119245487948,BEARISH,RSI_LOW,LOW_VOLATILITY
2022-12-23,98.95,99.15,96.0,96.55,23100000.0,99.15,103.625,18.67816091954022,0.013734710435883908,BEARISH,RSI_LOW,LOW_VOLATILITY
2022-12-26,96.6,99.85,94.65,99.25,12100000.0,98.91,103.2175,32.42506811989101,0.01554215996768671,BEARISH,RSI_NORMAL,LOW_VOLATILITY
2022-12-27,99.8,100.95,98.4,100.25,10240000.0,98.7,102.92249999999999,35.91731266149871,0.015724811397455525,BEARISH,RSI_NORMAL,LOW_VOLATILITY
2022-12-28,99.6,100.9,99.25,99.75,9470000.0,98.81,102.655,35.732647814910024,0.015645412932629246,BEARISH,RSI_NORMAL,LOW_VOLATILITY
2022-12-29,98.5,99.8,98.3,98.9,11370000.0,98.94,102.3925,32.57575757575759,0.015634435315534476,BEARISH,RSI_NORMAL,LOW_VOLATILITY
2022-12-30,99.4,101.35,99.25,99.9,9240000.0,99.61,102.08000000000001,38.107416879795416,0.015094051364938495,BEARISH,RSI_NORMAL,LOW_VOLATILITY
2023-01-02,100.4,101.2,99.9,100.25,6970000.0,99.81,101.72,37.30569948186526,0.014754429450558462,BEARISH,RSI_NORMAL,LOW_VOLATILITY
2023-01-03,100.3,100.9,99.8,100.35,8830000.0,99.83,101.4525,36.649214659685825,0.014460566688284875,BEARISH,RSI_NORMAL,LOW_VOLATILITY
2023-01-04,100.7,100.9,98.45,98.75,8930000.0,99.63,101.10499999999999,37.837837837837824,0.014752408104186297,BEARISH,RSI_NORMAL,LOW_VOLATILITY
2023-01-05,99.0,100.15,98.3,99.95,10450000.0,99.84,100.8375,51.57232704402516,0.015149391159025112,BEARISH,RSI_NORMAL,LOW_VOLATILITY
2023-01-06,99.8,100.5,98.7,98.95,7220000.0,99.65,100.495,45.28301886792452,0.015137360368041232,BEARISH,RSI_NORMAL,LOW_VOLATILITY
2023-01-09,99.9,101.7,99.5,100.0,11920000.0,99.6,100.26750000000001,45.96273291925466,0.015297875286437359,BEARISH,RSI_NORMAL,LOW_VOLATILITY
2023-01-10,100.0,100.1,98.3,99.15,10400000.0,99.36,99.9675,49.83164983164984,0.015244586319996799,BEARISH,RSI_NORMAL,LOW_VOLATILITY
2023-01-11,100.35,100.75,99.55,100.2,11130000.0,99.65,99.705,56.5217391304348,0.015492341441908685,BULLISH,RSI_NORMAL,LOW_VOLATILITY
2023-01-12,100.45,100.5,98.9,99.4,9300000.0,99.53999999999999,99.5125,60.14234875444845,0.014944042316266282,BEARISH,RSI_NORMAL,LOW_VOLATILITY
2023-01-13,99.5,100.1,97.4,99.95,11680000.0,99.74,99.5375,52.94117647058825,0.012526474226916745,BULLISH,RSI_NORMAL,LOW_VOLATILITY
2023-01-16,100.45,103.0,100.2,102.1,16489999.999999998,100.16,99.62,57.08812260536399,0.013236571385735944,BULLISH,RSI_NORMAL,LOW_VOLATILITY
2023-01-17,102.35,103.0,101.5,102.9,11760000.0,100.91,99.7,61.79775280898882,0.013218458716718486,BULLISH,RSI_NORMAL,LOW_VOLATILITY
2023-01-18,103.1,104.0,102.1,102.7,13010000.0,101.41000000000001,99.87500000000001,64.96062992125987,0.01223377131236183,BULLISH,RSI_NORMAL,LOW_VOLATILITY
2023-01-19,102.0,103.0,101.85,102.85,4840000.0,102.1,100.10499999999999,62.447257383966225,0.01193866406535993,BULLISH,RSI_NORMAL,LOW_VOLATILITY
2023-01-20,102.9,103.4,101.6,101.8,7910000.0,102.47,100.36749999999999,56.17529880478089,0.011417833712913534,BULLISH,RSI_NORMAL,LOW_VOLATILITY
2023-01-23,102.35,102.5,101.1,101.55,9730000.0,102.35999999999999,100.48249999999999,54.72440944881892,0.009786504952807796,BULLISH,RSI_NORMAL,LOW_VOLATILITY
2023-01-24,101.55,101.85,100.15,100.65,10170000.0,101.91,100.5025,57.91666666666671,0.009797865226343669,BULLISH,RSI_NORMAL,LOW_VOLATILITY
2023-01-25,100.2,100.9,98.8,99.15,9230000.0,101.2,100.4725,46.747967479674806,0.010313833408369272,BEARISH,RSI_NORMAL,LOW_VOLATILITY
2023-01-27,99.6,99.95,92.45,94.3,24620000.0,99.49,100.2425,35.603715170278605,0.014937400272775653,BEARISH,RSI_NORMAL,LOW_VOLATILITY
2023-01-30,92.95,92.95,87.0,88.95,62830000.0,96.92,99.69500000000001,22.98288508557455,0.018958229865688028,BEARISH,RSI_LOW,LOW_VOLATILITY
2023-01-31,90.3,96.25,89.05,94.95,59000000.0,95.60000000000001,99.42999999999999,41.79687499999999,0.025005297304761823,BEARISH,RSI_NORMAL,HIGH_VOLATILITY
2023-02-01,97.0,97.25,89.05,90.95,44090000.0,93.66,98.96000000000001,33.80035026269701,0.02650960381692255,BEARISH,RSI_NORMAL,HIGH_VOLATILITY
2023-02-02,89.55,93.5,88.3,93.1,24500000.0,92.45,98.67750000000001,39.464882943143785,0.027087212394626692,BEARISH,RSI_NORMAL,HIGH_VOLATILITY
2023-02-03,93.4,94.4,91.7,93.85,15910000.0,92.36,98.3725,39.867109634551475,0.026985155815583448,BEARISH,RSI_NORMAL,HIGH_VOLATILITY
2023-02-06,93.5,95.0,93.2,94.5,7020000.0,93.47,98.15,36.71328671328672,0.02701270520906009,BEARISH,RSI_NORMAL,HIGH_VOLATILITY
2023-02-07,94.5,95.1,93.75,94.45,10320000.0,93.36999999999999,97.8725,34.82944344703769,0.026854423768618445,BEARISH,RSI_NORMAL,HIGH_VOLATILITY
2023-02-08,94.95,96.3,94.35,96.1,11580000.0,94.4,97.72,38.73720136518769,0.027175374353406775,BEARISH,RSI_NORMAL,HIGH_VOLATILITY
2023-02-09,96.35,96.7,95.55,95.8,6580000.0,94.93999999999998,97.5,38.03056027164685,0.027034622894286493,BEARISH,RSI_NORMAL,HIGH_VOLATILITY
2023-02-10,95.55,96.65,95.35,96.25,10690000.0,95.42,97.3425,40.38128249566725,0.02703301035585312,BEARISH,RSI_NORMAL,HIGH_VOLATILITY
2023-02-13,96.25,97.2,94.45,94.65,13580000.0,95.45,97.0775,38.57615894039735,0.027193443442572435,BEARISH,RSI_NORMAL,HIGH_VOLATILITY
2023-02-14,94.8,95.15,93.1,94.6,9620000.0,95.47999999999999,96.7025,39.69335604770015,0.026615241029820182,BEARISH,RSI_NORMAL,HIGH_VOLATILITY
2023-02-15,94.05,94.8,93.4,94.65,11580000.0,95.19,96.28999999999999,41.935483870967744,0.02650178120411072,BEARISH,RSI_NORMAL,HIGH_VOLATILITY
2023-02-16,95.9,98.4,94.25,97.75,32930000.0,95.58,96.04249999999999,56.59655831739963,0.027738897887314047,BULLISH,RSI_NORMAL,HIGH_VOLATILITY
2023-02-17,97.55,98.65,96.2,96.45,20380000.0,95.61999999999999,95.7225,66.96832579185521,0.027835319486370125,BULLISH,RSI_NORMAL,HIGH_VOLATILITY
2023-02-20,96.7,96.75,94.2,94.9,17510000.0,95.67,95.3775,49.85835694050992,0.02794762813128848,BEARISH,RSI_NORMAL,HIGH_VOLATILITY
2023-02-21,95.95,96.2,94.6,95.55,11930000.0,95.85999999999999,95.07750000000001,66.08391608391608,0.028036795756848483,BULLISH,RSI_NORMAL,HIGH_VOLATILITY
2023-02-22,95.7,96.15,94.8,95.0,14590000.0,95.92999999999999,94.795,57.48031496062995,0.02800925781118838,BULLISH,RSI_NORMAL,HIGH_VOLATILITY
2023-02-23,95.1,95.7,93.65,95.4,16200000.0,95.46000000000001,94.60749999999999,56.27530364372474,0.02789003927334085,BULLISH,RSI_NORMAL,HIGH_VOLATILITY
2023-02-24,95.65,95.9,95.0,95.35,8060000.000000001,95.24000000000001,94.66,53.61702127659572,0.02556753156304327,BULLISH,RSI_NORMAL,HIGH_VOLATILITY
2023-02-27,95.35,95.7,93.15,95.4,13930000.0,95.34,94.98249999999999,54.042553191489375,0.021690430661147914,BULLISH,RSI_NORMAL,HIGH_VOLATILITY
2023-02-28,95.15,96.15,94.4,94.6,10970000.0,95.15,94.965,43.11926605504589,0.01578969597186851,BEARISH,RSI_NORMAL,LOW_VOLATILITY
2023-03-01,95.2,97.1,94.8,97.05,14290000.0,95.55999999999999,95.27000000000001,54.78927203065132,0.013397841203117357,BULLISH,RSI_NORMAL,LOW_VOLATILITY
2023-03-02,97.2,97.55,96.2,96.7,10050000.0,95.82000000000001,95.45,51.73745173745174,0.012585238443726854,BULLISH,RSI_NORMAL,LOW_VOLATILITY
2023-03-03,97.25,97.7,95.6,95.85,7940000.0,95.91999999999999,95.55,54.918032786885185,0.012719736847795999,BULLISH,RSI_NORMAL,LOW_VOLATILITY
2023-03-06,96.35,97.25,95.9,96.45,8289999.999999999,96.13,95.64750000000001,57.25490196078432,0.012704626846464319,BULLISH,RSI_NORMAL,LOW_VOLATILITY
2023-03-08,96.25,96.4,94.5,96.1,14290000.0,96.42999999999999,95.72999999999999,55.5555555555555,0.012744362855784966,BULLISH,RSI_NORMAL,LOW_VOLATILITY
2023-03-09,96.15,96.9,95.25,95.45,7880000.0,96.11,95.6975,39.150943396226474,0.012232078669481805,BEARISH,RSI_NORMAL,LOW_VOLATILITY
2023-03-10,94.3,95.5,93.55,94.9,9620000.0,95.75,95.6525,42.13197969543152,0.012278650938559926,BEARISH,RSI_NORMAL,LOW_VOLATILITY
2023-03-13,94.05,94.9,91.9,92.35,11480000.0,95.05,95.45750000000001,38.24884792626729,0.013551765285551633,BEARISH,RSI_NORMAL,LOW_VOLATILITY
2023-03-14,92.85,92.95,91.2,92.75,14290000.0,94.31,95.3625,36.79245283018877,0.013164498032372142,BEARISH,RSI_NORMAL,LOW_VOLATILITY
2023-03-15,93.5,94.25,92.2,92.6,8320000.0,93.60999999999999,95.2625,38.23529411764712,0.013164994277222609,BEARISH,RSI_NORMAL,LOW_VOLATILITY
2023-03-16,92.7,92.7,89.65,91.9,12280000.0,92.9,95.125,33.33333333333343,0.013240029797798793,BEARISH,RSI_NORMAL,LOW_VOLATILITY
2023-03-17,93.1,94.7,92.9,93.4,13160000.0,92.6,94.9075,41.84100418410049,0.011390633517272597,BEARISH,RSI_NORMAL,LOW_VOLATILITY
2023-03-20,93.0,93.35,91.75,92.65,6580000.0,92.66,94.7175,39.130434782608724,0.011179673702462853,BEARISH,RSI_NORMAL,LOW_VOLATILITY
2023-03-21,93.0,93.45,92.35,93.1,5890000.0,92.72999999999999,94.62750000000001,43.90243902439025,0.010759818518372115,BEARISH,RSI_NORMAL,LOW_VOLATILITY
2023-03-22,93.5,93.95,92.5,92.65,6100000.0,92.74,94.48249999999999,28.64077669902916,0.01063323523932958,BEARISH,RSI_LOW,LOW_VOLATILITY
2023-03-23,92.3,92.75,90.85,92.1,9970000.0,92.78,94.3375,28.095238095238088,0.010637118768094773,BEARISH,RSI_LOW,LOW_VOLATILITY
2023-03-24,93.95,94.5,91.2,91.55,16649999.999999998,92.41,94.14500000000001,28.921568627450995,0.010593239417795974,BEARISH,RSI_LOW,LOW_VOLATILITY
2023-03-27,93.1,93.75,91.35,91.75,15960000.0,92.22999999999999,93.965,26.020408163265287,0.010630410503712896,BEARISH,RSI_LOW,LOW_VOLATILITY
2023-03-28,91.75,92.5,90.0,90.3,15000000.0,91.66999999999999,93.71000000000001,23.394495412844023,0.011055435956415014,BEARISH,RSI_LOW,LOW_VOLATILITY
2023-03-29,90.2,92.05,89.9,91.55,36100000.0,91.45,93.55749999999999,33.04347826086955,0.011558106761140132,BEARISH,RSI_NORMAL,LOW_VOLATILITY
2023-03-31,94.25,98.45,94.25,97.55,64459999.99999999,92.53999999999999,93.5825,57.81710914454275,0.018077186186347575,BULLISH,RSI_NORMAL,LOW_VOLATILITY
2023-04-03,98.95,99.0,95.8,96.6,24150000.0,93.55,93.5775,63.84364820846906,0.018200444699338316,BULLISH,RSI_NORMAL,LOW_VOLATILITY
2023-04-05,95.05,98.45,95.05,98.25,24880000.0,94.85,93.6975,66.56626506024097,0.018452839307969558,BULLISH,RSI_NORMAL,LOW_VOLATILITY
2023-04-06,97.6,99.0,97.55,98.75,11440000.0,96.53999999999999,93.8125,68.14159292035401,0.018438446373709446,BULLISH,RSI_NORMAL,LOW_VOLATILITY
2023-04-10,98.9,100.55,98.75,99.9,10870000.0,98.21,94.0025,72.98850574712642,0.01853802259195316,BULLISH,RSI_HIGH,LOW_VOLATILITY
2023-04-11,100.4,100.95,98.8,100.0,8460000.0,98.7,94.22999999999999,70.62499999999999,0.018423569899963087,BULLISH,RSI_HIGH,LOW_VOLATILITY
2023-04-12,100.15,101.1,99.5,100.8,8940000.0,99.53999999999999,94.525,75.38940809968845,0.018356076283207574,BULLISH,RSI_HIGH,LOW_VOLATILITY
2023-04-13,100.8,101.8,100.5,100.9,9150000.0,100.07000000000001,94.9525,74.8407643312102,0.016959863688016056,BULLISH,RSI_HIGH,LOW_VOLATILITY
2023-04-17,101.0,101.5,100.0,101.4,8320000.0,100.6,95.385,77.77777777777773,0.01695997619965605,BULLISH,RSI_HIGH,LOW_VOLATILITY
2023-04-18,101.4,103.85,101.2,102.95,19760000.0,101.21000000000001,95.9025,82.38805970149254,0.017054704024862293,BULLISH,RSI_HIGH,LOW_VOLATILITY
2023-04-19,103.0,103.1,101.25,101.4,11270000.0,101.49000000000001,96.3775,77.74647887323944,0.017433742360655,BULLISH,RSI_HIGH,LOW_VOLATILITY
2023-04-20,101.5,103.3,101.35,102.85,13240000.0,101.9,96.85,79.21052631578945,0.017370804718865752,BULLISH,RSI_HIGH,LOW_VOLATILITY
2023-04-21,102.7,103.5,102.2,102.8,5630000.0,102.28,97.3575,85.51136363636364,0.01715421584424278,BULLISH,RSI_HIGH,LOW_VOLATILITY
2023-04-24,102.8,103.2,101.5,101.8,5990000.0,102.36,97.79249999999999,79.53890489913546,0.01748300323382956,BULLISH,RSI_HIGH,LOW_VOLATILITY
2023-04-25,101.8,102.0,100.75,101.15,5700000.0,102.0,98.2175,65.00000000000006,0.017530528127197645,BULLISH,RSI_NORMAL,LOW_VOLATILITY
2023-04-26,100.8,101.9,100.4,101.65,4580000.0,102.05,98.695,71.86147186147194,0.017356250841602482,BULLISH,RSI_HIGH,LOW_VOLATILITY
2023-04-27,101.2,102.1,101.15,101.45,5360000.0,101.77,99.19,65.84158415841588,0.01724473702181199,BULLISH,RSI_NORMAL,LOW_VOLATILITY
2023-04-28,101.95,103.45,101.25,103.3,11810000.0,101.87,99.7675,69.86899563318781,0.017464960528724767,BULLISH,RSI_NORMAL,LOW_VOLATILITY
2023-05-02,104.0,105.1,103.5,104.3,13600000.0,102.37,100.4675,69.46902654867259,0.016696507536799736,BULLISH,RSI_NORMAL,LOW_VOLATILITY
2023-05-03,104.15,106.55,103.65,106.35,16030000.000000002,103.41000000000001,101.20750000000001,73.96226415094343,0.01686498285648426,BULLISH,RSI_HIGH,LOW_VOLATILITY
2023-05-04,106.95,108.25,106.5,107.25,15410000.0,104.53,101.69250000000001,74.15730337078656,0.009976614094268685,BULLISH,RSI_HIGH,LOW_VOLATILITY
2023-05-05,107.05,107.95,105.8,106.3,9320000.0,105.5,102.1775,69.01408450704226,0.009910794147758322,BULLISH,RSI_NORMAL,LOW_VOLATILITY
2023-05-08,106.3,107.5,106.0,107.3,6720000.0,106.3,102.63,70.06802721088437,0.009554192256179268,BULLISH,RSI_HIGH,LOW_VOLATILITY
2023-05-09,107.2,108.15,106.6,107.55,10060000.0,106.95,103.07000000000001,67.16417910447763,0.009564525014887533,BULLISH,RSI_NORMAL,LOW_VOLATILITY
2023-05-10,107.9,108.6,107.25,108.05,10360000.0,107.29,103.4775,76.92307692307693,0.009409203112860422,BULLISH,RSI_HIGH,LOW_VOLATILITY
2023-05-11,108.25,109.0,107.5,108.6,9440000.0,107.55999999999999,103.9075,75.10917030567688,0.00938567160506058,BULLISH,RSI_HIGH,LOW_VOLATILITY
2023-05-12,108.65,108.65,106.6,107.3,6860000.0,107.75999999999999,104.2325,67.71653543307089,0.009999592721068198,BULLISH,RSI_NORMAL,LOW_VOLATILITY
2023-05-15,107.1,108.6,106.9,107.65,7830000.0,107.83,104.57000000000001,74.27385892116186,0.00998636390017706,BULLISH,RSI_HIGH,LOW_VOLATILITY
2023-05-16,107.7,109.1,107.4,108.45,9050000.0,108.01000000000002,104.92249999999999,79.91803278688522,0.010023373280327038,BULLISH,RSI_HIGH,LOW_VOLATILITY
2023-05-17,108.8,109.75,107.95,108.25,9460000.0,108.05,105.1875,77.73109243697475,0.009681581225445027,BULLISH,RSI_HIGH,LOW_VOLATILITY
2023-05-18,108.5,109.25,107.25,107.8,7220000.0,107.89000000000001,105.50750000000001,76.13168724279832,0.0089143325732451,BULLISH,RSI_HIGH,LOW_VOLATILITY
2023-05-19,107.8,107.85,105.7,107.0,9260000.0,107.83000000000001,105.71499999999999,66.66666666666666,0.00880077706117847,BULLISH,RSI_NORMAL,LOW_VOLATILITY
2023-05-22,108.55,111.3,107.6,110.45,27950000.0,108.39000000000001,106.0975,72.69372693726937,0.011063070609738811,BULLISH,RSI_HIGH,LOW_VOLATILITY
2023-05-23,110.95,111.05,107.75,107.9,15210000.0,108.28,106.4025,55.516014234875485,0.012252860864624236,BULLISH,RSI_NORMAL,LOW_VOLATILITY
2023-05-24,107.9,109.3,107.3,108.8,10720000.0,108.39000000000001,106.785,55.516014234875435,0.012101690165784794,BULLISH,RSI_NORMAL,LOW_VOLATILITY
2023-05-25,108.0,110.75,108.0,109.6,11160000.0,108.75,107.1825,61.870503597122294,0.012126467268332473,BULLISH,RSI_NORMAL,LOW_VOLATILITY
2023-05-26,109.55,111.0,109.1,110.7,7960000.0,109.49000000000001,107.64500000000001,62.14285714285716,0.012120872391993493,BULLISH,RSI_NORMAL,LOW_VOLATILITY
2023-05-29,111.0,111.8,110.2,111.45,10330000.0,109.69000000000001,108.05249999999998,63.44827586206898,0.011697969179884768,BULLISH,RSI_NORMAL,LOW_VOLATILITY
2023-05-30,111.45,112.6,111.0,111.25,7800000.0,110.35999999999999,108.4,61.26760563380282,0.011679318053616305,BULLISH,RSI_NORMAL,LOW_VOLATILITY
2023-05-31,110.55,112.45,110.2,112.15,15740000.0,111.03000000000002,108.69000000000001,62.19931271477666,0.011098567576069324,BULLISH,RSI_NORMAL,LOW_VOLATILITY
2023-06-01,112.2,113.45,112.0,112.9,9190000.0,111.69000000000001,108.97250000000001,70.00000000000001,0.01105722066501456,BULLISH,RSI_HIGH,LOW_VOLATILITY
2023-06-02,113.4,113.5,112.0,113.3,9940000.0,112.21000000000001,109.32249999999999,70.10676156583628,0.01072184416432615,BULLISH,RSI_HIGH,LOW_VOLATILITY
2023-06-05,113.35,118.65,113.35,115.65,35210000.0,113.05,109.73999999999998,73.07692307692307,0.011345889133621835,BULLISH,RSI_HIGH,LOW_VOLATILITY
2023-06-06,116.25,118.5,115.9,118.05,19000000.0,114.41,110.26500000000001,77.52808988764045,0.011950677076433864,BULLISH,RSI_HIGH,LOW_VOLATILITY
2023-06-07,118.75,119.0,117.5,118.05,11260000.0,115.59,110.76499999999999,79.53890489913546,0.011997580018535743,BULLISH,RSI_HIGH,LOW_VOLATILITY
2023-06-08,118.5,118.7,116.4,117.55,11190000.0,116.52000000000001,111.2125,80.93841642228739,0.012153784652180692,BULLISH,RSI_HIGH,LOW_VOLATILITY
2023-06-09,118.0,121.45,116.7,120.35,19870000.0,117.92999999999999,111.86499999999998,80.18292682926828,0.012306652666484721,BULLISH,RSI_HIGH,LOW_VOLATILITY
2023-06-12,120.95,123.9,118.75,119.1,24330000.0,118.61999999999998,112.4375,87.08609271523177,0.012823897245077613,BULLISH,RSI_HIGH,LOW_VOLATILITY
2023-06-13,119.9,122.45,118.9,122.1,16550000.0,119.42999999999999,113.12,88.66279069767441,0.01358284682392508,BULLISH,RSI_HIGH,LOW_VOLATILITY
2023-06-14,122.35,123.15,121.1,121.4,8660000.0,120.1,113.77749999999999,84.50292397660823,0.013728587063073306,BULLISH,RSI_HIGH,LOW_VOLATILITY
2023-06-15,121.4,122.75,120.05,121.95,13950000.0,120.97999999999999,114.48500000000001,83.98791540785501,0.013531729508217754,BULLISH,RSI_HIGH,LOW_VOLATILITY
2023-06-16,122.3,127.25,121.65,125.2,32650000.0,121.95,115.39500000000001,86.0892388451444,0.013857853937482421,BULLISH,RSI_HIGH,LOW_VOLATILITY
2023-06-19,126.35,126.35,124.45,124.85,10050000.0,123.1,116.11499999999998,85.41666666666667,0.012803163733962985,BULLISH,RSI_HIGH,LOW_VOLATILITY
2023-06-20,125.0,126.75,123.9,125.15,15470000.0,123.71,116.97749999999999,84.94623655913979,0.010851787812243063,BULLISH,RSI_HIGH,LOW_VOLATILITY
2023-06-21,126.15,126.3,121.75,122.8,14140000.0,123.99000000000001,117.67750000000001,74.50495049504948,0.012333953696605839,BULLISH,RSI_HIGH,LOW_VOLATILITY
2023-06-22,123.55,127.35,122.8,123.45,25030000.0,124.29,118.37,74.81662591687041,0.012331913212482726,BULLISH,RSI_HIGH,LOW_VOLATILITY
2023-06-23,123.75,123.9,119.5,120.05,12410000.0,123.25999999999999,118.8375,60.23255813953485,0.01438300021891726,BULLISH,RSI_NORMAL,LOW_VOLATILITY
2023-06-26,121.0,122.55,120.0,121.4,17370000.0,122.57000000000001,119.33500000000001,58.19070904645478,0.01446029493800151,BULLISH,RSI_NORMAL,LOW_VOLATILITY
2023-06-27,122.1,122.6,117.9,118.4,19090000.0,121.22,119.6925,50.74626865671644,0.015819757333872447,BEARISH,RSI_NORMAL,LOW_VOLATILITY
2023-06-28,119.15,122.4,118.1,120.75,61890000.0,120.81000000000002,120.12249999999999,56.32411067193676,0.016222893630675667,BULLISH,RSI_NORMAL,LOW_VOLATILITY
2023-06-30,121.4,126.7,120.75,125.75,27970000.0,121.27000000000001,120.76499999999999,59.81818181818182,0.01827334982706725,BULLISH,RSI_NORMAL,LOW_VOLATILITY
2023-07-03,126.0,126.0,122.7,123.75,15490000.0,122.01000000000002,121.2875,58.230088495575224,0.018893359799922592,BULLISH,RSI_NORMAL,LOW_VOLATILITY
2023-07-04,124.0,124.2,121.55,122.05,7600000.0,122.14000000000001,121.6075,49.90723562152134,0.018915029912608117,BULLISH,RSI_NORMAL,LOW_VOLATILITY
2023-07-05,122.55,123.75,121.05,121.75,15620000.0,122.80999999999999,121.79249999999999,50.659133709981155,0.018466569364061745,BEARISH,RSI_NORMAL,LOW_VOLATILITY
2023-07-06,122.3,125.1,121.9,124.8,16910000.0,123.62,122.13000000000002,54.90533562822718,0.019180611959322056,BULLISH,RSI_NORMAL,LOW_VOLATILITY
2023-07-07,124.35,125.9,123.65,124.05,22840000.0,123.28,122.455,47.83427495291901,0.019219693113746016,BULLISH,RSI_NORMAL,LOW_VOLATILITY
2023-07-10,124.2,124.65,122.5,123.0,9070000.0,123.13,122.5875,46.60550458715598,0.018716648846537617,BULLISH,RSI_NORMAL,LOW_VOLATILITY
2023-07-11,123.45,128.65,123.4,127.4,46220000.0,124.2,123.00250000000001,53.58851674641148,0.020007034143161087,BULLISH,RSI_NORMAL,LOW_VOLATILITY
2023-07-12,128.3,128.5,126.55,127.65,18030000.0,125.38,123.28,58.290598290598304,0.019348941350574432,BULLISH,RSI_NORMAL,LOW_VOLATILITY
2023-07-13,127.75,128.8,125.0,125.5,12370000.0,125.52000000000001,123.48500000000001,53.33333333333333,0.019750091824775683,BULLISH,RSI_NORMAL,LOW_VOLATILITY
2023-07-14,126.0,127.5,124.1,127.15,9580000.0,126.14000000000001,123.745,62.24137931034483,0.019905115050662,BULLISH,RSI_NORMAL,LOW_VOLATILITY
2023-07-17,127.8,128.25,126.4,127.15,9410000.0,126.97,123.8425,60.39783001808318,0.019061768787126048,BULLISH,RSI_NORMAL,LOW_VOLATILITY
2023-07-18,127.7,128.3,125.25,127.1,8990000.0,126.91,123.95500000000001,67.61133603238864,0.01904452307112708,BULLISH,RSI_NORMAL,LOW_VOLATILITY
2023-07-19,127.75,127.75,126.7,126.9,8980000.0,126.76000000000002,124.04249999999999,63.63636363636363,0.019050570897000928,BULLISH,RSI_NORMAL,LOW_VOLATILITY
2023-07-20,127.0,127.25,125.55,126.0,10190000.0,126.86000000000001,124.20249999999999,50.67750677506775,0.01859004870427408,BULLISH,RSI_NORMAL,LOW_VOLATILITY
2023-07-21,126.35,126.65,124.75,124.95,9930000.0,126.42,124.2775,53.42857142857143,0.01869121128234838,BULLISH,RSI_NORMAL,LOW_VOLATILITY
2023-07-24,125.35,127.75,125.0,126.0,13120000.0,126.19000000000001,124.575,61.72106824925816,0.01751704543462977,BULLISH,RSI_NORMAL,LOW_VOLATILITY
2023-07-25,126.55,127.2,125.35,127.05,7150000.0,126.17999999999999,124.85749999999999,65.05681818181816,0.017453091323097223,BULLISH,RSI_NORMAL,LOW_VOLATILITY
2023-07-26,127.05,127.35,125.65,126.0,12680000.0,126.0,125.2375,53.846153846153854,0.016467020215296408,BULLISH,RSI_NORMAL,LOW_VOLATILITY
2023-07-27,126.2,128.8,126.0,127.25,11600000.0,126.25,125.5625,59.93788819875776,0.016085336263757487,BULLISH,RSI_NORMAL,LOW_VOLATILITY
2023-07-28,129.25,131.7,128.0,130.15,37250000.0,127.29,125.7825,69.91643454038997,0.014152763800508165,BULLISH,RSI_NORMAL,LOW_VOLATILITY
2023-07-31,130.3,131.0,128.85,130.7,16200000.0,128.23,126.13000000000002,61.70212765957441,0.013528269022217794,BULLISH,RSI_NORMAL,LOW_VOLATILITY
2023-08-01,131.0,133.25,130.05,130.45,17080000.0,128.91,126.55,59.92907801418434,0.013015141977469485,BULLISH,RSI_NORMAL,LOW_VOLATILITY
2023-08-02,130.45,130.7,123.7,125.35,20820000.0,128.78,126.72999999999999,49.56011730205277,0.016098177898810417,BEARISH,RSI_NORMAL,LOW_VOLATILITY
2023-08-03,125.55,126.5,123.5,124.65,12420000.0,128.26,126.7225,42.23602484472048,0.015178668824730792,BEARISH,RSI_NORMAL,LOW_VOLATILITY
2023-08-04,126.3,128.05,125.5,127.6,10590000.0,127.75,126.9,51.18110236220469,0.0159842965945659,BULLISH,RSI_NORMAL,LOW_VOLATILITY
2023-08-07,128.45,129.2,126.6,128.55,8340000.0,127.32000000000001,127.17750000000001,53.634085213032634,0.0158559315734934,BULLISH,RSI_NORMAL,LOW_VOLATILITY
2023-08-08,128.7,130.0,127.6,129.15,12510000.0,127.05999999999999,127.26500000000001,55.52825552825553,0.01379438688194115,BULLISH,RSI_NORMAL,LOW_VOLATILITY
2023-08-09,129.8,132.4,129.0,131.7,13110000.0,128.32999999999998,127.4675,62.95454545454546,0.014433318524302125,BULLISH,RSI_NORMAL,LOW_VOLATILITY
2023-08-10,131.6,133.15,129.1,129.4,11120000.0,129.28,127.6625,59.569892473118315,0.014475829777838695,BULLISH,RSI_NORMAL,LOW_VOLATILITY
2023-08-11,130.2,133.25,129.55,132.05,10970000.0,130.17000000000002,127.90749999999998,62.1730382293763,0.014870267769603117,BULLISH,RSI_NORMAL,LOW_VOLATILITY
2023-08-14,131.95,131.95,129.45,130.5,8530000.0,130.56,128.075,56.804733727810664,0.015181656232522853,BULLISH,RSI_NORMAL,LOW_VOLATILITY
2023-08-16,130.75,131.9,129.45,131.3,7060000.0,130.99,128.285,60.557768924302835,0.015210897614508622,BULLISH,RSI_NORMAL,LOW_VOLATILITY
2023-08-17,131.45,131.6,128.25,128.7,7160000.0,130.39000000000001,128.375,52.741020793950824,0.015947982578799737,BULLISH,RSI_NORMAL,LOW_VOLATILITY
2023-08-18,128.25,129.6,126.75,127.15,9000000.0,129.94,128.4325,44.023904382470114,0.016114924688894566,BEARISH,RSI_NORMAL,LOW_VOLATILITY
2023-08-21,127.2,129.7,127.15,129.25,5060000.0,129.38,128.64749999999998,47.279549718574124,0.016347922301113937,BULLISH,RSI_NORMAL,LOW_VOLATILITY
2023-08-22,129.7,133.7,129.35,133.3,20600000.0,129.94,129.0125,54.67980295566506,0.017590783155191615,BULLISH,RSI_NORMAL,LOW_VOLATILITY
2023-08-23,133.95,135.4,132.8,133.4,19430000.0,130.36,129.33,65.8153241650295,0.017550716496897937,BULLISH,RSI_NORMAL,LOW_VOLATILITY
2023-08-24,135.05,135.5,133.6,134.4,17540000.0,131.5,129.75,68.93203883495146,0.017390880713209107,BULLISH,RSI_NORMAL,LOW_VOLATILITY
2023-08-25,137.25,137.95,133.05,133.4,33920000.0,132.75,130.0575,62.18487394957985,0.017480087799104177,BULLISH,RSI_NORMAL,LOW_VOLATILITY
2023-08-28,136.1,136.4,134.6,134.9,13350000.0,133.88000000000002,130.29500000000002,63.039014373716626,0.01695788955629519,BULLISH,RSI_NORMAL,LOW_VOLATILITY
2023-08-29,135.3,135.85,134.1,134.55,11120000.0,134.13000000000002,130.4875,61.203319502074706,0.016977877057358905,BULLISH,RSI_NORMAL,LOW_VOLATILITY
2023-08-30,135.5,135.5,134.25,134.55,12560000.0,134.35999999999999,130.6925,56.61252900232024,0.016962487652209177,BULLISH,RSI_NORMAL,LOW_VOLATILITY
2023-08-31,134.55,135.05,132.2,133.2,14950000.0,134.12,131.085,59.22330097087372,0.014324816407927515,BULLISH,RSI_NORMAL,LOW_VOLATILITY
2023-09-01,134.05,138.4,133.9,137.85,23420000.0,135.01000000000002,131.745,62.83185840707958,0.015811614598148012,BULLISH,RSI_NORMAL,LOW_VOLATILITY
2023-09-04,139.5,142.35,139.2,140.55,28260000.0,136.14000000000001,132.3925,71.15789473684208,0.015585036348505957,BULLISH,RSI_HIGH,LOW_VOLATILITY
2023-09-05,141.3,141.9,139.2,139.7,11700000.0,137.17000000000002,132.95,67.6470588235293,0.015762794708840552,BULLISH,RSI_NORMAL,LOW_VOLATILITY
2023-09-06,140.5,140.75,137.75,138.3,10150000.0,137.92,133.4075,71.23893805309737,0.016082979760280027,BULLISH,RSI_HIGH,LOW_VOLATILITY
2023-09-07,138.45,141.0,137.6,139.85,18440000.0,139.25,133.815,78.0973451327433,0.01574019422027232,BULLISH,RSI_HIGH,LOW_VOLATILITY
2023-09-08,140.55,144.3,140.2,143.3,16579999.999999998,140.34,134.51,79.33194154488514,0.015659098443833484,BULLISH,RSI_HIGH,LOW_VOLATILITY
2023-09-11,144.35,147.15,143.05,144.7,19900000.0,141.17000000000002,135.1425,76.76056338028162,0.015288938874007452,BULLISH,RSI_HIGH,LOW_VOLATILITY
2023-09-12,144.6,144.95,133.6,134.15,48750000.0,140.06,135.32500000000002,51.181102362204726,0.022949091112174646,BEARISH,RSI_NORMAL,HIGH_VOLATILITY
2023-09-13,135.0,136.95,133.3,135.85,19280000.0,139.57,135.5525,52.23420647149459,0.02306286244085878,BULLISH,RSI_NORMAL,HIGH_VOLATILITY
2023-09-14,138.0,138.7,135.5,136.8,13200000.0,138.95999999999998,135.9575,55.24691358024691,0.02250344275854907,BULLISH,RSI_NORMAL,HIGH_VOLATILITY
2023-09-15,137.5,138.2,135.1,135.7,9650000.0,137.44,136.38500000000002,51.24999999999997,0.02237722355202448,BEARISH,RSI_NORMAL,HIGH_VOLATILITY
2023-09-18,145.0,145.0,139.0,139.9,51860000.0,136.48,136.91750000000002,57.46164574616456,0.02304192745414075,BULLISH,RSI_NORMAL,HIGH_VOLATILITY
2023-09-20,140.0,140.1,136.25,136.9,19080000.0,137.03000000000003,137.0975,53.02445302445301,0.022794667747303328,BEARISH,RSI_NORMAL,HIGH_VOLATILITY
2023-09-21,137.0,138.0,134.6,135.25,9530000.0,136.91,137.19,52.61813537675607,0.022998232275253234,BEARISH,RSI_NORMAL,HIGH_VOLATILITY
2023-09-22,134.15,136.9,134.05,136.05,12610000.0,136.76000000000002,137.27249999999998,47.450424929178496,0.02297723605714685,BEARISH,RSI_NORMAL,HIGH_VOLATILITY
2023-09-25,136.3,136.85,133.6,136.6,14980000.0,136.94,137.4325,44.04223227752637,0.022902078301611298,BEARISH,RSI_NORMAL,HIGH_VOLATILITY
2023-09-26,136.6,138.3,135.9,137.65,12320000.0,136.49,137.57,46.92653673163421,0.022835644954762306,BULLISH,RSI_NORMAL,HIGH_VOLATILITY
2023-09-27,137.4,137.55,135.7,136.6,8710000.0,136.43,137.67249999999999,47.4242424242424,0.02290801967384616,BEARISH,RSI_NORMAL,HIGH_VOLATILITY
2023-09-28,136.9,138.0,134.6,135.05,22010000.0,136.39000000000001,137.69750000000002,42.727272727272755,0.023074292733887898,BEARISH,RSI_NORMAL,HIGH_VOLATILITY
2023-09-29,136.0,138.65,135.75,138.3,8500000.0,136.84,137.9525,42.37804878048781,0.02351493113420623,BULLISH,RSI_NORMAL,HIGH_VOLATILITY
2023-10-03,137.9,140.6,137.2,139.2,19010000.0,137.35999999999999,138.02,41.48606811145511,0.02225624178173324,BULLISH,RSI_NORMAL,HIGH_VOLATILITY
2023-10-04,138.0,139.15,136.55,138.85,14910000.0,137.6,137.935,60.63348416289589,0.02181494666380265,BULLISH,RSI_NORMAL,HIGH_VOLATILITY
2023-10-05,139.5,141.35,138.1,138.95,16000000.0,138.07,137.89749999999998,57.56097560975607,0.02177479668970994,BULLISH,RSI_NORMAL,HIGH_VOLATILITY
2023-10-06,139.0,140.5,138.65,139.0,4990000.0,138.85999999999999,137.93249999999998,55.612244897959144,0.02164764663636186,BULLISH,RSI_NORMAL,HIGH_VOLATILITY
2023-10-09,136.2,137.6,135.05,135.75,10490000.0,138.35,137.7275,50.11494252873566,0.02212207109855937,BEARISH,RSI_NORMAL,HIGH_VOLATILITY
2023-10-10,137.4,141.0,136.5,139.95,15590000.0,138.5,137.56,50.11494252873558,0.022548992403217477,BULLISH,RSI_NORMAL,HIGH_VOLATILITY
2023-10-11,139.95,140.5,137.5,137.75,10780000.0,138.28,137.2125,52.02863961813842,0.02263231479045883,BULLISH,RSI_NORMAL,HIGH_VOLATILITY
2023-10-12,137.95,138.7,137.2,138.2,7570000.0,138.13000000000002,137.415,57.46835443037973,0.015344359785954312,BULLISH,RSI_NORMAL,LOW_VOLATILITY
2023-10-13,136.3,138.2,136.3,137.45,8300000.000000001,137.82,137.49499999999998,53.55329949238574,0.015189890569636705,BEARISH,RSI_NORMAL,LOW_VOLATILITY
2023-10-16,137.0,137.9,136.55,137.4,7790000.0,138.14999999999998,137.525,52.08333333333337,0.015118247398308778,BEARISH,RSI_NORMAL,LOW_VOLATILITY
2023-10-17,137.5,138.9,137.5,138.55,6080000.0,137.87,137.6675,52.3316062176166,0.015085497458959575,BULLISH,RSI_NORMAL,LOW_VOLATILITY
2023-10-18,138.75,138.95,136.4,137.05,6810000.0,137.73,137.525,51.13924050632916,0.01355638636472286,BEARISH,RSI_NORMAL,LOW_VOLATILITY
2023-10-19,136.0,137.2,135.05,137.0,7780000.0,137.49,137.53000000000003,55.34246575342464,0.012668875637602332,BEARISH,RSI_NORMAL,LOW_VOLATILITY
2023-10-20,136.7,136.9,133.5,134.2,8980000.0,136.84,137.47750000000002,38.48314606741563,0.013219447178998152,BEARISH,RSI_NORMAL,LOW_VOLATILITY
2023-10-23,134.3,135.9,131.4,132.7,19330000.0,135.9,137.31,32.33695652173911,0.013347915271544762,BEARISH,RSI_NORMAL,LOW_VOLATILITY
2023-10-25,132.5,134.65,129.25,131.2,10230000.0,134.43,137.04000000000002,30.434782608695613,0.013473513210208848,BEARISH,RSI_NORMAL,LOW_VOLATILITY
2023-10-26,130.0,130.2,127.0,128.85,18170000.0,132.79000000000002,136.6,26.834862385321088,0.013725510772634977,BEARISH,RSI_LOW,LOW_VOLATILITY
2023-10-27,129.25,132.85,129.25,132.2,8760000.0,131.82999999999998,136.38,36.454183266932226,0.015142199344071886,BEARISH,RSI_NORMAL,LOW_VOLATILITY
2023-10-30,133.5,133.95,130.8,131.95,9050000.0,131.37999999999997,136.225,41.402714932126656,0.01496605666751372,BEARISH,RSI_NORMAL,LOW_VOLATILITY
2023-10-31,132.5,133.65,130.75,133.25,8100000.0,131.49,135.97250000000003,32.55208333333336,0.01401790381680373,BEARISH,RSI_NORMAL,LOW_VOLATILITY
2023-11-01,133.75,134.55,132.05,132.4,10430000.0,131.73,135.6325,35.014005602240914,0.013913407446643877,BEARISH,RSI_NORMAL,LOW_VOLATILITY
2023-11-02,133.7,135.0,133.3,134.75,4890000.0,132.91,135.42749999999998,41.265822784810155,0.014624979311455736,BEARISH,RSI_NORMAL,LOW_VOLATILITY
2023-11-03,135.15,137.0,134.75,135.95,9160000.0,133.66,135.2775,46.28712871287129,0.014800794120919976,BULLISH,RSI_NORMAL,LOW_VOLATILITY
2023-11-06,136.95,138.0,136.0,137.65,7070000.0,134.8,135.21,50.57208237986269,0.015104972459186489,BULLISH,RSI_NORMAL,LOW_VOLATILITY
2023-11-07,137.55,138.95,136.7,138.05,8590000.0,135.76,135.325,48.81516587677725,0.014109018340858868,BULLISH,RSI_NORMAL,LOW_VOLATILITY
2023-11-08,137.75,141.15,137.7,140.4,9760000.0,137.35999999999999,135.3475,57.63097949886103,0.012837220541488665,BULLISH,RSI_NORMAL,LOW_VOLATILITY
2023-11-09,139.95,139.95,137.6,137.95,5480000.0,138.0,135.3575,51.950718685831596,0.012955711692044326,BULLISH,RSI_NORMAL,LOW_VOLATILITY
2023-11-10,137.5,139.1,137.05,138.8,5780000.0,138.57,135.3875,60.267857142857174,0.013008404025851076,BULLISH,RSI_NORMAL,LOW_VOLATILITY
2023-11-12,139.95,140.2,139.4,139.6,1360000.0,138.96,135.495,65.89861751152074,0.012989905134193468,BULLISH,RSI_NORMAL,LOW_VOLATILITY
2023-11-13,139.15,144.2,139.05,143.4,20250000.0,140.03,135.79500000000002,75.41666666666667,0.014256212150372293,BULLISH,RSI_HIGH,LOW_VOLATILITY
2023-11-15,144.5,145.4,142.5,143.05,11440000.0,140.56,136.02,82.27272727272727,0.014216281477259226,BULLISH,RSI_HIGH,LOW_VOLATILITY
2023-11-16,143.25,144.35,142.2,142.6,11450000.0,141.49,136.29749999999999,77.2251308900523,0.013961688000080106,BULLISH,RSI_HIGH,LOW_VOLATILITY
2023-11-17,142.85,146.5,141.8,146.1,13500000.0,142.95,136.7525,81.65548098433999,0.014817000868674218,BULLISH,RSI_HIGH,LOW_VOLATILITY
2023-11-20,146.4,146.75,143.15,143.85,7740000.0,143.8,137.23499999999999,72.74678111587978,0.014429547059306052,BULLISH,RSI_HIGH,LOW_VOLATILITY
2023-11-21,144.15,144.55,142.25,142.85,9970000.0,143.69,137.7425,72.28144989339012,0.01423172638987883,BULLISH,RSI_HIGH,LOW_VOLATILITY
2023-11-22,143.25,143.45,140.15,141.85,7450000.0,143.45,138.275,66.06334841628956,0.014022545750443679,BULLISH,RSI_NORMAL,LOW_VOLATILITY
2023-11-23,141.85,142.55,139.1,139.35,13140000.0,142.8,138.8,57.26495726495726,0.013999039130888232,BULLISH,RSI_NORMAL,LOW_VOLATILITY
2023-11-24,139.95,142.15,137.35,140.35,19610000.0,141.65,139.2075,55.94713656387661,0.01304354512096976,BULLISH,RSI_NORMAL,LOW_VOLATILITY
2023-11-28,141.65,141.8,140.4,141.3,8600000.0,141.14000000000001,139.675,56.989247311827945,0.01301367668485975,BULLISH,RSI_NORMAL,LOW_VOLATILITY
2023-11-29,142.05,142.65,140.5,141.0,14680000.0,140.76999999999998,140.0625,51.41509433962262,0.012981925866656559,BULLISH,RSI_NORMAL,LOW_VOLATILITY
2023-11-30,141.0,146.35,140.75,145.9,27590000.0,141.58,140.7375,66.8076109936575,0.014591043496619611,BULLISH,RSI_NORMAL,LOW_VOLATILITY
2023-12-01,147.95,150.3,146.75,147.45,34470000.0,143.2,141.3725,67.76180698151944,0.014347465015284888,BULLISH,RSI_NORMAL,LOW_VOLATILITY
2023-12-04,152.0,157.5,151.6,153.55,51420000.0,145.84,142.2525,73.52445193929171,0.01652947952059236,BULLISH,RSI_HIGH,LOW_VOLATILITY
2023-12-05,153.7,155.1,149.95,152.0,29110000.0,147.98000000000002,142.96999999999997,65.69343065693425,0.016847623399052408,BULLISH,RSI_NORMAL,LOW_VOLATILITY
2023-12-06,152.6,157.15,151.85,156.15,26690000.0,151.01000000000002,143.875,70.99358974358968,0.01754872535265165,BULLISH,RSI_HIGH,LOW_VOLATILITY
2023-12-07,161.8,161.8,158.25,160.35,51350000.0,153.9,144.8725,75.39341917024316,0.01799871273593651,BULLISH,RSI_HIGH,LOW_VOLATILITY
2023-12-08,161.35,162.35,157.3,158.75,22870000.0,156.16000000000003,145.9125,69.13767019667169,0.017540186251246422,BULLISH,RSI_NORMAL,LOW_VOLATILITY
2023-12-11,159.8,163.25,159.15,161.25,22940000.0,157.7,147.035,76.12612612612611,0.01764126653763927,BULLISH,RSI_HIGH,LOW_VOLATILITY
2023-12-12,162.45,162.8,160.0,160.8,16309999.999999998,159.45999999999998,148.095,77.40458015267176,0.017792978272794024,BULLISH,RSI_HIGH,LOW_VOLATILITY
2023-12-13,160.2,163.9,159.4,162.85,16800000.0,160.8,149.0675,81.06508875739644,0.017222900729448817,BULLISH,RSI_HIGH,LOW_VOLATILITY
2023-12-14,163.1,164.35,162.6,164.0,13890000.0,161.53,150.11499999999998,87.9815100154083,0.017093303400132553,BULLISH,RSI_HIGH,LOW_VOLATILITY
2023-12-15,166.0,170.2,165.25,169.05,39770000.0,163.59,151.4375,89.31506849315068,0.01770726512098382,BULLISH,RSI_HIGH,LOW_VOLATILITY
2023-12-18,171.75,174.35,169.45,172.7,35900000.0,165.88,152.76749999999998,90.05102040816325,0.017579975583981857,BULLISH,RSI_HIGH,LOW_VOLATILITY
2023-12-19,172.9,174.4,171.1,173.05,14730000.0,168.33,154.22750000000002,90.82802547770702,0.016742680485092185,BULLISH,RSI_HIGH,LOW_VOLATILITY
2023-12-20,173.75,176.3,166.15,167.25,24510000.0,169.20999999999998,155.44750000000002,76.58779576587794,0.01900964689996961,BULLISH,RSI_HIGH,LOW_VOLATILITY
2023-12-21,165.0,171.85,164.05,170.65,22650000.0,170.54000000000002,156.8875,77.61904761904762,0.018849653502903945,BULLISH,RSI_HIGH,LOW_VOLATILITY
2023-12-22,171.95,175.25,169.4,174.8,19640000.0,171.69,158.66,76.52933832709112,0.017992290032063655,BULLISH,RSI_HIGH,LOW_VOLATILITY
2023-12-26,178.0,184.5,178.0,181.95,52740000.0,173.54000000000002,160.74,82.8039430449069,0.01910684086464463,BULLISH,RSI_HIGH,LOW_VOLATILITY
2023-12-27,184.0,184.9,179.1,180.2,26210000.0,174.97,162.685,77.80346820809248,0.019739662004408434,BULLISH,RSI_HIGH,LOW_VOLATILITY
2023-12-28,181.5,184.25,180.8,182.7,20450000.0,178.06,164.76999999999998,76.89530685920577,0.01944132025777238,BULLISH,RSI_HIGH,LOW_VOLATILITY
2023-12-29,182.95,185.2,181.1,184.2,19310000.0,180.76999999999998,166.685,80.69963811821471,0.018788906603623205,BULLISH,RSI_HIGH,LOW_VOLATILITY
2024-01-01,184.8,187.0,184.45,184.95,18010000.0,182.8,168.56,79.84886649874055,0.018869097202579243,BULLISH,RSI_HIGH,LOW_VOLATILITY
2024-01-02,186.0,186.2,179.75,182.15,22790000.0,182.83999999999997,169.99,75.38644470868014,0.018395703344827232,BULLISH,RSI_HIGH,LOW_VOLATILITY
2024-01-03,182.35,184.7,180.6,182.35,18740000.0,183.27,171.5075,74.25373134328359,0.01795770679486261,BULLISH,RSI_HIGH,LOW_VOLATILITY
2024-01-04,182.5,187.65,182.5,186.9,25400000.0,184.10999999999999,173.04500000000002,76.26146788990826,0.017840969784535973,BULLISH,RSI_HIGH,LOW_VOLATILITY
2024-01-05,187.7,188.65,184.05,185.95,22020000.0,184.45999999999998,174.325,71.39240506329111,0.017600892807242256,BULLISH,RSI_HIGH,LOW_VOLATILITY
2024-01-08,186.75,187.5,183.2,183.6,11470000.0,184.19,175.56750000000002,64.26701570680629,0.017749950077344177,BULLISH,RSI_NORMAL,LOW_VOLATILITY
2024-01-09,184.9,186.7,184.2,184.65,11550000.0,184.69,176.7375,64.91002570694087,0.01764444839915161,BULLISH,RSI_NORMAL,LOW_VOLATILITY
2024-01-10,184.4,186.0,182.05,185.6,8700000.0,185.33999999999997,177.97750000000002,76.94566813509545,0.01750263626624687,BULLISH,RSI_HIGH,LOW_VOLATILITY
2024-01-11,187.0,187.65,183.8,184.35,10940000.0,184.82999999999998,179.0525,71.47335423197492,0.017726672531687856,BULLISH,RSI_HIGH,LOW_VOLATILITY
2024-01-12,185.35,185.5,183.1,183.5,8850000.0,184.34,180.0275,65.20979020979021,0.017893997999446885,BULLISH,RSI_NORMAL,LOW_VOLATILITY
2024-01-15,184.9,189.9,184.1,188.65,24570000.0,185.35,181.0075,62.593984962406054,0.017702758663343036,BULLISH,RSI_NORMAL,LOW_VOLATILITY
2024-01-16,188.9,190.25,185.1,186.8,16469999.999999998,185.78,181.7125,62.3595505617978,0.017606431350798143,BULLISH,RSI_NORMAL,LOW_VOLATILITY
2024-01-17,186.3,188.5,183.8,185.65,16350000.000000002,185.79000000000002,182.3425,55.81854043392509,0.017751104076841384,BULLISH,RSI_NORMAL,LOW_VOLATILITY
2024-01-18,185.65,189.0,180.0,188.2,24830000.0,186.56,183.39,57.575757575757585,0.015549355629140388,BULLISH,RSI_NORMAL,LOW_VOLATILITY
2024-01-19,190.0,193.7,190.0,191.85,22300000.0,188.23,184.45,61.77474402730377,0.015505470600429087,BULLISH,RSI_NORMAL,LOW_VOLATILITY
2024-01-20,193.0,195.0,190.7,193.4,12650000.0,189.18,185.38,70.05347593582887,0.01490857333076643,BULLISH,RSI_HIGH,LOW_VOLATILITY
2024-01-23,195.25,195.5,184.4,187.1,26630000.0,189.23999999999998,185.6375,56.95461200585651,0.014692117802461536,BULLISH,RSI_NORMAL,LOW_VOLATILITY
2024-01-24,186.8,190.2,184.0,189.25,14740000.0,189.95999999999998,186.09,53.700787401574786,0.014609440577275975,BULLISH,RSI_NORMAL,LOW_VOLATILITY
2024-01-25,190.75,192.0,188.3,189.7,12590000.0,190.26,186.44,55.99999999999999,0.014364769222704276,BULLISH,RSI_NORMAL,LOW_VOLATILITY
2024-01-29,190.0,193.7,187.55,190.9,28920000.0,190.07,186.775,62.12624584717609,0.014327885129774532,BULLISH,RSI_NORMAL,LOW_VOLATILITY
2024-01-30,192.0,192.35,187.0,187.9,20890000.0,188.97,186.9225,55.07020280811233,0.014842867741301488,BULLISH,RSI_NORMAL,LOW_VOLATILITY
2024-01-31,188.2,189.1,184.85,185.9,23760000.0,188.73000000000002,187.10999999999999,50.45317220543809,0.014619621836396176,BEARISH,RSI_NORMAL,LOW_VOLATILITY
2024-02-01,187.7,188.4,181.55,183.4,27840000.0,187.56,187.1625,48.61717612809318,0.014978250181949787,BEARISH,RSI_NORMAL,LOW_VOLATILITY
2024-02-02,185.0,187.75,183.85,184.6,27710000.0,186.54000000000002,187.04749999999999,51.585014409221884,0.013917748033709803,BEARISH,RSI_NORMAL,LOW_VOLATILITY
2024-02-05,187.0,187.0,178.8,181.55,23880000.0,184.67000000000002,186.82750000000001,39.110429447852766,0.014343388879752074,BEARISH,RSI_NORMAL,LOW_VOLATILITY
2024-02-06,182.4,183.55,180.7,183.1,12130000.0,183.71,186.80249999999998,44.272445820433404,0.014227866922343754,BEARISH,RSI_NORMAL,LOW_VOLATILITY
2024-02-07,184.15,184.15,179.65,181.7,14190000.0,182.87,186.65500000000003,43.93241167434714,0.01425698127317831,BEARISH,RSI_NORMAL,LOW_VOLATILITY
2024-02-08,182.2,187.1,181.75,184.8,29090000.0,183.15,186.61499999999998,44.86404833836862,0.014754764525748235,BEARISH,RSI_NORMAL,LOW_VOLATILITY
2024-02-09,185.5,185.7,176.5,180.65,21080000.0,182.36,186.43,33.33333333333336,0.015524870099320697,BEARISH,RSI_NORMAL,LOW_VOLATILITY
2024-02-12,181.25,183.1,173.65,174.65,19640000.0,180.98,185.9875,25.361366622864665,0.017120281643972,BEARISH,RSI_LOW,LOW_VOLATILITY
2024-02-13,174.75,176.9,171.75,176.6,13960000.0,179.68,185.385,34.421364985163194,0.01591586879306959,BEARISH,RSI_NORMAL,LOW_VOLATILITY
2024-02-14,177.25,182.15,175.3,181.6,23450000.0,179.66000000000003,185.125,39.53488372093022,0.017301832870965414,BEARISH,RSI_NORMAL,LOW_VOLATILITY
2024-02-15,183.0,186.3,182.6,185.95,17340000.0,179.89,185.14000000000001,45.364647713226205,0.018143587174810384,BULLISH,RSI_NORMAL,LOW_VOLATILITY
2024-02-16,189.0,190.4,186.85,188.3,29840000.0,181.42000000000002,185.145,46.87500000000001,0.018102219645690146,BULLISH,RSI_NORMAL,LOW_VOLATILITY
2024-02-19,189.95,192.5,188.3,188.75,25340000.0,184.24,184.98999999999998,51.088348271446854,0.017543111787128893,BULLISH,RSI_NORMAL,LOW_VOLATILITY
2024-02-20,189.1,191.45,186.25,190.65,17810000.0,187.05,184.85250000000002,56.09756097560975,0.017600783425462577,BULLISH,RSI_NORMAL,LOW_VOLATILITY
2024-02-21,191.3,192.55,187.0,188.7,17870000.0,188.46999999999997,184.93249999999998,56.901041666666636,0.01610796516785214,BULLISH,RSI_NORMAL,LOW_VOLATILITY
2024-02-22,189.75,196.0,188.7,194.75,31990000.0,190.23000000000002,185.20749999999998,61.73410404624277,0.017444642103218437,BULLISH,RSI_NORMAL,LOW_VOLATILITY
2024-02-23,196.3,207.0,195.95,205.3,76180000.0,193.63,185.9875,73.3990147783251,0.021043015847903006,BULLISH,RSI_HIGH,HIGH_VOLATILITY
2024-02-26,205.65,206.9,202.8,204.25,27010000.0,196.73,186.655,71.04477611940295,0.021136545645933966,BULLISH,RSI_HIGH,HIGH_VOLATILITY
2024-02-27,203.55,209.0,203.1,205.35,28880000.0,199.67000000000002,187.52749999999997,73.67367367367365,0.020642774096880624,BULLISH,RSI_HIGH,HIGH_VOLATILITY
2024-02-28,206.2,209.0,201.45,205.65,39000000.0,203.06,188.51500000000001,72.11028632025447,0.02034606021313444,BULLISH,RSI_HIGH,HIGH_VOLATILITY
2024-02-29,205.45,205.9,199.75,205.1,24060000.0,205.12999999999997,189.6,78.07118254879444,0.019963820978780935,BULLISH,RSI_HIGH,LOW_VOLATILITY
2024-03-01,205.95,208.05,204.8,205.6,12950000.0,205.19,190.65,90.67017082785799,0.019976820306524885,BULLISH,RSI_HIGH,LOW_VOLATILITY
2024-03-02,207.0,207.7,206.3,206.75,1500000.0,205.69,191.91,90.46979865771803,0.019288691899691932,BULLISH,RSI_HIGH,LOW_VOLATILITY
2024-03-04,207.95,212.95,206.35,209.6,34270000.0,206.54000000000002,193.235,89.8860398860398,0.019350657579189027,BULLISH,RSI_HIGH,LOW_VOLATILITY
2024-03-05,211.0,213.75,209.85,210.75,24960000.0,207.56,194.6875,88.87147335423188,0.019049502290448248,BULLISH,RSI_HIGH,LOW_VOLATILITY
2024-03-06,211.8,213.45,205.6,210.45,26240000.0,208.62999999999997,195.97,87.10217755443873,0.019015416595043157,BULLISH,RSI_HIGH,LOW_VOLATILITY
2024-03-07,211.45,216.8,211.15,215.2,41480000.0,210.55,197.6975,88.72620790629563,0.018022558541189185,BULLISH,RSI_HIGH,LOW_VOLATILITY
2024-03-11,216.45,216.45,211.9,212.55,22800000.0,211.70999999999998,199.5925,81.37535816618906,0.015934699500743627,BULLISH,RSI_HIGH,LOW_VOLATILITY
2024-03-12,211.0,211.35,201.5,204.25,34720000.0,210.64000000000001,200.975,68.84848484848484,0.019332852616030106,BULLISH,RSI_NORMAL,LOW_VOLATILITY
2024-03-13,204.1,205.6,188.2,190.3,41620000.0,206.55,201.41000000000003,45.47304170905394,0.025070708703883518,BEARISH,RSI_NORMAL,HIGH_VOLATILITY
2024-03-14,189.0,197.15,186.25,195.25,34620000.0,203.51,201.875,38.46153846153845,0.025166802003101636,BEARISH,RSI_NORMAL,HIGH_VOLATILITY
2024-03-15,196.75,196.75,179.1,188.85,88780000.0,198.24,201.9025,34.253578732106334,0.02625298190630605,BEARISH,RSI_NORMAL,HIGH_VOLATILITY
2024-03-18,190.0,192.0,187.05,189.9,23000000.0,193.70999999999998,201.96,34.18628454452407,0.02627470022383896,BEARISH,RSI_NORMAL,HIGH_VOLATILITY
2024-03-19,190.0,192.45,184.55,185.4,27820000.0,189.94,201.6975,30.914231856738922,0.02671778029487644,BEARISH,RSI_NORMAL,HIGH_VOLATILITY
2024-03-20,186.9,187.95,182.5,187.45,16239999.999999998,189.37,201.63500000000002,33.82218148487624,0.026756957854216532,BEARISH,RSI_NORMAL,HIGH_VOLATILITY
2024-03-21,190.0,197.5,190.0,196.85,43150000.0,189.69,201.74,43.104806934594166,0.028165620865381432,BEARISH,RSI_NORMAL,HIGH_VOLATILITY
2024-03-22,196.5,198.95,192.75,197.5,31320000.0,191.42000000000002,201.35,42.652899126290706,0.025249105871664557,BEARISH,RSI_NORMAL,HIGH_VOLATILITY
2024-03-26,197.0,200.5,195.95,199.4,25720000.0,193.32,201.10750000000002,41.774193548387096,0.025356750501257606,BEARISH,RSI_NORMAL,HIGH_VOLATILITY
2024-03-27,200.0,203.95,198.0,199.45,37820000.0,196.13000000000002,200.8125,40.72249589490968,0.025315818059246945,BEARISH,RSI_NORMAL,HIGH_VOLATILITY
2024-03-28,200.5,202.45,199.0,201.5,17430000.0,198.94,200.605,42.85714285714286,0.02544010690246699,BULLISH,RSI_NORMAL,HIGH_VOLATILITY
2024-04-01,205.0,212.75,203.75,211.1,45840000.0,201.79,200.905,46.96296296296296,0.02762911248761855,BULLISH,RSI_NORMAL,HIGH_VOLATILITY
2024-04-02,213.75,222.65,212.6,221.0,93870000.0,206.49,201.675,55.65217391304347,0.02941329917650391,BULLISH,RSI_NORMAL,HIGH_VOLATILITY
2024-04-03,221.7,225.45,218.85,221.5,47660000.0,210.91,202.4125,62.88274831964152,0.02941342351190399,BULLISH,RSI_NORMAL,HIGH_VOLATILITY
2024-04-04,223.5,223.9,218.25,220.3,18280000.0,215.07999999999998,202.9475,77.67527675276753,0.029385986587437515,BULLISH,RSI_HIGH,HIGH_VOLATILITY
2024-04-05,220.35,226.0,218.75,224.5,25370000.0,219.67999999999998,203.635,77.36202057998129,0.02960479775169222,BULLISH,RSI_HIGH,HIGH_VOLATILITY
2024-04-08,225.55,225.7,222.1,223.55,16420000.000000002,222.17000000000002,204.29000000000002,86.14583333333337,0.02963644041248504,BULLISH,RSI_HIGH,HIGH_VOLATILITY
2024-04-09,224.8,228.9,221.2,228.15,29050000.0,223.6,204.9375,87.09990300678956,0.029572004677554116,BULLISH,RSI_HIGH,HIGH_VOLATILITY
2024-04-10,229.0,232.85,226.5,228.75,37220000.0,225.05,205.7475,95.48793284365166,0.02934345305730762,BULLISH,RSI_HIGH,HIGH_VOLATILITY
2024-04-12,231.3,235.4,230.55,233.5,57170000.0,227.69,207.20999999999998,95.72989076464751,0.027718222141746383,BULLISH,RSI_HIGH,HIGH_VOLATILITY
2024-04-15,230.0,238.0,226.0,234.45,51680000.0,229.68,209.41749999999996,94.86873508353227,0.02135251051899509,BULLISH,RSI_HIGH,HIGH_VOLATILITY
2024-04-16,232.5,236.95,230.0,233.45,32510000.0,231.66,211.32750000000001,92.5443786982249,0.021283025780377583,BULLISH,RSI_HIGH,HIGH_VOLATILITY
2024-04-18,235.6,237.4,229.2,231.15,18620000.0,232.26,213.44249999999997,87.2215709261431,0.019441546855357497,BULLISH,RSI_HIGH,LOW_VOLATILITY
2024-04-19,228.55,234.5,225.7,233.3,27230000.0,233.17,215.6125,87.8212290502794,0.019411179655520375,BULLISH,RSI_HIGH,LOW_VOLATILITY
2024-04-22,236.0,236.15,232.3,233.3,17550000.0,233.12999999999997,218.00750000000002,87.23653395784551,0.017875143994078073,BULLISH,RSI_HIGH,LOW_VOLATILITY
2024-04-23,234.25,236.1,231.75,234.35,19200000.0,233.10999999999999,220.35250000000002,84.04099560761355,0.01794762360094865,BULLISH,RSI_HIGH,LOW_VOLATILITY
2024-04-24,235.25,239.15,234.1,236.5,33390000.0,233.71999999999997,222.33499999999998,79.3560606060607,0.015454611276787196,BULLISH,RSI_HIGH,LOW_VOLATILITY
2024-04-25,236.4,240.05,235.45,237.6,16200000.0,235.01,224.34,79.8148148148149,0.015429846739768662,BULLISH,RSI_HIGH,LOW_VOLATILITY
2024-04-26,238.5,241.65,237.9,238.95,20470000.0,236.14000000000001,226.31750000000002,84.34622467771645,0.01545194861612059,BULLISH,RSI_HIGH,LOW_VOLATILITY
2024-04-29,240.15,240.2,234.85,235.4,19880000.0,236.56,228.11499999999995,70.56603773584914,0.016260514933752013,BULLISH,RSI_HIGH,LOW_VOLATILITY
2024-04-30,236.3,237.3,233.2,233.75,14510000.0,236.44,229.72749999999996,68.75000000000003,0.01661351174969168,BULLISH,RSI_NORMAL,LOW_VOLATILITY
2024-05-02,234.7,237.4,230.75,234.75,19170000.0,236.09,230.91,63.98305084745765,0.013680485593583296,BULLISH,RSI_NORMAL,LOW_VOLATILITY
2024-05-03,237.1,238.0,231.15,234.1,15780000.0,235.39000000000001,231.565,61.31078224101481,0.009674778465855799,BULLISH,RSI_NORMAL,LOW_VOLATILITY
2024-05-06,235.1,235.85,230.0,231.85,32420000.0,233.96999999999997,232.08250000000004,46.09929078014182,0.01007382988410952,BEARISH,RSI_NORMAL,LOW_VOLATILITY
2024-05-07,232.5,235.8,225.45,227.4,26420000.0,232.36999999999998,232.4375,35.699797160243406,0.011054918710334264,BEARISH,RSI_NORMAL,LOW_VOLATILITY
2024-05-08,227.2,232.65,224.6,231.6,18950000.0,231.94,232.79250000000002,46.6786355475763,0.011006246096206752,BEARISH,RSI_NORMAL,LOW_VOLATILITY
2024-05-09,234.5,238.2,225.3,226.2,35230000.0,230.23000000000002,232.925,42.00323101777056,0.012292043161066109,BEARISH,RSI_NORMAL,LOW_VOLATILITY
2024-05-10,227.9,228.5,223.15,227.1,18480000.0,228.82999999999998,232.8725,39.56228956228953,0.011404944874320628,BEARISH,RSI_NORMAL,LOW_VOLATILITY
2024-05-13,228.4,228.7,221.0,224.75,32870000.0,227.41,232.67249999999999,36.66146645865831,0.011604774379747312,BEARISH,RSI_NORMAL,LOW_VOLATILITY
2024-05-14,225.75,231.9,225.75,230.95,23190000.0,228.11999999999998,232.54500000000002,45.430107526881706,0.012348843622697312,BEARISH,RSI_NORMAL,LOW_VOLATILITY
2024-05-15,231.8,234.5,229.55,232.85,33050000.0,228.36999999999998,232.465,45.06089309878213,0.012463868262345811,BULLISH,RSI_NORMAL,LOW_VOLATILITY
2024-05-16,234.75,240.0,227.5,237.9,55560000.0,230.70999999999998,232.6875,50.36674816625918,0.01334569463972694,BULLISH,RSI_NORMAL,LOW_VOLATILITY
2024-05-17,241.0,249.65,237.85,248.2,82230000.0,234.92999999999998,233.54000000000002,59.2778335005015,0.016076890040992373,BULLISH,RSI_NORMAL,LOW_VOLATILITY
2024-05-18,251.5,260.6,250.05,258.8,23620000.0,241.73999999999995,234.81499999999997,70.56239015817224,0.018275925127064316,BULLISH,RSI_HIGH,LOW_VOLATILITY
2024-05-21,283.0,283.0,271.05,274.15,127040000.0,250.38000000000002,236.8575,78.61189801699717,0.021828012867365593,BULLISH,RSI_HIGH,HIGH_VOLATILITY
2024-05-22,277.0,284.5,264.3,283.6,85800000.0,260.53000000000003,239.32,80.89816571790007,0.022567997598602955,BULLISH,RSI_HIGH,HIGH_VOLATILITY
2024-05-23,286.3,293.3,283.2,288.5,70630000.0,270.65,241.92,82.6530612244898,0.022628442457353397,BULLISH,RSI_HIGH,HIGH_VOLATILITY
2024-05-24,288.0,299.9,286.0,297.2,63610000.0,280.45,244.9,86.40668523676881,0.023013133661795988,BULLISH,RSI_HIGH,HIGH_VOLATILITY
2024-05-27,301.75,303.2,289.65,294.45,49890000.0,287.58,247.675,88.07495741056218,0.023450063067172695,BULLISH,RSI_HIGH,HIGH_VOLATILITY
2024-05-28,295.7,295.75,285.05,289.1,33890000.0,290.57,250.36000000000004,82.2309417040359,0.023651325962683458,BULLISH,RSI_HIGH,HIGH_VOLATILITY
2024-05-29,285.4,293.95,285.0,292.15,31650000.0,292.28000000000003,253.28000000000003,87.96776050662065,0.0232867788414433,BULLISH,RSI_HIGH,HIGH_VOLATILITY
2024-05-30,293.0,296.3,289.65,290.65,42770000.0,292.71000000000004,256.075,86.33504859919957,0.023533513067077176,BULLISH,RSI_HIGH,HIGH_VOLATILITY
2024-05-31,294.2,297.2,286.3,295.95,51400000.0,292.46,259.16749999999996,89.38053097345136,0.02335488464379623,BULLISH,RSI_HIGH,HIGH_VOLATILITY
2024-06-03,323.0,323.0,309.3,318.65,67260000.0,297.3,263.5075,91.01964452759591,0.026854747757526023,BULLISH,RSI_HIGH,HIGH_VOLATILITY
2024-06-04,312.0,312.0,230.05,255.55,268050000.0,290.59000000000003,264.915,56.751933372992276,0.05467612709091884,BEARISH,RSI_NORMAL,HIGH_VOLATILITY
2024-06-05,264.5,264.5,230.0,260.35,193490000.0,284.23,266.35249999999996,56.68751861781354,0.05467950474828083,BEARISH,RSI_NORMAL,HIGH_VOLATILITY
2024-06-06,267.0,281.5,267.0,273.65,95500000.0,280.83,268.725,57.44805384840503,0.0550071062600835,BULLISH,RSI_NORMAL,HIGH_VOLATILITY
2024-06-07,274.0,284.55,268.7,283.2,60110000.0,278.28000000000003,271.53000000000003,57.1849234393404,0.05522882043163324,BULLISH,RSI_NORMAL,HIGH_VOLATILITY
2024-06-10,288.9,292.0,281.1,283.4,42360000.0,271.22999999999996,274.4625,52.99062398965406,0.055040996946702496,BULLISH,RSI_NORMAL,HIGH_VOLATILITY
2024-06-11,287.0,290.5,285.35,286.2,32270000.000000004,277.36,277.22499999999997,50.87837837837837,0.054940660672501064,BULLISH,RSI_NORMAL,HIGH_VOLATILITY
2024-06-12,287.9,293.0,286.05,290.5,33990000.0,283.39,280.10749999999996,50.67842605156038,0.05493470865770686,BULLISH,RSI_NORMAL,HIGH_VOLATILITY
2024-06-13,293.9,303.0,287.05,300.9,49510000.0,288.84,283.2575,51.240778001341376,0.055146331143072456,BULLISH,RSI_NORMAL,HIGH_VOLATILITY
2024-06-14,305.0,310.5,301.5,309.6,67370000.0,294.12,286.3275,54.88552079974203,0.054829042607792665,BULLISH,RSI_NORMAL,HIGH_VOLATILITY
2024-06-18,313.0,321.0,312.25,318.25,64860000.0,301.09000000000003,289.3,59.20429428481212,0.054502061823538436,BULLISH,RSI_NORMAL,HIGH_VOLATILITY
2024-06-19,319.9,319.9,304.1,309.3,58700000.0,305.71,291.0575,55.220700152207016,0.05400816385227322,BULLISH,RSI_NORMAL,HIGH_VOLATILITY
2024-06-20,309.8,313.35,302.25,311.9,39510000.0,309.99,292.47249999999997,56.42576353190203,0.053638506225126587,BULLISH,RSI_NORMAL,HIGH_VOLATILITY
2024-06-21,312.7,314.0,304.1,304.95,37620000.0,310.8,293.295,52.69461077844312,0.053940289974084704,BULLISH,RSI_NORMAL,HIGH_VOLATILITY
2024-06-24,304.8,311.9,297.45,309.75,39140000.0,310.83000000000004,293.9225,47.015425888665334,0.053672317992249814,BULLISH,RSI_NORMAL,HIGH_VOLATILITY
2024-06-25,310.9,314.95,309.2,309.7,29120000.0,309.12,294.685,81.46426496223125,0.053596319530676416,BULLISH,RSI_HIGH,HIGH_VOLATILITY
2024-06-26,310.0,311.5,305.85,306.85,24240000.0,308.63,295.57250000000005,77.64565992865639,0.05343803704375787,BULLISH,RSI_HIGH,HIGH_VOLATILITY
2024-06-27,306.1,308.15,301.2,304.5,40000000.0,307.15,296.19,71.08680792891322,0.053484391481811284,BULLISH,RSI_HIGH,HIGH_VOLATILITY
2024-06-28,306.0,309.8,302.75,305.9,24260000.0,307.34000000000003,296.9525,67.46153846153848,0.05344522624609957,BULLISH,RSI_NORMAL,HIGH_VOLATILITY
2024-07-01,310.95,312.5,305.85,307.65,39500000.0,306.91999999999996,297.5375,68.21938392186327,0.05334373436593263,BULLISH,RSI_NORMAL,HIGH_VOLATILITY
2024-07-02,309.0,309.0,303.0,306.1,23970000.0,306.2,296.90999999999997,65.23736600306285,0.05048999593371188,BULLISH,RSI_NORMAL,HIGH_VOLATILITY
2024-07-03,307.0,315.45,305.75,314.5,44920000.0,307.72999999999996,299.85749999999996,67.29106628242079,0.020166131585797626,BULLISH,RSI_NORMAL,HIGH_VOLATILITY
2024-07-04,317.4,318.5,313.05,317.35,35590000.0,310.3,302.70750000000004,63.298302344381625,0.02007606760936702,BULLISH,RSI_NORMAL,HIGH_VOLATILITY
2024-07-05,317.65,326.8,314.5,324.05,63130000.0,313.93,305.22749999999996,62.07184628237262,0.017854303420837967,BULLISH,RSI_NORMAL,LOW_VOLATILITY
2024-07-08,328.45,335.8,325.6,334.6,70980000.0,319.32,307.7975,63.238866396761175,0.01767984641060704,BULLISH,RSI_NORMAL,LOW_VOLATILITY
2024-07-09,338.0,339.35,328.7,334.8,52230000.0,325.06000000000006,310.3675,74.05660377358495,0.017682386946191217,BULLISH,RSI_HIGH,LOW_VOLATILITY
2024-07-10,340.0,340.5,324.15,333.85,46780000.0,328.93,312.75,71.37293086660183,0.017858557464210358,BULLISH,RSI_HIGH,LOW_VOLATILITY
2024-07-11,335.5,338.2,333.0,335.5,31920000.0,332.56,315.0,83.17046688382202,0.017788445752609214,BULLISH,RSI_HIGH,LOW_VOLATILITY
2024-07-12,336.9,337.5,328.1,333.1,24520000.0,334.37,316.61,76.74684994272634,0.016738060916893473,BULLISH,RSI_HIGH,LOW_VOLATILITY
2024-07-15,336.0,336.05,331.0,331.4,22020000.0,333.72999999999996,317.7,73.95143487858724,0.015912639932584047,BULLISH,RSI_HIGH,LOW_VOLATILITY
2024-07-16,333.25,334.4,324.5,326.15,26590000.0,332.0,318.095,70.230607966457,0.015380196928216856,BULLISH,RSI_HIGH,LOW_VOLATILITY
2024-07-18,326.5,326.7,312.3,313.55,48040000.0,327.94,318.3075,57.80845556514239,0.016573078698026468,BEARISH,RSI_NORMAL,LOW_VOLATILITY
2024-07-19,309.9,316.9,305.0,306.3,43310000.0,322.1,318.0275,50.313479623824485,0.017296534466927447,BEARISH,RSI_NORMAL,LOW_VOLATILITY
2024-07-22,306.0,314.7,297.3,312.3,39390000.0,317.93999999999994,318.395,53.416605437178575,0.017087500205759255,BEARISH,RSI_NORMAL,LOW_VOLATILITY
2024-07-23,317.0,317.0,281.1,301.45,76510000.0,311.95,317.97999999999996,46.99418228829991,0.018515768869211593,BEARISH,RSI_NORMAL,LOW_VOLATILITY
2024-07-24,302.5,306.5,299.3,300.1,24100000.0,306.74,317.5,39.75817923186346,0.01852825990676778,BEARISH,RSI_NORMAL,LOW_VOLATILITY
2024-07-25,297.95,303.4,293.4,301.45,27820000.0,304.32,317.22999999999996,38.44476744186043,0.018478182602651234,BEARISH,RSI_NORMAL,LOW_VOLATILITY
2024-07-26,303.8,310.5,302.0,309.9,24510000.0,305.04,317.5,39.97165131112682,0.01947000724862606,BEARISH,RSI_NORMAL,LOW_VOLATILITY
2024-07-29,312.8,325.6,310.85,321.35,51390000.0,306.85,318.2725,40.727781665500345,0.02105832505280729,BULLISH,RSI_NORMAL,HIGH_VOLATILITY
2024-07-30,325.2,326.55,317.6,318.1,41110000.0,310.18,318.795,38.791946308724825,0.02123480376441623,BEARISH,RSI_NORMAL,HIGH_VOLATILITY
2024-07-31,319.9,320.6,315.45,316.05,25710000.0,313.37,319.2925,38.22751322751322,0.021261250129598112,BEARISH,RSI_NORMAL,HIGH_VOLATILITY
2024-08-01,317.7,317.7,308.05,311.15,28140000.0,315.31000000000006,319.125,34.559289790741914,0.020698073414193014,BEARISH,RSI_NORMAL,HIGH_VOLATILITY
2024-08-02,305.3,308.7,301.7,302.95,26160000.0,313.91999999999996,318.405,32.191376255168336,0.021356596766914687,BEARISH,RSI_NORMAL,HIGH_VOLATILITY
2024-08-05,289.85,297.45,285.0,290.25,50390000.0,307.7,316.71500000000003,28.489283847360184,0.02237702568048577,BEARISH,RSI_LOW,HIGH_VOLATILITY
2024-08-06,292.0,302.6,286.35,287.25,39170000.0,301.53000000000003,314.34749999999997,29.17558886509636,0.0205427087677496,BEARISH,RSI_LOW,HIGH_VOLATILITY
2024-08-07,295.5,301.0,289.8,300.2,22200000.0,298.36,312.61749999999995,42.87999999999999,0.023630359304872072,BEARISH,RSI_NORMAL,HIGH_VOLATILITY
2024-08-08,301.0,302.7,297.15,298.25,21960000.0,295.78,310.8375,45.44940644431881,0.023625473713900426,BEARISH,RSI_NORMAL,HIGH_VOLATILITY
2024-08-09,302.5,305.0,300.65,302.2,15550000.0,295.63,309.1725,44.15509259259258,0.023887432699001267,BEARISH,RSI_NORMAL,HIGH_VOLATILITY
2024-08-12,299.0,303.65,298.25,301.4,15360000.0,297.86,307.5875,49.967256057629335,0.023886732664512304,BEARISH,RSI_NORMAL,HIGH_VOLATILITY
2024-08-13,302.0,302.65,295.4,296.15,14750000.0,299.64,305.825,47.538940809968814,0.024055352344010704,BEARISH,RSI_NORMAL,HIGH_VOLATILITY
2024-08-14,296.15,297.05,290.65,293.7,16640000.0,298.34000000000003,304.2025,45.23663183773817,0.023940585044561747,BEARISH,RSI_NORMAL,HIGH_VOLATILITY
2024-08-16,296.5,303.9,296.0,303.3,21350000.0,299.35,303.68999999999994,46.00000000000002,0.023971685843260596,BEARISH,RSI_NORMAL,HIGH_VOLATILITY
2024-08-19,304.8,305.55,301.1,302.15,12230000.0,299.34,303.4825,36.70360110803322,0.02343291473146482,BEARISH,RSI_NORMAL,HIGH_VOLATILITY
2024-08-20,302.15,304.5,297.8,303.15,14180000.0,299.68999999999994,303.025,39.31379556826302,0.02297959739519708,BULLISH,RSI_NORMAL,HIGH_VOLATILITY
2024-08-21,303.0,306.75,302.55,305.4,11860000.0,301.53999999999996,303.2225,42.40912330719884,0.021638876069563318,BULLISH,RSI_NORMAL,HIGH_VOLATILITY
2024-08-22,306.4,306.9,303.5,304.5,13070000.0,303.7,303.4425,44.973544973544996,0.0216216489565272,BULLISH,RSI_NORMAL,HIGH_VOLATILITY
2024-08-23,305.5,309.2,304.1,306.0,21890000.0,304.23999999999995,303.66999999999996,52.56518082422204,0.02162555486243579,BULLISH,RSI_NORMAL,HIGH_VOLATILITY
2024-08-26,308.7,308.9,305.8,306.7,15280000.0,305.15,303.51,67.3340358271865,0.02067534586211167,BULLISH,RSI_NORMAL,HIGH_VOLATILITY
2024-08-27,306.6,307.45,299.6,300.9,16870000.0,304.7,302.4875,63.58208955223878,0.01908846541431321,BEARISH,RSI_NORMAL,LOW_VOLATILITY
2024-08-28,301.05,304.5,299.5,299.95,14010000.0,303.60999999999996,301.58,49.67320261437908,0.019017377317555925,BEARISH,RSI_NORMAL,LOW_VOLATILITY
2024-08-29,299.35,301.05,292.1,296.2,19190000.0,301.94999999999993,300.5875,47.44069912609237,0.01912703308071226,BEARISH,RSI_NORMAL,LOW_VOLATILITY
2024-08-30,296.8,302.15,294.35,299.3,28690000.0,300.61,299.995,46.3010204081633,0.019119653498453945,BEARISH,RSI_NORMAL,LOW_VOLATILITY
2024-09-02,301.95,301.95,295.05,296.9,11710000.0,298.65,299.6925,44.485294117647065,0.01830071212514088,BEARISH,RSI_NORMAL,LOW_VOLATILITY
2024-09-03,300.0,301.35,296.75,297.15,13970000.0,297.9,300.0375,51.39664804469274,0.015539382018980237,BEARISH,RSI_NORMAL,LOW_VOLATILITY
2024-09-04,297.15,301.9,295.3,298.95,17940000.0,297.7,300.6225,57.467994310099556,0.015324829483748869,BEARISH,RSI_NORMAL,LOW_VOLATILITY
2024-09-05,299.0,299.5,290.0,290.6,26340000.0,296.58000000000004,300.14250000000004,31.268436578171134,0.013081011523039417,BEARISH,RSI_NORMAL,LOW_VOLATILITY
2024-09-06,290.35,290.35,282.05,283.6,30060000.0,293.43999999999994,299.40999999999997,26.666666666666714,0.013991418854542793,BEARISH,RSI_LOW,LOW_VOLATILITY
2024-09-09,282.0,284.5,275.75,281.55,29170000.0,290.37,298.37749999999994,23.52941176470594,0.013526100597682425,BEARISH,RSI_LOW,LOW_VOLATILITY
2024-09-10,282.5,288.35,282.3,285.75,19980000.0,288.09,297.59499999999997,27.01754385964915,0.014137107251850467,BEARISH,RSI_LOW,LOW_VOLATILITY
2024-09-11,286.45,290.45,284.35,288.05,21650000.0,285.91,297.19,31.3703284258211,0.013873535523443127,BEARISH,RSI_NORMAL,LOW_VOLATILITY
2024-09-12,290.9,292.5,289.0,291.7,16100000.000000002,286.13,297.09,34.5572354211663,0.014107537096390755,BEARISH,RSI_NORMAL,LOW_VOLATILITY
2024-09-13,293.0,294.0,289.6,289.95,12330000.0,287.4,296.4225,32.31256599788807,0.011821209659541755,BEARISH,RSI_NORMAL,LOW_VOLATILITY
2024-09-16,290.9,292.2,288.4,290.4,9180000.0,289.16999999999996,295.835,37.5,0.011843264783543994,BEARISH,RSI_NORMAL,LOW_VOLATILITY
2024-09-17,290.5,290.85,283.9,284.3,15950000.0,288.88,294.89250000000004,33.40402969247086,0.012508162291876701,BEARISH,RSI_NORMAL,LOW_VOLATILITY
2024-09-18,284.9,286.0,280.4,282.85,10450000.0,287.84,293.765,35.11705685618732,0.012263181845859367,BEARISH,RSI_NORMAL,LOW_VOLATILITY
2024-09-19,284.0,284.85,267.1,272.7,44560000.0,284.04,292.17499999999995,24.373795761078966,0.014206530655864379,BEARISH,RSI_LOW,LOW_VOLATILITY
2024-09-20,274.0,279.4,272.85,277.35,38500000.0,281.52000000000004,290.7425,31.948291782086827,0.014911764153674458,BEARISH,RSI_NORMAL,LOW_VOLATILITY
2024-09-23,280.0,286.7,278.65,286.3,19450000.0,280.7,289.72249999999997,41.3683373110581,0.01701954201614229,BEARISH,RSI_NORMAL,LOW_VOLATILITY
2024-09-24,286.3,293.4,284.55,291.8,25350000.0,282.2,289.26750000000004,44.62809917355373,0.01731108870193738,BULLISH,RSI_NORMAL,LOW_VOLATILITY
2024-09-25,294.0,295.0,287.65,289.85,19260000.0,283.6,288.7625,49.37655860349127,0.017347925616158145,BULLISH,RSI_NORMAL,LOW_VOLATILITY
2024-09-26,290.6,291.9,289.05,290.5,18340000.0,287.16,288.4775,56.412639405204445,0.017171191249155154,BULLISH,RSI_NORMAL,LOW_VOLATILITY
2024-09-27,292.35,294.85,289.2,293.45,208590000.0,290.38,288.18500000000006,60.877513711151735,0.017160560673388458,BULLISH,RSI_NORMAL,LOW_VOLATILITY
2024-09-30,293.45,294.6,283.6,285.1,32700000.000000004,290.14,287.59499999999997,49.44774851316909,0.018187788449208413,BEARISH,RSI_NORMAL,LOW_VOLATILITY
2024-10-01,285.1,286.6,282.55,283.95,13880000.0,288.57000000000005,286.935,46.447140381282466,0.018182230420840086,BEARISH,RSI_NORMAL,LOW_VOLATILITY
2024-10-03,275.05,286.3,275.05,278.7,27320000.0,286.34,285.9225,39.038785834738604,0.018428582445579926,BEARISH,RSI_NORMAL,LOW_VOLATILITY
2024-10-04,278.7,281.9,273.55,277.2,17450000.0,283.67999999999995,285.2525,39.20406435224385,0.01751182630680848,BEARISH,RSI_NORMAL,LOW_VOLATILITY
2024-10-07,277.4,278.9,265.0,267.35,21700000.0,278.46,284.44,33.1628926223521,0.018427475571816,BEARISH,RSI_NORMAL,LOW_VOLATILITY
2024-10-08,267.0,281.5,265.55,280.25,29190000.0,277.49,284.375,47.30897009966776,0.021622103451392947,BEARISH,RSI_NORMAL,HIGH_VOLATILITY
2024-10-09,282.0,286.6,278.5,282.4,18980000.0,277.17999999999995,284.20750000000004,49.7037524687294,0.021418574232374008,BEARISH,RSI_NORMAL,HIGH_VOLATILITY
2024-10-10,283.95,289.6,283.4,286.9,19160000.0,278.82,284.15,60.099573257468,0.021653056934717616,BULLISH,RSI_NORMAL,HIGH_VOLATILITY
2024-10-11,287.2,288.65,284.15,285.9,9680000.0,280.56,283.86,56.41410352588145,0.021456802731016106,BULLISH,RSI_NORMAL,HIGH_VOLATILITY
2024-10-14,286.1,289.2,284.65,285.7,11390000.0,284.22999999999996,283.64750000000004,49.48186528497407,0.021421722317003622,BULLISH,RSI_NORMAL,HIGH_VOLATILITY
2024-10-15,287.15,289.45,285.75,288.85,14700000.0,285.95,283.57,47.34473447344734,0.021574161485264396,BULLISH,RSI_NORMAL,HIGH_VOLATILITY
2024-10-16,288.15,291.05,284.75,285.7,11840000.0,286.61,283.64,46.343612334801726,0.021172209147245036,BULLISH,RSI_NORMAL,HIGH_VOLATILITY
2024-10-17,286.05,287.9,281.7,284.55,11700000.0,286.14,283.725,44.80349344978166,0.02115871528489254,BULLISH,RSI_NORMAL,HIGH_VOLATILITY
2024-10-18,282.9,287.8,277.8,287.15,10100000.0,286.39,284.44750000000005,44.463971880492075,0.01940492623007307,BULLISH,RSI_NORMAL,LOW_VOLATILITY
2024-10-21,286.3,287.45,281.1,282.3,8390000.0,285.71,284.695,47.37827715355804,0.019572997900326978,BEARISH,RSI_NORMAL,LOW_VOLATILITY
2024-10-22,282.0,282.15,270.65,271.65,15240000.0,282.27,283.9625,40.22257551669314,0.01995400669086767,BEARISH,RSI_NORMAL,LOW_VOLATILITY
2024-10-23,271.0,274.7,266.3,268.65,13500000.0,278.86,282.80499999999995,41.71475680131901,0.019364860622596246,BEARISH,RSI_NORMAL,LOW_VOLATILITY
2024-10-24,269.0,273.15,268.35,271.35,10700000.0,276.22,281.88,45.270816491511745,0.01960046582498086,BEARISH,RSI_NORMAL,LOW_VOLATILITY
2024-10-25,271.0,276.0,257.45,272.35,40410000.0,273.26,280.97249999999997,54.716981132075475,0.01962384294724693,BEARISH,RSI_NORMAL,LOW_VOLATILITY
2024-10-28,276.7,277.95,267.4,270.05,24480000.0,270.81000000000006,279.8025,37.971698113207566,0.01940523380805799,BEARISH,RSI_NORMAL,LOW_VOLATILITY
2024-10-29,271.2,284.5,270.85,283.65,34270000.0,273.21,279.73,51.16063138347261,0.022000161759311968,BULLISH,RSI_NORMAL,HIGH_VOLATILITY
2024-10-30,283.45,294.75,282.05,288.55,40790000.0,277.19,279.96,51.52073732718897,0.022309704867973974,BULLISH,RSI_NORMAL,HIGH_VOLATILITY
2024-10-31,287.95,288.45,283.75,284.9,18720000.0,279.9,280.27000000000004,49.12126537785589,0.02207768900005194,BULLISH,RSI_NORMAL,HIGH_VOLATILITY
2024-11-01,286.65,290.25,286.0,288.65,5270000.0,283.15999999999997,280.8425,52.44003308519436,0.022170168745002408,BULLISH,RSI_NORMAL,HIGH_VOLATILITY
2024-11-04,289.0,289.0,280.3,284.15,15160000.0,285.98,281.6825,46.19741100323621,0.020786200812558314,BULLISH,RSI_NORMAL,HIGH_VOLATILITY
2024-11-05,282.5,287.2,277.15,286.35,18760000.0,286.52,281.9875,50.53410024650784,0.017951180724953327,BULLISH,RSI_NORMAL,LOW_VOLATILITY
2024-11-06,287.5,304.3,287.2,301.85,52800000.0,289.18,282.96,61.50265957446808,0.021486431938380585,BULLISH,RSI_NORMAL,HIGH_VOLATILITY
2024-11-07,301.0,302.0,296.1,300.35,24360000.0,292.27,283.6325,58.90688259109313,0.021360448197796453,BULLISH,RSI_NORMAL,HIGH_VOLATILITY
2024-11-08,300.35,304.5,295.75,297.75,22940000.0,294.09000000000003,284.225,60.75156576200414,0.021467826462075717,BULLISH,RSI_NORMAL,HIGH_VOLATILITY
2024-11-11,297.5,303.8,294.4,299.75,20160000.0,297.21,284.92749999999995,72.23101265822781,0.021478277167498245,BULLISH,RSI_HIGH,HIGH_VOLATILITY
2024-11-12,300.0,300.85,287.3,290.15,14290000.0,297.97,284.9925,65.40114613180512,0.022713331893471172,BULLISH,RSI_NORMAL,HIGH_VOLATILITY
2024-11-13,288.0,288.85,279.45,281.55,20000000.0,293.90999999999997,284.785,56.73712021136062,0.023576910948054027,BEARISH,RSI_NORMAL,HIGH_VOLATILITY
2024-11-14,282.0,284.45,275.5,280.95,20540000.0,290.03000000000003,284.605,55.71049136786185,0.023565680226384715,BEARISH,RSI_NORMAL,HIGH_VOLATILITY
2024-11-18,283.0,286.7,277.25,278.05,13000000.0,286.09000000000003,284.15,55.27009222661396,0.023553968943048897,BEARISH,RSI_NORMAL,HIGH_VOLATILITY
2024-11-19,280.0,285.2,277.0,279.0,13160000.0,281.94,283.985,46.324110671936786,0.023284893381855618,BEARISH,RSI_NORMAL,HIGH_VOLATILITY
2024-11-21,278.45,278.45,270.25,275.45,14860000.0,279.0,284.175,39.4184168012924,0.021795216696667615,BEARISH,RSI_NORMAL,HIGH_VOLATILITY
2024-11-22,276.0,283.5,275.5,280.85,13270000.0,278.86,284.78499999999997,46.818538884524784,0.02198658112200603,BEARISH,RSI_NORMAL,HIGH_VOLATILITY
2024-11-25,290.0,299.0,287.95,292.35,49370000.0,281.14,285.835,52.59103641456585,0.02357669502974154,BULLISH,RSI_NORMAL,HIGH_VOLATILITY
2024-11-26,294.0,301.0,293.15,297.9,27350000.0,285.11,287.1125,59.48930296756383,0.023813137681555716,BULLISH,RSI_NORMAL,HIGH_VOLATILITY
2024-11-27,298.85,307.95,297.45,307.35,39460000.0,290.78000000000003,288.9775,63.17440401505645,0.024329117451958395,BULLISH,RSI_NORMAL,HIGH_VOLATILITY
2024-11-28,308.0,309.5,304.35,305.75,27770000.0,296.84000000000003,290.0825,52.96352583586624,0.022165415049423355,BULLISH,RSI_NORMAL,HIGH_VOLATILITY
2024-11-29,305.7,310.6,305.0,308.0,23240000.0,302.27000000000004,291.055,55.74755822689705,0.02196257611923113,BULLISH,RSI_NORMAL,HIGH_VOLATILITY
2024-12-02,307.8,309.4,303.3,306.9,15550000.0,305.17999999999995,292.155,57.033051498847016,0.021703671772294174,BULLISH,RSI_NORMAL,HIGH_VOLATILITY
2024-12-03,309.0,312.75,307.8,312.1,21410000.0,308.02000000000004,293.3275,59.047619047619044,0.021804401827133262,BULLISH,RSI_NORMAL,HIGH_VOLATILITY
2024-12-04,316.0,320.85,311.2,312.85,41440000.0,309.12,294.7625,69.10774410774411,0.021313324862175614,BULLISH,RSI_NORMAL,HIGH_VOLATILITY
2024-12-05,314.0,315.4,310.6,314.5,17910000.0,310.87,296.17,81.41086749285026,0.021303973596046195,BULLISH,RSI_HIGH,HIGH_VOLATILITY
2024-12-06,314.5,315.85,313.1,313.75,8359999.999999999,312.02,296.765,81.17870722433456,0.017909986394568485,BULLISH,RSI_HIGH,LOW_VOLATILITY
2024-12-09,313.6,317.1,313.25,314.6,11830000.0,313.56000000000006,297.4775,86.1523244312561,0.017832896939121864,BULLISH,RSI_HIGH,LOW_VOLATILITY
2024-12-10,317.55,318.3,314.0,314.85,15810000.0,314.11,298.33250000000004,85.95787362086251,0.017646760692671237,BULLISH,RSI_HIGH,LOW_VOLATILITY
2024-12-11,314.9,316.5,313.0,314.1,9280000.0,314.36,299.05000000000007,91.07332624867155,0.01766163973481564,BULLISH,RSI_HIGH,LOW_VOLATILITY
2024-12-12,313.55,316.0,312.1,312.95,10980000.0,314.05,300.19,87.49999999999986,0.015783115769799502,BULLISH,RSI_HIGH,LOW_VOLATILITY
2024-12-13,313.0,316.35,308.15,315.65,15560000.0,314.43,301.895,84.26470588235276,0.013681949398870024,BULLISH,RSI_HIGH,LOW_VOLATILITY
2024-12-16,315.8,317.35,314.0,316.2,10540000.0,314.75,303.65749999999997,81.55172413793088,0.013590582859213484,BULLISH,RSI_HIGH,LOW_VOLATILITY
2024-12-17,315.55,318.65,310.0,310.6,18050000.0,313.9,305.28499999999997,56.461232604373734,0.014147004467901335,BULLISH,RSI_NORMAL,LOW_VOLATILITY
2024-12-18,310.2,310.6,301.65,303.8,16600000.000000002,311.84,306.525,46.7874794069193,0.015430557195377916,BEARISH,RSI_NORMAL,LOW_VOLATILITY
2024-12-19,295.0,300.45,295.0,298.5,13350000.0,308.95,307.6775,35.7784431137725,0.01573903671382677,BEARISH,RSI_NORMAL,LOW_VOLATILITY
2024-12-20,298.0,302.1,289.35,290.85,14960000.0,303.99,308.1775,29.91239048811022,0.016625257279124294,BEARISH,RSI_LOW,LOW_VOLATILITY
2024-12-23,294.0,295.3,288.0,294.35,10200000.0,299.62,308.27750000000003,26.797385620915037,0.014117388789320253,BEARISH,RSI_LOW,LOW_VOLATILITY
2024-12-24,296.25,297.35,291.5,292.45,10690000.0,295.99,308.005,24.111675126903535,0.013490318261406231,BEARISH,RSI_LOW,LOW_VOLATILITY
2024-12-26,293.0,296.0,292.5,295.2,9170000.0,294.27000000000004,307.3975,26.17283950617285,0.011419460183296579,BEARISH,RSI_LOW,LOW_VOLATILITY
2024-12-27,295.85,296.15,291.35,292.05,9500000.0,292.97999999999996,306.7125,24.708624708624754,0.011565851389623957,BEARISH,RSI_LOW,LOW_VOLATILITY
2024-12-30,292.05,292.5,282.85,284.9,25880000.0,291.79,305.5575,19.81707317073169,0.012342493981131937,BEARISH,RSI_LOW,LOW_VOLATILITY
2024-12-31,284.5,294.0,284.25,293.15,15730000.0,291.54999999999995,304.87,31.031468531468505,0.01435572614673896,BEARISH,RSI_NORMAL,LOW_VOLATILITY
2025-01-01,293.15,294.6,290.25,293.9,6950000.0,291.84000000000003,303.96,32.34265734265732,0.013691567085413971,BEARISH,RSI_NORMAL,LOW_VOLATILITY
2025-01-02,294.45,297.8,291.35,296.8,13360000.0,292.15999999999997,303.15749999999997,36.30195080576763,0.01394344385757594,BEARISH,RSI_NORMAL,LOW_VOLATILITY
2025-01-03,296.5,297.25,291.5,291.95,8170000.0,292.14,302.03,30.605564648117877,0.014142392840938343,BEARISH,RSI_NORMAL,LOW_VOLATILITY
2025-01-06,292.55,292.55,280.55,282.15,12640000.0,291.59,300.45,25.799573560767612,0.015638962197124986,BEARISH,RSI_LOW,LOW_VOLATILITY
2025-01-07,282.15,288.2,281.05,287.0,13250000.0,290.36,299.07000000000005,33.04597701149427,0.016342633082665182,BEARISH,RSI_NORMAL,LOW_VOLATILITY
2025-01-08,287.0,287.0,280.1,282.1,11000000.0,288.0,297.4325,33.97341211225999,0.01652799080365585,BEARISH,RSI_NORMAL,LOW_VOLATILITY
2025-01-09,281.25,284.1,279.6,281.25,12720000.0,284.89,295.78999999999996,36.36363636363639,0.01652263540785884,BEARISH,RSI_NORMAL,LOW_VOLATILITY
2025-01-10,280.0,281.0,270.0,271.0,15320000.0,280.7,293.6925,34.927866362946105,0.01791116695670214,BEARISH,RSI_NORMAL,LOW_VOLATILITY
2025-01-13,265.0,268.9,258.3,259.6,19430000.0,276.19,290.89,26.44067796610173,0.019126422915738885,BEARISH,RSI_LOW,LOW_VOLATILITY
2025-01-14,263.0,271.0,261.2,269.9,18940000.0,272.77000000000004,288.575,36.27510651247718,0.021974266078734962,BEARISH,RSI_NORMAL,HIGH_VOLATILITY
2025-01-15,272.0,272.2,266.3,267.85,11380000.0,269.91999999999996,286.4375,33.210558624923294,0.021846693336886783,BEARISH,RSI_NORMAL,HIGH_VOLATILITY
2025-01-16,273.4,278.05,271.4,276.15,17230000.0,268.9,285.05499999999995,40.81986143187064,0.023130656016740376,BEARISH,RSI_NORMAL,HIGH_VOLATILITY
2025-01-17,275.45,283.9,274.05,282.15,12740000.0,271.13,284.2375,48.390871854885894,0.023630376918210162,BEARISH,RSI_NORMAL,HIGH_VOLATILITY
2025-01-20,283.2,287.8,280.7,285.8,10480000.0,276.37,283.985,45.454545454545475,0.023217641349080057,BULLISH,RSI_NORMAL,HIGH_VOLATILITY
2025-01-21,285.8,286.9,278.25,279.0,13020000.0,278.18999999999994,283.21750000000003,41.42692750287688,0.02356950488516533,BEARISH,RSI_NORMAL,HIGH_VOLATILITY
2025-01-22,279.0,279.3,266.3,270.35,21270000.0,278.69,282.1125,35.72584997301672,0.024415282911986833,BEARISH,RSI_NORMAL,HIGH_VOLATILITY
2025-01-23,268.8,276.95,267.1,273.95,11980000.0,278.25,281.05,40.15317286652078,0.02454063078400365,BEARISH,RSI_NORMAL,HIGH_VOLATILITY
2025-01-24,273.95,276.7,268.8,270.15,10160000.0,275.85,279.95500000000004,42.97423887587821,0.024600610775431003,BEARISH,RSI_NORMAL,HIGH_VOLATILITY
2025-01-27,267.0,267.0,261.8,262.95,13710000.0,271.28,278.85749999999996,36.29629629629626,0.02470211359706651,BEARISH,RSI_NORMAL,HIGH_VOLATILITY
2025-01-28,263.5,265.7,252.7,258.25,29050000.0,267.13,277.1125,36.37921187892629,0.023639251381266567,BEARISH,RSI_NORMAL,HIGH_VOLATILITY
2025-01-29,259.0,268.0,259.0,267.2,14360000.0,266.5,275.77750000000003,42.655514898065846,0.025286746898165215,BEARISH,RSI_NORMAL,HIGH_VOLATILITY
2025-01-30,268.85,280.5,267.9,278.75,46740000.0,267.46,274.875,53.99690562145437,0.02730061128214142,BULLISH,RSI_NORMAL,HIGH_VOLATILITY
2025-01-31,283.9,294.2,281.6,292.65,50250000.0,271.96,274.90999999999997,66.61639014580192,0.029495303786497777,BULLISH,RSI_NORMAL,HIGH_VOLATILITY
2025-02-01,295.95,299.6,269.3,281.8,61830000.0,275.73,274.8925,55.950000000000024,0.02971831320845062,BULLISH,RSI_NORMAL,HIGH_VOLATILITY
2025-02-03,277.85,277.85,263.3,274.15,41790000.0,278.90999999999997,274.25,52.982954545454525,0.030048332989574638,BEARISH,RSI_NORMAL,HIGH_VOLATILITY
2025-02-04,276.0,286.0,275.9,284.5,29040000.0,282.37,274.37,53.878309335810506,0.03107096480228375,BULLISH,RSI_NORMAL,HIGH_VOLATILITY
2025-02-05,285.65,291.8,285.0,288.95,18820000.0,284.40999999999997,274.755,53.20452403393026,0.03122753441295407,BULLISH,RSI_NORMAL,HIGH_VOLATILITY
2025-02-06,288.95,289.95,279.0,279.75,16830000.0,281.83000000000004,275.1925,47.29064039408866,0.030946311846455188,BULLISH,RSI_NORMAL,HIGH_VOLATILITY
2025-02-07,280.75,282.3,273.1,277.05,26680000.0,280.88,276.065,49.0934449093445,0.029320697841948976,BULLISH,RSI_NORMAL,HIGH_VOLATILITY
2025-02-10,278.9,282.2,272.0,273.45,21790000.0,280.74,276.2425,51.512195121951194,0.028262186472515313,BEARISH,RSI_NORMAL,HIGH_VOLATILITY
2025-02-11,273.8,274.0,262.75,265.05,23840000.0,276.85,276.1025,45.85274930102517,0.029094352937351964,BEARISH,RSI_NORMAL,HIGH_VOLATILITY
2025-02-12,264.95,265.75,254.0,259.15,28000000.0,270.89,275.2525,44.97257769652651,0.028528195239471216,BEARISH,RSI_NORMAL,HIGH_VOLATILITY
2025-02-13,259.15,265.5,258.6,261.55,18020000.0,267.25,274.22249999999997,49.33078393881454,0.028097305182911803,BEARISH,RSI_NORMAL,HIGH_VOLATILITY
2025-02-14,262.2,264.5,248.2,250.35,25680000.0,261.90999999999997,272.44999999999993,46.44464446444645,0.029136890397755306,BEARISH,RSI_NORMAL,HIGH_VOLATILITY
2025-02-17,248.95,250.0,242.6,248.5,24950000.0,256.91999999999996,270.925,41.009615384615394,0.02884498632237489,BEARISH,RSI_NORMAL,HIGH_VOLATILITY
2025-02-18,249.0,249.75,240.55,244.6,21180000.0,252.83,269.6375,32.27815256875974,0.028327680956519594,BEARISH,RSI_NORMAL,HIGH_VOLATILITY
2025-02-19,240.7,254.0,240.25,253.4,21520000.0,251.68,268.61,28.493150684931535,0.029511051272170137,BEARISH,RSI_LOW,HIGH_VOLATILITY
2025-02-20,252.0,260.95,250.25,260.25,18920000.0,251.42,268.11499999999995,37.65042979942694,0.030163191787711905,BEARISH,RSI_NORMAL,HIGH_VOLATILITY
2025-02-21,259.5,262.5,254.4,256.1,16590000.0,252.57,267.7725,39.22388059701496,0.029784757103315816,BEARISH,RSI_NORMAL,HIGH_VOLATILITY
2025-02-24,251.0,258.45,250.5,256.35,15410000.0,254.14000000000001,267.6775,30.88934147997287,0.029516393945452125,BEARISH,RSI_NORMAL,HIGH_VOLATILITY
2025-02-25,256.35,258.55,255.35,256.65,14770000.0,256.55,267.15,26.762589928057537,0.028377370104267968,BEARISH,RSI_LOW,HIGH_VOLATILITY
2025-02-27,257.1,258.4,251.9,252.45,11090000.0,256.36,265.835,28.837209302325576,0.026484869672989162,BEARISH,RSI_LOW,HIGH_VOLATILITY
2025-02-28,250.0,250.95,243.5,246.25,17750000.0,253.56,263.515,27.35294117647058,0.023486591350571503,BEARISH,RSI_LOW,HIGH_VOLATILITY
2025-03-03,247.5,258.9,244.36,257.39,24640000.0,253.81799999999998,262.2945,39.36987026740799,0.025324970726422515,BEARISH,RSI_NORMAL,HIGH_VOLATILITY
2025-03-04,253.89,266.5,252.5,264.71,25000000.0,255.48999999999995,261.8225,49.77168949771688,0.025723090339025177,BULLISH,RSI_NORMAL,HIGH_VOLATILITY
2025-03-05,265.0,275.8,263.33,274.92,28500000.0,259.144,261.3435,60.01015615081887,0.02578920427402027,BULLISH,RSI_NORMAL,HIGH_VOLATILITY
2025-03-06,276.21,281.0,271.83,272.95,22590000.0,263.24399999999997,260.5435,57.275976512637214,0.025498767462942405,BULLISH,RSI_NORMAL,HIGH_VOLATILITY
2025-03-07,275.8,279.73,274.0,276.99,25540000.0,269.392,260.40549999999996,68.7131216633886,0.02480107044249275,BULLISH,RSI_NORMAL,HIGH_VOLATILITY
2025-03-10,278.6,283.47,271.55,272.33,20990000.0,272.38,260.16949999999997,66.1035275037167,0.02499593998924785,BULLISH,RSI_NORMAL,HIGH_VOLATILITY
2025-03-11,271.95,278.5,269.05,277.18,20980000.0,274.87399999999997,260.356,71.73738991192954,0.025138296242938108,BULLISH,RSI_HIGH,HIGH_VOLATILITY
2025-03-12,278.78,280.4,274.12,276.83,15310000.0,275.256,260.945,67.61919085576776,0.024021690593664848,BULLISH,RSI_NORMAL,HIGH_VOLATILITY
2025-03-13,283.0,285.8,279.42,280.07,38020000.0,276.67999999999995,261.991,65.76017811704833,0.023374758570614832,BULLISH,RSI_NORMAL,HIGH_VOLATILITY
2025-03-17,281.0,283.38,276.72,279.93,13880000.0,277.268,262.90999999999997,70.23951078647865,0.023364272496508943,BULLISH,RSI_HIGH,HIGH_VOLATILITY
2025-03-18,282.0,286.0,280.31,285.31,15290000.0,279.864,264.658,72.62499999999996,0.020851657049189187,BULLISH,RSI_HIGH,HIGH_VOLATILITY
2025-03-19,286.0,292.99,284.76,290.0,21100000.0,282.428,266.733,74.38221962275185,0.02068056821023909,BULLISH,RSI_HIGH,HIGH_VOLATILITY
2025-03-20,294.81,297.78,291.1,297.05,27890000.0,286.472,269.3555,81.30263896687251,0.020202122685978267,BULLISH,RSI_HIGH,HIGH_VOLATILITY
2025-03-21,301.0,301.0,292.75,295.74,41750000.0,289.606,271.4725,87.2946495855312,0.019469129664339845,BULLISH,RSI_HIGH,LOW_VOLATILITY
2025-03-24,296.9,304.9,296.35,302.1,29940000.0,294.04,273.565,86.3082670131557,0.019221423241915198,BULLISH,RSI_HIGH,LOW_VOLATILITY
2025-03-25,304.0,304.5,298.65,300.03,19360000.0,296.98400000000004,275.76149999999996,81.35653409090897,0.018735071977551806,BULLISH,RSI_HIGH,LOW_VOLATILITY
2025-03-26,301.07,305.5,298.49,299.54,23870000.0,298.892,277.921,76.41630901287546,0.01879636671441109,BULLISH,RSI_HIGH,LOW_VOLATILITY
2025-03-27,297.0,302.0,296.63,300.65,14450000.0,299.61199999999997,280.121,80.27984258854389,0.01875651717894388,BULLISH,RSI_HIGH,LOW_VOLATILITY
2025-03-28,304.0,306.58,299.07,301.32,20850000.0,300.728,282.5645,78.71135237196124,0.017921881150167407,BULLISH,RSI_HIGH,LOW_VOLATILITY
2025-04-01,302.0,305.8,290.0,292.0,33170000.0,298.70799999999997,284.852,70.91218371252393,0.01859451279287371,BULLISH,RSI_HIGH,LOW_VOLATILITY
2025-04-02,289.9,290.75,274.45,282.4,52650000.0,295.18199999999996,286.1025,55.04055619930472,0.018723587756173957,BEARISH,RSI_NORMAL,LOW_VOLATILITY
2025-04-03,283.0,288.25,282.6,287.5,20970000.0,292.774,287.242,59.43746683177075,0.01816992672151823,BULLISH,RSI_NORMAL,LOW_VOLATILITY
2025-04-04,287.1,288.0,278.3,280.0,19700000.0,288.64399999999995,287.496,49.94242474091134,0.01748982170471403,BEARISH,RSI_NORMAL,LOW_VOLATILITY
2025-04-07,257.0,274.5,256.2,272.1,24950000.0,282.8,287.45349999999996,44.28884026258207,0.01860848162492959,BEARISH,RSI_NORMAL,LOW_VOLATILITY
2025-04-08,282.45,288.0,276.6,281.45,26790000.0,280.68999999999994,287.6765,47.33866519580804,0.019896344285692064,BEARISH,RSI_NORMAL,LOW_VOLATILITY
2025-04-09,281.0,282.8,276.6,280.15,11390000.0,280.24,288.0675,42.87574135686386,0.019504612264082552,BEARISH,RSI_NORMAL,LOW_VOLATILITY
2025-04-11,283.0,287.0,282.65,285.0,13880000.0,279.74,288.4585,40.998057672194825,0.019483170573578085,BEARISH,RSI_NORMAL,LOW_VOLATILITY
2025-04-15,289.9,294.15,287.55,293.7,19510000.0,282.48,289.302,48.62755651237889,0.020509318980723744,BULLISH,RSI_NORMAL,HIGH_VOLATILITY
2025-04-16,293.5,295.35,291.3,293.6,12480000.0,286.78,289.97850000000005,43.755509844255066,0.020421958337211256,BULLISH,RSI_NORMAL,HIGH_VOLATILITY
2025-04-17,293.0,296.6,291.15,295.15,13610000.0,289.52,290.7395,46.38732602901984,0.0204172661995102,BULLISH,RSI_NORMAL,HIGH_VOLATILITY
2025-04-21,297.5,301.6,295.15,299.95,14060000.0,293.48,291.4715,50.285316631871936,0.02030290085116374,BULLISH,RSI_NORMAL,HIGH_VOLATILITY
2025-04-22,301.0,304.75,299.75,303.35,11960000.0,297.15,292.139,51.82087941731862,0.020152689707040664,BULLISH,RSI_NORMAL,HIGH_VOLATILITY
2025-04-23,305.6,310.3,301.8,305.85,21920000.0,299.58000000000004,292.579,52.9814400421219,0.019546327740880054,BULLISH,RSI_NORMAL,LOW_VOLATILITY
2025-04-24,305.0,308.6,303.45,305.7,17240000.0,302.0,293.077,60.254491017964064,0.01950204525768208,BULLISH,RSI_NORMAL,LOW_VOLATILITY
2025-04-25,306.8,307.8,293.7,297.6,20310000.0,302.49,292.852,61.63859111791734,0.019903940856745156,BULLISH,RSI_NORMAL,LOW_VOLATILITY
2025-04-28,296.0,307.85,295.85,305.05,29910000.0,303.51,293.103,62.971175166297144,0.020637044133535166,BULLISH,RSI_NORMAL,HIGH_VOLATILITY
2025-04-29,306.55,319.45,305.8,317.1,57880000.0,306.26000000000005,293.98100000000005,75.69252077562331,0.02233712923237797,BULLISH,RSI_HIGH,HIGH_VOLATILITY
2025-04-30,319.0,320.45,312.6,314.1,24860000.0,307.91,294.6535,81.20356612184253,0.022511360099841768,BULLISH,RSI_HIGH,HIGH_VOLATILITY
2025-05-02,310.8,317.75,310.6,311.35,18980000.0,309.0400000000001,295.15500000000003,74.62932454695226,0.022650119860346714,BULLISH,RSI_HIGH,HIGH_VOLATILITY
2025-05-05,313.95,316.9,313.2,315.3,10960000.0,312.58000000000004,296.32000000000005,77.74269928966066,0.02138921074743346,BULLISH,RSI_HIGH,HIGH_VOLATILITY
2025-05-06,315.65,319.3,309.2,310.5,17030000.0,313.67,297.725,70.14218009478674,0.020110635889628168,BULLISH,RSI_HIGH,HIGH_VOLATILITY
2025-05-07,305.0,315.2,305.0,309.95,19270000.0,312.23999999999995,298.84749999999997,64.73254759746148,0.0199179892903898,BULLISH,RSI_NORMAL,LOW_VOLATILITY
2025-05-08,310.5,313.7,304.8,307.15,17110000.0,310.85,300.205,61.71132238547964,0.018903460322415744,BULLISH,RSI_NORMAL,LOW_VOLATILITY
2025-05-09,305.0,321.8,305.0,315.85,44240000.0,311.75,302.39250000000004,65.92307692307693,0.017906701974284865,BULLISH,RSI_NORMAL,LOW_VOLATILITY
2025-05-12,325.0,325.0,316.2,322.8,39930000.0,313.25,304.46000000000004,67.01414743112434,0.017132306087985237,BULLISH,RSI_NORMAL,LOW_VOLATILITY
2025-05-13,323.7,337.75,322.8,335.75,57990000.0,318.3,307.24,71.12125162972617,0.018406375024671896,BULLISH,RSI_HIGH,LOW_VOLATILITY
2025-05-14,339.0,346.0,334.5,344.35,43680000.0,325.18,310.2075,73.24879227053138,0.018689145459455818,BULLISH,RSI_HIGH,LOW_VOLATILITY
2025-05-15,346.5,351.0,340.8,350.4,35960000.0,333.83000000000004,313.0425,75.19729425028184,0.0181446838347528,BULLISH,RSI_HIGH,LOW_VOLATILITY
2025-05-16,351.6,371.15,349.6,363.9,68860000.0,343.44,316.5575,85.22848034006373,0.019143361152152517,BULLISH,RSI_HIGH,LOW_VOLATILITY
2025-05-19,372.9,373.5,362.55,363.75,52000000.0,351.63,319.9875,83.81336405529953,0.019274160805727084,BULLISH,RSI_HIGH,LOW_VOLATILITY
2025-05-20,369.4,371.0,358.5,363.8,67090000.0,357.23999999999995,323.18,81.21657754010694,0.019365334469232078,BULLISH,RSI_HIGH,LOW_VOLATILITY
2025-05-21,366.9,383.9,364.0,383.0,88690000.0,364.96999999999997,327.1625,87.85714285714285,0.021616309208938957,BULLISH,RSI_HIGH,HIGH_VOLATILITY
2025-05-22,383.0,386.75,379.0,383.4,43490000.0,371.57,331.04,90.63733784545965,0.02174074691177093,BULLISH,RSI_HIGH,HIGH_VOLATILITY
2025-05-23,389.15,389.9,381.1,383.8,37670000.0,375.55,334.945,90.24676850763807,0.021698576320933572,BULLISH,RSI_HIGH,HIGH_VOLATILITY
2025-05-26,384.9,385.8,378.5,384.55,26720000.0,379.71000000000004,339.2925,95.68167797655768,0.019925472799737613,BULLISH,RSI_HIGH,LOW_VOLATILITY
2025-05-27,384.5,388.8,383.45,385.4,16860000.0,384.03,343.31,96.37369391518133,0.01985852504501642,BULLISH,RSI_HIGH,LOW_VOLATILITY
2025-05-28,385.45,393.5,384.1,390.45,27550000.0,385.52000000000004,346.97749999999996,99.82057416267945,0.018778299674135926,BULLISH,RSI_HIGH,LOW_VOLATILITY
2025-05-29,391.55,392.1,385.55,386.8,18560000.0,386.2,350.6125,95.16231699554429,0.018771980037613666,BULLISH,RSI_HIGH,LOW_VOLATILITY
2025-05-30,386.8,390.0,383.65,384.6,23140000.0,386.36,354.275,91.86991869918705,0.018617166018556217,BULLISH,RSI_HIGH,LOW_VOLATILITY
2025-06-02,385.0,389.25,383.75,387.5,11940000.0,386.95,357.885,90.58823529411772,0.018625016379249133,BULLISH,RSI_HIGH,LOW_VOLATILITY
2025-06-03,387.5,391.8,385.5,386.0,18630000.0,387.07,361.65999999999997,86.76081200353052,0.017960122150381806,BULLISH,RSI_HIGH,LOW_VOLATILITY
2025-06-04,387.0,391.3,384.1,390.6,20650000.0,387.1,365.6925,86.41304347826096,0.01770310132276631,BULLISH,RSI_HIGH,LOW_VOLATILITY
2025-06-05,393.7,394.7,389.5,393.5,20750000.0,388.44,370.01000000000005,83.18385650224224,0.017055520740686652,BULLISH,RSI_HIGH,LOW_VOLATILITY
2025-06-06,394.85,396.85,389.2,390.7,17370000.0,389.65999999999997,373.7525,78.51851851851853,0.017176360707442363,BULLISH,RSI_HIGH,LOW_VOLATILITY
2025-06-09,394.0,395.3,391.8,392.45,13740000.0,390.65,377.235,79.26455566905007,0.0170225041951697,BULLISH,RSI_HIGH,LOW_VOLATILITY
2025-06-10,396.5,401.85,394.7,397.4,26460000.0,392.93,380.3175,70.7492795389049,0.015500066897851683,BULLISH,RSI_HIGH,LOW_VOLATILITY
2025-06-11,398.25,398.25,390.6,392.9,18040000.0,393.39,382.745,62.24226804123713,0.015563550917302124,BULLISH,RSI_NORMAL,LOW_VOLATILITY
2025-06-12,392.8,395.75,385.6,387.4,15560000.0,392.16999999999996,384.59499999999997,54.10022779043277,0.01600090888260972,BULLISH,RSI_NORMAL,LOW_VOLATILITY
2025-06-13,379.65,397.75,379.5,394.2,35560000.0,392.87,386.11,59.659659659659646,0.014294583154168351,BULLISH,RSI_NORMAL,LOW_VOLATILITY
2025-06-16,396.15,404.5,394.2,403.85,32060000.000000004,395.15,388.115,65.7021276595745,0.014949512763716645,BULLISH,RSI_NORMAL,LOW_VOLATILITY
2025-06-17,405.8,407.5,400.5,401.75,24370000.0,396.02,390.0125,60.125448028673844,0.01509433606900533,BULLISH,RSI_NORMAL,LOW_VOLATILITY
2025-06-18,401.65,405.0,398.5,400.5,18880000.0,397.53999999999996,390.8875,62.82771535580523,0.010169363727493295,BULLISH,RSI_NORMAL,LOW_VOLATILITY
2025-06-19,401.0,403.8,393.45,398.55,18220000.0,399.77,391.64500000000004,63.123236124176834,0.010292557575130609,BULLISH,RSI_NORMAL,LOW_VOLATILITY
2025-06-20,399.0,410.0,397.75,408.25,122550000.0,402.58000000000004,392.8675,67.30608840700583,0.01143454624190979,BULLISH,RSI_NORMAL,LOW_VOLATILITY
2025-06-23,411.0,422.4,409.05,420.9,43020000.0,405.99,394.685,74.54289732770744,0.01300857623788407,BULLISH,RSI_HIGH,LOW_VOLATILITY
2025-06-24,426.4,426.5,415.0,418.5,33810000.0,409.34000000000003,396.34000000000003,70.24673439767778,0.013204115997313644,BULLISH,RSI_HIGH,LOW_VOLATILITY
2025-06-25,420.3,420.4,405.0,406.05,29030000.0,410.45,397.12,57.99872530274061,0.01503499646052211,BULLISH,RSI_NORMAL,LOW_VOLATILITY
2025-06-26,408.95,413.9,406.85,410.1,25730000.0,412.75999999999993,398.28499999999997,62.17063989962361,0.014882859741697268,BULLISH,RSI_NORMAL,LOW_VOLATILITY
2025-06-27,410.5,416.8,409.5,414.5,41400000.0,414.00999999999993,399.78,63.38797814207651,0.014829142496508914,BULLISH,RSI_NORMAL,LOW_VOLATILITY
2025-06-30,416.65,423.0,414.25,421.5,20350000.0,414.13,401.47999999999996,64.27725118483414,0.015096314154791367,BULLISH,RSI_NORMAL,LOW_VOLATILITY
2025-07-01,424.8,436.0,424.1,432.25,35410000.0,416.88,403.79249999999996,71.70435741864316,0.01567512967641782,BULLISH,RSI_HIGH,LOW_VOLATILITY
2025-07-02,431.05,432.75,422.6,426.95,22840000.0,421.06000000000006,405.61,71.86290768380321,0.01610427763252577,BULLISH,RSI_HIGH,LOW_VOLATILITY
2025-07-03,427.7,430.7,424.05,426.25,13500000.0,424.28999999999996,407.24750000000006,68.99822169531714,0.016147553088476457,BULLISH,RSI_NORMAL,LOW_VOLATILITY
2025-07-04,430.0,432.4,425.75,427.55,16620000.000000002,426.9,409.09,65.59210526315789,0.015933558958491228,BULLISH,RSI_NORMAL,LOW_VOLATILITY
2025-07-07,427.45,427.45,416.15,417.1,22220000.0,426.02,410.32250000000005,59.098992294013065,0.017209859514762598,BULLISH,RSI_NORMAL,LOW_VOLATILITY
2025-07-08,418.0,423.35,416.25,422.0,15970000.0,423.96999999999997,411.55250000000007,62.2159090909091,0.017185997359168113,BULLISH,RSI_NORMAL,LOW_VOLATILITY
2025-07-09,423.95,424.0,416.5,417.65,14960000.0,422.11,412.78999999999996,60.56415929203539,0.017142435530182337,BULLISH,RSI_NORMAL,LOW_VOLATILITY
2025-07-10,418.45,419.5,410.5,413.5,17910000.0,419.56000000000006,414.09499999999997,53.093694755450805,0.01695096298743624,BEARISH,RSI_NORMAL,LOW_VOLATILITY
2025-07-11,411.0,413.2,405.1,409.3,15190000.0,415.91,414.85,42.4083769633508,0.01686565243650565,BEARISH,RSI_NORMAL,LOW_VOLATILITY
2025-07-14,405.5,410.35,405.15,407.3,17840000.0,413.95,415.02250000000004,42.631578947368425,0.016066395537292277,BEARISH,RSI_NORMAL,LOW_VOLATILITY
2025-07-15,408.5,412.9,407.8,408.95,11970000.0,411.34,415.3825,52.223926380368084,0.016025326212691957,BEARISH,RSI_NORMAL,LOW_VOLATILITY
2025-07-16,409.4,410.3,405.5,406.15,9170000.0,409.03999999999996,415.66499999999996,46.91164972634867,0.016097496620218976,BEARISH,RSI_NORMAL,LOW_VOLATILITY
2025-07-17,406.15,408.7,403.05,404.2,7920000.0,407.17999999999995,415.94749999999993,41.62601626016258,0.01609624308773263,BEARISH,RSI_NORMAL,LOW_VOLATILITY
2025-07-18,404.25,406.95,394.15,394.75,21170000.0,404.27,415.2724999999999,29.08522283033618,0.015963793660585746,BEARISH,RSI_LOW,LOW_VOLATILITY
2025-07-21,394.6,400.95,391.1,399.95,12980000.0,402.8,414.225,22.34589041095886,0.014480484475105249,BEARISH,RSI_LOW,LOW_VOLATILITY
2025-07-22,403.0,404.7,399.75,403.1,12450000.0,401.63,413.45500000000004,28.80000000000001,0.014637417787175647,BEARISH,RSI_LOW,LOW_VOLATILITY
2025-07-23,403.5,404.9,396.6,400.2,10410000.0,400.43999999999994,413.1625,27.715996578272012,0.013162976217262206,BEARISH,RSI_LOW,LOW_VOLATILITY
2025-07-24,400.7,401.9,396.0,398.25,6770000.0,399.25,412.57,25.2115059221658,0.012949618269071685,BEARISH,RSI_LOW,LOW_VOLATILITY
2025-07-25,399.0,400.7,393.5,395.2,9200000.0,399.34000000000003,411.605,28.82011605415856,0.01269448363701994,BEARISH,RSI_LOW,LOW_VOLATILITY
2025-07-28,395.2,396.35,383.3,389.25,19860000.0,397.2,409.9925,18.95734597156398,0.01215051127147416,BEARISH,RSI_LOW,LOW_VOLATILITY
2025-07-29,390.0,390.75,378.0,388.25,25310000.0,394.23,407.7925,20.24291497975709,0.010007156422189599,BEARISH,RSI_LOW,LOW_VOLATILITY
2025-07-30,390.95,392.4,385.0,386.5,11340000.0,391.49,405.77,21.276595744680847,0.009872787680406721,BEARISH,RSI_LOW,LOW_VOLATILITY
2025-07-31,379.0,388.25,378.8,383.1,9700000.0,388.46000000000004,403.6125,21.645021645021643,0.009877420550908239,BEARISH,RSI_LOW,LOW_VOLATILITY
2025-08-01,383.1,383.5,376.2,377.2,8700000.0,384.86,401.095,19.960079840319352,0.009920432148504134,BEARISH,RSI_LOW,LOW_VOLATILITY
2025-08-04,379.0,390.25,376.45,389.55,13450000.0,384.91999999999996,399.71750000000003,34.04605263157899,0.012332783807645829,BEARISH,RSI_NORMAL,LOW_VOLATILITY
2025-08-05,390.0,390.25,383.35,386.65,13480000.0,384.6,397.95,33.99014778325126,0.01183366549764611,BEARISH,RSI_NORMAL,LOW_VOLATILITY
2025-08-06,392.0,393.5,387.1,389.7,16850000.0,385.24,396.5525,38.306451612903246,0.012044941486923129,BEARISH,RSI_NORMAL,LOW_VOLATILITY
2025-08-07,386.0,390.3,383.5,387.75,11520000.0,386.16999999999996,395.265,43.577981651376156,0.0119539715730311,BEARISH,RSI_NORMAL,LOW_VOLATILITY
2025-08-08,385.3,387.4,383.6,384.6,7140000.0,387.65,394.03000000000003,35.36701620591046,0.011899692275345439,BEARISH,RSI_NORMAL,LOW_VOLATILITY
2025-08-11,384.0,388.4,381.55,383.9,8910000.0,386.52,392.86,30.799999999999997,0.011894411197823092,BEARISH,RSI_NORMAL,LOW_VOLATILITY
2025-08-12,384.0,385.35,379.55,380.35,9330000.0,385.26,391.43,30.404738400789782,0.011857774559838767,BEARISH,RSI_NORMAL,LOW_VOLATILITY
2025-08-13,382.2,389.9,382.1,388.85,10930000.0,385.09000000000003,390.56499999999994,41.78321678321681,0.01315668584529074,BEARISH,RSI_NORMAL,LOW_VOLATILITY
2025-08-14,387.85,388.0,382.55,384.9,8050000.000000001,384.52,389.6,41.13597246127366,0.01326878590417608,BEARISH,RSI_NORMAL,LOW_VOLATILITY
2025-08-18,388.0,389.75,381.1,382.5,11780000.0,384.1,388.9875,43.813015582034836,0.012362220591967706,BEARISH,RSI_NORMAL,LOW_VOLATILITY
2025-08-19,382.5,383.7,377.5,380.05,11110000.0,383.33000000000004,387.9925,42.67857142857145,0.011905653109527247,BEARISH,RSI_NORMAL,LOW_VOLATILITY
2025-08-20,383.9,384.3,371.1,371.85,20290000.0,381.63,386.42999999999995,38.27061649319458,0.01236947277717304,BEARISH,RSI_NORMAL,LOW_VOLATILITY
2025-08-21,373.0,377.4,371.5,374.2,12680000.0,378.7,385.13,42.75244299674264,0.012550967245011242,BEARISH,RSI_NORMAL,LOW_VOLATILITY
2025-08-22,373.8,379.95,373.6,374.85,15250000.0,376.69,383.96,47.90739091718614,0.012593741736636507,BEARISH,RSI_NORMAL,LOW_VOLATILITY
2025-08-25,377.85,380.05,371.5,372.05,8580000.0,374.6,382.8025,31.22317596566525,0.012590094592035278,BEARISH,RSI_NORMAL,LOW_VOLATILITY
2025-08-26,372.0,372.05,364.25,365.85,15720000.0,371.76,381.6325,29.158316633266566,0.012676425554325875,BEARISH,RSI_LOW,LOW_VOLATILITY
2025-08-28,364.05,367.75,361.2,363.85,12220000.0,370.16,380.4125,23.54145342886389,0.012687561661824283,BEARISH,RSI_LOW,LOW_VOLATILITY
2025-08-29,362.3,371.0,361.6,369.4,12740000.0,369.2,379.5575,32.507149666348866,0.013330610054939922,BEARISH,RSI_NORMAL,LOW_VOLATILITY
2025-09-01,369.95,375.25,367.55,373.9,8820000.0,369.01000000000005,379.09749999999997,40.05576208178434,0.01360479121492505,BEARISH,RSI_NORMAL,LOW_VOLATILITY
2025-09-02,377.3,378.95,373.75,376.6,12170000.0,369.91999999999996,379.0675,43.45878136200721,0.013292453885515587,BEARISH,RSI_NORMAL,LOW_VOLATILITY
2025-09-03,377.75,381.2,377.1,378.7,9920000.0,372.49,378.525,48.48206071757126,0.010953275184005786,BULLISH,RSI_NORMAL,LOW_VOLATILITY
2025-09-04,381.5,381.5,372.0,372.5,9290000.0,374.21999999999997,377.8175,34.29394812680111,0.011387799465353093,BEARISH,RSI_NORMAL,LOW_VOLATILITY
2025-09-05,374.0,375.5,368.5,370.8,7330000.0,374.5,376.87250000000006,35.8433734939759,0.011168470509683384,BEARISH,RSI_NORMAL,LOW_VOLATILITY
2025-09-08,371.65,374.5,370.85,371.9,6900000.0,374.1,376.08000000000004,39.07216494845356,0.01121365954249999,BEARISH,RSI_NORMAL,LOW_VOLATILITY
2025-09-09,371.9,374.0,369.9,371.95,10600000.0,373.16999999999996,375.4475,41.214750542299306,0.011128989277600585,BEARISH,RSI_NORMAL,LOW_VOLATILITY
2025-09-10,373.7,389.0,373.05,388.05,23170000.0,375.03999999999996,375.65500000000003,65.0,0.01498638121110743,BULLISH,RSI_NORMAL,LOW_VOLATILITY
2025-09-11,389.6,392.5,384.05,385.15,19040000.0,377.57,375.895,60.03666361136571,0.014929906748500782,BULLISH,RSI_NORMAL,LOW_VOLATILITY
2025-09-12,386.0,399.85,385.3,399.3,26360000.0,383.27,376.4175,67.96473181484201,0.016309572127884937,BULLISH,RSI_NORMAL,LOW_VOLATILITY
2025-09-15,400.0,403.1,395.7,398.45,18490000.0,388.58,377.09499999999997,69.96974281391829,0.016106308993884016,BULLISH,RSI_NORMAL,LOW_VOLATILITY
2025-09-16,398.45,403.3,396.2,402.9,12470000.0,394.77,378.115,78.78787878787874,0.01611644929218306,BULLISH,RSI_HIGH,LOW_VOLATILITY
2025-09-17,405.5,416.65,405.0,412.2,31370000.0,399.59999999999997,379.72249999999997,83.74040474528957,0.01657957273430872,BULLISH,RSI_HIGH,LOW_VOLATILITY
2025-09-18,415.0,415.0,408.2,409.9,12000000.0,404.55,381.625,79.6052631578947,0.015629397164876893,BULLISH,RSI_HIGH,LOW_VOLATILITY
2025-09-19,409.0,413.45,408.25,408.9,16149999.999999998,406.46999999999997,383.36,76.96456086286591,0.015712896362511154,BULLISH,RSI_HIGH,LOW_VOLATILITY
2025-09-22,409.8,411.4,405.35,406.4,10880000.0,408.06,384.9375,73.02936630602777,0.015884253172915093,BULLISH,RSI_HIGH,LOW_VOLATILITY
2025-09-23,406.4,407.7,402.3,404.45,11910000.0,408.37,386.5575,69.94577846630517,0.015792216522405922,BULLISH,RSI_NORMAL,LOW_VOLATILITY
2025-09-24,404.45,404.95,395.0,395.45,10840000.0,405.02,388.03749999999997,67.03786191536746,0.016226126628508194,BULLISH,RSI_NORMAL,LOW_VOLATILITY
2025-09-25,395.45,406.45,392.45,403.15,23800000.0,403.66999999999996,390.0025,72.05180640763459,0.016415749237473968,BULLISH,RSI_HIGH,LOW_VOLATILITY
2025-09-26,403.65,406.15,394.4,395.9,11690000.0,401.07,391.3275,65.09433962264148,0.017022797884871287,BULLISH,RSI_NORMAL,LOW_VOLATILITY
2025-09-29,401.0,408.15,399.05,399.95,23390000.0,399.78,392.63,66.76646706586824,0.01697657256478311,BULLISH,RSI_NORMAL,LOW_VOLATILITY
2025-09-30,405.0,406.4,401.85,403.95,14680000.0,399.67999999999995,393.9975,61.13445378151257,0.01701989805231175,BULLISH,RSI_NORMAL,LOW_VOLATILITY
2025-10-01,402.0,409.0,399.35,406.5,13160000.0,401.89,395.38749999999993,65.02463054187191,0.017025086316536788,BULLISH,RSI_NORMAL,LOW_VOLATILITY
2025-10-03,406.8,413.8,405.1,412.65,16000000.0,403.78999999999996,397.395,60.58683584456777,0.01652165748341732,BULLISH,RSI_NORMAL,LOW_VOLATILITY
2025-10-06,412.7,414.9,407.5,413.25,14680000.0,407.26,399.51750000000004,61.783439490445865,0.016387598484430388,BULLISH,RSI_NORMAL,LOW_VOLATILITY
2025-10-07,413.25,415.55,409.1,410.3,11930000.0,409.33000000000004,401.4375,56.035889070146844,0.016625821424168075,BULLISH,RSI_NORMAL,LOW_VOLATILITY
2025-10-08,410.4,412.0,403.1,403.65,8670000.0,409.27,403.0225,42.71099744245523,0.017269499115378825,BULLISH,RSI_NORMAL,LOW_VOLATILITY
2025-10-09,403.7,410.0,403.0,409.35,9040000.0,409.84,404.0875,49.55680902497989,0.014862388222526226,BULLISH,RSI_NORMAL,LOW_VOLATILITY
2025-10-10,409.0,415.5,408.35,413.5,13810000.0,410.01000000000005,405.505,53.527607361963206,0.014744196410628343,BULLISH,RSI_NORMAL,LOW_VOLATILITY
2025-10-13,412.95,413.0,406.35,409.4,7860000.0,409.24,406.01,52.24550898203592,0.01279741409927128,BULLISH,RSI_NORMAL,LOW_VOLATILITY
2025-10-14,410.0,414.15,401.6,402.4,10790000.0,407.66,406.2075,48.57341684064022,0.013432207846549107,BEARISH,RSI_NORMAL,LOW_VOLATILITY
2025-10-15,403.0,410.25,403.0,408.1,10890000.0,408.55,406.4675,59.226841721371265,0.013572529148832637,BULLISH,RSI_NORMAL,LOW_VOLATILITY
2025-10-16,409.1,412.7,409.05,411.8,11480000.0,409.04,406.4475,56.700232378001566,0.012690772772895305,BULLISH,RSI_NORMAL,LOW_VOLATILITY
2025-10-17,410.35,420.0,409.65,412.8,19570000.0,408.9,406.59250000000003,64.49399656946827,0.012630715906115334,BULLISH,RSI_NORMAL,LOW_VOLATILITY
2025-10-20,416.5,417.55,412.5,416.5,10580000.0,410.32,406.97249999999997,64.27955133735978,0.012751219008214555,BULLISH,RSI_NORMAL,LOW_VOLATILITY
2025-10-21,418.15,419.15,416.6,417.7,2920000.0,413.38,407.5375,62.46600181323661,0.012645338745445584,BULLISH,RSI_NORMAL,LOW_VOLATILITY
2025-10-23,421.5,422.5,418.0,418.65,21980000.0,415.48999999999995,408.2475,61.34453781512602,0.012560062180376882,BULLISH,RSI_NORMAL,LOW_VOLATILITY
2025-10-24,422.0,423.7,419.9,422.05,18720000.0,417.53999999999996,409.5775,59.25196850393702,0.01126834444807471,BULLISH,RSI_NORMAL,LOW_VOLATILITY
2025-10-27,425.0,425.0,414.6,415.15,12160000.0,418.00999999999993,410.17749999999995,51.66374781085811,0.011411957836206105,BULLISH,RSI_NORMAL,LOW_VOLATILITY
2025-10-28,416.8,416.8,410.85,413.55,12250000.0,417.41999999999996,411.06000000000006,52.914798206278014,0.010544804402510039,BULLISH,RSI_NORMAL,LOW_VOLATILITY
2025-10-29,413.55,414.9,406.85,407.2,14500000.0,415.32,411.4225,53.20108205590623,0.011063170967294363,BEARISH,RSI_NORMAL,LOW_VOLATILITY
2025-10-30,407.8,410.65,404.3,409.9,11170000.0,413.57,411.71999999999997,50.52430886558623,0.010943165643996706,BEARISH,RSI_NORMAL,LOW_VOLATILITY
2025-10-31,413.8,427.25,408.15,426.1,51340000.0,414.38,412.7,59.76744186046512,0.013935799082811024,BULLISH,RSI_NORMAL,LOW_VOLATILITY
2025-11-03,428.0,431.0,416.4,422.3,27220000.0,415.80999999999995,413.1825,60.04672897196263,0.013821089669822168,BULLISH,RSI_NORMAL,LOW_VOLATILITY
2025-11-04,420.0,422.4,414.5,415.15,12830000.0,416.13,413.2775,59.90675990675989,0.014405607495866517,BULLISH,RSI_NORMAL,LOW_VOLATILITY
2025-11-06,411.0,415.0,407.45,408.8,12790000.0,416.45,413.2025,50.538461538461526,0.014739706203091582,BEARISH,RSI_NORMAL,LOW_VOLATILITY
2025-11-07,408.0,416.0,405.3,414.25,10140000.0,417.32,413.73249999999996,51.83520599250936,0.01451695914115732,BULLISH,RSI_NORMAL,LOW_VOLATILITY
2025-11-10,415.95,420.4,414.0,416.85,9290000.0,415.4700000000001,414.10749999999996,52.96269202633504,0.014258732414041518,BULLISH,RSI_NORMAL,LOW_VOLATILITY
2025-11-11,417.15,427.9,417.15,427.3,24890000.0,416.46999999999997,414.79749999999996,57.19041278295605,0.01512658822023885,BULLISH,RSI_NORMAL,LOW_VOLATILITY
2025-11-12,428.15,429.4,421.8,424.75,15220000.0,418.39000000000004,415.56499999999994,54.61085676913015,0.014991502355035723,BULLISH,RSI_NORMAL,LOW_VOLATILITY
2025-11-13,423.15,425.2,419.0,419.8,9090000.0,420.59,416.43500000000006,50.714729645742715,0.0146735167907135,BULLISH,RSI_NORMAL,LOW_VOLATILITY
2025-11-14,418.8,428.7,418.7,426.85,14720000.0,423.11,417.37250000000006,52.8537455410226,0.014797390816465432,BULLISH,RSI_NORMAL,LOW_VOLATILITY
2025-11-17,427.95,429.5,422.4,424.55,13000000.0,424.65,418.01000000000005,55.91194968553461,0.014805166545489046,BULLISH,RSI_NORMAL,LOW_VOLATILITY
2025-11-18,424.55,429.45,420.3,420.9,13340000.0,423.37,418.41499999999996,54.50643776824032,0.014978099838173359,BULLISH,RSI_NORMAL,LOW_VOLATILITY
2025-11-19,420.0,424.25,415.05,423.2,9660000.0,423.06000000000006,418.75,60.32258064516128,0.014901389701688566,BULLISH,RSI_NORMAL,LOW_VOLATILITY
2025-11-20,425.0,427.2,422.2,423.0,10460000.0,423.7,419.015,58.733333333333334,0.014896823980024418,BULLISH,RSI_NORMAL,LOW_VOLATILITY
2025-11-21,421.5,423.35,415.5,416.35,8400000.0,421.6,418.9,42.55156608097785,0.015335946383017964,BEARISH,RSI_NORMAL,LOW_VOLATILITY
2025-11-24,414.0,415.35,401.0,403.8,23700000.0,417.45,417.9875,37.533692722371974,0.01658385294417314,BEARISH,RSI_NORMAL,LOW_VOLATILITY
2025-11-25,406.5,412.4,406.0,410.25,14110000.0,415.32,417.7425,46.66666666666668,0.016694486789313078,BEARISH,RSI_NORMAL,LOW_VOLATILITY
2025-11-26,410.25,416.5,408.5,415.3,8340000.0,413.74000000000007,417.83000000000004,54.501385041551245,0.016911457176006943,BEARISH,RSI_NORMAL,LOW_VOLATILITY
2025-11-27,415.3,417.3,412.0,413.05,5250000.0,411.75,418.12250000000006,49.1304347826087,0.01656837543474434,BEARISH,RSI_NORMAL,LOW_VOLATILITY
2025-11-28,414.0,415.25,408.65,411.75,6690000.0,410.83000000000004,418.215,46.23338257016247,0.01653283751133175,BEARISH,RSI_NORMAL,LOW_VOLATILITY
2025-12-01,415.9,419.2,413.5,417.25,9650000.0,413.52,417.77250000000004,41.99203187250996,0.014131194126449179,BEARISH,RSI_NORMAL,LOW_VOLATILITY
2025-12-02,418.05,418.65,411.0,413.05,11220000.0,414.08000000000004,417.31000000000006,40.91614906832299,0.01416752534838119,BEARISH,RSI_NORMAL,LOW_VOLATILITY
2025-12-03,412.0,412.7,403.4,403.95,12290000.0,411.80999999999995,416.75,38.43909555069292,0.014510892374022104,BEARISH,RSI_NORMAL,LOW_VOLATILITY
2025-12-04,405.8,409.5,401.75,407.15,10870000.0,410.63,416.6675,34.77588871715608,0.014255929023759011,BEARISH,RSI_NORMAL,LOW_VOLATILITY
2025-12-05,409.0,410.7,405.35,406.9,11770000.0,409.65999999999997,416.3,35.91380686352751,0.01390073223049015,BEARISH,RSI_NORMAL,LOW_VOLATILITY
2025-12-08,406.45,406.45,385.0,386.4,25590000.0,403.48999999999995,414.7775,28.301886792452834,0.017649749693618034,BEARISH,RSI_LOW,LOW_VOLATILITY
2025-12-09,385.05,391.0,380.55,389.45,19270000.0,398.77,412.88500000000005,28.971962616822438,0.016564030745885156,BEARISH,RSI_LOW,LOW_VOLATILITY
2025-12-10,390.0,391.45,385.75,387.35,8369999.999999999,395.45,411.015,28.301886792452834,0.01656183632516278,BEARISH,RSI_LOW,LOW_VOLATILITY
2025-12-11,386.0,390.0,385.15,387.5,7670000.0,391.52,409.4,30.93192333113018,0.01650553730823076,BEARISH,RSI_NORMAL,LOW_VOLATILITY
2025-12-12,388.0,394.1,388.0,389.45,12660000.0,388.03,407.53000000000003,38.970023059185216,0.015930307692082143,BEARISH,RSI_NORMAL,LOW_VOLATILITY
2025-12-15,389.05,392.4,388.0,390.75,9090000.0,388.9,405.84000000000003,33.722871452420705,0.016022538387579863,BEARISH,RSI_NORMAL,LOW_VOLATILITY
2025-12-16,390.75,391.2,384.75,388.0,8700000.0,388.61,404.19500000000005,26.302083333333314,0.016002847507250464,BEARISH,RSI_LOW,LOW_VOLATILITY
2025-12-17,388.0,388.4,385.0,385.6,6610000.0,388.26,402.31499999999994,26.233766233766218,0.015853949191327522,BEARISH,RSI_LOW,LOW_VOLATILITY
2025-12-18,384.05,386.8,380.45,383.45,7510000.0,387.45,400.3375,25.853242320819092,0.015826425773291852,BEARISH,RSI_LOW,LOW_VOLATILITY
2025-12-19,383.5,393.5,383.5,392.85,11600000.0,388.13,399.1625,30.480000000000018,0.01688371731063364,BEARISH,RSI_NORMAL,LOW_VOLATILITY
2025-12-22,393.0,399.3,392.9,398.95,9320000.0,389.77000000000004,398.91999999999996,39.05279503105588,0.016053777594533976,BULLISH,RSI_NORMAL,LOW_VOLATILITY
2025-12-23,399.0,402.5,395.75,399.4,7730000.0,392.05,398.3775,45.91928251121074,0.015589500928871989,BULLISH,RSI_NORMAL,LOW_VOLATILITY
2025-12-24,399.0,403.65,397.6,400.0,8100000.0,394.92999999999995,397.6125,43.273753527751666,0.015280014323687176,BULLISH,RSI_NORMAL,LOW_VOLATILITY
2025-12-26,403.0,407.55,397.15,398.45,13280000.0,397.92999999999995,396.8825,42.24058769513316,0.015264475374606554,BULLISH,RSI_NORMAL,LOW_VOLATILITY
2025-12-29,401.0,403.45,392.45,393.25,15690000.0,398.01,395.9575,58.74840357598982,0.015473595146542764,BEARISH,RSI_NORMAL,LOW_VOLATILITY
2025-12-30,395.8,397.0,389.55,393.3,37730000.0,396.88,394.76,55.32503457814665,0.015051412103690584,BEARISH,RSI_NORMAL,LOW_VOLATILITY
2025-12-31,395.9,401.3,395.7,399.6,9410000.0,396.92,394.0875,65.17967781908301,0.015515449694662614,BULLISH,RSI_NORMAL,LOW_VOLATILITY
2026-01-01,399.9,400.75,394.6,397.7,6080000.0,396.46000000000004,393.775,62.11401425178144,0.014777816173192597,BULLISH,RSI_NORMAL,LOW_VOLATILITY
2026-01-02,399.65,405.6,398.95,403.15,10950000.0,397.4,393.575,65.02192982456137,0.01500956396988923,BULLISH,RSI_NORMAL,LOW_VOLATILITY
2026-01-05,402.85,418.6,402.8,413.8,26100000.0,401.51,393.92,70.97361237488623,0.01616070133048785,BULLISH,RSI_HIGH,LOW_VOLATILITY
2026-01-06,414.7,415.7,410.2,413.1,9930000.0,405.47,395.255,73.72400756143665,0.010795075643315584,BULLISH,RSI_HIGH,LOW_VOLATILITY
2026-01-07,413.1,416.25,409.55,415.65,8279999.999999999,408.67999999999995,396.565,78.32233741753055,0.010764205256441879,BULLISH,RSI_HIGH,LOW_VOLATILITY
2026-01-08,415.7,422.95,414.05,415.65,22240000.0,412.27,397.97999999999996,81.6306483300589,0.010600921021847908,BULLISH,RSI_HIGH,LOW_VOLATILITY
2026-01-09,417.0,424.55,415.85,418.65,22960000.0,415.37,399.5375,78.98876404494376,0.01060250753873566,BULLISH,RSI_HIGH,LOW_VOLATILITY
2026-01-12,419.5,419.8,410.6,417.7,14590000.0,416.15,400.95,73.8246505717916,0.010687787220961214,BULLISH,RSI_HIGH,LOW_VOLATILITY
2026-01-13,419.75,422.35,409.4,413.7,13390000.0,416.27,402.09749999999997,66.66666666666666,0.011084731749473192,BULLISH,RSI_NORMAL,LOW_VOLATILITY
2026-01-14,411.0,420.8,411.0,417.6,17680000.0,416.66,403.5775,69.04761904761907,0.010916742409427688,BULLISH,RSI_NORMAL,LOW_VOLATILITY
2026-01-16,416.55,417.25,406.35,410.25,18890000.0,415.58000000000004,404.81000000000006,61.34615384615384,0.01173095781009157,BULLISH,RSI_NORMAL,LOW_VOLATILITY
2026-01-19,410.0,414.9,407.7,412.8,8010000.0,414.41,406.2775,69.80749746707191,0.011563494059788513,BULLISH,RSI_NORMAL,LOW_VOLATILITY
2026-01-20,413.9,415.4,406.0,409.35,32730000.0,412.73999999999995,407.1025,65.21327014218008,0.010766634964394457,BULLISH,RSI_NORMAL,LOW_VOLATILITY
2026-01-21,406.5,409.5,397.0,402.65,19150000.0,410.53000000000003,407.2875,52.86923800564436,0.011034081986814818,BEARISH,RSI_NORMAL,LOW_VOLATILITY
2026-01-22,406.0,418.3,406.0,417.3,19760000.0,410.46999999999997,408.1825,64.87101669195751,0.013644006752904123,BULLISH,RSI_NORMAL,LOW_VOLATILITY
2026-01-23,419.0,419.0,408.5,410.7,12720000.0,410.56000000000006,408.7175,55.630126771066365,0.01423294248271487,BULLISH,RSI_NORMAL,LOW_VOLATILITY
2026-01-27,416.45,419.25,411.6,415.95,15480000.0,411.18999999999994,409.59250000000003,51.74371451743713,0.01439351003383772,BULLISH,RSI_NORMAL,LOW_VOLATILITY
2026-01-28,418.0,457.5,417.3,453.0,71990000.0,419.91999999999996,412.58000000000004,70.35714285714282,0.023752191591079143,BULLISH,RSI_HIGH,HIGH_VOLATILITY
2026-01-29,454.25,455.95,438.25,444.5,42410000.0,428.28999999999996,415.14,63.876863876863865,0.02442096148497218,BULLISH,RSI_NORMAL,HIGH_VOLATILITY
2026-01-30,446.85,451.95,439.3,449.0,36680000.0,434.63,417.61,65.37574919317657,0.02433432479813373,BULLISH,RSI_NORMAL,HIGH_VOLATILITY
2026-02-01,455.0,461.65,404.1,425.35,101560000.0,437.56000000000006,418.9925,52.59488768396593,0.02760067970079561,BULLISH,RSI_NORMAL,HIGH_VOLATILITY
2026-02-02,432.0,441.35,420.25,439.1,43650000.0,442.19000000000005,420.78999999999996,57.54052149400987,0.028261423092148717,BULLISH,RSI_NORMAL,HIGH_VOLATILITY
2026-02-03,460.0,460.0,435.25,438.95,26700000.0,439.38,422.0475,59.14523723288663,0.02780650743026788,BULLISH,RSI_NORMAL,HIGH_VOLATILITY
2026-02-04,436.8,443.4,433.8,439.2,12400000.0,438.32,423.3525000000001,58.03571428571427,0.027789678313650992,BULLISH,RSI_NORMAL,HIGH_VOLATILITY
2026-02-05,439.0,439.0,428.15,432.9,14350000.0,435.1,424.215,58.49268841394824,0.02806033388475043,BULLISH,RSI_NORMAL,HIGH_VOLATILITY
2026-02-06,433.0,433.4,425.55,429.65,11080000.0,435.9599999999999,424.91499999999996,56.28496829541215,0.02814422748620918,BULLISH,RSI_NORMAL,HIGH_VOLATILITY
2026-02-09,432.0,439.6,429.5,437.3,12160000.0,435.6,425.84749999999997,60.108499095840855,0.028345886076414063,BULLISH,RSI_NORMAL,HIGH_VOLATILITY
2026-02-10,438.0,441.3,433.55,437.3,10880000.0,435.27,426.8275,63.169897377423034,0.02833009890804546,BULLISH,RSI_NORMAL,HIGH_VOLATILITY
2026-02-11,438.7,438.7,434.35,437.55,8270000.0,434.93999999999994,428.02,58.6427656850192,0.028189788246668623,BULLISH,RSI_NORMAL,HIGH_VOLATILITY
2026-02-12,437.0,444.95,434.6,443.9,16140000.0,437.14,429.3349999999999,64.20017108639863,0.028271963537769722,BULLISH,RSI_NORMAL,HIGH_VOLATILITY
2026-02-13,443.9,446.2,432.8,435.55,14090000.0,438.32,430.6,58.16666666666668,0.02832058693545653,BULLISH,RSI_NORMAL,HIGH_VOLATILITY
2026-02-16,433.05,438.6,429.1,438.0,8160000.0,438.46000000000004,431.86,41.21779859484777,0.028317770184478442,BULLISH,RSI_NORMAL,HIGH_VOLATILITY
2026-02-17,442.0,449.35,440.3,446.85,17960000.0,440.37,433.735,51.37026239067057,0.028416882338336537,BULLISH,RSI_NORMAL,HIGH_VOLATILITY
2026-02-18,450.0,453.5,446.15,447.7,14340000.0,442.4,435.9875,49.2082825822168,0.027992188793609925,BULLISH,RSI_NORMAL,HIGH_VOLATILITY
2026-02-19,447.7,449.25,432.95,435.35,9790000.0,440.68999999999994,436.89,57.06214689265537,0.027954010350294944,BEARISH,RSI_NORMAL,HIGH_VOLATILITY
2026-02-20,435.0,445.4,433.7,441.15,9530000.0,441.81000000000006,438.4125,51.6308671439936,0.0277083591567098,BULLISH,RSI_NORMAL,HIGH_VOLATILITY
2026-02-23,442.8,445.3,435.7,439.75,12920000.0,442.16,439.60249999999996,50.62402496099846,0.02767002383542643,BULLISH,RSI_NORMAL,HIGH_VOLATILITY
2026-02-24,437.0,437.5,430.35,435.05,12220000.0,439.8,438.70500000000004,46.973012399708246,0.018996451262070967,BEARISH,RSI_NORMAL,LOW_VOLATILITY
2026-02-25,435.0,441.0,433.55,439.3,9470000.0,438.12000000000006,438.445,54.812030075188005,0.018728582080605825,BULLISH,RSI_NORMAL,LOW_VOLATILITY
2026-02-26,440.6,449.9,440.0,449.05,13740000.0,440.86,438.44749999999993,63.28767123287677,0.019272805333018207,BULLISH,RSI_NORMAL,LOW_VOLATILITY
2026-02-27,448.6,449.0,441.7,444.7,22730000.0,441.57,439.41499999999996,55.30846484935438,0.014988779696963753,BULLISH,RSI_NORMAL,LOW_VOLATILITY
2026-03-02,442.1,456.7,441.7,453.95,35030000.0,444.40999999999997,440.1575000000001,60.54464851171628,0.013961267170934225,BULLISH,RSI_NORMAL,LOW_VOLATILITY
2026-03-04,460.0,460.85,444.5,446.85,35190000.0,446.77,440.55249999999995,55.419580419580434,0.014491356817543153,BULLISH,RSI_NORMAL,LOW_VOLATILITY
2026-03-05,448.8,467.9,445.85,460.0,38020000.0,450.91,441.5924999999999,58.693304535637175,0.015822674308663624,BULLISH,RSI_NORMAL,LOW_VOLATILITY
2026-03-06,462.0,473.45,460.35,468.45,28150000.0,454.78999999999996,443.37,67.74541531823087,0.015687137839674698,BULLISH,RSI_NORMAL,LOW_VOLATILITY
2026-03-09,470.0,470.0,450.0,457.35,21900000.0,457.32,444.755,59.54612728169712,0.01670081320036092,BULLISH,RSI_NORMAL,LOW_VOLATILITY
2026-03-10,465.0,465.8,453.55,463.35,19400000.0,459.2,446.05750000000006,58.375634517766514,0.016517899183234354,BULLISH,RSI_NORMAL,LOW_VOLATILITY
2026-03-11,463.5,469.8,453.25,454.1,16020000.0,460.65,446.8974999999999,52.99345182413473,0.01729533619558625,BULLISH,RSI_NORMAL,LOW_VOLATILITY
2026-03-12,452.0,455.0,448.5,453.55,14090000.0,459.36,447.69750000000005,59.56887486855942,0.017307832143591217,BULLISH,RSI_NORMAL,LOW_VOLATILITY
2026-03-13,451.9,452.4,433.65,439.4,19500000.0,453.55,447.4725,49.15418076365394,0.018534798150177337,BEARISH,RSI_NORMAL,LOW_VOLATILITY
2026-03-16,431.9,437.8,422.25,429.5,22320000.0,447.98,447.16999999999996,45.42206342117016,0.018747305651151843,BEARISH,RSI_NORMAL,LOW_VOLATILITY
2026-03-17,432.45,441.05,430.3,439.35,14420000.0,443.18,447.2375,51.83603757472247,0.019433436106413834,BEARISH,RSI_NORMAL,LOW_VOLATILITY
2026-03-18,445.45,447.75,440.5,442.6,13700000.0,440.88,447.025,51.42118863049096,0.01894911665391653,BEARISH,RSI_NORMAL,LOW_VOLATILITY
2026-03-19,436.1,439.0,428.4,430.8,12240000.0,436.33000000000004,446.18,42.27676682183665,0.0198297530900198,BEARISH,RSI_NORMAL,LOW_VOLATILITY
2026-03-20,432.2,438.95,424.7,426.1,17600000.0,433.6700000000001,445.71750000000003,42.15189873417723,0.01901964763829528,BEARISH,RSI_NORMAL,LOW_VOLATILITY
2026-03-23,420.6,421.75,404.0,405.5,18890000.0,428.87000000000006,443.93500000000006,31.343858298036196,0.021437407372152502,BEARISH,RSI_NORMAL,HIGH_VOLATILITY
2026-03-24,412.5,417.45,408.75,414.45,14640000.0,423.89,442.66999999999996,37.69931662870158,0.022216736434981104,BEARISH,RSI_NORMAL,HIGH_VOLATILITY
2026-03-25,416.3,422.0,412.55,413.45,15130000.0,418.06000000000006,441.59,30.53115851108322,0.02213749656087053,BEARISH,RSI_NORMAL,HIGH_VOLATILITY
2026-03-27,411.9,413.45,403.25,404.75,21820000.0,412.85,439.8625,23.41402337228716,0.02232408189136998,BEARISH,RSI_LOW,HIGH_VOLATILITY
2026-03-30,400.0,413.25,399.35,400.65,22690000.0,407.76,437.4425,24.86702127659575,0.021494017805573733,BEARISH,RSI_LOW,HIGH_VOLATILITY
2026-04-01,415.0,430.2,412.65,418.7,25300000.0,410.4,436.14250000000004,32.11854225070084,0.024238080997161807,BEARISH,RSI_NORMAL,HIGH_VOLATILITY
2026-04-02,417.0,423.6,407.5,421.6,19690000.0,411.83000000000004,434.525,36.28691983122364,0.023722276265845225,BEARISH,RSI_NORMAL,HIGH_VOLATILITY
2026-04-06,422.0,428.05,420.0,427.15,12330000.0,414.57,433.5400000000001,39.31174089068825,0.02381564396131893,BEARISH,RSI_NORMAL,HIGH_VOLATILITY
2026-04-07,424.0,429.0,420.65,427.8,11420000.0,419.18,431.93,44.72727272727275,0.022668379538726594,BEARISH,RSI_NORMAL,HIGH_VOLATILITY
2026-04-08,440.0,440.0,428.8,433.1,20050000.0,425.66999999999996,430.1625,51.70777988614801,0.02240431647068842,BULLISH,RSI_NORMAL,HIGH_VOLATILITY
2026-04-09,425.0,443.3,424.5,439.75,19920000.0,429.88,429.28249999999997,50.19569471624265,0.022269027569075582,BULLISH,RSI_NORMAL,HIGH_VOLATILITY
2026-04-10,444.1,447.45,440.45,442.45,10830000.0,434.05,428.2375,49.92621741269058,0.02207805949037072,BULLISH,RSI_NORMAL,HIGH_VOLATILITY
2026-04-13,435.0,445.5,434.0,441.55,15150000.0,436.93,427.61,55.9228650137741,0.021673692677351628,BULLISH,RSI_NORMAL,HIGH_VOLATILITY
2026-04-15,447.5,449.2,444.8,447.65,9920000.0,440.9,427.31499999999994,61.692892023874094,0.021931325358785267,BULLISH,RSI_NORMAL,HIGH_VOLATILITY
2026-04-16,449.85,457.0,448.9,455.65,12200000.0,445.41,428.12749999999994,81.52105593966058,0.021033851983318478,BULLISH,RSI_HIGH,HIGH_VOLATILITY
2026-04-17,458.0,463.75,454.45,462.75,14130000.0,450.01000000000005,429.78999999999996,81.0810810810811,0.020408915436687644,BULLISH,RSI_HIGH,HIGH_VOLATILITY
2026-04-20,462.0,464.4,456.0,457.55,9910000.0,453.03000000000003,430.7,76.92307692307695,0.020163486124021954,BULLISH,RSI_HIGH,HIGH_VOLATILITY
2026-04-21,457.5,461.8,449.45,451.5,13490000.0,455.02,431.145,79.49526813880126,0.020410779232826567,BULLISH,RSI_HIGH,HIGH_VOLATILITY
2026-04-22,450.8,451.85,444.7,448.7,11540000.0,455.23,432.03999999999996,80.82103912764595,0.01943038632062367,BULLISH,RSI_HIGH,LOW_VOLATILITY
2026-04-23,451.7,455.7,444.5,449.95,15020000.0,454.09,433.2325000000001,75.55192150449716,0.019183150165145973,BULLISH,RSI_HIGH,LOW_VOLATILITY
2026-04-24,450.0,451.2,438.75,444.45,11650000.0,450.42999999999995,435.18,67.92156862745097,0.015439336410946358,BULLISH,RSI_NORMAL,LOW_VOLATILITY
2026-04-27,445.0,448.3,432.95,435.6,18500000.0,446.03999999999996,436.2375,56.30126771066372,0.015804160758286667,BEARISH,RSI_NORMAL,LOW_VOLATILITY
2026-04-28,435.6,441.0,433.55,435.75,10880000.0,442.89,437.35249999999996,55.97295266716755,0.01577003620381536,BEARISH,RSI_NORMAL,LOW_VOLATILITY
2026-04-29,437.05,442.8,435.25,437.55,9510000.0,440.66,438.99249999999995,53.528945281522596,0.014742480929912172,BEARISH,RSI_NORMAL,LOW_VOLATILITY
2026-04-30,436.45,436.45,424.5,431.3,15800000.0,436.93,440.525,43.256185155626504,0.014979491319033412,BEARISH,RSI_NORMAL,LOW_VOLATILITY
2026-05-04,433.0,438.6,428.6,433.55,10760000.0,434.75,441.26750000000004,42.84565916398715,0.011434292891237196,BEARISH,RSI_NORMAL,LOW_VOLATILITY
2026-05-05,433.5,436.5,429.3,433.35,11670000.0,434.3,441.855,43.333333333333336,0.011379385484184408,BEARISH,RSI_NORMAL,LOW_VOLATILITY
2026-05-06,437.0,439.65,435.15,438.2,9750000.0,434.7900000000001,442.4075000000001,42.157676348547724,0.011280525738976505,BEARISH,RSI_NORMAL,LOW_VOLATILITY
2026-05-07,439.9,441.0,433.5,439.45,15700000.0,435.16999999999996,442.98999999999995,34.85981308411215,0.011285588802407792,BEARISH,RSI_NORMAL,LOW_VOLATILITY
2026-05-08,439.0,443.8,437.8,439.7,11160000.0,436.85,443.32,25.29474812433007,0.010985608020352,BEARISH,RSI_LOW,LOW_VOLATILITY
2026-05-11,438.0,439.15,431.0,431.95,7630000.0,436.53000000000003,442.92999999999995,23.983739837398318,0.011161943562919658,BEARISH,RSI_LOW,LOW_VOLATILITY
2026-05-12,430.2,432.5,415.5,416.5,15200000.0,433.15999999999997,441.6325,20.136518771331012,0.013477138462741236,BEARISH,RSI_LOW,LOW_VOLATILITY
2026-05-13,416.6,432.0,415.75,428.25,13230000.0,431.16999999999996,440.9674999999999,34.86306439674313,0.015173215752651108,BEARISH,RSI_NORMAL,LOW_VOLATILITY
2026-05-14,431.0,435.15,424.45,428.85,9810000.0,429.05,440.0275,34.230194319880425,0.014765704387016878,BEARISH,RSI_NORMAL,LOW_VOLATILITY
2026-05-15,428.85,429.5,422.2,423.65,7590000.0,425.84,438.42749999999995,34.384384384384376,0.014147401650318577,BEARISH,RSI_NORMAL,LOW_VOLATILITY
2026-05-18,423.85,427.8,414.6,426.6,10450000.0,424.77,436.62,42.58649093904449,0.013657078438804347,BEARISH,RSI_NORMAL,LOW_VOLATILITY
2026-05-19,428.4,430.9,419.3,422.95,13350000.0,426.06000000000006,434.89000000000004,40.03115264797509,0.013595005124461155,BEARISH,RSI_NORMAL,LOW_VOLATILITY
2026-05-20,416.3,420.0,407.0,413.3,28010000.0,423.07,432.98,33.17140874392784,0.014103365057138438,BEARISH,RSI_NORMAL,LOW_VOLATILITY
2026-05-21,420.0,426.1,418.05,420.4,19790000.0,421.38,431.56499999999994,42.524005486968434,0.014886062648625277,BEARISH,RSI_NORMAL,LOW_VOLATILITY
2026-05-22,421.45,421.45,415.45,416.55,9180000.0,419.96000000000004,429.895,38.59060402684564,0.014875126770885738,BEARISH,RSI_NORMAL,LOW_VOLATILITY
2026-05-25,419.3,422.55,417.3,421.85,8860000.0,419.01000000000005,428.76500000000004,42.77638190954774,0.015169661967820406,BEARISH,RSI_NORMAL,LOW_VOLATILITY
2026-05-26,423.5,425.55,418.85,420.1,12320000.0,418.43999999999994,427.98999999999995,38.169934640522904,0.014616571742515206,BEARISH,RSI_NORMAL,LOW_VOLATILITY
2026-05-27,422.0,422.0,416.1,419.1,10870000.0,419.6,427.15749999999997,36.65573770491807,0.014609132130272559,BEARISH,RSI_NORMAL,LOW_VOLATILITY
2026-05-29,413.3,419.1,409.9,410.75,26560000.0,417.66999999999996,425.8175,32.83935981031419,0.015074101600518156,BEARISH,RSI_NORMAL,LOW_VOLATILITY
2026-06-01,412.35,413.7,404.75,407.2,16450000.0,415.8,424.6125,34.56019962570183,0.014904592061917975,BEARISH,RSI_NORMAL,LOW_VOLATILITY
2026-06-02,405.8,409.6,400.3,407.85,15000000.0,413.0,423.32750000000004,43.38179035960218,0.01482431805151084,BEARISH,RSI_NORMAL,LOW_VOLATILITY
2026-06-03,408.0,408.95,403.1,406.6,6630000.0,410.3,421.98999999999995,30.264357338195154,0.014812778564277668,BEARISH,RSI_NORMAL,LOW_VOLATILITY
2026-06-04,405.0,411.55,404.0,409.9,9120000.0,408.46000000000004,420.575,33.536055603822746,0.014672148228723286,BEARISH,RSI_NORMAL,LOW_VOLATILITY
2026-06-05,410.1,412.0,405.1,408.2,11080000.0,407.95,419.0125,35.70767807585571,0.01460274398120613,BEARISH,RSI_NORMAL,LOW_VOLATILITY
2026-06-08,399.0,415.5,399.0,412.95,12020000.0,409.1,417.675,37.77976723366156,0.014973242680529833,BEARISH,RSI_NORMAL,LOW_VOLATILITY
2026-06-09,417.0,417.0,410.0,412.05,11000000.0,409.93999999999994,416.68,39.73634651600754,0.014573613946402759,BEARISH,RSI_NORMAL,LOW_VOLATILITY
2026-06-10,413.0,415.25,407.1,408.35,5370000.0,410.28999999999996,416.27250000000004,44.7507953340403,0.012400305924703587,BEARISH,RSI_NORMAL,LOW_VOLATILITY
2026-06-11,407.35,407.35,401.75,402.3,6990000.0,408.77,414.975,30.36876355748376,0.010696604936983295,BEARISH,RSI_NORMAL,LOW_VOLATILITY
2026-06-12,407.35,409.0,403.3,406.5,8090000.0,408.43,413.85749999999996,39.181916038751325,0.011079385894889887,BEARISH,RSI_NORMAL,LOW_VOLATILITY
2026-06-15,412.0,412.5,406.0,409.55,11500000.0,407.75,413.1525,36.085972850678715,0.011061865119638128,BEARISH,RSI_NORMAL,LOW_VOLATILITY
2026-06-16,409.6,410.8,406.15,407.55,9700000.0,406.85,412.2,35.88301462317209,0.01089323936240665,BEARISH,RSI_NORMAL,LOW_VOLATILITY
2026-06-17,407.0,422.4,406.15,419.85,24510000.0,409.15,412.04499999999996,50.672645739910315,0.012956595896254548,BULLISH,RSI_NORMAL,LOW_VOLATILITY
2026-06-18,422.5,430.0,421.75,428.6,23600000.0,414.41,412.81000000000006,65.89492430988426,0.012635032205840701,BULLISH,RSI_NORMAL,LOW_VOLATILITY
2026-06-19,427.9,431.6,424.55,426.9,10830000.0,418.49000000000007,413.13500000000005,68.13996316758747,0.01216471412558173,BULLISH,RSI_NORMAL,LOW_VOLATILITY
2026-06-22,428.1,432.7,426.15,431.5,9750000.0,422.88,413.88250000000005,70.30042918454934,0.012119181911315596,BULLISH,RSI_HIGH,LOW_VOLATILITY
2026-06-23,435.0,435.0,418.5,420.0,15570000.0,425.37,413.7900000000001,59.781021897810206,0.013388768735963275,BULLISH,RSI_NORMAL,LOW_VOLATILITY
2026-06-24,420.2,422.55,412.8,413.55,9620000.0,424.11,413.4625,52.547103977669245,0.013794075510968298,BULLISH,RSI_NORMAL,LOW_VOLATILITY
2026-06-25,413.6,415.05,406.0,407.2,21990000.0,419.83000000000004,412.8675,49.344692005242464,0.0141772674559035,BEARISH,RSI_NORMAL,LOW_VOLATILITY
2026-06-29,406.8,418.3,403.55,411.6,26670000.0,416.77,412.91,49.1112574061883,0.01371532005636109,BEARISH,RSI_NORMAL,LOW_VOLATILITY
2026-06-30,413.5,414.45,408.5,411.8,14610000.0,412.83000000000004,413.14,49.83388704318937,0.013556795201770555,BEARISH,RSI_NORMAL,LOW_VOLATILITY
2026-07-01,413.0,417.65,411.4,416.25,8840000.0,412.08000000000004,413.56000000000006,55.19736842105261,0.013745770520925456,BULLISH,RSI_NORMAL,LOW_VOLATILITY
2026-07-02,416.25,418.3,412.3,415.05,10740000.0,412.38,413.98249999999996,58.959943780744894,0.013742921985282333,BULLISH,RSI_NORMAL,LOW_VOLATILITY
2026-07-03,418.6,424.5,417.1,418.05,12090000.0,414.55,414.39000000000004,58.25589706933523,0.013720540236798444,BULLISH,RSI_NORMAL,LOW_VOLATILITY
2026-07-06,422.0,429.9,420.1,425.55,16520000.0,417.34,415.2575,60.752688172042994,0.014160032129645204,BULLISH,RSI_NORMAL,LOW_VOLATILITY
2026-07-07,425.55,425.9,416.0,419.15,7820000.0,418.81000000000006,415.5675,57.36040609137052,0.014475114149278389,BULLISH,RSI_NORMAL,LOW_VOLATILITY
2026-07-08,416.5,417.8,406.0,407.6,12840000.0,417.08000000000004,415.34499999999997,42.15246636771301,0.015805224384062528,BEARISH,RSI_NORMAL,LOW_VOLATILITY
2026-07-09,409.15,411.0,404.05,406.2,10890000.0,415.31000000000006,415.2375,34.15841584158416,0.015695504661418246,BEARISH,RSI_NORMAL,LOW_VOLATILITY
2026-07-10,408.4,415.45,408.2,414.85,9270000.0,414.66999999999996,415.86499999999995,42.24082421120416,0.015993418842722106,BEARISH,RSI_NORMAL,LOW_VOLATILITY
2026-07-13,411.95,412.9,408.6,410.8,6650000.0,411.71999999999997,416.08000000000004,36.57587548638135,0.016047509284147988,BEARISH,RSI_NORMAL,LOW_VOLATILITY
2026-07-14,409.35,411.25,405.7,410.1,10650000.0,409.91,416.10749999999996,42.53393665158373,0.01597241226792861,BEARISH,RSI_NORMAL,LOW_VOLATILITY
2026-07-15,409.0,414.3,408.4,410.95,9120000.0,410.58000000000004,416.27750000000003,47.85831960461283,0.015931846529216698,BEARISH,RSI_NORMAL,LOW_VOLATILITY
2026-07-16,412.25,412.5,406.5,407.1,5680000.0,410.76000000000005,415.64,49.91408934707906,0.014443652411827474,BEARISH,RSI_NORMAL,LOW_VOLATILITY
2026-07-17,407.1,411.2,405.1,409.45,6680000.0,409.68,414.6825,48.08548530721279,0.013587835668791112,BEARISH,RSI_NORMAL,LOW_VOLATILITY
2026-07-20,408.55,409.5,406.1,408.15,5380000.0,409.15,413.745,46.81222707423577,0.013583556540046986,BEARISH,RSI_NORMAL,LOW_VOLATILITY
2026-07-21,408.15,410.95,406.5,410.05,5240000.0,409.14,412.6725,44.332723948811704,0.013343746039836882,BEARISH,RSI_NORMAL,LOW_VOLATILITY
2026-07-22,410.05,410.55,406.0,406.75,6670000.0,408.3,412.01000000000005,42.693661971830984,0.012165104662116106,BEARISH,RSI_NORMAL,LOW_VOLATILITY
2026-07-23,405.55,406.95,400.6,405.35,9950000.0,407.95,411.6,38.4963768115942,0.011736577743616873,BEARISH,RSI_NORMAL,LOW_VOLATILITY
2026-07-24,404.2,406.1,401.0,405.0,6180000.0,407.06,411.48999999999995,28.616024973985418,0.011236171583105721,BEARISH,RSI_LOW,LOW_VOLATILITY
2026-07-27,408.0,408.45,404.6,407.15,9680000.0,406.86,411.26750000000004,36.301369863013676,0.01101762900132894,BEARISH,RSI_NORMAL,LOW_VOLATILITY
2026-07-28,406.15,406.15,388.0,389.0,35320000.0,402.65,410.12750000000005,31.547619047619023,0.014775600723563181,BEARISH,RSI_NORMAL,LOW_VOLATILITY
2026-07-29,390.9,390.95,382.2,387.55,32630000.000000004,398.81,408.6925,31.51635282457879,0.01442767521392455,BEARISH,RSI_NORMAL,LOW_VOLATILITY
2026-07-30,386.0,387.5,382.7,384.9,16520000.0,394.71999999999997,407.18500000000006,16.310461192350857,0.014446361386536146,BEARISH,RSI_LOW,LOW_VOLATILITY
2026-07-31,385.0,390.6,385.0,387.85,17110000.0,391.29,405.675,23.52941176470587,0.014463991527041685,BEARISH,RSI_LOW,LOW_VOLATILITY
