Date,Open,High,Low,Close,Volume,MA5,MA20,RSI,Volatility,Trend,RSI_Condition,Volatility_Condition
2015-01-01,34.79,35.15,34.6,34.95,756600.0,,,,,,,
2015-01-02,34.85,35.15,34.12,34.39,1400000.0,,,,,,,
2015-01-05,34.6,35.15,34.06,34.3,1450000.0,,,,,,,
2015-01-06,34.45,34.8,33.88,34.21,1380000.0,,,,,,,
2015-01-07,33.99,35.13,33.99,34.91,1090000.0,34.552,,,,,,
2015-01-08,34.61,35.14,34.61,34.85,968600.0,34.532000000000004,,,,,,
2015-01-09,34.76,35.07,34.36,34.45,1730000.0,34.544,,,,,,
2015-01-12,34.45,35.05,33.94,34.34,1180000.0,34.55200000000001,,,,,,
2015-01-13,34.35,35.05,34.18,34.78,1420000.0,34.666000000000004,,,,,,
2015-01-14,34.95,41.32,34.73,37.69,41760000.0,35.222,,,,,,
2015-01-15,38.33,39.79,38.2,38.55,12230000.0,35.962,,,,,,
2015-01-16,38.53,39.74,37.97,39.32,5090000.0,36.936,,,,,,
2015-01-19,39.36,39.75,38.79,38.96,3990000.0,37.86,,,,,,
2015-01-20,39.3,39.35,38.9,38.99,1870000.0,38.702,,,,,,
2015-01-21,39.25,39.29,37.95,38.12,5660000.0,38.788,,69.2121212121212,,,RSI_NORMAL,
2015-01-22,38.39,38.85,38.01,38.35,1220000.0,38.748,,75.00000000000003,,,RSI_HIGH,
2015-01-23,38.92,38.92,38.16,38.65,4240000.0,38.614,,76.75276752767533,,,RSI_HIGH,
2015-01-27,38.79,43.19,38.55,41.64,11600000.0,39.15,,83.68087035358116,,,RSI_HIGH,
2015-01-28,42.08,44.86,41.75,43.17,13940000.0,39.986000000000004,,84.82293423271503,,,RSI_HIGH,
2015-01-29,43.26,43.39,41.05,41.23,4070000.000000001,40.608,37.292500000000004,73.216885007278,,BULLISH,RSI_HIGH,
2015-01-30,41.83,42.54,40.05,40.45,5900000.0,41.028000000000006,37.567499999999995,71.24645892351275,0.030866067571742456,BULLISH,RSI_HIGH,HIGH_VOLATILITY
2015-02-02,40.93,42.24,40.13,41.54,3770000.0,41.606,37.925,73.84105960264898,0.03061692421693446,BULLISH,RSI_HIGH,HIGH_VOLATILITY
2015-02-03,41.94,42.49,41.34,41.67,2100000.0,41.612,38.2935,73.29276538201486,0.03051985941719703,BULLISH,RSI_HIGH,HIGH_VOLATILITY
2015-02-04,41.94,42.04,40.49,41.02,2870000.0,41.182,38.634,63.2881085395052,0.03094200339757954,BULLISH,RSI_NORMAL,HIGH_VOLATILITY
2015-02-05,41.43,42.14,40.5,41.25,3850000.0,41.186,38.951,61.34453781512605,0.03084471154603347,BULLISH,RSI_NORMAL,HIGH_VOLATILITY
2015-02-06,41.25,41.29,39.66,40.37,3340000.0,41.17,39.227,54.371357202331374,0.031502212933861684,BULLISH,RSI_NORMAL,HIGH_VOLATILITY
2015-02-09,40.37,40.44,39.6,40.02,980600.0,40.866,39.5055,54.41666666666668,0.03141774054676862,BULLISH,RSI_NORMAL,HIGH_VOLATILITY
2015-02-10,40.26,40.44,39.62,39.98,1730000.0,40.528000000000006,39.7875,54.12156536219814,0.031380496323331813,BULLISH,RSI_NORMAL,HIGH_VOLATILITY
2015-02-11,40.42,41.36,40.0,41.07,2500000.0,40.538,40.102000000000004,62.06050695012266,0.03166012991608669,BULLISH,RSI_NORMAL,HIGH_VOLATILITY
2015-02-12,41.14,41.57,40.59,41.21,1900000.0,40.53,40.278,61.779242174629324,0.02630614729267683,BULLISH,RSI_NORMAL,HIGH_VOLATILITY
2015-02-13,40.8,41.99,40.8,41.79,1040000.0,40.814,40.440000000000005,62.64090177133656,0.026062437683976467,BULLISH,RSI_NORMAL,HIGH_VOLATILITY
2015-02-16,43.93,43.93,41.79,43.0,3370000.0,41.41,40.624,56.390977443609025,0.02642049044913438,BULLISH,RSI_NORMAL,HIGH_VOLATILITY
2015-02-18,43.82,43.82,42.01,43.13,2920000.0,42.04,40.832499999999996,49.78354978354979,0.026221280812041434,BULLISH,RSI_NORMAL,HIGH_VOLATILITY
2015-02-19,43.16,43.23,41.95,43.04,2800000.0,42.434000000000005,41.035,62.246278755074435,0.02625569278767006,BULLISH,RSI_NORMAL,HIGH_VOLATILITY
2015-02-20,42.84,42.85,41.24,41.86,5720000.0,42.564,41.221999999999994,59.050064184852346,0.026560926972207462,BULLISH,RSI_NORMAL,HIGH_VOLATILITY
2015-02-23,41.54,42.44,41.32,41.57,1130000.0,42.52,41.383,50.21459227467812,0.02669270255680366,BULLISH,RSI_NORMAL,HIGH_VOLATILITY
2015-02-24,41.77,41.84,40.94,41.15,1710000.0,42.15,41.507999999999996,46.42857142857141,0.026871116214708814,BEARISH,RSI_NORMAL,HIGH_VOLATILITY
2015-02-25,41.51,41.84,40.54,40.76,5670000.0,41.676,41.464,48.14814814814811,0.02058466574907349,BEARISH,RSI_NORMAL,HIGH_VOLATILITY
2015-02-26,40.91,41.53,40.64,40.91,1910000.0,41.25,41.351,47.55043227665704,0.01864117641535638,BEARISH,RSI_NORMAL,LOW_VOLATILITY
2015-02-27,41.04,41.54,40.56,41.02,2810000.0,41.082,41.3405,55.26742301458675,0.015755811690190944,BEARISH,RSI_NORMAL,LOW_VOLATILITY
2015-02-28,41.27,44.61,40.95,43.79,5430000.0,41.525999999999996,41.50750000000001,71.94412107101275,0.021236722290075612,BULLISH,RSI_HIGH,HIGH_VOLATILITY
2015-03-02,43.85,44.38,42.58,43.65,4170000.0,42.025999999999996,41.613,71.11622554660528,0.020596248249996937,BULLISH,RSI_HIGH,HIGH_VOLATILITY
2015-03-03,44.19,44.71,42.89,43.24,2750000.0,42.522000000000006,41.691500000000005,63.54556803995006,0.020771374231762205,BULLISH,RSI_NORMAL,HIGH_VOLATILITY
2015-03-04,43.24,43.93,42.54,43.07,2220000.0,42.95399999999999,41.794,61.56716417910446,0.02041028492050071,BULLISH,RSI_NORMAL,HIGH_VOLATILITY
2015-03-05,42.81,43.66,42.69,43.36,1270000.0,43.422000000000004,41.8995,60.12903225806451,0.020420468169126148,BULLISH,RSI_NORMAL,HIGH_VOLATILITY
2015-03-09,43.8,43.8,41.44,42.09,2490000.0,43.082,41.9855,44.17413572343152,0.020982878928674432,BULLISH,RSI_NORMAL,HIGH_VOLATILITY
2015-03-10,42.44,42.93,41.41,41.77,1460000.0,42.706,42.073,41.50000000000001,0.02095487471971264,BEARISH,RSI_NORMAL,HIGH_VOLATILITY
2015-03-11,41.96,42.02,40.84,41.27,1320000.0,42.312,42.1375,39.476813317479206,0.021189353349177976,BEARISH,RSI_NORMAL,HIGH_VOLATILITY
2015-03-12,41.34,42.19,41.05,41.34,1240000.0,41.966,42.150999999999996,46.438356164383585,0.02032577823385012,BEARISH,RSI_NORMAL,HIGH_VOLATILITY
2015-03-13,41.74,42.01,40.74,41.02,2540000.0,41.498000000000005,42.14149999999999,46.24829467939975,0.020395143667350988,BEARISH,RSI_NORMAL,HIGH_VOLATILITY
2015-03-16,41.48,41.48,39.88,40.0,7730000.0,41.08,42.052,42.74905422446407,0.020831067182081834,BEARISH,RSI_NORMAL,HIGH_VOLATILITY
2015-03-17,40.25,41.14,40.07,40.28,3120000.0,40.782,41.916,46.930946291560126,0.019660442471773874,BEARISH,RSI_NORMAL,HIGH_VOLATILITY
2015-03-18,40.35,41.04,39.96,40.43,4020000.0,40.614000000000004,41.781,46.930946291560126,0.01967251610737942,BEARISH,RSI_NORMAL,HIGH_VOLATILITY
2015-03-19,40.5,41.01,40.2,40.3,1960000.0,40.406,41.644,45.40816326530609,0.019671233365395384,BEARISH,RSI_NORMAL,HIGH_VOLATILITY
2015-03-20,40.69,41.43,38.96,40.15,3520000.0,40.232,41.5585,15.134099616858222,0.01882525504346949,BEARISH,RSI_LOW,HIGH_VOLATILITY
2015-03-23,40.38,40.38,39.56,39.88,4550000.0,40.208,41.474000000000004,14.766355140186917,0.018822466022409907,BEARISH,RSI_LOW,HIGH_VOLATILITY
2015-03-24,39.95,40.35,39.27,39.63,2210000.0,40.077999999999996,41.398,15.221579961464343,0.018754009603234718,BEARISH,RSI_LOW,HIGH_VOLATILITY
2015-03-25,39.46,39.65,39.16,39.43,2230000.0,39.878,41.3315,15.134099616858222,0.018683553445155487,BEARISH,RSI_LOW,HIGH_VOLATILITY
2015-03-26,39.45,40.25,39.33,39.51,2010000.0,39.720000000000006,41.2615,11.576846307385196,0.018663115014931682,BEARISH,RSI_LOW,HIGH_VOLATILITY
2015-03-27,39.75,39.95,39.37,39.56,1490000.0,39.602,41.188500000000005,16.622691292876027,0.01864869460501253,BEARISH,RSI_LOW,LOW_VOLATILITY
2015-03-30,39.94,40.64,39.56,39.94,2430000.0,39.614,40.995999999999995,26.23376623376616,0.009682004101002076,BEARISH,RSI_LOW,LOW_VOLATILITY
2015-03-31,40.26,41.93,39.84,41.03,3770000.0,39.894000000000005,40.864999999999995,47.29729729729728,0.012022705327669145,BULLISH,RSI_NORMAL,LOW_VOLATILITY
2015-04-01,41.52,41.52,40.57,41.34,1290000.0,40.275999999999996,40.769999999999996,50.0,0.012146633831834036,BULLISH,RSI_NORMAL,LOW_VOLATILITY
2015-04-06,41.52,42.68,41.49,42.35,1270000.0,40.84400000000001,40.734,62.38361266294224,0.013509866183354527,BULLISH,RSI_NORMAL,LOW_VOLATILITY
2015-04-07,42.69,43.59,42.05,43.35,1840000.0,41.602000000000004,40.73350000000001,81.30841121495328,0.014493751397092048,BULLISH,RSI_HIGH,LOW_VOLATILITY
2015-04-08,43.35,45.24,42.8,44.83,1880000.0,42.58,40.8705,84.7328244274809,0.014665845823483431,BULLISH,RSI_HIGH,LOW_VOLATILITY
2015-04-09,45.36,46.93,43.94,44.99,5350000.0,43.372,41.0315,84.75609756097562,0.014441380302891146,BULLISH,RSI_HIGH,LOW_VOLATILITY
2015-04-10,45.24,45.92,44.73,45.16,3250000.0,44.135999999999996,41.226000000000006,86.81818181818184,0.013956390422164233,BULLISH,RSI_HIGH,LOW_VOLATILITY
2015-04-13,45.16,45.16,44.14,44.48,3010000.0,44.562,41.382999999999996,80.36465638148668,0.014626906804563319,BULLISH,RSI_HIGH,LOW_VOLATILITY
2015-04-15,44.49,44.84,43.71,44.5,3830000.0,44.791999999999994,41.557,83.5755813953488,0.014400636535156074,BULLISH,RSI_HIGH,LOW_VOLATILITY
2015-04-16,44.66,45.99,43.69,45.79,1040000.0,44.984,41.846500000000006,88.88888888888886,0.013702176111214187,BULLISH,RSI_HIGH,LOW_VOLATILITY
2015-04-17,45.74,45.99,44.35,45.23,1870000.0,45.032,42.09400000000001,85.02415458937196,0.01435187295803545,BULLISH,RSI_HIGH,LOW_VOLATILITY
2015-04-20,44.67,45.88,44.33,45.52,1910000.0,45.104,42.3485,85.39458186101295,0.014342918357362308,BULLISH,RSI_HIGH,LOW_VOLATILITY
2015-04-21,44.99,45.44,41.34,43.67,12570000.0,44.942,42.517,69.97084548104955,0.0176700288320471,BULLISH,RSI_NORMAL,LOW_VOLATILITY
2015-04-22,43.04,43.93,41.86,42.74,1730000.0,44.589999999999996,42.6465,62.91512915129152,0.0185006820876302,BULLISH,RSI_NORMAL,LOW_VOLATILITY
2015-04-23,42.35,43.33,42.35,42.69,7720000.0,43.97,42.787,58.46938775510201,0.018383696450315064,BEARISH,RSI_NORMAL,LOW_VOLATILITY
2015-04-24,42.06,42.54,41.14,41.34,2900000.0,43.192,42.872499999999995,50.0,0.01990889718100904,BEARISH,RSI_NORMAL,HIGH_VOLATILITY
2015-04-27,42.08,42.08,39.7,39.9,4170000.0,42.068,42.896,39.130434782608695,0.021535335415091235,BEARISH,RSI_NORMAL,HIGH_VOLATILITY
2015-04-28,39.08,41.93,39.08,40.02,2080000.0,41.338,42.9215,33.97497593840234,0.021539352699162576,BEARISH,RSI_NORMAL,HIGH_VOLATILITY
2015-04-29,40.71,40.71,39.5,39.84,6350000.0,40.758,42.9355,22.55225522552263,0.02157220865147962,BEARISH,RSI_LOW,HIGH_VOLATILITY
2015-04-30,39.79,41.94,39.46,40.39,4900000.0,40.298,42.958000000000006,25.738396624472585,0.021684884839650788,BEARISH,RSI_LOW,HIGH_VOLATILITY
2015-05-04,40.49,42.44,39.14,41.87,3260000.0,40.404,43.0,34.75440222428176,0.0223763227106901,BEARISH,RSI_NORMAL,HIGH_VOLATILITY
2015-05-05,42.54,43.89,42.44,42.84,3200000.0,40.992000000000004,43.075,42.59927797833939,0.022874525670495454,BEARISH,RSI_NORMAL,HIGH_VOLATILITY
2015-05-06,43.19,43.64,41.14,42.8,1620000.0,41.547999999999995,43.097500000000004,42.34234234234234,0.02226226670413025,BEARISH,RSI_NORMAL,HIGH_VOLATILITY
2015-05-07,43.53,43.53,40.85,41.75,1220000.0,41.92999999999999,43.0175,31.399631675874815,0.022264644688157063,BEARISH,RSI_NORMAL,HIGH_VOLATILITY
2015-05-08,41.4,43.44,41.4,43.39,2020000.0,42.53,42.9455,42.29480737018428,0.022724418525903917,BULLISH,RSI_NORMAL,HIGH_VOLATILITY
2015-05-11,43.26,44.44,42.95,43.41,1500000.0,42.838,42.8665,40.95972579263066,0.022699365215926925,BULLISH,RSI_NORMAL,HIGH_VOLATILITY
2015-05-12,43.59,43.84,42.64,43.36,1170000.0,42.94199999999999,42.7765,48.42958459979736,0.022665298328104332,BULLISH,RSI_NORMAL,HIGH_VOLATILITY
2015-05-13,43.5,44.04,43.05,43.21,1760000.0,43.024,42.713,52.58525852585259,0.022455308158777245,BULLISH,RSI_NORMAL,HIGH_VOLATILITY
2015-05-14,43.69,44.14,43.3,43.79,2770000.0,43.432,42.6775,55.717255717255725,0.022691833334980434,BULLISH,RSI_NORMAL,HIGH_VOLATILITY
2015-05-15,43.89,44.93,43.86,44.78,1780000.0,43.709999999999994,42.626999999999995,68.57451403887687,0.02229593460219182,BULLISH,RSI_NORMAL,HIGH_VOLATILITY
2015-05-18,44.94,45.43,44.34,44.54,1530000.0,43.936,42.592499999999994,78.78411910669975,0.02216437230849773,BULLISH,RSI_HIGH,HIGH_VOLATILITY
2015-05-19,44.93,45.36,44.32,44.75,1410000.0,44.214,42.553999999999995,79.01840490797545,0.022139617803754032,BULLISH,RSI_HIGH,HIGH_VOLATILITY
2015-05-20,45.19,45.29,43.87,44.93,8279999.999999999,44.558,42.617000000000004,81.22699386503066,0.0200435433667237,BULLISH,RSI_HIGH,HIGH_VOLATILITY
2015-05-21,45.14,45.94,44.67,45.71,4840000.0,44.942,42.765499999999996,81.74224343675417,0.019576443840215646,BULLISH,RSI_HIGH,HIGH_VOLATILITY
2015-05-22,45.82,45.92,44.84,45.01,1650000.0,44.988,42.8815,70.65789473684208,0.02000654858166563,BULLISH,RSI_HIGH,HIGH_VOLATILITY
2015-05-25,44.94,45.44,44.36,44.97,2050000.0,45.074,43.063,65.96701649175408,0.018330254470267496,BULLISH,RSI_NORMAL,LOW_VOLATILITY
2015-05-26,45.23,45.79,44.44,44.77,3720000.0,45.078,43.30650000000001,64.42166910688147,0.016023492979980215,BULLISH,RSI_NORMAL,LOW_VOLATILITY
2015-05-27,44.6,45.07,43.0,44.06,4270000.0,44.904,43.5085,67.79661016949156,0.016741697527646367,BULLISH,RSI_NORMAL,LOW_VOLATILITY
2015-05-28,44.06,44.94,43.49,44.18,1990000.0,44.598,43.7255,57.947686116700204,0.01660447595302321,BULLISH,RSI_NORMAL,LOW_VOLATILITY
2015-05-29,44.93,45.83,41.1,42.11,23630000.0,44.018,43.811499999999995,40.740740740740755,0.0201360657852305,BEARISH,RSI_NORMAL,HIGH_VOLATILITY
2015-06-01,42.74,44.06,42.42,43.74,4040000.0,43.772000000000006,43.905,52.209302325581405,0.020325975027722334,BEARISH,RSI_NORMAL,HIGH_VOLATILITY
2015-06-02,44.35,44.35,42.42,42.79,2670000.0,43.376,43.9025,47.76595744680851,0.020388348078279564,BEARISH,RSI_NORMAL,HIGH_VOLATILITY
2015-06-03,42.14,43.6,41.64,43.19,2590000.0,43.202,43.922,46.74620390455531,0.020489246957014477,BEARISH,RSI_NORMAL,HIGH_VOLATILITY
2015-06-04,43.23,43.74,42.03,43.46,1720000.0,43.058,44.0075,42.235294117647065,0.019636163872555096,BEARISH,RSI_NORMAL,HIGH_VOLATILITY
2015-06-05,43.64,44.89,42.94,44.45,3290000.0,43.525999999999996,44.0605,49.51351351351353,0.01829670770692166,BULLISH,RSI_NORMAL,LOW_VOLATILITY
2015-06-08,45.04,45.04,43.99,44.67,2430000.0,43.712,44.1235,49.56803455723543,0.01831252474613269,BULLISH,RSI_NORMAL,LOW_VOLATILITY
2015-06-09,44.06,46.13,43.94,45.76,5610000.0,44.306,44.2435,54.08062930186823,0.018989907927653652,BULLISH,RSI_NORMAL,HIGH_VOLATILITY
2015-06-10,45.48,45.89,44.99,45.47,2280000.0,44.762,44.356500000000004,48.76033057851239,0.01905119566947069,BULLISH,RSI_NORMAL,HIGH_VOLATILITY
2015-06-11,45.94,47.66,45.2,46.59,8590000.0,45.388,44.4965,57.821782178217845,0.019541017801321472,BULLISH,RSI_NORMAL,HIGH_VOLATILITY
2015-06-12,46.59,47.08,45.03,46.7,3890000.0,45.83800000000001,44.5925,58.50540806293021,0.019004428828840115,BULLISH,RSI_NORMAL,HIGH_VOLATILITY
2015-06-15,46.75,47.26,46.48,47.09,2680000.0,46.322,44.720000000000006,61.19691119691119,0.018961831733040276,BULLISH,RSI_NORMAL,HIGH_VOLATILITY
2015-06-16,47.09,47.14,46.29,46.94,2230000.0,46.55800000000001,44.8295,64.69387755102036,0.019005570608667106,BULLISH,RSI_NORMAL,HIGH_VOLATILITY
2015-06-17,46.96,47.83,46.9,47.7,9820000.0,47.004000000000005,44.968,66.85823754789271,0.019247939512714463,BULLISH,RSI_NORMAL,HIGH_VOLATILITY
2015-06-18,47.7,49.11,47.7,48.96,8100000.0,47.478,45.130500000000005,85.56593977154719,0.019700391266415002,BULLISH,RSI_HIGH,HIGH_VOLATILITY
2015-06-19,48.97,52.34,48.97,51.51,7860000.0,48.44,45.4555,86.82464454976298,0.02192855307814529,BULLISH,RSI_HIGH,HIGH_VOLATILITY
2015-06-22,51.93,54.42,51.35,53.79,12960000.0,49.779999999999994,45.8965,96.29629629629626,0.023352207188309843,BULLISH,RSI_HIGH,HIGH_VOLATILITY
2015-06-23,54.11,54.11,52.38,53.12,5400000.0,51.016,46.31400000000001,90.86419753086415,0.023666041101373946,BULLISH,RSI_HIGH,HIGH_VOLATILITY
2015-06-24,53.18,53.63,52.18,52.47,10690000.0,51.970000000000006,46.734500000000004,85.95371109337586,0.02348010029990133,BULLISH,RSI_HIGH,HIGH_VOLATILITY
2015-06-25,52.51,53.93,51.53,53.78,7450000.0,52.934000000000005,47.2145,86.30350194552526,0.023691326732502873,BULLISH,RSI_HIGH,HIGH_VOLATILITY
2015-06-26,53.77,54.92,52.93,54.28,6720000.0,53.488,47.823,86.59558263518656,0.019545414415017674,BULLISH,RSI_HIGH,HIGH_VOLATILITY
2015-06-29,52.23,54.63,52.14,54.48,5930000.0,53.626,48.36,85.6209150326797,0.018665612720960862,BULLISH,RSI_HIGH,HIGH_VOLATILITY
2015-06-30,53.99,54.53,53.73,54.36,2860000.0,53.874,48.9385,86.82684341342168,0.017315231805029332,BULLISH,RSI_HIGH,LOW_VOLATILITY
2015-07-01,54.43,55.57,54.23,54.91,5750000.0,54.362,49.5245,86.17391304347824,0.017309465178754157,BULLISH,RSI_HIGH,LOW_VOLATILITY
2015-07-02,54.93,55.74,54.04,54.43,4950000.0,54.492,50.07299999999999,82.56107834877842,0.017896115718531676,BULLISH,RSI_HIGH,LOW_VOLATILITY
2015-07-03,54.48,55.82,54.48,55.54,5220000.0,54.74400000000001,50.627500000000005,83.55837966640189,0.01782453085360621,BULLISH,RSI_HIGH,LOW_VOLATILITY
2015-07-06,55.04,56.17,54.53,55.57,5060000.0,54.962,51.1725,84.60304731355257,0.017934755340564545,BULLISH,RSI_HIGH,LOW_VOLATILITY
2015-07-07,56.11,56.52,55.25,55.5,5110000.0,55.19,51.6595,83.10696095076403,0.017852833831192745,BULLISH,RSI_HIGH,LOW_VOLATILITY
2015-07-08,55.47,55.62,51.7,52.19,12270000.0,54.646,51.99549999999999,61.677512653651476,0.02348551024066583,BULLISH,RSI_NORMAL,HIGH_VOLATILITY
2015-07-09,52.0,52.63,49.64,50.15,18850000.0,53.79,52.173500000000004,44.89489489489489,0.02524908271257504,BEARISH,RSI_NORMAL,HIGH_VOLATILITY
2015-07-10,49.96,50.72,49.44,50.18,6690000.0,52.717999999999996,52.347500000000004,33.69467028003612,0.02525815387222038,BEARISH,RSI_NORMAL,HIGH_VOLATILITY
2015-07-13,50.43,51.33,50.33,50.88,9570000.0,51.779999999999994,52.537,39.90990990990993,0.02534091622797067,BEARISH,RSI_NORMAL,HIGH_VOLATILITY
2015-07-14,50.94,51.17,49.93,50.75,6650000.0,50.83,52.7275,41.87145557655955,0.025331657706898967,BEARISH,RSI_NORMAL,HIGH_VOLATILITY
2015-07-15,50.81,51.72,50.75,51.51,4790000.0,50.694,52.91799999999999,38.68394815553338,0.025302857404041264,BEARISH,RSI_NORMAL,HIGH_VOLATILITY
2015-07-16,51.63,52.76,51.58,52.42,7220000.0,51.148,53.090999999999994,41.09195402298851,0.024971229115566016,BEARISH,RSI_NORMAL,HIGH_VOLATILITY
2015-07-17,52.35,53.02,51.53,51.72,8080000.0,51.455999999999996,53.1015,37.38574040219379,0.02246142977206329,BEARISH,RSI_NORMAL,HIGH_VOLATILITY
2015-07-20,52.13,52.61,51.06,51.64,2940000.0,51.608000000000004,52.99399999999999,37.52293577981652,0.019953752678842366,BEARISH,RSI_NORMAL,HIGH_VOLATILITY
2015-07-21,51.63,52.22,50.75,51.0,4280000.0,51.658,52.888,32.21110100090995,0.019952012245215717,BEARISH,RSI_NORMAL,HIGH_VOLATILITY
2015-07-22,51.63,52.03,49.69,51.24,18540000.0,51.604,52.826499999999996,35.16279069767444,0.019846821690188775,BEARISH,RSI_NORMAL,HIGH_VOLATILITY
2015-07-23,51.63,52.18,50.93,51.33,9170000.0,51.386,52.70399999999999,28.365878725590974,0.01890515374431823,BEARISH,RSI_LOW,HIGH_VOLATILITY
2015-07-24,51.43,52.03,51.29,51.63,3070000.0,51.367999999999995,52.5715,30.30000000000004,0.018810605318437017,BEARISH,RSI_NORMAL,HIGH_VOLATILITY
2015-07-27,51.63,52.43,50.94,52.21,7170000.0,51.482000000000006,52.458000000000006,34.34823977164608,0.01901225453002938,BEARISH,RSI_NORMAL,HIGH_VOLATILITY
2015-07-28,52.23,53.51,52.18,53.32,8060000.000000001,51.946000000000005,52.40599999999999,56.799037304452476,0.019707034115465826,BULLISH,RSI_NORMAL,HIGH_VOLATILITY
2015-07-29,53.62,54.93,53.34,54.32,5520000.0,52.562,52.3765,78.67950481430533,0.020049983641836713,BULLISH,RSI_HIGH,HIGH_VOLATILITY
2015-07-30,54.38,54.92,53.6,54.33,3620000.0,53.162,52.371500000000005,78.62068965517237,0.019952348837330647,BULLISH,RSI_HIGH,HIGH_VOLATILITY
2015-07-31,53.98,55.4,53.73,55.04,6300000.0,53.843999999999994,52.346500000000006,78.65013774104679,0.01962480832820104,BULLISH,RSI_HIGH,HIGH_VOLATILITY
2015-08-03,55.17,56.92,54.48,56.75,4170000.0,54.751999999999995,52.4055,83.93665158371039,0.020840312067117388,BULLISH,RSI_HIGH,HIGH_VOLATILITY
2015-08-04,56.92,57.0,54.94,56.19,4560000.0,55.326,52.44,77.08333333333331,0.020983520271769855,BULLISH,RSI_HIGH,HIGH_VOLATILITY
2015-08-05,56.42,57.12,55.23,55.54,5600000.0,55.57000000000001,52.6075,68.61575178997612,0.015806953464293776,BULLISH,RSI_NORMAL,LOW_VOLATILITY
2015-08-06,55.62,55.92,53.85,54.53,3160000.0,55.61,52.826499999999996,66.1680092059839,0.013363523391497423,BULLISH,RSI_NORMAL,LOW_VOLATILITY
2015-08-07,54.68,55.67,54.33,54.75,4060000.0,55.552,53.05500000000001,67.61041902604757,0.01333575906844895,BULLISH,RSI_NORMAL,LOW_VOLATILITY
2015-08-10,55.22,55.67,54.09,54.31,4290000.0,55.064,53.2265,69.17728852838937,0.013417538162651009,BULLISH,RSI_NORMAL,LOW_VOLATILITY
2015-08-11,54.33,54.78,53.96,54.45,3530000.0,54.715999999999994,53.411500000000004,68.81594372801878,0.013347505450021044,BULLISH,RSI_NORMAL,LOW_VOLATILITY
2015-08-12,54.93,54.93,52.63,53.05,4400000.0,54.218,53.4885,58.73983739837397,0.014568700466445109,BEARISH,RSI_NORMAL,LOW_VOLATILITY
2015-08-13,53.13,54.05,53.05,53.49,3890000.0,54.010000000000005,53.541999999999994,59.3186372745491,0.014169099826023586,BEARISH,RSI_NORMAL,LOW_VOLATILITY
2015-08-14,53.92,54.4,53.12,54.04,6540000.0,53.86800000000001,53.657999999999994,59.19597989949748,0.01388238990408797,BULLISH,RSI_NORMAL,LOW_VOLATILITY
2015-08-17,54.23,54.23,52.63,53.93,8359999.999999999,53.791999999999994,53.7725,53.40782122905028,0.013889923213663564,BULLISH,RSI_NORMAL,LOW_VOLATILITY
2015-08-18,53.93,54.13,53.73,53.9,3680000.0,53.682,53.9175,47.36842105263156,0.01347861998656395,BEARISH,RSI_NORMAL,LOW_VOLATILITY
2015-08-19,53.9,54.03,53.53,53.84,6180000.0,53.839999999999996,54.0475,46.94894146948945,0.013499358059333125,BEARISH,RSI_NORMAL,LOW_VOLATILITY
2015-08-20,53.78,53.93,52.73,53.01,5320000.0,53.74399999999999,54.1315,37.54601226993865,0.01408678856086346,BEARISH,RSI_NORMAL,LOW_VOLATILITY
2015-08-21,52.05,53.91,52.0,53.37,4970000.0,53.61,54.21849999999999,25.147058823529406,0.014103008298137565,BEARISH,RSI_LOW,LOW_VOLATILITY
2015-08-24,50.48,52.43,47.45,48.64,14470000.0,52.552,54.04,15.587967183226993,0.0244507787585323,BEARISH,RSI_LOW,HIGH_VOLATILITY
2015-08-25,49.08,50.76,48.52,49.09,24910000.0,51.59000000000001,53.8285,20.05571030640671,0.02395998423045231,BEARISH,RSI_LOW,HIGH_VOLATILITY
2015-08-26,49.42,50.58,48.85,49.6,11040000.0,50.742,53.59250000000001,25.998052580331077,0.02361531113871627,BEARISH,RSI_LOW,HIGH_VOLATILITY
2015-08-27,49.95,51.39,49.95,50.93,6200000.0,50.326,53.4225,33.21616871704745,0.024608862938686745,BEARISH,RSI_NORMAL,HIGH_VOLATILITY
2015-08-28,50.98,51.22,48.8,50.46,20690000.0,49.744,53.19350000000001,33.12883435582822,0.02434977178479553,BEARISH,RSI_NORMAL,HIGH_VOLATILITY
2015-08-31,50.55,50.63,49.92,50.14,4480000.0,50.044,52.863,31.406384814495254,0.022904710254690187,BEARISH,RSI_NORMAL,HIGH_VOLATILITY
2015-09-01,50.14,50.68,48.78,49.28,6410000.0,50.082,52.5175,32.94117647058826,0.02302849066490358,BEARISH,RSI_NORMAL,HIGH_VOLATILITY
2015-09-02,49.64,50.48,49.61,50.15,4200000.0,50.192,52.248000000000005,35.45296167247383,0.023595178926494084,BEARISH,RSI_NORMAL,HIGH_VOLATILITY
2015-09-03,50.64,52.34,50.64,51.95,14180000.0,50.396,52.11900000000001,41.79104477611941,0.02503691895005909,BEARISH,RSI_NORMAL,HIGH_VOLATILITY
2015-09-04,52.47,52.47,50.05,50.69,6740000.0,50.44199999999999,51.916,38.32853025936599,0.02546679007648059,BEARISH,RSI_NORMAL,HIGH_VOLATILITY
2015-09-07,51.55,51.55,49.78,50.32,5280000.0,50.478,51.716499999999996,37.41209563994375,0.02546045065233538,BEARISH,RSI_NORMAL,HIGH_VOLATILITY
2015-09-08,50.49,50.93,49.49,50.05,3860000.0,50.632,51.496500000000005,36.86763686763685,0.02542275336793113,BEARISH,RSI_NORMAL,HIGH_VOLATILITY
2015-09-09,50.93,51.1,49.93,50.43,5510000.0,50.688,51.3655,40.77253218884122,0.025005245876216154,BEARISH,RSI_NORMAL,HIGH_VOLATILITY
2015-09-10,50.13,51.09,49.32,50.48,5640000.0,50.394,51.214999999999996,39.429407461594735,0.024896698306988225,BEARISH,RSI_NORMAL,HIGH_VOLATILITY
2015-09-11,51.26,51.26,49.92,50.3,2070000.0,50.315999999999995,51.028,59.10087719298243,0.024711846194125864,BEARISH,RSI_NORMAL,HIGH_VOLATILITY
2015-09-14,50.29,51.74,50.29,51.42,6170000.0,50.535999999999994,50.9025,61.89989785495402,0.025365037719308876,BULLISH,RSI_NORMAL,HIGH_VOLATILITY
2015-09-15,51.68,52.62,51.18,52.4,6970000.0,51.006,50.8275,63.64522417153994,0.025801844230641396,BULLISH,RSI_NORMAL,HIGH_VOLATILITY
2015-09-16,52.45,52.58,51.43,51.93,4190000.000000001,51.306,50.732,55.319148936170215,0.025862060250549934,BULLISH,RSI_NORMAL,HIGH_VOLATILITY
2015-09-18,52.13,52.67,49.18,49.59,34400000.0,51.128,50.561,46.1401952085182,0.02750066379740183,BEARISH,RSI_NORMAL,HIGH_VOLATILITY
2015-09-21,49.42,50.16,48.63,49.29,7070000.0,50.926,50.357000000000006,46.222222222222214,0.027410821111851953,BEARISH,RSI_NORMAL,HIGH_VOLATILITY
2015-09-22,49.56,49.58,47.77,48.15,12570000.0,50.272000000000006,50.332499999999996,45.0997398091934,0.01948422513173853,BEARISH,RSI_NORMAL,HIGH_VOLATILITY
2015-09-23,48.14,48.72,46.71,48.38,14320000.0,49.468,50.297000000000004,41.87327823691463,0.01939394653936451,BEARISH,RSI_NORMAL,HIGH_VOLATILITY
2015-09-24,48.39,48.84,47.82,48.61,2850000.0,48.803999999999995,50.2475,32.08154506437768,0.019267195261858387,BEARISH,RSI_NORMAL,HIGH_VOLATILITY
2015-09-28,48.25,49.1,48.03,48.16,2260000.0,48.517999999999994,50.108999999999995,35.135135135135144,0.018202028068801526,BEARISH,RSI_NORMAL,LOW_VOLATILITY
2015-09-29,47.54,51.42,47.26,51.04,10480000.0,48.868,50.138,53.26678765880216,0.022839664674126365,BULLISH,RSI_NORMAL,HIGH_VOLATILITY
2015-09-30,51.08,51.93,50.15,51.24,8440000.0,49.486000000000004,50.193,55.43378995433791,0.0227855697564734,BULLISH,RSI_NORMAL,HIGH_VOLATILITY
2015-10-01,51.33,51.83,50.7,51.01,5200000.0,50.012,50.2795,52.68518518518517,0.02241793600056161,BULLISH,RSI_NORMAL,HIGH_VOLATILITY
2015-10-05,51.82,52.26,51.03,52.0,4360000.0,50.69,50.372,56.473594548551965,0.022485867499933816,BULLISH,RSI_NORMAL,HIGH_VOLATILITY
2015-10-06,52.18,52.35,51.36,51.58,7470000.0,51.374,50.353500000000004,55.34223706176962,0.02111041966195086,BULLISH,RSI_NORMAL,HIGH_VOLATILITY
2015-10-07,51.58,51.93,50.8,51.13,5900000.0,51.391999999999996,50.3755,48.71794871794872,0.020452409826491522,BULLISH,RSI_NORMAL,HIGH_VOLATILITY
2015-10-08,51.13,51.13,50.2,50.35,4040000.0,51.214,50.377,40.7740774077408,0.020690714155918857,BEARISH,RSI_NORMAL,HIGH_VOLATILITY
2015-10-09,50.44,51.71,49.33,49.9,5030000.0,50.992,50.3695,40.84761045987377,0.020756874432609623,BEARISH,RSI_NORMAL,HIGH_VOLATILITY
2015-10-12,49.9,50.33,49.3,49.57,4940000.0,50.506,50.326499999999996,49.88986784140968,0.02072832400866974,BEARISH,RSI_NORMAL,HIGH_VOLATILITY
2015-10-13,49.06,49.88,49.06,49.7,3580000.0,50.13,50.2875,52.30078563411898,0.02073836002087184,BEARISH,RSI_NORMAL,HIGH_VOLATILITY
2015-10-14,49.7,49.78,49.13,49.33,2050000.0,49.769999999999996,50.239000000000004,57.24815724815722,0.02078587444786427,BEARISH,RSI_NORMAL,HIGH_VOLATILITY
2015-10-15,49.33,50.43,49.15,49.78,3410000.0,49.656,50.157,58.37320574162677,0.02021924634849778,BEARISH,RSI_NORMAL,HIGH_VOLATILITY
2015-10-16,49.93,50.15,49.42,49.74,2380000.0,49.624,50.024,56.91554467564259,0.019639553878809494,BEARISH,RSI_NORMAL,HIGH_VOLATILITY
2015-10-19,50.12,50.39,49.7,50.09,4130000.0,49.727999999999994,49.932,61.95786864931847,0.019684701936468086,BULLISH,RSI_NORMAL,HIGH_VOLATILITY
2015-10-20,50.62,53.42,50.22,53.04,37760000.0,50.396,50.1045,62.285012285012264,0.021271174358597336,BULLISH,RSI_NORMAL,HIGH_VOLATILITY
2015-10-21,54.18,54.2,52.39,53.51,15040000.0,51.23199999999999,50.3155,63.49583828775264,0.021177083669117417,BULLISH,RSI_NORMAL,HIGH_VOLATILITY
2015-10-23,53.68,53.74,52.49,52.66,4710000.0,51.80799999999999,50.541,59.13621262458471,0.020740323726812206,BULLISH,RSI_NORMAL,HIGH_VOLATILITY
2015-10-26,52.82,53.37,52.53,53.01,4330000.0,52.462,50.772499999999994,56.01907032181166,0.02074497013061374,BULLISH,RSI_NORMAL,HIGH_VOLATILITY
2015-10-27,52.93,53.53,52.81,53.14,2620000.0,53.072,50.998999999999995,59.62962962962963,0.020751498566738802,BULLISH,RSI_NORMAL,HIGH_VOLATILITY
2015-10-28,53.19,53.23,51.75,52.01,5690000.0,52.866,51.1915,55.011389521640055,0.021340773124599897,BULLISH,RSI_NORMAL,HIGH_VOLATILITY
2015-10-29,52.43,52.43,51.08,51.55,10730000.0,52.474000000000004,51.217,57.09219858156025,0.016979109165389084,BULLISH,RSI_NORMAL,LOW_VOLATILITY
2015-10-30,51.92,52.41,51.81,52.15,4140000.0,52.372,51.2625,63.06620209059232,0.01714474272576318,BULLISH,RSI_NORMAL,LOW_VOLATILITY
2015-11-02,52.26,52.43,51.68,52.16,2490000.0,52.202,51.32000000000001,65.62123039806991,0.017097511196425223,BULLISH,RSI_NORMAL,LOW_VOLATILITY
2015-11-03,52.79,52.82,52.09,52.46,2080000.0,52.065999999999995,51.343,66.31205673758862,0.01659967422963368,BULLISH,RSI_NORMAL,LOW_VOLATILITY
2015-11-04,52.52,53.43,52.52,53.38,4060000.0,52.339999999999996,51.43300000000001,72.47502774694783,0.016883231231579844,BULLISH,RSI_HIGH,LOW_VOLATILITY
2015-11-05,53.43,53.63,52.7,53.18,5950000.0,52.666,51.5355,69.4063926940639,0.01675536591661831,BULLISH,RSI_NORMAL,LOW_VOLATILITY
2015-11-06,53.24,53.24,52.45,52.9,4030000.000000001,52.815999999999995,51.663,67.55555555555551,0.01635493519356595,BULLISH,RSI_NORMAL,LOW_VOLATILITY
2015-11-09,52.47,53.93,51.93,53.39,3160000.0,53.062,51.8375,68.0525164113785,0.01618479147954392,BULLISH,RSI_NORMAL,LOW_VOLATILITY
2015-11-10,53.39,53.9,52.93,53.35,3470000.0,53.239999999999995,52.0265,52.48796147672553,0.016044301780558948,BULLISH,RSI_NORMAL,LOW_VOLATILITY
2015-11-11,53.68,53.93,53.13,53.78,577900.0,53.32000000000001,52.23049999999999,52.180936995153495,0.016069335967383618,BULLISH,RSI_NORMAL,LOW_VOLATILITY
2015-11-13,53.78,53.78,52.33,53.03,6090000.0,53.29,52.415499999999994,53.03776683087031,0.016377369337625212,BULLISH,RSI_NORMAL,LOW_VOLATILITY
2015-11-16,52.93,53.11,52.05,52.65,5450000.0,53.239999999999995,52.559000000000005,47.058823529411775,0.016500549151518842,BULLISH,RSI_NORMAL,LOW_VOLATILITY
2015-11-17,52.71,53.09,51.84,52.23,4160000.0,53.008,52.6835,42.90171606864274,0.01666321877835939,BEARISH,RSI_NORMAL,LOW_VOLATILITY
2015-11-18,52.62,53.03,51.68,52.69,5910000.0,52.876,52.8135,55.92334494773517,0.016692850648607257,BEARISH,RSI_NORMAL,LOW_VOLATILITY
2015-11-19,52.73,54.18,52.43,54.1,3510000.0,52.94,52.866499999999995,69.05829596412553,0.011835496205290333,BULLISH,RSI_NORMAL,LOW_VOLATILITY
2015-11-20,54.15,54.79,53.83,54.41,3860000.0,53.215999999999994,52.911500000000004,67.65624999999994,0.011747201159125444,BULLISH,RSI_NORMAL,LOW_VOLATILITY
2015-11-23,54.51,54.93,54.24,54.89,4040000.0,53.664,53.023,69.86899563318775,0.011174343463041343,BULLISH,RSI_NORMAL,LOW_VOLATILITY
2015-11-24,54.83,55.92,54.83,55.37,6250000.0,54.291999999999994,53.141,70.63829787234036,0.011228649106901604,BULLISH,RSI_HIGH,LOW_VOLATILITY
2015-11-26,55.47,56.37,54.88,55.43,7800000.0,54.839999999999996,53.255500000000005,66.55896607431336,0.011231457551012429,BULLISH,RSI_NORMAL,LOW_VOLATILITY
2015-11-27,55.23,56.17,55.07,55.72,3490000.0,55.164,53.440999999999995,70.2229299363057,0.009791982862156065,BULLISH,RSI_HIGH,LOW_VOLATILITY
2015-11-30,55.91,55.91,54.66,55.08,2650000.0,55.298,53.61749999999999,66.4156626506024,0.00998315010540824,BULLISH,RSI_NORMAL,LOW_VOLATILITY
2015-12-01,55.08,56.17,54.88,55.96,4730000.0,55.512,53.80800000000001,68.27880512091036,0.010216761215470903,BULLISH,RSI_NORMAL,LOW_VOLATILITY
2015-12-02,55.62,56.22,55.44,55.65,2740000.0,55.568,53.982499999999995,65.7534246575342,0.010395650545275395,BULLISH,RSI_NORMAL,LOW_VOLATILITY
2015-12-03,55.91,55.97,55.23,55.39,1830000.0,55.56,54.129000000000005,61.290322580645146,0.010526459305823781,BULLISH,RSI_NORMAL,LOW_VOLATILITY
2015-12-04,55.38,55.78,54.28,54.4,1700000.0,55.29600000000001,54.17999999999999,59.294436906377165,0.01088442807230634,BULLISH,RSI_NORMAL,LOW_VOLATILITY
2015-12-07,54.45,55.14,54.33,54.69,1930000.0,55.218,54.2555,64.010989010989,0.010865194616053711,BULLISH,RSI_NORMAL,LOW_VOLATILITY
2015-12-08,54.67,55.9,53.73,55.3,2680000.0,55.086,54.3755,70.54886211512716,0.010950520999530977,BULLISH,RSI_HIGH,LOW_VOLATILITY
2015-12-09,55.32,55.63,54.54,54.97,7180000.0,54.95,54.454499999999996,65.53133514986376,0.010968757889370748,BULLISH,RSI_NORMAL,LOW_VOLATILITY
2015-12-10,55.03,55.72,54.82,55.3,1870000.0,54.931999999999995,54.552,59.58466453674119,0.01099923626842344,BULLISH,RSI_NORMAL,LOW_VOLATILITY
2015-12-11,55.3,55.71,54.94,55.17,2800000.0,55.086,54.621500000000005,56.25000000000005,0.01093623861308969,BULLISH,RSI_NORMAL,LOW_VOLATILITY
2015-12-14,55.12,55.42,54.12,54.31,2860000.0,55.010000000000005,54.68549999999999,45.5108359133127,0.011062451305658253,BEARISH,RSI_NORMAL,LOW_VOLATILITY
2015-12-15,54.68,56.17,54.23,55.98,3300000.0,55.145999999999994,54.852,53.986928104575156,0.01267529599314739,BULLISH,RSI_NORMAL,LOW_VOLATILITY
2015-12-16,56.02,56.88,55.79,56.01,4390000.0,55.354,55.041,53.80577427821521,0.012422488710551733,BULLISH,RSI_NORMAL,LOW_VOLATILITY
2015-12-17,56.22,57.52,56.17,57.29,9180000.0,55.751999999999995,55.270999999999994,59.117305458768875,0.013111900463809875,BULLISH,RSI_NORMAL,LOW_VOLATILITY
2015-12-18,57.28,58.42,57.28,58.06,6460000.0,56.33,55.46900000000001,67.04805491990851,0.012217457643526228,BULLISH,RSI_NORMAL,LOW_VOLATILITY
2015-12-21,57.42,59.16,57.42,58.62,3790000.0,57.19199999999999,55.6795,65.79572446555821,0.012284414398142478,BULLISH,RSI_NORMAL,LOW_VOLATILITY
2015-12-22,58.97,59.06,58.37,58.87,2570000.0,57.769999999999996,55.87850000000001,69.25837320574165,0.012228591374667431,BULLISH,RSI_NORMAL,LOW_VOLATILITY
2015-12-23,58.92,59.43,58.49,59.03,2850000.0,58.374,56.0615,72.03389830508478,0.012168649042997155,BULLISH,RSI_HIGH,LOW_VOLATILITY
2015-12-24,59.07,59.17,58.44,58.93,2460000.0,58.702,56.23649999999999,80.73270013568526,0.012210759960422287,BULLISH,RSI_HIGH,LOW_VOLATILITY
2015-12-28,59.07,59.07,58.77,58.98,902100.0,58.886,56.3995,80.08415147265082,0.012210511535097963,BULLISH,RSI_HIGH,LOW_VOLATILITY
2015-12-29,59.02,59.91,58.83,59.78,3620000.0,59.117999999999995,56.63449999999999,80.60109289617492,0.011937006057186552,BULLISH,RSI_HIGH,LOW_VOLATILITY
2015-12-30,59.92,60.13,59.35,59.66,3830000.0,59.275999999999996,56.81949999999999,82.98171589310829,0.011675290091103595,BULLISH,RSI_HIGH,LOW_VOLATILITY
2015-12-31,59.92,60.32,59.53,60.02,5520000.0,59.474000000000004,57.038,83.05322128851542,0.011501148869510952,BULLISH,RSI_HIGH,LOW_VOLATILITY
2016-01-01,60.08,61.1,59.92,60.88,3040000.0,59.864,57.3125,86.27700127064799,0.011544874940046787,BULLISH,RSI_HIGH,LOW_VOLATILITY
2016-01-04,60.91,60.91,59.87,60.44,4070000.000000001,60.15599999999999,57.6145,91.14093959731531,0.01065567294901977,BULLISH,RSI_HIGH,LOW_VOLATILITY
2016-01-05,60.67,60.91,59.72,59.9,5110000.0,60.17999999999999,57.875,81.01265822784801,0.011122933766890882,BULLISH,RSI_HIGH,LOW_VOLATILITY
2016-01-06,59.89,61.72,59.43,60.99,3460000.0,60.446000000000005,58.1595,83.73983739837391,0.011447499051232789,BULLISH,RSI_HIGH,LOW_VOLATILITY
2016-01-07,60.92,61.81,60.22,60.98,7820000.0,60.638,58.46,80.19639934533537,0.011227077316832972,BULLISH,RSI_HIGH,LOW_VOLATILITY
2016-01-08,61.28,63.57,60.84,63.06,10350000.0,61.074,58.848,83.69272237196752,0.012951527631248643,BULLISH,RSI_HIGH,LOW_VOLATILITY
2016-01-11,63.03,63.8,62.13,62.98,5320000.0,61.581999999999994,59.2385,81.4121037463975,0.01291408041264234,BULLISH,RSI_HIGH,LOW_VOLATILITY
2016-01-12,63.01,63.2,61.44,62.0,5850000.0,62.001999999999995,59.623000000000005,70.40417209908728,0.012911564434555774,BULLISH,RSI_HIGH,LOW_VOLATILITY
2016-01-13,62.12,62.87,60.27,60.7,10360000.0,61.944,59.859,59.47786606129396,0.013024455298010747,BULLISH,RSI_NORMAL,LOW_VOLATILITY
2016-01-14,60.42,61.13,59.81,60.68,5580000.0,61.88399999999999,60.09250000000001,60.022909507445554,0.013038474035939262,BULLISH,RSI_NORMAL,LOW_VOLATILITY
2016-01-15,60.22,61.38,58.74,59.67,4150000.000000001,61.205999999999996,60.2115,53.560371517027875,0.01303860812416012,BEARISH,RSI_NORMAL,LOW_VOLATILITY
2016-01-18,59.07,59.67,54.61,54.96,11220000.0,59.602,60.05649999999999,32.27941176470593,0.022058085056625452,BEARISH,RSI_NORMAL,HIGH_VOLATILITY
2016-01-19,54.96,57.02,53.42,56.37,6370000.0,58.476,59.944,38.95231699126933,0.022800096548074848,BEARISH,RSI_NORMAL,HIGH_VOLATILITY
2016-01-20,56.12,56.92,54.5,56.32,9800000.0,57.6,59.8165,37.311385459533604,0.02275821719242217,BEARISH,RSI_NORMAL,HIGH_VOLATILITY
2016-01-21,56.82,58.17,56.02,57.34,7100000.0,56.932,59.73199999999999,37.9918588873813,0.02318103330032763,BEARISH,RSI_NORMAL,HIGH_VOLATILITY
2016-01-22,58.09,58.41,57.46,58.13,5610000.0,56.624,59.69200000000001,42.34592445328033,0.023420194743373556,BEARISH,RSI_NORMAL,HIGH_VOLATILITY
2016-01-25,58.17,59.42,58.16,58.48,4680000.0,57.327999999999996,59.66700000000001,45.23489932885906,0.023463401450326705,BEARISH,RSI_NORMAL,HIGH_VOLATILITY
2016-01-27,58.99,59.81,58.1,59.29,3930000.0,57.912,59.642500000000005,44.1860465116279,0.023472319411967597,BEARISH,RSI_NORMAL,HIGH_VOLATILITY
2016-01-28,59.41,59.72,57.22,57.68,6950000.0,58.184000000000005,59.54350000000001,39.827373612823685,0.024238538998042486,BEARISH,RSI_NORMAL,HIGH_VOLATILITY
2016-01-29,58.31,59.62,57.48,59.2,3600000.0,58.556000000000004,59.5025,37.675606641123885,0.02498092502207116,BEARISH,RSI_NORMAL,HIGH_VOLATILITY
2016-02-01,60.59,60.59,58.75,59.95,3290000.0,58.92,59.455999999999996,40.722596448254755,0.024932191160576985,BULLISH,RSI_NORMAL,HIGH_VOLATILITY
2016-02-02,60.29,60.42,57.73,58.04,7840000.0,58.831999999999994,59.336,38.52838933951332,0.025874359579861225,BEARISH,RSI_NORMAL,HIGH_VOLATILITY
2016-02-03,57.52,64.81,55.93,63.71,51680000.0,59.715999999999994,59.5265,56.957928802588995,0.034010520764687184,BULLISH,RSI_NORMAL,HIGH_VOLATILITY
2016-02-04,64.02,64.17,62.12,63.35,13890000.0,60.85,59.64450000000001,56.07646791078744,0.03389087995734051,BULLISH,RSI_NORMAL,HIGH_VOLATILITY
2016-02-05,63.39,67.41,63.39,66.89,23960000.0,62.388,59.94,64.73469387755102,0.03592035352845696,BULLISH,RSI_NORMAL,HIGH_VOLATILITY
2016-02-08,66.87,68.29,65.52,66.51,10350000.0,63.7,60.1125,78.63163113534955,0.035334532870673174,BULLISH,RSI_HIGH,HIGH_VOLATILITY
2016-02-09,65.91,66.57,63.87,65.75,9210000.0,65.242,60.251,74.02663934426229,0.03547568328714616,BULLISH,RSI_HIGH,HIGH_VOLATILITY
2016-02-10,65.75,66.98,64.01,64.7,7920000.0,65.44,60.386,70.41910331384015,0.03548690973245509,BULLISH,RSI_HIGH,HIGH_VOLATILITY
2016-02-11,65.26,65.26,60.53,61.71,11070000.0,65.11200000000001,60.4365,59.71542907959092,0.0367987722516076,BULLISH,RSI_NORMAL,HIGH_VOLATILITY
2016-02-12,61.95,63.29,59.22,59.89,14720000.0,63.712,60.39699999999999,53.74149659863944,0.037445648918267155,BEARISH,RSI_NORMAL,HIGH_VOLATILITY
2016-02-15,61.39,62.91,61.09,62.02,9650000.0,62.814,60.51450000000001,56.99604743083005,0.03803904745218909,BULLISH,RSI_NORMAL,HIGH_VOLATILITY
2016-02-16,61.84,62.39,59.57,60.03,6570000.0,61.67,60.76800000000001,51.397280966767376,0.033978778657223145,BEARISH,RSI_NORMAL,HIGH_VOLATILITY
2016-02-17,60.41,61.57,58.22,61.03,6670000.0,60.936,61.001,56.474681097796676,0.03374912589004221,BULLISH,RSI_NORMAL,HIGH_VOLATILITY
2016-02-18,61.52,62.27,60.97,61.56,3280000.0,60.906000000000006,61.263,54.7427652733119,0.03373646065241424,BULLISH,RSI_NORMAL,HIGH_VOLATILITY
2016-02-19,61.82,62.07,60.12,60.4,4720000.0,61.008,61.41600000000001,50.889679715302485,0.033990824003489184,BEARISH,RSI_NORMAL,HIGH_VOLATILITY
2016-02-22,61.31,61.31,58.43,59.94,5270000.0,60.592000000000006,61.506499999999996,53.98489932885906,0.03397501733509181,BEARISH,RSI_NORMAL,HIGH_VOLATILITY
2016-02-23,60.23,60.37,58.5,58.87,4360000.0,60.35999999999999,61.525999999999996,37.42203742203742,0.03424711322262571,BEARISH,RSI_NORMAL,HIGH_VOLATILITY
2016-02-24,58.99,58.99,57.92,58.06,4760000.0,59.766000000000005,61.4645,36.56678517013713,0.03425301712681675,BEARISH,RSI_NORMAL,HIGH_VOLATILITY
2016-02-25,58.42,58.47,56.01,57.45,11700000.0,58.944,61.452999999999996,21.837708830548934,0.033770188026634076,BEARISH,RSI_LOW,HIGH_VOLATILITY
2016-02-26,58.37,58.52,57.28,58.01,10910000.0,58.465999999999994,61.3935,24.91145218417944,0.03329749419656376,BEARISH,RSI_LOW,HIGH_VOLATILITY
2016-02-29,58.01,60.62,56.36,59.24,6400000.0,58.326,61.358000000000004,31.303848363009777,0.0335290601799722,BEARISH,RSI_NORMAL,HIGH_VOLATILITY
2016-03-01,59.52,62.51,59.52,62.0,8680000.0,58.952,61.556000000000004,42.939330543933046,0.0341972633426331,BULLISH,RSI_NORMAL,HIGH_VOLATILITY
2016-03-02,62.71,65.0,62.35,63.62,12220000.0,60.064,61.5515,55.38028169014084,0.02680649431721571,BULLISH,RSI_NORMAL,HIGH_VOLATILITY
2016-03-03,63.72,64.01,61.71,61.99,6550000.0,60.972,61.48349999999999,55.97949886104784,0.027403842066076226,BULLISH,RSI_NORMAL,HIGH_VOLATILITY
2016-03-04,62.9,63.78,61.46,63.26,4630000.0,62.022000000000006,61.302,53.71257485029939,0.024549894635467386,BULLISH,RSI_NORMAL,HIGH_VOLATILITY
2016-03-08,63.31,64.24,62.66,62.84,5290000.0,62.742,61.118500000000004,59.286186384666244,0.02455736365462397,BULLISH,RSI_NORMAL,HIGH_VOLATILITY
2016-03-09,62.86,64.66,61.97,64.15,6290000.0,63.172000000000004,61.0385,60.10362694300521,0.0249995921828589,BULLISH,RSI_NORMAL,HIGH_VOLATILITY
2016-03-10,64.21,64.51,63.73,63.96,4040000.0,63.239999999999995,61.0015,57.94701986754967,0.024755865203557437,BULLISH,RSI_NORMAL,HIGH_VOLATILITY
2016-03-11,64.41,64.41,63.21,63.92,4310000.0,63.626,61.112,62.589413447782576,0.02227921262825758,BULLISH,RSI_NORMAL,HIGH_VOLATILITY
2016-03-14,63.96,65.36,63.96,65.08,4580000.0,63.99000000000001,61.371500000000005,67.50681198910084,0.021258815545428182,BULLISH,RSI_NORMAL,HIGH_VOLATILITY
2016-03-15,65.36,65.86,64.12,64.65,5200000.0,64.352,61.503,70.58404558404565,0.020060266679627164,BULLISH,RSI_HIGH,HIGH_VOLATILITY
2016-03-16,64.56,64.81,63.23,64.74,5830000.0,64.47,61.7385,75.0750750750751,0.01836804245732101,BULLISH,RSI_HIGH,LOW_VOLATILITY
2016-03-17,65.26,66.41,64.87,65.73,9280000.0,64.824,61.9735,80.21897810218984,0.0183207378897564,BULLISH,RSI_HIGH,LOW_VOLATILITY
2016-03-18,66.0,66.54,64.84,66.23,6990000.0,65.286,62.20700000000001,80.13196480938423,0.018307430302638712,BULLISH,RSI_HIGH,LOW_VOLATILITY
2016-03-21,66.58,67.07,65.91,66.45,11720000.0,65.56000000000002,62.5095,78.54315122723679,0.017517067592871437,BULLISH,RSI_HIGH,LOW_VOLATILITY
2016-03-22,66.56,66.69,65.53,65.99,3450000.0,65.828,62.812,69.31268151016457,0.017491599930418895,BULLISH,RSI_NORMAL,LOW_VOLATILITY
2016-03-23,66.21,68.9,66.0,68.65,12460000.0,66.61,63.301,72.11961301671069,0.018314268530955018,BULLISH,RSI_HIGH,LOW_VOLATILITY
2016-03-28,68.9,68.91,66.81,66.91,6600000.0,66.846,63.743500000000004,71.42857142857139,0.019196545226080493,BULLISH,RSI_HIGH,HIGH_VOLATILITY
2016-03-29,66.36,67.4,66.31,66.48,4420000.0,66.896,64.19500000000001,65.13157894736844,0.01901830440448571,BULLISH,RSI_NORMAL,HIGH_VOLATILITY
2016-03-30,66.64,68.13,66.61,67.79,4800000.0,67.164,64.684,71.46574154379877,0.019209722056374442,BULLISH,RSI_HIGH,HIGH_VOLATILITY
2016-03-31,67.46,69.81,67.26,69.15,7460000.0,67.796,65.17949999999999,71.58894645941275,0.019170071996747563,BULLISH,RSI_HIGH,HIGH_VOLATILITY
2016-04-01,69.3,70.21,67.91,68.68,6650000.0,67.80199999999999,65.5135,69.89881956155145,0.017110866267321438,BULLISH,RSI_NORMAL,LOW_VOLATILITY
2016-04-04,68.91,69.53,68.23,68.6,6340000.0,68.14000000000001,65.76250000000002,69.66386554621842,0.016434535085071283,BULLISH,RSI_NORMAL,LOW_VOLATILITY
2016-04-05,68.41,69.11,67.91,68.14,5580000.0,68.47200000000001,66.07000000000001,63.66071428571428,0.015139316140108338,BULLISH,RSI_NORMAL,LOW_VOLATILITY
2016-04-06,68.81,69.85,68.37,69.38,4550000.0,68.78999999999999,66.376,69.69192339716895,0.015023060061086602,BULLISH,RSI_NORMAL,LOW_VOLATILITY
2016-04-07,69.69,70.37,69.36,69.73,5610000.0,68.906,66.7205,70.33414832925833,0.014782756506420079,BULLISH,RSI_HIGH,LOW_VOLATILITY
2016-04-08,70.15,71.65,69.51,71.24,7470000.0,69.418,67.075,71.54026583268171,0.014828481387736858,BULLISH,RSI_HIGH,LOW_VOLATILITY
2016-04-11,71.4,72.2,70.9,71.83,5600000.0,70.064,67.4685,71.73913043478255,0.014709077876037497,BULLISH,RSI_HIGH,LOW_VOLATILITY
2016-04-12,72.1,73.63,71.85,73.26,12330000.0,71.088,67.9355,74.16607523066,0.01494284385966103,BULLISH,RSI_HIGH,LOW_VOLATILITY
2016-04-13,73.8,75.1,73.7,74.2,10430000.0,72.05199999999999,68.39150000000001,78.17433081674673,0.014779508892773631,BULLISH,RSI_HIGH,LOW_VOLATILITY
2016-04-18,74.23,75.21,72.76,73.04,14560000.0,72.714,68.811,66.79418515684773,0.015334073242114422,BULLISH,RSI_NORMAL,LOW_VOLATILITY
2016-04-20,73.87,74.09,71.9,72.04,15540000.0,72.87400000000001,69.176,70.80291970802924,0.01594337186738706,BULLISH,RSI_HIGH,LOW_VOLATILITY
2016-04-21,72.0,72.1,69.36,69.77,18100000.0,72.462,69.378,61.60903316866615,0.017758290103788134,BULLISH,RSI_NORMAL,LOW_VOLATILITY
2016-04-22,69.77,70.07,68.82,69.62,9790000.0,71.73400000000001,69.5475,57.03305149884703,0.01776302954442916,BULLISH,RSI_NORMAL,LOW_VOLATILITY
2016-04-25,69.89,70.1,68.2,68.45,6610000.0,70.584,69.6475,47.26989079563182,0.018285352723439417,BEARISH,RSI_NORMAL,LOW_VOLATILITY
2016-04-26,68.66,71.22,68.31,69.95,13350000.0,69.96600000000001,69.8455,54.58483754512634,0.018706515364027405,BULLISH,RSI_NORMAL,HIGH_VOLATILITY
2016-04-27,69.9,70.32,69.06,69.36,8000000.0,69.42999999999999,69.881,52.64623955431756,0.016665285933527722,BEARISH,RSI_NORMAL,LOW_VOLATILITY
2016-04-28,69.21,70.3,69.16,69.58,15370000.0,69.39200000000001,70.0145,55.09915014164305,0.015503812400601308,BEARISH,RSI_NORMAL,LOW_VOLATILITY
2016-04-29,69.51,69.74,67.86,68.2,7700000.0,69.108,70.1005,45.86255259467043,0.01616631003936625,BEARISH,RSI_NORMAL,LOW_VOLATILITY
2016-05-02,68.65,70.9,67.41,70.44,7830000.0,69.506,70.233,52.19814241486067,0.017184190034710414,BULLISH,RSI_NORMAL,LOW_VOLATILITY
2016-05-03,70.9,71.16,69.31,69.76,9890000.0,69.468,70.26350000000001,45.169712793733716,0.01682663172873932,BEARISH,RSI_NORMAL,LOW_VOLATILITY
2016-05-04,69.71,70.3,69.04,69.45,8850000.0,69.486,70.30199999999999,42.08776595744681,0.0167805497856439,BEARISH,RSI_NORMAL,LOW_VOLATILITY
2016-05-05,69.87,71.74,69.52,71.46,9150000.0,69.86200000000001,70.445,44.23815620998715,0.01791717615442939,BULLISH,RSI_NORMAL,LOW_VOLATILITY
2016-05-06,72.14,72.7,71.03,72.55,6700000.0,70.732,70.6655,44.76854787571335,0.018015496708350114,BULLISH,RSI_NORMAL,LOW_VOLATILITY
2016-05-09,72.9,74.4,72.27,73.69,8610000.0,71.38199999999999,70.881,52.063492063492035,0.01791561012359045,BULLISH,RSI_NORMAL,LOW_VOLATILITY
2016-05-10,74.15,74.52,73.35,74.02,7830000.0,72.234,71.09549999999999,56.5649867374005,0.01791293828634795,BULLISH,RSI_NORMAL,LOW_VOLATILITY
2016-05-11,73.87,74.87,72.66,74.73,8210000.000000001,73.28999999999999,71.27000000000001,68.34319526627225,0.01745398103353352,BULLISH,RSI_NORMAL,LOW_VOLATILITY
2016-05-12,75.1,76.85,74.43,76.6,9470000.0,74.31800000000001,71.5085,72.9002624671916,0.0181321928727137,BULLISH,RSI_HIGH,LOW_VOLATILITY
2016-05-13,77.05,77.99,75.8,76.16,16250000.0,75.03999999999999,71.6535,76.56788421778086,0.01780553568902457,BULLISH,RSI_HIGH,LOW_VOLATILITY
2016-05-16,76.3,78.47,76.06,77.61,12780000.0,75.824,71.824,76.48686030428772,0.01805493565330987,BULLISH,RSI_HIGH,LOW_VOLATILITY
2016-05-17,78.13,78.13,77.19,77.48,6230000.0,76.516,72.046,79.00000000000007,0.017584672673500303,BULLISH,RSI_HIGH,LOW_VOLATILITY
2016-05-18,77.24,78.09,76.75,77.32,7230000.0,77.034,72.31,77.76183644189385,0.017188025909998503,BULLISH,RSI_HIGH,LOW_VOLATILITY
2016-05-19,77.49,78.09,76.95,77.28,7910000.0,77.16999999999999,72.6855,86.03174603174608,0.015120912222990567,BULLISH,RSI_HIGH,LOW_VOLATILITY
2016-05-20,77.35,78.33,76.59,77.6,7480000.0,77.458,73.08449999999999,83.52059925093639,0.015024386460092604,BULLISH,RSI_HIGH,LOW_VOLATILITY
2016-05-23,77.9,78.24,74.92,76.43,10550000.0,77.22200000000001,73.4835,79.85675917636534,0.014893463678381217,BULLISH,RSI_HIGH,LOW_VOLATILITY
2016-05-24,77.34,77.34,72.06,76.15,43040000.0,76.95599999999999,73.79350000000001,80.07181328545789,0.014515254352251263,BULLISH,RSI_HIGH,LOW_VOLATILITY
2016-05-25,75.9,75.9,72.45,73.27,20070000.0,76.146,73.989,57.53538717735221,0.01712972249797841,BEARISH,RSI_NORMAL,LOW_VOLATILITY
2016-05-26,73.8,75.1,73.7,74.48,16379999.999999998,75.586,74.23400000000001,57.955482275350406,0.017399164375120825,BULLISH,RSI_NORMAL,LOW_VOLATILITY
2016-05-27,75.33,77.29,74.57,76.57,13850000.0,75.38,74.6525,61.0091743119266,0.017306811889591343,BULLISH,RSI_NORMAL,LOW_VOLATILITY
2016-05-30,76.9,77.1,75.49,76.33,7630000.0,75.35999999999999,74.94699999999999,58.89145496535799,0.016198218178931356,BULLISH,RSI_NORMAL,LOW_VOLATILITY
2016-05-31,76.58,77.39,74.6,75.78,154590000.0,75.286,75.24799999999999,54.091971940763834,0.01609737101278746,BULLISH,RSI_NORMAL,LOW_VOLATILITY
2016-06-01,75.18,77.09,74.7,76.32,9970000.0,75.89599999999999,75.59150000000001,48.782608695652165,0.01597514834313065,BULLISH,RSI_NORMAL,LOW_VOLATILITY
2016-06-02,76.51,79.89,75.8,79.54,15880000.0,76.908,75.9955,61.83473389355747,0.017250591172620938,BULLISH,RSI_NORMAL,LOW_VOLATILITY
2016-06-03,79.89,80.84,78.71,78.89,13050000.0,77.372,76.3125,54.74777448071217,0.0173493097820471,BULLISH,RSI_NORMAL,LOW_VOLATILITY
2016-06-06,79.38,79.38,77.4,77.64,8369999.999999999,77.63399999999999,76.51,50.54794520547944,0.017692202408361304,BULLISH,RSI_NORMAL,LOW_VOLATILITY
2016-06-07,77.89,78.43,76.4,76.77,14260000.0,77.832,76.64750000000001,48.20378837361202,0.017957734947375598,BULLISH,RSI_NORMAL,LOW_VOLATILITY
2016-06-08,77.27,78.47,76.52,77.37,9940000.0,78.042,76.77950000000001,50.28355387523631,0.01792245178998978,BULLISH,RSI_NORMAL,LOW_VOLATILITY
2016-06-09,77.79,77.79,76.8,77.08,3100000.0,77.55,76.8035,48.35858585858587,0.01710382407931463,BULLISH,RSI_NORMAL,LOW_VOLATILITY
2016-06-10,77.36,77.36,75.65,75.85,6890000.0,76.942,76.788,48.17610062893078,0.01744753239765011,BEARISH,RSI_NORMAL,LOW_VOLATILITY
2016-06-13,75.4,75.49,74.4,74.9,9880000.0,76.394,76.6525,46.22812311406157,0.01705209383954713,BEARISH,RSI_NORMAL,LOW_VOLATILITY
2016-06-14,74.91,75.32,74.1,74.82,7470000.0,76.004,76.5195,55.62817719680463,0.01705256477377904,BEARISH,RSI_NORMAL,LOW_VOLATILITY
2016-06-15,74.8,76.77,74.8,76.41,4860000.0,75.81199999999998,76.474,56.81978798586569,0.017800269476311407,BEARISH,RSI_NORMAL,LOW_VOLATILITY
2016-06-16,76.15,76.49,75.49,75.86,5810000.0,75.568,76.40299999999999,47.18477398889773,0.017864326414204715,BEARISH,RSI_NORMAL,LOW_VOLATILITY
2016-06-17,76.07,76.39,74.65,75.2,6410000.0,75.438,76.283,45.66385264773602,0.017909013987382275,BEARISH,RSI_NORMAL,LOW_VOLATILITY
2016-06-20,75.2,75.9,74.35,75.3,5460000.0,75.518,76.2265,48.09220985691573,0.017623905093755932,BEARISH,RSI_NORMAL,LOW_VOLATILITY
2016-06-21,75.69,76.75,75.15,75.96,4580000.0,75.746,76.217,48.58267716535433,0.017728917044828284,BEARISH,RSI_NORMAL,LOW_VOLATILITY
2016-06-22,75.5,76.34,75.5,75.89,3040000.0,75.64200000000001,76.348,30.89005235602093,0.01534281968739831,BEARISH,RSI_NORMAL,LOW_VOLATILITY
2016-06-23,75.65,77.3,75.65,76.86,3070000.0,75.842,76.467,39.716312056737586,0.015177100649367165,BULLISH,RSI_NORMAL,LOW_VOLATILITY
2016-06-24,75.84,76.18,74.06,75.78,7540000.0,75.958,76.4275,40.412371134020624,0.014215540616152237,BEARISH,RSI_NORMAL,LOW_VOLATILITY
2016-06-27,75.21,77.02,75.21,76.85,6820000.0,76.268,76.45349999999999,50.40404040404039,0.014561717184681649,BULLISH,RSI_NORMAL,LOW_VOLATILITY
2016-06-28,77.54,77.54,76.41,76.86,6160000.0,76.44800000000001,76.50750000000001,47.261009667024666,0.014450993194337606,BULLISH,RSI_NORMAL,LOW_VOLATILITY
2016-06-29,76.9,77.32,76.61,76.75,1970000.0,76.62,76.529,48.19277108433736,0.014380530302844856,BULLISH,RSI_NORMAL,LOW_VOLATILITY
2016-06-30,77.04,80.14,76.7,79.86,13410000.0,77.22,76.54499999999999,68.21071752951869,0.014127651412839152,BULLISH,RSI_NORMAL,LOW_VOLATILITY
2016-07-01,80.39,82.29,79.84,81.56,11110000.0,78.376,76.67850000000001,78.31632653061226,0.014721698970879007,BULLISH,RSI_HIGH,LOW_VOLATILITY
2016-07-04,81.64,82.71,80.89,81.93,4240000.0,79.39200000000001,76.893,79.50207468879678,0.014131977309008083,BULLISH,RSI_HIGH,LOW_VOLATILITY
2016-07-05,81.93,82.09,81.0,81.59,4760000.0,80.338,77.134,73.98148148148155,0.013849545635164153,BULLISH,RSI_HIGH,LOW_VOLATILITY
2016-07-07,81.3,81.89,80.69,80.85,4460000.0,81.158,77.30799999999999,72.70245677888988,0.014062506513049529,BULLISH,RSI_HIGH,LOW_VOLATILITY
2016-07-08,80.89,82.28,80.57,81.97,5550000.0,81.58,77.5525,79.56331877729255,0.014214331878026726,BULLISH,RSI_HIGH,LOW_VOLATILITY
2016-07-11,82.88,87.03,82.39,85.56,26270000.0,82.38,78.038,84.33734939759034,0.01613171252020729,BULLISH,RSI_HIGH,LOW_VOLATILITY
2016-07-12,86.68,86.98,85.58,86.15,9690000.0,83.224,78.6005,84.26361802286482,0.01552055605979922,BULLISH,RSI_HIGH,LOW_VOLATILITY
2016-07-13,86.28,87.43,85.12,85.64,11810000.0,84.034,79.1415,81.84193337687779,0.01569246779880403,BULLISH,RSI_HIGH,LOW_VOLATILITY
2016-07-14,86.08,87.1,85.63,86.58,9250000.0,85.17999999999999,79.65,81.80628272251302,0.015362331390131202,BULLISH,RSI_HIGH,LOW_VOLATILITY
2016-07-15,86.88,87.73,86.48,86.88,7150000.0,86.162,80.201,88.27586206896542,0.015048213522955725,BULLISH,RSI_HIGH,LOW_VOLATILITY
2016-07-18,87.78,88.24,87.38,87.89,7280000.0,86.628,80.8355,88.22714681440435,0.014618654270712223,BULLISH,RSI_HIGH,LOW_VOLATILITY
2016-07-19,87.98,88.18,85.88,86.31,8580000.0,86.66,81.386,79.51280449718921,0.01567641763227034,BULLISH,RSI_HIGH,LOW_VOLATILITY
2016-07-20,86.54,87.41,85.76,86.28,6290000.0,86.788,81.902,79.91211550533578,0.01575348206994207,BULLISH,RSI_HIGH,LOW_VOLATILITY
2016-07-21,87.17,87.72,86.4,86.96,23670000.0,86.864,82.4555,76.29629629629622,0.015657721646346885,BULLISH,RSI_HIGH,LOW_VOLATILITY
2016-07-22,86.95,88.63,86.71,88.26,7320000.0,87.14000000000001,83.0255,75.57251908396941,0.01570766613643801,BULLISH,RSI_HIGH,LOW_VOLATILITY
2016-07-25,88.7,90.18,88.41,89.71,22900000.0,87.504,83.72200000000001,77.43300423131161,0.01501550715834791,BULLISH,RSI_HIGH,LOW_VOLATILITY
2016-07-26,90.88,99.76,88.88,98.35,95650000.0,89.912,84.797,87.27758007117433,0.024721867105538205,BULLISH,RSI_HIGH,HIGH_VOLATILITY
2016-07-27,98.87,99.24,95.02,97.8,38400000.0,92.216,85.844,88.02153432032301,0.024907275373456817,BULLISH,RSI_HIGH,HIGH_VOLATILITY
2016-07-28,97.77,104.46,96.64,103.03,59560000.0,95.42999999999999,87.15799999999999,89.88636363636363,0.02628997832746893,BULLISH,RSI_HIGH,HIGH_VOLATILITY
2016-07-29,103.76,104.64,102.36,103.59,28250000.0,98.49600000000001,88.34450000000001,88.57509627727856,0.025671031990716582,BULLISH,RSI_HIGH,HIGH_VOLATILITY
2016-08-01,104.46,113.93,104.16,112.11,52960000.0,102.976,89.87199999999999,91.4696485623003,0.029924312308458906,BULLISH,RSI_HIGH,HIGH_VOLATILITY
2016-08-02,112.85,117.54,107.85,109.29,40980000.0,105.16400000000002,91.24000000000001,85.18298125557872,0.031252930065397096,BULLISH,RSI_HIGH,HIGH_VOLATILITY
2016-08-03,109.35,109.35,99.26,99.92,54460000.0,105.58800000000001,92.1565,65.86584205518554,0.03838799453633732,BULLISH,RSI_NORMAL,HIGH_VOLATILITY
2016-08-04,101.11,103.04,97.1,99.56,38070000.0,104.894,93.092,65.05938242280286,0.038257728503737855,BULLISH,RSI_NORMAL,HIGH_VOLATILITY
2016-08-05,101.86,102.48,98.02,100.81,26810000.0,104.33800000000001,94.034,65.25743977326405,0.03825400484570654,BULLISH,RSI_NORMAL,HIGH_VOLATILITY
2016-08-08,102.53,102.67,99.59,100.21,16570000.0,101.958,94.7665,66.8036750483559,0.0376273581277067,BULLISH,RSI_NORMAL,HIGH_VOLATILITY
2016-08-09,100.86,102.46,98.97,101.66,14400000.0,100.432,95.542,67.97568957456755,0.037647428891366776,BULLISH,RSI_NORMAL,HIGH_VOLATILITY
2016-08-10,101.36,102.56,98.87,99.85,11450000.0,100.418,96.25250000000001,64.67774994306535,0.03798719633862885,BULLISH,RSI_NORMAL,HIGH_VOLATILITY
2016-08-11,100.36,100.62,98.36,99.94,8900000.0,100.494,96.92049999999999,63.67681498829039,0.03801778328411972,BULLISH,RSI_NORMAL,HIGH_VOLATILITY
2016-08-12,100.07,101.85,99.68,101.41,7980000.0,100.614,97.647,63.6938202247191,0.038032207075001746,BULLISH,RSI_NORMAL,HIGH_VOLATILITY
2016-08-16,101.46,103.11,100.07,101.9,9060000.0,100.952,98.3475,55.13450969048309,0.03803260963638688,BULLISH,RSI_NORMAL,HIGH_VOLATILITY
2016-08-17,101.86,102.36,101.2,101.95,3960000.0,101.01,99.1295,56.09040211329615,0.03758771492201553,BULLISH,RSI_NORMAL,HIGH_VOLATILITY
2016-08-18,102.2,102.79,100.55,101.21,6190000.0,101.28200000000001,99.876,46.923597025016896,0.03770997815264711,BULLISH,RSI_NORMAL,HIGH_VOLATILITY
2016-08-19,101.86,102.26,101.11,101.69,4070000.000000001,101.632,100.6125,46.77966101694915,0.03772000392607985,BULLISH,RSI_NORMAL,HIGH_VOLATILITY
2016-08-22,101.54,102.18,101.07,101.52,4940000.0,101.654,101.2755,24.964539007092228,0.037754036253394435,BULLISH,RSI_LOW,HIGH_VOLATILITY
2016-08-23,102.26,102.26,99.02,100.27,6700000.0,101.328,101.8035,26.96629213483149,0.037950453769434615,BEARISH,RSI_LOW,HIGH_VOLATILITY
2016-08-24,101.15,101.35,100.13,100.4,4380000.0,101.018,101.906,52.32108317214702,0.031478992470010736,BEARISH,RSI_NORMAL,HIGH_VOLATILITY
2016-08-25,100.46,103.28,100.12,102.76,12550000.0,101.328,102.15400000000001,62.96596434359802,0.03180452569967224,BULLISH,RSI_NORMAL,HIGH_VOLATILITY
2016-08-26,103.41,106.06,103.33,104.67,9160000.0,101.924,102.236,64.8461538461538,0.029780204269312018,BULLISH,RSI_NORMAL,HIGH_VOLATILITY
2016-08-29,105.64,107.93,104.04,107.29,10650000.0,103.078,102.421,73.56857523302261,0.030245122646455312,BULLISH,RSI_HIGH,HIGH_VOLATILITY
2016-08-30,108.57,109.25,106.91,107.63,13940000.0,104.55,102.197,71.45938173975553,0.023686886585405555,BULLISH,RSI_HIGH,HIGH_VOLATILITY
2016-08-31,109.85,111.48,107.96,109.96,19100000.0,106.46199999999999,102.2305,85.03118503118498,0.023565654452923124,BULLISH,RSI_HIGH,HIGH_VOLATILITY
2016-09-01,110.16,112.45,109.85,111.46,12920000.0,108.202,102.8075,86.36363636363632,0.012091657483789028,BULLISH,RSI_HIGH,LOW_VOLATILITY
2016-09-02,112.14,112.65,110.64,111.25,10020000.0,109.518,103.39200000000001,83.74485596707817,0.012029135697902062,BULLISH,RSI_HIGH,LOW_VOLATILITY
2016-09-06,111.86,112.84,111.61,112.51,7550000.0,110.56199999999998,103.977,84.5602605863192,0.011995003032723077,BULLISH,RSI_HIGH,LOW_VOLATILITY
2016-09-07,112.8,117.24,112.79,113.78,25190000.0,111.792,104.65549999999999,85.6970428485214,0.011739921689500986,BULLISH,RSI_HIGH,LOW_VOLATILITY
2016-09-08,115.23,117.2,107.85,116.12,16050000.0,113.024,105.3785,91.0291689598239,0.012034944024902017,BULLISH,RSI_HIGH,LOW_VOLATILITY
2016-09-09,116.94,118.23,114.3,115.2,7580000.0,113.772,106.146,86.2976894142934,0.011144131878242586,BULLISH,RSI_HIGH,LOW_VOLATILITY
2016-09-12,112.33,113.23,104.86,109.29,10350000.0,113.38000000000002,106.6135,65.95482546201235,0.017182877448505166,BULLISH,RSI_NORMAL,LOW_VOLATILITY
2016-09-14,110.15,110.65,106.65,109.96,10500000.0,112.87,107.04100000000001,70.38283550694153,0.01702422619436309,BULLISH,RSI_HIGH,LOW_VOLATILITY
2016-09-15,110.74,111.15,108.35,109.75,6620000.0,112.06400000000001,107.43350000000001,69.60167714884699,0.017077614132013974,BULLISH,RSI_NORMAL,LOW_VOLATILITY
2016-09-16,110.75,111.56,107.92,108.64,8039999.999999999,110.56800000000001,107.768,63.00884955752213,0.01735011921978644,BULLISH,RSI_NORMAL,LOW_VOLATILITY
2016-09-19,109.5,109.5,107.07,107.44,8250000.0,109.016,108.07950000000001,56.3270899954317,0.017491827169176043,BEARISH,RSI_NORMAL,LOW_VOLATILITY
2016-09-20,104.86,108.75,104.86,107.36,5970000.0,108.63,108.36299999999999,50.180878552971556,0.017508367300186272,BEARISH,RSI_NORMAL,LOW_VOLATILITY
2016-09-21,108.34,108.34,106.46,106.88,7230000.0,108.01400000000001,108.631,48.07593637762955,0.01755765333671597,BEARISH,RSI_NORMAL,LOW_VOLATILITY
2016-09-22,108.18,113.07,106.93,112.64,13640000.0,108.59200000000001,109.24949999999998,55.84642233856895,0.020558081778712045,BULLISH,RSI_NORMAL,HIGH_VOLATILITY
2016-09-23,113.69,114.29,111.68,112.5,11600000.0,109.364,109.8545,52.41187384044528,0.020596689357876345,BULLISH,RSI_NORMAL,HIGH_VOLATILITY
2016-09-26,111.65,113.83,111.4,112.13,6490000.0,110.30199999999999,110.32300000000001,52.02578268876611,0.020260426590624596,BULLISH,RSI_NORMAL,HIGH_VOLATILITY
2016-09-27,112.85,112.85,109.04,109.71,9050000.0,110.772,110.575,43.88111888111885,0.020781828248446304,BEARISH,RSI_NORMAL,HIGH_VOLATILITY
2016-09-28,110.35,111.24,109.06,110.46,8750000.0,111.48800000000001,110.7335,42.57602862254023,0.020134495017379475,BEARISH,RSI_NORMAL,HIGH_VOLATILITY
2016-09-29,111.85,112.15,100.98,103.57,15500000.0,109.674,110.5305,26.68153102935709,0.024692473193559057,BEARISH,RSI_LOW,HIGH_VOLATILITY
2016-09-30,103.85,106.46,101.92,105.45,11520000.0,108.26400000000001,110.30499999999999,32.50807319698602,0.02453086242414024,BEARISH,RSI_NORMAL,HIGH_VOLATILITY
2016-10-03,106.75,108.85,106.68,108.52,8810000.0,107.542,110.15799999999999,48.46184578505791,0.025276169791747828,BEARISH,RSI_NORMAL,HIGH_VOLATILITY
2016-10-04,109.05,109.49,107.05,108.23,4900000.0,107.24600000000001,110.00699999999999,46.49087221095337,0.02527818774719891,BEARISH,RSI_NORMAL,HIGH_VOLATILITY
2016-10-05,108.85,109.24,106.68,107.28,7290000.0,106.60999999999999,109.74550000000002,45.13588026782198,0.02515881838421161,BEARISH,RSI_NORMAL,HIGH_VOLATILITY
2016-10-06,107.46,110.35,106.46,107.58,11830000.0,107.41199999999999,109.4355,47.84377542717657,0.024992567406007696,BEARISH,RSI_NORMAL,HIGH_VOLATILITY
2016-10-07,108.52,108.85,107.45,108.1,6070000.0,107.94200000000001,109.03450000000001,51.380753138075306,0.024470567690372976,BEARISH,RSI_NORMAL,HIGH_VOLATILITY
2016-10-10,108.37,109.12,107.1,107.25,3820000.0,107.68800000000002,108.63699999999999,49.777057154438594,0.02446997529716391,BEARISH,RSI_NORMAL,HIGH_VOLATILITY
2016-10-13,108.35,108.35,103.88,105.25,9690000.0,107.09200000000001,108.43499999999999,46.88812523864071,0.02206887542929101,BEARISH,RSI_NORMAL,HIGH_VOLATILITY
2016-10-14,106.04,106.83,103.87,105.99,8189999.999999999,106.83399999999999,108.23649999999998,34.2938119981105,0.022086492136523493,BEARISH,RSI_NORMAL,HIGH_VOLATILITY
2016-10-17,106.33,108.35,104.96,107.74,9210000.0,106.86599999999999,108.136,39.55223880597013,0.02245409817583507,BEARISH,RSI_NORMAL,HIGH_VOLATILITY
2016-10-18,108.75,111.95,108.36,111.58,13560000.0,107.56199999999998,108.28299999999999,48.952380952380956,0.023736917290080893,BULLISH,RSI_NORMAL,HIGH_VOLATILITY
2016-10-19,112.18,112.84,110.97,111.73,6480000.0,108.458,108.49749999999999,54.211843202668916,0.023550329807924143,BULLISH,RSI_NORMAL,HIGH_VOLATILITY
2016-10-20,112.2,113.35,111.61,111.99,5360000.0,109.806,108.72900000000001,53.25670498084291,0.02353996297486523,BULLISH,RSI_NORMAL,HIGH_VOLATILITY
2016-10-21,112.45,113.75,111.38,113.28,4660000.0,111.26400000000001,109.049,77.13806595863615,0.023566631421572518,BULLISH,RSI_HIGH,HIGH_VOLATILITY
2016-10-24,113.5,114.06,112.37,112.74,4000000.0,112.26399999999998,109.05400000000002,72.02416918429003,0.020353978626069028,BULLISH,RSI_HIGH,HIGH_VOLATILITY
2016-10-25,112.65,114.34,111.36,114.01,4170000.0,112.75,109.12949999999998,68.61016949152545,0.02049752379337682,BULLISH,RSI_NORMAL,HIGH_VOLATILITY
2016-10-26,113.85,116.17,112.35,114.68,9720000.0,113.34,109.25699999999999,71.31526768010575,0.020502112159663265,BULLISH,RSI_HIGH,HIGH_VOLATILITY
2016-10-27,114.94,116.04,109.65,110.33,20150000.0,113.008,109.28800000000001,58.22989746357257,0.021751561744058737,BULLISH,RSI_NORMAL,HIGH_VOLATILITY
2016-10-28,110.36,110.55,105.13,107.11,14520000.0,111.774,109.12049999999999,48.904428904428904,0.022672061209546835,BEARISH,RSI_NORMAL,HIGH_VOLATILITY
2016-10-30,108.13,108.18,107.35,107.89,920040.0,110.804,109.3365,49.51635191156151,0.017570798812557506,BEARISH,RSI_NORMAL,LOW_VOLATILITY
2016-11-01,108.55,108.85,105.49,105.94,9040000.0,109.19000000000001,109.36100000000002,47.12845243314336,0.017705674475058393,BEARISH,RSI_NORMAL,LOW_VOLATILITY
2016-11-02,104.66,104.86,101.42,101.85,13300000.0,106.624,109.0275,43.1726907630522,0.018384115313312452,BEARISH,RSI_NORMAL,LOW_VOLATILITY
2016-11-03,102.84,104.47,101.36,102.94,9680000.0,105.146,108.763,43.96039603960398,0.018638335900065243,BEARISH,RSI_NORMAL,LOW_VOLATILITY
2016-11-04,103.36,103.48,96.88,99.18,16670000.000000002,103.55999999999999,108.35799999999999,34.29933969185623,0.020117189214356943,BEARISH,RSI_NORMAL,HIGH_VOLATILITY
2016-11-07,100.84,102.7,98.39,98.91,10630000.0,101.76400000000001,107.9245,23.25875897002959,0.020060820103593655,BEARISH,RSI_LOW,HIGH_VOLATILITY
2016-11-08,99.53,100.05,97.07,98.24,9600000.0,100.22399999999999,107.4315,22.139611730689808,0.01995947028220932,BEARISH,RSI_LOW,HIGH_VOLATILITY
2016-11-09,91.87,93.32,83.5,92.79,33850000.0,98.412,106.7085,17.346938775510267,0.02298231263133638,BEARISH,RSI_LOW,HIGH_VOLATILITY
2016-11-10,94.87,97.8,92.26,92.79,17540000.0,96.382,106.0855,13.553895410885858,0.022861152738327457,BEARISH,RSI_LOW,HIGH_VOLATILITY
2016-11-11,91.87,91.87,84.88,85.69,27810000.0,93.684,105.0705,10.989327949235701,0.027509917732444825,BEARISH,RSI_LOW,HIGH_VOLATILITY
2016-11-15,86.74,86.74,76.13,81.39,43680000.0,90.17999999999999,103.753,6.73740053050399,0.028135924881917195,BEARISH,RSI_LOW,HIGH_VOLATILITY
2016-11-16,82.59,94.14,80.25,89.86,77570000.0,88.504,102.667,22.72527472527473,0.037147968199572716,BEARISH,RSI_LOW,HIGH_VOLATILITY
2016-11-17,90.23,90.23,85.88,87.0,19290000.0,87.346,101.43050000000001,23.494660304476255,0.03734919844481222,BEARISH,RSI_LOW,HIGH_VOLATILITY
2016-11-18,87.08,90.02,86.38,87.72,16469999.999999998,86.332,100.217,26.64418212478921,0.0374908547143677,BEARISH,RSI_LOW,HIGH_VOLATILITY
2016-11-21,89.02,89.02,81.44,83.11,20770000.0,85.816,98.7085,22.67313630348478,0.03815380262295538,BEARISH,RSI_LOW,HIGH_VOLATILITY
2016-11-22,84.89,86.18,82.91,85.68,14340000.0,86.674,97.3555,27.9590948651001,0.039454482308056434,BEARISH,RSI_LOW,HIGH_VOLATILITY
2016-11-23,86.98,87.03,84.34,84.91,11620000.0,85.684,95.9005,30.136022514071314,0.039059580576014455,BEARISH,RSI_NORMAL,HIGH_VOLATILITY
2016-11-24,84.63,84.97,81.5,81.96,16129999.999999998,84.676,94.2645,26.426966292134836,0.039032519225552696,BEARISH,RSI_LOW,HIGH_VOLATILITY
2016-11-25,82.99,88.28,82.21,87.67,16230000.0,84.66600000000001,93.1315,37.61033369214209,0.04305078737681604,BEARISH,RSI_NORMAL,HIGH_VOLATILITY
2016-11-28,87.5,89.78,85.66,87.81,18190000.0,85.606,92.1665,38.01813471502592,0.04289995749467272,BEARISH,RSI_NORMAL,HIGH_VOLATILITY
2016-11-29,88.33,92.5,88.27,90.6,25460000.0,86.59,91.30199999999999,42.1139554087531,0.04373137297692333,BEARISH,RSI_NORMAL,HIGH_VOLATILITY
2016-11-30,90.88,92.66,90.78,91.85,17750000.0,87.978,90.5975,48.937613019891494,0.0439175383662012,BULLISH,RSI_NORMAL,HIGH_VOLATILITY
2016-12-01,92.47,92.86,90.88,91.3,9970000.0,89.84599999999999,90.07000000000001,48.33668229515516,0.04325156716134967,BULLISH,RSI_NORMAL,HIGH_VOLATILITY
2016-12-02,90.28,90.88,87.88,88.53,18180000.0,90.018,89.3495,53.50963914977756,0.04346171877008882,BEARISH,RSI_NORMAL,HIGH_VOLATILITY
2016-12-05,88.58,90.66,88.38,90.1,7980000.0,90.47599999999998,88.8955,61.5425390935595,0.043189765986493156,BULLISH,RSI_NORMAL,HIGH_VOLATILITY
2016-12-06,90.21,92.26,89.21,89.68,8780000.0,90.292,88.434,49.696765498652304,0.043189127352227505,BULLISH,RSI_NORMAL,HIGH_VOLATILITY
2016-12-07,90.55,90.95,87.45,88.98,8880000.0,89.718,87.971,53.59738372093024,0.0431932173317947,BULLISH,RSI_NORMAL,HIGH_VOLATILITY
2016-12-08,90.68,91.47,90.29,91.03,10020000.0,89.66400000000002,87.883,55.736568457539,0.0418205740298798,BULLISH,RSI_NORMAL,HIGH_VOLATILITY
2016-12-09,91.26,91.65,89.03,89.51,6520000.0,89.86,87.719,62.42236024844722,0.04198406100751146,BULLISH,RSI_NORMAL,HIGH_VOLATILITY
2016-12-12,89.55,89.55,83.29,84.25,23950000.0,88.69000000000001,87.64699999999999,47.48681898066783,0.040462925416509886,BEARISH,RSI_NORMAL,HIGH_VOLATILITY
2016-12-13,81.89,84.23,80.39,83.56,29140000.0,87.46600000000001,87.75550000000001,47.620726119139945,0.038781127346039855,BEARISH,RSI_NORMAL,HIGH_VOLATILITY
2016-12-14,83.86,85.67,83.17,84.76,14240000.0,86.622,87.5005,55.25920360631107,0.030703313760980188,BEARISH,RSI_NORMAL,HIGH_VOLATILITY
2016-12-15,83.4,86.57,82.99,85.26,8330000.0,85.468,87.4135,44.3717888836992,0.029954493866085233,BEARISH,RSI_NORMAL,HIGH_VOLATILITY
2016-12-16,85.97,86.18,84.68,84.96,6260000.0,84.55799999999999,87.27550000000001,43.39360222531291,0.02988692882641369,BEARISH,RSI_NORMAL,HIGH_VOLATILITY
2016-12-19,85.2,85.2,81.78,82.18,8080000.0,84.144,87.229,30.473098330241186,0.028383650846273263,BEARISH,RSI_NORMAL,HIGH_VOLATILITY
2016-12-20,82.39,82.84,78.52,80.47,20300000.0,83.526,86.96849999999999,24.159854677565832,0.027750003353152183,BEARISH,RSI_LOW,HIGH_VOLATILITY
2016-12-21,80.99,81.37,78.2,78.75,16079999.999999998,82.324,86.6605,22.94092281155669,0.028032919823789432,BEARISH,RSI_LOW,HIGH_VOLATILITY
2016-12-22,78.37,78.37,75.95,76.44,18360000.0,80.56,86.3845,23.405191377034726,0.02773902862192745,BEARISH,RSI_LOW,HIGH_VOLATILITY
2016-12-23,77.56,82.68,76.03,80.79,33650000.0,79.72600000000001,86.0405,31.752254018032176,0.02607351611064896,BEARISH,RSI_NORMAL,HIGH_VOLATILITY
2016-12-26,80.89,82.02,78.1,80.89,21340000.0,79.468,85.6945,32.55260023818977,0.026069760006293182,BEARISH,RSI_NORMAL,HIGH_VOLATILITY
2016-12-27,80.99,82.68,79.83,80.86,35060000.0,79.546,85.20750000000001,33.442088091353995,0.024718859233042057,BEARISH,RSI_NORMAL,HIGH_VOLATILITY
2016-12-28,81.52,83.98,80.99,81.91,21250000.0,80.178,84.7105,30.612244897959187,0.024686369096260444,BEARISH,RSI_NORMAL,HIGH_VOLATILITY
2016-12-29,81.89,83.86,81.51,83.22,15940000.0,81.534,84.3065,36.5079365079365,0.02514482598497935,BEARISH,RSI_NORMAL,HIGH_VOLATILITY
2016-12-30,83.89,85.35,83.19,84.11,8430000.0,82.19800000000001,84.0855,49.63041182682154,0.02457783613953375,BULLISH,RSI_NORMAL,HIGH_VOLATILITY
2017-01-02,85.08,87.27,84.09,86.89,9500000.0,83.398,83.92500000000001,57.917261055634796,0.02545694683477273,BULLISH,RSI_NORMAL,HIGH_VOLATILITY
2017-01-03,86.88,88.78,85.81,88.28,12600000.0,84.88199999999999,83.855,58.29406220546653,0.02573963165244393,BULLISH,RSI_NORMAL,HIGH_VOLATILITY
2017-01-04,88.59,88.98,86.68,87.07,9710000.0,85.914,83.7595,54.12676698586407,0.0258616608550023,BULLISH,RSI_NORMAL,HIGH_VOLATILITY
2017-01-05,88.21,90.18,87.39,89.85,14230000.0,87.24,83.7005,60.01638672675133,0.02636383006729854,BULLISH,RSI_NORMAL,HIGH_VOLATILITY
2017-01-06,90.98,91.37,87.47,87.73,40410000.0,87.96400000000001,83.6115,61.68421052631578,0.026633050781090434,BULLISH,RSI_NORMAL,HIGH_VOLATILITY
2017-01-09,88.66,89.25,87.39,87.71,6150000.0,88.128,83.78450000000001,66.40979147778782,0.022861769769940126,BULLISH,RSI_NORMAL,HIGH_VOLATILITY
2017-01-10,88.35,90.07,87.89,89.85,11470000.0,88.442,84.09899999999999,74.68861209964409,0.02323601212941253,BULLISH,RSI_HIGH,HIGH_VOLATILITY
2017-01-11,90.38,90.83,88.98,89.49,20050000.0,88.926,84.3355,81.78275694106183,0.02316324080528774,BULLISH,RSI_HIGH,HIGH_VOLATILITY
2017-01-12,90.13,90.87,88.48,89.0,7380000.0,88.756,84.5225,74.62507498500298,0.023227130135287197,BULLISH,RSI_HIGH,HIGH_VOLATILITY
2017-01-13,89.2,90.43,88.69,89.88,8210000.000000001,89.18599999999999,84.76849999999999,75.75931232091689,0.023240690453723442,BULLISH,RSI_HIGH,HIGH_VOLATILITY
2017-01-16,89.88,91.88,89.32,91.65,11180000.0,89.974,85.242,78.11360083376758,0.021908996856545234,BULLISH,RSI_HIGH,HIGH_VOLATILITY
2017-01-17,92.26,92.33,90.93,91.31,8500000.0,90.266,85.784,75.43290043290042,0.021140559954830464,BULLISH,RSI_HIGH,HIGH_VOLATILITY
2017-01-18,91.75,93.67,91.38,92.91,15250000.0,90.95,86.49199999999999,75.81246670218431,0.020205023612812262,BULLISH,RSI_HIGH,HIGH_VOLATILITY
2017-01-19,92.85,93.1,91.48,92.5,5990000.0,91.65,87.29499999999999,72.93603061782395,0.018440893515354127,BULLISH,RSI_HIGH,LOW_VOLATILITY
2017-01-20,92.35,92.87,90.28,90.65,6980000.0,91.804,87.788,60.82949308755762,0.015936019591331105,BULLISH,RSI_NORMAL,LOW_VOLATILITY
2017-01-23,90.82,93.04,90.39,92.84,8300000.000000001,92.042,88.3855,62.555066079295166,0.016400932223005912,BULLISH,RSI_NORMAL,LOW_VOLATILITY
2017-01-24,93.37,93.37,91.97,92.85,8260000.0,92.35,88.985,67.04009433962267,0.016389895437463175,BULLISH,RSI_NORMAL,LOW_VOLATILITY
2017-01-25,92.99,100.46,92.99,99.85,38750000.0,93.738,89.88199999999999,73.60717658168085,0.02241079377344787,BULLISH,RSI_HIGH,HIGH_VOLATILITY
2017-01-27,99.86,101.86,99.0,99.45,13870000.0,95.128,90.6935,80.11305241521072,0.0225834844496743,BULLISH,RSI_HIGH,HIGH_VOLATILITY
2017-01-30,98.87,105.76,98.78,105.34,48660000.0,98.066,91.755,84.80063166206085,0.025208957353737266,BULLISH,RSI_HIGH,HIGH_VOLATILITY
2017-01-31,105.75,107.05,102.93,103.55,23050000.0,100.208,92.588,77.42193755004007,0.025451272073689822,BULLISH,RSI_HIGH,HIGH_VOLATILITY
2017-02-01,103.76,106.84,102.36,106.47,18600000.0,102.93199999999999,93.49749999999999,80.82788671023968,0.025769335702675873,BULLISH,RSI_HIGH,HIGH_VOLATILITY
2017-02-02,106.59,108.25,104.86,105.27,16820000.0,104.016,94.4075,78.79646017699116,0.025658321941857996,BULLISH,RSI_HIGH,HIGH_VOLATILITY
2017-02-03,105.39,106.65,104.09,104.59,9030000.0,105.04400000000001,95.14450000000001,76.22103386809272,0.02535308288922393,BULLISH,RSI_HIGH,HIGH_VOLATILITY
2017-02-06,105.46,108.4,104.87,107.22,12180000.0,105.42,96.119,76.92839847803529,0.02449212999418322,BULLISH,RSI_HIGH,HIGH_VOLATILITY
2017-02-07,106.85,107.35,105.1,105.95,6590000.0,105.9,97.03099999999999,74.53083109919574,0.024890906450852613,BULLISH,RSI_HIGH,HIGH_VOLATILITY
2017-02-08,105.86,106.79,102.36,104.8,10460000.0,105.566,97.77850000000001,70.22796869683567,0.025048733621889484,BULLISH,RSI_HIGH,HIGH_VOLATILITY
2017-02-09,105.66,106.02,102.46,103.94,9170000.0,105.3,98.501,69.16890080428956,0.025172105535618425,BULLISH,RSI_NORMAL,HIGH_VOLATILITY
2017-02-10,104.38,105.76,103.66,105.4,6430000.0,105.46199999999999,99.321,75.04244482173176,0.025007995031843006,BULLISH,RSI_HIGH,HIGH_VOLATILITY
2017-02-13,105.56,106.85,104.18,105.75,4840000.0,105.168,100.11449999999999,73.37921043100326,0.02503579654995332,BULLISH,RSI_HIGH,HIGH_VOLATILITY
2017-02-14,106.26,106.75,105.36,105.81,4380000.0,105.13999999999999,100.82249999999999,73.42733188720175,0.02494897615772473,BULLISH,RSI_HIGH,HIGH_VOLATILITY
2017-02-15,105.89,106.36,102.76,103.9,6790000.0,104.96000000000001,101.452,58.97208684093932,0.025488280138924922,BULLISH,RSI_NORMAL,HIGH_VOLATILITY
2017-02-16,103.95,110.45,103.36,109.29,10350000.0,106.03000000000002,102.271,67.85195936139333,0.02734068434190447,BULLISH,RSI_NORMAL,HIGH_VOLATILITY
2017-02-17,110.85,111.65,107.96,108.8,14090000.0,106.71,103.08600000000001,57.806859205776156,0.027342443680299696,BULLISH,RSI_NORMAL,HIGH_VOLATILITY
2017-02-20,109.15,110.8,103.36,109.44,6180000.0,107.44800000000001,104.02550000000001,64.01713469776297,0.02652309687914748,BULLISH,RSI_NORMAL,HIGH_VOLATILITY
2017-02-21,109.07,110.44,108.35,109.44,3350000.0,108.174,104.8555,58.20895522388059,0.02638390814286206,BULLISH,RSI_NORMAL,HIGH_VOLATILITY
2017-02-22,109.35,110.26,106.36,107.48,10010000.0,108.89000000000001,105.58699999999999,55.86206896551727,0.026989048187470457,BULLISH,RSI_NORMAL,HIGH_VOLATILITY
2017-02-23,108.15,109.75,106.51,106.67,11960000.0,108.36600000000001,105.928,55.47945205479452,0.02193598893334796,BULLISH,RSI_NORMAL,HIGH_VOLATILITY
2017-02-27,106.94,110.25,106.75,109.01,12230000.0,108.40799999999999,106.40599999999999,54.78865703584806,0.022231796953249436,BULLISH,RSI_NORMAL,HIGH_VOLATILITY
2017-02-28,109.63,111.75,109.45,110.67,12570000.0,108.654,106.67250000000001,62.368972746331224,0.0184150990644744,BULLISH,RSI_NORMAL,LOW_VOLATILITY
2017-03-01,111.85,112.74,106.91,107.44,20450000.0,108.25399999999999,106.86699999999999,56.23818525519849,0.019280430209677794,BULLISH,RSI_NORMAL,HIGH_VOLATILITY
2017-03-02,108.15,108.81,101.77,104.73,25870000.0,107.704,106.78,51.71664493698394,0.019162932037504594,BEARISH,RSI_NORMAL,HIGH_VOLATILITY
2017-03-03,104.61,105.55,102.28,104.48,11860000.0,107.266,106.7405,47.88990825688073,0.019006135026095057,BEARISH,RSI_NORMAL,HIGH_VOLATILITY
2017-03-06,105.26,105.46,102.5,103.25,11760000.0,106.114,106.67349999999999,44.48853615520282,0.01913482422915289,BEARISH,RSI_NORMAL,HIGH_VOLATILITY
2017-03-07,103.35,105.44,102.1,105.1,15350000.0,105.0,106.5675,48.54924397221085,0.01868855131119802,BEARISH,RSI_NORMAL,HIGH_VOLATILITY
2017-03-08,105.63,108.25,104.76,107.97,17630000.0,105.106,106.66850000000002,58.00235941801021,0.019507113001871187,BULLISH,RSI_NORMAL,HIGH_VOLATILITY
2017-03-09,107.32,109.35,106.65,108.57,13910000.0,105.874,106.857,48.25581395348834,0.01932102850014447,BULLISH,RSI_NORMAL,HIGH_VOLATILITY
2017-03-10,109.1,109.85,108.36,109.3,7480000.0,106.838,107.125,51.19731800766284,0.019196229512859837,BULLISH,RSI_NORMAL,HIGH_VOLATILITY
2017-03-14,111.05,113.39,110.19,112.52,12550000.0,108.69199999999998,107.481,56.56436487638533,0.019969949869804812,BULLISH,RSI_NORMAL,HIGH_VOLATILITY
2017-03-15,112.75,114.16,112.27,113.3,7820000.0,110.332,107.8585,57.962046204620464,0.01998493198211248,BULLISH,RSI_NORMAL,HIGH_VOLATILITY
2017-03-16,113.82,117.64,112.93,116.19,12350000.0,111.976,108.37750000000001,67.30234406038933,0.020553010385953016,BULLISH,RSI_NORMAL,HIGH_VOLATILITY
2017-03-17,116.84,118.21,114.97,115.77,8230000.0,113.41599999999998,108.971,68.36158192090394,0.019949591281210162,BULLISH,RSI_NORMAL,HIGH_VOLATILITY
2017-03-20,116.34,119.07,114.12,117.1,9780000.0,114.976,109.3615,67.01724863273031,0.016818193512240728,BULLISH,RSI_NORMAL,LOW_VOLATILITY
2017-03-21,117.05,118.33,114.44,117.3,22850000.0,115.93199999999999,109.7865,64.85880770954728,0.016718423219733092,BULLISH,RSI_NORMAL,LOW_VOLATILITY
2017-03-22,115.35,116.64,114.84,115.81,6920000.0,116.43400000000001,110.10499999999999,70.34516285853186,0.017114301534350822,BULLISH,RSI_HIGH,LOW_VOLATILITY
2017-03-23,115.99,119.01,115.99,118.41,8740000.0,116.878,110.55350000000001,83.43108504398826,0.017637398745299553,BULLISH,RSI_HIGH,LOW_VOLATILITY
2017-03-24,118.88,119.64,116.9,117.55,6680000.0,117.234,111.05700000000002,81.015662078785,0.01709052858374876,BULLISH,RSI_HIGH,LOW_VOLATILITY
2017-03-27,117.54,118.74,116.94,118.34,4790000.0,117.482,111.6405,86.57295201163356,0.016852179725533382,BULLISH,RSI_HIGH,LOW_VOLATILITY
2017-03-28,119.24,120.44,118.51,119.31,8100000.0,117.88399999999999,112.15549999999999,85.97468354430382,0.016414330845870365,BULLISH,RSI_HIGH,LOW_VOLATILITY
2017-03-29,119.78,120.34,117.04,117.91,6330000.0,118.304,112.5175,77.18818380743981,0.016606126030254232,BULLISH,RSI_HIGH,LOW_VOLATILITY
2017-03-30,117.84,118.85,117.14,117.94,6580000.0,118.21000000000001,113.04250000000002,76.45398080180689,0.014778821170022865,BULLISH,RSI_HIGH,LOW_VOLATILITY
2017-03-31,118.64,118.64,116.59,116.95,4750000.0,118.09,113.65350000000001,71.28547579298834,0.013395155193022243,BULLISH,RSI_HIGH,LOW_VOLATILITY
2017-04-03,116.85,118.74,116.04,118.01,4740000.0,118.024,114.33000000000001,67.36242884250477,0.013279214599817804,BULLISH,RSI_NORMAL,LOW_VOLATILITY
2017-04-05,118.84,118.84,116.34,117.15,6810000.0,117.59200000000001,115.025,62.11453744493395,0.012994722198395342,BULLISH,RSI_NORMAL,LOW_VOLATILITY
2017-04-06,117.62,120.24,116.42,119.65,8570000.0,117.94000000000001,115.75249999999998,61.16129032258067,0.013175454230018863,BULLISH,RSI_NORMAL,LOW_VOLATILITY
2017-04-07,119.64,122.23,119.06,120.0,11000000.0,118.352,116.354,63.707064160725885,0.012252925544986942,BULLISH,RSI_NORMAL,LOW_VOLATILITY
2017-04-10,120.01,125.03,118.84,123.91,10470000.0,119.744,117.12099999999998,68.90616324264299,0.013681993528376575,BULLISH,RSI_NORMAL,LOW_VOLATILITY
2017-04-11,124.43,127.23,124.03,125.42,11430000.0,121.226,117.92699999999999,71.01449275362322,0.013736529684473121,BULLISH,RSI_HIGH,LOW_VOLATILITY
2017-04-12,125.83,127.63,124.63,126.45,10620000.0,123.08600000000001,118.6235,78.20784729586427,0.012689009682750066,BULLISH,RSI_HIGH,LOW_VOLATILITY
2017-04-13,126.61,129.02,125.93,127.22,6130000.0,124.6,119.31949999999999,75.86611861421022,0.012686901234242588,BULLISH,RSI_HIGH,LOW_VOLATILITY
2017-04-17,127.32,128.03,124.49,125.78,6090000.0,125.756,119.799,73.36740488358888,0.012357458741757603,BULLISH,RSI_HIGH,LOW_VOLATILITY
2017-04-18,125.27,126.9,122.82,123.44,5840000.0,125.662,120.1825,63.30897703549059,0.0132674957903231,BULLISH,RSI_NORMAL,LOW_VOLATILITY
2017-04-19,123.61,125.08,121.59,124.13,7770000.0,125.404,120.53399999999999,62.76483050847456,0.013140751076474257,BULLISH,RSI_NORMAL,LOW_VOLATILITY
2017-04-20,125.13,125.68,124.13,125.03,4440000.0,125.12,120.92049999999999,69.36887921653974,0.013170460178904664,BULLISH,RSI_NORMAL,LOW_VOLATILITY
2017-04-21,125.03,125.82,123.46,124.53,3800000.0,124.582,121.35649999999998,67.48010610079577,0.012751785619790014,BULLISH,RSI_NORMAL,LOW_VOLATILITY
2017-04-24,124.94,127.33,124.04,127.0,4750000.0,124.826,121.78599999999999,74.71716674864732,0.012561470011922597,BULLISH,RSI_HIGH,LOW_VOLATILITY
2017-04-25,127.73,134.72,127.43,133.99,20930000.0,126.936,122.60799999999999,80.42650418888043,0.01675544049415452,BULLISH,RSI_HIGH,LOW_VOLATILITY
2017-04-26,134.32,134.81,129.98,130.79,12070000.0,128.268,123.2305,73.8461538461538,0.01809688581078343,BULLISH,RSI_HIGH,LOW_VOLATILITY
2017-04-27,131.32,131.41,127.63,128.4,16280000.000000002,128.942,123.68500000000002,65.35626535626535,0.018817280043712886,BULLISH,RSI_NORMAL,HIGH_VOLATILITY
2017-04-28,127.63,129.32,126.7,127.45,11830000.0,129.526,124.16199999999999,62.80508765898934,0.01865263334615299,BULLISH,RSI_NORMAL,HIGH_VOLATILITY
2017-05-02,128.02,128.44,125.53,126.69,7090000.0,129.464,124.59949999999999,55.35851966075558,0.01877084571824639,BULLISH,RSI_NORMAL,HIGH_VOLATILITY
2017-05-03,126.83,128.11,125.83,126.84,10870000.0,128.034,125.09400000000001,52.88852725793328,0.0185657764963845,BULLISH,RSI_NORMAL,LOW_VOLATILITY
2017-05-04,126.95,131.01,126.95,129.48,11210000.0,127.77199999999998,125.66749999999999,55.78465063001143,0.0189095570792246,BULLISH,RSI_NORMAL,HIGH_VOLATILITY
2017-05-05,129.32,130.12,126.32,127.25,4670000.0,127.542,126.17250000000001,50.05424954792044,0.019369172772415632,BULLISH,RSI_NORMAL,HIGH_VOLATILITY
2017-05-08,126.85,128.46,125.88,127.03,4720000.0,127.458,126.5415,52.36473704124101,0.018985304544657824,BULLISH,RSI_NORMAL,HIGH_VOLATILITY
2017-05-09,127.33,129.11,126.28,128.44,5680000.0,127.80799999999999,126.9635,59.80392156862745,0.019067665577712938,BULLISH,RSI_NORMAL,HIGH_VOLATILITY
2017-05-10,129.32,132.92,129.18,132.52,13020000.0,128.94400000000002,127.394,64.52059536171689,0.019002971397910406,BULLISH,RSI_NORMAL,HIGH_VOLATILITY
2017-05-11,133.31,134.31,131.67,133.79,6730000.0,129.80599999999998,127.8125,64.96924128503075,0.018949433409641187,BULLISH,RSI_NORMAL,HIGH_VOLATILITY
2017-05-12,133.02,133.72,130.32,131.3,4390000.0,130.61599999999999,128.055,60.83200000000003,0.019531474170229064,BULLISH,RSI_NORMAL,HIGH_VOLATILITY
2017-05-15,132.12,134.67,131.59,133.11,6340000.0,131.832,128.3495,59.98692383131746,0.019690150374537384,BULLISH,RSI_NORMAL,HIGH_VOLATILITY
2017-05-16,133.56,135.7,132.54,134.59,7890000.0,133.062,128.79,51.196172248803826,0.019502838526984267,BULLISH,RSI_NORMAL,HIGH_VOLATILITY
2017-05-17,134.82,137.21,129.57,132.3,24080000.0,133.01799999999997,129.233,53.12370707488627,0.01941076093317963,BULLISH,RSI_NORMAL,HIGH_VOLATILITY
2017-05-18,129.72,134.12,129.43,131.28,12110000.0,132.51600000000002,129.59050000000002,56.31578947368421,0.019567928954467954,BULLISH,RSI_NORMAL,HIGH_VOLATILITY
2017-05-19,132.22,133.21,126.38,128.74,11670000.0,132.00400000000002,129.776,52.64452644526447,0.020157652716626354,BEARISH,RSI_NORMAL,HIGH_VOLATILITY
2017-05-22,129.72,130.22,123.57,124.05,8740000.0,130.192,129.752,45.338983050847446,0.021868157919415605,BEARISH,RSI_NORMAL,HIGH_VOLATILITY
2017-05-23,124.82,126.33,118.89,123.21,13480000.0,127.91600000000001,129.56250000000003,43.743536711478775,0.021404457040525772,BEARISH,RSI_NORMAL,HIGH_VOLATILITY
2017-05-24,123.23,125.32,120.84,122.27,7870000.0,125.91,128.97650000000002,36.79970706700842,0.016818932260705,BEARISH,RSI_NORMAL,LOW_VOLATILITY
2017-05-25,122.83,126.63,122.66,125.71,9060000.0,124.796,128.7225,47.300140252454405,0.01765396572234089,BEARISH,RSI_NORMAL,LOW_VOLATILITY
2017-05-26,126.0,132.49,126.0,131.6,13070000.0,125.36800000000001,128.8825,56.68324071365896,0.02027358140737749,BULLISH,RSI_NORMAL,HIGH_VOLATILITY
2017-05-29,131.76,133.12,130.01,130.57,6520000.0,126.672,129.0385,53.14995563442768,0.020283609499515628,BULLISH,RSI_NORMAL,HIGH_VOLATILITY
2017-05-30,130.34,132.31,130.19,131.98,5130000.0,128.426,129.303,49.132947976878576,0.020309456234405696,BULLISH,RSI_NORMAL,HIGH_VOLATILITY
2017-05-31,132.12,133.31,131.43,132.51,7260000.0,130.474,129.5865,47.89473684210526,0.020311561069184334,BULLISH,RSI_NORMAL,HIGH_VOLATILITY
2017-06-01,133.22,133.72,131.85,132.55,3880000.0,131.84199999999998,129.73999999999998,52.23613595706619,0.019844489594747845,BULLISH,RSI_NORMAL,HIGH_VOLATILITY
2017-06-02,133.06,136.31,131.62,135.94,6680000.0,132.70999999999998,130.1745,54.79173721639008,0.020041928126146896,BULLISH,RSI_NORMAL,HIGH_VOLATILITY
2017-06-05,136.67,137.08,134.62,136.12,5700000.0,133.82,130.629,52.70988310308183,0.02001162472417981,BULLISH,RSI_NORMAL,HIGH_VOLATILITY
2017-06-06,136.15,136.6,132.32,133.48,6020000.0,134.11999999999998,130.881,52.06438068579423,0.020568176476943083,BULLISH,RSI_NORMAL,HIGH_VOLATILITY
2017-06-07,133.93,135.82,133.33,134.13,5510000.0,134.444,130.9615,55.051400212690524,0.019372785034832436,BULLISH,RSI_NORMAL,HIGH_VOLATILITY
2017-06-08,134.31,137.01,134.29,135.98,5710000.0,135.13,131.071,63.154069767441804,0.019495912231395192,BULLISH,RSI_NORMAL,HIGH_VOLATILITY
2017-06-09,135.62,138.01,134.19,137.5,5310000.0,135.442,131.381,77.61806981519504,0.019052333291041234,BULLISH,RSI_HIGH,HIGH_VOLATILITY
2017-06-12,136.81,138.11,135.47,136.31,3700000.0,135.47999999999996,131.541,76.51821862348176,0.01901229936472196,BULLISH,RSI_HIGH,HIGH_VOLATILITY
2017-06-13,137.21,137.81,135.92,136.96,4360000.0,136.176,131.6595,80.0901269971323,0.018893390867421613,BULLISH,RSI_HIGH,HIGH_VOLATILITY
2017-06-14,137.23,137.31,135.22,135.92,6350000.0,136.53400000000002,131.8405,73.19400272603355,0.01853352704630714,BULLISH,RSI_HIGH,LOW_VOLATILITY
2017-06-15,135.93,141.11,135.04,140.33,15700000.0,137.404,132.29299999999998,71.26156843643444,0.019624771838844483,BULLISH,RSI_HIGH,HIGH_VOLATILITY
2017-06-16,141.31,142.29,140.14,140.84,8250000.0,138.072,132.898,75.66216891554215,0.018873732768659675,BULLISH,RSI_HIGH,HIGH_VOLATILITY
2017-06-19,140.33,141.98,139.37,139.79,4260000.0,138.76799999999997,133.685,69.8727735368956,0.016517922069899552,BULLISH,RSI_NORMAL,LOW_VOLATILITY
2017-06-20,140.58,143.1,139.32,140.77,7810000.0,139.53000000000003,134.563,70.54726368159197,0.01623696905302039,BULLISH,RSI_HIGH,LOW_VOLATILITY
2017-06-21,140.29,142.41,139.91,141.47,4490000.0,140.64,135.52299999999997,71.48362235067427,0.015888014857766038,BULLISH,RSI_HIGH,LOW_VOLATILITY
2017-06-22,141.71,142.51,139.34,139.99,4780000.0,140.572,136.23700000000002,60.74270557029176,0.015582863314337933,BULLISH,RSI_NORMAL,LOW_VOLATILITY
2017-06-23,140.31,141.36,136.41,139.88,6210000.0,140.38,136.651,60.01064962726298,0.012205086196425227,BULLISH,RSI_NORMAL,LOW_VOLATILITY
2017-06-27,139.81,139.81,133.49,134.81,10540000.0,139.38400000000001,136.863,53.135313531353155,0.014903313080385025,BEARISH,RSI_NORMAL,LOW_VOLATILITY
2017-06-28,133.92,137.51,131.21,137.05,9980000.0,138.64000000000001,137.1165,56.40350877192984,0.015144941445211635,BEARISH,RSI_NORMAL,LOW_VOLATILITY
2017-06-29,137.71,139.3,136.46,137.44,7270000.0,137.834,137.363,53.4208059981256,0.015138986214048467,BULLISH,RSI_NORMAL,LOW_VOLATILITY
2017-06-30,136.57,137.81,135.07,137.12,4960000.0,137.26000000000002,137.59150000000002,49.05660377358492,0.015165340323302641,BEARISH,RSI_NORMAL,LOW_VOLATILITY
2017-07-03,137.81,138.81,136.46,138.53,4470000.0,136.99,137.721,55.45186640471512,0.014262470027025033,BULLISH,RSI_NORMAL,LOW_VOLATILITY
2017-07-04,138.81,140.68,137.47,137.77,7040000.0,137.582,137.8035,51.97850512945774,0.014336462563473266,BEARISH,RSI_NORMAL,LOW_VOLATILITY
2017-07-05,137.31,140.51,136.82,139.66,6440000.0,138.10399999999998,138.1125,58.771106941838674,0.01379544894964963,BULLISH,RSI_NORMAL,LOW_VOLATILITY
2017-07-06,139.7,141.16,139.05,139.74,4180000.0,138.564,138.393,48.26368452030604,0.01378770236063861,BULLISH,RSI_NORMAL,LOW_VOLATILITY
2017-07-07,139.66,140.17,138.55,138.98,2020000.0,138.93599999999998,138.543,44.605568445475605,0.013601719625608244,BULLISH,RSI_NORMAL,LOW_VOLATILITY
2017-07-10,144.96,144.96,139.32,141.09,1500000.0,139.448,138.72250000000003,53.55191256830604,0.013784857124722391,BULLISH,RSI_NORMAL,LOW_VOLATILITY
2017-07-11,141.75,142.91,140.77,141.73,6660000.0,140.24,138.9935,52.672605790645825,0.013593713957675375,BULLISH,RSI_NORMAL,LOW_VOLATILITY
2017-07-12,142.26,145.0,141.81,144.17,6550000.0,141.142,139.35399999999998,56.85279187817257,0.014003979546730634,BULLISH,RSI_NORMAL,LOW_VOLATILITY
2017-07-13,145.0,148.75,144.89,148.39,10120000.0,142.872,139.97750000000002,68.71657754010691,0.014975485937988456,BULLISH,RSI_NORMAL,LOW_VOLATILITY
2017-07-14,148.3,150.66,146.87,149.74,5710000.0,145.024,140.448,70.81925675675679,0.013522313979361242,BULLISH,RSI_HIGH,LOW_VOLATILITY
2017-07-17,150.29,154.76,148.6,153.64,9470000.0,147.534,141.088,91.82585517547754,0.014445236345901509,BULLISH,RSI_HIGH,LOW_VOLATILITY
2017-07-18,153.59,154.31,150.5,151.03,5020000.0,149.39399999999998,141.65,80.55069930069932,0.015005418522289793,BULLISH,RSI_HIGH,LOW_VOLATILITY
2017-07-19,151.76,157.53,151.29,153.98,26550000.0,151.356,142.3105,82.50786163522015,0.01539464182597617,BULLISH,RSI_HIGH,LOW_VOLATILITY
2017-07-20,154.89,160.58,154.5,159.32,21700000.0,153.542,143.20300000000003,86.44123440577808,0.0168006499332622,BULLISH,RSI_HIGH,LOW_VOLATILITY
2017-07-21,159.67,162.93,158.28,161.91,13810000.0,155.976,144.299,86.94690265486727,0.01647409386010691,BULLISH,RSI_HIGH,LOW_VOLATILITY
2017-07-24,163.08,163.51,158.58,159.52,8350000.0,157.152,145.281,82.68710550045088,0.0171244380251884,BULLISH,RSI_HIGH,LOW_VOLATILITY
2017-07-25,160.47,163.07,159.78,162.53,8140000.000000001,159.452,146.66699999999997,83.25094504216344,0.013992948467774683,BULLISH,RSI_HIGH,LOW_VOLATILITY
2017-07-26,163.38,169.34,162.78,168.49,14760000.0,162.35399999999998,148.239,85.6965482989819,0.015197443351704075,BULLISH,RSI_HIGH,LOW_VOLATILITY
2017-07-27,170.17,173.74,166.88,167.71,19560000.0,164.032,149.7525,85.65400843881862,0.015484507062565343,BULLISH,RSI_HIGH,LOW_VOLATILITY
2017-07-28,166.97,170.86,166.03,169.9,9260000.0,165.63,151.3915,85.68243745355467,0.015213603958296646,BULLISH,RSI_HIGH,LOW_VOLATILITY
2017-07-31,171.57,172.17,169.53,170.08,5770000.0,167.74200000000002,152.969,85.51741418190936,0.015371766655262827,BULLISH,RSI_HIGH,LOW_VOLATILITY
2017-08-01,170.76,172.56,170.37,171.39,6930000.0,169.514,154.65,85.09541000515735,0.014929896616704528,BULLISH,RSI_HIGH,LOW_VOLATILITY
2017-08-02,172.26,172.39,168.88,170.49,3960000.0,169.91400000000002,156.19150000000002,81.161872532431,0.01535026651545731,BULLISH,RSI_HIGH,LOW_VOLATILITY
2017-08-03,171.17,172.67,169.57,169.94,7760000.0,170.35999999999999,157.70149999999998,79.14021927293716,0.015497597306569022,BULLISH,RSI_HIGH,LOW_VOLATILITY
2017-08-04,170.26,172.76,169.87,172.11,7110000.0,170.802,159.358,78.04433647130284,0.015075443083124102,BULLISH,RSI_HIGH,LOW_VOLATILITY
2017-08-07,173.31,180.35,172.72,179.57,15040000.0,172.7,161.28199999999998,87.77130757014298,0.01672583918320301,BULLISH,RSI_HIGH,LOW_VOLATILITY
2017-08-08,181.05,182.7,176.96,177.74,17610000.0,173.97,163.08249999999998,82.40589198036014,0.017394708470663475,BULLISH,RSI_HIGH,LOW_VOLATILITY
2017-08-09,176.75,176.75,168.03,169.54,19000000.0,173.78,164.351,62.93016194331986,0.021570814950108156,BULLISH,RSI_NORMAL,HIGH_VOLATILITY
2017-08-10,167.77,168.76,160.79,163.34,18350000.0,172.46,165.0985,51.65777880825412,0.023175731297210327,BEARISH,RSI_NORMAL,HIGH_VOLATILITY
2017-08-11,158.78,173.02,158.78,169.31,35060000.0,171.9,166.077,60.47955469920788,0.024216584798828364,BULLISH,RSI_NORMAL,HIGH_VOLATILITY
2017-08-14,171.9,174.0,170.27,170.86,13120000.0,170.158,166.93800000000002,59.20441988950278,0.023787586765156573,BULLISH,RSI_NORMAL,HIGH_VOLATILITY
2017-08-16,172.76,172.76,168.09,171.9,7060000.0,168.99,167.9815,54.22762211753037,0.02318664131055967,BULLISH,RSI_NORMAL,HIGH_VOLATILITY
2017-08-17,172.76,176.01,171.82,172.64,7290000.0,169.61,168.9145,56.11814345991559,0.02299397133918679,BULLISH,RSI_NORMAL,HIGH_VOLATILITY
2017-08-18,170.77,172.06,168.62,170.26,9320000.0,170.994,169.46150000000003,50.44466403162053,0.022355954017967385,BULLISH,RSI_NORMAL,HIGH_VOLATILITY
2017-08-21,170.26,172.86,167.63,168.83,10900000.0,170.898,169.8075,48.50227653965971,0.022298915166113993,BEARISH,RSI_NORMAL,HIGH_VOLATILITY
2017-08-22,170.57,171.13,166.03,168.06,6540000.0,170.338,170.2345,45.95775673707212,0.022002078904462426,BEARISH,RSI_NORMAL,HIGH_VOLATILITY
2017-08-23,169.36,178.23,169.36,177.69,18250000.0,171.496,170.9925,57.21153846153845,0.024955613349757974,BULLISH,RSI_NORMAL,HIGH_VOLATILITY
2017-08-24,178.9,179.53,175.04,175.77,13250000.0,172.122,171.3565,55.68336907779297,0.024000491401942655,BULLISH,RSI_NORMAL,HIGH_VOLATILITY
2017-08-28,177.11,183.49,176.46,182.75,13470000.0,174.62,172.1085,59.4830659536542,0.02532923060540298,BULLISH,RSI_NORMAL,HIGH_VOLATILITY
2017-08-29,183.25,183.25,175.96,177.1,14820000.0,176.27399999999997,172.4685,47.72517959108492,0.0264411379315473,BULLISH,RSI_NORMAL,HIGH_VOLATILITY
2017-08-30,179.56,181.69,177.46,178.56,10650000.0,178.374,172.89249999999998,50.76038575667656,0.02647065151280198,BULLISH,RSI_NORMAL,HIGH_VOLATILITY
2017-08-31,179.5,180.32,176.76,177.95,11170000.0,178.42600000000002,173.2205,59.076192531836824,0.026478286182437496,BULLISH,RSI_NORMAL,HIGH_VOLATILITY
2017-09-01,178.76,180.45,178.76,179.75,4890000.0,179.22199999999998,173.6835,69.56832816599095,0.026473318921767915,BULLISH,RSI_NORMAL,HIGH_VOLATILITY
2017-09-04,179.55,181.75,177.31,179.89,6590000.0,178.65,174.181,64.65373961218836,0.02643904026184531,BULLISH,RSI_NORMAL,HIGH_VOLATILITY
2017-09-05,180.74,181.28,178.21,179.2,7410000.0,179.07,174.5355,61.83314415437002,0.026382691985060398,BULLISH,RSI_NORMAL,HIGH_VOLATILITY
2017-09-06,177.96,188.04,177.53,185.64,27430000.0,180.486,174.839,66.90452755905511,0.02582298308624475,BULLISH,RSI_NORMAL,HIGH_VOLATILITY
2017-09-07,187.74,198.32,186.86,196.05,42720000.0,184.106,175.7545,73.2657523355198,0.02831088327403519,BULLISH,RSI_HIGH,HIGH_VOLATILITY
2017-09-08,196.73,197.23,187.84,188.86,28560000.0,185.92800000000003,176.72050000000002,66.87227866473151,0.027473049558595593,BULLISH,RSI_NORMAL,HIGH_VOLATILITY
2017-09-11,189.74,193.28,189.55,191.78,10990000.0,188.30599999999998,178.14249999999998,70.27027027027026,0.025656703108828356,BULLISH,RSI_HIGH,HIGH_VOLATILITY
2017-09-12,193.24,193.24,188.4,189.18,14740000.0,190.302,179.13600000000002,68.06981519507187,0.02520221285733657,BULLISH,RSI_NORMAL,HIGH_VOLATILITY
2017-09-13,189.24,192.21,189.24,190.46,8109999.999999999,191.26600000000002,180.116,62.74705530045919,0.025191439521363844,BULLISH,RSI_NORMAL,HIGH_VOLATILITY
2017-09-14,191.04,193.29,189.84,190.73,9520000.0,190.202,181.0575,65.4417836498761,0.025209700771098974,BULLISH,RSI_NORMAL,HIGH_VOLATILITY
2017-09-15,189.3,190.95,187.88,190.02,9220000.0,190.43400000000003,181.9265,58.61987194688169,0.02529362987401033,BULLISH,RSI_NORMAL,HIGH_VOLATILITY
2017-09-18,191.34,192.66,190.4,190.91,4310000.0,190.26,182.959,68.45763164929166,0.024901676378649835,BULLISH,RSI_NORMAL,HIGH_VOLATILITY
2017-09-19,192.15,192.61,190.15,190.92,5980000.0,190.608,184.0635,67.18576195773082,0.02471494247300228,BULLISH,RSI_NORMAL,HIGH_VOLATILITY
2017-09-20,191.62,191.62,189.74,190.23,3780000.0,190.56199999999998,185.172,67.03662597114321,0.024693635537511173,BULLISH,RSI_NORMAL,HIGH_VOLATILITY
2017-09-21,190.54,192.34,186.9,191.69,7550000.0,190.754,185.872,66.72268907563029,0.021622668411746204,BULLISH,RSI_NORMAL,HIGH_VOLATILITY
2017-09-22,190.74,190.74,184.45,186.06,17730000.0,189.962,186.3865,57.4896819616412,0.022665884233793076,BEARISH,RSI_NORMAL,HIGH_VOLATILITY
2017-09-25,185.74,185.74,175.66,179.36,18270000.0,187.652,186.21699999999998,50.16949152542376,0.022550778515370434,BEARISH,RSI_NORMAL,HIGH_VOLATILITY
2017-09-26,179.36,186.03,177.85,183.76,10450000.0,186.21999999999997,186.55,47.9185119574845,0.02204252204469703,BEARISH,RSI_NORMAL,HIGH_VOLATILITY
2017-09-27,185.65,185.65,179.28,180.43,7640000.0,184.26000000000002,186.6435,29.490546218487324,0.022439122837590513,BEARISH,RSI_LOW,HIGH_VOLATILITY
2017-09-28,181.45,185.25,178.86,184.03,39260000.0,182.728,186.94750000000002,42.99797042621045,0.022815544686841324,BEARISH,RSI_NORMAL,HIGH_VOLATILITY
2017-09-29,185.54,187.25,182.79,183.56,12170000.0,182.228,187.13799999999998,37.172284644194704,0.02275202948709978,BEARISH,RSI_NORMAL,HIGH_VOLATILITY
2017-10-03,185.75,187.1,182.92,186.53,9750000.0,183.662,187.47,45.91175563097807,0.022993042979230462,BEARISH,RSI_NORMAL,HIGH_VOLATILITY
2017-10-04,187.74,187.74,184.95,186.01,5380000.0,184.11200000000002,187.8105,42.96998420221164,0.02298008235969546,BEARISH,RSI_NORMAL,HIGH_VOLATILITY
2017-10-05,186.25,188.29,185.29,186.37,3980000.0,185.3,187.847,43.131695022054195,0.021560121963374455,BEARISH,RSI_NORMAL,HIGH_VOLATILITY
2017-10-06,187.74,193.19,186.59,192.1,12280000.0,186.914,187.6495,52.82916213275297,0.018668373121132485,BULLISH,RSI_NORMAL,HIGH_VOLATILITY
2017-10-09,192.54,195.13,191.34,193.87,10000000.0,188.97600000000003,187.9,53.93198724760894,0.016755706025967442,BULLISH,RSI_NORMAL,LOW_VOLATILITY
2017-10-10,194.14,195.67,194.04,194.81,5170000.0,190.632,188.0515,55.04277936219862,0.016453755926090254,BULLISH,RSI_NORMAL,LOW_VOLATILITY
2017-10-11,196.43,196.43,189.94,192.09,7270000.0,191.848,188.197,52.29064039408869,0.016472746358118486,BULLISH,RSI_NORMAL,LOW_VOLATILITY
2017-10-12,193.74,195.51,192.04,195.05,10190000.0,193.584,188.42649999999998,53.99049881235156,0.016746052964254243,BULLISH,RSI_NORMAL,LOW_VOLATILITY
2017-10-13,195.24,197.1,194.58,195.04,8500000.0,194.17199999999997,188.642,62.308114035087705,0.01674884694175442,BULLISH,RSI_NORMAL,LOW_VOLATILITY
2017-10-16,196.33,196.43,187.28,188.37,26530000.0,193.07200000000003,188.55949999999999,62.3593964334705,0.01851807381384942,BEARISH,RSI_NORMAL,LOW_VOLATILITY
2017-10-17,187.77,189.94,185.39,186.46,17820000.0,191.402,188.337,53.97526501766787,0.01860572085902172,BEARISH,RSI_NORMAL,LOW_VOLATILITY
2017-10-18,186.75,188.14,184.61,186.6,7100000.0,190.304,188.121,60.02599935001623,0.01860848156011763,BEARISH,RSI_NORMAL,LOW_VOLATILITY
2017-10-19,187.03,187.03,182.95,184.34,1700000.0,188.162,187.82649999999998,50.52667346245328,0.018768150035865273,BEARISH,RSI_NORMAL,HIGH_VOLATILITY
2017-10-23,184.25,185.44,180.97,183.13,10110000.0,185.78,187.39849999999998,49.287371561153456,0.01867549746931752,BEARISH,RSI_NORMAL,HIGH_VOLATILITY
2017-10-24,184.55,184.55,181.35,182.36,9300000.0,184.578,187.2135,42.54558455488024,0.01755677138926359,BEARISH,RSI_NORMAL,LOW_VOLATILITY
2017-10-25,181.75,181.75,171.12,172.4,28650000.0,181.76600000000002,186.86550000000003,31.80967655707032,0.019859633837010022,BEARISH,RSI_NORMAL,HIGH_VOLATILITY
2017-10-26,173.66,176.36,169.78,174.44,16410000.0,179.334,186.3995,34.740342798669715,0.01916474063419387,BEARISH,RSI_NORMAL,HIGH_VOLATILITY
2017-10-27,175.77,182.62,175.01,181.65,16559999.999999998,178.796,186.4605,37.12102538821791,0.021113355054357113,BEARISH,RSI_NORMAL,HIGH_VOLATILITY
2017-10-30,182.95,183.38,179.54,180.18,5640000.0,178.206,186.268,33.002234914328284,0.020683896371688444,BEARISH,RSI_NORMAL,HIGH_VOLATILITY
2017-10-31,178.46,182.16,177.21,179.82,7650000.0,177.698,186.081,31.116150163769206,0.02068186185123667,BEARISH,RSI_NORMAL,HIGH_VOLATILITY
2017-11-01,180.71,181.72,179.86,180.43,4690000.0,179.304,185.776,34.48642895156999,0.02032306957594352,BEARISH,RSI_NORMAL,HIGH_VOLATILITY
2017-11-02,181.25,181.94,179.96,180.77,4590000.0,180.57,185.514,29.576659038901596,0.02033389355846821,BEARISH,RSI_LOW,HIGH_VOLATILITY
2017-11-03,182.25,184.25,180.59,183.45,7700000.0,180.93,185.368,34.600053149083166,0.02064145037570076,BEARISH,RSI_NORMAL,HIGH_VOLATILITY
2017-11-06,181.55,184.24,180.93,181.95,5830000.0,181.28400000000002,184.8605,40.11090573012936,0.01932492994593257,BEARISH,RSI_NORMAL,HIGH_VOLATILITY
2017-11-07,184.55,184.55,177.09,180.01,7700000.0,181.32199999999997,184.1675,40.07386888273312,0.019199801013000607,BEARISH,RSI_NORMAL,HIGH_VOLATILITY
2017-11-08,179.21,180.24,176.91,177.33,5500000.0,180.702,183.2935,36.76848415643736,0.019253894068268097,BEARISH,RSI_NORMAL,HIGH_VOLATILITY
2017-11-09,178.46,179.1,173.06,175.06,8660000.0,179.56,182.44199999999998,36.7579908675799,0.019225623653297892,BEARISH,RSI_NORMAL,HIGH_VOLATILITY
2017-11-10,172.87,176.66,172.87,174.26,8060000.000000001,177.722,181.4025,37.19318509962459,0.018649638940309375,BEARISH,RSI_NORMAL,LOW_VOLATILITY
2017-11-13,175.76,175.76,171.62,172.64,5450000.0,175.86,180.2825,36.30214205186017,0.01862326597275773,BEARISH,RSI_NORMAL,LOW_VOLATILITY
2017-11-14,172.86,176.75,171.79,175.25,6340000.0,174.908,179.6265,55.065766086029136,0.017933440482320793,BEARISH,RSI_NORMAL,LOW_VOLATILITY
2017-11-15,175.97,176.16,170.47,171.15,9260000.0,173.672,178.86100000000002,44.551175886055006,0.0184317366895733,BEARISH,RSI_NORMAL,LOW_VOLATILITY
2017-11-16,172.27,177.78,171.42,176.19,9010000.0,173.898,178.3405,40.25695931477515,0.019889553709862794,BEARISH,RSI_NORMAL,HIGH_VOLATILITY
2017-11-17,178.76,181.45,177.57,178.49,9440000.0,174.744,178.048,47.071057192374354,0.020056623802186365,BULLISH,RSI_NORMAL,HIGH_VOLATILITY
2017-11-20,178.44,180.5,176.76,180.28,6020000.0,176.272,177.90550000000002,50.75957727873185,0.020175418757728575,BULLISH,RSI_NORMAL,HIGH_VOLATILITY
2017-11-21,181.65,182.03,178.88,180.73,4960000.0,177.368,177.824,50.49800796812745,0.02016785703147064,BULLISH,RSI_NORMAL,HIGH_VOLATILITY
2017-11-22,181.42,181.42,176.61,177.15,7380000.0,178.568,178.0615,44.57434052757793,0.016374820972979005,BEARISH,RSI_NORMAL,LOW_VOLATILITY
2017-11-23,177.46,178.0,174.46,176.13,5870000.0,178.556,178.146,38.45425867507887,0.01626185237259574,BEARISH,RSI_NORMAL,LOW_VOLATILITY
2017-11-24,177.06,179.59,176.16,178.76,5730000.0,178.60999999999999,178.00150000000002,45.141638745050265,0.013642628525934439,BULLISH,RSI_NORMAL,LOW_VOLATILITY
2017-11-27,177.76,178.19,176.26,177.08,5730000.0,177.96999999999997,177.8465,45.50199570156588,0.013682860030056919,BEARISH,RSI_NORMAL,LOW_VOLATILITY
2017-11-28,176.96,178.15,176.01,176.4,5530000.0,177.10399999999998,177.6755,48.478900883218834,0.01369769166044777,BEARISH,RSI_NORMAL,LOW_VOLATILITY
2017-11-29,176.26,177.55,174.86,175.39,6870000.0,176.752,177.4235,50.562947799385846,0.013700073123726788,BEARISH,RSI_NORMAL,LOW_VOLATILITY
2017-11-30,175.25,175.7,172.0,172.47,13050000.0,176.01999999999998,177.0085,47.152402163538035,0.01409260101869869,BEARISH,RSI_NORMAL,LOW_VOLATILITY
2017-12-01,173.46,173.94,170.3,170.93,6020000.0,174.454,176.3825,47.272727272727295,0.013568723927822646,BEARISH,RSI_NORMAL,LOW_VOLATILITY
2017-12-04,172.17,172.17,166.79,167.37,8020000.0,172.512,175.65349999999998,37.8018575851393,0.01408610376504226,BEARISH,RSI_NORMAL,LOW_VOLATILITY
2017-12-05,167.37,171.67,165.88,170.51,11100000.0,171.334,175.1785,48.97894065092532,0.014876083938249357,BEARISH,RSI_NORMAL,LOW_VOLATILITY
2017-12-06,169.76,171.26,166.02,166.92,9330000.0,169.64,174.658,34.493141518902604,0.015204397492921604,BEARISH,RSI_NORMAL,LOW_VOLATILITY
2017-12-07,168.27,168.79,165.87,167.4,9860000.0,168.62600000000003,174.275,30.24581403633769,0.01507119361455708,BEARISH,RSI_NORMAL,LOW_VOLATILITY
2017-12-08,168.27,170.59,168.1,169.99,7680000.0,168.43800000000002,174.0615,32.178732248008316,0.01555862057251761,BEARISH,RSI_NORMAL,LOW_VOLATILITY
2017-12-11,170.77,171.77,168.79,170.55,6160000.0,169.074,173.957,32.43616287094551,0.015465018044686927,BEARISH,RSI_NORMAL,LOW_VOLATILITY
2017-12-12,170.27,171.37,168.78,169.69,10520000.0,168.91,173.679,35.79588728103579,0.015045098700719841,BEARISH,RSI_NORMAL,LOW_VOLATILITY
2017-12-13,169.24,169.84,165.87,166.95,9320000.0,168.916,173.469,33.59542530378842,0.014569805771660194,BEARISH,RSI_NORMAL,LOW_VOLATILITY
2017-12-14,167.27,169.66,162.48,168.36,12570000.0,169.108,173.0775,30.568011958146556,0.012911605431991727,BEARISH,RSI_NORMAL,LOW_VOLATILITY
2017-12-15,169.77,173.73,168.97,172.72,15070000.0,169.654,172.78900000000002,42.595108695652165,0.013984486219895374,BEARISH,RSI_NORMAL,LOW_VOLATILITY
2017-12-18,172.37,177.06,165.1,175.45,16300000.0,170.634,172.54749999999999,48.49158463004126,0.014292497178339263,BULLISH,RSI_NORMAL,LOW_VOLATILITY
2017-12-19,176.36,176.84,173.67,175.54,7070000.0,171.804,172.28799999999998,50.245338567222774,0.014271931293359671,BULLISH,RSI_NORMAL,LOW_VOLATILITY
2017-12-20,176.26,178.26,174.76,176.8,9580000.0,173.774,172.2705,57.48875821515047,0.013700093673684369,BULLISH,RSI_NORMAL,LOW_VOLATILITY
2017-12-21,177.25,177.25,174.1,174.57,8960000.0,175.016,172.19250000000002,56.1486486486486,0.013935211975942177,BULLISH,RSI_NORMAL,LOW_VOLATILITY
2017-12-22,175.36,178.6,174.76,178.0,6630000.0,176.07199999999997,172.1545,68.03529012555134,0.014243949454899403,BULLISH,RSI_NORMAL,LOW_VOLATILITY
2017-12-26,178.23,179.26,177.18,178.71,4940000.0,176.724,172.236,65.1627218934911,0.014098646050458399,BULLISH,RSI_NORMAL,LOW_VOLATILITY
2017-12-27,179.48,179.52,175.96,176.85,4500000.0,176.986,172.2585,69.61675227182924,0.01428164945944442,BULLISH,RSI_NORMAL,LOW_VOLATILITY
2017-12-28,177.76,177.96,174.31,175.28,8860000.0,176.682,172.253,64.92424242424237,0.014367891385152957,BULLISH,RSI_NORMAL,LOW_VOLATILITY
2017-12-29,174.69,176.35,174.58,175.43,4480000.0,176.85399999999998,172.401,61.35225375626038,0.013818742401337339,BULLISH,RSI_NORMAL,LOW_VOLATILITY
2018-01-01,175.71,175.76,171.81,172.33,5350000.0,175.71999999999997,172.471,53.35849056603772,0.014278012014486379,BEARISH,RSI_NORMAL,LOW_VOLATILITY
2018-01-02,173.73,173.73,170.77,172.23,5760000.0,174.424,172.714,54.9339549339549,0.013375152857456796,BEARISH,RSI_NORMAL,LOW_VOLATILITY
2018-01-03,172.47,173.6,170.87,171.3,4160000.0,173.31400000000002,172.75349999999997,59.089009611366514,0.012815095907391867,BEARISH,RSI_NORMAL,LOW_VOLATILITY
2018-01-04,172.27,175.59,171.17,175.16,7300000.0,173.29000000000002,173.1655,62.88855193328275,0.012696544326523045,BULLISH,RSI_NORMAL,LOW_VOLATILITY
2018-01-05,176.36,181.85,175.67,181.2,9840000.0,174.44400000000002,173.8555,65.11047754811116,0.014575357325672222,BULLISH,RSI_NORMAL,LOW_VOLATILITY
2018-01-08,181.75,184.05,181.75,183.44,8250000.0,176.666,174.528,64.4903881030105,0.014463461248759026,BULLISH,RSI_NORMAL,LOW_VOLATILITY
2018-01-09,184.05,184.05,180.75,181.7,5130000.0,178.56,175.0855,60.54072553045856,0.0147712696922478,BULLISH,RSI_NORMAL,LOW_VOLATILITY
2018-01-10,181.75,181.85,179.16,179.98,4070000.000000001,180.296,175.6,55.35714285714282,0.01493457506861303,BULLISH,RSI_NORMAL,LOW_VOLATILITY
2018-01-11,179.56,179.56,177.06,177.79,8180000.0,180.82199999999997,176.142,55.43184885290148,0.014689832579056717,BULLISH,RSI_NORMAL,LOW_VOLATILITY
2018-01-12,178.06,178.85,174.88,176.77,6060000.0,179.93599999999998,176.5625,47.74146162320971,0.01476804328870106,BULLISH,RSI_NORMAL,LOW_VOLATILITY
2018-01-15,176.86,179.25,173.06,173.58,8470000.0,177.964,176.60549999999998,41.3665432514305,0.01437423977013455,BEARISH,RSI_NORMAL,LOW_VOLATILITY
2018-01-16,174.34,174.34,168.23,168.51,10770000.0,175.32599999999996,176.2585,37.332928311057096,0.015319196206330358,BEARISH,RSI_NORMAL,LOW_VOLATILITY
2018-01-17,169.28,170.75,166.34,169.89,12000000.0,173.308,175.976,41.765963947448796,0.015478305907364497,BEARISH,RSI_NORMAL,LOW_VOLATILITY
2018-01-18,170.97,171.49,165.18,165.84,9620000.0,170.918,175.428,36.909636909636895,0.016102129927270524,BEARISH,RSI_NORMAL,LOW_VOLATILITY
2018-01-19,165.86,170.89,163.04,169.96,9750000.0,169.55599999999998,175.1975,46.85258964143426,0.01708241217531147,BEARISH,RSI_NORMAL,LOW_VOLATILITY
2018-01-22,171.17,172.37,167.57,170.4,9240000.0,168.92000000000002,174.8175,47.591471439852604,0.016398893159991337,BEARISH,RSI_NORMAL,LOW_VOLATILITY
2018-01-23,170.77,171.57,169.01,170.64,12450000.0,169.34599999999998,174.41400000000002,49.11528150134045,0.016358967732016578,BEARISH,RSI_NORMAL,LOW_VOLATILITY
2018-01-24,171.27,174.45,169.47,173.68,14410000.0,170.10399999999998,174.25549999999998,47.97149122807019,0.016822680781081647,BEARISH,RSI_NORMAL,LOW_VOLATILITY
2018-01-25,173.86,173.95,170.11,170.8,8810000.0,171.096,174.0315,34.393757503001225,0.017103977926345517,BEARISH,RSI_NORMAL,LOW_VOLATILITY
2018-01-29,170.87,173.29,170.77,171.3,6430000.0,171.364,173.825,30.778974034198868,0.017123059491551844,BEARISH,RSI_NORMAL,LOW_VOLATILITY
2018-01-30,171.27,171.66,166.87,167.61,6800000.0,170.806,173.589,28.98896510587535,0.01734124534117141,BEARISH,RSI_LOW,LOW_VOLATILITY
2018-01-31,165.52,168.77,164.28,167.56,13320000.0,170.19,173.35549999999998,30.508474576271198,0.01734192892025315,BEARISH,RSI_NORMAL,LOW_VOLATILITY
2018-02-01,167.95,175.76,164.25,172.71,19400000.0,169.996,173.426,42.7053417576106,0.018712908210579075,BEARISH,RSI_NORMAL,HIGH_VOLATILITY
2018-02-02,170.57,171.07,161.8,162.67,16450000.0,168.37,172.80149999999998,33.91879562043793,0.022115013847246248,BEARISH,RSI_NORMAL,HIGH_VOLATILITY
2018-02-05,159.78,162.57,154.44,160.28,14720000.0,166.166,171.7555,34.549256505576196,0.020336958001377612,BEARISH,RSI_NORMAL,HIGH_VOLATILITY
2018-02-06,152.79,168.15,150.91,165.99,21090000.0,165.842,170.88299999999998,47.115384615384635,0.022032013369538514,BEARISH,RSI_NORMAL,HIGH_VOLATILITY
2018-02-07,167.77,168.47,161.84,163.94,14670000.0,165.118,169.995,43.29199549041715,0.022073671425671286,BEARISH,RSI_NORMAL,HIGH_VOLATILITY
2018-02-08,165.18,167.67,163.58,165.99,7510000.0,163.774,169.2955,50.177095631641095,0.02237887628254539,BEARISH,RSI_NORMAL,HIGH_VOLATILITY
2018-02-09,162.68,165.28,161.51,163.72,7040000.0,163.984,168.592,42.2962962962963,0.022411067519897028,BEARISH,RSI_NORMAL,HIGH_VOLATILITY
2018-02-12,164.28,165.37,163.31,164.16,4720000.0,164.76000000000002,167.9615,42.2962962962963,0.022453324385867068,BEARISH,RSI_NORMAL,HIGH_VOLATILITY
2018-02-14,165.18,169.46,164.93,166.77,10660000.0,164.916,167.62099999999998,45.48635409377191,0.022574729793165348,BEARISH,RSI_NORMAL,HIGH_VOLATILITY
2018-02-15,167.65,170.95,159.96,167.48,11770000.0,165.624,167.5695,42.353231376418336,0.021654211449495694,BEARISH,RSI_NORMAL,HIGH_VOLATILITY
2018-02-16,168.77,170.16,166.93,167.3,9480000.0,165.88600000000002,167.44,45.375264270613116,0.0215668855515938,BEARISH,RSI_NORMAL,HIGH_VOLATILITY
2018-02-19,167.27,167.27,162.13,164.05,6950000.0,165.952,167.3505,41.06922887410693,0.021337383275665128,BEARISH,RSI_NORMAL,HIGH_VOLATILITY
2018-02-20,165.26,165.54,162.38,163.65,5840000.0,165.85,167.035,44.691689008042886,0.020499371184451286,BEARISH,RSI_NORMAL,HIGH_VOLATILITY
2018-02-21,165.57,165.57,158.51,159.43,16900000.0,164.382,166.4865,40.19773330118159,0.0211591134023318,BEARISH,RSI_NORMAL,HIGH_VOLATILITY
2018-02-22,158.58,161.53,157.43,159.82,10510000.0,162.85,165.94549999999998,32.443475892127466,0.02117203757224598,BEARISH,RSI_NORMAL,HIGH_VOLATILITY
2018-02-23,160.46,163.58,160.02,163.12,7110000.0,162.014,165.41750000000002,50.750750750750775,0.021327917641031216,BEARISH,RSI_NORMAL,HIGH_VOLATILITY
2018-02-26,163.78,167.75,163.43,167.27,10370000.0,162.658,165.241,61.01481248030256,0.02197076438567156,BULLISH,RSI_NORMAL,HIGH_VOLATILITY
2018-02-27,167.37,167.77,164.88,165.45,6050000.0,163.018,164.9485,49.03017241379307,0.02206382066616977,BULLISH,RSI_NORMAL,HIGH_VOLATILITY
2018-02-28,164.18,165.73,162.68,163.8,17560000.0,163.892,164.758,49.7448979591837,0.02165876501343259,BEARISH,RSI_NORMAL,HIGH_VOLATILITY
2018-03-01,163.28,166.37,162.58,165.71,12380000.0,165.07,164.6655,49.48717948717949,0.021841260403215722,BULLISH,RSI_NORMAL,HIGH_VOLATILITY
2018-03-05,165.77,165.77,161.88,163.47,7440000.0,165.14000000000001,164.20350000000002,49.54162082874954,0.02074285527037234,BEARISH,RSI_NORMAL,HIGH_VOLATILITY
2018-03-06,165.28,166.96,162.54,163.55,9440000.0,164.39600000000002,164.2475,48.866592344853245,0.01609476539898386,BEARISH,RSI_NORMAL,LOW_VOLATILITY
2018-03-07,163.88,164.64,160.38,161.62,6450000.0,163.63000000000002,164.3145,40.18299656881432,0.015964587599830955,BEARISH,RSI_NORMAL,LOW_VOLATILITY
2018-03-08,163.27,163.57,159.2,162.58,6630000.0,163.38600000000002,164.144,40.74773413897286,0.013758123354276085,BEARISH,RSI_NORMAL,LOW_VOLATILITY
2018-03-09,163.28,166.49,161.43,165.2,8400000.0,163.28400000000002,164.20700000000002,46.369294605809095,0.013986893357652297,BULLISH,RSI_NORMAL,LOW_VOLATILITY
2018-03-12,166.07,167.96,165.28,166.3,4860000.0,163.85,164.2225,54.202465446395216,0.013781867212543413,BULLISH,RSI_NORMAL,LOW_VOLATILITY
2018-03-13,166.32,169.65,166.13,167.84,8210000.000000001,164.70800000000003,164.4285,57.506270154066634,0.013519715127037887,BULLISH,RSI_NORMAL,LOW_VOLATILITY
2018-03-14,166.97,171.86,166.6,170.78,8490000.0,166.54000000000002,164.7595,71.31055200901235,0.013996301774400447,BULLISH,RSI_HIGH,LOW_VOLATILITY
2018-03-15,171.28,173.75,171.17,172.39,7390000.0,168.502,165.0405,72.56732495511666,0.013732112107146551,BULLISH,RSI_HIGH,LOW_VOLATILITY
2018-03-16,170.97,172.23,167.88,168.56,10180000.0,169.174,165.0945,59.584214235377026,0.014718121930733317,BULLISH,RSI_NORMAL,LOW_VOLATILITY
2018-03-19,169.66,169.66,162.48,162.96,8490000.0,168.506,164.8775,42.77572913174655,0.01653392204914263,BEARISH,RSI_NORMAL,LOW_VOLATILITY
2018-03-20,162.48,166.08,161.3,165.5,13190000.0,168.038,164.95,50.081833060556484,0.016353253634197273,BULLISH,RSI_NORMAL,LOW_VOLATILITY
2018-03-21,167.22,170.97,166.32,170.22,11310000.0,167.926,165.2785,59.54788816180844,0.017480070214229346,BULLISH,RSI_NORMAL,LOW_VOLATILITY
2018-03-22,170.57,171.77,168.79,169.33,11540000.0,167.31400000000002,165.77349999999998,55.55214723926381,0.01631881043878238,BULLISH,RSI_NORMAL,LOW_VOLATILITY
2018-03-23,165.28,169.27,165.28,168.3,10880000.0,167.262,166.19750000000002,57.6935329722842,0.016448914889227992,BULLISH,RSI_NORMAL,LOW_VOLATILITY
2018-03-26,169.66,174.56,168.37,173.92,12890000.0,169.454,166.7375,64.04007581911725,0.01739951495150896,BULLISH,RSI_NORMAL,LOW_VOLATILITY
2018-03-27,174.76,179.56,174.74,177.0,16700000.0,171.754,167.224,70.19432773109247,0.01696335975066279,BULLISH,RSI_HIGH,LOW_VOLATILITY
2018-03-28,177.46,179.06,175.84,176.51,9870000.0,173.012,167.777,68.51901090135603,0.01670989692634344,BULLISH,RSI_NORMAL,LOW_VOLATILITY
2018-04-02,176.66,182.25,176.66,181.61,6330000.0,175.46800000000002,168.6675,70.46645048640563,0.01732480417834424,BULLISH,RSI_HIGH,LOW_VOLATILITY
2018-04-03,181.75,183.75,179.92,183.18,10490000.0,178.444,169.541,70.80867850098622,0.017279749369114195,BULLISH,RSI_HIGH,LOW_VOLATILITY
2018-04-04,183.75,186.71,183.42,184.77,17930000.0,180.61399999999998,170.606,70.84461955183455,0.0167203746172054,BULLISH,RSI_HIGH,LOW_VOLATILITY
2018-04-05,186.35,191.95,186.35,191.3,13860000.0,183.474,171.99349999999998,73.21266968325796,0.01786269053343829,BULLISH,RSI_HIGH,LOW_VOLATILITY
2018-04-06,191.64,194.09,190.63,193.5,16120000.000000002,186.872,173.5875,73.56552801964727,0.017251429132043264,BULLISH,RSI_HIGH,LOW_VOLATILITY
2018-04-09,194.0,196.51,192.76,194.16,11320000.0,189.382,175.16649999999998,80.75444497837579,0.017285689253356048,BULLISH,RSI_HIGH,LOW_VOLATILITY
2018-04-10,194.73,194.98,191.1,192.34,10140000.0,191.214,176.52349999999998,88.82135306553913,0.017673188613745578,BULLISH,RSI_HIGH,LOW_VOLATILITY
2018-04-11,192.34,195.23,188.88,192.2,11890000.0,192.7,177.8185,87.66930022573362,0.017774797322092417,BULLISH,RSI_HIGH,LOW_VOLATILITY
2018-04-12,192.11,193.95,190.85,192.67,5350000.0,192.974,179.06,85.98909907021479,0.017802822186092762,BULLISH,RSI_HIGH,LOW_VOLATILITY
2018-04-13,192.84,194.62,190.5,191.17,5930000.0,192.50799999999998,180.0795,84.33962264150938,0.01792018494751602,BULLISH,RSI_HIGH,LOW_VOLATILITY
2018-04-16,191.13,194.73,189.5,194.07,7730000.0,192.49,181.1635,88.26848826848823,0.01802692395616963,BULLISH,RSI_HIGH,LOW_VOLATILITY
2018-04-17,195.72,195.72,191.54,193.24,6960000.0,192.67,182.39749999999998,83.44875346260389,0.016958711518333867,BULLISH,RSI_HIGH,LOW_VOLATILITY
2018-04-18,194.34,194.79,191.87,192.42,4630000.0,192.714,183.8705,78.96318557475577,0.01438461544475593,BULLISH,RSI_HIGH,LOW_VOLATILITY
2018-04-19,193.24,193.29,190.56,191.07,6330000.0,192.39399999999998,185.149,76.49199417758368,0.014678500832950012,BULLISH,RSI_HIGH,LOW_VOLATILITY
2018-04-20,190.52,190.52,184.76,187.78,12260000.0,191.71599999999998,186.027,62.01791975068172,0.014762943316109228,BULLISH,RSI_NORMAL,LOW_VOLATILITY
2018-04-23,187.74,191.71,185.83,189.68,7620000.0,190.83800000000002,187.04450000000003,62.50000000000001,0.014599976524971095,BULLISH,RSI_NORMAL,LOW_VOLATILITY
2018-04-24,190.54,193.06,189.6,191.52,7850000.0,190.494,188.2055,62.85714285714286,0.014348811884539913,BULLISH,RSI_NORMAL,LOW_VOLATILITY
2018-04-25,192.33,193.63,188.61,189.73,6780000.0,189.956,188.996,46.350534635053414,0.013288808412874348,BULLISH,RSI_NORMAL,LOW_VOLATILITY
2018-04-26,190.64,191.24,187.4,188.95,10980000.0,189.532,189.5935,38.6759581881533,0.013035623840286822,BEARISH,RSI_NORMAL,LOW_VOLATILITY
2018-04-27,190.94,191.28,188.99,189.86,6420000.0,189.948,190.26100000000002,39.42969518190765,0.012958299662123836,BEARISH,RSI_NORMAL,LOW_VOLATILITY
2018-04-30,192.23,192.23,189.22,190.51,6470000.0,190.11399999999998,190.706,45.22691705790296,0.011527864687162962,BEARISH,RSI_NORMAL,LOW_VOLATILITY
2018-05-02,190.64,193.41,189.74,190.25,6870000.0,189.85999999999999,191.0595,44.945567651633006,0.011462201570792347,BEARISH,RSI_NORMAL,LOW_VOLATILITY
2018-05-03,190.25,190.42,186.01,187.18,4720000.0,189.35,191.18,37.4600274097762,0.012025526807135731,BEARISH,RSI_NORMAL,LOW_VOLATILITY
2018-05-04,187.74,189.07,184.91,185.49,5620000.0,188.658,190.8895,37.137681159420346,0.009018384963299703,BEARISH,RSI_NORMAL,LOW_VOLATILITY
2018-05-07,186.25,189.94,185.35,189.29,4860000.0,188.544,190.679,39.599651871192336,0.0098826977341455,BEARISH,RSI_NORMAL,LOW_VOLATILITY
2018-05-08,189.59,189.59,185.75,186.59,6700000.0,187.76000000000002,190.3005,36.619718309859145,0.010246100836982481,BEARISH,RSI_NORMAL,LOW_VOLATILITY
2018-05-09,187.26,187.26,184.25,184.66,6460000.0,186.642,189.91649999999998,35.053929121725744,0.010285369773317558,BEARISH,RSI_NORMAL,LOW_VOLATILITY
2018-05-10,184.95,185.89,181.55,183.49,5890000.0,185.904,189.48100000000002,35.29868114817688,0.010325655354780397,BEARISH,RSI_NORMAL,LOW_VOLATILITY
2018-05-11,184.25,187.82,182.56,185.9,4830000.0,185.98600000000002,189.1425,46.224899598393584,0.01084583906425581,BEARISH,RSI_NORMAL,LOW_VOLATILITY
2018-05-14,186.06,188.14,184.04,186.2,6430000.0,185.368,188.894,42.53218884120167,0.010773090258754673,BEARISH,RSI_NORMAL,LOW_VOLATILITY
2018-05-15,186.27,193.09,185.2,189.94,15700000.0,186.038,188.6875,46.86507936507934,0.011214758238886438,BULLISH,RSI_NORMAL,LOW_VOLATILITY
2018-05-16,188.99,192.64,187.04,191.73,9530000.0,187.452,188.61200000000002,53.96825396825397,0.011421594012843343,BULLISH,RSI_NORMAL,LOW_VOLATILITY
2018-05-17,192.74,208.5,190.35,206.37,55810000.0,192.028,189.3095,72.29902713773686,0.020544520451245888,BULLISH,RSI_HIGH,HIGH_VOLATILITY
2018-05-18,206.71,216.88,206.28,214.67,83170000.0,197.782,190.4895,76.7061356297094,0.0219170048695287,BULLISH,RSI_HIGH,HIGH_VOLATILITY
2018-05-21,212.21,214.61,207.77,210.26,23770000.0,202.594,191.6135,69.66739693288193,0.022114568617521063,BULLISH,RSI_NORMAL,HIGH_VOLATILITY
2018-05-22,210.81,217.49,210.71,214.64,19630000.0,207.53399999999996,192.86149999999998,72.44616234124794,0.022350725633848992,BULLISH,RSI_HIGH,HIGH_VOLATILITY
2018-05-23,214.51,214.51,206.34,207.56,14440000.0,210.7,193.6635,67.46657524854305,0.02399934085144492,BULLISH,RSI_NORMAL,HIGH_VOLATILITY
2018-05-24,209.27,210.69,206.52,209.19,8410000.0,211.26399999999998,194.63649999999998,70.33287577213454,0.023792002628508075,BULLISH,RSI_HIGH,HIGH_VOLATILITY
2018-05-25,210.41,214.9,210.06,211.31,13420000.0,210.592,195.7545,69.45229681978802,0.023713054118246115,BULLISH,RSI_NORMAL,HIGH_VOLATILITY
2018-05-28,212.21,213.51,208.34,209.21,8060000.000000001,210.38199999999998,196.722,70.1964285714286,0.023975573119733664,BULLISH,RSI_HIGH,HIGH_VOLATILITY
2018-05-29,210.21,210.41,206.22,207.43,7270000.0,208.94,197.568,70.38495971351838,0.024167977464593298,BULLISH,RSI_HIGH,HIGH_VOLATILITY
2018-05-30,206.05,212.71,205.35,211.58,12520000.0,209.744,198.6345,73.87387387387389,0.0243650756202062,BULLISH,RSI_HIGH,HIGH_VOLATILITY
2018-05-31,213.96,214.21,209.81,210.7,13230000.0,210.046,199.8105,71.64048865619546,0.023946203316233372,BULLISH,RSI_HIGH,HIGH_VOLATILITY
2018-06-01,211.71,211.71,206.3,207.46,6050000.0,209.276,200.909,67.64608233731741,0.024199465574665548,BULLISH,RSI_NORMAL,HIGH_VOLATILITY
2018-06-04,208.74,209.59,205.25,206.0,5130000.0,208.63400000000001,201.7445,63.85438233264321,0.024107829127951032,BULLISH,RSI_NORMAL,HIGH_VOLATILITY
2018-06-05,206.22,211.67,205.22,209.77,8170000.0,209.102,202.90349999999998,65.04838171504841,0.02387178133916977,BULLISH,RSI_NORMAL,HIGH_VOLATILITY
2018-06-06,211.91,216.99,210.41,215.77,18030000.0,209.94,204.459,59.16179337231969,0.024044550010377412,BULLISH,RSI_NORMAL,HIGH_VOLATILITY
2018-06-07,216.9,219.42,215.72,216.65,14890000.0,211.13000000000002,206.11700000000002,52.256153144940775,0.023827620767196786,BULLISH,RSI_NORMAL,HIGH_VOLATILITY
2018-06-08,216.2,221.69,214.41,218.39,30400000.0,213.31599999999997,207.7415,59.864110652754185,0.023803874548733606,BULLISH,RSI_NORMAL,HIGH_VOLATILITY
2018-06-11,220.7,225.54,219.32,224.72,20600000.0,217.06,209.66750000000002,61.67747914735868,0.024180083005824565,BULLISH,RSI_NORMAL,HIGH_VOLATILITY
2018-06-12,225.19,227.39,223.3,225.82,16550000.0,220.27000000000004,211.46149999999997,74.55621301775146,0.02407563022854715,BULLISH,RSI_HIGH,HIGH_VOLATILITY
2018-06-13,226.69,226.85,222.27,222.8,10950000.0,221.676,213.01500000000001,67.64324604614988,0.024586687786750907,BULLISH,RSI_NORMAL,HIGH_VOLATILITY
2018-06-14,223.2,224.89,219.4,224.02,13210000.0,223.15,213.89749999999998,66.87018847889568,0.01855620350588885,BULLISH,RSI_NORMAL,LOW_VOLATILITY
2018-06-15,224.69,228.84,222.81,228.05,16379999.999999998,225.08200000000002,214.5665,73.7878787878788,0.016879928937892832,BULLISH,RSI_HIGH,LOW_VOLATILITY
2018-06-18,226.89,229.29,223.12,224.01,11270000.0,224.94,215.254,69.80410893454369,0.016681590610424644,BULLISH,RSI_NORMAL,LOW_VOLATILITY
2018-06-19,223.2,227.79,222.4,226.75,11520000.0,225.12600000000003,215.85949999999997,68.7515451174289,0.0163127948417957,BULLISH,RSI_NORMAL,LOW_VOLATILITY
2018-06-20,227.19,229.9,225.81,226.47,11270000.0,225.85999999999999,216.805,69.78670012547053,0.014023632831052646,BULLISH,RSI_NORMAL,LOW_VOLATILITY
2018-06-21,227.39,228.49,224.7,225.44,7170000.0,226.144,217.61749999999998,73.88416578108394,0.014139485022919267,BULLISH,RSI_HIGH,LOW_VOLATILITY
2018-06-22,226.39,233.88,224.75,233.29,17140000.0,227.192,218.7165,80.99023393141039,0.015708192299675447,BULLISH,RSI_HIGH,LOW_VOLATILITY
2018-06-25,233.88,239.57,233.08,238.74,23940000.0,230.138,220.19300000000004,81.68890833515641,0.0157975271517569,BULLISH,RSI_HIGH,LOW_VOLATILITY
2018-06-26,238.18,241.59,234.14,236.41,23380000.0,232.07000000000002,221.642,74.54804947668885,0.015863444562846295,BULLISH,RSI_HIGH,LOW_VOLATILITY
2018-06-27,237.66,237.66,231.94,233.23,10690000.0,233.42200000000003,222.72449999999998,68.69643662607123,0.0161456081420687,BULLISH,RSI_NORMAL,LOW_VOLATILITY
2018-06-28,233.38,234.48,225.07,227.16,17130000.0,233.766,223.54749999999999,59.00965687281693,0.017483810307876997,BULLISH,RSI_NORMAL,LOW_VOLATILITY
2018-06-29,227.9,231.68,226.75,229.32,13780000.0,232.97199999999998,224.64050000000003,55.16853932584268,0.016915028665991077,BULLISH,RSI_NORMAL,LOW_VOLATILITY
2018-07-02,229.69,231.16,227.8,229.64,8400000.0,231.152,225.8225,54.3687099725526,0.01669878267554417,BULLISH,RSI_NORMAL,LOW_VOLATILITY
2018-07-03,230.19,233.08,228.26,231.79,8109999.999999999,230.22799999999998,226.92349999999996,60.490081680280014,0.016458237942222925,BULLISH,RSI_NORMAL,LOW_VOLATILITY
2018-07-04,232.98,234.18,230.34,232.82,9160000.0,230.14600000000002,227.776,60.31411157993434,0.015503798973966518,BULLISH,RSI_NORMAL,LOW_VOLATILITY
2018-07-05,233.58,234.58,231.92,232.7,6890000.0,231.254,228.5785,55.99999999999996,0.015535380683778303,BULLISH,RSI_NORMAL,LOW_VOLATILITY
2018-07-06,233.56,235.18,232.08,234.25,6910000.0,232.23999999999995,229.37150000000003,64.12024269167125,0.015518254870584317,BULLISH,RSI_NORMAL,LOW_VOLATILITY
2018-07-09,235.58,236.0,233.38,234.49,5520000.0,233.20999999999998,229.85999999999999,61.46327014218009,0.014327151259732749,BULLISH,RSI_NORMAL,LOW_VOLATILITY
2018-07-10,235.68,237.88,234.68,236.31,7840000.0,234.11399999999998,230.38450000000003,63.93767705382435,0.014369518649306143,BULLISH,RSI_NORMAL,LOW_VOLATILITY
2018-07-11,236.27,237.88,234.18,235.24,5950000.0,234.598,231.00650000000002,63.86530843237125,0.013990559585214451,BULLISH,RSI_NORMAL,LOW_VOLATILITY
2018-07-12,237.18,242.57,235.71,241.17,13960000.0,236.292,231.86399999999998,61.789347695990415,0.014857168188773922,BULLISH,RSI_NORMAL,LOW_VOLATILITY
2018-07-13,243.05,247.16,241.89,246.52,13900000.0,238.746,232.78749999999997,61.674669867947166,0.015095678799225605,BULLISH,RSI_NORMAL,LOW_VOLATILITY
2018-07-16,247.16,249.6,245.67,246.89,11730000.0,241.22600000000003,233.9315,66.70918367346937,0.014226696393596867,BULLISH,RSI_NORMAL,LOW_VOLATILITY
2018-07-17,247.16,248.89,243.23,246.58,9450000.0,243.28000000000003,234.923,73.42927342927351,0.014183965397747064,BULLISH,RSI_HIGH,LOW_VOLATILITY
2018-07-18,247.48,251.96,246.8,248.54,14050000.0,245.94,236.0265,93.84741591468426,0.014144096208822204,BULLISH,RSI_HIGH,LOW_VOLATILITY
2018-07-19,250.05,253.36,235.43,251.68,48900000.0,248.042,237.3385,94.08517350157739,0.01407092107388306,BULLISH,RSI_HIGH,LOW_VOLATILITY
2018-07-20,251.76,274.13,248.35,271.77,73610000.0,253.092,239.2625,96.6762685575006,0.020919132704468598,BULLISH,RSI_HIGH,HIGH_VOLATILITY
2018-07-23,271.63,279.32,271.33,275.21,35520000.0,258.756,241.08599999999996,96.76863420939256,0.020636801653958564,BULLISH,RSI_HIGH,HIGH_VOLATILITY
2018-07-24,274.53,275.43,268.36,270.97,27790000.0,263.634,242.814,88.43441466854738,0.020919593801887338,BULLISH,RSI_HIGH,HIGH_VOLATILITY
2018-07-25,272.33,277.45,268.83,270.14,18840000.0,267.954,244.65950000000004,87.18712753277717,0.02050880283297852,BULLISH,RSI_HIGH,HIGH_VOLATILITY
2018-07-26,269.13,272.47,265.12,267.8,21860000.0,271.178,246.6915,82.80852728339535,0.019346533277600657,BULLISH,RSI_HIGH,HIGH_VOLATILITY
2018-07-27,268.14,272.08,266.34,271.0,9590000.0,271.024,248.77550000000002,83.74930671103724,0.019361358398701897,BULLISH,RSI_HIGH,HIGH_VOLATILITY
2018-07-30,271.19,271.89,266.24,267.44,8220000.000000001,269.46999999999997,250.6655,77.879276374709,0.01990916276165493,BULLISH,RSI_HIGH,HIGH_VOLATILITY
2018-07-31,266.84,270.52,266.44,269.42,7110000.0,269.15999999999997,252.54700000000003,80.11984490659154,0.019906042948253853,BULLISH,RSI_HIGH,HIGH_VOLATILITY
2018-08-01,271.13,276.79,269.9,271.91,15850000.0,269.514,254.5015,78.83677298311451,0.01989324117520443,BULLISH,RSI_HIGH,HIGH_VOLATILITY
2018-08-02,271.06,272.25,267.64,268.02,7810000.0,269.558,256.26750000000004,70.73688271604938,0.02043454318780779,BULLISH,RSI_HIGH,HIGH_VOLATILITY
2018-08-03,269.63,270.53,265.66,267.77,7420000.0,268.912,257.9435,70.18561484918794,0.020517071625947216,BULLISH,RSI_HIGH,HIGH_VOLATILITY
2018-08-06,269.02,270.43,266.28,269.26,6230000.0,269.27599999999995,259.682,71.43667296786387,0.020473686878555823,BULLISH,RSI_HIGH,HIGH_VOLATILITY
2018-08-07,270.13,275.08,267.84,274.36,11660000.0,270.264,261.5845,73.03711634546752,0.020643754651512528,BULLISH,RSI_HIGH,HIGH_VOLATILITY
2018-08-08,275.15,281.58,274.83,280.93,21140000.0,272.068,263.869,74.59223137716495,0.020738578826935992,BULLISH,RSI_HIGH,HIGH_VOLATILITY
2018-08-09,282.02,284.22,279.62,282.63,11470000.0,274.99,265.942,63.218111002921134,0.02039557851123646,BULLISH,RSI_NORMAL,HIGH_VOLATILITY
2018-08-10,281.22,283.35,278.75,280.46,8780000.0,277.52799999999996,267.639,56.593820648078356,0.02040750549746363,BULLISH,RSI_NORMAL,HIGH_VOLATILITY
2018-08-13,280.41,280.41,275.05,275.66,8090000.0,278.808,269.0775,55.80876888778795,0.021069053600564228,BULLISH,RSI_NORMAL,HIGH_VOLATILITY
2018-08-14,275.95,283.36,275.95,282.64,10520000.0,280.464,270.88050000000004,63.43508168529665,0.021440090731498423,BULLISH,RSI_NORMAL,HIGH_VOLATILITY
2018-08-16,282.82,290.4,281.82,285.27,22300000.0,281.332,272.717,68.66054261909845,0.021445197392006718,BULLISH,RSI_NORMAL,HIGH_VOLATILITY
2018-08-17,286.21,288.11,283.76,284.73,6880000.0,281.752,274.36949999999996,65.5492638731597,0.02149481721900188,BULLISH,RSI_NORMAL,HIGH_VOLATILITY
2018-08-20,287.4,287.4,283.24,283.59,6650000.0,282.37800000000004,274.9605,69.35058710759643,0.01286465676595213,BULLISH,RSI_NORMAL,LOW_VOLATILITY
2018-08-21,283.7,287.91,282.1,286.79,9520000.0,284.604,275.5395,70.22118742724096,0.012809478319857494,BULLISH,RSI_HIGH,LOW_VOLATILITY
2018-08-23,288.51,290.5,286.74,288.99,16760000.000000002,285.87399999999997,276.44050000000004,70.0187529301453,0.01216905708514301,BULLISH,RSI_HIGH,LOW_VOLATILITY
2018-08-24,288.81,293.94,288.71,291.26,13280000.0,287.072,277.49649999999997,78.31384015594546,0.01211361301789509,BULLISH,RSI_HIGH,LOW_VOLATILITY
2018-08-27,293.54,295.5,292.11,294.67,9760000.0,289.06,278.84,80.4298642533937,0.011860790448747148,BULLISH,RSI_HIGH,LOW_VOLATILITY
2018-08-28,297.79,297.79,292.18,292.86,12340000.0,290.91400000000004,279.933,76.50494159928127,0.011980859726451437,BULLISH,RSI_HIGH,LOW_VOLATILITY
2018-08-29,292.6,298.99,292.6,298.14,14030000.0,293.184,281.46799999999996,76.59955257270694,0.011663526829822338,BULLISH,RSI_HIGH,LOW_VOLATILITY
2018-08-30,298.98,298.98,291.7,292.28,14530000.0,293.842,282.611,62.9006592407365,0.012932924664376408,BULLISH,RSI_NORMAL,LOW_VOLATILITY
2018-08-31,293.1,295.08,283.72,285.27,13570000.0,292.644,283.279,52.677484787018244,0.0143067438143583,BULLISH,RSI_NORMAL,LOW_VOLATILITY
2018-09-03,287.61,287.61,271.16,272.03,25170000.0,288.116,283.4795,43.01805532549278,0.01769222222210188,BEARISH,RSI_NORMAL,LOW_VOLATILITY
2018-09-04,272.03,277.39,267.99,274.26,26070000.0,284.39599999999996,283.804,48.7889273356401,0.017760297777121042,BEARISH,RSI_NORMAL,LOW_VOLATILITY
2018-09-05,273.64,276.1,266.44,271.32,17280000.0,279.032,283.907,39.471726190476204,0.017929362491763568,BEARISH,RSI_NORMAL,LOW_VOLATILITY
2018-09-06,272.53,272.78,266.78,268.05,11480000.0,274.186,283.5915,34.1727941176471,0.017591018457966248,BEARISH,RSI_NORMAL,LOW_VOLATILITY
2018-09-07,269.47,274.77,266.9,274.05,12640000.0,271.942,283.2475,41.07918476445039,0.017477412489598436,BEARISH,RSI_NORMAL,LOW_VOLATILITY
2018-09-10,272.83,273.43,259.25,261.21,15700000.0,269.77799999999996,282.1765,34.36277249860258,0.020139995139559125,BEARISH,RSI_NORMAL,HIGH_VOLATILITY
2018-09-11,261.74,266.52,255.88,259.72,33580000.0,266.87,281.1395,30.62276306370795,0.020124501877268015,BEARISH,RSI_NORMAL,HIGH_VOLATILITY
2018-09-12,261.44,263.34,251.27,259.05,26820000.0,264.41600000000005,280.309,28.0884074941452,0.019873121952198987,BEARISH,RSI_LOW,HIGH_VOLATILITY
2018-09-14,262.69,267.99,262.27,266.86,17950000.0,264.178,279.52000000000004,33.482263742215025,0.020259650190387692,BEARISH,RSI_NORMAL,HIGH_VOLATILITY
2018-09-17,265.64,265.64,258.47,260.11,14550000.0,261.39,278.262,27.61658031088082,0.020656526784836197,BEARISH,RSI_LOW,HIGH_VOLATILITY
2018-09-18,260.65,262.39,255.55,256.69,14490000.0,260.48600000000005,276.86,27.05240451719324,0.020737766905831193,BEARISH,RSI_LOW,HIGH_VOLATILITY
2018-09-19,258.15,259.42,248.31,249.62,18950000.0,258.466,275.16150000000005,19.900744416873465,0.021339667397659166,BEARISH,RSI_LOW,HIGH_VOLATILITY
2018-09-21,252.66,255.35,212.18,237.62,57510000.0,254.18,272.70300000000003,18.492045192529417,0.02286206986986798,BEARISH,RSI_LOW,HIGH_VOLATILITY
2018-09-24,241.89,241.92,216.57,225.77,77980000.0,245.96200000000005,269.542,17.514741209871175,0.02421959178793473,BEARISH,RSI_LOW,HIGH_VOLATILITY
2018-09-25,223.2,232.72,217.76,229.61,55370000.0,239.862,266.45950000000005,24.19080068143103,0.02469604659166222,BEARISH,RSI_LOW,HIGH_VOLATILITY
2018-09-26,232.58,235.08,229.2,231.24,27290000.0,234.77200000000002,263.288,23.633243442020117,0.024488455561205935,BEARISH,RSI_LOW,HIGH_VOLATILITY
2018-09-27,232.02,232.02,218.92,220.12,27960000.0,228.872,259.65099999999995,21.4795008912656,0.02574612017967349,BEARISH,RSI_LOW,HIGH_VOLATILITY
2018-09-28,222.9,224.49,211.41,216.51,38310000.0,224.65,255.5695,21.39844617092119,0.024628793182888516,BEARISH,RSI_LOW,HIGH_VOLATILITY
2018-10-01,216.51,223.03,204.94,220.55,48220000.0,223.606,251.983,19.6505559337418,0.025759088983202748,BEARISH,RSI_LOW,HIGH_VOLATILITY
2018-10-03,219.7,232.68,216.31,222.92,55680000.0,222.26800000000003,248.86550000000003,25.350843311445857,0.026193533820350383,BEARISH,RSI_LOW,HIGH_VOLATILITY
2018-10-04,216.61,220.9,211.57,217.62,40030000.0,219.544,246.14500000000004,24.165439371624927,0.025090735227191605,BEARISH,RSI_LOW,HIGH_VOLATILITY
2018-10-05,215.71,221.16,196.06,202.06,34700000.0,215.93200000000002,242.535,20.431669606724085,0.028068124864669107,BEARISH,RSI_LOW,HIGH_VOLATILITY
2018-10-08,198.93,208.72,190.96,197.22,59670000.0,212.074,238.83,12.719486081370434,0.028123354629098162,BEARISH,RSI_LOW,HIGH_VOLATILITY
2018-10-09,197.23,211.3,194.5,205.8,48590000.0,209.12399999999997,235.71750000000003,21.484826210227865,0.031065426755617385,BEARISH,RSI_LOW,HIGH_VOLATILITY
2018-10-10,209.71,230.26,209.71,226.79,72360000.0,209.898,233.3545,36.74645390070922,0.039693959799982095,BEARISH,RSI_NORMAL,HIGH_VOLATILITY
2018-10-11,209.71,222.7,205.72,215.92,54670000.0,209.558,231.09,35.54888507718695,0.03974916413547484,BEARISH,RSI_NORMAL,HIGH_VOLATILITY
2018-10-12,222.42,231.68,222.42,228.42,36660000.0,214.83,229.525,46.07173356105892,0.042455956774565935,BEARISH,RSI_NORMAL,HIGH_VOLATILITY
2018-10-15,231.66,231.66,225.8,230.31,24350000.0,221.448,228.08800000000002,52.118723165951096,0.04256522403548103,BULLISH,RSI_NORMAL,HIGH_VOLATILITY
2018-10-16,232.18,235.88,228.21,230.57,25280000.0,226.402,226.2735,50.46349942062571,0.04179112794687034,BULLISH,RSI_NORMAL,HIGH_VOLATILITY
2018-10-17,233.68,236.6,213.0,214.76,38120000.0,223.996,224.006,43.00152879225411,0.043885228288913204,BEARISH,RSI_NORMAL,HIGH_VOLATILITY
2018-10-19,214.71,219.5,205.12,213.76,42870000.0,223.564,221.85949999999997,47.04515889239917,0.043880265014573296,BEARISH,RSI_NORMAL,HIGH_VOLATILITY
2018-10-22,218.5,221.59,208.82,211.25,36820000.0,220.12999999999997,219.94099999999997,47.53098009763425,0.04365539386117566,BEARISH,RSI_NORMAL,HIGH_VOLATILITY
2018-10-23,209.22,215.24,199.48,208.05,90650000.0,215.67799999999997,218.4625,44.085919757759264,0.04265062319833853,BEARISH,RSI_NORMAL,HIGH_VOLATILITY
2018-10-24,217.2,233.58,215.71,230.87,103570000.0,215.738,218.71750000000003,53.15151034646794,0.04848957262214568,BULLISH,RSI_NORMAL,HIGH_VOLATILITY
2018-10-25,228.19,234.48,225.37,233.18,52010000.0,219.42200000000003,218.89600000000002,56.31801201884035,0.04840230443442743,BULLISH,RSI_NORMAL,HIGH_VOLATILITY
2018-10-26,232.68,237.36,227.54,233.57,37960000.0,223.38400000000001,219.0125,64.5920163008243,0.048386604830398895,BULLISH,RSI_NORMAL,HIGH_VOLATILITY
2018-10-29,233.57,238.87,231.19,237.72,22010000.0,228.67800000000003,219.8925,68.87583892617451,0.04705032637384345,BULLISH,RSI_NORMAL,HIGH_VOLATILITY
2018-10-30,239.17,242.06,234.72,235.31,22020000.0,234.13000000000002,220.83249999999998,64.59301750568687,0.04692190145099674,BULLISH,RSI_NORMAL,HIGH_VOLATILITY
2018-10-31,236.46,238.87,230.38,237.93,28090000.0,235.542,221.70149999999998,56.73193135122071,0.04683835024693406,BULLISH,RSI_NORMAL,HIGH_VOLATILITY
2018-11-01,238.82,243.17,236.92,241.48,25520000.0,237.202,222.6295,66.94510739856803,0.04687543633844028,BULLISH,RSI_NORMAL,HIGH_VOLATILITY
2018-11-02,243.97,247.15,236.18,238.01,23670000.0,238.09,223.64899999999997,57.222473264045796,0.04661772603103689,BULLISH,RSI_NORMAL,HIGH_VOLATILITY
2018-11-05,238.68,240.57,232.95,235.62,16260000.000000002,237.67,225.327,53.96920316938258,0.043173320738813144,BULLISH,RSI_NORMAL,HIGH_VOLATILITY
2018-11-06,236.68,238.67,232.92,233.66,13690000.0,237.34,227.14900000000003,52.25251494386937,0.042692268031371994,BULLISH,RSI_NORMAL,HIGH_VOLATILITY
2018-11-07,235.68,236.13,234.05,234.52,1710000.0,236.658,228.58499999999998,68.4190902311708,0.041937623589698485,BULLISH,RSI_NORMAL,HIGH_VOLATILITY
2018-11-09,234.65,238.06,233.51,237.21,13280000.0,235.804,229.106,71.19103560455453,0.035591845023562,BULLISH,RSI_HIGH,HIGH_VOLATILITY
2018-11-12,237.21,238.18,226.69,227.45,14800000.0,233.692,229.68249999999998,62.94343240651965,0.035111602782897364,BEARISH,RSI_NORMAL,HIGH_VOLATILITY
2018-11-13,226.69,230.52,223.01,228.19,22980000.0,232.206,229.671,66.74983366600131,0.032671002731899025,BEARISH,RSI_NORMAL,HIGH_VOLATILITY
2018-11-14,229.59,231.19,226.19,229.08,14560000.0,231.29000000000002,229.60950000000003,47.656454569258976,0.03263043773757317,BEARISH,RSI_NORMAL,HIGH_VOLATILITY
2018-11-15,228.39,234.48,228.2,233.81,15770000.0,231.148,229.77149999999997,50.77567101699088,0.03294924865238946,BULLISH,RSI_NORMAL,HIGH_VOLATILITY
2018-11-16,233.88,241.39,233.68,239.88,19190000.0,231.68199999999996,231.0275,56.815726938863676,0.028951769744039308,BULLISH,RSI_NORMAL,HIGH_VOLATILITY
2018-11-19,241.67,241.9,234.71,235.77,13580000.0,233.346,232.12800000000001,47.8918918918919,0.029323865503305544,BULLISH,RSI_NORMAL,HIGH_VOLATILITY
2018-11-20,236.18,238.97,234.26,237.69,12380000.0,235.246,233.45,52.600524475524466,0.02905135820501435,BULLISH,RSI_NORMAL,HIGH_VOLATILITY
2018-11-21,238.58,243.17,235.85,242.72,15150000.0,237.97400000000002,235.1835,54.97197425783682,0.028773872642462034,BULLISH,RSI_NORMAL,HIGH_VOLATILITY
2018-11-22,242.87,245.15,235.68,237.83,16040000.0,238.77800000000002,235.5315,46.31387598464959,0.01681109665983878,BULLISH,RSI_NORMAL,LOW_VOLATILITY
2018-11-26,239.67,240.86,234.38,239.13,13910000.0,238.62800000000001,235.829,51.18293198141107,0.016722348338445,BULLISH,RSI_NORMAL,LOW_VOLATILITY
2018-11-27,239.17,243.66,237.18,243.21,15950000.0,240.11599999999999,236.311,57.740159086273714,0.017085933351751587,BULLISH,RSI_NORMAL,LOW_VOLATILITY
2018-11-28,244.26,244.57,239.3,240.93,13960000.0,240.76399999999998,236.47150000000002,57.36575481256333,0.016857721275582722,BULLISH,RSI_NORMAL,LOW_VOLATILITY
2018-11-29,243.17,251.42,241.36,250.31,28610000.0,242.28199999999998,237.22150000000002,63.6426473129428,0.018655978540121427,BULLISH,RSI_NORMAL,HIGH_VOLATILITY
2018-11-30,253.46,256.09,250.36,253.43,27370000.0,245.402,237.99650000000003,63.91080617495712,0.018687873814996363,BULLISH,RSI_NORMAL,HIGH_VOLATILITY
2018-12-03,254.45,255.21,248.74,250.52,11160000.0,247.68,238.44850000000002,72.41982507288634,0.01875821369758985,BULLISH,RSI_HIGH,HIGH_VOLATILITY
2018-12-04,250.56,254.55,249.16,254.01,13300000.0,249.84,239.2485,73.81918819188195,0.018523814641797823,BULLISH,RSI_HIGH,LOW_VOLATILITY
2018-12-05,253.64,253.64,246.69,249.07,13270000.0,251.468,239.921,67.1587982832618,0.018997011554765745,BULLISH,RSI_NORMAL,HIGH_VOLATILITY
2018-12-06,247.76,249.06,241.47,242.91,13170000.0,249.988,240.3835,57.6239946380697,0.019845097676477005,BULLISH,RSI_NORMAL,HIGH_VOLATILITY
2018-12-07,243.97,249.44,241.14,248.3,14790000.0,248.962,241.0725,57.135593220339004,0.020346406225169075,BULLISH,RSI_NORMAL,HIGH_VOLATILITY
2018-12-10,240.72,244.06,237.91,239.23,14000000.0,246.704,241.17350000000002,52.704815509693546,0.02206030867638384,BEARISH,RSI_NORMAL,HIGH_VOLATILITY
2018-12-11,235.68,244.32,232.89,242.35,21890000.0,244.37199999999999,241.9185,53.57581338244322,0.019875598036592668,BULLISH,RSI_NORMAL,HIGH_VOLATILITY
2018-12-12,244.17,251.15,243.1,249.06,16830000.0,244.36999999999998,242.962,54.74266906044286,0.02060586638746975,BULLISH,RSI_NORMAL,HIGH_VOLATILITY
2018-12-13,250.68,252.55,247.16,248.57,17130000.0,245.502,243.93649999999997,58.600256245996135,0.020657867014328927,BULLISH,RSI_NORMAL,HIGH_VOLATILITY
2018-12-14,248.49,250.86,246.09,248.3,12040000.0,245.502,244.661,57.46621071486729,0.020321202316387562,BULLISH,RSI_NORMAL,HIGH_VOLATILITY
2018-12-17,249.52,250.65,246.29,247.1,10200000.0,247.07599999999996,245.02200000000002,53.32308218007858,0.019662345850782224,BULLISH,RSI_NORMAL,HIGH_VOLATILITY
2018-12-18,246.63,253.48,244.33,252.88,16530000.000000002,249.18200000000002,245.8775,59.63243591810413,0.019710924394109593,BULLISH,RSI_NORMAL,HIGH_VOLATILITY
2018-12-19,254.73,262.55,254.67,259.34,29460000.0,251.238,246.95999999999998,57.63830147183216,0.020293193687986478,BULLISH,RSI_NORMAL,HIGH_VOLATILITY
2018-12-20,255.65,260.64,252.82,258.79,14670000.0,253.282,247.76349999999996,54.74000707463744,0.019955919531517662,BULLISH,RSI_NORMAL,HIGH_VOLATILITY
2018-12-21,261.14,262.03,252.93,258.77,30420000.0,255.37599999999998,248.8105,57.688723205964564,0.019199861123515658,BULLISH,RSI_NORMAL,HIGH_VOLATILITY
2018-12-24,259.05,260.13,254.95,256.14,10500000.0,257.184,249.661,52.01742754309528,0.019470488305745624,BULLISH,RSI_NORMAL,HIGH_VOLATILITY
2018-12-26,255.65,257.94,250.03,256.39,16620000.000000002,257.88599999999997,250.32,57.6091476091476,0.019216658211504742,BULLISH,RSI_NORMAL,HIGH_VOLATILITY
2018-12-27,259.53,262.32,256.65,258.36,16260000.000000002,257.69,251.1915,67.59280346162605,0.019024649084019674,BULLISH,RSI_NORMAL,HIGH_VOLATILITY
2018-12-28,259.95,264.02,258.24,263.12,19020000.0,258.556,251.83200000000002,67.12107208872456,0.017516943098061715,BULLISH,RSI_NORMAL,LOW_VOLATILITY
2018-12-31,265.33,266.27,263.2,264.16,14530000.0,259.634,252.36849999999998,85.3617021276596,0.01736857794102827,BULLISH,RSI_HIGH,LOW_VOLATILITY
2019-01-01,264.14,266.04,260.86,265.32,9180000.0,261.46999999999997,253.1085,84.49984980474618,0.017069620130571155,BULLISH,RSI_HIGH,LOW_VOLATILITY
2019-01-02,263.15,265.84,259.84,261.05,13050000.0,262.40200000000004,253.4605,69.43273905996762,0.017376405630171236,BULLISH,RSI_NORMAL,LOW_VOLATILITY
2019-01-03,260.85,264.44,257.18,258.27,12820000.0,262.384,253.9205,64.63488231744114,0.01692329289924765,BULLISH,RSI_NORMAL,LOW_VOLATILITY
2019-01-04,259.75,260.84,256.02,257.25,10510000.0,261.21000000000004,254.6375,63.204485098849204,0.01579935218699548,BULLISH,RSI_NORMAL,LOW_VOLATILITY
2019-01-07,259.75,260.15,254.19,255.01,10240000.0,259.38,254.973,61.322645290581164,0.01532679489561083,BULLISH,RSI_NORMAL,LOW_VOLATILITY
2019-01-08,255.65,257.85,252.16,253.36,12330000.0,256.988,255.67950000000002,50.779220779220815,0.012646509900087326,BEARISH,RSI_NORMAL,LOW_VOLATILITY
2019-01-09,254.25,255.63,250.66,252.09,10940000.0,255.196,256.1665,35.84537290121051,0.0125319914707337,BEARISH,RSI_NORMAL,LOW_VOLATILITY
2019-01-10,252.26,253.9,250.13,251.12,9110000.0,253.766,256.2695,35.26699961582787,0.011029886526882034,BEARISH,RSI_NORMAL,LOW_VOLATILITY
2019-01-11,251.26,252.66,248.46,251.08,8180000.0,252.532,256.39500000000004,35.23992322456819,0.011016264887523759,BEARISH,RSI_NORMAL,LOW_VOLATILITY
2019-01-14,251.25,254.94,248.08,254.13,10220000.0,252.356,256.6865,46.203248961088036,0.011305834457394434,BEARISH,RSI_NORMAL,LOW_VOLATILITY
2019-01-15,254.75,260.94,254.75,260.07,14660000.0,253.698,257.335,55.72139303482589,0.01223221307818702,BULLISH,RSI_NORMAL,LOW_VOLATILITY
2019-01-16,259.49,260.86,255.93,256.64,9530000.0,254.608,257.52299999999997,47.44199881023196,0.011687451431797205,BEARISH,RSI_NORMAL,LOW_VOLATILITY
2019-01-17,257.05,258.3,252.36,253.25,9940000.0,255.03400000000002,257.21850000000006,34.69767441860462,0.010524041031678744,BEARISH,RSI_NORMAL,LOW_VOLATILITY
2019-01-18,254.15,255.15,252.17,253.94,7540000.0,255.606,256.976,33.98119122257046,0.010555877448022527,BEARISH,RSI_NORMAL,LOW_VOLATILITY
2019-01-21,254.45,260.25,252.32,259.07,13320000.0,256.59399999999994,256.991,41.28798438806801,0.011564125375625166,BULLISH,RSI_NORMAL,LOW_VOLATILITY
2019-01-22,258.15,263.14,257.15,261.83,14750000.0,256.946,257.27549999999997,51.13504074505235,0.011526489612265494,BULLISH,RSI_NORMAL,LOW_VOLATILITY
2019-01-23,261.54,264.94,260.75,263.08,9930000.0,258.23400000000004,257.61,57.32561681388975,0.011554517069470345,BULLISH,RSI_NORMAL,LOW_VOLATILITY
2019-01-24,263.54,264.99,259.96,263.21,7540000.0,260.226,257.85249999999996,59.32999373825922,0.011458602101041828,BULLISH,RSI_NORMAL,LOW_VOLATILITY
2019-01-25,264.54,265.74,258.15,259.6,9170000.0,261.358,257.6765,56.88982287601327,0.01113436508923653,BULLISH,RSI_NORMAL,LOW_VOLATILITY
2019-01-28,260.65,260.65,235.18,245.52,23640000.0,258.64799999999997,256.74449999999996,41.429820725841694,0.01628811275552052,BEARISH,RSI_NORMAL,LOW_VOLATILITY
2019-01-29,246.46,256.66,236.84,251.21,61190000.0,256.524,256.039,49.12280701754386,0.01727990713437073,BEARISH,RSI_NORMAL,LOW_VOLATILITY
2019-01-30,257.65,262.01,254.25,259.2,38800000.0,255.748,255.94650000000001,57.06540748513466,0.0185795970486983,BULLISH,RSI_NORMAL,LOW_VOLATILITY
2019-01-31,260.45,260.45,252.26,257.14,20830000.0,254.53400000000002,255.88999999999996,55.118243243243235,0.018509234345386462,BULLISH,RSI_NORMAL,LOW_VOLATILITY
2019-02-01,257.15,268.42,257.15,262.48,21180000.0,255.11000000000004,256.1515,56.789721906001,0.019052655501891357,BULLISH,RSI_NORMAL,HIGH_VOLATILITY
2019-02-04,260.65,262.0,256.87,259.09,9420000.0,257.824,256.3555,49.16864608076008,0.019190332321311388,BULLISH,RSI_NORMAL,HIGH_VOLATILITY
2019-02-05,259.65,263.85,259.04,260.01,10110000.0,259.584,256.688,52.98600035442141,0.019116505926538702,BULLISH,RSI_NORMAL,HIGH_VOLATILITY
2019-02-06,261.54,271.63,260.86,270.76,17980000.0,261.896,257.6215,63.72472174321993,0.021005911246406883,BULLISH,RSI_NORMAL,HIGH_VOLATILITY
2019-02-07,272.13,272.73,268.05,269.29,17610000.0,264.326,258.53,61.88632491869291,0.021039121598959983,BULLISH,RSI_NORMAL,HIGH_VOLATILITY
2019-02-08,266.64,273.37,266.64,270.35,15110000.0,265.9,259.4935,59.3223140495868,0.02101939534898067,BULLISH,RSI_NORMAL,HIGH_VOLATILITY
2019-02-11,272.1,272.1,263.14,265.36,11950000.0,267.154,260.05499999999995,52.813645783516684,0.02149715873831787,BULLISH,RSI_NORMAL,HIGH_VOLATILITY
2019-02-12,266.44,267.35,261.27,261.82,12000000.0,267.51599999999996,260.1425,49.03106736388804,0.02117569782773459,BULLISH,RSI_NORMAL,HIGH_VOLATILITY
2019-02-13,262.63,264.54,256.86,258.7,12070000.0,265.104,260.2455,46.68431113071608,0.021134128459970883,BEARISH,RSI_NORMAL,HIGH_VOLATILITY
2019-02-14,257.64,261.84,255.34,260.57,12140000.0,263.36,260.6115,50.731854534480135,0.02092367591091366,BEARISH,RSI_NORMAL,HIGH_VOLATILITY
2019-02-15,260.65,260.65,250.26,255.76,16410000.0,260.44199999999995,260.7025,58.98245614035085,0.021396461902417518,BEARISH,RSI_NORMAL,HIGH_VOLATILITY
2019-02-18,254.46,255.75,250.9,254.6,11550000.0,258.29,260.479,53.23041738136076,0.020911734809859868,BEARISH,RSI_NORMAL,HIGH_VOLATILITY
2019-02-19,254.75,260.34,254.15,255.63,11480000.0,257.052,260.169,46.07778510217536,0.020775315046752254,BEARISH,RSI_NORMAL,HIGH_VOLATILITY
2019-02-20,258.15,261.12,256.75,260.26,10380000.0,257.364,260.028,53.244592346089846,0.02118027133453173,BULLISH,RSI_NORMAL,HIGH_VOLATILITY
2019-02-21,260.65,265.64,258.95,265.11,11400000.0,258.27200000000005,260.123,52.763185543181336,0.021601445429472906,BULLISH,RSI_NORMAL,HIGH_VOLATILITY
2019-02-22,264.89,267.04,262.88,263.68,8260000.0,259.856,260.327,55.0295857988166,0.021390674678646655,BULLISH,RSI_NORMAL,HIGH_VOLATILITY
2019-02-25,263.54,267.14,261.02,265.41,10240000.0,262.018,261.3215,55.81395348837212,0.016996585681614173,BULLISH,RSI_NORMAL,LOW_VOLATILITY
2019-02-26,263.37,267.44,259.65,265.41,16190000.000000002,263.97400000000005,262.0315,42.50490333426737,0.016402863650280347,BULLISH,RSI_NORMAL,LOW_VOLATILITY
2019-02-27,266.64,269.3,262.14,263.84,11480000.0,264.69,262.26349999999996,42.386141380273784,0.015011380284176385,BULLISH,RSI_NORMAL,LOW_VOLATILITY
2019-02-28,266.3,266.34,262.64,264.54,11370000.0,264.576,262.6335,41.80073384137741,0.014865507158486519,BULLISH,RSI_NORMAL,LOW_VOLATILITY
2019-03-01,265.97,267.07,263.64,265.71,7070000.0,264.982,262.79499999999996,50.553622271433035,0.014185657825428417,BULLISH,RSI_NORMAL,LOW_VOLATILITY
2019-03-05,265.14,270.47,264.1,269.15,8470000.0,265.73,263.29799999999994,61.631228181529615,0.0140567568960281,BULLISH,RSI_NORMAL,LOW_VOLATILITY
2019-03-06,271.13,277.04,269.63,276.29,15430000.0,267.906,264.112,74.75372924289327,0.015091128273864858,BULLISH,RSI_HIGH,LOW_VOLATILITY
2019-03-07,277.12,277.85,272.13,273.11,8600000.0,269.76,264.22950000000003,67.01954397394132,0.012446348304704672,BULLISH,RSI_NORMAL,LOW_VOLATILITY
2019-03-08,272.12,277.52,271.29,276.45,11780000.0,272.142,264.5875,79.24795024031656,0.012628202949450927,BULLISH,RSI_HIGH,LOW_VOLATILITY
2019-03-11,276.52,280.41,276.52,278.73,11690000.0,274.746,265.0065,83.06385311044112,0.012710507678201872,BULLISH,RSI_HIGH,LOW_VOLATILITY
2019-03-12,280.5,281.28,274.18,274.93,13850000.0,275.902,265.485,74.57972491085064,0.01235042550600666,BULLISH,RSI_HIGH,LOW_VOLATILITY
2019-03-13,275.62,283.41,274.51,282.43,15490000.0,277.13,266.51550000000003,76.31141704248746,0.01304230654727036,BULLISH,RSI_HIGH,LOW_VOLATILITY
2019-03-14,282.82,283.11,278.33,280.43,8960000.0,278.594,267.602,69.50101832993882,0.01277625437183261,BULLISH,RSI_NORMAL,LOW_VOLATILITY
2019-03-15,281.5,289.51,281.12,285.69,20920000.0,280.442,268.858,75.52771978659236,0.013177727906442475,BULLISH,RSI_HIGH,LOW_VOLATILITY
2019-03-18,286.81,293.71,284.11,292.56,18200000.0,283.20799999999997,270.698,78.13471502590664,0.012664649282337405,BULLISH,RSI_HIGH,LOW_VOLATILITY
2019-03-19,292.6,295.89,290.61,291.69,14810000.0,286.56,272.5525,76.75081433224747,0.012595576337814118,BULLISH,RSI_HIGH,LOW_VOLATILITY
2019-03-20,292.08,293.06,285.39,286.47,14070000.0,287.368,274.09450000000004,71.44210725791173,0.013758895933177287,BULLISH,RSI_HIGH,LOW_VOLATILITY
2019-03-22,286.41,289.16,281.22,283.28,12510000.0,287.938,275.2455,66.95620702135355,0.013934692154877065,BULLISH,RSI_NORMAL,LOW_VOLATILITY
2019-03-25,280.02,285.81,279.72,284.59,10670000.0,287.71799999999996,276.21950000000004,67.03971119133571,0.013524258170937933,BULLISH,RSI_NORMAL,LOW_VOLATILITY
2019-03-26,285.61,293.8,285.51,293.04,15710000.0,287.814,277.6875,69.77321635490813,0.01452926104810928,BULLISH,RSI_NORMAL,LOW_VOLATILITY
2019-03-27,294.6,301.01,292.85,294.12,24200000.0,288.3,279.123,66.40294388224467,0.014531313313202922,BULLISH,RSI_NORMAL,LOW_VOLATILITY
2019-03-28,293.61,299.59,293.61,299.18,13670000.0,290.842,280.8115,73.18157567134978,0.014712349229961645,BULLISH,RSI_HIGH,LOW_VOLATILITY
2019-03-29,300.59,303.08,296.16,302.09,17350000.0,294.604,282.72400000000005,72.9749103942652,0.014452994270487681,BULLISH,RSI_HIGH,LOW_VOLATILITY
2019-04-01,302.61,304.23,298.69,299.74,11090000.0,297.634,284.48400000000004,68.80257741184892,0.014798109832390525,BULLISH,RSI_NORMAL,LOW_VOLATILITY
2019-04-02,302.07,307.28,299.43,305.1,11360000.0,300.046,286.45349999999996,76.26675953334495,0.015009475013341635,BULLISH,RSI_HIGH,LOW_VOLATILITY
2019-04-03,306.88,308.48,303.4,304.19,10530000.0,302.06,288.20550000000003,71.4004720692368,0.015102017563567988,BULLISH,RSI_HIGH,LOW_VOLATILITY
2019-04-04,305.58,306.08,301.33,303.53,7730000.0,302.92999999999995,289.5675,73.33333333333327,0.01442149803074468,BULLISH,RSI_HIGH,LOW_VOLATILITY
2019-04-05,304.39,312.08,304.2,311.0,12440000.0,304.712,291.462,74.47302262618445,0.01453137121399145,BULLISH,RSI_HIGH,LOW_VOLATILITY
2019-04-08,311.88,312.57,301.39,302.0,16420000.000000002,305.164,292.7395,58.766716196136684,0.016479669606683147,BULLISH,RSI_NORMAL,LOW_VOLATILITY
2019-04-09,301.25,304.5,297.54,300.46,17330000.0,304.236,293.82599999999996,58.044395523757075,0.01659226823161853,BULLISH,RSI_NORMAL,LOW_VOLATILITY
2019-04-10,300.7,303.29,298.19,299.43,9950000.0,303.284,295.05100000000004,62.87758346581871,0.01617669972580333,BULLISH,RSI_NORMAL,LOW_VOLATILITY
2019-04-11,300.39,305.08,298.79,304.37,10170000.0,303.452,296.148,70.25158440560784,0.015541325411578565,BULLISH,RSI_HIGH,LOW_VOLATILITY
2019-04-12,304.79,305.78,299.72,300.47,10480000.0,301.346,297.15,64.52616172703992,0.01580438174024946,BULLISH,RSI_NORMAL,LOW_VOLATILITY
2019-04-15,302.45,302.89,299.79,301.81,6520000.0,301.308,297.956,59.221871713985266,0.015399723280440331,BULLISH,RSI_NORMAL,LOW_VOLATILITY
2019-04-16,301.39,305.31,301.39,302.84,10210000.0,301.784,298.46999999999997,59.17894736842103,0.014574728693782851,BULLISH,RSI_NORMAL,LOW_VOLATILITY
2019-04-18,303.46,304.19,299.09,301.04,6590000.0,302.106,298.9375,52.10216998191684,0.014641216641913599,BULLISH,RSI_NORMAL,LOW_VOLATILITY
2019-04-22,300.59,300.59,297.1,298.72,6620000.0,300.976,299.55,46.139747995418155,0.014091130559159169,BEARISH,RSI_NORMAL,LOW_VOLATILITY
2019-04-23,298.79,305.43,298.3,303.09,9920000.0,301.5,300.5405,53.66761550251803,0.013986109215988146,BULLISH,RSI_NORMAL,LOW_VOLATILITY
2019-04-24,303.09,309.48,302.79,308.88,9910000.0,302.91400000000004,301.755,54.09978308026029,0.014416660065627711,BULLISH,RSI_NORMAL,LOW_VOLATILITY
2019-04-25,309.56,311.02,306.85,307.68,12410000.0,303.88199999999995,302.48699999999997,53.76158654882519,0.013195423407971824,BULLISH,RSI_NORMAL,LOW_VOLATILITY
2019-04-26,308.48,310.08,304.09,309.26,6140000.0,305.526,303.244,56.05580215599243,0.013206121395885019,BULLISH,RSI_NORMAL,LOW_VOLATILITY
2019-04-30,308.78,311.58,303.59,309.17,9010000.0,307.616,303.7435,47.70848985725019,0.0127594408166677,BULLISH,RSI_NORMAL,LOW_VOLATILITY
2019-05-02,309.08,314.47,305.58,312.75,8960000.0,309.548,304.2765,65.57519559547967,0.012827171286126437,BULLISH,RSI_NORMAL,LOW_VOLATILITY
2019-05-03,312.58,316.07,309.81,310.76,7310000.0,309.924,304.8275,64.73112128146465,0.012775231938675653,BULLISH,RSI_NORMAL,LOW_VOLATILITY
2019-05-06,306.18,308.98,302.19,303.02,9660000.0,308.992,304.7235,54.307655387568985,0.01351649387607744,BEARISH,RSI_NORMAL,LOW_VOLATILITY
2019-05-07,304.88,306.56,300.35,301.29,9700000.0,307.39799999999997,304.57849999999996,45.99583983359334,0.013559135671209215,BEARISH,RSI_NORMAL,LOW_VOLATILITY
2019-05-08,300.79,301.29,289.61,291.73,11550000.0,303.91,303.98850000000004,40.09519492293739,0.015266794364738821,BEARISH,RSI_NORMAL,LOW_VOLATILITY
2019-05-09,289.61,298.77,288.11,296.73,17450000.0,300.706,303.275,44.683968187526155,0.014664275271227038,BEARISH,RSI_NORMAL,LOW_VOLATILITY
2019-05-10,296.61,299.19,289.61,291.89,16300000.0,296.932,302.7695,39.387478193448324,0.013694109865192703,BEARISH,RSI_NORMAL,LOW_VOLATILITY
2019-05-13,292.59,295.39,290.21,292.79,13560000.0,294.886,302.386,41.862300256460834,0.013706651692548179,BEARISH,RSI_NORMAL,LOW_VOLATILITY
2019-05-14,292.4,293.8,284.42,287.79,18620000.0,292.186,301.804,39.76016488664041,0.014155733126980832,BEARISH,RSI_NORMAL,LOW_VOLATILITY
2019-05-15,291.7,301.91,286.69,299.87,24540000.0,293.81399999999996,301.579,47.36411263916178,0.01679695838168391,BEARISH,RSI_NORMAL,LOW_VOLATILITY
2019-05-16,300.99,312.47,300.62,310.58,36450000.0,296.584,302.0845,51.28787878787878,0.01837272273524311,BULLISH,RSI_NORMAL,LOW_VOLATILITY
2019-05-17,313.27,331.15,311.78,329.66,58490000.0,304.13800000000003,303.477,63.102050548402495,0.02270937244414829,BULLISH,RSI_NORMAL,HIGH_VOLATILITY
2019-05-20,338.54,343.99,333.85,340.29,27250000.0,313.63800000000003,305.3495,66.69536210050578,0.023526231692490542,BULLISH,RSI_NORMAL,HIGH_VOLATILITY
2019-05-21,341.34,348.33,337.04,342.86,28850000.0,324.65200000000004,307.44050000000004,67.65538203542604,0.023355359188648485,BULLISH,RSI_NORMAL,HIGH_VOLATILITY
2019-05-22,343.73,345.48,339.34,344.42,15670000.0,333.562,309.7255,66.95577684976979,0.023114781416633486,BULLISH,RSI_NORMAL,HIGH_VOLATILITY
2019-05-23,349.03,351.32,335.11,337.32,24060000.0,338.91,311.437,63.482233502538065,0.023865349760777893,BULLISH,RSI_NORMAL,HIGH_VOLATILITY
2019-05-24,339.54,347.03,338.67,346.32,15690000.0,342.242,313.30899999999997,71.70208500400962,0.024148952341337106,BULLISH,RSI_HIGH,HIGH_VOLATILITY
2019-05-27,347.53,348.02,343.53,344.43,9320000.0,343.07000000000005,315.1465,71.58726981585266,0.02418539413372845,BULLISH,RSI_HIGH,HIGH_VOLATILITY
2019-05-28,346.33,346.34,338.21,340.52,16280000.000000002,342.602,316.70950000000005,75.87779781478727,0.024492994436857138,BULLISH,RSI_HIGH,HIGH_VOLATILITY
2019-05-29,339.84,342.83,337.99,340.46,9210000.0,341.81000000000006,318.274,74.47665957684984,0.02449167601925523,BULLISH,RSI_HIGH,HIGH_VOLATILITY
2019-05-30,340.43,348.5,339.54,347.69,11750000.0,343.88399999999996,320.021,80.4186655037069,0.024719987705568623,BULLISH,RSI_HIGH,HIGH_VOLATILITY
2019-05-31,349.27,352.62,344.4,346.24,21730000.0,343.868,321.79499999999996,78.96391026335752,0.02466897236087007,BULLISH,RSI_HIGH,HIGH_VOLATILITY
2019-06-03,345.53,352.51,345.53,350.63,12410000.0,345.108,324.1755,84.27885664411954,0.023623706098653614,BULLISH,RSI_HIGH,HIGH_VOLATILITY
2019-06-04,350.97,354.52,350.48,352.64,10510000.0,347.532,326.74300000000005,82.33852187768106,0.023422514774473387,BULLISH,RSI_HIGH,HIGH_VOLATILITY
2019-06-06,352.82,352.82,344.08,344.83,13150000.0,348.40599999999995,329.398,71.76261278434362,0.022648852289052362,BULLISH,RSI_HIGH,HIGH_VOLATILITY
2019-06-07,344.85,351.42,341.53,350.47,12850000.0,348.962,332.08500000000004,65.94636015325669,0.022634047573744685,BULLISH,RSI_NORMAL,HIGH_VOLATILITY
2019-06-10,354.21,355.29,350.12,351.48,9830000.0,350.01000000000005,335.0645,60.05752291928814,0.02191796229899565,BULLISH,RSI_NORMAL,HIGH_VOLATILITY
2019-06-11,353.22,355.92,350.65,354.7,9030000.0,350.82399999999996,338.15999999999997,60.518834399431384,0.02186556296208706,BULLISH,RSI_NORMAL,HIGH_VOLATILITY
2019-06-12,353.51,353.51,347.73,350.11,12140000.0,350.31800000000004,341.276,54.796830214129145,0.02161548354401416,BULLISH,RSI_NORMAL,HIGH_VOLATILITY
2019-06-13,350.02,354.62,349.52,353.97,8800000.0,352.1460000000001,343.981,64.8475120385233,0.020277360615349786,BULLISH,RSI_NORMAL,HIGH_VOLATILITY
2019-06-14,354.91,356.49,349.62,351.36,8650000.0,352.324,346.02000000000004,55.07246376811596,0.0195103125133893,BULLISH,RSI_NORMAL,HIGH_VOLATILITY
2019-06-17,352.42,352.5,345.13,346.18,9530000.0,351.264,346.846,51.65187842174816,0.015140170460132118,BEARISH,RSI_NORMAL,LOW_VOLATILITY
2019-06-18,346.93,352.52,346.43,350.45,10840000.0,350.41400000000004,347.35400000000004,59.309956872304525,0.013668297325871536,BULLISH,RSI_NORMAL,LOW_VOLATILITY
2019-06-19,353.42,354.32,349.53,352.07,8740000.0,350.806,347.8145,60.575696848241954,0.013616304087049075,BULLISH,RSI_NORMAL,LOW_VOLATILITY
2019-06-20,351.42,358.41,350.26,357.77,11070000.0,351.566,348.48199999999997,59.445277361319334,0.014000723730445263,BULLISH,RSI_NORMAL,LOW_VOLATILITY
2019-06-21,359.22,359.41,354.52,356.1,10580000.0,352.514,349.421,59.2011944755506,0.013068321259976682,BULLISH,RSI_NORMAL,LOW_VOLATILITY
2019-06-24,355.72,357.5,352.82,354.05,5440000.0,354.088,349.8075,53.33723653395787,0.011909164135974828,BULLISH,RSI_NORMAL,LOW_VOLATILITY
2019-06-25,354.05,358.11,352.56,357.5,8279999.999999999,355.498,350.461,54.61275626423692,0.011948853239551726,BULLISH,RSI_NORMAL,LOW_VOLATILITY
2019-06-26,356.5,363.01,355.82,362.3,9790000.0,357.544,351.55,67.58606804912426,0.011782448408079158,BULLISH,RSI_NORMAL,LOW_VOLATILITY
2019-06-27,363.01,365.4,361.52,363.73,11350000.0,358.736,352.7135,64.58424989001321,0.011756848611951708,BULLISH,RSI_NORMAL,LOW_VOLATILITY
2019-06-28,364.75,368.82,362.48,367.61,12000000.0,361.038,353.70950000000005,66.68735774881029,0.011132843744437263,BULLISH,RSI_NORMAL,LOW_VOLATILITY
2019-07-01,368.37,371.09,368.0,369.4,9140000.0,364.108,354.8675,65.67164179104479,0.011015773010869612,BULLISH,RSI_NORMAL,LOW_VOLATILITY
2019-07-02,369.4,371.49,366.51,370.61,7060000.0,366.73,355.8665,73.55238970588236,0.010792830454505464,BULLISH,RSI_HIGH,LOW_VOLATILITY
2019-07-03,370.9,372.52,369.0,371.04,6050000.0,368.478,356.7865,71.28959840359192,0.010776531744833234,BULLISH,RSI_HIGH,LOW_VOLATILITY
2019-07-04,372.49,374.48,370.01,372.74,7440000.0,370.28000000000003,358.182,77.28432873915266,0.009067671176795073,BULLISH,RSI_HIGH,LOW_VOLATILITY
2019-07-05,372.89,375.69,370.14,371.41,7760000.0,371.03999999999996,359.229,85.70619869799047,0.008719382211993613,BULLISH,RSI_HIGH,LOW_VOLATILITY
2019-07-08,371.99,371.99,337.04,340.87,38570000.0,365.334,358.6985,42.224025974025984,0.0209461932453438,BEARISH,RSI_NORMAL,HIGH_VOLATILITY
2019-07-09,340.54,362.01,333.19,359.82,51960000.0,363.176,358.9545,54.909413404282276,0.02444861474310863,BULLISH,RSI_NORMAL,HIGH_VOLATILITY
2019-07-10,359.51,359.51,340.74,342.44,29100000.0,357.456,358.571,41.54066880035317,0.0266866313691359,BEARISH,RSI_NORMAL,HIGH_VOLATILITY
2019-07-11,345.53,352.09,336.2,344.64,27120000.0,351.83599999999996,358.10450000000003,43.712969058591156,0.026599385665246937,BEARISH,RSI_NORMAL,HIGH_VOLATILITY
2019-07-12,346.53,346.53,336.14,337.29,26970000.0,345.01200000000006,357.40099999999995,41.310659477395276,0.026956212992533795,BEARISH,RSI_NORMAL,HIGH_VOLATILITY
2019-07-15,339.39,343.53,334.9,340.75,16180000.0,344.988,357.1295,41.31674442716433,0.02689857324285157,BEARISH,RSI_NORMAL,HIGH_VOLATILITY
2019-07-16,342.87,346.02,340.14,344.4,16860000.0,341.904,356.827,40.60860440713534,0.02686043469970768,BEARISH,RSI_NORMAL,HIGH_VOLATILITY
2019-07-17,343.53,347.7,343.53,345.86,9160000.0,342.588,356.5165,40.62729466065247,0.0268567090007239,BEARISH,RSI_NORMAL,HIGH_VOLATILITY
2019-07-18,345.53,351.52,343.93,346.29,13200000.0,342.918,355.9425,38.39791031780583,0.02657318781719566,BEARISH,RSI_NORMAL,HIGH_VOLATILITY
2019-07-19,347.13,349.65,325.87,331.86,30340000.0,341.832,354.7305,32.041714504401085,0.028067208754575218,BEARISH,RSI_NORMAL,HIGH_VOLATILITY
2019-07-22,331.15,331.15,316.03,324.22,36920000.0,338.526,353.239,29.094186570527256,0.028415419955411633,BEARISH,RSI_LOW,HIGH_VOLATILITY
2019-07-23,325.26,329.29,320.38,327.24,22240000.0,335.09400000000005,351.726,30.711643473665646,0.028404641681799056,BEARISH,RSI_NORMAL,HIGH_VOLATILITY
2019-07-24,326.97,328.95,313.07,316.92,27680000.0,329.306,349.457,27.152914210870975,0.028728606394909945,BEARISH,RSI_LOW,HIGH_VOLATILITY
2019-07-25,319.46,323.9,299.21,304.24,102910000.0,320.896,346.4825,24.844580930267384,0.02957494113646323,BEARISH,RSI_LOW,HIGH_VOLATILITY
2019-07-26,304.24,327.35,298.99,326.02,69450000.0,319.72799999999995,344.403,44.04809619238476,0.03439393868959188,BEARISH,RSI_NORMAL,HIGH_VOLATILITY
2019-07-29,326.83,329.55,317.57,324.82,34780000.0,319.84800000000007,342.174,33.644859813084096,0.034312354102198385,BEARISH,RSI_NORMAL,HIGH_VOLATILITY
2019-07-30,325.56,329.45,322.69,324.55,22850000.0,319.31,339.871,40.048948715096216,0.03426714177631428,BEARISH,RSI_NORMAL,HIGH_VOLATILITY
2019-07-31,322.87,326.32,315.58,324.76,24380000.0,320.87800000000004,337.557,38.69169510807735,0.034261647772323496,BEARISH,RSI_NORMAL,HIGH_VOLATILITY
2019-08-01,322.66,325.66,316.97,321.77,18930000.0,324.384,335.0085,40.71103662915965,0.034174463814069196,BEARISH,RSI_NORMAL,HIGH_VOLATILITY
2019-08-02,318.47,328.31,311.58,323.35,33560000.0,323.85,332.6055,39.346069066862604,0.034268703846361735,BEARISH,RSI_NORMAL,HIGH_VOLATILITY
2019-08-05,319.55,319.55,313.87,315.58,20130000.0,322.00199999999995,331.341,33.201212403823746,0.02964503322791124,BEARISH,RSI_NORMAL,HIGH_VOLATILITY
2019-08-06,315.58,328.25,314.89,326.78,20050000.0,322.448,329.689,40.01256281407033,0.027823141898377136,BEARISH,RSI_NORMAL,HIGH_VOLATILITY
2019-08-07,327.05,332.05,324.79,326.14,23990000.0,322.724,328.87399999999997,39.475608482189465,0.025836801652812432,BEARISH,RSI_NORMAL,HIGH_VOLATILITY
2019-08-08,328.55,335.54,325.66,333.02,15880000.0,324.974,328.293,50.657745520526184,0.02629639679043227,BULLISH,RSI_NORMAL,HIGH_VOLATILITY
2019-08-09,335.54,344.49,333.55,341.51,21020000.0,328.606,328.504,59.71021004155901,0.026511227870698505,BULLISH,RSI_NORMAL,HIGH_VOLATILITY
2019-08-13,341.51,341.93,320.37,321.75,19010000.0,329.84,327.554,47.40474614730074,0.02946400034004682,BEARISH,RSI_NORMAL,HIGH_VOLATILITY
2019-08-14,326.55,332.54,324.06,328.55,27700000.0,330.194,326.76149999999996,55.68704156479217,0.0297993802905479,BULLISH,RSI_NORMAL,HIGH_VOLATILITY
2019-08-16,327.61,335.43,324.89,333.27,17580000.0,331.62,326.132,65.39399724254957,0.029995162530313667,BULLISH,RSI_NORMAL,HIGH_VOLATILITY
2019-08-19,336.03,337.44,330.65,332.35,14330000.0,331.486,325.435,54.31022742748199,0.029989769328967398,BULLISH,RSI_NORMAL,HIGH_VOLATILITY
2019-08-20,332.25,332.99,323.09,328.96,16890000.0,328.976,325.29,52.737371065855584,0.028570146299493573,BULLISH,RSI_NORMAL,HIGH_VOLATILITY
2019-08-21,328.54,331.74,324.18,325.7,15530000.0,329.76599999999996,325.364,50.73145910189542,0.02816287995816514,BULLISH,RSI_NORMAL,HIGH_VOLATILITY
2019-08-22,325.46,325.46,309.42,310.99,25060000.0,326.254,324.5515,42.60552035227151,0.029859437975102657,BEARISH,RSI_NORMAL,HIGH_VOLATILITY
2019-08-23,311.38,319.57,299.39,317.0,31440000.0,323.0,324.55550000000005,47.51898470820765,0.02938445935424608,BEARISH,RSI_NORMAL,HIGH_VOLATILITY
2019-08-26,326.96,333.43,317.87,331.97,29500000.0,322.924,325.94199999999995,53.93535427319211,0.02954094249526852,BULLISH,RSI_NORMAL,HIGH_VOLATILITY
2019-08-27,334.74,339.34,333.56,335.32,22260000.0,324.196,326.40700000000004,59.39105613701238,0.02508606372437211,BULLISH,RSI_NORMAL,HIGH_VOLATILITY
2019-08-28,334.42,335.81,329.23,332.18,12510000.0,325.492,326.775,52.782357790601836,0.02518233473406058,BULLISH,RSI_NORMAL,HIGH_VOLATILITY
2019-08-29,331.92,332.55,327.15,329.48,15300000.0,329.19,327.0215,51.6851664984864,0.025269446086712402,BULLISH,RSI_NORMAL,HIGH_VOLATILITY
2019-08-30,330.57,334.25,325.56,332.8,21190000.0,332.35,327.4235,49.88486497801969,0.025349180980179017,BULLISH,RSI_NORMAL,HIGH_VOLATILITY
2019-09-03,329.85,331.05,322.98,325.41,12000000.0,331.038,327.6055,41.47606946209233,0.02580158971323433,BEARISH,RSI_NORMAL,HIGH_VOLATILITY
2019-09-04,326.26,326.99,320.36,324.58,18790000.0,328.89,327.66700000000003,51.87392398357833,0.02579420594236546,BEARISH,RSI_NORMAL,HIGH_VOLATILITY
2019-09-05,328.15,330.05,323.84,328.82,15010000.0,328.218,328.329,50.18505825908155,0.025265119840049546,BULLISH,RSI_NORMAL,HIGH_VOLATILITY
2019-09-06,332.55,338.34,329.35,336.84,17010000.0,329.69,328.832,52.34098360655737,0.02461260237511632,BULLISH,RSI_NORMAL,HIGH_VOLATILITY
2019-09-09,336.94,344.53,334.76,343.27,18030000.0,331.784,329.68850000000003,56.678082191780796,0.024891481491273494,BULLISH,RSI_NORMAL,HIGH_VOLATILITY
2019-09-11,344.07,345.13,338.07,341.18,13010000.0,334.938,330.0965,57.59383544618446,0.024583637788078757,BULLISH,RSI_NORMAL,HIGH_VOLATILITY
2019-09-12,339.79,342.43,336.6,337.78,11640000.0,337.57800000000003,329.91,57.49379652605459,0.024034737132508168,BULLISH,RSI_NORMAL,HIGH_VOLATILITY
2019-09-13,338.44,343.13,336.79,342.27,13280000.0,340.268,330.93600000000004,72.2222222222222,0.019986959260712443,BULLISH,RSI_HIGH,HIGH_VOLATILITY
2019-09-16,339.04,344.53,337.77,341.42,11800000.0,341.184,331.5795,68.72125114995403,0.01957026703867949,BULLISH,RSI_NORMAL,HIGH_VOLATILITY
2019-09-17,342.03,342.93,334.94,336.38,13620000.0,339.806,331.735,53.98806294085727,0.01969322420810572,BULLISH,RSI_NORMAL,HIGH_VOLATILITY
2019-09-18,340.24,345.98,338.39,340.92,18540000.0,339.754,332.1635,54.95750708215299,0.019879740480365206,BULLISH,RSI_NORMAL,HIGH_VOLATILITY
2019-09-19,342.13,342.17,333.58,335.75,12380000.0,339.348,332.50300000000004,53.05076055375149,0.020063171681179506,BULLISH,RSI_NORMAL,HIGH_VOLATILITY
2019-09-20,338.07,374.49,327.82,369.72,56480000.0,344.838,334.70400000000006,72.41033637781241,0.02982406895186989,BULLISH,RSI_HIGH,HIGH_VOLATILITY
2019-09-23,381.48,406.45,375.88,401.83,40110000.0,356.91999999999996,339.246,79.10938686008262,0.032236693641876195,BULLISH,RSI_HIGH,HIGH_VOLATILITY
2019-09-24,401.95,401.95,392.17,395.64,21900000.0,368.77200000000005,343.178,79.91820737837605,0.0328288636668139,BULLISH,RSI_HIGH,HIGH_VOLATILITY
2019-09-25,395.46,399.35,388.47,392.56,24150000.0,379.1,346.20750000000004,78.41498077244609,0.03198341420510564,BULLISH,RSI_HIGH,HIGH_VOLATILITY
2019-09-26,394.96,400.95,393.97,399.54,23880000.0,391.858,349.4185,78.89833278849298,0.032044884663091175,BULLISH,RSI_HIGH,HIGH_VOLATILITY
2019-09-27,400.06,407.94,398.46,405.19,20240000.0,398.952,353.069,78.48154012834404,0.03175539181148131,BULLISH,RSI_HIGH,HIGH_VOLATILITY
2019-09-30,406.04,410.62,402.55,404.06,22560000.0,399.398,356.798,76.50187461853693,0.03161319205741607,BULLISH,RSI_HIGH,HIGH_VOLATILITY
2019-10-01,407.45,408.35,394.09,398.7,16160000.0,400.01,360.09299999999996,74.38114615123769,0.032065361012787036,BULLISH,RSI_HIGH,HIGH_VOLATILITY
2019-10-03,397.96,399.95,392.65,395.44,12460000.0,400.58599999999996,363.5945,74.46952979120694,0.03148248933846246,BULLISH,RSI_HIGH,HIGH_VOLATILITY
2019-10-04,397.36,399.86,388.7,389.86,14780000.0,398.65,366.8585,70.0109326381297,0.03183388623334856,BULLISH,RSI_HIGH,HIGH_VOLATILITY
2019-10-07,387.47,395.29,381.43,389.56,14060000.0,395.524,369.89549999999997,70.33626225076038,0.03190633833739595,BULLISH,RSI_HIGH,HIGH_VOLATILITY
2019-10-09,390.97,402.95,387.48,401.84,13570000.0,395.08000000000004,373.14549999999997,76.05891719745223,0.03212683383731847,BULLISH,RSI_HIGH,HIGH_VOLATILITY
2019-10-10,400.82,400.95,392.57,394.35,11030000.0,394.21,375.6995,70.78179696616104,0.03262735674357004,BULLISH,RSI_HIGH,HIGH_VOLATILITY
2019-10-11,397.36,400.95,391.97,396.78,16239999.999999998,394.478,378.47950000000003,74.25482870995948,0.03247459244487523,BULLISH,RSI_HIGH,HIGH_VOLATILITY
2019-10-14,398.26,400.09,384.78,387.8,17680000.0,394.066,380.9805,58.96647490577268,0.03296436542699457,BULLISH,RSI_NORMAL,HIGH_VOLATILITY
2019-10-15,388.97,391.07,383.78,387.42,13950000.0,393.63800000000003,383.238,39.571573310175125,0.03298506830859825,BULLISH,RSI_NORMAL,HIGH_VOLATILITY
2019-10-16,390.47,402.65,389.47,401.09,23820000.0,393.48799999999994,386.2215,53.558835052892775,0.033508110696292066,BULLISH,RSI_NORMAL,HIGH_VOLATILITY
2019-10-17,401.46,411.16,399.56,410.12,21040000.0,396.642,389.9085,60.63984488608825,0.03317549475776093,BULLISH,RSI_NORMAL,HIGH_VOLATILITY
2019-10-18,409.44,419.33,407.45,413.2,18360000.0,399.92600000000004,393.5225,58.687356906639536,0.03317366707201082,BULLISH,RSI_NORMAL,HIGH_VOLATILITY
2019-10-22,415.93,421.41,399.47,402.87,50350000.0,402.94,396.8785,48.60744297719088,0.03363849355771779,BULLISH,RSI_NORMAL,HIGH_VOLATILITY
2019-10-23,408.44,410.44,396.26,403.29,24420000.0,406.114,398.55699999999996,49.53384186947574,0.025852789816680283,BULLISH,RSI_NORMAL,HIGH_VOLATILITY
2019-10-24,405.65,407.45,400.71,402.07,12680000.0,406.31000000000006,398.56899999999996,52.147864882090516,0.01716719433223,BULLISH,RSI_NORMAL,LOW_VOLATILITY
2019-10-25,403.23,405.83,389.47,398.18,17580000.0,403.92199999999997,398.696,51.732422862923634,0.01693993289057383,BEARISH,RSI_NORMAL,LOW_VOLATILITY
2019-10-27,400.95,400.95,394.96,397.35,2150000.0,400.752,398.9355,55.03834252657071,0.016841659502147346,BEARISH,RSI_NORMAL,LOW_VOLATILITY
2019-10-29,398.46,405.45,395.71,404.17,13360000.0,401.012,399.16700000000003,59.03525046382192,0.016809336491977755,BULLISH,RSI_NORMAL,LOW_VOLATILITY
2019-10-30,406.94,406.94,397.96,398.66,13390000.0,400.086,398.8405,47.853671706263526,0.016788551206933268,BEARISH,RSI_NORMAL,LOW_VOLATILITY
2019-10-31,399.88,404.45,398.96,402.21,12510000.0,400.11400000000003,398.748,55.60307955517535,0.016914359515288784,BULLISH,RSI_NORMAL,LOW_VOLATILITY
2019-11-01,402.35,410.44,401.55,406.43,18760000.0,401.764,399.1345,56.707910468511095,0.016774339167850424,BULLISH,RSI_NORMAL,LOW_VOLATILITY
2019-11-04,408.14,417.18,407.06,410.74,18630000.0,404.442,399.8995,67.05322628605413,0.016753756215222747,BULLISH,RSI_NORMAL,LOW_VOLATILITY
2019-11-05,416.63,424.92,412.94,422.21,29350000.0,408.05,401.517,72.20165922144224,0.01725130701041085,BULLISH,RSI_HIGH,LOW_VOLATILITY
2019-11-06,425.42,427.42,417.1,418.25,20770000.0,411.968,402.9515,62.50000000000003,0.01748594512883586,BULLISH,RSI_NORMAL,LOW_VOLATILITY
2019-11-07,419.9,423.34,418.25,422.01,11420000.0,415.928,403.96000000000004,59.38141076219031,0.01628378877562579,BULLISH,RSI_NORMAL,LOW_VOLATILITY
2019-11-08,421.43,423.42,414.24,415.38,15100000.0,417.718,405.01149999999996,51.62881052002391,0.016095026069425117,BULLISH,RSI_NORMAL,LOW_VOLATILITY
2019-11-11,415.43,418.23,413.73,416.34,7690000.0,418.838,405.9895,61.7028670721112,0.016074749592576182,BULLISH,RSI_NORMAL,LOW_VOLATILITY
2019-11-13,416.12,416.93,412.64,413.89,8990000.0,417.174,407.294,58.89560255119167,0.01510169285986561,BULLISH,RSI_NORMAL,LOW_VOLATILITY
2019-11-14,415.23,421.53,411.48,420.48,13840000.0,417.62,408.947,64.17244033872214,0.01531693462115178,BULLISH,RSI_NORMAL,LOW_VOLATILITY
2019-11-15,421.45,424.15,416.99,418.19,11930000.0,416.85600000000005,409.80199999999996,65.79321231254934,0.013577284607095298,BULLISH,RSI_NORMAL,LOW_VOLATILITY
2019-11-18,419.33,420.38,413.95,414.93,9270000.0,416.76599999999996,410.0425,63.36272423228945,0.012860495623629464,BULLISH,RSI_NORMAL,LOW_VOLATILITY
2019-11-19,415.93,417.65,412.06,413.01,8300000.000000001,416.1,410.033,57.26018396846254,0.012806579897827795,BULLISH,RSI_NORMAL,LOW_VOLATILITY
2019-11-20,413.44,417.63,412.18,413.29,8140000.000000001,415.98,410.554,63.144654088050316,0.011369027186947354,BULLISH,RSI_NORMAL,LOW_VOLATILITY
2019-11-21,413.44,415.43,410.64,411.8,7030000.0,414.24399999999997,410.97950000000003,58.947564844187376,0.011422772555996373,BULLISH,RSI_NORMAL,LOW_VOLATILITY
2019-11-22,412.44,413.82,403.55,407.28,12230000.0,412.062,411.24000000000007,50.78864353312301,0.011708907329996937,BEARISH,RSI_NORMAL,LOW_VOLATILITY
2019-11-25,409.44,414.35,405.68,413.61,13890000.0,411.79800000000006,412.01149999999996,52.56662493292792,0.011888266629054027,BULLISH,RSI_NORMAL,LOW_VOLATILITY
2019-11-26,413.94,416.83,408.14,409.28,15030000.0,411.052,412.608,36.743899938486805,0.012182925089393903,BEARISH,RSI_NORMAL,LOW_VOLATILITY
2019-11-27,411.54,411.93,408.94,411.28,4850000.0,410.65,412.9635,42.55500961333048,0.011652574009531843,BEARISH,RSI_NORMAL,LOW_VOLATILITY
2019-11-28,411.44,413.34,405.95,409.65,9700000.0,410.21999999999997,413.51300000000003,36.16830796777086,0.011208391384358708,BEARISH,RSI_NORMAL,LOW_VOLATILITY
2019-11-29,408.94,412.94,405.68,406.87,8320000.0,410.13800000000003,413.746,39.57874112172427,0.011206064953185354,BEARISH,RSI_NORMAL,LOW_VOLATILITY
2019-12-02,406.95,407.18,391.48,394.51,20650000.0,406.318,413.15,29.10204863105504,0.012910865683917087,BEARISH,RSI_LOW,LOW_VOLATILITY
2019-12-03,393.46,398.96,388.12,395.92,19840000.0,403.646,412.409,32.4477436999415,0.012659853487215234,BEARISH,RSI_NORMAL,LOW_VOLATILITY
2019-12-04,395.26,399.87,392.97,398.54,14310000.0,401.098,411.2255,26.768318509106408,0.010788523213845741,BEARISH,RSI_LOW,LOW_VOLATILITY
2019-12-05,398.54,402.85,396.26,398.54,12550000.0,398.87600000000003,410.23999999999995,28.132650790118078,0.010692045081236879,BEARISH,RSI_LOW,LOW_VOLATILITY
2019-12-06,400.46,402.23,392.21,394.63,11710000.0,396.428,408.871,27.73146116717868,0.010466106387835582,BEARISH,RSI_LOW,LOW_VOLATILITY
2019-12-09,396.42,396.61,387.5,393.95,12690000.0,396.31600000000003,407.7995,28.506991429860264,0.010052025822063581,BEARISH,RSI_LOW,LOW_VOLATILITY
2019-12-10,394.46,398.96,394.01,398.14,11590000.0,396.76,406.8895,34.300518134715034,0.010431153105350513,BEARISH,RSI_NORMAL,LOW_VOLATILITY
2019-12-11,399.61,404.95,397.86,403.13,13660000.0,397.678,406.3515,41.62318840579711,0.010889837570395747,BEARISH,RSI_NORMAL,LOW_VOLATILITY
2019-12-12,404.45,405.95,400.46,405.16,10870000.0,399.00199999999995,405.5855,47.84815265935856,0.010238410895372984,BEARISH,RSI_NORMAL,LOW_VOLATILITY
2019-12-13,406.45,408.37,403.56,406.64,8620000.0,401.404,405.008,42.15266831794639,0.01027015794961165,BULLISH,RSI_NORMAL,LOW_VOLATILITY
2019-12-16,408.24,408.24,402.61,403.4,8260000.0,403.294,404.4315,43.213296398891984,0.01027591865988831,BEARISH,RSI_NORMAL,LOW_VOLATILITY
2019-12-17,405.14,414.94,404.15,413.01,13790000.0,406.26800000000003,404.4315,51.69840958177893,0.011673565294521314,BULLISH,RSI_NORMAL,LOW_VOLATILITY
2019-12-18,413.48,415.32,409.55,411.38,11100000.0,407.918,404.336,51.69840958177893,0.011706538867817225,BULLISH,RSI_NORMAL,LOW_VOLATILITY
2019-12-19,410.75,413.94,407.97,408.63,7360000.0,408.61199999999997,404.1775,51.72888015717091,0.011774210791820115,BULLISH,RSI_NORMAL,LOW_VOLATILITY
2019-12-20,410.14,413.94,407.55,413.0,10540000.0,409.884,404.4635,71.54509438359354,0.011739047834333528,BULLISH,RSI_HIGH,LOW_VOLATILITY
2019-12-23,413.3,417.83,412.44,415.43,11380000.0,412.28999999999996,404.55449999999996,72.20578192579099,0.011289118822274461,BULLISH,RSI_HIGH,LOW_VOLATILITY
2019-12-24,415.23,417.5,412.0,413.39,7520000.0,412.366,404.76,67.12802768166083,0.01107699574335012,BULLISH,RSI_NORMAL,LOW_VOLATILITY
2019-12-26,414.43,419.07,412.76,418.14,12650000.0,413.718,405.103,70.3742203742203,0.011308805677612443,BULLISH,RSI_HIGH,LOW_VOLATILITY
2019-12-27,419.23,425.42,418.63,424.69,11270000.0,416.92999999999995,405.85499999999996,79.62160031533304,0.011710154855001147,BULLISH,RSI_HIGH,LOW_VOLATILITY
2019-12-30,426.9,427.57,422.43,423.75,8320000.0,419.0799999999999,406.69899999999996,79.21568627450978,0.011576122520743741,BULLISH,RSI_HIGH,LOW_VOLATILITY
2019-12-31,424.12,426.06,421.29,422.9,7800000.0,420.57399999999996,408.11850000000004,75.97566093159877,0.008789900014372555,BULLISH,RSI_HIGH,LOW_VOLATILITY
2020-01-01,423.2,424.62,421.53,422.55,4070000.000000001,422.40599999999995,409.45,72.57089725708973,0.008843341176597411,BULLISH,RSI_HIGH,LOW_VOLATILITY
2020-01-02,423.42,428.99,422.92,424.03,8640000.0,423.584,410.7245,72.21568165764064,0.008809147115202157,BULLISH,RSI_HIGH,LOW_VOLATILITY
2020-01-03,421.43,422.9,416.73,418.78,11770000.0,422.40199999999993,411.7365,63.12716262975777,0.009453027296758464,BULLISH,RSI_NORMAL,LOW_VOLATILITY
2020-01-06,415.83,419.83,397.84,399.13,28670000.0,417.47799999999995,411.9615,46.59217877094974,0.014366626600504096,BEARISH,RSI_NORMAL,LOW_VOLATILITY
2020-01-07,404.95,408.64,399.08,400.22,21490000.0,412.942,412.275,38.18584888232037,0.014362153605500723,BEARISH,RSI_NORMAL,LOW_VOLATILITY
2020-01-08,394.46,405.48,394.46,404.44,16309999.999999998,409.32,412.59,43.882228490832155,0.014358893784878967,BEARISH,RSI_NORMAL,LOW_VOLATILITY
2020-01-09,410.03,414.24,407.45,411.86,14190000.0,406.88599999999997,413.02650000000006,52.630721615898366,0.014662714181514306,BEARISH,RSI_NORMAL,LOW_VOLATILITY
2020-01-10,412.45,418.02,411.24,413.92,11070000.0,405.914,413.46450000000004,50.77860528097496,0.014662246455511426,BULLISH,RSI_NORMAL,LOW_VOLATILITY
2020-01-13,416.23,417.66,414.04,415.88,6450000.0,409.264,413.92650000000003,50.38389353352669,0.0146738711786152,BULLISH,RSI_NORMAL,LOW_VOLATILITY
2020-01-14,416.43,419.67,414.48,418.73,7030000.0,412.966,414.69300000000004,54.49343655334907,0.014558824771940168,BULLISH,RSI_NORMAL,LOW_VOLATILITY
2020-01-15,418.43,421.43,416.44,420.15,6170000.0,416.108,415.05,51.79176323765376,0.01363200099612624,BULLISH,RSI_NORMAL,LOW_VOLATILITY
2020-01-16,418.43,422.42,418.23,421.45,5790000.0,418.026,415.5535,46.81353265145553,0.01358981284359956,BULLISH,RSI_NORMAL,LOW_VOLATILITY
2020-01-17,421.13,423.62,419.63,422.6,6710000.0,419.762,416.25199999999995,48.873653281096985,0.013461138686972143,BULLISH,RSI_NORMAL,LOW_VOLATILITY
2020-01-20,422.33,424.72,411.95,414.7,8490000.0,419.526,416.337,42.94320137693632,0.014027764053935703,BEARISH,RSI_NORMAL,LOW_VOLATILITY
2020-01-21,414.43,418.04,411.15,413.3,8980000.0,418.43999999999994,416.2305,42.18089602704987,0.013986540908567874,BEARISH,RSI_NORMAL,LOW_VOLATILITY
2020-01-22,418.03,418.08,411.77,413.66,7980000.0,417.142,416.24399999999997,41.06496639669141,0.0139429182545514,BEARISH,RSI_NORMAL,LOW_VOLATILITY
2020-01-23,411.74,415.82,407.94,412.02,11550000.0,415.25600000000003,415.938,43.7890481440647,0.013706237075840257,BEARISH,RSI_NORMAL,LOW_VOLATILITY
2020-01-24,411.44,419.99,410.54,418.88,8650000.0,414.512,415.64750000000004,73.72087436944506,0.013769557926831348,BULLISH,RSI_HIGH,LOW_VOLATILITY
2020-01-27,416.83,420.23,414.84,415.87,7820000.0,414.746,415.2535,67.96785304247986,0.013844967886344354,BULLISH,RSI_NORMAL,LOW_VOLATILITY
2020-01-28,414.45,424.32,414.45,420.73,10530000.0,416.23199999999997,415.145,68.43177189409366,0.014120354737608113,BULLISH,RSI_NORMAL,LOW_VOLATILITY
2020-01-29,423.91,443.8,420.94,441.3,45810000.0,421.76000000000005,416.0825,75.67143355423784,0.017874358768882756,BULLISH,RSI_HIGH,LOW_VOLATILITY
2020-01-30,445.79,447.89,433.89,435.84,35780000.0,426.524,416.67299999999994,68.04412248929857,0.01816937244105324,BULLISH,RSI_NORMAL,LOW_VOLATILITY
2020-01-31,436.41,441.41,432.79,436.0,17370000.0,429.948,417.534,67.06820495419066,0.01787686737080174,BULLISH,RSI_NORMAL,LOW_VOLATILITY
2020-02-01,434.41,444.15,419.76,427.02,21530000.0,432.178,418.9285,56.37006300906711,0.014771517034008808,BULLISH,RSI_NORMAL,LOW_VOLATILITY
2020-02-03,424.44,437.1,424.44,435.34,10940000.0,435.1,420.6845,60.55300819786019,0.015195421377307769,BULLISH,RSI_NORMAL,LOW_VOLATILITY
2020-02-04,438.2,454.38,437.12,451.31,19580000.0,437.102,423.02799999999996,67.2322253000923,0.016798330994345967,BULLISH,RSI_NORMAL,LOW_VOLATILITY
2020-02-05,450.89,453.38,447.16,452.2,12860000.0,440.37399999999997,425.04499999999996,67.13359573975453,0.01654301326909604,BULLISH,RSI_NORMAL,LOW_VOLATILITY
2020-02-06,452.2,467.15,451.89,466.0,18460000.0,446.37399999999997,427.649,77.79583875162545,0.017513885886515142,BULLISH,RSI_HIGH,LOW_VOLATILITY
2020-02-07,465.76,468.05,461.98,464.8,9500000.0,453.93,430.09499999999997,77.96481320590786,0.017619542804881247,BULLISH,RSI_HIGH,LOW_VOLATILITY
2020-02-10,465.37,472.76,463.37,471.53,11610000.0,461.168,432.73499999999996,79.39055358049765,0.017727517268530887,BULLISH,RSI_HIGH,LOW_VOLATILITY
2020-02-11,473.06,477.85,472.96,474.29,11670000.0,465.764,435.442,81.26945867229084,0.01771624281363669,BULLISH,RSI_HIGH,LOW_VOLATILITY
2020-02-12,476.35,477.57,471.56,476.22,8830000.0,470.56800000000004,438.18049999999994,80.29374471682164,0.01770851117476484,BULLISH,RSI_HIGH,LOW_VOLATILITY
2020-02-13,475.95,479.41,472.86,478.88,6810000.0,473.14400000000006,440.9945000000001,83.41287517234062,0.017689916484290812,BULLISH,RSI_HIGH,LOW_VOLATILITY
2020-02-14,479.35,480.85,476.15,477.53,7310000.0,475.68999999999994,444.13599999999997,81.28442388191226,0.016839603340655377,BULLISH,RSI_HIGH,LOW_VOLATILITY
2020-02-17,477.53,479.15,474.36,477.02,7160000.0,476.788,447.322,75.25452488687777,0.016771003552737036,BULLISH,RSI_HIGH,LOW_VOLATILITY
2020-02-18,476.29,476.55,469.52,475.15,7290000.0,476.96000000000004,450.3965,79.27901087442274,0.01690177643601729,BULLISH,RSI_HIGH,LOW_VOLATILITY
2020-02-19,477.85,488.04,477.36,487.14,11720000.0,479.14399999999995,454.15250000000003,82.3834853090172,0.017156079484382768,BULLISH,RSI_HIGH,LOW_VOLATILITY
2020-02-20,486.13,491.67,484.72,487.38,16350000.000000002,480.84399999999994,457.5775,92.97920820279123,0.017134837724639924,BULLISH,RSI_HIGH,LOW_VOLATILITY
2020-02-24,483.34,486.94,474.47,479.74,12630000.0,481.28599999999994,460.771,81.92407247627267,0.017622267074019277,BULLISH,RSI_HIGH,LOW_VOLATILITY
2020-02-25,484.33,484.33,477.75,481.94,9590000.0,482.27,463.83150000000006,77.46100053792362,0.01760106617012251,BULLISH,RSI_HIGH,LOW_VOLATILITY
2020-02-26,480.85,483.12,476.08,480.35,8510000.0,483.30999999999995,465.784,74.92473879936253,0.014684269168581421,BULLISH,RSI_HIGH,LOW_VOLATILITY
2020-02-27,480.85,480.85,470.57,475.33,11750000.0,480.948,467.7585,59.78192493185153,0.01457496225701827,BULLISH,RSI_NORMAL,LOW_VOLATILITY
2020-02-28,463.37,463.37,430.59,445.98,49410000.0,472.668,468.2575,37.59229957805906,0.020784708009303376,BEARISH,RSI_NORMAL,HIGH_VOLATILITY
2020-03-02,459.37,461.17,429.98,435.48,22380000.0,463.816,468.68049999999994,27.358372063811117,0.020958152635543424,BEARISH,RSI_LOW,HIGH_VOLATILITY
2020-03-03,439.4,446.89,431.42,444.8,20240000.0,456.38800000000003,469.15350000000007,32.88847626784262,0.021050428135612694,BEARISH,RSI_NORMAL,HIGH_VOLATILITY
2020-03-04,445.99,449.07,421.93,428.06,24730000.0,445.93,467.991,26.153693800752606,0.021033018860164072,BEARISH,RSI_LOW,HIGH_VOLATILITY
2020-03-05,430.41,436.16,426.73,432.48,18330000.0,437.36,467.005,27.41872688339498,0.021207199263078888,BEARISH,RSI_LOW,HIGH_VOLATILITY
2020-03-06,411.94,423.22,403.1,422.01,33120000.0,432.566,464.80550000000005,25.18326479527984,0.02030069257828434,BEARISH,RSI_LOW,HIGH_VOLATILITY
2020-03-09,406.45,412.19,393.98,402.13,35460000.0,425.896,461.6719999999999,21.46612817191192,0.02238529364955278,BEARISH,RSI_LOW,HIGH_VOLATILITY
2020-03-11,400.85,411.33,397.96,402.52,27940000.0,417.43999999999994,458.2215,22.011560693641627,0.021902538985088836,BEARISH,RSI_LOW,HIGH_VOLATILITY
2020-03-12,385.48,386.47,362.32,372.93,52730000.0,406.41400000000004,453.1535,11.245334238208343,0.026112661267977483,BEARISH,RSI_LOW,HIGH_VOLATILITY
2020-03-13,343.53,403.8,327.66,394.72,48500000.0,398.862,449.07849999999996,22.56956779159266,0.030321188424091972,BEARISH,RSI_LOW,HIGH_VOLATILITY
2020-03-16,382.82,382.82,359.51,366.73,31410000.0,387.80600000000004,443.471,20.14266842800528,0.03309583354484717,BEARISH,RSI_LOW,HIGH_VOLATILITY
2020-03-17,369.71,372.96,339.74,344.02,25590000.0,376.184,436.7955,17.12433257055683,0.03476196614019537,BEARISH,RSI_LOW,HIGH_VOLATILITY
2020-03-18,348.53,352.52,301.48,305.72,54440000.0,356.824,428.2305,14.573781799001907,0.040579701277134735,BEARISH,RSI_LOW,HIGH_VOLATILITY
2020-03-19,279.62,304.89,248.13,274.24,83250000.0,337.086,418.18500000000006,13.160883743084312,0.044240036021227884,BEARISH,RSI_LOW,HIGH_VOLATILITY
2020-03-20,279.6,303.99,261.81,294.79,61100000.0,317.1,408.5675,21.37962367016243,0.048471392933741836,BEARISH,RSI_LOW,HIGH_VOLATILITY
2020-03-23,265.31,269.63,222.2,226.31,48440000.0,289.01599999999996,395.514,17.53127813479867,0.0668378290163486,BEARISH,RSI_LOW,HIGH_VOLATILITY
2020-03-24,246.86,256.52,210.18,247.08,62570000.0,269.62800000000004,383.88100000000003,20.3621537354599,0.07257097969956144,BEARISH,RSI_LOW,HIGH_VOLATILITY
2020-03-25,244.67,269.63,239.67,258.21,62260000.0,260.12600000000003,372.69449999999995,24.104284189663062,0.07413085704321203,BEARISH,RSI_LOW,HIGH_VOLATILITY
2020-03-26,263.37,293.25,256.16,278.99,50960000.0,261.076,362.6265,27.71049345066946,0.07786704791653225,BEARISH,RSI_LOW,HIGH_VOLATILITY
2020-03-27,295.1,303.59,249.66,253.88,71710000.0,252.894,351.55400000000003,26.58030366346287,0.07917474434648138,BEARISH,RSI_LOW,HIGH_VOLATILITY
2020-03-30,238.68,241.11,222.3,223.91,76980000.0,252.41400000000004,340.45050000000003,25.85356600910471,0.08141840373091955,BEARISH,RSI_LOW,HIGH_VOLATILITY
2020-03-31,230.2,233.68,209.71,221.28,110430000.0,247.254,329.7405,25.592544710191774,0.0815141911603921,BEARISH,RSI_LOW,HIGH_VOLATILITY
2020-04-01,217.7,228.38,212.98,221.63,64080000.0,239.93800000000002,318.582,27.88270377733599,0.08097615887340094,BEARISH,RSI_LOW,HIGH_VOLATILITY
2020-04-03,226.57,234.05,218.01,220.45,61730000.0,228.23000000000002,308.2015,22.891453815760812,0.08115699662530541,BEARISH,RSI_LOW,HIGH_VOLATILITY
2020-04-07,224.19,228.29,207.87,225.03,111640000.0,222.45999999999998,297.829,26.226427756526405,0.08145856757828733,BEARISH,RSI_LOW,HIGH_VOLATILITY
2020-04-08,218.1,237.08,214.12,232.97,91090000.0,224.27200000000002,288.377,30.397175639894087,0.0827105342817414,BEARISH,RSI_NORMAL,HIGH_VOLATILITY
2020-04-09,238.78,256.27,236.39,254.84,71940000.0,230.984,281.0125,40.4654823476501,0.08670958233094622,BEARISH,RSI_NORMAL,HIGH_VOLATILITY
2020-04-13,251.66,251.66,226.29,228.42,81830000.0,232.342,272.3075,41.24770782396088,0.08859393538643133,BEARISH,RSI_NORMAL,HIGH_VOLATILITY
2020-04-15,234.18,236.48,216.55,217.95,93340000.0,231.842,264.5585,34.734583598219956,0.08799363996453631,BEARISH,RSI_NORMAL,HIGH_VOLATILITY
2020-04-16,214.21,224.69,211.91,221.7,72470000.0,231.17600000000002,255.90749999999997,48.767050013372554,0.08646538432466175,BEARISH,RSI_NORMAL,HIGH_VOLATILITY
2020-04-17,235.18,237.27,223.22,230.5,101920000.0,230.68199999999996,249.096,45.26231569322208,0.08688726670379536,BEARISH,RSI_NORMAL,HIGH_VOLATILITY
2020-04-20,232.18,234.23,226.19,230.51,54030000.0,225.81599999999997,243.4205,41.54766263883804,0.08638412312349013,BEARISH,RSI_NORMAL,HIGH_VOLATILITY
2020-04-21,220.7,220.7,208.22,209.69,73840000.0,222.07,238.61899999999997,28.859060402684563,0.08528494386801425,BEARISH,RSI_LOW,HIGH_VOLATILITY
2020-04-22,205.72,216.71,201.96,214.53,90630000.0,221.38599999999997,235.6335,36.301608299101865,0.08306877982423559,BEARISH,RSI_NORMAL,HIGH_VOLATILITY
2020-04-23,215.71,221.61,210.91,216.95,71450000.0,220.436,231.7415,47.00206753962784,0.08088759734280859,BEARISH,RSI_NORMAL,HIGH_VOLATILITY
2020-04-24,211.06,211.06,196.74,197.36,104950000.0,213.808,230.294,41.01022248947685,0.0652373164698025,BEARISH,RSI_NORMAL,HIGH_VOLATILITY
2020-04-27,199.73,208.22,191.3,204.13,144950000.0,208.532,228.14649999999997,43.72579951240499,0.06194396670273743,BEARISH,RSI_NORMAL,HIGH_VOLATILITY
2020-04-28,207.82,224.11,203.22,222.51,147560000.0,211.096,226.36149999999998,50.6574747861611,0.06471297471419418,BEARISH,RSI_NORMAL,HIGH_VOLATILITY
2020-04-29,219.71,237.18,219.71,229.33,150610000.0,214.05599999999998,223.87849999999997,51.3530522341095,0.06214167777668326,BULLISH,RSI_NORMAL,HIGH_VOLATILITY
2020-04-30,236.18,241.57,228.8,231.49,88840000.0,216.96400000000003,222.75899999999996,49.51671891327064,0.0591293481263163,BULLISH,RSI_NORMAL,HIGH_VOLATILITY
2020-05-04,219.7,219.92,202.58,207.68,73130000.0,219.02800000000002,221.9475,34.7929833612795,0.05765133037715985,BEARISH,RSI_NORMAL,HIGH_VOLATILITY
2020-05-05,212.71,213.21,199.43,199.96,115210000.0,218.19400000000002,220.88150000000002,39.564388383690236,0.05815246497215448,BEARISH,RSI_NORMAL,HIGH_VOLATILITY
2020-05-06,200.73,212.9,194.97,210.34,131500000.0,215.76000000000005,220.317,47.20774932120056,0.05945431232192009,BEARISH,RSI_NORMAL,HIGH_VOLATILITY
2020-05-07,209.61,216.69,204.56,205.77,77700000.0,211.048,219.583,44.18994820920563,0.059631478249077184,BEARISH,RSI_NORMAL,HIGH_VOLATILITY
2020-05-08,212.71,212.71,201.23,202.14,69660000.0,205.17800000000003,218.43850000000003,39.25106124924196,0.05948740979498293,BEARISH,RSI_NORMAL,HIGH_VOLATILITY
2020-05-11,206.72,208.99,199.26,201.23,76550000.0,203.88799999999998,216.8515,38.97756361993676,0.05877837009968409,BEARISH,RSI_NORMAL,HIGH_VOLATILITY
2020-05-12,198.7,207.72,197.44,206.69,103370000.0,205.234,214.44400000000002,48.72296952153925,0.054576385150979234,BEARISH,RSI_NORMAL,HIGH_VOLATILITY
2020-05-13,221.7,223.69,214.21,215.81,94410000.0,206.32799999999997,213.81349999999998,50.52571053063907,0.05096397404797621,BULLISH,RSI_NORMAL,HIGH_VOLATILITY
2020-05-14,215.61,225.59,209.4,210.91,143080000.0,207.356,213.46150000000003,47.568829496055386,0.050162773287721805,BEARISH,RSI_NORMAL,HIGH_VOLATILITY
2020-05-15,211.71,213.37,205.32,208.36,80270000.0,208.6,212.79450000000003,55.13155439447658,0.05004870037306991,BEARISH,RSI_NORMAL,HIGH_VOLATILITY
2020-05-18,208.72,209.06,192.34,193.6,108210000.0,207.07399999999998,210.9495,45.42849700442824,0.05130319492025939,BEARISH,RSI_NORMAL,HIGH_VOLATILITY
2020-05-19,195.73,200.08,191.96,196.23,94140000.0,204.98199999999997,209.2355,36.7833433916717,0.05149570649244052,BEARISH,RSI_NORMAL,HIGH_VOLATILITY
2020-05-20,196.73,205.72,193.24,204.0,163190000.0,202.62,208.95099999999996,37.381687755305364,0.04850356971750554,BEARISH,RSI_NORMAL,HIGH_VOLATILITY
2020-05-21,205.62,207.47,197.18,198.75,98800000.0,200.18800000000002,208.16199999999998,34.17745988787938,0.04849673961501529,BEARISH,RSI_NORMAL,HIGH_VOLATILITY
2020-05-22,197.23,200.43,186.27,189.27,161950000.0,196.37,206.77799999999996,39.67238864579827,0.04938836791393573,BEARISH,RSI_NORMAL,HIGH_VOLATILITY
2020-05-26,191.54,193.11,181.91,182.65,98700000.0,194.18,206.04249999999996,40.16812450301034,0.04581662963230759,BEARISH,RSI_NORMAL,HIGH_VOLATILITY
2020-05-27,182.75,194.34,178.06,193.38,173360000.0,193.60999999999999,205.50500000000002,40.405069020140296,0.0471662465621383,BEARISH,RSI_NORMAL,HIGH_VOLATILITY
2020-05-28,195.13,198.03,192.44,194.51,90520000.0,191.712,204.105,43.37179185307275,0.04203079539482195,BEARISH,RSI_NORMAL,HIGH_VOLATILITY
2020-05-29,191.14,197.73,188.84,195.1,103620000.0,190.982,202.3935,45.70207570207571,0.041214364309524174,BEARISH,RSI_NORMAL,HIGH_VOLATILITY
2020-06-01,199.43,222.34,199.43,215.79,189170000.0,196.286,201.6085,57.159716758457904,0.04831981689157837,BULLISH,RSI_NORMAL,HIGH_VOLATILITY
2020-06-02,216.23,237.18,215.79,234.3,234430000.0,206.61599999999999,202.9395,62.032598274209015,0.046034734760989175,BULLISH,RSI_NORMAL,HIGH_VOLATILITY
2020-06-03,241.37,249.35,239.47,240.86,187060000.0,216.112,204.98449999999997,61.16608718908799,0.04503650908367633,BULLISH,RSI_NORMAL,HIGH_VOLATILITY
2020-06-04,241.07,245.03,227.37,230.99,163150000.0,223.408,206.017,58.57094075465256,0.0453077024240711,BULLISH,RSI_NORMAL,HIGH_VOLATILITY
2020-06-05,234.08,240.57,227.19,238.71,158500000.0,232.13000000000002,207.664,62.40699861008911,0.04523197793167078,BULLISH,RSI_NORMAL,HIGH_VOLATILITY
2020-06-08,250.16,254.42,247.22,250.38,149930000.0,239.048,210.07599999999996,73.81311860426104,0.045659830911579685,BULLISH,RSI_HIGH,HIGH_VOLATILITY
2020-06-09,253.16,253.16,241.2,244.03,123730000.0,240.994,212.21599999999998,69.44037741987961,0.04628417750507909,BULLISH,RSI_NORMAL,HIGH_VOLATILITY
2020-06-10,243.67,246.66,239.77,243.23,89620000.0,241.468,214.04299999999998,66.91385703199103,0.04621505938283867,BULLISH,RSI_NORMAL,HIGH_VOLATILITY
2020-06-11,240.67,245.57,231.69,233.57,100430000.0,241.984,214.93099999999998,64.46253530486791,0.04667770127248365,BULLISH,RSI_NORMAL,HIGH_VOLATILITY
2020-06-12,219.7,246.66,219.6,244.68,168030000.0,243.17799999999997,216.61950000000002,72.70715515121711,0.0471268348552996,BULLISH,RSI_HIGH,HIGH_VOLATILITY
2020-06-15,241.67,242.66,232.78,234.82,120700000.0,240.06599999999997,217.94250000000002,70.8263473053892,0.048185390548503376,BULLISH,RSI_HIGH,HIGH_VOLATILITY
2020-06-16,244.87,245.21,228.19,236.18,129140000.0,238.496,220.07150000000001,68.46738004832585,0.044574780839654604,BULLISH,RSI_NORMAL,HIGH_VOLATILITY
2020-06-17,234.38,242.17,232.89,239.27,96500000.0,237.704,222.2235,68.99185336048879,0.0445733397451641,BULLISH,RSI_NORMAL,HIGH_VOLATILITY
2020-06-18,237.18,253.82,236.98,252.25,127390000.0,241.44,224.63600000000002,71.94194885970974,0.045186218995411476,BULLISH,RSI_HIGH,HIGH_VOLATILITY
2020-06-19,255.85,271.09,255.65,269.49,186040000.0,246.402,228.17300000000006,71.17841930903927,0.04598271392477535,BULLISH,RSI_HIGH,HIGH_VOLATILITY
2020-06-22,273.63,285.97,272.43,283.64,139390000.0,256.166,232.8915,70.15193595817675,0.04405859662836206,BULLISH,RSI_HIGH,HIGH_VOLATILITY
2020-06-23,289.6,310.5,282.91,302.14,161870000.0,269.358,238.86600000000004,72.80440607323607,0.043002667216103144,BULLISH,RSI_HIGH,HIGH_VOLATILITY
2020-06-24,312.08,312.08,290.7,293.05,201100000.0,280.114,243.84950000000003,73.22952537805061,0.04405454942790311,BULLISH,RSI_HIGH,HIGH_VOLATILITY
2020-06-25,287.41,304.19,284.71,300.13,159820000.0,289.69,249.13049999999998,73.10064690837972,0.04389321661507861,BULLISH,RSI_HIGH,HIGH_VOLATILITY
2020-06-26,303.84,305.46,286.81,289.96,125740000.0,293.784,253.87349999999998,65.05629945222154,0.045515416211531524,BULLISH,RSI_NORMAL,HIGH_VOLATILITY
2020-06-29,283.01,289.05,276.62,285.41,116140000.0,294.13800000000003,257.35450000000003,65.95958037642704,0.04150259941574331,BULLISH,RSI_NORMAL,HIGH_VOLATILITY
2020-06-30,290.6,293.27,281.22,282.72,97030000.0,290.254,259.7755,65.0117843837908,0.03827807105192274,BULLISH,RSI_NORMAL,HIGH_VOLATILITY
2020-07-01,282.72,296.47,280.22,294.99,127050000.0,290.642,262.482,72.8939913523185,0.038807814726467015,BULLISH,RSI_HIGH,HIGH_VOLATILITY
2020-07-02,297.6,301.19,292.1,296.02,116200000.0,289.82,265.7335,70.69160083830405,0.03690665712447723,BULLISH,RSI_HIGH,HIGH_VOLATILITY
2020-07-03,297.6,298.54,291.7,292.75,85440000.0,290.378,268.4355,74.65735932578534,0.03695862746030552,BULLISH,RSI_HIGH,HIGH_VOLATILITY
2020-07-06,296.6,313.04,295.1,310.46,114380000.0,295.38800000000003,271.4395,77.75369899865493,0.037670906242344586,BULLISH,RSI_HIGH,HIGH_VOLATILITY
2020-07-07,314.57,341.5,312.11,334.74,228760000.0,305.79200000000003,275.975,80.79478743306886,0.03941844067977788,BULLISH,RSI_HIGH,HIGH_VOLATILITY
2020-07-08,334.74,340.42,317.58,320.37,191270000.0,310.86800000000005,279.832,71.77749360613814,0.04142000118758484,BULLISH,RSI_HIGH,HIGH_VOLATILITY
2020-07-09,323.06,337.53,319.08,332.55,187580000.0,318.17400000000004,284.781,70.83388396986919,0.039657504411926524,BULLISH,RSI_HIGH,HIGH_VOLATILITY
2020-07-10,327.05,339.04,326.76,330.96,161500000.0,325.816,289.09499999999997,67.04856607580344,0.03936867412205604,BULLISH,RSI_NORMAL,HIGH_VOLATILITY
2020-07-13,335.54,337.34,321.18,323.02,131360000.0,328.328,293.505,58.14225549836219,0.038296919145404465,BULLISH,RSI_NORMAL,HIGH_VOLATILITY
2020-07-14,321.54,321.54,311.81,318.66,124040000.0,325.11199999999997,297.629,60.36926066888009,0.03882681913044058,BULLISH,RSI_NORMAL,HIGH_VOLATILITY
2020-07-15,322.56,329.32,311.8,314.5,109800000.0,323.938,301.39050000000003,55.95919382931078,0.03935905131101835,BULLISH,RSI_NORMAL,HIGH_VOLATILITY
2020-07-16,317.57,321.06,309.81,320.04,100000000.0,321.436,304.78000000000003,62.97222701397277,0.038247922314423914,BULLISH,RSI_NORMAL,HIGH_VOLATILITY
2020-07-17,320.56,331.85,320.06,329.68,84260000.0,321.17999999999995,307.78950000000003,68.28885400313972,0.036219886034743146,BULLISH,RSI_NORMAL,HIGH_VOLATILITY
2020-07-20,334.04,344.93,331.2,343.68,105560000.0,325.312,310.7915,73.0315853105637,0.03567601815711754,BULLISH,RSI_HIGH,HIGH_VOLATILITY
2020-07-21,349.52,351.47,321.43,328.8,259600000.00000003,327.34000000000003,312.1245,62.52686180066692,0.03512158747392823,BULLISH,RSI_NORMAL,HIGH_VOLATILITY
2020-07-22,331.55,333.55,318.93,324.86,170700000.0,329.41200000000003,313.715,60.459886841723495,0.03440070358765854,BULLISH,RSI_NORMAL,HIGH_VOLATILITY
2020-07-23,324.86,331.55,321.17,329.33,87190000.0,331.27,315.175,63.15259600172587,0.03418522261589504,BULLISH,RSI_NORMAL,HIGH_VOLATILITY
2020-07-24,324.06,328.55,321.56,324.74,66379999.99999999,330.28200000000004,316.91400000000004,55.66936636493569,0.03326342698623423,BULLISH,RSI_NORMAL,HIGH_VOLATILITY
2020-07-27,325.86,327.55,314.79,316.68,70900000.0,324.882,318.47749999999996,41.76995989792198,0.033640057002236004,BEARISH,RSI_NORMAL,HIGH_VOLATILITY
2020-07-28,317.07,325.56,315.69,323.52,82120000.0,323.826,320.51750000000004,51.54124669732849,0.033619217650799546,BULLISH,RSI_NORMAL,HIGH_VOLATILITY
2020-07-29,324.06,332.45,323.52,327.98,80700000.0,324.45,322.167,47.58124272255743,0.032581330985468275,BULLISH,RSI_NORMAL,HIGH_VOLATILITY
2020-07-30,329.09,331.95,320.07,321.39,65080000.0,322.86199999999997,323.4355,45.189504373177854,0.03309248307581404,BEARISH,RSI_NORMAL,HIGH_VOLATILITY
2020-07-31,323.16,326.86,317.69,324.69,72350000.0,322.852,325.03249999999997,50.88052304123169,0.032903664024976256,BEARISH,RSI_NORMAL,HIGH_VOLATILITY
2020-08-03,323.96,323.96,316.47,317.02,44640000.0,322.91999999999996,325.3605,49.16445893621355,0.03084210100605195,BEARISH,RSI_NORMAL,HIGH_VOLATILITY
2020-08-04,319.76,325.56,313.86,323.12,66790000.00000001,322.84,324.7795,54.30655475619505,0.02547395784570381,BEARISH,RSI_NORMAL,HIGH_VOLATILITY
2020-08-05,325.16,332.55,324.35,325.77,69850000.0,322.39799999999997,325.0495,52.94783413931473,0.023588725040329665,BULLISH,RSI_NORMAL,HIGH_VOLATILITY
2020-08-06,328.75,337.42,325.06,334.07,81730000.0,324.934,325.1255,52.29003651538862,0.022705878132941948,BULLISH,RSI_NORMAL,HIGH_VOLATILITY
2020-08-07,332.85,347.67,330.55,345.96,101510000.0,329.188,325.8755,51.2161297205035,0.023973423769143545,BULLISH,RSI_NORMAL,HIGH_VOLATILITY
2020-08-10,348.93,355.2,340.86,343.83,71290000.0,334.55,326.916,59.278923323867126,0.023257538537541828,BULLISH,RSI_NORMAL,HIGH_VOLATILITY
2020-08-11,345.76,348.98,340.01,345.27,55720000.0,338.98,328.24649999999997,63.00165626194417,0.02291562483220539,BULLISH,RSI_NORMAL,HIGH_VOLATILITY
2020-08-12,342.03,344.53,335.74,341.36,56630000.0,342.098,329.5895,57.718465289362264,0.022849960758382262,BULLISH,RSI_NORMAL,HIGH_VOLATILITY
2020-08-13,344.53,346.73,339.64,341.5,46630000.0,343.58399999999995,330.6625,61.40446379967337,0.022647399774850877,BULLISH,RSI_NORMAL,HIGH_VOLATILITY
2020-08-14,342.03,344.41,330.17,332.66,55320000.0,340.92400000000004,330.81149999999997,60.75949367088609,0.02264427102977189,BULLISH,RSI_NORMAL,HIGH_VOLATILITY
2020-08-17,334.54,339.49,330.79,338.02,46710000.0,339.762,330.5285,59.9615278922781,0.020775273087129374,BULLISH,RSI_NORMAL,HIGH_VOLATILITY
2020-08-18,339.44,343.33,336.2,341.53,47060000.0,339.014,331.165,59.43199220381454,0.01829125976289,BULLISH,RSI_NORMAL,LOW_VOLATILITY
2020-08-19,344.23,346.03,339.64,340.53,41990000.0,338.848,331.9485,64.44746376811597,0.018035653963697308,BULLISH,RSI_NORMAL,LOW_VOLATILITY
2020-08-20,337.34,340.99,334.85,338.92,36770000.0,338.332,332.428,61.02246320681646,0.017902144191366997,BULLISH,RSI_NORMAL,LOW_VOLATILITY
2020-08-21,342.53,343.53,337.54,338.47,26270000.0,339.494,333.1145,68.70748299319737,0.017545064542122533,BULLISH,RSI_NORMAL,LOW_VOLATILITY
2020-08-24,339.84,351.02,339.64,348.73,62060000.0,341.636,334.717,70.82452431289649,0.017403831334565037,BULLISH,RSI_HIGH,LOW_VOLATILITY
2020-08-25,352.02,365.5,350.52,363.79,98540000.0,346.088,336.7305,75.72395128552107,0.01907785273329269,BULLISH,RSI_HIGH,HIGH_VOLATILITY
2020-08-26,366.0,370.2,362.61,364.06,66650000.00000001,350.794,338.53450000000004,72.76453620768189,0.019022519780779807,BULLISH,RSI_HIGH,HIGH_VOLATILITY
2020-08-27,365.2,366.34,359.15,362.76,46110000.0,355.562,340.603,65.1953690303908,0.018197942856427382,BULLISH,RSI_NORMAL,LOW_VOLATILITY
2020-08-28,364.5,368.3,361.21,366.58,42520000.0,361.184,342.69750000000005,69.96664911356862,0.018201103629231448,BULLISH,RSI_NORMAL,LOW_VOLATILITY
2020-08-31,371.0,374.48,346.03,348.31,85300000.0,361.1,344.262,52.059620596205974,0.02116742285570628,BULLISH,RSI_NORMAL,HIGH_VOLATILITY
2020-09-01,351.22,366.9,349.54,363.89,60650000.0,361.12,346.3005,63.1800631800632,0.0227802378692679,BULLISH,RSI_NORMAL,HIGH_VOLATILITY
2020-09-02,363.77,367.5,356.86,366.37,42810000.0,361.582,348.3305,64.16125725999319,0.022775953972555597,BULLISH,RSI_NORMAL,HIGH_VOLATILITY
2020-09-03,366.3,367.18,360.01,361.48,32210000.0,361.326,349.70099999999996,67.1834009062724,0.022695053646908114,BULLISH,RSI_NORMAL,HIGH_VOLATILITY
2020-09-04,353.67,364.48,351.6,359.19,49150000.0,359.84800000000007,350.3625,63.10186904319844,0.021549797649178165,BULLISH,RSI_NORMAL,HIGH_VOLATILITY
2020-09-07,360.21,362.41,347.29,350.04,46650000.0,360.194,350.673,54.92305912298974,0.022357046123968622,BEARISH,RSI_NORMAL,HIGH_VOLATILITY
2020-09-08,351.52,357.0,347.03,349.52,44490000.0,357.32000000000005,350.8855,55.22978475858057,0.022352229506274548,BEARISH,RSI_NORMAL,HIGH_VOLATILITY
2020-09-09,347.23,348.87,338.78,341.82,45630000.0,352.40999999999997,350.9085,51.57540199913081,0.02278313386326501,BEARISH,RSI_NORMAL,HIGH_VOLATILITY
2020-09-10,345.18,351.87,341.34,349.39,47620000.0,349.992,351.303,55.50625252117787,0.023300533158045197,BEARISH,RSI_NORMAL,HIGH_VOLATILITY
2020-09-11,348.53,355.29,345.2,353.96,46080000.0,348.94599999999997,352.368,52.797689098106325,0.02251472291068011,BULLISH,RSI_NORMAL,HIGH_VOLATILITY
2020-09-14,355.22,357.02,341.54,343.6,45320000.0,347.658,352.64700000000005,38.62791483609327,0.023428900353765682,BEARISH,RSI_NORMAL,HIGH_VOLATILITY
2020-09-15,347.03,351.94,345.03,350.86,38940000.0,347.926,353.1135,43.1077694235589,0.02377415283298403,BEARISH,RSI_NORMAL,HIGH_VOLATILITY
2020-09-16,351.32,356.26,347.69,351.67,39080000.0,349.896,353.6705,44.17969980056682,0.023750288852152728,BEARISH,RSI_NORMAL,HIGH_VOLATILITY
2020-09-17,348.41,351.22,345.15,346.72,27810000.0,349.362,354.0605,39.69917012448134,0.02397803184854487,BEARISH,RSI_NORMAL,HIGH_VOLATILITY
2020-09-18,348.67,349.9,342.43,347.01,37690000.0,347.97200000000004,354.4875,49.171129813823,0.023969902349672497,BEARISH,RSI_NORMAL,HIGH_VOLATILITY
2020-09-21,345.81,346.23,330.97,332.56,36280000.0,345.764,353.679,29.732177513261732,0.024806097676629515,BEARISH,RSI_LOW,HIGH_VOLATILITY
2020-09-22,332.45,334.92,321.27,329.85,42250000.0,341.562,351.982,26.444788441692438,0.02241688506430748,BEARISH,RSI_LOW,HIGH_VOLATILITY
2020-09-23,332.55,333.95,319.59,323.94,42440000.0,336.01599999999996,349.976,26.101349630761362,0.022568658788199452,BEARISH,RSI_LOW,HIGH_VOLATILITY
2020-09-24,318.67,319.04,300.28,302.48,59640000.0,327.168,346.962,20.98045235902157,0.02631571653332698,BEARISH,RSI_LOW,HIGH_VOLATILITY
2020-09-25,307.58,316.28,302.47,313.47,62330000.0,320.46000000000004,344.3065,31.632345554997485,0.02789387608412812,BEARISH,RSI_NORMAL,HIGH_VOLATILITY
2020-09-28,317.37,334.54,315.85,333.06,55890000.0,320.56000000000006,343.544,43.061878266734105,0.030123697693954492,BEARISH,RSI_NORMAL,HIGH_VOLATILITY
2020-09-29,335.34,336.74,325.01,329.03,46430000.0,320.396,341.801,44.43671161374509,0.028116569021838945,BEARISH,RSI_NORMAL,HIGH_VOLATILITY
2020-09-30,328.94,333.93,325.56,327.41,36040000.0,321.09,339.853,39.91743119266055,0.02798693755150457,BEARISH,RSI_NORMAL,HIGH_VOLATILITY
2020-10-01,332.05,345.53,331.05,343.81,53820000.0,329.356,338.96950000000004,45.799884134734754,0.03050085527966898,BULLISH,RSI_NORMAL,HIGH_VOLATILITY
2020-10-05,346.03,351.42,336.57,337.83,42070000.0,334.22799999999995,337.9015,47.522541863460695,0.030682095579123658,BEARISH,RSI_NORMAL,HIGH_VOLATILITY
2020-10-06,343.52,347.53,338.66,346.96,47590000.0,337.008,337.7475,48.35192697768761,0.030868633893715445,BULLISH,RSI_NORMAL,HIGH_VOLATILITY
2020-10-07,339.54,339.54,328.08,332.66,65709999.99999999,337.73400000000004,336.9045,42.78886275699871,0.032218804560212075,BEARISH,RSI_NORMAL,HIGH_VOLATILITY
2020-10-08,334.94,338.34,329.75,332.19,44620000.0,338.69,336.423,44.29435325532081,0.03187134026631661,BEARISH,RSI_NORMAL,HIGH_VOLATILITY
2020-10-09,332.04,341.38,330.05,331.34,56840000.0,336.196,335.5205,43.87364141058721,0.03140461585495241,BEARISH,RSI_NORMAL,HIGH_VOLATILITY
2020-10-12,334.54,337.48,330.05,332.27,32050000.0,335.084,334.43600000000004,49.87321850135525,0.03122538394145877,BEARISH,RSI_NORMAL,HIGH_VOLATILITY
2020-10-13,331.54,333.55,323.92,326.82,37780000.0,331.056,333.597,48.70634446247117,0.03077839687218359,BEARISH,RSI_NORMAL,HIGH_VOLATILITY
2020-10-14,326.36,337.78,322.83,336.75,53040000.0,331.87399999999997,332.8915,55.287707421778265,0.03121174063874934,BULLISH,RSI_NORMAL,HIGH_VOLATILITY
2020-10-15,336.36,336.54,319.66,321.04,52680000.0,329.644,331.36,58.042988386202126,0.03277113634753312,BEARISH,RSI_NORMAL,HIGH_VOLATILITY
2020-10-16,323.2,326.5,316.58,322.7,50760000.0,327.91600000000005,330.159,54.351720886374345,0.032743375133194044,BEARISH,RSI_NORMAL,HIGH_VOLATILITY
2020-10-19,325.07,329.02,319.23,326.28,42070000.0,326.71799999999996,329.1225,46.23500666370499,0.032887857827683865,BEARISH,RSI_NORMAL,HIGH_VOLATILITY
2020-10-20,325.06,328.5,322.24,325.77,32520000.000000004,326.508,328.783,48.11604253351827,0.03157613284403873,BEARISH,RSI_NORMAL,HIGH_VOLATILITY
2020-10-21,326.56,329.05,309.71,322.85,75360000.0,323.72799999999995,328.433,47.40378046003188,0.0315869630561112,BEARISH,RSI_NORMAL,HIGH_VOLATILITY
2020-10-22,315.57,334.05,314.57,330.99,70860000.0,325.71799999999996,328.7855,41.943187531422815,0.031813756160274466,BULLISH,RSI_NORMAL,HIGH_VOLATILITY
2020-10-23,332.69,335.22,329.85,331.24,32050000.0,327.426,330.2235,45.537044561831244,0.027538241113648724,BULLISH,RSI_NORMAL,HIGH_VOLATILITY
2020-10-26,332.55,332.55,323.23,328.94,35460000.0,327.95799999999997,330.99699999999996,36.55223880597014,0.026624209033161553,BEARISH,RSI_NORMAL,HIGH_VOLATILITY
2020-10-27,332.15,346.03,327.35,344.86,60210000.0,331.776,331.587,58.88953657825707,0.025102352983092623,BULLISH,RSI_NORMAL,HIGH_VOLATILITY
2020-10-28,344.43,348.52,334.34,336.62,46490000.0,334.53000000000003,331.9665,52.899594187720915,0.025585884719056276,BULLISH,RSI_NORMAL,HIGH_VOLATILITY
2020-10-29,336.32,342.73,332.92,337.55,37800000.0,335.842,332.47349999999994,54.060415849352715,0.025542789543253376,BULLISH,RSI_NORMAL,HIGH_VOLATILITY
2020-10-30,336.04,338.64,324.84,330.45,42880000.0,335.684,331.80550000000005,48.89883833494676,0.023325792911187266,BEARISH,RSI_NORMAL,HIGH_VOLATILITY
2020-11-02,332.1,344.27,327.02,341.52,42890000.0,338.2,331.99,58.32766825288919,0.02428249134118648,BULLISH,RSI_NORMAL,HIGH_VOLATILITY
2020-11-03,342.53,351.52,341.12,348.61,44460000.0,338.95,332.0725,56.942168110512775,0.023965012057495096,BULLISH,RSI_NORMAL,HIGH_VOLATILITY
2020-11-04,346.43,356.51,345.73,355.66,43710000.0,342.758,333.2225,72.55080771235019,0.022208310269111926,BULLISH,RSI_HIGH,HIGH_VOLATILITY
2020-11-05,360.51,374.49,358.28,373.18,63320000.0,349.884,335.272,77.25113366443534,0.024391698143608476,BULLISH,RSI_HIGH,HIGH_VOLATILITY
2020-11-06,372.9,382.21,369.91,377.56,57440000.0,359.306,337.58299999999997,77.44594305287949,0.024333508729607836,BULLISH,RSI_HIGH,HIGH_VOLATILITY
2020-11-09,380.48,387.34,378.09,385.97,41500000.0,368.196,340.26800000000003,79.70785629688118,0.024552466279733776,BULLISH,RSI_HIGH,HIGH_VOLATILITY
2020-11-10,389.37,423.82,387.75,420.28,114210000.0,382.53,344.94100000000003,86.70785924195611,0.029814122048275132,BULLISH,RSI_HIGH,HIGH_VOLATILITY
2020-11-11,420.53,442.35,412.83,426.3,138970000.0,396.658,349.41850000000005,86.49207443142657,0.029538225396523773,BULLISH,RSI_HIGH,HIGH_VOLATILITY
2020-11-12,425.42,431.91,419.43,429.25,55900000.0,407.872,354.829,86.76569885212692,0.026148788888984413,BULLISH,RSI_HIGH,HIGH_VOLATILITY
2020-11-13,425.42,440.4,424.42,437.01,60880000.0,419.762,360.54449999999997,88.94414414414412,0.02605398135005584,BULLISH,RSI_HIGH,HIGH_VOLATILITY
2020-11-14,439.4,442.9,433.41,436.89,7890000.0,429.946,366.075,87.42578283855224,0.026280262235995604,BULLISH,RSI_HIGH,HIGH_VOLATILITY
2020-11-17,439.27,449.78,433.91,448.19,58520000.0,435.52799999999996,372.196,94.2702960082533,0.026084188144832668,BULLISH,RSI_HIGH,HIGH_VOLATILITY
2020-11-18,446.89,467.16,445.79,464.74,75130000.0,443.216,379.2905,94.90220998376049,0.025752584501269306,BULLISH,RSI_HIGH,HIGH_VOLATILITY
2020-11-19,462.26,477.85,450.64,453.04,83510000.0,447.974,385.39300000000003,91.91684332900226,0.027486940742609125,BULLISH,RSI_HIGH,HIGH_VOLATILITY
2020-11-20,456.57,475.57,450.91,470.94,87360000.0,454.76000000000005,392.378,92.27753822030577,0.02770840828531625,BULLISH,RSI_HIGH,HIGH_VOLATILITY
2020-11-23,476.25,486.27,472.71,480.49,73250000.0,463.48,399.9555,92.3996913580247,0.02707452779268911,BULLISH,RSI_HIGH,HIGH_VOLATILITY
2020-11-24,482.84,485.54,476.35,480.41,42970000.0,469.924,406.73300000000006,91.98922921575229,0.0265152308072591,BULLISH,RSI_HIGH,HIGH_VOLATILITY
2020-11-25,481.54,481.84,466.86,468.34,47630000.0,470.64399999999995,413.3190000000001,83.24947589098531,0.026616451597463217,BULLISH,RSI_HIGH,HIGH_VOLATILITY
2020-11-26,464.87,484.74,463.37,481.47,62730000.0,476.33000000000004,420.51500000000004,84.21468554494567,0.026505791562843713,BULLISH,RSI_HIGH,HIGH_VOLATILITY
2020-11-27,485.24,495.33,477.86,490.21,123650000.0,480.184,428.503,84.2489157576554,0.024846187482720897,BULLISH,RSI_HIGH,HIGH_VOLATILITY
2020-12-01,494.45,494.57,481.87,485.45,40170000.0,481.17600000000004,435.69950000000006,76.57180135366549,0.02549890944054064,BULLISH,RSI_HIGH,HIGH_VOLATILITY
2020-12-02,485.74,487.74,477.85,481.73,36550000.0,481.44000000000005,442.3555,73.03249397490235,0.026123702530105392,BULLISH,RSI_HIGH,HIGH_VOLATILITY
2020-12-03,485.84,488.34,481.05,486.08,28770000.0,484.988,448.8765,73.34264355540951,0.026162277512718417,BULLISH,RSI_HIGH,HIGH_VOLATILITY
2020-12-04,486.34,495.13,480.85,486.87,36790000.0,486.06800000000004,454.56100000000004,71.72359707215058,0.025128432374131385,BULLISH,RSI_HIGH,HIGH_VOLATILITY
2020-12-07,486.34,491.83,480.85,482.29,31150000.0,484.48400000000004,459.7975,69.04042945814462,0.025653634907839815,BULLISH,RSI_NORMAL,HIGH_VOLATILITY
2020-12-08,484.34,485.84,476.85,478.56,29710000.0,483.10600000000005,464.42699999999996,63.60053739364085,0.02593523520992769,BULLISH,RSI_NORMAL,HIGH_VOLATILITY
2020-12-09,481.34,484.63,478.47,483.76,19660000.0,483.512,467.601,59.481555333998,0.018391916603001462,BULLISH,RSI_NORMAL,LOW_VOLATILITY
2020-12-10,484.34,485.34,477.85,478.83,19260000.0,482.062,470.22749999999996,63.78702020742006,0.01870760181659236,BULLISH,RSI_NORMAL,HIGH_VOLATILITY
2020-12-11,479.85,488.24,479.85,483.73,26700000.0,481.434,472.95149999999995,57.941139947845535,0.01873090714136512,BULLISH,RSI_NORMAL,HIGH_VOLATILITY
2020-12-14,485.09,490.8,484.14,489.2,17860000.0,482.816,475.561,55.69653368214518,0.01856458180200588,BULLISH,RSI_NORMAL,LOW_VOLATILITY
2020-12-15,488.33,514.3,486.22,511.55,59370000.0,489.41400000000004,479.294,65.77188006482982,0.020513022958940523,BULLISH,RSI_NORMAL,HIGH_VOLATILITY
2020-12-16,519.19,521.79,511.3,513.96,32690000.0,495.454,482.5825,75.61194700202114,0.02009079250589322,BULLISH,RSI_HIGH,HIGH_VOLATILITY
2020-12-17,513.29,529.59,509.47,527.95,37330000.0,505.2780000000001,485.74300000000005,75.8451957295374,0.019437987064235877,BULLISH,RSI_HIGH,HIGH_VOLATILITY
2020-12-18,524.29,527.78,515.8,524.54,32550000.0,513.4399999999999,489.31800000000004,70.29199668991603,0.018242777284745607,BULLISH,RSI_HIGH,LOW_VOLATILITY
2020-12-21,522.09,522.76,489.85,503.5,35520000.0,516.3,490.946,58.9471597105185,0.01953398428691463,BULLISH,RSI_NORMAL,HIGH_VOLATILITY
2020-12-22,506.31,511.8,481.98,500.46,54740000.0,514.082,491.94450000000006,59.34724024353725,0.019230324524468437,BULLISH,RSI_NORMAL,HIGH_VOLATILITY
2020-12-23,499.32,515.9,496.36,508.2,34310000.0,512.9300000000001,493.334,60.67773701486772,0.019444998002308873,BULLISH,RSI_NORMAL,HIGH_VOLATILITY
2020-12-24,513.2,521.19,509.91,517.79,26260000.0,510.89799999999997,495.8065,63.75689624488341,0.018565136302050686,BULLISH,RSI_NORMAL,LOW_VOLATILITY
2020-12-28,517.79,523.77,516.8,519.7,19330000.0,509.93,497.71799999999996,67.04949412086407,0.017769811656239618,BULLISH,RSI_NORMAL,LOW_VOLATILITY
2020-12-29,521.79,523.99,516.05,519.34,19700000.0,513.098,499.17449999999997,69.1743464359601,0.017475794536268043,BULLISH,RSI_NORMAL,LOW_VOLATILITY
2020-12-30,519.34,534.07,516.7,532.69,38650000.0,519.5440000000001,501.5365,71.36867848720411,0.01790541575035505,BULLISH,RSI_HIGH,LOW_VOLATILITY
2020-12-31,532.77,536.52,526.48,528.8,28690000.0,523.664,503.89,72.02291758483906,0.017892382124558757,BULLISH,RSI_HIGH,LOW_VOLATILITY
2021-01-01,530.3,533.07,524.29,527.3,14470000.0,525.566,505.951,69.79554747841883,0.017942244616642088,BULLISH,RSI_NORMAL,LOW_VOLATILITY
2021-01-04,531.68,531.68,518.91,520.91,23340000.0,525.808,507.6530000000001,64.28764530954307,0.018306758390147015,BULLISH,RSI_NORMAL,LOW_VOLATILITY
2021-01-05,521.09,521.71,505.56,511.2,39530000.0,524.18,509.09849999999994,49.82202786535135,0.018761320279291945,BULLISH,RSI_NORMAL,HIGH_VOLATILITY
2021-01-06,512.3,516.13,498.35,502.35,36080000.0,518.112,510.288,44.45929178199867,0.019169740824416255,BEARISH,RSI_NORMAL,HIGH_VOLATILITY
2021-01-07,505.81,512.46,501.45,507.41,30360000.0,513.8340000000001,511.4705,39.28422370617697,0.019152556697992144,BEARISH,RSI_NORMAL,HIGH_VOLATILITY
2021-01-08,512.3,513.18,503.51,507.51,29980000.0,509.87600000000003,512.9045,40.797579163514555,0.018928014162865374,BEARISH,RSI_NORMAL,HIGH_VOLATILITY
2021-01-11,510.11,510.4,495.15,497.75,29240000.0,505.244,513.6055,46.46153846153847,0.019480731347912894,BEARISH,RSI_NORMAL,HIGH_VOLATILITY
2021-01-12,497.75,509.21,494.43,503.53,33360000.0,503.71000000000004,514.322,51.82759852363376,0.019488822014265498,BEARISH,RSI_NORMAL,HIGH_VOLATILITY
2021-01-13,505.91,506.71,481.97,489.62,32690000.0,501.16399999999993,513.2255,39.696095829636214,0.0175645741947188,BEARISH,RSI_NORMAL,LOW_VOLATILITY
2021-01-14,489.62,496.01,482.74,487.07,26810000.0,497.096,511.88100000000003,31.520692974013514,0.017503814957535238,BEARISH,RSI_NORMAL,LOW_VOLATILITY
2021-01-15,487.04,492.03,483.58,487.7,25450000.0,493.134,509.8684999999999,30.44965786901267,0.016086712400963626,BEARISH,RSI_NORMAL,LOW_VOLATILITY
2021-01-18,486.34,487.34,467.96,471.34,37030000.0,487.852,507.2085,25.470155355682706,0.017405498930247707,BEARISH,RSI_LOW,LOW_VOLATILITY
2021-01-19,475.86,498.82,474.55,495.24,47670000.0,486.1940000000001,506.7955,32.7244210720546,0.019531613160441233,BEARISH,RSI_NORMAL,HIGH_VOLATILITY
2021-01-20,496.12,502.58,489.43,497.52,33150000.0,487.774,506.64849999999996,35.353062371230564,0.019521972191267375,BEARISH,RSI_NORMAL,HIGH_VOLATILITY
2021-01-21,498.62,521.79,498.32,511.13,70620000.0,492.58599999999996,506.79499999999996,43.199596265455476,0.020190989563539263,BULLISH,RSI_NORMAL,HIGH_VOLATILITY
2021-01-22,512.8,513.0,493.89,496.58,30850000.0,494.36199999999997,505.7344999999999,40.4250295159386,0.02069001475475832,BEARISH,RSI_NORMAL,HIGH_VOLATILITY
2021-01-25,504.21,515.6,488.34,490.2,36730000.0,498.134,504.2595,41.51309408341416,0.020785662785725998,BEARISH,RSI_NORMAL,HIGH_VOLATILITY
2021-01-27,491.46,493.89,480.45,483.84,28000000.0,495.854,502.4845,42.36575105171985,0.020903888709993563,BEARISH,RSI_NORMAL,HIGH_VOLATILITY
2021-01-28,477.31,490.23,471.67,480.37,34770000.0,492.424,499.8684999999999,38.69943162821797,0.019762068658799068,BEARISH,RSI_NORMAL,HIGH_VOLATILITY
2021-01-29,488.01,494.33,470.07,472.81,42610000.0,484.75999999999993,497.0690000000001,36.34933123524784,0.01990393214718747,BEARISH,RSI_NORMAL,HIGH_VOLATILITY
2021-02-01,476.85,507.31,466.02,505.17,42910000.0,486.47799999999995,495.9625,52.47828991315966,0.025872443884845702,BULLISH,RSI_NORMAL,HIGH_VOLATILITY
2021-02-02,509.31,533.07,508.8,516.62,43480000.0,491.762,495.74799999999993,54.21252494046471,0.026309851525447608,BULLISH,RSI_NORMAL,HIGH_VOLATILITY
2021-02-03,521.15,526.28,513.3,523.8,26510000.0,499.754,496.37800000000004,61.49757804090418,0.02610767402972613,BULLISH,RSI_NORMAL,HIGH_VOLATILITY
2021-02-04,520.69,553.55,519.9,549.74,53260000.0,513.628,498.74750000000006,68.21484624774749,0.02779121340839273,BULLISH,RSI_NORMAL,HIGH_VOLATILITY
2021-02-05,551.85,561.94,546.26,553.1,44380000.0,529.686,501.03200000000004,68.711375600824,0.027766350343804924,BULLISH,RSI_NORMAL,HIGH_VOLATILITY
2021-02-08,553.45,565.73,546.79,549.02,28010000.0,538.456,503.10749999999996,73.90448055145248,0.027882112904436054,BULLISH,RSI_HIGH,HIGH_VOLATILITY
2021-02-09,553.0,553.15,537.53,539.3,22640000.0,542.992,505.18500000000006,64.85502360080915,0.027816300106364947,BULLISH,RSI_NORMAL,HIGH_VOLATILITY
2021-02-10,542.73,549.49,538.77,546.85,26380000.0,547.6020000000001,507.351,66.06107963795012,0.027854076611403798,BULLISH,RSI_NORMAL,HIGH_VOLATILITY
2021-02-11,546.26,558.04,544.83,555.95,20290000.0,548.844,510.6675,65.03421441030457,0.026909996933979635,BULLISH,RSI_NORMAL,HIGH_VOLATILITY
2021-02-12,556.24,561.04,552.45,556.99,16250000.0,549.622,514.1634999999999,72.28329029878273,0.026791276419179454,BULLISH,RSI_HIGH,HIGH_VOLATILITY
2021-02-15,559.77,579.11,559.24,577.2,31690000.0,555.258,518.6385,79.12036417191055,0.027526985895997554,BULLISH,RSI_HIGH,HIGH_VOLATILITY
2021-02-16,578.35,581.43,568.26,575.24,21270000.0,562.4460000000001,523.8335,81.52158918471511,0.025860248330916717,BULLISH,RSI_HIGH,HIGH_VOLATILITY
2021-02-17,572.22,579.11,566.23,569.74,23460000.0,567.024,527.5585,80.3958914359567,0.024375400113053506,BULLISH,RSI_HIGH,HIGH_VOLATILITY
2021-02-18,569.13,570.7,551.47,555.58,23180000.0,566.95,530.4615,76.94160536423408,0.025415183205614127,BULLISH,RSI_HIGH,HIGH_VOLATILITY
2021-02-19,555.24,561.43,541.76,549.05,27440000.0,565.3620000000001,532.3575000000001,67.17013617154478,0.02517564095392663,BULLISH,RSI_NORMAL,HIGH_VOLATILITY
2021-02-22,547.26,553.12,532.75,536.95,20010000.0,557.312,534.376,57.9148174102624,0.024778857790790684,BULLISH,RSI_NORMAL,HIGH_VOLATILITY
2021-02-23,541.26,549.72,534.27,537.64,21900000.0,549.792,536.7479999999999,55.674922092832546,0.02446661988880037,BULLISH,RSI_NORMAL,HIGH_VOLATILITY
2021-02-24,543.66,557.13,537.57,555.53,19090000.0,546.95,540.3325,52.54192642023003,0.024869856681073724,BULLISH,RSI_NORMAL,HIGH_VOLATILITY
2021-02-25,559.34,561.23,550.39,552.24,15850000.0,546.2819999999999,543.926,49.62221050781936,0.024833342212645472,BULLISH,RSI_NORMAL,HIGH_VOLATILITY
2021-02-26,542.26,544.66,521.39,525.77,37130000.0,541.626,546.574,41.4653843330152,0.027322728648038506,BEARISH,RSI_NORMAL,HIGH_VOLATILITY
2021-03-01,530.78,536.26,518.79,525.96,20320000.0,539.4280000000001,547.6135,44.73476476160407,0.022988124587747703,BEARISH,RSI_NORMAL,HIGH_VOLATILITY
2021-03-02,529.28,540.26,525.49,530.91,22090000.0,538.082,548.3280000000001,43.576724693745945,0.02255616119796566,BEARISH,RSI_NORMAL,HIGH_VOLATILITY
2021-03-03,535.69,556.58,533.28,553.54,22520000.0,537.684,549.8149999999999,49.124336894121036,0.024232441808015093,BULLISH,RSI_NORMAL,HIGH_VOLATILITY
2021-03-04,542.26,555.96,539.37,547.84,22350000.0,536.8040000000001,549.72,46.784283404793705,0.021759011072118264,BEARISH,RSI_NORMAL,HIGH_VOLATILITY
2021-03-05,543.26,551.22,539.48,543.75,20760000.0,540.4,549.2524999999999,36.74197384066585,0.021771781007237305,BEARISH,RSI_NORMAL,HIGH_VOLATILITY
2021-03-08,546.16,548.65,530.38,531.34,17210000.0,541.4759999999999,548.3685,33.93118594436308,0.02229156418626417,BEARISH,RSI_NORMAL,HIGH_VOLATILITY
2021-03-09,536.37,543.76,532.77,540.77,18110000.0,543.448,548.442,39.69259232904004,0.022336303230505127,BEARISH,RSI_NORMAL,HIGH_VOLATILITY
2021-03-10,543.26,555.34,543.26,553.75,21910000.0,543.49,548.787,49.34337997847146,0.02276537042902539,BULLISH,RSI_NORMAL,HIGH_VOLATILITY
2021-03-12,559.24,566.23,551.35,555.03,25080000.0,544.928,548.741,52.22967934377331,0.022466539686237845,BULLISH,RSI_NORMAL,HIGH_VOLATILITY
2021-03-15,556.35,557.81,534.33,543.17,20870000.0,544.8120000000001,548.05,52.32332287464512,0.022968560713091734,BEARISH,RSI_NORMAL,HIGH_VOLATILITY
2021-03-16,548.1,549.95,541.26,544.85,15610000.0,547.514,546.4325,52.673340748980365,0.021268627958514016,BEARISH,RSI_NORMAL,HIGH_VOLATILITY
2021-03-17,545.26,545.3,533.72,535.25,11350000.0,546.4100000000001,544.433,41.98798988621998,0.021530550276976795,BEARISH,RSI_NORMAL,HIGH_VOLATILITY
2021-03-18,541.56,553.75,529.78,536.45,23390000.0,542.95,542.7685,43.657106129991185,0.021513848466461486,BEARISH,RSI_NORMAL,HIGH_VOLATILITY
2021-03-19,530.88,547.16,518.3,544.58,32200000.000000004,540.86,542.2185000000001,58.86177329690006,0.02121189049692974,BULLISH,RSI_NORMAL,HIGH_VOLATILITY
2021-03-22,543.91,548.95,532.97,538.2,19380000.0,539.866,541.6759999999999,55.448717948717956,0.02121085715882069,BEARISH,RSI_NORMAL,HIGH_VOLATILITY
2021-03-23,540.26,543.76,534.27,537.15,18490000.0,538.326,541.686,52.87769784172662,0.020618775669177483,BEARISH,RSI_NORMAL,HIGH_VOLATILITY
2021-03-24,536.67,536.67,525.29,526.31,17380000.0,536.538,541.1195,35.910172824174694,0.021113213423653167,BEARISH,RSI_NORMAL,HIGH_VOLATILITY
2021-03-25,527.28,529.28,509.62,511.52,23430000.0,531.552,538.9190000000001,32.82255013242528,0.020337986602573226,BEARISH,RSI_NORMAL,HIGH_VOLATILITY
2021-03-26,516.3,524.09,512.8,517.6,23470000.0,526.1560000000001,537.187,37.86092284838922,0.020633462844758994,BEARISH,RSI_NORMAL,HIGH_VOLATILITY
2021-03-30,522.77,525.29,514.3,518.65,18450000.0,522.246,536.831,43.41463414634145,0.017731534082319426,BEARISH,RSI_NORMAL,LOW_VOLATILITY
2021-03-31,517.8,521.17,511.6,514.29,18460000.0,517.674,536.2475,35.49517966695883,0.017816444468545793,BEARISH,RSI_NORMAL,LOW_VOLATILITY
2021-04-01,520.29,528.13,515.49,526.5,21480000.0,517.712,536.0269999999999,34.94641476079994,0.01852983528200289,BEARISH,RSI_NORMAL,LOW_VOLATILITY
2021-04-05,525.19,525.19,491.39,495.58,37400000.0,514.524,533.129,25.26009155222644,0.019987511214855022,BEARISH,RSI_LOW,HIGH_VOLATILITY
2021-04-06,504.31,505.26,494.59,498.63,20710000.0,510.73,530.6685,29.99820370037729,0.02011015047647232,BEARISH,RSI_LOW,HIGH_VOLATILITY
2021-04-07,497.32,510.21,493.33,507.02,24030000.0,508.404,528.832,33.977128335451084,0.020647974309269887,BEARISH,RSI_NORMAL,HIGH_VOLATILITY
2021-04-08,509.31,510.8,500.82,502.27,14080000.0,506.0,527.3785,35.43286219081273,0.02019206206500223,BEARISH,RSI_NORMAL,HIGH_VOLATILITY
2021-04-09,499.32,500.32,483.84,486.57,29030000.0,498.01399999999995,524.6685,30.46985121378229,0.02056136978545169,BEARISH,RSI_NORMAL,HIGH_VOLATILITY
2021-04-12,473.36,473.36,439.4,450.49,45000000.0,488.996,519.5055,19.775136524253142,0.024580038858983532,BEARISH,RSI_LOW,HIGH_VOLATILITY
2021-04-13,452.89,476.84,450.79,472.23,31750000.0,483.716,515.3655000000001,30.711654289222864,0.027733322817714085,BEARISH,RSI_NORMAL,HIGH_VOLATILITY
2021-04-15,470.17,474.35,455.99,465.4,28970000.0,475.392,511.47700000000003,29.70756264494598,0.02759650426775521,BEARISH,RSI_LOW,HIGH_VOLATILITY
2021-04-16,465.47,468.36,458.38,461.03,21430000.0,467.14400000000006,507.28599999999994,30.8360732738375,0.027489366573741722,BEARISH,RSI_NORMAL,HIGH_VOLATILITY
2021-04-19,444.4,449.79,435.61,447.35,34270000.0,459.3,502.89099999999996,31.038354707168622,0.027842321788407516,BEARISH,RSI_NORMAL,HIGH_VOLATILITY
2021-04-20,455.68,469.26,454.9,460.74,33950000.0,461.35,499.10549999999995,33.89417629730343,0.029068893213881584,BEARISH,RSI_NORMAL,HIGH_VOLATILITY
2021-04-22,454.38,470.76,449.96,468.23,25640000.0,460.55,495.288,36.22103191954527,0.029114416044631802,BEARISH,RSI_NORMAL,HIGH_VOLATILITY
2021-04-23,461.48,475.33,460.42,466.15,27300000.0,460.7,491.68550000000005,36.67810493690503,0.02909935028871758,BEARISH,RSI_NORMAL,HIGH_VOLATILITY
2021-04-26,468.36,482.24,468.36,473.01,29040000.0,463.096,488.4785,34.745907716876744,0.029480235695503367,BEARISH,RSI_NORMAL,HIGH_VOLATILITY
2021-04-27,474.05,488.32,474.01,485.84,26450000.0,470.79400000000004,486.45500000000004,46.9028237089799,0.0301654109913538,BEARISH,RSI_NORMAL,HIGH_VOLATILITY
2021-04-28,490.83,530.28,490.83,527.37,85760000.0,484.12,487.24749999999995,57.34212139791539,0.03551753881615545,BULLISH,RSI_NORMAL,HIGH_VOLATILITY
2021-04-29,534.27,551.75,532.28,547.74,72580000.0,500.02199999999993,488.7545,59.80259990370728,0.03639665690344248,BULLISH,RSI_NORMAL,HIGH_VOLATILITY
2021-04-30,534.27,551.71,532.05,544.45,41250000.0,515.682,490.04449999999997,60.225950349107855,0.036457621493937845,BULLISH,RSI_NORMAL,HIGH_VOLATILITY
2021-05-03,530.91,557.24,528.41,554.36,40340000.0,531.952,492.04800000000006,66.90945372910952,0.036502576904815225,BULLISH,RSI_NORMAL,HIGH_VOLATILITY
2021-05-04,560.24,574.21,555.24,560.81,48380000.0,546.946,493.7635,82.29130078445147,0.03626441816022299,BULLISH,RSI_HIGH,HIGH_VOLATILITY
2021-05-05,567.53,569.23,544.5,550.77,43790000.0,551.626,496.523,74.67948717948718,0.033612452763811175,BULLISH,RSI_HIGH,HIGH_VOLATILITY
2021-05-06,556.04,561.23,546.59,552.13,22230000.0,552.504,499.198,78.22323462414582,0.033620667641215664,BULLISH,RSI_HIGH,HIGH_VOLATILITY
2021-05-07,558.24,560.55,545.06,548.63,18510000.0,553.3399999999999,501.2785,78.6686739101977,0.0336141717481234,BULLISH,RSI_HIGH,HIGH_VOLATILITY
2021-05-10,556.74,556.74,543.76,549.0,19970000.0,552.268,503.61499999999995,86.44152864415288,0.03347103384782325,BULLISH,RSI_HIGH,HIGH_VOLATILITY
2021-05-11,540.39,545.07,538.27,541.73,16170000.000000002,548.452,506.37300000000005,80.3674540682415,0.03267724794514274,BULLISH,RSI_HIGH,HIGH_VOLATILITY
2021-05-12,540.57,543.26,532.22,535.11,15390000.0,545.32,510.604,75.24154589371983,0.027162274931588987,BULLISH,RSI_HIGH,HIGH_VOLATILITY
2021-05-14,539.77,539.77,525.98,532.31,15260000.0,541.356,513.608,74.83483483483484,0.025684966647756918,BULLISH,RSI_HIGH,HIGH_VOLATILITY
2021-05-17,534.27,548.25,530.78,542.27,24120000.0,540.0840000000001,517.4514999999999,75.40719002201028,0.025341711030731004,BULLISH,RSI_HIGH,HIGH_VOLATILITY
2021-05-18,549.35,569.72,549.35,568.1,31480000.0,543.904,522.8050000000001,77.54855994641662,0.02646863543371531,BULLISH,RSI_HIGH,HIGH_VOLATILITY
2021-05-19,566.72,571.51,558.74,562.35,22510000.0,548.028,528.5550000000001,65.40697674418605,0.02522629752763671,BULLISH,RSI_NORMAL,HIGH_VOLATILITY
2021-05-20,562.04,565.03,553.75,558.12,14890000.0,552.6299999999999,533.4240000000001,55.32963647566235,0.02519943246091256,BULLISH,RSI_NORMAL,HIGH_VOLATILITY
2021-05-21,565.23,568.73,557.87,562.41,18570000.0,558.65,538.133,59.1278715186013,0.02515893368360176,BULLISH,RSI_NORMAL,HIGH_VOLATILITY
2021-05-24,562.63,568.03,558.24,559.53,12150000.0,562.102,542.8019999999999,52.82977558839626,0.025179169346911622,BULLISH,RSI_NORMAL,HIGH_VOLATILITY
2021-05-25,563.23,565.11,557.44,561.1,13160000.0,560.702,547.2065,50.16768821556613,0.025189216792394827,BULLISH,RSI_NORMAL,HIGH_VOLATILITY
2021-05-26,563.23,578.69,557.85,576.33,29170000.0,563.4979999999999,551.731,63.94283220597862,0.025189940011040333,BULLISH,RSI_NORMAL,HIGH_VOLATILITY
2021-05-27,577.21,577.43,564.33,567.45,21530000.0,565.364,553.735,57.723331316797754,0.018161535383612048,BULLISH,RSI_NORMAL,LOW_VOLATILITY
2021-05-28,571.62,574.22,558.45,560.31,15260000.0,564.944,554.3635,55.6798288270764,0.016533611564267286,BULLISH,RSI_NORMAL,LOW_VOLATILITY
2021-05-31,561.24,565.7,555.24,562.03,17960000.0,565.4440000000001,555.2425000000001,56.254199865604264,0.01644791407638421,BULLISH,RSI_NORMAL,LOW_VOLATILITY
2021-06-01,563.63,581.01,561.78,577.69,28530000.0,568.7620000000001,556.4089999999999,65.9737029140014,0.017087015095195585,BULLISH,RSI_NORMAL,LOW_VOLATILITY
2021-06-02,574.87,583.71,573.47,580.08,20130000.0,569.5120000000001,557.3725,70.75602326225416,0.01695082246374411,BULLISH,RSI_HIGH,LOW_VOLATILITY
2021-06-03,583.21,590.7,577.23,589.35,22300000.0,573.892,559.3014999999999,74.84320557491286,0.01656417405118742,BULLISH,RSI_HIGH,LOW_VOLATILITY
2021-06-04,590.7,600.18,589.2,598.53,24450000.0,581.5360000000001,561.6215,74.67111033152074,0.016778353139004012,BULLISH,RSI_HIGH,LOW_VOLATILITY
2021-06-07,579.21,583.59,567.47,572.2,28360000.0,583.57,562.8,51.79008033531261,0.019851111014378697,BULLISH,RSI_NORMAL,HIGH_VOLATILITY
2021-06-08,574.32,580.91,571.24,574.76,17890000.0,582.984,564.088,55.57352016527439,0.019852996489408293,BULLISH,RSI_NORMAL,HIGH_VOLATILITY
2021-06-09,578.71,578.71,561.97,566.68,15380000.0,580.304,565.3354999999999,53.715922903281786,0.0198878107475422,BULLISH,RSI_NORMAL,HIGH_VOLATILITY
2021-06-10,570.72,610.67,566.93,607.81,52960000.0,583.996,568.9705,64.9322457571372,0.024984208933961246,BULLISH,RSI_NORMAL,HIGH_VOLATILITY
2021-06-11,609.71,622.15,603.7,611.17,37030000.0,586.524,572.9134999999999,66.93114754098359,0.024829528863719637,BULLISH,RSI_NORMAL,HIGH_VOLATILITY
2021-06-14,606.15,624.05,596.75,618.57,26340000.0,595.798,576.7285,68.14880313269752,0.02471230892736534,BULLISH,RSI_NORMAL,HIGH_VOLATILITY
2021-06-15,621.05,623.13,614.16,615.28,15240000.0,603.9019999999999,579.0875,63.303504337727944,0.022886483877642555,BULLISH,RSI_NORMAL,HIGH_VOLATILITY
2021-06-16,613.17,615.25,605.46,607.33,14820000.0,612.0319999999999,581.3365,63.70823594115219,0.022987290672495265,BULLISH,RSI_NORMAL,HIGH_VOLATILITY
2021-06-17,591.2,610.67,591.2,604.2,18720000.0,611.3100000000001,583.6405,65.51431601272537,0.02293029175407689,BULLISH,RSI_NORMAL,HIGH_VOLATILITY
2021-06-18,608.16,613.96,595.69,607.88,27100000.0,610.6519999999999,585.914,65.98563559026567,0.022920368640790025,BULLISH,RSI_NORMAL,HIGH_VOLATILITY
2021-06-21,599.18,612.67,597.9,610.77,12720000.0,609.092,588.476,62.660747091243095,0.02281649640907011,BULLISH,RSI_NORMAL,HIGH_VOLATILITY
2021-06-22,614.16,618.06,599.18,600.86,15410000.0,606.208,590.464,57.520266357845976,0.023288713437600923,BULLISH,RSI_NORMAL,HIGH_VOLATILITY
2021-06-23,604.28,610.67,599.28,600.74,12380000.0,604.89,591.6845000000001,54.41438648166809,0.02263230348461551,BULLISH,RSI_NORMAL,HIGH_VOLATILITY
2021-06-24,601.88,609.97,600.28,603.54,10820000.0,604.758,593.4889999999999,52.04273016390769,0.02224677310507137,BULLISH,RSI_NORMAL,HIGH_VOLATILITY
2021-06-25,604.88,609.87,602.2,606.75,9620000.0,604.5319999999999,595.8109999999999,67.36006431514419,0.021931215354098723,BULLISH,RSI_NORMAL,HIGH_VOLATILITY
2021-06-28,609.17,610.94,600.68,602.88,8279999.999999999,602.954,597.8534999999999,63.94564570521722,0.02205853922945022,BULLISH,RSI_NORMAL,HIGH_VOLATILITY
2021-06-29,603.18,612.93,599.39,604.42,13100000.0,603.6659999999999,599.19,70.01484938481121,0.02131532343509462,BULLISH,RSI_HIGH,HIGH_VOLATILITY
2021-06-30,604.18,611.67,599.18,600.77,12260000.0,603.672,600.2245,43.80281690140848,0.021394884456048962,BULLISH,RSI_NORMAL,HIGH_VOLATILITY
2021-07-01,603.18,603.18,593.19,595.9,11210000.0,602.144,600.552,36.90619104784771,0.021241923413355037,BEARISH,RSI_NORMAL,HIGH_VOLATILITY
2021-07-02,599.18,602.18,595.69,598.96,8109999.999999999,600.586,600.5735,31.83249953677965,0.020985441509661005,BEARISH,RSI_NORMAL,HIGH_VOLATILITY
2021-07-05,602.08,608.77,599.79,606.44,8630000.0,601.298,602.2855000000001,42.400275103163736,0.01835532859972398,BULLISH,RSI_NORMAL,LOW_VOLATILITY
2021-07-06,604.68,633.42,604.48,619.4,34910000.0,604.2940000000001,604.5175,59.55358556276711,0.01880690153853409,BULLISH,RSI_NORMAL,HIGH_VOLATILITY
2021-07-07,621.15,627.75,615.2,619.02,19480000.0,607.9440000000001,607.1345,62.2641509433962,0.018365985515712707,BULLISH,RSI_NORMAL,LOW_VOLATILITY
2021-07-08,617.16,621.24,607.21,610.95,11310000.0,610.954,607.2915,52.36846165715172,0.00953916103293142,BULLISH,RSI_NORMAL,LOW_VOLATILITY
2021-07-09,607.47,616.26,605.28,612.78,14480000.0,613.7180000000001,607.3720000000001,51.576470588235296,0.009482760486278151,BULLISH,RSI_NORMAL,LOW_VOLATILITY
2021-07-12,616.66,619.05,609.53,614.12,9790000.0,615.254,607.1495,62.01522290685034,0.009076422234373209,BULLISH,RSI_NORMAL,LOW_VOLATILITY
2021-07-13,617.66,621.65,613.17,614.59,10020000.0,614.292,607.115,62.470736538807905,0.009001783166069742,BULLISH,RSI_NORMAL,LOW_VOLATILITY
2021-07-14,614.16,617.36,611.17,612.56,7770000.0,613.0,607.3765000000001,58.23593864134403,0.008520202917685208,BULLISH,RSI_NORMAL,LOW_VOLATILITY
2021-07-15,612.56,616.88,609.37,612.14,8710000.0,613.238,607.7735,55.185684048489506,0.008423197776711277,BULLISH,RSI_NORMAL,LOW_VOLATILITY
2021-07-16,611.67,618.16,608.89,611.71,9630000.0,613.024,607.965,59.097465485266916,0.008330266398148916,BULLISH,RSI_NORMAL,LOW_VOLATILITY
2021-07-19,607.97,611.47,592.69,600.72,12910000.0,610.3439999999999,607.4625,46.80924456709215,0.009201275089205657,BEARISH,RSI_NORMAL,LOW_VOLATILITY
2021-07-20,601.18,601.98,586.0,593.38,14020000.0,606.1020000000001,607.0885000000001,44.008431976649916,0.008885699919760221,BEARISH,RSI_NORMAL,LOW_VOLATILITY
2021-07-22,592.19,623.55,591.31,618.71,34890000.0,607.332,607.987,63.88652136856208,0.013140699408339524,BULLISH,RSI_NORMAL,LOW_VOLATILITY
2021-07-23,618.06,621.65,613.17,617.25,9540000.0,608.354,608.6725,61.35601639140691,0.013147153480214396,BULLISH,RSI_NORMAL,LOW_VOLATILITY
2021-07-26,614.16,618.99,612.17,615.41,7340000.0,609.0939999999999,609.1055,55.98878354920544,0.013141448445719737,BULLISH,RSI_NORMAL,LOW_VOLATILITY
2021-07-27,617.16,631.84,616.66,622.3,20690000.0,613.4100000000001,610.0764999999999,52.10694565533274,0.013224223534623719,BULLISH,RSI_NORMAL,LOW_VOLATILITY
2021-07-28,624.94,627.55,614.86,625.35,11490000.0,619.804,611.1229999999999,54.427192614351675,0.013242897324570494,BULLISH,RSI_NORMAL,LOW_VOLATILITY
2021-07-29,628.14,642.13,625.55,639.14,14850000.0,623.89,613.0415,68.25540733065657,0.013845278851202604,BULLISH,RSI_NORMAL,LOW_VOLATILITY
2021-07-30,640.81,640.81,620.38,621.96,14070000.0,624.832,614.3444999999999,54.95894554883321,0.015219656702245933,BULLISH,RSI_NORMAL,LOW_VOLATILITY
2021-08-02,626.15,627.54,616.16,619.21,10120000.0,625.592,615.3570000000001,52.70831116313718,0.015274281055656872,BULLISH,RSI_NORMAL,LOW_VOLATILITY
2021-08-03,620.66,633.34,619.76,632.33,10920000.0,627.598,616.6515,58.31926467829675,0.01571306527367862,BULLISH,RSI_NORMAL,LOW_VOLATILITY
2021-08-04,633.44,646.86,630.64,635.05,16320000.0,629.538,617.434,60.47898611499395,0.015067814900919421,BULLISH,RSI_NORMAL,LOW_VOLATILITY
2021-08-05,634.54,634.69,622.35,623.98,8670000.0,626.5060000000001,617.682,55.01865038996271,0.01564183557133456,BULLISH,RSI_NORMAL,LOW_VOLATILITY
2021-08-06,627.65,629.09,620.26,621.58,7300000.0,626.4300000000001,618.2135,54.114900358542485,0.015355151955214362,BULLISH,RSI_NORMAL,LOW_VOLATILITY
2021-08-09,621.65,626.14,612.77,618.47,8810000.0,626.282,618.498,57.92057117358322,0.015403819652771768,BEARISH,RSI_NORMAL,LOW_VOLATILITY
2021-08-10,621.65,624.0,613.37,616.17,7310000.0,623.05,618.6005,60.64853751985794,0.015427860499424684,BEARISH,RSI_NORMAL,LOW_VOLATILITY
2021-08-11,616.77,619.15,604.88,615.94,7920000.0,619.2280000000001,618.6679999999999,48.3091197655964,0.015428070933824445,BEARISH,RSI_NORMAL,LOW_VOLATILITY
2021-08-12,617.26,624.64,614.29,619.11,7950000.0,618.254,618.9955,51.11217412102369,0.015442154788561247,BULLISH,RSI_NORMAL,LOW_VOLATILITY
2021-08-13,620.16,622.04,612.27,614.82,6680000.0,616.902,619.1295,49.65725572208672,0.01553329739541359,BEARISH,RSI_NORMAL,LOW_VOLATILITY
2021-08-16,614.06,638.63,609.56,636.85,14230000.0,620.578,620.3865,57.18802489872547,0.01743679880896958,BULLISH,RSI_NORMAL,LOW_VOLATILITY
2021-08-17,640.12,642.81,629.64,640.14,16030000.000000002,625.3720000000001,622.3575,57.28930507639232,0.016786711687156067,BULLISH,RSI_NORMAL,LOW_VOLATILITY
2021-08-18,642.53,663.1,639.73,653.52,21540000.0,632.8879999999999,625.3645,57.115993665874925,0.016807275762733914,BULLISH,RSI_NORMAL,LOW_VOLATILITY
2021-08-20,646.32,672.36,644.69,665.2,21650000.0,642.106,627.6890000000001,72.62926522922342,0.014654504021236171,BULLISH,RSI_HIGH,LOW_VOLATILITY
2021-08-23,673.08,681.02,668.79,674.3,17380000.0,654.0020000000001,630.5415,77.03405633526357,0.014742297896341471,BULLISH,RSI_HIGH,LOW_VOLATILITY
2021-08-24,676.58,703.94,671.88,697.06,26230000.0,666.0440000000001,634.624,79.01909800053802,0.015992283914751573,BULLISH,RSI_HIGH,LOW_VOLATILITY
2021-08-25,699.55,704.44,691.16,693.55,15100000.0,676.7259999999999,638.1865,76.04166666666673,0.016145572336491054,BULLISH,RSI_HIGH,LOW_VOLATILITY
2021-08-26,689.06,698.37,684.57,692.25,12350000.0,684.472,641.5315,83.28620185275483,0.016230934112342988,BULLISH,RSI_HIGH,LOW_VOLATILITY
2021-08-27,694.06,701.48,686.27,695.71,9360000.0,690.574,644.3599999999999,85.7735739793457,0.015740644624676083,BULLISH,RSI_HIGH,LOW_VOLATILITY
2021-08-30,698.64,718.72,697.05,715.58,15040000.0,698.8299999999999,649.0409999999999,90.33812411730506,0.01480212450244478,BULLISH,RSI_HIGH,LOW_VOLATILITY
2021-08-31,715.03,758.85,712.03,751.43,29460000.0,709.7040000000001,655.6519999999999,93.93840956340966,0.017360477381165272,BULLISH,RSI_HIGH,LOW_VOLATILITY
2021-09-01,751.48,766.41,747.32,750.94,22280000.0,721.182,661.5825,93.7799974056299,0.017297477778968295,BULLISH,RSI_HIGH,LOW_VOLATILITY
2021-09-02,748.98,757.61,743.49,748.83,11830000.0,732.498,667.2715000000001,92.3589341692791,0.01746648200714586,BULLISH,RSI_HIGH,LOW_VOLATILITY
2021-09-03,748.98,754.47,745.16,751.32,8800000.0,743.6200000000001,673.6385,95.10309278350525,0.016436032046682474,BULLISH,RSI_HIGH,LOW_VOLATILITY
2021-09-06,753.97,760.47,747.49,749.61,8970000.0,750.426,680.0400000000001,93.03816793893137,0.01637277903679653,BULLISH,RSI_HIGH,LOW_VOLATILITY
2021-09-07,751.87,755.6,739.71,744.72,8359999.999999999,749.0840000000001,686.3525,89.43438914027158,0.016447166307096757,BULLISH,RSI_HIGH,LOW_VOLATILITY
2021-09-08,744.69,750.38,740.1,745.31,8590000.0,747.9580000000001,692.8095,88.30648526834162,0.01628711533794838,BULLISH,RSI_HIGH,LOW_VOLATILITY
2021-09-09,741.99,744.99,737.0,742.06,7000000.0,746.604,699.1155000000001,84.50350152630641,0.016440369335594392,BULLISH,RSI_HIGH,LOW_VOLATILITY
2021-09-13,742.06,748.48,734.2,743.54,8029999.999999999,745.048,705.337,83.36545875096384,0.016499136334494187,BULLISH,RSI_HIGH,LOW_VOLATILITY
2021-09-14,746.98,751.98,739.79,740.75,7190000.0,743.2760000000001,711.6335,76.07113020646867,0.016349011278980537,BULLISH,RSI_HIGH,LOW_VOLATILITY
2021-09-15,743.49,746.98,737.0,740.41,6570000.0,742.414,716.8115,79.06226742743745,0.015247726185129234,BULLISH,RSI_HIGH,LOW_VOLATILITY
2021-09-16,743.49,743.49,732.05,740.14,5770000.0,741.3799999999999,721.8115,80.0854378690791,0.015345369549337316,BULLISH,RSI_HIGH,LOW_VOLATILITY
2021-09-17,743.54,766.95,735.0,741.87,34750000.0,741.342,726.229,79.64294888260987,0.015043776106963277,BULLISH,RSI_HIGH,LOW_VOLATILITY
2021-09-20,735.0,757.07,731.08,743.23,10840000.0,741.28,730.1305,73.29401853411969,0.014829662565751954,BULLISH,RSI_HIGH,LOW_VOLATILITY
2021-09-21,747.1,783.64,739.09,780.32,19930000.0,749.194,735.4315,73.84056775045399,0.01777905597480011,BULLISH,RSI_HIGH,LOW_VOLATILITY
2021-09-22,783.93,788.43,776.04,778.31,15010000.0,756.774,739.494,72.03348897118003,0.016780681779549687,BULLISH,RSI_HIGH,LOW_VOLATILITY
2021-09-23,785.29,798.81,779.4,788.83,21090000.0,766.5120000000001,744.258,78.36074872376622,0.016670853896396193,BULLISH,RSI_HIGH,LOW_VOLATILITY
2021-09-24,793.9,793.9,771.52,778.28,11290000.0,773.7940000000001,748.5595,67.15449223721038,0.01716888539065981,BULLISH,RSI_NORMAL,LOW_VOLATILITY
2021-09-27,783.83,784.93,772.95,778.49,6510000.0,780.8459999999999,752.6985000000001,68.73378308251161,0.017216051230035483,BULLISH,RSI_NORMAL,LOW_VOLATILITY
2021-09-28,780.44,781.44,741.5,753.3,15720000.0,775.442,754.5845,54.40542205791738,0.018325576480114847,BEARISH,RSI_NORMAL,LOW_VOLATILITY
2021-09-29,751.88,762.55,744.6,750.52,9460000.0,769.884,754.539,52.616249874460195,0.014569686699190489,BEARISH,RSI_NORMAL,LOW_VOLATILITY
2021-09-30,753.47,768.95,748.07,765.77,14910000.0,765.272,755.2805000000001,60.62561620507303,0.015255831585699714,BULLISH,RSI_NORMAL,LOW_VOLATILITY
2021-10-01,760.96,762.88,746.48,751.25,9380000.0,759.866,755.4014999999999,53.093652194847934,0.015887410421210738,BEARISH,RSI_NORMAL,LOW_VOLATILITY
2021-10-04,757.77,775.84,754.99,768.46,10900000.0,757.86,756.2585,59.96547507732143,0.016669217098831648,BULLISH,RSI_NORMAL,LOW_VOLATILITY
2021-10-05,767.26,775.44,762.37,771.37,7730000.0,761.4739999999999,757.3465,60.93220338983049,0.016656670844233012,BULLISH,RSI_NORMAL,LOW_VOLATILITY
2021-10-06,779.94,786.99,767.46,772.46,17650000.0,765.862,758.7335,61.346720966156425,0.016548089696462296,BULLISH,RSI_NORMAL,LOW_VOLATILITY
2021-10-07,783.52,787.43,772.75,773.74,9410000.0,767.456,760.155,61.22420229625974,0.016546010373200852,BULLISH,RSI_NORMAL,LOW_VOLATILITY
2021-10-08,773.95,781.84,770.15,772.17,7570000.0,771.64,761.6605,60.177240118160036,0.016506989184384917,BULLISH,RSI_NORMAL,LOW_VOLATILITY
2021-10-11,776.33,789.37,774.15,780.65,9090000.0,774.078,763.516,50.14528484635024,0.016625339595996845,BULLISH,RSI_NORMAL,LOW_VOLATILITY
2021-10-12,779.94,791.42,773.95,784.51,10990000.0,776.706,765.704,52.68584300814419,0.016564950027385904,BULLISH,RSI_NORMAL,LOW_VOLATILITY
2021-10-13,789.72,799.91,785.06,791.85,10520000.0,780.5840000000001,768.2760000000001,51.34533143264433,0.01660233706607219,BULLISH,RSI_NORMAL,LOW_VOLATILITY
2021-10-14,795.82,795.82,780.17,785.22,11350000.0,782.8799999999999,770.53,53.20347119645497,0.01679573163967743,BULLISH,RSI_NORMAL,LOW_VOLATILITY
2021-10-18,803.91,803.91,779.02,785.49,8550000.0,785.544,772.711,53.22937811404318,0.016806366206673903,BULLISH,RSI_NORMAL,LOW_VOLATILITY
2021-10-19,787.93,790.39,766.06,772.88,12450000.0,783.99,774.1935000000001,60.21920668058457,0.01733885569019574,BEARISH,RSI_NORMAL,LOW_VOLATILITY
2021-10-20,773.05,782.29,756.47,775.08,11030000.0,782.104,773.9314999999999,62.89645032556187,0.01321214209630731,BULLISH,RSI_NORMAL,LOW_VOLATILITY
2021-10-21,781.94,781.94,767.46,772.68,6390000.0,778.27,773.65,54.194488284569594,0.013217469872654639,BEARISH,RSI_NORMAL,LOW_VOLATILITY
2021-10-22,774.55,792.42,765.46,769.97,15170000.0,775.22,772.707,63.26530612244897,0.012824576961475948,BEARISH,RSI_NORMAL,LOW_VOLATILITY
2021-10-25,773.95,782.71,734.05,763.63,11700000.0,770.848,771.9745,45.95409616351145,0.012616111568060358,BEARISH,RSI_NORMAL,LOW_VOLATILITY
2021-10-26,768.45,788.42,764.07,784.5,16610000.0,773.1719999999999,772.275,58.454603992273,0.014108022688485803,BULLISH,RSI_NORMAL,LOW_VOLATILITY
2021-10-27,785.93,790.92,745.09,747.2,31120000.0,767.596,771.97,38.907430177410866,0.016219460000735104,BEARISH,RSI_NORMAL,LOW_VOLATILITY
2021-10-28,752.98,758.57,734.34,747.41,15720000.0,762.542,771.8145,38.32786594556254,0.016199810438649744,BEARISH,RSI_NORMAL,LOW_VOLATILITY
2021-10-29,746.98,753.94,730.31,739.01,9480000.0,756.35,770.4765,36.13944156495571,0.015635210542689668,BEARISH,RSI_NORMAL,LOW_VOLATILITY
2021-11-01,741.99,749.0,721.02,740.39,10370000.0,751.702,769.9334999999999,32.109847138286526,0.015106867081588964,BEARISH,RSI_NORMAL,LOW_VOLATILITY
2021-11-02,745.66,754.47,739.02,744.52,6870000.0,743.706,768.7365,32.272364571327245,0.014153311428844104,BEARISH,RSI_NORMAL,LOW_VOLATILITY
2021-11-03,747.58,752.86,744.09,750.6,6690000.0,744.386,767.698,31.507217788935705,0.014272539181517075,BEARISH,RSI_NORMAL,LOW_VOLATILITY
2021-11-04,755.07,755.87,750.48,751.49,940330.0,745.202,766.6495,34.05803951224122,0.01427038378568624,BEARISH,RSI_NORMAL,LOW_VOLATILITY
2021-11-08,753.36,770.27,747.58,766.32,9000000.0,750.664,766.2785,42.03572912339013,0.01501885199222304,BULLISH,RSI_NORMAL,LOW_VOLATILITY
2021-11-09,768.95,774.39,753.97,756.72,8000000.0,753.9300000000001,765.5060000000001,43.11402761206751,0.01526127857094017,BEARISH,RSI_NORMAL,LOW_VOLATILITY
2021-11-10,753.47,759.97,749.48,757.11,4650000.0,756.4480000000001,764.329,42.22279927291611,0.015009838490942515,BEARISH,RSI_NORMAL,LOW_VOLATILITY
2021-11-11,755.99,759.06,739.99,744.26,6340000.0,755.1800000000001,762.3165,38.72043181457375,0.015317519761882632,BEARISH,RSI_NORMAL,LOW_VOLATILITY
2021-11-12,748.98,758.99,744.29,756.88,4970000.0,756.258,760.568,45.18360438590035,0.015716669022333533,BEARISH,RSI_NORMAL,LOW_VOLATILITY
2021-11-15,756.87,761.71,747.98,752.4,4030000.000000001,753.474,758.927,45.810639409087514,0.015674952588571822,BEARISH,RSI_NORMAL,LOW_VOLATILITY
2021-11-16,751.48,763.96,749.06,754.54,5980000.0,753.038,757.3794999999999,37.00780572419773,0.015704695255760057,BEARISH,RSI_NORMAL,LOW_VOLATILITY
2021-11-17,751.78,768.15,751.1,759.73,6460000.0,753.562,756.722,57.530953239572035,0.015451229808084357,BULLISH,RSI_NORMAL,LOW_VOLATILITY
2021-11-18,760.96,768.72,742.99,747.48,7730000.0,754.206,755.342,50.03675312401557,0.01579769172432675,BEARISH,RSI_NORMAL,LOW_VOLATILITY
2021-11-22,748.18,750.43,698.06,704.87,19350000.0,743.804,751.9514999999999,36.812422744128575,0.02007101896359348,BEARISH,RSI_NORMAL,HIGH_VOLATILITY
2021-11-23,699.05,716.82,691.47,710.46,11880000.0,735.4159999999999,748.976,38.80284324728773,0.020259466486768924,BEARISH,RSI_NORMAL,HIGH_VOLATILITY
2021-11-24,715.03,730.99,705.64,716.75,10990000.0,727.858,746.632,39.77615786760918,0.020422940999607456,BEARISH,RSI_NORMAL,HIGH_VOLATILITY
2021-11-25,714.03,719.52,707.72,711.61,6150000.0,718.234,742.9875,35.54533995699563,0.019146976583035748,BEARISH,RSI_NORMAL,HIGH_VOLATILITY
2021-11-26,701.15,703.83,676.58,679.78,16890000.0,704.694,739.6165,28.375851878656306,0.018822743721132042,BEARISH,RSI_LOW,HIGH_VOLATILITY
2021-11-29,675.78,697.05,666.92,689.64,14920000.0,701.6479999999999,736.7280000000001,26.162646107933355,0.01927788107259339,BEARISH,RSI_LOW,HIGH_VOLATILITY
2021-11-30,690.06,719.0,683.99,698.77,21960000.0,699.3100000000001,734.716,31.93240631040719,0.019557971703116767,BEARISH,RSI_NORMAL,HIGH_VOLATILITY
2021-12-01,702.26,709.8,694.16,702.91,11370000.0,696.542,732.842,33.48769193273215,0.01962777313361705,BEARISH,RSI_NORMAL,HIGH_VOLATILITY
2021-12-02,708.04,720.02,701.29,717.07,8480000.0,697.634,731.4695,41.782022607749525,0.02020155010589833,BEARISH,RSI_NORMAL,HIGH_VOLATILITY
2021-12-03,715.03,722.4,704.54,705.96,8160000.0,702.8700000000001,729.2375,34.46803318692048,0.020287270996640024,BEARISH,RSI_NORMAL,HIGH_VOLATILITY
2021-12-06,705.96,708.63,692.87,694.23,8580000.0,703.7879999999999,726.3745,33.00812058187769,0.02048984960180688,BEARISH,RSI_NORMAL,HIGH_VOLATILITY
2021-12-07,703.84,716.03,694.85,709.35,10800000.0,705.9040000000001,723.5260000000001,37.73011132229164,0.020617946517713093,BEARISH,RSI_NORMAL,HIGH_VOLATILITY
2021-12-08,711.03,737.63,711.03,735.15,14030000.0,712.3520000000001,722.4475,43.99785114280132,0.02233733647219468,BULLISH,RSI_NORMAL,HIGH_VOLATILITY
2021-12-09,738.99,745.8,732.7,743.02,10770000.0,717.542,721.743,48.88711448248328,0.022494288527839114,BULLISH,RSI_NORMAL,HIGH_VOLATILITY
2021-12-10,736.4,745.69,735.0,744.24,6790000.0,725.1980000000001,721.742,62.38128184162525,0.022168073391291416,BULLISH,RSI_NORMAL,HIGH_VOLATILITY
2021-12-13,745.98,746.68,718.92,720.89,12990000.0,730.53,719.9425,52.95049504950493,0.022872496381237752,BULLISH,RSI_NORMAL,HIGH_VOLATILITY
2021-12-14,717.02,717.02,702.54,705.63,12760000.0,729.786,717.604,47.006245961662714,0.023254649260060253,BEARISH,RSI_NORMAL,HIGH_VOLATILITY
2021-12-15,706.29,706.29,682.17,683.79,18180000.0,719.5139999999999,714.0665000000001,43.128149392352526,0.02402699741573609,BEARISH,RSI_NORMAL,HIGH_VOLATILITY
2021-12-16,693.56,705.39,692.35,701.93,17680000.0,711.296,711.1764999999999,55.86817146187674,0.024908107068752107,BEARISH,RSI_NORMAL,HIGH_VOLATILITY
2021-12-17,699.05,701.55,685.57,689.17,16810000.0,700.2819999999999,708.261,49.87736784428325,0.024966420361827314,BEARISH,RSI_NORMAL,HIGH_VOLATILITY
2021-12-20,684.07,685.55,648.38,662.51,22260000.0,688.606,706.1429999999999,41.33199464524766,0.023182085563831285,BEARISH,RSI_NORMAL,HIGH_VOLATILITY
2021-12-21,671.6,674.08,653.11,656.86,13760000.0,678.852,703.463,39.07058432619739,0.02307159717330504,BEARISH,RSI_NORMAL,HIGH_VOLATILITY
2021-12-22,662.6,678.15,661.48,676.2,12680000.0,677.3340000000001,701.4354999999999,40.5327773917072,0.02409598090095806,BEARISH,RSI_NORMAL,HIGH_VOLATILITY
2021-12-23,683.07,698.4,682.9,690.83,13390000.0,675.114,700.3965000000001,46.551488353010896,0.024664537162443226,BEARISH,RSI_NORMAL,HIGH_VOLATILITY
2021-12-24,697.54,697.85,674.84,684.27,9810000.0,674.134,700.621,47.67507002801119,0.0225594985553565,BEARISH,RSI_NORMAL,HIGH_VOLATILITY
2021-12-27,674.18,689.94,664.5,688.14,9120000.0,679.26,700.546,44.77457501847744,0.022357722204371797,BEARISH,RSI_NORMAL,HIGH_VOLATILITY
2021-12-28,697.05,697.05,685.24,689.73,8620000.0,685.8340000000001,700.094,37.29439409197719,0.022153065932490966,BEARISH,RSI_NORMAL,HIGH_VOLATILITY
2021-12-29,687.55,694.05,684.37,690.23,5320000.0,688.64,699.46,34.597654198517844,0.022105177895424974,BEARISH,RSI_NORMAL,HIGH_VOLATILITY
2021-12-30,689.05,693.55,684.76,686.18,6590000.0,687.71,697.9155,33.33524684270954,0.02157444798981435,BEARISH,RSI_NORMAL,HIGH_VOLATILITY
2021-12-31,687.26,698.95,686.62,696.78,7700000.0,690.212,697.4565,42.53329204087953,0.021663455576193,BEARISH,RSI_NORMAL,HIGH_VOLATILITY
2022-01-03,696.55,723.41,696.55,720.98,12700000.0,696.78,698.7940000000001,54.504372322319384,0.022663914697449293,BULLISH,RSI_NORMAL,HIGH_VOLATILITY
2022-01-04,724.01,736.5,722.57,733.3,9590000.0,705.494,699.9915,65.38820165350903,0.022473376522172177,BULLISH,RSI_NORMAL,HIGH_VOLATILITY
2022-01-05,745.97,768.07,740.49,766.04,25830000.0,720.656,701.5360000000001,68.26808001367755,0.023205739876071836,BULLISH,RSI_NORMAL,HIGH_VOLATILITY
2022-01-06,751.48,776.88,751.08,773.77,15360000.0,738.174,703.0735,74.81811781272,0.023194452171687335,BULLISH,RSI_HIGH,HIGH_VOLATILITY
2022-01-07,775.34,777.44,757.47,764.89,11660000.0,751.796,704.106,83.53203196646137,0.023398179823638485,BULLISH,RSI_HIGH,HIGH_VOLATILITY
2022-01-10,767.56,774.85,765.93,772.08,6390000.0,762.016,706.6655,87.36057068741887,0.022112235551633202,BULLISH,RSI_HIGH,HIGH_VOLATILITY
2022-01-11,772.85,774.94,756.07,765.94,10380000.0,768.544,709.6809999999999,81.82269503546094,0.02152054087095219,BULLISH,RSI_HIGH,HIGH_VOLATILITY
2022-01-12,771.55,785.83,768.13,776.39,14580000.0,770.614,714.3109999999999,81.26735857330794,0.019923838585115927,BULLISH,RSI_HIGH,HIGH_VOLATILITY
2022-01-13,781.74,783.89,776.34,779.77,6160000.0,771.8140000000001,718.2030000000001,85.73032026339416,0.019363128547389502,BULLISH,RSI_HIGH,HIGH_VOLATILITY
2022-01-14,776.44,783.54,771.8,782.16,5700000.0,775.268,722.8525000000001,85.57052058111377,0.018565003929123244,BULLISH,RSI_HIGH,LOW_VOLATILITY
2022-01-17,780.89,789.93,779.09,784.19,6800000.0,777.6899999999999,728.9365,85.61840120663648,0.015279848248752382,BULLISH,RSI_HIGH,LOW_VOLATILITY
2022-01-18,788.92,793.42,770.56,773.35,11300000.0,779.172,734.761,79.07513642087586,0.015633577097130973,BULLISH,RSI_HIGH,LOW_VOLATILITY
2022-01-19,783.93,803.41,746.28,756.15,50000000.0,775.124,738.7585,72.41335127170221,0.016217341116131267,BULLISH,RSI_HIGH,LOW_VOLATILITY
2022-01-20,759.97,763.96,739.09,752.0,29100000.0,769.57,741.817,68.45094894413258,0.0159488261457815,BULLISH,RSI_NORMAL,LOW_VOLATILITY
2022-01-21,739.24,748.88,729.59,736.37,13700000.0,760.412,744.422,55.45473878216488,0.01664974468231037,BEARISH,RSI_NORMAL,LOW_VOLATILITY
2022-01-24,734.0,734.0,680.84,692.23,25030000.0,742.02,744.6265,38.122505639423935,0.021899753478165074,BEARISH,RSI_NORMAL,HIGH_VOLATILITY
2022-01-25,689.06,698.65,674.3,695.43,25260000.0,726.4359999999999,744.9114999999999,25.371468433903033,0.021915766586843997,BEARISH,RSI_LOW,HIGH_VOLATILITY
2022-01-27,681.43,689.3,669.9,682.77,17610000.0,711.76,744.5385,19.314809819260844,0.022317062459946465,BEARISH,RSI_LOW,HIGH_VOLATILITY
2022-01-28,695.16,703.6,683.57,685.79,14680000.0,698.518,744.519,22.230023873051522,0.022300681391576566,BEARISH,RSI_LOW,HIGH_VOLATILITY
2022-01-31,697.04,706.63,692.07,699.07,12510000.0,691.058,744.6334999999999,25.419163692680627,0.022458179105930263,BEARISH,RSI_LOW,HIGH_VOLATILITY
2022-02-01,706.63,710.61,687.66,700.51,13830000.0,692.7139999999999,743.6099999999999,27.251234267436175,0.02096883162442917,BEARISH,RSI_LOW,HIGH_VOLATILITY
2022-02-02,709.04,727.01,708.54,723.76,13400000.0,698.38,743.133,33.197113849690325,0.021993200224786104,BEARISH,RSI_NORMAL,HIGH_VOLATILITY
2022-02-03,724.31,727.71,709.04,710.1,8400000.0,703.846,740.336,29.126969860387092,0.019598155990890823,BEARISH,RSI_LOW,HIGH_VOLATILITY
2022-02-04,708.04,717.86,704.54,714.87,8230000.0,709.662,737.3910000000001,30.123471377089857,0.019488341209188062,BEARISH,RSI_NORMAL,HIGH_VOLATILITY
2022-02-07,715.53,715.53,687.16,692.12,11830000.0,708.2719999999999,733.7524999999999,25.76977735670296,0.020420769519374188,BEARISH,RSI_LOW,HIGH_VOLATILITY
2022-02-08,699.05,713.73,690.53,704.54,16410000.0,709.0780000000001,730.3755,32.04050738633394,0.020818676788940605,BEARISH,RSI_NORMAL,HIGH_VOLATILITY
2022-02-09,711.89,714.82,706.04,710.77,6490000.0,706.4799999999999,727.617,37.43632336655592,0.0210039495740058,BEARISH,RSI_NORMAL,HIGH_VOLATILITY
2022-02-10,712.53,723.02,705.54,712.73,12440000.0,707.006,724.434,38.994450983689255,0.020674288713985852,BEARISH,RSI_NORMAL,HIGH_VOLATILITY
2022-02-11,703.04,707.03,691.16,700.21,12760000.0,704.074,720.4559999999999,39.68625213918996,0.02078537912657409,BEARISH,RSI_NORMAL,HIGH_VOLATILITY
2022-02-14,680.07,692.06,673.49,677.67,11700000.0,701.184,715.2315,45.26350032530902,0.021532806379704523,BEARISH,RSI_NORMAL,HIGH_VOLATILITY
2022-02-15,679.08,718.52,677.67,713.23,13470000.0,702.922,711.6835,54.78340320326778,0.025259053426741635,BULLISH,RSI_NORMAL,HIGH_VOLATILITY
2022-02-16,717.52,721.51,704.04,705.9,10540000.0,701.9480000000001,708.311,56.39904830410003,0.02520200934565688,BEARISH,RSI_NORMAL,HIGH_VOLATILITY
2022-02-17,711.03,711.83,697.25,707.28,9040000.0,700.858,705.8675000000001,55.99977664861243,0.024871491600127187,BULLISH,RSI_NORMAL,HIGH_VOLATILITY
2022-02-18,701.05,710.63,700.05,702.05,7630000.0,701.226,703.3700000000001,50.87114125350793,0.024885016334147102,BEARISH,RSI_NORMAL,HIGH_VOLATILITY
2022-02-21,699.05,707.13,690.16,699.68,8170000.0,705.6279999999999,701.5355,49.758678839332426,0.02453721613656484,BEARISH,RSI_NORMAL,HIGH_VOLATILITY
2022-02-22,679.08,702.66,677.98,700.18,12590000.0,703.018,701.933,42.09891435464415,0.020439390079081746,BEARISH,RSI_NORMAL,HIGH_VOLATILITY
2022-02-23,705.04,710.77,701.79,703.5,7950000.0,702.5379999999999,702.3365,47.623847926267274,0.020440587503291304,BULLISH,RSI_NORMAL,HIGH_VOLATILITY
2022-02-24,679.08,689.08,658.35,661.88,19300000.0,693.458,701.292,34.92289307460311,0.02415597998495267,BEARISH,RSI_NORMAL,HIGH_VOLATILITY
2022-02-25,679.08,698.05,674.98,695.99,14130000.0,692.246,701.802,51.03426158533326,0.02688382875119004,BEARISH,RSI_NORMAL,HIGH_VOLATILITY
2022-02-28,685.07,701.55,679.73,699.28,15810000.0,692.1659999999999,701.8125,48.522139806698135,0.026557166678288145,BEARISH,RSI_NORMAL,HIGH_VOLATILITY
2022-03-02,690.86,692.69,675.28,682.23,16079999.999999998,688.5759999999999,700.8985,42.44093653988772,0.027119782709606178,BEARISH,RSI_NORMAL,HIGH_VOLATILITY
2022-03-03,691.06,693.49,671.59,673.92,13340000.0,682.6600000000001,698.4065,40.055347716906674,0.025985627130320044,BEARISH,RSI_NORMAL,HIGH_VOLATILITY
2022-03-04,667.93,668.89,649.12,652.9,19970000.0,680.864,695.5465,38.38334233659088,0.026516157262460215,BEARISH,RSI_NORMAL,HIGH_VOLATILITY
2022-03-07,634.14,636.13,609.17,611.67,28440000.0,664.0,690.3865,35.15653112630444,0.029485709229497968,BEARISH,RSI_NORMAL,HIGH_VOLATILITY
2022-03-08,611.97,620.89,590.49,615.35,28860000.0,647.214,686.548,24.30161730728841,0.029043362911791187,BEARISH,RSI_LOW,HIGH_VOLATILITY
2022-03-09,621.1,651.61,611.35,646.37,22800000.0,640.042,683.6395,36.09956568439735,0.031244112021328634,BEARISH,RSI_NORMAL,HIGH_VOLATILITY
2022-03-10,678.48,678.48,649.22,657.6,20920000.0,636.778,680.981,38.90972408250738,0.03148362031645161,BEARISH,RSI_NORMAL,HIGH_VOLATILITY
2022-03-11,654.11,667.59,648.12,661.9,12650000.0,638.578,678.4395,40.999775835014574,0.03153390972945055,BEARISH,RSI_NORMAL,HIGH_VOLATILITY
2022-03-14,659.2,667.99,649.12,665.64,12670000.0,649.3720000000001,676.711,42.416005703591495,0.031405025148178195,BEARISH,RSI_NORMAL,HIGH_VOLATILITY
2022-03-15,666.81,674.08,659.6,665.75,14790000.0,659.452,676.115,42.315761281971184,0.030594024128872466,BEARISH,RSI_NORMAL,HIGH_VOLATILITY
2022-03-16,677.08,689.0,673.42,683.13,16340000.0,666.804,674.61,45.722205888529544,0.028703480810423013,BULLISH,RSI_NORMAL,HIGH_VOLATILITY
2022-03-17,693.83,704.73,692.07,698.49,16710000.0,674.982,674.2394999999999,58.64136335740925,0.02912353798099385,BULLISH,RSI_NORMAL,HIGH_VOLATILITY
2022-03-21,699.05,700.92,684.07,686.11,9620000.0,679.824,673.181,47.40136770120989,0.02938100862698276,BULLISH,RSI_NORMAL,HIGH_VOLATILITY
2022-03-22,686.07,700.05,675.78,697.63,12740000.0,686.222,672.9599999999999,49.58402662229618,0.029605346140808564,BULLISH,RSI_NORMAL,HIGH_VOLATILITY
2022-03-23,704.04,709.43,696.05,699.53,11770000.0,692.9780000000001,672.9525000000001,54.722131237034596,0.02959902184871201,BULLISH,RSI_NORMAL,HIGH_VOLATILITY
2022-03-24,695.95,702.6,687.19,698.8,7840000.0,696.112,672.8835,57.08428246013668,0.02960067882262333,BULLISH,RSI_NORMAL,HIGH_VOLATILITY
2022-03-25,704.94,705.78,693.06,696.4,7020000.0,695.694,672.5285,63.85526818703019,0.02959287997891159,BULLISH,RSI_NORMAL,HIGH_VOLATILITY
2022-03-28,698.05,702.54,686.07,699.19,9370000.0,698.3100000000001,674.394,86.91580900961702,0.026123722521397566,BULLISH,RSI_HIGH,HIGH_VOLATILITY
2022-03-29,703.04,705.04,697.5,702.98,7160000.0,699.38,674.7434999999999,86.92793931731985,0.023527114194573234,BULLISH,RSI_HIGH,HIGH_VOLATILITY
2022-03-30,709.04,726.46,708.94,724.2,12720000.0,704.314,675.9895,85.75103353238403,0.024424352363046003,BULLISH,RSI_HIGH,HIGH_VOLATILITY
2022-03-31,727.8,743.49,723.08,725.01,16329999.999999998,709.556,678.1285,84.24260896068272,0.023625046965396725,BULLISH,RSI_HIGH,HIGH_VOLATILITY
2022-04-01,722.01,743.89,721.05,739.8,8720000.0,718.236,681.4225,85.76019096584649,0.023623711730602074,BULLISH,RSI_HIGH,HIGH_VOLATILITY
2022-04-04,743.89,758.06,741.99,748.05,10500000.0,728.008,686.18,86.32636868553293,0.02206071305342874,BULLISH,RSI_HIGH,HIGH_VOLATILITY
2022-04-05,742.49,746.98,732.0,737.84,10720000.0,734.9799999999999,692.4884999999999,79.17914676596783,0.015600108108614525,BULLISH,RSI_HIGH,LOW_VOLATILITY
2022-04-06,734.0,741.49,729.01,733.7,7670000.0,736.88,698.4060000000001,72.92592256777591,0.015950835162501203,BULLISH,RSI_HIGH,LOW_VOLATILITY
2022-04-07,730.01,734.6,726.01,728.03,7180000.0,737.484,702.489,64.68190854870775,0.013027739514213718,BULLISH,RSI_NORMAL,LOW_VOLATILITY
2022-04-08,731.83,741.49,725.01,735.66,8820000.0,736.6560000000001,706.392,75.84767866458007,0.012801494021977586,BULLISH,RSI_HIGH,LOW_VOLATILITY
2022-04-11,733.51,737.4,728.51,732.67,5980000.0,733.5799999999999,709.9305,70.0641319285387,0.012983265773629477,BULLISH,RSI_HIGH,LOW_VOLATILITY
2022-04-12,729.0,729.0,721.02,726.46,8060000.000000001,731.3039999999999,712.9715,64.69496889664961,0.013335311747124665,BULLISH,RSI_NORMAL,LOW_VOLATILITY
2022-04-13,730.31,737.0,727.22,731.85,6720000.0,730.934,716.2765,67.16169903416767,0.013310835745933733,BULLISH,RSI_NORMAL,LOW_VOLATILITY
2022-04-18,725.56,736.5,722.18,725.16,7580000.0,730.36,718.3779999999999,64.29707695366872,0.012662937967494577,BULLISH,RSI_NORMAL,LOW_VOLATILITY
2022-04-19,729.01,743.32,714.13,724.97,11910000.0,728.222,719.702,63.15574607062668,0.011820464486861682,BULLISH,RSI_NORMAL,LOW_VOLATILITY
2022-04-20,726.51,728.48,695.05,702.29,15580000.0,722.146,720.511,49.70480020535636,0.01330293986994033,BEARISH,RSI_NORMAL,LOW_VOLATILITY
2022-04-21,708.94,717.72,703.77,712.84,8750000.0,719.4219999999999,721.2715000000001,44.65160075329566,0.013199710439361297,BEARISH,RSI_NORMAL,LOW_VOLATILITY
2022-04-22,707.04,719.72,706.18,710.11,8080000.0,715.074,721.8004999999999,43.10950795412506,0.013240176979710718,BEARISH,RSI_NORMAL,LOW_VOLATILITY
2022-04-25,699.05,706.53,694.06,699.6,6850000.0,709.962,721.8405,30.64329738058555,0.013692479926762795,BEARISH,RSI_NORMAL,LOW_VOLATILITY
2022-04-26,712.13,725.31,708.74,723.07,10120000.0,709.5820000000001,723.174,39.509491012934696,0.01555406747315,BEARISH,RSI_NORMAL,LOW_VOLATILITY
2022-04-27,709.04,709.04,667.98,670.5,39840000.0,703.2239999999999,721.7395,29.141370338248066,0.022801615528970694,BEARISH,RSI_LOW,HIGH_VOLATILITY
2022-04-28,673.88,679.58,657.11,671.85,24990000.0,695.0260000000001,720.183,30.50494862258087,0.022757198223586576,BEARISH,RSI_NORMAL,HIGH_VOLATILITY
2022-04-29,679.08,681.43,664.2,666.27,13380000.0,686.258,717.2864999999999,30.52226567427782,0.02148298783804727,BEARISH,RSI_NORMAL,HIGH_VOLATILITY
2022-05-02,654.11,664.08,651.66,661.71,12390000.0,678.6800000000001,714.1215,26.217276645011935,0.021458172555663492,BEARISH,RSI_LOW,HIGH_VOLATILITY
2022-05-04,662.09,665.87,628.15,633.11,16489999.999999998,660.688,708.787,22.509388115749985,0.02229797947479066,BEARISH,RSI_LOW,HIGH_VOLATILITY
2022-05-05,639.13,648.86,628.15,630.09,14860000.0,652.606,702.889,22.913036145932907,0.02187673164502647,BEARISH,RSI_LOW,HIGH_VOLATILITY
2022-05-06,619.26,619.66,596.69,599.21,30650000.0,638.0780000000001,695.9575000000001,17.391090569377553,0.023684982983129065,BEARISH,RSI_LOW,HIGH_VOLATILITY
2022-05-09,595.29,612.69,582.46,602.87,19360000.0,625.398,689.4159999999999,19.48090841028204,0.023944854558253115,BEARISH,RSI_LOW,HIGH_VOLATILITY
2022-05-10,599.18,610.47,589.2,592.04,11780000.0,611.464,682.6165,18.498507038248277,0.02401444971360874,BEARISH,RSI_LOW,HIGH_VOLATILITY
2022-05-11,594.89,598.85,572.92,579.91,18610000.0,600.824,674.829,19.472161245260452,0.0236192740001238,BEARISH,RSI_LOW,HIGH_VOLATILITY
2022-05-12,574.22,575.69,549.84,558.58,24940000.0,586.5219999999999,666.1245,13.483571631474305,0.0241992119931077,BEARISH,RSI_LOW,HIGH_VOLATILITY
2022-05-13,569.23,574.12,549.25,550.83,21050000.0,576.846,657.3430000000001,13.170551239363675,0.02417397411233553,BEARISH,RSI_LOW,HIGH_VOLATILITY
2022-05-16,556.74,570.42,548.05,563.77,14150000.0,569.0260000000001,648.9390000000001,18.94178442401791,0.02515191246171702,BEARISH,RSI_LOW,HIGH_VOLATILITY
2022-05-17,565.23,584.11,564.43,582.94,14020000.0,567.206,641.828,17.31585576339974,0.027233214858672476,BEARISH,RSI_LOW,HIGH_VOLATILITY
2022-05-18,588.19,594.86,578.21,580.73,16550000.0,567.3700000000001,634.6160000000001,22.632766294738133,0.02717477406297617,BEARISH,RSI_LOW,HIGH_VOLATILITY
2022-05-19,564.33,573.72,560.34,569.92,10650000.0,569.6380000000001,627.9975000000001,20.620280163717055,0.02681432405432498,BEARISH,RSI_LOW,HIGH_VOLATILITY
2022-05-20,583.21,583.4,570.42,576.18,10990000.0,574.708,621.1645,24.134366925064583,0.026630237865755607,BEARISH,RSI_LOW,HIGH_VOLATILITY
2022-05-23,581.71,589.82,576.34,578.61,9680000.0,577.676,614.5895,25.84583188001396,0.02679252664884177,BEARISH,RSI_LOW,HIGH_VOLATILITY
2022-05-24,577.51,582.51,571.72,579.09,10840000.0,576.906,608.5640000000001,31.23002084781099,0.02686807198097149,BEARISH,RSI_NORMAL,HIGH_VOLATILITY
2022-05-25,583.11,586.97,579.39,581.95,8680000.0,577.15,601.508,33.25448726867958,0.02518946459296505,BEARISH,RSI_NORMAL,HIGH_VOLATILITY
2022-05-26,584.2,586.75,564.57,580.99,12600000.0,579.3639999999999,597.0325,41.99613424705676,0.020533274483065866,BEARISH,RSI_NORMAL,HIGH_VOLATILITY
2022-05-27,589.2,606.87,585.31,598.54,16260000.000000002,583.836,593.367,48.30475295591574,0.022088915215897984,BULLISH,RSI_NORMAL,HIGH_VOLATILITY
2022-05-30,607.97,611.87,603.29,610.29,8170000.0,590.1719999999999,590.568,57.09399051543185,0.022776550501398794,BULLISH,RSI_NORMAL,HIGH_VOLATILITY
2022-05-31,610.17,616.08,600.83,607.39,15490000.0,595.832,587.852,61.50753768844221,0.02276823137705951,BULLISH,RSI_NORMAL,HIGH_VOLATILITY
2022-06-01,605.18,612.17,596.91,600.2,8880000.0,599.482,586.2065,69.77009310279307,0.020932102038578617,BULLISH,RSI_NORMAL,HIGH_VOLATILITY
2022-06-02,599.88,607.17,594.11,604.96,7510000.0,604.2760000000001,584.95,76.46426126918936,0.0210505272177237,BULLISH,RSI_HIGH,HIGH_VOLATILITY
2022-06-03,611.67,615.96,600.58,602.0,10430000.0,604.9680000000001,585.0894999999999,70.71188644490191,0.017924991433502152,BULLISH,RSI_HIGH,LOW_VOLATILITY
2022-06-06,600.0,604.18,590.3,601.28,7380000.0,603.1659999999999,585.01,62.4187432286023,0.01787658977078031,BULLISH,RSI_NORMAL,LOW_VOLATILITY
2022-06-07,597.19,598.18,582.57,587.06,8970000.0,599.1,584.761,53.686662783925414,0.018219533178468,BULLISH,RSI_NORMAL,LOW_VOLATILITY
2022-06-08,589.2,604.58,579.44,594.62,13340000.0,597.984,585.4965,64.95157384987894,0.017792862314908828,BULLISH,RSI_NORMAL,LOW_VOLATILITY
2022-06-09,589.7,592.35,584.7,589.05,12380000.0,594.8019999999999,587.02,57.85618361616407,0.015619591038464777,BULLISH,RSI_NORMAL,LOW_VOLATILITY
2022-06-10,581.71,582.71,564.47,565.98,21520000.0,587.598,587.7774999999999,43.84202827888835,0.017896170334538792,BEARISH,RSI_NORMAL,LOW_VOLATILITY
2022-06-13,551.75,554.65,531.78,535.1,19330000.0,574.3620000000001,586.3439999999999,33.45618653629185,0.021077826228099693,BEARISH,RSI_NORMAL,HIGH_VOLATILITY
2022-06-14,533.97,545.36,527.7,536.84,18850000.0,564.318,584.039,32.89084426913449,0.01933244904810209,BEARISH,RSI_NORMAL,HIGH_VOLATILITY
2022-06-15,541.06,549.24,538.88,547.75,16600000.000000002,554.944,582.39,38.27761320355479,0.020079110351626954,BEARISH,RSI_NORMAL,HIGH_VOLATILITY
2022-06-16,555.74,560.73,524.77,527.67,21800000.0,542.668,580.2774999999999,25.445222091331175,0.02120454055491673,BEARISH,RSI_LOW,HIGH_VOLATILITY
2022-06-17,521.29,546.76,521.29,541.22,19380000.0,537.716,578.5295,26.363698583259236,0.02197794897483133,BEARISH,RSI_LOW,HIGH_VOLATILITY
2022-06-20,542.06,550.25,534.47,546.3,11190000.0,539.9559999999999,576.914,29.40184773079777,0.0220960232400316,BEARISH,RSI_LOW,HIGH_VOLATILITY
2022-06-21,551.75,555.64,544.76,554.16,10020000.0,543.42,575.6675,34.54618689581095,0.022413569401206854,BEARISH,RSI_NORMAL,HIGH_VOLATILITY
2022-06-22,552.4,552.4,539.77,543.22,8980000.0,542.514,573.731,30.10184349619699,0.02269168192274984,BEARISH,RSI_NORMAL,HIGH_VOLATILITY
2022-06-23,543.82,548.75,533.57,544.07,11020000.0,545.7940000000001,571.885,31.07233875710648,0.02271453660335306,BEARISH,RSI_NORMAL,HIGH_VOLATILITY
2022-06-24,550.25,560.9,544.76,558.02,13050000.0,549.1539999999999,569.859,36.99025622518947,0.022383370239431943,BEARISH,RSI_NORMAL,HIGH_VOLATILITY
2022-06-27,569.23,571.72,558.02,563.35,10490000.0,552.5640000000001,567.512,42.46679799199342,0.02195017879649274,BEARISH,RSI_NORMAL,HIGH_VOLATILITY
2022-06-28,559.94,561.14,551.75,556.87,7400000.0,553.106,564.9860000000001,37.923091688527734,0.022018010551904593,BEARISH,RSI_NORMAL,HIGH_VOLATILITY
2022-06-29,547.75,554.65,545.26,550.53,7560000.0,554.568,562.5024999999999,37.73717050808608,0.022009871618588746,BEARISH,RSI_NORMAL,HIGH_VOLATILITY
2022-06-30,550.53,552.77,536.97,539.32,11980000.0,553.618,559.2205,40.81955922865016,0.022106548031393267,BEARISH,RSI_NORMAL,HIGH_VOLATILITY
2022-07-01,535.67,562.63,532.78,560.68,12220000.0,554.15,557.1545,59.42659198113206,0.024300329934693044,BULLISH,RSI_NORMAL,HIGH_VOLATILITY
2022-07-04,560.53,564.13,553.35,562.26,7900000.0,553.932,555.2035,59.378689492325854,0.024334878567024893,BULLISH,RSI_NORMAL,HIGH_VOLATILITY
2022-07-05,565.23,574.72,561.88,565.34,12280000.0,555.626,554.1175000000001,56.88777508027255,0.023905955105638987,BULLISH,RSI_NORMAL,HIGH_VOLATILITY
2022-07-06,567.23,593.08,563.82,590.87,22230000.0,563.6940000000001,553.93,73.73441490160738,0.025938840852789528,BULLISH,RSI_HIGH,HIGH_VOLATILITY
2022-07-07,592.69,597.88,580.81,585.27,13350000.0,572.884,553.741,67.59325824746387,0.02594094860267383,BULLISH,RSI_NORMAL,HIGH_VOLATILITY
2022-07-08,591.99,591.99,579.31,586.52,8029999.999999999,578.0519999999999,554.768,66.57053394858275,0.02424779869106961,BULLISH,RSI_NORMAL,HIGH_VOLATILITY
2022-07-11,584.2,589.59,580.59,585.35,7610000.0,582.67,557.2805000000001,63.59989535187935,0.020317370069144507,BULLISH,RSI_NORMAL,HIGH_VOLATILITY
2022-07-12,584.19,595.15,577.61,586.56,9750000.0,586.914,559.7665,70.64989517819706,0.02032351801918426,BULLISH,RSI_HIGH,HIGH_VOLATILITY
2022-07-13,592.19,597.09,585.86,587.09,8870000.0,586.158,561.7335,70.56012234754351,0.01999575565492227,BULLISH,RSI_HIGH,HIGH_VOLATILITY
2022-07-14,591.69,591.89,578.68,582.29,6930000.0,585.562,564.4645,62.7107992039384,0.017874595305437443,BULLISH,RSI_NORMAL,LOW_VOLATILITY
2022-07-15,584.7,592.02,580.5,590.72,5700000.0,586.402,566.9395000000001,63.8835345439789,0.0173635952548358,BULLISH,RSI_NORMAL,LOW_VOLATILITY
2022-07-18,596.18,605.99,592.33,605.16,9660000.0,590.364,569.8824999999999,72.66497700178353,0.01790349797379185,BULLISH,RSI_HIGH,LOW_VOLATILITY
2022-07-19,603.18,608.99,599.39,605.77,9790000.0,594.206,572.463,77.40079365079367,0.017794897420597942,BULLISH,RSI_HIGH,LOW_VOLATILITY
2022-07-20,614.06,614.12,603.38,606.61,8270000.0,598.11,575.6324999999999,87.20557337166865,0.016876565637318937,BULLISH,RSI_HIGH,LOW_VOLATILITY
2022-07-21,607.07,627.46,602.78,625.84,13250000.0,606.8199999999999,579.721,86.89694224235558,0.01781050209820382,BULLISH,RSI_HIGH,LOW_VOLATILITY
2022-07-22,626.25,631.64,620.93,624.97,9530000.0,613.6700000000001,583.0685000000001,85.79746546409403,0.017355229003929103,BULLISH,RSI_HIGH,LOW_VOLATILITY
2022-07-25,623.15,632.54,617.66,621.85,7240000.0,617.008,585.9934999999999,82.24352390733762,0.0174948828026654,BULLISH,RSI_HIGH,LOW_VOLATILITY
2022-07-26,629.14,637.5,620.41,625.59,15300000.0,620.972,589.4295,76.36695018225998,0.0170531114750461,BULLISH,RSI_HIGH,LOW_VOLATILITY
2022-07-27,627.05,642.07,618.66,638.77,14450000.0,627.404,593.8415,86.43421411059653,0.016857595296339144,BULLISH,RSI_HIGH,LOW_VOLATILITY
2022-07-28,651.31,710.03,651.31,706.7,64860000.0,643.576,602.2105,92.89079229122054,0.026721714417435847,BULLISH,RSI_HIGH,HIGH_VOLATILITY
2022-07-29,716.52,725.01,711.53,719.93,26070000.0,662.568,610.173,94.22318611987377,0.026065530859974602,BULLISH,RSI_HIGH,HIGH_VOLATILITY
2022-08-01,724.12,730.01,718.22,725.11,12270000.0,683.22,618.3154999999999,94.3700762185358,0.02599483746080537,BULLISH,RSI_HIGH,HIGH_VOLATILITY
2022-08-02,719.17,734.6,717.24,733.19,12490000.0,704.74,626.708,94.62976539589438,0.025938171888114692,BULLISH,RSI_HIGH,HIGH_VOLATILITY
2022-08-03,731.6,736.64,720.82,728.64,12190000.0,722.7139999999999,633.5965,94.77452120173771,0.025157923351705018,BULLISH,RSI_HIGH,HIGH_VOLATILITY
2022-08-04,732.9,737.5,719.52,730.67,9490000.0,727.508,640.8665,94.56154874864671,0.024783873676799083,BULLISH,RSI_HIGH,HIGH_VOLATILITY
2022-08-05,733.0,735.79,726.62,729.48,7580000.0,729.4179999999999,648.0145,93.23271665043816,0.024872325019082406,BULLISH,RSI_HIGH,HIGH_VOLATILITY
2022-08-08,729.01,738.79,725.41,733.22,9570000.0,731.0400000000001,655.408,93.37689742018922,0.02472335299585988,BULLISH,RSI_HIGH,HIGH_VOLATILITY
2022-08-10,735.9,735.9,709.53,713.97,19070000.0,727.196,661.7785,82.47036051294458,0.02607234371695891,BULLISH,RSI_HIGH,HIGH_VOLATILITY
2022-08-11,723.42,731.5,720.75,730.9,10270000.0,727.648,668.969,82.22304011777695,0.026143803071535403,BULLISH,RSI_HIGH,HIGH_VOLATILITY
2022-08-12,729.21,733.3,726.22,729.95,10370000.0,727.5040000000001,676.352,82.18270999386881,0.025918106950883955,BULLISH,RSI_HIGH,HIGH_VOLATILITY
2022-08-16,732.9,737.4,726.22,727.62,8039999.999999999,727.1320000000001,683.197,82.58271209414085,0.02611768116105137,BULLISH,RSI_HIGH,HIGH_VOLATILITY
2022-08-17,729.01,762.76,728.61,751.69,23440000.0,730.826,690.5235,84.52146298729743,0.026424979219353734,BULLISH,RSI_HIGH,HIGH_VOLATILITY
2022-08-18,747.98,757.85,744.23,747.81,8350000.0,737.594,697.6255,81.45263643706008,0.02658594485073974,BULLISH,RSI_HIGH,HIGH_VOLATILITY
2022-08-19,749.98,752.85,726.11,729.18,11000000.0,737.25,703.7540000000001,59.06159303450495,0.027708360988607485,BULLISH,RSI_NORMAL,HIGH_VOLATILITY
2022-08-22,725.11,726.99,707.92,709.25,10610000.0,733.11,707.9245000000001,45.91555759522719,0.02836579966069664,BULLISH,RSI_NORMAL,HIGH_VOLATILITY
2022-08-23,707.54,724.01,704.04,719.79,10890000.0,731.544,712.6655,48.04555473916236,0.02835638681128955,BULLISH,RSI_NORMAL,HIGH_VOLATILITY
2022-08-24,715.53,722.66,713.03,716.71,9530000.0,724.548,717.4084999999999,43.71472158657512,0.028340355066969174,BEARISH,RSI_NORMAL,HIGH_VOLATILITY
2022-08-25,720.3,722.92,701.56,703.76,13540000.0,715.7379999999999,721.317,41.082437275985654,0.028912187524299263,BEARISH,RSI_NORMAL,HIGH_VOLATILITY
2022-08-26,711.03,713.18,701.62,705.25,7590000.0,710.952,724.641,40.85348301669546,0.028712054011812153,BEARISH,RSI_NORMAL,HIGH_VOLATILITY
2022-08-29,687.16,700.6,685.2,695.49,9970000.0,708.2,724.0805,38.48030908967667,0.016393700194172554,BEARISH,RSI_NORMAL,LOW_VOLATILITY
2022-08-30,699.05,732.5,699.05,729.63,17310000.0,710.168,724.5654999999999,48.99117630528859,0.019412590199785147,BULLISH,RSI_NORMAL,HIGH_VOLATILITY
2022-09-01,721.88,732.39,713.23,717.15,14630000.0,710.256,724.1675,50.92895536340266,0.01975181717605926,BEARISH,RSI_NORMAL,HIGH_VOLATILITY
2022-09-02,720.73,730.31,716.37,718.06,9060000.0,713.116,723.411,45.86180224313522,0.019571523624723728,BEARISH,RSI_NORMAL,HIGH_VOLATILITY
2022-09-05,718.09,724.41,714.83,718.64,7070000.0,715.794,722.9110000000001,46.34619112231051,0.019533530314784515,BEARISH,RSI_NORMAL,HIGH_VOLATILITY
2022-09-06,721.89,724.51,709.53,710.97,7920000.0,718.89,721.926,44.80044969083756,0.019645475310790708,BEARISH,RSI_NORMAL,HIGH_VOLATILITY
2022-09-07,706.84,719.82,706.04,715.68,7920000.0,716.1,721.236,37.207815275310786,0.01972218202556831,BEARISH,RSI_NORMAL,HIGH_VOLATILITY
2022-09-08,721.02,726.96,716.52,724.78,7720000.0,717.626,720.814,42.11139275193533,0.01991368802171747,BULLISH,RSI_NORMAL,HIGH_VOLATILITY
2022-09-09,729.01,731.4,715.53,717.11,6500000.0,717.4359999999999,720.971,45.52996074364864,0.01913562061880061,BEARISH,RSI_NORMAL,HIGH_VOLATILITY
2022-09-12,720.7,731.0,717.81,727.7,8350000.0,719.2479999999999,720.811,57.340654094055886,0.018660500729999665,BULLISH,RSI_NORMAL,HIGH_VOLATILITY
2022-09-13,732.0,743.39,730.25,739.34,13830000.0,724.922,721.2805000000001,57.71081486156034,0.01899752465134373,BULLISH,RSI_NORMAL,HIGH_VOLATILITY
2022-09-14,726.23,754.97,726.23,747.33,14930000.0,731.2520000000001,722.266,61.626670716889436,0.019099964579476433,BULLISH,RSI_NORMAL,HIGH_VOLATILITY
2022-09-15,747.98,752.26,735.97,737.63,7170000.0,733.822,721.563,63.18617145526747,0.017827310638324014,BULLISH,RSI_NORMAL,LOW_VOLATILITY
2022-09-16,737.5,747.0,718.46,726.42,11870000.0,735.684,720.4934999999999,57.66196163590299,0.018095928272017153,BULLISH,RSI_NORMAL,LOW_VOLATILITY
2022-09-19,726.51,751.42,718.12,748.59,16480000.0,739.8620000000001,721.4639999999999,67.63416578108395,0.018528227003586334,BULLISH,RSI_NORMAL,LOW_VOLATILITY
2022-09-20,755.97,770.45,755.47,762.5,16129999.999999998,744.494,724.1265,62.61029693854062,0.017591743675091035,BULLISH,RSI_NORMAL,LOW_VOLATILITY
2022-09-21,762.96,772.45,757.57,768.02,12390000.0,748.632,726.538,70.61684364107968,0.017420600528084248,BULLISH,RSI_HIGH,LOW_VOLATILITY
2022-09-22,765.96,776.74,758.97,770.91,12810000.0,755.288,729.2479999999999,71.08097327483048,0.017326817981111707,BULLISH,RSI_HIGH,LOW_VOLATILITY
2022-09-23,770.43,772.1,746.48,749.69,14120000.0,759.942,731.5445000000001,60.6342900198644,0.01806802076122052,BULLISH,RSI_NORMAL,LOW_VOLATILITY
2022-09-26,742.69,744.99,711.93,724.96,18750000.0,755.216,732.53,54.290095062864154,0.01981191051531656,BEARISH,RSI_NORMAL,HIGH_VOLATILITY
2022-09-27,731.5,736.99,720.03,723.3,11430000.0,747.376,733.9205000000001,52.381249999999994,0.01950525128943839,BEARISH,RSI_NORMAL,HIGH_VOLATILITY
2022-09-28,716.92,728.76,715.04,719.27,8690000.0,737.626,733.4024999999999,48.22177757697025,0.016116112763748934,BEARISH,RSI_NORMAL,LOW_VOLATILITY
2022-09-29,730.26,730.7,707.84,709.51,9700000.0,725.346,733.0205,47.57992612406062,0.015943926695710722,BEARISH,RSI_NORMAL,LOW_VOLATILITY
2022-09-30,707.14,735.2,701.73,732.58,16190000.000000002,721.924,733.7465,51.439528023598825,0.01756593800287287,BEARISH,RSI_NORMAL,LOW_VOLATILITY
2022-10-03,732.7,738.79,713.49,716.21,8199999.999999999,720.174,733.625,43.362222349767556,0.01833563705833683,BEARISH,RSI_NORMAL,LOW_VOLATILITY
2022-10-04,732.5,749.48,729.64,747.85,11910000.0,725.0840000000001,735.469,50.13139276329088,0.020616858764858702,BULLISH,RSI_NORMAL,HIGH_VOLATILITY
2022-10-06,753.97,758.87,733.69,739.41,15100000.0,729.1120000000001,736.6555000000001,50.45264978130403,0.02082682473787813,BULLISH,RSI_NORMAL,HIGH_VOLATILITY
2022-10-07,737.54,739.77,726.24,733.52,9910000.0,733.914,737.0925,51.85572399372714,0.02077164683867917,BEARISH,RSI_NORMAL,HIGH_VOLATILITY
2022-10-10,725.51,732.8,721.12,728.35,6530000.0,733.068,737.6545,44.193918531267926,0.020684534877964417,BEARISH,RSI_NORMAL,HIGH_VOLATILITY
2022-10-11,729.71,734.25,716.29,719.3,7320000.0,733.6859999999999,737.2345,37.252124645892344,0.020624183601316994,BEARISH,RSI_NORMAL,HIGH_VOLATILITY
2022-10-12,719.52,724.86,713.53,721.64,7410000.0,728.4440000000001,736.3495,36.051966798989554,0.020285737890645382,BEARISH,RSI_NORMAL,HIGH_VOLATILITY
2022-10-13,721.07,721.62,710.5,714.19,6090000.0,723.4,734.6925,33.39772860320808,0.02018754957717891,BEARISH,RSI_NORMAL,HIGH_VOLATILITY
2022-10-14,729.01,733.5,721.12,726.26,8390000.0,721.948,734.124,42.75375765448134,0.020441979459246522,BEARISH,RSI_NORMAL,HIGH_VOLATILITY
2022-10-17,724.51,736.23,720.72,734.52,6170000.0,723.182,734.529,53.29201101928373,0.020304906721162686,BEARISH,RSI_NORMAL,HIGH_VOLATILITY
2022-10-18,738.99,741.99,731.11,738.04,9070000.0,726.9300000000001,734.0015000000001,55.01155990752074,0.019098739865093348,BULLISH,RSI_NORMAL,HIGH_VOLATILITY
2022-10-19,740.69,742.99,734.0,737.04,6270000.0,730.01,732.7284999999999,56.16885371103241,0.018561058062047473,BULLISH,RSI_NORMAL,LOW_VOLATILITY
2022-10-20,735.99,743.89,725.11,742.23,10260000.0,735.6179999999999,731.439,61.73096228309194,0.018556192656279374,BULLISH,RSI_NORMAL,LOW_VOLATILITY
2022-10-21,747.98,747.98,714.33,718.3,23870000.0,734.0260000000001,728.8085,44.91163055872289,0.01972392865073764,BEARISH,RSI_NORMAL,HIGH_VOLATILITY
2022-10-24,730.01,730.01,718.02,719.67,2280000.0,731.0559999999999,727.3075,51.380466007021994,0.018905765270309762,BEARISH,RSI_NORMAL,HIGH_VOLATILITY
2022-10-25,723.27,723.27,708.04,709.32,9100000.0,725.312,726.5255,31.481303470152838,0.017714379760759624,BEARISH,RSI_NORMAL,LOW_VOLATILITY
2022-10-27,717.62,720.02,692.16,696.16,16410000.0,717.136,725.1685,30.11494252873564,0.018147477593580447,BEARISH,RSI_NORMAL,LOW_VOLATILITY
2022-10-28,699.05,708.04,697.05,699.73,8400000.0,708.636,724.1915,34.12571643333649,0.01818672110244231,BEARISH,RSI_NORMAL,LOW_VOLATILITY
2022-10-31,708.44,713.99,703.64,713.44,8189999.999999999,707.664,724.388,43.5156997477603,0.018510447459728765,BEARISH,RSI_NORMAL,LOW_VOLATILITY
2022-11-01,718.72,722.62,715.03,719.97,7630000.0,707.724,723.7574999999999,50.29791018230328,0.01705993829272131,BEARISH,RSI_NORMAL,LOW_VOLATILITY
2022-11-02,719.72,723.02,713.03,714.65,5860000.0,708.79,723.6795,46.97219093823096,0.016376682511385396,BEARISH,RSI_NORMAL,LOW_VOLATILITY
2022-11-03,709.53,718.52,708.25,711.19,6320000.0,711.796,721.8464999999999,48.65398420674803,0.012668097438858678,BEARISH,RSI_NORMAL,LOW_VOLATILITY
2022-11-04,711.19,721.51,711.19,720.22,9220000.0,715.894,720.887,47.214022140221424,0.01291865289732228,BEARISH,RSI_NORMAL,LOW_VOLATILITY
2022-11-07,723.82,724.08,710.13,718.03,7220000.0,716.8120000000001,720.1125,41.942734291019256,0.012830220921482019,BEARISH,RSI_NORMAL,LOW_VOLATILITY
2022-11-09,722.52,722.52,710.5,713.43,6900000.0,715.504,719.3665,38.100763949327934,0.012815059698939108,BEARISH,RSI_NORMAL,LOW_VOLATILITY
2022-11-10,714.83,715.53,695.51,696.56,10080000.0,711.886,718.2294999999999,33.031522468142214,0.013567184324833104,BEARISH,RSI_NORMAL,LOW_VOLATILITY
2022-11-11,713.93,714.81,698.55,704.19,12330000.0,710.486,717.357,34.373973052908354,0.013816661546132742,BEARISH,RSI_NORMAL,LOW_VOLATILITY
2022-11-14,704.53,709.73,699.15,701.63,8550000.0,706.768,716.729,41.69407075236676,0.013662557645624062,BEARISH,RSI_NORMAL,LOW_VOLATILITY
2022-11-15,702.56,705.28,697.15,701.62,7200000.0,703.4860000000001,715.497,40.882917466410795,0.013017684151675752,BEARISH,RSI_NORMAL,LOW_VOLATILITY
2022-11-16,700.15,702.53,684.33,688.57,13360000.0,698.5139999999999,713.1995,39.7974235421379,0.0131647809388343,BEARISH,RSI_NORMAL,LOW_VOLATILITY
2022-11-17,686.07,694.06,682.27,688.57,7340000.0,696.9159999999999,710.726,45.713317519484974,0.013055933311928895,BEARISH,RSI_NORMAL,LOW_VOLATILITY
2022-11-18,690.05,691.86,674.08,678.23,13280000.0,691.7239999999999,707.7855000000001,38.719832109129094,0.013299441961694008,BEARISH,RSI_NORMAL,LOW_VOLATILITY
2022-11-21,673.78,673.78,660.14,667.0,10720000.0,684.798,704.024,24.98383968972206,0.013309104774142388,BEARISH,RSI_LOW,LOW_VOLATILITY
2022-11-22,667.12,671.86,665.12,667.6,9590000.0,677.994,701.489,19.86419611002424,0.011741868829634402,BEARISH,RSI_LOW,LOW_VOLATILITY
2022-11-23,670.94,679.58,668.09,677.08,8940000.0,675.6960000000001,699.3595,29.368478857770526,0.012350602361828623,BEARISH,RSI_LOW,LOW_VOLATILITY
2022-11-24,680.47,683.06,672.81,676.21,7550000.0,673.224,697.704,30.22835179742262,0.012057591908501936,BEARISH,RSI_NORMAL,LOW_VOLATILITY
2022-11-25,676.08,676.88,666.59,673.83,8590000.0,672.344,696.5875,21.647720327588416,0.011445283968842208,BEARISH,RSI_LOW,LOW_VOLATILITY
2022-11-28,671.99,682.35,671.94,676.82,6040000.0,674.3080000000001,695.442,25.057499092119727,0.011425041839672304,BEARISH,RSI_LOW,LOW_VOLATILITY
2022-11-29,676.58,679.96,671.19,672.5,6820000.0,675.2880000000001,693.395,25.14271832867739,0.010311041723051029,BEARISH,RSI_LOW,LOW_VOLATILITY
2022-11-30,672.58,674.5,666.89,671.18,14830000.0,674.108,690.9555,30.997304582210333,0.009919330976918115,BEARISH,RSI_NORMAL,LOW_VOLATILITY
2022-12-01,674.54,676.08,669.79,673.86,9820000.0,673.638,688.9159999999999,25.473071324599786,0.010007886069549643,BEARISH,RSI_LOW,LOW_VOLATILITY
2022-12-02,672.11,673.28,663.8,666.67,14390000.0,672.2059999999999,686.69,23.69846524225106,0.010151637597110961,BEARISH,RSI_LOW,LOW_VOLATILITY
2022-12-05,666.55,668.99,662.3,665.14,10290000.0,669.87,683.9359999999999,23.168578993821797,0.00944677454469059,BEARISH,RSI_LOW,LOW_VOLATILITY
2022-12-06,666.53,672.58,662.3,668.94,8410000.0,669.158,681.4815000000001,33.28792780521039,0.009689688583368019,BEARISH,RSI_NORMAL,LOW_VOLATILITY
2022-12-07,671.58,671.58,659.2,661.62,9610000.0,667.246,678.891,29.598788796366478,0.009813850964032252,BEARISH,RSI_LOW,LOW_VOLATILITY
2022-12-08,667.09,667.09,655.11,657.3,11380000.0,663.934,676.9280000000001,32.5670498084292,0.008663257634897522,BEARISH,RSI_NORMAL,LOW_VOLATILITY
2022-12-09,659.35,660.9,648.12,650.86,11310000.0,660.7719999999999,674.2615000000001,35.391020999275995,0.008149062722228526,BEARISH,RSI_NORMAL,LOW_VOLATILITY
2022-12-12,649.93,653.01,638.33,649.77,11000000.0,657.698,671.6685,34.00322985824518,0.008164171392285998,BEARISH,RSI_NORMAL,LOW_VOLATILITY
2022-12-13,649.82,663.9,649.82,661.11,9590000.0,656.132,669.643,36.13474561555833,0.0094270171497591,BEARISH,RSI_NORMAL,LOW_VOLATILITY
2022-12-14,664.9,667.95,661.76,664.62,6780000.0,656.732,668.4455,40.37854889589909,0.008832109972065015,BEARISH,RSI_NORMAL,LOW_VOLATILITY
2022-12-15,662.3,670.49,659.5,661.64,8580000.0,657.6,667.0989999999999,39.980272891665315,0.00884274647107393,BEARISH,RSI_NORMAL,LOW_VOLATILITY
2022-12-16,658.1,668.62,655.11,658.79,8800000.0,659.186,666.127,35.14582303509641,0.008318960132827857,BEARISH,RSI_NORMAL,LOW_VOLATILITY
2022-12-19,659.11,669.59,658.8,667.79,6600000.0,662.79,666.1665,46.39743001376778,0.008167794418552525,BULLISH,RSI_NORMAL,LOW_VOLATILITY
2022-12-20,665.09,668.97,657.61,663.38,6080000.0,663.2439999999999,665.9554999999999,44.30324276950049,0.008299947399196263,BEARISH,RSI_NORMAL,LOW_VOLATILITY
2022-12-21,668.48,668.48,649.62,651.78,6220000.0,660.676,664.6904999999999,35.73274747996901,0.008412999567363605,BEARISH,RSI_NORMAL,LOW_VOLATILITY
2022-12-22,656.11,656.61,639.83,648.18,8500000.0,657.9839999999999,663.289,37.47120205989974,0.008450816996211552,BEARISH,RSI_NORMAL,LOW_VOLATILITY
2022-12-23,644.12,645.72,633.14,636.59,9940000.0,653.5440000000001,661.427,32.975551580202804,0.009159904189909347,BEARISH,RSI_NORMAL,LOW_VOLATILITY
2022-12-26,636.6,646.11,629.14,642.5,5310000.0,648.4860000000001,659.711,34.62075383899486,0.009421773323663502,BEARISH,RSI_NORMAL,LOW_VOLATILITY
2022-12-27,645.72,652.11,642.13,649.59,7810000.0,645.7280000000001,658.5655,42.98378630584395,0.00984496157392768,BEARISH,RSI_NORMAL,LOW_VOLATILITY
2022-12-28,646.62,656.11,645.53,646.73,7560000.0,644.7180000000001,657.3430000000001,43.72849175269969,0.009863679190800776,BEARISH,RSI_NORMAL,LOW_VOLATILITY
2022-12-29,643.12,651.16,639.37,650.21,5220000.0,645.124,656.1605,49.600295166646184,0.009911404171196169,BEARISH,RSI_NORMAL,LOW_VOLATILITY
2022-12-30,654.11,671.08,650.61,656.63,15200000.0,649.132,655.6585,53.95891043397969,0.01000115350122933,BULLISH,RSI_NORMAL,LOW_VOLATILITY
2023-01-02,655.61,660.1,647.59,654.48,5790000.0,651.528,655.1255,45.71981923821821,0.010011709049020863,BEARISH,RSI_NORMAL,LOW_VOLATILITY
2023-01-03,655.61,665.09,652.11,659.73,7420000.0,653.556,654.665,46.91248895062509,0.010103155592206758,BULLISH,RSI_NORMAL,LOW_VOLATILITY
2023-01-04,658.6,662.9,654.11,656.21,6710000.0,655.452,654.3945000000001,46.59475730590747,0.009877624058215772,BULLISH,RSI_NORMAL,LOW_VOLATILITY
2023-01-05,648.12,648.12,601.69,609.18,51020000.0,647.2460000000001,651.9885,29.981438140585894,0.0187616916911914,BEARISH,RSI_LOW,HIGH_VOLATILITY
2023-01-06,612.17,613.16,593.35,597.23,29320000.0,635.366,649.307,22.189815544694937,0.019057951098332963,BEARISH,RSI_LOW,HIGH_VOLATILITY
2023-01-09,601.18,606.97,594.69,598.52,14010000.0,624.174,646.7445,23.791821561338267,0.01910299869026369,BEARISH,RSI_LOW,HIGH_VOLATILITY
2023-01-10,599.08,600.68,586.7,589.61,11200000.0,610.15,643.1695,24.320528707145783,0.018559648052126693,BEARISH,RSI_LOW,LOW_VOLATILITY
2023-01-11,592.19,594.09,585.76,588.77,11090000.0,596.662,639.377,24.887987150224006,0.018413024273747868,BEARISH,RSI_LOW,LOW_VOLATILITY
2023-01-12,589.85,595.68,584.9,589.04,14770000.0,592.634,635.7470000000001,27.774142282883005,0.01846575297382596,BEARISH,RSI_LOW,LOW_VOLATILITY
2023-01-13,591.2,597.69,586.4,596.97,11080000.0,592.582,632.6560000000001,29.112762638774214,0.018953644669206113,BEARISH,RSI_LOW,HIGH_VOLATILITY
2023-01-16,599.18,606.39,596.64,600.27,9080000.0,592.932,629.28,26.558935361216697,0.018622440209530855,BEARISH,RSI_LOW,LOW_VOLATILITY
2023-01-17,601.18,601.18,593.19,597.68,8170000.0,594.546,625.9950000000001,26.62727532640804,0.018620036287738027,BEARISH,RSI_LOW,LOW_VOLATILITY
2023-01-18,599.58,604.08,597.69,599.05,7960000.0,596.6020000000001,623.3585,25.121571678661695,0.018448118351493657,BEARISH,RSI_LOW,LOW_VOLATILITY
2023-01-19,597.49,602.15,595.25,600.43,5480000.0,598.88,620.971,21.26201677234606,0.01849798281451348,BEARISH,RSI_LOW,LOW_VOLATILITY
2023-01-20,600.43,601.16,582.93,585.24,8330000.0,596.5339999999999,618.4035,18.760151597184603,0.018868965729103987,BEARISH,RSI_LOW,HIGH_VOLATILITY
2023-01-23,587.3,592.69,583.31,585.5,8560000.0,593.5799999999999,615.5535,14.929604082018301,0.018643087947970993,BEARISH,RSI_LOW,LOW_VOLATILITY
2023-01-24,588.43,591.3,583.47,584.71,6080000.0,590.986,612.3095,15.324927255092106,0.01830381749232589,BEARISH,RSI_LOW,LOW_VOLATILITY
2023-01-25,584.21,584.71,576.91,578.8,8279999.999999999,586.936,608.913,25.49209422394317,0.018337090599841368,BEARISH,RSI_LOW,LOW_VOLATILITY
2023-01-27,580.71,585.36,567.23,575.29,16210000.0,581.908,605.167,29.510646245797474,0.018161750743468773,BEARISH,RSI_LOW,LOW_VOLATILITY
2023-01-30,576.22,605.8,576.22,601.36,24480000.0,585.132,602.4035,51.81307456588358,0.0212521774584572,BEARISH,RSI_NORMAL,HIGH_VOLATILITY
2023-01-31,604.18,604.18,586.6,587.84,19970000.0,585.6,599.0715,48.93283492101774,0.02164015166856329,BEARISH,RSI_NORMAL,HIGH_VOLATILITY
2023-02-01,593.59,597.23,570.11,580.93,26350000.0,584.844,595.1315000000001,45.595505617977516,0.02145873638379144,BEARISH,RSI_NORMAL,HIGH_VOLATILITY
2023-02-02,581.11,581.11,563.73,570.99,20250000.0,583.2819999999999,590.8705,40.85334954900175,0.021597252647175443,BEARISH,RSI_NORMAL,HIGH_VOLATILITY
2023-02-03,576.22,602.18,573.92,600.61,14870000.0,588.346,590.4419999999999,51.51213027583914,0.019615590306359797,BULLISH,RSI_NORMAL,HIGH_VOLATILITY
2023-02-06,599.18,611.57,594.75,609.59,10740000.0,589.992,591.06,53.69723897175501,0.019366526543252088,BULLISH,RSI_NORMAL,HIGH_VOLATILITY
2023-02-07,611.46,617.36,609.17,615.22,14720000.0,595.4680000000001,591.895,56.79423613263095,0.019449440287462604,BULLISH,RSI_NORMAL,HIGH_VOLATILITY
2023-02-08,615.66,636.83,615.44,634.3,19030000.0,606.142,594.1295,62.006948702227675,0.02010442997241721,BULLISH,RSI_NORMAL,HIGH_VOLATILITY
2023-02-09,636.62,647.9,632.66,644.62,18380000.0,620.868,596.922,64.1880177229821,0.02024897277197294,BULLISH,RSI_NORMAL,HIGH_VOLATILITY
2023-02-10,644.52,651.87,641.13,642.68,12910000.0,629.2819999999999,599.6039999999999,70.15721504772596,0.02030228751020784,BULLISH,RSI_HIGH,HIGH_VOLATILITY
2023-02-13,642.62,646.44,628.85,633.69,7370000.0,634.102,601.4399999999999,65.93479267244231,0.02059455938824758,BULLISH,RSI_NORMAL,HIGH_VOLATILITY
2023-02-14,634.52,646.36,630.14,644.99,10340000.0,640.0559999999999,603.6759999999999,68.63715063071974,0.020850341810131727,BULLISH,RSI_NORMAL,HIGH_VOLATILITY
2023-02-15,644.12,648.72,638.86,648.11,6190000.0,642.818,606.1975,71.8051972566539,0.020763059852629835,BULLISH,RSI_HIGH,HIGH_VOLATILITY
2023-02-16,649.62,651.59,641.13,642.86,5290000.0,642.466,608.388,71.02757204207384,0.020944165230130166,BULLISH,RSI_HIGH,HIGH_VOLATILITY
2023-02-17,640.13,646.7,635.88,640.8,6160000.0,642.0899999999999,610.4064999999999,64.42997219376554,0.0210001946170929,BULLISH,RSI_NORMAL,HIGH_VOLATILITY
2023-02-20,641.63,643.48,633.44,635.87,4660000.0,642.5260000000001,612.938,68.75146404310142,0.02007986826350539,BULLISH,RSI_NORMAL,HIGH_VOLATILITY
2023-02-21,638.63,639.95,634.34,637.06,4490000.0,640.94,615.516,72.93829178586027,0.02006780676874442,BULLISH,RSI_HIGH,HIGH_VOLATILITY
2023-02-22,632.24,635.14,617.66,619.02,9350000.0,635.1220000000001,617.2315000000001,68.40935224223841,0.02134127626139477,BULLISH,RSI_NORMAL,HIGH_VOLATILITY
2023-02-23,620.56,625.39,611.43,619.39,8100000.0,630.428,619.261,59.27865612648221,0.021126583745652426,BULLISH,RSI_NORMAL,HIGH_VOLATILITY
2023-02-24,624.53,627.75,619.16,622.78,6080000.0,626.824,621.6355000000001,56.89781403618866,0.021005873421199313,BULLISH,RSI_NORMAL,HIGH_VOLATILITY
2023-02-27,620.66,623.25,612.67,618.61,5950000.0,623.372,622.4979999999999,51.80031864046734,0.018742822343030607,BEARISH,RSI_NORMAL,HIGH_VOLATILITY
2023-02-28,621.15,623.81,608.17,610.38,9780000.0,618.036,623.625,35.642256902761105,0.01822794129357881,BEARISH,RSI_NORMAL,LOW_VOLATILITY
2023-03-01,609.18,619.55,609.18,614.65,5450000.0,617.162,625.3109999999999,30.601941747572738,0.017961392256737364,BEARISH,RSI_NORMAL,LOW_VOLATILITY
2023-03-02,615.68,620.12,606.18,607.47,5820000.0,614.778,627.135,28.65801915383679,0.017680670013774973,BEARISH,RSI_LOW,LOW_VOLATILITY
2023-03-03,611.35,613.27,606.47,609.18,7120000.0,612.058,627.5635,33.705624252094,0.013484455090145757,BEARISH,RSI_NORMAL,LOW_VOLATILITY
2023-03-06,613.17,617.46,611.17,612.65,6080000.0,610.866,627.7165,26.001780943900172,0.013127133058062198,BEARISH,RSI_LOW,LOW_VOLATILITY
2023-03-08,612.07,612.07,597.69,598.87,13430000.0,608.564,626.899,18.452075858533973,0.013889533333814026,BEARISH,RSI_LOW,LOW_VOLATILITY
2023-03-09,599.18,603.18,588.21,589.33,9410000.0,603.5,624.6505,17.490586663427578,0.011985646806468641,BEARISH,RSI_LOW,LOW_VOLATILITY
2023-03-10,585.7,587.94,577.31,586.62,7710000.0,599.33,621.7504999999999,17.353579175704894,0.01103536740826767,BEARISH,RSI_LOW,LOW_VOLATILITY
2023-03-13,586.1,593.94,580.31,582.56,7930000.0,594.0060000000001,618.7445,17.53744976251359,0.011039519298421807,BEARISH,RSI_LOW,LOW_VOLATILITY
2023-03-14,583.21,584.2,570.84,572.38,13730000.0,585.952,615.679,14.500548847420362,0.011217654072896393,BEARISH,RSI_LOW,LOW_VOLATILITY
2023-03-15,579.21,581.21,569.33,571.1,6790000.0,580.398,611.9845,17.769706752757543,0.009884823538285249,BEARISH,RSI_LOW,LOW_VOLATILITY
2023-03-16,572.19,574.72,565.73,570.73,8850000.0,576.678,608.1155,17.271993543179917,0.009640866167487631,BEARISH,RSI_LOW,LOW_VOLATILITY
2023-03-17,573.22,580.88,568.04,572.46,10470000.0,573.846,604.5955,15.382498624105637,0.009850047769457191,BEARISH,RSI_LOW,LOW_VOLATILITY
2023-03-20,573.12,573.26,547.82,554.33,17130000.0,568.2,600.272,12.90397045244687,0.011399720774931524,BEARISH,RSI_LOW,LOW_VOLATILITY
2023-03-21,559.42,570.72,557.86,570.23,11300000.0,567.77,596.99,28.71381613826739,0.013930937883070881,BEARISH,RSI_LOW,LOW_VOLATILITY
2023-03-22,574.2,584.9,572.72,582.63,12430000.0,570.076,594.2684999999999,34.37133932057789,0.015129681887186467,BEARISH,RSI_NORMAL,LOW_VOLATILITY
2023-03-23,580.16,589.2,576.47,582.51,10540000.0,572.432,592.443,36.915495911092435,0.014053023874602763,BEARISH,RSI_NORMAL,LOW_VOLATILITY
2023-03-24,579.6,582.18,561.96,564.16,12780000.0,570.772,589.6814999999999,29.90537404034994,0.015396390385687362,BEARISH,RSI_LOW,LOW_VOLATILITY
2023-03-27,569.03,571.72,557.7,558.54,11190000.0,571.614,586.4694999999999,26.302881667688524,0.015253927094822213,BEARISH,RSI_LOW,LOW_VOLATILITY
2023-03-28,561.34,561.68,551.52,552.69,9480000.0,568.106,583.1735000000001,28.266189759036138,0.015295226708969666,BEARISH,RSI_LOW,LOW_VOLATILITY
2023-03-29,555.46,563.83,554.75,561.76,11100000.0,563.932,580.7425000000001,36.96700387633541,0.015928053433253892,BEARISH,RSI_NORMAL,LOW_VOLATILITY
2023-03-31,568.63,568.63,557.86,560.91,12680000.0,559.6119999999999,578.0555,37.62871715907994,0.015730727256080858,BEARISH,RSI_NORMAL,LOW_VOLATILITY
2023-04-03,564.73,572.62,562.45,570.73,7450000.0,560.926,576.2185000000001,44.6065469134677,0.016365358831907734,BEARISH,RSI_NORMAL,LOW_VOLATILITY
2023-04-05,582.41,593.9,573.53,575.35,24330000.0,564.288,574.527,51.426375948516004,0.016505860533699304,BULLISH,RSI_NORMAL,LOW_VOLATILITY
2023-04-06,575.32,595.09,569.78,592.41,17410000.0,572.232,573.5150000000001,58.887313370589695,0.017954554097975545,BULLISH,RSI_NORMAL,LOW_VOLATILITY
2023-04-10,593.69,596.18,580.31,582.09,9280000.0,576.298,572.676,54.37461491065928,0.01767647562648093,BULLISH,RSI_NORMAL,LOW_VOLATILITY
2023-04-11,585.0,587.2,580.33,582.98,8119999.999999999,580.712,572.3585,54.07751937984496,0.017342417207460555,BULLISH,RSI_NORMAL,LOW_VOLATILITY
2023-04-12,582.91,586.88,577.81,584.9,10230000.0,583.5459999999999,572.2724999999999,63.551733309690576,0.017331606728368986,BULLISH,RSI_NORMAL,LOW_VOLATILITY
2023-04-13,584.9,592.89,584.24,589.64,8330000.0,586.404,572.6265,59.54934566564991,0.017341634263528256,BULLISH,RSI_NORMAL,LOW_VOLATILITY
2023-04-17,598.98,598.98,589.2,595.33,6730000.0,586.988,573.774,56.68984407922465,0.016896508891479978,BULLISH,RSI_NORMAL,LOW_VOLATILITY
2023-04-18,596.69,598.59,586.23,590.76,6410000.0,588.722,574.757,54.15115225923317,0.01701343342546384,BULLISH,RSI_NORMAL,LOW_VOLATILITY
2023-04-19,590.76,595.19,587.2,593.97,5550000.0,590.92,575.9190000000001,67.6955953935653,0.017021133610203812,BULLISH,RSI_NORMAL,LOW_VOLATILITY
2023-04-20,595.19,595.78,587.82,590.47,4370000.0,592.034,576.8195,69.44342954573139,0.017113133637741924,BULLISH,RSI_NORMAL,LOW_VOLATILITY
2023-04-21,590.5,593.69,582.01,592.98,6430000.0,592.702,578.752,75.57445728069061,0.015206477481260344,BULLISH,RSI_HIGH,LOW_VOLATILITY
2023-04-24,593.19,595.66,586.9,592.57,5450000.0,592.15,579.869,71.97261446298677,0.014016669032106795,BULLISH,RSI_HIGH,LOW_VOLATILITY
2023-04-25,595.18,608.44,592.06,606.7,14940000.0,595.338,581.0725,77.45533037534481,0.01417913577316446,BULLISH,RSI_HIGH,LOW_VOLATILITY
2023-04-26,609.17,611.15,600.51,604.77,9740000.0,597.498,582.1855,72.54304635761588,0.014220388178618848,BULLISH,RSI_HIGH,LOW_VOLATILITY
2023-04-27,606.67,624.6,605.78,619.16,28270000.0,603.2360000000001,584.9355,75.68898792072238,0.012659324482789036,BULLISH,RSI_HIGH,LOW_VOLATILITY
2023-04-28,623.54,628.74,610.27,627.16,14900000.0,610.0719999999999,588.3665,72.79884529589292,0.012289533457263246,BULLISH,RSI_HIGH,LOW_VOLATILITY
2023-05-02,632.14,632.6,621.63,624.07,9910000.0,616.3720000000001,591.9354999999999,80.42910988692375,0.011959157225876576,BULLISH,RSI_HIGH,LOW_VOLATILITY
2023-05-03,622.96,624.65,614.76,617.19,6680000.0,618.47,594.707,72.81579298386023,0.01229025213491504,BULLISH,RSI_HIGH,LOW_VOLATILITY
2023-05-04,618.86,639.03,617.37,638.16,12450000.0,625.1479999999999,598.5695,78.32376090193576,0.013801773521033633,BULLISH,RSI_HIGH,LOW_VOLATILITY
2023-05-05,637.13,643.92,632.3,638.12,11600000.0,628.9399999999999,601.9390000000001,77.13837886251682,0.013626481511128585,BULLISH,RSI_HIGH,LOW_VOLATILITY
2023-05-08,638.58,668.6,637.93,664.89,22250000.0,636.4860000000001,606.4159999999999,81.50362318840581,0.015861531142235173,BULLISH,RSI_HIGH,LOW_VOLATILITY
2023-05-09,664.1,673.07,653.31,654.33,21310000.0,642.538,609.512,77.30904716900085,0.015763516009321146,BULLISH,RSI_HIGH,LOW_VOLATILITY
2023-05-10,658.2,665.59,651.61,662.25,8350000.0,651.55,613.52,78.19157720891832,0.014902511885814661,BULLISH,RSI_HIGH,LOW_VOLATILITY
2023-05-11,665.0,667.09,661.6,665.44,5670000.0,657.0060000000001,617.643,81.0331981124266,0.014861988557338472,BULLISH,RSI_HIGH,LOW_VOLATILITY
2023-05-12,664.1,672.45,659.57,670.53,9120000.0,663.4879999999999,621.9245,81.42984518116242,0.01484072106050552,BULLISH,RSI_HIGH,LOW_VOLATILITY
2023-05-15,670.53,674.08,667.67,670.32,7390000.0,664.574,625.9585000000001,81.56206868555664,0.014925616230540742,BULLISH,RSI_HIGH,LOW_VOLATILITY
2023-05-16,671.09,683.97,669.09,677.54,12650000.0,669.216,630.069,80.46619645621891,0.01494001942705321,BULLISH,RSI_HIGH,LOW_VOLATILITY
2023-05-17,677.58,680.12,665.29,669.59,7410000.0,670.684,634.0105000000001,76.50474321229979,0.015169752384665287,BULLISH,RSI_HIGH,LOW_VOLATILITY
2023-05-18,675.06,682.14,673.6,678.02,11070000.0,673.2,638.213,75.30089408528212,0.015230276250401598,BULLISH,RSI_HIGH,LOW_VOLATILITY
2023-05-19,679.08,681.07,670.29,677.5,5930000.0,674.594,642.5645000000001,73.12568908489541,0.015048415523564498,BULLISH,RSI_HIGH,LOW_VOLATILITY
2023-05-22,677.5,680.87,675.27,678.38,4200000.0,676.206,646.8345,75.46656663227995,0.015091259525644394,BULLISH,RSI_HIGH,LOW_VOLATILITY
2023-05-23,680.08,686.46,674.79,677.13,7900000.0,676.124,651.0625,79.67326732673281,0.015123725036813498,BULLISH,RSI_HIGH,LOW_VOLATILITY
2023-05-24,675.98,683.92,672.06,677.67,5540000.0,677.74,654.6110000000001,74.51905175623696,0.014626409649258734,BULLISH,RSI_HIGH,LOW_VOLATILITY
2023-05-25,676.88,683.87,673.69,683.19,5300000.0,678.774,658.5319999999999,76.1882626380013,0.014485204362331583,BULLISH,RSI_HIGH,LOW_VOLATILITY
2023-05-26,683.73,691.06,683.19,689.51,6940000.0,681.176,662.0495,68.76524390243915,0.013909785237437295,BULLISH,RSI_NORMAL,LOW_VOLATILITY
2023-05-29,693.08,696.24,689.24,692.26,6410000.0,683.952,665.3045,82.81709638345751,0.01380148376775261,BULLISH,RSI_HIGH,LOW_VOLATILITY
2023-05-30,693.86,700.92,692.06,699.63,8820000.0,688.452,669.0825000000001,82.65199161425595,0.013648061625738034,BULLISH,RSI_HIGH,LOW_VOLATILITY
2023-05-31,699.54,701.65,691.79,698.04,21480000.0,692.5260000000001,673.125,79.29547088425603,0.013213000019758378,BULLISH,RSI_HIGH,LOW_VOLATILITY
2023-06-01,701.45,704.77,694.17,703.09,5900000.0,696.5060000000001,676.3715,79.2805755395685,0.011502478314120122,BULLISH,RSI_HIGH,LOW_VOLATILITY
2023-06-02,706.61,709.04,699.55,701.44,6640000.0,698.892,679.5375,77.2791023842918,0.011565703499630204,BULLISH,RSI_HIGH,LOW_VOLATILITY
2023-06-05,706.04,708.2,700.35,703.36,5770000.0,701.1120000000001,681.461,74.9516814843449,0.007570806954296502,BULLISH,RSI_HIGH,LOW_VOLATILITY
2023-06-06,701.55,712.23,701.55,710.43,6910000.0,703.272,684.266,90.14942980731419,0.00631078602808862,BULLISH,RSI_HIGH,LOW_VOLATILITY
2023-06-07,711.03,713.13,705.24,707.03,5340000.0,705.0699999999999,686.505,81.64957451451019,0.006319086693383738,BULLISH,RSI_HIGH,LOW_VOLATILITY
2023-06-08,707.04,710.13,698.56,700.06,4550000.0,704.4639999999999,688.236,71.57612853863806,0.006953343223140978,BULLISH,RSI_HIGH,LOW_VOLATILITY
2023-06-09,700.32,707.29,700.25,702.76,4470000.0,704.728,689.8475000000001,72.53234750462106,0.0068583799885604665,BULLISH,RSI_HIGH,LOW_VOLATILITY
2023-06-12,704.06,710.03,703.2,708.81,5130000.0,705.818,691.7719999999999,76.89303904923597,0.006963858307924827,BULLISH,RSI_HIGH,LOW_VOLATILITY
2023-06-13,709.04,719.02,709.04,715.7,8000000.0,706.872,693.6800000000001,79.14176245210729,0.0069044303736995214,BULLISH,RSI_HIGH,LOW_VOLATILITY
2023-06-14,717.22,717.22,707.24,708.72,4020000.0,707.21,695.6365,69.13506220956376,0.006696559357049148,BULLISH,RSI_NORMAL,LOW_VOLATILITY
2023-06-15,708.54,713.2,704.64,711.69,4370000.0,709.5360000000001,697.3199999999999,67.50315656565658,0.006306611867745273,BULLISH,RSI_NORMAL,LOW_VOLATILITY
2023-06-16,716.03,720.88,712.13,719.34,14150000.0,712.8520000000001,699.412,69.8359214767067,0.0065200150131673835,BULLISH,RSI_NORMAL,LOW_VOLATILITY
2023-06-19,720.21,738.88,719.25,737.62,11850000.0,718.614,702.374,73.99267399267397,0.00819830822099051,BULLISH,RSI_HIGH,LOW_VOLATILITY
2023-06-20,736.61,736.61,719.12,723.89,8640000.0,720.2520000000001,704.712,64.15507611433578,0.00959117432347655,BULLISH,RSI_NORMAL,LOW_VOLATILITY
2023-06-21,726.51,727.6,716.72,719.64,5470000.0,722.4359999999999,706.8104999999999,59.14263617279857,0.009799618181701391,BULLISH,RSI_NORMAL,LOW_VOLATILITY
2023-06-22,719.03,719.44,701.05,702.04,8270000.0,720.506,707.753,50.28179597971065,0.011476344649173803,BEARISH,RSI_NORMAL,LOW_VOLATILITY
2023-06-23,701.14,704.54,694.66,698.02,8150000.0,716.242,708.1785,47.54053058216653,0.011427319874902175,BEARISH,RSI_NORMAL,LOW_VOLATILITY
2023-06-26,698.05,702.54,693.56,698.92,5640000.0,708.502,708.5115,44.379333919328076,0.011402048507073484,BEARISH,RSI_NORMAL,LOW_VOLATILITY
2023-06-27,702.04,702.04,694.45,700.97,7100000.0,703.918,708.5785,47.00118764845609,0.011170339037986074,BEARISH,RSI_NORMAL,LOW_VOLATILITY
2023-06-28,704.48,711.53,703.04,708.06,7100000.0,701.6020000000001,709.0795,53.95413206801107,0.011370275130678306,BEARISH,RSI_NORMAL,LOW_VOLATILITY
2023-06-30,709.04,718.52,708.16,715.09,8880000.0,704.212,709.6795,55.84415584415586,0.011466385745862555,BULLISH,RSI_NORMAL,LOW_VOLATILITY
2023-07-03,715.09,734.5,715.03,732.3,12090000.0,711.068,711.2225,60.0685812258894,0.012542312452897058,BULLISH,RSI_NORMAL,LOW_VOLATILITY
2023-07-04,763.96,790.92,760.23,784.98,41620000.0,728.28,715.3035,71.32479684806697,0.02001103818379337,BULLISH,RSI_HIGH,HIGH_VOLATILITY
2023-07-05,786.92,798.9,776.94,782.81,19790000.0,744.648,718.9225,73.50123707416097,0.020069124003636377,BULLISH,RSI_HIGH,HIGH_VOLATILITY
2023-07-06,776.54,781.34,772.45,775.57,10460000.0,758.15,722.3495,69.72822730080296,0.02020855744958504,BULLISH,RSI_NORMAL,HIGH_VOLATILITY
2023-07-07,770.95,773.84,759.53,761.2,10950000.0,767.3720000000001,725.4065,62.41252520460207,0.020628759017931517,BULLISH,RSI_NORMAL,HIGH_VOLATILITY
2023-07-10,761.2,761.96,742.22,752.3,14520000.0,771.372,727.8835,54.6093946244662,0.02094064359376176,BULLISH,RSI_NORMAL,HIGH_VOLATILITY
2023-07-11,755.67,766.96,737.1,743.39,16750000.0,763.054,729.6125,56.313948970340626,0.02118193318230508,BULLISH,RSI_NORMAL,HIGH_VOLATILITY
2023-07-12,745.97,749.78,738.81,742.18,11320000.0,754.928,730.9365,57.44484079799179,0.021132872851718006,BULLISH,RSI_NORMAL,HIGH_VOLATILITY
2023-07-13,745.98,751.27,740.59,746.44,7470000.0,749.102,732.8225,66.0822949869603,0.020961692215742456,BULLISH,RSI_NORMAL,HIGH_VOLATILITY
2023-07-14,746.38,750.87,738.98,747.22,7270000.0,746.3059999999999,734.5989999999999,68.24925816023737,0.020962505832694066,BULLISH,RSI_NORMAL,HIGH_VOLATILITY
2023-07-17,750.98,753.18,743.19,750.07,5070000.0,745.8599999999999,736.1355,68.7020109689214,0.02087853798409431,BULLISH,RSI_NORMAL,HIGH_VOLATILITY
2023-07-18,750.98,754.47,736.31,740.99,13100000.0,745.38,736.304,63.91709556266516,0.020371520760743562,BULLISH,RSI_NORMAL,HIGH_VOLATILITY
2023-07-19,743.18,758.87,741.99,757.44,9760000.0,748.432,737.9815,66.1225022854904,0.02040872628704952,BULLISH,RSI_NORMAL,HIGH_VOLATILITY
2023-07-20,754.07,762.68,749.18,758.63,6490000.0,750.8700000000001,739.931,64.77936184657159,0.02031646575179443,BULLISH,RSI_NORMAL,HIGH_VOLATILITY
2023-07-21,758.63,764.73,752.29,757.14,6730000.0,752.854,742.6859999999999,59.4391244870041,0.019324698988402375,BULLISH,RSI_NORMAL,HIGH_VOLATILITY
2023-07-24,757.13,763.44,755.01,757.13,5840000.0,754.266,745.6415,32.35331390191361,0.019215951348570872,BULLISH,RSI_NORMAL,HIGH_VOLATILITY
2023-07-25,763.9,763.9,753.08,759.61,8510000.0,757.99,748.676,35.35723302196422,0.01920501468907632,BULLISH,RSI_NORMAL,HIGH_VOLATILITY
2023-07-26,762.46,772.35,732.1,742.3,22290000.0,754.962,750.7425,31.369694254675792,0.020142635551390214,BEARISH,RSI_NORMAL,HIGH_VOLATILITY
2023-07-27,756.76,756.76,725.78,727.42,21470000.0,748.72,751.7104999999999,31.19153674832964,0.020707448644869165,BEARISH,RSI_NORMAL,HIGH_VOLATILITY
2023-07-28,730.91,738.46,720.02,737.16,10070000.0,744.7239999999999,752.814,41.64827890556049,0.020795453256297808,BEARISH,RSI_NORMAL,HIGH_VOLATILITY
2023-07-31,733.5,735.99,727.12,729.04,7490000.0,739.106,752.6510000000001,42.01446855870897,0.020284679602997163,BEARISH,RSI_NORMAL,HIGH_VOLATILITY
2023-08-01,729.04,732.0,723.42,725.98,7530000.0,732.38,749.701,41.16684841875687,0.011158185210411814,BEARISH,RSI_NORMAL,LOW_VOLATILITY
2023-08-02,728.01,728.01,713.53,719.37,8990000.0,727.794,746.529,35.60871876661349,0.011215943055024078,BEARISH,RSI_NORMAL,LOW_VOLATILITY
2023-08-03,716.52,721.45,700.85,709.87,10820000.0,724.284,743.2439999999999,31.82835457818429,0.011344662951408976,BEARISH,RSI_NORMAL,LOW_VOLATILITY
2023-08-04,712.93,719.52,706.17,713.9,7310000.0,719.632,740.8790000000001,32.602212602212575,0.011040077273396825,BEARISH,RSI_NORMAL,LOW_VOLATILITY
2023-08-07,715.23,717.3,706.2,711.25,7180000.0,716.074,738.8264999999999,34.75184577522559,0.010857596873705523,BEARISH,RSI_NORMAL,LOW_VOLATILITY
2023-08-08,712.53,719.52,707.55,716.39,8070000.0,714.156,737.4765,26.19185709314459,0.010853926954290808,BEARISH,RSI_LOW,LOW_VOLATILITY
2023-08-09,719.02,720.42,708.04,711.57,5120000.0,712.596,735.946,23.808993766696346,0.01090964004095176,BEARISH,RSI_LOW,LOW_VOLATILITY
2023-08-10,709.04,716.43,708.24,713.41,6160000.0,713.304,734.2945,25.756735780019895,0.01081352725651266,BEARISH,RSI_LOW,LOW_VOLATILITY
2023-08-11,713.41,714.93,702.15,705.1,6300000.0,711.5440000000001,732.1885,23.586150878261705,0.010983908434284732,BEARISH,RSI_LOW,LOW_VOLATILITY
2023-08-14,703.04,704.93,693.11,700.85,6940000.0,709.464,729.7275000000001,20.696189906243703,0.010890193285865296,BEARISH,RSI_LOW,LOW_VOLATILITY
2023-08-16,698.45,698.45,691.06,697.2,5990000.0,705.626,727.538,23.96073903002305,0.010705356399734198,BEARISH,RSI_LOW,LOW_VOLATILITY
2023-08-17,701.05,701.05,689.36,691.38,7100000.0,701.588,724.235,26.76038173845751,0.008959569469488877,BEARISH,RSI_LOW,LOW_VOLATILITY
2023-08-18,688.41,690.64,683.57,685.28,7460000.0,695.9620000000001,720.5674999999999,14.898511502029649,0.008889202731561126,BEARISH,RSI_LOW,LOW_VOLATILITY
2023-08-21,679.18,705.34,679.18,703.86,12310000.0,695.7139999999999,717.9035,35.07586533902324,0.011431846643434402,BEARISH,RSI_NORMAL,LOW_VOLATILITY
2023-08-22,704.15,714.38,704.04,706.03,12490000.0,696.75,715.3485000000001,38.04959865820049,0.011503428697438332,BEARISH,RSI_NORMAL,LOW_VOLATILITY
2023-08-23,709.04,713.93,699.35,710.68,8029999.999999999,699.446,712.902,44.66936572199725,0.011628065776312233,BEARISH,RSI_NORMAL,LOW_VOLATILITY
2023-08-24,714.03,717.62,711.13,712.78,9100000.0,703.726,711.426,51.96329780056671,0.010743782719172201,BULLISH,RSI_NORMAL,LOW_VOLATILITY
2023-08-25,710.53,726.82,709.13,720.17,13030000.0,710.704,711.0635,54.046727765586674,0.010189083406151803,BULLISH,RSI_NORMAL,LOW_VOLATILITY
2023-08-28,721.51,725.11,712.84,722.58,7040000.0,714.448,710.3345,57.33523242263373,0.009707096809465129,BULLISH,RSI_NORMAL,LOW_VOLATILITY
2023-08-29,724.01,730.1,722.62,728.34,14180000.0,718.91,710.2995,57.675016056518984,0.009599153606497218,BULLISH,RSI_NORMAL,LOW_VOLATILITY
2023-08-30,731.6,732.09,724.81,725.82,4600000.0,721.938,710.2915,59.43084050297817,0.00958360568150715,BULLISH,RSI_NORMAL,LOW_VOLATILITY
2023-08-31,727.01,727.51,712.53,715.33,14130000.0,722.448,710.0894999999999,51.14014251781477,0.009920629605849458,BULLISH,RSI_NORMAL,LOW_VOLATILITY
2023-09-01,715.88,731.94,714.53,731.07,6760000.0,724.628,711.1495000000001,64.1711229946524,0.010598643136947618,BULLISH,RSI_NORMAL,LOW_VOLATILITY
2023-09-04,736.0,736.0,724.85,726.04,5810000.0,725.32,711.7565,63.62947732929331,0.010711111152742234,BULLISH,RSI_NORMAL,LOW_VOLATILITY
2023-09-05,727.31,734.84,727.01,733.51,12210000.0,726.354,712.8695,68.86625792372433,0.010850597026423157,BULLISH,RSI_NORMAL,LOW_VOLATILITY
2023-09-06,730.54,738.69,728.08,737.78,6050000.0,728.746,713.939,74.50359104351494,0.010816721694651907,BULLISH,RSI_HIGH,LOW_VOLATILITY
2023-09-07,737.0,737.78,729.38,735.32,5500000.0,732.744,715.1265000000001,77.48242530755714,0.010706451880690441,BULLISH,RSI_HIGH,LOW_VOLATILITY
2023-09-08,738.0,743.98,736.0,740.06,6250000.0,734.542,716.4590000000001,73.44559585492226,0.010757991638225163,BULLISH,RSI_HIGH,LOW_VOLATILITY
2023-09-11,741.49,743.39,735.2,738.16,4070000.000000001,736.966,718.112,70.88262056414924,0.010340039796888651,BULLISH,RSI_HIGH,LOW_VOLATILITY
2023-09-12,741.09,744.89,729.56,742.12,9640000.0,738.6879999999999,720.1755,70.61909758656876,0.010166929895662263,BULLISH,RSI_HIGH,LOW_VOLATILITY
2023-09-13,741.92,749.8,737.06,746.57,5800000.0,740.446,722.644,71.4976460109429,0.010003228034432645,BULLISH,RSI_HIGH,LOW_VOLATILITY
2023-09-14,746.57,750.15,741.7,748.41,6500000.0,743.064,725.4955,69.33187294633079,0.009615365692064339,BULLISH,RSI_NORMAL,LOW_VOLATILITY
2023-09-15,748.88,755.49,744.54,748.2,7870000.0,744.692,728.6415,68.08300395256921,0.009195675911445574,BULLISH,RSI_NORMAL,LOW_VOLATILITY
2023-09-18,747.87,754.97,745.49,753.84,7070000.0,747.8280000000001,731.1405,68.0288461538462,0.007550140908285614,BULLISH,RSI_NORMAL,LOW_VOLATILITY
2023-09-20,747.85,763.66,747.28,752.88,8440000.0,749.98,733.483,69.56333140543667,0.007624158637079861,BULLISH,RSI_NORMAL,LOW_VOLATILITY
2023-09-21,751.98,757.33,741.49,747.4,6760000.0,750.146,735.319,74.99610288386594,0.007928644005236732,BULLISH,RSI_HIGH,LOW_VOLATILITY
2023-09-22,748.38,756.67,744.35,746.12,5260000.0,749.688,736.9860000000001,65.14389213121353,0.00798465090241884,BULLISH,RSI_NORMAL,LOW_VOLATILITY
2023-09-25,756.47,783.92,749.98,780.92,23480000.0,756.232,740.0235,84.53309841429663,0.01266006918585631,BULLISH,RSI_HIGH,LOW_VOLATILITY
2023-09-26,780.93,788.92,776.44,786.0,12470000.0,762.664,743.1945,84.05345789541988,0.012669450600305499,BULLISH,RSI_HIGH,LOW_VOLATILITY
2023-09-27,784.43,784.43,773.22,782.69,7440000.0,768.626,745.912,79.50335041387484,0.012775558814416837,BULLISH,RSI_HIGH,LOW_VOLATILITY
2023-09-28,779.41,781.84,770.76,772.85,7780000.0,773.716,748.2635,72.4757455982753,0.013199080655684004,BULLISH,RSI_HIGH,LOW_VOLATILITY
2023-09-29,772.85,783.73,771.45,780.01,5730000.0,780.494,751.4975000000001,73.25107670818305,0.012578038155261062,BULLISH,RSI_HIGH,LOW_VOLATILITY
2023-10-03,777.02,796.47,774.45,795.68,9450000.0,783.446,754.7280000000001,78.8523274478331,0.01244368069951865,BULLISH,RSI_HIGH,LOW_VOLATILITY
2023-10-04,801.41,803.21,780.94,784.34,11760000.0,783.114,757.643,69.71791518774525,0.012893787434995531,BULLISH,RSI_NORMAL,LOW_VOLATILITY
2023-10-05,790.41,790.41,781.63,784.02,7950000.0,783.38,760.1685,68.19197512872827,0.012838615910605306,BULLISH,RSI_NORMAL,LOW_VOLATILITY
2023-10-06,783.93,818.09,783.43,815.74,21450000.0,791.958,764.0665000000001,75.34824184925839,0.015283967533834129,BULLISH,RSI_HIGH,LOW_VOLATILITY
2023-10-09,809.1,812.39,800.71,801.68,7480000.0,796.292,767.3844999999999,68.23264693849718,0.015989643882412065,BULLISH,RSI_NORMAL,LOW_VOLATILITY
2023-10-10,804.41,812.39,801.01,807.26,9650000.0,798.608,770.7445,68.21964529331512,0.01599343750121864,BULLISH,RSI_NORMAL,LOW_VOLATILITY
2023-10-11,812.87,816.19,808.44,809.09,7120000.0,803.558,774.2909999999999,69.05811351461315,0.01591776153827655,BULLISH,RSI_NORMAL,LOW_VOLATILITY
2023-10-12,811.4,811.6,799.21,800.34,7640000.0,806.8219999999999,777.202,67.56003715005973,0.016289852412441973,BULLISH,RSI_NORMAL,LOW_VOLATILITY
2023-10-13,798.87,807.19,794.52,804.07,6620000.0,804.488,780.077,68.91442000130557,0.01628357351431008,BULLISH,RSI_NORMAL,LOW_VOLATILITY
2023-10-16,803.34,805.8,797.18,802.51,4380000.0,804.6540000000001,782.7819999999999,58.99958315964986,0.01633287457260775,BULLISH,RSI_NORMAL,LOW_VOLATILITY
2023-10-17,806.9,814.79,804.66,808.2,8380000.000000001,804.842,785.782,59.207033842070345,0.01632337806385204,BULLISH,RSI_NORMAL,LOW_VOLATILITY
2023-10-18,803.91,807.36,783.93,785.59,15450000.0,800.142,787.3695,51.03675103675103,0.017783307115122972,BEARISH,RSI_NORMAL,LOW_VOLATILITY
2023-10-19,783.26,791.22,772.05,783.09,10610000.0,796.692,788.88,53.86356776335647,0.017808109360105163,BEARISH,RSI_NORMAL,LOW_VOLATILITY
2023-10-20,779.94,782.17,771.2,775.86,7710000.0,791.05,790.303,48.43502526585716,0.017867632200608885,BEARISH,RSI_NORMAL,LOW_VOLATILITY
2023-10-23,778.94,787.42,775.08,778.83,8820000.0,786.3140000000001,791.9385,42.97272499791481,0.017849657654641405,BEARISH,RSI_NORMAL,LOW_VOLATILITY
2023-10-25,778.83,784.63,766.56,768.4,7090000.0,778.354,791.3125,43.30139519246933,0.01478463180985565,BEARISH,RSI_NORMAL,LOW_VOLATILITY
2023-10-26,761.47,764.56,739.11,741.17,13250000.0,769.47,789.071,35.314277880595,0.016574451566975436,BEARISH,RSI_NORMAL,LOW_VOLATILITY
2023-10-27,749.97,753.87,740.65,749.7,9120000.0,762.792,787.4215,23.088834555827347,0.016874127684351144,BEARISH,RSI_LOW,LOW_VOLATILITY
2023-10-30,749.56,751.66,734.25,749.29,7990000.0,757.4780000000001,786.2435,25.978908757450824,0.01669144203400159,BEARISH,RSI_LOW,LOW_VOLATILITY
2023-10-31,755.95,756.94,745.04,748.25,7490000.0,751.362,784.6555000000001,21.76825184192913,0.016501623528957052,BEARISH,RSI_LOW,LOW_VOLATILITY
2023-11-01,750.98,753.87,744.75,746.17,4630000.0,746.9159999999999,782.1800000000001,19.969453990072637,0.015665413292795603,BEARISH,RSI_LOW,LOW_VOLATILITY
2023-11-02,751.98,760.47,740.11,743.9,8550000.0,747.462,780.158,21.28612128612137,0.01544402765481072,BEARISH,RSI_LOW,LOW_VOLATILITY
2023-11-03,751.78,752.77,736.24,740.14,11390000.0,745.55,777.964,17.48550503509317,0.015445372551846066,BEARISH,RSI_LOW,LOW_VOLATILITY
2023-11-06,744.59,756.17,743.25,755.18,6340000.0,746.728,774.9359999999999,28.830843545934385,0.012931309543264437,BEARISH,RSI_LOW,LOW_VOLATILITY
2023-11-07,762.96,762.96,743.59,748.54,15630000.0,746.786,772.279,23.540890544615948,0.012602166068123153,BEARISH,RSI_LOW,LOW_VOLATILITY
2023-11-08,751.68,752.58,739.66,744.98,9170000.0,746.548,769.1650000000001,28.327462909595496,0.012367939937053473,BEARISH,RSI_LOW,LOW_VOLATILITY
2023-11-09,747.48,747.48,735.67,737.67,7720000.0,745.302,765.594,26.944162436548254,0.012344156112811066,BEARISH,RSI_LOW,LOW_VOLATILITY
2023-11-10,736.0,744.39,733.65,743.47,4960000.0,745.968,762.7505,33.31616359328325,0.012549025514179983,BEARISH,RSI_NORMAL,LOW_VOLATILITY
2023-11-12,745.99,748.78,743.69,744.68,797450.0,743.8679999999999,759.7810000000001,32.08477599412443,0.012461931038935519,BEARISH,RSI_NORMAL,LOW_VOLATILITY
2023-11-13,743.77,743.99,730.91,735.08,7320000.0,741.176,756.4095,32.36663844199835,0.012617625588323944,BEARISH,RSI_NORMAL,LOW_VOLATILITY
2023-11-15,742.93,746.6,710.95,721.45,19230000.0,736.47,752.0719999999999,37.80909990108809,0.012701054064371336,BEARISH,RSI_NORMAL,LOW_VOLATILITY
2023-11-16,693.51,737.07,692.18,735.24,45570000.0,735.984,749.5545,41.606686788948195,0.012696356731606321,BEARISH,RSI_NORMAL,LOW_VOLATILITY
2023-11-17,713.08,725.01,709.84,721.12,20800000.0,731.514,746.4559999999999,35.8938407611417,0.013189152447236374,BEARISH,RSI_NORMAL,LOW_VOLATILITY
2023-11-20,714.13,722.92,704.05,705.9,19030000.0,723.758,742.958,31.430325352977263,0.013693224946993683,BEARISH,RSI_NORMAL,LOW_VOLATILITY
2023-11-21,707.54,711.92,702.04,709.35,16660000.0,718.6120000000001,739.484,34.0467937608319,0.01372964123164052,BEARISH,RSI_NORMAL,LOW_VOLATILITY
2023-11-22,707.68,716.81,705.59,711.87,10410000.0,716.696,736.6575,36.15218331171638,0.013679400754134624,BEARISH,RSI_NORMAL,LOW_VOLATILITY
2023-11-23,712.53,715.03,704.64,706.4,6060000.0,710.928,734.919,35.625426039536464,0.011532179679599497,BEARISH,RSI_NORMAL,LOW_VOLATILITY
2023-11-24,709.83,710.71,700.15,701.13,7260000.0,706.93,732.4905,24.8814945626917,0.011105729602172888,BEARISH,RSI_LOW,LOW_VOLATILITY
2023-11-28,702.54,712.53,702.03,711.79,7280000.0,708.108,730.6155,33.53642146761041,0.011844038052909777,BEARISH,RSI_NORMAL,LOW_VOLATILITY
2023-11-29,712.43,715.89,710.44,712.04,6820000.0,708.646,728.805,34.79224376731298,0.011858986468821043,BEARISH,RSI_NORMAL,LOW_VOLATILITY
2023-11-30,712.23,715.39,707.6,711.22,12720000.0,708.516,727.0575,37.0101168843925,0.011861904551180288,BEARISH,RSI_NORMAL,LOW_VOLATILITY
2023-12-01,715.03,727.0,713.23,724.95,9000000.0,712.226,726.1099999999999,41.561873519227255,0.01280610739236142,BEARISH,RSI_NORMAL,LOW_VOLATILITY
2023-12-04,733.0,740.99,730.51,739.76,11010000.0,719.952,726.091,48.00551321550188,0.013643980112288243,BULLISH,RSI_NORMAL,LOW_VOLATILITY
2023-12-05,741.99,742.99,731.01,733.98,15220000.0,724.3900000000001,725.031,49.53982597054885,0.012874047632547033,BULLISH,RSI_NORMAL,LOW_VOLATILITY
2023-12-06,738.0,744.89,735.5,741.7,7020000.0,730.3219999999999,724.6890000000001,58.912067599683134,0.013009436540738526,BULLISH,RSI_NORMAL,LOW_VOLATILITY
2023-12-07,738.0,742.99,731.6,738.12,6690000.0,735.702,724.346,51.392649903288195,0.013010700379009914,BULLISH,RSI_NORMAL,LOW_VOLATILITY
2023-12-08,738.05,738.8,726.41,729.77,11440000.0,736.666,723.9509999999999,54.42999078152206,0.013072108517157762,BULLISH,RSI_NORMAL,LOW_VOLATILITY
2023-12-11,731.5,734.27,726.02,728.28,5900000.0,734.37,723.1915,63.3373063170441,0.01292714378278711,BULLISH,RSI_NORMAL,LOW_VOLATILITY
2023-12-12,727.01,734.4,727.01,730.46,6330000.0,733.6659999999999,722.4805,62.77381096454073,0.012945085189925003,BULLISH,RSI_NORMAL,LOW_VOLATILITY
2023-12-13,728.99,729.46,719.72,724.81,6830000.0,730.288,721.967,57.544309701492494,0.012743120587347743,BULLISH,RSI_NORMAL,LOW_VOLATILITY
2023-12-14,735.85,750.1,729.02,746.4,17300000.0,731.944,723.2144999999999,69.63093835885353,0.01371237049117286,BULLISH,RSI_NORMAL,LOW_VOLATILITY
2023-12-15,751.86,751.87,743.49,750.48,11740000.0,736.086,723.9765,74.50590922633823,0.013132185342712968,BULLISH,RSI_HIGH,LOW_VOLATILITY
2023-12-18,753.77,759.97,751.58,757.73,10830000.0,741.976,725.807,73.61225328947367,0.012344870367564306,BULLISH,RSI_HIGH,LOW_VOLATILITY
2023-12-19,763.06,763.12,752.48,762.23,7910000.0,748.33,728.6235,74.7168324633113,0.01102810325406817,BULLISH,RSI_HIGH,LOW_VOLATILITY
2023-12-20,763.96,768.45,745.0,748.38,8750000.0,753.0440000000001,730.575,66.21857541899436,0.012075337731921248,BULLISH,RSI_NORMAL,LOW_VOLATILITY
2023-12-21,741.65,746.68,729.56,735.71,9130000.0,750.9060000000001,731.767,54.74008810572686,0.012847609702624368,BULLISH,RSI_NORMAL,LOW_VOLATILITY
2023-12-22,740.89,742.99,723.32,728.54,11290000.0,746.518,732.874,44.70054789344418,0.012935062981813622,BEARISH,RSI_NORMAL,LOW_VOLATILITY
2023-12-26,731.5,733.4,713.55,715.26,12260000.0,738.024,733.5805,41.74311926605506,0.013542864539978517,BEARISH,RSI_NORMAL,LOW_VOLATILITY
2023-12-27,721.01,731.34,718.11,722.3,16050000.0,730.038,734.106,41.39155129570464,0.013299553397400143,BEARISH,RSI_NORMAL,LOW_VOLATILITY
2023-12-28,726.51,728.01,719.02,724.88,18560000.0,725.338,734.748,44.07234957020058,0.01331311066365213,BEARISH,RSI_NORMAL,LOW_VOLATILITY
2023-12-29,722.18,733.3,719.54,731.78,9130000.0,724.5519999999999,735.7760000000001,50.91173001905107,0.013436516677238199,BEARISH,RSI_NORMAL,LOW_VOLATILITY
2024-01-01,732.7,732.7,726.31,728.91,3310000.0,724.626,735.974,50.282232774840956,0.012806657295130376,BEARISH,RSI_NORMAL,LOW_VOLATILITY
2024-01-02,731.4,743.5,727.02,742.0,11130000.0,729.9739999999999,736.086,54.70943519425397,0.012613236379956767,BULLISH,RSI_NORMAL,LOW_VOLATILITY
2024-01-03,743.48,747.57,735.82,737.48,5530000.0,733.01,736.2610000000001,55.21871653348713,0.012561244677864389,BULLISH,RSI_NORMAL,LOW_VOLATILITY
2024-01-04,754.97,772.34,754.97,769.51,29120000.0,741.936,737.6515,58.765076234544495,0.01572603022021832,BULLISH,RSI_NORMAL,LOW_VOLATILITY
2024-01-05,772.44,777.84,766.27,770.07,10530000.0,749.594,739.249,57.633855506195935,0.015648755577324206,BULLISH,RSI_NORMAL,LOW_VOLATILITY
2024-01-08,766.66,781.94,762.09,772.55,11210000.0,758.322,741.388,55.99805730937346,0.015320494637353797,BULLISH,RSI_NORMAL,LOW_VOLATILITY
2024-01-09,776.34,779.94,768.75,771.5,12470000.0,764.222,743.549,53.85960529602797,0.015309515741008696,BULLISH,RSI_NORMAL,LOW_VOLATILITY
2024-01-10,770.55,772.47,764.96,767.01,5590000.0,770.128,745.3765,58.412354375508,0.015435934366038458,BULLISH,RSI_NORMAL,LOW_VOLATILITY
2024-01-11,766.96,778.27,764.07,765.93,6520000.0,769.412,747.4325,65.24107322977603,0.015277955332274268,BULLISH,RSI_NORMAL,LOW_VOLATILITY
2024-01-12,767.36,770.85,760.66,765.06,8090000.0,768.41,748.3655,69.66824644549763,0.013914701401293488,BULLISH,RSI_NORMAL,LOW_VOLATILITY
2024-01-15,768.75,768.75,744.39,746.78,9970000.0,763.256,748.1805,66.107931316435,0.01496410159892908,BEARISH,RSI_NORMAL,LOW_VOLATILITY
2024-01-16,746.48,760.42,741.78,744.65,11950000.0,757.886,747.5265,62.025180243193816,0.014793310985568157,BEARISH,RSI_NORMAL,LOW_VOLATILITY
2024-01-17,729.34,746.8,729.23,734.88,13800000.0,751.46,746.1589999999999,54.99400719137036,0.014951606509932262,BEARISH,RSI_NORMAL,LOW_VOLATILITY
2024-01-18,728.61,734.18,722.42,725.57,16870000.0,743.3879999999999,745.0185,46.971618063005984,0.014681190693552209,BEARISH,RSI_NORMAL,LOW_VOLATILITY
2024-01-19,735.0,737.88,725.14,730.92,8310000.000000001,736.56,744.779,50.957051709361004,0.01433374688998848,BEARISH,RSI_NORMAL,LOW_VOLATILITY
2024-01-20,731.78,737.63,728.11,729.14,2190000.0,733.0319999999999,744.809,43.13767342582708,0.014170600934728855,BEARISH,RSI_NORMAL,LOW_VOLATILITY
2024-01-23,734.29,734.5,703.3,706.11,25330000.0,725.324,744.3515,36.02174494251845,0.015347493831204003,BEARISH,RSI_NORMAL,LOW_VOLATILITY
2024-01-24,709.43,709.43,698.73,704.57,20640000.0,719.262,743.465,10.266764561918635,0.015153975959264408,BEARISH,RSI_LOW,LOW_VOLATILITY
2024-01-25,704.57,711.61,702.64,707.59,11680000.0,715.6659999999999,742.6005,12.889047279638675,0.015166487483007082,BEARISH,RSI_LOW,LOW_VOLATILITY
2024-01-29,707.59,721.51,707.55,718.19,18600000.0,713.1200000000001,741.9209999999999,20.552546045503746,0.01541484207625109,BEARISH,RSI_LOW,LOW_VOLATILITY
2024-01-30,697.9,697.9,679.58,680.79,41530000.0,703.45,739.515,14.745433346288323,0.019215985670883277,BEARISH,RSI_LOW,HIGH_VOLATILITY
2024-01-31,681.07,691.16,680.27,685.36,18110000.0,699.3,736.683,18.28633574147439,0.018721456088495902,BEARISH,RSI_LOW,HIGH_VOLATILITY
2024-02-01,685.66,687.06,672.38,673.41,19110000.0,693.068,733.4795,16.862464183381064,0.01896498601028768,BEARISH,RSI_LOW,HIGH_VOLATILITY
2024-02-02,674.58,690.06,674.38,683.9,13680000.0,688.3299999999999,729.199,22.805253987401144,0.01607269910827375,BEARISH,RSI_LOW,LOW_VOLATILITY
2024-02-05,688.46,688.56,659.1,659.92,17710000.0,676.6759999999999,723.6915,21.96617609088561,0.01726153025822053,BEARISH,RSI_LOW,LOW_VOLATILITY
2024-02-06,663.9,668.99,652.61,658.92,24400000.0,672.3019999999999,718.01,22.127576565446375,0.01713813203634104,BEARISH,RSI_LOW,LOW_VOLATILITY
2024-02-07,663.2,672.84,661.62,670.01,15380000.0,669.232,712.9355,29.08903358906582,0.01795980874143274,BEARISH,RSI_LOW,LOW_VOLATILITY
2024-02-08,672.27,672.83,652.78,656.67,21930000.0,665.8839999999999,707.4185,28.352394118386314,0.01819125640235936,BEARISH,RSI_LOW,LOW_VOLATILITY
2024-02-09,657.11,666.86,656.31,664.55,12100000.0,662.0139999999999,702.3495,29.473619100637123,0.01867125448136383,BEARISH,RSI_LOW,HIGH_VOLATILITY
2024-02-12,666.04,666.28,654.26,656.02,5450000.0,661.234,696.8975,28.29236432727707,0.018664252615856077,BEARISH,RSI_LOW,HIGH_VOLATILITY
2024-02-13,659.1,663.0,654.42,659.47,9480000.0,661.3439999999999,692.5319999999999,34.332168771835555,0.01845297350503811,BEARISH,RSI_NORMAL,LOW_VOLATILITY
2024-02-14,655.49,664.7,654.11,663.75,6360000.0,660.092,688.487,36.535162950257295,0.018654867206454352,BEARISH,RSI_NORMAL,HIGH_VOLATILITY
2024-02-15,663.7,666.83,657.67,661.04,8810000.0,660.966,684.7950000000001,34.61360481258677,0.018571516799781106,BEARISH,RSI_NORMAL,LOW_VOLATILITY
2024-02-16,664.1,665.09,659.3,661.02,10290000.0,660.26,681.5674999999999,29.68228019048975,0.018515862972408405,BEARISH,RSI_LOW,LOW_VOLATILITY
2024-02-19,663.99,679.76,661.63,670.37,13160000.0,663.1299999999999,678.54,45.37464488636366,0.018803721908205725,BEARISH,RSI_NORMAL,HIGH_VOLATILITY
2024-02-20,670.28,678.28,667.22,675.44,11070000.0,666.324,675.855,45.61605091037655,0.018983572234782267,BEARISH,RSI_NORMAL,HIGH_VOLATILITY
2024-02-21,678.08,678.08,665.6,667.97,8550000.0,667.168,673.948,47.4967789434935,0.017918443777333815,BEARISH,RSI_NORMAL,LOW_VOLATILITY
2024-02-22,668.2,669.77,655.21,666.59,10220000.0,668.278,672.049,41.30587644399804,0.01791860961309403,BEARISH,RSI_NORMAL,LOW_VOLATILITY
2024-02-23,666.49,670.99,662.36,668.87,12800000.0,669.8480000000001,670.1129999999999,55.74823378291589,0.017902104204977575,BEARISH,RSI_NORMAL,LOW_VOLATILITY
2024-02-26,668.09,669.89,661.52,663.42,8920000.0,668.458,667.3745,52.73390036452004,0.0174441194982641,BEARISH,RSI_NORMAL,LOW_VOLATILITY
2024-02-27,662.2,663.3,648.23,654.73,11500000.0,664.316,666.0715,40.438047559449345,0.013499560195853735,BEARISH,RSI_NORMAL,LOW_VOLATILITY
2024-02-28,656.31,658.78,646.62,648.99,5350000.0,660.52,664.2529999999999,44.688796680497965,0.013425588119915868,BEARISH,RSI_NORMAL,LOW_VOLATILITY
2024-02-29,649.02,653.01,635.75,648.65,16990000.0,656.932,663.015,37.72390364422487,0.012969220271958501,BEARISH,RSI_NORMAL,LOW_VOLATILITY
2024-03-01,650.29,659.97,649.33,656.25,9190000.0,654.408,661.6324999999999,50.18016606611312,0.012723502893758523,BEARISH,RSI_NORMAL,LOW_VOLATILITY
2024-03-02,655.61,659.6,655.61,657.54,497600.0,653.232,661.5135,48.43521971785304,0.010075066266295276,BEARISH,RSI_NORMAL,LOW_VOLATILITY
2024-03-04,657.9,663.09,654.85,659.35,3970000.0,654.156,661.535,46.28378378378381,0.010089422264968829,BEARISH,RSI_NORMAL,LOW_VOLATILITY
2024-03-05,659.35,662.72,626.35,631.57,17180000.0,650.672,659.6129999999999,32.5145366085203,0.013102285235614321,BEARISH,RSI_NORMAL,LOW_VOLATILITY
2024-03-06,632.39,633.73,617.94,630.27,21050000.0,646.996,658.2929999999999,32.02805376972535,0.012473092070153952,BEARISH,RSI_NORMAL,LOW_VOLATILITY
2024-03-07,634.14,645.98,631.68,641.23,14690000.0,643.992,657.1270000000001,33.28361633776966,0.01284360401622704,BEARISH,RSI_NORMAL,LOW_VOLATILITY
2024-03-11,654.11,654.31,639.53,642.5,12040000.0,640.984,656.451,30.242322456813824,0.012592646914702984,BEARISH,RSI_NORMAL,LOW_VOLATILITY
2024-03-12,639.63,647.62,633.27,642.73,10950000.0,637.6600000000001,655.614,33.42091434576986,0.01251260224668973,BEARISH,RSI_NORMAL,LOW_VOLATILITY
2024-03-13,643.05,650.61,638.29,644.74,11320000.0,640.2940000000001,654.6635,35.765472312703594,0.012425990494467706,BEARISH,RSI_NORMAL,LOW_VOLATILITY
2024-03-14,644.74,646.12,628.92,638.88,12200000.0,642.016,653.5554999999999,31.33325034233789,0.012533312379595617,BEARISH,RSI_NORMAL,LOW_VOLATILITY
2024-03-15,636.64,656.91,635.14,650.55,19710000.0,643.88,653.032,42.56499133448874,0.013300333311431123,BEARISH,RSI_NORMAL,LOW_VOLATILITY
2024-03-18,650.55,654.61,644.73,649.58,6760000.0,645.296,651.9925000000001,46.73347710262592,0.012832336660676444,BEARISH,RSI_NORMAL,LOW_VOLATILITY
2024-03-19,650.09,665.81,649.62,658.73,14080000.0,648.496,651.1569999999999,55.9216926070039,0.013153542949662237,BULLISH,RSI_NORMAL,LOW_VOLATILITY
2024-03-20,660.1,672.19,659.7,664.05,14910000.0,652.358,650.961,58.8282504012841,0.013092029977493803,BULLISH,RSI_NORMAL,LOW_VOLATILITY
2024-03-21,669.84,676.24,664.81,670.66,18060000.0,658.714,651.1645,58.35556070972979,0.013277019730037838,BULLISH,RSI_NORMAL,LOW_VOLATILITY
2024-03-22,669.59,679.38,667.72,675.17,11250000.0,663.6379999999999,651.4794999999999,59.85466741196199,0.013337146970667983,BULLISH,RSI_NORMAL,LOW_VOLATILITY
2024-03-26,674.53,693.56,673.58,690.07,18500000.0,671.736,652.8120000000001,64.97952018724402,0.013994696635879272,BULLISH,RSI_NORMAL,LOW_VOLATILITY
2024-03-27,693.63,703.94,689.56,701.32,15510000.0,680.254,655.1415,90.54761074293687,0.013861555137178542,BULLISH,RSI_HIGH,LOW_VOLATILITY
2024-03-28,702.25,733.93,702.25,723.54,35750000.0,692.152,658.8689999999999,93.61264378565423,0.014885262594589678,BULLISH,RSI_HIGH,LOW_VOLATILITY
2024-04-01,725.14,733.35,721.02,724.11,11250000.0,702.842,662.642,92.92521234721366,0.014859924238425444,BULLISH,RSI_HIGH,LOW_VOLATILITY
2024-04-02,724.11,724.51,712.53,719.76,9680000.0,711.76,665.8175,88.777353944991,0.015005212279638233,BULLISH,RSI_HIGH,LOW_VOLATILITY
2024-04-03,718.72,731.34,717.64,729.93,9590000.0,719.732,669.4370000000001,89.79554581964223,0.015132937924856201,BULLISH,RSI_HIGH,LOW_VOLATILITY
2024-04-04,733.5,734.0,724.51,727.35,10410000.0,724.938,672.837,87.50567511123226,0.015254449627254923,BULLISH,RSI_HIGH,LOW_VOLATILITY
2024-04-05,722.49,724.91,714.63,716.59,12000000.0,723.548,677.088,83.7781448317831,0.011590632289907785,BULLISH,RSI_HIGH,LOW_VOLATILITY
2024-04-08,720.52,721.71,713.31,716.88,5180000.0,722.102,681.4185,81.9971056439943,0.011508849102886737,BULLISH,RSI_HIGH,LOW_VOLATILITY
2024-04-09,721.02,722.55,711.48,718.38,7100000.0,721.826,685.276,83.019773468996,0.011254040759048027,BULLISH,RSI_HIGH,LOW_VOLATILITY
2024-04-10,722.61,724.41,715.03,722.04,5680000.0,720.2479999999999,689.253,82.07518492248457,0.011220543988499377,BULLISH,RSI_HIGH,LOW_VOLATILITY
2024-04-12,721.42,725.41,714.66,721.97,10930000.0,719.1719999999999,693.2149999999999,80.9931506849316,0.011232850107794394,BULLISH,RSI_HIGH,LOW_VOLATILITY
2024-04-15,713.53,718.9,705.39,706.66,7580000.0,717.1859999999999,696.3109999999999,67.62287056980617,0.012761528789192629,BULLISH,RSI_NORMAL,LOW_VOLATILITY
2024-04-16,700.04,702.47,692.16,694.48,9630000.0,712.706,699.091,58.79245970312362,0.013340806172252022,BEARISH,RSI_NORMAL,LOW_VOLATILITY
2024-04-18,691.87,698.55,685.67,688.38,13850000.0,706.7059999999999,700.9825,49.16344916344914,0.01321725931119695,BEARISH,RSI_NORMAL,LOW_VOLATILITY
2024-04-19,683.08,714.03,680.08,710.98,12180000.0,704.494,704.0525,54.29868280526877,0.014754145508117156,BULLISH,RSI_NORMAL,LOW_VOLATILITY
2024-04-22,715.76,729.61,715.76,728.23,11650000.0,705.7459999999999,707.5274999999999,52.18362976068538,0.015264107523230618,BULLISH,RSI_NORMAL,LOW_VOLATILITY
2024-04-23,729.91,732.99,722.7,725.0,10820000.0,709.414,710.575,50.40436165379372,0.01539317942819803,BULLISH,RSI_NORMAL,LOW_VOLATILITY
2024-04-24,727.31,740.94,724.01,731.92,8870000.0,716.9019999999999,713.638,55.39868584620849,0.015385834970094533,BULLISH,RSI_NORMAL,LOW_VOLATILITY
2024-04-25,732.0,735.48,711.54,728.5,11730000.0,724.926,716.3045,49.32464343062248,0.015509347231707637,BULLISH,RSI_NORMAL,LOW_VOLATILITY
2024-04-26,699.05,699.05,668.24,672.21,58150000.0,717.1719999999999,715.4114999999999,32.72339892217069,0.023327646040015585,BEARISH,RSI_NORMAL,HIGH_VOLATILITY
2024-04-29,678.07,683.03,670.39,681.73,16810000.0,707.8720000000001,714.432,38.992042440318286,0.02324864534072285,BEARISH,RSI_NORMAL,HIGH_VOLATILITY
2024-04-30,682.07,696.55,681.27,691.41,17990000.0,701.1539999999999,712.8255,42.40744052942227,0.022256539315772594,BEARISH,RSI_NORMAL,HIGH_VOLATILITY
2024-05-02,692.84,696.05,685.57,687.33,11400000.0,692.2360000000001,710.9865,40.88426986084199,0.022262281856336146,BEARISH,RSI_NORMAL,HIGH_VOLATILITY
2024-05-03,731.9,738.99,689.76,692.21,68190000.0,684.9780000000001,709.609,41.30472803591209,0.02234206612626918,BEARISH,RSI_NORMAL,HIGH_VOLATILITY
2024-05-06,699.84,701.04,683.57,685.05,12300000.0,687.546,707.365,39.66521106259095,0.02209800504595831,BEARISH,RSI_NORMAL,HIGH_VOLATILITY
2024-05-07,688.06,693.37,677.88,686.32,12980000.0,688.464,705.3135,43.82063434196138,0.02212306769295111,BEARISH,RSI_NORMAL,HIGH_VOLATILITY
2024-05-08,686.22,687.02,677.58,679.02,7260000.0,685.986,703.4350000000001,45.159674389480266,0.02202236717495686,BEARISH,RSI_NORMAL,HIGH_VOLATILITY
2024-05-09,679.07,682.34,657.61,659.62,13810000.0,680.444,700.572,41.687861271676304,0.022765121764493346,BEARISH,RSI_NORMAL,HIGH_VOLATILITY
2024-05-10,662.99,668.89,659.22,667.51,8250000.0,675.504,698.0285,36.26887358645523,0.023007528515618214,BEARISH,RSI_NORMAL,HIGH_VOLATILITY
2024-05-13,667.49,673.51,661.1,670.96,5120000.0,672.686,695.4745,30.1820195169216,0.023008967059743975,BEARISH,RSI_NORMAL,HIGH_VOLATILITY
2024-05-14,670.09,673.27,664.86,666.66,7560000.0,668.754,692.7090000000001,29.96015388843088,0.02300451496350156,BEARISH,RSI_LOW,HIGH_VOLATILITY
2024-05-15,668.29,672.28,663.6,667.09,5950000.0,666.368,690.7305,26.69159416121383,0.02264639622399053,BEARISH,RSI_LOW,HIGH_VOLATILITY
2024-05-16,669.12,675.29,661.4,673.8,10600000.0,669.204,689.6965,30.7881427367238,0.022541827989314662,BEARISH,RSI_NORMAL,HIGH_VOLATILITY
2024-05-17,673.78,677.08,669.19,671.83,4800000.0,670.068,688.8689999999999,49.78418900499773,0.022476904232577734,BEARISH,RSI_NORMAL,HIGH_VOLATILITY
2024-05-18,671.59,674.88,671.59,672.88,498920.0,670.452,686.964,44.438858866406925,0.021043987460488908,BEARISH,RSI_NORMAL,HIGH_VOLATILITY
2024-05-21,669.59,677.58,669.59,673.37,7620000.0,671.7940000000001,684.221,37.18385905086677,0.020103858136457438,BEARISH,RSI_NORMAL,HIGH_VOLATILITY
2024-05-22,676.82,676.82,671.81,673.54,4160000.0,673.0840000000001,681.648,39.62689935309158,0.020122260372475612,BEARISH,RSI_NORMAL,HIGH_VOLATILITY
2024-05-23,675.04,684.42,672.09,681.74,7090000.0,674.672,679.139,42.49892534747099,0.02022016102539369,BULLISH,RSI_NORMAL,HIGH_VOLATILITY
2024-05-24,681.07,690.06,678.38,682.76,7420000.0,676.858,676.8520000000001,48.20109976433625,0.02024584327217816,BULLISH,RSI_NORMAL,HIGH_VOLATILITY
2024-05-27,684.97,695.01,680.07,688.61,6550000.0,680.004,677.672,51.67814744247396,0.010370874371807101,BULLISH,RSI_NORMAL,LOW_VOLATILITY
2024-05-28,690.46,693.56,684.76,686.37,7530000.0,682.6039999999999,677.904,55.81763495330064,0.009953015043538769,BULLISH,RSI_NORMAL,LOW_VOLATILITY
2024-05-29,686.87,689.86,677.61,679.74,7210000.0,683.8439999999999,677.3205,69.96031746031747,0.009635085836673342,BULLISH,RSI_NORMAL,LOW_VOLATILITY
2024-05-30,677.07,678.97,658.51,660.75,11560000.0,679.646,675.9915,44.50406504065042,0.011354823946378352,BEARISH,RSI_NORMAL,LOW_VOLATILITY
2024-05-31,665.59,676.27,663.34,668.86,28420000.0,676.8660000000001,674.824,48.412938331317996,0.01162654811575254,BEARISH,RSI_NORMAL,LOW_VOLATILITY
2024-06-03,693.94,697.92,682.37,690.62,11480000.0,677.268,675.1025,64.32671609662765,0.013706094563733997,BULLISH,RSI_NORMAL,LOW_VOLATILITY
2024-06-04,690.66,690.66,636.7,650.07,32990000.000000004,670.008,673.2900000000001,43.12267657992565,0.019042606990053588,BEARISH,RSI_NORMAL,HIGH_VOLATILITY
2024-06-05,659.5,685.27,652.67,682.74,12190000.0,670.608,673.476,52.98597194388779,0.022272899909197546,BULLISH,RSI_NORMAL,HIGH_VOLATILITY
2024-06-06,684.07,700.34,681.3,691.64,14660000.0,676.7860000000001,675.077,56.323820468620305,0.021337109344022952,BULLISH,RSI_NORMAL,HIGH_VOLATILITY
2024-06-07,698.55,728.91,693.16,718.16,29840000.0,686.646,677.6095,62.43272926963207,0.02271774805735027,BULLISH,RSI_NORMAL,HIGH_VOLATILITY
2024-06-10,724.01,724.01,706.56,707.92,8720000.0,690.106,679.4575,59.00443054469637,0.023073646685025005,BULLISH,RSI_NORMAL,HIGH_VOLATILITY
2024-06-11,707.34,715.93,704.14,712.84,12050000.0,702.66,681.7665,59.99491353001019,0.02298198998933594,BULLISH,RSI_NORMAL,HIGH_VOLATILITY
2024-06-12,713.83,726.71,710.53,720.79,12690000.0,710.27,684.4515,59.94397759103641,0.02303077653917784,BULLISH,RSI_NORMAL,HIGH_VOLATILITY
2024-06-13,724.23,731.5,722.23,728.5,13450000.0,717.642,687.1865,61.26379038613082,0.02303985748374571,BULLISH,RSI_NORMAL,HIGH_VOLATILITY
2024-06-14,728.61,736.0,723.72,733.16,11870000.0,720.642,690.253,61.03542234332424,0.02298314552310082,BULLISH,RSI_NORMAL,HIGH_VOLATILITY
2024-06-18,735.5,741.94,729.01,732.47,9470000.0,725.5519999999999,693.2325,61.5077383924114,0.023007539603249843,BULLISH,RSI_NORMAL,HIGH_VOLATILITY
2024-06-19,732.47,733.9,716.81,722.41,5200000.0,727.466,695.6845000000001,60.4721935895548,0.023357104177675378,BULLISH,RSI_NORMAL,HIGH_VOLATILITY
2024-06-20,721.02,725.5,710.13,719.73,9000000.0,727.254,697.9939999999999,65.73471347775052,0.023405366793508686,BULLISH,RSI_NORMAL,HIGH_VOLATILITY
2024-06-21,722.95,725.51,706.54,712.46,15000000.0,724.046,699.53,61.68399614106551,0.02350482534309777,BULLISH,RSI_NORMAL,HIGH_VOLATILITY
2024-06-24,706.64,709.73,701.1,707.22,6360000.0,718.858,700.7529999999999,54.880630365753284,0.023607218217348843,BULLISH,RSI_NORMAL,HIGH_VOLATILITY
2024-06-25,709.13,713.03,698.85,706.48,15610000.0,713.6600000000001,701.6465,71.65451055662189,0.023564862978585014,BULLISH,RSI_HIGH,HIGH_VOLATILITY
2024-06-26,706.04,716.95,702.54,714.85,9130000.0,712.148,703.0705,65.15337423312884,0.023644773810726282,BULLISH,RSI_NORMAL,HIGH_VOLATILITY
2024-06-27,714.03,722.92,707.34,715.7,11380000.0,711.342,704.8685,62.288049029622094,0.023479802103857802,BULLISH,RSI_NORMAL,HIGH_VOLATILITY
2024-06-28,715.53,721.62,709.56,710.59,8300000.000000001,710.9680000000001,707.3605,45.05164073735133,0.022484264606928123,BULLISH,RSI_NORMAL,HIGH_VOLATILITY
2024-07-01,706.54,729.41,706.54,726.69,7730000.0,714.862,710.2520000000001,61.39647844565883,0.02280577064815921,BULLISH,RSI_NORMAL,HIGH_VOLATILITY
2024-07-02,726.51,726.61,711.23,715.59,12810000.0,716.684,711.5005000000001,51.55314582627358,0.022199554362270228,BULLISH,RSI_NORMAL,HIGH_VOLATILITY
2024-07-03,718.02,727.48,716.03,724.89,8359999.999999999,718.692,715.2415,52.280818869603934,0.01707450238083981,BULLISH,RSI_NORMAL,LOW_VOLATILITY
2024-07-04,729.11,731.5,709.04,709.74,18980000.0,717.5000000000001,716.5915,40.361693382655154,0.01449838772497457,BEARISH,RSI_NORMAL,LOW_VOLATILITY
2024-07-05,712.43,714.02,706.74,712.83,9310000.0,717.9480000000001,717.6510000000001,39.383812010443904,0.014280175043654328,BEARISH,RSI_NORMAL,LOW_VOLATILITY
2024-07-08,713.52,713.79,703.74,708.86,6780000.0,714.3820000000001,717.186,38.079369887912755,0.011424742526176687,BEARISH,RSI_NORMAL,LOW_VOLATILITY
2024-07-09,710.02,713.27,703.24,705.84,9740000.0,712.432,717.0820000000001,40.99358625937606,0.011006221428749343,BEARISH,RSI_NORMAL,LOW_VOLATILITY
2024-07-10,705.84,711.97,701.15,704.54,8100000.0,708.3620000000001,716.667,41.617922966559966,0.010885170181758788,BEARISH,RSI_NORMAL,LOW_VOLATILITY
2024-07-11,707.83,707.83,692.06,694.09,9720000.0,705.232,715.332,40.20684507943278,0.010967916471819487,BEARISH,RSI_NORMAL,LOW_VOLATILITY
2024-07-12,698.74,703.54,690.57,699.48,10690000.0,702.562,713.881,45.88034915903768,0.010810198674018523,BEARISH,RSI_NORMAL,LOW_VOLATILITY
2024-07-15,701.05,707.54,698.57,705.42,5330000.0,701.874,712.4939999999999,49.46540246116599,0.010905336757210294,BEARISH,RSI_NORMAL,LOW_VOLATILITY
2024-07-16,707.04,708.04,699.57,704.95,5580000.0,701.6959999999999,711.118,44.57474791758001,0.010906742330460498,BEARISH,RSI_NORMAL,LOW_VOLATILITY
2024-07-18,703.75,710.82,696.17,710.03,8650000.0,702.794,710.499,47.03048077930236,0.010709823333065593,BEARISH,RSI_NORMAL,LOW_VOLATILITY
2024-07-19,710.03,710.03,690.06,692.29,9390000.0,702.434,709.1270000000001,41.53561517113779,0.011992789858674871,BEARISH,RSI_NORMAL,LOW_VOLATILITY
2024-07-22,692.26,694.91,684.01,687.49,5750000.0,700.0360000000001,707.8785,29.752066115702405,0.011898963654243146,BEARISH,RSI_LOW,LOW_VOLATILITY
2024-07-23,692.46,693.54,661.1,671.8,19320000.0,693.312,706.1075000000001,28.40516816254059,0.012756565597796714,BEARISH,RSI_LOW,LOW_VOLATILITY
2024-07-24,662.1,664.57,653.22,659.82,31010000.0,684.286,703.7745000000001,18.737388296338935,0.013201186118393247,BEARISH,RSI_LOW,LOW_VOLATILITY
2024-07-25,655.11,665.69,654.25,663.87,9510000.0,675.054,701.2255,25.330751855437157,0.012914377394622896,BEARISH,RSI_LOW,LOW_VOLATILITY
2024-07-26,666.6,679.91,665.8,678.05,11100000.0,672.2059999999999,699.3430000000001,33.28848741110886,0.014047044086238865,BEARISH,RSI_NORMAL,LOW_VOLATILITY
2024-07-29,681.46,684.57,675.66,680.32,7490000.0,670.772,697.8295,36.059007424775274,0.014064568578923207,BEARISH,RSI_NORMAL,LOW_VOLATILITY
2024-07-30,680.32,688.96,677.38,681.43,11790000.0,672.698,695.5665,37.84967645594814,0.012851721909764918,BEARISH,RSI_NORMAL,LOW_VOLATILITY
2024-07-31,681.77,684.57,678.38,679.77,8900000.0,676.6879999999999,693.7755,37.71451244916174,0.012529855520308518,BEARISH,RSI_NORMAL,LOW_VOLATILITY
2024-08-01,682.22,683.47,674.08,676.24,8400000.0,679.162,691.3430000000001,40.49419533496639,0.011995412601458106,BEARISH,RSI_NORMAL,LOW_VOLATILITY
2024-08-02,671.59,674.08,666.4,671.59,6220000.0,677.8700000000001,689.4354999999999,35.02952227589901,0.011308795353614969,BEARISH,RSI_NORMAL,LOW_VOLATILITY
2024-08-05,664.1,664.1,652.37,658.77,9440000.0,673.5600000000001,686.7325,26.68199540137951,0.011745913688240196,BEARISH,RSI_LOW,LOW_VOLATILITY
2024-08-06,661.7,668.79,650.27,652.95,8920000.0,667.8639999999999,683.937,25.327386600872956,0.011793377145057165,BEARISH,RSI_LOW,LOW_VOLATILITY
2024-08-07,659.1,665.03,657.22,662.81,4640000.0,664.472,681.7855,28.56753812636157,0.012544445811788435,BEARISH,RSI_LOW,LOW_VOLATILITY
2024-08-08,661.6,666.9,656.24,657.33,6900000.0,660.6899999999999,679.425,32.14504596527064,0.012593664014955094,BEARISH,RSI_NORMAL,LOW_VOLATILITY
2024-08-09,669.09,669.09,658.2,660.92,6990000.0,658.5559999999999,677.7665,36.26021305202182,0.012439512580359502,BEARISH,RSI_NORMAL,LOW_VOLATILITY
2024-08-12,661.01,663.6,655.51,659.92,6750000.0,658.786,675.7885,42.75609756097556,0.012212498518717581,BEARISH,RSI_NORMAL,LOW_VOLATILITY
2024-08-13,663.59,663.59,644.34,645.63,10720000.0,657.322,672.799,41.58462815798829,0.012595196865800008,BEARISH,RSI_NORMAL,LOW_VOLATILITY
2024-08-14,647.37,648.11,642.22,644.97,7740000.0,653.754,669.8,38.32179930795842,0.01258997809423961,BEARISH,RSI_NORMAL,LOW_VOLATILITY
2024-08-16,649.62,659.1,641.63,658.19,7530000.0,653.9259999999999,667.2080000000001,37.58129064532267,0.013547047166156886,BEARISH,RSI_NORMAL,LOW_VOLATILITY
2024-08-19,662.9,664.7,658.46,660.74,5290000.0,653.8900000000001,665.6305,37.79910269192412,0.012668624679143899,BEARISH,RSI_NORMAL,LOW_VOLATILITY
2024-08-20,663.83,676.47,660.74,671.31,9570000.0,656.168,664.8215,44.35897435897432,0.013247181029824008,BULLISH,RSI_NORMAL,LOW_VOLATILITY
2024-08-21,671.28,673.81,668.59,672.62,6330000.0,661.566,664.8625,45.9988808058198,0.012228894104234753,BULLISH,RSI_NORMAL,LOW_VOLATILITY
2024-08-22,674.08,675.58,671.48,673.44,7280000.0,667.26,665.5435,48.38411819021239,0.01147462592941836,BULLISH,RSI_NORMAL,LOW_VOLATILITY
2024-08-23,674.58,675.28,669.58,672.67,6180000.0,670.1560000000001,665.9835,50.6524891251812,0.01142123964622794,BULLISH,RSI_NORMAL,LOW_VOLATILITY
2024-08-26,676.68,680.97,674.69,676.91,8980000.0,673.39,665.9264999999999,62.22701536802376,0.010443608827708572,BULLISH,RSI_NORMAL,LOW_VOLATILITY
2024-08-27,676.91,686.4,672.09,685.43,20360000.0,676.2139999999999,666.182,71.12382934443289,0.01079925378447043,BULLISH,RSI_HIGH,LOW_VOLATILITY
2024-08-28,686.67,690.76,684.27,689.06,8490000.0,679.502,666.5635,68.57749469214441,0.010851675900059378,BULLISH,RSI_NORMAL,LOW_VOLATILITY
2024-08-29,687.97,714.83,687.22,705.4,26390000.0,685.894,667.845,79.48717948717945,0.011981498866518269,BULLISH,RSI_HIGH,LOW_VOLATILITY
2024-08-30,706.14,720.52,706.14,719.04,20440000.0,695.1679999999999,669.9849999999999,81.73875054608997,0.012460907983374597,BULLISH,RSI_HIGH,LOW_VOLATILITY
2024-09-02,726.41,743.99,721.92,742.99,22960000.0,708.384,673.5550000000001,86.27194131516897,0.013914632349174203,BULLISH,RSI_HIGH,LOW_VOLATILITY
2024-09-03,744.99,744.99,719.63,734.38,18990000.0,718.174,677.3355,90.77460259119722,0.013314929664497368,BULLISH,RSI_HIGH,LOW_VOLATILITY
2024-09-04,724.51,736.7,723.54,728.96,8870000.0,726.154,681.136,86.9706840390879,0.01323608604671753,BULLISH,RSI_HIGH,LOW_VOLATILITY
2024-09-05,731.01,731.67,718.32,723.51,6730000.0,729.7760000000001,684.171,80.86373086373078,0.013345805546078789,BULLISH,RSI_HIGH,LOW_VOLATILITY
2024-09-06,724.57,738.5,724.57,730.72,18430000.0,732.112,687.8405,81.67089065894274,0.013048983361735338,BULLISH,RSI_HIGH,LOW_VOLATILITY
2024-09-09,731.4,736.79,725.29,733.75,8790000.0,730.2639999999999,691.482,80.32834660967548,0.013051898295547685,BULLISH,RSI_HIGH,LOW_VOLATILITY
2024-09-10,735.99,735.99,718.32,723.2,13090000.0,728.028,694.646,72.54412551256907,0.013707016640243076,BULLISH,RSI_HIGH,LOW_VOLATILITY
2024-09-11,724.01,742.19,719.65,733.56,11050000.0,728.9480000000001,699.0425,74.69602366086094,0.01236453777306318,BULLISH,RSI_HIGH,LOW_VOLATILITY
2024-09-12,740.99,742.99,728.67,741.82,14470000.0,732.61,703.885,76.75876480148598,0.012277196493770076,BULLISH,RSI_HIGH,LOW_VOLATILITY
2024-09-13,741.82,764.96,734.2,758.82,22080000.0,738.23,708.9165,78.84764386842292,0.012427256448000606,BULLISH,RSI_HIGH,LOW_VOLATILITY
2024-09-16,766.96,766.96,731.2,733.58,26800000.0,738.1960000000001,712.5585,65.17108828533621,0.015376562450836349,BULLISH,RSI_NORMAL,LOW_VOLATILITY
2024-09-17,732.75,744.49,727.62,735.55,15680000.0,740.6659999999999,715.7705,64.80290390371268,0.015178482346614838,BULLISH,RSI_NORMAL,LOW_VOLATILITY
2024-09-18,737.72,766.21,736.85,762.07,29750000.0,746.368,720.243,66.94575683272532,0.016694595563162166,BULLISH,RSI_NORMAL,LOW_VOLATILITY
2024-09-19,766.46,773.75,754.97,758.0,17210000.0,749.604,724.471,62.35726972849531,0.01686519142318276,BULLISH,RSI_NORMAL,LOW_VOLATILITY
2024-09-20,762.46,764.46,747.71,757.21,16450000.0,749.282,728.6980000000001,55.28703152885189,0.016862930206955427,BULLISH,RSI_NORMAL,LOW_VOLATILITY
2024-09-23,761.54,762.56,752.15,758.48,5730000.0,754.262,732.7765,59.477741072833105,0.01689128681275749,BULLISH,RSI_NORMAL,LOW_VOLATILITY
2024-09-24,758.67,759.31,747.37,754.39,10700000.0,758.03,736.2245,60.10650981638977,0.016991467806142344,BULLISH,RSI_NORMAL,LOW_VOLATILITY
2024-09-25,753.47,762.96,748.79,761.35,12720000.0,757.886,739.839,64.86019478479423,0.017018489451424642,BULLISH,RSI_NORMAL,LOW_VOLATILITY
2024-09-26,762.96,776.88,757.72,775.78,16680000.0,761.442,743.3580000000001,66.74594916010108,0.016776591385168443,BULLISH,RSI_NORMAL,LOW_VOLATILITY
2024-09-27,776.94,779.94,770.05,774.55,11780000.0,764.91,746.1335,65.36838933252974,0.01647865611992065,BULLISH,RSI_NORMAL,LOW_VOLATILITY
2024-09-30,773.55,781.34,766.57,769.25,9620000.0,767.064,747.4465,68.06024001882498,0.015088517459851106,BULLISH,RSI_NORMAL,LOW_VOLATILITY
2024-10-01,764.97,780.4,764.06,769.25,7880000.0,770.036,749.1899999999999,65.23520874242296,0.014764492737364377,BULLISH,RSI_NORMAL,LOW_VOLATILITY
2024-10-03,759.97,768.95,737.1,742.37,10410000.0,766.24,749.8605,50.2025782688766,0.016864924360631646,BEARISH,RSI_NORMAL,LOW_VOLATILITY
2024-10-04,740.99,741.99,714.53,720.15,17680000.0,755.1139999999999,749.6925,36.28431581187485,0.018159948832265994,BEARISH,RSI_NORMAL,LOW_VOLATILITY
2024-10-07,720.15,731.4,718.05,725.95,9360000.0,745.394,749.454,46.860857401464656,0.01810928490751557,BEARISH,RSI_NORMAL,LOW_VOLATILITY
2024-10-08,725.5,728.55,715.03,717.72,9040000.0,735.088,748.6525,43.023710775491075,0.018245442375837757,BEARISH,RSI_NORMAL,LOW_VOLATILITY
2024-10-09,720.62,741.67,719.63,729.05,10540000.0,727.048,748.9449999999999,35.33747779751327,0.018323151798841978,BEARISH,RSI_NORMAL,LOW_VOLATILITY
2024-10-10,731.01,735.8,726.31,730.98,5590000.0,724.77,748.816,37.76932826362484,0.01804548149922714,BEARISH,RSI_NORMAL,LOW_VOLATILITY
2024-10-11,731.5,732.0,721.62,729.21,3620000.0,726.5820000000001,748.1855,37.437185929648244,0.017853632885623937,BEARISH,RSI_NORMAL,LOW_VOLATILITY
2024-10-14,728.28,730.39,719.02,719.9,4450000.0,725.372,746.2394999999999,33.855038500167396,0.0171374473169887,BEARISH,RSI_NORMAL,LOW_VOLATILITY
2024-10-15,723.51,724.63,696.95,700.74,14860000.0,721.976,744.5975,30.063173541434438,0.016564083308590192,BEARISH,RSI_NORMAL,LOW_VOLATILITY
2024-10-16,700.05,704.98,691.06,694.69,11260000.0,715.104,742.5545,25.059862316671655,0.016583293860505628,BEARISH,RSI_LOW,LOW_VOLATILITY
2024-10-17,697.15,698.93,686.17,689.01,6900000.0,706.71,738.9015,15.26143005845148,0.013866561400216984,BEARISH,RSI_LOW,LOW_VOLATILITY
2024-10-18,688.36,692.92,681.14,689.02,7450000.0,698.6719999999999,735.4525000000001,15.420069539904603,0.013909935539498607,BEARISH,RSI_LOW,LOW_VOLATILITY
2024-10-21,689.97,694.13,670.81,677.17,22100000.0,690.126,731.4505,14.644447857471988,0.014155344111508138,BEARISH,RSI_LOW,LOW_VOLATILITY
2024-10-22,679.08,682.37,663.46,666.88,17010000.0,683.354,726.8705,13.571987758878393,0.014209388078775505,BEARISH,RSI_LOW,LOW_VOLATILITY
2024-10-23,659.68,708.92,659.2,698.63,26370000.0,684.142,724.0825,34.956665290961624,0.018642204015797054,BEARISH,RSI_NORMAL,LOW_VOLATILITY
2024-10-24,700.3,711.32,698.11,703.13,8950000.0,686.966,721.1715,43.333855553814836,0.018551006906409175,BEARISH,RSI_NORMAL,LOW_VOLATILITY
2024-10-25,703.13,705.04,688.39,690.08,10220000.0,687.1780000000001,716.8865,36.70595211622563,0.018017409840368755,BEARISH,RSI_NORMAL,LOW_VOLATILITY
2024-10-28,691.06,703.54,686.57,690.2,7150000.0,689.784,712.6690000000001,39.14826498422714,0.018042744487772336,BEARISH,RSI_NORMAL,LOW_VOLATILITY
2024-10-29,689.97,705.04,679.3,701.3,14100000.0,696.668,709.2715000000001,39.03768665560559,0.018676371344265166,BEARISH,RSI_NORMAL,HIGH_VOLATILITY
2024-10-30,698.95,701.09,692.26,694.55,5660000.0,695.852,705.5364999999999,36.136692290128586,0.018679717842997597,BEARISH,RSI_NORMAL,HIGH_VOLATILITY
2024-10-31,693.96,696.13,687.04,688.04,7300000.0,692.8340000000001,702.8199999999999,34.878425034893084,0.017344727678228464,BEARISH,RSI_NORMAL,LOW_VOLATILITY
2024-11-01,692.06,693.51,689.26,691.42,450110.0,693.102,701.3835,39.062980030721945,0.016283588233139894,BEARISH,RSI_NORMAL,LOW_VOLATILITY
2024-11-04,696.55,696.55,674.37,683.44,7160000.0,691.75,699.258,42.73231389682407,0.016242042349938524,BEARISH,RSI_NORMAL,LOW_VOLATILITY
2024-11-05,683.57,700.54,670.29,692.09,12230000.0,689.908,697.9765,48.931096859069214,0.016469715645817975,BEARISH,RSI_NORMAL,LOW_VOLATILITY
2024-11-06,692.56,701.46,688.29,699.67,6960000.0,690.932,696.5074999999999,54.31509067357513,0.016233548368111562,BULLISH,RSI_NORMAL,LOW_VOLATILITY
2024-11-07,699.67,702.94,686.07,689.51,4590000.0,691.226,694.434,50.18328719982046,0.016431441273763253,BEARISH,RSI_NORMAL,LOW_VOLATILITY
2024-11-08,689.51,694.21,683.17,688.66,4250000.0,690.674,692.4064999999999,54.68329664954759,0.016434991027503263,BEARISH,RSI_NORMAL,LOW_VOLATILITY
2024-11-11,685.07,689.48,674.3,676.96,7620000.0,689.3779999999999,690.2595,54.061895551257294,0.016597031271401053,BEARISH,RSI_NORMAL,LOW_VOLATILITY
2024-11-12,680.97,682.76,660.6,662.92,10570000.0,683.544,688.3685,33.214252138760855,0.016203294175007592,BEARISH,RSI_NORMAL,LOW_VOLATILITY
2024-11-13,662.6,669.31,651.77,655.71,8670000.0,674.7520000000001,686.4195,28.263659699303204,0.016254575813042803,BEARISH,RSI_LOW,LOW_VOLATILITY
2024-11-14,656.34,663.04,652.11,654.02,5280000.0,667.654,684.67,31.549324600900448,0.016204507259710652,BEARISH,RSI_NORMAL,LOW_VOLATILITY
2024-11-18,662.4,664.8,654.61,655.9,5970000.0,661.1020000000001,683.0139999999999,32.76035383996775,0.016240253272546423,BEARISH,RSI_NORMAL,LOW_VOLATILITY
2024-11-19,658.54,663.58,655.21,658.63,8039999.999999999,657.436,682.087,26.583251015256252,0.01591045558291375,BEARISH,RSI_LOW,LOW_VOLATILITY
2024-11-21,660.5,660.5,644.22,645.69,11010000.0,653.99,681.0274999999999,24.89208633093523,0.016144935440355467,BEARISH,RSI_LOW,LOW_VOLATILITY
2024-11-22,646.12,671.33,644.73,667.49,9700000.0,656.346,679.4705,40.87396749267253,0.014095254927419625,BEARISH,RSI_NORMAL,LOW_VOLATILITY
2024-11-25,678.07,685.37,665.82,667.63,11330000.0,659.068,677.6955,39.12208504801096,0.013962830654391661,BEARISH,RSI_NORMAL,LOW_VOLATILITY
2024-11-26,671.29,673.06,659.95,660.9,6630000.0,660.068,676.2365,39.574468085106325,0.013572636712057586,BEARISH,RSI_NORMAL,LOW_VOLATILITY
2024-11-27,664.1,672.41,660.33,669.61,6420000.0,662.2639999999999,675.207,39.60798816568045,0.013990927867113942,BEARISH,RSI_NORMAL,LOW_VOLATILITY
2024-11-28,670.49,671.71,648.62,650.06,15770000.0,663.138,672.645,29.35153583617746,0.01465712730128698,BEARISH,RSI_LOW,LOW_VOLATILITY
2024-11-29,651.01,660.0,650.15,656.7,7100000.0,660.98,670.7525,35.931738272875435,0.01490321024844057,BEARISH,RSI_NORMAL,LOW_VOLATILITY
2024-12-02,658.6,665.59,648.22,664.16,9200000.0,660.286,669.5585,40.05843207271547,0.015133365535997393,BEARISH,RSI_NORMAL,LOW_VOLATILITY
2024-12-03,668.7,671.33,662.18,666.64,13140000.0,661.434,668.3195,45.4736842105263,0.015108718924261993,BEARISH,RSI_NORMAL,LOW_VOLATILITY
2024-12-04,669.26,675.52,665.78,673.08,11300000.0,662.128,667.8015,54.7744360902256,0.015126746917572556,BULLISH,RSI_NORMAL,LOW_VOLATILITY
2024-12-05,675.08,688.05,667.64,684.11,13480000.0,668.938,667.4025,62.883324260569744,0.015321290989173477,BULLISH,RSI_NORMAL,LOW_VOLATILITY
2024-12-06,686.66,692.56,676.94,684.1,8330000.0,674.418,666.624,63.85664271236411,0.015085477225488138,BULLISH,RSI_NORMAL,LOW_VOLATILITY
2024-12-09,684.08,691.56,681.86,685.9,8410000.0,678.766,666.4435000000001,63.82998340401991,0.014761405371812319,BULLISH,RSI_NORMAL,LOW_VOLATILITY
2024-12-10,687.54,694.94,683.47,692.68,12050000.0,683.9739999999999,666.6445000000001,65.13198826770952,0.014927238190358598,BULLISH,RSI_NORMAL,LOW_VOLATILITY
2024-12-11,695.04,715.53,688.37,710.54,19930000.0,691.466,668.3235,77.61219449885033,0.015362901615846565,BULLISH,RSI_HIGH,LOW_VOLATILITY
2024-12-12,711.22,713.87,706.54,711.61,9670000.0,696.966,670.758,72.81282316442602,0.01436173375208512,BULLISH,RSI_HIGH,LOW_VOLATILITY
2024-12-13,708.94,720.74,697.11,717.3,12500000.0,703.606,673.8375,74.28850855745716,0.013971924186503802,BULLISH,RSI_HIGH,LOW_VOLATILITY
2024-12-16,717.3,723.81,714.64,719.86,7960000.0,710.3979999999999,677.1295,80.05709624796081,0.013873190170368248,BULLISH,RSI_HIGH,LOW_VOLATILITY
2024-12-17,719.02,724.75,710.03,714.31,10320000.0,714.7239999999999,680.05,73.54614412136527,0.014153522609079705,BULLISH,RSI_HIGH,LOW_VOLATILITY
2024-12-18,713.93,716.9,705.08,706.48,7280000.0,713.9119999999999,682.4424999999999,83.90625000000003,0.014563272447859809,BULLISH,RSI_HIGH,LOW_VOLATILITY
2024-12-19,694.06,701.49,687.85,690.91,9080000.0,709.772,684.7035,68.5661565179637,0.014772666337096414,BULLISH,RSI_NORMAL,LOW_VOLATILITY
2024-12-20,690.4,701.45,679.55,683.89,27000000.0,703.0899999999999,685.5235,60.75907950703458,0.013219202312151639,BEARISH,RSI_NORMAL,LOW_VOLATILITY
2024-12-23,688.76,696.74,684.66,685.74,5830000.0,696.266,686.429,60.487590599604665,0.013220169623679811,BEARISH,RSI_NORMAL,LOW_VOLATILITY
2024-12-24,687.26,690.06,678.48,679.89,6010000.0,689.382,687.3785,53.7636785674809,0.013153583097173332,BEARISH,RSI_NORMAL,LOW_VOLATILITY
2024-12-26,682.11,684.87,679.08,680.65,3290000.0,684.216,687.9304999999999,47.84289276807978,0.012863227422124637,BEARISH,RSI_NORMAL,LOW_VOLATILITY
2024-12-27,683.75,696.72,682.11,689.84,5550000.0,684.002,689.9195,53.211009174311926,0.011016572068098111,BEARISH,RSI_NORMAL,LOW_VOLATILITY
2024-12-30,689.06,698.55,685.57,687.89,4910000.0,684.802,691.479,51.111359320898025,0.010954834995464758,BEARISH,RSI_NORMAL,LOW_VOLATILITY
2024-12-31,686.06,686.77,678.28,681.37,6150000.0,683.9280000000001,692.3394999999999,43.665285090175914,0.011046354236019537,BEARISH,RSI_NORMAL,LOW_VOLATILITY
2025-01-01,681.37,693.85,679.68,692.59,4190000.000000001,686.4680000000001,693.637,39.13832748396473,0.011547285557951403,BEARISH,RSI_NORMAL,LOW_VOLATILITY
2025-01-02,697.05,741.99,696.15,737.92,31720000.0,697.922,696.879,60.36724722200328,0.018278407207547698,BULLISH,RSI_NORMAL,LOW_VOLATILITY
2025-01-03,737.97,748.98,734.92,739.72,15060000.0,707.898,699.6595,59.11382113821139,0.018076555473740177,BULLISH,RSI_NORMAL,LOW_VOLATILITY
2025-01-06,748.98,758.96,730.68,733.94,19060000.0,717.1080000000001,702.1514999999999,55.57756298526384,0.018252497073873133,BULLISH,RSI_NORMAL,LOW_VOLATILITY
2025-01-07,734.5,743.68,729.15,734.4,10430000.0,727.7139999999999,704.5764999999999,58.29274333360854,0.018264038498476055,BULLISH,RSI_NORMAL,LOW_VOLATILITY
2025-01-08,735.18,737.84,724.68,734.54,8440000.0,736.1039999999999,706.6695,62.36777150916781,0.018216380631687255,BULLISH,RSI_NORMAL,LOW_VOLATILITY
2025-01-09,732.85,734.54,722.62,726.76,6680000.0,733.8720000000001,707.4805,66.96639848556556,0.017638216530615026,BULLISH,RSI_NORMAL,LOW_VOLATILITY
2025-01-10,726.76,735.7,723.52,727.81,8090000.0,731.49,708.2905,72.03049759229533,0.017638179316610426,BULLISH,RSI_HIGH,LOW_VOLATILITY
2025-01-13,723.02,724.52,712.43,714.12,6640000.0,727.526,708.1315000000001,62.724175035868015,0.01811225964937443,BULLISH,RSI_NORMAL,LOW_VOLATILITY
2025-01-14,722.02,737.8,718.14,732.5,9980000.0,727.146,708.7635,71.205159209996,0.019003162678562478,BULLISH,RSI_HIGH,HIGH_VOLATILITY
2025-01-15,733.05,734.0,709.55,716.76,6820000.0,723.5899999999999,708.886,62.986405811695334,0.01957803382373034,BULLISH,RSI_NORMAL,HIGH_VOLATILITY
2025-01-16,719.02,727.91,718.43,724.99,8610000.0,723.236,709.8115,62.72905048163976,0.01953878635317726,BULLISH,RSI_NORMAL,HIGH_VOLATILITY
2025-01-17,721.12,727.5,714.66,717.23,6650000.0,721.12,711.1275,60.195996663886596,0.0189772688166379,BULLISH,RSI_NORMAL,HIGH_VOLATILITY
2025-01-20,717.23,745.98,717.23,743.0,10680000.0,726.896,714.083,68.88984245693621,0.020178466216692777,BULLISH,RSI_NORMAL,HIGH_VOLATILITY
2025-01-21,743.99,747.48,726.77,728.17,10030000.0,726.03,716.2045,60.66930550557754,0.02089883854931479,BULLISH,RSI_NORMAL,HIGH_VOLATILITY
2025-01-22,732.9,741.02,725.05,738.71,7270000.0,730.42,719.1455,50.299355816597235,0.020851708139916766,BULLISH,RSI_NORMAL,HIGH_VOLATILITY
2025-01-23,733.1,751.38,731.5,743.31,10300000.0,734.0840000000001,722.2785,51.33209647495359,0.020841197240300632,BULLISH,RSI_NORMAL,HIGH_VOLATILITY
2025-01-24,743.31,749.48,732.83,742.85,6800000.0,739.208,724.929,53.442014988797034,0.0207633322146459,BULLISH,RSI_NORMAL,HIGH_VOLATILITY
2025-01-27,737.01,746.43,725.01,728.55,6930000.0,736.318,726.962,47.958400223354495,0.021359940235037726,BULLISH,RSI_NORMAL,HIGH_VOLATILITY
2025-01-28,738.0,769.63,733.5,759.63,24790000.0,742.61,730.875,57.20107915733885,0.022873602234860714,BULLISH,RSI_NORMAL,HIGH_VOLATILITY
2025-01-29,764.68,777.64,755.87,774.91,15150000.0,749.85,734.991,63.249133234274396,0.022978335607077217,BULLISH,RSI_NORMAL,HIGH_VOLATILITY
2025-01-30,783.93,823.94,783.93,789.09,56490000.0,759.006,737.5495,65.72572367070418,0.018533454796665995,BULLISH,RSI_NORMAL,LOW_VOLATILITY
2025-01-31,791.42,796.98,778.04,787.44,18340000.0,767.924,739.9355,70.05470459518601,0.018574991116735235,BULLISH,RSI_HIGH,LOW_VOLATILITY
2025-02-01,786.93,809.89,777.38,798.92,16149999.999999998,781.9979999999999,743.1845000000001,68.88004548038657,0.018545125556583414,BULLISH,RSI_NORMAL,LOW_VOLATILITY
2025-02-03,791.14,842.78,791.03,841.43,43370000.0,798.358,748.5360000000001,80.75689544579859,0.021475865701946997,BULLISH,RSI_HIGH,HIGH_VOLATILITY
2025-02-04,841.36,847.85,829.17,846.38,19660000.0,812.6519999999999,754.1279999999999,80.44034304629119,0.02141793101296393,BULLISH,RSI_HIGH,HIGH_VOLATILITY
2025-02-05,848.84,857.7,843.4,849.79,18670000.0,824.792,760.2795,83.9827727645611,0.021019983851399273,BULLISH,RSI_HIGH,HIGH_VOLATILITY
2025-02-06,852.27,865.1,845.05,849.57,17090000.0,837.2180000000001,766.3675000000001,81.43843294589655,0.02105162021864968,BULLISH,RSI_HIGH,HIGH_VOLATILITY
2025-02-07,857.33,857.33,837.25,846.27,9670000.0,846.6880000000001,772.975,87.38288174221324,0.0203034880957549,BULLISH,RSI_HIGH,HIGH_VOLATILITY
2025-02-10,846.73,847.65,820.88,827.55,12440000.0,843.9119999999999,777.7275,76.73648729986758,0.02100034169361572,BULLISH,RSI_HIGH,HIGH_VOLATILITY
2025-02-11,828.77,834.37,812.83,818.01,9630000.0,838.238,782.7900000000001,71.8318915127426,0.02041602006410585,BULLISH,RSI_HIGH,HIGH_VOLATILITY
2025-02-12,813.86,827.27,801.41,820.29,14840000.0,832.3380000000001,787.555,72.39444765760554,0.020404170737775427,BULLISH,RSI_HIGH,HIGH_VOLATILITY
2025-02-13,818.59,848.65,818.59,839.76,18000000.0,830.376,793.6814999999999,81.2264839669793,0.020338869945851993,BULLISH,RSI_HIGH,HIGH_VOLATILITY
2025-02-14,839.71,844.41,827.07,838.09,8630000.0,828.74,798.4359999999999,76.3890757433069,0.019352590676085506,BULLISH,RSI_HIGH,HIGH_VOLATILITY
2025-02-17,820.91,847.65,820.91,841.51,8630000.0,831.5319999999999,804.103,74.34210526315793,0.018362553385165542,BULLISH,RSI_HIGH,LOW_VOLATILITY
2025-02-18,841.85,846.85,834.93,845.44,8690000.0,837.018,809.4395000000001,72.2639273014619,0.018294967704493625,BULLISH,RSI_HIGH,LOW_VOLATILITY
2025-02-19,844.77,851.74,838.86,842.8,8960000.0,841.5200000000001,814.414,71.70299513877995,0.018432722630756796,BULLISH,RSI_HIGH,LOW_VOLATILITY
2025-02-20,834.45,844.41,833.43,838.8,7900000.0,841.3279999999999,819.2115,66.60836248542395,0.018538932110494174,BULLISH,RSI_NORMAL,LOW_VOLATILITY
2025-02-21,834.86,840.89,827.67,838.53,6090000.0,841.4159999999999,824.7104999999999,48.136725777435124,0.01762930563327808,BULLISH,RSI_NORMAL,LOW_VOLATILITY
2025-02-24,831.67,838.76,829.98,834.36,3550000.0,839.9860000000001,828.4469999999999,42.198857736240925,0.015698317416962784,BULLISH,RSI_NORMAL,LOW_VOLATILITY
2025-02-25,834.36,851.51,832.67,847.73,10990000.0,840.4439999999998,832.0880000000001,48.81609195402302,0.015514079723634363,BULLISH,RSI_NORMAL,LOW_VOLATILITY
2025-02-27,853.1,872.71,853.1,869.36,18380000.0,845.756,836.1015,59.127386772437944,0.01592753301068783,BULLISH,RSI_NORMAL,LOW_VOLATILITY
2025-02-28,865.32,865.82,849.85,851.87,17550000.0,848.3700000000001,839.323,52.283849918433944,0.016832758857999487,BULLISH,RSI_NORMAL,LOW_VOLATILITY
2025-03-03,852.44,863.9,842.66,861.61,8750000.0,852.9860000000001,842.4574999999999,64.98855835240278,0.016743894224895143,BULLISH,RSI_NORMAL,LOW_VOLATILITY
2025-03-04,851.06,860.76,850.21,857.43,7660000.0,857.6,843.2574999999999,68.20617033068535,0.012150806832472704,BULLISH,RSI_NORMAL,LOW_VOLATILITY
2025-03-05,844.35,848.84,820.98,828.74,16300000.0,853.802,842.3754999999999,53.1372985817183,0.014313132559635167,BEARISH,RSI_NORMAL,LOW_VOLATILITY
2025-03-06,835.36,844.83,826.43,839.94,8810000.0,847.918,841.883,50.071202531645596,0.014640383867824581,BEARISH,RSI_NORMAL,LOW_VOLATILITY
2025-03-07,839.85,845.85,835.51,839.31,4730000.0,845.406,841.3699999999999,50.48659859604336,0.014640404256006634,BEARISH,RSI_NORMAL,LOW_VOLATILITY
2025-03-10,842.63,862.62,831.47,833.13,10160000.0,839.71,840.713,46.729628473306285,0.014703196492631972,BEARISH,RSI_NORMAL,LOW_VOLATILITY
2025-03-11,829.37,836.36,820.01,832.91,8140000.000000001,834.8059999999999,840.981,44.9642311711277,0.013810840001039708,BEARISH,RSI_NORMAL,LOW_VOLATILITY
2025-03-12,832.98,851.29,826.13,847.29,20880000.0,838.516,842.4449999999999,51.64891663606317,0.013999907811901269,BULLISH,RSI_NORMAL,LOW_VOLATILITY
2025-03-13,848.84,854.84,838.16,840.9,12170000.0,838.708,843.4755000000001,50.75790385448247,0.014153315763084387,BEARISH,RSI_NORMAL,LOW_VOLATILITY
2025-03-17,838.78,861.82,837.46,856.87,11020000.0,842.22,844.3309999999999,55.94528008298756,0.013793351422229849,BULLISH,RSI_NORMAL,LOW_VOLATILITY
2025-03-18,860.33,868.72,848.33,867.07,11030000.0,849.008,845.78,60.20465464528607,0.01397820746083768,BULLISH,RSI_NORMAL,LOW_VOLATILITY
2025-03-19,868.82,886.69,867.08,871.97,12900000.0,856.82,847.3030000000001,57.98418972332015,0.013996127701034963,BULLISH,RSI_NORMAL,LOW_VOLATILITY
2025-03-20,871.31,875.61,852.95,866.79,7920000.0,860.72,848.3705,49.05060953084594,0.014085331585736324,BULLISH,RSI_NORMAL,LOW_VOLATILITY
2025-03-21,902.77,907.66,881.9,890.4,27450000.0,870.6200000000001,850.7504999999999,63.61772814024172,0.015172898182854593,BULLISH,RSI_NORMAL,LOW_VOLATILITY
2025-03-24,908.36,910.26,891.49,907.77,14330000.0,880.8,854.199,65.47954393024813,0.015498720765948347,BULLISH,RSI_NORMAL,LOW_VOLATILITY
2025-03-25,911.26,924.75,896.49,905.49,17480000.0,888.484,857.5469999999999,66.32472826086956,0.015539084131987414,BULLISH,RSI_NORMAL,LOW_VOLATILITY
2025-03-26,908.97,911.45,883.79,885.4,8860000.0,891.1699999999998,860.0989999999999,70.44011544011539,0.016506724868487182,BULLISH,RSI_HIGH,LOW_VOLATILITY
2025-03-27,884.9,904.31,881.03,899.16,20920000.0,897.6439999999999,862.6705,70.9761972230093,0.01648715678247678,BULLISH,RSI_HIGH,LOW_VOLATILITY
2025-03-28,898.54,901.66,884.9,893.34,9770000.0,898.232,863.8695,68.45917321489583,0.01573024587069347,BULLISH,RSI_NORMAL,LOW_VOLATILITY
2025-04-01,877.14,891.29,865.92,868.64,11830000.0,890.406,864.708,60.76909079881117,0.016352278209537642,BULLISH,RSI_NORMAL,LOW_VOLATILITY
2025-04-02,871.81,874.79,860.03,865.75,6460000.0,882.458,864.915,59.80064462217978,0.01619380115967121,BULLISH,RSI_NORMAL,LOW_VOLATILITY
2025-04-03,863.82,875.31,844.87,858.29,13970000.0,877.0360000000001,864.958,53.424231104470174,0.016279299033524756,BEARISH,RSI_NORMAL,LOW_VOLATILITY
2025-04-04,864.42,878.5,857.21,870.7,18500000.0,871.344,867.0560000000002,58.941430628900626,0.014496879277220664,BULLISH,RSI_NORMAL,LOW_VOLATILITY
2025-04-07,832.87,858.88,829.59,855.64,13980000.0,863.8039999999999,867.841,49.62891449948712,0.014904269766249098,BEARISH,RSI_NORMAL,LOW_VOLATILITY
2025-04-08,863.82,886.09,863.82,881.03,14780000.0,866.2819999999999,869.927,53.85805881052396,0.016208356554291675,BULLISH,RSI_NORMAL,LOW_VOLATILITY
2025-04-09,880.3,883.0,861.33,872.39,10490000.0,867.61,871.89,50.11372251705837,0.01629600994197066,BULLISH,RSI_NORMAL,LOW_VOLATILITY
2025-04-11,881.31,896.13,879.87,890.9,10100000.0,874.132,874.7895000000001,56.08869134804788,0.01680889845141583,BULLISH,RSI_NORMAL,LOW_VOLATILITY
2025-04-15,924.29,927.74,906.32,912.86,12630000.0,882.564,878.068,55.71966996027301,0.01720352366549518,BULLISH,RSI_NORMAL,LOW_VOLATILITY
2025-04-16,913.71,915.9,895.18,904.42,7200000.0,892.3199999999999,881.2439999999999,49.10623766074382,0.01726713713286274,BULLISH,RSI_NORMAL,LOW_VOLATILITY
2025-04-17,902.77,917.75,893.98,915.0,11420000.0,899.1139999999999,884.1505,52.4296152470492,0.0170041836973568,BULLISH,RSI_NORMAL,LOW_VOLATILITY
2025-04-21,915.75,930.23,912.91,926.09,7820000.0,909.8539999999999,887.1015,60.89657758020459,0.017009931937389547,BULLISH,RSI_NORMAL,LOW_VOLATILITY
2025-04-22,928.24,938.02,921.75,924.79,11290000.0,916.632,889.7425,57.35437589670013,0.017034691102551725,BULLISH,RSI_NORMAL,LOW_VOLATILITY
2025-04-23,926.94,933.58,913.76,931.03,10820000.0,920.266,892.9545,60.78891624205641,0.01691682856680428,BULLISH,RSI_NORMAL,LOW_VOLATILITY
2025-04-24,960.69,964.69,926.04,928.84,18500000.0,925.15,894.8765,69.78180862250261,0.016021677224529688,BULLISH,RSI_NORMAL,LOW_VOLATILITY
2025-04-25,929.78,933.18,897.78,909.96,10890000.0,924.142,894.9859999999999,63.1460005947071,0.0162362311880168,BULLISH,RSI_NORMAL,LOW_VOLATILITY
2025-04-28,906.77,911.26,898.83,908.06,9950000.0,920.5359999999998,895.1145,65.30536933390734,0.016232720715151597,BULLISH,RSI_NORMAL,LOW_VOLATILITY
2025-04-29,911.76,913.36,894.78,908.06,11770000.0,917.1899999999999,896.2475000000001,62.43840724463971,0.015351695961439014,BULLISH,RSI_NORMAL,LOW_VOLATILITY
2025-04-30,882.8,887.59,854.44,862.28,39690000.0,903.4399999999999,894.4035,51.83526810392482,0.01883724453010693,BEARISH,RSI_NORMAL,HIGH_VOLATILITY
2025-05-02,856.38,890.29,855.44,885.05,22030000.0,894.682,893.9889999999999,51.127439982050696,0.019827853704374857,BEARISH,RSI_NORMAL,HIGH_VOLATILITY
2025-05-05,886.54,902.07,885.4,891.99,8930000.0,891.088,895.1565,55.5498924000453,0.018811371746099734,BEARISH,RSI_NORMAL,HIGH_VOLATILITY
2025-05-06,889.89,896.18,873.81,878.55,12040000.0,885.1859999999999,895.7965,46.399626843915804,0.019149959451409355,BEARISH,RSI_NORMAL,HIGH_VOLATILITY
2025-05-07,873.81,898.53,871.11,897.43,11640000.0,883.0599999999998,897.7535,45.419462091076404,0.019541006054509785,BEARISH,RSI_NORMAL,HIGH_VOLATILITY
2025-05-08,896.48,906.22,876.31,882.05,12020000.0,887.0139999999999,898.3209999999999,43.622056223983584,0.019791691297547445,BEARISH,RSI_NORMAL,HIGH_VOLATILITY
2025-05-09,865.0,878.1,860.5,864.1,12150000.0,882.824,898.7439999999999,36.07310933566818,0.019950087821158174,BEARISH,RSI_NORMAL,HIGH_VOLATILITY
2025-05-12,884.9,903.0,882.55,901.85,10640000.0,884.7959999999999,899.7850000000001,44.21203438395415,0.02122709062613352,BULLISH,RSI_NORMAL,HIGH_VOLATILITY
2025-05-13,900.4,916.35,899.1,904.2,13360000.0,889.926,901.3755000000001,45.1081016868615,0.021063531908345572,BULLISH,RSI_NORMAL,HIGH_VOLATILITY
2025-05-14,904.5,911.05,901.2,908.1,7590000.0,892.0600000000001,902.2355,44.49089423862382,0.020585703504015423,BULLISH,RSI_NORMAL,HIGH_VOLATILITY
2025-05-15,909.95,921.5,902.8,918.85,10390000.0,899.4200000000001,902.5349999999999,47.69465085152536,0.02000747783142495,BULLISH,RSI_NORMAL,HIGH_VOLATILITY
2025-05-16,918.85,928.6,913.35,916.7,6250000.0,909.9399999999999,903.149,51.685505651695514,0.019889348303731298,BULLISH,RSI_NORMAL,HIGH_VOLATILITY
2025-05-19,916.7,928.95,916.7,925.55,7160000.0,914.68,903.6764999999999,54.226883851321965,0.019835926263894643,BULLISH,RSI_NORMAL,HIGH_VOLATILITY
2025-05-20,929.8,931.0,906.9,907.9,8109999.999999999,915.4200000000001,902.767,49.96437160416853,0.020119916932569926,BULLISH,RSI_NORMAL,HIGH_VOLATILITY
2025-05-21,910.0,928.0,902.85,919.75,7320000.0,917.75,902.515,65.0752846125597,0.020355304626497237,BULLISH,RSI_NORMAL,HIGH_VOLATILITY
2025-05-22,919.75,919.9,907.05,913.9,6160000.0,916.76,901.6585000000001,58.30502619609651,0.02033506799320209,BULLISH,RSI_NORMAL,HIGH_VOLATILITY
2025-05-23,913.9,928.65,911.1,924.35,4250000.0,918.29,901.434,59.13092550790068,0.02051014028949275,BULLISH,RSI_NORMAL,HIGH_VOLATILITY
2025-05-26,925.5,933.65,925.0,926.95,5480000.0,918.57,902.2835000000001,64.54676604953117,0.01995066854784366,BULLISH,RSI_NORMAL,HIGH_VOLATILITY
2025-05-27,927.0,929.0,914.3,917.1,7150000.0,920.4100000000001,902.7355,56.25119176253736,0.02011351038455824,BULLISH,RSI_NORMAL,HIGH_VOLATILITY
2025-05-28,924.5,929.45,914.1,926.75,6510000.0,921.8100000000001,903.6699999999998,64.74274406332457,0.02023182467336379,BULLISH,RSI_NORMAL,HIGH_VOLATILITY
2025-05-29,925.0,927.95,916.0,920.4,7080000.0,923.11,906.576,70.10714285714283,0.016354236910782805,BULLISH,RSI_HIGH,LOW_VOLATILITY
2025-05-30,917.0,920.35,912.1,918.05,15040000.0,921.85,908.226,57.743785850860384,0.015467342289882271,BULLISH,RSI_NORMAL,LOW_VOLATILITY
2025-06-02,913.0,916.5,904.0,911.85,6620000.0,918.8299999999999,909.2189999999998,53.52697095435683,0.015518701293080524,BULLISH,RSI_NORMAL,LOW_VOLATILITY
2025-06-03,910.6,912.8,897.0,897.9,9080000.0,914.99,910.1865,45.69620253164555,0.015531545717870169,BEARISH,RSI_NORMAL,LOW_VOLATILITY
2025-06-04,897.5,903.95,896.45,898.7,5540000.0,909.3799999999999,910.25,40.71856287425151,0.014780298236636591,BEARISH,RSI_NORMAL,LOW_VOLATILITY
2025-06-05,898.7,898.7,886.95,893.4,7850000.0,903.9799999999999,910.8174999999999,39.57027752909578,0.014293068856373404,BEARISH,RSI_NORMAL,LOW_VOLATILITY
2025-06-06,894.5,943.4,887.6,937.15,19780000.0,907.8,914.47,53.95634379263303,0.01704986070770007,BULLISH,RSI_NORMAL,LOW_VOLATILITY
2025-06-09,955.0,978.8,940.3,960.75,23500000.0,917.5799999999999,917.415,67.32218944608323,0.015195634333044404,BULLISH,RSI_NORMAL,LOW_VOLATILITY
2025-06-10,970.0,970.0,948.55,949.75,9040000.0,927.95,919.6924999999999,59.88793671720499,0.015549170610927972,BULLISH,RSI_NORMAL,LOW_VOLATILITY
2025-06-11,949.0,957.0,940.4,942.5,11860000.0,936.71,921.4125,59.3403004572175,0.01570749069972347,BULLISH,RSI_NORMAL,LOW_VOLATILITY
2025-06-12,944.9,953.3,935.5,936.85,12390000.0,945.4,922.3125,54.214430209035726,0.015624140764391461,BULLISH,RSI_NORMAL,LOW_VOLATILITY
2025-06-13,915.0,936.55,914.7,933.1,10180000.0,944.5899999999999,923.1325,52.05754432920708,0.01564773004164671,BULLISH,RSI_NORMAL,LOW_VOLATILITY
2025-06-16,956.0,956.0,925.0,938.0,7020000.0,940.04,923.7549999999999,57.231833910034595,0.01555025717989516,BULLISH,RSI_NORMAL,LOW_VOLATILITY
2025-06-17,941.5,943.5,917.5,923.0,6110000.0,934.6899999999999,924.51,48.748748748748746,0.015357473413510974,BEARISH,RSI_NORMAL,LOW_VOLATILITY
2025-06-18,927.0,932.5,915.0,919.0,5000000.0,929.99,924.4725000000001,49.52542372881357,0.015125816498790837,BEARISH,RSI_NORMAL,LOW_VOLATILITY
2025-06-19,919.0,922.5,894.0,900.5,6590000.0,922.72,923.8025,44.637946837763536,0.01573486798422523,BEARISH,RSI_NORMAL,LOW_VOLATILITY
2025-06-20,897.0,907.5,886.0,905.0,14320000.0,917.1,922.835,47.885149737573315,0.015539883808594633,BEARISH,RSI_NORMAL,LOW_VOLATILITY
2025-06-23,899.0,918.0,890.5,915.5,5870000.0,912.6,922.2625,55.55205047318613,0.015774248375082532,BEARISH,RSI_NORMAL,LOW_VOLATILITY
2025-06-24,920.0,936.0,914.5,916.5,11560000.0,911.3,922.2325000000001,55.60806553245116,0.015595135629826666,BEARISH,RSI_NORMAL,LOW_VOLATILITY
2025-06-25,918.0,930.0,916.0,928.0,6620000.0,913.1,922.2950000000001,60.49120679199516,0.0156728911449829,BULLISH,RSI_NORMAL,LOW_VOLATILITY
2025-06-26,930.0,953.5,928.5,951.5,11680000.0,923.3,923.85,54.96024887659869,0.01654019657080345,BULLISH,RSI_NORMAL,LOW_VOLATILITY
2025-06-27,950.0,959.5,936.0,947.0,21640000.0,931.7,925.2975,44.524093986459576,0.016577394036637393,BULLISH,RSI_NORMAL,LOW_VOLATILITY
2025-06-30,956.0,956.0,934.0,936.5,6090000.0,935.9,926.53,44.702119152339066,0.016721179468757154,BULLISH,RSI_NORMAL,LOW_VOLATILITY
2025-07-01,932.5,941.8,928.0,936.65,5380000.0,939.93,928.4675,47.52013565069944,0.016256305845078783,BULLISH,RSI_NORMAL,LOW_VOLATILITY
2025-07-02,933.0,939.85,914.0,923.0,9390000.0,938.93,929.6825000000001,44.501786423183795,0.01668585773787709,BEARISH,RSI_NORMAL,LOW_VOLATILITY
2025-07-03,922.0,924.5,905.2,910.15,7610000.0,930.6600000000001,930.5199999999999,41.50314698259901,0.016966339189885087,BEARISH,RSI_NORMAL,LOW_VOLATILITY
2025-07-04,922.0,940.7,919.0,925.3,10610000.0,926.32,929.9275,45.629731589814156,0.013307711731939181,BEARISH,RSI_NORMAL,LOW_VOLATILITY
2025-07-07,925.0,929.3,918.1,924.65,3380000.0,923.95,928.1225000000001,50.63001145475372,0.011852242449357939,BEARISH,RSI_NORMAL,LOW_VOLATILITY
2025-07-08,918.8,929.5,918.8,927.65,3850000.0,922.15,927.0174999999999,53.32820315505963,0.01167982056639336,BULLISH,RSI_NORMAL,LOW_VOLATILITY
2025-07-09,926.5,946.0,924.0,940.6,5340000.0,925.6700000000001,926.9225,66.11736334405145,0.012037791388386614,BULLISH,RSI_NORMAL,LOW_VOLATILITY
2025-07-10,943.0,951.7,942.25,947.65,5410000.0,933.1699999999998,927.4624999999999,66.79795194958646,0.012064020512294925,BULLISH,RSI_NORMAL,LOW_VOLATILITY
2025-07-11,938.7,947.15,931.55,933.5,4280000.0,934.8100000000001,927.4824999999998,56.89127105666157,0.012524232175390391,BULLISH,RSI_NORMAL,LOW_VOLATILITY
2025-07-14,932.0,932.0,911.3,918.85,6660000.0,933.65,926.525,50.814558058925485,0.012939264074313344,BEARISH,RSI_NORMAL,LOW_VOLATILITY
2025-07-15,919.0,930.6,918.0,928.4,3890000.0,933.8,926.7949999999998,50.14054813773717,0.01266731911349091,BULLISH,RSI_NORMAL,LOW_VOLATILITY
2025-07-16,924.0,927.0,919.4,921.75,3950000.0,930.03,926.9324999999999,38.14268632921481,0.01273818436659762,BEARISH,RSI_NORMAL,LOW_VOLATILITY
2025-07-17,925.95,926.25,916.0,923.3,4580000.0,925.1600000000001,928.0725,40.32653061224485,0.011802960316340667,BEARISH,RSI_NORMAL,LOW_VOLATILITY
2025-07-18,920.5,944.9,920.0,942.0,7890000.0,926.86,929.9225,52.10405508798776,0.012524279735698148,BULLISH,RSI_NORMAL,LOW_VOLATILITY
2025-07-21,938.9,951.0,937.35,948.45,4660000.0,932.78,931.5699999999999,54.30656934306572,0.01237828105102938,BULLISH,RSI_NORMAL,LOW_VOLATILITY
2025-07-22,955.0,962.0,940.0,952.55,6240000.0,937.61,933.3725000000001,61.592781482934484,0.012389055475094217,BULLISH,RSI_NORMAL,LOW_VOLATILITY
2025-07-23,954.0,970.95,953.65,968.3,9690000.0,946.9199999999998,935.3875,72.30533179900272,0.01259795430445847,BULLISH,RSI_HIGH,LOW_VOLATILITY
2025-07-24,970.0,970.0,954.0,958.95,5190000.0,954.05,935.76,63.50863107185875,0.011608458573470402,BULLISH,RSI_NORMAL,LOW_VOLATILITY
2025-07-25,906.4,924.9,898.0,913.75,24420000.0,948.4,934.0975000000001,46.77705499704317,0.01574181695565467,BEARISH,RSI_NORMAL,LOW_VOLATILITY
2025-07-28,909.25,913.75,879.0,880.5,14010000.0,934.8100000000001,931.2975,38.17406571356909,0.017461468190394472,BEARISH,RSI_NORMAL,LOW_VOLATILITY
2025-07-29,875.05,894.0,873.5,886.55,11320000.0,921.61,928.7925000000001,35.95739153026757,0.017588023872214528,BEARISH,RSI_NORMAL,LOW_VOLATILITY
2025-07-30,890.95,892.6,875.0,884.85,5050000.0,904.9200000000001,926.8849999999999,33.21753073222874,0.01736061230888021,BEARISH,RSI_NORMAL,LOW_VOLATILITY
2025-07-31,872.0,887.85,868.0,881.2,7000000.0,889.3700000000001,925.4375,35.19252548131368,0.017142259626453552,BEARISH,RSI_NORMAL,LOW_VOLATILITY
2025-08-01,884.8,895.85,873.0,875.6,5300000.0,881.74,922.9525,37.09340495374512,0.016626508712238308,BEARISH,RSI_NORMAL,LOW_VOLATILITY
2025-08-04,874.0,886.75,873.7,885.3,3970000.0,882.7,920.985,37.14967203339294,0.016904488174364338,BEARISH,RSI_NORMAL,LOW_VOLATILITY
2025-08-05,889.0,893.6,882.4,891.9,4450000.0,883.7700000000001,919.1975,41.09752460483147,0.016999641415461352,BEARISH,RSI_NORMAL,LOW_VOLATILITY
2025-08-06,888.0,895.5,874.6,876.65,4210000.0,882.1299999999999,916.0,37.13813068651777,0.016900218767892203,BEARISH,RSI_NORMAL,LOW_VOLATILITY
2025-08-07,871.0,882.0,867.25,879.1,6000000.0,881.71,912.5725,30.950938824954548,0.016773279474462617,BEARISH,RSI_NORMAL,LOW_VOLATILITY
2025-08-08,877.0,888.3,876.0,877.15,3740000.0,882.0199999999999,909.7550000000001,27.80199252801988,0.016561258559547633,BEARISH,RSI_LOW,LOW_VOLATILITY
2025-08-11,877.15,888.3,872.75,877.8,5370000.0,880.5200000000001,907.7025,26.216990136811944,0.016302729036152666,BEARISH,RSI_LOW,LOW_VOLATILITY
2025-08-12,877.2,884.9,851.5,853.0,8260000.0,872.74,903.9325000000001,15.312876052948226,0.017012075754394333,BEARISH,RSI_LOW,LOW_VOLATILITY
2025-08-13,854.55,864.0,849.0,860.0,10120000.0,869.4100000000001,900.845,19.804699420201374,0.01721174863132375,BEARISH,RSI_LOW,LOW_VOLATILITY
2025-08-14,860.0,866.9,855.45,861.45,5380000.0,865.8799999999999,897.7524999999999,28.226477935054135,0.01721181688456595,BEARISH,RSI_LOW,LOW_VOLATILITY
2025-08-18,875.0,919.65,875.0,905.2,16280000.000000002,871.49,895.9125,59.456355283307836,0.020460153299033113,BULLISH,RSI_NORMAL,HIGH_VOLATILITY
2025-08-19,905.95,909.9,890.5,902.3,5760000.0,876.39,893.6050000000001,56.17889368379756,0.020360002718667797,BULLISH,RSI_NORMAL,HIGH_VOLATILITY
2025-08-20,900.55,902.0,886.05,887.8,5560000.0,883.35,890.3675,51.05169340463456,0.020521210276546156,BEARISH,RSI_NORMAL,HIGH_VOLATILITY
2025-08-21,888.0,901.3,884.0,895.6,6700000.0,890.47,886.7324999999998,54.986149584487514,0.020197353324081967,BULLISH,RSI_NORMAL,HIGH_VOLATILITY
2025-08-22,895.0,903.9,892.0,894.5,6420000.0,897.0799999999999,883.5099999999999,56.75482487491064,0.02015443573537529,BULLISH,RSI_NORMAL,HIGH_VOLATILITY
2025-08-25,902.1,908.0,898.15,900.8,5840000.0,896.2,882.8625,55.677655677655665,0.01740282251793597,BULLISH,RSI_NORMAL,LOW_VOLATILITY
2025-08-26,899.95,901.9,873.5,876.25,6710000.0,890.99,882.65,44.93363548073812,0.016510266105440877,BEARISH,RSI_NORMAL,LOW_VOLATILITY
2025-08-28,870.2,884.5,869.7,876.85,8350000.0,888.8,882.165,50.071530758226054,0.016430275734897123,BEARISH,RSI_NORMAL,LOW_VOLATILITY
2025-08-29,870.85,888.0,870.85,877.85,5670000.0,885.25,881.8149999999999,49.54824719913264,0.016429864622796816,BEARISH,RSI_NORMAL,LOW_VOLATILITY
2025-09-01,877.85,894.8,877.85,889.35,4100000.0,884.2199999999999,882.2225000000001,54.12440838404328,0.01666692082225643,BULLISH,RSI_NORMAL,LOW_VOLATILITY
2025-09-02,895.0,899.55,886.15,890.1,6100000.0,882.0799999999999,882.9475,54.155405405405425,0.01658655655536839,BULLISH,RSI_NORMAL,LOW_VOLATILITY
2025-09-03,892.7,898.85,880.05,896.3,5490000.0,886.0899999999999,883.4974999999998,66.7310664605873,0.016479546776818645,BULLISH,RSI_NORMAL,LOW_VOLATILITY
2025-09-04,915.0,948.0,912.25,934.75,21740000.0,897.6700000000001,885.64,73.23593410009323,0.018958391792861403,BULLISH,RSI_HIGH,HIGH_VOLATILITY
2025-09-05,942.0,942.35,932.0,937.6,5470000.0,909.6199999999999,888.6875,73.46687211093989,0.01838791707129032,BULLISH,RSI_HIGH,LOW_VOLATILITY
2025-09-08,937.6,949.65,935.65,944.3,5660000.0,920.61,891.9475,65.61501597444085,0.01840455586840931,BULLISH,RSI_NORMAL,LOW_VOLATILITY
2025-09-09,944.0,949.4,940.0,948.4,5420000.0,932.2700000000001,895.51,68.2357594936709,0.01835111297692317,BULLISH,RSI_NORMAL,LOW_VOLATILITY
2025-09-10,951.05,969.65,947.7,967.95,6840000.0,946.6,900.0174999999999,80.48687713959683,0.018696113016604444,BULLISH,RSI_HIGH,HIGH_VOLATILITY
2025-09-11,968.0,975.9,965.6,970.25,5980000.0,953.7,905.8799999999999,79.63477570464471,0.0170010414394467,BULLISH,RSI_HIGH,LOW_VOLATILITY
2025-09-12,972.25,1004.6,970.85,1003.25,11410000.0,966.8299999999999,913.0424999999999,84.44726005701618,0.018075040303018767,BULLISH,RSI_HIGH,LOW_VOLATILITY
2025-09-15,999.0,1025.7,998.1,1009.85,9990000.0,979.9399999999999,920.4625,84.47676256718307,0.018019739209576904,BULLISH,RSI_HIGH,LOW_VOLATILITY
2025-09-16,1005.85,1015.3,1000.0,1003.25,7600000.0,990.9100000000001,925.365,95.29243937232523,0.015219065052791634,BULLISH,RSI_HIGH,LOW_VOLATILITY
2025-09-17,1010.0,1011.8,1000.35,1007.5,7000000.0,998.82,930.625,95.41188738269028,0.015091579906519567,BULLISH,RSI_HIGH,LOW_VOLATILITY
2025-09-18,1007.0,1009.8,990.0,996.5,9740000.0,1004.07,936.0600000000001,88.56028599285017,0.014741483495050136,BULLISH,RSI_HIGH,LOW_VOLATILITY
2025-09-19,991.0,996.0,988.6,992.45,6740000.0,1001.9100000000001,940.9025000000001,85.2117486338798,0.014888113037406073,BULLISH,RSI_HIGH,LOW_VOLATILITY
2025-09-22,989.95,1010.9,989.0,1006.5,4250000.0,1001.24,946.5025000000002,86.44333124608642,0.014933091675029132,BULLISH,RSI_HIGH,LOW_VOLATILITY
2025-09-23,999.0,1028.8,999.0,1025.5,10230000.0,1005.6899999999999,952.7375,87.44927536231886,0.015207669947308378,BULLISH,RSI_HIGH,LOW_VOLATILITY
2025-09-24,1021.5,1036.0,1020.4,1029.75,6430000.0,1010.14,960.4125,84.34562545191613,0.01298599770219703,BULLISH,RSI_HIGH,LOW_VOLATILITY
2025-09-25,1020.0,1031.1,1008.0,1012.75,16730000.0,1013.39,967.2075000000001,74.64742538537226,0.014035193533895577,BULLISH,RSI_HIGH,LOW_VOLATILITY
2025-09-26,1008.05,1010.5,981.05,985.1,9110000.0,1011.9200000000001,972.57,61.76470588235296,0.015998252879598884,BULLISH,RSI_NORMAL,LOW_VOLATILITY
2025-09-29,990.0,997.8,981.1,990.95,5800000.0,1008.8100000000001,977.65,62.146731373108786,0.015908520825299685,BULLISH,RSI_NORMAL,LOW_VOLATILITY
2025-09-30,990.0,1002.3,989.45,998.9,7180000.0,1003.49,983.0899999999999,59.461938245184946,0.015877875887122243,BULLISH,RSI_NORMAL,LOW_VOLATILITY
2025-10-01,991.5,1000.0,977.75,987.7,6930000.0,995.0799999999999,987.6600000000001,55.059437518121214,0.016327661499192726,BULLISH,RSI_NORMAL,LOW_VOLATILITY
2025-10-03,975.0,992.2,972.0,989.75,7690000.0,990.4799999999999,990.4100000000001,45.229681978798574,0.013675892944757666,BEARISH,RSI_NORMAL,LOW_VOLATILITY
2025-10-06,993.0,1023.0,992.1,1008.9,9300000.0,995.24,993.975,49.69165855241803,0.014159129634870054,BULLISH,RSI_NORMAL,LOW_VOLATILITY
2025-10-07,1008.9,1029.5,1008.9,1016.55,7990000.0,1000.36,997.5875,54.28755641521598,0.014164949892886254,BULLISH,RSI_NORMAL,LOW_VOLATILITY
2025-10-08,1012.05,1028.0,1012.05,1023.15,4450000.0,1005.21,1001.325,54.96983169260083,0.014177532573341846,BULLISH,RSI_NORMAL,LOW_VOLATILITY
2025-10-09,1023.0,1029.0,1014.95,1024.1,4440000.0,1012.49,1004.1325,59.362279511533245,0.013628500939315774,BULLISH,RSI_NORMAL,LOW_VOLATILITY
2025-10-10,1018.1,1027.5,1017.0,1023.85,3710000.0,1019.3100000000001,1006.8125,60.933147632312,0.013646500302747422,BULLISH,RSI_NORMAL,LOW_VOLATILITY
2025-10-13,1023.85,1040.0,1021.5,1036.75,7680000.0,1024.8799999999999,1008.4875,60.617760617760645,0.01177955472461585,BULLISH,RSI_NORMAL,LOW_VOLATILITY
2025-10-14,1040.0,1042.1,1011.35,1019.15,7670000.0,1025.3999999999999,1008.9525,47.749025168379994,0.012426876415057313,BULLISH,RSI_NORMAL,LOW_VOLATILITY
2025-10-15,1026.0,1063.0,1018.4,1059.9,10210000.0,1032.75,1011.7850000000001,58.49056603773589,0.015100433490599377,BULLISH,RSI_NORMAL,LOW_VOLATILITY
2025-10-16,1062.0,1081.1,1058.85,1065.75,9900000.0,1041.08,1014.6975,65.9254807692308,0.015109320417656173,BULLISH,RSI_NORMAL,LOW_VOLATILITY
2025-10-17,1056.1,1076.45,1056.1,1070.1,5760000.0,1050.33,1018.3774999999999,79.69951083158635,0.014754266632830637,BULLISH,RSI_HIGH,LOW_VOLATILITY
2025-10-20,1081.5,1086.5,1072.2,1081.0,5700000.0,1059.1799999999998,1022.805,80.39149510631123,0.01470499802368783,BULLISH,RSI_HIGH,LOW_VOLATILITY
2025-10-21,1084.9,1089.0,1081.0,1086.5,911620.0,1072.65,1026.8049999999998,80.06177076183947,0.01452654433952356,BULLISH,RSI_HIGH,LOW_VOLATILITY
2025-10-23,1090.0,1102.5,1083.9,1094.15,11140000.0,1079.5,1030.2375,87.44284206823782,0.014121038519183062,BULLISH,RSI_HIGH,LOW_VOLATILITY
2025-10-24,1093.5,1098.6,1087.4,1089.75,6440000.0,1084.3,1033.2375,84.60207612456747,0.014214283217788571,BULLISH,RSI_HIGH,LOW_VOLATILITY
2025-10-27,1090.95,1094.0,1075.75,1084.4,7370000.0,1087.1599999999999,1036.82,78.88293802601383,0.01360283087330966,BULLISH,RSI_HIGH,LOW_VOLATILITY
2025-10-28,1078.0,1092.4,1063.05,1072.75,12320000.0,1085.5099999999998,1041.2024999999999,70.8611729769859,0.01204320787412032,BULLISH,RSI_HIGH,LOW_VOLATILITY
2025-10-29,1072.0,1079.15,1061.25,1062.95,5390000.0,1080.8,1044.8025,64.4307469180566,0.01240411763470059,BULLISH,RSI_NORMAL,LOW_VOLATILITY
2025-10-30,1063.0,1066.8,1045.0,1052.3,4270000.0,1072.4299999999998,1047.4725,59.55284552845529,0.012716551785571753,BULLISH,RSI_NORMAL,LOW_VOLATILITY
2025-10-31,1052.0,1069.45,1041.4,1042.8,5320000.0,1063.04,1050.2275,56.040803315269336,0.01259976359283731,BEARISH,RSI_NORMAL,LOW_VOLATILITY
2025-11-03,1037.0,1048.0,1031.0,1043.1,4140000.0,1054.78,1052.895,52.20103986135178,0.012611454845210238,BEARISH,RSI_NORMAL,LOW_VOLATILITY
2025-11-04,1040.0,1060.4,1035.0,1057.0,6200000.0,1051.6299999999999,1055.3,63.464959089292044,0.01226009615030107,BULLISH,RSI_NORMAL,LOW_VOLATILITY
2025-11-06,1037.0,1052.8,1035.0,1041.9,5780000.0,1047.4199999999998,1056.5674999999999,42.16710182767625,0.012739535867463993,BEARISH,RSI_NORMAL,LOW_VOLATILITY
2025-11-07,1039.0,1076.9,1034.2,1066.6,6940000.0,1050.28,1058.74,50.31775700934576,0.013656703247677864,BULLISH,RSI_NORMAL,LOW_VOLATILITY
2025-11-10,1066.6,1088.0,1062.9,1085.0,5690000.0,1058.72,1061.785,55.04059539918812,0.014060405486621753,BULLISH,RSI_NORMAL,LOW_VOLATILITY
2025-11-11,1043.7,1043.7,997.0,1005.2,23760000.0,1051.1399999999999,1060.8525000000002,32.510383017997256,0.022165076424971168,BEARISH,RSI_NORMAL,HIGH_VOLATILITY
2025-11-12,1011.0,1018.4,1008.8,1013.2,11130000.0,1042.3799999999999,1059.675,33.280109489051114,0.022042694325618603,BEARISH,RSI_NORMAL,HIGH_VOLATILITY
2025-11-13,1012.5,1019.4,1003.5,1005.4,8500000.0,1035.0800000000002,1058.9875,29.76977433325733,0.021782923302808777,BEARISH,RSI_LOW,HIGH_VOLATILITY
2025-11-14,1004.9,1019.9,1002.6,1018.5,4380000.0,1025.46,1056.9175,34.37842578381934,0.019902353129534384,BEARISH,RSI_NORMAL,HIGH_VOLATILITY
2025-11-17,1021.0,1033.0,1017.0,1026.8,6010000.0,1013.82,1054.9699999999998,37.5324675324675,0.019961825394863797,BEARISH,RSI_NORMAL,HIGH_VOLATILITY
2025-11-18,1021.2,1024.1,1011.7,1013.6,4560000.0,1015.5,1052.145,37.28230488067082,0.020064241187583466,BEARISH,RSI_NORMAL,HIGH_VOLATILITY
2025-11-19,1009.0,1016.1,1004.6,1005.6,5160000.0,1013.9800000000001,1048.375,37.573131094257846,0.019868392314524544,BEARISH,RSI_NORMAL,HIGH_VOLATILITY
2025-11-20,1015.0,1031.7,1007.3,1028.6,5460000.0,1018.6200000000001,1045.48,45.12546277252158,0.02065148930446337,BEARISH,RSI_NORMAL,HIGH_VOLATILITY
2025-11-21,1020.0,1027.6,1001.5,1004.1,6300000.0,1015.74,1040.9775,42.502905850445565,0.021048126851907042,BEARISH,RSI_NORMAL,HIGH_VOLATILITY
2025-11-24,1005.0,1009.3,990.0,994.0,9570000.0,1009.18,1036.19,40.83613288540501,0.021090661995581458,BEARISH,RSI_NORMAL,HIGH_VOLATILITY
2025-11-25,995.0,996.9,984.5,986.2,6380000.0,1003.7,1031.2800000000002,36.47822765469822,0.021104836496152232,BEARISH,RSI_NORMAL,HIGH_VOLATILITY
2025-11-26,986.2,1012.8,981.3,1010.7,9770000.0,1004.7199999999999,1028.1775,44.24778761061945,0.02203205855781609,BEARISH,RSI_NORMAL,HIGH_VOLATILITY
2025-11-27,1015.6,1044.9,1010.9,1033.8,12080000.0,1005.76,1026.72,43.916913946587535,0.022694494653595968,BULLISH,RSI_NORMAL,HIGH_VOLATILITY
2025-11-28,1038.0,1043.5,1031.0,1037.5,4980000.0,1012.4399999999999,1025.98,40.68262063554334,0.022618003446975236,BULLISH,RSI_NORMAL,HIGH_VOLATILITY
2025-12-01,1041.9,1042.0,1018.8,1021.1,6460000.0,1017.86,1024.895,54.15143603133159,0.022803226670195173,BEARISH,RSI_NORMAL,HIGH_VOLATILITY
2025-12-02,1014.5,1036.0,1013.9,1025.5,6710000.0,1025.72,1024.0149999999999,53.273017562533255,0.022831013741525265,BULLISH,RSI_NORMAL,HIGH_VOLATILITY
2025-12-03,1021.0,1026.3,1014.2,1021.4,5900000.0,1027.8600000000001,1022.235,54.343105320304026,0.02260249323353705,BEARISH,RSI_NORMAL,HIGH_VOLATILITY
2025-12-04,1018.0,1032.3,1016.0,1029.1,5400000.0,1026.92,1021.595,52.96420581655479,0.022477319062177273,BULLISH,RSI_NORMAL,HIGH_VOLATILITY
2025-12-05,1028.9,1061.0,1026.5,1048.0,13120000.0,1029.02,1020.665,55.59662090813096,0.022206279454435582,BULLISH,RSI_NORMAL,HIGH_VOLATILITY
2025-12-08,1048.0,1049.8,1023.0,1026.4,5190000.0,1030.08,1017.735,53.23559150657232,0.022214764754673613,BULLISH,RSI_NORMAL,HIGH_VOLATILITY
2025-12-09,1025.0,1026.0,1013.7,1016.7,5970000.0,1028.32,1018.3099999999998,52.781954887218056,0.014824414740957845,BEARISH,RSI_NORMAL,LOW_VOLATILITY
2025-12-10,1016.0,1021.7,1007.3,1010.3,4990000.0,1026.1,1018.1650000000002,44.997266265718984,0.014798326054466161,BEARISH,RSI_NORMAL,LOW_VOLATILITY
2025-12-11,1011.9,1020.5,1000.1,1006.4,4670000.0,1021.5599999999998,1018.2149999999999,50.70856438693776,0.014718448962643918,BEARISH,RSI_NORMAL,LOW_VOLATILITY
2025-12-12,1000.0,1020.8,1000.0,1017.3,4380000.0,1015.4200000000001,1018.155,57.14285714285714,0.014625109113949873,BEARISH,RSI_NORMAL,LOW_VOLATILITY
2025-12-15,1015.0,1016.5,1008.0,1012.7,3960000.0,1012.68,1017.45,58.28642901813634,0.014529581026097568,BEARISH,RSI_NORMAL,LOW_VOLATILITY
2025-12-16,1007.5,1010.6,996.5,998.4,3860000.0,1009.0200000000001,1016.6899999999999,45.89178356713424,0.014588423612058667,BEARISH,RSI_NORMAL,LOW_VOLATILITY
2025-12-17,1000.0,1011.2,995.3,999.6,4700000.0,1006.8799999999999,1016.39,36.61971830985919,0.014492353715338684,BEARISH,RSI_NORMAL,LOW_VOLATILITY
2025-12-18,1002.1,1009.7,995.0,1000.3,3100000.0,1005.6600000000001,1014.975,35.096153846153825,0.013444761184456562,BEARISH,RSI_NORMAL,LOW_VOLATILITY
2025-12-19,1003.2,1014.0,1002.5,1008.3,5130000.0,1003.86,1015.1850000000001,44.50171821305839,0.012489430447503733,BEARISH,RSI_NORMAL,LOW_VOLATILITY
2025-12-22,1008.3,1015.4,1005.0,1007.8,3920000.0,1002.8799999999999,1015.875,42.13333333333331,0.012253511237861966,BEARISH,RSI_NORMAL,LOW_VOLATILITY
2025-12-23,1013.5,1018.0,1005.7,1011.4,4710000.0,1005.4799999999999,1017.1349999999999,45.535714285714285,0.012096350947394967,BEARISH,RSI_NORMAL,LOW_VOLATILITY
2025-12-24,1011.0,1037.4,1006.0,1011.7,5980000.0,1007.9,1017.1850000000001,41.682600382409255,0.010756352006088843,BEARISH,RSI_NORMAL,LOW_VOLATILITY
2025-12-26,1011.7,1011.7,998.0,1000.0,5210000.0,1007.8399999999999,1015.4949999999999,25.359342915811112,0.009617966564887807,BEARISH,RSI_LOW,LOW_VOLATILITY
2025-12-29,1003.0,1003.9,989.6,998.0,6720000.0,1005.78,1013.5199999999999,31.748071979434442,0.009539932487197582,BEARISH,RSI_NORMAL,LOW_VOLATILITY
2025-12-30,994.1,997.6,987.1,989.3,7470000.0,1002.0799999999999,1011.93,32.161458333333314,0.009118190936326282,BEARISH,RSI_NORMAL,LOW_VOLATILITY
2025-12-31,990.0,994.2,978.4,986.8,9900000.0,997.1600000000001,1009.9950000000001,33.88203017832649,0.009014892362737855,BEARISH,RSI_NORMAL,LOW_VOLATILITY
2026-01-01,988.2,989.0,969.0,973.1,7120000.0,989.4399999999999,1007.5799999999999,29.866989117291453,0.009399736624121002,BEARISH,RSI_LOW,LOW_VOLATILITY
2026-01-02,972.9,994.2,960.6,990.45,6210000.0,987.5300000000001,1005.6475,34.94111048794173,0.010217222899363275,BEARISH,RSI_NORMAL,LOW_VOLATILITY
2026-01-05,979.7,999.15,975.0,978.75,10560000.0,983.6800000000001,1002.1850000000001,32.363636363636374,0.009255811189823953,BEARISH,RSI_NORMAL,LOW_VOLATILITY
2026-01-06,978.0,987.0,973.3,977.35,8380000.000000001,981.29,999.7324999999998,37.37252549490106,0.00832218611850183,BEARISH,RSI_NORMAL,LOW_VOLATILITY
2026-01-07,973.05,976.45,965.05,968.8,7050000.0,977.6899999999999,997.3375,33.02094818081588,0.008292352550822326,BEARISH,RSI_NORMAL,LOW_VOLATILITY
2026-01-08,968.5,978.35,965.3,971.95,4410000.0,977.46,995.4199999999998,34.78260869565227,0.008329655706722124,BEARISH,RSI_NORMAL,LOW_VOLATILITY
2026-01-09,970.1,983.0,953.7,959.6,7600000.0,971.29,993.0800000000002,25.02564102564115,0.008667245174537421,BEARISH,RSI_LOW,LOW_VOLATILITY
2026-01-12,958.8,961.4,939.85,951.9,5640000.0,965.9200000000001,989.8100000000001,23.30468003820451,0.008170158798679623,BEARISH,RSI_LOW,LOW_VOLATILITY
2026-01-13,950.0,955.85,939.0,949.0,6770000.0,960.25,986.625,20.000000000000114,0.008165064522671813,BEARISH,RSI_LOW,LOW_VOLATILITY
2026-01-14,947.0,953.9,943.15,945.95,4450000.0,955.68,984.0024999999999,19.203747072599597,0.007751866125697183,BEARISH,RSI_LOW,LOW_VOLATILITY
2026-01-16,940.2,963.0,936.8,950.25,10710000.0,951.3400000000001,981.5350000000001,24.962254655259215,0.007874763737832306,BEARISH,RSI_LOW,LOW_VOLATILITY
2026-01-19,950.5,972.9,948.85,969.45,7000000.0,953.3100000000001,979.9925000000001,37.752037752037786,0.009359612385264594,BEARISH,RSI_NORMAL,LOW_VOLATILITY
2026-01-20,975.7,975.7,927.9,933.2,9000000.0,949.57,976.2375,30.534351145038215,0.012046714853719024,BEARISH,RSI_NORMAL,LOW_VOLATILITY
2026-01-21,925.0,947.3,921.0,936.25,5380000.0,947.0200000000001,972.6600000000001,32.52678880055309,0.012130056559049135,BEARISH,RSI_NORMAL,LOW_VOLATILITY
2026-01-22,947.0,947.0,934.25,942.85,5520000.0,946.4,969.2325000000001,39.00399854598329,0.012262537875201396,BEARISH,RSI_NORMAL,LOW_VOLATILITY
2026-01-23,942.85,951.4,926.3,927.85,6540000.0,941.9200000000001,965.04,26.849112426035518,0.012535643219806297,BEARISH,RSI_LOW,LOW_VOLATILITY
2026-01-27,930.0,931.95,907.7,914.7,15310000.0,930.97,960.775,26.56421514818885,0.012629043540769066,BEARISH,RSI_LOW,LOW_VOLATILITY
2026-01-28,914.7,936.9,914.7,935.15,6050000.0,931.36,957.6325,36.44829800899164,0.013972720701406679,BEARISH,RSI_NORMAL,LOW_VOLATILITY
2026-01-29,935.15,939.8,923.7,935.15,6430000.0,931.14,954.925,38.566089024804626,0.013925923531667186,BEARISH,RSI_NORMAL,LOW_VOLATILITY
2026-01-30,928.35,938.0,925.15,929.85,10150000.0,928.54,952.0775,35.90087073007366,0.01394135413545094,BEARISH,RSI_NORMAL,LOW_VOLATILITY
2026-02-01,930.8,935.0,888.55,902.35,3830000.0,923.4399999999999,948.54,32.593493463058664,0.014995164313915791,BEARISH,RSI_NORMAL,LOW_VOLATILITY
2026-02-02,887.0,909.4,887.0,903.7,11870000.0,921.24,944.2025,34.75648323845667,0.014186167713112083,BEARISH,RSI_NORMAL,LOW_VOLATILITY
2026-02-03,960.0,972.8,941.9,964.4,15260000.0,927.0899999999999,943.485,53.566465956461315,0.021263905825578494,BULLISH,RSI_NORMAL,HIGH_VOLATILITY
2026-02-04,965.0,975.7,944.15,963.3,17490000.0,932.72,942.7825,54.05468567422293,0.02126335672236211,BULLISH,RSI_NORMAL,HIGH_VOLATILITY
2026-02-05,964.0,968.5,953.0,964.75,6020000.0,939.7,942.5800000000002,53.434391283751786,0.021177781240325794,BULLISH,RSI_NORMAL,HIGH_VOLATILITY
2026-02-06,973.95,986.5,966.1,981.7,13740000.0,955.57,943.0675000000001,52.932726837443134,0.021532509822043674,BULLISH,RSI_NORMAL,HIGH_VOLATILITY
2026-02-09,988.0,988.0,971.6,983.15,4850000.0,971.46,944.2449999999999,64.34932490663601,0.02129948692385358,BULLISH,RSI_NORMAL,HIGH_VOLATILITY
2026-02-10,983.15,985.15,961.3,965.6,6170000.0,971.7,944.9300000000001,57.78308141076639,0.021639554096039005,BULLISH,RSI_NORMAL,HIGH_VOLATILITY
2026-02-11,965.3,974.5,961.4,968.95,3600000.0,972.8299999999999,945.9275,57.04263356718836,0.02162552146188493,BULLISH,RSI_NORMAL,HIGH_VOLATILITY
2026-02-12,968.3,1002.0,965.0,999.1,10350000.0,979.7,948.585,67.77251184834125,0.02259259690160202,BULLISH,RSI_NORMAL,HIGH_VOLATILITY
2026-02-13,995.0,1032.0,992.8,1024.75,21610000.0,988.3100000000001,952.3100000000001,75.83939891993427,0.023156743518665368,BULLISH,RSI_HIGH,HIGH_VOLATILITY
2026-02-16,1023.05,1029.3,1003.3,1012.75,4460000.0,994.2299999999999,954.475,68.97310513447434,0.02308314080243438,BULLISH,RSI_NORMAL,HIGH_VOLATILITY
2026-02-17,1012.75,1016.35,1004.0,1014.15,2910000.0,1003.9399999999999,958.5224999999998,69.18406993686257,0.021105488961510703,BULLISH,RSI_NORMAL,HIGH_VOLATILITY
2026-02-18,1014.55,1025.7,1007.05,1023.8,4930000.0,1014.9100000000001,962.9,72.34244946492271,0.021134450555978394,BULLISH,RSI_HIGH,HIGH_VOLATILITY
2026-02-19,1024.0,1024.5,1007.0,1017.05,9870000.0,1018.5,966.61,80.26385224274406,0.021273911137648784,BULLISH,RSI_HIGH,HIGH_VOLATILITY
2026-02-20,1015.9,1036.6,1008.75,1030.2,6920000.0,1019.5899999999999,971.7275000000002,81.4207650273224,0.020825671926199597,BULLISH,RSI_HIGH,HIGH_VOLATILITY
2026-02-23,1032.45,1046.0,1029.05,1031.0,9450000.0,1023.24,977.5425000000001,73.55021216407357,0.020347199438624345,BULLISH,RSI_HIGH,HIGH_VOLATILITY
2026-02-24,1026.3,1028.75,1010.3,1023.55,6610000.0,1025.1200000000001,981.9625,70.38917089678512,0.02018507929556472,BULLISH,RSI_HIGH,HIGH_VOLATILITY
2026-02-25,1028.0,1034.0,1013.4,1021.05,3180000.0,1024.5700000000002,986.2575,68.91801075268816,0.02022246654228705,BULLISH,RSI_NORMAL,HIGH_VOLATILITY
2026-02-26,1020.75,1031.2,1006.05,1012.95,4340000.0,1023.75,990.4125,61.164701679171145,0.020289203129569205,BULLISH,RSI_NORMAL,HIGH_VOLATILITY
2026-02-27,1008.95,1014.9,993.1,995.9,8150000.0,1016.89,995.0899999999999,54.09836065573771,0.019341443662330527,BULLISH,RSI_NORMAL,HIGH_VOLATILITY
2026-03-02,971.0,990.4,968.0,978.25,8490000.0,1006.3399999999999,998.8174999999999,54.06360424028268,0.01999714238669416,BEARISH,RSI_NORMAL,HIGH_VOLATILITY
2026-03-04,967.0,967.0,941.3,945.1,8960000.0,990.65,997.8525,43.56969533566998,0.01549882461086301,BEARISH,RSI_NORMAL,LOW_VOLATILITY
2026-03-05,958.0,968.25,945.9,962.4,6180000.0,978.9200000000001,997.8074999999999,39.36848203939743,0.016081658442812924,BEARISH,RSI_NORMAL,LOW_VOLATILITY
2026-03-06,960.0,961.5,946.6,950.2,6560000.0,966.3700000000001,997.0799999999999,26.578699340245052,0.016326130655552912,BEARISH,RSI_LOW,LOW_VOLATILITY
2026-03-09,921.8,941.1,909.05,938.05,9180000.0,954.8,994.8974999999998,26.553672316384166,0.015951609640817366,BEARISH,RSI_LOW,LOW_VOLATILITY
2026-03-10,950.0,952.15,931.85,939.8,8470000.0,947.11,992.7300000000001,26.714688380833067,0.015956496305383826,BEARISH,RSI_LOW,LOW_VOLATILITY
2026-03-11,932.2,941.25,890.0,893.65,11170000.0,936.8199999999999,989.1324999999999,16.82385929135866,0.01884601536412529,BEARISH,RSI_LOW,HIGH_VOLATILITY
2026-03-12,880.1,888.2,858.35,863.1,15510000.0,916.96,983.8400000000001,15.00340986587861,0.019941748950359345,BEARISH,RSI_LOW,HIGH_VOLATILITY
2026-03-13,861.0,868.35,848.8,855.05,6670000.0,897.93,976.6375,9.23900395624851,0.017979071209271714,BEARISH,RSI_LOW,LOW_VOLATILITY
2026-03-16,850.1,881.9,850.1,878.15,8980000.0,885.95,969.3074999999999,17.77356103731813,0.0181118828753034,BEARISH,RSI_LOW,LOW_VOLATILITY
2026-03-17,878.15,881.05,859.55,868.6,7940000.0,871.71,962.1,17.61755485893417,0.01810270427197902,BEARISH,RSI_LOW,LOW_VOLATILITY
2026-03-18,876.1,893.95,858.2,880.1,12380000.0,869.0,955.3975,21.611278952668684,0.018596017442526227,BEARISH,RSI_LOW,LOW_VOLATILITY
2026-03-19,868.2,869.9,826.7,832.2,11590000.0,862.82,945.8174999999999,18.625238673841352,0.020970619349633058,BEARISH,RSI_LOW,HIGH_VOLATILITY
2026-03-20,836.7,841.95,819.25,830.55,14880000.0,857.9200000000001,936.4925,19.6772418852008,0.021036369353325497,BEARISH,RSI_LOW,HIGH_VOLATILITY
2026-03-23,818.1,818.8,787.9,812.6,15840000.0,844.8100000000001,925.6125,19.65561458142517,0.020477043908731042,BEARISH,RSI_LOW,HIGH_VOLATILITY
2026-03-24,830.0,854.0,817.6,849.0,18830000.0,840.89,916.5125,32.60318609703114,0.02394770336758477,BEARISH,RSI_NORMAL,HIGH_VOLATILITY
2026-03-25,862.05,888.8,853.3,882.75,16000000.0,841.4199999999998,909.4725000000001,36.391594054331115,0.026354193096963754,BEARISH,RSI_NORMAL,HIGH_VOLATILITY
2026-03-27,875.0,875.15,841.25,843.8,11280000.0,843.74,900.61,33.34376956793987,0.02759044259541125,BEARISH,RSI_NORMAL,HIGH_VOLATILITY
2026-03-30,831.0,834.9,799.0,801.55,20380000.0,837.9399999999999,890.04,30.47210300429184,0.029064165472861364,BEARISH,RSI_NORMAL,HIGH_VOLATILITY
2026-04-01,832.8,842.05,814.8,817.3,15090000.0,838.8799999999999,881.11,33.149931224209084,0.029828941185152925,BEARISH,RSI_NORMAL,HIGH_VOLATILITY
2026-04-02,809.0,830.05,792.45,826.85,9110000.0,834.45,873.5400000000002,39.78280819822577,0.030120879399801036,BEARISH,RSI_NORMAL,HIGH_VOLATILITY
2026-04-06,828.9,853.0,814.25,850.85,12500000.0,828.0699999999999,868.8275,48.088028718589044,0.030550302357073105,BEARISH,RSI_NORMAL,HIGH_VOLATILITY
2026-04-07,848.0,862.8,844.45,855.1,11570000.0,830.3299999999999,863.4625,50.00789764650135,0.030163204265093935,BEARISH,RSI_NORMAL,HIGH_VOLATILITY
2026-04-08,890.0,926.0,881.0,915.05,13830000.0,853.03,861.7050000000002,55.22071307300509,0.034490290179044,BULLISH,RSI_NORMAL,HIGH_VOLATILITY
2026-04-09,902.0,913.4,891.4,903.25,9460000.0,870.22,859.9649999999999,54.87136229439056,0.034492200833990815,BULLISH,RSI_NORMAL,HIGH_VOLATILITY
2026-04-10,915.75,927.3,912.3,924.55,9490000.0,889.7599999999999,859.2025,56.08154330277738,0.034936816275872105,BULLISH,RSI_NORMAL,HIGH_VOLATILITY
2026-04-13,896.15,905.9,881.1,898.95,10720000.0,899.3799999999999,859.4675000000001,59.72606731749964,0.03366519686489122,BULLISH,RSI_NORMAL,HIGH_VOLATILITY
2026-04-15,925.0,925.0,911.1,913.15,5980000.0,910.99,861.97,61.61090806859714,0.03277213437959927,BULLISH,RSI_NORMAL,HIGH_VOLATILITY
2026-04-16,919.0,932.6,904.0,905.9,11810000.0,909.1599999999999,864.5125,63.52173913043478,0.03274538772298153,BULLISH,RSI_NORMAL,HIGH_VOLATILITY
2026-04-17,902.15,910.45,895.8,908.25,6040000.0,910.1599999999999,866.0174999999999,59.527255185721174,0.0322703509089102,BULLISH,RSI_NORMAL,HIGH_VOLATILITY
2026-04-20,908.25,920.9,898.0,917.75,6180000.0,908.8,868.475,56.10394140216254,0.03216853310126769,BULLISH,RSI_NORMAL,HIGH_VOLATILITY
2026-04-21,919.5,945.95,919.0,938.85,6710000.0,916.7800000000001,871.4125,67.67714338850664,0.032401015794515715,BULLISH,RSI_NORMAL,HIGH_VOLATILITY
2026-04-22,938.0,946.35,930.15,934.75,5760000.0,921.1,876.5400000000002,78.86866059817949,0.02947292278948927,BULLISH,RSI_HIGH,HIGH_VOLATILITY
2026-04-23,926.1,929.85,909.35,918.35,9140000.0,923.5899999999999,880.93,71.8392046682516,0.029903645135366815,BULLISH,RSI_HIGH,HIGH_VOLATILITY
2026-04-24,920.0,924.7,909.8,921.55,3980000.0,926.25,886.3774999999999,71.04444444444447,0.029226756280761844,BULLISH,RSI_HIGH,HIGH_VOLATILITY
2026-04-27,923.05,928.95,908.3,921.8,7810000.0,927.0600000000001,890.0174999999999,67.6273291925466,0.02783614143987866,BULLISH,RSI_NORMAL,HIGH_VOLATILITY
2026-04-28,921.8,929.9,914.35,923.65,7120000.0,924.0200000000001,892.0625,67.23661051043501,0.02657016888231692,BULLISH,RSI_NORMAL,HIGH_VOLATILITY
2026-04-29,925.0,937.0,916.6,930.0,5440000.0,923.07,896.3725000000001,55.14629948364891,0.024190645243435407,BULLISH,RSI_NORMAL,HIGH_VOLATILITY
2026-04-30,945.0,975.0,933.9,937.0,27360000.0,926.8,903.1450000000001,62.01495194019225,0.020402353373604135,BULLISH,RSI_NORMAL,HIGH_VOLATILITY
2026-05-04,938.1,966.0,938.1,950.2,7500000.0,932.53,909.79,59.69021533811866,0.02027314568622642,BULLISH,RSI_NORMAL,HIGH_VOLATILITY
2026-05-05,950.2,961.1,933.15,958.6,7290000.0,939.89,916.3774999999999,75.90099869735127,0.02025407641572936,BULLISH,RSI_HIGH,HIGH_VOLATILITY
2026-05-06,965.0,984.0,965.0,980.75,7770000.0,951.3100000000001,922.8725000000001,77.45735174654753,0.019965872685426076,BULLISH,RSI_HIGH,HIGH_VOLATILITY
2026-05-07,992.25,992.25,969.0,972.75,7870000.0,959.86,928.7549999999999,76.98829228905936,0.020260700121282105,BULLISH,RSI_HIGH,HIGH_VOLATILITY
2026-05-08,971.0,971.95,951.0,955.35,5560000.0,963.5300000000001,930.7700000000001,66.95464362850973,0.014488716187964152,BULLISH,RSI_NORMAL,LOW_VOLATILITY
2026-05-11,946.0,956.0,933.55,936.05,5580000.0,960.7,932.4100000000001,56.15332885003361,0.014974850269407746,BULLISH,RSI_NORMAL,LOW_VOLATILITY
2026-05-12,928.0,932.65,901.75,904.2,7170000.0,949.82,931.3925000000002,39.13452492944497,0.016082645488068727,BEARISH,RSI_NORMAL,LOW_VOLATILITY
2026-05-13,902.0,907.4,890.05,896.15,7420000.0,932.9,931.2524999999999,38.18849449204405,0.01494983025522979,BEARISH,RSI_NORMAL,LOW_VOLATILITY
2026-05-14,902.9,915.0,889.0,912.15,6820000.0,920.78,931.2025,48.09815950920244,0.015071222251757508,BEARISH,RSI_NORMAL,LOW_VOLATILITY
2026-05-15,913.0,921.6,907.35,910.45,5010000.0,911.8,931.4300000000001,46.56346749226009,0.014962468008792657,BEARISH,RSI_NORMAL,LOW_VOLATILITY
2026-05-18,900.0,925.0,890.7,921.1,6390000.0,908.8100000000001,932.0725,49.796393251890656,0.015171105152780404,BEARISH,RSI_NORMAL,LOW_VOLATILITY
2026-05-19,927.6,930.0,920.1,923.55,8310000.000000001,912.68,932.3625,49.97101449275362,0.015009452054134948,BEARISH,RSI_NORMAL,LOW_VOLATILITY
2026-05-20,910.0,926.3,908.45,923.1,5860000.0,918.07,931.575,47.92917166866747,0.014038141898568276,BEARISH,RSI_NORMAL,LOW_VOLATILITY
2026-05-21,933.0,934.9,903.25,907.65,9710000.0,917.1700000000001,930.2199999999999,41.61668094830048,0.014471637764412595,BEARISH,RSI_NORMAL,LOW_VOLATILITY
2026-05-22,908.1,924.0,908.1,916.55,4810000.0,918.39,930.1299999999999,40.14641288433378,0.014151433245256593,BEARISH,RSI_NORMAL,LOW_VOLATILITY
2026-05-25,926.1,944.0,924.45,941.9,7070000.0,922.55,931.1475,45.5514118273841,0.015438710071032535,BULLISH,RSI_NORMAL,LOW_VOLATILITY
2026-05-26,943.95,948.4,928.1,930.2,8490000.0,923.8799999999999,931.5675000000001,35.74047954866009,0.015737174081524054,BEARISH,RSI_NORMAL,LOW_VOLATILITY
2026-05-27,932.0,935.95,923.0,931.15,5350000.0,925.49,931.9424999999999,37.77908343125732,0.015733985772223957,BEARISH,RSI_NORMAL,LOW_VOLATILITY
2026-05-29,915.1,937.8,895.3,908.25,46750000.0,925.61,930.8549999999999,36.59647125782581,0.016614095789612156,BEARISH,RSI_NORMAL,LOW_VOLATILITY
2026-06-01,911.45,918.0,888.0,889.05,6890000.0,920.1099999999999,928.4575000000001,36.61731207289292,0.017065531927763358,BEARISH,RSI_NORMAL,LOW_VOLATILITY
2026-06-02,874.0,884.4,860.45,882.0,15700000.0,908.1299999999999,925.0475,42.63925729442968,0.016645219445590113,BEARISH,RSI_NORMAL,LOW_VOLATILITY
2026-06-03,882.0,882.0,863.5,876.8,14750000.0,897.45,920.9575000000001,43.4606285907401,0.016390452883599804,BEARISH,RSI_NORMAL,LOW_VOLATILITY
2026-06-04,870.2,879.15,868.0,874.4,9680000.0,886.1,915.64,35.95087458131742,0.015080622776433988,BEARISH,RSI_NORMAL,LOW_VOLATILITY
2026-06-05,874.0,913.0,874.0,889.4,13270000.0,882.3299999999999,911.4725000000001,42.871655943108664,0.015896040985145292,BEARISH,RSI_NORMAL,LOW_VOLATILITY
2026-06-08,873.0,879.4,866.5,871.1,6200000.0,878.74,907.2599999999999,33.9021249195106,0.016027368963027658,BEARISH,RSI_NORMAL,LOW_VOLATILITY
2026-06-09,886.0,888.75,872.1,886.9,9180000.0,879.72,904.8025,39.134301808479094,0.01633817170150247,BEARISH,RSI_NORMAL,LOW_VOLATILITY
2026-06-10,890.1,894.7,880.1,884.1,6940000.0,881.18,903.7974999999999,38.59649122807016,0.01457243160763464,BEARISH,RSI_NORMAL,LOW_VOLATILITY
2026-06-11,880.0,886.95,868.5,870.55,5190000.0,880.4100000000001,902.5175000000002,39.030159668835,0.014823867452781378,BEARISH,RSI_NORMAL,LOW_VOLATILITY
2026-06-12,881.2,921.0,881.1,918.3,11730000.0,886.1899999999999,902.825,50.42077422457321,0.019051149919159512,BULLISH,RSI_NORMAL,HIGH_VOLATILITY
2026-06-15,942.0,959.0,939.0,942.3,11990000.0,900.43,904.4174999999999,50.096805421103575,0.01987860936268874,BULLISH,RSI_NORMAL,HIGH_VOLATILITY
2026-06-16,946.0,963.9,946.0,959.65,9340000.0,914.9799999999999,906.345,56.93757361601883,0.020108071245424512,BULLISH,RSI_NORMAL,HIGH_VOLATILITY
2026-06-17,955.1,961.8,951.55,958.4,5680000.0,929.8399999999999,908.0875,56.41025641025641,0.020123249487210358,BULLISH,RSI_NORMAL,HIGH_VOLATILITY
2026-06-18,958.35,960.95,948.0,958.85,5750000.0,947.5,909.875,63.308784850078915,0.020118052783623688,BULLISH,RSI_NORMAL,HIGH_VOLATILITY
2026-06-19,954.05,971.7,953.25,961.8,12940000.0,956.2,912.5825000000001,70.92320966350303,0.019623847548694683,BULLISH,RSI_HIGH,HIGH_VOLATILITY
2026-06-22,966.05,972.95,961.55,968.3,5680000.0,961.4,915.1700000000001,74.89901904212348,0.01958067944625884,BULLISH,RSI_HIGH,HIGH_VOLATILITY
2026-06-23,967.71,977.1,959.91,961.81,8199999.999999999,961.832,916.1655000000001,74.34560971418753,0.01878817710170125,BULLISH,RSI_HIGH,HIGH_VOLATILITY
2026-06-24,951.82,993.29,951.82,990.34,9870000.0,968.22,919.1725,78.88102829812675,0.019523203471491987,BULLISH,RSI_HIGH,HIGH_VOLATILITY
2026-06-25,995.59,1004.99,978.3,979.8,12810000.0,972.4099999999999,921.6050000000001,73.03067359624985,0.019768040968861766,BULLISH,RSI_HIGH,HIGH_VOLATILITY
2026-06-29,974.7,991.69,974.7,981.45,19880000.0,976.3399999999999,925.2650000000001,80.71933633984742,0.01870068626643228,BULLISH,RSI_HIGH,HIGH_VOLATILITY
2026-06-30,986.9,1010.95,977.7,1004.75,12450000.0,983.6299999999999,931.05,81.49217038105924,0.01820553317481892,BULLISH,RSI_HIGH,LOW_VOLATILITY
2026-07-01,1000.4,1025.4,998.9,1014.9,6830000.0,994.2479999999999,937.6949999999999,83.63159518667072,0.01790829823740422,BULLISH,RSI_HIGH,LOW_VOLATILITY
2026-07-02,994.7,1025.7,993.4,1018.4,8170000.0,999.86,944.775,90.08730546065829,0.017669169020483443,BULLISH,RSI_HIGH,LOW_VOLATILITY
2026-07-03,1035.0,1040.0,1017.6,1031.4,9400000.0,1010.18,952.625,87.78564746759318,0.01752855192889932,BULLISH,RSI_HIGH,LOW_VOLATILITY
2026-07-06,1040.0,1040.2,1024.8,1029.1,4820000.0,1019.71,959.61,83.91684901531714,0.017556910423277748,BULLISH,RSI_HIGH,LOW_VOLATILITY
2026-07-07,1024.0,1052.9,1024.0,1042.5,9100000.0,1027.26,968.1800000000001,83.40456414805243,0.01629463793325602,BULLISH,RSI_HIGH,LOW_VOLATILITY
2026-07-08,1025.0,1034.7,1004.1,1010.4,8310000.000000001,1026.36,974.3549999999999,66.78935812992374,0.01840929446371564,BULLISH,RSI_NORMAL,LOW_VOLATILITY
2026-07-09,1000.0,1013.5,994.1,1003.8,11710000.0,1023.4399999999999,980.3400000000001,63.95876032544555,0.01851953142192039,BULLISH,RSI_NORMAL,LOW_VOLATILITY
2026-07-10,1010.1,1023.9,1004.2,1020.5,7040000.0,1021.26,987.8375,66.79446097505145,0.01790303985031993,BULLISH,RSI_NORMAL,LOW_VOLATILITY
2026-07-13,1014.0,1028.0,1003.7,1022.6,4870000.0,1019.96,993.0525,65.93683963371679,0.014150286274876722,BULLISH,RSI_NORMAL,LOW_VOLATILITY
2026-07-14,1007.0,1022.0,995.2,1006.6,6460000.0,1012.78,996.2674999999999,62.45065880913991,0.014025331979752174,BULLISH,RSI_NORMAL,LOW_VOLATILITY
2026-07-15,1006.6,1037.3,1006.6,1021.3,5540000.0,1014.96,999.35,59.32305468561787,0.013835324335394989,BULLISH,RSI_NORMAL,LOW_VOLATILITY
2026-07-16,1024.0,1042.4,1021.2,1037.6,9080000.0,1021.72,1003.3100000000001,66.82188591385327,0.014075445009488194,BULLISH,RSI_NORMAL,LOW_VOLATILITY
2026-07-17,1044.9,1058.5,1037.6,1056.3,12880000.0,1028.8799999999999,1008.1824999999999,69.81731532962662,0.014382869660506371,BULLISH,RSI_NORMAL,LOW_VOLATILITY
2026-07-20,1057.0,1067.7,1038.2,1064.0,9350000.0,1037.1599999999999,1013.2924999999999,67.09956709956705,0.01438484372315667,BULLISH,RSI_NORMAL,LOW_VOLATILITY
2026-07-21,1064.0,1074.4,1060.9,1069.2,6970000.0,1049.6799999999998,1018.3375,66.13190730837786,0.014379988826739168,BULLISH,RSI_NORMAL,LOW_VOLATILITY
2026-07-22,1064.0,1070.6,1056.1,1060.3,6760000.0,1057.48,1023.262,62.06102475532523,0.014454217060340446,BULLISH,RSI_NORMAL,LOW_VOLATILITY
2026-07-23,1053.3,1061.2,1036.5,1039.8,8020000.0,1057.9199999999998,1025.735,52.31788079470195,0.014201607426140744,BULLISH,RSI_NORMAL,LOW_VOLATILITY
2026-07-24,1027.3,1030.2,1001.3,1012.8,18420000.0,1049.22,1027.3849999999998,46.04176784847015,0.015319400726063623,BEARISH,RSI_NORMAL,LOW_VOLATILITY
2026-07-27,1026.7,1050.0,1026.6,1048.3,7610000.0,1046.08,1030.7275,51.2719298245614,0.01703091233247213,BULLISH,RSI_NORMAL,LOW_VOLATILITY
2026-07-28,1049.0,1055.0,1042.4,1048.4,4730000.0,1041.9199999999998,1032.9099999999999,59.69387755102042,0.01635465987484977,BULLISH,RSI_NORMAL,LOW_VOLATILITY
2026-07-29,1056.0,1065.9,1048.4,1054.4,6440000.0,1040.7400000000002,1034.885,62.947799385875136,0.016273198774678883,BULLISH,RSI_NORMAL,LOW_VOLATILITY
2026-07-30,1046.0,1068.0,1035.1,1053.5,9870000.0,1043.48,1036.6399999999999,59.187082405345194,0.016281987436398294,BULLISH,RSI_NORMAL,LOW_VOLATILITY
2026-07-31,1095.0,1151.5,1083.6,1141.2,40810000.0,1069.16,1042.13,72.36048265460028,0.02438591075871722,BULLISH,RSI_HIGH,HIGH_VOLATILITY
