Date,Open,High,Low,Close,Volume,MA5,MA20,RSI,Volatility,Trend,RSI_Condition,Volatility_Condition
2015-01-01,325.4,335.04,322.88,333.21,2410000.0,,,,,,,
2015-01-02,334.03,336.97,332.38,335.18,2740000.0,,,,,,,
2015-01-05,336.28,336.28,326.5,327.74,1580000.0,,,,,,,
2015-01-06,326.96,326.96,319.89,325.17,3840000.0,,,,,,,
2015-01-07,323.15,328.71,321.82,325.95,4810000.0,329.45,,,,,,
2015-01-08,327.38,333.25,324.25,331.6,6970000.0,329.128,,,,,,
2015-01-09,332.84,335.04,324.99,326.69,3760000.0,327.43,,,,,,
2015-01-12,326.6,326.6,318.7,320.4,2240000.0,325.962,,,,,,
2015-01-13,321.27,323.47,316.13,317.97,1570000.0,324.52200000000005,,,,,,
2015-01-14,318.56,319.71,316.45,317.51,3350000.0,322.834,,,,,,
2015-01-15,317.78,323.75,315.21,320.77,4870000.0,320.668,,,,,,
2015-01-16,318.61,323.2,311.35,314.8,9600000.0,318.29,,,,,,
2015-01-19,315.76,323.47,313.93,321.78,3320000.0,318.566,,,,,,
2015-01-20,321.78,327.79,319.57,325.86,2840000.0,320.14399999999995,,,,,,
2015-01-21,325.95,339.73,325.49,338.81,4960000.0,324.404,,54.2592029205963,,,RSI_NORMAL,
2015-01-22,342.8,343.35,331.6,339.73,2460000.0,328.196,,53.516772298655134,,,RSI_NORMAL,
2015-01-23,342.43,356.02,341.56,352.67,6150000.0,335.77,,67.75894001994587,,,RSI_NORMAL,
2015-01-27,351.39,362.68,350.38,361.95,5170000.0,343.804,,73.91417425227567,,,RSI_HIGH,
2015-01-28,361.49,363.32,341.2,343.03,4410000.0,347.23799999999994,,58.98569023569023,,,RSI_NORMAL,
2015-01-29,344.13,349.37,333.34,345.05,7400000.0,348.486,331.2935,57.35696313313641,,BULLISH,RSI_NORMAL,
2015-01-30,349.64,349.64,336.19,343.12,5310000.0,349.164,331.789,59.28983376682122,0.021908829516686143,BULLISH,RSI_NORMAL,HIGH_VOLATILITY
2015-02-02,339.73,342.8,327.33,329.9,4080000.0,344.61,331.525,54.98112416107383,0.023643602917788845,BEARISH,RSI_NORMAL,HIGH_VOLATILITY
2015-02-03,330.68,343.4,330.64,341.15,4160000.0,340.45,332.1955,61.12497600307157,0.024270849526876453,BULLISH,RSI_NORMAL,HIGH_VOLATILITY
2015-02-04,344.32,346.43,335.14,338.76,5430000.0,339.596,332.875,60.01319385543304,0.02425320188171188,BULLISH,RSI_NORMAL,HIGH_VOLATILITY
2015-02-05,339.73,341.47,330.59,334.86,8109999.999999999,337.558,333.3205,56.59953161592507,0.024449810207329614,BULLISH,RSI_NORMAL,HIGH_VOLATILITY
2015-02-06,335.04,339.73,329.63,338.12,3260000.0,336.558,333.64649999999995,61.2072279892349,0.024251243897719207,BULLISH,RSI_NORMAL,HIGH_VOLATILITY
2015-02-09,335.14,335.78,324.35,326.96,2970000.0,335.96999999999997,333.65999999999997,52.39327296248383,0.025208167399564874,BEARISH,RSI_NORMAL,HIGH_VOLATILITY
2015-02-10,326.23,332.2,324.12,327.01,6720000.0,333.142,333.9905,50.55187637969093,0.024784014044583517,BEARISH,RSI_NORMAL,HIGH_VOLATILITY
2015-02-11,327.74,331.14,319.53,326.96,3430000.0,330.782,334.44,43.509694380545504,0.02469913638140405,BEARISH,RSI_NORMAL,HIGH_VOLATILITY
2015-02-12,329.63,330.41,320.72,323.84,4280000.0,328.578,334.7565,41.50176489464113,0.024819233261654732,BEARISH,RSI_NORMAL,HIGH_VOLATILITY
2015-02-13,324.85,327.33,320.72,325.95,3320000.0,326.14399999999995,335.01550000000003,33.8374062424389,0.024761853341811958,BEARISH,RSI_NORMAL,HIGH_VOLATILITY
2015-02-16,324.12,335.55,323.2,331.78,2310000.0,327.108,335.8645,30.955687413205425,0.02457738421806585,BEARISH,RSI_NORMAL,HIGH_VOLATILITY
2015-02-18,333.34,333.8,321.82,323.2,3350000.0,326.34599999999995,335.9355,35.60331058516047,0.02494107293102045,BEARISH,RSI_NORMAL,HIGH_VOLATILITY
2015-02-19,325.91,329.08,321.55,327.51,3000000.0,326.456,336.018,37.675660483417644,0.024958332745165106,BEARISH,RSI_NORMAL,HIGH_VOLATILITY
2015-02-20,325.95,329.44,319.76,320.77,4000000.0,325.842,335.11600000000004,35.29024614979596,0.023579698529561745,BEARISH,RSI_NORMAL,HIGH_VOLATILITY
2015-02-23,319.53,322.19,316.96,318.88,2370000.0,324.428,334.07349999999997,41.47586633663368,0.023558692102158493,BEARISH,RSI_NORMAL,HIGH_VOLATILITY
2015-02-24,317.78,321.22,312.27,314.06,7250000.0,320.884,332.143,26.73080226765161,0.021610408175892586,BEARISH,RSI_LOW,HIGH_VOLATILITY
2015-02-25,318.52,321.82,316.45,320.08,2830000.0,320.26,330.04949999999997,34.89650711513583,0.02110904835095938,BEARISH,RSI_NORMAL,HIGH_VOLATILITY
2015-02-26,321.36,323.75,317.92,320.77,4490000.0,318.912,328.9365,37.9839672522599,0.018113868902474097,BEARISH,RSI_NORMAL,HIGH_VOLATILITY
2015-02-27,320.44,328.8,318.93,326.14,3640000.0,319.986,327.991,40.138294369443514,0.01855733503019205,BEARISH,RSI_NORMAL,HIGH_VOLATILITY
2015-02-28,327.19,331.32,323.29,327.1,1670000.0,321.63,327.19,50.1385041551247,0.01858422784947755,BEARISH,RSI_NORMAL,HIGH_VOLATILITY
2015-03-02,327.15,333.3,317.23,320.49,4530000.0,322.916,326.7195,44.290718038528915,0.017092105021755368,BEARISH,RSI_NORMAL,HIGH_VOLATILITY
2015-03-03,321.36,321.91,315.58,320.67,2250000.0,323.034,325.6955,44.504630438581195,0.014945804639615574,BEARISH,RSI_NORMAL,LOW_VOLATILITY
2015-03-04,323.2,329.08,320.72,322.51,3630000.0,323.382,324.883,48.81143878462914,0.015036696330097157,BEARISH,RSI_NORMAL,LOW_VOLATILITY
2015-03-05,322.65,323.11,315.9,319.43,3810000.0,322.04,324.1115,44.27266338721012,0.014980032058348827,BEARISH,RSI_NORMAL,LOW_VOLATILITY
2015-03-09,318.38,318.38,311.35,315.35,3750000.0,319.69,322.973,35.10966104767087,0.014877452665271853,BEARISH,RSI_NORMAL,LOW_VOLATILITY
2015-03-10,314.06,351.02,312.87,337.84,12660000.0,323.16,323.517,60.59640995946729,0.02097875198085891,BULLISH,RSI_NORMAL,HIGH_VOLATILITY
2015-03-11,339.73,361.76,332.61,357.68,14050000.0,330.562,325.0505,67.82886183666236,0.0245200655257762,BULLISH,RSI_NORMAL,HIGH_VOLATILITY
2015-03-12,357.58,367.18,355.38,365.25,18070000.0,339.11,326.96500000000003,76.0299625468165,0.024756943755458137,BULLISH,RSI_HIGH,HIGH_VOLATILITY
2015-03-13,366.31,369.75,357.54,367.5,12420000.0,348.724,329.148,78.33333333333336,0.02449111472530165,BULLISH,RSI_HIGH,HIGH_VOLATILITY
2015-03-16,367.18,367.18,354.6,356.62,15320000.0,356.978,330.6815,73.16568691487046,0.02579641044706852,BULLISH,RSI_HIGH,HIGH_VOLATILITY
2015-03-17,360.11,360.29,347.99,354.92,12920000.0,360.39400000000006,331.8385,69.89947452593103,0.02568941315669701,BULLISH,RSI_NORMAL,HIGH_VOLATILITY
2015-03-18,354.33,358.37,350.29,350.97,4690000.0,359.052,333.227,66.6299559471366,0.024999690172967073,BULLISH,RSI_NORMAL,HIGH_VOLATILITY
2015-03-19,351.66,353.45,348.68,350.7,4550000.0,356.142,334.3865,64.32905484247374,0.024933798507970624,BULLISH,RSI_NORMAL,HIGH_VOLATILITY
2015-03-20,349.83,356.07,346.7,349.14,7120000.0,352.47,335.80499999999995,62.76940903823869,0.024360900526519843,BULLISH,RSI_NORMAL,HIGH_VOLATILITY
2015-03-23,352.58,358.0,347.07,351.89,3480000.0,351.524,337.45550000000003,69.0441533236293,0.024245418990382225,BULLISH,RSI_NORMAL,HIGH_VOLATILITY
2015-03-24,350.56,364.06,350.38,361.62,7950000.0,352.864,339.8335,72.25785411457767,0.024244409706291783,BULLISH,RSI_HIGH,HIGH_VOLATILITY
2015-03-25,355.34,364.93,355.29,362.68,11170000.0,355.20599999999996,341.9635,72.02061177502468,0.02409917178097938,BULLISH,RSI_HIGH,HIGH_VOLATILITY
2015-03-26,358.09,370.49,358.09,366.95,12420000.0,358.456,344.2725,75.71428571428571,0.02410312732229791,BULLISH,RSI_HIGH,HIGH_VOLATILITY
2015-03-27,368.19,371.4,340.74,345.69,9180000.0,357.76599999999996,345.25,63.84376711078663,0.027988570910062724,BULLISH,RSI_NORMAL,HIGH_VOLATILITY
2015-03-30,348.91,360.75,346.7,357.54,5070000.0,358.896,346.772,59.95552860319387,0.028832922922291535,BULLISH,RSI_NORMAL,HIGH_VOLATILITY
2015-03-31,357.22,363.32,353.5,361.12,6590000.0,358.796,348.8035,52.08030962747944,0.02823634202802044,BULLISH,RSI_NORMAL,HIGH_VOLATILITY
2015-04-01,361.12,371.72,360.89,369.38,5980000.0,360.136,351.239,52.4769101595298,0.028435225043426486,BULLISH,RSI_NORMAL,HIGH_VOLATILITY
2015-04-06,369.38,375.63,365.85,368.01,4740000.0,360.348,353.514,50.309128379197475,0.028543873732525885,BULLISH,RSI_NORMAL,HIGH_VOLATILITY
2015-04-07,369.11,376.45,363.78,371.63,4610000.0,365.536,356.124,59.97607337498338,0.02828008509076688,BULLISH,RSI_NORMAL,HIGH_VOLATILITY
2015-04-08,373.7,388.25,373.7,384.85,6270000.0,370.998,359.59900000000005,67.25072046109509,0.028478977235423416,BULLISH,RSI_NORMAL,HIGH_VOLATILITY
2015-04-09,384.9,386.09,372.09,373.88,5080000.0,373.55,361.40099999999995,62.21606057374424,0.025866545239138693,BULLISH,RSI_NORMAL,HIGH_VOLATILITY
2015-04-10,373.7,380.03,368.65,378.24,5010000.0,375.322,362.429,64.07112201103618,0.022707771181085308,BULLISH,RSI_NORMAL,HIGH_VOLATILITY
2015-04-13,375.63,392.06,374.62,390.87,4230000.0,379.894,363.71,69.15450289176535,0.023376007310030374,BULLISH,RSI_NORMAL,HIGH_VOLATILITY
2015-04-15,390.23,390.23,375.67,381.18,3810000.0,381.804,364.39399999999995,62.639164580995946,0.02421120322239712,BULLISH,RSI_NORMAL,HIGH_VOLATILITY
2015-04-16,382.1,388.34,380.54,383.8,3370000.0,381.594,365.753,60.196763515998526,0.023042012654879537,BULLISH,RSI_NORMAL,HIGH_VOLATILITY
2015-04-17,385.59,389.95,370.85,372.73,6050000.0,381.364,366.6435,54.23086638039909,0.024124021119782596,BULLISH,RSI_NORMAL,HIGH_VOLATILITY
2015-04-20,370.76,374.25,366.12,369.38,3580000.0,379.592,367.564,51.03097157403479,0.024063945348977475,BULLISH,RSI_NORMAL,HIGH_VOLATILITY
2015-04-21,365.11,376.41,361.76,365.71,4240000.0,374.56000000000006,368.3145,59.98404149212047,0.024223011230182487,BEARISH,RSI_NORMAL,HIGH_VOLATILITY
2015-04-22,364.52,368.47,359.19,366.72,4570000.0,371.668,369.1935,55.13307984790874,0.02416965164542549,BEARISH,RSI_NORMAL,HIGH_VOLATILITY
2015-04-23,368.92,369.93,364.52,367.13,6260000.0,368.334,369.9555,53.48405797101448,0.024141277085855426,BEARISH,RSI_NORMAL,HIGH_VOLATILITY
2015-04-24,367.27,370.21,362.63,366.49,8060000.000000001,367.086,370.19899999999996,48.162279028360686,0.023406789135400546,BEARISH,RSI_NORMAL,HIGH_VOLATILITY
2015-04-27,366.31,370.67,352.72,359.01,16520000.0,365.012,370.0155,44.689638895444894,0.02387897370193369,BEARISH,RSI_NORMAL,HIGH_VOLATILITY
2015-04-28,357.17,375.99,352.03,367.96,5650000.0,365.462,370.066,47.96269568113689,0.024402667575789717,BEARISH,RSI_NORMAL,HIGH_VOLATILITY
2015-04-29,361.76,369.57,352.49,355.66,12250000.0,363.25,370.5645,33.628715647784645,0.021793609049120734,BEARISH,RSI_NORMAL,HIGH_VOLATILITY
2015-04-30,355.75,356.25,341.38,349.92,8960000.0,359.808,370.1835,35.72449952335559,0.020709445881722913,BEARISH,RSI_NORMAL,HIGH_VOLATILITY
2015-05-04,343.03,361.85,343.03,360.75,4930000.0,358.65999999999997,370.165,40.32525721871888,0.021789686315643302,BEARISH,RSI_NORMAL,HIGH_VOLATILITY
2015-05-05,359.93,359.93,351.2,355.38,2660000.0,357.934,369.46500000000003,28.653915553951634,0.021350780221488914,BEARISH,RSI_LOW,HIGH_VOLATILITY
2015-05-06,361.12,371.86,354.42,358.27,14800000.0,355.996,368.978,34.99279444517225,0.021456464548668605,BEARISH,RSI_NORMAL,HIGH_VOLATILITY
2015-05-07,358.0,367.73,353.82,361.44,8620000.0,357.15200000000004,368.4685,35.45785639958376,0.02143101325504964,BEARISH,RSI_NORMAL,HIGH_VOLATILITY
2015-05-08,364.52,367.27,361.85,365.39,6250000.0,360.246,367.4955,44.73910550458714,0.01985787099154009,BEARISH,RSI_NORMAL,HIGH_VOLATILITY
2015-05-11,364.52,369.8,362.41,363.78,4710000.0,360.852,366.9905,45.88356365774771,0.018898731170801084,BEARISH,RSI_NORMAL,HIGH_VOLATILITY
2015-05-12,364.06,366.67,357.13,359.51,6800000.0,361.678,366.054,45.48236665695133,0.018784639189621775,BEARISH,RSI_NORMAL,HIGH_VOLATILITY
2015-05-13,363.6,367.27,349.55,351.25,6320000.0,360.274,364.073,39.80492948464475,0.017307416288113397,BEARISH,RSI_NORMAL,HIGH_VOLATILITY
2015-05-14,350.74,360.11,349.73,354.42,5380000.0,358.87,362.735,41.91784306244437,0.016939337367654565,BEARISH,RSI_NORMAL,LOW_VOLATILITY
2015-05-15,356.25,362.68,355.34,359.93,4240000.0,357.77799999999996,361.5415,46.07185628742514,0.017325397697713504,BEARISH,RSI_NORMAL,HIGH_VOLATILITY
2015-05-18,361.76,367.09,359.93,364.93,4780000.0,358.008,361.1515,53.65341890891139,0.0165985318957455,BULLISH,RSI_NORMAL,LOW_VOLATILITY
2015-05-19,366.26,371.86,362.77,365.44,5930000.0,359.194,360.9545,48.26398456875174,0.01649517573432534,BULLISH,RSI_NORMAL,LOW_VOLATILITY
2015-05-20,364.75,370.81,364.38,367.78,5540000.0,362.5,361.058,59.677419354838676,0.016402744579147754,BULLISH,RSI_NORMAL,LOW_VOLATILITY
2015-05-21,368.19,369.75,361.3,364.01,2780000.0,364.418,360.9225,61.61582852431986,0.01656186619856294,BULLISH,RSI_NORMAL,LOW_VOLATILITY
2015-05-22,363.14,366.08,358.69,362.59,3520000.0,364.94999999999993,360.6955,51.79547228727554,0.016578218265496762,BULLISH,RSI_NORMAL,LOW_VOLATILITY
2015-05-25,362.59,375.54,360.2,367.18,5870000.0,365.4,360.73,61.69242964724536,0.016831826277265233,BULLISH,RSI_NORMAL,LOW_VOLATILITY
2015-05-26,369.11,373.65,365.62,367.78,6850000.0,365.868,361.1685,59.8712891841395,0.01611573073442668,BULLISH,RSI_NORMAL,LOW_VOLATILITY
2015-05-27,367.41,379.3,367.41,375.31,5510000.0,367.37399999999997,361.536,63.20197982105465,0.015800052766835385,BULLISH,RSI_NORMAL,LOW_VOLATILITY
2015-05-28,378.29,378.98,367.23,370.03,7870000.0,368.578,362.2545,54.30746379502412,0.014071358686358844,BULLISH,RSI_NORMAL,LOW_VOLATILITY
2015-05-29,369.8,399.41,369.38,390.78,73810000.0,374.216,364.2975,68.4931506849315,0.01789669134287398,BULLISH,RSI_NORMAL,HIGH_VOLATILITY
2015-06-01,381.92,386.51,376.64,382.51,4640000.0,377.282,365.3855,64.93506493506493,0.017818459311661206,BULLISH,RSI_NORMAL,HIGH_VOLATILITY
2015-06-02,385.96,389.77,378.98,383.89,4670000.0,380.504,366.81100000000004,73.27438676554476,0.01730958694542223,BULLISH,RSI_HIGH,HIGH_VOLATILITY
2015-06-03,383.94,388.39,375.72,386.28,3980000.0,382.698,368.2115,72.97375252379577,0.017290908710641546,BULLISH,RSI_HIGH,HIGH_VOLATILITY
2015-06-04,386.09,389.68,380.13,382.33,3560000.0,385.158,369.256,66.52404839185598,0.017528634492248396,BULLISH,RSI_NORMAL,HIGH_VOLATILITY
2015-06-05,382.88,387.79,379.94,381.6,5430000.0,383.322,370.0665,63.12391749330816,0.017456268324215304,BULLISH,RSI_NORMAL,HIGH_VOLATILITY
2015-06-08,383.2,383.71,374.66,376.96,3100000.0,382.212,370.7255,58.51567120047308,0.017697803559371093,BULLISH,RSI_NORMAL,HIGH_VOLATILITY
2015-06-09,378.29,378.29,369.89,374.57,2960000.0,380.34799999999996,371.4785,55.01551189245089,0.01751869461627121,BULLISH,RSI_NORMAL,HIGH_VOLATILITY
2015-06-10,376.27,384.3,374.71,381.09,3730000.0,379.31,372.9705,62.12379329926178,0.016776059544938157,BULLISH,RSI_NORMAL,LOW_VOLATILITY
2015-06-11,382.97,383.52,375.63,376.96,3370000.0,378.236,374.09749999999997,59.82228298017772,0.01706189867605272,BULLISH,RSI_NORMAL,HIGH_VOLATILITY
2015-06-12,377.46,386.87,374.2,380.86,2480000.0,378.088,375.144,59.43969086392493,0.016903095180661715,BULLISH,RSI_NORMAL,LOW_VOLATILITY
2015-06-15,383.62,384.17,377.92,379.8,2560000.0,378.656,375.8875,58.24190894130556,0.01674620488448869,BULLISH,RSI_NORMAL,LOW_VOLATILITY
2015-06-16,379.25,381.32,375.67,380.4,4210000.0,379.822,376.6355,53.85664494620395,0.016745835123911087,BULLISH,RSI_NORMAL,LOW_VOLATILITY
2015-06-17,381.6,389.77,380.81,387.75,4780000.0,381.154,377.63399999999996,63.017925359976516,0.017162938796371742,BULLISH,RSI_NORMAL,HIGH_VOLATILITY
2015-06-18,383.89,397.98,380.03,391.56,6750000.0,384.07399999999996,379.0115,50.76291079812209,0.016946149980159978,BULLISH,RSI_NORMAL,LOW_VOLATILITY
2015-06-19,391.6,401.52,391.6,398.49,3680000.0,387.6,380.8065,66.05062274005627,0.01711770303424423,BULLISH,RSI_NORMAL,HIGH_VOLATILITY
2015-06-22,399.32,400.33,388.85,389.77,4060000.0,389.594,381.936,55.147058823529406,0.018009606137860568,BULLISH,RSI_NORMAL,HIGH_VOLATILITY
2015-06-23,393.85,398.67,393.26,395.09,5700000.0,392.532,383.3015,57.33555370524562,0.01815647446384151,BULLISH,RSI_NORMAL,HIGH_VOLATILITY
2015-06-24,393.9,396.1,388.71,390.18,2810000.0,393.018,384.04499999999996,56.43337157842979,0.018050899887214356,BULLISH,RSI_NORMAL,HIGH_VOLATILITY
2015-06-25,390.69,394.36,387.93,391.79,4290000.0,393.06399999999996,385.133,58.232347713685556,0.017647288906511818,BULLISH,RSI_NORMAL,HIGH_VOLATILITY
2015-06-26,391.51,393.39,383.11,383.75,2580000.0,390.116,384.7815,55.199877469750355,0.013300013678143933,BEARISH,RSI_NORMAL,LOW_VOLATILITY
2015-06-29,379.25,381.96,372.78,380.03,3140000.0,388.168,384.65749999999997,54.09786850795555,0.012606026107826993,BEARISH,RSI_NORMAL,LOW_VOLATILITY
2015-06-30,383.39,387.47,380.13,385.68,5120000.0,386.286,384.74699999999996,53.490494296577964,0.013031597626260978,BULLISH,RSI_NORMAL,LOW_VOLATILITY
2015-07-01,389.03,393.39,385.91,389.72,3080000.0,386.194,384.919,59.716722509899505,0.01316700110574598,BULLISH,RSI_NORMAL,LOW_VOLATILITY
2015-07-02,392.98,402.3,390.69,397.71,4880000.0,387.37800000000004,385.688,62.07885304659494,0.013630979659702194,BULLISH,RSI_NORMAL,LOW_VOLATILITY
2015-07-03,398.44,401.98,397.11,399.5,3900000.0,390.528,386.58299999999997,63.97559591373437,0.013608023646312405,BULLISH,RSI_NORMAL,LOW_VOLATILITY
2015-07-06,395.28,402.35,394.59,397.66,2190000.0,394.054,387.618,62.03290574456221,0.013284148219593745,BULLISH,RSI_NORMAL,LOW_VOLATILITY
2015-07-07,397.57,400.42,395.41,396.52,1290000.0,396.22200000000004,388.71549999999996,56.6936345596092,0.013181215843581548,BULLISH,RSI_NORMAL,LOW_VOLATILITY
2015-07-08,393.81,397.57,388.57,395.09,3030000.0,397.296,389.41549999999995,52.79581815301756,0.01279882396989609,BULLISH,RSI_NORMAL,LOW_VOLATILITY
2015-07-09,396.97,406.66,395.09,398.4,6120000.0,397.43399999999997,390.4875,49.92438245672994,0.012511654280311701,BULLISH,RSI_NORMAL,LOW_VOLATILITY
2015-07-10,400.33,400.33,383.48,384.99,5620000.0,394.532,390.694,46.27725856697821,0.014785684008210141,BEARISH,RSI_NORMAL,LOW_VOLATILITY
2015-07-13,387.47,391.97,385.22,389.03,2720000.0,392.806,391.15549999999996,45.184361093452,0.014921152602547965,BEARISH,RSI_NORMAL,LOW_VOLATILITY
2015-07-14,389.03,390.69,386.55,387.75,1500000.0,391.05199999999996,391.523,47.95075054815314,0.01495617506979555,BEARISH,RSI_NORMAL,LOW_VOLATILITY
2015-07-15,387.47,391.88,386.14,388.34,2340000.0,389.70199999999994,391.5525,47.03964304101592,0.01432900008679476,BEARISH,RSI_NORMAL,LOW_VOLATILITY
2015-07-16,390.59,391.51,385.08,389.9,2300000.0,388.002,391.4695,55.93743966016604,0.014181176657699258,BEARISH,RSI_NORMAL,LOW_VOLATILITY
2015-07-17,390.23,394.82,387.61,391.01,3370000.0,389.206,391.0955,61.163074420496166,0.013575129096148017,BEARISH,RSI_NORMAL,LOW_VOLATILITY
2015-07-20,390.32,397.11,390.32,394.31,2230000.0,390.262,391.3225,59.21417894512066,0.012773098950001623,BULLISH,RSI_NORMAL,LOW_VOLATILITY
2015-07-21,404.0,415.43,398.4,408.82,6530000.0,394.476,392.009,66.66666666666666,0.01488639760118385,BULLISH,RSI_NORMAL,LOW_VOLATILITY
2015-07-22,406.29,412.03,402.02,403.45,3070000.0,397.49799999999993,392.6725,55.24871982443308,0.014922836069128096,BULLISH,RSI_NORMAL,LOW_VOLATILITY
2015-07-23,404.92,405.05,395.55,397.48,2570000.0,399.014,392.957,48.28406388039417,0.015359729894396023,BULLISH,RSI_NORMAL,LOW_VOLATILITY
2015-07-24,397.98,402.99,394.95,398.4,2120000.0,400.492,393.6895,50.638591646530855,0.014514268678600187,BULLISH,RSI_NORMAL,LOW_VOLATILITY
2015-07-27,396.65,398.31,382.42,383.75,2520000.0,398.38,393.8755,41.06368089573127,0.016750693056827817,BEARISH,RSI_NORMAL,LOW_VOLATILITY
2015-07-28,384.72,390.23,375.63,376.45,3470000.0,391.90599999999995,393.414,37.946197620279335,0.016946711253537968,BEARISH,RSI_NORMAL,LOW_VOLATILITY
2015-07-29,377.37,385.59,371.04,383.48,3760000.0,387.912,393.102,40.794669299111554,0.017335513900883077,BEARISH,RSI_NORMAL,HIGH_VOLATILITY
2015-07-30,383.48,391.1,378.84,382.83,3580000.0,384.982,392.358,48.41827768014057,0.016604274961642775,BEARISH,RSI_NORMAL,LOW_VOLATILITY
2015-07-31,384.49,391.28,380.13,384.53,3160000.0,382.20799999999997,391.60949999999997,46.58780709736123,0.016603084073094507,BEARISH,RSI_NORMAL,LOW_VOLATILITY
2015-08-03,385.64,388.39,383.29,384.63,1520000.0,382.38399999999996,390.95799999999997,47.59110562075355,0.01659508952939744,BEARISH,RSI_NORMAL,LOW_VOLATILITY
2015-08-04,388.21,391.14,375.72,379.44,5020000.0,382.98199999999997,390.104,43.58419838523646,0.0168087856896032,BEARISH,RSI_NORMAL,LOW_VOLATILITY
2015-08-05,391.14,392.71,381.73,383.39,6010000.0,382.96399999999994,389.519,45.46341463414635,0.01703182958120928,BEARISH,RSI_NORMAL,HIGH_VOLATILITY
2015-08-06,385.59,387.47,380.13,381.04,3950000.0,382.606,388.65099999999995,43.17029730100015,0.01690356251047083,BEARISH,RSI_NORMAL,LOW_VOLATILITY
2015-08-07,381.96,382.88,376.55,377.92,4070000.000000001,381.284,388.2975,38.74467792885593,0.015281443275527941,BEARISH,RSI_NORMAL,LOW_VOLATILITY
2015-08-10,378.93,381.46,375.08,376.64,2920000.0,379.68600000000004,387.678,22.994293387042617,0.015054307130395819,BEARISH,RSI_LOW,LOW_VOLATILITY
2015-08-11,377.37,378.29,369.8,371.72,3150000.0,378.142,386.87649999999996,23.169288009470662,0.015272175860041775,BEARISH,RSI_LOW,LOW_VOLATILITY
2015-08-12,370.94,372.51,359.28,366.08,4080000.0,374.68,385.76349999999996,23.29931972789113,0.01552383233624762,BEARISH,RSI_LOW,LOW_VOLATILITY
2015-08-13,371.86,380.81,346.29,353.32,7730000.0,369.13599999999997,383.9345,18.091732729331852,0.016985750586313877,BEARISH,RSI_LOW,LOW_VOLATILITY
2015-08-14,358.09,364.33,351.94,362.77,3550000.0,366.10599999999994,382.5225,33.97004889975551,0.018337197687347765,BEARISH,RSI_NORMAL,HIGH_VOLATILITY
2015-08-17,363.6,366.03,354.65,358.27,1610000.0,362.43199999999996,380.7205,35.48850574712644,0.018209918340490513,BEARISH,RSI_NORMAL,HIGH_VOLATILITY
2015-08-18,361.85,363.32,352.81,354.0,1920000.0,358.88800000000003,377.97950000000003,25.384101536406135,0.015422439934913839,BEARISH,RSI_LOW,LOW_VOLATILITY
2015-08-19,354.42,354.78,342.39,351.25,4330000.0,355.922,375.3695,24.524040012907392,0.01535771185530988,BEARISH,RSI_LOW,LOW_VOLATILITY
2015-08-20,358.09,359.93,342.85,348.91,4350000.0,355.03999999999996,372.941,21.55860747365061,0.015241794867295282,BEARISH,RSI_LOW,LOW_VOLATILITY
2015-08-21,343.31,343.31,329.17,339.31,6470000.0,350.34799999999996,369.9865,18.580144204104243,0.0157951509876151,BEARISH,RSI_LOW,LOW_VOLATILITY
2015-08-24,328.02,336.65,310.3,319.8,7290000.0,342.654,366.789,15.502082369273467,0.018276013707488527,BEARISH,RSI_LOW,HIGH_VOLATILITY
2015-08-25,321.87,337.43,305.29,319.85,8670000.0,335.82399999999996,363.959,11.509571117034156,0.018220664760926843,BEARISH,RSI_LOW,HIGH_VOLATILITY
2015-08-26,321.36,322.19,308.97,311.45,7480000.0,327.864,360.35749999999996,10.72355796365278,0.017521549818699522,BEARISH,RSI_LOW,HIGH_VOLATILITY
2015-08-27,319.07,322.37,314.38,318.88,8390000.0,321.858,357.15999999999997,18.223896663078577,0.01904003114665003,BEARISH,RSI_LOW,HIGH_VOLATILITY
2015-08-28,327.7,335.0,322.74,332.84,6690000.0,320.564,354.57550000000003,29.257435120287923,0.0222537389639447,BEARISH,RSI_LOW,HIGH_VOLATILITY
2015-08-31,335.14,336.05,321.36,325.31,8220000.000000001,321.666,351.60949999999997,28.551622146224233,0.022450630140600003,BEARISH,RSI_LOW,HIGH_VOLATILITY
2015-09-01,322.28,325.59,315.07,317.14,4380000.0,321.12399999999997,348.4945,27.89920520231213,0.02274601479751703,BEARISH,RSI_LOW,HIGH_VOLATILITY
2015-09-02,319.53,321.18,311.95,315.16,6900000.0,321.866,345.08299999999997,30.908545127076252,0.022311026493683772,BEARISH,RSI_NORMAL,HIGH_VOLATILITY
2015-09-03,315.16,319.48,315.16,318.38,3610000.0,321.76599999999996,341.95,26.315227830541005,0.022736866394100993,BEARISH,RSI_LOW,HIGH_VOLATILITY
2015-09-04,316.77,323.8,314.25,321.36,5210000.0,319.46999999999997,339.12199999999996,29.98155982210652,0.02309329084346094,BEARISH,RSI_LOW,HIGH_VOLATILITY
2015-09-07,321.27,321.27,315.03,318.7,2840000.0,318.148,336.225,30.51446235372046,0.023069774653901573,BEARISH,RSI_NORMAL,HIGH_VOLATILITY
2015-09-08,320.44,320.86,311.45,319.3,3030000.0,318.58,333.604,31.93486373402692,0.023141250004039476,BEARISH,RSI_NORMAL,HIGH_VOLATILITY
2015-09-09,321.36,335.78,319.53,325.49,6260000.0,320.646,331.57450000000006,37.31035977459904,0.02380445648874424,BEARISH,RSI_NORMAL,HIGH_VOLATILITY
2015-09-10,323.66,323.66,317.69,321.78,3300000.0,321.32599999999996,329.9975,39.85414978585483,0.022845056074515785,BEARISH,RSI_NORMAL,HIGH_VOLATILITY
2015-09-11,323.02,324.99,317.97,320.17,3290000.0,321.088,327.8675,50.27011242517156,0.021636888379217123,BEARISH,RSI_NORMAL,HIGH_VOLATILITY
2015-09-14,321.27,325.95,317.83,325.17,2760000.0,322.382,326.2125,53.622004357298465,0.022102744865778897,BEARISH,RSI_NORMAL,HIGH_VOLATILITY
2015-09-15,325.04,325.04,320.44,322.28,2320000.0,322.978,324.62649999999996,57.971441189459725,0.022060289124528853,BEARISH,RSI_NORMAL,HIGH_VOLATILITY
2015-09-16,322.74,332.47,322.74,330.09,2920000.0,323.898,323.5685,58.205240813936456,0.022949605098014678,BULLISH,RSI_NORMAL,HIGH_VOLATILITY
2015-09-18,330.59,333.25,324.3,327.7,6660000.0,325.082,322.508,45.470567500881224,0.022955026683721246,BULLISH,RSI_NORMAL,HIGH_VOLATILITY
2015-09-21,325.04,329.63,322.65,323.47,2740000.0,325.742,321.716,48.278443113772475,0.022354498641883946,BULLISH,RSI_NORMAL,HIGH_VOLATILITY
2015-09-22,325.95,325.95,312.46,315.67,4470000.0,323.842,321.5095,48.61503674392314,0.018998340822499387,BEARISH,RSI_NORMAL,HIGH_VOLATILITY
2015-09-23,312.18,314.94,308.74,310.25,4010000.0,321.436,321.0295,45.655636170589254,0.01935942958536897,BEARISH,RSI_NORMAL,HIGH_VOLATILITY
2015-09-24,310.25,310.9,304.88,305.71,9780000.0,316.56,320.7425,39.04547812554038,0.018736290370288386,BEARISH,RSI_NORMAL,HIGH_VOLATILITY
2015-09-28,304.93,307.96,296.94,300.8,5200000.0,311.18,319.83849999999995,32.797858099062935,0.018090544467426445,BEARISH,RSI_NORMAL,HIGH_VOLATILITY
2015-09-29,298.41,300.06,289.78,296.25,6990000.0,305.736,318.00899999999996,31.792376317923782,0.014566943681115517,BEARISH,RSI_NORMAL,LOW_VOLATILITY
2015-09-30,303.0,311.03,298.41,310.21,7120000.0,304.64399999999995,317.254,43.94080789228101,0.01819922416541936,BEARISH,RSI_NORMAL,HIGH_VOLATILITY
2015-10-01,311.63,312.59,308.14,311.68,5000000.0,304.92999999999995,316.981,40.17641200739792,0.017430470354442666,BEARISH,RSI_NORMAL,HIGH_VOLATILITY
2015-10-05,313.93,319.02,311.49,317.92,5860000.0,307.372,317.119,47.34962922274104,0.01797374537987575,BULLISH,RSI_NORMAL,HIGH_VOLATILITY
2015-10-06,320.44,321.91,317.32,320.31,4530000.0,311.274,317.21549999999996,50.09510869565217,0.017907645319763202,BULLISH,RSI_NORMAL,HIGH_VOLATILITY
2015-10-07,320.31,320.4,312.5,314.61,3570000.0,314.946,316.87800000000004,42.89367429340511,0.018223445142916038,BEARISH,RSI_NORMAL,HIGH_VOLATILITY
2015-10-08,315.39,317.41,309.38,313.6,4680000.0,315.624,316.62300000000005,44.00718033692353,0.018150631160941417,BEARISH,RSI_NORMAL,HIGH_VOLATILITY
2015-10-09,315.85,320.35,315.16,319.16,5450000.0,317.12,316.61600000000004,42.211771412284484,0.018607225255957153,BULLISH,RSI_NORMAL,HIGH_VOLATILITY
2015-10-12,319.53,323.29,319.16,320.9,2400000.0,317.716,316.38649999999996,45.10932105868814,0.01810272599590742,BULLISH,RSI_NORMAL,HIGH_VOLATILITY
2015-10-13,322.37,322.92,314.8,317.18,2540000.0,317.09000000000003,316.1565,45.44268946529487,0.018108898677485552,BULLISH,RSI_NORMAL,HIGH_VOLATILITY
2015-10-14,319.02,321.5,313.93,317.97,3400000.0,317.76200000000006,316.04650000000004,51.85483870967744,0.01808976115095654,BULLISH,RSI_NORMAL,HIGH_VOLATILITY
2015-10-15,319.53,324.48,315.85,322.51,5410000.0,319.544,315.9135,60.02945026178012,0.018030575274718654,BULLISH,RSI_NORMAL,HIGH_VOLATILITY
2015-10-16,318.79,323.61,313.1,321.04,4510000.0,319.91999999999996,315.8515,63.20413436692514,0.017947307184552813,BULLISH,RSI_NORMAL,HIGH_VOLATILITY
2015-10-19,324.12,335.73,317.69,333.94,4250000.0,322.528,316.044,75.09085402786195,0.01937976319545391,BULLISH,RSI_HIGH,HIGH_VOLATILITY
2015-10-20,333.16,336.97,330.09,332.24,2540000.0,325.54,316.271,78.47760721633178,0.01933899613619886,BULLISH,RSI_HIGH,HIGH_VOLATILITY
2015-10-21,334.26,343.22,334.13,341.1,4350000.0,330.166,317.15250000000003,76.58805302117415,0.019873023287779224,BULLISH,RSI_HIGH,HIGH_VOLATILITY
2015-10-23,343.4,344.04,327.33,329.72,4370000.0,331.608,317.85499999999996,63.26470588235299,0.020626644587493907,BULLISH,RSI_NORMAL,HIGH_VOLATILITY
2015-10-26,335.14,335.36,318.47,323.38,7220000.0,332.076,318.51149999999996,54.00881057268721,0.020734191762946726,BULLISH,RSI_NORMAL,HIGH_VOLATILITY
2015-10-27,322.69,325.68,319.62,323.8,2800000.0,330.048,319.416,52.63874187207018,0.020352850440167554,BULLISH,RSI_NORMAL,HIGH_VOLATILITY
2015-10-28,323.47,330.31,322.28,328.98,3740000.0,329.396,320.82500000000005,60.95107453132147,0.020026349855414488,BULLISH,RSI_NORMAL,HIGH_VOLATILITY
2015-10-29,327.33,329.58,320.44,326.32,4480000.0,326.44000000000005,322.3285,59.455842997323806,0.019719451893459423,BULLISH,RSI_NORMAL,HIGH_VOLATILITY
2015-10-30,324.12,331.37,316.36,320.49,3910000.0,324.59399999999994,322.84250000000003,50.984747519620896,0.01766557229824736,BEARISH,RSI_NORMAL,HIGH_VOLATILITY
2015-11-02,319.07,322.92,315.53,321.5,2800000.0,324.218,323.3335,50.4491017964072,0.01765513879677303,BEARISH,RSI_NORMAL,HIGH_VOLATILITY
2015-11-03,322.33,324.85,317.6,319.2,1640000.0,323.298,323.3975,51.54481492811255,0.01721106160436421,BEARISH,RSI_NORMAL,HIGH_VOLATILITY
2015-11-04,320.44,321.64,315.12,318.06,2370000.0,321.11400000000003,323.28499999999997,50.06846188954813,0.017146196402044164,BEARISH,RSI_NORMAL,HIGH_VOLATILITY
2015-11-05,315.26,317.69,306.76,309.01,3400000.0,317.65199999999993,323.005,40.390091116173124,0.017871713943294388,BEARISH,RSI_NORMAL,HIGH_VOLATILITY
2015-11-06,305.75,314.15,291.15,311.45,3310000.0,315.844,322.8975,43.26639516921779,0.017963439922110032,BEARISH,RSI_NORMAL,HIGH_VOLATILITY
2015-11-09,306.72,310.9,294.51,307.82,3560000.0,313.108,322.3305,28.915079108814993,0.017618958568401094,BEARISH,RSI_LOW,HIGH_VOLATILITY
2015-11-10,305.43,308.23,300.75,304.51,2380000.0,310.16999999999996,321.511,28.182533438237613,0.017647267925985883,BEARISH,RSI_LOW,HIGH_VOLATILITY
2015-11-11,306.67,308.51,303.0,304.74,151630.0,307.50600000000003,320.889,16.89730517115808,0.017526922984468424,BEARISH,RSI_LOW,HIGH_VOLATILITY
2015-11-13,298.45,308.51,298.45,306.58,2730000.0,307.02,320.31949999999995,24.504186866460984,0.017591023399561874,BEARISH,RSI_LOW,HIGH_VOLATILITY
2015-11-16,308.23,311.54,303.46,308.28,2650000.0,306.386,319.608,31.4678448699067,0.017279803896595607,BEARISH,RSI_NORMAL,HIGH_VOLATILITY
2015-11-17,308.97,310.02,303.92,307.13,2130000.0,306.248,318.9125,29.90113334940918,0.017274629097960004,BEARISH,RSI_LOW,HIGH_VOLATILITY
2015-11-18,308.51,314.15,305.25,306.63,2440000.0,306.672,317.54699999999997,19.624898070127685,0.014137167061393993,BEARISH,RSI_LOW,LOW_VOLATILITY
2015-11-19,307.73,313.1,305.02,311.77,1950000.0,308.078,316.5235,31.47440794499613,0.014886263235036556,BEARISH,RSI_NORMAL,LOW_VOLATILITY
2015-11-20,310.85,316.17,306.67,313.42,2270000.0,309.446,315.1395,39.92590481618694,0.013324364301848374,BEARISH,RSI_NORMAL,LOW_VOLATILITY
2015-11-23,313.65,317.87,309.38,311.26,2110000.0,310.04200000000003,314.2165,35.8719646799117,0.011451678641104832,BEARISH,RSI_NORMAL,LOW_VOLATILITY
2015-11-24,311.72,317.41,307.73,313.6,2830000.0,311.336,313.7275,42.28224917309818,0.010986169546798067,BEARISH,RSI_NORMAL,LOW_VOLATILITY
2015-11-26,314.02,317.37,312.23,314.15,7980000.0,312.84,313.245,44.5222751471,0.010992689288070562,BULLISH,RSI_NORMAL,LOW_VOLATILITY
2015-11-27,315.76,316.54,311.58,314.2,1430000.0,313.32599999999996,312.506,59.7227426002248,0.010212095770036173,BULLISH,RSI_NORMAL,LOW_VOLATILITY
2015-11-30,314.94,315.85,305.94,306.99,6980000.0,312.04,311.5395,42.91163382072476,0.011156423103122995,BEARISH,RSI_NORMAL,LOW_VOLATILITY
2015-12-01,308.46,308.46,295.15,296.34,8890000.0,309.05600000000004,310.332,35.08316008316007,0.012844074907377769,BEARISH,RSI_NORMAL,LOW_VOLATILITY
2015-12-02,298.68,298.91,290.56,296.48,6680000.0,305.63199999999995,309.081,38.62928348909663,0.012781247697682385,BEARISH,RSI_NORMAL,LOW_VOLATILITY
2015-12-03,295.65,299.79,292.44,293.4,4330000.0,301.48199999999997,307.791,35.141509433962256,0.012844045196871117,BEARISH,RSI_NORMAL,LOW_VOLATILITY
2015-12-04,291.98,296.11,291.2,295.01,2890000.0,297.644,306.63849999999996,34.74822040601113,0.013023107248498185,BEARISH,RSI_NORMAL,LOW_VOLATILITY
2015-12-07,295.01,297.49,292.58,293.91,2640000.0,295.028,305.88349999999997,30.75274578087341,0.011647845700759517,BEARISH,RSI_NORMAL,LOW_VOLATILITY
2015-12-08,293.82,294.23,289.32,291.84,4510000.0,294.12800000000004,304.90299999999996,30.0130718954249,0.0114272623881571,BEARISH,RSI_NORMAL,LOW_VOLATILITY
2015-12-09,291.29,291.52,282.89,285.42,5090000.0,291.916,303.783,25.990491283676803,0.012048021379280344,BEARISH,RSI_LOW,LOW_VOLATILITY
2015-12-10,288.22,288.72,283.26,287.07,2300000.0,290.65,302.91099999999994,19.641101278269517,0.012105768798468718,BEARISH,RSI_LOW,LOW_VOLATILITY
2015-12-11,289.23,289.23,282.34,284.22,2310000.0,288.492,301.885,15.138490926456598,0.012172703598045658,BEARISH,RSI_LOW,LOW_VOLATILITY
2015-12-14,281.88,285.55,279.26,281.1,3760000.0,285.93,300.611,14.79925303454722,0.012071942879643985,BEARISH,RSI_LOW,LOW_VOLATILITY
2015-12-15,281.1,284.64,279.68,283.9,2580000.0,284.342,299.392,15.704387990762044,0.012298941042959467,BEARISH,RSI_LOW,LOW_VOLATILITY
2015-12-16,285.55,295.61,284.22,294.14,4500000.0,286.08599999999996,298.7425,31.119079071522947,0.015223450694942704,BEARISH,RSI_NORMAL,LOW_VOLATILITY
2015-12-17,294.74,297.77,293.86,296.02,3930000.0,287.87600000000003,298.212,33.418460415906594,0.015340269494807305,BEARISH,RSI_NORMAL,LOW_VOLATILITY
2015-12-18,295.93,296.94,291.98,292.95,4460000.0,289.62199999999996,297.271,36.14838200473558,0.014817322536594178,BEARISH,RSI_NORMAL,LOW_VOLATILITY
2015-12-21,293.31,296.8,291.06,294.64,3240000.0,292.33,296.332,47.96260786193673,0.014831741781930766,BEARISH,RSI_NORMAL,LOW_VOLATILITY
2015-12-22,294.74,300.52,294.0,296.76,3640000.0,294.902,295.607,50.32036613272309,0.014970052808686891,BULLISH,RSI_NORMAL,LOW_VOLATILITY
2015-12-23,299.33,305.62,297.67,305.16,3910000.0,297.10599999999994,295.185,61.99510403916775,0.01634440909924036,BULLISH,RSI_NORMAL,LOW_VOLATILITY
2015-12-24,305.06,311.95,301.76,310.76,2810000.0,300.054,295.01550000000003,64.8556876061121,0.016915592461578144,BULLISH,RSI_NORMAL,LOW_VOLATILITY
2015-12-28,309.66,310.34,303.0,304.61,3280000.0,302.386,294.53599999999994,59.214605580434046,0.017459899813142186,BULLISH,RSI_NORMAL,HIGH_VOLATILITY
2015-12-29,305.66,308.74,303.46,307.82,2740000.0,305.022,294.5775,63.49662162162168,0.016881254628992967,BULLISH,RSI_NORMAL,LOW_VOLATILITY
2015-12-30,311.26,311.58,304.88,305.85,1690000.0,306.84000000000003,295.053,68.65753424657541,0.014861982435958017,BULLISH,RSI_NORMAL,LOW_VOLATILITY
2015-12-31,306.67,313.79,305.25,312.55,3220000.0,308.318,295.8565,71.30434782608702,0.01552782690597598,BULLISH,RSI_HIGH,LOW_VOLATILITY
2016-01-01,312.13,315.85,310.02,312.64,1360000.0,308.69399999999996,296.8185,74.91234221598882,0.015232853158404513,BULLISH,RSI_HIGH,LOW_VOLATILITY
2016-01-04,310.34,311.22,294.74,300.06,3430000.0,307.784,297.071,64.25563909774439,0.01805561851194187,BULLISH,RSI_NORMAL,HIGH_VOLATILITY
2016-01-05,300.24,301.85,294.74,296.98,2310000.0,305.61600000000004,297.22450000000003,59.79335130278532,0.018204322806674833,BEARISH,RSI_NORMAL,HIGH_VOLATILITY
2016-01-06,299.23,305.29,293.5,295.84,2630000.0,303.614,297.42449999999997,51.47364771151178,0.018146810647086606,BEARISH,RSI_NORMAL,HIGH_VOLATILITY
2016-01-07,294.64,299.14,290.7,295.98,3080000.0,300.3,297.9525,49.96424740793711,0.017336054269582207,BEARISH,RSI_NORMAL,HIGH_VOLATILITY
2016-01-08,297.77,298.36,292.44,297.35,1960000.0,297.242,298.4665,54.056047197640154,0.017324602291445383,BEARISH,RSI_NORMAL,HIGH_VOLATILITY
2016-01-11,294.74,297.49,288.95,294.87,2740000.0,296.204,298.999,50.20897692167911,0.017271094833224424,BEARISH,RSI_NORMAL,HIGH_VOLATILITY
2016-01-12,295.65,298.82,287.94,289.59,3200000.0,294.726,299.4235,43.83914761986594,0.017610894636951802,BEARISH,RSI_NORMAL,HIGH_VOLATILITY
2016-01-13,294.74,296.16,277.34,283.35,4950000.0,292.228,299.396,30.537212207745824,0.018225623903243924,BEARISH,RSI_NORMAL,HIGH_VOLATILITY
2016-01-14,281.79,286.47,275.91,283.49,3570000.0,289.73,298.8635,23.03737393711684,0.016143469568342915,BEARISH,RSI_LOW,LOW_VOLATILITY
2016-01-15,286.2,286.2,278.3,281.05,3510000.0,286.47,298.115,24.861288945795962,0.016095231686953565,BEARISH,RSI_LOW,LOW_VOLATILITY
2016-01-18,282.62,283.44,269.81,275.68,4490000.0,282.632,297.25149999999996,17.217462260301915,0.016435935777326,BEARISH,RSI_LOW,LOW_VOLATILITY
2016-01-19,277.11,286.84,273.98,284.91,3640000.0,281.696,296.765,31.39658848614073,0.018271243990863942,BEARISH,RSI_NORMAL,HIGH_VOLATILITY
2016-01-20,283.26,288.17,278.02,284.27,5530000.0,281.88,296.14050000000003,21.84388689765035,0.0181558522700722,BEARISH,RSI_LOW,HIGH_VOLATILITY
2016-01-21,287.39,287.76,278.81,283.99,3360000.0,281.98,295.082,21.583019242213908,0.016706899381524074,BEARISH,RSI_LOW,LOW_VOLATILITY
2016-01-22,285.65,285.74,267.7,274.26,5800000.0,280.622,293.257,22.876366694701474,0.01722663476436238,BEARISH,RSI_LOW,HIGH_VOLATILITY
2016-01-25,275.32,276.33,268.61,273.16,3420000.0,280.118,291.6845,23.870118473014543,0.016924662123524482,BEARISH,RSI_LOW,LOW_VOLATILITY
2016-01-27,273.16,274.99,267.92,273.43,5540000.0,277.822,289.965,24.938492507269117,0.01658571560199804,BEARISH,RSI_LOW,LOW_VOLATILITY
2016-01-28,270.22,271.64,264.76,267.56,6950000.0,274.48,288.0505,21.827914353687532,0.016953761643016173,BEARISH,RSI_LOW,LOW_VOLATILITY
2016-01-29,265.72,272.97,259.2,266.18,7240000.0,270.918,285.732,19.108027750247743,0.015590008450886622,BEARISH,RSI_LOW,LOW_VOLATILITY
2016-02-01,268.29,273.62,267.37,272.33,4340000.0,270.532,283.7165,29.17590539541756,0.016991145711527236,BEARISH,RSI_LOW,HIGH_VOLATILITY
2016-02-02,272.33,279.13,271.51,277.47,4720000.0,271.394,282.58700000000005,38.77361985920715,0.01596805009728618,BEARISH,RSI_NORMAL,LOW_VOLATILITY
2016-02-03,276.1,277.11,271.92,275.27,5140000.0,271.762,281.50149999999996,41.91029235082095,0.015926650768249253,BEARISH,RSI_NORMAL,LOW_VOLATILITY
2016-02-04,278.94,280.78,276.92,279.36,3350000.0,274.122,280.6775,46.16812024494342,0.016456030974440275,BEARISH,RSI_NORMAL,LOW_VOLATILITY
2016-02-05,277.38,283.26,277.34,282.06,2600000.0,277.298,279.9815,50.932594644506,0.01667716204871677,BULLISH,RSI_NORMAL,LOW_VOLATILITY
2016-02-08,283.12,287.85,280.6,285.55,2700000.0,279.942,279.3915,59.44136215802562,0.016933798641426308,BULLISH,RSI_NORMAL,LOW_VOLATILITY
2016-02-09,283.72,288.26,281.88,286.7,3090000.0,281.788,278.983,52.02534510070147,0.016911515804106964,BULLISH,RSI_NORMAL,LOW_VOLATILITY
2016-02-10,285.55,289.18,283.26,285.83,9990000.0,283.9,278.79499999999996,51.75596578117965,0.01646243132604189,BULLISH,RSI_NORMAL,LOW_VOLATILITY
2016-02-11,280.04,289.69,279.54,283.44,6400000.0,284.716,278.79949999999997,49.40898345153663,0.015827975030687325,BULLISH,RSI_NORMAL,LOW_VOLATILITY
2016-02-12,286.93,303.0,282.34,297.99,3970000.0,287.902,279.52450000000005,73.10613437195717,0.019536633277540776,BULLISH,RSI_HIGH,HIGH_VOLATILITY
2016-02-15,301.67,302.91,290.56,292.81,5510000.0,289.354,280.1125,67.72505863250943,0.019898620968598475,BULLISH,RSI_NORMAL,HIGH_VOLATILITY
2016-02-16,295.98,298.32,288.08,289.5,2860000.0,289.914,280.8035,63.74208996066356,0.01953120264819176,BULLISH,RSI_NORMAL,HIGH_VOLATILITY
2016-02-17,287.85,295.29,283.35,293.4,3900000.0,291.428,281.228,72.8672566371681,0.018344024170658092,BULLISH,RSI_HIGH,HIGH_VOLATILITY
2016-02-18,296.57,296.66,290.19,294.92,2520000.0,293.724,281.7605,75.37076271186437,0.018336645066890228,BULLISH,RSI_HIGH,HIGH_VOLATILITY
2016-02-19,294.28,301.12,290.83,299.37,5850000.0,294.0,282.5295,74.6086639970877,0.018549986680274293,BULLISH,RSI_HIGH,HIGH_VOLATILITY
2016-02-22,297.95,307.5,295.65,302.17,3390000.0,295.872,283.925,73.47908745247145,0.016402748674404975,BULLISH,RSI_HIGH,LOW_VOLATILITY
2016-02-23,305.75,305.75,292.07,295.01,5340000.0,296.97400000000005,285.0175,67.14732453092424,0.01752314718526836,BULLISH,RSI_NORMAL,HIGH_VOLATILITY
2016-02-24,292.12,298.91,291.66,297.44,2480000.0,297.782,286.218,66.17173524150266,0.017532555322265254,BULLISH,RSI_NORMAL,HIGH_VOLATILITY
2016-02-25,298.36,298.82,291.98,296.16,9380000.0,298.03,287.648,62.94052863436125,0.016596762728158687,BULLISH,RSI_NORMAL,LOW_VOLATILITY
2016-02-26,298.27,298.27,291.06,291.94,6930000.0,296.544,288.936,55.78699510958158,0.01701518052837583,BULLISH,RSI_NORMAL,HIGH_VOLATILITY
2016-02-29,291.06,295.98,287.44,289.69,3920000.0,294.048,289.804,52.65494583555319,0.01665844740297338,BEARISH,RSI_NORMAL,LOW_VOLATILITY
2016-03-01,289.73,295.93,284.87,294.46,4740000.0,293.938,290.6535,57.16658362398272,0.016547709376606684,BULLISH,RSI_NORMAL,LOW_VOLATILITY
2016-03-02,295.65,300.93,294.74,299.65,3230000.0,294.38,291.8725,62.86303761307726,0.016637290415170012,BULLISH,RSI_NORMAL,LOW_VOLATILITY
2016-03-03,301.53,307.54,297.49,306.12,3200000.0,296.372,293.2105,57.400327689787,0.016926079055307346,BULLISH,RSI_NORMAL,LOW_VOLATILITY
2016-03-04,304.84,309.1,300.34,302.31,2130000.0,298.446,294.223,58.86855862584017,0.017303898489865632,BULLISH,RSI_NORMAL,HIGH_VOLATILITY
2016-03-08,302.54,306.67,300.01,304.38,2350000.0,301.38399999999996,295.1645,64.22018348623851,0.017200469718045917,BULLISH,RSI_NORMAL,HIGH_VOLATILITY
2016-03-09,302.13,308.37,301.44,307.22,3370000.0,303.93600000000004,296.19050000000004,63.480296527506844,0.017252470061587786,BULLISH,RSI_NORMAL,HIGH_VOLATILITY
2016-03-10,304.88,310.99,303.92,308.78,1800000.0,305.762,297.338,63.50877192982451,0.017183452540061123,BULLISH,RSI_NORMAL,HIGH_VOLATILITY
2016-03-11,307.59,311.08,306.67,309.66,2960000.0,306.47,298.649,60.77938403519799,0.016939840951263427,BULLISH,RSI_NORMAL,LOW_VOLATILITY
2016-03-14,307.73,314.02,304.65,312.87,2580000.0,308.582,299.393,61.113419194017425,0.013007905207255201,BULLISH,RSI_NORMAL,LOW_VOLATILITY
2016-03-15,312.18,316.31,308.51,314.84,2270000.0,310.67400000000004,300.4945,73.08498253783468,0.012150380849941573,BULLISH,RSI_HIGH,LOW_VOLATILITY
2016-03-16,313.33,316.59,307.96,310.8,4280000.0,311.39,301.5595,64.9910233393178,0.012254053840180627,BULLISH,RSI_NORMAL,LOW_VOLATILITY
2016-03-17,313.37,322.92,310.39,312.87,7020000.0,312.20799999999997,302.533,68.42337375964718,0.012059169898382271,BULLISH,RSI_NORMAL,LOW_VOLATILITY
2016-03-18,317.51,319.76,312.23,316.13,3880000.0,313.502,303.5935,77.2471277314711,0.012158959267321433,BULLISH,RSI_HIGH,LOW_VOLATILITY
2016-03-21,316.77,325.95,315.12,324.71,2760000.0,315.87,304.8605,84.5228706624606,0.013028528105078119,BULLISH,RSI_HIGH,LOW_VOLATILITY
2016-03-22,325.86,327.51,316.45,322.19,4340000.0,317.34,305.8615,78.6053228801321,0.013229372980745314,BULLISH,RSI_HIGH,LOW_VOLATILITY
2016-03-23,323.2,331.83,323.2,328.89,5020000.0,320.95799999999997,307.55550000000005,79.25170068027217,0.012148321630108485,BULLISH,RSI_HIGH,LOW_VOLATILITY
2016-03-28,329.53,331.46,318.47,321.18,4550000.0,322.62,308.74249999999995,64.70128855915662,0.01373687991769333,BULLISH,RSI_NORMAL,LOW_VOLATILITY
2016-03-29,318.61,328.48,317.74,325.49,4000000.0,324.492,310.209,72.40912606341847,0.013748998625800653,BULLISH,RSI_HIGH,LOW_VOLATILITY
2016-03-30,325.95,329.86,322.37,324.85,4150000.000000001,324.52,311.8545,70.35195863988874,0.013111837201239948,BULLISH,RSI_HIGH,LOW_VOLATILITY
2016-03-31,324.58,327.47,318.19,322.1,7780000.0,324.502,313.475,64.82071713147415,0.01315288130746205,BULLISH,RSI_NORMAL,LOW_VOLATILITY
2016-04-01,321.55,321.55,305.02,308.0,4430000.0,320.324,314.152,49.37838699394327,0.01686027317187721,BEARISH,RSI_NORMAL,LOW_VOLATILITY
2016-04-04,308.09,322.19,308.09,319.99,3370000.0,320.086,315.169,56.99390656736629,0.01846975847242018,BULLISH,RSI_NORMAL,HIGH_VOLATILITY
2016-04-05,318.15,318.15,302.13,303.46,5190000.0,315.68,315.036,44.602500860387735,0.021668848805563037,BEARISH,RSI_NORMAL,HIGH_VOLATILITY
2016-04-06,306.17,311.77,304.42,307.13,2980000.0,312.136,315.277,45.662203218183876,0.021634315153957313,BEARISH,RSI_NORMAL,HIGH_VOLATILITY
2016-04-07,308.6,308.78,302.31,304.15,2370000.0,308.546,315.2655,46.21341532855026,0.0217159049201548,BEARISH,RSI_NORMAL,HIGH_VOLATILITY
2016-04-08,304.79,309.79,298.96,307.22,2280000.0,308.39,315.2655,46.81905190856887,0.021733479380534017,BEARISH,RSI_NORMAL,HIGH_VOLATILITY
2016-04-11,313.51,321.36,313.1,319.76,4440000.0,308.34399999999994,315.8145,51.85034152309103,0.0235469813353526,BULLISH,RSI_NORMAL,HIGH_VOLATILITY
2016-04-12,319.71,323.66,315.99,321.45,3030000.0,311.94199999999995,316.404,48.21271929824562,0.023557825934634406,BULLISH,RSI_NORMAL,HIGH_VOLATILITY
2016-04-13,322.33,334.68,321.0,322.51,6490000.0,315.018,316.886,50.17829284599955,0.0234807452314233,BULLISH,RSI_NORMAL,HIGH_VOLATILITY
2016-04-18,326.0,333.3,323.38,329.99,2780000.0,320.18600000000004,317.6435,50.60760053026957,0.023950971690161856,BULLISH,RSI_NORMAL,HIGH_VOLATILITY
2016-04-20,334.22,334.54,325.13,327.47,3190000.0,324.236,318.477,53.68569084729873,0.02380219426794619,BULLISH,RSI_NORMAL,HIGH_VOLATILITY
2016-04-21,328.57,329.63,322.28,328.02,2180000.0,325.88800000000003,319.23449999999997,51.5508152507049,0.02378668752592427,BULLISH,RSI_NORMAL,HIGH_VOLATILITY
2016-04-22,322.28,328.66,321.13,324.21,1430000.0,326.44,319.63849999999996,49.62237432145383,0.023917222799369014,BULLISH,RSI_NORMAL,HIGH_VOLATILITY
2016-04-25,325.31,334.22,325.31,329.58,3370000.0,327.854,319.88199999999995,54.281135531135504,0.02343329142059248,BULLISH,RSI_NORMAL,HIGH_VOLATILITY
2016-04-26,328.2,334.03,326.32,330.91,2560000.0,328.038,320.31800000000004,65.35728649953077,0.02334929128444706,BULLISH,RSI_NORMAL,HIGH_VOLATILITY
2016-04-27,335.14,350.19,332.52,342.53,8460000.0,331.05,321.0,65.18458636486119,0.02417398546175833,BULLISH,RSI_NORMAL,HIGH_VOLATILITY
2016-04-28,352.08,353.5,340.19,342.21,9830000.0,333.88800000000003,322.05150000000003,83.39941389415618,0.023424140045778703,BULLISH,RSI_HIGH,HIGH_VOLATILITY
2016-04-29,341.42,342.11,331.0,333.85,5310000.0,335.816,322.4695,71.30781499202556,0.02409465217686791,BULLISH,RSI_HIGH,HIGH_VOLATILITY
2016-05-02,333.3,334.68,327.24,328.52,1710000.0,335.604,322.653,68.73174481168334,0.024403410935602807,BULLISH,RSI_NORMAL,HIGH_VOLATILITY
2016-05-03,328.71,340.19,328.71,338.21,4270000.0,337.06399999999996,323.4585,71.61992465466722,0.025107201266871517,BULLISH,RSI_HIGH,HIGH_VOLATILITY
2016-05-04,336.01,339.04,329.9,331.88,1850000.0,334.934,324.65250000000003,59.25756186984419,0.023217684027695827,BULLISH,RSI_NORMAL,HIGH_VOLATILITY
2016-05-05,332.84,336.05,322.88,325.4,2330000.0,331.572,324.923,52.81138790035586,0.02224788621524498,BULLISH,RSI_NORMAL,HIGH_VOLATILITY
2016-05-06,327.79,334.63,325.4,329.72,3140000.0,330.746,326.236,54.90409468099581,0.018583760148206566,BULLISH,RSI_NORMAL,HIGH_VOLATILITY
2016-05-09,330.77,337.8,328.89,336.79,2030000.0,332.4,327.719,54.65116279069769,0.018904359716096716,BULLISH,RSI_NORMAL,HIGH_VOLATILITY
2016-05-10,337.43,339.08,330.87,338.67,2880000.0,332.492,329.44500000000005,57.72840187689759,0.018594104244894834,BULLISH,RSI_NORMAL,HIGH_VOLATILITY
2016-05-11,334.68,346.57,327.79,329.53,5220000.0,332.022,330.5605,50.93152375077111,0.019919043250938916,BEARISH,RSI_NORMAL,HIGH_VOLATILITY
2016-05-12,333.3,333.8,326.6,332.47,3160000.0,333.43600000000004,331.196,55.15091045148418,0.01797248325743463,BULLISH,RSI_NORMAL,HIGH_VOLATILITY
2016-05-13,332.38,332.38,324.12,325.86,3930000.0,332.66400000000004,331.4165,47.71554900515846,0.018607809650448084,BEARISH,RSI_NORMAL,HIGH_VOLATILITY
2016-05-16,325.95,327.01,314.8,324.53,2940000.0,330.212,331.5175,46.08204372390073,0.0186297754153525,BEARISH,RSI_NORMAL,HIGH_VOLATILITY
2016-05-17,326.87,329.63,320.08,322.46,2700000.0,326.96999999999997,331.14099999999996,36.03728955057747,0.017890797033228795,BEARISH,RSI_NORMAL,HIGH_VOLATILITY
2016-05-18,321.36,323.75,318.84,322.51,2380000.0,325.566,330.893,36.24301675977658,0.01782342752640241,BEARISH,RSI_NORMAL,HIGH_VOLATILITY
2016-05-19,322.51,323.93,315.3,316.59,2690000.0,322.39,330.3215,37.52168883747833,0.018245877621715575,BEARISH,RSI_NORMAL,HIGH_VOLATILITY
2016-05-20,317.6,318.15,311.54,313.97,4120000.0,320.012,329.8095,39.05191873589171,0.018164638392825738,BEARISH,RSI_NORMAL,HIGH_VOLATILITY
2016-05-23,318.33,320.21,313.56,317.55,1810000.0,318.61600000000004,329.20799999999997,32.88034471329142,0.017930461708576664,BEARISH,RSI_NORMAL,HIGH_VOLATILITY
2016-05-24,317.6,318.56,313.83,316.91,2250000.0,317.50600000000003,328.50800000000004,36.30375114364141,0.017879476286601085,BEARISH,RSI_NORMAL,HIGH_VOLATILITY
2016-05-25,318.7,323.66,318.61,322.88,2120000.0,317.58000000000004,327.5255,47.67270040635392,0.016410877399919883,BEARISH,RSI_NORMAL,LOW_VOLATILITY
2016-05-26,323.2,326.87,319.3,323.98,5180000.0,319.058,326.614,44.363707776904945,0.016465770667098863,BEARISH,RSI_NORMAL,LOW_VOLATILITY
2016-05-27,324.07,328.34,320.95,322.51,3020000.0,320.766,326.047,34.24536628420124,0.015659093488743774,BEARISH,RSI_NORMAL,LOW_VOLATILITY
2016-05-30,324.21,327.97,323.43,326.78,2790000.0,322.61199999999997,325.96,37.53929993712008,0.015611627560505348,BULLISH,RSI_NORMAL,LOW_VOLATILITY
2016-05-31,327.7,327.79,318.75,322.65,23830000.0,323.76000000000005,325.18199999999996,41.94379391100704,0.014177584439978092,BEARISH,RSI_NORMAL,LOW_VOLATILITY
2016-06-01,324.62,334.54,323.47,333.53,3020000.0,325.89,325.2645,51.04660347551338,0.015736361833399104,BULLISH,RSI_NORMAL,LOW_VOLATILITY
2016-06-02,331.78,337.89,330.36,336.24,2560000.0,328.342,325.8065,61.10397946084723,0.015098593725174385,BULLISH,RSI_NORMAL,LOW_VOLATILITY
2016-06-03,335.14,335.78,326.27,328.85,3610000.0,329.61,325.76300000000003,54.09090909090914,0.015726744385645967,BULLISH,RSI_NORMAL,LOW_VOLATILITY
2016-06-06,327.79,329.67,318.79,320.21,5170000.0,328.296,324.93399999999997,48.105103587670534,0.01591844190164992,BEARISH,RSI_NORMAL,LOW_VOLATILITY
2016-06-07,320.21,323.29,318.88,320.58,4380000.0,327.88199999999995,324.0295,48.383313787904164,0.015832148256806244,BEARISH,RSI_NORMAL,LOW_VOLATILITY
2016-06-08,326.5,328.94,322.83,323.8,2610000.0,325.93600000000004,323.743,56.3256711703808,0.014974791682382575,BULLISH,RSI_NORMAL,LOW_VOLATILITY
2016-06-09,326.41,327.24,321.18,322.51,1520000.0,323.19,323.245,57.67157743442324,0.01481234518864956,BEARISH,RSI_NORMAL,LOW_VOLATILITY
2016-06-10,321.09,324.62,319.16,322.37,2140000.0,321.894,323.0705,54.61509000382994,0.014160303845379914,BEARISH,RSI_NORMAL,LOW_VOLATILITY
2016-06-13,319.8,321.82,313.6,314.38,2140000.0,320.72799999999995,322.563,47.876447876447855,0.015161640468218336,BEARISH,RSI_NORMAL,LOW_VOLATILITY
2016-06-14,315.12,316.31,309.75,314.61,3300000.0,319.534,322.1705,42.318409808656924,0.015124009488358991,BEARISH,RSI_NORMAL,LOW_VOLATILITY
2016-06-15,319.53,323.98,318.61,323.11,3200000.0,319.396,322.20050000000003,49.28956393924547,0.016383804136110857,BULLISH,RSI_NORMAL,LOW_VOLATILITY
2016-06-16,322.79,323.15,313.33,318.15,2570000.0,318.524,322.2785,46.63164400494437,0.01621740528470994,BEARISH,RSI_NORMAL,LOW_VOLATILITY
2016-06-17,319.53,329.53,316.27,327.79,5490000.0,319.608,322.9695,50.72050221144246,0.01738678601981523,BULLISH,RSI_NORMAL,HIGH_VOLATILITY
2016-06-20,326.87,336.05,324.85,334.68,3150000.0,323.668,323.826,58.256691832532596,0.017780332883545837,BULLISH,RSI_NORMAL,HIGH_VOLATILITY
2016-06-21,332.61,334.86,330.68,332.56,1590000.0,327.258,324.6085,49.24325167732878,0.017867655630410026,BULLISH,RSI_NORMAL,HIGH_VOLATILITY
2016-06-22,334.17,336.97,331.32,333.34,2360000.0,329.304,325.1315,47.66731016731014,0.01745281501451409,BULLISH,RSI_NORMAL,HIGH_VOLATILITY
2016-06-23,334.86,335.82,332.38,334.95,1380000.0,332.664,325.68,55.40971975877966,0.017462868098905526,BULLISH,RSI_NORMAL,HIGH_VOLATILITY
2016-06-24,327.79,330.54,320.17,326.73,2400000.0,332.452,325.89099999999996,55.82558970693355,0.018393633850507258,BULLISH,RSI_NORMAL,HIGH_VOLATILITY
2016-06-27,325.04,328.66,321.13,322.42,2650000.0,330.0,325.673,51.53589315525879,0.0184031187520182,BEARISH,RSI_NORMAL,HIGH_VOLATILITY
2016-06-28,323.52,329.17,323.02,327.88,3480000.0,329.06399999999996,325.9345,53.28290955906017,0.018564770431253756,BULLISH,RSI_NORMAL,HIGH_VOLATILITY
2016-06-29,329.17,330.82,325.26,327.06,2420000.0,327.808,325.611,53.688989784336,0.01689288934754204,BULLISH,RSI_NORMAL,LOW_VOLATILITY
2016-06-30,328.71,339.73,326.37,336.79,4000000.0,328.17600000000004,325.63849999999996,60.117878192534384,0.018142941941759652,BULLISH,RSI_NORMAL,HIGH_VOLATILITY
2016-07-01,335.87,342.34,332.98,338.21,2850000.0,330.47200000000004,326.1065,68.41861184108825,0.017384394472098955,BULLISH,RSI_NORMAL,HIGH_VOLATILITY
2016-07-04,340.23,345.14,338.72,342.8,1820000.0,334.548,327.236,70.41274438812454,0.016276106901892164,BULLISH,RSI_HIGH,LOW_VOLATILITY
2016-07-05,343.4,343.4,333.85,335.96,1530000.0,336.16400000000004,328.005,59.534055497848314,0.01710229452065764,BULLISH,RSI_NORMAL,HIGH_VOLATILITY
2016-07-07,335.14,340.92,332.98,333.62,2560000.0,337.476,328.496,61.94225721784779,0.017129464237579637,BULLISH,RSI_NORMAL,HIGH_VOLATILITY
2016-07-08,331.23,332.61,324.12,326.0,1710000.0,335.318,328.6705,48.573705179282854,0.017954034728388326,BEARISH,RSI_NORMAL,HIGH_VOLATILITY
2016-07-11,335.96,335.96,328.75,330.41,2390000.0,333.75800000000004,329.0725,46.457607433217206,0.01817801792309405,BULLISH,RSI_NORMAL,HIGH_VOLATILITY
2016-07-12,332.75,334.68,330.54,333.57,1310000.0,331.912,330.03200000000004,50.82368292285107,0.017169601312577887,BULLISH,RSI_NORMAL,HIGH_VOLATILITY
2016-07-13,335.96,336.01,329.72,333.94,1580000.0,331.508,330.99850000000004,50.49261083743844,0.017167059684659917,BULLISH,RSI_NORMAL,HIGH_VOLATILITY
2016-07-14,333.85,337.61,332.24,336.93,1080000.0,332.16999999999996,331.6895,51.58959537572255,0.01629702742231382,BULLISH,RSI_NORMAL,LOW_VOLATILITY
2016-07-15,335.5,348.86,335.5,347.9,2760000.0,336.55,333.177,66.27710287559586,0.017080295794011605,BULLISH,RSI_NORMAL,HIGH_VOLATILITY
2016-07-18,348.63,348.91,331.51,332.98,3530000.0,337.06399999999996,333.4365,56.98043363299842,0.019018250913584094,BEARISH,RSI_NORMAL,HIGH_VOLATILITY
2016-07-19,329.67,338.07,328.34,334.49,3490000.0,337.248,333.427,54.61012693541639,0.018451838377712144,BULLISH,RSI_NORMAL,HIGH_VOLATILITY
2016-07-20,334.4,336.93,331.78,333.67,2790000.0,337.194,333.48249999999996,54.61012693541639,0.01840055190611414,BULLISH,RSI_NORMAL,HIGH_VOLATILITY
2016-07-21,335.96,339.45,332.84,337.75,2160000.0,337.358,333.70300000000003,50.7268322228952,0.018589284917111065,BULLISH,RSI_NORMAL,HIGH_VOLATILITY
2016-07-22,337.89,339.54,334.31,337.29,2510000.0,335.236,333.82000000000005,49.29317762753538,0.018570581144368544,BULLISH,RSI_NORMAL,HIGH_VOLATILITY
2016-07-25,334.22,342.3,333.39,341.52,1820000.0,336.944,334.5595,49.011124845488226,0.017771498861331923,BULLISH,RSI_NORMAL,HIGH_VOLATILITY
2016-07-26,339.73,342.43,336.83,339.59,1830000.0,337.964,335.418,53.03460959705735,0.01750200911328227,BULLISH,RSI_NORMAL,HIGH_VOLATILITY
2016-07-27,340.37,346.38,338.26,342.07,2550000.0,339.64399999999995,336.1275,57.04753961634697,0.017221256402409776,BULLISH,RSI_NORMAL,HIGH_VOLATILITY
2016-07-28,350.56,350.56,333.85,341.47,8070000.0,340.38800000000003,336.848,64.61364065747222,0.017211190469077785,BULLISH,RSI_NORMAL,HIGH_VOLATILITY
2016-07-29,341.47,341.47,330.96,332.43,4100000.0,339.416,336.63,51.75469075747045,0.017082802118505977,BEARISH,RSI_NORMAL,HIGH_VOLATILITY
2016-08-01,333.71,336.97,332.47,334.22,1740000.0,337.956,336.43050000000005,50.57839473215878,0.017101806909493103,BEARISH,RSI_NORMAL,HIGH_VOLATILITY
2016-08-02,332.29,334.95,326.55,328.52,3490000.0,335.742,335.7165,45.594928478543544,0.017151017864493474,BEARISH,RSI_NORMAL,HIGH_VOLATILITY
2016-08-03,329.76,330.91,324.35,329.49,2450000.0,333.226,335.39300000000003,43.74789915966386,0.01664528979041697,BEARISH,RSI_NORMAL,LOW_VOLATILITY
2016-08-04,330.36,338.58,324.16,336.28,3240000.0,332.188,335.526,39.49746926970352,0.017242339388042493,BULLISH,RSI_NORMAL,HIGH_VOLATILITY
2016-08-05,337.16,341.1,330.13,334.22,4180000.0,332.546,335.937,51.460197833254846,0.01643568905597017,BEARISH,RSI_NORMAL,LOW_VOLATILITY
2016-08-08,333.3,335.04,320.72,322.79,5270000.0,330.26000000000005,335.55600000000004,38.83161512027491,0.017971419737396375,BEARISH,RSI_NORMAL,HIGH_VOLATILITY
2016-08-09,324.03,326.0,316.54,320.86,5630000.0,328.728,334.9205,38.02579921480649,0.01782552874718911,BEARISH,RSI_NORMAL,HIGH_VOLATILITY
2016-08-10,322.28,324.48,316.77,318.1,1670000.0,326.45,334.12850000000003,31.167337550316276,0.01787464539825575,BEARISH,RSI_NORMAL,HIGH_VOLATILITY
2016-08-11,317.92,318.38,314.02,318.01,2710000.0,322.796,333.1825,31.38996138996137,0.017687637338772693,BEARISH,RSI_NORMAL,HIGH_VOLATILITY
2016-08-12,316.08,320.44,315.95,319.34,2570000.0,319.82000000000005,331.7545,27.321063394683037,0.015738165384946556,BEARISH,RSI_LOW,LOW_VOLATILITY
2016-08-16,319.99,322.6,311.91,314.43,4080000.0,318.14799999999997,330.827,25.75173477255207,0.013167045429505099,BEARISH,RSI_LOW,LOW_VOLATILITY
2016-08-17,315.39,320.9,315.39,317.37,3510000.0,317.45,329.971,26.404279709591137,0.013350570885175815,BEARISH,RSI_LOW,LOW_VOLATILITY
2016-08-18,319.89,324.94,318.47,324.25,2050000.0,318.68,329.5,35.31218014329579,0.014407282399823593,BEARISH,RSI_NORMAL,LOW_VOLATILITY
2016-08-19,325.04,325.95,318.88,322.65,1860000.0,319.608,328.745,40.44548651817114,0.014064186110845827,BEARISH,RSI_NORMAL,LOW_VOLATILITY
2016-08-22,322.28,324.12,317.78,321.55,965460.0,320.05,327.95799999999997,37.45296098237272,0.014065294613310119,BEARISH,RSI_NORMAL,LOW_VOLATILITY
2016-08-23,319.53,326.32,316.5,324.81,2500000.0,322.12600000000003,327.1225,46.1394380853278,0.013941647728454585,BEARISH,RSI_NORMAL,LOW_VOLATILITY
2016-08-24,325.04,329.03,321.36,323.75,1780000.0,323.402,326.33050000000003,44.03822185292893,0.013922662082018604,BEARISH,RSI_NORMAL,LOW_VOLATILITY
2016-08-25,322.51,325.04,315.95,317.69,3520000.0,322.09000000000003,325.1115,30.394431554524346,0.014191966604438392,BEARISH,RSI_NORMAL,LOW_VOLATILITY
2016-08-26,319.07,319.62,313.6,315.81,1230000.0,320.72200000000004,323.8285,30.510268896887524,0.014194095392105067,BEARISH,RSI_NORMAL,LOW_VOLATILITY
2016-08-29,315.39,319.3,307.82,314.57,2780000.0,319.32599999999996,322.9355,38.90388768898484,0.013156078338926411,BEARISH,RSI_NORMAL,LOW_VOLATILITY
2016-08-30,314.71,315.95,301.85,304.7,4400000.0,315.304,321.4595,32.03646064917737,0.014472874940684232,BEARISH,RSI_NORMAL,LOW_VOLATILITY
2016-08-31,305.06,309.33,301.94,304.51,6970000.0,311.456,320.259,33.97783541617538,0.014186996107175222,BEARISH,RSI_NORMAL,LOW_VOLATILITY
2016-09-01,303.0,305.16,276.83,285.42,38570000.0,305.002,318.0555,23.465233675297156,0.019256596342743418,BEARISH,RSI_LOW,HIGH_VOLATILITY
2016-09-02,282.94,294.69,281.42,292.81,16700000.0,300.402,315.88199999999995,30.339410108196233,0.019686380747872174,BEARISH,RSI_NORMAL,HIGH_VOLATILITY
2016-09-06,292.81,296.39,287.07,295.19,7700000.0,296.526,313.9305,35.186325839236204,0.01996465964605044,BEARISH,RSI_NORMAL,HIGH_VOLATILITY
2016-09-07,292.44,296.02,290.24,293.96,3720000.0,294.378,312.489,31.488217618219167,0.018828914233679106,BEARISH,RSI_NORMAL,HIGH_VOLATILITY
2016-09-08,293.96,300.43,292.9,297.86,3750000.0,293.048,311.339,28.099585062240664,0.019236473440348584,BEARISH,RSI_LOW,HIGH_VOLATILITY
2016-09-09,297.03,300.01,292.3,295.75,3220000.0,295.114,310.2215,27.86372613561555,0.01921840511635476,BEARISH,RSI_LOW,HIGH_VOLATILITY
2016-09-12,291.89,295.61,288.4,292.03,3430000.0,294.95799999999997,308.9225,26.711896497317753,0.019307983046301536,BEARISH,RSI_LOW,HIGH_VOLATILITY
2016-09-14,291.15,296.8,291.15,293.68,2180000.0,294.656,307.6395,24.801683665209694,0.01934376423186807,BEARISH,RSI_LOW,HIGH_VOLATILITY
2016-09-15,292.95,298.41,290.97,296.3,2260000.0,295.124,306.733,28.327806726669863,0.019354570898706236,BEARISH,RSI_LOW,HIGH_VOLATILITY
2016-09-16,295.75,299.79,294.83,297.12,3520000.0,294.976,305.7205,32.29471509726291,0.019192667943347067,BEARISH,RSI_NORMAL,HIGH_VOLATILITY
2016-09-19,296.57,298.41,294.78,297.63,1670000.0,295.352,304.3895,33.97390691114248,0.018335523065853378,BEARISH,RSI_NORMAL,HIGH_VOLATILITY
2016-09-20,297.49,297.49,291.71,293.08,2980000.0,295.562,302.911,32.10061635848744,0.018505368057668208,BEARISH,RSI_NORMAL,HIGH_VOLATILITY
2016-09-21,294.18,296.57,292.72,295.52,1810000.0,295.92999999999995,301.6095,41.27376425855514,0.018730702667510184,BEARISH,RSI_NORMAL,HIGH_VOLATILITY
2016-09-22,297.12,301.12,296.25,300.24,1610000.0,296.71799999999996,300.381,46.2629091545598,0.019006517560712092,BEARISH,RSI_NORMAL,HIGH_VOLATILITY
2016-09-23,299.33,303.0,297.49,300.2,2330000.0,297.33399999999995,299.20349999999996,69.40651260504191,0.019023612405297995,BULLISH,RSI_NORMAL,HIGH_VOLATILITY
2016-09-26,299.33,301.81,292.99,294.14,2350000.0,296.63599999999997,298.026,51.80952380952378,0.019087783486003766,BEARISH,RSI_NORMAL,HIGH_VOLATILITY
2016-09-27,295.56,295.56,288.35,289.04,2440000.0,295.82800000000003,296.6875,42.209272865467504,0.019328004238891864,BEARISH,RSI_NORMAL,HIGH_VOLATILITY
2016-09-28,287.9,296.98,285.65,295.42,3200000.0,295.808,295.73,51.63603765127749,0.02020450687906148,BEARISH,RSI_NORMAL,HIGH_VOLATILITY
2016-09-29,296.11,297.21,288.4,289.87,6810000.0,293.73400000000004,294.98850000000004,41.36589582883079,0.019454051003266006,BEARISH,RSI_NORMAL,HIGH_VOLATILITY
2016-09-30,289.92,290.6,282.89,288.31,6240000.0,291.356,294.1785,41.86351706036748,0.019461458127034148,BEARISH,RSI_NORMAL,HIGH_VOLATILITY
2016-10-03,288.31,293.82,288.31,292.62,1640000.0,291.052,294.5385,50.637011444612426,0.013733377208812193,BEARISH,RSI_NORMAL,LOW_VOLATILITY
2016-10-04,291.52,298.27,290.24,297.49,2850000.0,292.742,294.7725,53.84615384615384,0.012999077587023256,BULLISH,RSI_NORMAL,LOW_VOLATILITY
2016-10-05,295.65,299.46,294.37,295.38,1410000.0,292.734,294.78200000000004,49.061607507139925,0.012997550605386817,BULLISH,RSI_NORMAL,LOW_VOLATILITY
2016-10-06,298.36,298.64,292.99,295.93,1710000.0,293.946,294.8805,48.779487179487184,0.012962946942261319,BULLISH,RSI_NORMAL,LOW_VOLATILITY
2016-10-07,296.2,297.9,291.25,293.31,1450000.0,294.946,294.653,45.753047581596554,0.012750507689370263,BEARISH,RSI_NORMAL,LOW_VOLATILITY
2016-10-10,292.07,293.73,289.23,290.05,2640000.0,294.43199999999996,294.36800000000005,46.94371595723223,0.012887964475325052,BEARISH,RSI_NORMAL,LOW_VOLATILITY
2016-10-13,287.34,288.22,280.5,281.65,3380000.0,291.264,293.849,37.511255177381614,0.01413039586807316,BEARISH,RSI_NORMAL,LOW_VOLATILITY
2016-10-14,282.71,282.71,277.66,280.41,5330000.0,288.27000000000004,293.1855,30.951008645533165,0.014033162903678327,BEARISH,RSI_NORMAL,LOW_VOLATILITY
2016-10-17,280.41,280.83,272.01,276.65,3710000.0,284.414,292.20300000000003,28.88649811726735,0.013988716627461428,BEARISH,RSI_LOW,LOW_VOLATILITY
2016-10-18,277.29,282.8,272.75,281.56,5010000.0,282.064,291.425,38.484071768582965,0.014714730469055942,BEARISH,RSI_NORMAL,LOW_VOLATILITY
2016-10-19,281.56,284.13,279.13,281.84,4980000.0,280.42199999999997,290.6355,42.771084337349365,0.01470450936345154,BEARISH,RSI_NORMAL,LOW_VOLATILITY
2016-10-20,281.97,285.09,280.04,283.81,5190000.0,280.854,290.172,37.21083939193657,0.014537168112124865,BEARISH,RSI_NORMAL,LOW_VOLATILITY
2016-10-21,285.92,285.92,280.6,284.41,2320000.0,281.654,289.6165,43.24925816023743,0.014381615638033005,BEARISH,RSI_NORMAL,LOW_VOLATILITY
2016-10-24,281.28,282.8,278.81,281.56,2140000.0,282.636,288.6825,41.9122933141625,0.013854375123814936,BEARISH,RSI_NORMAL,LOW_VOLATILITY
2016-10-25,278.67,286.84,277.01,286.29,3950000.0,283.582,287.98699999999997,42.49110320284702,0.01454628515097183,BEARISH,RSI_NORMAL,LOW_VOLATILITY
2016-10-26,289.23,296.48,289.04,291.71,6420000.0,285.556,287.8655,43.231850117096,0.01463988419434194,BULLISH,RSI_NORMAL,LOW_VOLATILITY
2016-10-27,288.81,299.0,287.94,296.66,5510000.0,288.12600000000003,288.24649999999997,51.40535792709709,0.01454959721487874,BULLISH,RSI_NORMAL,LOW_VOLATILITY
2016-10-28,296.53,296.53,292.21,292.76,1540000.0,289.796,288.1135,46.758028226631204,0.01403849278862146,BULLISH,RSI_NORMAL,LOW_VOLATILITY
2016-10-30,292.9,295.19,292.03,292.62,213020.0,292.008,288.251,49.256625727213965,0.01335379719664582,BULLISH,RSI_NORMAL,LOW_VOLATILITY
2016-11-01,291.98,294.46,290.37,291.48,2350000.0,293.046,288.40950000000004,51.614359900654776,0.013323115935365216,BULLISH,RSI_NORMAL,LOW_VOLATILITY
2016-11-02,289.69,289.78,283.4,284.27,2180000.0,291.558,287.992,53.039443155452425,0.014015685243573805,BEARISH,RSI_NORMAL,LOW_VOLATILITY
2016-11-03,283.72,289.55,280.32,283.67,2930000.0,288.96,287.301,53.83890720678283,0.013360378669489434,BEARISH,RSI_NORMAL,LOW_VOLATILITY
2016-11-04,284.41,285.14,279.17,281.61,2330000.0,286.73,286.6125,56.08439646712467,0.013363634273425623,BEARISH,RSI_NORMAL,LOW_VOLATILITY
2016-11-07,286.38,286.38,278.85,280.6,1810000.0,284.326,285.846,48.69777536625071,0.013329836762979672,BEARISH,RSI_NORMAL,LOW_VOLATILITY
2016-11-08,281.51,281.65,276.37,279.95,1500000.0,282.02000000000004,285.178,47.46172441579374,0.013247585424830411,BEARISH,RSI_NORMAL,LOW_VOLATILITY
2016-11-09,264.44,280.04,259.89,276.37,5570000.0,280.44,284.494,40.422245108135975,0.013311687507582477,BEARISH,RSI_NORMAL,LOW_VOLATILITY
2016-11-10,280.04,288.4,278.44,283.4,3130000.0,280.386,284.5815,48.884470952065335,0.013139932415974252,BEARISH,RSI_NORMAL,LOW_VOLATILITY
2016-11-11,279.13,282.75,273.94,276.74,1850000.0,279.41200000000003,284.398,45.089649551752245,0.014160920460173648,BEARISH,RSI_NORMAL,LOW_VOLATILITY
2016-11-15,278.21,279.95,269.94,277.89,3060000.0,278.87,284.46,40.76923076923072,0.013863875984403445,BEARISH,RSI_NORMAL,LOW_VOLATILITY
2016-11-16,280.09,285.88,278.48,284.31,2700000.0,279.742,284.59749999999997,42.0430107526882,0.014264176486947285,BEARISH,RSI_NORMAL,LOW_VOLATILITY
2016-11-17,285.92,289.78,271.0,272.84,4160000.0,279.036,284.1475,27.53677857412292,0.016944473015201012,BEARISH,RSI_LOW,LOW_VOLATILITY
2016-11-18,273.98,279.54,271.09,278.9,3570000.0,278.13599999999997,283.902,37.44110184849581,0.017671344065667918,BEARISH,RSI_NORMAL,HIGH_VOLATILITY
2016-11-21,279.49,280.55,273.11,274.99,1790000.0,277.78599999999994,283.431,35.04664970313824,0.01790174144375279,BEARISH,RSI_NORMAL,HIGH_VOLATILITY
2016-11-22,276.37,280.46,270.86,279.08,3270000.0,278.024,283.307,39.98384491114697,0.018144098076059465,BEARISH,RSI_NORMAL,HIGH_VOLATILITY
2016-11-23,280.46,283.03,274.67,275.96,1930000.0,276.354,282.7905,42.812662169174864,0.01783347935300201,BEARISH,RSI_NORMAL,HIGH_VOLATILITY
2016-11-24,276.37,279.77,273.98,277.66,4710000.0,277.318,282.088,44.8989984722458,0.0172763723990499,BEARISH,RSI_NORMAL,HIGH_VOLATILITY
2016-11-25,278.12,280.96,274.21,276.37,2060000.0,276.812,281.0735,45.49363605091159,0.01667153116850786,BEARISH,RSI_NORMAL,LOW_VOLATILITY
2016-11-28,276.37,294.92,276.37,292.72,4800000.0,280.358,281.0715,58.24714207947741,0.02156835868259159,BULLISH,RSI_NORMAL,HIGH_VOLATILITY
2016-11-29,294.55,299.33,290.88,298.27,4430000.0,284.196,281.354,61.686654758867064,0.02196985439221837,BULLISH,RSI_NORMAL,HIGH_VOLATILITY
2016-11-30,298.41,300.06,297.31,298.04,4900000.0,288.612,281.68199999999996,64.44089031054247,0.021942924097752944,BULLISH,RSI_NORMAL,HIGH_VOLATILITY
2016-12-01,297.49,298.22,287.9,292.16,6990000.0,291.512,282.0765,55.92853275582029,0.021656459122868097,BULLISH,RSI_NORMAL,HIGH_VOLATILITY
2016-12-02,289.23,295.01,288.58,292.53,1800000.0,294.744,282.5195,61.680722000295894,0.021639242216540778,BULLISH,RSI_NORMAL,HIGH_VOLATILITY
2016-12-05,291.52,301.76,291.52,300.01,2440000.0,296.20199999999994,283.4395,64.96212121212122,0.02215799172001558,BULLISH,RSI_NORMAL,HIGH_VOLATILITY
2016-12-06,300.15,304.79,298.18,301.94,3080000.0,296.936,284.5065,62.69624081809017,0.022104902608629132,BULLISH,RSI_NORMAL,HIGH_VOLATILITY
2016-12-07,302.72,307.54,298.5,301.3,2850000.0,297.588,285.574,74.283276450512,0.02210203192697768,BULLISH,RSI_HIGH,HIGH_VOLATILITY
2016-12-08,303.73,306.67,301.53,305.25,2020000.0,300.206,287.018,73.32271198442209,0.02182910999912531,BULLISH,RSI_HIGH,HIGH_VOLATILITY
2016-12-09,306.81,309.84,302.17,304.84,2600000.0,302.668,288.09000000000003,78.16569163993205,0.021338700173311263,BULLISH,RSI_HIGH,HIGH_VOLATILITY
2016-12-12,302.54,303.0,299.83,302.22,760860.0,303.11,289.364,72.45729813664605,0.02057931883835321,BULLISH,RSI_HIGH,HIGH_VOLATILITY
2016-12-13,299.33,303.87,299.33,303.0,1040000.0,303.322,290.61949999999996,77.49084993899967,0.0205841718637629,BULLISH,RSI_HIGH,HIGH_VOLATILITY
2016-12-14,301.25,302.77,295.19,296.2,1450000.0,302.30199999999996,291.21400000000006,67.07811348563007,0.020938088449451508,BULLISH,RSI_NORMAL,HIGH_VOLATILITY
2016-12-15,294.55,295.98,291.52,292.39,3020000.0,299.72999999999996,292.1915,64.10211267605636,0.018786537329273757,BULLISH,RSI_NORMAL,HIGH_VOLATILITY
2016-12-16,292.9,293.45,283.21,284.87,4320000.0,295.736,292.48999999999995,41.81780279341249,0.019340556198792082,BEARISH,RSI_NORMAL,HIGH_VOLATILITY
2016-12-19,285.0,286.01,279.22,280.5,4050000.0,291.392,292.7655,31.010899764906995,0.01939756124384401,BEARISH,RSI_NORMAL,HIGH_VOLATILITY
2016-12-20,280.96,281.65,274.63,277.8,3530000.0,286.352,292.7015,29.455948030856618,0.01925960666273895,BEARISH,RSI_LOW,HIGH_VOLATILITY
2016-12-21,279.22,281.28,275.45,277.01,2600000.0,282.514,292.754,32.85035091691185,0.01909572871524596,BEARISH,RSI_NORMAL,HIGH_VOLATILITY
2016-12-22,274.99,276.33,266.5,268.34,3100000.0,277.704,292.288,26.948732609109953,0.020296177093768956,BEARISH,RSI_LOW,HIGH_VOLATILITY
2016-12-23,271.23,272.84,267.33,271.37,2010000.0,275.004,292.038,20.17909204498126,0.020478740594281387,BEARISH,RSI_LOW,HIGH_VOLATILITY
2016-12-26,270.4,272.7,265.08,271.87,2670000.0,273.278,290.9955,17.72912642197896,0.014912687163528756,BEARISH,RSI_LOW,LOW_VOLATILITY
2016-12-27,271.78,276.19,267.33,275.09,2500000.0,272.736,289.8365,23.347569656294425,0.014423409044580922,BEARISH,RSI_LOW,LOW_VOLATILITY
2016-12-28,274.54,278.3,272.52,274.99,2850000.0,272.332,288.684,16.615180935569242,0.014428405732978425,BEARISH,RSI_LOW,LOW_VOLATILITY
2016-12-29,276.74,279.54,273.16,278.21,3490000.0,274.306,287.9865,22.33534178267186,0.014327310872762017,BEARISH,RSI_LOW,LOW_VOLATILITY
2016-12-30,276.65,281.97,275.55,280.64,1920000.0,276.15999999999997,287.392,27.49269920734244,0.014522380990305419,BEARISH,RSI_LOW,LOW_VOLATILITY
2017-01-02,278.3,286.47,278.3,285.55,1610000.0,278.896,286.669,33.243710389859814,0.013811251447509923,BEARISH,RSI_NORMAL,LOW_VOLATILITY
2017-01-03,286.43,288.26,275.45,279.54,3230000.0,279.786,285.549,33.75585023400937,0.014248797133600517,BEARISH,RSI_NORMAL,LOW_VOLATILITY
2017-01-04,277.66,289.41,274.67,288.22,5670000.0,282.432,284.895,46.28673196794304,0.016239892304330393,BULLISH,RSI_NORMAL,LOW_VOLATILITY
2017-01-05,287.53,296.57,284.68,294.83,4190000.000000001,285.756,284.37399999999997,59.01520637219406,0.0168605767574933,BULLISH,RSI_NORMAL,LOW_VOLATILITY
2017-01-06,293.04,303.0,292.26,293.59,2610000.0,288.346,283.81149999999997,62.55996929572058,0.01687043068213852,BULLISH,RSI_NORMAL,LOW_VOLATILITY
2017-01-09,294.37,295.1,290.33,291.94,2590000.0,289.62399999999997,283.2975,63.84645515080298,0.016819883572749873,BULLISH,RSI_NORMAL,LOW_VOLATILITY
2017-01-10,292.9,294.74,291.11,293.91,1040000.0,292.498,282.843,66.17534456355288,0.016899943650160894,BULLISH,RSI_NORMAL,LOW_VOLATILITY
2017-01-11,294.83,298.09,292.72,296.34,2560000.0,294.12199999999996,282.85,80.43478260869573,0.016269482120671003,BULLISH,RSI_HIGH,LOW_VOLATILITY
2017-01-12,296.98,298.73,293.82,295.47,1650000.0,294.25,283.004,77.4863138686133,0.016000808882824298,BULLISH,RSI_HIGH,LOW_VOLATILITY
2017-01-13,296.02,298.41,290.14,294.0,2570000.0,294.332,283.4605,74.69314885070305,0.014831436888054985,BULLISH,RSI_HIGH,LOW_VOLATILITY
2017-01-16,293.82,296.94,291.34,292.53,1840000.0,294.45,284.062,70.25081281932192,0.01438013749920992,BULLISH,RSI_HIGH,LOW_VOLATILITY
2017-01-17,292.81,293.63,291.15,292.44,2010000.0,294.156,284.794,70.26713124274103,0.014125521200144738,BULLISH,RSI_HIGH,LOW_VOLATILITY
2017-01-18,291.98,292.72,285.78,288.22,3600000.0,292.53200000000004,285.35450000000003,61.36208853575491,0.014593242148180929,BULLISH,RSI_NORMAL,LOW_VOLATILITY
2017-01-19,288.31,296.2,285.55,291.15,2480000.0,291.668,286.495,61.79573512906849,0.01237787833054714,BULLISH,RSI_NORMAL,LOW_VOLATILITY
2017-01-20,288.35,300.7,288.35,294.32,3720000.0,291.732,287.6425,60.24293389395003,0.012365957274405747,BULLISH,RSI_NORMAL,LOW_VOLATILITY
2017-01-23,294.74,295.65,289.59,293.5,1950000.0,291.92600000000004,288.724,68.55396065922388,0.012454210279650433,BULLISH,RSI_NORMAL,LOW_VOLATILITY
2017-01-24,291.98,292.9,288.91,290.6,2350000.0,291.558,289.4995,53.737437185929664,0.01267115835341201,BULLISH,RSI_NORMAL,LOW_VOLATILITY
2017-01-25,280.04,288.95,280.04,285.88,14660000.0,291.09000000000003,290.044,35.05843071786306,0.01335999786105578,BEARISH,RSI_NORMAL,LOW_VOLATILITY
2017-01-27,284.91,301.16,284.91,297.26,3480000.0,292.312,290.9965,54.57720129708161,0.01570339224487661,BULLISH,RSI_NORMAL,LOW_VOLATILITY
2017-01-30,296.66,339.68,295.75,317.37,22810000.0,296.92199999999997,292.83299999999997,71.71648163962429,0.021284595524643877,BULLISH,RSI_HIGH,HIGH_VOLATILITY
2017-01-31,320.49,324.12,314.98,319.71,11520000.0,302.164,294.54100000000005,71.8940936863544,0.021126095892498142,BULLISH,RSI_HIGH,HIGH_VOLATILITY
2017-02-01,317.69,321.27,312.32,316.86,4030000.000000001,307.416,296.40700000000004,67.29019211324578,0.020476618435275595,BULLISH,RSI_NORMAL,HIGH_VOLATILITY
2017-02-02,316.77,330.36,316.08,324.39,6840000.0,315.118,298.2155,71.9090909090909,0.020077349653642614,BULLISH,RSI_HIGH,HIGH_VOLATILITY
2017-02-03,324.39,332.38,323.38,324.85,2610000.0,320.63599999999997,299.7165,73.73442068010469,0.019701645145210393,BULLISH,RSI_HIGH,HIGH_VOLATILITY
2017-02-06,325.04,327.74,323.8,326.18,1480000.0,322.398,301.346,75.9444872783347,0.019583719118926857,BULLISH,RSI_HIGH,HIGH_VOLATILITY
2017-02-07,325.22,329.44,322.1,324.25,3990000.0,323.306,302.9615,73.84915279652125,0.019592665953501513,BULLISH,RSI_HIGH,HIGH_VOLATILITY
2017-02-08,325.95,326.73,318.52,323.38,4800000.0,324.61,304.435,77.75497316071994,0.019672843118813232,BULLISH,RSI_HIGH,HIGH_VOLATILITY
2017-02-09,323.24,327.79,322.1,326.18,2010000.0,324.968,305.927,77.70922322417343,0.019676486162043712,BULLISH,RSI_HIGH,HIGH_VOLATILITY
2017-02-10,327.79,330.91,326.0,328.29,2160000.0,325.65600000000006,307.56800000000004,77.32904263877718,0.019589354225317376,BULLISH,RSI_HIGH,HIGH_VOLATILITY
2017-02-13,324.53,330.54,324.44,328.75,3600000.0,326.17,309.30550000000005,78.524033015051,0.0194620990807732,BULLISH,RSI_HIGH,HIGH_VOLATILITY
2017-02-14,328.25,339.63,325.95,338.76,4650000.0,329.072,311.61699999999996,84.94920174165456,0.02003477230084824,BULLISH,RSI_HIGH,HIGH_VOLATILITY
2017-02-15,339.63,342.02,330.64,335.41,3900000.0,331.47799999999995,313.76550000000003,86.67258996001783,0.02034468022096074,BULLISH,RSI_HIGH,HIGH_VOLATILITY
2017-02-16,331.74,338.72,330.82,335.78,3980000.0,333.398,316.1435,84.07643312101916,0.01976905646091977,BULLISH,RSI_HIGH,HIGH_VOLATILITY
2017-02-17,336.97,341.75,332.66,339.27,2500000.0,335.59399999999994,318.54949999999997,77.44360902255646,0.01977052911202751,BULLISH,RSI_HIGH,HIGH_VOLATILITY
2017-02-20,339.86,347.99,339.86,344.64,3800000.0,338.772,321.06550000000004,79.03563941299798,0.019841113756289035,BULLISH,RSI_HIGH,HIGH_VOLATILITY
2017-02-21,341.65,346.98,330.09,333.16,6900000.0,337.652,323.0485,65.80682699767266,0.021800204426944438,BULLISH,RSI_NORMAL,HIGH_VOLATILITY
2017-02-22,333.21,342.02,329.72,331.46,7390000.0,336.86199999999997,325.0915,57.73015525912968,0.021635896831338854,BULLISH,RSI_NORMAL,HIGH_VOLATILITY
2017-02-23,340.64,368.19,333.94,336.28,38770000.0,336.962,327.6115,61.40946296665998,0.020994550887947706,BULLISH,RSI_NORMAL,HIGH_VOLATILITY
2017-02-27,336.97,337.38,323.7,326.6,9890000.0,334.428,329.07849999999996,50.35934291581111,0.021188187885889068,BEARISH,RSI_NORMAL,HIGH_VOLATILITY
2017-02-28,327.79,342.57,327.24,335.27,13240000.0,332.554,329.97349999999994,58.45351334765266,0.016187134272614225,BULLISH,RSI_NORMAL,LOW_VOLATILITY
2017-03-01,338.39,338.67,331.88,333.07,3760000.0,332.53599999999994,330.6415,57.28461885430763,0.016282812071855713,BULLISH,RSI_NORMAL,LOW_VOLATILITY
2017-03-02,334.22,336.05,323.38,327.65,4570000.0,331.774,331.181,51.06321423405177,0.016626096377926673,BEARISH,RSI_NORMAL,LOW_VOLATILITY
2017-03-03,327.65,331.92,324.39,327.01,3950000.0,329.92,331.312,49.054093999408785,0.015813164428298804,BEARISH,RSI_NORMAL,LOW_VOLATILITY
2017-03-06,330.54,334.22,327.97,331.92,3240000.0,330.98400000000004,331.6655,52.19803078629873,0.016142589336621008,BULLISH,RSI_NORMAL,LOW_VOLATILITY
2017-03-07,331.46,332.79,327.19,331.55,3110000.0,330.24,331.934,44.229230030414605,0.016135475640293728,BEARISH,RSI_NORMAL,LOW_VOLATILITY
2017-03-08,330.73,334.31,329.17,331.19,2970000.0,329.86400000000003,332.281,46.45258910558167,0.016063409716784775,BEARISH,RSI_NORMAL,LOW_VOLATILITY
2017-03-09,330.41,332.29,327.47,330.73,1280000.0,330.48,332.6485,45.761289239550145,0.016049619700405308,BEARISH,RSI_NORMAL,LOW_VOLATILITY
2017-03-10,331.32,336.51,330.5,335.04,2280000.0,332.086,333.0915,46.49776453055145,0.01618512840183724,BULLISH,RSI_NORMAL,LOW_VOLATILITY
2017-03-14,336.05,339.54,329.26,331.55,5810000.0,332.01200000000006,333.2545,38.81387796957786,0.01634997446083171,BEARISH,RSI_NORMAL,LOW_VOLATILITY
2017-03-15,330.54,336.19,327.06,333.48,7250000.0,332.398,333.491,50.3267973856209,0.01639088984096104,BEARISH,RSI_NORMAL,LOW_VOLATILITY
2017-03-16,334.22,335.69,329.72,331.14,2620000.0,332.38800000000003,333.11,49.67741935483872,0.014902521216110486,BEARISH,RSI_NORMAL,LOW_VOLATILITY
2017-03-17,331.6,333.3,315.85,318.47,6260000.0,329.93600000000004,332.263,34.499564838990466,0.01699386691858938,BEARISH,RSI_NORMAL,HIGH_VOLATILITY
2017-03-20,317.69,323.47,311.49,320.81,4650000.0,327.09000000000003,331.5145,44.22271003791656,0.01711947487146708,BEARISH,RSI_NORMAL,HIGH_VOLATILITY
2017-03-21,320.44,323.02,316.82,321.27,2460000.0,325.034,330.6145,33.29355608591885,0.016889992497970952,BEARISH,RSI_NORMAL,LOW_VOLATILITY
2017-03-22,318.61,319.99,299.14,310.53,8790000.0,320.444,328.909,27.65662172878666,0.017638445004682906,BEARISH,RSI_LOW,HIGH_VOLATILITY
2017-03-23,311.08,313.74,308.09,310.8,4670000.0,316.376,327.791,31.397659527489566,0.016365962480505026,BEARISH,RSI_NORMAL,LOW_VOLATILITY
2017-03-24,313.47,319.25,310.53,312.64,5210000.0,315.2099999999999,326.85,34.54506345450635,0.016488595212811687,BEARISH,RSI_NORMAL,LOW_VOLATILITY
2017-03-27,312.18,313.88,307.73,310.99,3150000.0,313.246,325.5855,25.792273883876902,0.015979983642483896,BEARISH,RSI_LOW,LOW_VOLATILITY
2017-03-28,313.01,315.39,310.9,312.87,2270000.0,311.566,324.899,29.123826553419732,0.014977824332221506,BEARISH,RSI_LOW,LOW_VOLATILITY
2017-03-29,314.48,318.06,313.28,316.63,9640000.0,312.78599999999994,323.967,34.87744079767343,0.013826626327307913,BEARISH,RSI_NORMAL,LOW_VOLATILITY
2017-03-30,316.63,323.57,314.2,322.46,4270000.0,315.118,323.43649999999997,42.27247243505882,0.014573178148154443,BEARISH,RSI_NORMAL,LOW_VOLATILITY
2017-03-31,321.36,323.47,316.77,321.41,5680000.0,316.87199999999996,323.1245,36.437810945273604,0.014164343315349198,BEARISH,RSI_NORMAL,LOW_VOLATILITY
2017-04-03,317.69,317.69,308.74,313.83,7200000.0,317.43999999999994,322.4655,33.6952521163047,0.01504996540275545,BEARISH,RSI_NORMAL,LOW_VOLATILITY
2017-04-05,314.89,318.84,311.35,316.31,4610000.0,318.128,321.685,34.35962834760427,0.014708251683743966,BEARISH,RSI_NORMAL,LOW_VOLATILITY
2017-04-06,314.94,314.94,309.98,313.83,2370000.0,317.568,320.799,34.27221515536978,0.014756497344143532,BEARISH,RSI_NORMAL,LOW_VOLATILITY
2017-04-07,315.9,321.78,313.79,316.5,6230000.0,316.37600000000003,320.0645,47.81256939817896,0.0149640681519749,BEARISH,RSI_NORMAL,LOW_VOLATILITY
2017-04-10,319.8,319.89,314.06,317.41,1500000.0,315.576,319.39849999999996,46.100917431192684,0.015005922894457742,BEARISH,RSI_NORMAL,LOW_VOLATILITY
2017-04-11,314.94,326.64,314.8,321.55,2280000.0,317.12,318.724,50.29610829103218,0.015006516102107882,BULLISH,RSI_NORMAL,LOW_VOLATILITY
2017-04-12,318.61,324.94,317.09,322.1,2480000.0,318.27799999999996,318.2515,65.59719600970618,0.014890722440440407,BULLISH,RSI_NORMAL,LOW_VOLATILITY
2017-04-13,321.36,324.58,311.49,312.41,6430000.0,317.994,317.198,51.73081057837025,0.016097648240918583,BEARISH,RSI_NORMAL,LOW_VOLATILITY
2017-04-17,314.75,315.21,310.71,313.37,2050000.0,317.36800000000005,316.30949999999996,50.79991233837389,0.01612760599396299,BEARISH,RSI_NORMAL,LOW_VOLATILITY
2017-04-18,312.18,315.26,308.78,311.08,6060000.0,316.10200000000003,315.94,50.09725524097684,0.013852922017000736,BEARISH,RSI_NORMAL,LOW_VOLATILITY
2017-04-19,311.63,313.79,305.52,312.13,2730000.0,314.21799999999996,315.506,49.185739436619706,0.013753838642456053,BEARISH,RSI_NORMAL,LOW_VOLATILITY
2017-04-20,314.02,315.67,310.39,314.71,2060000.0,312.74,315.178,47.83099864437414,0.013908747303303645,BEARISH,RSI_NORMAL,LOW_VOLATILITY
2017-04-21,314.02,317.69,312.46,314.75,1470000.0,313.20799999999997,315.389,39.979204574993545,0.011618332285518097,BEARISH,RSI_NORMAL,LOW_VOLATILITY
2017-04-24,315.85,318.1,310.94,316.45,1460000.0,313.824,315.6715,43.66053169734148,0.011665088459606806,BULLISH,RSI_NORMAL,LOW_VOLATILITY
2017-04-25,314.94,330.36,313.47,324.99,4660000.0,316.606,316.289,63.92215568862275,0.01300960678892286,BULLISH,RSI_NORMAL,LOW_VOLATILITY
2017-04-26,324.99,330.54,323.2,328.29,3210000.0,319.838,317.154,64.64547677261614,0.01301165131397851,BULLISH,RSI_NORMAL,LOW_VOLATILITY
2017-04-27,325.26,332.33,324.81,328.62,4890000.0,322.62,317.9415,69.08387096774193,0.012994108963502565,BULLISH,RSI_NORMAL,LOW_VOLATILITY
2017-04-28,326.23,328.62,321.82,326.41,2930000.0,324.952,318.43050000000005,62.94071559153829,0.012950337305778178,BULLISH,RSI_NORMAL,LOW_VOLATILITY
2017-05-02,326.41,326.83,318.33,319.16,2390000.0,325.494,318.26550000000003,51.96056464261707,0.01335445448890128,BULLISH,RSI_NORMAL,LOW_VOLATILITY
2017-05-03,319.62,321.36,315.72,318.01,2570000.0,324.098,318.0955,45.74927953890488,0.013358545523389043,BEARISH,RSI_NORMAL,LOW_VOLATILITY
2017-05-04,318.33,322.65,315.58,317.69,1320000.0,321.978,318.2885,44.67519922723977,0.012204530613466963,BEARISH,RSI_NORMAL,LOW_VOLATILITY
2017-05-05,318.1,320.44,315.07,316.54,1680000.0,319.562,318.3,56.28232430787952,0.01211742153687872,BEARISH,RSI_NORMAL,LOW_VOLATILITY
2017-05-08,316.54,326.18,316.13,322.56,2900000.0,318.79200000000003,318.73650000000004,62.11442130239915,0.01266624354468019,BULLISH,RSI_NORMAL,LOW_VOLATILITY
2017-05-09,321.36,322.28,315.49,317.0,3070000.0,318.36,318.7615,57.18446601941749,0.013207772569192113,BEARISH,RSI_NORMAL,LOW_VOLATILITY
2017-05-10,308.97,349.28,308.97,342.25,26590000.0,323.20799999999997,320.00350000000003,73.02752293577983,0.02216109430267995,BULLISH,RSI_HIGH,HIGH_VOLATILITY
2017-05-11,339.73,340.51,332.79,336.05,7910000.0,326.88,320.72850000000005,65.45928716314114,0.022583177617042725,BULLISH,RSI_NORMAL,HIGH_VOLATILITY
2017-05-12,332.61,340.0,331.92,335.23,4000000.0,330.61800000000005,321.385,64.67048710601722,0.02260931952925546,BULLISH,RSI_NORMAL,HIGH_VOLATILITY
2017-05-15,336.05,339.68,331.83,334.35,4060000.0,332.976,322.482,62.97477529718762,0.02134162370622341,BULLISH,RSI_NORMAL,HIGH_VOLATILITY
2017-05-16,335.96,346.75,335.55,343.72,6380000.0,338.32000000000005,323.9995,63.414983526715396,0.022026972821692192,BULLISH,RSI_NORMAL,HIGH_VOLATILITY
2017-05-17,340.83,349.73,340.83,345.19,5740000.0,338.908,325.70500000000004,62.430126507796416,0.021841816576867703,BULLISH,RSI_NORMAL,HIGH_VOLATILITY
2017-05-18,343.12,350.38,338.44,340.41,3620000.0,339.78000000000003,327.119,58.138892724009416,0.022262762367357015,BULLISH,RSI_NORMAL,HIGH_VOLATILITY
2017-05-19,342.48,348.45,338.03,342.25,5920000.0,341.184,328.496,60.990840965861786,0.02224697994974579,BULLISH,RSI_NORMAL,HIGH_VOLATILITY
2017-05-22,343.4,347.62,341.01,342.07,2980000.0,342.728,329.86199999999997,67.6257885828589,0.022254107366978432,BULLISH,RSI_NORMAL,HIGH_VOLATILITY
2017-05-23,341.61,345.46,340.64,341.47,6330000.0,342.278,331.113,68.20297951582876,0.022294615638378864,BULLISH,RSI_NORMAL,HIGH_VOLATILITY
2017-05-24,337.89,342.48,335.73,338.21,7560000.0,340.88199999999995,331.774,65.22707034728407,0.021806934222845183,BULLISH,RSI_NORMAL,HIGH_VOLATILITY
2017-05-25,336.97,345.56,331.23,340.37,15440000.0,340.874,332.37800000000004,67.4221377394356,0.02175093386232846,BULLISH,RSI_NORMAL,HIGH_VOLATILITY
2017-05-26,338.81,349.32,338.35,343.03,3110000.0,341.03,333.09849999999994,65.73888974319544,0.021787390361578268,BULLISH,RSI_NORMAL,HIGH_VOLATILITY
2017-05-29,344.04,347.9,337.8,342.57,2170000.0,341.13,333.9065,71.33322209244122,0.021702244394879347,BULLISH,RSI_HIGH,HIGH_VOLATILITY
2017-05-30,344.13,345.97,339.13,340.37,2130000.0,340.90999999999997,334.967,47.45119305856833,0.021027522118019726,BULLISH,RSI_NORMAL,HIGH_VOLATILITY
2017-05-31,343.4,346.06,337.94,341.15,16770000.0,341.498,336.12399999999997,58.10553083280354,0.02096504796693478,BULLISH,RSI_NORMAL,HIGH_VOLATILITY
2017-06-01,339.73,342.85,335.92,336.88,2420000.0,340.8,337.0835,52.363219707820086,0.021257545181379327,BEARISH,RSI_NORMAL,HIGH_VOLATILITY
2017-06-02,340.46,350.15,339.54,342.71,5640000.0,340.736,338.392,60.486703462117404,0.02142145579105732,BULLISH,RSI_NORMAL,HIGH_VOLATILITY
2017-06-05,342.66,346.89,340.97,341.93,2540000.0,340.608,339.3605,47.137831787655855,0.02117343282073133,BULLISH,RSI_NORMAL,HIGH_VOLATILITY
2017-06-06,339.73,342.02,336.97,338.81,3600000.0,340.296,340.45099999999996,40.30984204131223,0.02083785857890672,BEARISH,RSI_NORMAL,HIGH_VOLATILITY
2017-06-07,342.89,344.55,340.64,342.3,4230000.0,340.526,340.45349999999996,52.98766993360733,0.01090851719935441,BULLISH,RSI_NORMAL,LOW_VOLATILITY
2017-06-08,342.43,343.67,336.7,337.61,3790000.0,340.67199999999997,340.5315,43.27146171693735,0.010560464939004916,BEARISH,RSI_NORMAL,LOW_VOLATILITY
2017-06-09,337.66,340.74,336.28,337.71,3150000.0,339.672,340.6555,43.66279069767437,0.010541018972348942,BEARISH,RSI_NORMAL,LOW_VOLATILITY
2017-06-12,336.88,341.38,333.8,335.32,2420000.0,338.35,340.704,41.50317767339037,0.010655121973253663,BEARISH,RSI_NORMAL,LOW_VOLATILITY
2017-06-13,334.22,338.35,332.47,333.48,1230000.0,337.284,340.192,43.19815933275814,0.008457284821786632,BEARISH,RSI_NORMAL,LOW_VOLATILITY
2017-06-14,333.76,338.39,331.97,335.59,2300000.0,335.942,339.712,43.11635944700451,0.008542704543553091,BEARISH,RSI_NORMAL,LOW_VOLATILITY
2017-06-15,335.59,340.19,334.63,335.41,2770000.0,335.502,339.462,38.18238213399501,0.008022499632774654,BEARISH,RSI_NORMAL,LOW_VOLATILITY
2017-06-16,336.05,337.43,331.1,335.0,4870000.0,334.96,339.0995,38.241689965827824,0.00789247568366576,BEARISH,RSI_NORMAL,LOW_VOLATILITY
2017-06-19,334.22,338.58,333.53,337.43,1850000.0,335.382,338.8675,45.465761875385546,0.0081079375164319,BEARISH,RSI_NORMAL,LOW_VOLATILITY
2017-06-20,338.58,340.51,335.82,336.6,2510000.0,336.00600000000003,338.624,42.99353249153067,0.008114521819868959,BEARISH,RSI_NORMAL,LOW_VOLATILITY
2017-06-21,336.42,338.07,334.68,337.25,2890000.0,336.338,338.576,50.6412478336222,0.007856695673626027,BEARISH,RSI_NORMAL,LOW_VOLATILITY
2017-06-22,337.66,338.76,332.84,336.24,6880000.0,336.504,338.3695,36.537661256762334,0.007727221167296924,BEARISH,RSI_NORMAL,LOW_VOLATILITY
2017-06-23,335.96,338.39,333.53,336.24,5580000.0,336.75200000000007,338.03000000000003,37.76344086021497,0.007473693035740263,BEARISH,RSI_NORMAL,LOW_VOLATILITY
2017-06-27,335.14,345.14,335.14,341.06,4150000.000000001,337.478,337.9545,54.50901803607218,0.008217974601986432,BULLISH,RSI_NORMAL,LOW_VOLATILITY
2017-06-28,344.23,350.42,337.43,346.34,4130000.0,339.426,338.253,57.5542258788332,0.008783583069910575,BULLISH,RSI_NORMAL,LOW_VOLATILITY
2017-06-29,346.84,354.74,346.8,351.16,4610000.0,342.208,338.75350000000003,75.21399330107946,0.009252241951830843,BULLISH,RSI_HIGH,LOW_VOLATILITY
2017-06-30,351.16,352.49,342.11,348.63,3560000.0,344.68600000000004,339.341,68.63481228668951,0.008898570327650873,BULLISH,RSI_NORMAL,LOW_VOLATILITY
2017-07-03,350.24,352.72,345.97,350.79,1660000.0,347.596,339.745,76.60818713450303,0.008195584006319846,BULLISH,RSI_HIGH,LOW_VOLATILITY
2017-07-04,352.49,352.49,347.16,348.27,1800000.0,349.038,340.062,74.8571428571428,0.008376541585349308,BULLISH,RSI_HIGH,LOW_VOLATILITY
2017-07-05,346.15,347.53,342.8,345.51,2300000.0,348.872,340.39700000000005,66.31578947368422,0.008304563199963253,BULLISH,RSI_NORMAL,LOW_VOLATILITY
2017-07-06,345.74,351.52,343.35,350.1,2360000.0,348.65999999999997,340.787,71.10025854639464,0.008504615541332503,BULLISH,RSI_HIGH,LOW_VOLATILITY
2017-07-07,352.58,355.84,351.66,354.33,4760000.0,349.8,341.623,75.01941496246435,0.008076475322670638,BULLISH,RSI_HIGH,LOW_VOLATILITY
2017-07-10,356.35,376.59,356.25,372.51,2070000.0,354.144,343.36299999999994,82.25450533284291,0.013556234516682428,BULLISH,RSI_HIGH,LOW_VOLATILITY
2017-07-11,371.08,375.44,361.26,363.09,6060000.0,357.108,344.75149999999996,71.03382563125291,0.014950134020832293,BULLISH,RSI_HIGH,LOW_VOLATILITY
2017-07-12,365.25,369.38,362.18,364.61,2840000.0,360.928,346.308,71.42857142857139,0.014779459218698596,BULLISH,RSI_HIGH,LOW_VOLATILITY
2017-07-13,369.34,371.77,366.08,370.16,2830000.0,364.94,348.03650000000005,74.80257385200346,0.01496760396997868,BULLISH,RSI_HIGH,LOW_VOLATILITY
2017-07-14,371.91,375.17,369.29,373.7,2380000.0,368.814,349.951,76.04282536151274,0.014940657232551367,BULLISH,RSI_HIGH,LOW_VOLATILITY
2017-07-17,375.99,376.45,372.73,375.03,2470000.0,369.31800000000004,351.9525,74.8209849481221,0.014865086340046553,BULLISH,RSI_HIGH,LOW_VOLATILITY
2017-07-18,372.96,394.82,372.96,374.89,3970000.0,371.678,353.82550000000003,72.55490598830775,0.014922556056982969,BULLISH,RSI_HIGH,LOW_VOLATILITY
2017-07-19,376.45,388.21,373.93,386.78,5010000.0,376.11199999999997,356.3345,75.31267765776003,0.015901951724014728,BULLISH,RSI_HIGH,LOW_VOLATILITY
2017-07-20,387.47,389.77,382.05,385.45,3340000.0,379.16999999999996,358.74449999999996,76.61943319838056,0.01603839464922111,BULLISH,RSI_HIGH,LOW_VOLATILITY
2017-07-21,382.88,382.88,369.66,377.65,11920000.0,379.96,360.815,67.95454545454541,0.017026733018855374,BULLISH,RSI_NORMAL,HIGH_VOLATILITY
2017-07-24,373.7,387.93,372.83,385.68,5330000.0,382.09000000000003,363.287,73.29099738513263,0.017296695115544793,BULLISH,RSI_HIGH,HIGH_VOLATILITY
2017-07-25,388.07,396.29,384.4,392.8,7000000.0,385.67199999999997,365.87399999999997,77.92606590291722,0.01741270707039261,BULLISH,RSI_HIGH,HIGH_VOLATILITY
2017-07-26,394.82,394.86,387.24,391.37,5660000.0,386.59000000000003,368.1255,75.31591215801741,0.017460678905317745,BULLISH,RSI_HIGH,HIGH_VOLATILITY
2017-07-27,391.14,391.83,377.78,382.01,15160000.0,385.902,369.668,65.97414589104339,0.018601132442229697,BULLISH,RSI_NORMAL,HIGH_VOLATILITY
2017-07-28,379.25,381.5,374.8,379.48,1900000.0,386.26800000000003,371.21049999999997,54.90914213269476,0.018582503570660238,BULLISH,RSI_NORMAL,HIGH_VOLATILITY
2017-07-31,381.04,386.97,376.45,384.67,2900000.0,386.066,372.9045,66.16237267825048,0.018695270567330415,BULLISH,RSI_NORMAL,HIGH_VOLATILITY
2017-08-01,385.77,388.39,379.9,382.93,2400000.0,384.092,374.6375,63.675724096745306,0.01861492045414623,BULLISH,RSI_NORMAL,HIGH_VOLATILITY
2017-08-02,386.42,388.07,378.98,381.82,2150000.0,382.18199999999996,376.453,59.322033898305065,0.01846574173181957,BULLISH,RSI_NORMAL,HIGH_VOLATILITY
2017-08-03,381.92,390.32,379.44,389.49,2760000.0,383.678,378.4225,61.84190790460478,0.0186844758271885,BULLISH,RSI_NORMAL,HIGH_VOLATILITY
2017-08-04,388.71,388.71,377.92,386.46,2950000.0,385.07399999999996,380.029,58.35892935498025,0.018843885788774887,BULLISH,RSI_NORMAL,HIGH_VOLATILITY
2017-08-07,386.42,388.02,382.38,383.29,1280000.0,384.79799999999994,380.56800000000004,55.882352941176485,0.015461281337771474,BULLISH,RSI_NORMAL,LOW_VOLATILITY
2017-08-08,383.34,390.23,380.22,383.62,1960000.0,384.93600000000004,381.59450000000004,47.359625668449226,0.014120661461400235,BULLISH,RSI_NORMAL,LOW_VOLATILITY
2017-08-09,384.67,384.67,378.29,382.01,1340000.0,384.97400000000005,382.46450000000004,47.13905522288756,0.014203034226837411,BEARISH,RSI_NORMAL,LOW_VOLATILITY
2017-08-10,381.14,386.09,378.57,382.19,1630000.0,383.514,383.066,54.32380952380954,0.013883157417983726,BEARISH,RSI_NORMAL,LOW_VOLATILITY
2017-08-11,378.29,383.8,376.45,380.63,2490000.0,382.348,383.4125,44.514447099717565,0.013811043636169255,BEARISH,RSI_NORMAL,LOW_VOLATILITY
2017-08-14,379.21,380.54,372.0,375.12,2190000.0,380.714,383.41700000000003,30.099054479963982,0.014218563282790028,BEARISH,RSI_NORMAL,LOW_VOLATILITY
2017-08-16,373.7,377.46,370.71,374.39,4100000.0,378.868,383.392,30.580969807868243,0.01422570982287666,BEARISH,RSI_NORMAL,LOW_VOLATILITY
2017-08-17,377.37,385.64,372.73,382.28,3220000.0,378.92199999999997,383.16700000000003,50.31952662721891,0.01313536962346693,BEARISH,RSI_NORMAL,LOW_VOLATILITY
2017-08-18,380.08,387.84,378.98,386.55,3010000.0,379.794,383.22200000000004,58.035917253921326,0.013367660922544298,BULLISH,RSI_NORMAL,LOW_VOLATILITY
2017-08-21,388.8,390.96,383.34,384.85,2040000.0,380.63800000000003,383.582,50.222222222222236,0.012534782370166532,BULLISH,RSI_NORMAL,LOW_VOLATILITY
2017-08-22,388.11,390.23,382.47,387.56,3390000.0,383.126,383.67600000000004,55.58234868579695,0.011701634345277163,BULLISH,RSI_NORMAL,LOW_VOLATILITY
2017-08-23,389.54,398.49,389.49,396.56,4670000.0,387.56000000000006,383.864,64.93111831442464,0.012130942937360273,BULLISH,RSI_NORMAL,LOW_VOLATILITY
2017-08-24,397.57,398.81,392.98,397.53,2720000.0,390.61,384.172,59.423347398030906,0.012096682597771006,BULLISH,RSI_NORMAL,LOW_VOLATILITY
2017-08-28,398.49,402.3,395.0,398.86,2750000.0,393.072,385.0145,65.13671875000006,0.010602764679563406,BULLISH,RSI_NORMAL,LOW_VOLATILITY
2017-08-29,399.87,399.87,392.38,393.07,2060000.0,394.716,385.694,61.22074346030285,0.011084950541634202,BULLISH,RSI_NORMAL,LOW_VOLATILITY
2017-08-30,396.19,396.38,392.52,393.9,2350000.0,395.98400000000004,386.1555,61.66061705989107,0.010729788107991134,BULLISH,RSI_NORMAL,LOW_VOLATILITY
2017-08-31,396.47,396.47,389.45,392.71,7770000.0,395.21400000000006,386.6445,62.25377920293173,0.010692507040869074,BULLISH,RSI_NORMAL,LOW_VOLATILITY
2017-09-01,394.82,395.23,386.74,387.98,1960000.0,393.304,386.9525,56.004978220286276,0.011071102399583596,BULLISH,RSI_NORMAL,LOW_VOLATILITY
2017-09-04,388.39,390.18,379.85,382.33,1380000.0,389.998,386.5945,51.62523900573612,0.010604906356542033,BEARISH,RSI_NORMAL,LOW_VOLATILITY
2017-09-05,380.22,380.95,365.34,373.24,7070000.0,386.03200000000004,385.9335,48.31782390837509,0.011699762320155835,BEARISH,RSI_NORMAL,LOW_VOLATILITY
2017-09-06,368.69,372.37,368.69,369.57,2030000.0,381.166,385.2475,45.90275416524992,0.011753196030927816,BEARISH,RSI_NORMAL,LOW_VOLATILITY
2017-09-07,369.66,374.11,362.73,364.79,2590000.0,375.582,384.306,34.302638664512685,0.01199389041249127,BEARISH,RSI_NORMAL,LOW_VOLATILITY
2017-09-08,365.34,371.72,364.15,370.49,1980000.0,372.08399999999995,383.73,35.946797339866976,0.012642961759790967,BEARISH,RSI_NORMAL,LOW_VOLATILITY
2017-09-11,373.7,374.07,365.89,369.98,1580000.0,369.614,383.1195,36.711349419124204,0.012634901580919643,BEARISH,RSI_NORMAL,LOW_VOLATILITY
2017-09-12,373.7,373.7,365.44,372.05,2540000.0,369.37600000000003,382.6905,35.979027300668946,0.012717709205028124,BEARISH,RSI_NORMAL,LOW_VOLATILITY
2017-09-13,374.07,374.34,367.09,368.79,1840000.0,369.22,382.37399999999997,21.989106314302973,0.012462143251089481,BEARISH,RSI_LOW,LOW_VOLATILITY
2017-09-14,373.24,373.24,364.52,366.26,1640000.0,369.514,381.9675,19.421083512614914,0.012534643482931327,BEARISH,RSI_LOW,LOW_VOLATILITY
2017-09-15,367.27,369.98,361.17,363.6,5240000.0,368.136,381.0335,16.393442622950772,0.011461021199836278,BEARISH,RSI_LOW,LOW_VOLATILITY
2017-09-18,366.35,368.42,362.86,364.2,1290000.0,366.98,379.916,19.462661307383016,0.011056616826107358,BEARISH,RSI_LOW,LOW_VOLATILITY
2017-09-19,366.35,366.35,358.64,362.5,1080000.0,365.07,378.7985,17.38678853344406,0.011058685850570698,BEARISH,RSI_LOW,LOW_VOLATILITY
2017-09-20,340.64,366.26,340.64,364.38,11560000.0,364.188,377.6395,20.991193938152705,0.010978126372311062,BEARISH,RSI_LOW,LOW_VOLATILITY
2017-09-21,359.93,369.48,357.86,367.36,6440000.0,364.408,376.1795,28.101104502973627,0.009501375828159044,BEARISH,RSI_LOW,LOW_VOLATILITY
2017-09-22,365.44,368.14,359.24,363.0,5180000.0,364.288,374.453,28.89277134745575,0.00954721274085643,BEARISH,RSI_LOW,LOW_VOLATILITY
2017-09-25,364.43,364.43,355.7,357.86,2950000.0,363.02,372.403,31.620458891013357,0.009593404195718554,BEARISH,RSI_NORMAL,LOW_VOLATILITY
2017-09-26,355.56,360.29,351.71,355.66,4130000.0,361.652,370.5325,32.77186029229625,0.009352725374888635,BEARISH,RSI_NORMAL,LOW_VOLATILITY
2017-09-27,356.21,358.09,352.86,354.37,2660000.0,359.65000000000003,368.556,35.87310195227761,0.009211761096407893,BEARISH,RSI_NORMAL,LOW_VOLATILITY
2017-09-28,355.79,357.08,346.61,350.79,15870000.0,356.336,366.46,21.662830840046,0.009258226385225393,BEARISH,RSI_LOW,LOW_VOLATILITY
2017-09-29,350.7,359.79,348.13,357.58,5240000.0,355.252,364.94,34.8927875243664,0.01066173043594126,BEARISH,RSI_NORMAL,LOW_VOLATILITY
2017-10-03,359.93,360.75,351.66,353.18,1810000.0,354.31600000000003,363.4825,28.245330873875886,0.010555628430385097,BEARISH,RSI_LOW,LOW_VOLATILITY
2017-10-04,354.42,354.92,345.33,346.29,3080000.0,352.442,362.13500000000005,26.063829787233985,0.010168917133973622,BEARISH,RSI_LOW,LOW_VOLATILITY
2017-10-05,345.92,349.5,342.62,346.8,3310000.0,350.928,360.9965,28.36816362827919,0.01012367348688399,BEARISH,RSI_LOW,LOW_VOLATILITY
2017-10-06,347.26,352.17,347.26,351.02,1050000.0,350.974,360.308,36.48474430597327,0.01039609804264756,BEARISH,RSI_NORMAL,LOW_VOLATILITY
2017-10-09,349.28,350.38,346.66,347.94,1170000.0,349.046,359.18050000000005,33.41493268053853,0.009638937201843563,BEARISH,RSI_NORMAL,LOW_VOLATILITY
2017-10-10,348.4,355.84,344.32,353.13,1470000.0,349.036,358.33799999999997,41.07788992572841,0.010446150056202622,BEARISH,RSI_NORMAL,LOW_VOLATILITY
2017-10-11,354.6,373.15,354.42,370.53,7630000.0,353.884,358.26200000000006,54.520064677348216,0.015514600301306395,BULLISH,RSI_NORMAL,LOW_VOLATILITY
2017-10-12,370.21,371.68,363.32,367.5,3950000.0,358.024,358.19750000000005,50.10282021151585,0.01549794250395068,BULLISH,RSI_NORMAL,LOW_VOLATILITY
2017-10-13,394.82,401.24,386.37,395.64,45110000.0,366.948,359.6665,67.76616590463753,0.02298983997064587,BULLISH,RSI_NORMAL,HIGH_VOLATILITY
2017-10-16,396.84,420.34,396.84,416.21,20760000.0,380.602,362.29699999999997,77.19265541989006,0.025162685034553753,BULLISH,RSI_HIGH,HIGH_VOLATILITY
2017-10-17,418.69,430.95,417.86,427.83,18500000.0,395.542,365.4785,80.91851597977897,0.02554744938327715,BULLISH,RSI_HIGH,HIGH_VOLATILITY
2017-10-18,429.71,430.63,420.07,424.15,8850000.0,406.26599999999996,368.56100000000004,79.29471032745596,0.025668087632936133,BULLISH,RSI_HIGH,HIGH_VOLATILITY
2017-10-19,426.95,438.71,425.58,434.99,2600000.0,419.76399999999995,372.0915,83.3175055397278,0.025945371392369347,BULLISH,RSI_HIGH,HIGH_VOLATILITY
2017-10-23,436.14,460.37,436.14,456.66,29020000.0,431.968,376.5565,85.07504956103091,0.027483544325610204,BULLISH,RSI_HIGH,HIGH_VOLATILITY
2017-10-24,453.26,463.4,453.26,460.97,17320000.0,440.91999999999996,381.45500000000004,88.18278427205104,0.026946376435633093,BULLISH,RSI_HIGH,HIGH_VOLATILITY
2017-10-25,461.75,475.62,453.49,473.55,9900000.0,450.064,387.2395,93.33287932443478,0.026388048303822246,BULLISH,RSI_HIGH,HIGH_VOLATILITY
2017-10-26,469.74,476.86,461.34,469.46,10830000.0,459.12600000000003,392.9295,90.77250365642867,0.026495845320659506,BULLISH,RSI_HIGH,HIGH_VOLATILITY
2017-10-27,469.74,469.83,443.48,445.59,8740000.0,461.246,397.4905,77.8032574822132,0.030043692270038693,BULLISH,RSI_HIGH,HIGH_VOLATILITY
2017-10-30,450.37,456.98,446.28,452.57,7080000.0,460.42800000000005,402.5795,80.07127665689487,0.029597831357836012,BULLISH,RSI_HIGH,HIGH_VOLATILITY
2017-10-31,449.91,462.21,446.88,456.52,12460000.0,459.5379999999999,407.5265,79.92821165981589,0.029577441476557647,BULLISH,RSI_HIGH,HIGH_VOLATILITY
2017-11-01,476.08,500.13,468.27,494.99,35050000.0,463.826,414.617,82.11042311661507,0.03296926972072504,BULLISH,RSI_HIGH,HIGH_VOLATILITY
2017-11-02,500.36,503.67,487.19,498.75,10750000.0,469.684,422.23999999999995,83.7351565311263,0.03190674651598945,BULLISH,RSI_HIGH,HIGH_VOLATILITY
2017-11-03,498.75,518.59,493.34,496.96,17800000.0,479.95799999999997,429.74799999999993,80.12248781067902,0.03207175239079863,BULLISH,RSI_HIGH,HIGH_VOLATILITY
2017-11-06,495.72,500.04,484.02,488.98,8140000.000000001,487.23999999999995,436.6459999999999,73.38517899607945,0.03297919629852547,BULLISH,RSI_HIGH,HIGH_VOLATILITY
2017-11-07,492.05,492.69,470.2,472.27,6920000.0,490.39,442.8625,63.828727906397795,0.034487284224994856,BULLISH,RSI_NORMAL,HIGH_VOLATILITY
2017-11-08,455.42,467.35,443.57,454.77,49410000.0,482.346,447.94449999999995,58.77363896848137,0.0364700589484798,BULLISH,RSI_NORMAL,HIGH_VOLATILITY
2017-11-09,461.16,466.43,454.77,462.99,10780000.0,475.19399999999996,452.5675,58.14521759367,0.0355070946527185,BULLISH,RSI_NORMAL,HIGH_VOLATILITY
2017-11-10,465.52,469.88,455.97,462.26,10290000.0,468.254,457.30550000000005,51.85504173843911,0.035342032082281434,BULLISH,RSI_NORMAL,HIGH_VOLATILITY
2017-11-13,461.84,465.29,456.01,457.25,6950000.0,461.908,460.38599999999997,48.7734107095753,0.03221883939775767,BEARISH,RSI_NORMAL,HIGH_VOLATILITY
2017-11-14,458.86,463.59,454.31,457.39,6330000.0,458.93199999999996,462.445,44.19540229885057,0.03051089542501854,BEARISH,RSI_NORMAL,HIGH_VOLATILITY
2017-11-15,457.25,458.17,443.94,446.92,9510000.0,457.36199999999997,463.3995,42.25855199890096,0.030631618490591907,BEARISH,RSI_NORMAL,HIGH_VOLATILITY
2017-11-16,448.99,454.41,441.78,449.82,10490000.0,454.72799999999995,464.683,51.697295562153926,0.030526234787172396,BEARISH,RSI_NORMAL,HIGH_VOLATILITY
2017-11-17,454.5,464.55,450.87,453.12,11500000.0,452.9,465.58950000000004,50.227404283469774,0.03009838353119997,BEARISH,RSI_NORMAL,HIGH_VOLATILITY
2017-11-20,453.72,456.06,448.99,452.34,5700000.0,451.918,465.3735,48.22520380434783,0.02796149286899827,BEARISH,RSI_NORMAL,HIGH_VOLATILITY
2017-11-21,454.77,467.58,454.04,462.07,9900000.0,452.854,465.4285,31.509773084700072,0.028306624960473217,BEARISH,RSI_NORMAL,HIGH_VOLATILITY
2017-11-22,463.22,465.98,454.91,458.26,3550000.0,455.122,464.66400000000004,27.27068597732122,0.027643626520463007,BEARISH,RSI_LOW,HIGH_VOLATILITY
2017-11-23,461.84,465.52,453.12,455.74,5810000.0,456.30600000000004,463.97799999999995,27.04899777282853,0.027608573899971723,BEARISH,RSI_LOW,HIGH_VOLATILITY
2017-11-24,456.33,460.24,454.5,456.15,3830000.0,456.912,464.506,30.037699136568136,0.025005901668950902,BEARISH,RSI_NORMAL,HIGH_VOLATILITY
2017-11-27,455.32,458.91,450.83,457.25,3440000.0,457.89399999999995,464.73999999999995,38.72710897628341,0.024784326822568533,BEARISH,RSI_NORMAL,HIGH_VOLATILITY
2017-11-28,457.21,457.21,450.09,451.74,3290000.0,455.828,464.5009999999999,47.22679846238333,0.02486979844858192,BEARISH,RSI_NORMAL,HIGH_VOLATILITY
2017-11-29,451.74,456.56,449.91,455.19,5790000.0,455.21400000000006,462.51099999999997,42.1780986762936,0.015180385263014965,BEARISH,RSI_NORMAL,LOW_VOLATILITY
2017-11-30,452.07,458.54,450.64,455.83,14610000.0,455.23199999999997,460.36499999999995,43.5402853124372,0.014991907346834619,BEARISH,RSI_NORMAL,LOW_VOLATILITY
2017-12-01,458.08,458.08,442.42,444.54,6010000.0,452.91,457.744,38.66190900981266,0.015665838862083774,BEARISH,RSI_NORMAL,LOW_VOLATILITY
2017-12-04,445.32,451.74,443.02,444.67,2980000.0,450.39399999999995,455.52850000000007,38.65096359743041,0.015508435358406798,BEARISH,RSI_NORMAL,LOW_VOLATILITY
2017-12-05,445.91,451.7,437.83,450.5,4190000.000000001,450.146,454.44000000000005,53.48249027237353,0.014325504692530465,BEARISH,RSI_NORMAL,LOW_VOLATILITY
2017-12-06,446.69,452.66,439.81,443.89,8180000.0,447.88599999999997,453.896,44.619851206677545,0.012177291265916578,BEARISH,RSI_NORMAL,LOW_VOLATILITY
2017-12-07,445.32,476.08,444.58,472.59,6820000.0,451.238,454.37600000000003,62.091665631598545,0.01873464086317182,BULLISH,RSI_NORMAL,HIGH_VOLATILITY
2017-12-08,473.0,487.42,472.95,482.18,13940000.0,458.76599999999996,455.372,66.70398566950294,0.019197176627644915,BULLISH,RSI_NORMAL,HIGH_VOLATILITY
2017-12-11,487.37,493.98,481.45,489.11,12150000.0,467.654,456.965,65.62644475265836,0.019117786446167753,BULLISH,RSI_NORMAL,HIGH_VOLATILITY
2017-12-12,489.48,490.22,477.96,480.99,3560000.0,473.75199999999995,458.145,62.512385775624814,0.019635305411278094,BULLISH,RSI_NORMAL,HIGH_VOLATILITY
2017-12-13,484.8,489.39,472.13,475.02,7770000.0,479.97799999999995,459.55,60.22486211285531,0.019047571265964562,BULLISH,RSI_NORMAL,HIGH_VOLATILITY
2017-12-14,475.52,482.04,469.19,477.73,3290000.0,481.006,460.9455,61.172085317871215,0.019041301393177397,BULLISH,RSI_NORMAL,HIGH_VOLATILITY
2017-12-15,484.61,486.5,472.63,475.57,6860000.0,479.684,462.06800000000004,59.381401065137226,0.019089717167990888,BULLISH,RSI_NORMAL,HIGH_VOLATILITY
2017-12-18,463.77,488.29,454.59,483.19,10270000.0,478.5,463.61049999999994,65.76441102756891,0.01929008074999958,BULLISH,RSI_NORMAL,HIGH_VOLATILITY
2017-12-19,483.65,496.0,477.64,492.69,6740000.0,480.84,465.1415,67.72211720226842,0.019203325830855898,BULLISH,RSI_NORMAL,HIGH_VOLATILITY
2017-12-20,495.82,496.6,483.38,485.62,7360000.0,482.96000000000004,466.5095,63.27185244587009,0.019444896156921333,BULLISH,RSI_NORMAL,HIGH_VOLATILITY
2017-12-21,485.26,488.24,479.29,481.22,5550000.0,483.658,467.7835,67.4102904879438,0.01954365177534686,BULLISH,RSI_NORMAL,HIGH_VOLATILITY
2017-12-22,483.79,494.85,480.62,485.3,9310000.0,485.604,469.241,68.58815994144018,0.019576240546692027,BULLISH,RSI_NORMAL,HIGH_VOLATILITY
2017-12-26,487.55,501.69,482.27,498.53,6320000.0,488.672,471.305,70.58016968034963,0.020293650184824003,BULLISH,RSI_HIGH,HIGH_VOLATILITY
2017-12-27,499.95,502.7,487.19,490.9,6580000.0,488.31399999999996,473.26300000000003,69.96856681675303,0.020446023733116662,BULLISH,RSI_NORMAL,HIGH_VOLATILITY
2017-12-28,490.77,493.57,486.73,487.87,8540000.0,488.764,474.89700000000005,58.3007388092134,0.02056238238800973,BULLISH,RSI_NORMAL,HIGH_VOLATILITY
2017-12-29,488.29,494.39,479.29,486.31,7360000.0,489.782,476.421,52.45804070943935,0.020614756969229032,BULLISH,RSI_NORMAL,HIGH_VOLATILITY
2018-01-01,487.55,494.07,482.41,484.71,4720000.0,489.66400000000004,478.4295,47.20386375190644,0.019602565739239648,BULLISH,RSI_NORMAL,HIGH_VOLATILITY
2018-01-02,489.3,489.3,469.97,474.29,5150000.0,484.816,479.91049999999996,45.86317609286244,0.02043727177775611,BEARISH,RSI_NORMAL,HIGH_VOLATILITY
2018-01-03,476.67,482.5,472.63,475.8,6220000.0,481.796,481.17549999999994,50.50967067433353,0.02030977807068931,BEARISH,RSI_NORMAL,HIGH_VOLATILITY
2018-01-04,476.53,484.06,472.4,480.21,5840000.0,480.264,482.9915,51.58527230887238,0.01991962238668403,BEARISH,RSI_NORMAL,HIGH_VOLATILITY
2018-01-05,482.04,498.11,476.12,495.82,7860000.0,482.166,484.15299999999996,61.04505290716703,0.015608522037788456,BULLISH,RSI_NORMAL,LOW_VOLATILITY
2018-01-08,490.45,490.45,472.13,474.1,12060000.0,480.04400000000004,483.74899999999997,45.70294034225206,0.018141790804246886,BEARISH,RSI_NORMAL,HIGH_VOLATILITY
2018-01-09,475.62,478.42,463.4,468.09,7400000.0,478.804,482.69800000000004,37.97418850215092,0.017967395564999575,BEARISH,RSI_NORMAL,HIGH_VOLATILITY
2018-01-10,472.86,475.16,463.04,464.97,6540000.0,476.63800000000003,481.89700000000005,39.4996440557307,0.017678621609180403,BEARISH,RSI_NORMAL,HIGH_VOLATILITY
2018-01-11,466.43,474.42,462.03,472.63,5800000.0,475.12199999999996,481.77750000000003,45.77222167536172,0.017922235503869573,BEARISH,RSI_NORMAL,HIGH_VOLATILITY
2018-01-12,473.78,475.02,463.22,467.86,4760000.0,469.53000000000003,481.284,41.47438404380132,0.018000917858957313,BEARISH,RSI_NORMAL,HIGH_VOLATILITY
2018-01-15,468.09,470.06,461.34,463.22,2780000.0,467.354,480.6665,31.15593980147294,0.018098404398277996,BEARISH,RSI_NORMAL,HIGH_VOLATILITY
2018-01-16,466.43,471.62,451.19,456.56,6300000.0,465.04799999999994,479.33500000000004,31.48188093183778,0.01785440547066913,BEARISH,RSI_NORMAL,HIGH_VOLATILITY
2018-01-17,454.5,462.03,451.24,459.0,6700000.0,463.854,477.6505,34.33192228372948,0.01718609193855624,BEARISH,RSI_NORMAL,HIGH_VOLATILITY
2018-01-18,460.01,467.17,452.66,454.5,7770000.0,460.22799999999995,476.0945,33.27022194172713,0.017063199703372597,BEARISH,RSI_NORMAL,HIGH_VOLATILITY
2018-01-19,444.4,459.32,443.94,457.16,9780000.0,458.088,474.8915,35.67044627067513,0.01711787211930023,BEARISH,RSI_NORMAL,HIGH_VOLATILITY
2018-01-22,455.05,457.71,448.07,450.55,4450000.0,455.554,473.154,37.14254766031195,0.01711753002224257,BEARISH,RSI_NORMAL,HIGH_VOLATILITY
2018-01-23,453.58,457.99,448.81,451.84,6040000.0,454.61,470.81949999999995,36.99239956568943,0.015607525880340917,BEARISH,RSI_NORMAL,LOW_VOLATILITY
2018-01-24,447.06,447.15,417.91,421.9,28810000.0,447.18999999999994,467.3695000000001,25.21465612513812,0.02073253701767261,BEARISH,RSI_LOW,HIGH_VOLATILITY
2018-01-25,425.58,425.58,408.08,415.66,20200000.0,439.422,463.759,12.978015887677785,0.020796529756362876,BEARISH,RSI_LOW,HIGH_VOLATILITY
2018-01-29,407.67,409.88,399.45,404.55,26640000.0,428.9,459.671,14.388120839733702,0.02118637394091181,BEARISH,RSI_LOW,HIGH_VOLATILITY
2018-01-30,404.55,414.19,401.47,404.55,10480000.0,419.7,455.6629999999999,15.331732867743327,0.02124527384301694,BEARISH,RSI_LOW,HIGH_VOLATILITY
2018-01-31,406.29,409.51,400.69,403.86,6940000.0,410.104,452.1415,15.749355453424457,0.021082006923850365,BEARISH,RSI_LOW,HIGH_VOLATILITY
2018-02-01,404.04,410.43,394.91,402.53,7950000.0,406.22999999999996,448.47800000000007,7.709942084942071,0.02095392892492782,BEARISH,RSI_LOW,HIGH_VOLATILITY
2018-02-02,401.98,404.46,381.78,387.79,6550000.0,400.65600000000006,443.85699999999997,6.882067851373165,0.02145667604981373,BEARISH,RSI_LOW,HIGH_VOLATILITY
2018-02-05,383.57,410.2,377.56,404.18,14800000.0,400.582,439.275,21.778202676864225,0.02256618444749703,BEARISH,RSI_LOW,HIGH_VOLATILITY
2018-02-06,385.64,411.11,384.3,403.22,9160000.0,400.316,435.73100000000005,23.03336703741151,0.021148886831961856,BEARISH,RSI_LOW,HIGH_VOLATILITY
2018-02-07,408.54,412.63,392.15,395.05,10780000.0,398.554,432.079,19.43993118608428,0.02130744858503176,BEARISH,RSI_LOW,HIGH_VOLATILITY
2018-02-08,398.49,400.33,390.23,394.63,6060000.0,396.97400000000005,428.562,20.228741919443053,0.02136581051033159,BEARISH,RSI_LOW,HIGH_VOLATILITY
2018-02-09,389.31,398.44,385.36,387.93,5290000.0,397.002,424.32700000000006,16.90410173056695,0.020650778849984064,BEARISH,RSI_LOW,HIGH_VOLATILITY
2018-02-12,394.63,395.74,386.87,389.68,3910000.0,394.10200000000003,420.418,19.482603028176044,0.020889991722383473,BEARISH,RSI_LOW,HIGH_VOLATILITY
2018-02-14,391.42,402.62,391.42,399.22,10280000.0,393.302,417.218,25.6343767364327,0.022177372887546003,BEARISH,RSI_LOW,HIGH_VOLATILITY
2018-02-15,403.36,403.36,391.79,393.85,4500000.0,393.062,414.0825,33.18546936818129,0.022162489160479595,BEARISH,RSI_NORMAL,HIGH_VOLATILITY
2018-02-16,399.36,399.36,384.17,385.36,4320000.0,391.20799999999997,410.4005,32.3137987392015,0.022182278601944588,BEARISH,RSI_NORMAL,HIGH_VOLATILITY
2018-02-19,385.5,385.64,370.21,380.45,6340000.0,389.712,406.698,34.835137175937575,0.02220130098711719,BEARISH,RSI_NORMAL,HIGH_VOLATILITY
2018-02-20,381.14,387.66,381.14,383.89,7870000.0,388.55400000000003,403.03450000000004,37.53920386007237,0.022321818830839182,BEARISH,RSI_NORMAL,HIGH_VOLATILITY
2018-02-21,385.64,387.93,383.2,385.31,4640000.0,385.77200000000005,399.7725,38.90948224321415,0.022433803240695903,BEARISH,RSI_NORMAL,HIGH_VOLATILITY
2018-02-22,384.53,384.95,379.53,382.05,10570000.0,383.412,396.283,38.031790556334755,0.0222997050769885,BEARISH,RSI_NORMAL,HIGH_VOLATILITY
2018-02-23,384.72,393.16,382.97,390.73,7370000.0,384.486,394.72450000000003,51.84905660377358,0.0186687311745298,BEARISH,RSI_NORMAL,HIGH_VOLATILITY
2018-02-26,394.82,394.82,386.42,388.53,4000000.0,386.102,393.36800000000005,38.01868014086663,0.01849297346004896,BEARISH,RSI_NORMAL,HIGH_VOLATILITY
2018-02-27,390.96,397.25,389.58,395.28,5090000.0,388.38,392.9045,44.41631504922641,0.018167159141382283,BULLISH,RSI_NORMAL,HIGH_VOLATILITY
2018-02-28,394.82,398.03,391.05,393.49,25440000.0,390.01599999999996,392.3515,48.794808405438815,0.018182224293269534,BULLISH,RSI_NORMAL,HIGH_VOLATILITY
2018-03-01,393.94,400.88,390.91,392.75,5730000.0,392.156,391.796,48.55473554735547,0.018182508034225088,BULLISH,RSI_NORMAL,HIGH_VOLATILITY
2018-03-05,392.02,392.15,383.43,386.97,3790000.0,391.404,391.018,49.25140361821586,0.0184282539585769,BEARISH,RSI_NORMAL,HIGH_VOLATILITY
2018-03-06,389.03,392.66,377.0,380.03,4130000.0,389.704,390.63,43.03852257971432,0.01698802577725432,BEARISH,RSI_NORMAL,LOW_VOLATILITY
2018-03-07,377.05,382.24,359.24,370.21,11840000.0,384.69,388.9315,29.156488001149583,0.014534212898160922,BEARISH,RSI_LOW,LOW_VOLATILITY
2018-03-08,377.83,380.22,362.68,368.47,8500000.0,379.68600000000004,387.194,30.76106731352337,0.014527475305091344,BEARISH,RSI_NORMAL,LOW_VOLATILITY
2018-03-09,371.77,375.08,365.02,369.25,5000000.0,374.986,385.904,36.17167381974247,0.014096559338063369,BEARISH,RSI_NORMAL,LOW_VOLATILITY
2018-03-12,371.86,389.77,370.94,387.06,8230000.0,375.004,385.5255,54.645115952213644,0.018212779887576774,BULLISH,RSI_NORMAL,HIGH_VOLATILITY
2018-03-13,388.39,394.63,385.77,391.42,5610000.0,377.28200000000004,385.7,55.22408769252118,0.017986878804365624,BULLISH,RSI_NORMAL,HIGH_VOLATILITY
2018-03-14,391.05,391.05,384.3,388.02,4120000.0,380.844,385.617,51.82984469952734,0.018077696280053672,BULLISH,RSI_NORMAL,HIGH_VOLATILITY
2018-03-15,388.02,389.58,383.11,386.05,3570000.0,384.36,384.9585,52.74876305662451,0.017150204701145096,BULLISH,RSI_NORMAL,HIGH_VOLATILITY
2018-03-16,381.27,391.83,379.8,382.65,7880000.0,387.04,384.39849999999996,44.01304090100768,0.017011290529831854,BEARISH,RSI_NORMAL,HIGH_VOLATILITY
2018-03-19,383.8,387.1,364.24,366.95,5890000.0,383.01800000000003,383.47799999999995,36.67572240059274,0.0187044057531053,BEARISH,RSI_NORMAL,HIGH_VOLATILITY
2018-03-20,366.35,370.49,360.57,367.64,8130000.000000001,378.262,382.8375,31.553657234383337,0.018559149634548813,BEARISH,RSI_NORMAL,HIGH_VOLATILITY
2018-03-21,370.03,385.77,369.29,383.98,9100000.0,377.454,382.842,44.68536939756344,0.021132425743331584,BULLISH,RSI_NORMAL,HIGH_VOLATILITY
2018-03-22,380.13,385.86,378.38,381.6,5280000.0,376.564,382.6565,43.88102293930415,0.021162580796592265,BEARISH,RSI_NORMAL,HIGH_VOLATILITY
2018-03-23,378.89,384.67,372.05,378.93,5590000.0,375.82,382.5005,45.43181818181817,0.02113528548287521,BEARISH,RSI_NORMAL,HIGH_VOLATILITY
2018-03-26,378.29,388.39,373.33,387.01,4790000.0,379.832,382.3145,53.915189589409934,0.021057755024300736,BULLISH,RSI_NORMAL,HIGH_VOLATILITY
2018-03-27,387.47,387.84,374.8,379.39,6620000.0,382.182,381.85749999999996,55.279503105590074,0.021476625081302173,BEARISH,RSI_NORMAL,HIGH_VOLATILITY
2018-03-28,377.37,379.25,363.05,366.08,11200000.0,378.602,380.3975,48.78692518526036,0.022305332280403566,BEARISH,RSI_NORMAL,HIGH_VOLATILITY
2018-04-02,366.81,368.88,358.55,362.77,5430000.0,374.83599999999996,378.86150000000004,46.793349168646074,0.02233807755421298,BEARISH,RSI_NORMAL,HIGH_VOLATILITY
2018-04-03,359.24,370.94,359.24,369.29,4970000.0,372.908,377.68850000000003,40.10027855153205,0.02286378051609149,BEARISH,RSI_NORMAL,HIGH_VOLATILITY
2018-04-04,370.94,371.68,360.8,362.73,3950000.0,368.052,376.4765,34.399129961935856,0.022957131416976036,BEARISH,RSI_NORMAL,HIGH_VOLATILITY
2018-04-05,365.53,368.1,359.15,361.67,9570000.0,364.508,375.5585,35.297399843767465,0.02268629473606282,BEARISH,RSI_NORMAL,HIGH_VOLATILITY
2018-04-06,361.95,364.06,351.75,353.45,9250000.0,361.982,374.7205,32.996035885666615,0.022525933134221687,BEARISH,RSI_NORMAL,HIGH_VOLATILITY
2018-04-09,351.57,355.06,345.83,349.18,13050000.0,359.264,373.756,32.69926599813918,0.022631427804723936,BEARISH,RSI_NORMAL,HIGH_VOLATILITY
2018-04-10,349.87,355.06,343.86,354.0,13040000.0,356.206,372.9935,42.45777518928365,0.022904600812376788,BEARISH,RSI_NORMAL,HIGH_VOLATILITY
2018-04-11,356.25,358.82,351.98,353.77,7550000.0,354.41400000000004,371.329,41.87844009837218,0.01965569112831606,BEARISH,RSI_NORMAL,HIGH_VOLATILITY
2018-04-12,352.58,353.96,348.17,349.09,4880000.0,351.898,369.2125,26.339346263393452,0.019396013135899667,BEARISH,RSI_LOW,HIGH_VOLATILITY
2018-04-13,351.62,354.6,345.05,346.98,7600000.0,350.604,367.1605,26.43615573101009,0.01938236160781096,BEARISH,RSI_LOW,HIGH_VOLATILITY
2018-04-16,346.15,349.18,343.86,345.83,4060000.0,349.934,365.1495,26.994717820405896,0.019387894091270598,BEARISH,RSI_LOW,HIGH_VOLATILITY
2018-04-17,346.15,352.08,343.54,350.79,6240000.0,349.29200000000003,363.5565,23.684975297878594,0.019853404271255436,BEARISH,RSI_LOW,HIGH_VOLATILITY
2018-04-18,352.31,359.79,351.07,352.81,6240000.0,349.1,362.84950000000003,28.978171464726387,0.01794379969117643,BEARISH,RSI_LOW,HIGH_VOLATILITY
2018-04-19,356.94,364.79,353.91,363.0,3780000.0,351.88199999999995,362.6175,47.43760399334444,0.019207464789630948,BULLISH,RSI_NORMAL,HIGH_VOLATILITY
2018-04-20,361.35,370.67,359.42,369.11,7350000.0,356.308,361.874,55.03974562798094,0.016628987311796736,BULLISH,RSI_NORMAL,LOW_VOLATILITY
2018-04-23,368.65,373.24,364.38,369.89,4120000.0,361.12,361.2885,50.52484254723579,0.01661822459322326,BULLISH,RSI_NORMAL,LOW_VOLATILITY
2018-04-24,369.02,375.17,364.15,373.01,6850000.0,365.564,360.99249999999995,59.56813104988828,0.01670397203718228,BULLISH,RSI_NORMAL,LOW_VOLATILITY
2018-04-25,380.54,392.43,378.29,385.5,21780000.0,372.10200000000003,360.917,68.28856485034532,0.01773558712166694,BULLISH,RSI_NORMAL,HIGH_VOLATILITY
2018-04-26,385.64,385.64,372.28,375.72,13620000.0,374.646,360.7335,66.69165042722233,0.018108269746842452,BULLISH,RSI_NORMAL,HIGH_VOLATILITY
2018-04-27,373.01,378.06,368.19,375.31,4920000.0,375.886,361.19500000000005,70.78758949880667,0.016165833617735173,BULLISH,RSI_HIGH,LOW_VOLATILITY
2018-04-30,373.7,379.44,371.13,376.04,3570000.0,377.116,361.8585,68.75425459496256,0.015979018995184273,BULLISH,RSI_NORMAL,LOW_VOLATILITY
2018-05-02,379.12,379.12,372.78,375.03,6630000.0,377.52000000000004,362.14549999999997,67.85354383607655,0.015548539823692458,BULLISH,RSI_NORMAL,LOW_VOLATILITY
2018-05-03,373.06,374.62,366.35,371.31,4050000.0,374.68199999999996,362.57450000000006,68.96551724137932,0.01514708000705275,BULLISH,RSI_NORMAL,LOW_VOLATILITY
2018-05-04,377.23,384.12,361.76,364.29,15700000.0,372.396,362.70550000000003,63.63206804221136,0.015788451528975626,BULLISH,RSI_NORMAL,LOW_VOLATILITY
2018-05-07,368.65,371.45,363.14,365.66,6430000.0,370.466,363.31600000000003,65.56270601161515,0.014820612267199081,BULLISH,RSI_NORMAL,LOW_VOLATILITY
2018-05-08,368.6,369.98,364.33,368.33,3880000.0,368.924,364.2735,64.27873656789318,0.014495074781932576,BULLISH,RSI_NORMAL,LOW_VOLATILITY
2018-05-09,370.21,375.99,364.7,369.52,8850000.0,367.822,365.04949999999997,63.789404192110894,0.014262516504088121,BULLISH,RSI_NORMAL,LOW_VOLATILITY
2018-05-10,371.72,379.85,370.85,378.38,8860000.0,369.236,366.28,62.97671279109011,0.015041353734586049,BULLISH,RSI_NORMAL,LOW_VOLATILITY
2018-05-11,367.41,369.75,350.29,354.97,25080000.0,367.37199999999996,366.574,40.76541274817137,0.020737898308173706,BEARISH,RSI_NORMAL,HIGH_VOLATILITY
2018-05-14,354.42,361.76,347.35,351.8,9640000.0,364.6,366.815,38.543381887270435,0.020799760067241557,BEARISH,RSI_NORMAL,HIGH_VOLATILITY
2018-05-15,351.66,356.39,347.39,350.7,6950000.0,361.074,367.0585,35.499805017548425,0.020797802928861606,BEARISH,RSI_NORMAL,HIGH_VOLATILITY
2018-05-16,351.62,351.62,343.4,344.64,6640000.0,356.09799999999996,366.75100000000003,21.02127659574468,0.020924367972599275,BEARISH,RSI_LOW,HIGH_VOLATILITY
2018-05-17,346.38,347.94,335.55,337.52,9820000.0,347.92600000000004,365.9865,21.845518867924497,0.02132697057924024,BEARISH,RSI_LOW,HIGH_VOLATILITY
2018-05-18,337.94,337.94,326.0,331.78,12200000.0,343.288,364.42549999999994,20.254202542025396,0.020272756915255746,BEARISH,RSI_LOW,HIGH_VOLATILITY
2018-05-21,331.78,339.04,326.14,330.54,5380000.0,339.036,362.49699999999996,19.123235613463606,0.019657323710713374,BEARISH,RSI_LOW,HIGH_VOLATILITY
2018-05-22,327.74,340.74,322.83,332.24,7100000.0,335.344,360.6145,21.23167944063465,0.01972914209179081,BEARISH,RSI_LOW,HIGH_VOLATILITY
2018-05-23,332.2,335.87,325.26,327.61,6480000.0,331.938,358.34450000000004,20.97502656748138,0.019550851149020203,BEARISH,RSI_LOW,HIGH_VOLATILITY
2018-05-24,329.63,343.31,327.7,341.47,4910000.0,332.728,356.14300000000003,36.10569897710666,0.020568355436608572,BEARISH,RSI_NORMAL,HIGH_VOLATILITY
2018-05-25,341.84,348.91,336.97,346.11,4070000.000000001,335.59400000000005,354.6625,38.55252371472067,0.020466216856985006,BEARISH,RSI_NORMAL,HIGH_VOLATILITY
2018-05-28,346.7,349.64,340.46,344.45,6490000.0,338.37600000000003,353.11949999999996,35.84972742356008,0.02045627127618912,BEARISH,RSI_NORMAL,HIGH_VOLATILITY
2018-05-29,345.19,350.47,340.87,348.13,3790000.0,341.554,351.724,37.688500057557285,0.020683794436342696,BEARISH,RSI_NORMAL,HIGH_VOLATILITY
2018-05-30,347.9,347.9,342.48,345.05,3670000.0,345.04200000000003,350.225,29.448760636330007,0.020714650226990573,BEARISH,RSI_LOW,HIGH_VOLATILITY
2018-05-31,345.33,351.85,340.87,343.03,11760000.0,345.354,348.811,39.999999999999964,0.02067291013643708,BEARISH,RSI_NORMAL,HIGH_VOLATILITY
2018-06-01,343.9,354.33,342.07,352.31,4460000.0,346.59399999999994,348.212,50.38747910651876,0.021439417406049557,BULLISH,RSI_NORMAL,HIGH_VOLATILITY
2018-06-04,352.58,355.11,339.82,341.84,3890000.0,346.072,347.021,44.10747539239159,0.02230084647446663,BEARISH,RSI_NORMAL,HIGH_VOLATILITY
2018-06-05,341.01,341.79,328.29,334.49,5430000.0,343.344,345.329,43.363410487773,0.02252108168338043,BEARISH,RSI_NORMAL,HIGH_VOLATILITY
2018-06-06,332.47,350.65,332.47,348.68,5460000.0,344.07,344.28700000000003,56.67943500119705,0.02482250659228688,BULLISH,RSI_NORMAL,HIGH_VOLATILITY
2018-06-07,348.63,354.65,344.32,348.86,3960000.0,345.236,342.81100000000004,60.951526032316,0.024042315441473533,BULLISH,RSI_NORMAL,HIGH_VOLATILITY
2018-06-08,348.45,352.08,341.79,346.66,4220000.0,344.106,342.39549999999997,60.21028629338738,0.01981496537770535,BULLISH,RSI_NORMAL,HIGH_VOLATILITY
2018-06-11,346.84,359.74,346.84,356.99,5930000.0,347.136,342.655,64.13155190133605,0.020863765570381294,BULLISH,RSI_NORMAL,HIGH_VOLATILITY
2018-06-12,358.04,361.21,348.49,349.5,6020000.0,350.13800000000003,342.59499999999997,62.10328430830475,0.02142132351485252,BULLISH,RSI_NORMAL,HIGH_VOLATILITY
2018-06-13,343.4,351.57,342.76,344.91,7300000.0,349.384,342.6085,52.11927057663874,0.02126431203383685,BULLISH,RSI_NORMAL,HIGH_VOLATILITY
2018-06-14,342.94,352.58,342.94,345.69,5120000.0,348.75,343.017,49.72833117723156,0.020687839627299014,BULLISH,RSI_NORMAL,HIGH_VOLATILITY
2018-06-15,347.71,349.14,339.91,347.3,6220000.0,348.878,343.793,51.84466019417477,0.0202357031957644,BULLISH,RSI_NORMAL,HIGH_VOLATILITY
2018-06-18,347.03,349.73,337.94,340.55,3060000.0,345.59000000000003,344.29350000000005,45.28137450199205,0.020786559149513405,BEARISH,RSI_NORMAL,HIGH_VOLATILITY
2018-06-19,340.64,345.14,338.99,340.83,3890000.0,343.856,344.723,47.27812177502578,0.020771296366464315,BEARISH,RSI_NORMAL,HIGH_VOLATILITY
2018-06-20,342.02,345.69,340.14,341.47,2730000.0,343.168,345.416,48.97557131599688,0.020452122426280406,BEARISH,RSI_NORMAL,HIGH_VOLATILITY
2018-06-21,344.27,344.32,334.03,338.53,4180000.0,341.736,345.269,40.12893982808021,0.018257524613401424,BEARISH,RSI_NORMAL,HIGH_VOLATILITY
2018-06-22,340.6,345.69,336.33,343.9,3340000.0,341.05600000000004,345.1585,51.59196290571871,0.01835524103092696,BEARISH,RSI_NORMAL,HIGH_VOLATILITY
2018-06-25,341.56,347.03,341.38,343.54,3280000.0,341.654,345.113,57.84092878184025,0.018324533826295335,BEARISH,RSI_NORMAL,HIGH_VOLATILITY
2018-06-26,343.4,351.43,342.66,349.09,4700000.0,343.306,345.161,50.417770531893176,0.018531697703575593,BULLISH,RSI_NORMAL,HIGH_VOLATILITY
2018-06-27,350.06,350.33,342.57,344.91,3720000.0,343.994,345.154,46.27850009421519,0.01862587356812526,BEARISH,RSI_NORMAL,HIGH_VOLATILITY
2018-06-28,343.12,350.19,338.39,347.03,6380000.0,345.694,345.354,50.34912247593881,0.018615791541818524,BULLISH,RSI_NORMAL,HIGH_VOLATILITY
2018-06-29,344.59,351.94,344.59,350.7,3750000.0,347.054,345.2735,43.211741851931755,0.01773385632494961,BULLISH,RSI_NORMAL,HIGH_VOLATILITY
2018-07-02,349.92,350.19,335.64,337.94,4780000.0,345.93399999999997,345.07849999999996,38.79844961240307,0.018371406760222222,BEARISH,RSI_NORMAL,HIGH_VOLATILITY
2018-07-03,343.95,343.95,336.15,340.41,3040000.0,344.198,345.3745,45.45270816491511,0.017749900257030646,BEARISH,RSI_NORMAL,HIGH_VOLATILITY
2018-07-04,340.51,341.47,333.02,337.34,4280000.0,342.68399999999997,344.8075,41.935483870967715,0.014940377319107235,BEARISH,RSI_NORMAL,LOW_VOLATILITY
2018-07-05,335.14,336.74,330.22,333.67,6970000.0,340.012,344.048,37.33977336057959,0.01507430930106922,BEARISH,RSI_NORMAL,LOW_VOLATILITY
2018-07-06,332.38,335.5,330.45,332.61,7860000.0,336.39400000000006,343.3455,41.75321977565433,0.015044728118800876,BEARISH,RSI_NORMAL,LOW_VOLATILITY
2018-07-09,336.05,336.42,332.01,332.47,5150000.0,335.3,342.1195,41.29166666666671,0.01307611527733692,BEARISH,RSI_NORMAL,LOW_VOLATILITY
2018-07-10,332.84,339.54,332.84,337.71,1840000.0,334.76,341.53000000000003,46.42585551330793,0.013067386231815852,BEARISH,RSI_NORMAL,LOW_VOLATILITY
2018-07-11,338.72,338.72,331.37,332.38,2050000.0,333.76800000000003,340.9035,44.408074195308245,0.013202853533541866,BEARISH,RSI_NORMAL,LOW_VOLATILITY
2018-07-12,335.14,335.14,330.87,332.52,2260000.0,333.538,340.245,38.56511254019288,0.013179707725138474,BEARISH,RSI_NORMAL,LOW_VOLATILITY
2018-07-13,334.22,335.0,328.11,329.58,5210000.0,332.93199999999996,339.35900000000004,36.66411922048138,0.01317418707834354,BEARISH,RSI_NORMAL,LOW_VOLATILITY
2018-07-16,326.87,330.31,316.59,318.98,3550000.0,330.23400000000004,338.28049999999996,23.76720683045822,0.014293428081211675,BEARISH,RSI_LOW,LOW_VOLATILITY
2018-07-17,318.61,322.01,312.18,314.52,5320000.0,325.596,336.965,23.65181203398639,0.014458279063438348,BEARISH,RSI_LOW,LOW_VOLATILITY
2018-07-18,315.95,316.86,303.92,309.24,5220000.0,320.96799999999996,335.35350000000005,18.938024001315142,0.014666040515014316,BEARISH,RSI_LOW,LOW_VOLATILITY
2018-07-19,311.26,319.07,309.98,316.77,4940000.0,317.818,334.2655,23.774926572886017,0.016010534624056008,BEARISH,RSI_LOW,LOW_VOLATILITY
2018-07-20,314.94,319.25,312.5,317.14,4130000.0,315.33000000000004,332.9275,30.11472275334603,0.015416133813551752,BEARISH,RSI_NORMAL,LOW_VOLATILITY
2018-07-23,317.23,330.54,316.77,329.58,4070000.000000001,317.45,332.22950000000003,41.30399871527215,0.018192486630139386,BEARISH,RSI_NORMAL,HIGH_VOLATILITY
2018-07-24,331.83,336.47,326.18,327.61,4270000.0,320.068,331.15549999999996,42.046754945234596,0.017701980974722423,BEARISH,RSI_NORMAL,HIGH_VOLATILITY
2018-07-25,326.05,326.69,315.39,323.47,5080000.0,322.914,330.0835,41.72615184944839,0.017720239382371963,BEARISH,RSI_NORMAL,HIGH_VOLATILITY
2018-07-26,324.16,330.54,323.52,328.39,3750000.0,325.238,329.15150000000006,46.77862595419844,0.018080175253613006,BEARISH,RSI_NORMAL,HIGH_VOLATILITY
2018-07-27,330.45,343.31,322.88,334.86,8850000.0,328.78200000000004,328.35949999999997,51.663650285396066,0.018539601012631825,BULLISH,RSI_NORMAL,HIGH_VOLATILITY
2018-07-30,329.63,357.08,326.23,351.89,7340000.0,333.244,329.057,58.47883281511602,0.020244530776628994,BULLISH,RSI_NORMAL,HIGH_VOLATILITY
2018-07-31,350.74,360.43,347.71,358.64,7950000.0,339.45,329.9685,65.4397930385701,0.020573130654511218,BULLISH,RSI_NORMAL,HIGH_VOLATILITY
2018-08-01,358.09,366.35,351.34,353.04,9270000.0,345.36400000000003,330.7535,61.337016574585675,0.02082407770629276,BULLISH,RSI_NORMAL,HIGH_VOLATILITY
2018-08-02,352.03,353.27,338.99,342.48,6070000.0,348.18199999999996,331.194,56.57358336730537,0.021875085394266684,BULLISH,RSI_NORMAL,HIGH_VOLATILITY
2018-08-03,344.13,346.06,340.09,343.86,3580000.0,349.982,331.7565,63.99325084364457,0.021852829471422554,BULLISH,RSI_NORMAL,HIGH_VOLATILITY
2018-08-06,344.18,355.98,344.04,354.19,3970000.0,350.442,332.84250000000003,70.92961907776727,0.022727409683864493,BULLISH,RSI_HIGH,HIGH_VOLATILITY
2018-08-07,354.19,355.15,348.22,350.65,2390000.0,348.844,333.4895,72.25626142104699,0.02272058472880997,BULLISH,RSI_HIGH,HIGH_VOLATILITY
2018-08-08,349.0,356.16,342.85,353.77,3260000.0,348.98999999999995,334.559,70.87564883773418,0.02236422204191694,BULLISH,RSI_HIGH,HIGH_VOLATILITY
2018-08-09,354.69,354.69,334.68,337.02,12020000.0,347.89799999999997,334.784,59.466666666666676,0.025080276314738748,BULLISH,RSI_NORMAL,HIGH_VOLATILITY
2018-08-10,338.07,344.13,335.23,339.54,4410000.0,347.034,335.28200000000004,55.23769457299119,0.025009613382761087,BULLISH,RSI_NORMAL,HIGH_VOLATILITY
2018-08-13,338.72,345.01,333.3,339.86,4160000.0,344.168,336.326,56.555710157337046,0.02370604043726558,BULLISH,RSI_NORMAL,HIGH_VOLATILITY
2018-08-14,339.86,342.21,334.22,336.97,3160000.0,341.432,337.44849999999997,57.32262963766545,0.023525072258953065,BEARISH,RSI_NORMAL,HIGH_VOLATILITY
2018-08-16,336.56,343.4,335.32,341.56,2960000.0,338.99,339.0645,57.16929776810018,0.02310920342813527,BULLISH,RSI_NORMAL,HIGH_VOLATILITY
2018-08-17,341.61,344.32,336.19,341.01,3300000.0,339.788,340.27650000000006,53.57849412312347,0.02270462100094756,BULLISH,RSI_NORMAL,HIGH_VOLATILITY
2018-08-20,341.93,343.26,337.25,340.23,2790000.0,339.92600000000004,341.431,41.63318025258326,0.022739926661626927,BEARISH,RSI_NORMAL,HIGH_VOLATILITY
2018-08-21,334.22,340.09,333.39,338.12,3390000.0,339.57800000000003,341.858,34.225092250922515,0.021230187843446196,BEARISH,RSI_NORMAL,HIGH_VOLATILITY
2018-08-23,341.84,345.92,337.98,339.63,4660000.0,340.11,342.459,38.99917965545527,0.021165089623879498,BEARISH,RSI_NORMAL,HIGH_VOLATILITY
2018-08-24,339.73,340.46,335.14,338.76,2280000.0,339.55,343.2235,46.37143971907918,0.020916411644199513,BEARISH,RSI_NORMAL,HIGH_VOLATILITY
2018-08-27,339.73,352.4,337.34,348.13,6470000.0,340.97400000000005,344.2105,53.60337552742614,0.02149131160546611,BULLISH,RSI_NORMAL,HIGH_VOLATILITY
2018-08-28,351.07,354.14,344.68,345.97,4000000.0,342.122,344.76599999999996,41.9537979639781,0.02121968412844066,BULLISH,RSI_NORMAL,HIGH_VOLATILITY
2018-08-29,347.07,351.16,342.25,344.23,4400000.0,343.344,344.383,43.48620129870134,0.01783601171608893,BEARISH,RSI_NORMAL,HIGH_VOLATILITY
2018-08-30,346.43,353.5,344.91,351.75,7650000.0,345.76800000000003,344.0385,48.11847988077498,0.01800339599077034,BULLISH,RSI_NORMAL,HIGH_VOLATILITY
2018-08-31,348.77,354.42,345.24,352.44,8550000.0,348.504,344.0085,70.49441786283896,0.01766878616595029,BULLISH,RSI_HIGH,HIGH_VOLATILITY
2018-09-03,355.34,355.56,349.32,352.4,4100000.0,349.358,344.5045,68.29823562891289,0.01620363567610141,BULLISH,RSI_NORMAL,LOW_VOLATILITY
2018-09-04,351.02,352.08,344.96,347.39,3140000.0,349.642,344.681,59.452673863921646,0.016566546954452234,BULLISH,RSI_NORMAL,LOW_VOLATILITY
2018-09-05,344.32,346.93,336.28,341.61,6520000.0,349.118,344.052,55.430711610486895,0.015457778230103416,BEARISH,RSI_NORMAL,LOW_VOLATILITY
2018-09-06,343.35,344.04,337.98,341.84,2560000.0,347.13599999999997,343.61150000000004,50.3649635036496,0.015339804417340425,BEARISH,RSI_NORMAL,LOW_VOLATILITY
2018-09-07,343.31,359.28,338.62,357.72,5360000.0,348.19199999999995,343.80899999999997,65.56155708698086,0.018590065801622212,BULLISH,RSI_NORMAL,HIGH_VOLATILITY
2018-09-10,357.45,364.98,350.93,356.62,5510000.0,349.036,344.789,65.17311608961302,0.01481859574313669,BULLISH,RSI_NORMAL,LOW_VOLATILITY
2018-09-11,356.71,360.29,346.57,347.71,5710000.0,349.1,345.1975,57.88521624732772,0.016023463899442467,BULLISH,RSI_NORMAL,LOW_VOLATILITY
2018-09-12,349.73,350.88,341.38,345.88,3990000.0,349.954,345.49850000000004,55.112056273515456,0.01609089194332229,BULLISH,RSI_NORMAL,LOW_VOLATILITY
2018-09-14,347.07,356.44,342.48,352.21,3530000.0,352.028,346.2605,60.09911398107823,0.016371553673553134,BULLISH,RSI_NORMAL,LOW_VOLATILITY
2018-09-17,349.05,359.01,346.25,350.79,3360000.0,350.642,346.722,52.268076398362915,0.01620635008354105,BULLISH,RSI_NORMAL,LOW_VOLATILITY
2018-09-18,349.09,353.32,342.07,343.12,2900000.0,347.942,346.8275,47.778643803585325,0.01702052987968536,BEARISH,RSI_NORMAL,HIGH_VOLATILITY
2018-09-19,343.86,349.28,330.82,339.77,2140000.0,346.354,346.8045,46.60888077858878,0.01716516165739553,BEARISH,RSI_NORMAL,HIGH_VOLATILITY
2018-09-21,335.04,348.77,328.02,340.19,5990000.0,345.216,346.908,40.14660756904195,0.017102573548121863,BEARISH,RSI_NORMAL,HIGH_VOLATILITY
2018-09-24,340.09,342.39,321.82,327.06,7740000.0,340.186,346.2795,32.15189873417722,0.01915665978684413,BEARISH,RSI_NORMAL,HIGH_VOLATILITY
2018-09-25,329.81,333.9,315.85,331.0,6730000.0,336.22799999999995,345.8915,35.73333333333335,0.019399460255648423,BEARISH,RSI_NORMAL,HIGH_VOLATILITY
2018-09-26,333.3,335.14,327.93,331.74,4320000.0,333.95200000000006,345.072,38.93680192280506,0.018221192317484206,BEARISH,RSI_NORMAL,HIGH_VOLATILITY
2018-09-27,331.92,333.71,325.63,327.61,4400000.0,331.52000000000004,344.154,39.86682107701216,0.018345586038331606,BEARISH,RSI_NORMAL,HIGH_VOLATILITY
2018-09-28,327.61,329.63,307.73,310.85,12180000.0,325.65200000000004,342.485,31.90047891601452,0.021329041979465637,BEARISH,RSI_NORMAL,HIGH_VOLATILITY
2018-10-01,311.26,312.18,295.38,300.01,10670000.0,320.242,339.898,14.186421745066411,0.021360532534777075,BEARISH,RSI_LOW,HIGH_VOLATILITY
2018-10-03,299.33,300.52,290.47,292.39,7250000.0,312.52000000000004,336.89549999999997,13.124354116431292,0.02158378225615036,BEARISH,RSI_LOW,HIGH_VOLATILITY
2018-10-04,289.55,291.48,277.43,284.77,8800000.0,303.12600000000003,333.514,13.321678321678334,0.02179563248052683,BEARISH,RSI_LOW,HIGH_VOLATILITY
2018-10-05,283.26,290.05,268.02,274.17,7810000.0,292.438,329.853,12.086285291318617,0.022601471268311017,BEARISH,RSI_LOW,HIGH_VOLATILITY
2018-10-08,274.35,274.35,267.19,271.05,9830000.0,284.478,326.325,5.582311733800367,0.022569378748415535,BEARISH,RSI_LOW,HIGH_VOLATILITY
2018-10-09,272.01,272.61,263.52,265.35,9320000.0,277.546,322.5005,5.332496863237154,0.022487075121127003,BEARISH,RSI_LOW,HIGH_VOLATILITY
2018-10-10,265.35,278.94,260.95,270.95,11130000.0,273.258,318.16200000000003,11.43528908838303,0.019516658312649454,BEARISH,RSI_LOW,HIGH_VOLATILITY
2018-10-11,265.31,270.68,259.16,262.0,5100000.0,268.704,313.43100000000004,10.78955329232629,0.019812771434001644,BEARISH,RSI_LOW,HIGH_VOLATILITY
2018-10-12,264.44,268.66,261.36,266.32,9810000.0,267.134,309.36150000000004,14.165130493839115,0.020867081247674092,BEARISH,RSI_LOW,HIGH_VOLATILITY
2018-10-15,266.32,269.03,260.81,267.28,2840000.0,266.38,305.4315,17.11771177117707,0.021133435391292858,BEARISH,RSI_LOW,HIGH_VOLATILITY
2018-10-16,268.48,271.69,265.54,269.94,3280000.0,267.298,301.31800000000004,15.933943316224031,0.02056591733671339,BEARISH,RSI_LOW,HIGH_VOLATILITY
2018-10-17,272.24,273.94,261.36,264.89,4220000.0,266.086,297.023,14.414989886085351,0.02049040776224035,BEARISH,RSI_LOW,HIGH_VOLATILITY
2018-10-19,263.52,269.21,261.31,263.79,4060000.0,266.444,293.0565,14.89548954895487,0.020503679943589065,BEARISH,RSI_LOW,HIGH_VOLATILITY
2018-10-22,265.77,266.27,254.2,262.37,7110000.0,265.654,289.18649999999997,17.919534145050264,0.020561785782668443,BEARISH,RSI_LOW,HIGH_VOLATILITY
2018-10-23,259.89,266.82,259.84,262.51,7230000.0,264.7,285.3025,21.091581868640105,0.020537420722090343,BEARISH,RSI_LOW,HIGH_VOLATILITY
2018-10-24,266.27,301.85,263.2,290.01,13280000.0,268.71400000000006,283.45,48.59570450790654,0.03252908636870357,BULLISH,RSI_NORMAL,HIGH_VOLATILITY
2018-10-25,281.88,285.0,268.25,271.37,16670000.000000002,270.01,280.4685,43.003341687552215,0.03476155746356737,BEARISH,RSI_NORMAL,HIGH_VOLATILITY
2018-10-26,272.79,280.96,263.52,273.57,8560000.0,271.966,277.56,49.656593406593394,0.03488886272292005,BEARISH,RSI_NORMAL,HIGH_VOLATILITY
2018-10-29,274.63,278.71,266.27,270.04,6160000.0,273.5,274.6815,49.42463256237895,0.034891352920937306,BEARISH,RSI_NORMAL,HIGH_VOLATILITY
2018-10-30,270.36,272.88,265.68,268.66,5240000.0,274.72999999999996,272.572,51.98322348711804,0.03345636072211731,BEARISH,RSI_NORMAL,HIGH_VOLATILITY
2018-10-31,268.93,270.86,256.08,268.43,8010000.0,270.414,270.993,48.38627049180329,0.03280981323814046,BEARISH,RSI_NORMAL,HIGH_VOLATILITY
2018-11-01,269.03,273.62,263.84,269.49,5170000.0,270.038,269.84799999999996,55.3355178800399,0.03250660840368339,BEARISH,RSI_NORMAL,HIGH_VOLATILITY
2018-11-02,269.85,282.62,269.49,277.34,4820000.0,270.79200000000003,269.4765,57.47422680412371,0.03283866868008746,BULLISH,RSI_NORMAL,HIGH_VOLATILITY
2018-11-05,276.19,280.41,273.62,278.39,4750000.0,272.46200000000005,269.6875,57.52608047690017,0.031706911397851256,BULLISH,RSI_NORMAL,HIGH_VOLATILITY
2018-11-06,279.13,282.75,278.12,280.09,2890000.0,274.748,270.1395,56.966369251887436,0.031581764944059766,BULLISH,RSI_NORMAL,HIGH_VOLATILITY
2018-11-07,283.72,283.72,279.08,281.19,301360.0,277.3,270.9315,61.828737300435435,0.031109150826479855,BULLISH,RSI_NORMAL,HIGH_VOLATILITY
2018-11-09,266.09,278.58,265.08,275.22,9250000.0,278.446,271.145,57.74705164701099,0.03127747521166294,BULLISH,RSI_NORMAL,HIGH_VOLATILITY
2018-11-12,276.37,280.04,269.94,271.96,6670000.0,277.37,271.643,56.34175373627826,0.030402362134187712,BULLISH,RSI_NORMAL,HIGH_VOLATILITY
2018-11-13,271.78,279.13,266.55,273.2,4240000.0,276.332,271.98699999999997,56.96780080823882,0.030225728719728447,BULLISH,RSI_NORMAL,HIGH_VOLATILITY
2018-11-14,275.45,286.29,273.62,276.65,5320000.0,275.644,272.4555,37.314849981010234,0.03032288468894457,BULLISH,RSI_NORMAL,HIGH_VOLATILITY
2018-11-15,276.65,281.61,273.62,279.49,4410000.0,275.304,272.933,61.01465002712968,0.030327212585634762,BULLISH,RSI_NORMAL,HIGH_VOLATILITY
2018-11-16,278.12,309.24,277.29,305.52,24580000.0,281.364,274.9645,76.32229362333169,0.03604781216607237,BULLISH,RSI_HIGH,HIGH_VOLATILITY
2018-11-19,302.45,311.17,292.9,309.29,12820000.0,288.83000000000004,277.2395,82.209092401116,0.03594954853919616,BULLISH,RSI_HIGH,HIGH_VOLATILITY
2018-11-20,305.85,311.68,301.44,304.79,11690000.0,295.148,279.3605,78.2045277127244,0.03619454191698616,BULLISH,RSI_HIGH,HIGH_VOLATILITY
2018-11-21,303.92,311.68,303.14,305.48,9230000.0,300.914,281.509,78.7164780654162,0.03617751145298528,BULLISH,RSI_HIGH,HIGH_VOLATILITY
2018-11-22,304.74,312.0,295.1,301.02,9720000.0,305.21999999999997,282.05949999999996,73.2145486673538,0.028426937589480592,BULLISH,RSI_HIGH,HIGH_VOLATILITY
2018-11-26,301.21,311.17,301.21,307.18,6500000.0,305.552,283.85,72.53095741467831,0.023954475866415897,BULLISH,RSI_HIGH,HIGH_VOLATILITY
2018-11-27,306.58,308.42,297.58,301.3,7590000.0,303.954,285.23650000000004,66.12244897959184,0.024622550983462922,BULLISH,RSI_NORMAL,HIGH_VOLATILITY
2018-11-28,304.84,305.57,285.55,288.4,9990000.0,300.67600000000004,286.1545,55.051671732522784,0.026603334013189935,BULLISH,RSI_NORMAL,HIGH_VOLATILITY
2018-11-29,294.74,295.65,286.47,291.25,9050000.0,297.83000000000004,287.284,55.98809523809523,0.02655556323391854,BULLISH,RSI_NORMAL,HIGH_VOLATILITY
2018-11-30,292.9,297.77,285.28,287.85,6470000.0,295.196,288.255,57.75512710303326,0.026776853325324968,BEARISH,RSI_NORMAL,HIGH_VOLATILITY
2018-12-03,290.6,294.74,288.77,293.59,3310000.0,292.47799999999995,289.46000000000004,62.8888094386843,0.027018310570704737,BULLISH,RSI_NORMAL,HIGH_VOLATILITY
2018-12-04,294.74,297.03,284.87,292.49,7020000.0,290.716,290.21750000000003,61.51366837770085,0.026443205259788036,BULLISH,RSI_NORMAL,HIGH_VOLATILITY
2018-12-05,293.54,294.6,284.82,287.21,4930000.0,290.47799999999995,290.6585,56.168224299065415,0.026856021994082303,BEARISH,RSI_NORMAL,HIGH_VOLATILITY
2018-12-06,285.55,285.55,277.29,279.13,6450000.0,288.054,290.6105,49.80184940554821,0.02765276759427791,BEARISH,RSI_NORMAL,HIGH_VOLATILITY
2018-12-07,280.04,282.62,274.49,279.08,5200000.0,286.3,290.505,29.6176379895159,0.02763872787100367,BEARISH,RSI_LOW,HIGH_VOLATILITY
2018-12-10,274.03,276.97,267.05,270.82,5640000.0,281.746,290.28499999999997,22.26387887527035,0.028037016124937617,BEARISH,RSI_LOW,HIGH_VOLATILITY
2018-12-11,264.44,270.31,258.93,266.5,9810000.0,276.54799999999994,290.012,22.321815816105243,0.028139762280972636,BEARISH,RSI_LOW,HIGH_VOLATILITY
2018-12-12,269.94,285.55,267.65,280.55,10110000.0,275.216,290.3795,34.89640130861504,0.03056501651333892,BEARISH,RSI_NORMAL,HIGH_VOLATILITY
2018-12-13,283.26,287.25,276.88,278.3,7530000.0,275.05,290.46200000000005,35.8565737051793,0.030527294281221563,BEARISH,RSI_NORMAL,HIGH_VOLATILITY
2018-12-14,280.23,306.12,280.23,293.13,22310000.0,277.86,291.144,42.1058545904034,0.03267499993786539,BULLISH,RSI_NORMAL,HIGH_VOLATILITY
2018-12-17,293.13,296.76,287.21,289.41,6680000.0,281.57800000000003,290.3385,43.153288034089606,0.024944052958807608,BEARISH,RSI_NORMAL,HIGH_VOLATILITY
2018-12-18,288.49,294.46,286.1,291.8,6160000.0,286.63800000000003,289.46400000000006,52.227463312369,0.024833461038163314,BULLISH,RSI_NORMAL,HIGH_VOLATILITY
2018-12-19,293.36,297.49,292.03,296.3,5680000.0,289.788,289.0395,53.23842503526999,0.024979342894048327,BULLISH,RSI_NORMAL,HIGH_VOLATILITY
2018-12-20,291.06,295.24,288.31,290.65,5880000.0,292.258,288.298,51.745200698080254,0.02528095955574035,BULLISH,RSI_NORMAL,HIGH_VOLATILITY
2018-12-21,293.82,298.18,280.6,282.71,12140000.0,290.17400000000004,287.38250000000005,43.39966027663189,0.025765002805444876,BEARISH,RSI_NORMAL,HIGH_VOLATILITY
2018-12-24,284.45,286.75,279.36,283.81,5130000.0,289.054,286.214,44.7342877942247,0.025237839692221296,BEARISH,RSI_NORMAL,HIGH_VOLATILITY
2018-12-26,282.98,296.57,277.84,294.23,8210000.000000001,289.54,285.8605,54.00867976244863,0.026492551332358266,BULLISH,RSI_NORMAL,HIGH_VOLATILITY
2018-12-27,296.76,297.21,288.31,290.79,8600000.0,288.438,285.98,57.03087313072842,0.024755370628069238,BULLISH,RSI_NORMAL,HIGH_VOLATILITY
2018-12-28,290.97,294.74,288.77,290.65,5090000.0,288.438,285.95,56.96903987471388,0.02466133594168502,BULLISH,RSI_NORMAL,HIGH_VOLATILITY
2018-12-31,292.9,294.64,285.65,286.93,4130000.0,289.282,285.904,60.26506945329425,0.024691067343810224,BULLISH,RSI_NORMAL,HIGH_VOLATILITY
2019-01-01,290.1,295.65,287.67,293.36,6000000.0,291.192,285.8925,66.66666666666666,0.024801268029511943,BULLISH,RSI_NORMAL,HIGH_VOLATILITY
2019-01-02,290.97,294.74,283.81,287.07,6100000.0,289.76,285.6215,54.47679209008513,0.02526261188865828,BULLISH,RSI_NORMAL,HIGH_VOLATILITY
2019-01-03,286.93,289.69,282.75,287.85,6120000.0,289.172,285.6535,56.69236159775753,0.024933757503641924,BULLISH,RSI_NORMAL,HIGH_VOLATILITY
2019-01-04,286.89,298.13,286.89,296.07,11150000.0,290.256,286.5005,52.270620945319735,0.024740616100609403,BULLISH,RSI_NORMAL,HIGH_VOLATILITY
2019-01-07,297.86,301.07,295.75,298.36,5410000.0,292.54200000000003,287.4645,57.0683936187016,0.024746389698028178,BULLISH,RSI_NORMAL,HIGH_VOLATILITY
2019-01-08,297.26,304.61,296.8,302.31,7060000.0,294.332,289.039,58.10081701865267,0.023543469103631486,BULLISH,RSI_NORMAL,HIGH_VOLATILITY
2019-01-09,305.94,310.25,300.52,307.13,7870000.0,298.344,291.0705,58.306488725264586,0.023069844799340843,BULLISH,RSI_NORMAL,HIGH_VOLATILITY
2019-01-10,309.01,310.94,305.2,309.7,5640000.0,302.714,292.52799999999996,65.33569473514731,0.020465685386895673,BULLISH,RSI_NORMAL,HIGH_VOLATILITY
2019-01-11,309.56,309.7,302.08,307.68,5810000.0,305.036,293.99699999999996,72.21925609539065,0.020417642591282096,BULLISH,RSI_HIGH,HIGH_VOLATILITY
2019-01-14,306.76,307.41,301.3,304.47,3610000.0,306.25800000000004,294.56399999999996,67.7186963979417,0.01724899206966438,BULLISH,RSI_NORMAL,HIGH_VOLATILITY
2019-01-15,303.0,311.58,299.79,310.11,5600000.0,307.818,295.599,64.8355754857997,0.017258124315708855,BULLISH,RSI_NORMAL,HIGH_VOLATILITY
2019-01-16,309.2,317.0,304.28,306.63,7560000.0,307.718,296.34049999999996,64.78715459297982,0.017529033388446115,BULLISH,RSI_NORMAL,HIGH_VOLATILITY
2019-01-17,305.75,309.2,303.18,304.88,4490000.0,306.754,296.7695,62.896501721950365,0.017353169623642115,BULLISH,RSI_NORMAL,HIGH_VOLATILITY
2019-01-18,303.46,305.25,279.4,285.69,16059999.999999998,302.356,296.5215,49.122310305775756,0.02219682873714246,BEARISH,RSI_NORMAL,HIGH_VOLATILITY
2019-01-21,285.28,289.69,280.96,285.88,8460000.0,298.63800000000003,296.67999999999995,44.19254658385091,0.021288944673478402,BEARISH,RSI_NORMAL,HIGH_VOLATILITY
2019-01-22,286.47,286.56,276.88,279.91,8610000.0,292.598,296.485,44.413233458177295,0.021812465512085093,BEARISH,RSI_NORMAL,HIGH_VOLATILITY
2019-01-23,281.7,282.25,277.57,278.85,5510000.0,287.04200000000003,295.716,43.00807955251708,0.01998259059234699,BEARISH,RSI_NORMAL,HIGH_VOLATILITY
2019-01-24,281.61,282.62,270.4,276.97,10200000.0,281.46000000000004,295.025,33.540158566011726,0.019893052490020807,BEARISH,RSI_NORMAL,HIGH_VOLATILITY
2019-01-25,279.13,286.47,277.29,282.34,5930000.0,280.79,294.6095,36.890343698854274,0.02047321317578684,BEARISH,RSI_NORMAL,HIGH_VOLATILITY
2019-01-28,282.8,284.04,270.59,280.18,4460000.0,279.65000000000003,294.272,31.343786882481822,0.020352323342407132,BEARISH,RSI_NORMAL,HIGH_VOLATILITY
2019-01-29,280.04,284.31,277.01,282.66,3150000.0,280.2,293.737,28.523784447955038,0.01974877052409263,BEARISH,RSI_LOW,HIGH_VOLATILITY
2019-01-30,283.72,287.3,275.55,278.85,6430000.0,280.2,293.32599999999996,23.501116646624254,0.01940645898685565,BEARISH,RSI_LOW,HIGH_VOLATILITY
2019-01-31,279.59,285.05,278.35,281.33,9320000.0,281.072,293.0,27.543889551729933,0.019522033423390116,BEARISH,RSI_LOW,HIGH_VOLATILITY
2019-02-01,280.14,294.64,280.04,286.33,9070000.0,281.87,292.51300000000003,34.998346013893425,0.018799434439576154,BEARISH,RSI_NORMAL,HIGH_VOLATILITY
2019-02-04,284.64,285.32,277.47,281.47,3820000.0,282.128,291.6685,26.005361930294853,0.01897173751042348,BEARISH,RSI_LOW,HIGH_VOLATILITY
2019-02-05,271.23,286.15,268.89,282.98,14410000.0,282.192,290.70200000000006,29.50961705077104,0.018702585990106164,BEARISH,RSI_LOW,HIGH_VOLATILITY
2019-02-06,281.88,285.09,276.37,283.49,5110000.0,283.12,289.52000000000004,31.060740216043868,0.018204256350673374,BEARISH,RSI_NORMAL,HIGH_VOLATILITY
2019-02-07,283.35,288.68,280.23,285.69,3780000.0,283.992,288.3195,50.0,0.01818332142252978,BEARISH,RSI_NORMAL,HIGH_VOLATILITY
2019-02-08,283.72,288.49,281.05,287.62,3350000.0,284.25000000000006,287.3165,52.110625909752564,0.01832308755262109,BULLISH,RSI_NORMAL,HIGH_VOLATILITY
2019-02-11,289.23,289.64,285.55,286.66,3240000.0,285.288,286.42600000000004,59.32062966031488,0.01824423664165095,BULLISH,RSI_NORMAL,HIGH_VOLATILITY
2019-02-12,286.2,289.78,284.31,285.78,2190000.0,285.84800000000007,285.20950000000005,59.61698584512902,0.017538219776684058,BULLISH,RSI_NORMAL,HIGH_VOLATILITY
2019-02-13,286.89,286.98,282.16,285.14,2390000.0,286.178,284.13500000000005,61.74187985053175,0.01745640116582266,BULLISH,RSI_NORMAL,HIGH_VOLATILITY
2019-02-14,283.72,284.54,272.24,276.19,8420000.0,284.278,282.70050000000003,41.985926505082105,0.018539896763622454,BEARISH,RSI_NORMAL,HIGH_VOLATILITY
2019-02-15,276.37,281.01,273.02,279.68,6600000.0,282.68999999999994,282.4,49.37027707808564,0.012902262729067802,BEARISH,RSI_NORMAL,LOW_VOLATILITY
2019-02-18,281.79,282.02,275.5,277.8,4360000.0,280.918,281.996,43.785166240409175,0.012958214239108411,BEARISH,RSI_NORMAL,LOW_VOLATILITY
2019-02-19,279.03,287.85,276.88,278.85,7450000.0,279.532,281.943,50.0,0.012150099328038018,BEARISH,RSI_NORMAL,LOW_VOLATILITY
2019-02-20,280.55,285.42,280.0,283.72,6100000.0,279.248,282.1865,53.08546346501426,0.012727981818207673,BULLISH,RSI_NORMAL,LOW_VOLATILITY
2019-02-21,280.87,285.55,278.21,284.54,5700000.0,280.918,282.565,47.40955137481915,0.012603498239712452,BULLISH,RSI_NORMAL,LOW_VOLATILITY
2019-02-22,283.9,290.6,282.85,288.17,6090000.0,282.61600000000004,282.8565,60.054021608643446,0.012186397916409663,BULLISH,RSI_NORMAL,LOW_VOLATILITY
2019-02-25,288.31,293.82,286.1,291.29,4080000.0,285.314,283.41200000000003,61.89521900944747,0.012189024532241662,BULLISH,RSI_NORMAL,LOW_VOLATILITY
2019-02-26,289.87,294.28,287.76,289.64,5460000.0,287.47200000000004,283.76099999999997,58.525090102578275,0.012192842031924188,BULLISH,RSI_NORMAL,LOW_VOLATILITY
2019-02-27,292.85,298.64,288.63,293.96,4440000.0,289.52000000000004,284.5165,60.827441738675006,0.012034515056929136,BULLISH,RSI_NORMAL,LOW_VOLATILITY
2019-02-28,298.32,300.2,290.1,292.03,7550000.0,291.018,285.05150000000003,55.77376276512171,0.012112732422602305,BULLISH,RSI_NORMAL,LOW_VOLATILITY
2019-03-01,291.8,291.8,277.38,282.48,29030000.0,289.88,284.85900000000004,45.53227875160324,0.01378307119087986,BEARISH,RSI_NORMAL,LOW_VOLATILITY
2019-03-05,282.8,283.9,278.76,282.66,11190000.0,288.154,284.9185,46.61458333333339,0.013232558620887047,BEARISH,RSI_NORMAL,LOW_VOLATILITY
2019-03-06,285.51,287.62,283.07,284.08,6960000.0,287.04200000000003,284.97349999999994,48.86897140418267,0.013225900867494913,BEARISH,RSI_NORMAL,LOW_VOLATILITY
2019-03-07,284.64,286.66,281.88,282.48,6350000.0,284.746,284.923,57.96001012401927,0.013285148878868272,BEARISH,RSI_NORMAL,LOW_VOLATILITY
2019-03-08,284.41,286.47,282.48,283.44,4360000.0,283.02799999999996,284.8105,55.08382909680909,0.013184849896394095,BEARISH,RSI_NORMAL,LOW_VOLATILITY
2019-03-11,283.76,309.52,283.44,306.49,16739999.999999998,287.83000000000004,285.754,74.66895958727432,0.02252383567718779,BULLISH,RSI_HIGH,HIGH_VOLATILITY
2019-03-12,305.57,325.04,302.4,323.02,29520000.0,295.90200000000004,287.572,79.99456743175338,0.0251118145864978,BULLISH,RSI_HIGH,HIGH_VOLATILITY
2019-03-13,319.99,327.38,308.97,310.11,13740000.0,301.108,288.7885,66.15648340884047,0.027110614985888036,BULLISH,RSI_NORMAL,HIGH_VOLATILITY
2019-03-14,309.43,317.64,307.18,314.38,6800000.0,307.488,290.2505,67.52819548872182,0.027139486153448696,BULLISH,RSI_NORMAL,HIGH_VOLATILITY
2019-03-15,315.85,316.63,304.1,310.07,11320000.0,312.81399999999996,291.9445,62.76223776223777,0.026153872948776163,BULLISH,RSI_NORMAL,HIGH_VOLATILITY
2019-03-18,310.34,315.53,302.36,303.55,7630000.0,312.226,293.13800000000003,56.87219730941705,0.026787971747172595,BULLISH,RSI_NORMAL,HIGH_VOLATILITY
2019-03-19,304.84,311.68,304.84,309.2,5540000.0,309.46200000000005,294.708,60.49356223175969,0.026831529238982018,BULLISH,RSI_NORMAL,HIGH_VOLATILITY
2019-03-20,309.56,312.09,305.16,306.67,3250000.0,308.774,296.09900000000005,56.95219341428732,0.027009397065612676,BULLISH,RSI_NORMAL,HIGH_VOLATILITY
2019-03-22,308.51,318.98,302.36,304.42,8950000.0,306.782,297.134,56.75351575275268,0.02698140821575096,BULLISH,RSI_NORMAL,HIGH_VOLATILITY
2019-03-25,305.66,307.5,296.76,300.24,5160000.0,304.816,297.919,60.282538212135265,0.027267474120012906,BULLISH,RSI_NORMAL,HIGH_VOLATILITY
2019-03-26,301.67,304.28,299.56,300.98,4170000.0,304.302,298.55949999999996,60.538426138978394,0.027171258234727404,BULLISH,RSI_NORMAL,HIGH_VOLATILITY
2019-03-27,303.92,305.75,294.18,296.11,5840000.0,301.684,298.8005,56.655969901516016,0.027406743729441636,BEARISH,RSI_NORMAL,HIGH_VOLATILITY
2019-03-28,296.2,305.75,291.75,302.95,13370000.0,300.93999999999994,299.466,60.70494718125719,0.02778143115162628,BULLISH,RSI_NORMAL,HIGH_VOLATILITY
2019-03-29,303.92,308.83,302.08,305.85,4860000.0,301.226,300.06050000000005,61.486417221937494,0.02768236637272628,BULLISH,RSI_NORMAL,HIGH_VOLATILITY
2019-04-01,306.58,316.73,305.94,312.92,6950000.0,303.76200000000006,301.10499999999996,53.94140002451883,0.027973893703530817,BULLISH,RSI_NORMAL,HIGH_VOLATILITY
2019-04-02,314.94,329.63,314.94,327.28,21840000.0,309.02200000000005,303.345,52.68261964735516,0.028092708668290972,BULLISH,RSI_NORMAL,HIGH_VOLATILITY
2019-04-03,326.87,333.3,319.07,321.36,12030000.0,314.072,305.28000000000003,57.76826405192654,0.02864891516103135,BULLISH,RSI_NORMAL,HIGH_VOLATILITY
2019-04-04,323.2,330.09,323.2,327.61,11940000.0,319.004,307.4565,58.892324237128676,0.028782644855162094,BULLISH,RSI_NORMAL,HIGH_VOLATILITY
2019-04-05,329.26,330.31,324.62,327.47,3660000.0,323.32800000000003,309.706,62.38963258330964,0.028680639899103563,BULLISH,RSI_NORMAL,HIGH_VOLATILITY
2019-04-08,329.08,334.03,323.7,325.91,5550000.0,325.92600000000004,311.8295,67.1314741035857,0.02880435751807734,BULLISH,RSI_NORMAL,HIGH_VOLATILITY
2019-04-09,329.21,331.46,313.56,322.83,9890000.0,325.036,312.64649999999995,60.87095230499283,0.02313563848155503,BULLISH,RSI_NORMAL,HIGH_VOLATILITY
2019-04-10,322.1,325.4,310.34,312.18,4670000.0,323.2,312.10450000000003,53.89069340488631,0.021110564570063987,BULLISH,RSI_NORMAL,HIGH_VOLATILITY
2019-04-11,313.74,322.51,309.56,318.01,17850000.0,321.28000000000003,312.4995,59.13429224358112,0.019496525558868667,BULLISH,RSI_NORMAL,HIGH_VOLATILITY
2019-04-12,318.61,321.68,311.26,313.97,8199999.999999999,318.58000000000004,312.47900000000004,59.24579124579128,0.019513926769048114,BULLISH,RSI_NORMAL,HIGH_VOLATILITY
2019-04-15,316.68,320.44,307.41,319.25,10020000.0,317.24800000000005,312.938,61.59411092778272,0.019569513877317438,BULLISH,RSI_NORMAL,HIGH_VOLATILITY
2019-04-16,319.53,322.37,312.87,320.21,9340000.0,316.724,313.7710000000001,66.09241452991455,0.018828150620765594,BULLISH,RSI_NORMAL,HIGH_VOLATILITY
2019-04-18,320.9,321.78,305.43,318.56,15840000.0,318.0,314.239,61.19959822069167,0.01852801302824113,BULLISH,RSI_NORMAL,HIGH_VOLATILITY
2019-04-22,315.85,329.21,309.06,320.81,15060000.0,318.56,314.946,60.83429895712632,0.01841528894057285,BULLISH,RSI_NORMAL,HIGH_VOLATILITY
2019-04-23,325.0,325.4,314.2,316.5,11410000.0,319.066,315.55,52.70066385033192,0.01863444478898766,BULLISH,RSI_NORMAL,HIGH_VOLATILITY
2019-04-24,316.5,326.3,315.6,324.5,7030000.0,320.116,316.76300000000003,47.68024032042725,0.018928056020130705,BULLISH,RSI_NORMAL,HIGH_VOLATILITY
2019-04-25,322.8,332.9,321.0,328.5,11310000.0,321.774,318.139,56.15517241379311,0.01901252571848062,BULLISH,RSI_NORMAL,HIGH_VOLATILITY
2019-04-26,330.0,335.7,322.3,325.45,4910000.0,323.15199999999993,319.606,48.029197080291944,0.018676249883834574,BULLISH,RSI_NORMAL,HIGH_VOLATILITY
2019-04-30,324.0,326.8,314.05,320.3,6030000.0,323.05,320.4735,44.00601906035778,0.018707932468802944,BEARISH,RSI_NORMAL,HIGH_VOLATILITY
2019-05-02,322.9,329.4,321.6,324.2,7780000.0,324.59,321.391,48.62429605792435,0.01876538366337939,BULLISH,RSI_NORMAL,HIGH_VOLATILITY
2019-05-03,324.45,333.85,324.45,331.45,9720000.0,325.97999999999996,322.3175,56.49879372738241,0.01872377702906708,BULLISH,RSI_NORMAL,HIGH_VOLATILITY
2019-05-06,331.45,336.4,326.5,333.45,14600000.0,326.96999999999997,322.626,68.44113057048729,0.01581953308574484,BULLISH,RSI_NORMAL,LOW_VOLATILITY
2019-05-07,340.0,340.85,321.45,324.95,17410000.0,326.87,322.8055,55.750745773947635,0.01636805535864666,BULLISH,RSI_NORMAL,LOW_VOLATILITY
2019-05-08,324.85,327.45,320.1,324.5,4770000.0,327.71,322.65,59.277533039647565,0.015762692142426475,BULLISH,RSI_NORMAL,LOW_VOLATILITY
2019-05-09,321.25,326.2,312.6,315.45,7850000.0,325.9599999999999,322.04900000000004,46.86054196959682,0.016922436484533496,BEARISH,RSI_NORMAL,LOW_VOLATILITY
2019-05-10,318.9,328.4,315.2,324.1,7710000.0,324.49,321.9585,52.85148805160536,0.018107718739812612,BULLISH,RSI_NORMAL,HIGH_VOLATILITY
2019-05-13,321.5,327.35,314.65,318.65,6500000.0,321.53000000000003,321.7495,50.06249132064989,0.018380260911227245,BEARISH,RSI_NORMAL,HIGH_VOLATILITY
2019-05-14,316.0,339.7,315.2,336.6,10750000.0,323.86,322.9705,59.001254132938094,0.020764964170445436,BULLISH,RSI_NORMAL,HIGH_VOLATILITY
2019-05-15,336.0,338.0,328.7,331.25,7640000.0,325.21,323.6325,58.30985915492957,0.020915197806868364,BULLISH,RSI_NORMAL,HIGH_VOLATILITY
2019-05-16,332.0,333.3,321.05,325.2,4510000.0,327.15999999999997,324.19399999999996,50.4032258064516,0.02115990944001821,BULLISH,RSI_NORMAL,HIGH_VOLATILITY
2019-05-17,323.7,330.7,322.15,328.45,4040000.0,328.03000000000003,324.654,49.97094712376525,0.020962000846813957,BULLISH,RSI_NORMAL,HIGH_VOLATILITY
2019-05-20,332.05,341.95,331.0,340.1,7710000.0,332.32,325.64849999999996,57.739038563127316,0.02228922025118501,BULLISH,RSI_NORMAL,HIGH_VOLATILITY
2019-05-21,340.0,340.1,328.55,330.65,4240000.0,331.13,326.25300000000004,55.22991409802928,0.02329042086796984,BULLISH,RSI_NORMAL,HIGH_VOLATILITY
2019-05-22,331.0,337.95,328.65,335.15,6670000.0,331.90999999999997,326.96999999999997,55.499748869914605,0.023409256811632192,BULLISH,RSI_NORMAL,HIGH_VOLATILITY
2019-05-23,337.55,349.0,334.2,338.8,5350000.0,334.63,328.085,53.830119854090675,0.023171408434063158,BULLISH,RSI_NORMAL,HIGH_VOLATILITY
2019-05-24,340.05,356.0,340.0,353.2,9580000.0,339.58,329.52,59.11398246423626,0.024309338341695158,BULLISH,RSI_NORMAL,HIGH_VOLATILITY
2019-05-27,349.7,351.9,346.35,349.5,3930000.0,341.46,330.57,61.854176726219194,0.02445840337173777,BULLISH,RSI_NORMAL,HIGH_VOLATILITY
2019-05-28,348.75,351.7,341.7,345.6,8480000.0,344.45,331.5775,59.85981308411214,0.024513025669352217,BULLISH,RSI_NORMAL,HIGH_VOLATILITY
2019-05-29,343.8,345.15,337.85,338.8,4500000.0,345.18,332.50249999999994,61.14558472553698,0.02468562441442855,BULLISH,RSI_NORMAL,HIGH_VOLATILITY
2019-05-30,340.0,349.55,339.55,346.7,13890000.0,346.76000000000005,333.6275,60.865384615384585,0.025024659798390622,BULLISH,RSI_NORMAL,HIGH_VOLATILITY
2019-05-31,349.0,352.4,344.45,348.8,10830000.0,345.88,334.495,64.97764530551416,0.024645841182440523,BULLISH,RSI_NORMAL,HIGH_VOLATILITY
2019-06-03,351.5,355.75,348.85,352.75,5120000.0,346.53000000000003,335.46,59.31909982688977,0.02471023866584008,BULLISH,RSI_NORMAL,HIGH_VOLATILITY
2019-06-04,351.0,355.95,349.75,352.4,6630000.0,347.89,336.83250000000004,62.9516227801592,0.023808894221369482,BULLISH,RSI_NORMAL,HIGH_VOLATILITY
2019-06-06,352.8,355.95,348.5,353.8,10320000.0,350.89,338.2975,68.57142857142856,0.023771332078704344,BULLISH,RSI_NORMAL,HIGH_VOLATILITY
2019-06-07,353.8,361.95,351.8,357.1,5770000.0,352.97,340.38,68.59182349123945,0.02251809720818094,BULLISH,RSI_NORMAL,HIGH_VOLATILITY
2019-06-10,354.8,364.65,353.65,363.45,5880000.0,355.9,342.34749999999997,66.27177700348429,0.022145882732839062,BULLISH,RSI_NORMAL,HIGH_VOLATILITY
2019-06-11,363.0,366.95,358.25,363.25,5560000.0,358.0,344.5775,76.08000000000001,0.021555638603120222,BULLISH,RSI_HIGH,HIGH_VOLATILITY
2019-06-12,362.4,362.4,357.1,359.9,2820000.0,359.5,345.7425,70.17114914425427,0.01837522445300761,BULLISH,RSI_HIGH,HIGH_VOLATILITY
2019-06-13,357.05,364.95,357.05,363.75,3770000.0,361.48999999999995,347.3675,70.26807473598699,0.01785177472707055,BULLISH,RSI_HIGH,HIGH_VOLATILITY
2019-06-14,362.55,362.95,351.65,353.3,5080000.0,360.73,348.77250000000004,50.08680555555558,0.018697904859687753,BULLISH,RSI_NORMAL,HIGH_VOLATILITY
2019-06-17,355.6,355.6,342.1,344.0,6960000.0,356.84,349.55,45.64873417721519,0.019845892982277638,BEARISH,RSI_NORMAL,HIGH_VOLATILITY
2019-06-18,345.4,347.35,341.2,345.15,4890000.0,353.21999999999997,349.8025,49.627791563275395,0.01827503718564854,BEARISH,RSI_NORMAL,HIGH_VOLATILITY
2019-06-19,346.5,348.0,334.3,341.1,3930000.0,349.46000000000004,350.325,51.99306759098788,0.017274190833146998,BEARISH,RSI_NORMAL,HIGH_VOLATILITY
2019-06-20,339.25,350.0,339.2,348.55,3500000.0,346.42,350.995,51.61572052401749,0.017666536631502697,BEARISH,RSI_NORMAL,HIGH_VOLATILITY
2019-06-21,347.5,349.9,342.7,343.8,9580000.0,344.52000000000004,351.245,45.826377295492485,0.017874616690192805,BEARISH,RSI_NORMAL,HIGH_VOLATILITY
2019-06-24,345.15,348.55,343.5,345.1,3250000.0,344.73999999999995,350.84000000000003,43.31877729257644,0.014994409237975383,BEARISH,RSI_NORMAL,LOW_VOLATILITY
2019-06-25,345.45,352.0,344.55,348.6,2800000.0,345.43,350.79499999999996,46.85430463576163,0.015021158987461222,BEARISH,RSI_NORMAL,LOW_VOLATILITY
2019-06-26,350.0,352.0,342.55,345.55,4650000.0,346.32000000000005,350.79249999999996,43.35213537469782,0.014936555098903034,BEARISH,RSI_NORMAL,LOW_VOLATILITY
2019-06-27,347.25,350.85,340.9,348.65,12900000.0,346.34000000000003,351.285,43.168957154405774,0.014300425021654602,BEARISH,RSI_NORMAL,LOW_VOLATILITY
2019-06-28,348.4,350.0,342.5,346.65,8580000.0,346.90999999999997,351.28249999999997,35.391304347826065,0.013419393048226567,BEARISH,RSI_NORMAL,LOW_VOLATILITY
2019-07-01,347.0,349.85,345.15,348.5,3410000.0,347.59,351.26750000000004,37.531699070160606,0.013403460754609998,BEARISH,RSI_NORMAL,LOW_VOLATILITY
2019-07-02,349.0,354.5,347.35,353.6,3750000.0,348.59000000000003,351.31000000000006,44.827586206896584,0.013569479446661908,BULLISH,RSI_NORMAL,LOW_VOLATILITY
2019-07-03,352.9,356.5,349.75,353.2,8320000.0,350.12,351.35,40.81810269799825,0.01357016232404384,BULLISH,RSI_NORMAL,LOW_VOLATILITY
2019-07-04,353.35,365.0,353.0,362.75,8410000.0,352.93999999999994,351.7975,58.35543766578248,0.014829286684028678,BULLISH,RSI_NORMAL,LOW_VOLATILITY
2019-07-05,362.75,371.15,360.5,364.8,6750000.0,356.57000000000005,352.1825,71.09533468559839,0.014747825489702215,BULLISH,RSI_HIGH,LOW_VOLATILITY
2019-07-08,362.0,364.4,354.45,356.4,3480000.0,358.15,351.83000000000004,59.946949602122004,0.015146243260582145,BULLISH,RSI_NORMAL,LOW_VOLATILITY
2019-07-09,356.0,363.25,354.1,362.3,3860000.0,359.89,351.7825,68.15068493150679,0.015640084679271644,BULLISH,RSI_NORMAL,LOW_VOLATILITY
2019-07-10,362.9,364.9,353.65,358.55,5200000.0,360.96000000000004,351.71500000000003,59.14076782449723,0.015677035551645003,BULLISH,RSI_NORMAL,LOW_VOLATILITY
2019-07-11,358.25,362.4,356.3,360.75,3450000.0,360.56000000000006,351.565,66.25119846596351,0.015544751373304579,BULLISH,RSI_NORMAL,LOW_VOLATILITY
2019-07-12,360.8,360.8,354.15,356.1,4660000.0,358.82,351.705,59.909909909909885,0.014379976658430733,BULLISH,RSI_NORMAL,LOW_VOLATILITY
2019-07-15,357.6,359.4,349.15,350.6,3460000.0,357.66,352.03499999999997,51.73913043478261,0.013490514498757059,BEARISH,RSI_NORMAL,LOW_VOLATILITY
2019-07-16,351.0,354.95,349.65,350.75,3580000.0,355.35,352.315,54.761904761904745,0.013480031559979865,BEARISH,RSI_NORMAL,LOW_VOLATILITY
2019-07-17,350.55,353.4,344.8,346.25,4680000.0,352.89,352.5725,47.85714285714288,0.013536148618545792,BEARISH,RSI_NORMAL,LOW_VOLATILITY
2019-07-18,348.0,351.2,338.6,342.5,3640000.0,349.24,352.27000000000004,46.40692640692643,0.012820344514751244,BEARISH,RSI_NORMAL,LOW_VOLATILITY
2019-07-19,343.5,346.0,336.1,339.95,2470000.0,346.01000000000005,352.0775,42.68605645851155,0.012566710095507106,BEARISH,RSI_NORMAL,LOW_VOLATILITY
2019-07-22,339.0,343.5,335.6,342.55,3060000.0,344.4,351.95,40.12511170688115,0.012665214017116382,BEARISH,RSI_NORMAL,LOW_VOLATILITY
2019-07-23,342.95,348.5,337.4,343.6,3610000.0,342.96999999999997,351.7,41.519434628975304,0.012455407289564015,BEARISH,RSI_NORMAL,LOW_VOLATILITY
2019-07-24,344.0,344.75,335.75,338.9,4750000.0,341.5,351.3675,26.956521739130466,0.012671049451846923,BEARISH,RSI_LOW,LOW_VOLATILITY
2019-07-25,335.0,343.45,334.55,339.0,7460000.0,340.8,350.885,24.09638554216872,0.012462290485343685,BEARISH,RSI_LOW,LOW_VOLATILITY
2019-07-26,338.0,338.9,328.2,334.9,5000000.0,339.79,350.2975,26.373626373626436,0.01266016295551601,BEARISH,RSI_LOW,LOW_VOLATILITY
2019-07-29,334.7,336.45,328.1,334.55,4980000.0,338.18999999999994,349.6,15.269086357947472,0.012554871381807232,BEARISH,RSI_LOW,LOW_VOLATILITY
2019-07-30,337.0,348.3,335.15,345.75,12720000.0,338.62,349.2075,36.497890295358644,0.014432798338233445,BEARISH,RSI_NORMAL,LOW_VOLATILITY
2019-07-31,343.2,353.75,332.7,337.6,10860000.0,338.36,348.4275,28.30365510777885,0.01528853059234276,BEARISH,RSI_LOW,LOW_VOLATILITY
2019-08-01,335.0,338.75,321.15,323.9,9770000.0,335.34,346.485,24.198717948717956,0.015957106507599596,BEARISH,RSI_LOW,LOW_VOLATILITY
2019-08-02,332.0,354.95,327.2,343.55,28060000.0,337.07000000000005,345.4225,45.39516655780536,0.021695562114295252,BEARISH,RSI_NORMAL,HIGH_VOLATILITY
2019-08-05,340.1,361.65,339.05,357.7,15230000.0,341.7,345.4875,53.837658752070666,0.023237650213967984,BULLISH,RSI_NORMAL,HIGH_VOLATILITY
2019-08-06,354.1,375.4,354.1,368.45,17020000.0,346.24,345.79499999999996,61.46694214876032,0.02391659712962115,BULLISH,RSI_NORMAL,HIGH_VOLATILITY
2019-08-07,368.0,372.95,362.5,366.1,12520000.0,351.94,346.1725,62.36897274633124,0.023832759958547355,BULLISH,RSI_NORMAL,HIGH_VOLATILITY
2019-08-08,366.0,378.75,365.4,372.15,16050000.0,361.59000000000003,346.74249999999995,66.27906976744185,0.024055711449600146,BULLISH,RSI_NORMAL,HIGH_VOLATILITY
2019-08-09,372.0,373.75,364.15,371.15,7700000.0,367.11,347.495,64.6968139773895,0.02383433691576527,BULLISH,RSI_NORMAL,HIGH_VOLATILITY
2019-08-13,361.2,365.0,346.15,351.65,14030000.0,365.9,347.5475,53.477321814254836,0.026576535240127944,BULLISH,RSI_NORMAL,HIGH_VOLATILITY
2019-08-14,355.0,363.85,347.3,361.2,7670000.0,364.45,348.07,59.24543946932007,0.027237479683907412,BULLISH,RSI_NORMAL,HIGH_VOLATILITY
2019-08-16,360.0,365.0,355.0,361.55,5720000.0,363.53999999999996,348.835,59.3297476210178,0.027020773835729178,BULLISH,RSI_NORMAL,HIGH_VOLATILITY
2019-08-19,363.45,366.25,359.8,361.0,4520000.0,361.31,349.76,61.125319693094646,0.026858577104955775,BULLISH,RSI_NORMAL,HIGH_VOLATILITY
2019-08-20,360.5,362.35,357.4,358.05,5270000.0,358.68999999999994,350.665,59.799833194328606,0.026873898753165273,BULLISH,RSI_NORMAL,HIGH_VOLATILITY
2019-08-21,358.0,360.2,353.15,354.9,4050000.0,359.34000000000003,351.28249999999997,54.09029950826999,0.026973640279328602,BULLISH,RSI_NORMAL,HIGH_VOLATILITY
2019-08-22,355.0,357.2,351.0,352.75,3110000.0,357.65,351.73999999999995,57.15635333018421,0.027033830008638952,BULLISH,RSI_NORMAL,HIGH_VOLATILITY
2019-08-23,354.0,358.95,350.5,356.4,4590000.0,356.62,352.615,66.9624217118998,0.02684952319932748,BULLISH,RSI_NORMAL,HIGH_VOLATILITY
2019-08-26,357.95,362.65,346.9,360.65,4930000.0,356.55,353.6975,60.63432835820895,0.026916860220872516,BULLISH,RSI_NORMAL,HIGH_VOLATILITY
2019-08-27,362.5,368.2,344.75,348.3,32200000.000000004,354.59999999999997,354.3675,44.0203562340967,0.02802272466329324,BEARISH,RSI_NORMAL,HIGH_VOLATILITY
2019-08-28,349.5,349.5,340.5,345.8,5520000.0,352.78000000000003,354.93,33.90191897654583,0.02809512462180569,BEARISH,RSI_NORMAL,HIGH_VOLATILITY
2019-08-29,342.35,349.75,341.15,343.5,5930000.0,350.93,354.8175,33.926031294452315,0.02714793461118642,BEARISH,RSI_NORMAL,HIGH_VOLATILITY
2019-08-30,345.0,349.6,338.75,346.8,4770000.0,349.01,355.2775,31.236121391561838,0.026639215032952118,BEARISH,RSI_NORMAL,HIGH_VOLATILITY
2019-09-03,339.13,339.57,329.32,330.64,4310000.0,343.008,355.6145,25.51082094063598,0.02717029610753277,BEARISH,RSI_LOW,HIGH_VOLATILITY
2019-09-04,329.81,340.95,328.92,339.33,5240000.0,341.21400000000006,355.4035,41.432545201669,0.024140387296215884,BEARISH,RSI_NORMAL,HIGH_VOLATILITY
2019-09-05,338.64,342.91,334.67,341.29,3330000.0,340.312,354.58299999999997,34.520292334007195,0.022151017030609683,BEARISH,RSI_NORMAL,HIGH_VOLATILITY
2019-09-06,343.75,347.48,338.74,342.81,6390000.0,340.174,353.30100000000004,35.69028711056811,0.020898983556300797,BEARISH,RSI_NORMAL,HIGH_VOLATILITY
2019-09-09,344.48,350.81,343.11,349.88,3780000.0,340.78999999999996,352.49,42.27777777777777,0.021557513912519977,BEARISH,RSI_NORMAL,HIGH_VOLATILITY
2019-09-11,355.08,355.28,344.73,348.56,4900000.0,344.374,351.3105,43.25706977405143,0.021110695723174387,BEARISH,RSI_NORMAL,HIGH_VOLATILITY
2019-09-12,351.8,351.8,340.36,341.14,5640000.0,344.736,349.81,40.78242229367632,0.021499821961301988,BEARISH,RSI_NORMAL,HIGH_VOLATILITY
2019-09-13,341.19,343.26,334.62,336.73,5010000.0,343.82399999999996,349.06399999999996,39.58387516254877,0.018391203190678666,BEARISH,RSI_NORMAL,HIGH_VOLATILITY
2019-09-16,336.68,339.04,332.16,337.66,5100000.0,342.794,347.887,37.368562954974415,0.01712043937719309,BEARISH,RSI_NORMAL,HIGH_VOLATILITY
2019-09-17,342.37,342.37,326.42,333.59,8490000.0,339.536,346.489,31.716216216216225,0.017200068842196114,BEARISH,RSI_NORMAL,HIGH_VOLATILITY
2019-09-18,335.3,337.81,328.43,329.42,7630000.0,335.70799999999997,344.90999999999997,35.657854755393515,0.01729595817330719,BEARISH,RSI_NORMAL,HIGH_VOLATILITY
2019-09-19,332.16,336.24,328.53,331.38,11890000.0,333.75600000000003,343.5765,38.955269607843135,0.01742265387584229,BEARISH,RSI_NORMAL,HIGH_VOLATILITY
2019-09-20,333.44,358.37,328.88,349.83,15820000.0,336.37600000000003,343.323,53.88677391624707,0.021838324122150785,BULLISH,RSI_NORMAL,HIGH_VOLATILITY
2019-09-23,349.44,355.57,338.64,341.59,5850000.0,337.162,342.765,46.98390644899847,0.02241577388730332,BEARISH,RSI_NORMAL,HIGH_VOLATILITY
2019-09-24,341.59,345.51,339.04,342.23,4810000.0,338.89,342.05649999999997,58.17925194071985,0.02226223970592876,BULLISH,RSI_NORMAL,HIGH_VOLATILITY
2019-09-25,342.62,344.48,331.77,335.35,4700000.0,340.076,340.7915,47.1176129779838,0.02237528840079238,BEARISH,RSI_NORMAL,HIGH_VOLATILITY
2019-09-26,334.77,340.65,334.18,337.71,4960000.0,341.342,340.262,47.422235023041445,0.02125565865166577,BEARISH,RSI_NORMAL,HIGH_VOLATILITY
2019-09-27,337.66,348.36,333.0,342.67,3420000.0,339.90999999999997,340.1055,49.90395170142701,0.021499904552698026,BULLISH,RSI_NORMAL,HIGH_VOLATILITY
2019-09-30,346.49,367.99,337.91,360.29,19980000.0,343.65,340.945,56.238763034879554,0.024323708996567547,BULLISH,RSI_NORMAL,HIGH_VOLATILITY
2019-10-01,363.18,363.82,340.46,344.48,7340000.0,344.1,340.82900000000006,47.91666666666668,0.026374639246854317,BULLISH,RSI_NORMAL,HIGH_VOLATILITY
2019-10-03,344.48,349.05,335.01,338.54,5040000.0,344.738,341.22400000000005,48.652011613438425,0.0243873759334076,BEARISH,RSI_NORMAL,HIGH_VOLATILITY
2019-10-04,341.88,342.27,328.09,333.24,4790000.0,343.84400000000005,340.9195,48.207130381177436,0.02393968617590114,BEARISH,RSI_NORMAL,HIGH_VOLATILITY
2019-10-07,331.77,340.36,330.89,335.26,3570000.0,342.36199999999997,340.61800000000005,48.78073562284087,0.02394379724803444,BEARISH,RSI_NORMAL,HIGH_VOLATILITY
2019-10-09,336.78,354.2,332.75,352.78,8850000.0,340.86,341.1165,58.57691963886654,0.02670407076993756,BULLISH,RSI_NORMAL,HIGH_VOLATILITY
2019-10-10,356.21,377.9,355.33,370.3,48560000.0,346.024,342.1375,66.32327104296436,0.028511505368132406,BULLISH,RSI_NORMAL,HIGH_VOLATILITY
2019-10-11,368.04,378.25,365.73,375.84,11110000.0,353.484,343.5015,67.25931677018633,0.028577317262851017,BULLISH,RSI_NORMAL,HIGH_VOLATILITY
2019-10-14,377.36,389.68,373.24,386.3,10930000.0,364.09599999999995,345.7595,65.09394917639268,0.028385490869821475,BULLISH,RSI_NORMAL,HIGH_VOLATILITY
2019-10-15,382.81,384.73,374.52,376.58,8750000.0,372.35999999999996,347.752,64.30615749448033,0.028954882293518506,BULLISH,RSI_NORMAL,HIGH_VOLATILITY
2019-10-16,374.08,379.67,370.4,378.15,9080000.0,377.434,349.7765,64.57555591624734,0.028948304966008767,BULLISH,RSI_NORMAL,HIGH_VOLATILITY
2019-10-17,377.9,380.36,372.06,378.74,4880000.0,379.12199999999996,352.034,68.55383562815358,0.028658282015498783,BULLISH,RSI_NORMAL,HIGH_VOLATILITY
2019-10-18,377.86,379.28,373.49,376.43,4050000.0,379.24,354.3845,66.5639972621492,0.028467054420485725,BULLISH,RSI_NORMAL,HIGH_VOLATILITY
2019-10-22,374.76,389.19,360.43,367.21,11570000.0,375.422,356.17600000000004,60.128776622090115,0.029331036641333408,BULLISH,RSI_NORMAL,HIGH_VOLATILITY
2019-10-23,366.62,371.03,348.46,353.71,13590000.0,370.848,356.37,47.18851478379762,0.028281001266277934,BEARISH,RSI_NORMAL,HIGH_VOLATILITY
2019-10-24,347.43,369.41,319.5,365.49,74060000.0,368.316,357.565,59.297282945393384,0.028546951349807545,BULLISH,RSI_NORMAL,HIGH_VOLATILITY
2019-10-25,363.08,371.43,355.92,368.24,28280000.0,366.216,358.8655,63.524590163934405,0.02855514282239029,BULLISH,RSI_NORMAL,HIGH_VOLATILITY
2019-10-27,373.1,373.1,373.1,373.1,28280000.0,365.55,360.75300000000004,68.22421360643744,0.02803862556102387,BULLISH,RSI_NORMAL,HIGH_VOLATILITY
2019-10-29,356.31,358.91,346.59,353.27,36910000.0,362.762,361.531,57.081072580011,0.030966634396478305,BEARISH,RSI_NORMAL,HIGH_VOLATILITY
2019-10-30,357.59,364.51,354.0,361.17,17190000.0,364.254,362.456,53.56869417269248,0.031169779262376792,BEARISH,RSI_NORMAL,HIGH_VOLATILITY
2019-10-31,359.94,369.86,357.05,367.35,13030000.0,364.62600000000003,362.809,48.61124187929574,0.02925544628751251,BULLISH,RSI_NORMAL,HIGH_VOLATILITY
2019-11-01,356.65,369.46,356.65,366.17,13940000.0,364.21200000000005,363.8935,45.252822778596006,0.027291529149145937,BULLISH,RSI_NORMAL,HIGH_VOLATILITY
2019-11-04,371.28,374.67,367.11,371.03,7760000.0,363.798,365.518,42.067532467532466,0.02692659976274948,BULLISH,RSI_NORMAL,HIGH_VOLATILITY
2019-11-05,370.05,378.4,367.65,376.87,6770000.0,368.518,367.6995,50.15697737360617,0.026575772478021484,BULLISH,RSI_NORMAL,HIGH_VOLATILITY
2019-11-06,377.9,378.3,363.43,364.61,8340000.0,369.206,369.167,43.431011061517594,0.02797409825266898,BEARISH,RSI_NORMAL,HIGH_VOLATILITY
2019-11-07,367.89,368.58,362.25,364.9,4910000.0,368.716,369.773,43.265862203191894,0.02562572638234843,BEARISH,RSI_NORMAL,HIGH_VOLATILITY
2019-11-08,363.18,368.92,359.84,362.35,6090000.0,367.952,369.3755,43.16504854368933,0.023085571230904798,BEARISH,RSI_NORMAL,HIGH_VOLATILITY
2019-11-11,364.41,367.06,361.46,364.65,2830000.0,366.676,368.81600000000003,48.667776852622815,0.0228547010584249,BEARISH,RSI_NORMAL,HIGH_VOLATILITY
2019-11-13,365.24,366.52,359.4,361.81,6540000.0,363.66400000000004,367.5915,54.74127838913605,0.02183353909875815,BEARISH,RSI_NORMAL,HIGH_VOLATILITY
2019-11-14,351.3,360.33,343.84,355.82,21490000.0,361.906,366.55350000000004,43.928167775963814,0.021456152754251286,BEARISH,RSI_NORMAL,HIGH_VOLATILITY
2019-11-15,351.26,391.16,350.67,385.81,56210000.0,366.088,366.93649999999997,58.220267614859175,0.028956099142419374,BULLISH,RSI_NORMAL,HIGH_VOLATILITY
2019-11-18,388.7,412.8,384.87,401.66,43460000.0,373.95,368.0825,62.11606991345665,0.030285958745764924,BULLISH,RSI_NORMAL,HIGH_VOLATILITY
2019-11-19,419.03,437.44,413.68,431.25,63970000.0,387.27000000000004,370.82349999999997,80.55163767434576,0.03399798287388671,BULLISH,RSI_HIGH,HIGH_VOLATILITY
2019-11-20,440.04,444.6,425.12,429.24,56690000.0,400.756,373.925,77.95941838495033,0.03330211018208782,BULLISH,RSI_HIGH,HIGH_VOLATILITY
2019-11-21,434.35,434.35,414.42,418.44,22600000.0,413.28000000000003,377.1615,70.21764938662447,0.03256776303854803,BULLISH,RSI_HIGH,HIGH_VOLATILITY
2019-11-22,415.2,422.03,409.32,412.9,17090000.0,418.698,379.532,67.87544946828858,0.03239705277241483,BULLISH,RSI_NORMAL,HIGH_VOLATILITY
2019-11-25,413.58,447.25,413.58,443.08,34110000.0,426.98199999999997,383.274,73.08850862013716,0.03564933126999433,BULLISH,RSI_HIGH,HIGH_VOLATILITY
2019-11-26,436.8,438.76,421.98,424.38,23910000.0,425.608,385.83799999999997,64.06536799100007,0.03748355981191799,BULLISH,RSI_NORMAL,HIGH_VOLATILITY
2019-11-27,425.51,428.95,418.54,425.36,13590000.0,424.832,389.4425,69.27225429858512,0.034741935510994505,BULLISH,RSI_NORMAL,HIGH_VOLATILITY
2019-11-28,425.36,435.72,420.6,428.6,22350000.0,426.8639999999999,392.81399999999996,69.83682112605882,0.0346194812857388,BULLISH,RSI_NORMAL,HIGH_VOLATILITY
2019-11-29,431.5,441.36,427.13,434.3,20390000.0,431.14400000000006,396.1615,71.97483354712601,0.034583814114446575,BULLISH,RSI_HIGH,HIGH_VOLATILITY
2019-12-02,462.47,476.65,446.66,450.15,56780000.0,432.558,400.3605,74.11711610064313,0.034985784653927925,BULLISH,RSI_HIGH,HIGH_VOLATILITY
2019-12-03,454.27,456.48,437.04,450.64,24320000.0,437.81000000000006,404.341,75.39305928763363,0.035049122024485097,BULLISH,RSI_HIGH,HIGH_VOLATILITY
2019-12-04,452.36,456.23,446.32,452.9,16850000.0,443.31800000000004,408.14250000000004,78.35611636873466,0.035044112013901986,BULLISH,RSI_HIGH,HIGH_VOLATILITY
2019-12-05,454.76,455.06,437.14,439.11,17640000.0,445.41999999999996,411.8675,67.1957671957672,0.03491455158810314,BULLISH,RSI_NORMAL,HIGH_VOLATILITY
2019-12-06,443.57,444.06,434.69,436.65,11630000.0,445.89,415.45500000000004,62.35609859453349,0.03503149178362184,BULLISH,RSI_NORMAL,HIGH_VOLATILITY
2019-12-09,439.35,443.28,433.56,437.63,8010000.0,443.38599999999997,419.21900000000005,52.82350858559037,0.03486205790305081,BULLISH,RSI_NORMAL,HIGH_VOLATILITY
2019-12-10,437.24,442.69,435.08,438.76,7270000.0,441.01000000000005,422.92449999999997,54.246208742194455,0.03489322592012404,BULLISH,RSI_NORMAL,HIGH_VOLATILITY
2019-12-11,436.31,440.77,432.48,434.59,6930000.0,437.34799999999996,426.56350000000003,57.656205556082284,0.03494096571604696,BULLISH,RSI_NORMAL,HIGH_VOLATILITY
2019-12-12,434.74,435.67,428.46,430.57,7530000.0,435.64,430.30100000000004,58.49927849927851,0.034688541750379866,BULLISH,RSI_NORMAL,HIGH_VOLATILITY
2019-12-13,431.89,432.58,418.15,419.92,13320000.0,432.294,432.0065000000001,36.28287135749824,0.030767582827200886,BEARISH,RSI_NORMAL,HIGH_VOLATILITY
2019-12-16,422.47,423.11,412.7,414.08,7090000.0,427.584,432.62750000000005,42.80324203465623,0.029785106635544827,BEARISH,RSI_NORMAL,HIGH_VOLATILITY
2019-12-17,416.92,433.36,409.9,431.84,23420000.0,426.2,432.657,53.6676477247,0.026497329469748854,BEARISH,RSI_NORMAL,HIGH_VOLATILITY
2019-12-18,438.76,438.86,426.15,430.22,17990000.0,425.326,432.706,50.93404059040591,0.02648897320227904,BEARISH,RSI_NORMAL,HIGH_VOLATILITY
2019-12-19,427.96,448.38,422.32,441.17,14240000.0,427.446,433.84250000000003,53.734913558769165,0.026331504985268633,BULLISH,RSI_NORMAL,HIGH_VOLATILITY
2019-12-20,441.61,451.92,437.49,445.44,21690000.0,432.55,435.46950000000004,47.070531160592125,0.026086401949109862,BULLISH,RSI_NORMAL,HIGH_VOLATILITY
2019-12-23,440.77,450.69,438.22,446.42,10630000.0,439.01800000000003,435.63649999999996,47.39119683481703,0.02042237648466247,BULLISH,RSI_NORMAL,HIGH_VOLATILITY
2019-12-24,446.12,451.52,444.06,448.73,6970000.0,442.396,436.854,47.42369949338937,0.01777544859028733,BULLISH,RSI_NORMAL,HIGH_VOLATILITY
2019-12-26,446.91,448.09,437.78,439.3,6000000.0,444.212,437.55100000000004,50.12406947890819,0.018566686893330017,BULLISH,RSI_NORMAL,HIGH_VOLATILITY
2019-12-27,440.73,448.63,440.73,446.71,6000000.0,445.32,438.45650000000006,56.17026496565261,0.01883316639433616,BULLISH,RSI_NORMAL,HIGH_VOLATILITY
2019-12-30,451.52,456.14,446.71,452.01,12140000.0,446.634,439.342,58.37604846225536,0.01879150973514761,BULLISH,RSI_NORMAL,HIGH_VOLATILITY
2019-12-31,451.52,453.98,446.12,447.4,5210000.0,446.83000000000004,439.2045,54.83654276757725,0.01712915211476347,BULLISH,RSI_NORMAL,HIGH_VOLATILITY
2020-01-01,447.64,452.01,441.46,444.95,5160000.0,446.07399999999996,438.91999999999996,55.91324200913243,0.017166668256831438,BULLISH,RSI_NORMAL,HIGH_VOLATILITY
2020-01-02,445.73,450.93,445.14,446.81,4930000.0,447.576,438.61550000000005,59.503745318352074,0.01715357247980475,BULLISH,RSI_NORMAL,HIGH_VOLATILITY
2020-01-03,447.3,450.74,443.18,446.71,5150000.0,447.576,438.9955,67.88623314194149,0.01564480232798742,BULLISH,RSI_NORMAL,LOW_VOLATILITY
2020-01-06,445.54,449.02,436.46,441.36,7540000.0,445.446,439.23100000000005,68.33333333333337,0.0158494015057986,BULLISH,RSI_NORMAL,LOW_VOLATILITY
2020-01-07,443.67,446.91,434.93,436.9,4350000.0,443.346,439.19449999999995,54.14075286415712,0.016023818037225728,BEARISH,RSI_NORMAL,LOW_VOLATILITY
2020-01-08,434.44,452.26,432.23,450.39,14120000.0,444.434,439.776,63.82074825270656,0.017446228991095606,BULLISH,RSI_NORMAL,HIGH_VOLATILITY
2020-01-09,459.77,466.2,446.91,451.62,18180000.0,445.396,440.62750000000005,58.26086956521737,0.017255297429780197,BULLISH,RSI_NORMAL,HIGH_VOLATILITY
2020-01-10,456.23,457.36,445.83,448.58,37730000.0,445.77,441.52799999999996,52.53144147049337,0.01717739169022208,BULLISH,RSI_NORMAL,HIGH_VOLATILITY
2020-01-13,450.54,461.63,445.88,460.26,15210000.0,449.55,443.54499999999996,59.515951595159486,0.016734928885496297,BULLISH,RSI_NORMAL,LOW_VOLATILITY
2020-01-14,460.26,463.94,458.0,460.7,8240000.0,454.31000000000006,445.8759999999999,58.4474241354975,0.0161847725783967,BULLISH,RSI_NORMAL,LOW_VOLATILITY
2020-01-15,460.85,463.3,456.43,459.23,10880000.0,456.078,447.2455000000001,65.84512641119414,0.013660731622739066,BULLISH,RSI_NORMAL,LOW_VOLATILITY
2020-01-16,460.55,468.16,459.38,465.17,16290000.0,458.788,448.99300000000005,65.02767828069034,0.013725314810397182,BULLISH,RSI_NORMAL,LOW_VOLATILITY
2020-01-17,466.34,494.52,466.34,490.83,61920000.0,467.238,451.476,73.73440939104914,0.017309076822787407,BULLISH,RSI_HIGH,HIGH_VOLATILITY
2020-01-20,489.8,503.25,485.14,499.33,45300000.0,475.05199999999996,454.1705,80.30815921559473,0.017489767815852108,BULLISH,RSI_HIGH,HIGH_VOLATILITY
2020-01-21,500.6,505.51,495.1,502.32,65200000.0,483.37600000000003,456.9655000000001,83.27340215752231,0.017468439258276434,BULLISH,RSI_HIGH,HIGH_VOLATILITY
2020-01-22,505.26,514.1,497.36,505.02,20290000.0,492.534,459.7799999999999,83.4348075818495,0.01746796251792454,BULLISH,RSI_HIGH,HIGH_VOLATILITY
2020-01-23,505.51,516.31,502.91,514.0,15770000.0,502.3,463.515,85.07244866048161,0.016425068404376537,BULLISH,RSI_HIGH,LOW_VOLATILITY
2020-01-24,510.91,517.63,504.67,514.59,23820000.0,507.052,466.90899999999993,90.16123724909508,0.01635478729922648,BULLISH,RSI_HIGH,LOW_VOLATILITY
2020-01-27,511.55,514.44,502.47,504.92,11860000.0,508.1700000000001,469.5544999999999,85.28740402573148,0.017305769032714854,BULLISH,RSI_HIGH,HIGH_VOLATILITY
2020-01-28,504.87,504.92,477.14,482.2,31670000.0,504.146,471.29449999999997,65.06012688192405,0.020450809926708627,BULLISH,RSI_NORMAL,HIGH_VOLATILITY
2020-01-29,484.01,492.16,479.25,481.21,20040000.0,499.384,473.10749999999996,64.04099838663754,0.02038198161957049,BULLISH,RSI_NORMAL,HIGH_VOLATILITY
2020-01-30,482.93,483.82,471.25,480.77,15340000.0,492.738,474.80549999999994,65.66118517076967,0.020413013938996947,BULLISH,RSI_NORMAL,HIGH_VOLATILITY
2020-01-31,484.11,490.2,478.02,487.3,18360000.0,487.2799999999999,476.83500000000004,63.84962097930752,0.02050067512408775,BULLISH,RSI_NORMAL,HIGH_VOLATILITY
2020-02-01,493.4,500.6,483.4,497.2,5750000.0,485.736,479.62699999999995,67.04333208815838,0.020401440613544864,BULLISH,RSI_NORMAL,HIGH_VOLATILITY
2020-02-03,486.91,503.89,486.91,500.65,15210000.0,489.42600000000004,482.81449999999995,68.98954703832749,0.0200385197979098,BULLISH,RSI_NORMAL,HIGH_VOLATILITY
2020-02-04,504.53,512.97,494.17,509.34,14650000.0,495.05199999999996,485.762,69.75225829532239,0.01940968250965337,BULLISH,RSI_NORMAL,HIGH_VOLATILITY
2020-02-05,508.45,527.59,506.29,523.52,30650000.0,503.602,489.35699999999997,66.29123891159173,0.019967482962783716,BULLISH,RSI_NORMAL,HIGH_VOLATILITY
2020-02-06,525.19,542.61,524.26,536.72,17180000.0,513.486,493.76399999999995,67.79967628296677,0.020038073314508284,BULLISH,RSI_NORMAL,HIGH_VOLATILITY
2020-02-07,538.78,538.88,528.33,529.51,8970000.0,519.9480000000001,497.22649999999993,62.443935926773435,0.02023524625934508,BULLISH,RSI_NORMAL,HIGH_VOLATILITY
2020-02-10,530.24,533.63,526.22,528.77,8570000.0,525.572,500.63,61.068133097213135,0.020280423913456455,BULLISH,RSI_NORMAL,HIGH_VOLATILITY
2020-02-11,529.56,534.61,522.93,524.45,6620000.0,528.5939999999999,503.89099999999996,55.091103965702054,0.020443419635168353,BULLISH,RSI_NORMAL,HIGH_VOLATILITY
2020-02-12,526.12,532.35,525.14,529.66,5160000.0,529.8219999999999,507.11550000000005,57.025641025641,0.02040747164978487,BULLISH,RSI_NORMAL,HIGH_VOLATILITY
2020-02-13,529.75,532.75,521.95,530.0,5730000.0,528.4780000000001,509.07399999999996,62.8063725490196,0.016941637409774796,BULLISH,RSI_NORMAL,LOW_VOLATILITY
2020-02-14,534.86,557.09,524.4,554.59,37520000.0,533.4939999999999,511.837,86.27116945585732,0.019238261309583334,BULLISH,RSI_HIGH,HIGH_VOLATILITY
2020-02-17,554.54,558.22,546.24,554.44,23350000.0,538.6279999999999,514.443,87.00353713996972,0.019279695521568285,BULLISH,RSI_HIGH,HIGH_VOLATILITY
2020-02-18,552.97,558.37,527.4,538.15,21870000.0,541.368,516.0995,74.99128919860625,0.020765128332433158,BULLISH,RSI_HIGH,HIGH_VOLATILITY
2020-02-19,538.98,543.4,528.82,533.39,22090000.0,542.114,517.0690000000001,70.38839246217816,0.0206469060605633,BULLISH,RSI_HIGH,HIGH_VOLATILITY
2020-02-20,533.68,541.83,528.67,535.54,16010000.000000002,543.222,518.1165,68.2085866261398,0.020650297479033235,BULLISH,RSI_NORMAL,HIGH_VOLATILITY
2020-02-24,532.01,532.06,517.39,520.13,9830000.0,536.33,518.8770000000001,58.30774479699762,0.02129499300341686,BULLISH,RSI_NORMAL,HIGH_VOLATILITY
2020-02-25,523.18,528.04,521.16,525.39,9800000.0,530.52,521.0364999999999,57.05122572708901,0.018287563383882682,BULLISH,RSI_NORMAL,HIGH_VOLATILITY
2020-02-26,522.88,529.46,510.71,526.07,18970000.0,528.104,523.2795,51.2710597148839,0.01824011027239201,BULLISH,RSI_NORMAL,HIGH_VOLATILITY
2020-02-27,524.85,525.97,517.29,521.85,11380000.0,525.796,525.3335,41.85919194131173,0.018422013612409235,BEARISH,RSI_NORMAL,HIGH_VOLATILITY
2020-02-28,515.23,518.66,504.04,513.85,16930000.0,521.458,526.661,41.50021710811986,0.018783511854496653,BEARISH,RSI_NORMAL,HIGH_VOLATILITY
2020-03-02,524.16,526.12,502.42,508.8,10100000.0,519.192,527.241,39.64533858757649,0.018513390838936657,BEARISH,RSI_NORMAL,HIGH_VOLATILITY
2020-03-03,514.34,523.52,504.67,511.2,10560000.0,516.354,527.7685,42.99015977145273,0.018484514111581498,BEARISH,RSI_NORMAL,HIGH_VOLATILITY
2020-03-04,515.33,522.98,498.05,507.23,18070000.0,512.586,527.663,37.97576927200604,0.018180171336311498,BEARISH,RSI_NORMAL,HIGH_VOLATILITY
2020-03-05,513.16,520.92,507.13,517.19,14350000.0,511.6540000000001,527.3465,43.77490523860437,0.017601062343986628,BEARISH,RSI_NORMAL,HIGH_VOLATILITY
2020-03-06,508.21,514.0,502.02,509.58,9500000.0,510.8,525.9895,23.80398091025492,0.016780793405627818,BEARISH,RSI_LOW,LOW_VOLATILITY
2020-03-09,500.6,502.56,482.0,487.11,15660000.0,506.462,523.8695,18.89494594844315,0.019079422769766458,BEARISH,RSI_LOW,HIGH_VOLATILITY
2020-03-11,478.02,499.13,478.02,484.7,21400000.0,501.162,521.6659999999999,21.674615792262884,0.01907053135732918,BEARISH,RSI_LOW,HIGH_VOLATILITY
2020-03-12,469.68,472.63,450.74,456.38,14470000.0,490.992,518.2625,17.343736748367434,0.022608503103464652,BEARISH,RSI_LOW,HIGH_VOLATILITY
2020-03-13,445.44,499.67,412.26,482.79,24250000.0,484.11199999999997,515.919,31.448266160230745,0.026643367898083244,BEARISH,RSI_NORMAL,HIGH_VOLATILITY
2020-03-16,463.55,483.86,447.74,456.23,14940000.0,473.442,512.2305,29.16123141142711,0.028911594706562634,BEARISH,RSI_LOW,HIGH_VOLATILITY
2020-03-17,456.43,472.14,436.16,446.32,12630000.0,465.284,506.817,24.97309615749829,0.026163483458137085,BEARISH,RSI_LOW,HIGH_VOLATILITY
2020-03-18,451.52,469.98,399.94,417.71,29360000.0,451.8860000000001,499.9805,20.85529854760624,0.028630286828088203,BEARISH,RSI_LOW,HIGH_VOLATILITY
2020-03-19,408.77,443.33,355.08,436.55,24020000.0,447.91999999999996,494.9005,28.73030121683624,0.031206896356699303,BEARISH,RSI_LOW,HIGH_VOLATILITY
2020-03-20,436.8,463.3,428.6,454.12,19760000.0,442.18600000000004,490.937,35.78466371555048,0.033166827560038664,BEARISH,RSI_NORMAL,HIGH_VOLATILITY
2020-03-23,408.73,437.49,392.14,399.84,14910000.0,430.908,484.15200000000004,28.991207774178633,0.04139538973936943,BEARISH,RSI_LOW,HIGH_VOLATILITY
2020-03-24,403.33,429.78,392.78,396.6,12960000.0,420.96399999999994,477.9755,27.97509225092253,0.04125608953725105,BEARISH,RSI_LOW,HIGH_VOLATILITY
2020-03-25,399.06,430.17,398.13,421.19,14090000.0,421.66,472.7655000000001,34.67839589714369,0.044282235147551675,BEARISH,RSI_NORMAL,HIGH_VOLATILITY
2020-03-26,418.64,484.36,412.51,462.02,22300000.0,426.754,469.563,41.148724530723555,0.05032291315878197,BEARISH,RSI_NORMAL,HIGH_VOLATILITY
2020-03-27,462.02,466.05,429.44,440.68,16379999.999999998,424.066,465.5045,39.412379371811426,0.05115026025437864,BEARISH,RSI_NORMAL,HIGH_VOLATILITY
2020-03-30,435.67,441.02,420.11,423.11,10210000.0,428.71999999999997,460.96750000000003,40.01497753369945,0.05164840792142264,BEARISH,RSI_NORMAL,HIGH_VOLATILITY
2020-03-31,432.87,438.76,416.19,432.77,17060000.0,435.954,457.16600000000005,42.07731974491197,0.05211471477899213,BEARISH,RSI_NORMAL,HIGH_VOLATILITY
2020-04-01,431.89,431.89,404.8,413.58,9650000.0,434.43199999999996,452.285,43.28311362209667,0.05269755786748732,BEARISH,RSI_NORMAL,HIGH_VOLATILITY
2020-04-03,424.04,424.04,407.94,416.14,14420000.0,425.256,447.7305,38.69380831212891,0.05280995765532846,BEARISH,RSI_NORMAL,HIGH_VOLATILITY
2020-04-07,425.17,476.8,425.17,461.54,15550000.0,429.428,444.948,50.84664689562805,0.05877186624928871,BULLISH,RSI_NORMAL,HIGH_VOLATILITY
2020-04-08,465.61,482.05,444.65,453.14,13640000.0,435.434,442.12600000000003,51.09266854652653,0.058810346909730846,BULLISH,RSI_NORMAL,HIGH_VOLATILITY
2020-04-09,462.32,483.23,462.32,479.69,11960000.0,444.81800000000004,441.75499999999994,59.996129281981815,0.059622072714793424,BULLISH,RSI_NORMAL,HIGH_VOLATILITY
2020-04-13,481.95,511.3,481.95,502.76,24420000.0,462.654,442.658,60.5346062052506,0.06052017969762717,BULLISH,RSI_NORMAL,HIGH_VOLATILITY
2020-04-15,524.11,526.07,495.74,501.09,26280000.0,479.64400000000006,444.89349999999996,57.87162728339199,0.05877821964276218,BULLISH,RSI_NORMAL,HIGH_VOLATILITY
2020-04-16,490.79,503.55,488.18,491.23,17400000.0,485.582,445.31550000000004,67.99511676446267,0.057748086436581234,BULLISH,RSI_NORMAL,HIGH_VOLATILITY
2020-04-17,501.58,503.05,489.02,493.19,16430000.0,493.592,447.16349999999994,69.11537700376014,0.056142705344930266,BULLISH,RSI_NORMAL,HIGH_VOLATILITY
2020-04-20,498.34,498.34,477.93,481.26,11690000.0,493.90599999999995,448.91049999999996,62.515104796033164,0.0562081317758494,BULLISH,RSI_NORMAL,HIGH_VOLATILITY
2020-04-21,475.08,494.52,470.32,491.28,15780000.0,491.61,452.58900000000006,56.993976479586955,0.053849249118279124,BULLISH,RSI_NORMAL,HIGH_VOLATILITY
2020-04-22,506.49,507.52,482.98,492.16,18450000.0,489.82399999999996,455.36949999999996,63.639253921153035,0.05321023129739703,BULLISH,RSI_NORMAL,HIGH_VOLATILITY
2020-04-23,492.6,497.95,482.0,486.86,12770000.0,488.95,457.0065000000001,68.06460753754604,0.052771630004641495,BULLISH,RSI_NORMAL,HIGH_VOLATILITY
2020-04-24,485.78,489.8,475.52,485.14,12160000.0,487.34,461.2715,65.53913714319623,0.04403915651185514,BULLISH,RSI_NORMAL,HIGH_VOLATILITY
2020-04-27,488.87,493.78,482.05,484.95,10070000.0,488.078,465.68899999999996,73.86796869774595,0.04390025333555909,BULLISH,RSI_HIGH,HIGH_VOLATILITY
2020-04-28,488.28,488.28,475.18,476.7,11730000.0,485.162,468.46449999999993,69.5103092783505,0.04260445256437268,BULLISH,RSI_NORMAL,HIGH_VOLATILITY
2020-04-29,481.9,489.21,478.07,486.86,8369999.999999999,484.102,469.70650000000006,60.55351783927975,0.03722183929694696,BULLISH,RSI_NORMAL,HIGH_VOLATILITY
2020-04-30,493.83,506.44,486.07,504.82,20170000.0,487.6940000000001,472.9135,69.95058678196418,0.03602947304293716,BULLISH,RSI_NORMAL,HIGH_VOLATILITY
2020-05-04,493.19,530.05,490.69,522.69,34660000.0,495.204,477.89250000000004,67.79212181396889,0.0347383097485468,BULLISH,RSI_NORMAL,HIGH_VOLATILITY
2020-05-05,528.09,543.5,516.35,518.32,30500000.0,501.87800000000004,482.16999999999996,57.61699627961624,0.03488749297122278,BULLISH,RSI_NORMAL,HIGH_VOLATILITY
2020-05-06,521.95,541.29,520.28,535.94,26070000.0,513.726,488.288,64.75569480904397,0.032848236704480234,BULLISH,RSI_NORMAL,HIGH_VOLATILITY
2020-05-07,535.3,535.3,514.78,518.32,15820000.0,520.018,493.39700000000005,60.76281287246722,0.034431459784567055,BULLISH,RSI_NORMAL,HIGH_VOLATILITY
2020-05-08,530.05,535.74,518.56,520.28,13850000.0,523.11,496.334,60.762812872467215,0.025672019014697935,BULLISH,RSI_NORMAL,HIGH_VOLATILITY
2020-05-11,523.23,538.39,522.29,526.32,14490000.0,523.836,499.99300000000005,68.78126042014004,0.02503105228610846,BULLISH,RSI_NORMAL,HIGH_VOLATILITY
2020-05-12,523.18,553.61,520.72,549.53,23040000.0,530.0780000000001,503.485,71.87382651145323,0.023655500236876723,BULLISH,RSI_HIGH,HIGH_VOLATILITY
2020-05-13,557.92,559.25,539.18,545.7,21510000.0,532.03,505.63200000000006,69.66936076414402,0.021759478555127033,BULLISH,RSI_NORMAL,HIGH_VOLATILITY
2020-05-14,540.94,552.13,525.24,529.9,13430000.0,534.346,507.07250000000005,64.67939972714869,0.022955781341353027,BULLISH,RSI_NORMAL,HIGH_VOLATILITY
2020-05-15,533.48,546.64,529.46,543.89,14760000.0,539.068,509.7054999999999,68.48996034493611,0.022867120641816036,BULLISH,RSI_NORMAL,HIGH_VOLATILITY
2020-05-18,546.64,548.7,525.34,528.13,21990000.0,539.4300000000001,511.45250000000004,62.376748452189865,0.02412404527760077,BULLISH,RSI_NORMAL,HIGH_VOLATILITY
2020-05-19,548.21,592.38,546.73,587.77,73260000.0,547.078,516.778,74.59150688571049,0.03345785579574918,BULLISH,RSI_HIGH,HIGH_VOLATILITY
2020-05-20,593.85,600.72,577.75,583.1,36420000.0,554.558,521.3689999999999,71.8389761278025,0.03361146462091296,BULLISH,RSI_HIGH,HIGH_VOLATILITY
2020-05-21,579.62,593.36,574.61,583.59,20670000.0,565.296,525.9404999999999,69.41391038596146,0.03362304894105618,BULLISH,RSI_NORMAL,HIGH_VOLATILITY
2020-05-22,586.0,586.39,576.18,582.27,11630000.0,572.972,530.711,65.98862172606266,0.033411970466617515,BULLISH,RSI_NORMAL,HIGH_VOLATILITY
2020-05-26,561.46,565.83,547.28,548.94,77930000.0,577.134,533.9010000000001,57.111668524712016,0.036527587564132935,BULLISH,RSI_NORMAL,HIGH_VOLATILITY
2020-05-27,550.66,555.13,543.64,552.72,22950000.0,570.124,537.2895000000001,54.16501191421763,0.03648826476210208,BULLISH,RSI_NORMAL,HIGH_VOLATILITY
2020-05-28,554.24,557.53,545.75,552.38,16579999.999999998,563.98,541.0735000000001,59.247393570807986,0.03609828466986805,BULLISH,RSI_NORMAL,HIGH_VOLATILITY
2020-05-29,547.72,553.61,533.78,542.42,55210000.0,555.746,543.8515,55.76082431307243,0.036405155563555794,BEARISH,RSI_NORMAL,HIGH_VOLATILITY
2020-06-01,548.7,551.3,540.01,548.75,40030000.0,549.042,546.048,55.82748765913223,0.03571013323922449,BULLISH,RSI_NORMAL,HIGH_VOLATILITY
2020-06-02,552.62,561.75,545.85,547.82,32570000.0,548.818,547.3045,49.49756126226717,0.03499160868061204,BULLISH,RSI_NORMAL,HIGH_VOLATILITY
2020-06-03,557.53,557.83,539.13,541.48,29780000.0,546.5699999999999,548.4625,48.77808663423673,0.035053407432159005,BEARISH,RSI_NORMAL,HIGH_VOLATILITY
2020-06-04,542.12,574.61,539.42,561.9,30010000.0,548.4739999999999,549.7605,59.02425267907501,0.03523713502380966,BULLISH,RSI_NORMAL,HIGH_VOLATILITY
2020-06-05,573.24,579.13,556.99,573.58,48770000.0,554.706,552.5235,58.48334190525175,0.034399513691642326,BULLISH,RSI_NORMAL,HIGH_VOLATILITY
2020-06-08,577.16,582.76,568.53,574.37,20810000.0,559.83,555.2280000000001,64.44819397575304,0.03441048434013061,BULLISH,RSI_NORMAL,HIGH_VOLATILITY
2020-06-09,569.31,580.75,555.28,557.34,15220000.0,561.734,556.779,37.041137892854124,0.03525158433558105,BULLISH,RSI_NORMAL,HIGH_VOLATILITY
2020-06-10,560.48,565.39,552.67,556.65,19490000.0,564.768,557.135,38.340826941726164,0.033932389180356765,BEARISH,RSI_NORMAL,HIGH_VOLATILITY
2020-06-11,559.49,563.22,536.63,541.68,27810000.0,560.724,556.934,33.61738722539283,0.034472158766007656,BEARISH,RSI_NORMAL,HIGH_VOLATILITY
2020-06-12,530.05,551.64,530.05,549.78,19230000.0,555.9639999999999,557.928,37.93897097037642,0.0339129578818945,BEARISH,RSI_NORMAL,HIGH_VOLATILITY
2020-06-15,545.75,553.36,538.88,540.55,13840000.0,549.2,557.7610000000001,46.20670946740207,0.03367656585799248,BEARISH,RSI_NORMAL,HIGH_VOLATILITY
2020-06-16,547.72,548.99,527.1,534.86,19430000.0,544.704,558.0975,42.062222222222225,0.033082377502304014,BEARISH,RSI_NORMAL,HIGH_VOLATILITY
2020-06-17,536.77,555.08,531.03,553.07,20920000.0,543.988,556.3625000000001,50.26463143361205,0.02184759570912911,BEARISH,RSI_NORMAL,HIGH_VOLATILITY
2020-06-18,553.85,562.34,547.91,550.56,19690000.0,545.7639999999999,554.7355,53.31109664822648,0.021818705690273513,BEARISH,RSI_NORMAL,HIGH_VOLATILITY
2020-06-19,551.54,567.54,550.66,561.95,41930000.0,548.1980000000001,553.6535,55.15705578996719,0.022428143184716753,BULLISH,RSI_NORMAL,HIGH_VOLATILITY
2020-06-22,565.19,577.16,559.89,570.34,12950000.0,554.156,553.057,58.31364441819254,0.02273073876594294,BULLISH,RSI_NORMAL,HIGH_VOLATILITY
2020-06-23,570.34,573.83,563.77,568.13,9950000.0,560.8100000000001,554.0165,60.14774198461653,0.018491921008585092,BULLISH,RSI_NORMAL,HIGH_VOLATILITY
2020-06-24,570.29,571.27,544.77,547.08,12620000.0,559.6120000000001,553.7345,44.38381082310145,0.020379626567110745,BEARISH,RSI_NORMAL,HIGH_VOLATILITY
2020-06-25,543.69,553.31,539.86,548.7,15880000.0,559.24,553.5504999999999,39.79323925172302,0.02039254526125952,BEARISH,RSI_NORMAL,HIGH_VOLATILITY
2020-06-26,549.68,555.96,546.88,550.07,11320000.0,556.864,553.9330000000001,40.07839294463502,0.01995642792796552,BEARISH,RSI_NORMAL,HIGH_VOLATILITY
2020-06-29,548.6,558.47,541.04,556.65,13160000.0,554.126,554.328,49.69199178644761,0.019964840390849323,BULLISH,RSI_NORMAL,HIGH_VOLATILITY
2020-06-30,561.46,566.37,547.13,549.53,13180000.0,550.4060000000001,554.4135,46.99425869638635,0.0201937273927832,BEARISH,RSI_NORMAL,HIGH_VOLATILITY
2020-07-01,564.4,564.4,548.01,549.83,13900000.0,550.9559999999999,554.831,53.92695384022361,0.01999801629357182,BEARISH,RSI_NORMAL,HIGH_VOLATILITY
2020-07-02,554.39,556.55,547.32,548.16,13800000.0,550.848,554.144,49.16786521471132,0.018035643373927965,BEARISH,RSI_NORMAL,HIGH_VOLATILITY
2020-07-03,551.45,572.7,550.27,570.73,21010000.0,554.9799999999999,554.0015000000001,63.63389953017708,0.019824181427391608,BULLISH,RSI_NORMAL,HIGH_VOLATILITY
2020-07-06,576.77,578.44,564.45,565.97,16120000.000000002,556.844,553.5815,64.17312072892935,0.01990594719594268,BULLISH,RSI_NORMAL,HIGH_VOLATILITY
2020-07-07,568.33,571.86,555.62,556.7,12760000.0,558.278,553.5495,51.800416625334776,0.019089258650670536,BULLISH,RSI_NORMAL,HIGH_VOLATILITY
2020-07-08,561.46,563.42,548.7,550.96,9580000.0,558.5040000000001,553.265,50.192233756247646,0.01923038511070643,BEARISH,RSI_NORMAL,HIGH_VOLATILITY
2020-07-09,553.61,559.74,549.97,558.17,8610000.0,560.5060000000001,554.0894999999999,48.10735029040652,0.018384089560149034,BULLISH,RSI_NORMAL,HIGH_VOLATILITY
2020-07-10,558.61,568.33,555.23,564.11,13530000.0,559.182,554.806,46.80217636792936,0.018244757053483225,BULLISH,RSI_NORMAL,HIGH_VOLATILITY
2020-07-13,563.91,578.15,559.49,575.99,16660000.0,561.186,556.578,53.670153156518495,0.018216852733665398,BULLISH,RSI_NORMAL,HIGH_VOLATILITY
2020-07-14,573.73,585.8,567.89,578.49,32940000.0,565.5440000000001,558.7595,67.73974923754656,0.017922317320202295,BULLISH,RSI_NORMAL,HIGH_VOLATILITY
2020-07-15,578.1,578.1,549.34,553.21,20060000.0,565.994,558.7665,52.00998306444425,0.019447341770397312,BEARISH,RSI_NORMAL,HIGH_VOLATILITY
2020-07-16,555.47,555.77,543.1,552.38,11530000.0,564.836,558.8575,51.034482758620655,0.01942028565160093,BEARISH,RSI_NORMAL,HIGH_VOLATILITY
2020-07-17,552.72,563.32,551.4,556.3,12190000.0,563.274,558.575,49.839434810533064,0.01890184278805723,BEARISH,RSI_NORMAL,HIGH_VOLATILITY
2020-07-20,560.48,571.77,557.14,565.14,9790000.0,561.104,558.315,57.04995032065757,0.018943843658664136,BULLISH,RSI_NORMAL,HIGH_VOLATILITY
2020-07-21,569.31,573.04,555.91,557.29,12010000.0,556.8639999999999,557.7729999999999,53.154067309318414,0.01917466697311445,BEARISH,RSI_NORMAL,HIGH_VOLATILITY
2020-07-22,557.53,564.89,552.43,558.66,11030000.0,557.954,558.352,54.450661241098686,0.017172626358574198,BULLISH,RSI_NORMAL,HIGH_VOLATILITY
2020-07-23,559.49,565.14,553.61,556.75,9720000.0,558.828,558.7545,42.81603288797532,0.017197200287257373,BEARISH,RSI_NORMAL,HIGH_VOLATILITY
2020-07-24,554.59,556.94,545.16,549.14,9960000.0,557.396,558.708,41.59760359460806,0.01749400654253972,BEARISH,RSI_NORMAL,HIGH_VOLATILITY
2020-07-27,547.91,553.36,534.12,549.19,10900000.0,554.206,558.335,45.8704497965468,0.017268899726973437,BEARISH,RSI_NORMAL,HIGH_VOLATILITY
2020-07-28,548.21,563.67,545.07,554.2,14210000.0,553.588,558.5685000000001,51.7960088691796,0.017144938984760633,BEARISH,RSI_NORMAL,HIGH_VOLATILITY
2020-07-29,554.83,558.66,549.92,555.77,9980000.0,553.01,558.8655,48.58088930936614,0.01715244335629783,BEARISH,RSI_NORMAL,HIGH_VOLATILITY
2020-07-30,565.39,569.75,533.04,542.51,45330000.0,550.162,558.583,38.24553765781452,0.0180006886149936,BEARISH,RSI_NORMAL,HIGH_VOLATILITY
2020-07-31,540.75,548.99,536.23,544.63,13920000.0,549.26,557.278,30.905991232342913,0.015182908522573356,BEARISH,RSI_NORMAL,LOW_VOLATILITY
2020-08-03,544.28,546.24,536.33,537.26,9390000.0,546.874,555.8425,26.301873778595237,0.015336542133472167,BEARISH,RSI_LOW,LOW_VOLATILITY
2020-08-04,537.9,543.15,535.79,538.88,12040000.0,543.8100000000001,554.9514999999999,38.686246644560214,0.015021817228142338,BEARISH,RSI_NORMAL,LOW_VOLATILITY
2020-08-05,541.83,550.17,536.48,548.65,12920000.0,542.386,554.836,47.41939947419399,0.015484580630252858,BEARISH,RSI_NORMAL,LOW_VOLATILITY
2020-08-06,551.35,551.35,542.47,545.07,10620000.0,542.8979999999999,554.181,42.19379952731828,0.015224723643520672,BEARISH,RSI_NORMAL,LOW_VOLATILITY
2020-08-07,545.75,553.02,541.88,550.47,7350000.0,544.066,553.499,39.29040735873851,0.015195813598351314,BEARISH,RSI_NORMAL,LOW_VOLATILITY
2020-08-10,553.9,554.59,544.58,548.55,9590000.0,546.324,552.1270000000001,43.01470588235293,0.014274136072996666,BEARISH,RSI_NORMAL,LOW_VOLATILITY
2020-08-11,547.72,550.17,540.06,540.94,8289999.999999999,546.7360000000001,550.2495,37.12209302325584,0.014405924953485201,BEARISH,RSI_NORMAL,LOW_VOLATILITY
2020-08-12,539.86,550.91,535.3,537.61,12610000.0,544.528,549.4694999999999,36.37140415835943,0.01086970504393361,BEARISH,RSI_NORMAL,LOW_VOLATILITY
2020-08-13,524.16,538.2,514.59,525.48,37470000.0,540.6099999999999,548.1245,34.171795557934175,0.011858092929932038,BEARISH,RSI_NORMAL,LOW_VOLATILITY
2020-08-14,532.85,532.85,515.33,518.86,18550000.0,534.288,546.2524999999999,31.34915754519733,0.011843424308399447,BEARISH,RSI_NORMAL,LOW_VOLATILITY
2020-08-17,520.77,522.69,508.55,511.79,19370000.0,526.936,543.585,24.565191315820968,0.011129166926836642,BEARISH,RSI_LOW,LOW_VOLATILITY
2020-08-18,512.43,519.35,510.56,516.6,13770000.0,522.068,541.5505,27.387137743909477,0.011353609982721755,BEARISH,RSI_LOW,LOW_VOLATILITY
2020-08-19,519.25,529.95,517.39,525.97,17400000.0,519.74,539.916,40.002417794971,0.012304371897880598,BEARISH,RSI_NORMAL,LOW_VOLATILITY
2020-08-20,521.21,523.77,513.07,515.86,13690000.0,517.816,537.8715,34.141770477345375,0.012832905974369611,BEARISH,RSI_NORMAL,LOW_VOLATILITY
2020-08-21,520.04,520.04,506.49,510.66,22250000.0,516.176,535.9475,34.9785407725322,0.01271112254592362,BEARISH,RSI_NORMAL,LOW_VOLATILITY
2020-08-24,508.36,522.59,498.83,517.19,29710000.0,517.2560000000001,534.3475000000001,38.394863563402915,0.013209736526073127,BEARISH,RSI_NORMAL,LOW_VOLATILITY
2020-08-25,524.65,525.78,516.31,518.91,19880000.0,517.7180000000001,532.583,32.58782201405148,0.012993560284869731,BEARISH,RSI_NORMAL,LOW_VOLATILITY
2020-08-26,518.66,518.66,502.56,505.02,26390000.0,513.528,530.0455,29.077421377076533,0.013922366576682966,BEARISH,RSI_LOW,LOW_VOLATILITY
2020-08-27,504.92,508.95,498.64,501.73,22280000.0,510.70199999999994,528.0065,23.963675213675174,0.013185818724953108,BEARISH,RSI_LOW,LOW_VOLATILITY
2020-08-28,502.66,519.79,502.66,513.8,22220000.0,511.33000000000004,526.465,33.25301204819273,0.01451028154018099,BEARISH,RSI_NORMAL,LOW_VOLATILITY
2020-08-31,508.95,512.67,499.18,503.64,190360000.0,508.62,524.784,32.45531514581367,0.014816950767069586,BEARISH,RSI_NORMAL,LOW_VOLATILITY
2020-09-01,507.96,545.21,504.72,536.18,75730000.0,512.074,524.649,49.472363663198266,0.021190171917383805,BULLISH,RSI_NORMAL,HIGH_VOLATILITY
2020-09-02,539.86,548.7,535.05,540.4,35680000.0,519.15,524.2365,55.84639498432601,0.020848533852226767,BULLISH,RSI_NORMAL,HIGH_VOLATILITY
2020-09-03,540.4,542.71,525.78,528.09,25080000.0,524.422,523.3875,53.46237527196341,0.02140296130213909,BULLISH,RSI_NORMAL,HIGH_VOLATILITY
2020-09-04,521.71,528.09,509.93,513.51,28610000.0,524.3639999999999,521.5395000000001,50.610795454545446,0.021998541891289785,BEARISH,RSI_NORMAL,HIGH_VOLATILITY
2020-09-07,515.33,518.27,500.9,505.95,16450000.0,524.826,519.4095,46.2904911180773,0.022148040226513552,BEARISH,RSI_NORMAL,HIGH_VOLATILITY
2020-09-08,506.49,507.33,484.9,488.92,33750000.0,515.374,516.8085,37.748826135837554,0.023045185164389408,BEARISH,RSI_NORMAL,HIGH_VOLATILITY
2020-09-09,484.16,497.31,482.05,494.96,32070000.0,506.28599999999994,514.676,42.8979203479679,0.023357181029357636,BEARISH,RSI_NORMAL,HIGH_VOLATILITY
2020-09-10,498.64,498.64,482.15,488.18,21400000.0,498.304,512.811,42.442173211403954,0.023066059080681874,BEARISH,RSI_NORMAL,HIGH_VOLATILITY
2020-09-11,490.1,493.19,479.55,482.59,15890000.0,492.12,510.99750000000006,38.29340912166729,0.023043462006969224,BEARISH,RSI_NORMAL,HIGH_VOLATILITY
2020-09-14,486.86,488.09,459.67,465.36,53030000.0,484.00200000000007,508.67599999999993,33.60279257762262,0.02406677281134807,BEARISH,RSI_NORMAL,HIGH_VOLATILITY
2020-09-15,466.39,478.66,461.39,476.6,31440000.0,481.538,506.67600000000004,41.154133466135455,0.024731313400037223,BEARISH,RSI_NORMAL,HIGH_VOLATILITY
2020-09-16,478.02,481.66,471.69,472.87,13380000.0,477.12,504.021,41.04171840079462,0.024198486764013795,BEARISH,RSI_NORMAL,HIGH_VOLATILITY
2020-09-17,471.15,473.46,465.27,470.17,13750000.0,473.51800000000003,501.7365000000001,35.62059191879244,0.023969022551477186,BEARISH,RSI_NORMAL,HIGH_VOLATILITY
2020-09-18,474.1,488.48,466.54,485.44,55830000.0,474.088,500.4754999999999,44.19716872847851,0.02528701743169663,BEARISH,RSI_NORMAL,HIGH_VOLATILITY
2020-09-21,486.86,486.86,452.75,459.13,23160000.0,472.842,497.57250000000005,24.41729198485956,0.027530070367712493,BEARISH,RSI_LOW,HIGH_VOLATILITY
2020-09-22,459.87,469.68,452.5,462.27,18950000.0,469.976,494.74050000000005,23.871312955655128,0.027600994129200185,BEARISH,RSI_LOW,HIGH_VOLATILITY
2020-09-23,458.39,458.39,416.09,425.81,86810000.0,460.564,490.78000000000003,20.55165265461244,0.03185491562948086,BEARISH,RSI_LOW,HIGH_VOLATILITY
2020-09-24,417.41,425.51,408.48,411.57,36460000.0,448.84399999999994,486.27200000000005,20.591968612970206,0.03235363687416287,BEARISH,RSI_LOW,HIGH_VOLATILITY
2020-09-25,417.17,436.75,414.37,431.55,34230000.0,438.066,482.1594999999999,29.97200387638634,0.03410088060040671,BEARISH,RSI_LOW,HIGH_VOLATILITY
2020-09-28,437.78,439.4,426.05,435.47,21450000.0,433.334,478.75100000000003,34.51891328274344,0.03419263912051497,BEARISH,RSI_NORMAL,HIGH_VOLATILITY
2020-09-29,435.82,436.36,421.58,427.57,18190000.0,426.39400000000006,473.3205,30.68943779013125,0.02984100395178706,BEARISH,RSI_NORMAL,HIGH_VOLATILITY
2020-09-30,429.93,432.28,410.44,413.19,27690000.0,423.87000000000006,466.96000000000004,29.40853424130924,0.029915483548720628,BEARISH,RSI_LOW,HIGH_VOLATILITY
2020-10-01,418.15,426.59,415.84,424.38,13590000.0,426.43199999999996,461.7745,34.493047045660404,0.031102873057257716,BEARISH,RSI_NORMAL,HIGH_VOLATILITY
2020-10-05,424.38,429.44,415.2,416.63,15280000.0,423.448,456.93050000000005,36.327927725716854,0.03090034951903057,BEARISH,RSI_NORMAL,HIGH_VOLATILITY
2020-10-06,419.13,422.08,415.3,418.89,11080000.0,420.13199999999995,452.57750000000004,32.94924067836671,0.0310641671228534,BEARISH,RSI_NORMAL,HIGH_VOLATILITY
2020-10-07,419.92,423.79,413.34,414.67,10390000.0,417.552,448.86500000000007,32.85411265613952,0.030518933252075588,BEARISH,RSI_NORMAL,HIGH_VOLATILITY
2020-10-08,418.15,427.47,411.38,416.63,17020000.0,418.23999999999995,444.94849999999997,34.15788850751568,0.03030134559641439,BEARISH,RSI_NORMAL,HIGH_VOLATILITY
2020-10-09,420.11,426.98,415.5,417.36,20950000.0,416.83599999999996,441.40749999999997,27.95907795907796,0.03034893257673262,BEARISH,RSI_LOW,HIGH_VOLATILITY
2020-10-12,420.11,422.66,404.26,407.4,14330000.0,414.98999999999995,437.64799999999997,31.26946194510826,0.030563149519828484,BEARISH,RSI_NORMAL,HIGH_VOLATILITY
2020-10-13,413.39,419.62,405.49,407.65,28300000.0,412.742,434.7625,29.800295857988175,0.029901146904689306,BEARISH,RSI_LOW,HIGH_VOLATILITY
2020-10-14,408.73,411.77,403.72,405.63,14370000.0,410.934,431.21400000000006,39.98610559745931,0.029043814921817117,BEARISH,RSI_NORMAL,HIGH_VOLATILITY
2020-10-15,405.78,407.84,387.72,391.84,28380000.0,405.976,427.1625,40.165486990329974,0.029636987378180532,BEARISH,RSI_NORMAL,HIGH_VOLATILITY
2020-10-16,397.0,399.79,391.01,394.25,23790000.0,401.354,423.3665,27.459511723471124,0.02982288940616219,BEARISH,RSI_LOW,HIGH_VOLATILITY
2020-10-19,396.11,397.19,386.74,390.37,17240000.0,397.948,418.613,22.732769044740024,0.028233580515634373,BEARISH,RSI_LOW,HIGH_VOLATILITY
2020-10-20,390.37,405.58,389.64,397.54,26400000.0,395.92600000000004,415.5335,31.682322801024796,0.02694950852040812,BEARISH,RSI_NORMAL,HIGH_VOLATILITY
2020-10-21,398.22,412.46,396.11,411.28,23930000.0,397.056,412.98400000000004,48.825771548014245,0.028365126256248523,BEARISH,RSI_NORMAL,HIGH_VOLATILITY
2020-10-22,411.28,424.38,410.3,422.71,27010000.0,403.23,412.829,48.97633934044378,0.023429617453707273,BULLISH,RSI_NORMAL,HIGH_VOLATILITY
2020-10-23,426.89,429.54,419.42,426.39,18510000.0,409.658,413.57,56.29677419354839,0.022132939549025395,BULLISH,RSI_NORMAL,HIGH_VOLATILITY
2020-10-26,426.35,431.35,420.11,426.05,11960000.0,416.79400000000004,413.29499999999996,54.736702831436915,0.019231606066557785,BULLISH,RSI_NORMAL,HIGH_VOLATILITY
2020-10-27,426.05,430.81,419.62,425.36,13020000.0,422.358,412.78950000000003,57.41845940319223,0.019100378101860552,BULLISH,RSI_NORMAL,HIGH_VOLATILITY
2020-10-28,437.78,479.01,433.85,443.52,125910000.0,428.8059999999999,413.587,65.23512747875354,0.020978615822820696,BULLISH,RSI_NORMAL,HIGH_VOLATILITY
2020-10-29,439.45,448.68,436.8,442.49,25540000.0,432.762,415.052,64.18972332015811,0.01927554969408575,BULLISH,RSI_NORMAL,HIGH_VOLATILITY
2020-10-30,446.52,446.52,422.57,425.76,23480000.0,432.63599999999997,415.121,59.63071758287873,0.020536254704584856,BULLISH,RSI_NORMAL,HIGH_VOLATILITY
2020-11-02,426.98,451.52,426.98,448.97,28700000.0,437.21999999999997,416.738,67.4670273926277,0.02332129738827129,BULLISH,RSI_NORMAL,HIGH_VOLATILITY
2020-11-03,449.56,452.21,439.2,446.22,16340000.0,441.392,418.10450000000003,67.05318880766323,0.023426952693457372,BULLISH,RSI_NORMAL,HIGH_VOLATILITY
2020-11-04,444.65,447.15,438.91,444.7,10190000.0,441.628,419.60599999999994,74.761101742552,0.02327168360180935,BULLISH,RSI_HIGH,HIGH_VOLATILITY
2020-11-05,448.58,453.39,444.26,448.87,9410000.0,442.904,421.218,75.17050691244239,0.023305090774512455,BULLISH,RSI_HIGH,HIGH_VOLATILITY
2020-11-06,448.58,451.87,440.48,441.61,12200000.0,446.07399999999996,422.43050000000005,72.89953521630319,0.023736392980315657,BULLISH,RSI_HIGH,HIGH_VOLATILITY
2020-11-09,447.89,466.0,444.21,463.11,24950000.0,448.90200000000004,425.216,75.97654702479994,0.02491425717020252,BULLISH,RSI_HIGH,HIGH_VOLATILITY
2020-11-10,465.27,465.41,456.43,457.8,9800000.0,451.218,427.72349999999994,69.7486839870946,0.025214706445004547,BULLISH,RSI_NORMAL,HIGH_VOLATILITY
2020-11-11,459.33,472.48,455.5,469.78,16030000.000000002,456.23400000000004,430.93100000000004,69.88929265613116,0.025454709370687903,BULLISH,RSI_NORMAL,HIGH_VOLATILITY
2020-11-12,468.06,474.3,466.3,471.01,14790000.0,460.662,434.88950000000006,69.25267518122196,0.02354511784863779,BULLISH,RSI_NORMAL,HIGH_VOLATILITY
2020-11-13,468.21,469.19,461.34,466.98,8430000.0,465.736,438.526,67.1154971982939,0.023882580478667703,BULLISH,RSI_NORMAL,HIGH_VOLATILITY
2020-11-17,481.85,485.83,472.38,475.62,19050000.0,468.238,442.78849999999994,69.70671267252196,0.023558912253846213,BULLISH,RSI_NORMAL,HIGH_VOLATILITY
2020-11-18,475.03,476.06,462.42,469.58,10500000.0,470.59400000000005,446.3905000000001,61.29116117850953,0.024010895478072277,BULLISH,RSI_NORMAL,HIGH_VOLATILITY
2020-11-19,467.23,472.58,458.39,459.92,11540000.0,468.622,448.82249999999993,57.02652584052245,0.024042096399679847,BULLISH,RSI_NORMAL,HIGH_VOLATILITY
2020-11-20,461.83,476.99,456.77,474.79,12090000.0,469.37800000000004,451.42650000000003,70.06630105590571,0.024280189436546265,BULLISH,RSI_HIGH,HIGH_VOLATILITY
2020-11-23,477.78,477.78,466.34,468.45,10190000.0,469.672,453.5295,59.249762583095894,0.024653861279781177,BULLISH,RSI_NORMAL,HIGH_VOLATILITY
2020-11-24,469.58,472.38,462.52,465.51,9350000.0,467.65,455.50249999999994,59.143046734287594,0.02475190342622731,BULLISH,RSI_NORMAL,HIGH_VOLATILITY
2020-11-25,467.72,469.09,450.2,455.55,14500000.0,464.84400000000005,457.012,54.76169577810938,0.02540513288009625,BEARISH,RSI_NORMAL,HIGH_VOLATILITY
2020-11-26,460.06,460.99,451.62,459.77,11540000.0,464.81399999999996,457.82450000000006,54.7815406211616,0.023753179679723423,BULLISH,RSI_NORMAL,HIGH_VOLATILITY
2020-11-27,459.67,463.94,453.49,454.71,18490000.0,460.79799999999994,458.43549999999993,55.85972445875826,0.023916391994388258,BEARISH,RSI_NORMAL,HIGH_VOLATILITY
2020-12-01,459.13,473.61,452.01,470.61,18530000.0,461.23,460.67800000000005,53.531738557167074,0.023123078291001128,BULLISH,RSI_NORMAL,HIGH_VOLATILITY
2020-12-02,472.14,478.91,465.31,475.96,20950000.0,463.32,462.0275,58.548295989455845,0.020102323743553335,BULLISH,RSI_NORMAL,HIGH_VOLATILITY
2020-12-03,478.12,480.14,465.27,471.06,20090000.0,466.422,463.26950000000005,50.645551745007076,0.020224429841637713,BULLISH,RSI_NORMAL,HIGH_VOLATILITY
2020-12-04,477.88,488.63,474.49,484.65,31620000.0,471.39799999999997,465.267,56.116591928251125,0.020967210941454525,BULLISH,RSI_NORMAL,HIGH_VOLATILITY
2020-12-07,488.82,501.09,485.48,499.57,22540000.0,480.37,467.802,63.313996241523,0.02175985343389649,BULLISH,RSI_NORMAL,HIGH_VOLATILITY
2020-12-08,504.53,506.74,490.44,494.32,19660000.0,485.11199999999997,470.4375,57.857142857142854,0.02149696179250854,BULLISH,RSI_NORMAL,HIGH_VOLATILITY
2020-12-09,495.6,497.56,489.9,493.78,11830000.0,488.67600000000004,471.971,60.66079295154185,0.01901764655195694,BULLISH,RSI_NORMAL,HIGH_VOLATILITY
2020-12-10,492.26,499.37,484.99,495.84,13440000.0,493.63199999999995,473.87300000000005,66.9593956562795,0.01869377916543685,BULLISH,RSI_NORMAL,HIGH_VOLATILITY
2020-12-11,499.13,499.13,488.14,495.1,14020000.0,495.7219999999999,475.13899999999995,61.06570774762995,0.0179900611277658,BULLISH,RSI_NORMAL,HIGH_VOLATILITY
2020-12-14,497.66,502.56,491.91,493.78,14150000.0,494.56399999999996,476.2775,64.59942363112393,0.018031328875778928,BULLISH,RSI_NORMAL,HIGH_VOLATILITY
2020-12-15,496.53,497.46,488.92,494.91,13320000.0,494.68199999999996,477.674,67.30633388274077,0.017842911914183898,BULLISH,RSI_NORMAL,HIGH_VOLATILITY
2020-12-16,494.91,509.24,492.85,506.69,17710000.0,497.264,479.2275000000001,79.47210696173352,0.018121553249934655,BULLISH,RSI_HIGH,HIGH_VOLATILITY
2020-12-17,507.47,512.87,502.56,505.61,20020000.0,499.218,481.0290000000001,77.40971059555132,0.017780632112655972,BULLISH,RSI_HIGH,HIGH_VOLATILITY
2020-12-18,504.43,505.41,495.74,501.24,11000000.0,500.446,483.0950000000001,78.05378029663574,0.017105504182888094,BULLISH,RSI_HIGH,HIGH_VOLATILITY
2020-12-21,498.15,501.78,471.3,481.85,15540000.0,498.06000000000006,483.448,56.50312427678779,0.018339111768981016,BEARISH,RSI_NORMAL,HIGH_VOLATILITY
2020-12-22,484.9,495.69,476.6,491.08,21630000.0,497.294,484.57949999999994,58.372093023255815,0.018449865258120462,BULLISH,RSI_NORMAL,HIGH_VOLATILITY
2020-12-23,491.08,500.11,489.21,497.85,13330000.0,495.526,486.1965,64.53292828469134,0.018491616733259445,BULLISH,RSI_NORMAL,HIGH_VOLATILITY
2020-12-24,510.42,513.36,501.04,507.77,21240000.0,495.95799999999997,488.8075,63.06214689265537,0.017858096675580436,BULLISH,RSI_NORMAL,HIGH_VOLATILITY
2020-12-28,510.52,517.29,507.08,511.99,13120000.0,498.108,491.41849999999994,57.982005141388186,0.01784905689278903,BULLISH,RSI_NORMAL,HIGH_VOLATILITY
2020-12-29,513.36,515.28,505.61,510.66,11460000.0,503.87000000000006,494.216,61.05847319978346,0.017534994445340846,BULLISH,RSI_NORMAL,HIGH_VOLATILITY
2020-12-30,513.75,513.75,503.84,506.64,10690000.0,506.98199999999997,496.01750000000004,58.311789038262674,0.016384545928722773,BULLISH,RSI_NORMAL,LOW_VOLATILITY
2020-12-31,507.57,508.89,496.97,500.31,15820000.0,507.474,497.235,52.73796398382949,0.016672480101358397,BULLISH,RSI_NORMAL,LOW_VOLATILITY
2021-01-01,502.81,506.88,498.83,505.66,10380000.0,507.052,498.965,56.12244897959183,0.016475503090264586,BULLISH,RSI_NORMAL,LOW_VOLATILITY
2021-01-04,507.47,510.91,502.17,507.57,13490000.0,506.168,500.111,57.94080386963033,0.01537671668155902,BULLISH,RSI_NORMAL,LOW_VOLATILITY
2021-01-05,504.53,507.37,501.68,504.53,10690000.0,504.942,500.35900000000004,55.42032905116067,0.01393851668934298,BULLISH,RSI_NORMAL,LOW_VOLATILITY
2021-01-06,505.51,521.95,503.64,515.62,30840000.0,506.738,501.424,55.0709823963657,0.014460764271730474,BULLISH,RSI_NORMAL,LOW_VOLATILITY
2021-01-07,522.2,544.23,517.39,535.2,39440000.0,513.716,503.495,63.88549976536838,0.01648743518767816,BULLISH,RSI_NORMAL,LOW_VOLATILITY
2021-01-08,539.18,539.62,527.4,530.29,14540000.0,518.642,505.2174999999999,63.563357923242094,0.016755039030685304,BULLISH,RSI_NORMAL,LOW_VOLATILITY
2021-01-11,531.52,544.13,531.52,537.07,19890000.0,524.542,507.3160000000001,79.2231160033869,0.016835223761298927,BULLISH,RSI_HIGH,LOW_VOLATILITY
2021-01-12,538.88,558.51,534.96,555.32,25860000.0,534.7,510.39300000000003,81.03381642512072,0.018001218587213833,BULLISH,RSI_HIGH,HIGH_VOLATILITY
2021-01-13,577.16,590.61,556.55,567.59,85240000.0,545.094,514.027,81.99082568807333,0.018325668470061587,BULLISH,RSI_HIGH,HIGH_VOLATILITY
2021-01-14,571.96,574.02,559.54,569.85,16970000.0,552.024,517.1850000000001,80.62956384448385,0.01790217766423691,BULLISH,RSI_HIGH,HIGH_VOLATILITY
2021-01-15,598.32,599.4,582.86,591.54,57450000.0,564.274,521.4815,83.47782173217736,0.0191489008904306,BULLISH,RSI_HIGH,HIGH_VOLATILITY
2021-01-18,591.54,591.89,573.24,576.13,21360000.0,572.086,525.2259999999999,74.63315524117687,0.020308240669803614,BULLISH,RSI_HIGH,HIGH_VOLATILITY
2021-01-19,580.21,586.44,575.69,581.39,11030000.0,577.3,530.2030000000001,77.86475807052857,0.01720132442432528,BULLISH,RSI_HIGH,HIGH_VOLATILITY
2021-01-20,581.39,591.4,578.15,585.16,13330000.0,580.8140000000001,534.907,82.24519267310173,0.017062604326399847,BULLISH,RSI_HIGH,HIGH_VOLATILITY
2021-01-21,589.19,592.92,563.81,570.64,17380000.0,580.972,538.5465,73.08512150063945,0.018599394038461618,BULLISH,RSI_HIGH,HIGH_VOLATILITY
2021-01-22,573.14,574.76,562.2,566.22,12660000.0,575.908,541.469,70.47120418848168,0.018617217233788834,BULLISH,RSI_HIGH,HIGH_VOLATILITY
2021-01-25,568.33,577.02,559.05,570.05,12500000.0,574.692,544.3720000000001,72.74368231046931,0.01860868777295891,BULLISH,RSI_HIGH,HIGH_VOLATILITY
2021-01-27,569.31,571.03,551.99,560.28,15570000.0,570.4699999999999,546.8530000000001,65.6460201793722,0.019217820389903124,BULLISH,RSI_NORMAL,HIGH_VOLATILITY
2021-01-28,556.06,565.24,552.38,560.38,15200000.0,565.5139999999999,549.54,60.21583901330735,0.019021255225865053,BULLISH,RSI_NORMAL,HIGH_VOLATILITY
2021-01-29,567.84,567.84,540.45,543.4,25520000.0,560.066,551.6945,54.8444313058902,0.02027000569575604,BEARISH,RSI_NORMAL,HIGH_VOLATILITY
2021-02-01,548.7,570.39,539.08,568.48,14210000.0,560.5179999999999,554.8354999999999,60.22394375366188,0.022304346514892208,BULLISH,RSI_NORMAL,HIGH_VOLATILITY
2021-02-02,574.12,594.49,568.58,588.3,21710000.0,564.168,558.8720000000001,60.626369377497085,0.02319876964301617,BULLISH,RSI_NORMAL,HIGH_VOLATILITY
2021-02-03,598.17,611.03,588.4,597.63,30640000.0,571.638,563.5269999999999,59.86600105097215,0.023035991312397183,BULLISH,RSI_NORMAL,HIGH_VOLATILITY
2021-02-04,603.57,611.52,584.67,589.53,51980000.0,577.4680000000001,567.2225000000001,56.22469635627529,0.023330568112587116,BULLISH,RSI_NORMAL,HIGH_VOLATILITY
2021-02-05,592.67,594.73,565.63,570.39,35470000.0,582.866,568.982,43.20066868128336,0.02371861201261833,BULLISH,RSI_NORMAL,HIGH_VOLATILITY
2021-02-08,578.15,592.53,573.92,586.29,21650000.0,586.428,571.782,53.255992821433146,0.024123726414256863,BULLISH,RSI_NORMAL,HIGH_VOLATILITY
2021-02-09,587.86,596.55,584.03,587.91,20930000.0,586.35,574.324,52.13938837117732,0.024064231615062055,BULLISH,RSI_NORMAL,HIGH_VOLATILITY
2021-02-10,593.8,596.55,569.56,579.32,31640000.0,582.688,575.524,48.14249363867687,0.023407693722125276,BULLISH,RSI_NORMAL,HIGH_VOLATILITY
2021-02-11,581.09,592.43,578.15,587.08,19250000.0,582.198,576.4984999999999,55.46397234777987,0.023100778920472565,BULLISH,RSI_NORMAL,HIGH_VOLATILITY
2021-02-12,586.83,586.83,573.83,575.45,15910000.0,583.21,576.7785,52.92737075800825,0.023597433037295275,BEARISH,RSI_NORMAL,HIGH_VOLATILITY
2021-02-15,581.19,591.89,579.13,582.76,17970000.0,582.504,576.3394999999999,53.94402035623412,0.02212230199467515,BULLISH,RSI_NORMAL,HIGH_VOLATILITY
2021-02-16,584.03,590.51,582.07,583.0,15060000.0,581.522,576.683,57.49340369393141,0.021290417121680952,BULLISH,RSI_NORMAL,HIGH_VOLATILITY
2021-02-17,585.95,587.77,579.18,582.91,16440000.000000002,582.24,576.759,57.43122897288739,0.0212004252989753,BULLISH,RSI_NORMAL,HIGH_VOLATILITY
2021-02-18,586.0,586.98,574.41,578.19,22190000.0,580.4620000000001,576.4105,62.48474843895791,0.02122881781362104,BULLISH,RSI_NORMAL,HIGH_VOLATILITY
2021-02-19,579.13,585.02,564.89,570.64,19470000.0,579.5,576.4105000000001,50.88669950738914,0.02067231815158316,BEARISH,RSI_NORMAL,HIGH_VOLATILITY
2021-02-22,571.27,574.12,557.53,559.79,20230000.0,574.9060000000001,576.089,37.36594877248958,0.021050406713169652,BEARISH,RSI_NORMAL,HIGH_VOLATILITY
2021-02-23,564.4,566.37,553.61,555.13,23760000.0,569.332,575.3430000000001,30.35318047337276,0.02105196247135794,BEARISH,RSI_NORMAL,HIGH_VOLATILITY
2021-02-24,557.63,563.52,554.78,562.39,8890000.0,565.2280000000001,575.4485000000001,37.35557212076033,0.020925448471819947,BEARISH,RSI_NORMAL,HIGH_VOLATILITY
2021-02-25,569.21,573.68,566.42,568.48,16230000.0,563.286,575.8534999999999,48.9869523708497,0.021054773274521054,BEARISH,RSI_NORMAL,HIGH_VOLATILITY
2021-02-26,563.91,575.15,541.58,546.05,198550000.0,558.3679999999999,575.986,30.039682539682516,0.021853812224856467,BEARISH,RSI_NORMAL,HIGH_VOLATILITY
2021-03-01,547.72,548.8,511.4,522.39,55090000.0,550.8879999999999,573.6815,23.331162487788973,0.0211574274530777,BEARISH,RSI_LOW,HIGH_VOLATILITY
2021-03-02,530.54,533.97,519.1,531.23,30620000.0,546.108,570.828,30.465513039239568,0.019756530822670128,BEARISH,RSI_NORMAL,HIGH_VOLATILITY
2021-03-03,538.64,540.6,530.05,536.23,24670000.0,540.876,567.758,28.870605833956617,0.019450175662964034,BEARISH,RSI_LOW,HIGH_VOLATILITY
2021-03-04,530.05,535.94,528.09,529.66,17680000.0,533.112,564.7645,30.13793701743731,0.019423002840501413,BEARISH,RSI_NORMAL,HIGH_VOLATILITY
2021-03-05,525.14,528.58,514.74,522.98,16660000.0,528.498,562.394,23.927076064201003,0.01843615895456791,BEARISH,RSI_LOW,HIGH_VOLATILITY
2021-03-08,521.21,525.58,515.08,516.01,15290000.0,527.222,558.8799999999999,22.40257065172615,0.01690576235706466,BEARISH,RSI_LOW,LOW_VOLATILITY
2021-03-09,520.33,522.2,504.82,512.14,20180000.0,523.4040000000001,555.0915,21.725928885337623,0.016773774729940003,BEARISH,RSI_LOW,LOW_VOLATILITY
2021-03-10,510.61,520.72,506.83,516.16,19010000.0,519.39,551.9335,25.078344716753705,0.016969775657909397,BEARISH,RSI_LOW,LOW_VOLATILITY
2021-03-12,520.77,522.93,511.94,514.54,11620000.0,516.366,548.3064999999999,26.3331083361458,0.016387607638085153,BEARISH,RSI_LOW,LOW_VOLATILITY
2021-03-15,518.07,518.07,506.88,513.21,10880000.0,514.412,545.1945,28.63302752293582,0.016098233815899483,BEARISH,RSI_LOW,LOW_VOLATILITY
2021-03-16,514.34,523.91,514.34,519.55,13250000.0,515.12,542.034,33.92663534513912,0.01607751736266343,BEARISH,RSI_NORMAL,LOW_VOLATILITY
2021-03-17,519.05,521.21,509.43,513.26,8480000.0,515.344,538.547,27.609151399143173,0.016074846323965903,BEARISH,RSI_LOW,LOW_VOLATILITY
2021-03-18,520.09,522.39,505.85,517.48,12470000.0,515.608,535.2755,26.35385756676557,0.016348146138082855,BEARISH,RSI_LOW,LOW_VOLATILITY
2021-03-19,518.27,524.9,515.82,520.18,49600000.0,516.736,532.375,35.319487004880216,0.01652016318578826,BEARISH,RSI_NORMAL,LOW_VOLATILITY
2021-03-22,523.23,524.16,513.36,518.27,13580000.0,517.7479999999999,529.7565,46.895720313441814,0.01641641390877853,BEARISH,RSI_NORMAL,LOW_VOLATILITY
2021-03-23,519.94,522.64,512.53,519.5,15240000.0,517.738,527.742,40.017021276595685,0.016127028794376306,BEARISH,RSI_NORMAL,LOW_VOLATILITY
2021-03-24,518.27,523.62,511.89,514.0,10800000.0,517.886,525.6854999999999,31.240506329113842,0.016169776733851973,BEARISH,RSI_NORMAL,LOW_VOLATILITY
2021-03-25,513.75,514.0,490.34,498.39,17570000.0,514.068,522.4855,27.104993410455336,0.016704574973811073,BEARISH,RSI_LOW,LOW_VOLATILITY
2021-03-26,502.66,515.23,501.19,512.87,11150000.0,512.606,519.705,43.3565514522276,0.018103011245307457,BEARISH,RSI_NORMAL,HIGH_VOLATILITY
2021-03-30,518.07,518.17,506.74,511.89,10690000.0,511.33000000000004,517.9970000000001,47.06134094151211,0.01618436751118314,BEARISH,RSI_NORMAL,LOW_VOLATILITY
2021-03-31,512.72,516.21,506.74,507.77,7710000.0,508.98400000000004,517.266,46.894100923951655,0.013219888422883139,BEARISH,RSI_NORMAL,LOW_VOLATILITY
2021-04-01,510.37,514.24,505.07,511.2,7110000.0,508.424,516.2645,46.44495412844038,0.01266468684790502,BEARISH,RSI_NORMAL,LOW_VOLATILITY
2021-04-05,511.2,519.25,505.12,518.52,9380000.0,512.45,515.379,52.637158759607765,0.012938792045761285,BULLISH,RSI_NORMAL,LOW_VOLATILITY
2021-04-06,518.76,527.94,514.88,522.39,13120000.0,514.354,515.0155,55.884615384615365,0.01283500509281008,BULLISH,RSI_NORMAL,LOW_VOLATILITY
2021-04-07,527.1,536.82,525.39,531.62,21390000.0,518.3,515.4475,57.46074916553347,0.01312768186181966,BULLISH,RSI_NORMAL,LOW_VOLATILITY
2021-04-08,536.72,538.44,530.54,532.99,11370000.0,523.3439999999999,516.2965,62.98538896933,0.012694963036479337,BULLISH,RSI_NORMAL,LOW_VOLATILITY
2021-04-09,529.56,539.62,526.61,535.2,11640000.0,528.144,517.4495,61.97944835045972,0.012516769735120859,BULLISH,RSI_NORMAL,LOW_VOLATILITY
2021-04-12,527.64,528.92,508.95,512.82,9870000.0,527.004,517.2825,46.07005553182407,0.015839236828857566,BEARISH,RSI_NORMAL,LOW_VOLATILITY
2021-04-13,516.7,530.05,513.46,526.27,6660000.0,527.78,517.869,53.80300437345502,0.01687984567515785,BULLISH,RSI_NORMAL,LOW_VOLATILITY
2021-04-15,530.05,536.09,520.48,529.41,9990000.0,527.338,518.679,54.626949294985515,0.01688552289682499,BULLISH,RSI_NORMAL,LOW_VOLATILITY
2021-04-16,530.1,534.12,528.09,530.78,6270000.0,526.896,519.2405,58.148795648795634,0.016701172463147534,BULLISH,RSI_NORMAL,LOW_VOLATILITY
2021-04-19,522.44,525.14,513.61,516.75,7370000.0,523.2059999999999,519.415,59.05504044190176,0.017585870381206178,BEARISH,RSI_NORMAL,HIGH_VOLATILITY
2021-04-20,519.25,527.1,516.21,520.43,7370000.0,524.728,519.5625,54.173106646058706,0.01756209985417642,BULLISH,RSI_NORMAL,HIGH_VOLATILITY
2021-04-22,520.23,523.57,516.35,521.07,6680000.0,523.688,519.607,55.0864361702128,0.01752751126686026,BULLISH,RSI_NORMAL,HIGH_VOLATILITY
2021-04-23,519.25,522.64,509.53,512.97,7120000.0,520.4,519.342,52.75949904478882,0.017864546279777422,BEARISH,RSI_NORMAL,HIGH_VOLATILITY
2021-04-26,513.12,518.76,513.12,517.83,5930000.0,517.8100000000001,519.2585,53.46576058546787,0.017991858978390868,BEARISH,RSI_NORMAL,HIGH_VOLATILITY
2021-04-27,517.73,528.63,516.55,524.45,9880000.0,519.35,519.781,53.12269615587154,0.0180273878854948,BULLISH,RSI_NORMAL,HIGH_VOLATILITY
2021-04-28,526.07,537.9,525.73,534.27,12200000.0,522.118,521.575,55.887016848364716,0.01680909753361516,BULLISH,RSI_NORMAL,LOW_VOLATILITY
2021-04-29,539.57,539.86,529.16,530.88,8850000.0,524.08,522.4755,49.6107721439091,0.015824636093607035,BULLISH,RSI_NORMAL,LOW_VOLATILITY
2021-04-30,523.67,536.92,523.67,526.86,8330000.0,526.8580000000001,523.2239999999999,46.86316651315116,0.015945577263919885,BULLISH,RSI_NORMAL,LOW_VOLATILITY
2021-05-03,520.23,552.13,519.3,548.55,14560000.0,533.002,525.263,55.69587848792556,0.01804370609759912,BULLISH,RSI_NORMAL,HIGH_VOLATILITY
2021-05-04,555.52,555.52,536.63,542.27,14200000.0,536.566,526.8165,64.56622811356218,0.018355180499965644,BULLISH,RSI_NORMAL,HIGH_VOLATILITY
2021-05-05,546.64,554.54,543.79,549.63,12100000.0,539.638,528.3720000000001,62.29473684210528,0.018331936664852215,BULLISH,RSI_NORMAL,HIGH_VOLATILITY
2021-05-06,549.63,554.0,542.42,548.45,9170000.0,543.152,529.675,60.232158211521984,0.018336876508826847,BULLISH,RSI_NORMAL,HIGH_VOLATILITY
2021-05-07,550.86,562.34,546.64,558.02,12890000.0,549.384,530.995,63.453180561043105,0.018327439314345127,BULLISH,RSI_NORMAL,HIGH_VOLATILITY
2021-05-10,561.46,566.37,558.61,562.0,8369999.999999999,552.074,532.4455,74.81083452132914,0.018355604468247726,BULLISH,RSI_HIGH,HIGH_VOLATILITY
2021-05-11,555.08,564.26,553.66,557.92,8029999.999999999,555.204,533.5815,70.46620810132113,0.01848873728253481,BULLISH,RSI_HIGH,HIGH_VOLATILITY
2021-05-12,557.53,558.66,547.91,551.4,6820000.0,555.558,535.5105,65.55863342566943,0.015731671954655798,BULLISH,RSI_NORMAL,LOW_VOLATILITY
2021-05-14,553.61,558.86,545.9,550.07,7700000.0,555.8820000000001,536.7005,70.45203969129005,0.014857126693866594,BULLISH,RSI_HIGH,LOW_VOLATILITY
2021-05-17,553.56,553.56,535.74,539.52,13680000.0,552.182,537.2059999999999,61.25116713352007,0.015578604454961877,BULLISH,RSI_NORMAL,LOW_VOLATILITY
2021-05-18,537.41,542.71,524.7,526.47,34970000.0,545.0759999999999,536.9905000000001,50.98229916358684,0.016560093778443398,BEARISH,RSI_NORMAL,LOW_VOLATILITY
2021-05-19,527.99,530.59,516.5,518.47,19580000.0,537.186,537.0765,42.178217821782184,0.01579913889936044,BEARISH,RSI_NORMAL,LOW_VOLATILITY
2021-05-20,521.21,521.21,510.42,511.05,14040000.0,529.116,536.6075,40.559840045701215,0.0160360501969151,BEARISH,RSI_NORMAL,LOW_VOLATILITY
2021-05-21,513.61,523.47,512.38,521.16,10490000.0,523.3340000000001,536.6120000000001,47.43520518358529,0.016682499331921525,BEARISH,RSI_NORMAL,LOW_VOLATILITY
2021-05-24,521.21,523.18,516.31,517.09,6390000.0,518.848,536.818,33.17647058823529,0.016386767786345464,BEARISH,RSI_NORMAL,LOW_VOLATILITY
2021-05-25,520.13,521.02,514.83,516.41,9410000.0,516.836,536.747,35.29010238907847,0.016253759854945704,BEARISH,RSI_NORMAL,LOW_VOLATILITY
2021-05-26,519.25,521.02,515.33,516.06,6910000.0,516.3539999999999,536.3275000000001,29.24959821980461,0.015972228372609552,BEARISH,RSI_LOW,LOW_VOLATILITY
2021-05-27,516.41,517.29,509.14,510.22,22780000.0,516.188,535.125,27.65634132086494,0.01545495723737561,BEARISH,RSI_LOW,LOW_VOLATILITY
2021-05-28,512.63,518.76,510.81,513.95,10250000.0,514.7459999999999,534.2785,22.356040647346646,0.015562901316915859,BEARISH,RSI_LOW,LOW_VOLATILITY
2021-05-31,515.82,526.12,515.42,525.04,12800000.0,516.336,534.1875,28.71458189357284,0.01631177656689594,BEARISH,RSI_LOW,LOW_VOLATILITY
2021-06-01,527.54,528.48,520.53,523.08,8440000.0,517.6700000000001,532.914,29.433293978748495,0.013117721864700206,BEARISH,RSI_LOW,LOW_VOLATILITY
2021-06-02,520.13,524.75,518.27,519.74,10570000.0,518.406,531.7875,30.581452404317915,0.012979861118972104,BEARISH,RSI_NORMAL,LOW_VOLATILITY
2021-06-03,520.23,523.57,518.76,522.24,6290000.0,520.8100000000001,530.418,33.17208852340059,0.01256645325838799,BEARISH,RSI_NORMAL,LOW_VOLATILITY
2021-06-04,524.11,525.93,521.41,522.88,4880000.0,522.5960000000001,529.1395,38.56828799120635,0.01259372148390375,BEARISH,RSI_NORMAL,LOW_VOLATILITY
2021-06-07,524.16,531.03,523.18,526.56,9670000.0,522.9,527.5665,50.07096672449135,0.011931809668976907,BEARISH,RSI_NORMAL,LOW_VOLATILITY
2021-06-08,528.18,537.9,524.16,536.72,12820000.0,525.6279999999999,526.3025,63.91642519444872,0.012748285453935332,BULLISH,RSI_NORMAL,LOW_VOLATILITY
2021-06-09,539.77,541.34,525.48,530.05,12670000.0,527.6899999999999,524.909,64.65597037951248,0.012907151398336087,BULLISH,RSI_NORMAL,LOW_VOLATILITY
2021-06-10,533.88,537.75,530.39,535.1,7020000.0,530.262,524.094,61.66331994645253,0.012982198891891441,BULLISH,RSI_NORMAL,LOW_VOLATILITY
2021-06-11,535.45,539.62,530.1,530.88,7780000.0,531.8620000000001,523.1344999999999,61.508930061759266,0.013061701156134505,BULLISH,RSI_NORMAL,LOW_VOLATILITY
2021-06-14,530.88,530.88,519.55,529.41,5710000.0,532.432,522.629,60.70840197693574,0.012404304535735515,BULLISH,RSI_NORMAL,LOW_VOLATILITY
2021-06-15,531.03,533.63,528.48,532.5,7260000.0,531.588,522.9304999999999,62.957124842370774,0.011191584138836114,BULLISH,RSI_NORMAL,LOW_VOLATILITY
2021-06-16,533.78,533.78,525.04,526.86,10050000.0,530.95,523.35,63.15623023402906,0.01089230867051398,BULLISH,RSI_NORMAL,LOW_VOLATILITY
2021-06-17,529.56,531.28,517.34,518.91,10210000.0,527.712,523.743,53.67625259412979,0.010950576535894697,BEARISH,RSI_NORMAL,LOW_VOLATILITY
2021-06-18,521.61,531.91,509.43,528.82,15000000.0,527.3,524.126,52.85153892576952,0.010889037382894094,BULLISH,RSI_NORMAL,LOW_VOLATILITY
2021-06-21,525.14,531.91,523.18,529.66,5740000.0,527.35,524.7545,55.04910988336395,0.010699725740443183,BULLISH,RSI_NORMAL,LOW_VOLATILITY
2021-06-22,537.95,538.88,525.63,526.52,9110000.0,526.154,525.26,55.21859605911327,0.010807251184697832,BULLISH,RSI_NORMAL,LOW_VOLATILITY
2021-06-23,528.09,529.26,522.88,524.21,4770000.0,525.624,525.6675,51.52076578662962,0.01086966684083832,BEARISH,RSI_NORMAL,LOW_VOLATILITY
2021-06-24,525.14,525.58,517.68,519.01,6420000.0,525.644,526.107,47.209000432713125,0.010791656004843038,BEARISH,RSI_NORMAL,LOW_VOLATILITY
2021-06-25,521.51,526.02,519.59,525.24,5500000.0,524.928,526.6715,49.081803005008396,0.010987412623657574,BEARISH,RSI_NORMAL,LOW_VOLATILITY
2021-06-28,527.1,527.1,520.67,521.41,5270000.0,523.278,526.49,38.321891685736084,0.010014973757358098,BEARISH,RSI_NORMAL,LOW_VOLATILITY
2021-06-29,521.46,522.44,514.34,515.28,8710000.0,521.03,526.1,38.64020919858488,0.010315939533633503,BEARISH,RSI_NORMAL,LOW_VOLATILITY
2021-06-30,517.29,520.63,514.69,515.96,5760000.0,519.3799999999999,525.9110000000001,34.218337730870786,0.010236030515491412,BEARISH,RSI_NORMAL,LOW_VOLATILITY
2021-07-01,519.25,521.21,512.38,513.02,6580000.0,518.182,525.45,34.956199460916494,0.010228789829577261,BEARISH,RSI_NORMAL,LOW_VOLATILITY
2021-07-02,515.91,523.18,510.42,515.33,13310000.0,516.2,525.0725,38.30564784053168,0.010289700556356614,BEARISH,RSI_NORMAL,LOW_VOLATILITY
2021-07-05,518.27,518.76,513.66,514.29,6370000.0,514.7760000000001,524.4590000000001,34.342218400687926,0.010130365559799853,BEARISH,RSI_NORMAL,LOW_VOLATILITY
2021-07-06,513.85,517.97,511.5,516.41,10490000.0,515.0020000000001,523.4435,40.43565806333518,0.009028509160957529,BEARISH,RSI_NORMAL,LOW_VOLATILITY
2021-07-07,513.56,520.82,513.56,519.84,6670000.0,515.778,522.933,50.92795849131916,0.008862329965226038,BEARISH,RSI_NORMAL,LOW_VOLATILITY
2021-07-08,520.23,522.98,513.9,515.62,5400000.0,516.298,521.9590000000001,35.14182800540303,0.008641540961349767,BEARISH,RSI_NORMAL,LOW_VOLATILITY
2021-07-09,515.82,527.59,513.36,526.37,7300000.0,518.506,521.7335,46.97220688385796,0.009879437755706306,BULLISH,RSI_NORMAL,LOW_VOLATILITY
2021-07-12,529.02,529.02,518.91,519.89,8930000.0,519.626,521.2575,44.25177735391023,0.010225199965047777,BEARISH,RSI_NORMAL,LOW_VOLATILITY
2021-07-13,523.72,525.63,518.47,520.28,8140000.000000001,520.4,520.6465000000001,46.47533632286993,0.010112575487788345,BEARISH,RSI_NORMAL,LOW_VOLATILITY
2021-07-14,519.25,521.61,516.94,520.28,6670000.0,520.4879999999999,520.3175,51.25618199802173,0.00986428737527512,BEARISH,RSI_NORMAL,LOW_VOLATILITY
2021-07-15,522.69,522.69,515.33,515.77,6890000.0,520.518,520.1605,40.30309236125337,0.009463628220145901,BEARISH,RSI_NORMAL,LOW_VOLATILITY
2021-07-16,517.29,533.39,516.26,531.18,11250000.0,521.48,520.2785,58.08640953484517,0.01083224980599096,BULLISH,RSI_NORMAL,LOW_VOLATILITY
2021-07-19,529.07,534.66,519.55,528.53,9130000.0,523.208,520.222,61.63709819076052,0.010890057451504107,BULLISH,RSI_NORMAL,LOW_VOLATILITY
2021-07-20,526.56,526.91,513.36,516.06,7650000.0,522.3639999999999,519.699,50.07275902211868,0.012046815159873978,BEARISH,RSI_NORMAL,LOW_VOLATILITY
2021-07-22,521.31,537.9,514.0,536.63,20220000.0,525.634,520.3199999999999,63.67110596409957,0.015064285355189147,BULLISH,RSI_NORMAL,LOW_VOLATILITY
2021-07-23,537.61,550.32,522.93,538.2,33200000.000000004,530.1199999999999,521.2795,63.35708445275081,0.014833806580327048,BULLISH,RSI_NORMAL,LOW_VOLATILITY
2021-07-26,534.96,543.64,532.11,534.02,5210000.0,530.6879999999999,521.7185,61.115492957746454,0.014785159747939992,BULLISH,RSI_NORMAL,LOW_VOLATILITY
2021-07-27,535.74,535.74,526.27,530.59,5840000.0,531.1,522.1775,57.87252942482791,0.014760979185031312,BULLISH,RSI_NORMAL,LOW_VOLATILITY
2021-07-28,529.56,560.18,527.94,557.43,32530000.0,539.374,524.2850000000001,66.56384947563228,0.018129007478823893,BULLISH,RSI_NORMAL,HIGH_VOLATILITY
2021-07-29,563.52,566.07,554.59,556.7,15840000.0,543.388,526.3219999999999,68.67612293144211,0.01815967932086036,BULLISH,RSI_NORMAL,HIGH_VOLATILITY
2021-07-30,555.47,558.02,547.52,551.3,10130000.0,546.008,528.236,61.91340915607377,0.01829326710474018,BULLISH,RSI_NORMAL,HIGH_VOLATILITY
2021-08-02,555.57,559.45,549.68,554.73,6370000.0,550.15,530.2059999999999,67.14904508761569,0.018300972408484807,BULLISH,RSI_NORMAL,HIGH_VOLATILITY
2021-08-03,557.53,571.27,551.74,569.51,21680000.0,557.934,532.967,71.22531689229973,0.01892896432039989,BULLISH,RSI_HIGH,HIGH_VOLATILITY
2021-08-04,564.4,576.08,559.79,563.81,21820000.0,559.2099999999999,535.337,67.88855099860275,0.019235687387731217,BULLISH,RSI_NORMAL,HIGH_VOLATILITY
2021-08-05,566.86,607.59,566.86,587.67,72420000.0,565.404,538.7284999999999,75.49283789533396,0.021010085875866988,BULLISH,RSI_HIGH,HIGH_VOLATILITY
2021-08-06,583.54,605.58,577.66,596.7,29060000.0,574.484,542.7825,74.33155080213903,0.020813839598383278,BULLISH,RSI_HIGH,HIGH_VOLATILITY
2021-08-09,598.76,601.41,586.54,588.21,10080000.0,581.18,545.8745,71.24145785876992,0.021108384917597842,BULLISH,RSI_HIGH,HIGH_VOLATILITY
2021-08-10,591.1,616.43,587.37,610.73,34510000.0,589.424,550.4164999999999,81.4455590247791,0.02184551763575477,BULLISH,RSI_HIGH,HIGH_VOLATILITY
2021-08-11,610.73,617.65,602.39,609.41,18730000.0,598.5440000000001,554.8729999999999,77.71937842778789,0.02190813940624358,BULLISH,RSI_HIGH,HIGH_VOLATILITY
2021-08-12,611.52,617.36,605.63,611.67,8430000.0,603.3439999999999,559.4424999999999,77.8358717890429,0.021851043824972646,BULLISH,RSI_HIGH,HIGH_VOLATILITY
2021-08-13,611.67,627.03,606.71,625.31,21080000.0,609.066,564.9195,82.27391642508658,0.02167836842584204,BULLISH,RSI_HIGH,HIGH_VOLATILITY
2021-08-16,626.98,632.13,620.35,622.36,10510000.0,615.896,569.4784999999999,82.55409719758778,0.02137817996074797,BULLISH,RSI_HIGH,HIGH_VOLATILITY
2021-08-17,622.36,626.24,611.52,614.81,11310000.0,616.712,573.7925,73.58211408844316,0.021667194378467553,BULLISH,RSI_HIGH,HIGH_VOLATILITY
2021-08-18,614.36,622.32,609.41,611.47,7140000.0,617.124,578.563,72.0366942946809,0.020637988231953494,BULLISH,RSI_HIGH,HIGH_VOLATILITY
2021-08-20,608.08,621.33,595.81,602.39,12770000.0,615.268,581.8509999999999,69.96483001172332,0.019905614419887013,BULLISH,RSI_NORMAL,HIGH_VOLATILITY
2021-08-23,607.0,618.88,596.4,611.17,12790000.0,612.4399999999999,585.4995,71.17029257314326,0.019981793650554656,BULLISH,RSI_HIGH,HIGH_VOLATILITY
2021-08-24,616.38,616.38,605.68,608.67,5890000.0,609.702,589.232,66.17914394314987,0.01985956876039461,BULLISH,RSI_NORMAL,HIGH_VOLATILITY
2021-08-25,610.88,610.88,599.74,601.16,8130000.000000001,606.972,592.7605,65.20394040543842,0.020108531613888387,BULLISH,RSI_NORMAL,HIGH_VOLATILITY
2021-08-26,598.76,600.23,573.53,576.08,26320000.0,599.894,593.693,45.32849657396214,0.02003866171849632,BEARISH,RSI_NORMAL,HIGH_VOLATILITY
2021-08-27,577.95,594.24,574.27,584.18,16440000.000000002,596.252,595.067,44.915529564652324,0.020205686066957863,BEARISH,RSI_NORMAL,HIGH_VOLATILITY
2021-08-30,585.02,613.48,579.22,609.02,40510000.0,595.822,597.953,57.46038574603857,0.021839901856410306,BULLISH,RSI_NORMAL,HIGH_VOLATILITY
2021-08-31,614.51,655.79,613.48,651.81,60780000.0,604.45,602.807,62.85839489169901,0.026245138792771412,BULLISH,RSI_NORMAL,HIGH_VOLATILITY
2021-09-01,655.69,660.89,641.95,654.12,30800000.0,615.042,607.0375,63.90841784358866,0.025906967736192697,BULLISH,RSI_NORMAL,HIGH_VOLATILITY
2021-09-02,657.6,661.33,651.81,654.22,18950000.0,630.67,611.558,63.41678753862651,0.025648769909965306,BULLISH,RSI_NORMAL,HIGH_VOLATILITY
2021-09-03,655.69,657.26,641.95,646.32,7920000.0,643.098,614.4905,56.87365046129691,0.02465735118931986,BULLISH,RSI_NORMAL,HIGH_VOLATILITY
2021-09-06,652.16,653.48,641.36,642.54,10220000.0,649.802,616.7825,56.56644539893269,0.024646593634999662,BULLISH,RSI_NORMAL,HIGH_VOLATILITY
2021-09-07,645.83,667.96,636.06,658.19,28190000.0,651.0780000000001,620.2815,63.40875370919885,0.024655550141763995,BULLISH,RSI_NORMAL,HIGH_VOLATILITY
2021-09-08,665.51,671.2,652.74,655.54,20880000.0,651.3620000000001,622.522,63.68038740920093,0.023521439235954553,BULLISH,RSI_NORMAL,HIGH_VOLATILITY
2021-09-09,655.54,675.52,654.76,673.51,19780000.0,655.22,625.727,70.92257001647445,0.02405030451361504,BULLISH,RSI_HIGH,HIGH_VOLATILITY
2021-09-13,679.25,684.16,673.21,680.52,19700000.0,662.06,629.1695000000001,70.61656459956001,0.024073864854282048,BULLISH,RSI_HIGH,HIGH_VOLATILITY
2021-09-14,682.19,686.8,676.4,681.41,11690000.0,669.8340000000001,631.9745,71.83335334373872,0.023763905415578313,BULLISH,RSI_HIGH,HIGH_VOLATILITY
2021-09-15,684.16,721.41,683.32,712.13,56800000.0,680.622,636.463,79.23494388534694,0.025299185807406685,BULLISH,RSI_HIGH,HIGH_VOLATILITY
2021-09-16,721.46,723.42,702.22,705.36,45000000.0,690.586,640.9905,87.69535805924883,0.025201025502166786,BULLISH,RSI_HIGH,HIGH_VOLATILITY
2021-09-17,707.71,721.21,707.71,714.73,26650000.0,698.83,646.1535,87.78581765557158,0.025054722418430934,BULLISH,RSI_HIGH,HIGH_VOLATILITY
2021-09-20,711.64,720.18,707.03,711.59,14330000.0,705.0440000000001,651.6135,83.95233366434951,0.024655996985806592,BULLISH,RSI_HIGH,HIGH_VOLATILITY
2021-09-21,709.58,727.1,708.69,713.26,14220000.0,711.414,656.7180000000001,77.94960429364136,0.024652906587665818,BULLISH,RSI_HIGH,HIGH_VOLATILITY
2021-09-22,713.6,718.56,710.76,713.36,16350000.000000002,711.6600000000001,661.9525000000001,77.4972150018566,0.02456135000211686,BULLISH,RSI_HIGH,HIGH_VOLATILITY
2021-09-23,719.88,726.46,709.87,713.41,26500000.0,713.27,667.565,77.48676511563102,0.024167514672382706,BULLISH,RSI_HIGH,HIGH_VOLATILITY
2021-09-24,715.61,739.12,714.58,725.77,72180000.0,715.478,675.0495,85.42762864532229,0.021070469695820673,BULLISH,RSI_HIGH,HIGH_VOLATILITY
2021-09-27,731.0,731.9,718.15,722.55,11280000.0,717.6700000000001,681.9680000000001,85.85641301425109,0.02137081620015399,BULLISH,RSI_HIGH,HIGH_VOLATILITY
2021-09-28,724.4,726.8,686.0,696.15,21940000.0,714.2479999999999,686.3245,65.51667756703725,0.022495408493606255,BULLISH,RSI_NORMAL,HIGH_VOLATILITY
2021-09-29,697.0,702.0,689.15,694.1,16730000.0,710.396,688.4390000000001,65.83963194216238,0.016914028239900007,BULLISH,RSI_NORMAL,LOW_VOLATILITY
2021-09-30,695.8,709.8,686.8,688.3,13910000.0,705.374,690.1479999999999,56.75034230944773,0.017112516899476397,BEARISH,RSI_NORMAL,HIGH_VOLATILITY
2021-10-01,687.35,687.35,667.65,675.9,14950000.0,695.4,691.232,47.990255785627284,0.017725435495240756,BEARISH,RSI_NORMAL,HIGH_VOLATILITY
2021-10-04,675.0,686.2,669.7,681.4,8920000.0,687.1699999999998,692.9860000000001,49.99581764951903,0.017468251461075765,BEARISH,RSI_NORMAL,HIGH_VOLATILITY
2021-10-05,684.4,703.45,680.4,699.25,25600000.0,687.79,695.8215,43.963254593175854,0.018092616145075735,BULLISH,RSI_NORMAL,HIGH_VOLATILITY
2021-10-06,705.75,707.95,688.2,691.4,10410000.0,687.2499999999999,697.4820000000001,43.52264291017073,0.017772832625701514,BEARISH,RSI_NORMAL,HIGH_VOLATILITY
2021-10-07,695.75,702.2,691.3,692.5,8119999.999999999,688.0899999999999,699.33,38.82802291687606,0.01770664645002771,BEARISH,RSI_NORMAL,HIGH_VOLATILITY
2021-10-08,695.15,699.55,688.9,695.5,6300000.0,692.01,700.4295,41.902365374937084,0.0167509148736,BEARISH,RSI_NORMAL,LOW_VOLATILITY
2021-10-11,693.1,696.05,685.0,690.85,8790000.0,693.9,700.9459999999999,39.05013192612139,0.016721442922884706,BEARISH,RSI_NORMAL,LOW_VOLATILITY
2021-10-12,691.0,698.4,684.2,686.35,8580000.0,691.3199999999999,701.193,37.346575470814216,0.01680231601645836,BEARISH,RSI_NORMAL,LOW_VOLATILITY
2021-10-13,689.0,696.8,683.1,689.9,7060000.0,691.0200000000001,700.0815,39.33593395627325,0.013215108669708495,BEARISH,RSI_NORMAL,LOW_VOLATILITY
2021-10-14,693.0,694.0,681.85,685.8,9820000.0,689.6800000000001,699.1034999999999,30.401098362263397,0.013125201630332775,BEARISH,RSI_NORMAL,LOW_VOLATILITY
2021-10-18,700.0,701.95,679.65,680.6,8570000.0,686.7,697.397,29.822029822029847,0.012726265211163624,BEARISH,RSI_LOW,LOW_VOLATILITY
2021-10-19,699.0,699.0,675.45,681.1,7330000.0,684.75,695.8725000000001,40.35874439461886,0.012734928993301194,BEARISH,RSI_NORMAL,LOW_VOLATILITY
2021-10-20,683.4,713.9,681.4,708.45,21220000.0,689.17,695.632,56.942428640541856,0.015855296363913612,BULLISH,RSI_NORMAL,LOW_VOLATILITY
2021-10-21,710.95,712.35,689.2,696.05,8910000.0,690.4,694.7665,53.524329240563894,0.016318296947484566,BULLISH,RSI_NORMAL,LOW_VOLATILITY
2021-10-22,698.5,705.3,684.25,694.5,6590000.0,692.14,693.8209999999999,59.38446014127145,0.016317700236946286,BULLISH,RSI_NORMAL,LOW_VOLATILITY
2021-10-25,693.0,704.0,675.0,691.1,9540000.0,694.24,692.0875,55.00000000000002,0.015734871787484363,BEARISH,RSI_NORMAL,LOW_VOLATILITY
2021-10-26,695.0,709.85,689.0,696.2,10950000.0,697.26,690.77,48.189910979228515,0.01587273717786395,BULLISH,RSI_NORMAL,LOW_VOLATILITY
2021-10-27,699.4,714.65,694.0,702.35,11880000.0,696.04,691.08,56.63234403391887,0.013735563562137282,BULLISH,RSI_NORMAL,LOW_VOLATILITY
2021-10-28,702.75,706.05,684.4,689.75,8880000.0,694.78,690.8625,48.538011695906434,0.01433164223141137,BEARISH,RSI_NORMAL,LOW_VOLATILITY
2021-10-29,692.2,701.0,677.05,685.35,8600000.0,692.95,690.715,44.68308014667366,0.014279276782555425,BEARISH,RSI_NORMAL,LOW_VOLATILITY
2021-11-01,689.95,722.8,689.6,712.5,17120000.0,697.23,692.5450000000001,59.17761763459092,0.016167675339919113,BULLISH,RSI_NORMAL,LOW_VOLATILITY
2021-11-02,712.5,723.1,709.55,713.95,7730000.0,700.78,694.1724999999999,62.01044386422978,0.01611841143061487,BULLISH,RSI_NORMAL,LOW_VOLATILITY
2021-11-03,725.75,732.5,696.0,699.1,23260000.0,700.1300000000001,694.1650000000001,53.64500792393029,0.015899699210034257,BULLISH,RSI_NORMAL,LOW_VOLATILITY
2021-11-04,704.0,704.8,699.2,701.1,1060000.0,702.4000000000001,694.65,56.16438356164387,0.015681713156462225,BULLISH,RSI_NORMAL,LOW_VOLATILITY
2021-11-08,707.45,714.9,704.0,709.0,7570000.0,707.13,695.475,61.198738170346985,0.015855340894004453,BULLISH,RSI_NORMAL,LOW_VOLATILITY
2021-11-09,711.7,716.45,705.15,713.2,5280000.0,707.27,696.3599999999999,62.298850574712645,0.01587536546416796,BULLISH,RSI_NORMAL,LOW_VOLATILITY
2021-11-10,717.5,738.0,707.35,735.45,15180000.0,711.57,698.5899999999999,60.765550239234436,0.01707741577121222,BULLISH,RSI_NORMAL,HIGH_VOLATILITY
2021-11-11,735.0,738.6,724.25,728.6,7420000.0,717.47,700.7025000000001,63.579474342928684,0.017173061710919632,BULLISH,RSI_NORMAL,HIGH_VOLATILITY
2021-11-12,733.0,745.0,725.25,743.5,9210000.0,725.95,703.3825,68.39339339339338,0.01760311816990074,BULLISH,RSI_NORMAL,HIGH_VOLATILITY
2021-11-15,740.0,746.0,736.2,737.55,5450000.0,731.6600000000001,705.97,67.10865561694287,0.017669596667253366,BULLISH,RSI_NORMAL,HIGH_VOLATILITY
2021-11-16,741.35,742.05,727.05,730.3,4640000.0,735.08,708.455,62.364031907179076,0.01775268253983806,BULLISH,RSI_NORMAL,HIGH_VOLATILITY
2021-11-17,724.55,732.35,716.25,720.05,8000000.0,732.0,710.4024999999999,56.23239436619715,0.01818355590627823,BULLISH,RSI_NORMAL,HIGH_VOLATILITY
2021-11-18,720.6,723.45,708.0,714.35,4470000.0,729.15,710.6975,59.10436713545522,0.01605822640174458,BULLISH,RSI_NORMAL,LOW_VOLATILITY
2021-11-22,740.0,755.95,733.1,742.1,36880000.0,728.87,713.0000000000001,67.90785736825497,0.01759632895741087,BULLISH,RSI_NORMAL,HIGH_VOLATILITY
2021-11-23,745.0,761.0,735.7,758.9,18240000.0,733.1400000000001,716.22,65.66509115462523,0.018053776947090695,BULLISH,RSI_NORMAL,HIGH_VOLATILITY
2021-11-24,764.0,781.8,756.25,758.9,21650000.0,738.86,719.61,65.32560518240707,0.017951198123473754,BULLISH,RSI_NORMAL,HIGH_VOLATILITY
2021-11-25,759.05,768.5,752.8,765.15,8480000.0,747.8799999999999,723.0575,73.9224918507787,0.017958587274649496,BULLISH,RSI_HIGH,HIGH_VOLATILITY
2021-11-26,763.0,763.0,733.1,738.75,11140000.0,752.76,724.8774999999999,61.588180978762686,0.019959927090933367,BULLISH,RSI_NORMAL,HIGH_VOLATILITY
2021-11-29,752.0,755.0,727.1,739.35,15890000.0,752.21,727.3575,59.78085723493395,0.019370214129386765,BULLISH,RSI_NORMAL,HIGH_VOLATILITY
2021-11-30,740.0,750.2,722.65,728.25,14270000.0,746.0799999999999,729.5024999999999,54.64362850971921,0.019699040192262988,BEARISH,RSI_NORMAL,HIGH_VOLATILITY
2021-12-01,733.0,737.4,718.25,722.25,10490000.0,738.75,729.99,45.473251028806565,0.017867271098311262,BEARISH,RSI_NORMAL,HIGH_VOLATILITY
2021-12-02,723.9,735.7,714.15,732.55,11510000.0,732.23,730.92,51.32328308207704,0.01811802712468018,BULLISH,RSI_NORMAL,HIGH_VOLATILITY
2021-12-03,730.0,734.65,716.3,718.35,11020000.0,728.15,731.8824999999999,41.53483675530124,0.0180291209587115,BEARISH,RSI_NORMAL,HIGH_VOLATILITY
2021-12-06,718.0,721.9,693.85,697.6,8800000.0,719.8,731.7075,37.77165595347414,0.019259710592212466,BEARISH,RSI_NORMAL,HIGH_VOLATILITY
2021-12-07,702.35,705.7,694.1,698.85,10240000.0,713.92,731.2,40.006355258976804,0.019081726688953245,BEARISH,RSI_NORMAL,HIGH_VOLATILITY
2021-12-08,705.0,719.0,702.3,715.15,8300000.000000001,712.5,731.2975,48.50061199510404,0.01977637496020231,BEARISH,RSI_NORMAL,HIGH_VOLATILITY
2021-12-09,716.8,723.95,711.0,713.95,9070000.0,708.78,730.2225000000001,49.8741346758968,0.01839285393036297,BEARISH,RSI_NORMAL,HIGH_VOLATILITY
2021-12-10,711.0,718.9,707.0,710.7,4250000.0,707.25,729.3275,38.318452380952365,0.018314608220870984,BEARISH,RSI_NORMAL,HIGH_VOLATILITY
2021-12-13,715.0,718.4,698.35,703.1,9900000.0,708.35,727.3075,27.715654952076676,0.01770102967495087,BEARISH,RSI_LOW,HIGH_VOLATILITY
2021-12-14,701.0,706.3,688.4,691.6,9280000.0,706.9,725.01,25.38405267008045,0.017931254842894928,BEARISH,RSI_LOW,HIGH_VOLATILITY
2021-12-15,691.75,694.9,684.1,685.45,7670000.0,700.96,722.7674999999999,20.827232796486058,0.01791384114379237,BEARISH,RSI_LOW,HIGH_VOLATILITY
2021-12-16,689.9,689.9,677.6,681.4,9630000.0,694.45,720.835,24.901531728665177,0.017741983642858485,BEARISH,RSI_LOW,HIGH_VOLATILITY
2021-12-17,681.0,685.7,661.1,666.05,13850000.0,685.5200000000001,718.42,21.589147286821643,0.018265258077265877,BEARISH,RSI_LOW,HIGH_VOLATILITY
2021-12-20,659.15,661.15,645.1,658.25,11810000.0,676.55,714.2275,22.155926809864724,0.015392628947894942,BEARISH,RSI_LOW,LOW_VOLATILITY
2021-12-21,663.95,670.9,659.2,667.0,8080000.0,671.63,709.6324999999999,28.493577267419198,0.014603448254436225,BEARISH,RSI_LOW,LOW_VOLATILITY
2021-12-22,667.0,686.0,667.0,684.75,8520000.0,671.49,705.925,32.413539367181755,0.016321927561716233,BEARISH,RSI_NORMAL,LOW_VOLATILITY
2021-12-23,689.0,689.0,675.5,678.75,5600000.0,670.96,701.605,34.494909945184006,0.016036476934410952,BEARISH,RSI_NORMAL,LOW_VOLATILITY
2021-12-24,682.1,682.85,672.65,677.05,3760000.0,673.16,698.52,40.543028071790125,0.014555237966035731,BEARISH,RSI_NORMAL,LOW_VOLATILITY
2021-12-27,674.95,678.35,668.65,675.75,3660000.0,676.66,695.3399999999999,39.37442502299906,0.0145179918898884,BEARISH,RSI_NORMAL,LOW_VOLATILITY
2021-12-28,679.85,683.5,675.05,680.05,3890000.0,679.27,692.9300000000001,31.85108583247154,0.014481365782911896,BEARISH,RSI_NORMAL,LOW_VOLATILITY
2021-12-29,679.95,683.5,675.0,676.85,3850000.0,677.6899999999999,690.6600000000001,31.20567375886523,0.014439671566923667,BEARISH,RSI_NORMAL,LOW_VOLATILITY
2021-12-30,677.5,685.8,674.2,679.35,5700000.0,677.81,688.0,33.996937212863685,0.013954548891452534,BEARISH,RSI_NORMAL,LOW_VOLATILITY
2021-12-31,680.5,694.1,680.0,683.8,4600000.0,679.1600000000001,686.2725,39.82067510548518,0.013618399000640909,BEARISH,RSI_NORMAL,LOW_VOLATILITY
2022-01-03,687.8,692.6,683.1,691.3,2940000.0,682.27,685.9575,49.8348017621145,0.012395758422902739,BULLISH,RSI_NORMAL,LOW_VOLATILITY
2022-01-04,692.25,703.25,690.4,697.45,6470000.0,685.75,685.8875,56.60792951541851,0.012561976091662165,BULLISH,RSI_NORMAL,LOW_VOLATILITY
2022-01-05,700.9,702.75,691.75,700.0,4590000.0,690.38,685.13,60.41433370660697,0.01134917593869473,BULLISH,RSI_NORMAL,LOW_VOLATILITY
2022-01-06,702.0,720.5,700.0,710.4,21640000.0,696.5899999999999,684.9525,76.28927089508011,0.011887381680222632,BULLISH,RSI_HIGH,LOW_VOLATILITY
2022-01-07,713.9,715.15,701.45,704.7,4320000.0,700.77,684.6525,78.2370820668694,0.011979536091279499,BULLISH,RSI_HIGH,LOW_VOLATILITY
2022-01-10,705.4,711.35,703.65,704.95,3570000.0,703.5,684.745,75.72881355932213,0.011729866292341467,BULLISH,RSI_HIGH,LOW_VOLATILITY
2022-01-11,703.0,709.55,694.6,703.45,10640000.0,704.7,685.3375,66.26086956521749,0.0110869568213572,BULLISH,RSI_NORMAL,LOW_VOLATILITY
2022-01-12,707.95,732.7,704.2,730.2,12370000.0,710.74,687.575,82.87539936102249,0.013586325404366058,BULLISH,RSI_HIGH,LOW_VOLATILITY
2022-01-13,729.0,735.65,726.15,731.8,5830000.0,715.0200000000001,690.095,85.02879078694833,0.01341851323881176,BULLISH,RSI_HIGH,LOW_VOLATILITY
2022-01-14,729.95,730.9,718.45,720.6,5340000.0,718.2,692.8225,75.46848381601376,0.0127576057686756,BULLISH,RSI_HIGH,LOW_VOLATILITY
2022-01-17,720.0,734.75,719.55,728.6,4340000.0,722.9300000000001,696.3399999999999,76.45776566757507,0.012288291531415092,BULLISH,RSI_HIGH,LOW_VOLATILITY
2022-01-18,727.0,730.7,712.55,714.35,4310000.0,725.11,698.7075,68.23929961089499,0.013298142414472568,BULLISH,RSI_NORMAL,LOW_VOLATILITY
2022-01-19,714.0,715.0,701.7,703.7,5880000.0,719.8100000000001,699.655,60.9734114465976,0.012732089880747822,BULLISH,RSI_NORMAL,LOW_VOLATILITY
2022-01-20,706.0,719.65,705.25,715.4,4810000.0,716.53,701.4875,63.36717428087991,0.012925320013110333,BULLISH,RSI_NORMAL,LOW_VOLATILITY
2022-01-21,709.6,714.0,689.35,695.25,6700000.0,711.46,702.3975,51.509361864730636,0.014631458613675579,BEARISH,RSI_NORMAL,LOW_VOLATILITY
2022-01-24,690.3,707.0,677.35,689.9,11090000.0,703.72,703.105,47.09727028066125,0.014757463548022175,BEARISH,RSI_NORMAL,LOW_VOLATILITY
2022-01-25,684.0,720.45,682.15,711.85,14130000.0,703.22,704.6949999999999,53.96453663432588,0.016253315491179334,BULLISH,RSI_NORMAL,LOW_VOLATILITY
2022-01-27,706.5,716.0,701.5,707.25,8940000.0,703.9300000000001,706.2149999999999,48.90358510268013,0.016298484901380104,BULLISH,RSI_NORMAL,LOW_VOLATILITY
2022-01-28,714.9,754.0,701.65,715.8,21450000.0,704.01,708.0375,53.78839590443683,0.016443071715562637,BULLISH,RSI_NORMAL,LOW_VOLATILITY
2022-01-31,728.0,735.0,719.55,729.3,10750000.0,710.8199999999999,710.3125,57.62128325508606,0.016819112467065255,BULLISH,RSI_NORMAL,LOW_VOLATILITY
2022-02-01,733.0,735.0,718.3,723.05,4810000.0,717.45,711.9,55.95744680851062,0.01692104879082167,BULLISH,RSI_NORMAL,LOW_VOLATILITY
2022-02-02,726.1,731.75,720.5,725.05,3290000.0,720.0899999999999,713.28,48.157423971377426,0.01685223846187442,BULLISH,RSI_NORMAL,LOW_VOLATILITY
2022-02-03,726.0,729.0,718.5,721.65,3650000.0,722.97,714.3625,46.41469445425645,0.01691427216968026,BULLISH,RSI_NORMAL,LOW_VOLATILITY
2022-02-04,721.1,723.25,716.5,720.2,3280000.0,723.85,714.8525,49.84825493171472,0.016639851090458496,BULLISH,RSI_NORMAL,LOW_VOLATILITY
2022-02-07,718.0,720.1,699.5,706.5,6830000.0,719.29,714.9424999999999,41.96363636363635,0.017122136531665357,BEARISH,RSI_NORMAL,HIGH_VOLATILITY
2022-02-08,711.2,714.7,701.0,708.9,7170000.0,716.4599999999999,715.1400000000001,47.83127735773973,0.01713647480758406,BEARISH,RSI_NORMAL,HIGH_VOLATILITY
2022-02-09,707.1,726.1,702.15,719.35,10190000.0,715.3199999999999,715.935,56.2375448385811,0.017417410746830148,BULLISH,RSI_NORMAL,HIGH_VOLATILITY
2022-02-10,722.95,726.95,708.6,724.05,6070000.0,715.8,715.6275,53.65132967496832,0.015201231088084924,BULLISH,RSI_NORMAL,LOW_VOLATILITY
2022-02-11,721.7,725.4,710.9,715.15,5650000.0,714.79,714.795,59.281716417910445,0.015419064678562203,BULLISH,RSI_NORMAL,LOW_VOLATILITY
2022-02-14,704.0,704.0,685.0,689.7,7440000.0,711.4300000000001,713.25,49.921445404556195,0.016993424576668976,BEARISH,RSI_NORMAL,HIGH_VOLATILITY
2022-02-15,696.0,713.1,686.6,711.55,4650000.0,711.96,712.3975,49.88207547169809,0.018396808418007844,BEARISH,RSI_NORMAL,HIGH_VOLATILITY
2022-02-16,717.4,728.2,708.0,721.8,5430000.0,712.45,712.77,55.47610086563794,0.01816181478216863,BULLISH,RSI_NORMAL,HIGH_VOLATILITY
2022-02-17,724.45,727.5,715.0,717.0,5110000.0,711.04,713.435,50.464756003098394,0.017880544020789806,BULLISH,RSI_NORMAL,HIGH_VOLATILITY
2022-02-18,712.05,719.55,711.35,712.55,4100000.0,710.5200000000001,713.2925,43.023740108288195,0.017562355954301348,BEARISH,RSI_NORMAL,HIGH_VOLATILITY
2022-02-21,708.05,716.55,703.0,709.95,4310000.0,714.5699999999999,714.0274999999999,44.372852233676994,0.016307608301762682,BEARISH,RSI_NORMAL,LOW_VOLATILITY
2022-02-22,694.2,702.5,687.5,699.25,9150000.0,712.11,714.495,39.688249400479606,0.016599526092308404,BEARISH,RSI_NORMAL,LOW_VOLATILITY
2022-02-23,700.1,708.95,699.5,704.4,4120000.0,708.63,714.1225000000001,43.200630666141095,0.015020579942592411,BEARISH,RSI_NORMAL,LOW_VOLATILITY
2022-02-24,682.0,688.55,645.45,670.9,14140000.0,699.4100000000001,712.3050000000001,34.48709880427937,0.018335925301262334,BEARISH,RSI_NORMAL,HIGH_VOLATILITY
2022-02-25,677.5,695.15,677.5,688.65,6450000.0,694.6299999999999,710.9475,44.52285977293647,0.019197719451989698,BEARISH,RSI_NORMAL,HIGH_VOLATILITY
2022-02-28,681.0,690.0,666.45,686.5,8300000.000000001,689.9399999999999,708.8075,43.11616472034419,0.018574497306845985,BEARISH,RSI_NORMAL,HIGH_VOLATILITY
2022-03-02,684.0,684.0,666.0,674.25,10220000.0,684.9399999999999,706.3675000000001,36.29179331306987,0.018838591816502843,BEARISH,RSI_NORMAL,HIGH_VOLATILITY
2022-03-03,675.0,679.8,668.6,672.05,6520000.0,678.47,703.7175,33.95061728395059,0.01878427497954535,BEARISH,RSI_NORMAL,HIGH_VOLATILITY
2022-03-04,665.0,667.95,650.0,653.7,7090000.0,675.03,700.3199999999999,32.07932341790608,0.019518420525373035,BEARISH,RSI_NORMAL,HIGH_VOLATILITY
2022-03-07,640.0,679.35,639.0,675.4,12620000.0,672.38,698.08,45.7364341085271,0.02128601861508299,BEARISH,RSI_NORMAL,HIGH_VOLATILITY
2022-03-08,675.0,686.85,667.6,683.0,8460000.0,671.6800000000001,696.905,40.69729553600522,0.02116198565498153,BEARISH,RSI_NORMAL,HIGH_VOLATILITY
2022-03-09,682.0,698.0,674.3,691.5,9900000.0,675.13,696.035,40.013183915622946,0.02136736321650488,BEARISH,RSI_NORMAL,HIGH_VOLATILITY
2022-03-10,699.95,707.5,690.6,697.75,5990000.0,680.27,694.955,43.71531178583088,0.02118317239629799,BULLISH,RSI_NORMAL,HIGH_VOLATILITY
2022-03-11,696.7,702.4,691.5,694.85,3350000.0,688.5,693.495,44.162269129287615,0.021109614043085312,BULLISH,RSI_NORMAL,HIGH_VOLATILITY
2022-03-14,688.15,704.85,688.15,700.4,4020000.0,693.5,692.7574999999999,46.91038498867678,0.021068311563903614,BULLISH,RSI_NORMAL,HIGH_VOLATILITY
2022-03-15,699.0,709.5,695.5,703.1,6010000.0,697.52,693.4275,51.313544865233716,0.01942551669693994,BULLISH,RSI_NORMAL,HIGH_VOLATILITY
2022-03-16,710.0,715.5,705.0,712.0,3840000.0,701.62,693.45,52.5282767797738,0.01828377204432321,BULLISH,RSI_NORMAL,HIGH_VOLATILITY
2022-03-17,720.0,727.95,715.0,722.9,8170000.0,706.65,693.505,70.3602192638998,0.018321828838366826,BULLISH,RSI_HIGH,HIGH_VOLATILITY
2022-03-21,722.0,724.35,706.8,708.2,6320000.0,709.32,693.065,57.84195748094669,0.018840744062229853,BULLISH,RSI_NORMAL,HIGH_VOLATILITY
2022-03-22,708.5,721.0,705.85,719.25,3000000.0,713.0899999999999,693.4,62.26132534631226,0.01911896298550361,BULLISH,RSI_NORMAL,HIGH_VOLATILITY
2022-03-23,719.25,719.85,703.0,704.95,7970000.0,713.46,693.15,61.32005899705019,0.019648004814090965,BULLISH,RSI_NORMAL,HIGH_VOLATILITY
2022-03-24,698.0,708.85,697.85,706.35,3600000.0,712.33,693.505,62.722551928783446,0.019334769103376323,BULLISH,RSI_NORMAL,HIGH_VOLATILITY
2022-03-25,712.3,714.45,705.85,709.35,2930000.0,709.6200000000001,693.7524999999999,73.2942653830055,0.01929058810115717,BULLISH,RSI_HIGH,HIGH_VOLATILITY
2022-03-28,715.25,737.0,710.1,733.05,7960000.0,714.59,696.8599999999999,73.73404693289424,0.017031752552642797,BULLISH,RSI_HIGH,HIGH_VOLATILITY
2022-03-29,740.4,763.0,737.0,754.95,15830000.0,721.7299999999999,700.175,76.50092081031313,0.017278235616626003,BULLISH,RSI_HIGH,HIGH_VOLATILITY
2022-03-30,762.75,769.9,744.6,749.5,9940000.0,730.64,703.325,71.85380557648834,0.017400306206706333,BULLISH,RSI_HIGH,HIGH_VOLATILITY
2022-03-31,753.0,759.0,739.7,754.95,7370000.0,740.36,707.36,71.68309325246403,0.016586874564041596,BULLISH,RSI_HIGH,LOW_VOLATILITY
2022-04-01,759.8,766.65,749.25,758.5,5920000.0,750.1899999999999,711.6825000000001,74.00980761976615,0.01645293137522898,BULLISH,RSI_HIGH,LOW_VOLATILITY
2022-04-04,757.85,775.0,756.2,767.8,5780000.0,757.14,717.3875,74.72487160674983,0.014472162787060691,BULLISH,RSI_HIGH,LOW_VOLATILITY
2022-04-05,767.8,773.8,761.0,766.6,3990000.0,759.47,721.9475,73.55341246290806,0.01335316663046021,BULLISH,RSI_HIGH,LOW_VOLATILITY
2022-04-06,764.0,780.7,763.0,775.65,7490000.0,764.7,726.58,73.58280844757323,0.013364225500458802,BULLISH,RSI_HIGH,LOW_VOLATILITY
2022-04-07,775.0,777.85,759.55,762.4,5820000.0,766.1899999999999,730.125,64.38455935906777,0.014269172626988786,BULLISH,RSI_NORMAL,LOW_VOLATILITY
2022-04-08,768.35,768.35,757.6,762.1,5580000.0,766.9100000000001,733.3425,71.92839707078929,0.014284139397271925,BULLISH,RSI_HIGH,LOW_VOLATILITY
2022-04-11,757.0,765.2,756.0,758.05,4930000.0,764.9599999999999,736.5024999999999,66.73856773080242,0.014323440972486902,BULLISH,RSI_NORMAL,LOW_VOLATILITY
2022-04-12,759.95,759.95,740.1,741.65,3900000.0,759.97,738.565,65.5508474576271,0.015428296544492046,BULLISH,RSI_NORMAL,LOW_VOLATILITY
2022-04-13,742.0,756.5,737.95,740.65,6340000.0,752.9699999999999,740.4425,64.58333333333333,0.015456576824829349,BULLISH,RSI_NORMAL,LOW_VOLATILITY
2022-04-18,736.65,740.15,723.4,729.5,8950000.0,746.39,741.3175,58.01192842942346,0.015757793291618506,BEARISH,RSI_NORMAL,LOW_VOLATILITY
2022-04-19,739.0,739.0,716.85,723.5,9960000.0,738.6699999999998,741.3475000000001,45.58074965293847,0.01553629076680486,BEARISH,RSI_NORMAL,LOW_VOLATILITY
2022-04-20,730.05,744.5,723.95,739.35,6630000.0,734.9300000000001,742.905,42.35294117647057,0.015475306709193556,BEARISH,RSI_NORMAL,LOW_VOLATILITY
2022-04-21,743.9,743.9,730.0,735.75,6110000.0,733.75,743.73,43.13529705441837,0.015221811865184436,BEARISH,RSI_NORMAL,LOW_VOLATILITY
2022-04-22,731.0,740.9,729.0,738.75,5180000.0,733.3700000000001,745.4200000000001,41.709314227226166,0.014391863935724633,BEARISH,RSI_NORMAL,LOW_VOLATILITY
2022-04-25,729.95,743.0,729.15,739.35,3570000.0,735.34,747.0699999999999,39.894459102902374,0.014396214356939621,BEARISH,RSI_NORMAL,LOW_VOLATILITY
2022-04-26,745.0,758.9,739.1,756.3,4990000.0,741.9,749.4175,44.38476562499999,0.015111571011752499,BULLISH,RSI_NORMAL,LOW_VOLATILITY
2022-04-27,750.0,761.55,746.4,752.5,4570000.0,744.53,750.3900000000001,43.28571428571426,0.013433910239264395,BULLISH,RSI_NORMAL,LOW_VOLATILITY
2022-04-28,751.0,754.3,744.6,747.35,6100000.0,746.85,750.01,36.00395647873394,0.01173907225678874,BEARISH,RSI_NORMAL,LOW_VOLATILITY
2022-04-29,752.0,761.0,735.55,739.0,7220000.0,746.9,749.485,37.83783783783784,0.011891535146465924,BEARISH,RSI_NORMAL,LOW_VOLATILITY
2022-05-02,734.0,742.95,730.35,741.35,3940000.0,747.3,748.805,39.44020356234096,0.011782998434276054,BEARISH,RSI_NORMAL,LOW_VOLATILITY
2022-05-04,737.0,739.35,717.0,722.4,6790000.0,740.52,747.0,34.24657534246576,0.012921662519558624,BEARISH,RSI_NORMAL,LOW_VOLATILITY
2022-05-05,726.0,733.1,714.25,718.95,4840000.0,733.8100000000001,744.5575,38.67265469061878,0.012460688170891373,BEARISH,RSI_NORMAL,LOW_VOLATILITY
2022-05-06,711.25,723.9,707.75,710.25,5910000.0,726.39,741.74,35.91288229842448,0.012609391104910573,BEARISH,RSI_NORMAL,LOW_VOLATILITY
2022-05-09,706.1,720.5,704.45,711.5,4820000.0,720.89,738.5325,40.816326530612244,0.012149487995415943,BEARISH,RSI_NORMAL,LOW_VOLATILITY
2022-05-10,711.0,728.5,710.15,719.65,6750000.0,716.55,736.395,48.07788317523713,0.012236895244116107,BEARISH,RSI_NORMAL,LOW_VOLATILITY
2022-05-11,719.65,735.0,716.9,722.85,6920000.0,716.64,734.4325,40.57142857142856,0.012334671900508486,BEARISH,RSI_NORMAL,LOW_VOLATILITY
2022-05-12,715.25,722.8,701.25,705.4,6750000.0,713.9300000000001,731.8,35.02713369511592,0.013240385745629957,BEARISH,RSI_NORMAL,LOW_VOLATILITY
2022-05-13,713.0,713.0,684.75,689.9,11940000.0,709.86,729.2125,28.54633289415898,0.013264996422131838,BEARISH,RSI_LOW,LOW_VOLATILITY
2022-05-16,685.85,698.0,679.65,693.2,5410000.0,706.2,726.8399999999999,30.20163020163021,0.013388267971192034,BEARISH,RSI_NORMAL,LOW_VOLATILITY
2022-05-17,695.0,710.0,690.85,707.05,4850000.0,703.6800000000001,725.7175,28.294402820625834,0.014034654116303696,BEARISH,RSI_LOW,LOW_VOLATILITY
2022-05-18,721.0,727.15,689.2,696.15,18990000.0,698.3399999999999,724.35,26.627955205309007,0.014306365245645459,BEARISH,RSI_LOW,LOW_VOLATILITY
2022-05-19,685.0,693.0,667.85,674.25,7320000.0,692.11,721.095,23.37946103423161,0.014619793107072595,BEARISH,RSI_LOW,LOW_VOLATILITY
2022-05-20,688.5,691.5,683.0,687.9,5580000.0,691.7099999999999,718.7025,32.082748948106584,0.01562968093690345,BEARISH,RSI_NORMAL,LOW_VOLATILITY
2022-05-23,681.8,693.9,679.6,685.85,3790000.0,690.24,716.0575,30.498945888966972,0.015535156286226067,BEARISH,RSI_NORMAL,LOW_VOLATILITY
2022-05-24,689.25,689.25,675.85,678.2,4050000.0,684.47,713.0,33.12977099236643,0.015586909097916806,BEARISH,RSI_NORMAL,LOW_VOLATILITY
2022-05-25,681.25,689.9,679.55,688.2,4190000.000000001,682.8799999999999,709.595,38.82224645583423,0.014931408871024164,BEARISH,RSI_NORMAL,LOW_VOLATILITY
2022-05-26,690.0,695.5,675.9,693.65,5780000.0,686.76,706.6524999999999,43.81980640357407,0.015190330615686644,BEARISH,RSI_NORMAL,LOW_VOLATILITY
2022-05-27,697.05,700.0,676.0,684.4,7130000.0,686.0600000000001,703.5049999999999,40.47786366830638,0.015324106366671857,BEARISH,RSI_NORMAL,LOW_VOLATILITY
2022-05-30,687.45,703.75,683.0,699.05,4680000.0,688.7,701.5074999999999,43.07795698924729,0.01625579318012287,BEARISH,RSI_NORMAL,LOW_VOLATILITY
2022-05-31,697.5,706.6,692.6,700.2,44590000.0,693.1,699.45,42.28279386712096,0.01623042995917571,BULLISH,RSI_NORMAL,LOW_VOLATILITY
2022-06-01,701.55,706.2,691.25,694.65,3750000.0,694.3900000000001,698.0625,46.01408972932888,0.015381347854513344,BEARISH,RSI_NORMAL,LOW_VOLATILITY
2022-06-02,688.9,696.95,683.05,695.95,3470000.0,694.85,696.9125,52.50725238292584,0.01538647689489082,BEARISH,RSI_NORMAL,LOW_VOLATILITY
2022-06-03,697.05,700.8,685.25,686.5,6670000.0,695.27,695.725,47.358044164037835,0.015443440858644915,BEARISH,RSI_NORMAL,LOW_VOLATILITY
2022-06-06,682.2,689.8,676.5,682.95,6410000.0,692.0500000000001,694.2975,39.65665236051506,0.015442187518168426,BEARISH,RSI_NORMAL,LOW_VOLATILITY
2022-06-07,678.15,687.25,673.3,685.3,8350000.0,689.0699999999999,692.58,44.97452524316812,0.015178269638484529,BEARISH,RSI_NORMAL,LOW_VOLATILITY
2022-06-08,682.5,687.8,660.45,663.3,13900000.0,682.8,689.6025000000001,44.932901434521035,0.016464836045515185,BEARISH,RSI_NORMAL,LOW_VOLATILITY
2022-06-09,660.0,679.4,655.1,676.35,6770000.0,678.88,688.15,44.6254071661238,0.016580903133458415,BEARISH,RSI_NORMAL,LOW_VOLATILITY
2022-06-10,668.0,676.45,668.0,673.35,3220000.0,676.25,687.3225,44.23431734317344,0.015917789170427153,BEARISH,RSI_NORMAL,LOW_VOLATILITY
2022-06-13,660.1,673.35,658.0,671.3,5980000.0,673.92,686.2275000000001,46.64396887159529,0.01586184815696187,BEARISH,RSI_NORMAL,LOW_VOLATILITY
2022-06-14,669.1,689.4,669.1,682.05,8880000.0,673.27,684.9775,47.030420086914496,0.01560205081846347,BEARISH,RSI_NORMAL,LOW_VOLATILITY
2022-06-15,681.95,685.0,673.5,682.1,6010000.0,677.03,684.275,44.11614875191038,0.015265230881418878,BEARISH,RSI_NORMAL,LOW_VOLATILITY
2022-06-16,683.1,683.9,650.0,654.2,9530000.0,672.6,683.2724999999999,37.07191780821924,0.01636640393956293,BEARISH,RSI_NORMAL,LOW_VOLATILITY
2022-06-17,656.0,661.75,638.0,643.65,11090000.0,666.6600000000001,681.0600000000001,25.421472937000985,0.015849657327465155,BEARISH,RSI_LOW,LOW_VOLATILITY
2022-06-20,644.95,647.45,634.2,640.9,3880000.0,660.5799999999999,678.8125,24.059492563429615,0.01585135471055881,BEARISH,RSI_LOW,LOW_VOLATILITY
2022-06-21,642.1,658.15,640.5,654.3,3520000.0,655.03,677.6175000000001,33.483422022103994,0.01661423494562552,BEARISH,RSI_NORMAL,LOW_VOLATILITY
2022-06-22,648.6,650.35,641.45,642.85,4350000.0,647.1800000000001,675.35,29.931972789115648,0.01650264981772914,BEARISH,RSI_LOW,LOW_VOLATILITY
2022-06-23,648.15,664.6,647.75,660.2,4340000.0,648.38,673.6775,40.62054208273896,0.01769140812024263,BEARISH,RSI_NORMAL,HIGH_VOLATILITY
2022-06-24,662.1,675.7,662.1,671.2,5620000.0,653.89,673.0175,46.020995597697265,0.017977515381828908,BEARISH,RSI_NORMAL,HIGH_VOLATILITY
2022-06-27,675.0,687.0,671.2,683.95,5280000.0,662.5000000000001,672.2625,49.57291996203737,0.017828177791966618,BULLISH,RSI_NORMAL,HIGH_VOLATILITY
2022-06-28,683.0,684.9,676.3,681.15,3220000.0,667.8700000000001,671.3100000000001,56.427799783939506,0.01783057605648007,BULLISH,RSI_NORMAL,HIGH_VOLATILITY
2022-06-29,677.0,689.1,675.0,687.8,5010000.0,676.86,670.9675,54.32238580596449,0.017919243372539,BULLISH,RSI_NORMAL,HIGH_VOLATILITY
2022-06-30,689.8,691.6,679.0,684.95,6510000.0,681.8100000000001,670.4175,54.38397581254724,0.017930615449402287,BULLISH,RSI_NORMAL,HIGH_VOLATILITY
2022-07-01,684.85,685.8,666.0,673.45,4490000.0,682.26,669.7650000000001,50.75837742504413,0.018066400552081845,BULLISH,RSI_NORMAL,HIGH_VOLATILITY
2022-07-04,670.5,685.5,666.05,681.9,4230000.0,681.85,669.7125,49.94621728218001,0.01827416935731419,BULLISH,RSI_NORMAL,HIGH_VOLATILITY
2022-07-05,683.3,689.3,680.05,684.45,3490000.0,682.51,669.67,50.82775625220148,0.018277179079952268,BULLISH,RSI_NORMAL,HIGH_VOLATILITY
2022-07-06,684.5,694.95,684.2,693.95,4700000.0,683.74,671.2025,66.08660461351681,0.016849811945343504,BULLISH,RSI_NORMAL,LOW_VOLATILITY
2022-07-07,692.0,696.5,685.45,686.8,3490000.0,684.1099999999999,671.725,67.95672076570952,0.01656288772989992,BULLISH,RSI_NORMAL,LOW_VOLATILITY
2022-07-08,688.0,696.6,686.65,695.15,2730000.0,688.45,672.815,71.57057654075547,0.01669671746704948,BULLISH,RSI_HIGH,LOW_VOLATILITY
2022-07-11,675.0,681.0,658.95,660.55,18690000.0,684.18,672.2774999999999,52.12657366451174,0.020283818910582528,BEARISH,RSI_NORMAL,HIGH_VOLATILITY
2022-07-12,663.25,666.9,660.0,663.0,7420000.0,679.89,671.325,57.30337078651684,0.01993673945367557,BEARISH,RSI_NORMAL,HIGH_VOLATILITY
2022-07-13,670.0,670.0,641.0,643.5,12030000.0,669.8,669.395,44.03997144896501,0.02090252210199058,BEARISH,RSI_NORMAL,HIGH_VOLATILITY
2022-07-14,650.0,652.2,628.75,641.65,11380000.0,660.77,668.7675,38.71706758304695,0.018875648295515742,BEARISH,RSI_NORMAL,HIGH_VOLATILITY
2022-07-15,648.95,657.5,643.25,651.8,5570000.0,652.1,669.175,37.47565251266067,0.018861773208184926,BEARISH,RSI_NORMAL,HIGH_VOLATILITY
2022-07-18,657.0,670.0,649.15,663.05,8980000.0,652.5999999999999,670.2825,43.384502923976605,0.01916900400440793,BEARISH,RSI_NORMAL,HIGH_VOLATILITY
2022-07-19,675.0,677.0,663.1,672.9,7840000.0,654.58,671.2125,44.67857142857144,0.01889861146272115,BULLISH,RSI_NORMAL,HIGH_VOLATILITY
2022-07-20,680.0,680.0,668.2,670.65,4460000.0,660.01,672.6025,44.87087517934001,0.01840529764566359,BEARISH,RSI_NORMAL,HIGH_VOLATILITY
2022-07-21,671.5,679.95,671.2,678.35,3550000.0,667.35,673.51,51.80678466076695,0.017619529101261057,BULLISH,RSI_NORMAL,HIGH_VOLATILITY
2022-07-22,679.7,681.9,675.2,678.85,2420000.0,672.76,673.8925,48.805327066196654,0.017254673356513844,BULLISH,RSI_NORMAL,HIGH_VOLATILITY
2022-07-25,680.0,686.55,676.55,678.4,2910000.0,675.83,673.615,47.5906013540422,0.016709534172385753,BULLISH,RSI_NORMAL,LOW_VOLATILITY
2022-07-26,682.6,685.35,670.25,684.1,5020000.0,678.0699999999999,673.7625,45.95482546201232,0.016792539930970588,BULLISH,RSI_NORMAL,LOW_VOLATILITY
2022-07-27,683.95,683.95,669.7,674.9,6240000.0,678.92,673.1175000000001,45.19386106623588,0.016909608978590635,BULLISH,RSI_NORMAL,LOW_VOLATILITY
2022-07-28,678.8,679.4,664.2,666.85,7370000.0,676.62,672.2125,38.542510121457525,0.01707915237264894,BEARISH,RSI_NORMAL,HIGH_VOLATILITY
2022-07-29,672.8,680.65,671.0,677.95,7670000.0,676.44,672.4375,58.700000000000024,0.017108948100004854,BULLISH,RSI_NORMAL,HIGH_VOLATILITY
2022-08-01,677.95,697.8,677.05,694.45,8810000.0,679.65,673.0649999999999,63.78781236299868,0.017738413457086332,BULLISH,RSI_NORMAL,HIGH_VOLATILITY
2022-08-02,700.0,700.3,681.15,686.8,6240000.0,680.19,673.1825000000001,71.18395303326803,0.017927121329895906,BULLISH,RSI_HIGH,HIGH_VOLATILITY
2022-08-03,688.0,696.85,687.0,693.15,5240000.0,683.8399999999999,673.1425,74.13308341143387,0.01777200283649241,BULLISH,RSI_HIGH,HIGH_VOLATILITY
2022-08-04,698.2,698.5,680.7,694.3,6350000.0,689.33,673.5175,71.7502558853633,0.017604151682134993,BULLISH,RSI_HIGH,HIGH_VOLATILITY
2022-08-05,698.0,710.0,696.35,703.65,5810000.0,694.47,673.9424999999999,71.18997912317323,0.017651390335220823,BULLISH,RSI_HIGH,HIGH_VOLATILITY
2022-08-08,707.95,709.85,699.0,704.35,5920000.0,696.45,676.1324999999999,68.14772071552218,0.013053772914391134,BULLISH,RSI_NORMAL,LOW_VOLATILITY
2022-08-10,713.9,718.0,706.0,715.25,12200000.0,702.14,678.745,73.39979013641127,0.013335450134660263,BULLISH,RSI_HIGH,LOW_VOLATILITY
2022-08-11,718.8,719.4,705.7,709.8,7140000.0,705.47,682.0600000000001,66.89951638903806,0.011189283222677728,BULLISH,RSI_NORMAL,LOW_VOLATILITY
2022-08-12,709.85,712.5,706.65,709.7,4540000.0,708.55,685.4625,66.64867781975173,0.011104722325245713,BULLISH,RSI_NORMAL,LOW_VOLATILITY
2022-08-16,715.0,716.0,700.5,704.1,6680000.0,708.64,688.0775,63.13905930470347,0.011166840685433443,BULLISH,RSI_NORMAL,LOW_VOLATILITY
2022-08-17,707.0,724.65,702.3,722.95,8810000.0,712.36,691.0725,67.50788643533122,0.01194039756120091,BULLISH,RSI_NORMAL,LOW_VOLATILITY
2022-08-18,725.0,736.0,720.9,733.2,10350000.0,715.95,694.0875,76.02678571428572,0.011910096792083385,BULLISH,RSI_HIGH,LOW_VOLATILITY
2022-08-19,730.2,737.6,726.0,732.3,13740000.0,720.45,697.1700000000001,81.21125417262746,0.01184721926853061,BULLISH,RSI_HIGH,LOW_VOLATILITY
2022-08-22,731.85,734.4,724.4,727.6,8119999.999999999,724.03,699.6324999999999,75.21584560690701,0.011965429764994265,BULLISH,RSI_HIGH,LOW_VOLATILITY
2022-08-23,725.0,742.6,722.55,737.6,8230000.0,730.73,702.5699999999999,73.46383904295807,0.012154855255395272,BULLISH,RSI_HIGH,LOW_VOLATILITY
2022-08-24,722.85,754.2,718.0,738.75,14920000.0,733.89,705.5875,80.39789350497368,0.012117892173893998,BULLISH,RSI_HIGH,LOW_VOLATILITY
2022-08-25,744.8,754.05,735.25,741.0,9850000.0,735.45,708.4325,79.4099569760295,0.012082519044524113,BULLISH,RSI_HIGH,LOW_VOLATILITY
2022-08-26,741.5,741.5,728.0,730.85,5930000.0,735.1600000000001,711.23,70.22689540675155,0.012101664600546576,BULLISH,RSI_HIGH,LOW_VOLATILITY
2022-08-29,717.7,724.9,715.1,720.6,5880000.0,733.76,713.9175,59.28767123287674,0.012255578580831473,BULLISH,RSI_NORMAL,LOW_VOLATILITY
2022-08-30,722.0,730.1,711.8,726.6,8890000.0,731.5600000000001,716.35,61.5225271879855,0.011939270021712517,BULLISH,RSI_NORMAL,LOW_VOLATILITY
2022-09-01,726.5,746.0,726.5,735.05,11870000.0,730.82,718.38,60.52072263549414,0.01108138062789418,BULLISH,RSI_NORMAL,LOW_VOLATILITY
2022-09-02,725.0,740.9,719.65,735.0,5690000.0,729.6200000000001,720.79,64.20518602029318,0.010618355859558904,BULLISH,RSI_NORMAL,LOW_VOLATILITY
2022-09-05,735.0,741.95,733.25,740.4,3660000.0,731.53,723.1524999999999,66.32978723404254,0.010572199398671038,BULLISH,RSI_NORMAL,LOW_VOLATILITY
2022-09-06,740.4,765.0,740.4,761.25,10170000.0,739.66,726.5,76.15560640732267,0.01192288576755741,BULLISH,RSI_HIGH,LOW_VOLATILITY
2022-09-07,755.5,761.9,686.2,753.1,126790000.0,744.96,728.9725000000001,65.29680365296805,0.012207165676263749,BULLISH,RSI_NORMAL,LOW_VOLATILITY
2022-09-08,759.0,776.0,757.05,769.8,10650000.0,751.91,732.245,67.42857142857142,0.012881080887617628,BULLISH,RSI_NORMAL,LOW_VOLATILITY
2022-09-09,773.0,774.8,762.9,765.75,4630000.0,758.0600000000001,734.77,65.46463245492379,0.012788004692217565,BULLISH,RSI_NORMAL,LOW_VOLATILITY
2022-09-12,767.0,771.4,764.5,769.15,2650000.0,763.8100000000001,737.7375,69.44314459522698,0.012517848638509115,BULLISH,RSI_NORMAL,LOW_VOLATILITY
2022-09-13,774.0,788.9,770.0,784.25,8340000.0,768.4100000000001,741.465,70.83519428316217,0.012939251398047072,BULLISH,RSI_HIGH,LOW_VOLATILITY
2022-09-14,776.0,788.4,775.75,783.35,6650000.0,774.4599999999999,745.4275,69.96418979409138,0.01266834916180968,BULLISH,RSI_NORMAL,LOW_VOLATILITY
2022-09-15,788.0,790.65,782.0,785.1,5490000.0,777.52,748.535,69.82913669064754,0.011638285686182175,BULLISH,RSI_NORMAL,LOW_VOLATILITY
2022-09-16,788.0,788.0,776.45,779.65,20210000.0,780.3,750.8575,72.91079812206576,0.011643050551746408,BULLISH,RSI_HIGH,LOW_VOLATILITY
2022-09-19,773.5,786.0,772.2,782.75,5760000.0,783.02,753.3799999999999,81.27830900855567,0.011598370858640473,BULLISH,RSI_HIGH,LOW_VOLATILITY
2022-09-20,786.7,796.95,785.0,792.15,7940000.0,784.6,756.6075000000001,81.89781021897815,0.011508932005884216,BULLISH,RSI_HIGH,LOW_VOLATILITY
2022-09-21,792.15,797.0,779.0,780.2,9970000.0,783.97,758.7375,71.2470588235295,0.012058964900788107,BULLISH,RSI_HIGH,LOW_VOLATILITY
2022-09-22,791.2,794.8,776.35,784.1,7720000.0,783.7700000000001,761.005,72.29791099000913,0.012063660367027586,BULLISH,RSI_HIGH,LOW_VOLATILITY
2022-09-23,788.0,788.0,768.7,771.35,9270000.0,782.11,762.5225,63.17581949765862,0.012813339189974928,BULLISH,RSI_NORMAL,LOW_VOLATILITY
2022-09-26,769.95,771.15,753.2,755.05,13140000.0,776.5699999999999,763.7325,47.254207263064636,0.013390176014223794,BEARISH,RSI_NORMAL,LOW_VOLATILITY
2022-09-27,758.85,765.0,757.2,760.6,5970000.0,770.26,765.7325,53.39981867633726,0.012912277119592282,BEARISH,RSI_NORMAL,LOW_VOLATILITY
2022-09-28,755.5,771.0,755.0,761.45,5550000.0,766.51,767.475,45.57967178401275,0.012849880055557752,BEARISH,RSI_NORMAL,LOW_VOLATILITY
2022-09-29,763.95,769.0,759.3,764.65,5410000.0,762.62,768.955,49.412393162393144,0.01267596821208185,BEARISH,RSI_NORMAL,LOW_VOLATILITY
2022-09-30,765.95,809.0,761.45,799.9,7470000.0,768.3299999999999,772.2,62.255878836189716,0.016029642533247766,BULLISH,RSI_NORMAL,LOW_VOLATILITY
2022-10-03,803.4,815.55,798.05,803.35,12620000.0,777.99,775.3475000000001,58.391915641476274,0.016014240240306926,BULLISH,RSI_NORMAL,LOW_VOLATILITY
2022-10-04,813.0,816.75,807.5,808.7,5770000.0,787.61,777.72,60.71881606765327,0.015012044324288851,BULLISH,RSI_NORMAL,LOW_VOLATILITY
2022-10-06,810.55,815.85,786.65,788.6,6500000.0,793.04,779.495,51.281112737920935,0.015999455652844205,BULLISH,RSI_NORMAL,LOW_VOLATILITY
2022-10-07,792.0,796.8,784.7,793.1,6030000.0,798.73,780.6600000000001,54.95761150018431,0.015339753373535839,BULLISH,RSI_NORMAL,LOW_VOLATILITY
2022-10-10,784.95,794.8,779.7,792.35,3520000.0,797.22,781.99,53.60090022505627,0.015268307349814166,BULLISH,RSI_NORMAL,LOW_VOLATILITY
2022-10-11,797.5,797.5,776.0,780.3,3700000.0,792.61,782.5474999999999,45.641780066200816,0.01571628330590051,BEARISH,RSI_NORMAL,LOW_VOLATILITY
2022-10-12,780.3,781.35,769.2,775.55,5980000.0,785.98,782.1125,48.19417475728152,0.015139013794637644,BEARISH,RSI_NORMAL,LOW_VOLATILITY
2022-10-13,775.0,779.0,767.65,768.9,2840000.0,782.0400000000001,781.3900000000001,44.22053231939163,0.01524772923337837,BEARISH,RSI_NORMAL,LOW_VOLATILITY
2022-10-14,779.95,779.95,763.05,765.95,3610000.0,776.6099999999999,780.4325,47.78142974527528,0.015244133066939081,BEARISH,RSI_NORMAL,LOW_VOLATILITY
2022-10-17,761.0,771.0,759.85,766.0,4570000.0,771.3399999999999,779.75,55.19203413940258,0.01518380491158901,BEARISH,RSI_NORMAL,LOW_VOLATILITY
2022-10-18,769.85,785.6,768.65,783.15,4390000.0,771.91,779.7700000000001,59.63263562580092,0.016022079677739217,BULLISH,RSI_NORMAL,LOW_VOLATILITY
2022-10-19,787.95,788.65,779.5,783.4,5220000.0,773.48,779.3325,59.42464577071702,0.015777914256347017,BULLISH,RSI_NORMAL,LOW_VOLATILITY
2022-10-20,782.0,794.0,778.3,792.9,4760000.0,778.28,779.9675,61.5071283095723,0.015620859061010081,BULLISH,RSI_NORMAL,LOW_VOLATILITY
2022-10-21,790.0,802.85,789.75,797.45,4810000.0,784.58,780.635,48.66920152091259,0.01563189027595634,BULLISH,RSI_NORMAL,LOW_VOLATILITY
2022-10-24,800.0,807.5,800.0,802.1,522410.0,791.8,782.1724999999999,49.32975871313673,0.015123288253057384,BULLISH,RSI_NORMAL,LOW_VOLATILITY
2022-10-25,806.15,806.35,798.7,802.3,3180000.0,795.63,784.5350000000001,46.36776390465374,0.014119702653358308,BULLISH,RSI_NORMAL,LOW_VOLATILITY
2022-10-27,806.5,822.2,804.2,817.1,8160000.0,802.37,787.36,67.21014492753625,0.014506852016121802,BULLISH,RSI_NORMAL,LOW_VOLATILITY
2022-10-28,819.0,824.4,811.3,816.85,3910000.0,807.16,790.1299999999999,65.11775938892427,0.014523608990540044,BULLISH,RSI_NORMAL,LOW_VOLATILITY
2022-10-31,823.0,833.8,820.0,832.0,5490000.0,814.0699999999999,793.4975,71.32867132867133,0.014903280026729061,BULLISH,RSI_HIGH,LOW_VOLATILITY
2022-11-01,828.0,841.45,821.05,835.55,10490000.0,820.76,795.28,82.71166370633517,0.011211337985852913,BULLISH,RSI_HIGH,LOW_VOLATILITY
2022-11-02,830.0,830.0,807.25,809.85,11730000.0,822.2700000000001,795.605,66.27134724857692,0.01339959056869393,BULLISH,RSI_NORMAL,LOW_VOLATILITY
2022-11-03,809.75,824.4,804.2,818.65,5900000.0,822.5799999999999,796.1025000000001,73.12877731287779,0.013533893237057431,BULLISH,RSI_HIGH,LOW_VOLATILITY
2022-11-04,815.7,821.8,809.2,816.4,3770000.0,822.49,797.4925000000001,73.6078614880674,0.012171180453371103,BULLISH,RSI_HIGH,LOW_VOLATILITY
2022-11-07,817.0,824.05,809.0,822.7,7170000.0,820.6299999999999,798.9725000000001,75.06631299734752,0.01221333319610561,BULLISH,RSI_HIGH,LOW_VOLATILITY
2022-11-09,824.2,825.5,814.45,819.05,3970000.0,817.3299999999999,800.3075,68.02208835341364,0.012280974534930647,BULLISH,RSI_NORMAL,LOW_VOLATILITY
2022-11-10,819.8,830.7,817.55,825.75,4430000.0,820.51,802.58,69.96699669966996,0.011682126920149615,BULLISH,RSI_NORMAL,LOW_VOLATILITY
2022-11-11,830.75,836.9,823.8,826.9,4330000.0,822.1600000000001,805.1474999999999,67.40020470829067,0.011497538451622298,BULLISH,RSI_NORMAL,LOW_VOLATILITY
2022-11-14,818.0,830.8,817.0,821.9,10410000.0,823.26,807.7974999999999,62.45542536933262,0.011373660331188576,BULLISH,RSI_NORMAL,LOW_VOLATILITY
2022-11-15,822.65,838.75,822.65,835.25,6230000.0,825.7700000000001,811.2625,65.51240056153485,0.01158548802504919,BULLISH,RSI_NORMAL,LOW_VOLATILITY
2022-11-16,837.5,844.05,828.05,841.2,3450000.0,830.2,815.0225,67.27353463587923,0.011553823960390864,BULLISH,RSI_NORMAL,LOW_VOLATILITY
2022-11-17,841.8,849.4,838.4,846.15,4550000.0,834.28,818.1724999999999,64.13625304136251,0.010792517037395784,BULLISH,RSI_NORMAL,LOW_VOLATILITY
2022-11-18,849.95,851.85,831.1,837.3,7410000.0,836.36,820.8675,59.182757072294535,0.011242143787285379,BULLISH,RSI_NORMAL,LOW_VOLATILITY
2022-11-21,837.0,852.8,835.0,851.2,5530000.0,842.22,823.7825,58.71934604904633,0.0114673553492058,BULLISH,RSI_NORMAL,LOW_VOLATILITY
2022-11-22,853.4,860.55,845.1,847.6,7600000.0,844.6899999999999,826.29,55.469813890149815,0.011586274526253321,BULLISH,RSI_NORMAL,LOW_VOLATILITY
2022-11-23,851.85,851.85,841.6,843.25,4600000.0,845.1,828.3475000000001,68.80630630630623,0.011709853478904776,BULLISH,RSI_NORMAL,LOW_VOLATILITY
2022-11-24,846.0,851.0,837.75,848.35,3460000.0,845.54,830.65,67.45005875440654,0.011721150338543717,BULLISH,RSI_NORMAL,LOW_VOLATILITY
2022-11-25,852.0,860.0,841.6,846.85,2990000.0,847.45,832.1375,68.04979253112027,0.011164689703181636,BULLISH,RSI_NORMAL,LOW_VOLATILITY
2022-11-28,840.25,852.55,836.05,837.4,3670000.0,844.6899999999999,833.165,58.39999999999993,0.011532644206592488,BULLISH,RSI_NORMAL,LOW_VOLATILITY
2022-11-29,839.0,844.8,835.0,835.85,2680000.0,842.3399999999999,833.3575000000001,59.8360655737705,0.010806858707997889,BULLISH,RSI_NORMAL,LOW_VOLATILITY
2022-11-30,834.8,852.0,832.6,848.75,6870000.0,843.4399999999999,834.0174999999999,62.554585152838406,0.011300493456942872,BULLISH,RSI_NORMAL,LOW_VOLATILITY
2022-12-01,853.0,853.2,841.6,848.6,4510000.0,843.49,835.9549999999999,61.975717439293604,0.008528100670340318,BULLISH,RSI_NORMAL,LOW_VOLATILITY
2022-12-02,851.4,851.95,839.1,848.65,3510000.0,843.85,837.4549999999999,65.61587857559834,0.008301064725956857,BULLISH,RSI_NORMAL,LOW_VOLATILITY
2022-12-05,851.0,851.6,840.85,844.1,3310000.0,845.1899999999999,838.8399999999999,55.757970071568,0.008396988892879412,BULLISH,RSI_NORMAL,LOW_VOLATILITY
2022-12-06,844.9,845.0,829.7,833.35,5570000.0,844.6899999999999,839.3725000000001,45.19289650949171,0.008858748407387288,BEARISH,RSI_NORMAL,LOW_VOLATILITY
2022-12-07,837.55,841.6,832.0,834.0,3770000.0,841.74,840.1200000000001,42.14608920491275,0.008776570913808563,BEARISH,RSI_NORMAL,LOW_VOLATILITY
2022-12-08,833.0,840.2,826.3,832.6,4820000.0,838.54,840.4625,46.63805436337629,0.008624134825579478,BEARISH,RSI_NORMAL,LOW_VOLATILITY
2022-12-09,830.3,836.6,823.95,834.9,4620000.0,835.79,840.8625,36.02058319039442,0.008637457326105921,BEARISH,RSI_NORMAL,LOW_VOLATILITY
2022-12-12,832.6,836.95,825.4,828.4,3150000.0,832.65,841.1875,34.313725490196006,0.008715392836017874,BEARISH,RSI_NORMAL,LOW_VOLATILITY
2022-12-13,822.0,840.0,822.0,838.05,3830000.0,833.5899999999999,841.3275,46.090225563909726,0.008328663922123928,BEARISH,RSI_NORMAL,LOW_VOLATILITY
2022-12-14,840.65,842.0,828.15,829.2,7490000.0,832.6299999999999,840.7275,36.37010676156579,0.008492052433485534,BEARISH,RSI_NORMAL,LOW_VOLATILITY
2022-12-15,829.0,831.0,824.35,826.35,3000000.0,831.3799999999999,839.7375,35.684357541899374,0.008367464734329422,BEARISH,RSI_NORMAL,LOW_VOLATILITY
2022-12-16,825.0,832.7,819.9,822.75,4310000.0,828.95,839.01,38.85931558935357,0.008117670662989985,BEARISH,RSI_NORMAL,LOW_VOLATILITY
2022-12-19,822.7,845.05,822.0,840.4,6400000.0,831.35,838.47,52.77947464874769,0.008716805358756284,BULLISH,RSI_NORMAL,LOW_VOLATILITY
2022-12-20,839.75,839.75,822.0,828.95,2830000.0,829.53,837.5375,37.68656716417908,0.009164228088395768,BEARISH,RSI_NORMAL,LOW_VOLATILITY
2022-12-21,833.0,833.05,812.35,814.0,5080000.0,826.49,836.075,31.827731092436906,0.0098904682375414,BEARISH,RSI_NORMAL,LOW_VOLATILITY
2022-12-22,819.0,824.7,809.5,816.6,3630000.0,824.54,834.4875,33.60613810741687,0.009792641042226909,BEARISH,RSI_NORMAL,LOW_VOLATILITY
2022-12-23,814.0,817.95,805.0,808.65,2800000.0,821.7199999999999,832.5775,32.476520019772565,0.00994951091226153,BEARISH,RSI_NORMAL,LOW_VOLATILITY
2022-12-26,805.05,815.2,801.15,811.0,6020000.0,815.84,831.2575,37.95148247978434,0.009782959338909908,BEARISH,RSI_NORMAL,LOW_VOLATILITY
2022-12-27,815.0,819.45,805.0,814.8,1780000.0,813.01,830.2049999999999,39.98957247132426,0.009881244903152871,BEARISH,RSI_NORMAL,LOW_VOLATILITY
2022-12-28,813.0,813.9,801.45,803.8,2910000.0,810.97,827.9574999999999,36.350710900473885,0.009420796254390042,BEARISH,RSI_NORMAL,LOW_VOLATILITY
2022-12-29,807.05,824.75,760.1,820.75,6110000.0,811.8,826.5649999999999,44.11152725759468,0.010814394919583997,BEARISH,RSI_NORMAL,LOW_VOLATILITY
2022-12-30,824.7,824.8,804.95,806.1,3110000.0,811.29,824.4375,41.30943102104444,0.011394625141694257,BEARISH,RSI_NORMAL,LOW_VOLATILITY
2023-01-02,806.25,816.2,805.6,813.5,1630000.0,811.79,822.9075,40.26180087266959,0.011663666140142947,BEARISH,RSI_NORMAL,LOW_VOLATILITY
2023-01-03,810.35,818.8,808.5,817.6,1720000.0,812.35,822.1200000000001,45.21846661170651,0.011460398929525896,BEARISH,RSI_NORMAL,LOW_VOLATILITY
2023-01-04,818.95,820.45,806.2,811.8,2970000.0,813.95,821.01,44.14486921529173,0.011534967527387027,BEARISH,RSI_NORMAL,LOW_VOLATILITY
2023-01-05,825.0,825.0,803.75,807.1,5300000.0,811.22,819.735,43.75747905863583,0.011578895866764773,BEARISH,RSI_NORMAL,LOW_VOLATILITY
2023-01-06,807.55,812.25,792.0,796.0,3200000.0,809.2,817.7900000000001,31.313131313131336,0.011845468401650024,BEARISH,RSI_NORMAL,LOW_VOLATILITY
2023-01-09,802.7,821.5,801.05,819.4,4340000.0,810.38,817.34,46.347992351816416,0.013712617845676501,BULLISH,RSI_NORMAL,LOW_VOLATILITY
2023-01-10,826.1,826.1,790.3,792.85,8390000.0,805.4300000000001,815.08,42.57112750263436,0.015130235915642052,BEARISH,RSI_NORMAL,LOW_VOLATILITY
2023-01-11,775.0,779.65,751.65,765.55,28390000.0,796.18,811.8975,34.72014366956,0.016651488702928374,BEARISH,RSI_NORMAL,LOW_VOLATILITY
2023-01-12,765.0,769.3,753.55,756.9,12730000.0,786.14,808.425,34.575260804769,0.01673374235719206,BEARISH,RSI_NORMAL,LOW_VOLATILITY
2023-01-13,757.0,765.95,752.0,764.3,12280000.0,779.8,805.5025,36.4872685185185,0.01702474030196138,BEARISH,RSI_NORMAL,HIGH_VOLATILITY
2023-01-16,766.4,768.1,754.65,759.15,5780000.0,767.75,801.44,34.022394487510766,0.01598169542676874,BEARISH,RSI_NORMAL,LOW_VOLATILITY
2023-01-17,759.15,768.9,758.75,765.7,6590000.0,762.3199999999999,798.2774999999999,38.77430760165,0.01611995349544816,BEARISH,RSI_NORMAL,LOW_VOLATILITY
2023-01-18,768.2,780.0,766.0,776.55,5800000.0,764.5200000000001,796.405,36.49144254278727,0.016235115789273828,BEARISH,RSI_NORMAL,LOW_VOLATILITY
2023-01-19,776.0,776.5,765.65,772.0,4170000.0,767.54,794.175,38.892508143322466,0.01620220535636001,BEARISH,RSI_NORMAL,LOW_VOLATILITY
2023-01-20,775.85,775.85,758.3,764.45,6290000.0,767.5699999999999,791.9649999999999,34.0383989586723,0.016203223897729598,BEARISH,RSI_NORMAL,LOW_VOLATILITY
2023-01-23,767.9,776.0,763.85,772.7,2690000.0,770.28,790.05,35.77313054499365,0.01644056055510947,BEARISH,RSI_NORMAL,LOW_VOLATILITY
2023-01-24,773.0,777.55,761.0,775.65,5010000.0,772.27,788.0925,38.33494675701838,0.016422325141901728,BEARISH,RSI_NORMAL,LOW_VOLATILITY
2023-01-25,774.95,780.5,768.0,776.5,6560000.0,772.26,786.7275,39.87425545996027,0.01622292741135361,BEARISH,RSI_NORMAL,LOW_VOLATILITY
2023-01-27,774.95,778.9,765.8,774.5,6750000.0,772.76,784.415,42.429577464788714,0.015318883418118238,BEARISH,RSI_NORMAL,LOW_VOLATILITY
2023-01-30,771.6,774.95,763.0,770.2,5420000.0,773.9100000000001,782.62,29.98372660699755,0.014924052389045319,BEARISH,RSI_LOW,LOW_VOLATILITY
2023-01-31,775.0,779.0,768.4,770.3,8540000.0,773.4300000000001,780.4599999999999,38.31000518403311,0.014697316794447161,BEARISH,RSI_NORMAL,LOW_VOLATILITY
2023-02-01,775.95,784.65,756.6,769.1,4470000.0,772.1200000000001,778.0350000000001,52.52309879175557,0.014589956715020797,BEARISH,RSI_NORMAL,LOW_VOLATILITY
2023-02-02,765.1,781.0,765.05,777.75,2840000.0,772.3700000000001,776.3325,64.81876332622612,0.014889199980557271,BULLISH,RSI_NORMAL,LOW_VOLATILITY
2023-02-03,779.9,794.95,778.4,792.9,5490000.0,776.05,775.6225,68.3098591549297,0.015608498052632525,BULLISH,RSI_NORMAL,LOW_VOLATILITY
2023-02-06,789.7,794.65,778.8,789.25,2410000.0,779.8599999999999,775.285,69.64751958224556,0.015339740976004369,BULLISH,RSI_NORMAL,LOW_VOLATILITY
2023-02-07,793.9,795.85,783.0,785.9,4130000.0,782.98,773.6099999999999,63.760217983651266,0.013663264510743343,BULLISH,RSI_NORMAL,LOW_VOLATILITY
2023-02-08,778.0,781.0,765.0,775.1,9950000.0,784.1800000000001,772.7225,49.01158827539199,0.012015433805953515,BULLISH,RSI_NORMAL,LOW_VOLATILITY
2023-02-09,770.0,775.1,761.3,766.65,5910000.0,781.9599999999999,772.7774999999999,46.53721682847893,0.00945513403334919,BEARISH,RSI_NORMAL,LOW_VOLATILITY
2023-02-10,768.95,773.2,761.0,771.95,2950000.0,777.7700000000001,773.53,55.00000000000002,0.009170814779509082,BEARISH,RSI_NORMAL,LOW_VOLATILITY
2023-02-13,771.0,779.6,766.7,768.6,3710000.0,773.6400000000001,773.745,47.07560627674748,0.009003477424486553,BEARISH,RSI_NORMAL,LOW_VOLATILITY
2023-02-14,769.0,777.6,766.2,775.2,3500000.0,771.5,774.5474999999999,49.69491525423733,0.009023375569687178,BULLISH,RSI_NORMAL,LOW_VOLATILITY
2023-02-15,775.0,787.15,772.2,785.4,3600000.0,773.5600000000001,775.5325,55.35499398315282,0.009275984621130511,BULLISH,RSI_NORMAL,LOW_VOLATILITY
2023-02-16,789.65,790.5,780.6,784.45,3400000.0,777.1200000000001,775.9275,56.063375990249895,0.008778043528599833,BULLISH,RSI_NORMAL,LOW_VOLATILITY
2023-02-17,785.95,787.45,770.3,776.8,3090000.0,778.09,776.1675,53.86416861826694,0.008968560098005934,BULLISH,RSI_NORMAL,LOW_VOLATILITY
2023-02-20,781.25,793.8,777.1,779.15,3380000.0,780.2,776.9025,55.048488305761566,0.00865922538823351,BULLISH,RSI_NORMAL,LOW_VOLATILITY
2023-02-21,783.05,788.0,778.15,779.05,2770000.0,780.97,777.22,55.74812247255917,0.008347177644293446,BULLISH,RSI_NORMAL,LOW_VOLATILITY
2023-02-22,777.0,781.65,766.5,772.15,3260000.0,778.3199999999999,777.045,46.69811320754716,0.008555951131866581,BEARISH,RSI_NORMAL,LOW_VOLATILITY
2023-02-23,774.0,777.5,761.85,762.95,4060000.0,774.0199999999999,776.3675000000001,31.008243500317107,0.0089389673585698,BEARISH,RSI_NORMAL,LOW_VOLATILITY
2023-02-24,775.7,775.8,755.0,757.1,4360000.0,770.08,775.4975000000001,30.166563849475665,0.009062603497148599,BEARISH,RSI_NORMAL,LOW_VOLATILITY
2023-02-27,753.0,754.4,738.45,752.9,6720000.0,764.8299999999999,774.6324999999999,29.853479853479882,0.009062487497516043,BEARISH,RSI_LOW,LOW_VOLATILITY
2023-02-28,755.0,757.1,739.65,742.25,10560000.0,757.47,773.23,29.90825688073396,0.00951184268007269,BEARISH,RSI_LOW,LOW_VOLATILITY
2023-03-01,742.4,753.45,741.0,750.2,3740000.0,753.08,772.2850000000001,39.87692307692313,0.009915984511773442,BEARISH,RSI_NORMAL,LOW_VOLATILITY
2023-03-02,751.0,751.8,735.8,740.1,4910000.0,748.51,770.4024999999999,31.493317838466012,0.009822908022552215,BEARISH,RSI_NORMAL,LOW_VOLATILITY
2023-03-03,745.0,765.9,743.55,764.4,5760000.0,749.97,768.9775000000001,48.03738317757007,0.01167077714065527,BEARISH,RSI_NORMAL,LOW_VOLATILITY
2023-03-06,766.7,775.9,765.1,766.6,4600000.0,752.7099999999999,767.845,45.80896686159843,0.011694868498099241,BEARISH,RSI_NORMAL,LOW_VOLATILITY
2023-03-08,764.0,769.9,760.7,766.55,3550000.0,757.57,766.8775,39.80530016224987,0.011678513001610406,BEARISH,RSI_NORMAL,LOW_VOLATILITY
2023-03-09,795.0,795.0,770.2,773.4,5240000.0,762.21,766.7925,44.382308083375676,0.011494260277311983,BULLISH,RSI_NORMAL,LOW_VOLATILITY
2023-03-10,773.0,778.95,768.2,773.75,4110000.000000001,768.9399999999999,767.1475,48.325096101043414,0.011206742177873168,BULLISH,RSI_NORMAL,LOW_VOLATILITY
2023-03-13,777.45,777.8,763.15,765.3,3450000.0,769.12,766.8149999999999,42.87184765826043,0.011379471342253767,BEARISH,RSI_NORMAL,LOW_VOLATILITY
2023-03-14,764.0,776.75,764.0,771.8,3750000.0,770.1600000000001,766.975,46.49927571221633,0.011505057600996686,BULLISH,RSI_NORMAL,LOW_VOLATILITY
2023-03-15,758.0,765.55,752.5,756.65,8100000.0,768.18,766.0475,43.06797853309483,0.012143821430299543,BEARISH,RSI_NORMAL,LOW_VOLATILITY
2023-03-16,750.0,759.0,743.5,745.95,7470000.0,762.69,764.075,42.497793468667275,0.011985255242570401,BEARISH,RSI_NORMAL,LOW_VOLATILITY
2023-03-17,750.0,759.45,739.15,757.25,9310000.0,759.39,762.715,50.06315789473683,0.012619718224692763,BEARISH,RSI_NORMAL,LOW_VOLATILITY
2023-03-20,754.95,759.8,748.8,754.8,3570000.0,757.29,761.615,50.8119658119658,0.012483941111725549,BEARISH,RSI_NORMAL,LOW_VOLATILITY
2023-03-21,760.0,766.0,755.15,756.95,5330000.0,754.3199999999999,760.505,56.7741935483871,0.012480733318837938,BEARISH,RSI_NORMAL,LOW_VOLATILITY
2023-03-22,761.0,763.2,753.15,756.7,2680000.0,754.33,759.3875,53.22420634920634,0.012479757023546733,BEARISH,RSI_NORMAL,LOW_VOLATILITY
2023-03-23,758.0,765.8,756.85,763.55,2450000.0,757.85,758.9575000000001,62.01947719118397,0.012557376190220392,BULLISH,RSI_NORMAL,LOW_VOLATILITY
2023-03-24,763.55,767.0,758.85,762.45,2340000.0,758.89,758.9325,48.68863483523878,0.01227076451699743,BULLISH,RSI_NORMAL,LOW_VOLATILITY
2023-03-27,763.0,769.7,759.35,761.75,2260000.0,760.28,759.165,46.67124227865475,0.012139792691464635,BULLISH,RSI_NORMAL,LOW_VOLATILITY
2023-03-28,765.6,765.6,742.8,748.45,4170000.0,758.58,758.9425,39.48896631823466,0.012723880359656357,BEARISH,RSI_NORMAL,LOW_VOLATILITY
2023-03-29,751.0,754.9,738.85,743.6,4890000.0,755.96,759.01,32.28299643281808,0.01239350138528027,BEARISH,RSI_NORMAL,LOW_VOLATILITY
2023-03-31,752.15,753.0,742.05,749.0,5800000.0,753.05,758.95,36.118900729108226,0.0122623281064717,BEARISH,RSI_NORMAL,LOW_VOLATILITY
2023-04-03,755.0,761.9,752.05,760.55,2120000.0,752.6700000000001,759.9725000000001,47.42547425474255,0.01229521252413414,BULLISH,RSI_NORMAL,LOW_VOLATILITY
2023-04-05,768.0,768.0,756.0,763.45,3200000.0,753.01,759.925,45.29046813310777,0.009867469106178412,BULLISH,RSI_NORMAL,LOW_VOLATILITY
2023-04-06,762.6,768.7,759.1,765.95,1780000.0,756.51,759.8925,56.11842105263163,0.009873986026696886,BULLISH,RSI_NORMAL,LOW_VOLATILITY
2023-04-10,768.95,776.3,766.45,769.75,1700000.0,761.74,760.0525,67.22141823444284,0.009935903827174799,BULLISH,RSI_NORMAL,LOW_VOLATILITY
2023-04-11,776.0,776.0,768.15,774.15,3490000.0,766.77,760.0899999999999,63.58520900321543,0.009813168307653117,BULLISH,RSI_NORMAL,LOW_VOLATILITY
2023-04-12,774.0,774.55,765.1,771.1,3790000.0,768.8800000000001,759.9575,62.97770700636951,0.009853796024216085,BULLISH,RSI_NORMAL,LOW_VOLATILITY
2023-04-13,770.0,771.15,765.45,767.05,4290000.0,769.6,760.0450000000001,57.80525502318387,0.009605325870473634,BULLISH,RSI_NORMAL,LOW_VOLATILITY
2023-04-17,789.0,789.0,754.35,759.65,9080000.0,768.34,759.4375,52.05288796102988,0.009633278145174787,BULLISH,RSI_NORMAL,LOW_VOLATILITY
2023-04-18,765.0,765.0,752.55,759.75,4050000.0,766.3399999999999,759.5925,47.0814132104455,0.008547008108045009,BULLISH,RSI_NORMAL,LOW_VOLATILITY
2023-04-19,761.35,766.85,756.0,764.65,3430000.0,764.4399999999999,760.5274999999999,51.59651669085626,0.007942381349467223,BULLISH,RSI_NORMAL,LOW_VOLATILITY
2023-04-20,764.0,773.75,762.6,772.3,2360000.0,764.68,761.28,56.95451549110083,0.007542482404087441,BULLISH,RSI_NORMAL,LOW_VOLATILITY
2023-04-21,769.6,775.25,764.45,765.2,4520000.0,764.3100000000001,761.8,62.024407753050994,0.007831177325390376,BULLISH,RSI_NORMAL,LOW_VOLATILITY
2023-04-24,765.2,767.4,755.65,760.25,5270000.0,764.43,761.9649999999999,61.935483870967744,0.007973343747688632,BEARISH,RSI_NORMAL,LOW_VOLATILITY
2023-04-25,764.95,777.0,761.75,772.6,5770000.0,767.0,762.76,65.38461538461542,0.008735108238697567,BULLISH,RSI_NORMAL,LOW_VOLATILITY
2023-04-26,779.9,779.9,767.1,773.45,5060000.0,768.76,763.2549999999999,59.77272727272734,0.008531560269074054,BULLISH,RSI_NORMAL,LOW_VOLATILITY
2023-04-27,772.0,789.2,771.35,786.5,4130000.0,771.6,764.4575,65.13460275771504,0.0092450086639793,BULLISH,RSI_NORMAL,LOW_VOLATILITY
2023-04-28,789.85,802.05,787.2,799.3,6570000.0,778.4200000000001,766.335,69.28860613071139,0.00978276056490546,BULLISH,RSI_NORMAL,LOW_VOLATILITY
2023-05-02,800.25,806.8,788.55,790.2,6300000.0,784.4100000000001,768.4224999999999,61.14441416893739,0.009209422698668278,BULLISH,RSI_NORMAL,LOW_VOLATILITY
2023-05-03,794.5,794.5,777.2,779.3,3910000.0,785.75,770.2075,52.6208651399491,0.009726270078597348,BULLISH,RSI_NORMAL,LOW_VOLATILITY
2023-05-04,779.3,792.7,773.65,789.1,2460000.0,788.88,772.2125,58.57142857142857,0.009936580528176657,BULLISH,RSI_NORMAL,LOW_VOLATILITY
2023-05-05,789.1,790.95,780.25,787.3,1440000.0,789.04,773.55,59.854014598540154,0.009519557664141684,BULLISH,RSI_NORMAL,LOW_VOLATILITY
2023-05-08,789.9,795.3,785.2,793.75,2490000.0,787.93,775.0649999999999,66.74852652259332,0.009618811513847601,BULLISH,RSI_NORMAL,LOW_VOLATILITY
2023-05-09,796.9,798.35,790.5,793.6,2490000.0,788.61,776.4475,66.61757486499755,0.009625676962063304,BULLISH,RSI_NORMAL,LOW_VOLATILITY
2023-05-10,797.0,797.55,788.05,796.05,2740000.0,791.9599999999999,777.7625,65.79476861167001,0.009602569854768785,BULLISH,RSI_NORMAL,LOW_VOLATILITY
2023-05-11,794.55,794.55,783.7,788.6,4810000.0,791.86,778.485,58.21572580645165,0.009860959436794728,BULLISH,RSI_NORMAL,LOW_VOLATILITY
2023-05-12,787.5,793.7,784.5,791.95,2580000.0,792.79,779.5275,64.01257202723937,0.009816205655706756,BULLISH,RSI_NORMAL,LOW_VOLATILITY
2023-05-15,793.0,802.5,789.55,797.05,7570000.0,793.45,781.0274999999999,69.24686192468619,0.00974832396909244,BULLISH,RSI_NORMAL,LOW_VOLATILITY
2023-05-16,800.85,801.25,784.0,787.35,4850000.0,792.2,782.4125,57.93437331898871,0.009921261919546058,BULLISH,RSI_NORMAL,LOW_VOLATILITY
2023-05-17,788.0,797.65,783.9,792.25,6530000.0,791.44,784.0375,59.69072164948453,0.009959521482485953,BULLISH,RSI_NORMAL,LOW_VOLATILITY
2023-05-18,797.95,803.0,794.65,799.35,11380000.0,793.59,785.7725,57.05656232839102,0.010032266264771267,BULLISH,RSI_NORMAL,LOW_VOLATILITY
2023-05-19,799.35,808.35,793.25,805.75,3430000.0,796.35,787.445,53.80980507974013,0.009960876467378971,BULLISH,RSI_NORMAL,LOW_VOLATILITY
2023-05-22,801.0,804.0,799.5,801.85,10000000.0,797.31,789.2774999999999,57.33165512901195,0.009744737955215129,BULLISH,RSI_NORMAL,LOW_VOLATILITY
2023-05-23,808.95,808.95,797.95,799.95,6520000.0,799.83,791.2625,64.65578424414488,0.009590553989513875,BULLISH,RSI_NORMAL,LOW_VOLATILITY
2023-05-24,802.9,802.9,795.0,801.4,9100000.0,801.6600000000001,792.7025,59.90338164251209,0.009036164299454336,BULLISH,RSI_NORMAL,LOW_VOLATILITY
2023-05-25,799.6,825.5,797.85,822.7,9570000.0,806.33,795.1650000000001,71.69117647058837,0.010585078934191123,BULLISH,RSI_HIGH,LOW_VOLATILITY
2023-05-26,827.9,829.35,813.4,817.95,6150000.0,808.7700000000001,796.7375,65.14392991239058,0.010245046903740044,BULLISH,RSI_NORMAL,LOW_VOLATILITY
2023-05-29,829.4,829.4,818.0,821.25,3680000.0,812.65,797.835,66.64659843467797,0.009699253012482858,BULLISH,RSI_NORMAL,LOW_VOLATILITY
2023-05-30,821.25,826.35,812.8,818.45,5150000.0,816.35,799.2475000000001,63.429256594724336,0.009301754816040751,BULLISH,RSI_NORMAL,LOW_VOLATILITY
2023-05-31,819.0,888.75,818.0,849.9,47340000.0,826.05,802.7774999999999,78.53817504655501,0.011711503837862665,BULLISH,RSI_HIGH,LOW_VOLATILITY
2023-06-01,837.95,837.95,823.0,827.95,9710000.0,827.1,804.72,64.28571428571433,0.013337421145736472,BULLISH,RSI_NORMAL,LOW_VOLATILITY
2023-06-02,832.8,839.3,826.95,836.5,6830000.0,830.8100000000001,807.1800000000001,65.23754345307074,0.01339788065010885,BULLISH,RSI_NORMAL,LOW_VOLATILITY
2023-06-05,838.5,841.35,832.15,834.5,5300000.0,833.46,809.2175,69.36344969199183,0.013395994592439758,BULLISH,RSI_NORMAL,LOW_VOLATILITY
2023-06-06,834.5,838.25,826.15,829.45,2720000.0,835.6600000000001,811.01,65.25840853158333,0.013523558014692317,BULLISH,RSI_NORMAL,LOW_VOLATILITY
2023-06-07,828.9,847.5,827.25,844.25,4110000.000000001,834.53,813.4200000000001,67.32253086419757,0.013964231073719621,BULLISH,RSI_NORMAL,LOW_VOLATILITY
2023-06-08,847.7,849.4,834.55,836.0,4050000.0,836.14,815.7900000000001,61.50627615062765,0.013983829102198508,BULLISH,RSI_NORMAL,LOW_VOLATILITY
2023-06-09,838.55,839.8,828.95,833.5,3330000.0,835.54,817.8675000000001,62.168396770472924,0.014043776210409267,BULLISH,RSI_NORMAL,LOW_VOLATILITY
2023-06-12,834.85,843.1,831.75,836.35,1570000.0,835.9100000000001,819.8325000000001,63.893129770992395,0.0140171254358046,BULLISH,RSI_NORMAL,LOW_VOLATILITY
2023-06-13,838.1,844.0,832.75,834.35,3220000.0,836.89,822.1825000000001,62.523755226149795,0.013644002937691234,BULLISH,RSI_NORMAL,LOW_VOLATILITY
2023-06-14,832.0,833.95,819.0,827.95,5110000.0,833.6299999999999,823.9675,52.25032147449637,0.013823289816791678,BULLISH,RSI_NORMAL,LOW_VOLATILITY
2023-06-15,827.0,833.8,824.2,829.7,3870000.0,832.3700000000001,825.485,55.169379674439085,0.013734016314525246,BULLISH,RSI_NORMAL,LOW_VOLATILITY
2023-06-16,822.5,840.0,820.8,837.8,4910000.0,833.2299999999999,827.0875,56.98607007176024,0.013780284240455864,BULLISH,RSI_NORMAL,LOW_VOLATILITY
2023-06-19,840.0,840.0,827.5,828.15,3020000.0,831.5899999999999,828.4025000000001,53.87071029529129,0.01403437228173696,BEARISH,RSI_NORMAL,LOW_VOLATILITY
2023-06-20,828.1,833.7,826.85,831.2,2690000.0,830.96,829.9649999999999,40.350877192982466,0.014007056970231333,BULLISH,RSI_NORMAL,LOW_VOLATILITY
2023-06-21,832.0,840.75,830.4,839.0,3020000.0,833.1700000000001,831.845,56.67673716012084,0.014103418989433188,BULLISH,RSI_NORMAL,LOW_VOLATILITY
2023-06-22,836.7,843.5,834.7,842.8,4380000.0,835.79,832.85,54.03846153846152,0.012925608318456993,BULLISH,RSI_NORMAL,LOW_VOLATILITY
2023-06-23,844.0,862.75,841.35,854.8,7670000.0,839.1899999999999,834.6924999999999,61.534090909090914,0.013123379427118656,BULLISH,RSI_NORMAL,LOW_VOLATILITY
2023-06-26,857.35,857.35,846.35,851.95,4430000.0,843.95,836.2275,63.111888111888156,0.013175069529343523,BULLISH,RSI_NORMAL,LOW_VOLATILITY
2023-06-27,856.5,871.35,853.6,864.9,5530000.0,850.6899999999999,838.55,62.29898749255512,0.013433601464632398,BULLISH,RSI_NORMAL,LOW_VOLATILITY
2023-06-28,869.5,873.6,863.6,872.2,6270000.0,857.3299999999999,839.665,71.80722891566273,0.0106359222817985,BULLISH,RSI_HIGH,LOW_VOLATILITY
2023-06-30,880.0,883.0,867.05,878.75,5220000.0,864.5199999999999,842.2049999999999,75.99080987937975,0.008562964402765329,BULLISH,RSI_HIGH,LOW_VOLATILITY
2023-07-03,880.0,884.15,874.6,879.15,3330000.0,869.39,844.3375,75.29550827423175,0.008402420081514416,BULLISH,RSI_HIGH,LOW_VOLATILITY
2023-07-04,873.8,873.8,853.3,865.15,7400000.0,872.0300000000001,845.8700000000001,65.94202898550728,0.009314439100413383,BULLISH,RSI_NORMAL,LOW_VOLATILITY
2023-07-05,868.0,871.0,863.05,866.65,4280000.0,872.3799999999999,847.7299999999999,71.10141766630319,0.009127815189400142,BULLISH,RSI_HIGH,LOW_VOLATILITY
2023-07-06,864.35,877.9,863.45,869.65,6370000.0,871.8699999999999,849.0,71.49004841312536,0.008368450133053106,BULLISH,RSI_HIGH,LOW_VOLATILITY
2023-07-07,865.0,883.6,862.5,870.45,18760000.0,870.21,850.7225000000001,69.06012842965566,0.007939901369225592,BULLISH,RSI_NORMAL,LOW_VOLATILITY
2023-07-10,867.0,889.6,865.0,885.4,4310000.0,871.46,853.3174999999999,81.4733369983508,0.008524834282429589,BULLISH,RSI_HIGH,LOW_VOLATILITY
2023-07-11,890.0,893.15,886.3,891.9,3350000.0,876.8100000000001,856.095,82.1504237288136,0.008578491171345215,BULLISH,RSI_HIGH,LOW_VOLATILITY
2023-07-12,889.95,895.7,883.1,889.95,3030000.0,881.47,858.875,78.76905702992671,0.008571508638293956,BULLISH,RSI_HIGH,LOW_VOLATILITY
2023-07-13,891.35,893.3,883.25,885.05,4230000.0,884.55,861.7299999999999,73.56385945343004,0.008438782665619177,BULLISH,RSI_HIGH,LOW_VOLATILITY
2023-07-14,885.0,890.25,879.65,886.5,3860000.0,887.76,864.5699999999999,70.03792667509487,0.008443187052519239,BULLISH,RSI_HIGH,LOW_VOLATILITY
2023-07-17,886.0,896.65,876.0,878.1,5610000.0,886.3,866.585,65.44595392793856,0.008763962929603825,BULLISH,RSI_NORMAL,LOW_VOLATILITY
2023-07-18,877.05,880.2,863.15,875.45,4730000.0,883.01,868.95,57.094821788836626,0.008244793723699673,BULLISH,RSI_NORMAL,LOW_VOLATILITY
2023-07-19,875.45,877.0,867.2,870.75,6640000.0,879.1700000000001,870.9275000000001,48.98954703832749,0.008440651944141377,BEARISH,RSI_NORMAL,LOW_VOLATILITY
2023-07-20,871.0,886.7,868.0,884.85,3780000.0,879.1299999999999,873.22,53.846153846153854,0.00886546520001021,BULLISH,RSI_NORMAL,LOW_VOLATILITY
2023-07-21,878.1,891.9,874.8,886.0,7000000.0,879.03,875.3799999999999,54.278575890068716,0.008859826408746841,BULLISH,RSI_NORMAL,LOW_VOLATILITY
2023-07-24,885.0,892.6,880.8,888.15,4130000.0,881.04,877.0474999999999,66.86217008797652,0.008421821287184779,BULLISH,RSI_NORMAL,LOW_VOLATILITY
2023-07-25,888.0,894.7,879.1,883.65,3650000.0,882.6800000000001,878.6325,61.938202247191,0.00848768016274519,BULLISH,RSI_NORMAL,LOW_VOLATILITY
2023-07-26,886.5,896.5,883.3,889.4,2850000.0,886.4100000000001,879.8575000000001,63.353617308992554,0.007975840143492983,BULLISH,RSI_NORMAL,LOW_VOLATILITY
2023-07-27,889.35,901.4,888.15,895.15,3450000.0,888.4699999999999,881.0049999999999,65.65272496831429,0.007896269049855933,BULLISH,RSI_NORMAL,LOW_VOLATILITY
2023-07-28,899.9,899.9,890.55,895.1,2310000.0,890.29,881.8225,57.578125000000036,0.007764714882844399,BULLISH,RSI_NORMAL,LOW_VOLATILITY
2023-07-31,894.0,897.8,885.25,889.9,4420000.0,890.64,882.36,48.40510366826156,0.00791074273921273,BULLISH,RSI_NORMAL,LOW_VOLATILITY
2023-08-01,894.5,897.4,888.15,891.65,2090000.0,892.24,883.6850000000001,51.35999999999994,0.006884303415331037,BULLISH,RSI_NORMAL,LOW_VOLATILITY
2023-08-02,883.2,890.65,872.6,878.1,3330000.0,889.9799999999999,884.2574999999999,45.11595221363322,0.007833643464061032,BEARISH,RSI_NORMAL,LOW_VOLATILITY
2023-08-03,875.0,882.05,865.1,871.7,4640000.0,885.29,884.36,40.27595269382394,0.008000177345242021,BEARISH,RSI_NORMAL,LOW_VOLATILITY
2023-08-04,869.0,892.95,866.2,889.65,7070000.0,884.2,885.32,56.74255691768825,0.009216864547479641,BULLISH,RSI_NORMAL,LOW_VOLATILITY
2023-08-07,885.15,900.55,884.1,891.4,4090000.0,884.5,885.6199999999999,59.41002949852505,0.008416167210211668,BULLISH,RSI_NORMAL,LOW_VOLATILITY
2023-08-08,892.0,894.3,880.45,885.4,3280000.0,883.25,885.2950000000001,58.51249273678095,0.008390986284865226,BULLISH,RSI_NORMAL,LOW_VOLATILITY
2023-08-09,885.0,897.45,878.8,883.7,3190000.0,884.3700000000001,884.9825000000001,49.21928038017652,0.008388100202996384,BEARISH,RSI_NORMAL,LOW_VOLATILITY
2023-08-10,882.0,883.9,868.2,874.8,3440000.0,884.99,884.47,43.120393120393075,0.008596219432641128,BEARISH,RSI_NORMAL,LOW_VOLATILITY
2023-08-11,872.0,873.7,865.0,870.55,2810000.0,881.1700000000001,883.6725,39.46107784431135,0.008631953499218734,BEARISH,RSI_NORMAL,LOW_VOLATILITY
2023-08-14,870.5,870.6,857.6,867.05,2670000.0,876.3,883.1199999999999,39.93939393939391,0.008429611037265309,BEARISH,RSI_NORMAL,LOW_VOLATILITY
2023-08-16,870.0,874.0,853.2,856.95,3960000.0,870.61,882.1949999999999,31.318364997121463,0.0087738310163719,BEARISH,RSI_NORMAL,LOW_VOLATILITY
2023-08-17,857.2,859.85,850.0,856.7,3010000.0,865.21,881.4925000000001,26.36754763368161,0.008714971147713545,BEARISH,RSI_LOW,LOW_VOLATILITY
2023-08-18,856.7,862.0,852.25,856.25,4930000.0,861.5,880.0625,26.238532110091697,0.0077499433981909034,BEARISH,RSI_LOW,LOW_VOLATILITY
2023-08-21,855.65,874.0,854.1,871.95,3220000.0,861.78,879.36,40.271002710027126,0.008932874412438771,BEARISH,RSI_NORMAL,LOW_VOLATILITY
2023-08-22,871.0,879.95,866.2,877.65,3330000.0,863.9,878.835,42.72349272349271,0.009056507396472622,BEARISH,RSI_NORMAL,LOW_VOLATILITY
2023-08-23,877.0,877.0,866.8,868.15,1860000.0,866.14,878.0600000000001,44.60119370591424,0.00929579785331162,BEARISH,RSI_NORMAL,LOW_VOLATILITY
2023-08-24,873.0,874.7,864.2,869.45,2840000.0,868.6900000000002,877.0625,48.70763928776566,0.009153712748652195,BEARISH,RSI_NORMAL,LOW_VOLATILITY
2023-08-25,869.45,875.95,861.1,873.5,3120000.0,872.1400000000001,875.9800000000001,38.96103896103897,0.00908382954175018,BEARISH,RSI_NORMAL,LOW_VOLATILITY
2023-08-28,874.05,875.75,865.85,870.35,3090000.0,871.82,874.7425,35.88195841716971,0.009095298395729562,BEARISH,RSI_NORMAL,LOW_VOLATILITY
2023-08-29,870.0,870.0,848.5,855.2,14060000.0,867.3299999999999,873.0075,31.959378733572308,0.00974057741714315,BEARISH,RSI_NORMAL,LOW_VOLATILITY
2023-08-30,859.85,862.6,856.45,857.75,3260000.0,865.25,871.3125,34.65405085748074,0.00976463278329221,BEARISH,RSI_NORMAL,LOW_VOLATILITY
2023-08-31,855.5,859.5,847.05,856.4,12530000.0,862.64,870.2275000000002,38.05194805194805,0.009249173599159112,BEARISH,RSI_NORMAL,LOW_VOLATILITY
2023-09-01,853.15,867.55,852.75,865.95,4430000.0,861.1299999999999,869.9399999999999,47.20534629404622,0.009526266751382519,BEARISH,RSI_NORMAL,LOW_VOLATILITY
2023-09-04,865.75,869.45,859.7,865.3,3100000.0,860.1200000000001,868.7224999999999,48.89867841409691,0.008161905950873636,BEARISH,RSI_NORMAL,LOW_VOLATILITY
2023-09-05,863.1,867.8,858.4,865.9,2220000.0,862.26,867.4475,56.39742673338092,0.008139559608614927,BEARISH,RSI_NORMAL,LOW_VOLATILITY
2023-09-06,867.15,882.4,865.8,880.3,4240000.0,866.7699999999999,867.1924999999999,64.03091557669433,0.008970850615773901,BULLISH,RSI_NORMAL,LOW_VOLATILITY
2023-09-07,880.3,883.7,873.15,875.3,4530000.0,870.55,866.7724999999998,60.74450084602365,0.009046750208786387,BULLISH,RSI_NORMAL,LOW_VOLATILITY
2023-09-08,881.8,890.65,878.15,885.85,3740000.0,874.53,867.325,58.32335329341315,0.009158856524634674,BULLISH,RSI_NORMAL,LOW_VOLATILITY
2023-09-11,888.0,892.3,883.6,890.8,2730000.0,879.6299999999999,868.3375,57.94561933534741,0.009124940720981224,BULLISH,RSI_NORMAL,LOW_VOLATILITY
2023-09-12,894.9,896.5,885.0,890.4,4110000.000000001,884.53,869.5050000000001,65.10522742701967,0.009052266278621554,BULLISH,RSI_NORMAL,LOW_VOLATILITY
2023-09-13,888.05,918.0,885.55,915.15,5220000.0,891.5,872.415,73.53244078269822,0.010280602222129445,BULLISH,RSI_HIGH,LOW_VOLATILITY
2023-09-14,920.3,920.6,910.1,914.95,5510000.0,899.43,875.3275,72.22520107238608,0.010279254109848592,BULLISH,RSI_HIGH,LOW_VOLATILITY
2023-09-15,912.6,948.7,910.0,936.15,14000000.0,909.49,879.3225,79.55974842767294,0.01113938092858231,BULLISH,RSI_HIGH,LOW_VOLATILITY
2023-09-18,929.4,935.8,918.0,920.2,2980000.0,915.3700000000001,881.7349999999999,78.9919714540589,0.011629322605792653,BULLISH,RSI_HIGH,LOW_VOLATILITY
2023-09-20,911.0,919.3,904.8,910.7,5240000.0,919.43,883.3875,72.23855522889545,0.011947923988887207,BULLISH,RSI_HIGH,LOW_VOLATILITY
2023-09-21,910.2,920.15,903.35,917.95,4900000.0,919.9900000000001,885.8774999999999,74.62985194077635,0.011627621191064582,BULLISH,RSI_HIGH,LOW_VOLATILITY
2023-09-22,917.95,922.35,903.8,911.4,6110000.0,919.28,887.975,68.63468634686345,0.011839051568274118,BULLISH,RSI_NORMAL,LOW_VOLATILITY
2023-09-25,912.0,913.35,902.05,910.4,5280000.0,914.1299999999999,889.8199999999999,68.43826655764516,0.011851856521983095,BULLISH,RSI_NORMAL,LOW_VOLATILITY
2023-09-26,910.0,920.95,908.0,912.7,5360000.0,912.6300000000001,891.9375,68.87096774193553,0.01177451935958886,BULLISH,RSI_NORMAL,LOW_VOLATILITY
2023-09-27,914.95,921.05,907.45,920.25,4710000.0,914.54,895.1899999999999,67.05078958600089,0.010860583483199718,BULLISH,RSI_NORMAL,LOW_VOLATILITY
2023-09-28,926.0,932.0,918.6,925.65,7390000.0,916.0799999999999,898.585,71.4164185452999,0.010869319333810756,BULLISH,RSI_HIGH,LOW_VOLATILITY
2023-09-29,932.0,936.4,921.8,926.4,5610000.0,919.0799999999999,902.085,68.81670533642693,0.010819406346565372,BULLISH,RSI_NORMAL,LOW_VOLATILITY
2023-10-03,918.25,928.25,916.05,925.3,4340000.0,922.0600000000001,905.0525,66.6025024061598,0.01074115210377435,BULLISH,RSI_NORMAL,LOW_VOLATILITY
2023-10-04,918.3,925.95,918.3,924.25,5600000.0,924.3700000000001,908.0,66.18842659014828,0.010749257221844817,BULLISH,RSI_NORMAL,LOW_VOLATILITY
2023-10-05,925.05,929.6,919.4,928.85,7060000.0,926.0899999999999,911.1475,58.116113744075875,0.01073609557214795,BULLISH,RSI_NORMAL,LOW_VOLATILITY
2023-10-06,929.2,929.2,924.3,926.05,2420000.0,926.1700000000001,913.4350000000001,56.37931034482754,0.010370715224523187,BULLISH,RSI_NORMAL,LOW_VOLATILITY
2023-10-09,918.0,928.05,916.55,924.55,2250000.0,925.8,915.8975,41.381872213967306,0.010239276078253198,BULLISH,RSI_NORMAL,LOW_VOLATILITY
2023-10-10,924.55,954.05,921.05,948.35,7900000.0,930.4100000000001,919.0225,68.72920825016627,0.01129424547470616,BULLISH,RSI_NORMAL,LOW_VOLATILITY
2023-10-11,948.5,956.8,948.0,955.6,5650000.0,936.68,922.2625,80.79561042523994,0.011323828997608806,BULLISH,RSI_HIGH,LOW_VOLATILITY
2023-10-12,955.6,956.8,947.0,950.35,5540000.0,940.9799999999999,925.2599999999999,72.84908321579681,0.011473444284755599,BULLISH,RSI_HIGH,LOW_VOLATILITY
2023-10-13,946.3,955.95,946.3,954.2,4420000.0,946.61,927.2125,81.37829912023457,0.009933073415956277,BULLISH,RSI_HIGH,LOW_VOLATILITY
2023-10-16,957.95,958.75,943.85,946.55,1880000.0,951.01,928.7924999999999,74.14829659318627,0.010180442572314794,BULLISH,RSI_HIGH,LOW_VOLATILITY
2023-10-17,946.55,960.25,946.0,953.65,3860000.0,952.07,929.6674999999999,75.70621468926542,0.008976806064408377,BULLISH,RSI_HIGH,LOW_VOLATILITY
2023-10-18,953.0,958.9,950.65,952.85,2330000.0,951.5200000000001,931.3,72.35939643347047,0.007937656440858944,BULLISH,RSI_HIGH,LOW_VOLATILITY
2023-10-19,945.8,951.3,941.35,942.95,4310000.0,950.04,932.9125,61.17571059431526,0.007942966143862883,BULLISH,RSI_NORMAL,LOW_VOLATILITY
2023-10-20,937.8,947.5,937.0,945.2,3130000.0,948.24,934.275,61.91381495564007,0.0078110438333976635,BULLISH,RSI_NORMAL,LOW_VOLATILITY
2023-10-23,941.6,949.1,937.0,939.3,2180000.0,946.79,935.6699999999998,58.36320191158898,0.0077615025544804876,BULLISH,RSI_NORMAL,LOW_VOLATILITY
2023-10-25,924.6,939.65,919.0,922.6,6370000.0,940.5799999999999,936.2800000000001,49.16960241570207,0.008875884708367034,BEARISH,RSI_NORMAL,LOW_VOLATILITY
2023-10-26,921.65,924.6,900.05,905.5,6600000.0,931.11,935.9200000000001,39.561913276709895,0.009844661657649143,BEARISH,RSI_NORMAL,LOW_VOLATILITY
2023-10-27,910.75,918.4,906.45,914.6,3510000.0,925.4399999999999,935.6375,45.154464663563296,0.009934214854305033,BEARISH,RSI_NORMAL,LOW_VOLATILITY
2023-10-30,914.8,931.95,910.35,926.25,3690000.0,921.65,935.6674999999999,50.662509742790355,0.010270371822915823,BEARISH,RSI_NORMAL,LOW_VOLATILITY
2023-10-31,920.3,923.55,912.4,914.4,5700000.0,916.6700000000001,935.0675000000001,35.410399656209705,0.010662616923975963,BEARISH,RSI_NORMAL,LOW_VOLATILITY
2023-11-01,903.0,914.55,895.45,913.45,4820000.0,914.8399999999999,934.475,30.84961381190371,0.010662236530126526,BEARISH,RSI_NORMAL,LOW_VOLATILITY
2023-11-02,920.0,925.95,916.4,923.85,6610000.0,918.51,934.4550000000002,38.49826388888889,0.01099106715195124,BEARISH,RSI_NORMAL,LOW_VOLATILITY
2023-11-03,925.0,933.7,922.2,930.75,3900000.0,921.74,934.55,40.08456659619448,0.011063907846025036,BEARISH,RSI_NORMAL,LOW_VOLATILITY
2023-11-06,934.2,940.7,930.0,939.2,2760000.0,924.3300000000002,935.2075000000001,46.91306173876526,0.011210754348262592,BULLISH,RSI_NORMAL,LOW_VOLATILITY
2023-11-07,936.05,938.95,932.45,937.15,3620000.0,928.8799999999999,935.8375,42.76315789473684,0.011217760990404417,BULLISH,RSI_NORMAL,LOW_VOLATILITY
2023-11-08,941.8,941.8,934.4,936.75,1810000.0,933.5400000000002,935.2574999999999,42.913732394366185,0.009549764874821006,BULLISH,RSI_NORMAL,LOW_VOLATILITY
2023-11-09,936.75,937.3,930.55,932.35,3910000.0,935.24,934.095,45.09713228492136,0.0093882699995293,BEARISH,RSI_NORMAL,LOW_VOLATILITY
2023-11-10,929.0,937.0,929.0,935.5,1350000.0,936.1899999999999,933.3525000000002,45.55045871559631,0.009383758233407714,BULLISH,RSI_NORMAL,LOW_VOLATILITY
2023-11-12,940.0,940.0,933.7,938.0,174770.0,935.95,932.5425000000001,49.38446969696972,0.009351676843822638,BULLISH,RSI_NORMAL,LOW_VOLATILITY
2023-11-13,938.0,940.3,933.8,935.0,1660000.0,935.5200000000001,931.9650000000001,56.74646354733404,0.009217438919311188,BULLISH,RSI_NORMAL,LOW_VOLATILITY
2023-11-15,948.0,952.7,936.2,950.0,4820000.0,938.1700000000001,931.7825,74.77728285077953,0.009791277761262384,BULLISH,RSI_HIGH,LOW_VOLATILITY
2023-11-16,949.0,953.9,943.25,949.55,5310000.0,941.61,931.6175000000001,71.53419593345652,0.009790258239933389,BULLISH,RSI_HIGH,LOW_VOLATILITY
2023-11-17,948.8,954.0,946.0,947.3,3250000.0,943.97,931.835,64.66898954703831,0.009507983395690237,BULLISH,RSI_NORMAL,LOW_VOLATILITY
2023-11-20,949.0,964.3,941.95,961.4,4650000.0,948.65,932.6450000000001,81.75675675675676,0.01004947266862889,BULLISH,RSI_HIGH,LOW_VOLATILITY
2023-11-21,967.0,976.35,961.0,970.85,5700000.0,955.82,934.2225000000001,84.78787878787873,0.010090949248428708,BULLISH,RSI_HIGH,LOW_VOLATILITY
2023-11-22,974.3,976.3,965.95,969.75,3310000.0,959.7700000000001,936.5799999999999,81.35245901639335,0.00903034143956501,BULLISH,RSI_HIGH,LOW_VOLATILITY
2023-11-23,970.0,981.0,963.7,976.65,2750000.0,965.1899999999999,940.1375,81.35245901639335,0.007586699770794412,BULLISH,RSI_HIGH,LOW_VOLATILITY
2023-11-24,975.0,977.15,971.0,973.15,2320000.0,970.36,943.0649999999999,74.87179487179478,0.007609613142020204,BULLISH,RSI_HIGH,LOW_VOLATILITY
2023-11-28,974.05,988.0,971.2,984.9,5100000.0,975.0600000000001,945.9975000000001,80.6286080821039,0.007566863254136377,BULLISH,RSI_HIGH,LOW_VOLATILITY
2023-11-29,995.9,1007.1,990.95,995.4,5650000.0,979.97,950.0474999999999,83.30494037478701,0.006746825502636901,BULLISH,RSI_HIGH,LOW_VOLATILITY
2023-11-30,995.0,1018.2,992.7,1014.7,9930000.0,988.96,955.11,89.99514327343365,0.007413484994966047,BULLISH,RSI_HIGH,LOW_VOLATILITY
2023-12-01,1015.0,1022.55,1008.2,1014.7,5540000.0,996.57,959.6524999999999,89.67935871743482,0.007358186465710198,BULLISH,RSI_HIGH,LOW_VOLATILITY
2023-12-04,1036.0,1044.0,1025.2,1032.9,5160000.0,1008.5200000000001,964.76,91.08225108225105,0.007914732691977046,BULLISH,RSI_HIGH,LOW_VOLATILITY
2023-12-05,1038.8,1045.95,1022.1,1031.1,4270000.0,1017.76,969.3549999999999,92.0384951881013,0.008008539224006664,BULLISH,RSI_HIGH,LOW_VOLATILITY
2023-12-06,1029.1,1035.0,1013.45,1024.45,4120000.0,1023.57,973.72,85.13449740443599,0.008254823442718835,BULLISH,RSI_HIGH,LOW_VOLATILITY
2023-12-07,1015.0,1019.7,998.0,1000.0,13810000.0,1020.6300000000001,976.8825,69.41131204309347,0.010380648034196154,BULLISH,RSI_NORMAL,LOW_VOLATILITY
2023-12-08,998.7,1004.0,991.3,1000.25,6630000.0,1017.74,980.2774999999999,70.69167643610783,0.010237424266581396,BULLISH,RSI_HIGH,LOW_VOLATILITY
2023-12-11,996.1,1004.6,992.05,1000.85,6200000.0,1011.3299999999999,983.5449999999998,67.23460026212317,0.010259003677566488,BULLISH,RSI_NORMAL,LOW_VOLATILITY
2023-12-12,999.25,1000.85,987.0,995.25,7120000.0,1004.1600000000001,986.4074999999999,61.030741410488204,0.010455899169916343,BULLISH,RSI_NORMAL,LOW_VOLATILITY
2023-12-13,993.2,1002.0,991.5,999.9,4150000.000000001,999.25,989.6524999999999,63.20630749014451,0.010357248611864352,BULLISH,RSI_NORMAL,LOW_VOLATILITY
2023-12-14,1006.0,1011.2,999.15,1005.2,6540000.0,1000.2900000000002,992.4125,62.68325188804975,0.009937807701094413,BULLISH,RSI_NORMAL,LOW_VOLATILITY
2023-12-15,999.65,1010.85,988.25,992.55,10120000.0,998.75,994.5625,57.9704190632703,0.010505360466069924,BEARISH,RSI_NORMAL,LOW_VOLATILITY
2023-12-18,995.0,998.8,982.15,990.25,5750000.0,996.6299999999999,996.71,52.38307349665925,0.01050415186915812,BEARISH,RSI_NORMAL,LOW_VOLATILITY
2023-12-19,995.45,997.95,985.9,988.45,3910000.0,995.2700000000001,998.0625,46.64413326895224,0.010105006205681355,BEARISH,RSI_NORMAL,LOW_VOLATILITY
2023-12-20,992.9,993.65,969.0,971.55,3990000.0,989.6,998.0975000000001,28.670291646070226,0.010704026324611132,BEARISH,RSI_LOW,LOW_VOLATILITY
2023-12-21,968.0,981.55,960.0,977.9,4290000.0,984.14,998.5050000000001,32.883720930232585,0.01079486421859896,BEARISH,RSI_NORMAL,LOW_VOLATILITY
2023-12-22,981.9,998.95,975.55,989.55,4610000.0,983.54,999.15,28.528974739970266,0.011001561920086046,BEARISH,RSI_LOW,LOW_VOLATILITY
2023-12-26,995.0,1002.5,989.65,999.85,2460000.0,985.4599999999998,1000.485,35.7240749200549,0.011157685202217054,BEARISH,RSI_NORMAL,LOW_VOLATILITY
2023-12-27,1000.0,1024.05,998.0,1021.2,4790000.0,992.01,1002.3,48.691099476439796,0.011798797482293358,BULLISH,RSI_NORMAL,LOW_VOLATILITY
2023-12-28,1023.9,1041.95,1022.2,1036.7,5290000.0,1005.04,1004.3650000000001,65.92881944444443,0.012017006478715378,BULLISH,RSI_NORMAL,LOW_VOLATILITY
2023-12-29,1033.15,1043.25,1024.4,1032.2,4630000.0,1015.9,1005.2400000000001,63.373796567601495,0.011374787068471006,BULLISH,RSI_NORMAL,LOW_VOLATILITY
2024-01-01,1031.95,1031.95,1007.0,1013.05,3800000.0,1020.6,1005.1575,54.42028985507243,0.012181389272682417,BULLISH,RSI_NORMAL,LOW_VOLATILITY
2024-01-02,1017.4,1025.45,1016.0,1021.7,6870000.0,1024.9699999999998,1004.5975000000001,59.37610776320453,0.011621022283063078,BULLISH,RSI_NORMAL,LOW_VOLATILITY
2024-01-03,1031.95,1037.0,1021.35,1035.2,3600000.0,1027.77,1004.8025,61.774516344229475,0.012010220764298802,BULLISH,RSI_NORMAL,LOW_VOLATILITY
2024-01-04,1035.25,1058.8,1027.55,1047.9,4660000.0,1030.01,1005.975,63.5727908455181,0.012187263217522146,BULLISH,RSI_NORMAL,LOW_VOLATILITY
2024-01-05,1053.8,1063.65,1038.95,1046.6,4010000.0,1032.89,1008.305,68.51661527920513,0.010696666543188594,BULLISH,RSI_NORMAL,LOW_VOLATILITY
2024-01-08,1050.0,1059.0,1045.25,1049.05,4490000.0,1040.09,1010.7450000000001,70.12320328542086,0.01068543523794239,BULLISH,RSI_HIGH,LOW_VOLATILITY
2024-01-09,1057.0,1067.9,1048.05,1064.5,3370000.0,1048.65,1013.9275000000001,73.80281690140833,0.011019228066738246,BULLISH,RSI_HIGH,LOW_VOLATILITY
2024-01-10,1066.95,1073.3,1055.3,1062.7,3110000.0,1054.15,1017.3,81.50708606982363,0.010890060179453714,BULLISH,RSI_HIGH,LOW_VOLATILITY
2024-01-11,1065.75,1073.9,1057.35,1062.85,2600000.0,1057.1399999999999,1020.4475,80.67894546767775,0.010908012981166412,BULLISH,RSI_HIGH,LOW_VOLATILITY
2024-01-12,1058.1,1078.55,1051.6,1076.35,3390000.0,1063.0900000000001,1024.0049999999999,80.93371347113317,0.011109777592292482,BULLISH,RSI_HIGH,LOW_VOLATILITY
2024-01-15,1078.05,1104.7,1074.55,1102.4,3310000.0,1073.76,1029.4975,82.85805831464265,0.011352023616846089,BULLISH,RSI_HIGH,LOW_VOLATILITY
2024-01-16,1107.0,1117.0,1093.0,1095.9,5030000.0,1080.0400000000002,1034.78,76.45184135977328,0.011505969539490861,BULLISH,RSI_HIGH,LOW_VOLATILITY
2024-01-17,1092.0,1108.95,1078.8,1085.25,4570000.0,1084.55,1039.62,67.80344701136771,0.011886875956543934,BULLISH,RSI_NORMAL,LOW_VOLATILITY
2024-01-18,1075.2,1096.0,1075.2,1087.05,4410000.0,1089.3899999999999,1045.395,70.52001496445929,0.010758935247291719,BULLISH,RSI_HIGH,LOW_VOLATILITY
2024-01-19,1091.0,1136.35,1089.8,1125.0,11750000.0,1099.1200000000001,1052.75,86.7169563791406,0.012591551355465426,BULLISH,RSI_HIGH,LOW_VOLATILITY
2024-01-20,1128.05,1139.25,1118.75,1123.75,1920000.0,1103.3899999999999,1059.46,85.17752499138217,0.012666412573064011,BULLISH,RSI_HIGH,LOW_VOLATILITY
2024-01-23,1145.0,1172.55,1135.0,1158.0,18190000.0,1115.81,1067.3675,87.03256936067541,0.013745207111505014,BULLISH,RSI_HIGH,LOW_VOLATILITY
2024-01-24,1140.1,1194.0,1140.1,1189.95,9550000.0,1136.75,1075.8049999999998,88.38151850851112,0.01414210688237198,BULLISH,RSI_HIGH,LOW_VOLATILITY
2024-01-25,1186.0,1200.65,1157.05,1160.55,11420000.0,1151.45,1081.9975,76.73000234576585,0.01576190037275551,BULLISH,RSI_HIGH,LOW_VOLATILITY
2024-01-29,1158.0,1169.75,1158.0,1162.15,4020000.0,1158.88,1088.495,76.63683466792274,0.015619941617981208,BULLISH,RSI_HIGH,LOW_VOLATILITY
2024-01-30,1162.15,1180.85,1154.55,1158.65,3900000.0,1165.8600000000001,1095.775,73.49638133266781,0.014689871397713395,BULLISH,RSI_HIGH,LOW_VOLATILITY
2024-01-31,1159.0,1175.05,1146.2,1170.7,5980000.0,1168.4,1103.225,75.64102564102559,0.014707094877762296,BULLISH,RSI_HIGH,LOW_VOLATILITY
2024-02-01,1165.05,1170.2,1148.95,1151.2,3610000.0,1160.65,1109.025,69.21069797782125,0.015529303718654993,BULLISH,RSI_NORMAL,LOW_VOLATILITY
2024-02-02,1155.0,1175.2,1145.3,1150.8,4970000.0,1158.7,1114.17,67.16624394742907,0.01549345801290993,BULLISH,RSI_NORMAL,LOW_VOLATILITY
2024-02-05,1154.35,1159.65,1110.0,1113.55,7810000.0,1148.98,1117.5175000000002,52.44463933347947,0.017558848514438296,BEARISH,RSI_NORMAL,HIGH_VOLATILITY
2024-02-06,1125.0,1156.1,1123.0,1134.05,9860000.0,1144.06,1121.7675,57.88060318116088,0.017879700034551593,BULLISH,RSI_NORMAL,HIGH_VOLATILITY
2024-02-07,1138.8,1148.25,1131.8,1134.3,2770000.0,1136.7800000000002,1125.2575,60.58709259658965,0.017717451924163956,BULLISH,RSI_NORMAL,HIGH_VOLATILITY
2024-02-08,1144.4,1146.5,1116.2,1142.15,6520000.0,1134.9699999999998,1129.23,61.59023979806479,0.017693653046852532,BULLISH,RSI_NORMAL,HIGH_VOLATILITY
2024-02-09,1145.95,1145.95,1116.25,1120.25,4200000.0,1128.86,1132.1,48.92849086397474,0.018414051530949372,BEARISH,RSI_NORMAL,HIGH_VOLATILITY
2024-02-12,1122.9,1129.0,1111.3,1118.7,3890000.0,1129.89,1134.2175000000002,48.862356386573566,0.01828407339856411,BEARISH,RSI_NORMAL,HIGH_VOLATILITY
2024-02-13,1111.0,1125.0,1103.8,1117.85,3210000.0,1126.65,1134.99,39.352956775391156,0.01753169452854563,BEARISH,RSI_NORMAL,HIGH_VOLATILITY
2024-02-14,1110.0,1121.15,1104.7,1115.85,4650000.0,1122.9599999999998,1135.9875,26.639344262295126,0.017472571879201194,BEARISH,RSI_LOW,HIGH_VOLATILITY
2024-02-15,1122.3,1131.45,1109.4,1120.7,5060000.0,1118.67,1137.76,35.13614323013812,0.017298667557780804,BEARISH,RSI_NORMAL,HIGH_VOLATILITY
2024-02-16,1124.0,1127.05,1116.85,1120.0,3090000.0,1118.6200000000001,1139.4074999999998,34.17198648141198,0.017306836095926835,BEARISH,RSI_NORMAL,HIGH_VOLATILITY
2024-02-19,1121.05,1145.0,1118.35,1142.2,4710000.0,1123.32,1140.2675,44.583470530128416,0.01606419172401166,BULLISH,RSI_NORMAL,LOW_VOLATILITY
2024-02-20,1145.0,1151.6,1135.0,1143.95,5400000.0,1128.54,1141.2775,40.551042034616785,0.016057806466451833,BULLISH,RSI_NORMAL,LOW_VOLATILITY
2024-02-21,1155.0,1159.15,1132.6,1139.9,4570000.0,1133.3500000000001,1140.3725,45.5194290245837,0.014498505853188091,BEARISH,RSI_NORMAL,LOW_VOLATILITY
2024-02-22,1137.6,1138.75,1097.65,1135.55,8640000.0,1136.3200000000002,1137.6525000000001,44.13687043444832,0.012885653315491968,BEARISH,RSI_NORMAL,LOW_VOLATILITY
2024-02-23,1127.0,1131.85,1115.3,1125.75,6710000.0,1137.47,1135.9125,55.945419103313824,0.01187317421444687,BEARISH,RSI_NORMAL,LOW_VOLATILITY
2024-02-26,1118.1,1125.9,1104.35,1110.05,3190000.0,1131.04,1133.3075000000001,37.73006134969333,0.01217152179553132,BEARISH,RSI_NORMAL,LOW_VOLATILITY
2024-02-27,1113.0,1131.0,1101.3,1127.5,7150000.0,1127.75,1131.75,47.0434782608696,0.012811268715520881,BEARISH,RSI_NORMAL,LOW_VOLATILITY
2024-02-28,1133.4,1152.65,1123.5,1128.75,5300000.0,1125.52,1129.6525,43.819188191881906,0.0125306937449642,BEARISH,RSI_NORMAL,LOW_VOLATILITY
2024-02-29,1118.85,1137.95,1099.0,1123.35,13820000.0,1123.08,1128.26,51.68661588683345,0.012059600854959449,BEARISH,RSI_NORMAL,LOW_VOLATILITY
2024-03-01,1128.0,1140.75,1117.4,1128.7,5930000.0,1123.6699999999998,1127.155,55.22466039707415,0.01213151102308755,BULLISH,RSI_NORMAL,LOW_VOLATILITY
2024-03-02,1124.05,1134.25,1124.0,1133.0,133650.0,1128.26,1128.1275,57.639939485627835,0.009631804473141799,BULLISH,RSI_NORMAL,LOW_VOLATILITY
2024-03-04,1132.0,1149.25,1132.0,1133.5,5860000.0,1129.46,1128.1,59.03737839221711,0.008707250131840334,BULLISH,RSI_NORMAL,LOW_VOLATILITY
2024-03-05,1133.05,1179.75,1133.05,1168.9,5380000.0,1137.4900000000002,1129.8300000000002,68.79875195007794,0.011161509012059685,BULLISH,RSI_NORMAL,LOW_VOLATILITY
2024-03-06,1173.95,1196.6,1157.35,1193.7,5460000.0,1151.56,1132.4074999999998,74.19566644780033,0.011952464640325546,BULLISH,RSI_HIGH,LOW_VOLATILITY
2024-03-07,1209.85,1213.6,1189.45,1199.7,8900000.0,1165.76,1136.3799999999999,71.1241734019103,0.010839690412626272,BULLISH,RSI_HIGH,LOW_VOLATILITY
2024-03-11,1186.0,1218.3,1186.0,1196.6,6680000.0,1178.48,1140.275,69.15241906147678,0.010871355136523802,BULLISH,RSI_NORMAL,LOW_VOLATILITY
2024-03-12,1200.0,1208.0,1197.8,1204.25,4250000.0,1192.6299999999999,1144.595,72.81105990783396,0.010843989802075316,BULLISH,RSI_HIGH,LOW_VOLATILITY
2024-03-13,1212.0,1212.0,1151.7,1168.75,7530000.0,1192.6,1147.2400000000002,59.639953542392554,0.01312152881605564,BULLISH,RSI_NORMAL,LOW_VOLATILITY
2024-03-14,1173.95,1199.7,1163.55,1194.6,8570000.0,1192.78,1150.935,68.28685258964137,0.013842182043250339,BULLISH,RSI_NORMAL,LOW_VOLATILITY
2024-03-15,1190.0,1222.8,1187.85,1220.0,10120000.0,1196.84,1155.935,77.77216468805248,0.014371566476684925,BULLISH,RSI_HIGH,LOW_VOLATILITY
2024-03-18,1225.0,1230.55,1215.2,1225.3,4140000.0,1202.5800000000002,1160.09,76.31862217438098,0.013905659294992585,BULLISH,RSI_HIGH,LOW_VOLATILITY
2024-03-19,1216.2,1240.4,1214.6,1228.35,7700000.0,1207.3999999999999,1164.31,76.54584221748394,0.013899780627312812,BULLISH,RSI_HIGH,LOW_VOLATILITY
2024-03-20,1228.25,1239.0,1223.65,1231.8,6600000.0,1220.01,1168.9050000000002,79.20818744950171,0.013798883824746566,BULLISH,RSI_HIGH,LOW_VOLATILITY
2024-03-21,1238.0,1242.9,1214.1,1220.8,9950000.0,1225.25,1173.1675,74.07213800313639,0.01399680548018337,BULLISH,RSI_HIGH,LOW_VOLATILITY
2024-03-22,1226.95,1245.0,1222.0,1236.1,7840000.0,1228.4699999999998,1178.685,75.48195748887787,0.013812832533469243,BULLISH,RSI_HIGH,LOW_VOLATILITY
2024-03-26,1225.0,1234.0,1210.0,1213.1,10900000.0,1226.03,1183.8375,67.70462633451953,0.01417977336347989,BULLISH,RSI_NORMAL,LOW_VOLATILITY
2024-03-27,1210.55,1228.25,1210.55,1224.8,5780000.0,1225.3200000000002,1188.7024999999999,63.89855793137738,0.01399158009212698,BULLISH,RSI_NORMAL,LOW_VOLATILITY
2024-03-28,1226.95,1238.5,1220.3,1228.6,10520000.0,1224.6799999999998,1193.695,59.68906163242638,0.013975186069675467,BULLISH,RSI_NORMAL,LOW_VOLATILITY
2024-04-01,1228.0,1231.9,1208.0,1217.35,5460000.0,1223.9899999999998,1198.395,54.76126247639597,0.01415844231382026,BULLISH,RSI_NORMAL,LOW_VOLATILITY
2024-04-02,1225.0,1227.75,1203.2,1208.25,3630000.0,1218.42,1202.3725,53.04415991638362,0.01439178988684375,BULLISH,RSI_NORMAL,LOW_VOLATILITY
2024-04-03,1195.0,1240.6,1189.45,1225.7,9530000.0,1220.94,1207.0075,55.331841909023126,0.014598370124766781,BULLISH,RSI_NORMAL,LOW_VOLATILITY
2024-04-04,1231.95,1233.0,1201.3,1206.85,7330000.0,1217.35,1210.675,60.325203252032495,0.015219101802021719,BEARISH,RSI_NORMAL,LOW_VOLATILITY
2024-04-05,1205.9,1211.35,1188.95,1191.0,4230000.0,1209.83,1211.78,48.968481375358195,0.014119580178427548,BEARISH,RSI_NORMAL,LOW_VOLATILITY
2024-04-08,1188.0,1210.55,1183.1,1204.7,4830000.0,1207.3,1212.3300000000002,45.300982800982815,0.01354406543772865,BEARISH,RSI_NORMAL,LOW_VOLATILITY
2024-04-09,1214.95,1214.95,1198.3,1204.45,3370000.0,1206.54,1212.5674999999999,43.391442155309065,0.013503446188682476,BEARISH,RSI_NORMAL,LOW_VOLATILITY
2024-04-10,1213.25,1230.7,1208.75,1229.4,6440000.0,1207.28,1214.2075,50.29223490119682,0.014228492646435236,BULLISH,RSI_NORMAL,LOW_VOLATILITY
2024-04-12,1226.1,1231.85,1219.55,1225.55,7880000.0,1211.02,1215.2724999999998,48.264371008053324,0.01421370549621239,BULLISH,RSI_NORMAL,LOW_VOLATILITY
2024-04-15,1210.6,1235.0,1210.35,1224.55,4280000.0,1217.73,1218.0624999999998,51.102616877389,0.012297523821349925,BULLISH,RSI_NORMAL,LOW_VOLATILITY
2024-04-16,1223.9,1233.95,1212.05,1216.45,5240000.0,1220.0800000000002,1219.155,43.96684065090579,0.011527806097912003,BEARISH,RSI_NORMAL,LOW_VOLATILITY
2024-04-18,1220.0,1281.85,1215.8,1265.75,19940000.0,1232.34,1221.4424999999999,63.91752577319589,0.013878055238834315,BULLISH,RSI_NORMAL,LOW_VOLATILITY
2024-04-19,1280.0,1296.5,1253.35,1289.0,13100000.0,1244.26,1224.6275,65.99402092675636,0.014352495846216872,BULLISH,RSI_NORMAL,LOW_VOLATILITY
2024-04-22,1304.0,1305.4,1288.25,1297.55,7890000.0,1258.66,1228.0874999999999,66.7802385008518,0.014380176555242612,BULLISH,RSI_NORMAL,LOW_VOLATILITY
2024-04-23,1310.0,1351.0,1302.1,1342.35,12070000.0,1282.2199999999998,1233.615,76.15062761506276,0.01603064927078396,BULLISH,RSI_HIGH,LOW_VOLATILITY
2024-04-24,1352.0,1354.0,1333.55,1336.4,6280000.0,1306.21,1239.395,77.16769132923471,0.015864094013158535,BULLISH,RSI_HIGH,LOW_VOLATILITY
2024-04-25,1331.0,1343.8,1324.35,1338.7,8510000.0,1320.8,1244.525,75.60036248300864,0.015765322230426204,BULLISH,RSI_HIGH,LOW_VOLATILITY
2024-04-26,1338.0,1345.7,1322.0,1326.0,5290000.0,1328.2,1250.1699999999998,77.76742018177586,0.015195204888403093,BULLISH,RSI_HIGH,LOW_VOLATILITY
2024-04-29,1324.5,1346.0,1320.0,1332.45,3200000.0,1335.1799999999998,1255.5525,84.47477455520354,0.015148664342530219,BULLISH,RSI_HIGH,LOW_VOLATILITY
2024-04-30,1323.15,1334.8,1319.95,1322.3,5270000.0,1331.17,1260.2375,79.16666666666666,0.015382180759994226,BULLISH,RSI_HIGH,LOW_VOLATILITY
2024-05-02,1315.25,1319.9,1293.6,1304.05,8000000.0,1324.7,1264.5724999999998,72.67759562841529,0.015621194110056238,BULLISH,RSI_HIGH,LOW_VOLATILITY
2024-05-03,1306.0,1310.5,1258.15,1277.4,11290000.0,1312.44,1268.03,60.845006778129246,0.016354730869082932,BULLISH,RSI_NORMAL,LOW_VOLATILITY
2024-05-06,1275.0,1298.45,1273.2,1283.4,5560000.0,1303.92,1270.9150000000002,62.944730364734895,0.01613684856699776,BULLISH,RSI_NORMAL,LOW_VOLATILITY
2024-05-07,1286.35,1294.45,1271.0,1286.15,5770000.0,1294.66,1274.8799999999999,63.67673179396098,0.01558560278567883,BULLISH,RSI_NORMAL,LOW_VOLATILITY
2024-05-08,1276.15,1299.4,1274.7,1288.6,2680000.0,1287.92,1279.76,66.43133682532454,0.015106396961751409,BULLISH,RSI_NORMAL,LOW_VOLATILITY
2024-05-09,1283.0,1295.3,1270.05,1275.45,4810000.0,1282.2,1283.2975,52.64449291166851,0.015321267016158324,BEARISH,RSI_NORMAL,LOW_VOLATILITY
2024-05-10,1275.05,1308.5,1271.75,1301.15,5530000.0,1286.95,1288.1325000000002,53.26876513317195,0.015768904710405866,BULLISH,RSI_NORMAL,LOW_VOLATILITY
2024-05-13,1301.15,1302.9,1281.4,1285.95,3700000.0,1287.46,1290.96,46.987012987013,0.015623236537241165,BEARISH,RSI_NORMAL,LOW_VOLATILITY
2024-05-14,1290.55,1299.9,1280.7,1284.3,3260000.0,1287.0900000000001,1293.8975,30.565785068630703,0.01559444532649752,BEARISH,RSI_NORMAL,LOW_VOLATILITY
2024-05-15,1281.55,1318.25,1280.5,1309.9,6890000.0,1291.35,1298.1650000000002,42.15976331360947,0.016048740581558515,BULLISH,RSI_NORMAL,LOW_VOLATILITY
2024-05-16,1328.0,1356.85,1321.3,1345.1,11930000.0,1305.28,1304.5975,51.584943041109426,0.016673129147833247,BULLISH,RSI_NORMAL,LOW_VOLATILITY
2024-05-17,1353.6,1360.0,1339.25,1344.45,6610000.0,1313.94,1308.5325,54.85909928891231,0.01447238412963181,BULLISH,RSI_NORMAL,LOW_VOLATILITY
2024-05-18,1347.95,1351.0,1341.45,1347.75,149410.0,1326.3,1311.47,54.097482592394215,0.014020259981109371,BULLISH,RSI_NORMAL,LOW_VOLATILITY
2024-05-21,1356.0,1362.75,1335.75,1344.3,5420000.0,1338.3,1313.8075000000001,56.11111111111112,0.014022231102931543,BULLISH,RSI_NORMAL,LOW_VOLATILITY
2024-05-22,1342.15,1351.0,1329.55,1347.9,3030000.0,1345.9,1314.085,63.259752041124955,0.01174046233310179,BULLISH,RSI_NORMAL,LOW_VOLATILITY
2024-05-23,1350.75,1377.3,1344.3,1374.05,7150000.0,1351.69,1315.9675000000002,79.31452835911436,0.012427311639327,BULLISH,RSI_HIGH,LOW_VOLATILITY
2024-05-24,1375.5,1397.75,1374.05,1388.5,5620000.0,1360.5,1318.4575,80.32313906520487,0.012591454572415997,BULLISH,RSI_HIGH,LOW_VOLATILITY
2024-05-27,1396.0,1407.0,1378.0,1384.35,6550000.0,1367.82,1321.375,78.10532341156265,0.012363873737060386,BULLISH,RSI_HIGH,LOW_VOLATILITY
2024-05-28,1384.8,1386.95,1366.9,1371.05,2070000.0,1373.1699999999998,1323.3049999999998,72.21773106979252,0.012622227006585883,BULLISH,RSI_HIGH,LOW_VOLATILITY
2024-05-29,1355.5,1390.25,1355.5,1377.1,4450000.0,1379.0099999999998,1326.045,78.4813673297842,0.012450127690296535,BULLISH,RSI_HIGH,LOW_VOLATILITY
2024-05-30,1378.8,1386.45,1363.5,1377.15,7100000.0,1379.6299999999999,1329.7,74.86910994764395,0.011891547841436034,BULLISH,RSI_HIGH,LOW_VOLATILITY
2024-05-31,1380.0,1388.0,1338.0,1372.75,24830000.0,1376.48,1334.4675,80.56338028169007,0.010682008379965342,BULLISH,RSI_HIGH,LOW_VOLATILITY
2024-06-03,1415.3,1420.45,1385.0,1391.1,6020000.0,1377.83,1339.8525,83.64839319470697,0.010900034044388883,BULLISH,RSI_HIGH,LOW_VOLATILITY
2024-06-04,1391.1,1397.0,1219.05,1299.7,19920000.0,1363.56,1340.5300000000002,47.72828507795099,0.019049812386767166,BEARISH,RSI_NORMAL,HIGH_VOLATILITY
2024-06-05,1325.65,1348.75,1279.85,1344.35,12180000.0,1357.01,1343.3174999999999,49.83970933960248,0.02048549041867393,BULLISH,RSI_NORMAL,HIGH_VOLATILITY
2024-06-06,1359.0,1376.25,1329.0,1370.6,10280000.0,1355.7,1348.075,55.037565016374465,0.02060688957272506,BULLISH,RSI_NORMAL,HIGH_VOLATILITY
2024-06-07,1370.6,1430.65,1363.15,1425.25,12280000.0,1366.2,1354.28,62.4638147314249,0.021863623989021655,BULLISH,RSI_NORMAL,HIGH_VOLATILITY
2024-06-10,1421.05,1436.65,1421.05,1426.05,5320000.0,1373.1899999999998,1361.285,63.2603406326034,0.021547078482115886,BULLISH,RSI_NORMAL,HIGH_VOLATILITY
2024-06-11,1426.0,1434.6,1413.0,1427.25,4420000.0,1398.7,1368.4325000000001,62.97204512015693,0.021517570263797393,BULLISH,RSI_NORMAL,HIGH_VOLATILITY
2024-06-12,1425.0,1447.85,1422.1,1438.4,4880000.0,1417.51,1374.8574999999998,61.06240330067047,0.021259239115114258,BULLISH,RSI_NORMAL,HIGH_VOLATILITY
2024-06-13,1449.0,1455.95,1420.45,1425.75,7990000.0,1428.54,1378.8899999999999,56.443521882027326,0.0208110588716152,BULLISH,RSI_NORMAL,HIGH_VOLATILITY
2024-06-14,1434.0,1434.0,1420.95,1427.4,3980000.0,1428.97,1383.0375,57.51177804920611,0.020799317958980566,BULLISH,RSI_NORMAL,HIGH_VOLATILITY
2024-06-18,1444.0,1444.0,1418.0,1428.35,8670000.0,1429.43,1387.0674999999999,60.44857768052515,0.02080657045794191,BULLISH,RSI_NORMAL,HIGH_VOLATILITY
2024-06-19,1433.95,1434.8,1388.3,1392.35,8640000.0,1422.45,1389.47,52.50698668420187,0.021727491833794695,BULLISH,RSI_NORMAL,HIGH_VOLATILITY
2024-06-20,1405.95,1406.95,1376.25,1381.15,8740000.0,1411.0,1391.1325,50.63431652394545,0.021841481324174013,BEARISH,RSI_NORMAL,HIGH_VOLATILITY
2024-06-21,1384.95,1423.95,1372.85,1416.05,43930000.0,1409.06,1393.2324999999998,56.26084441873916,0.022132798160518944,BULLISH,RSI_NORMAL,HIGH_VOLATILITY
2024-06-24,1402.0,1423.8,1389.35,1419.8,6200000.0,1407.5399999999997,1394.7975000000001,54.33272946859905,0.02203836740456543,BULLISH,RSI_NORMAL,HIGH_VOLATILITY
2024-06-25,1434.0,1434.0,1409.85,1414.95,6350000.0,1404.8600000000001,1396.3274999999999,73.55405681585943,0.02204299920539219,BULLISH,RSI_HIGH,HIGH_VOLATILITY
2024-06-26,1414.95,1479.95,1408.95,1459.5,9580000.0,1418.2900000000002,1400.75,73.54324269065634,0.02286968283163902,BULLISH,RSI_HIGH,HIGH_VOLATILITY
2024-06-27,1464.0,1489.0,1440.05,1475.8,19680000.0,1437.22,1405.685,72.42114236999151,0.022935490316091,BULLISH,RSI_HIGH,HIGH_VOLATILITY
2024-06-28,1536.25,1536.25,1436.65,1444.05,29150000.0,1442.82,1409.0300000000002,54.44024563060935,0.0236138545706445,BULLISH,RSI_NORMAL,HIGH_VOLATILITY
2024-07-01,1450.0,1466.8,1449.25,1454.0,6010000.0,1449.6599999999999,1413.0925,56.327824315146046,0.023590299017681175,BULLISH,RSI_NORMAL,HIGH_VOLATILITY
2024-07-02,1462.0,1473.4,1417.0,1418.95,7790000.0,1450.4599999999998,1414.4850000000001,48.370632116215155,0.02421570834836134,BULLISH,RSI_NORMAL,HIGH_VOLATILITY
2024-07-03,1427.95,1432.4,1408.45,1419.85,8260000.0,1442.53,1420.4924999999998,46.20576805072607,0.018404913216526923,BEARISH,RSI_NORMAL,HIGH_VOLATILITY
2024-07-04,1418.0,1441.1,1411.5,1423.05,9570000.0,1431.98,1424.4275,49.42553191489361,0.01702032529425486,BEARISH,RSI_NORMAL,HIGH_VOLATILITY
2024-07-05,1422.5,1433.6,1416.85,1429.7,4880000.0,1429.1100000000001,1427.3825000000002,50.47916666666666,0.016578931378368484,BULLISH,RSI_NORMAL,LOW_VOLATILITY
2024-07-08,1431.0,1438.85,1423.15,1435.15,3260000.0,1425.3400000000001,1427.8775,51.39059304703481,0.014037094928240502,BULLISH,RSI_NORMAL,LOW_VOLATILITY
2024-07-09,1436.0,1441.65,1428.15,1435.55,2900000.0,1428.6599999999999,1428.3525,60.33987553853522,0.014037108288825591,BULLISH,RSI_NORMAL,LOW_VOLATILITY
2024-07-10,1441.0,1448.75,1426.15,1445.05,3420000.0,1433.7,1429.2424999999998,65.41988416988417,0.014105372010413172,BULLISH,RSI_NORMAL,LOW_VOLATILITY
2024-07-11,1450.0,1450.85,1428.0,1437.95,4180000.0,1436.6799999999998,1429.22,56.10367892976592,0.014055272746436094,BULLISH,RSI_NORMAL,LOW_VOLATILITY
2024-07-12,1442.0,1447.6,1421.45,1433.25,6340000.0,1437.3899999999999,1429.595,53.728860548932644,0.013925390609986633,BULLISH,RSI_NORMAL,LOW_VOLATILITY
2024-07-15,1433.25,1440.0,1426.05,1437.6,3320000.0,1437.8799999999999,1430.105,56.29691409507921,0.013937413935443827,BULLISH,RSI_NORMAL,LOW_VOLATILITY
2024-07-16,1452.0,1473.3,1445.0,1466.5,6970000.0,1444.0700000000002,1432.0125,52.13154689403167,0.014614605289571866,BULLISH,RSI_NORMAL,LOW_VOLATILITY
2024-07-18,1466.0,1485.95,1459.05,1483.65,6470000.0,1451.79,1436.5774999999999,52.37806725234782,0.01335111852004455,BULLISH,RSI_NORMAL,LOW_VOLATILITY
2024-07-19,1480.0,1480.0,1451.95,1461.75,3860000.0,1456.55,1440.6075,55.702319587628885,0.013729684227580528,BULLISH,RSI_NORMAL,LOW_VOLATILITY
2024-07-22,1450.0,1472.0,1449.05,1465.4,3560000.0,1462.98,1443.075,53.82807253190064,0.012683977889523568,BULLISH,RSI_NORMAL,LOW_VOLATILITY
2024-07-23,1470.0,1470.0,1428.45,1465.7,2940000.0,1468.6,1445.37,70.47744196233025,0.012687050431012438,BULLISH,RSI_HIGH,LOW_VOLATILITY
2024-07-24,1466.0,1475.6,1436.55,1455.2,4530000.0,1466.34,1447.3825000000002,64.28282828282832,0.012793334883892112,BULLISH,RSI_NORMAL,LOW_VOLATILITY
2024-07-25,1445.0,1454.0,1440.1,1449.15,4280000.0,1459.44,1446.8650000000002,60.30805687203795,0.01070598261745695,BULLISH,RSI_NORMAL,LOW_VOLATILITY
2024-07-26,1450.25,1520.0,1449.15,1514.4,9560000.0,1469.97,1448.7949999999998,72.8671706263499,0.014588133875530764,BULLISH,RSI_HIGH,LOW_VOLATILITY
2024-07-29,1525.0,1525.0,1477.05,1481.35,4590000.0,1473.16,1450.66,60.85526315789468,0.01461389988890947,BULLISH,RSI_NORMAL,LOW_VOLATILITY
2024-07-30,1484.4,1484.9,1464.05,1470.35,4260000.0,1474.09,1451.4775,57.78871978513874,0.014680059268092474,BULLISH,RSI_NORMAL,LOW_VOLATILITY
2024-07-31,1477.85,1504.15,1473.15,1491.55,5630000.0,1481.3600000000001,1455.1074999999998,59.889408762228825,0.013757817020535103,BULLISH,RSI_NORMAL,LOW_VOLATILITY
2024-08-01,1485.0,1511.0,1485.0,1505.5,4530000.0,1492.6299999999999,1459.3899999999999,63.959495763587476,0.013830626469945534,BULLISH,RSI_NORMAL,LOW_VOLATILITY
2024-08-02,1494.1,1505.15,1483.6,1493.8,3340000.0,1488.51,1462.9275,62.16107652138981,0.014040047851830054,BULLISH,RSI_NORMAL,LOW_VOLATILITY
2024-08-05,1482.0,1488.0,1451.5,1465.7,5110000.0,1485.3799999999999,1464.7275,55.152181884855175,0.014811457285683038,BULLISH,RSI_NORMAL,LOW_VOLATILITY
2024-08-06,1483.1,1492.9,1431.1,1443.55,8250000.0,1480.02,1465.1474999999998,45.68527918781726,0.015243872480946837,BEARISH,RSI_NORMAL,LOW_VOLATILITY
2024-08-07,1452.0,1454.9,1422.6,1441.75,5700000.0,1470.06,1465.4575,41.64006384676775,0.015248333116095183,BEARISH,RSI_NORMAL,LOW_VOLATILITY
2024-08-08,1435.0,1466.5,1430.0,1451.8,5990000.0,1459.3200000000002,1465.795,47.91623036649214,0.015256203415191244,BEARISH,RSI_NORMAL,LOW_VOLATILITY
2024-08-09,1465.0,1482.0,1457.3,1464.1,3620000.0,1453.3799999999999,1467.1025,49.737267582861726,0.015307028635647852,BEARISH,RSI_NORMAL,LOW_VOLATILITY
2024-08-12,1466.0,1477.5,1445.0,1458.6,4030000.000000001,1451.9599999999998,1468.37,48.59461599366585,0.015314598086414551,BEARISH,RSI_NORMAL,LOW_VOLATILITY
2024-08-13,1468.0,1478.4,1450.35,1459.7,4500000.0,1455.19,1469.475,50.92516447368421,0.015307036503868762,BEARISH,RSI_NORMAL,LOW_VOLATILITY
2024-08-14,1453.1,1480.1,1453.1,1471.7,5890000.0,1461.1799999999998,1469.7350000000001,54.525386313465766,0.014741540548609764,BULLISH,RSI_NORMAL,LOW_VOLATILITY
2024-08-16,1480.0,1491.0,1468.1,1483.55,7180000.0,1467.5300000000002,1469.73,42.120051085568306,0.014615040519295727,BULLISH,RSI_NORMAL,LOW_VOLATILITY
2024-08-19,1487.0,1489.1,1464.3,1469.65,4400000.0,1468.6399999999999,1470.125,46.6874292185731,0.014374304527837006,BEARISH,RSI_NORMAL,LOW_VOLATILITY
2024-08-20,1480.0,1484.75,1446.5,1449.15,10050000.0,1466.7500000000002,1469.3125,44.304137560451416,0.014712438280039125,BEARISH,RSI_NORMAL,LOW_VOLATILITY
2024-08-21,1453.0,1466.6,1447.7,1463.45,6180000.0,1467.5,1469.2,42.15959821428573,0.014892833222625758,BEARISH,RSI_NORMAL,LOW_VOLATILITY
2024-08-22,1473.7,1499.9,1465.0,1486.35,6780000.0,1470.4299999999998,1470.7575000000002,44.91097528567629,0.0151837919345737,BULLISH,RSI_NORMAL,LOW_VOLATILITY
2024-08-23,1493.0,1510.0,1479.35,1506.75,6240000.0,1475.0700000000002,1473.6375,53.28930657861317,0.015378949760153523,BULLISH,RSI_NORMAL,LOW_VOLATILITY
2024-08-26,1509.0,1520.7,1505.0,1513.55,4310000.0,1483.85,1473.595,63.62859584164055,0.011634203230415257,BULLISH,RSI_NORMAL,LOW_VOLATILITY
2024-08-27,1518.0,1526.35,1502.0,1522.75,3970000.0,1498.57,1475.665,74.35424354243548,0.010491719803847457,BULLISH,RSI_HIGH,LOW_VOLATILITY
2024-08-28,1527.95,1564.5,1521.65,1556.35,6230000.0,1517.15,1479.965,79.47530864197535,0.011227938695393465,BULLISH,RSI_HIGH,LOW_VOLATILITY
2024-08-29,1565.0,1571.7,1545.95,1565.9,8039999.999999999,1533.06,1483.6825000000001,79.42238267148021,0.01092976925073509,BULLISH,RSI_HIGH,LOW_VOLATILITY
2024-08-30,1576.0,1608.4,1561.6,1589.05,37820000.0,1549.52,1487.8600000000001,80.51282051282055,0.01117394220941069,BULLISH,RSI_HIGH,LOW_VOLATILITY
2024-09-02,1605.0,1605.0,1565.5,1571.35,4890000.0,1561.08,1491.7375,75.98525005761698,0.011364769500862336,BULLISH,RSI_HIGH,LOW_VOLATILITY
2024-09-03,1579.0,1579.0,1558.6,1560.6,4550000.0,1568.65,1496.4825,72.2639011473963,0.010457070251830552,BULLISH,RSI_HIGH,LOW_VOLATILITY
2024-09-04,1558.0,1566.0,1542.0,1561.9,5210000.0,1569.7599999999998,1502.4,70.88930060213065,0.00955705927755772,BULLISH,RSI_HIGH,LOW_VOLATILITY
2024-09-05,1559.0,1563.0,1541.5,1547.2,5650000.0,1566.02,1507.6725000000001,64.54857142857145,0.00995851967877632,BULLISH,RSI_NORMAL,LOW_VOLATILITY
2024-09-06,1552.8,1555.6,1530.2,1539.25,5500000.0,1556.06,1512.0449999999998,66.35338345864659,0.010108662740085407,BULLISH,RSI_NORMAL,LOW_VOLATILITY
2024-09-09,1523.25,1546.75,1523.25,1542.65,3910000.0,1550.3200000000002,1515.9725,73.88860500766475,0.010026150246273999,BULLISH,RSI_HIGH,LOW_VOLATILITY
2024-09-10,1545.15,1586.0,1545.15,1577.85,6160000.0,1553.77,1521.935,76.4081255771006,0.010856943208900013,BULLISH,RSI_HIGH,LOW_VOLATILITY
2024-09-11,1578.45,1598.9,1574.45,1577.8,5990000.0,1556.95,1527.84,73.59999999999998,0.010870694212249002,BULLISH,RSI_HIGH,LOW_VOLATILITY
2024-09-12,1596.15,1652.8,1590.1,1646.75,12200000.0,1576.86,1536.5925,78.88980602558809,0.014037374232111502,BULLISH,RSI_HIGH,LOW_VOLATILITY
2024-09-13,1651.0,1654.9,1631.05,1634.45,5610000.0,1595.9,1544.1375,74.39467312348668,0.01432813713731731,BULLISH,RSI_HIGH,LOW_VOLATILITY
2024-09-16,1634.45,1652.95,1630.1,1635.45,3760000.0,1614.46,1552.4275,73.51836393989983,0.013972490675326212,BULLISH,RSI_HIGH,LOW_VOLATILITY
2024-09-17,1650.0,1666.05,1638.5,1661.75,4220000.0,1631.24,1563.0575000000001,72.68618166164443,0.013379021252153307,BULLISH,RSI_HIGH,LOW_VOLATILITY
2024-09-18,1655.2,1670.95,1647.85,1654.9,3170000.0,1646.6599999999999,1572.63,69.3815331010453,0.013582717508289682,BULLISH,RSI_NORMAL,LOW_VOLATILITY
2024-09-19,1647.7,1711.7,1647.7,1664.85,8500000.0,1650.28,1581.5549999999998,67.51386321626617,0.013401599440198676,BULLISH,RSI_NORMAL,LOW_VOLATILITY
2024-09-20,1671.0,1723.4,1666.0,1711.75,21650000.0,1665.7400000000002,1591.8049999999998,78.58306188925084,0.014217319821055206,BULLISH,RSI_HIGH,LOW_VOLATILITY
2024-09-23,1719.0,1754.25,1719.0,1750.45,5000000.0,1688.7400000000002,1603.65,84.70115152622924,0.014653770509840186,BULLISH,RSI_HIGH,LOW_VOLATILITY
2024-09-24,1752.0,1767.55,1746.1,1756.65,7580000.0,1707.72,1615.3449999999998,84.97037170048485,0.014676748136562784,BULLISH,RSI_HIGH,LOW_VOLATILITY
2024-09-25,1755.55,1766.9,1745.0,1760.4,4020000.0,1728.8200000000002,1625.5475000000001,89.85046728971967,0.014290917901823425,BULLISH,RSI_HIGH,LOW_VOLATILITY
2024-09-26,1770.0,1779.0,1746.15,1771.1,7420000.0,1750.0700000000002,1635.8075,92.89546716003706,0.014290953310023443,BULLISH,RSI_HIGH,LOW_VOLATILITY
2024-09-27,1755.2,1763.45,1722.5,1734.6,7120000.0,1754.64,1643.0849999999998,81.63837151804849,0.015334597892407341,BULLISH,RSI_HIGH,LOW_VOLATILITY
2024-09-30,1714.0,1733.0,1704.2,1709.55,6910000.0,1746.4599999999998,1649.9950000000001,72.4590723055935,0.015528446920878635,BULLISH,RSI_HIGH,LOW_VOLATILITY
2024-10-01,1705.0,1722.85,1696.0,1698.7,3650000.0,1734.8700000000001,1656.9,69.88486842105267,0.01551009308735961,BULLISH,RSI_NORMAL,LOW_VOLATILITY
2024-10-03,1665.0,1695.0,1665.0,1673.45,7200000.0,1717.48,1662.4775000000002,55.128697656550145,0.016084574586535224,BULLISH,RSI_NORMAL,LOW_VOLATILITY
2024-10-04,1670.05,1686.7,1630.15,1640.9,8580000.0,1691.44,1667.1625,51.14952771342008,0.016657679213573216,BEARISH,RSI_NORMAL,LOW_VOLATILITY
2024-10-07,1651.0,1670.0,1642.45,1662.05,5390000.0,1676.9299999999998,1673.3025000000002,54.42301296973727,0.016677611028094626,BEARISH,RSI_NORMAL,LOW_VOLATILITY
2024-10-08,1662.6,1679.5,1652.0,1657.45,5220000.0,1666.5099999999998,1679.0425,49.22939068100359,0.016742363174090374,BEARISH,RSI_NORMAL,LOW_VOLATILITY
2024-10-09,1666.75,1704.6,1661.05,1678.1,3410000.0,1662.39,1684.0549999999998,53.961748633879765,0.016274375984071842,BEARISH,RSI_NORMAL,LOW_VOLATILITY
2024-10-10,1686.6,1698.95,1665.0,1678.1,5050000.0,1663.3199999999997,1689.0700000000002,52.34223086441577,0.016274045385914582,BEARISH,RSI_NORMAL,LOW_VOLATILITY
2024-10-11,1678.1,1690.25,1658.65,1687.4,2370000.0,1672.6200000000001,1691.1025000000002,45.035677879714584,0.013229351977445361,BEARISH,RSI_NORMAL,LOW_VOLATILITY
2024-10-14,1686.0,1710.05,1679.35,1695.6,2070000.0,1679.33,1694.1599999999999,37.2293364377182,0.013085543480990528,BULLISH,RSI_NORMAL,LOW_VOLATILITY
2024-10-15,1708.0,1732.75,1699.95,1717.25,5890000.0,1691.2900000000002,1698.25,41.44222415291047,0.013302154353838677,BULLISH,RSI_NORMAL,LOW_VOLATILITY
2024-10-16,1720.0,1742.25,1717.1,1733.95,3300000.0,1702.4599999999998,1701.86,44.56097059428334,0.013034516865331252,BULLISH,RSI_NORMAL,LOW_VOLATILITY
2024-10-17,1736.75,1737.95,1694.4,1701.15,4370000.0,1707.0700000000002,1704.1725,36.81432610744582,0.013809490572269566,BEARISH,RSI_NORMAL,LOW_VOLATILITY
2024-10-18,1710.0,1716.1,1685.2,1707.85,4150000.000000001,1711.1600000000003,1706.3224999999998,44.31938840518155,0.013781341063169769,BULLISH,RSI_NORMAL,LOW_VOLATILITY
2024-10-21,1705.55,1708.95,1662.0,1692.55,3840000.0,1710.55,1705.3625,46.23393885688967,0.0124133977811789,BEARISH,RSI_NORMAL,LOW_VOLATILITY
2024-10-22,1692.0,1712.9,1687.35,1692.25,3070000.0,1705.55,1702.4525,48.50104578201253,0.011164639881383982,BEARISH,RSI_NORMAL,LOW_VOLATILITY
2024-10-23,1690.0,1701.35,1680.1,1685.8,2760000.0,1695.92,1698.9100000000003,53.144894321364895,0.011106290350548045,BEARISH,RSI_NORMAL,LOW_VOLATILITY
2024-10-24,1687.0,1693.0,1657.4,1678.45,3670000.0,1691.3799999999999,1694.8125,60.96990943616713,0.011074012634612518,BEARISH,RSI_NORMAL,LOW_VOLATILITY
2024-10-25,1681.1,1684.75,1655.85,1666.0,3430000.0,1683.0099999999998,1689.5575000000001,51.21575869498309,0.010945635205021802,BEARISH,RSI_NORMAL,LOW_VOLATILITY
2024-10-28,1658.15,1677.85,1645.65,1663.35,2810000.0,1677.17,1685.9950000000001,51.83800623052956,0.010130863338286214,BEARISH,RSI_NORMAL,LOW_VOLATILITY
2024-10-29,1650.5,1667.95,1610.0,1637.1,6990000.0,1666.14,1682.3725,37.6580373269115,0.010221184507158539,BEARISH,RSI_NORMAL,LOW_VOLATILITY
2024-10-30,1627.8,1651.0,1617.8,1633.35,4620000.0,1655.65,1679.105,36.82661171622019,0.010172886981664249,BEARISH,RSI_NORMAL,LOW_VOLATILITY
2024-10-31,1634.0,1638.8,1602.15,1612.6,4920000.0,1642.48,1676.0625,29.37120794263643,0.010038683223043732,BEARISH,RSI_LOW,LOW_VOLATILITY
2024-11-01,1620.0,1626.35,1605.35,1616.45,279440.0,1632.57,1674.8400000000001,27.63492512009047,0.00916791731558963,BEARISH,RSI_LOW,LOW_VOLATILITY
2024-11-04,1619.15,1623.85,1573.05,1591.25,6090000.0,1618.15,1671.3,15.096952908587255,0.009156124595927476,BEARISH,RSI_LOW,LOW_VOLATILITY
2024-11-05,1583.25,1593.9,1566.0,1578.4,6470000.0,1606.41,1667.3474999999999,5.972261534106963,0.009251870282671514,BEARISH,RSI_LOW,LOW_VOLATILITY
2024-11-06,1583.0,1610.75,1566.5,1598.8,6630000.0,1599.5,1663.3825000000002,18.84322678843219,0.009291724350225964,BEARISH,RSI_LOW,LOW_VOLATILITY
2024-11-07,1595.95,1608.55,1569.65,1575.8,5160000.0,1592.1399999999999,1658.2675,13.431182497923018,0.009648063756192267,BEARISH,RSI_LOW,LOW_VOLATILITY
2024-11-08,1571.0,1579.5,1558.85,1569.9,3100000.0,1582.8300000000002,1652.3925,14.168857727139951,0.009431518347190505,BEARISH,RSI_LOW,LOW_VOLATILITY
2024-11-11,1561.0,1581.6,1551.8,1560.55,3660000.0,1576.69,1645.64,13.457269700332958,0.009231296874385701,BEARISH,RSI_LOW,LOW_VOLATILITY
2024-11-12,1568.8,1595.0,1550.1,1555.65,4480000.0,1572.1399999999999,1637.56,13.574027427931725,0.00834399627831844,BEARISH,RSI_LOW,LOW_VOLATILITY
2024-11-13,1559.9,1572.5,1546.35,1550.45,5820000.0,1562.4699999999998,1628.385,13.739376770538243,0.0076189669174765995,BEARISH,RSI_LOW,LOW_VOLATILITY
2024-11-14,1550.0,1568.0,1536.55,1550.5,5140000.0,1557.41,1620.8525000000002,14.808043875685527,0.007024232142979388,BEARISH,RSI_LOW,LOW_VOLATILITY
2024-11-18,1568.95,1568.95,1529.45,1537.0,4820000.0,1550.83,1612.31,13.889682766504691,0.0067798788927469185,BEARISH,RSI_LOW,LOW_VOLATILITY
2024-11-19,1537.0,1558.0,1519.3,1525.5,6240000.0,1543.8200000000002,1603.9575,15.168539325842687,0.006745141022812232,BEARISH,RSI_LOW,LOW_VOLATILITY
2024-11-21,1538.0,1542.05,1511.0,1525.15,7360000.0,1537.72,1595.6025,15.497448979591837,0.006743121618659516,BEARISH,RSI_LOW,LOW_VOLATILITY
2024-11-22,1533.0,1575.0,1520.2,1569.3,7640000.0,1541.4900000000002,1589.7775,37.9855715871254,0.010187731424795676,BEARISH,RSI_NORMAL,LOW_VOLATILITY
2024-11-25,1581.95,1609.25,1562.55,1578.75,12160000.0,1547.14,1584.7925,39.854682454251844,0.010405126798822719,BEARISH,RSI_NORMAL,LOW_VOLATILITY
2024-11-26,1590.0,1604.85,1566.0,1577.25,4030000.000000001,1555.19,1580.355,45.681677976557665,0.010361216563988817,BEARISH,RSI_NORMAL,LOW_VOLATILITY
2024-11-27,1569.15,1583.75,1554.15,1577.65,4980000.0,1565.6200000000001,1576.0700000000002,49.7494153023722,0.01037963773137256,BULLISH,RSI_NORMAL,LOW_VOLATILITY
2024-11-28,1571.0,1588.5,1556.95,1560.4,6710000.0,1572.67,1572.2350000000001,36.894197952218455,0.010108463819510251,BEARISH,RSI_NORMAL,LOW_VOLATILITY
2024-11-29,1551.15,1648.9,1551.15,1627.15,10780000.0,1584.2400000000002,1571.925,63.495400788436314,0.014283231166805991,BULLISH,RSI_NORMAL,LOW_VOLATILITY
2024-12-02,1627.15,1646.2,1617.2,1643.6,3790000.0,1597.2100000000003,1573.4750000000001,68.351593625498,0.01413342156380213,BULLISH,RSI_NORMAL,LOW_VOLATILITY
2024-12-03,1652.9,1652.9,1613.15,1620.55,9130000.0,1605.8700000000001,1573.68,63.986013986014015,0.01452250132036797,BULLISH,RSI_NORMAL,LOW_VOLATILITY
2024-12-04,1629.75,1630.5,1582.4,1584.1,8770000.0,1607.16,1573.3225,55.781345255029436,0.01499254875135422,BULLISH,RSI_NORMAL,LOW_VOLATILITY
2024-12-05,1600.0,1622.05,1585.35,1615.35,10320000.0,1618.1499999999999,1575.17,61.925762587284076,0.015496549357049335,BULLISH,RSI_NORMAL,LOW_VOLATILITY
2024-12-06,1618.0,1624.65,1594.8,1597.85,4300000.0,1612.29,1575.1225,58.176480745985145,0.015466742512635672,BULLISH,RSI_NORMAL,LOW_VOLATILITY
2024-12-09,1595.9,1605.9,1589.05,1602.55,4260000.0,1604.08,1576.46,61.674087266251114,0.015094464207604146,BULLISH,RSI_NORMAL,LOW_VOLATILITY
2024-12-10,1610.55,1611.85,1570.05,1578.65,14650000.0,1595.7,1576.8975,59.06532491898348,0.01547897221760038,BULLISH,RSI_NORMAL,LOW_VOLATILITY
2024-12-11,1588.0,1588.0,1571.2,1586.0,3850000.0,1596.08,1578.17,60.13659836748292,0.015431792072064965,BULLISH,RSI_NORMAL,LOW_VOLATILITY
2024-12-12,1578.5,1617.9,1578.5,1610.55,13120000.0,1595.1200000000001,1580.915,57.351630725360906,0.01573260593037579,BULLISH,RSI_NORMAL,LOW_VOLATILITY
2024-12-13,1618.0,1685.0,1606.8,1681.75,12900000.0,1611.9,1587.48,65.04528191644758,0.018291250237962152,BULLISH,RSI_NORMAL,HIGH_VOLATILITY
2024-12-16,1681.75,1687.0,1660.15,1662.55,4380000.0,1623.9,1593.0825,61.84722222222222,0.018605966315743887,BULLISH,RSI_NORMAL,HIGH_VOLATILITY
2024-12-17,1650.5,1658.65,1608.5,1615.3,6180000.0,1631.23,1596.9975,54.627012412437,0.019780516918452094,BULLISH,RSI_NORMAL,HIGH_VOLATILITY
2024-12-18,1621.4,1623.0,1596.1,1601.9,3910000.0,1634.41,1600.8174999999999,55.14888337468983,0.019803319619357745,BULLISH,RSI_NORMAL,HIGH_VOLATILITY
2024-12-19,1586.4,1609.75,1585.45,1600.3,5870000.0,1632.36,1604.575,46.02634305165012,0.019809914091920452,BEARISH,RSI_NORMAL,HIGH_VOLATILITY
2024-12-20,1610.0,1622.3,1573.4,1578.1,9740000.0,1611.6299999999999,1605.015,40.468568102444706,0.019113231621679258,BEARISH,RSI_NORMAL,HIGH_VOLATILITY
2024-12-23,1586.0,1607.45,1578.35,1586.9,4360000.0,1596.5,1605.4225000000001,44.8914528616973,0.019106656723203667,BEARISH,RSI_NORMAL,HIGH_VOLATILITY
2024-12-24,1590.0,1598.8,1575.0,1583.9,3610000.0,1590.22,1605.755,49.96620479891858,0.01911138525885253,BEARISH,RSI_NORMAL,HIGH_VOLATILITY
2024-12-26,1583.9,1606.85,1581.1,1599.5,3400000.0,1589.74,1606.8475,47.17216770740412,0.019228082892375285,BEARISH,RSI_NORMAL,HIGH_VOLATILITY
2024-12-27,1599.5,1628.45,1596.3,1599.85,2560000.0,1589.65,1608.82,50.38008361839604,0.01902867822595593,BEARISH,RSI_NORMAL,HIGH_VOLATILITY
2024-12-30,1605.0,1613.05,1581.1,1586.9,4440000.0,1591.41,1606.8075000000001,47.1162704993551,0.016432212436674584,BEARISH,RSI_NORMAL,LOW_VOLATILITY
2024-12-31,1583.0,1597.2,1563.35,1587.75,2250000.0,1591.58,1604.0149999999999,51.83246073298427,0.01622587885489092,BEARISH,RSI_NORMAL,LOW_VOLATILITY
2025-01-01,1593.0,1606.55,1584.05,1595.7,1410000.0,1593.94,1602.7725,51.948573724387316,0.016015789423205692,BEARISH,RSI_NORMAL,LOW_VOLATILITY
2025-01-02,1599.9,1619.6,1588.4,1609.7,3730000.0,1595.98,1604.0525,49.82169079085381,0.015280763276455073,BULLISH,RSI_NORMAL,LOW_VOLATILITY
2025-01-03,1615.0,1617.0,1593.3,1598.85,3670000.0,1595.78,1603.2275,26.71348314606739,0.014700593191260838,BEARISH,RSI_LOW,LOW_VOLATILITY
2025-01-06,1596.15,1609.85,1567.1,1588.45,4580000.0,1596.09,1602.7575000000002,28.102836879432616,0.014570359433214268,BEARISH,RSI_LOW,LOW_VOLATILITY
2025-01-07,1594.0,1603.0,1584.05,1590.85,2830000.0,1596.71,1602.1725000000001,40.168878166465575,0.014557657209183646,BEARISH,RSI_NORMAL,LOW_VOLATILITY
2025-01-08,1598.75,1613.45,1577.85,1599.2,3670000.0,1597.41,1603.2,48.86839899413242,0.01418327001820091,BEARISH,RSI_NORMAL,LOW_VOLATILITY
2025-01-09,1600.0,1620.2,1592.4,1607.05,4680000.0,1596.88,1604.2525,52.68817204301075,0.01418705464416238,BULLISH,RSI_NORMAL,LOW_VOLATILITY
2025-01-10,1608.0,1625.0,1591.8,1615.9,4150000.000000001,1600.29,1604.52,66.84491978609637,0.01381259528940266,BULLISH,RSI_NORMAL,LOW_VOLATILITY
2025-01-13,1580.0,1614.7,1578.1,1597.2,3710000.0,1602.0400000000002,1600.2925,54.21785421785421,0.009396053683579656,BEARISH,RSI_NORMAL,LOW_VOLATILITY
2025-01-14,1604.7,1633.4,1578.5,1600.1,7280000.0,1603.8899999999999,1597.17,56.639344262295026,0.009201489888235352,BULLISH,RSI_NORMAL,LOW_VOLATILITY
2025-01-15,1608.05,1613.85,1593.0,1607.45,2960000.0,1605.54,1596.7775000000001,53.494505494505525,0.006848644677919646,BULLISH,RSI_NORMAL,LOW_VOLATILITY
2025-01-16,1619.05,1635.0,1600.55,1630.2,5300000.0,1610.17,1598.1924999999999,61.14579507895709,0.007281537621400293,BULLISH,RSI_NORMAL,LOW_VOLATILITY
2025-01-17,1630.1,1639.0,1623.0,1627.5,2680000.0,1612.4900000000002,1599.5525,66.1239078633836,0.007292042708827446,BULLISH,RSI_NORMAL,LOW_VOLATILITY
2025-01-20,1638.0,1645.0,1618.1,1641.15,3930000.0,1621.28,1602.705,69.25018024513338,0.0065885550304104566,BULLISH,RSI_NORMAL,LOW_VOLATILITY
2025-01-21,1654.0,1656.7,1620.3,1626.15,7960000.0,1626.4900000000002,1604.6675,60.44596912521441,0.006976281593501853,BULLISH,RSI_NORMAL,LOW_VOLATILITY
2025-01-22,1627.5,1641.0,1622.55,1631.75,3260000.0,1631.35,1607.06,58.026938478339986,0.006952003613110141,BULLISH,RSI_NORMAL,LOW_VOLATILITY
2025-01-23,1624.5,1645.4,1617.2,1636.0,2460000.0,1632.5099999999998,1608.885,64.20650095602298,0.006678094286585873,BULLISH,RSI_NORMAL,LOW_VOLATILITY
2025-01-24,1634.05,1661.9,1634.05,1644.8,3620000.0,1635.9699999999998,1611.1325000000002,71.81571815718152,0.006739623125768569,BULLISH,RSI_HIGH,LOW_VOLATILITY
2025-01-27,1638.95,1647.2,1593.7,1602.6,6620000.0,1628.26,1611.9175,53.4773601657295,0.0088549771544794,BEARISH,RSI_NORMAL,LOW_VOLATILITY
2025-01-28,1607.65,1630.3,1597.0,1618.35,5220000.0,1626.6999999999998,1613.4475,55.42954352140626,0.009095792674076437,BULLISH,RSI_NORMAL,LOW_VOLATILITY
2025-01-29,1620.0,1626.9,1593.15,1600.45,5010000.0,1620.44,1613.685,48.2296137339056,0.009426313342315942,BEARISH,RSI_NORMAL,LOW_VOLATILITY
2025-01-30,1606.7,1644.95,1595.2,1640.75,4280000.0,1621.39,1615.2375,55.703465687399564,0.01082297754397832,BULLISH,RSI_NORMAL,LOW_VOLATILITY
2025-01-31,1639.1,1639.1,1574.25,1626.3,8340000.0,1617.69,1616.6100000000001,56.81179775280897,0.010910392041285546,BULLISH,RSI_NORMAL,LOW_VOLATILITY
2025-02-01,1627.0,1644.0,1609.2,1623.25,2740000.0,1621.82,1618.35,55.415204678362585,0.010793330146485154,BULLISH,RSI_NORMAL,LOW_VOLATILITY
2025-02-03,1619.9,1661.0,1608.1,1652.35,4150000.000000001,1628.6200000000001,1621.425,59.53290870488321,0.011428562240624357,BULLISH,RSI_NORMAL,LOW_VOLATILITY
2025-02-04,1662.15,1668.3,1629.05,1661.45,6390000.0,1640.8199999999997,1624.5375,57.043047103899035,0.011432623058440134,BULLISH,RSI_NORMAL,LOW_VOLATILITY
2025-02-05,1670.0,1675.2,1649.1,1660.45,3920000.0,1644.7599999999998,1627.2075,57.48353395412221,0.011424556430247326,BULLISH,RSI_NORMAL,LOW_VOLATILITY
2025-02-06,1665.9,1667.3,1613.25,1619.75,5230000.0,1643.45,1627.4,45.67152103559868,0.012788248527423853,BEARISH,RSI_NORMAL,LOW_VOLATILITY
2025-02-07,1635.05,1707.55,1635.0,1676.75,14870000.0,1654.15,1631.3775,58.74827109266941,0.014660997783600038,BULLISH,RSI_NORMAL,LOW_VOLATILITY
2025-02-10,1698.85,1700.0,1678.05,1693.05,6780000.0,1662.2900000000002,1636.025,60.22007335778593,0.014746901533550507,BULLISH,RSI_NORMAL,LOW_VOLATILITY
2025-02-11,1706.0,1706.65,1686.2,1696.75,8970000.0,1669.35,1640.4899999999998,60.14698513445799,0.014742437450939533,BULLISH,RSI_NORMAL,LOW_VOLATILITY
2025-02-12,1704.0,1713.7,1684.5,1711.55,7150000.0,1679.5700000000002,1644.5575000000001,60.93008023579499,0.014571551690079945,BULLISH,RSI_NORMAL,LOW_VOLATILITY
2025-02-13,1710.0,1728.4,1703.9,1714.6,5360000.0,1698.5400000000002,1648.9125,71.03681442524419,0.014539706939188754,BULLISH,RSI_HIGH,LOW_VOLATILITY
2025-02-14,1714.0,1724.1,1705.25,1717.05,5130000.0,1706.6,1652.7075,69.51364175563467,0.014479847046565943,BULLISH,RSI_NORMAL,LOW_VOLATILITY
2025-02-17,1711.75,1716.9,1666.25,1675.55,4910000.0,1703.1,1655.1774999999998,63.580470162748625,0.015464712375522157,BULLISH,RSI_NORMAL,LOW_VOLATILITY
2025-02-18,1692.0,1695.95,1655.8,1668.9,7530000.0,1697.53,1657.0349999999999,55.79575869878528,0.015507241758965942,BULLISH,RSI_NORMAL,LOW_VOLATILITY
2025-02-19,1670.0,1673.45,1638.45,1645.2,7780000.0,1684.2599999999998,1657.4950000000001,53.74851249504167,0.01588025253395859,BEARISH,RSI_NORMAL,LOW_VOLATILITY
2025-02-20,1639.85,1649.8,1627.25,1643.5,5520000.0,1670.0400000000002,1657.4299999999998,54.03788634097707,0.015839116048082108,BEARISH,RSI_NORMAL,LOW_VOLATILITY
2025-02-21,1643.5,1658.7,1629.2,1639.25,5450000.0,1654.48,1659.2625,47.100486941124416,0.014662561938546079,BEARISH,RSI_NORMAL,LOW_VOLATILITY
2025-02-24,1627.0,1637.55,1598.0,1601.3,4670000.0,1639.6299999999999,1658.4099999999999,38.194308145240406,0.015476875913717157,BEARISH,RSI_NORMAL,LOW_VOLATILITY
2025-02-25,1597.0,1649.15,1597.0,1641.4,6290000.0,1634.13,1660.4575,46.7585502807555,0.016255815426124216,BEARISH,RSI_NORMAL,LOW_VOLATILITY
2025-02-27,1643.4,1656.0,1638.65,1650.4,7570000.0,1635.17,1660.94,55.84588975777229,0.01530757540272921,BEARISH,RSI_NORMAL,LOW_VOLATILITY
2025-02-28,1641.95,1648.45,1559.5,1570.2,13640000.0,1620.5100000000002,1658.1349999999998,31.329945680742966,0.018763030423671324,BEARISH,RSI_NORMAL,HIGH_VOLATILITY
2025-03-03,1579.0,1602.75,1572.75,1595.8,6990000.0,1611.8200000000002,1656.7625,33.49736976073308,0.019183839511311133,BEARISH,RSI_NORMAL,HIGH_VOLATILITY
2025-03-04,1589.0,1590.5,1568.0,1575.35,5220000.0,1606.63,1652.9125,30.507385998715478,0.018843389390660926,BEARISH,RSI_NORMAL,HIGH_VOLATILITY
2025-03-05,1578.0,1626.1,1577.1,1618.25,6300000.0,1602.0,1650.7524999999998,36.25920471281297,0.019907963048284905,BEARISH,RSI_NORMAL,HIGH_VOLATILITY
2025-03-06,1618.0,1631.75,1590.45,1626.9,5170000.0,1597.3,1649.075,37.29353810489717,0.01996056525546796,BEARISH,RSI_NORMAL,HIGH_VOLATILITY
2025-03-07,1629.0,1642.4,1615.6,1630.7,3040000.0,1609.4,1649.6225,37.53788425458222,0.019171268903684213,BEARISH,RSI_NORMAL,HIGH_VOLATILITY
2025-03-10,1640.0,1654.9,1626.6,1630.95,3780000.0,1616.43,1647.3325,42.693315858453495,0.017349965838380024,BEARISH,RSI_NORMAL,HIGH_VOLATILITY
2025-03-11,1630.0,1676.4,1624.05,1662.95,6080000.0,1633.95,1645.8275,49.09998487369535,0.017814098321637835,BULLISH,RSI_NORMAL,HIGH_VOLATILITY
2025-03-12,1690.0,1716.65,1634.0,1642.85,9910000.0,1638.8700000000001,1643.1325000000002,49.64061783147268,0.017975700922352792,BEARISH,RSI_NORMAL,HIGH_VOLATILITY
2025-03-13,1650.8,1656.9,1629.6,1632.5,8320000.0,1639.9900000000002,1639.1799999999998,48.3611442193087,0.017841279754246007,BEARISH,RSI_NORMAL,HIGH_VOLATILITY
2025-03-17,1612.2,1648.4,1612.2,1639.15,6410000.0,1641.6799999999998,1635.4075,49.98520710059173,0.017875583012530793,BULLISH,RSI_NORMAL,HIGH_VOLATILITY
2025-03-18,1649.5,1655.0,1622.1,1627.3,6540000.0,1640.95,1630.9199999999998,54.16800256492465,0.017890602328552507,BEARISH,RSI_NORMAL,HIGH_VOLATILITY
2025-03-19,1635.0,1642.05,1627.5,1637.15,6280000.0,1635.79,1629.0,49.24551748624179,0.017230588904195092,BULLISH,RSI_NORMAL,HIGH_VOLATILITY
2025-03-20,1660.0,1709.65,1646.1,1705.25,12070000.0,1648.27,1630.8175,58.04842259721201,0.019660667695742994,BULLISH,RSI_NORMAL,HIGH_VOLATILITY
2025-03-21,1709.65,1731.4,1692.0,1725.8,14720000.0,1666.9300000000003,1634.8475,77.6769832799715,0.019449164731665067,BULLISH,RSI_HIGH,HIGH_VOLATILITY
2025-03-24,1740.0,1740.0,1714.85,1718.8,4120000.0,1682.86,1638.6125,73.42857142857139,0.019490379619308648,BULLISH,RSI_HIGH,HIGH_VOLATILITY
2025-03-25,1725.0,1740.5,1706.1,1730.5,4860000.0,1703.5,1643.175,80.57142857142854,0.019476478848808956,BULLISH,RSI_HIGH,HIGH_VOLATILITY
2025-03-26,1739.15,1765.0,1726.15,1738.55,7140000.0,1723.78,1650.0375,77.47830059387843,0.018486811148381355,BULLISH,RSI_HIGH,HIGH_VOLATILITY
2025-03-27,1739.95,1746.4,1713.25,1724.7,6220000.0,1727.67,1654.2025,71.82061579651939,0.01800311783491125,BULLISH,RSI_HIGH,HIGH_VOLATILITY
2025-03-28,1733.3,1745.75,1660.0,1733.4,4130000.0,1729.19,1658.3524999999997,72.42358078602618,0.017999728840163726,BULLISH,RSI_HIGH,HIGH_VOLATILITY
2025-04-01,1715.0,1765.0,1708.45,1724.15,6770000.0,1730.2599999999998,1666.05,69.5798319327731,0.013579070137391578,BULLISH,RSI_NORMAL,LOW_VOLATILITY
2025-04-02,1720.0,1760.4,1716.95,1754.6,6430000.0,1735.08,1673.9899999999998,69.38041869316977,0.013642963449882807,BULLISH,RSI_NORMAL,LOW_VOLATILITY
2025-04-03,1748.0,1754.95,1735.45,1746.0,2340000.0,1736.5700000000002,1682.5224999999998,72.92731718159595,0.013211875555005356,BULLISH,RSI_HIGH,LOW_VOLATILITY
2025-04-04,1754.5,1770.8,1740.0,1743.45,7820000.0,1740.3200000000002,1688.7825,75.54685701128255,0.01221831092306229,BULLISH,RSI_HIGH,LOW_VOLATILITY
2025-04-07,1730.0,1774.75,1669.4,1686.65,14870000.0,1730.97,1691.77,58.885147774036675,0.014664322451893313,BEARISH,RSI_NORMAL,LOW_VOLATILITY
2025-04-08,1720.7,1742.3,1706.8,1720.4,7210000.0,1730.22,1696.2549999999999,66.09612724757957,0.01521380594516487,BULLISH,RSI_NORMAL,LOW_VOLATILITY
2025-04-09,1719.65,1726.85,1711.6,1715.55,5600000.0,1722.4100000000003,1700.4850000000001,63.793103448275865,0.015255383791816476,BULLISH,RSI_NORMAL,LOW_VOLATILITY
2025-04-11,1760.0,1767.0,1732.35,1756.6,8340000.0,1724.53,1705.1675,59.98444487653121,0.015535555628811235,BULLISH,RSI_NORMAL,LOW_VOLATILITY
2025-04-15,1808.2,1820.0,1781.1,1798.8,10310000.0,1735.6,1712.9650000000001,63.091822094691544,0.015803429405338423,BULLISH,RSI_NORMAL,LOW_VOLATILITY
2025-04-16,1802.4,1826.5,1794.1,1822.6,6180000.0,1762.7900000000002,1722.47,67.55751014884981,0.015693419968143357,BULLISH,RSI_NORMAL,LOW_VOLATILITY
2025-04-17,1834.0,1897.7,1825.7,1889.1,10890000.0,1796.53,1734.9675,72.6312785388128,0.017131001819593115,BULLISH,RSI_HIGH,HIGH_VOLATILITY
2025-04-21,1898.4,1904.3,1868.6,1883.4,3500000.0,1830.1,1747.7724999999998,70.8087918402529,0.016968623607770347,BULLISH,RSI_HIGH,LOW_VOLATILITY
2025-04-22,1888.0,1888.0,1836.8,1852.2,6160000.0,1849.22,1758.525,67.44663382594419,0.017801386793052782,BULLISH,RSI_NORMAL,HIGH_VOLATILITY
2025-04-23,1867.0,1885.9,1836.1,1881.6,6860000.0,1865.78,1767.3425000000002,69.1919191919192,0.015953270503399692,BULLISH,RSI_NORMAL,LOW_VOLATILITY
2025-04-24,1874.5,1877.8,1839.5,1845.6,5180000.0,1870.3799999999999,1773.3325,64.70873198498245,0.016737917221206454,BULLISH,RSI_NORMAL,LOW_VOLATILITY
2025-04-25,1846.7,1861.7,1806.0,1817.2,4570000.0,1856.0,1778.2524999999998,57.61927945472252,0.017192570722344657,BULLISH,RSI_NORMAL,HIGH_VOLATILITY
2025-04-28,1836.0,1838.9,1813.4,1821.8,3300000.0,1843.6799999999998,1782.8174999999999,59.316617502458215,0.017168356751485318,BULLISH,RSI_NORMAL,HIGH_VOLATILITY
2025-04-29,1823.7,1847.8,1817.6,1823.8,4680000.0,1838.0,1787.08,59.889230769230764,0.01716563313047336,BULLISH,RSI_NORMAL,HIGH_VOLATILITY
2025-04-30,1837.0,1876.9,1827.0,1864.5,9140000.0,1834.58,1794.0699999999997,72.7925156990901,0.01752234318504692,BULLISH,RSI_HIGH,HIGH_VOLATILITY
2025-05-02,1852.0,1883.6,1832.1,1851.9,5530000.0,1835.8400000000001,1799.9950000000001,67.81842818428186,0.017685077020133246,BULLISH,RSI_NORMAL,HIGH_VOLATILITY
2025-05-05,1868.0,1873.5,1849.2,1866.0,3550000.0,1845.6,1807.0875,69.88764044943824,0.017582841048151155,BULLISH,RSI_NORMAL,HIGH_VOLATILITY
2025-05-06,1888.3,1912.0,1882.6,1901.0,8600000.0,1861.44,1814.4075,69.39817302525529,0.017628945384065467,BULLISH,RSI_NORMAL,HIGH_VOLATILITY
2025-05-07,1901.0,1917.0,1885.5,1896.8,5550000.0,1876.0400000000002,1821.9475000000002,64.66187911430285,0.01756626479408855,BULLISH,RSI_NORMAL,HIGH_VOLATILITY
2025-05-08,1897.0,1905.8,1862.4,1874.9,5500000.0,1878.1200000000001,1828.52,57.86939512488719,0.01788215347979217,BULLISH,RSI_NORMAL,HIGH_VOLATILITY
2025-05-09,1855.0,1871.1,1836.5,1848.4,3690000.0,1877.42,1836.6074999999996,43.03797468354432,0.016314524696947344,BULLISH,RSI_NORMAL,LOW_VOLATILITY
2025-05-12,1868.9,1883.4,1854.0,1870.8,3940000.0,1878.3800000000003,1844.1275,47.96116504854366,0.01601786682254561,BULLISH,RSI_NORMAL,LOW_VOLATILITY
2025-05-13,1870.0,1883.7,1816.6,1820.6,8820000.0,1862.3,1849.3799999999999,45.18292682926826,0.01741992317127447,BEARISH,RSI_NORMAL,HIGH_VOLATILITY
2025-05-14,1830.0,1870.7,1820.2,1834.2,7400000.0,1849.78,1853.2600000000002,42.40871236386933,0.016761495932305834,BEARISH,RSI_NORMAL,LOW_VOLATILITY
2025-05-15,1849.9,1869.9,1825.0,1867.2,8790000.0,1848.2400000000002,1856.6799999999998,53.4928848641656,0.016400341466440465,BULLISH,RSI_NORMAL,LOW_VOLATILITY
2025-05-16,1834.0,1834.0,1810.1,1814.0,100660000.0,1841.36,1856.25,49.520958083832326,0.0175118326708111,BEARISH,RSI_NORMAL,HIGH_VOLATILITY
2025-05-19,1822.0,1828.7,1809.0,1818.3,5800000.0,1830.86,1852.7100000000003,49.475576865448005,0.015280846227573062,BEARISH,RSI_NORMAL,LOW_VOLATILITY
2025-05-20,1809.8,1824.9,1799.5,1808.9,12510000.0,1828.52,1848.985,47.81588976839639,0.015297464100196764,BEARISH,RSI_NORMAL,LOW_VOLATILITY
2025-05-21,1813.0,1826.5,1805.3,1822.5,6850000.0,1826.1799999999998,1847.5,43.31210191082801,0.015028163996484871,BEARISH,RSI_NORMAL,LOW_VOLATILITY
2025-05-22,1819.9,1836.7,1816.3,1831.4,6500000.0,1819.02,1844.9899999999998,46.696745085401226,0.014584660484939315,BEARISH,RSI_NORMAL,LOW_VOLATILITY
2025-05-23,1825.0,1841.8,1821.5,1831.7,3460000.0,1822.56,1844.295,44.21585160202361,0.013964457553023077,BEARISH,RSI_NORMAL,LOW_VOLATILITY
2025-05-26,1834.0,1850.0,1830.9,1847.4,3250000.0,1828.3799999999999,1845.8049999999998,40.33189033189034,0.013624171639225535,BULLISH,RSI_NORMAL,LOW_VOLATILITY
2025-05-27,1844.0,1857.6,1833.7,1843.8,5850000.0,1835.3600000000001,1846.905,40.41937816341286,0.013632990392876935,BEARISH,RSI_NORMAL,LOW_VOLATILITY
2025-05-28,1848.0,1867.0,1845.1,1856.1,3710000.0,1842.08,1848.52,46.47940074906364,0.013698585648956062,BULLISH,RSI_NORMAL,LOW_VOLATILITY
2025-05-29,1858.0,1867.0,1850.5,1863.6,5790000.0,1848.52,1848.475,53.06451612903223,0.012778202436849125,BULLISH,RSI_NORMAL,LOW_VOLATILITY
2025-05-30,1854.0,1867.0,1843.0,1856.2,16710000.0,1853.42,1848.69,46.86695278969959,0.012715047995665758,BULLISH,RSI_NORMAL,LOW_VOLATILITY
2025-06-02,1844.0,1859.0,1831.5,1854.1,3200000.0,1854.7599999999998,1848.095,59.058950784207674,0.012596247239309539,BULLISH,RSI_NORMAL,LOW_VOLATILITY
2025-06-03,1867.0,1869.5,1832.0,1841.3,5600000.0,1854.2599999999998,1845.1100000000001,51.92829983704507,0.011843379446630465,BEARISH,RSI_NORMAL,LOW_VOLATILITY
2025-06-04,1855.0,1884.6,1850.0,1875.4,5890000.0,1858.1200000000001,1844.0399999999997,52.21382289416848,0.01265942355798862,BULLISH,RSI_NORMAL,LOW_VOLATILITY
2025-06-05,1884.0,1889.0,1868.6,1878.8,9000000.0,1861.1599999999999,1844.235,73.9290989660266,0.012395084183713373,BULLISH,RSI_HIGH,LOW_VOLATILITY
2025-06-06,1872.1,1881.9,1867.3,1870.2,4640000.0,1863.9599999999998,1845.325,68.57551896921981,0.01199198593577815,BULLISH,RSI_NORMAL,LOW_VOLATILITY
2025-06-09,1874.0,1875.0,1848.7,1865.1,3650000.0,1866.1599999999999,1845.0400000000002,70.75332348596743,0.011701008504653687,BULLISH,RSI_HIGH,LOW_VOLATILITY
2025-06-10,1866.6,1875.6,1850.3,1857.1,7930000.0,1869.3200000000002,1846.8650000000002,63.32819722650226,0.009942560016274004,BULLISH,RSI_NORMAL,LOW_VOLATILITY
2025-06-11,1857.9,1866.5,1847.8,1860.2,8910000.0,1866.28,1848.1649999999997,61.61290322580641,0.009829079471390917,BULLISH,RSI_NORMAL,LOW_VOLATILITY
2025-06-12,1871.9,1883.0,1831.6,1844.2,7350000.0,1859.36,1847.015,54.4738725841088,0.009149143969636113,BEARISH,RSI_NORMAL,LOW_VOLATILITY
2025-06-13,1815.0,1844.6,1815.0,1840.4,4610000.0,1853.4,1848.3349999999998,47.261345852895154,0.006401450988019295,BEARISH,RSI_NORMAL,LOW_VOLATILITY
2025-06-16,1842.1,1870.0,1838.8,1861.3,5720000.0,1852.64,1850.485,56.0303239145417,0.006823197846576564,BULLISH,RSI_NORMAL,LOW_VOLATILITY
2025-06-17,1879.0,1879.0,1847.6,1854.8,6560000.0,1852.1799999999998,1852.7800000000002,49.533381191672675,0.00675081604723149,BULLISH,RSI_NORMAL,LOW_VOLATILITY
2025-06-18,1847.6,1871.0,1843.1,1865.9,5070000.0,1853.3200000000002,1854.95,50.804758572428334,0.006684543044729935,BULLISH,RSI_NORMAL,LOW_VOLATILITY
2025-06-19,1872.0,1879.0,1864.1,1877.0,4710000.0,1859.8799999999999,1857.23,57.09413369713504,0.006719609577133806,BULLISH,RSI_NORMAL,LOW_VOLATILITY
2025-06-20,1880.0,1949.0,1874.0,1936.7,16230000.0,1879.14,1862.48,70.22526934378064,0.009570315838055149,BULLISH,RSI_HIGH,LOW_VOLATILITY
2025-06-23,1930.0,1949.0,1927.1,1936.3,2950000.0,1894.14,1866.925,74.76538060479663,0.009494326738739081,BULLISH,RSI_HIGH,LOW_VOLATILITY
2025-06-24,1950.9,1963.0,1929.1,1933.6,6840000.0,1909.9,1871.4150000000002,68.14214463840392,0.009481780927892515,BULLISH,RSI_NORMAL,LOW_VOLATILITY
2025-06-25,1942.0,1970.0,1938.0,1965.6,4150000.000000001,1929.8400000000001,1876.89,72.96296296296293,0.009959961921485044,BULLISH,RSI_HIGH,LOW_VOLATILITY
2025-06-26,1970.0,2018.4,1966.3,2014.3,9410000.0,1957.3,1884.425,81.4491488432998,0.011097396106966901,BULLISH,RSI_HIGH,LOW_VOLATILITY
2025-06-27,2010.0,2039.0,2008.6,2027.1,6410000.0,1975.3799999999999,1892.97,84.20608108108105,0.010948523024078064,BULLISH,RSI_HIGH,LOW_VOLATILITY
2025-06-30,2018.0,2023.9,2000.2,2009.6,5600000.0,1990.0400000000002,1900.7450000000001,80.95818107998375,0.011274164404775813,BULLISH,RSI_HIGH,LOW_VOLATILITY
2025-07-01,2009.0,2030.8,2006.9,2019.4,3770000.0,2007.2,1909.65,81.46245059288535,0.010973030323600646,BULLISH,RSI_HIGH,LOW_VOLATILITY
2025-07-02,2037.0,2045.8,2018.3,2033.3,6510000.0,2020.7400000000002,1917.545,87.68433638899957,0.010499064018600414,BULLISH,RSI_HIGH,LOW_VOLATILITY
2025-07-03,2041.8,2044.9,2012.9,2019.3,5560000.0,2021.7400000000002,1924.5700000000002,84.25890463423971,0.010775392460276626,BULLISH,RSI_HIGH,LOW_VOLATILITY
2025-07-04,2027.0,2036.5,2005.1,2017.2,2180000.0,2019.7599999999998,1931.92,82.17086256706561,0.010661374390920146,BULLISH,RSI_HIGH,LOW_VOLATILITY
2025-07-07,2018.0,2036.0,2010.6,2033.9,4170000.0,2024.6200000000001,1940.36,85.46534653465346,0.010588155178191826,BULLISH,RSI_HIGH,LOW_VOLATILITY
2025-07-08,2026.0,2035.0,2014.8,2030.0,3620000.0,2026.7400000000002,1949.0049999999999,83.4488381573583,0.01049868434143987,BULLISH,RSI_HIGH,LOW_VOLATILITY
2025-07-09,2035.0,2040.7,1998.5,2019.7,2940000.0,2024.02,1956.98,79.18200408997953,0.010701127654750859,BULLISH,RSI_HIGH,LOW_VOLATILITY
2025-07-10,2028.6,2028.6,1962.3,1964.5,5700000.0,2013.06,1962.9949999999997,55.79166666666665,0.012539684498950128,BULLISH,RSI_NORMAL,LOW_VOLATILITY
2025-07-11,1942.0,1959.1,1914.2,1921.9,13100000.0,1994.0,1967.0700000000002,47.44861800141746,0.013691124701040376,BEARISH,RSI_NORMAL,LOW_VOLATILITY
2025-07-14,1915.0,1927.5,1900.2,1920.9,5270000.0,1971.4,1970.05,47.73618538324424,0.01353236822473947,BEARISH,RSI_NORMAL,LOW_VOLATILITY
2025-07-15,1924.8,1943.0,1923.2,1934.2,4160000.0,1952.2400000000002,1974.0199999999998,44.00305576776167,0.013523917438058806,BEARISH,RSI_NORMAL,LOW_VOLATILITY
2025-07-16,1944.0,1944.0,1928.8,1936.6,4210000.0,1935.6200000000001,1977.5550000000003,31.972157772621784,0.013495337731610813,BEARISH,RSI_NORMAL,LOW_VOLATILITY
2025-07-17,1943.7,1944.9,1927.6,1929.9,6260000.0,1928.7,1980.2,26.79083094555874,0.013512490811410578,BEARISH,RSI_LOW,LOW_VOLATILITY
2025-07-18,1915.1,1916.0,1891.8,1901.0,4640000.0,1924.52,1978.4149999999997,25.407608695652172,0.011944088889418994,BEARISH,RSI_LOW,LOW_VOLATILITY
2025-07-21,1894.8,1919.9,1892.6,1909.2,5110000.0,1922.1799999999998,1977.0600000000002,24.863138686131336,0.01199977577676758,BEARISH,RSI_LOW,LOW_VOLATILITY
2025-07-22,1909.2,1911.3,1883.0,1906.8,4510000.0,1916.7,1975.7199999999998,19.54742416947518,0.011999358143901198,BEARISH,RSI_LOW,LOW_VOLATILITY
2025-07-23,1920.0,1949.0,1907.3,1943.8,5190000.0,1918.14,1974.6299999999999,33.63675769397484,0.012229239541445122,BEARISH,RSI_NORMAL,LOW_VOLATILITY
2025-07-24,1943.8,1970.4,1933.7,1936.1,4150000.000000001,1919.3799999999999,1970.72,32.83961066440962,0.010697085406769603,BEARISH,RSI_NORMAL,LOW_VOLATILITY
2025-07-25,1936.1,1952.7,1925.0,1937.9,3900000.0,1926.7599999999998,1966.2599999999998,28.319783197831995,0.010543822856321567,BEARISH,RSI_LOW,LOW_VOLATILITY
2025-07-28,1930.0,1930.0,1885.0,1890.3,3580000.0,1922.98,1960.295,23.651452282157692,0.011604146085206709,BEARISH,RSI_LOW,LOW_VOLATILITY
2025-07-29,1880.0,1923.6,1880.0,1918.3,3750000.0,1925.28,1955.2399999999998,32.07213578500706,0.01215815460473675,BEARISH,RSI_NORMAL,LOW_VOLATILITY
2025-07-30,1934.0,1939.2,1922.1,1932.6,5040000.0,1923.0400000000002,1950.205,43.40636626705248,0.012181992798855724,BEARISH,RSI_NORMAL,LOW_VOLATILITY
2025-07-31,1913.0,1926.5,1895.6,1914.3,4670000.0,1918.6799999999998,1944.955,48.2536764705882,0.012244868984193804,BEARISH,RSI_NORMAL,LOW_VOLATILITY
2025-08-01,1914.0,1919.7,1878.0,1884.4,5190000.0,1907.98,1938.315,42.596348884381335,0.012576908830775535,BEARISH,RSI_NORMAL,LOW_VOLATILITY
2025-08-04,1892.0,1919.9,1878.5,1914.6,3070000.0,1912.8399999999997,1932.35,46.279422930903536,0.01306300068655794,BEARISH,RSI_NORMAL,LOW_VOLATILITY
2025-08-05,1920.0,1937.6,1912.1,1931.8,5170000.0,1915.5400000000002,1927.44,49.137311286844,0.013332394422145205,BULLISH,RSI_NORMAL,LOW_VOLATILITY
2025-08-06,1930.0,1964.8,1921.6,1929.7,5460000.0,1914.9599999999998,1922.94,49.96345029239765,0.0133199723692725,BULLISH,RSI_NORMAL,LOW_VOLATILITY
2025-08-07,1928.1,1933.3,1909.1,1922.6,4270000.0,1916.6200000000001,1920.845,54.28911834789513,0.011950095184655401,BULLISH,RSI_NORMAL,LOW_VOLATILITY
2025-08-08,1886.3,1893.8,1856.0,1858.6,93800000.0,1911.4599999999998,1917.6799999999998,41.775032509752904,0.013220813717718279,BEARISH,RSI_NORMAL,LOW_VOLATILITY
2025-08-11,1863.0,1866.0,1845.7,1857.4,5270000.0,1900.02,1914.5049999999999,41.938642297650155,0.013220309965282022,BEARISH,RSI_NORMAL,LOW_VOLATILITY
2025-08-12,1857.4,1865.0,1847.1,1850.3,4650000.0,1883.72,1910.3100000000002,33.09222423146474,0.013073388075855416,BEARISH,RSI_NORMAL,LOW_VOLATILITY
2025-08-13,1853.0,1872.5,1851.8,1867.4,6700000.0,1871.2599999999998,1906.85,37.98530954879332,0.013302470600673206,BEARISH,RSI_NORMAL,LOW_VOLATILITY
2025-08-14,1873.0,1883.0,1866.8,1873.8,3960000.0,1861.5,1904.045,38.96729776247845,0.013344492894803895,BEARISH,RSI_NORMAL,LOW_VOLATILITY
2025-08-18,1892.5,1912.6,1870.3,1892.3,7150000.0,1868.2400000000002,1903.6100000000001,50.38255547054324,0.013168552419167473,BEARISH,RSI_NORMAL,LOW_VOLATILITY
2025-08-19,1901.1,1931.8,1900.0,1909.7,5710000.0,1878.7,1903.6349999999998,48.285486443381195,0.013300150431811233,BULLISH,RSI_NORMAL,LOW_VOLATILITY
2025-08-20,1937.0,1952.0,1926.0,1928.4,6960000.0,1894.3200000000002,1904.7150000000001,49.177115987460844,0.013469314497995767,BULLISH,RSI_NORMAL,LOW_VOLATILITY
2025-08-21,1930.0,1940.9,1927.7,1929.9,3380000.0,1906.8200000000002,1904.02,53.27181208053695,0.012727887020175618,BULLISH,RSI_NORMAL,LOW_VOLATILITY
2025-08-22,1934.0,1947.7,1917.4,1933.3,3270000.0,1918.72,1903.8799999999999,61.53846153846151,0.01270510545232968,BULLISH,RSI_NORMAL,LOW_VOLATILITY
2025-08-25,1940.0,1940.1,1913.2,1930.7,2450000.0,1926.4,1903.52,54.367878459034216,0.012706573249068088,BULLISH,RSI_NORMAL,LOW_VOLATILITY
2025-08-26,1922.1,1925.8,1896.2,1904.7,5980000.0,1925.4,1904.2399999999998,42.982910409114474,0.011791975801472414,BULLISH,RSI_NORMAL,LOW_VOLATILITY
2025-08-28,1893.0,1899.8,1878.2,1881.1,5490000.0,1915.94,1902.3799999999999,38.67660764212486,0.01161521128635862,BEARISH,RSI_NORMAL,LOW_VOLATILITY
2025-08-29,1872.5,1900.1,1872.5,1888.8,4340000.0,1907.72,1900.19,42.1468401486989,0.011511610116140296,BEARISH,RSI_NORMAL,LOW_VOLATILITY
2025-09-01,1889.0,1904.8,1884.2,1900.6,3420000.0,1901.1799999999998,1899.5049999999999,62.88343558282209,0.01144518570792776,BULLISH,RSI_NORMAL,LOW_VOLATILITY
2025-09-02,1904.5,1917.5,1878.0,1887.2,4420000.0,1892.48,1899.645,58.504566210045645,0.010992831978419689,BEARISH,RSI_NORMAL,LOW_VOLATILITY
2025-09-03,1891.0,1892.1,1870.0,1883.9,3800000.0,1888.3199999999997,1898.11,59.801633605600976,0.010339302340511789,BEARISH,RSI_NORMAL,LOW_VOLATILITY
2025-09-04,1899.0,1903.5,1876.6,1880.4,5210000.0,1888.1799999999998,1895.5399999999997,54.119138149556406,0.010082784149846315,BEARISH,RSI_NORMAL,LOW_VOLATILITY
2025-09-05,1887.0,1910.7,1875.7,1895.3,2620000.0,1889.48,1893.8200000000002,56.46422128683104,0.010291890483337963,BULLISH,RSI_NORMAL,LOW_VOLATILITY
2025-09-08,1898.0,1899.0,1884.1,1887.7,2550000.0,1886.9,1892.075,48.51994851994855,0.010296941280856207,BEARISH,RSI_NORMAL,LOW_VOLATILITY
2025-09-09,1892.0,1904.0,1883.0,1893.7,4520000.0,1888.2,1893.8300000000004,44.44444444444443,0.006932281250154639,BEARISH,RSI_NORMAL,LOW_VOLATILITY
2025-09-10,1904.0,1905.0,1883.0,1891.4,3570000.0,1889.7,1895.53,35.50156739811905,0.006940373557378136,BEARISH,RSI_NORMAL,LOW_VOLATILITY
2025-09-11,1884.0,1916.0,1882.1,1913.0,4720000.0,1896.22,1898.6649999999997,44.278943805010094,0.0072221751494472766,BULLISH,RSI_NORMAL,LOW_VOLATILITY
2025-09-12,1925.0,1925.0,1901.6,1902.6,3190000.0,1897.6799999999998,1900.425,40.07756948933415,0.007160172921009102,BULLISH,RSI_NORMAL,LOW_VOLATILITY
2025-09-15,1904.0,1913.0,1898.4,1904.5,3550000.0,1901.0399999999997,1901.9600000000003,41.49350649350647,0.0071366573187327444,BULLISH,RSI_NORMAL,LOW_VOLATILITY
2025-09-16,1903.3,1942.0,1902.5,1939.5,5430000.0,1910.2,1904.3200000000002,60.67484662576687,0.007914373135832762,BULLISH,RSI_NORMAL,LOW_VOLATILITY
2025-09-17,1938.1,1950.1,1932.6,1941.3,4230000.0,1920.1799999999998,1905.9,71.31728045325787,0.007690983548736894,BULLISH,RSI_HIGH,LOW_VOLATILITY
2025-09-18,1944.5,1949.8,1920.5,1941.1,5080000.0,1925.8,1906.5349999999999,69.55871353777117,0.007398093927631221,BULLISH,RSI_NORMAL,LOW_VOLATILITY
2025-09-19,1930.2,1976.8,1927.8,1962.4,11290000.0,1937.7599999999998,1908.1599999999999,71.57821229050289,0.007770692073335855,BULLISH,RSI_HIGH,LOW_VOLATILITY
2025-09-22,1954.0,1966.0,1944.0,1956.2,4470000.0,1948.1,1909.3050000000003,75.36764705882354,0.007818534353414624,BULLISH,RSI_HIGH,LOW_VOLATILITY
2025-09-23,1950.0,1955.0,1930.1,1938.7,4350000.0,1947.94,1909.705,68.24234354194405,0.008098686637866384,BULLISH,RSI_NORMAL,LOW_VOLATILITY
2025-09-24,1926.0,1937.3,1918.8,1931.1,5240000.0,1945.9,1911.025,66.42903434867134,0.007508259471571911,BULLISH,RSI_NORMAL,LOW_VOLATILITY
2025-09-25,1930.0,1950.0,1928.8,1935.6,7130000.0,1944.8,1913.75,64.00277970813059,0.006848443060450361,BULLISH,RSI_NORMAL,LOW_VOLATILITY
2025-09-26,1931.1,1944.7,1911.9,1916.6,3240000.0,1935.64,1915.14,59.304571796522794,0.007259911285943616,BULLISH,RSI_NORMAL,LOW_VOLATILITY
2025-09-29,1928.0,1928.0,1897.5,1902.2,5070000.0,1924.8399999999997,1915.22,52.59621258399511,0.0073633937360591825,BEARISH,RSI_NORMAL,LOW_VOLATILITY
2025-09-30,1896.0,1907.6,1875.2,1878.4,5950000.0,1912.78,1914.78,46.490280777537805,0.007733242499728373,BEARISH,RSI_NORMAL,LOW_VOLATILITY
2025-10-01,1868.0,1877.0,1855.9,1867.6,5680000.0,1900.08,1913.9650000000001,36.983944954128454,0.007826453424890932,BEARISH,RSI_NORMAL,LOW_VOLATILITY
2025-10-03,1851.2,1900.3,1848.1,1896.7,5830000.0,1892.3,1914.78,48.472294148109825,0.008590321137197997,BEARISH,RSI_NORMAL,LOW_VOLATILITY
2025-10-06,1892.6,1907.0,1887.5,1903.1,2810000.0,1889.6,1915.17,49.64574898785423,0.008441400500149545,BEARISH,RSI_NORMAL,LOW_VOLATILITY
2025-10-07,1900.0,1946.0,1900.0,1929.0,5710000.0,1894.9599999999998,1917.2350000000001,47.21485411140584,0.008882496248680833,BULLISH,RSI_NORMAL,LOW_VOLATILITY
2025-10-08,1929.0,1962.6,1927.6,1943.5,4960000.0,1907.98,1919.725,50.54671968190855,0.008987760289275679,BULLISH,RSI_NORMAL,LOW_VOLATILITY
2025-10-09,1945.0,1948.8,1931.3,1942.0,3950000.0,1922.86,1922.2550000000003,50.222222222222236,0.008981688137199136,BULLISH,RSI_NORMAL,LOW_VOLATILITY
2025-10-10,1937.0,1947.6,1935.4,1939.9,2510000.0,1931.5,1923.6,43.862520458265145,0.008674407385386657,BULLISH,RSI_NORMAL,LOW_VOLATILITY
2025-10-13,1937.9,1965.9,1936.0,1954.9,3670000.0,1941.86,1926.2149999999997,49.661634565330566,0.008681170524802275,BULLISH,RSI_NORMAL,LOW_VOLATILITY
2025-10-14,1964.0,1964.0,1939.2,1946.6,4450000.0,1945.3799999999999,1928.3199999999997,52.159650082011986,0.008772417780305531,BULLISH,RSI_NORMAL,LOW_VOLATILITY
2025-10-15,1957.2,1976.0,1951.6,1968.5,3450000.0,1950.3799999999999,1929.7699999999998,59.482758620689665,0.008158172799947717,BULLISH,RSI_NORMAL,LOW_VOLATILITY
2025-10-16,1962.3,1986.9,1962.0,1967.4,3700000.0,1955.4599999999998,1931.075,58.20433436532512,0.008163467010846654,BULLISH,RSI_NORMAL,LOW_VOLATILITY
2025-10-17,1973.6,2034.3,1970.3,2012.0,6740000.0,1969.8799999999999,1934.6200000000001,71.74111212397449,0.009520910378593093,BULLISH,RSI_HIGH,LOW_VOLATILITY
2025-10-20,2026.0,2057.0,2019.7,2051.5,7390000.0,1989.2,1939.075,80.53169734151325,0.0101352366519859,BULLISH,RSI_HIGH,LOW_VOLATILITY
2025-10-21,2051.8,2058.5,2038.5,2043.5,240850.0,2008.58,1943.4399999999998,86.09532138172271,0.010157437382923283,BULLISH,RSI_HIGH,LOW_VOLATILITY
2025-10-23,2063.9,2067.0,2003.6,2007.9,8790000.0,2016.4599999999998,1946.9,77.67258382643001,0.01080457997348326,BULLISH,RSI_HIGH,LOW_VOLATILITY
2025-10-24,2008.0,2033.0,2006.9,2029.3,3240000.0,2028.8400000000001,1951.8100000000002,76.97314890154598,0.010889043088677355,BULLISH,RSI_HIGH,LOW_VOLATILITY
2025-10-27,2030.0,2094.0,2030.0,2080.1,5800000.0,2042.4599999999998,1959.0350000000003,80.4962095106823,0.011993459876639022,BULLISH,RSI_HIGH,LOW_VOLATILITY
2025-10-28,2092.0,2102.6,2071.7,2090.2,9890000.0,2050.2,1967.7149999999997,79.3731778425656,0.011565959867784843,BULLISH,RSI_HIGH,LOW_VOLATILITY
2025-10-29,2083.0,2110.4,2081.6,2100.6,2740000.0,2061.62,1977.6349999999998,79.06030336662968,0.011220430286734973,BULLISH,RSI_HIGH,LOW_VOLATILITY
2025-10-30,2070.0,2088.0,2058.6,2066.3,4220000.0,2073.3,1987.03,70.50478389970314,0.011561802572369707,BULLISH,RSI_HIGH,LOW_VOLATILITY
2025-10-31,2056.0,2073.8,2051.7,2054.5,4660000.0,2078.3399999999997,1996.375,68.31841432225065,0.011559930995295042,BULLISH,RSI_NORMAL,LOW_VOLATILITY
2025-11-03,2055.0,2081.0,2047.2,2074.0,2980000.0,2077.12,2005.2400000000002,68.76772770248976,0.011340315351026685,BULLISH,RSI_NORMAL,LOW_VOLATILITY
2025-11-04,2107.0,2135.6,2103.5,2113.3,12260000.0,2081.7400000000002,2015.75,73.93051966695383,0.011782258922127099,BULLISH,RSI_HIGH,LOW_VOLATILITY
2025-11-06,2115.0,2123.3,2080.5,2094.9,9550000.0,2080.6,2024.0449999999996,68.3294663573086,0.01201018732788006,BULLISH,RSI_NORMAL,LOW_VOLATILITY
2025-11-07,2048.0,2048.0,1995.6,2001.2,70390000.0,2067.5800000000004,2026.9299999999998,53.863740283493364,0.016201517363544908,BEARISH,RSI_NORMAL,LOW_VOLATILITY
2025-11-10,1995.0,2028.8,1992.2,2019.8,7460000.0,2060.6400000000003,2030.8199999999997,50.947982498784626,0.01628045794194239,BEARISH,RSI_NORMAL,LOW_VOLATILITY
2025-11-11,2020.1,2056.9,2017.4,2042.3,14830000.0,2054.3,2035.94,48.833671399594316,0.016384058995809157,BULLISH,RSI_NORMAL,LOW_VOLATILITY
2025-11-12,2060.0,2079.8,2054.9,2073.8,8210000.000000001,2046.4,2041.8850000000002,53.62526920315867,0.016597177064505555,BULLISH,RSI_NORMAL,LOW_VOLATILITY
2025-11-13,2099.9,2107.0,2079.0,2091.8,5960000.0,2045.7800000000002,2049.145,60.479640269797656,0.016548130879521124,BULLISH,RSI_NORMAL,LOW_VOLATILITY
2025-11-14,2090.0,2107.9,2081.9,2100.7,6310000.0,2065.68,2055.755,59.20577617328519,0.016454584237176117,BULLISH,RSI_NORMAL,LOW_VOLATILITY
2025-11-17,2112.0,2122.0,2100.9,2112.2,6000000.0,2084.16,2062.995,54.6054519368723,0.01643376403741839,BULLISH,RSI_NORMAL,LOW_VOLATILITY
2025-11-18,2122.0,2159.0,2110.3,2149.2,10970000.0,2105.54,2069.855,57.85828449653703,0.0161586138012824,BULLISH,RSI_NORMAL,LOW_VOLATILITY
2025-11-19,2155.0,2166.2,2146.7,2159.8,7420000.0,2122.7400000000002,2075.27,57.88072417465392,0.01571092831907598,BULLISH,RSI_NORMAL,LOW_VOLATILITY
2025-11-20,2153.1,2169.3,2149.9,2158.3,7450000.0,2136.04,2081.01,63.418903150525054,0.015656382199057982,BULLISH,RSI_NORMAL,LOW_VOLATILITY
2025-11-21,2150.1,2174.5,2148.6,2162.7,6720000.0,2148.44,2088.75,66.12999403697074,0.014917240528937068,BULLISH,RSI_NORMAL,LOW_VOLATILITY
2025-11-24,2162.1,2165.8,2140.4,2152.1,9690000.0,2156.4199999999996,2094.89,61.96018376722816,0.014947959625568222,BULLISH,RSI_NORMAL,LOW_VOLATILITY
2025-11-25,2159.0,2170.7,2138.7,2161.6,7100000.0,2158.9,2098.9649999999997,58.13953488372089,0.014035120847451349,BULLISH,RSI_NORMAL,LOW_VOLATILITY
2025-11-26,2104.0,2134.9,2097.5,2126.8,43170000.0,2152.3,2100.795,55.094219099329315,0.01458361764619172,BULLISH,RSI_NORMAL,LOW_VOLATILITY
2025-11-27,2132.0,2136.9,2103.8,2115.6,4440000.0,2143.7599999999998,2101.545,74.80485689505639,0.01461537122922724,BULLISH,RSI_HIGH,LOW_VOLATILITY
2025-11-28,2118.0,2129.5,2096.4,2101.6,6260000.0,2131.54,2103.31,68.09734513274337,0.01418322538301136,BEARISH,RSI_NORMAL,LOW_VOLATILITY
2025-12-01,2114.7,2119.0,2083.1,2089.7,5060000.0,2119.06,2105.07,61.002785515320305,0.014182035719313937,BEARISH,RSI_NORMAL,LOW_VOLATILITY
2025-12-02,2089.8,2114.8,2087.1,2104.0,6590000.0,2107.54,2106.57,57.618567103935376,0.014110239030394748,BEARISH,RSI_NORMAL,LOW_VOLATILITY
2025-12-03,2100.1,2109.9,2081.6,2086.0,4360000.0,2099.38,2105.205,48.536831483350106,0.013580125256702456,BEARISH,RSI_NORMAL,LOW_VOLATILITY
2025-12-04,2094.8,2108.5,2074.1,2103.8,4610000.0,2097.02,2105.65,50.748430709802115,0.013583003612996011,BEARISH,RSI_NORMAL,LOW_VOLATILITY
2025-12-05,2092.6,2111.9,2090.0,2108.8,2940000.0,2098.46,2111.0299999999997,49.15254237288145,0.008495327907154748,BEARISH,RSI_NORMAL,LOW_VOLATILITY
2025-12-08,2114.4,2114.4,2078.9,2086.2,4330000.0,2097.7599999999998,2114.35,33.08270676691737,0.00884366642402463,BEARISH,RSI_NORMAL,LOW_VOLATILITY
2025-12-09,2086.8,2100.4,2080.4,2089.7,5140000.0,2094.9,2116.7200000000003,30.429927414851974,0.008558086300697846,BEARISH,RSI_NORMAL,LOW_VOLATILITY
2025-12-10,2072.0,2096.9,2062.2,2067.0,3990000.0,2091.1,2116.38,27.20918622066897,0.008269499475122582,BEARISH,RSI_LOW,LOW_VOLATILITY
2025-12-11,2066.0,2069.2,2038.0,2053.2,3250000.0,2080.98,2114.45,23.891273247496528,0.008119852713509595,BEARISH,RSI_LOW,LOW_VOLATILITY
2025-12-12,2053.1,2087.1,2050.6,2083.4,2710000.0,2075.8999999999996,2113.585,35.01962494548637,0.008778849318774361,BEARISH,RSI_NORMAL,LOW_VOLATILITY
2025-12-15,2070.1,2078.9,2061.5,2069.7,3230000.0,2072.6,2111.46,30.321199143469045,0.008769643603946747,BEARISH,RSI_NORMAL,LOW_VOLATILITY
2025-12-16,2070.1,2106.6,2070.1,2102.0,5760000.0,2075.06,2109.1,44.63203463203463,0.008565526039886242,BEARISH,RSI_NORMAL,LOW_VOLATILITY
2025-12-17,2117.6,2128.0,2096.4,2108.0,6410000.0,2083.2599999999998,2106.5099999999998,48.31709477413644,0.008501197014751175,BULLISH,RSI_NORMAL,LOW_VOLATILITY
2025-12-18,2099.0,2116.6,2088.1,2092.0,3760000.0,2091.02,2103.1949999999997,47.89288849868309,0.008619532055585107,BEARISH,RSI_NORMAL,LOW_VOLATILITY
2025-12-19,2113.9,2115.0,2082.0,2097.7,10130000.0,2093.88,2099.945,51.80505415162453,0.00863580341630797,BEARISH,RSI_NORMAL,LOW_VOLATILITY
2025-12-22,2118.0,2151.7,2101.7,2147.6,7670000.0,2109.46,2099.7200000000003,58.47589424572311,0.010267747835071875,BULLISH,RSI_NORMAL,LOW_VOLATILITY
2025-12-23,2157.0,2164.0,2119.2,2122.9,4110000.000000001,2113.64,2097.7850000000003,56.991284577491456,0.010516876636255156,BULLISH,RSI_NORMAL,LOW_VOLATILITY
2025-12-24,2111.0,2137.2,2111.0,2123.7,3150000.0,2116.7799999999997,2097.63,54.029971648440586,0.009885933819316696,BULLISH,RSI_NORMAL,LOW_VOLATILITY
2025-12-26,2123.0,2123.0,2101.8,2105.4,1300000.0,2119.46,2097.12,49.34665641813988,0.010007056809383807,BULLISH,RSI_NORMAL,LOW_VOLATILITY
2025-12-29,2105.4,2112.7,2079.4,2081.6,2370000.0,2116.2400000000002,2096.12,49.120122417750586,0.010218038642684824,BEARISH,RSI_NORMAL,LOW_VOLATILITY
2025-12-30,2077.0,2102.8,2071.6,2099.8,6980000.0,2106.68,2096.625,51.829047446577384,0.010336735986790368,BULLISH,RSI_NORMAL,LOW_VOLATILITY
2025-12-31,2096.0,2121.0,2090.1,2105.6,2990000.0,2103.2200000000003,2096.705,57.44598765432096,0.010240434483883972,BULLISH,RSI_NORMAL,LOW_VOLATILITY
2026-01-01,2114.8,2123.9,2107.0,2110.4,2100000.0,2100.56,2097.925,61.43085531574744,0.010043856805082728,BULLISH,RSI_NORMAL,LOW_VOLATILITY
2026-01-02,2108.0,2125.0,2098.0,2106.3,2930000.0,2100.7400000000002,2098.05,55.10932619366356,0.009881832032976993,BULLISH,RSI_NORMAL,LOW_VOLATILITY
2026-01-05,2102.1,2112.1,2096.5,2105.0,2640000.0,2105.42,2097.8599999999997,58.33726972130378,0.009868284497826329,BULLISH,RSI_NORMAL,LOW_VOLATILITY
2026-01-06,2106.8,2121.8,2087.5,2105.3,9120000.0,2106.52,2098.815,50.9181969949917,0.009543547008945483,BULLISH,RSI_NORMAL,LOW_VOLATILITY
2026-01-07,2095.6,2103.8,2077.0,2084.2,4170000.0,2102.2400000000002,2098.54,43.89117043121146,0.009822013039804615,BEARISH,RSI_NORMAL,LOW_VOLATILITY
2026-01-08,2088.0,2092.0,2055.0,2066.3,5530000.0,2093.42,2098.505,43.46720894763604,0.009703121579960668,BEARISH,RSI_NORMAL,LOW_VOLATILITY
2026-01-09,2070.2,2084.0,2023.2,2027.1,4170000.0,2077.58,2097.2,34.66550825369248,0.010506412593532598,BEARISH,RSI_NORMAL,LOW_VOLATILITY
2026-01-12,2023.5,2048.8,2001.3,2044.0,4690000.0,2065.38,2095.23,23.732251521298224,0.010107202937221584,BEARISH,RSI_LOW,LOW_VOLATILITY
2026-01-13,2047.0,2049.9,2014.9,2026.9,7390000.0,2049.7,2093.09,24.683544303797518,0.010167803554988166,BEARISH,RSI_LOW,LOW_VOLATILITY
2026-01-14,2015.1,2034.0,2008.7,2022.5,4840000.0,2037.36,2089.1150000000002,23.809523809523952,0.009387209266679662,BEARISH,RSI_LOW,LOW_VOLATILITY
2026-01-16,2020.0,2029.7,1988.7,2016.4,7310000.0,2027.3800000000003,2084.5350000000003,25.414364640884088,0.009322802996119877,BEARISH,RSI_LOW,LOW_VOLATILITY
2026-01-19,2023.0,2023.0,1996.3,2010.0,4270000.0,2023.9599999999998,2080.4350000000004,28.11735941320306,0.009239791258243406,BEARISH,RSI_LOW,LOW_VOLATILITY
2026-01-20,2018.0,2018.0,1977.1,1996.0,6080000.0,2014.36,2075.35,17.440401505646236,0.009235438484922823,BEARISH,RSI_LOW,LOW_VOLATILITY
2026-01-21,1977.0,2007.1,1967.0,1996.1,7950000.0,2008.2,2067.775,14.37865972674058,0.006922997113393162,BEARISH,RSI_LOW,LOW_VOLATILITY
2026-01-22,2008.8,2018.9,1990.0,2002.2,6720000.0,2004.14,2061.74,15.096774193548526,0.006816115087696482,BEARISH,RSI_LOW,LOW_VOLATILITY
2026-01-23,2009.0,2011.7,1980.1,1984.7,4340000.0,1997.8,2054.79,13.895486935867112,0.006889879671960259,BEARISH,RSI_LOW,LOW_VOLATILITY
2026-01-27,1972.1,2003.8,1962.7,1973.4,10510000.0,1990.48,2048.19,13.116591928251268,0.006802855905906148,BEARISH,RSI_LOW,LOW_VOLATILITY
2026-01-28,1995.0,1995.0,1939.0,1957.7,9430000.0,1982.8200000000002,2041.9950000000001,11.919504643962881,0.00663223212123677,BEARISH,RSI_LOW,LOW_VOLATILITY
2026-01-29,1964.0,1970.5,1939.0,1967.9,6070000.0,1977.1799999999998,2035.4,18.206670311645794,0.0063425087315591155,BEARISH,RSI_LOW,LOW_VOLATILITY
2026-01-30,1925.6,1974.0,1925.6,1968.7,7680000.0,1970.48,2028.5549999999998,20.56694813027748,0.006246734451718223,BEARISH,RSI_LOW,LOW_VOLATILITY
2026-02-01,1968.7,1976.4,1901.0,1949.0,2930000.0,1963.3400000000001,2020.485,23.30827067669179,0.006269389453455286,BEARISH,RSI_LOW,LOW_VOLATILITY
2026-02-02,1936.1,1969.8,1926.5,1965.4,5330000.0,1961.7400000000002,2013.44,23.045267489712003,0.006845353180235621,BEARISH,RSI_LOW,LOW_VOLATILITY
2026-02-03,2050.0,2050.0,1980.1,1997.3,6920000.0,1969.6599999999999,2008.0550000000003,40.784557907845546,0.00812688602740873,BEARISH,RSI_NORMAL,LOW_VOLATILITY
2026-02-04,2008.0,2034.6,1998.4,2025.8,7460000.0,1981.2400000000002,2004.08,50.893340552246876,0.008949274860187885,BULLISH,RSI_NORMAL,LOW_VOLATILITY
2026-02-05,2012.0,2022.9,1985.0,1992.4,7710000.0,1985.98,1999.4900000000002,44.339622641509436,0.009365742023140968,BEARISH,RSI_NORMAL,LOW_VOLATILITY
2026-02-06,1994.0,2049.7,1988.5,2038.4,13870000.0,2003.86,1998.095,55.643879173290955,0.010798691419884219,BULLISH,RSI_NORMAL,LOW_VOLATILITY
2026-02-09,2051.2,2055.2,2028.7,2038.2,7570000.0,2018.42,1998.65,58.8730025231287,0.009898118697003085,BULLISH,RSI_NORMAL,LOW_VOLATILITY
2026-02-10,2052.0,2057.0,2008.4,2011.3,9080000.0,2021.22,1997.015,52.87226001511717,0.010148194040846405,BULLISH,RSI_NORMAL,LOW_VOLATILITY
2026-02-11,2012.9,2021.0,1996.7,2012.1,7420000.0,2018.4800000000002,1996.275,51.90898573081371,0.009990347851071644,BULLISH,RSI_NORMAL,LOW_VOLATILITY
2026-02-12,2019.2,2027.0,2009.1,2014.5,7440000.0,2022.9,1995.875,56.10155610155609,0.009985846660832694,BULLISH,RSI_NORMAL,LOW_VOLATILITY
2026-02-13,2013.9,2024.2,1992.0,2004.7,4810000.0,2016.1600000000003,1995.2899999999997,56.44829007004532,0.010022252700213376,BULLISH,RSI_NORMAL,LOW_VOLATILITY
2026-02-16,2010.0,2032.2,1995.0,2029.4,3460000.0,2014.4,1996.2599999999998,64.24314660309892,0.010376434693077322,BULLISH,RSI_NORMAL,LOW_VOLATILITY
2026-02-17,2028.0,2038.5,2014.2,2020.3,4470000.0,2016.2,1997.475,60.454908220271314,0.010296617808583968,BULLISH,RSI_NORMAL,LOW_VOLATILITY
2026-02-18,2020.1,2028.6,2015.0,2021.8,2180000.0,2018.14,1998.7599999999998,60.565061679267785,0.010295639438683401,BULLISH,RSI_NORMAL,LOW_VOLATILITY
2026-02-19,2032.0,2032.0,1974.8,1988.6,4710000.0,2012.9599999999998,1998.0800000000004,57.477341389728075,0.010959797478933619,BEARISH,RSI_NORMAL,LOW_VOLATILITY
2026-02-20,1981.1,1993.7,1971.0,1977.4,5180000.0,2007.5,1997.7149999999997,52.311248073959945,0.010855107007650452,BEARISH,RSI_NORMAL,LOW_VOLATILITY
2026-02-23,1994.0,2000.5,1983.9,1997.3,3730000.0,2001.08,1998.9099999999999,50.0,0.011000783639881212,BEARISH,RSI_NORMAL,LOW_VOLATILITY
2026-02-24,1997.3,1997.3,1921.8,1941.0,10010000.0,1985.22,1998.075,34.60421205519245,0.012642485679864,BEARISH,RSI_NORMAL,LOW_VOLATILITY
2026-02-25,1955.0,1961.8,1904.0,1913.4,8289999.999999999,1963.5400000000002,1995.35,35.348664688427306,0.012935678249940132,BEARISH,RSI_NORMAL,LOW_VOLATILITY
2026-02-26,1914.0,1935.0,1904.5,1929.6,10800000.0,1951.7400000000002,1993.395,27.31442869057541,0.0131167044820914,BEARISH,RSI_LOW,LOW_VOLATILITY
2026-02-27,1910.0,1915.0,1870.1,1879.3,13750000.0,1932.1200000000001,1989.9100000000003,22.593997930320754,0.014152974470187043,BEARISH,RSI_LOW,LOW_VOLATILITY
2026-03-02,1850.1,1895.9,1847.9,1873.2,11790000.0,1907.3,1985.3,24.340393905611265,0.013952101589350873,BEARISH,RSI_LOW,LOW_VOLATILITY
2026-03-04,1861.1,1920.0,1815.3,1905.9,20570000.0,1900.28,1980.73,32.35880398671097,0.014040246954368677,BEARISH,RSI_NORMAL,LOW_VOLATILITY
2026-03-05,1919.0,1929.1,1897.2,1907.0,11400000.0,1899.0,1974.7900000000002,32.06539873206536,0.013516658273667981,BEARISH,RSI_NORMAL,LOW_VOLATILITY
2026-03-06,1900.0,1902.1,1867.1,1870.8,10900000.0,1887.2400000000002,1968.7099999999998,29.469487887151132,0.013659155075139297,BEARISH,RSI_LOW,LOW_VOLATILITY
2026-03-09,1831.0,1872.4,1818.1,1866.7,8070000.0,1884.72,1960.125,23.371522094926277,0.012204916334023565,BEARISH,RSI_LOW,LOW_VOLATILITY
2026-03-10,1880.8,1881.0,1846.5,1850.4,11740000.0,1880.1599999999999,1950.7350000000001,22.833386632555104,0.01220046470212167,BEARISH,RSI_LOW,LOW_VOLATILITY
2026-03-11,1841.0,1847.7,1799.5,1807.0,9550000.0,1860.3800000000003,1940.52,19.712351945854422,0.012776197912011343,BEARISH,RSI_LOW,LOW_VOLATILITY
2026-03-12,1797.9,1817.8,1791.0,1801.3,12920000.0,1839.2400000000002,1929.98,21.369611739529134,0.012717916776865065,BEARISH,RSI_LOW,LOW_VOLATILITY
2026-03-13,1781.1,1816.0,1776.6,1803.4,8970000.0,1825.7600000000002,1919.425,22.641509433962227,0.012717178090308742,BEARISH,RSI_LOW,LOW_VOLATILITY
2026-03-16,1798.0,1804.9,1770.9,1788.8,14260000.0,1810.1799999999998,1908.6300000000003,16.661336744483506,0.012729972610279854,BEARISH,RSI_LOW,LOW_VOLATILITY
2026-03-17,1797.0,1834.5,1791.1,1827.0,7180000.0,1805.5,1898.5100000000002,30.65173116089612,0.013534347721454482,BEARISH,RSI_NORMAL,LOW_VOLATILITY
2026-03-18,1826.8,1869.0,1826.8,1855.4,6430000.0,1815.1799999999998,1890.2649999999999,40.18280297901151,0.014305394163789367,BEARISH,RSI_NORMAL,LOW_VOLATILITY
2026-03-19,1826.6,1861.3,1816.3,1827.0,7150000.0,1820.3200000000002,1880.525,33.32249674902475,0.014465708431455478,BEARISH,RSI_NORMAL,LOW_VOLATILITY
2026-03-20,1834.0,1860.9,1834.0,1846.1,7690000.0,1828.86,1873.4,43.99421128798842,0.014592063710013743,BEARISH,RSI_NORMAL,LOW_VOLATILITY
2026-03-23,1827.0,1830.0,1792.0,1795.9,6870000.0,1830.28,1864.325,37.940717628705166,0.015516490644218579,BEARISH,RSI_NORMAL,LOW_VOLATILITY
2026-03-24,1816.3,1826.8,1781.0,1802.1,7540000.0,1825.3,1854.565,32.34693877551017,0.015253891016041096,BEARISH,RSI_NORMAL,LOW_VOLATILITY
2026-03-25,1814.0,1849.2,1810.1,1834.9,12470000.0,1821.2,1849.2599999999998,38.931532084740574,0.015071073312645601,BEARISH,RSI_NORMAL,LOW_VOLATILITY
2026-03-27,1839.9,1856.9,1818.4,1843.9,24490000.0,1824.5800000000004,1845.7849999999999,45.494137353433864,0.014907430447645071,BEARISH,RSI_NORMAL,LOW_VOLATILITY
2026-03-30,1818.0,1824.5,1774.5,1782.4,14240000.0,1811.8400000000001,1838.425,38.15678561393651,0.016270713522511675,BEARISH,RSI_NORMAL,LOW_VOLATILITY
2026-04-01,1811.0,1817.3,1776.5,1781.9,10690000.0,1809.0400000000002,1833.5549999999998,39.92943251984712,0.01541529228867845,BEARISH,RSI_NORMAL,LOW_VOLATILITY
2026-04-02,1765.0,1799.4,1746.9,1789.7,10860000.0,1806.5600000000002,1829.3799999999999,47.1592775041051,0.015491081435664581,BEARISH,RSI_NORMAL,LOW_VOLATILITY
2026-04-06,1812.1,1814.3,1763.4,1792.8,8180000.0,1798.14,1823.725,48.59224908910235,0.014827749872216175,BEARISH,RSI_NORMAL,LOW_VOLATILITY
2026-04-07,1788.1,1840.0,1772.0,1830.3,10060000.0,1795.42,1819.8899999999999,53.98754817669728,0.015751100308893113,BULLISH,RSI_NORMAL,LOW_VOLATILITY
2026-04-08,1864.0,1871.5,1840.2,1861.6,11590000.0,1811.2600000000002,1819.4300000000003,60.282485875706215,0.015761831382957517,BULLISH,RSI_NORMAL,LOW_VOLATILITY
2026-04-09,1869.9,1869.9,1846.1,1859.4,10110000.0,1826.7599999999998,1819.0649999999998,55.09433962264153,0.015756488905405926,BULLISH,RSI_NORMAL,LOW_VOLATILITY
2026-04-10,1868.0,1874.6,1859.9,1870.0,5860000.0,1842.8200000000002,1820.0449999999996,52.43171219187208,0.015669512296469186,BULLISH,RSI_NORMAL,LOW_VOLATILITY
2026-04-13,1838.0,1893.7,1838.0,1870.9,10370000.0,1858.44,1823.2399999999998,58.04913824715809,0.01461032474816201,BULLISH,RSI_NORMAL,LOW_VOLATILITY
2026-04-15,1880.5,1890.9,1853.6,1855.7,11050000.0,1863.52,1825.9600000000003,51.78571428571431,0.014741442300058541,BULLISH,RSI_NORMAL,LOW_VOLATILITY
2026-04-16,1863.5,1864.9,1823.2,1840.6,15870000.0,1859.3200000000002,1827.8200000000002,59.563543003851066,0.014901519649569643,BULLISH,RSI_NORMAL,LOW_VOLATILITY
2026-04-17,1837.1,1851.4,1829.7,1846.9,7340000.0,1856.8200000000002,1830.725,59.580838323353326,0.01474808746673151,BULLISH,RSI_NORMAL,LOW_VOLATILITY
2026-04-20,1865.0,1865.0,1839.2,1846.1,9240000.0,1852.0400000000002,1831.6799999999998,52.77502477700689,0.014006118285259375,BULLISH,RSI_NORMAL,LOW_VOLATILITY
2026-04-21,1830.0,1868.9,1830.0,1855.0,10490000.0,1848.86,1831.6600000000003,52.75161130391668,0.013603949707150476,BULLISH,RSI_NORMAL,LOW_VOLATILITY
2026-04-22,1850.2,1857.9,1825.3,1829.0,5690000.0,1843.5199999999998,1831.7600000000002,64.01925391095061,0.01352999833222656,BEARISH,RSI_NORMAL,LOW_VOLATILITY
2026-04-23,1821.8,1846.0,1812.1,1841.2,7490000.0,1843.64,1831.5149999999999,66.66666666666661,0.013404080974897497,BULLISH,RSI_NORMAL,LOW_VOLATILITY
2026-04-24,1845.0,1850.7,1807.3,1814.5,6310000.0,1837.1600000000003,1832.4450000000002,56.30081300813006,0.012306856135291708,BEARISH,RSI_NORMAL,LOW_VOLATILITY
2026-04-27,1816.1,1828.4,1814.0,1820.1,4410000.0,1831.9599999999998,1833.3449999999998,56.84897139989962,0.012302643112971213,BEARISH,RSI_NORMAL,LOW_VOLATILITY
2026-04-28,1826.0,1852.0,1812.6,1843.8,10560000.0,1829.72,1833.7900000000002,53.6388140161725,0.011961737322309828,BULLISH,RSI_NORMAL,LOW_VOLATILITY
2026-04-29,1848.0,1900.4,1845.4,1888.1,7710000.0,1841.5400000000002,1836.0,56.675062972292174,0.013061877487707249,BULLISH,RSI_NORMAL,LOW_VOLATILITY
2026-04-30,1860.0,1906.0,1860.0,1886.8,12710000.0,1850.6599999999999,1841.22,56.93319838056674,0.010243326068607825,BULLISH,RSI_NORMAL,LOW_VOLATILITY
2026-05-04,1873.2,1895.3,1821.7,1827.1,10710000.0,1853.1799999999998,1843.48,41.305229023105,0.012829559467915584,BEARISH,RSI_NORMAL,LOW_VOLATILITY
2026-05-05,1828.0,1846.0,1801.0,1806.1,11410000.0,1850.3799999999999,1844.3,37.856071964017985,0.01311883571292261,BEARISH,RSI_NORMAL,LOW_VOLATILITY
2026-05-06,1817.0,1841.5,1813.8,1833.7,5510000.0,1848.36,1846.345,46.06017191977078,0.01352723506808872,BEARISH,RSI_NORMAL,LOW_VOLATILITY
2026-05-07,1835.0,1843.9,1821.2,1826.6,7910000.0,1836.06,1846.1600000000003,47.4188790560472,0.012739806180057506,BEARISH,RSI_NORMAL,LOW_VOLATILITY
2026-05-08,1820.0,1840.8,1815.2,1834.5,4840000.0,1825.6,1844.8049999999998,47.72727272727272,0.012142229686219756,BEARISH,RSI_NORMAL,LOW_VOLATILITY
2026-05-11,1814.0,1819.8,1756.0,1759.8,15800000.0,1812.14,1839.825,37.55408133833288,0.015091592096692847,BEARISH,RSI_NORMAL,LOW_VOLATILITY
2026-05-12,1751.5,1776.5,1751.5,1756.8,11950000.0,1802.28,1834.1650000000002,35.59272300469485,0.014966521380116598,BEARISH,RSI_NORMAL,LOW_VOLATILITY
2026-05-13,1740.5,1798.0,1740.5,1789.2,9830000.0,1793.3799999999999,1830.08,44.268433179723516,0.015707568007743908,BEARISH,RSI_NORMAL,LOW_VOLATILITY
2026-05-14,1820.0,1889.2,1797.3,1883.5,21280000.0,1804.7599999999998,1831.4699999999998,54.92662473794549,0.019830262785089283,BULLISH,RSI_NORMAL,HIGH_VOLATILITY
2026-05-15,1883.2,1922.9,1880.4,1905.4,15810000.0,1818.9399999999998,1834.7099999999998,60.706713780918726,0.019847106192246413,BULLISH,RSI_NORMAL,HIGH_VOLATILITY
2026-05-18,1904.8,1953.8,1890.4,1938.1,13890000.0,1854.6,1839.2699999999998,63.06465899025685,0.020137572851991525,BULLISH,RSI_NORMAL,HIGH_VOLATILITY
2026-05-19,1928.4,1942.0,1907.8,1913.5,8960000.0,1885.94,1842.6399999999999,57.70165745856354,0.020419536352951666,BULLISH,RSI_NORMAL,HIGH_VOLATILITY
2026-05-20,1914.0,1914.0,1897.7,1904.9,5780000.0,1909.08,1845.1349999999998,52.015355086372374,0.02045781546810133,BULLISH,RSI_NORMAL,HIGH_VOLATILITY
2026-05-21,1911.0,1915.3,1880.8,1885.3,6420000.0,1909.44,1847.95,49.8276258331418,0.020325337247660454,BULLISH,RSI_NORMAL,HIGH_VOLATILITY
2026-05-22,1891.3,1896.6,1869.3,1871.4,5100000.0,1902.64,1849.4600000000003,55.689699460570274,0.020387523076695224,BULLISH,RSI_NORMAL,HIGH_VOLATILITY
2026-05-25,1892.5,1892.5,1863.1,1874.8,5900000.0,1889.98,1852.475,59.24132364810332,0.02005793154930654,BULLISH,RSI_NORMAL,HIGH_VOLATILITY
2026-05-26,1874.0,1874.0,1844.8,1846.9,5800000.0,1876.6600000000003,1853.815,51.7741935483871,0.020398032392276205,BEARISH,RSI_NORMAL,HIGH_VOLATILITY
2026-05-27,1840.4,1869.4,1840.4,1852.2,8650000.0,1866.1200000000001,1854.235,53.45759049162617,0.0202066726994924,BEARISH,RSI_NORMAL,HIGH_VOLATILITY
2026-05-29,1860.0,1860.0,1818.5,1829.0,52890000.0,1854.8600000000001,1851.28,49.28664072632944,0.01960320429151525,BEARISH,RSI_NORMAL,HIGH_VOLATILITY
2026-06-01,1830.0,1842.0,1803.9,1810.6,6390000.0,1842.7,1847.47,57.71567436208991,0.01969690120804882,BEARISH,RSI_NORMAL,HIGH_VOLATILITY
2026-06-02,1785.0,1825.0,1777.4,1814.2,10790000.0,1830.58,1846.825,58.7022437841116,0.018415984814271282,BEARISH,RSI_NORMAL,HIGH_VOLATILITY
2026-06-03,1829.9,1835.5,1804.9,1824.1,5830000.0,1826.02,1847.725,55.67849007484541,0.018257977944780696,BEARISH,RSI_NORMAL,HIGH_VOLATILITY
2026-06-04,1815.0,1829.8,1798.4,1818.9,6740000.0,1819.36,1846.985,35.197066911090715,0.017940791525454393,BEARISH,RSI_NORMAL,HIGH_VOLATILITY
2026-06-05,1824.9,1827.8,1790.7,1798.2,3930000.0,1813.2,1845.5649999999998,25.29953917050682,0.018098365753425803,BEARISH,RSI_LOW,HIGH_VOLATILITY
2026-06-08,1775.1,1820.1,1771.0,1813.3,6320000.0,1813.7400000000002,1844.5049999999999,18.706118355065115,0.018179757786066147,BEARISH,RSI_LOW,HIGH_VOLATILITY
2026-06-09,1837.0,1837.0,1789.2,1799.0,10380000.0,1810.7,1846.4650000000001,19.72501322051815,0.01565702589507395,BEARISH,RSI_LOW,LOW_VOLATILITY
2026-06-10,1799.0,1807.7,1771.0,1775.2,8000000.0,1800.92,1847.3849999999998,18.257464512971026,0.01597896236520783,BEARISH,RSI_LOW,LOW_VOLATILITY
2026-06-11,1773.0,1796.0,1768.6,1782.6,5020000.0,1793.6599999999999,1847.0550000000003,23.26913066111389,0.015452048695557974,BEARISH,RSI_LOW,LOW_VOLATILITY
2026-06-12,1784.0,1825.0,1784.0,1822.5,5910000.0,1798.5199999999998,1844.0050000000003,38.789546079779875,0.010783238454540343,BEARISH,RSI_NORMAL,LOW_VOLATILITY
2026-06-15,1841.0,1857.0,1816.0,1841.2,5310000.0,1804.1,1840.795,42.802056555269935,0.010699076547175411,BULLISH,RSI_NORMAL,LOW_VOLATILITY
2026-06-16,1840.2,1859.2,1837.2,1853.0,5960000.0,1814.9,1836.5400000000002,51.40358950759317,0.009947345212062704,BULLISH,RSI_NORMAL,LOW_VOLATILITY
2026-06-17,1853.0,1878.0,1841.5,1875.7,7650000.0,1835.0,1834.65,55.0063911376225,0.0101240578492944,BULLISH,RSI_NORMAL,LOW_VOLATILITY
2026-06-18,1878.8,1878.8,1861.8,1874.8,4260000.0,1853.44,1833.145,60.781544256120526,0.010089794401370804,BULLISH,RSI_NORMAL,LOW_VOLATILITY
2026-06-19,1874.3,1917.5,1867.2,1910.8,15920000.0,1871.1,1834.42,71.7826086956522,0.010755034530752678,BULLISH,RSI_HIGH,LOW_VOLATILITY
2026-06-22,1915.8,1924.5,1901.0,1916.6,3800000.0,1886.1799999999998,1836.6799999999998,72.04995693367786,0.010593081175105067,BULLISH,RSI_HIGH,LOW_VOLATILITY
2026-06-23,1907.6,1927.7,1896.7,1901.6,5160000.0,1895.9,1838.02,66.32954066582387,0.010783538228037506,BULLISH,RSI_NORMAL,LOW_VOLATILITY
2026-06-24,1891.2,1894.1,1872.9,1877.3,8960000.0,1896.2199999999998,1839.5400000000002,61.38845553822151,0.010632137151445842,BULLISH,RSI_NORMAL,LOW_VOLATILITY
2026-06-25,1885.0,1889.0,1848.0,1850.7,8520000.0,1891.4,1839.4650000000001,60.00762485703394,0.011134289069784043,BULLISH,RSI_NORMAL,LOW_VOLATILITY
2026-06-29,1837.1,1849.8,1833.1,1841.1,10940000.0,1877.4599999999998,1840.0700000000002,55.41277258566977,0.010815512489170311,BULLISH,RSI_NORMAL,LOW_VOLATILITY
2026-06-30,1853.0,1876.6,1843.2,1852.0,7230000.0,1864.5399999999997,1842.1399999999999,60.45777426992897,0.010591199827864103,BULLISH,RSI_NORMAL,LOW_VOLATILITY
2026-07-01,1845.6,1887.0,1845.6,1871.0,4310000.0,1858.42,1844.98,69.26790024135155,0.010783968460265655,BULLISH,RSI_NORMAL,LOW_VOLATILITY
2026-07-02,1860.8,1883.8,1850.2,1875.0,5280000.0,1857.9599999999998,1847.525,68.84176182707994,0.01074692815835601,BULLISH,RSI_NORMAL,LOW_VOLATILITY
2026-07-03,1890.0,1913.0,1885.0,1910.4,5090000.0,1869.9,1852.1,68.25924387203989,0.011371531677140353,BULLISH,RSI_NORMAL,LOW_VOLATILITY
2026-07-06,1916.8,1932.7,1915.6,1925.7,2740000.0,1886.8200000000002,1858.475,67.80446691951116,0.010942660265271246,BULLISH,RSI_NORMAL,LOW_VOLATILITY
2026-07-07,1923.5,1956.5,1917.0,1925.8,5770000.0,1901.58,1864.1,66.13475177304963,0.010904643543735918,BULLISH,RSI_NORMAL,LOW_VOLATILITY
2026-07-08,1911.0,1924.2,1875.1,1888.1,6190000.0,1905.0,1868.5549999999998,52.57689110556938,0.011799439504602025,BULLISH,RSI_NORMAL,LOW_VOLATILITY
2026-07-09,1902.0,1966.0,1898.8,1931.1,11150000.0,1916.2199999999998,1876.35,59.957552175451,0.012020001428052672,BULLISH,RSI_NORMAL,LOW_VOLATILITY
2026-07-10,1930.0,1930.0,1906.0,1920.4,6420000.0,1918.22,1883.2399999999998,51.86480186480189,0.012219423599785709,BULLISH,RSI_NORMAL,LOW_VOLATILITY
2026-07-13,1914.0,1917.0,1896.7,1901.8,7860000.0,1913.44,1887.205,47.26128793486308,0.011747624474727391,BULLISH,RSI_NORMAL,LOW_VOLATILITY
2026-07-14,1885.0,1941.1,1885.0,1936.5,6960000.0,1915.58,1891.97,56.0193170058641,0.012164396641671231,BULLISH,RSI_NORMAL,LOW_VOLATILITY
2026-07-15,1953.7,1953.7,1916.6,1918.3,5760000.0,1921.6199999999997,1895.235,57.22339675828047,0.012414613221262293,BULLISH,RSI_NORMAL,LOW_VOLATILITY
2026-07-16,1928.0,1936.0,1917.0,1921.8,4640000.0,1919.7599999999998,1897.5400000000002,63.6363636363636,0.012169447108191525,BULLISH,RSI_NORMAL,LOW_VOLATILITY
2026-07-17,1918.0,1925.2,1902.7,1908.8,4720000.0,1917.44,1899.2400000000002,62.81711472926922,0.012297875044289964,BULLISH,RSI_NORMAL,LOW_VOLATILITY
2026-07-20,1901.2,1942.5,1901.2,1940.1,6440000.0,1925.1,1900.705,65.48330404217924,0.012093353604991466,BULLISH,RSI_NORMAL,LOW_VOLATILITY
2026-07-21,1946.4,1952.0,1938.7,1948.4,5060000.0,1927.48,1902.295,64.13440467494522,0.012108462508958917,BULLISH,RSI_NORMAL,LOW_VOLATILITY
2026-07-22,1942.4,1956.0,1939.5,1949.0,6590000.0,1933.6200000000001,1904.6650000000002,63.683431952662716,0.011935563895865553,BULLISH,RSI_NORMAL,LOW_VOLATILITY
2026-07-23,1948.0,1948.9,1925.8,1931.0,5610000.0,1935.4599999999998,1907.35,54.071146245059275,0.011740304059010017,BULLISH,RSI_NORMAL,LOW_VOLATILITY
2026-07-24,1900.2,1905.0,1878.0,1898.2,4480000.0,1933.3400000000001,1909.725,44.91682070240296,0.01195283940947794,BEARISH,RSI_NORMAL,LOW_VOLATILITY
2026-07-27,1892.0,1917.0,1890.0,1905.3,5230000.0,1926.3799999999999,1912.9350000000002,46.30630630630631,0.01186278426780911,BEARISH,RSI_NORMAL,LOW_VOLATILITY
2026-07-28,1901.0,1908.4,1892.4,1901.8,6310000.0,1917.0600000000002,1915.425,52.81545417180436,0.011847161255354345,BEARISH,RSI_NORMAL,LOW_VOLATILITY
2026-07-29,1915.2,1957.0,1913.1,1950.2,6320000.0,1917.3,1919.3850000000002,53.839967832730224,0.012886727751549537,BULLISH,RSI_NORMAL,LOW_VOLATILITY
2026-07-30,1954.0,1963.2,1943.9,1956.8,5360000.0,1922.4600000000003,1923.475,57.440719542109534,0.012889660881369887,BULLISH,RSI_NORMAL,LOW_VOLATILITY
2026-07-31,1969.0,1976.4,1947.4,1972.0,6530000.0,1937.22,1926.5549999999998,64.55223880597015,0.012362256672299655,BULLISH,RSI_NORMAL,LOW_VOLATILITY
