Date,Open,High,Low,Close,Volume,MA5,MA20,RSI,Volatility,Trend,RSI_Condition,Volatility_Condition
2015-01-01,157.4,159.0,155.4,158.45,2350000.0,,,,,,,
2015-01-02,158.9,161.2,158.35,160.1,2920000.0,,,,,,,
2015-01-05,161.0,161.95,155.5,156.85,4830000.0,,,,,,,
2015-01-06,156.3,156.3,151.15,153.4,7050000.0,,,,,,,
2015-01-07,153.8,154.5,146.7,148.9,6640000.0,155.54000000000002,,,,,,
2015-01-08,150.7,153.2,148.55,152.55,3540000.0,154.35999999999999,,,,,,
2015-01-09,153.1,155.25,152.1,155.0,3740000.0,153.34,,,,,,
2015-01-12,155.2,155.2,150.5,151.1,4660000.0,152.19,,,,,,
2015-01-13,152.1,154.4,150.75,151.7,4320000.0,151.85,,,,,,
2015-01-14,150.95,151.35,140.8,142.15,13580000.0,150.5,,,,,,
2015-01-15,143.55,145.75,138.35,141.9,10860000.0,148.37,,,,,,
2015-01-16,141.5,143.4,137.75,138.55,9100000.0,145.07999999999998,,,,,,
2015-01-19,140.95,141.7,139.5,140.25,8540000.0,142.91,,,,,,
2015-01-20,141.0,145.2,141.0,144.7,8860000.0,141.51000000000002,,,,,,
2015-01-21,145.65,146.35,140.5,143.2,8870000.0,141.72,,32.768361581920885,,,RSI_NORMAL,
2015-01-22,143.05,144.9,141.1,143.45,6920000.0,142.03,,30.571761960326683,,,RSI_NORMAL,
2015-01-23,145.6,146.25,142.1,144.8,6940000.0,143.28,,35.28693528693529,,,RSI_NORMAL,
2015-01-27,139.9,144.5,139.0,142.5,7890000.0,143.73,,36.30653266331657,,,RSI_NORMAL,
2015-01-28,141.75,143.1,139.65,140.15,7500000.0,142.82,,38.37981407702523,,,RSI_NORMAL,
2015-01-29,139.9,142.9,138.25,142.4,10640000.0,142.66000000000003,147.605,35.999999999999986,,BEARISH,RSI_NORMAL,
2015-01-30,143.0,143.1,138.6,139.7,7570000.0,141.91,146.66750000000002,29.041095890410944,0.022555413253376202,BEARISH,RSI_LOW,HIGH_VOLATILITY
2015-02-02,140.0,145.7,139.5,145.25,7300000.0,142.0,145.925,42.33289646133684,0.024545086206394097,BEARISH,RSI_NORMAL,HIGH_VOLATILITY
2015-02-03,145.85,148.5,142.9,146.45,6260000.0,142.79000000000002,145.405,43.2258064516129,0.02441203805744303,BULLISH,RSI_NORMAL,HIGH_VOLATILITY
2015-02-04,147.0,153.8,146.0,152.4,8350000.0,145.23999999999998,145.355,64.58036984352772,0.025840457585752864,BULLISH,RSI_NORMAL,HIGH_VOLATILITY
2015-02-05,152.3,153.9,146.75,148.05,6670000.0,146.36999999999998,145.3125,57.8343949044586,0.025793726206638203,BULLISH,RSI_NORMAL,HIGH_VOLATILITY
2015-02-06,148.0,150.0,145.65,147.3,5620000.0,147.89000000000001,145.05,61.93724420190995,0.02515629435371524,BULLISH,RSI_NORMAL,HIGH_VOLATILITY
2015-02-09,146.3,149.0,145.5,146.55,9740000.0,148.15,144.6275,58.82352941176471,0.024823974437233963,BULLISH,RSI_NORMAL,HIGH_VOLATILITY
2015-02-10,148.5,153.7,146.55,149.2,8710000.0,148.7,144.5325,56.637168141592916,0.024629188168697497,BULLISH,RSI_NORMAL,HIGH_VOLATILITY
2015-02-11,149.55,151.5,147.05,149.85,6150000.0,148.19,144.44,60.06051437216339,0.024632893635579987,BULLISH,RSI_NORMAL,HIGH_VOLATILITY
2015-02-12,151.8,153.4,149.05,152.8,10710000.0,149.14000000000001,144.97250000000003,63.076923076923094,0.020085534712393993,BULLISH,RSI_NORMAL,LOW_VOLATILITY
2015-02-13,153.0,156.1,152.0,153.55,5670000.0,150.39000000000001,145.555,62.446657183499276,0.02004354456016622,BULLISH,RSI_NORMAL,LOW_VOLATILITY
2015-02-16,157.0,158.0,150.25,150.95,4950000.0,151.27,146.175,61.91819464033848,0.019607948276486452,BULLISH,RSI_NORMAL,LOW_VOLATILITY
2015-02-18,151.0,152.45,149.6,151.65,3720000.0,151.76,146.745,67.0118343195266,0.01952236692485503,BULLISH,RSI_NORMAL,LOW_VOLATILITY
2015-02-19,151.0,157.8,150.1,156.25,8189999.999999999,153.04000000000002,147.32250000000002,69.15629322268322,0.019420589802751874,BULLISH,RSI_NORMAL,LOW_VOLATILITY
2015-02-20,158.0,160.7,155.2,156.55,6630000.0,153.79000000000002,147.98999999999998,74.96296296296296,0.019133608709523693,BULLISH,RSI_HIGH,LOW_VOLATILITY
2015-02-23,161.6,161.8,154.2,154.85,6740000.0,154.05,148.56,66.05351170568557,0.019439091313663417,BULLISH,RSI_NORMAL,LOW_VOLATILITY
2015-02-24,155.0,156.9,151.4,153.65,6460000.0,154.59,149.0025,62.04013377926422,0.019566406206715962,BULLISH,RSI_NORMAL,LOW_VOLATILITY
2015-02-25,154.6,155.45,152.25,153.65,3480000.0,154.98999999999998,149.56,52.60960334029227,0.019069163346256156,BULLISH,RSI_NORMAL,LOW_VOLATILITY
2015-02-26,153.1,154.0,148.0,149.75,9010000.0,153.69,150.04000000000002,53.61702127659571,0.019664998337636626,BEARISH,RSI_NORMAL,LOW_VOLATILITY
2015-02-27,150.55,155.8,149.8,155.15,6530000.0,153.41,150.6775,63.94316163410298,0.020812506908507125,BULLISH,RSI_NORMAL,LOW_VOLATILITY
2015-02-28,156.3,156.4,151.2,152.85,4000000.0,153.01,151.33499999999998,60.60606060606055,0.020586420822911053,BULLISH,RSI_NORMAL,LOW_VOLATILITY
2015-03-02,154.2,157.4,153.5,156.55,4450000.0,153.59,151.9,61.95121951219512,0.01945840253697528,BULLISH,RSI_NORMAL,LOW_VOLATILITY
2015-03-03,157.5,159.3,156.15,158.7,3720000.0,154.6,152.5125,63.72093023255809,0.019560691946162848,BULLISH,RSI_NORMAL,LOW_VOLATILITY
2015-03-04,160.0,160.0,152.3,153.1,5560000.0,155.27,152.54749999999999,50.42979942693406,0.0194863184046793,BULLISH,RSI_NORMAL,LOW_VOLATILITY
2015-03-05,153.05,154.0,146.9,148.1,8400000.0,153.86,152.55,43.03959131545337,0.01982686773040164,BEARISH,RSI_NORMAL,LOW_VOLATILITY
2015-03-09,149.4,149.85,140.0,140.8,8029999.999999999,151.45,152.225,38.426453819840404,0.022703066496600074,BEARISH,RSI_NORMAL,HIGH_VOLATILITY
2015-03-10,142.6,142.6,136.65,138.05,6590000.0,147.75,151.8,35.18518518518519,0.023033497998399235,BEARISH,RSI_NORMAL,HIGH_VOLATILITY
2015-03-11,138.85,138.85,127.2,130.35,21560000.0,142.08,150.85750000000002,23.571428571428584,0.02532776367228749,BEARISH,RSI_LOW,HIGH_VOLATILITY
2015-03-12,131.75,135.7,129.1,134.9,14240000.0,138.44,150.11,29.671361502347423,0.026885343215295024,BEARISH,RSI_LOW,HIGH_VOLATILITY
2015-03-13,136.7,136.75,131.05,131.7,6690000.0,135.16,149.055,28.85844748858449,0.02654646743352394,BEARISH,RSI_LOW,HIGH_VOLATILITY
2015-03-16,131.0,131.4,123.1,126.8,10790000.0,132.36,147.71750000000003,27.0316509837468,0.027208718733977833,BEARISH,RSI_LOW,HIGH_VOLATILITY
2015-03-17,128.0,134.75,126.8,134.25,9700000.0,131.6,146.8825,35.28072837632777,0.031062860189715356,BEARISH,RSI_NORMAL,HIGH_VOLATILITY
2015-03-18,134.0,134.8,131.8,133.15,4150000.000000001,132.16000000000003,145.95749999999998,36.84627575277339,0.030977316690549435,BEARISH,RSI_NORMAL,HIGH_VOLATILITY
2015-03-19,134.0,136.2,131.3,132.3,4630000.0,131.64,144.76,30.4867634500427,0.029773585602297058,BEARISH,RSI_NORMAL,HIGH_VOLATILITY
2015-03-20,132.15,135.0,130.55,132.05,4840000.0,131.71,143.53500000000003,31.592920353982322,0.02971983283040838,BEARISH,RSI_NORMAL,HIGH_VOLATILITY
2015-03-23,131.95,136.8,131.95,135.9,6310000.0,133.53,142.5875,31.774051191526908,0.030846634188890658,BEARISH,RSI_NORMAL,HIGH_VOLATILITY
2015-03-24,135.8,135.9,132.0,132.85,4390000.0,133.25000000000003,141.5475,27.541268462206787,0.03106335894245171,BEARISH,RSI_LOW,HIGH_VOLATILITY
2015-03-25,133.0,134.45,132.35,132.9,2900000.0,133.2,140.51,30.576923076923094,0.0310678016175434,BEARISH,RSI_NORMAL,HIGH_VOLATILITY
2015-03-26,132.4,133.4,128.55,129.55,7960000.0,132.65,139.5,31.578947368421083,0.031062294038393227,BEARISH,RSI_NORMAL,HIGH_VOLATILITY
2015-03-27,131.0,134.45,130.05,133.95,5240000.0,133.03,138.44,42.781875658587964,0.030913370097278254,BEARISH,RSI_NORMAL,HIGH_VOLATILITY
2015-03-30,134.25,134.7,130.3,131.15,3650000.0,132.07999999999998,137.355,42.73684210526315,0.03102542064705771,BEARISH,RSI_NORMAL,HIGH_VOLATILITY
2015-03-31,133.0,133.45,128.4,129.0,8520000.0,131.31,135.9775,48.39094159713946,0.030181145399415975,BEARISH,RSI_NORMAL,HIGH_VOLATILITY
2015-04-01,129.0,132.9,127.5,132.2,7180000.0,131.17000000000002,134.6525,46.67487684729061,0.03072069824612092,BEARISH,RSI_NORMAL,HIGH_VOLATILITY
2015-04-06,133.4,135.1,132.0,134.7,5540000.0,132.2,133.73250000000002,53.759398496240614,0.0306373187102295,BULLISH,RSI_NORMAL,HIGH_VOLATILITY
2015-04-07,135.0,137.55,134.2,136.95,6510000.0,132.8,133.175,63.624161073825505,0.030358326138788617,BULLISH,RSI_NORMAL,HIGH_VOLATILITY
2015-04-08,137.25,138.9,136.15,137.95,6180000.0,134.16,133.0325,56.0064935064935,0.028439275780233753,BULLISH,RSI_NORMAL,HIGH_VOLATILITY
2015-04-09,138.6,140.85,136.6,139.9,6140000.0,136.34,133.125,60.66350710900475,0.028257948861857222,BULLISH,RSI_NORMAL,HIGH_VOLATILITY
2015-04-10,139.0,139.2,137.05,137.9,4860000.0,137.48,133.5025,58.53658536585365,0.025227721342299947,BULLISH,RSI_NORMAL,HIGH_VOLATILITY
2015-04-13,138.0,138.95,135.1,136.1,5020000.0,137.76,133.5625,55.895196506550185,0.02430986443052266,BULLISH,RSI_NORMAL,HIGH_VOLATILITY
2015-04-15,136.0,137.4,134.6,135.15,8710000.0,137.4,133.73499999999999,48.807631160572335,0.023704644776768303,BULLISH,RSI_NORMAL,HIGH_VOLATILITY
2015-04-16,135.85,137.9,135.4,137.15,5460000.0,137.24,134.2525,57.07236842105265,0.02202122540340514,BULLISH,RSI_NORMAL,HIGH_VOLATILITY
2015-04-17,138.0,141.7,137.6,139.75,8670000.0,137.20999999999998,134.52749999999997,60.394537177541736,0.018314334287809604,BULLISH,RSI_NORMAL,LOW_VOLATILITY
2015-04-20,140.9,141.7,137.2,138.25,5670000.0,137.28,134.7825,63.98713826366559,0.018398576163441534,BULLISH,RSI_NORMAL,LOW_VOLATILITY
2015-04-21,138.4,139.35,133.7,134.3,6240000.0,136.92,134.8825,50.57096247960852,0.01956526127679748,BEARISH,RSI_NORMAL,LOW_VOLATILITY
2015-04-22,133.5,135.5,132.6,134.65,6260000.0,136.82,135.0125,56.205673758865245,0.019556961532853318,BEARISH,RSI_NORMAL,LOW_VOLATILITY
2015-04-23,135.5,137.0,133.8,135.05,6780000.0,136.4,134.97,61.43667296786392,0.018427798559199026,BULLISH,RSI_NORMAL,LOW_VOLATILITY
2015-04-24,134.85,135.8,130.1,131.15,7490000.0,134.68,134.885,48.066298342541465,0.018887926045620614,BEARISH,RSI_NORMAL,LOW_VOLATILITY
2015-04-27,132.0,132.95,128.25,130.05,4810000.0,133.04000000000002,134.7425,40.97087378640781,0.018968637032661634,BEARISH,RSI_NORMAL,LOW_VOLATILITY
2015-04-28,130.9,132.45,129.6,131.35,6150000.0,132.45000000000002,134.8325,38.70967741935485,0.018213914589923524,BEARISH,RSI_NORMAL,LOW_VOLATILITY
2015-04-29,131.4,131.4,128.7,130.6,7220000.0,131.64000000000001,134.665,35.03054989816701,0.01649692208187425,BEARISH,RSI_NORMAL,LOW_VOLATILITY
2015-04-30,130.0,130.9,127.05,128.6,11620000.0,130.35,134.5375,27.032520325203194,0.01618889270787221,BEARISH,RSI_LOW,LOW_VOLATILITY
2015-05-04,130.4,133.6,129.5,133.15,4000000.0,130.75,134.745,41.252302025782676,0.01764750777533424,BEARISH,RSI_NORMAL,LOW_VOLATILITY
2015-05-05,133.45,140.2,132.35,139.35,8950000.0,132.60999999999999,135.1025,55.150554675118876,0.01969647004507453,BULLISH,RSI_NORMAL,LOW_VOLATILITY
2015-05-06,138.9,142.0,135.05,137.75,9500000.0,133.89,135.255,54.03726708074534,0.019561672060763372,BULLISH,RSI_NORMAL,LOW_VOLATILITY
2015-05-07,136.9,136.9,132.25,134.3,5760000.0,134.63,135.1225,45.76523031203566,0.020052843984867657,BEARISH,RSI_NORMAL,LOW_VOLATILITY
2015-05-08,135.2,139.5,134.85,138.95,4140000.0,136.7,135.17249999999999,48.879551820728274,0.021510578121937473,BULLISH,RSI_NORMAL,LOW_VOLATILITY
2015-05-11,140.8,145.1,140.2,142.5,6190000.0,138.57,135.30249999999998,55.62913907284769,0.02203416841090745,BULLISH,RSI_NORMAL,HIGH_VOLATILITY
2015-05-12,142.4,142.5,136.2,137.6,5820000.0,138.22,135.2875,54.26356589147285,0.023202343764708953,BULLISH,RSI_NORMAL,HIGH_VOLATILITY
2015-05-13,134.9,136.4,131.75,133.5,9200000.0,137.37,135.15749999999997,48.6454652532391,0.02399224363545043,BEARISH,RSI_NORMAL,HIGH_VOLATILITY
2015-05-14,134.1,138.0,132.5,137.45,3700000.0,138.0,135.2725,52.6086956521739,0.024865317059067985,BULLISH,RSI_NORMAL,HIGH_VOLATILITY
2015-05-15,137.7,138.75,134.55,137.0,3520000.0,137.60999999999999,135.26500000000001,56.87426556991775,0.02467032233873436,BULLISH,RSI_NORMAL,HIGH_VOLATILITY
2015-05-18,138.0,141.85,137.9,139.1,5040000.0,136.93,135.23250000000002,60.39035591274396,0.024538352542657463,BULLISH,RSI_NORMAL,HIGH_VOLATILITY
2015-05-19,138.85,140.55,136.6,139.95,4360000.0,137.4,135.3175,59.97679814385152,0.02443756595027383,BULLISH,RSI_NORMAL,HIGH_VOLATILITY
2015-05-20,140.65,140.65,138.15,138.95,3050000.0,138.48999999999998,135.55,59.630911188004625,0.02353069546581881,BULLISH,RSI_NORMAL,HIGH_VOLATILITY
2015-05-21,137.7,139.9,136.25,139.1,3940000.0,138.82,135.77249999999998,62.65060240963857,0.023530982258601462,BULLISH,RSI_NORMAL,HIGH_VOLATILITY
2015-05-22,139.0,139.0,136.5,136.9,2580000.0,138.79999999999998,135.865,54.789272030651354,0.02385821134720713,BULLISH,RSI_NORMAL,HIGH_VOLATILITY
2015-05-25,136.75,138.4,133.9,134.5,2880000.0,137.88,136.0325,43.14002828854313,0.023238439509499,BEARISH,RSI_NORMAL,HIGH_VOLATILITY
2015-05-26,135.15,135.65,133.2,134.3,2690000.0,136.75,136.24499999999998,44.918998527245954,0.023134649461777745,BEARISH,RSI_NORMAL,HIGH_VOLATILITY
2015-05-27,133.0,134.6,132.2,133.55,3170000.0,135.67000000000002,136.355,48.8,0.023108629692662253,BEARISH,RSI_NORMAL,HIGH_VOLATILITY
2015-05-28,132.6,134.0,129.8,131.6,10170000.0,134.17000000000002,136.405,37.12784588441331,0.023330644016136583,BEARISH,RSI_NORMAL,HIGH_VOLATILITY
2015-05-29,130.95,133.2,128.55,129.25,11480000.0,132.64000000000001,136.4375,25.77696526508224,0.023428888103549338,BEARISH,RSI_LOW,HIGH_VOLATILITY
2015-06-01,128.75,129.8,127.75,128.35,3270000.0,131.41000000000003,136.1975,30.192719486081344,0.021980410781421034,BEARISH,RSI_NORMAL,HIGH_VOLATILITY
2015-06-02,128.95,129.2,122.9,123.25,4980000.0,129.2,135.39249999999998,28.952772073921935,0.02044335050137418,BEARISH,RSI_LOW,LOW_VOLATILITY
2015-06-03,124.05,124.9,120.0,121.95,3510000.0,126.88,134.60250000000002,14.285714285714278,0.02043103997503568,BEARISH,RSI_LOW,LOW_VOLATILITY
2015-06-04,122.3,123.55,119.0,121.3,3190000.0,124.82000000000001,133.9525,14.155251141552483,0.019926788623320722,BEARISH,RSI_LOW,LOW_VOLATILITY
2015-06-05,120.95,122.3,119.15,120.15,4160000.0,123.0,133.0125,4.773269689737475,0.01763225019456142,BEARISH,RSI_LOW,LOW_VOLATILITY
2015-06-08,120.25,121.15,117.7,118.2,4660000.0,120.97,131.7975,0.6802721088435675,0.015956632771829352,BEARISH,RSI_LOW,LOW_VOLATILITY
2015-06-09,118.0,121.3,117.55,120.1,4660000.0,120.33999999999999,130.9225,8.932461873638331,0.015749849004360307,BEARISH,RSI_LOW,LOW_VOLATILITY
2015-06-10,120.5,121.8,119.65,120.3,3300000.0,120.00999999999999,130.2625,9.130434782608674,0.014863609255486942,BEARISH,RSI_LOW,LOW_VOLATILITY
2015-06-11,120.7,121.5,118.6,119.2,4750000.0,119.59,129.35,9.58904109589038,0.012432382848907953,BEARISH,RSI_LOW,LOW_VOLATILITY
2015-06-12,118.75,119.25,116.1,116.75,5420000.0,118.91,128.3375,9.567198177676516,0.01275435798649645,BEARISH,RSI_LOW,LOW_VOLATILITY
2015-06-15,116.2,117.15,113.8,114.3,4290000.0,118.13,127.0975,8.677685950413192,0.011826458960302861,BEARISH,RSI_LOW,LOW_VOLATILITY
2015-06-16,114.65,115.5,113.6,115.0,5270000.0,117.10999999999999,125.85,11.594202898550705,0.011827410991622411,BEARISH,RSI_LOW,LOW_VOLATILITY
2015-06-17,115.0,119.15,114.8,118.55,5110000.0,116.76000000000002,124.83,24.66019417475728,0.014912293933836685,BEARISH,RSI_LOW,LOW_VOLATILITY
2015-06-18,118.5,120.6,117.65,120.0,4710000.0,116.92,123.875,31.388329979879273,0.015460258724123464,BEARISH,RSI_NORMAL,LOW_VOLATILITY
2015-06-19,122.85,123.4,120.0,120.8,7890000.0,117.72999999999999,123.07000000000001,34.74747474747474,0.015620718003999771,BEARISH,RSI_NORMAL,LOW_VOLATILITY
2015-06-22,121.0,122.0,119.9,121.2,2530000.0,119.11000000000001,122.405,44.887780548628434,0.0155142437071354,BEARISH,RSI_NORMAL,LOW_VOLATILITY
2015-06-23,122.6,124.45,121.25,121.6,4080000.0,120.42999999999999,121.77000000000001,49.08616187989554,0.01560920230853767,BEARISH,RSI_NORMAL,LOW_VOLATILITY
2015-06-24,121.95,122.75,116.6,117.25,3600000.0,120.17,120.955,41.13785557986871,0.017075869421741045,BEARISH,RSI_NORMAL,LOW_VOLATILITY
2015-06-25,117.0,118.5,115.65,118.0,5510000.0,119.77000000000001,120.275,45.21158129175945,0.017186864893258,BEARISH,RSI_NORMAL,LOW_VOLATILITY
2015-06-26,117.9,118.35,115.95,117.0,4250000.0,119.00999999999999,119.6625,47.20930232558138,0.0169524640754286,BEARISH,RSI_NORMAL,LOW_VOLATILITY
2015-06-29,115.0,115.2,111.0,112.85,6440000.0,117.34,118.8875,34.73684210526315,0.018287229262217142,BEARISH,RSI_NORMAL,LOW_VOLATILITY
2015-06-30,112.9,113.5,111.25,111.9,7520000.0,115.4,118.32000000000001,32.85714285714286,0.016525430411555856,BEARISH,RSI_NORMAL,LOW_VOLATILITY
2015-07-01,112.3,113.9,112.15,113.05,3870000.0,114.55999999999999,117.875,37.47454175152747,0.016790747556032642,BEARISH,RSI_NORMAL,LOW_VOLATILITY
2015-07-02,113.55,114.6,110.7,111.05,4760000.0,113.17,117.3625,38.17427385892115,0.01708095481804777,BEARISH,RSI_NORMAL,LOW_VOLATILITY
2015-07-03,111.0,111.45,109.65,110.6,4610000.0,111.88999999999999,116.88500000000002,41.62895927601808,0.017036790521003344,BEARISH,RSI_NORMAL,LOW_VOLATILITY
2015-07-06,108.2,109.5,107.25,109.05,4510000.0,111.13,116.42749999999998,37.03703703703702,0.016960081668802102,BEARISH,RSI_NORMAL,LOW_VOLATILITY
2015-07-07,108.9,109.0,106.7,107.15,5410000.0,110.17999999999999,115.78,23.23943661971829,0.016534136845867787,BEARISH,RSI_LOW,LOW_VOLATILITY
2015-07-08,105.5,105.5,99.05,101.85,12610000.0,107.94000000000001,114.8575,13.91650099403573,0.019110464480489593,BEARISH,RSI_LOW,LOW_VOLATILITY
2015-07-09,102.2,104.9,100.7,104.0,6650000.0,106.53,114.0975,18.30188679245282,0.020191444096245684,BEARISH,RSI_LOW,LOW_VOLATILITY
2015-07-10,105.0,105.35,102.35,104.6,3400000.0,105.33,113.48999999999998,18.91385767790257,0.020091799964191352,BEARISH,RSI_LOW,LOW_VOLATILITY
2015-07-13,104.2,106.95,102.15,106.65,4140000.0,104.85,113.1075,23.63315696649032,0.02046860815482267,BEARISH,RSI_LOW,LOW_VOLATILITY
2015-07-14,106.6,106.75,104.3,104.6,3600000.0,104.34,112.5875,25.719769673704405,0.02064116159587349,BEARISH,RSI_LOW,LOW_VOLATILITY
2015-07-15,104.7,106.4,104.7,105.55,2290000.0,105.08,111.9375,26.285714285714292,0.019199506715637103,BEARISH,RSI_LOW,LOW_VOLATILITY
2015-07-16,105.75,107.05,104.6,106.7,2710000.0,105.61999999999998,111.2725,30.492424242424264,0.01913638361012352,BEARISH,RSI_NORMAL,LOW_VOLATILITY
2015-07-17,107.1,108.25,106.15,107.2,3330000.0,106.14000000000001,110.5925,37.58241758241762,0.019074151158080827,BEARISH,RSI_NORMAL,LOW_VOLATILITY
2015-07-20,107.5,110.3,107.1,109.4,4350000.0,106.69000000000001,110.00250000000001,44.79166666666667,0.019877194420960913,BEARISH,RSI_NORMAL,LOW_VOLATILITY
2015-07-21,109.1,111.75,106.05,108.1,6580000.0,107.39000000000001,109.32750000000001,39.75155279503107,0.019836688542227483,BEARISH,RSI_NORMAL,LOW_VOLATILITY
2015-07-22,107.9,108.9,105.55,107.7,3390000.0,107.82000000000001,108.85,42.57206208425723,0.018528954376466733,BEARISH,RSI_NORMAL,LOW_VOLATILITY
2015-07-23,107.95,109.3,106.45,108.7,2380000.0,108.22,108.38500000000002,45.88744588744591,0.018625864145991617,BULLISH,RSI_NORMAL,LOW_VOLATILITY
2015-07-24,108.0,110.25,107.75,109.35,3080000.0,108.65,108.00250000000001,50.67567567567567,0.01872040668511544,BULLISH,RSI_NORMAL,LOW_VOLATILITY
2015-07-27,108.5,108.5,103.95,104.4,6010000.0,107.65,107.58,44.55445544554456,0.019711076856624436,BEARISH,RSI_NORMAL,LOW_VOLATILITY
2015-07-28,103.15,106.65,102.25,105.5,4190000.000000001,107.13,107.26000000000002,58.669833729216165,0.019926604307715704,BEARISH,RSI_NORMAL,LOW_VOLATILITY
2015-07-29,105.8,108.15,105.7,106.55,4720000.0,106.9,106.93499999999999,56.39097744360902,0.019915571501085153,BEARISH,RSI_NORMAL,LOW_VOLATILITY
2015-07-30,106.85,107.3,104.25,104.7,8220000.000000001,106.1,106.61749999999999,50.23584905660379,0.019902742955458894,BEARISH,RSI_NORMAL,LOW_VOLATILITY
2015-07-31,105.5,107.3,104.5,105.2,5200000.0,105.27000000000001,106.3475,46.31043256997455,0.019970084052856166,BEARISH,RSI_NORMAL,LOW_VOLATILITY
2015-08-03,105.25,106.5,104.7,105.7,2490000.0,105.53,106.17999999999999,53.0386740331492,0.0198314664109671,BEARISH,RSI_NORMAL,LOW_VOLATILITY
2015-08-04,106.0,110.4,105.75,109.25,4300000.0,106.28,106.285,58.93719806763287,0.020908861508827942,BULLISH,RSI_NORMAL,LOW_VOLATILITY
2015-08-05,110.0,111.9,107.85,108.25,4510000.0,106.62,106.60499999999999,53.77128953771289,0.017422128350725225,BULLISH,RSI_NORMAL,LOW_VOLATILITY
2015-08-06,108.95,110.0,107.5,108.7,2980000.0,107.42,106.84,53.65853658536585,0.01690963647007371,BULLISH,RSI_NORMAL,LOW_VOLATILITY
2015-08-07,108.15,112.25,108.0,109.55,3540000.0,108.29,107.0875,50.391644908616165,0.0169376542296624,BULLISH,RSI_NORMAL,LOW_VOLATILITY
2015-08-10,110.0,111.75,106.75,107.8,3050000.0,108.71,107.14500000000001,49.234693877551024,0.016910072728185184,BULLISH,RSI_NORMAL,LOW_VOLATILITY
2015-08-11,108.0,108.3,102.85,103.25,4770000.0,107.50999999999999,107.07750000000001,40.63157894736839,0.018987005400031846,BEARISH,RSI_NORMAL,LOW_VOLATILITY
2015-08-12,102.8,102.9,95.55,95.9,11720000.0,105.04,106.595,28.737541528239163,0.02453363627262357,BEARISH,RSI_LOW,HIGH_VOLATILITY
2015-08-13,97.0,98.0,90.4,90.8,9790000.0,101.46,105.8,23.154848046309667,0.02652201768560194,BEARISH,RSI_LOW,HIGH_VOLATILITY
2015-08-14,91.0,95.35,89.5,93.15,11780000.0,98.18,105.0975,32.39436619718309,0.027449908946183838,BEARISH,RSI_NORMAL,HIGH_VOLATILITY
2015-08-17,93.5,93.7,89.7,90.65,6360000.0,94.75,104.16000000000001,27.736131934032983,0.02702348612238922,BEARISH,RSI_LOW,HIGH_VOLATILITY
2015-08-18,91.6,92.95,87.9,88.9,8359999.999999999,91.88000000000001,103.2,24.082232011747436,0.02711594342111756,BEARISH,RSI_LOW,HIGH_VOLATILITY
2015-08-19,88.9,88.9,85.8,86.15,9030000.0,89.92999999999999,102.1225,23.462088698140207,0.027497212276576897,BEARISH,RSI_LOW,HIGH_VOLATILITY
2015-08-20,86.0,86.25,83.6,84.95,8279999.999999999,88.76000000000002,100.935,21.598877980364662,0.02709469680886862,BEARISH,RSI_LOW,HIGH_VOLATILITY
2015-08-21,83.0,86.3,82.05,86.0,11080000.0,87.33,99.7675,22.790055248618785,0.027352572244540838,BEARISH,RSI_LOW,HIGH_VOLATILITY
2015-08-24,83.5,83.5,76.1,78.65,10640000.0,84.93,98.48,11.75,0.031169149798785573,BEARISH,RSI_LOW,HIGH_VOLATILITY
2015-08-25,81.25,82.25,75.25,80.45,9590000.0,83.24,97.2275,15.9313725490196,0.03178836451010539,BEARISH,RSI_LOW,HIGH_VOLATILITY
2015-08-26,80.7,81.8,79.0,80.4,7080000.0,82.09,95.92,14.975247524752476,0.0314734536357824,BEARISH,RSI_LOW,HIGH_VOLATILITY
2015-08-27,82.9,82.9,79.15,80.65,10680000.0,81.22999999999999,94.7175,13.693467336683426,0.031673383956649016,BEARISH,RSI_LOW,HIGH_VOLATILITY
2015-08-28,83.3,84.7,80.1,81.65,11960000.0,80.36,93.53999999999999,16.51728553137005,0.03193667929298867,BEARISH,RSI_LOW,HIGH_VOLATILITY
2015-08-31,81.05,82.7,79.75,80.05,7890000.0,80.64000000000001,92.25750000000001,17.86703601108033,0.031724126876180675,BEARISH,RSI_LOW,HIGH_VOLATILITY
2015-09-01,79.45,79.6,75.6,75.95,9750000.0,79.74000000000001,90.5925,19.634703196347033,0.030779590816720777,BEARISH,RSI_LOW,HIGH_VOLATILITY
2015-09-02,76.1,76.9,74.15,74.35,11990000.0,78.53,88.89750000000001,21.976149914821136,0.030723769979654925,BEARISH,RSI_LOW,HIGH_VOLATILITY
2015-09-03,75.2,78.35,75.0,77.2,8900000.0,77.84,87.3225,23.28308207705193,0.032902551558831795,BEARISH,RSI_LOW,HIGH_VOLATILITY
2015-09-04,76.95,77.0,73.5,73.9,9250000.0,76.28999999999999,85.53999999999999,22.675367047308328,0.03288332403419917,BEARISH,RSI_LOW,HIGH_VOLATILITY
2015-09-07,74.15,74.25,71.4,71.55,5570000.0,74.59,83.72749999999999,22.24000000000001,0.03299777650571844,BEARISH,RSI_LOW,HIGH_VOLATILITY
2015-09-08,72.35,74.5,71.6,72.7,8369999.999999999,73.94,82.2,27.318718381113,0.0334805702531775,BEARISH,RSI_LOW,HIGH_VOLATILITY
2015-09-09,75.15,79.2,74.0,78.6,15540000.0,74.79,81.33500000000001,40.75691411935952,0.037548476003547986,BEARISH,RSI_NORMAL,HIGH_VOLATILITY
2015-09-10,76.5,77.15,74.45,76.5,9450000.0,74.65,80.62,36.5819209039548,0.03636567161335909,BEARISH,RSI_NORMAL,HIGH_VOLATILITY
2015-09-11,77.8,78.1,75.55,76.1,6940000.0,75.09,79.76750000000001,45.51845342706501,0.0354996213882187,BEARISH,RSI_NORMAL,HIGH_VOLATILITY
2015-09-14,76.8,79.15,75.9,78.65,6220000.0,76.50999999999999,79.1675,46.91780821917809,0.03649523028476526,BEARISH,RSI_NORMAL,HIGH_VOLATILITY
2015-09-15,78.3,78.65,75.7,76.25,6190000.0,77.22,78.535,43.42313787638668,0.03678811479128306,BEARISH,RSI_NORMAL,HIGH_VOLATILITY
2015-09-16,77.5,78.25,75.25,77.25,6410000.0,76.95,78.09,44.73684210526315,0.03659793682366923,BEARISH,RSI_NORMAL,HIGH_VOLATILITY
2015-09-18,77.9,79.0,75.35,75.9,10190000.0,76.83,77.6375,41.19448698315468,0.03665305776715053,BEARISH,RSI_NORMAL,HIGH_VOLATILITY
2015-09-21,75.25,78.8,74.2,78.1,7950000.0,77.22999999999999,77.2425,47.06766917293233,0.03725056764604416,BULLISH,RSI_NORMAL,HIGH_VOLATILITY
2015-09-22,76.95,77.0,72.75,73.2,10220000.0,76.14000000000001,76.97,45.96182085168869,0.03491271741800436,BEARISH,RSI_NORMAL,HIGH_VOLATILITY
2015-09-23,72.0,74.25,71.3,72.95,6110000.0,75.48,76.595,47.8593272171254,0.034377260468750295,BEARISH,RSI_NORMAL,HIGH_VOLATILITY
2015-09-24,73.3,73.45,71.2,71.4,6780000.0,74.30999999999999,76.14500000000001,40.76433121019109,0.03456921660864704,BEARISH,RSI_NORMAL,HIGH_VOLATILITY
2015-09-28,71.9,73.0,70.25,70.55,6130000.0,73.24,75.64,44.21416234887736,0.03453875240335274,BEARISH,RSI_NORMAL,HIGH_VOLATILITY
2015-09-29,69.5,69.8,67.5,68.2,9670000.0,71.26000000000002,74.9675,44.21416234887738,0.034761439260293514,BEARISH,RSI_NORMAL,HIGH_VOLATILITY
2015-09-30,69.4,71.5,69.0,70.8,7660000.0,70.78,74.505,46.874999999999986,0.036150409856322424,BEARISH,RSI_NORMAL,HIGH_VOLATILITY
2015-10-01,71.65,72.1,70.25,70.9,4570000.0,70.37,74.25250000000001,34.34959349593497,0.03452674432615624,BEARISH,RSI_NORMAL,HIGH_VOLATILITY
2015-10-05,71.95,74.4,71.35,74.0,6500000.0,70.89000000000001,74.235,45.1171875,0.035747790363530284,BEARISH,RSI_NORMAL,HIGH_VOLATILITY
2015-10-06,74.85,75.65,73.55,75.0,5590000.0,71.78,74.125,47.90076335877863,0.034778117370535544,BULLISH,RSI_NORMAL,HIGH_VOLATILITY
2015-10-07,75.0,83.4,74.4,81.9,20400000.0,74.52000000000001,74.525,55.319148936170215,0.0390313325932405,BULLISH,RSI_NORMAL,HIGH_VOLATILITY
2015-10-08,82.0,84.3,80.4,82.35,16160000.0,76.83000000000001,75.06500000000001,60.66433566433567,0.038014942786226275,BULLISH,RSI_NORMAL,HIGH_VOLATILITY
2015-10-09,83.1,85.5,82.8,83.95,13470000.0,79.44,75.62750000000001,61.472602739726035,0.03806110578183207,BULLISH,RSI_NORMAL,HIGH_VOLATILITY
2015-10-12,84.7,92.4,84.55,88.65,26950000.0,82.37,76.13,69.58525345622121,0.0358639776492024,BULLISH,RSI_NORMAL,HIGH_VOLATILITY
2015-10-13,81.0,86.7,81.0,86.15,18610000.0,84.6,76.6125,62.252663622526654,0.03593803700294057,BULLISH,RSI_NORMAL,HIGH_VOLATILITY
2015-10-14,85.4,90.75,85.25,88.6,14420000.0,85.94000000000001,77.2375,75.32894736842104,0.03614456225769664,BULLISH,RSI_HIGH,HIGH_VOLATILITY
2015-10-15,89.3,91.5,86.3,87.8,16210000.0,87.03,77.695,73.99030694668821,0.03582995685959274,BULLISH,RSI_HIGH,HIGH_VOLATILITY
2015-10-16,89.25,89.4,86.05,87.75,9120000.0,87.78999999999999,78.27,77.75891341256367,0.034830246043398766,BULLISH,RSI_HIGH,HIGH_VOLATILITY
2015-10-19,88.0,88.5,86.5,86.75,4940000.0,87.41,78.74499999999999,77.36486486486488,0.035057079107823935,BULLISH,RSI_HIGH,HIGH_VOLATILITY
2015-10-20,86.7,86.7,84.05,84.45,8450000.0,87.07000000000001,79.1725,77.4957698815567,0.03543707688805818,BULLISH,RSI_HIGH,HIGH_VOLATILITY
2015-10-21,84.45,86.6,84.1,85.55,7240000.0,86.46,79.54499999999999,76.29233511586455,0.03506856672449978,BULLISH,RSI_HIGH,HIGH_VOLATILITY
2015-10-23,87.2,87.4,84.65,85.1,7210000.0,85.92,80.14000000000001,75.0,0.031373324753840706,BULLISH,RSI_HIGH,HIGH_VOLATILITY
2015-10-26,86.3,86.9,84.85,85.4,5860000.0,85.45,80.7625,72.26562500000001,0.03127847894365846,BULLISH,RSI_HIGH,HIGH_VOLATILITY
2015-10-27,85.0,86.1,83.2,84.4,9200000.0,84.98,81.4125,68.35937500000001,0.030873360180844658,BULLISH,RSI_NORMAL,HIGH_VOLATILITY
2015-10-28,84.0,85.2,84.0,84.5,5210000.0,84.99000000000001,82.11,56.91489361702127,0.030547495534303366,BULLISH,RSI_NORMAL,HIGH_VOLATILITY
2015-10-29,84.75,85.0,83.0,83.25,6610000.0,84.53,82.8625,52.29591836734695,0.029442552305040767,BULLISH,RSI_NORMAL,HIGH_VOLATILITY
2015-10-30,83.5,86.9,83.05,84.05,10430000.0,84.32000000000001,83.525,50.26595744680849,0.028711736111751613,BULLISH,RSI_NORMAL,HIGH_VOLATILITY
2015-11-02,83.9,84.25,80.1,80.95,6930000.0,83.43,84.0275,27.6162790697674,0.030467200138283475,BEARISH,RSI_LOW,HIGH_VOLATILITY
2015-11-03,81.85,84.4,81.7,82.35,10900000.0,83.02,84.445,38.198757763975095,0.029346709129778277,BEARISH,RSI_NORMAL,HIGH_VOLATILITY
2015-11-04,83.5,83.9,81.5,81.85,6300000.0,82.49,84.7875,26.14840989399289,0.0294009905442047,BEARISH,RSI_LOW,HIGH_VOLATILITY
2015-11-05,81.75,82.4,80.8,81.05,4000000.0,82.05,84.745,26.14840989399289,0.02116371874693283,BEARISH,RSI_LOW,LOW_VOLATILITY
2015-11-06,81.1,82.25,80.0,80.9,6200000.0,81.42,84.67249999999999,25.964912280701725,0.0211213688637168,BEARISH,RSI_LOW,LOW_VOLATILITY
2015-11-09,78.0,80.75,78.0,79.95,6900000.0,81.22,84.4725,26.05633802816898,0.020705563484771268,BEARISH,RSI_LOW,LOW_VOLATILITY
2015-11-10,78.15,82.8,77.1,79.25,18100000.0,80.6,84.0025,29.36507936507931,0.015540768883910773,BEARISH,RSI_LOW,LOW_VOLATILITY
2015-11-11,80.1,80.8,80.05,80.3,1140000.0,80.28999999999999,83.71,29.08366533864539,0.015108206253301318,BEARISH,RSI_LOW,LOW_VOLATILITY
2015-11-13,79.0,80.25,77.15,77.4,11900000.0,79.55999999999999,83.15,24.33333333333333,0.014841175588726883,BEARISH,RSI_LOW,LOW_VOLATILITY
2015-11-16,76.95,79.5,76.4,79.05,11400000.0,79.19,82.7125,30.581039755351597,0.016082264777464238,BEARISH,RSI_NORMAL,LOW_VOLATILITY
2015-11-17,79.8,82.45,79.25,80.85,11770000.0,79.37,82.3675,39.65014577259469,0.017234710504609934,BEARISH,RSI_NORMAL,LOW_VOLATILITY
2015-11-18,80.85,81.3,76.3,76.55,13880000.0,78.83,81.8575,31.38173302107724,0.02042375047419462,BEARISH,RSI_NORMAL,LOW_VOLATILITY
2015-11-19,77.8,78.9,75.4,78.4,13760000.0,78.45,81.55499999999999,38.95216400911161,0.02088784493809071,BEARISH,RSI_NORMAL,LOW_VOLATILITY
2015-11-20,78.35,79.4,76.85,77.2,14170000.0,78.41,81.1375,34.67561521252796,0.020667687572819195,BEARISH,RSI_NORMAL,LOW_VOLATILITY
2015-11-23,77.05,77.3,73.8,74.25,11050000.0,77.45,80.595,34.909909909909885,0.021969035760885644,BEARISH,RSI_NORMAL,HIGH_VOLATILITY
2015-11-24,73.6,74.55,73.2,73.6,9430000.0,76.0,80.00500000000001,29.60372960372959,0.021843459521801934,BEARISH,RSI_LOW,HIGH_VOLATILITY
2015-11-26,74.0,75.5,73.85,75.1,7520000.0,75.71000000000001,79.53999999999999,34.966592427616916,0.022656515773736587,BEARISH,RSI_NORMAL,HIGH_VOLATILITY
2015-11-27,75.3,79.1,75.2,77.65,12430000.0,75.56,79.1975,42.975206611570265,0.024296570974304075,BEARISH,RSI_NORMAL,HIGH_VOLATILITY
2015-11-30,77.4,77.9,76.6,77.05,10090000.0,75.53,78.8875,42.19066937119674,0.024181475778775233,BEARISH,RSI_NORMAL,HIGH_VOLATILITY
2015-12-01,77.6,79.8,77.5,79.55,8170000.0,76.59,78.6625,49.236641221374036,0.02534817594256696,BULLISH,RSI_NORMAL,HIGH_VOLATILITY
2015-12-02,80.0,81.2,79.9,80.45,8880000.0,77.96,78.6375,52.27272727272729,0.024164742750941832,BULLISH,RSI_NORMAL,HIGH_VOLATILITY
2015-12-03,79.55,81.65,78.6,79.2,11520000.0,78.78,78.48,47.93233082706768,0.02404076399285437,BULLISH,RSI_NORMAL,HIGH_VOLATILITY
2015-12-04,78.85,80.1,78.2,79.05,6150000.0,79.05999999999999,78.34,53.459119496855315,0.024018660009720427,BULLISH,RSI_NORMAL,HIGH_VOLATILITY
2015-12-07,79.8,80.6,78.9,79.25,6290000.0,79.5,78.25,50.44642857142858,0.02395205700923058,BULLISH,RSI_NORMAL,HIGH_VOLATILITY
2015-12-08,78.5,78.75,75.7,76.0,7460000.0,78.79,78.005,39.83228511530401,0.025583327859338728,BEARISH,RSI_NORMAL,HIGH_VOLATILITY
2015-12-09,75.5,75.65,73.0,73.75,7650000.0,77.45,77.69500000000001,43.57798165137616,0.026215730677810772,BEARISH,RSI_NORMAL,HIGH_VOLATILITY
2015-12-10,74.7,76.15,74.5,75.7,7080000.0,76.75,77.51750000000001,43.83561643835617,0.027027167952243535,BEARISH,RSI_NORMAL,HIGH_VOLATILITY
2015-12-11,76.0,77.2,74.7,76.25,9060000.0,76.19000000000001,77.31500000000001,47.764705882352935,0.026882926150836418,BEARISH,RSI_NORMAL,HIGH_VOLATILITY
2015-12-14,76.0,79.25,75.75,78.8,10440000.0,76.1,77.385,60.9112709832134,0.02676870445124928,BULLISH,RSI_NORMAL,HIGH_VOLATILITY
2015-12-15,79.1,79.3,77.25,79.0,5370000.0,76.7,77.38250000000001,63.23529411764706,0.0263535041773392,BULLISH,RSI_NORMAL,HIGH_VOLATILITY
2015-12-16,79.35,80.2,78.35,78.55,5410000.0,77.66,77.2675,58.91472868217054,0.025839798456771302,BULLISH,RSI_NORMAL,HIGH_VOLATILITY
2015-12-17,78.85,81.65,78.65,81.3,12770000.0,78.78,77.505,59.33503836317132,0.023943250380022377,BULLISH,RSI_NORMAL,HIGH_VOLATILITY
2015-12-18,81.2,82.0,79.6,79.9,9070000.0,79.50999999999999,77.58,57.002457002457014,0.023831920853861144,BULLISH,RSI_NORMAL,HIGH_VOLATILITY
2015-12-21,80.2,81.8,80.2,81.3,7870000.0,80.01,77.785,54.54545454545455,0.023764344503408214,BULLISH,RSI_NORMAL,HIGH_VOLATILITY
2015-12-22,81.15,81.75,79.2,79.6,5450000.0,80.13,78.0525,47.8802992518703,0.022470177546863347,BULLISH,RSI_NORMAL,HIGH_VOLATILITY
2015-12-23,80.6,84.2,80.2,83.9,12160000.0,81.2,78.5675,60.17316017316018,0.024889407695218548,BULLISH,RSI_NORMAL,HIGH_VOLATILITY
2015-12-24,84.55,85.65,83.75,85.25,11010000.0,81.99,79.075,62.75720164609054,0.02478505332534088,BULLISH,RSI_NORMAL,HIGH_VOLATILITY
2015-12-28,85.7,86.0,84.3,84.95,6750000.0,83.0,79.44,61.680327868852466,0.024016692427561298,BULLISH,RSI_NORMAL,HIGH_VOLATILITY
2015-12-29,85.25,85.5,84.15,84.4,5040000.0,83.62,79.8075,69.35483870967744,0.023983985584329973,BULLISH,RSI_NORMAL,HIGH_VOLATILITY
2015-12-30,84.7,85.7,84.1,84.7,6330000.0,84.64,80.065,77.7215189873418,0.023086863390124515,BULLISH,RSI_HIGH,HIGH_VOLATILITY
2015-12-31,85.0,85.5,83.2,84.75,8800000.0,84.81,80.28,75.35014005602243,0.023017649920874877,BULLISH,RSI_HIGH,HIGH_VOLATILITY
2016-01-01,84.7,85.25,84.0,84.9,2810000.0,84.74000000000001,80.565,74.78510028653298,0.022611453834965795,BULLISH,RSI_HIGH,HIGH_VOLATILITY
2016-01-04,84.2,85.9,80.4,80.75,8710000.0,83.9,80.65,55.11811023622048,0.025484210082518388,BULLISH,RSI_NORMAL,HIGH_VOLATILITY
2016-01-05,82.0,83.95,80.6,82.6,9820000.0,83.53999999999999,80.8175,58.69565217391303,0.025936363178756687,BULLISH,RSI_NORMAL,HIGH_VOLATILITY
2016-01-06,82.4,82.85,79.7,80.55,6490000.0,82.71000000000001,81.045,54.48430493273542,0.0247352487873524,BEARISH,RSI_NORMAL,HIGH_VOLATILITY
2016-01-07,79.0,79.4,76.1,76.65,8100000.0,81.09,81.19,40.085287846481876,0.026353190000332774,BEARISH,RSI_NORMAL,HIGH_VOLATILITY
2016-01-08,77.45,78.15,75.2,76.9,6800000.0,79.49,81.25,43.27354260089686,0.025736311162052324,BEARISH,RSI_NORMAL,HIGH_VOLATILITY
2016-01-11,75.8,78.65,74.3,77.9,9710000.0,78.92,81.3325,42.23744292237445,0.02584041849105852,BEARISH,RSI_NORMAL,HIGH_VOLATILITY
2016-01-12,78.4,78.65,75.0,75.6,6700000.0,77.52000000000001,81.1725,41.111111111111114,0.025563947229784705,BEARISH,RSI_NORMAL,HIGH_VOLATILITY
2016-01-13,76.4,77.5,74.3,76.7,8279999.999999999,76.75,81.0575,31.347150259067348,0.025810155526012728,BEARISH,RSI_NORMAL,HIGH_VOLATILITY
2016-01-14,75.0,76.0,73.4,74.7,7860000.0,76.36000000000001,80.865,23.55889724310778,0.026394383900916463,BEARISH,RSI_LOW,HIGH_VOLATILITY
2016-01-15,75.35,75.4,71.15,71.8,5210000.0,75.34,80.39000000000001,20.84257206208426,0.026080776047994286,BEARISH,RSI_LOW,HIGH_VOLATILITY
2016-01-18,71.05,73.5,70.05,71.2,6810000.0,74.0,79.955,20.79646017699116,0.025952740364694388,BEARISH,RSI_LOW,HIGH_VOLATILITY
2016-01-19,72.1,73.9,71.1,71.85,4400000.0,73.25,79.4825,22.00435729847493,0.02562797704772489,BEARISH,RSI_LOW,HIGH_VOLATILITY
2016-01-20,71.0,71.05,66.35,67.6,8310000.000000001,71.42999999999999,78.88250000000001,18.416206261510126,0.028116722121237434,BEARISH,RSI_LOW,HIGH_VOLATILITY
2016-01-21,69.0,69.35,66.8,68.3,5880000.0,70.14999999999999,78.10249999999999,20.036101083032477,0.02453426086425027,BEARISH,RSI_LOW,HIGH_VOLATILITY
2016-01-22,69.6,72.9,69.1,72.35,6990000.0,70.26,77.45750000000001,34.78260869565216,0.028524814834006262,BEARISH,RSI_NORMAL,HIGH_VOLATILITY
2016-01-25,72.9,73.45,71.8,72.0,3930000.0,70.42,76.81,29.69348659003832,0.028515968759293697,BEARISH,RSI_LOW,HIGH_VOLATILITY
2016-01-27,72.5,72.85,70.8,71.05,5960000.0,70.25999999999999,76.14250000000001,31.0,0.028538528424065502,BEARISH,RSI_NORMAL,HIGH_VOLATILITY
2016-01-28,71.05,71.4,69.25,69.7,12040000.0,70.67999999999999,75.39250000000001,34.521158129175944,0.02849591753406902,BEARISH,RSI_NORMAL,HIGH_VOLATILITY
2016-01-29,70.0,71.15,68.75,70.5,9200000.0,71.12,74.68,36.08695652173911,0.028797413797414326,BEARISH,RSI_NORMAL,HIGH_VOLATILITY
2016-02-01,70.85,71.55,70.2,71.1,5580000.0,70.86999999999999,73.99,34.955752212389356,0.02896616689627018,BEARISH,RSI_NORMAL,HIGH_VOLATILITY
2016-02-02,71.75,71.8,68.2,68.55,6190000.0,70.17999999999999,73.38,34.57330415754923,0.02814402546207191,BEARISH,RSI_NORMAL,HIGH_VOLATILITY
2016-02-03,68.0,68.0,66.3,66.65,6780000.0,69.3,72.58250000000001,28.752642706131056,0.027508123115324194,BEARISH,RSI_LOW,HIGH_VOLATILITY
2016-02-04,67.8,70.45,67.2,68.7,12080000.0,69.1,71.99,37.34177215189871,0.028744644660139013,BEARISH,RSI_NORMAL,HIGH_VOLATILITY
2016-02-05,69.3,72.2,68.8,71.25,15930000.0,69.25,71.72,48.82226980728051,0.028704357856293064,BEARISH,RSI_NORMAL,HIGH_VOLATILITY
2016-02-08,72.0,72.0,69.45,69.8,10400000.0,68.99000000000001,71.365,47.10743801652891,0.028907135700761474,BEARISH,RSI_NORMAL,HIGH_VOLATILITY
2016-02-09,68.5,70.8,67.6,70.0,16970000.0,69.28,70.97,46.10526315789475,0.02867317774520361,BEARISH,RSI_NORMAL,HIGH_VOLATILITY
2016-02-10,70.2,70.5,65.0,66.9,16940000.0,69.33000000000001,70.535,48.45132743362834,0.02951679952699588,BEARISH,RSI_NORMAL,HIGH_VOLATILITY
2016-02-11,67.5,67.75,62.95,63.7,7920000.0,68.33,69.88499999999999,40.83665338645418,0.030544714674643092,BEARISH,RSI_NORMAL,HIGH_VOLATILITY
2016-02-12,64.8,64.85,58.8,60.9,11170000.0,66.26,69.19500000000001,25.995807127882586,0.03132861994998791,BEARISH,RSI_LOW,HIGH_VOLATILITY
2016-02-15,62.45,68.45,62.3,67.0,17330000.0,65.7,68.955,41.55405405405405,0.03900229355405617,BEARISH,RSI_NORMAL,HIGH_VOLATILITY
2016-02-16,68.5,68.5,64.55,64.85,9530000.0,64.66999999999999,68.6375,39.93506493506493,0.03953939735339706,BEARISH,RSI_NORMAL,HIGH_VOLATILITY
2016-02-17,65.2,66.3,61.6,65.8,12110000.0,64.45,68.335,43.585526315789465,0.03965445333333772,BEARISH,RSI_NORMAL,HIGH_VOLATILITY
2016-02-18,67.65,70.1,67.2,68.9,14660000.0,65.49,68.4,47.553516819571875,0.03893977530624126,BULLISH,RSI_NORMAL,HIGH_VOLATILITY
2016-02-19,68.3,70.0,67.45,69.05,6050000.0,67.11999999999999,68.4375,46.821705426356594,0.03888655412379621,BULLISH,RSI_NORMAL,HIGH_VOLATILITY
2016-02-22,69.15,70.6,68.8,69.5,5130000.0,67.62,68.29499999999999,51.57545605306799,0.03645479684936417,BULLISH,RSI_NORMAL,HIGH_VOLATILITY
2016-02-23,69.9,71.85,67.8,68.5,10370000.0,68.35,68.11999999999999,53.16239316239315,0.03656474054388279,BULLISH,RSI_NORMAL,HIGH_VOLATILITY
2016-02-24,67.6,68.45,66.0,66.4,6140000.0,68.47,67.8875,46.075085324232084,0.03705468410412625,BEARISH,RSI_NORMAL,HIGH_VOLATILITY
2016-02-25,67.35,68.0,66.45,67.15,6200000.0,68.12,67.75999999999999,42.54545454545456,0.036974106936753064,BEARISH,RSI_NORMAL,HIGH_VOLATILITY
2016-02-26,68.2,69.95,66.2,69.45,9810000.0,68.2,67.7075,49.38271604938273,0.037728883039343526,BULLISH,RSI_NORMAL,HIGH_VOLATILITY
2016-02-29,70.15,70.8,66.7,68.75,15550000.0,68.05,67.59,47.83362218370883,0.03773493372518213,BULLISH,RSI_NORMAL,HIGH_VOLATILITY
2016-03-01,69.0,70.5,68.6,70.25,8270000.0,68.4,67.675,56.14678899082568,0.03713072480022963,BULLISH,RSI_NORMAL,HIGH_VOLATILITY
2016-03-02,71.9,77.0,71.3,74.95,21640000.0,70.11000000000001,68.09,69.56521739130433,0.039136586837584864,BULLISH,RSI_NORMAL,HIGH_VOLATILITY
2016-03-03,76.5,79.8,75.5,79.25,22950000.0,72.53,68.61749999999999,80.3305785123967,0.04043223450954743,BULLISH,RSI_HIGH,HIGH_VOLATILITY
2016-03-04,79.85,81.9,77.6,79.4,15840000.0,74.52000000000001,69.025,75.51440329218107,0.039857004597234284,BULLISH,RSI_HIGH,HIGH_VOLATILITY
2016-03-08,80.3,84.2,80.05,83.15,19060000.0,77.4,69.6925,85.32818532818534,0.04035195516369387,BULLISH,RSI_HIGH,HIGH_VOLATILITY
2016-03-09,80.4,81.4,79.05,81.1,11570000.0,79.57000000000001,70.2475,78.33333333333331,0.0410549004247256,BULLISH,RSI_HIGH,HIGH_VOLATILITY
2016-03-10,81.9,85.55,81.55,83.8,18840000.0,81.34,71.0925,78.00751879699246,0.0394721033692771,BULLISH,RSI_HIGH,HIGH_VOLATILITY
2016-03-11,83.9,84.75,81.6,83.5,10300000.0,82.19000000000001,72.08250000000001,77.00934579439252,0.0371081424240416,BULLISH,RSI_HIGH,HIGH_VOLATILITY
2016-03-14,84.5,86.0,84.2,84.9,6640000.0,83.28999999999999,73.2825,77.79783393501805,0.03448543339989376,BULLISH,RSI_HIGH,HIGH_VOLATILITY
2016-03-15,85.0,86.0,83.6,83.9,11700000.0,83.44,74.1275,77.79783393501805,0.02897194994394723,BULLISH,RSI_HIGH,HIGH_VOLATILITY
2016-03-16,84.0,84.25,79.35,81.5,13890000.0,83.52000000000001,74.96000000000001,76.96428571428568,0.028704012628656364,BULLISH,RSI_HIGH,HIGH_VOLATILITY
2016-03-17,82.5,83.8,80.7,81.0,8480000.0,82.96000000000001,75.72,74.95495495495491,0.028973328121606492,BULLISH,RSI_HIGH,HIGH_VOLATILITY
2016-03-18,82.4,85.5,82.0,85.2,14370000.0,83.3,76.535,76.55986509274871,0.029303136389733777,BULLISH,RSI_HIGH,HIGH_VOLATILITY
2016-03-21,85.7,87.0,84.3,86.0,12320000.0,83.52000000000001,77.38250000000001,78.99159663865544,0.02923217046754946,BULLISH,RSI_HIGH,HIGH_VOLATILITY
2016-03-22,85.9,88.0,84.85,87.0,12800000.0,84.14,78.25750000000001,78.63247863247861,0.029209244778713724,BULLISH,RSI_HIGH,HIGH_VOLATILITY
2016-03-23,88.0,91.7,87.9,91.3,22690000.0,86.1,79.39750000000001,78.33622183708836,0.02969192016787321,BULLISH,RSI_HIGH,HIGH_VOLATILITY
2016-03-28,92.5,92.5,82.55,83.25,20100000.0,86.55,80.24,56.13496932515337,0.036368885663651894,BULLISH,RSI_NORMAL,HIGH_VOLATILITY
2016-03-29,83.9,86.15,83.5,84.4,14310000.0,86.39,81.1025,57.44047619047618,0.03637065665638005,BULLISH,RSI_NORMAL,HIGH_VOLATILITY
2016-03-30,85.5,89.3,85.25,88.0,15760000.0,86.78999999999999,82.03,57.249626307922256,0.03668676814235126,BULLISH,RSI_NORMAL,HIGH_VOLATILITY
2016-03-31,87.85,89.0,86.5,87.95,16960000.0,86.97999999999999,82.99000000000001,60.89030206677266,0.03643878176178718,BULLISH,RSI_NORMAL,HIGH_VOLATILITY
2016-04-01,87.5,87.65,86.05,86.65,8140000.000000001,86.05,83.81,54.742096505823646,0.036890278295711905,BULLISH,RSI_NORMAL,HIGH_VOLATILITY
2016-04-04,87.45,90.65,86.5,89.1,14430000.0,87.22,84.51750000000001,58.69565217391303,0.03477049272972992,BULLISH,RSI_NORMAL,HIGH_VOLATILITY
2016-04-05,88.2,89.4,84.35,84.9,11540000.0,87.32000000000001,84.8,50.0,0.03501268324618428,BULLISH,RSI_NORMAL,HIGH_VOLATILITY
2016-04-06,85.75,89.7,85.5,88.95,14590000.0,87.51,85.2775,56.63600525624179,0.03633815955782882,BULLISH,RSI_NORMAL,HIGH_VOLATILITY
2016-04-07,89.0,89.4,86.75,87.3,6980000.0,87.38000000000001,85.485,57.77479892761395,0.035406510100535624,BULLISH,RSI_NORMAL,HIGH_VOLATILITY
2016-04-08,87.25,89.5,86.0,87.7,10210000.0,87.59,85.815,59.00537634408603,0.03480120707326027,BULLISH,RSI_NORMAL,HIGH_VOLATILITY
2016-04-11,88.15,93.2,87.85,92.2,15190000.0,88.21000000000001,86.235,59.33333333333334,0.03580450764254192,BULLISH,RSI_NORMAL,HIGH_VOLATILITY
2016-04-12,91.35,93.15,90.2,92.0,12790000.0,89.63,86.66,58.13008130081301,0.03578726114100583,BULLISH,RSI_NORMAL,HIGH_VOLATILITY
2016-04-13,93.05,97.7,93.05,96.3,18200000.0,91.1,87.22999999999999,61.56716417910449,0.03689539601651026,BULLISH,RSI_NORMAL,HIGH_VOLATILITY
2016-04-18,96.8,97.6,94.5,97.05,11530000.0,93.05,87.8875,57.84447476125513,0.03663044667803876,BULLISH,RSI_NORMAL,HIGH_VOLATILITY
2016-04-20,99.45,102.4,98.25,101.8,24020000.0,95.87,88.9025,77.81109445277363,0.03666144126961293,BULLISH,RSI_HIGH,HIGH_VOLATILITY
2016-04-21,102.4,104.25,100.65,101.8,18330000.0,97.78999999999999,89.94250000000001,77.01863354037268,0.0365286446128018,BULLISH,RSI_HIGH,HIGH_VOLATILITY
2016-04-22,101.5,102.75,100.6,101.1,10580000.0,99.60999999999999,90.7375,72.35494880546075,0.035514420108135186,BULLISH,RSI_HIGH,HIGH_VOLATILITY
2016-04-25,101.15,101.35,96.55,98.4,9750000.0,100.03,91.3575,66.35367762128328,0.03641014940020472,BULLISH,RSI_NORMAL,HIGH_VOLATILITY
2016-04-26,99.05,103.45,98.9,103.15,17480000.0,101.25,92.16499999999999,73.30508474576273,0.03753886936248348,BULLISH,RSI_HIGH,HIGH_VOLATILITY
2016-04-27,103.25,104.4,101.1,101.75,8610000.0,101.24,92.6875,68.41339155749637,0.03662016681339507,BULLISH,RSI_NORMAL,HIGH_VOLATILITY
2016-04-28,101.8,102.45,96.5,96.9,19090000.0,100.25999999999999,93.37,67.14285714285714,0.03195659459339015,BULLISH,RSI_NORMAL,HIGH_VOLATILITY
2016-04-29,97.4,99.0,93.4,96.35,23930000.0,99.31,93.9675,61.746031746031726,0.03207023485149049,BULLISH,RSI_NORMAL,HIGH_VOLATILITY
2016-05-02,96.4,100.65,94.6,98.65,18960000.0,99.35999999999999,94.5,67.651632970451,0.031239406322761207,BULLISH,RSI_NORMAL,HIGH_VOLATILITY
2016-05-03,99.5,100.6,96.55,96.9,13230000.0,98.11,94.94749999999999,63.73134328358209,0.03166791882718327,BULLISH,RSI_NORMAL,HIGH_VOLATILITY
2016-05-04,95.5,95.8,90.65,91.15,14740000.0,95.99000000000001,95.1725,48.48920863309353,0.03458989312148752,BEARISH,RSI_NORMAL,HIGH_VOLATILITY
2016-05-05,91.5,93.2,88.9,90.45,15930000.0,94.70000000000002,95.24,47.801418439716315,0.03414423402089673,BEARISH,RSI_NORMAL,HIGH_VOLATILITY
2016-05-06,90.5,92.3,89.2,91.9,13760000.0,93.81,95.59,43.2098765432099,0.03229906475512272,BEARISH,RSI_NORMAL,HIGH_VOLATILITY
2016-05-09,93.0,93.9,91.0,91.7,11580000.0,92.42,95.72749999999999,41.601255886970186,0.030669176861525774,BEARISH,RSI_NORMAL,HIGH_VOLATILITY
2016-05-10,91.05,91.05,89.2,89.85,12260000.0,91.01,95.855,29.360967184801396,0.03072848323673122,BEARISH,RSI_LOW,HIGH_VOLATILITY
2016-05-11,89.5,92.8,88.8,91.6,14200000.0,91.1,96.05,33.38762214983714,0.030976704361132788,BEARISH,RSI_NORMAL,HIGH_VOLATILITY
2016-05-12,92.3,93.75,92.0,93.4,9630000.0,91.69,96.11,37.89308176100633,0.02911092094936352,BEARISH,RSI_NORMAL,HIGH_VOLATILITY
2016-05-13,93.4,93.4,88.85,89.3,12850000.0,91.17,95.975,36.29518072289158,0.030800109209529202,BEARISH,RSI_NORMAL,HIGH_VOLATILITY
2016-05-16,89.75,90.55,88.1,89.8,8760000.0,90.78999999999999,95.65,26.943005181347175,0.028746791954463478,BEARISH,RSI_LOW,HIGH_VOLATILITY
2016-05-17,90.55,91.2,88.9,89.1,7730000.0,90.64,95.25250000000001,27.610619469026588,0.028647343370340552,BEARISH,RSI_LOW,HIGH_VOLATILITY
2016-05-18,88.2,89.6,87.25,89.15,8080000.0,90.15,94.62,33.47547974413652,0.02585970887640943,BEARISH,RSI_NORMAL,HIGH_VOLATILITY
2016-05-19,89.05,90.9,86.3,87.05,10820000.0,88.88,93.8825,31.400000000000063,0.026093436969728784,BEARISH,RSI_NORMAL,HIGH_VOLATILITY
2016-05-20,87.6,88.55,86.45,86.95,10830000.0,88.41,93.175,24.342105263157947,0.026131692971414298,BEARISH,RSI_LOW,HIGH_VOLATILITY
2016-05-23,87.95,88.45,86.3,86.9,6340000.0,87.83000000000001,92.6,26.303317535545077,0.02575473398931266,BEARISH,RSI_LOW,HIGH_VOLATILITY
2016-05-24,87.1,87.45,83.5,86.3,8890000.0,87.27000000000001,91.75750000000001,34.79623824451413,0.022383659931170384,BEARISH,RSI_NORMAL,HIGH_VOLATILITY
2016-05-25,89.0,89.25,87.55,88.75,8220000.000000001,87.19000000000001,91.1075,45.19774011299436,0.023817244854681324,BEARISH,RSI_NORMAL,HIGH_VOLATILITY
2016-05-26,88.9,90.7,87.65,90.3,12230000.0,87.84,90.7775,45.50561797752808,0.02230225278953548,BEARISH,RSI_NORMAL,HIGH_VOLATILITY
2016-05-27,91.0,92.7,90.85,91.9,11540000.0,88.83,90.555,50.520833333333336,0.022778452579204207,BULLISH,RSI_NORMAL,HIGH_VOLATILITY
2016-05-30,100.0,103.5,98.15,102.95,43500000.0,92.03999999999999,90.77000000000001,73.06338028169012,0.03530955268932813,BULLISH,RSI_HIGH,HIGH_VOLATILITY
2016-05-31,103.1,107.65,102.5,105.25,36580000.0,95.83,91.1875,73.57512953367873,0.03522530184623025,BULLISH,RSI_HIGH,HIGH_VOLATILITY
2016-06-01,105.35,105.75,102.6,103.1,12370000.0,98.7,91.785,66.55290102389074,0.03246809289982196,BULLISH,RSI_NORMAL,HIGH_VOLATILITY
2016-06-02,102.75,106.35,102.2,106.05,12150000.0,101.85,92.565,79.75133214920068,0.032638402742365145,BULLISH,RSI_HIGH,HIGH_VOLATILITY
2016-06-03,106.7,106.9,104.1,105.55,9030000.0,104.58,93.24749999999999,77.97513321492004,0.03271508149229099,BULLISH,RSI_HIGH,HIGH_VOLATILITY
2016-06-06,105.05,108.0,104.55,106.85,13720000.0,105.35999999999999,94.00500000000001,80.86956521739128,0.03265145022956896,BULLISH,RSI_HIGH,HIGH_VOLATILITY
2016-06-07,107.25,110.25,107.0,109.5,14520000.0,106.21,94.9875,82.45614035087716,0.03214217846016002,BULLISH,RSI_HIGH,HIGH_VOLATILITY
2016-06-08,109.75,110.45,108.0,109.35,10620000.0,107.46,95.875,87.92517006802719,0.03217059933600182,BULLISH,RSI_HIGH,HIGH_VOLATILITY
2016-06-09,109.0,112.6,108.95,110.9,16010000.000000002,108.42999999999999,96.75,88.81685575364664,0.0321016838263376,BULLISH,RSI_HIGH,HIGH_VOLATILITY
2016-06-10,110.45,115.9,110.45,115.3,26740000.0,110.38,98.05,90.34090909090904,0.030225637585948827,BULLISH,RSI_HIGH,HIGH_VOLATILITY
2016-06-13,113.5,115.5,111.35,114.7,15420000.0,111.95,99.295,90.34090909090908,0.030465512136457044,BULLISH,RSI_HIGH,HIGH_VOLATILITY
2016-06-14,114.95,115.85,114.1,115.6,10880000.0,113.17,100.62,89.89598811292717,0.030109568989330534,BULLISH,RSI_HIGH,HIGH_VOLATILITY
2016-06-15,116.25,116.7,114.2,115.75,10290000.0,114.45,101.95,89.45736434108525,0.030093343877692604,BULLISH,RSI_HIGH,HIGH_VOLATILITY
2016-06-16,115.35,119.45,114.35,119.05,19650000.0,116.08,103.55,89.98527245949924,0.02894468818570552,BULLISH,RSI_HIGH,HIGH_VOLATILITY
2016-06-17,120.1,120.25,117.95,118.8,9120000.0,116.78,105.1425,84.23326133909285,0.028975377104276043,BULLISH,RSI_HIGH,HIGH_VOLATILITY
2016-06-20,117.45,121.35,117.3,121.05,7880000.0,118.05,106.85,84.19913419913418,0.02871150665548236,BULLISH,RSI_HIGH,HIGH_VOLATILITY
2016-06-21,122.25,124.65,121.6,123.5,15270000.0,119.63,108.71000000000001,93.58974358974359,0.028154209739393383,BULLISH,RSI_HIGH,HIGH_VOLATILITY
2016-06-22,123.95,123.95,120.1,122.2,10070000.0,120.92,110.38250000000001,87.12643678160921,0.02876828997324365,BULLISH,RSI_HIGH,HIGH_VOLATILITY
2016-06-23,122.1,124.5,121.65,123.9,8240000.0,121.89000000000001,112.0625,89.97821350762528,0.0287729356263196,BULLISH,RSI_HIGH,HIGH_VOLATILITY
2016-06-24,118.35,119.6,112.0,117.3,22750000.0,121.59,113.33250000000001,68.49557522123894,0.032700872780713014,BULLISH,RSI_NORMAL,HIGH_VOLATILITY
2016-06-27,115.95,120.8,115.9,119.8,13600000.0,121.34,114.175,68.32740213523131,0.02096430217601702,BULLISH,RSI_NORMAL,LOW_VOLATILITY
2016-06-28,119.9,121.05,117.75,118.05,11040000.0,120.25,114.81500000000001,64.64646464646465,0.021243328998158582,BULLISH,RSI_NORMAL,LOW_VOLATILITY
2016-06-29,119.0,121.3,118.6,119.95,9330000.0,119.8,115.6575,65.05823627287853,0.02040796957480515,BULLISH,RSI_NORMAL,LOW_VOLATILITY
2016-06-30,122.4,123.45,121.25,122.85,15710000.0,119.59,116.49749999999999,63.22241681260946,0.02019278934368269,BULLISH,RSI_NORMAL,LOW_VOLATILITY
2016-07-01,124.0,125.5,123.15,124.75,8910000.0,121.08,117.45749999999998,66.83417085427135,0.020050045329571074,BULLISH,RSI_NORMAL,LOW_VOLATILITY
2016-07-04,126.1,126.75,125.5,125.95,5720000.0,122.30999999999999,118.4125,67.16417910447763,0.02003268458310288,BULLISH,RSI_NORMAL,LOW_VOLATILITY
2016-07-05,126.0,127.4,123.3,123.65,9850000.0,123.43000000000002,119.12,62.22910216718267,0.020491621587849847,BULLISH,RSI_NORMAL,LOW_VOLATILITY
2016-07-07,125.0,128.7,124.6,127.7,15660000.0,124.97999999999999,120.0375,63.08623298033284,0.021227127030781737,BULLISH,RSI_NORMAL,LOW_VOLATILITY
2016-07-08,128.7,128.7,125.5,126.85,8330000.0,125.78,120.835,61.96136701337294,0.021418528925389143,BULLISH,RSI_NORMAL,LOW_VOLATILITY
2016-07-11,128.3,129.75,128.05,129.05,7530000.0,126.64000000000001,121.52250000000001,61.90476190476191,0.020168942209707334,BULLISH,RSI_NORMAL,LOW_VOLATILITY
2016-07-12,130.35,136.2,130.0,135.25,26490000.0,128.5,122.55,65.72958500669344,0.022059573683359392,BULLISH,RSI_NORMAL,HIGH_VOLATILITY
2016-07-13,136.0,139.9,134.7,135.8,20240000.0,130.93,123.55999999999999,68.5792349726776,0.02208170948987351,BULLISH,RSI_NORMAL,HIGH_VOLATILITY
2016-07-14,136.0,137.35,133.75,135.8,11700000.0,132.55,124.5625,67.0487106017192,0.022105314767942807,BULLISH,RSI_NORMAL,HIGH_VOLATILITY
2016-07-15,136.9,138.0,135.55,137.4,10640000.0,134.66000000000003,125.47999999999999,83.61204013377926,0.021609424463877824,BULLISH,RSI_HIGH,HIGH_VOLATILITY
2016-07-18,137.9,141.45,136.15,137.25,13730000.0,136.3,126.4025,81.66969147005442,0.021587219764352947,BULLISH,RSI_HIGH,HIGH_VOLATILITY
2016-07-19,136.9,139.5,136.6,138.0,10930000.0,136.85,127.25,87.57062146892652,0.021419943054910243,BULLISH,RSI_HIGH,LOW_VOLATILITY
2016-07-20,138.85,139.3,134.3,135.9,11900000.0,136.87000000000003,127.87,79.81308411214953,0.02171376172283503,BULLISH,RSI_HIGH,HIGH_VOLATILITY
2016-07-21,137.15,137.5,133.5,133.9,11200000.0,136.49,128.455,71.37330754352031,0.02189116069331992,BULLISH,RSI_HIGH,HIGH_VOLATILITY
2016-07-22,133.2,137.0,130.35,136.0,15030000.0,136.21,129.06,71.59309021113242,0.021933471091363732,BULLISH,RSI_HIGH,HIGH_VOLATILITY
2016-07-25,136.5,136.9,133.9,135.2,6410000.0,135.8,129.95499999999998,68.03118908382062,0.017412802649927634,BULLISH,RSI_NORMAL,LOW_VOLATILITY
2016-07-26,135.2,136.8,131.0,131.65,12880000.0,134.53000000000003,130.5475,64.86988847583643,0.018601809263313153,BULLISH,RSI_NORMAL,LOW_VOLATILITY
2016-07-27,132.65,134.6,131.2,133.8,9550000.0,134.10999999999999,131.33499999999998,62.20000000000002,0.018176604186020864,BULLISH,RSI_NORMAL,LOW_VOLATILITY
2016-07-28,134.0,135.6,132.1,134.25,10630000.0,134.18,132.05,65.04065040650408,0.01804302033940812,BULLISH,RSI_NORMAL,LOW_VOLATILITY
2016-07-29,134.95,135.65,132.15,133.55,7050000.0,133.69,132.585,59.74025974025976,0.017660403246385497,BULLISH,RSI_NORMAL,LOW_VOLATILITY
2016-08-01,134.5,138.8,134.1,136.6,12650000.0,133.97,133.1775,53.38345864661653,0.01797909106595582,BULLISH,RSI_NORMAL,LOW_VOLATILITY
2016-08-02,137.4,138.25,134.6,135.5,9030000.0,134.74,133.655,49.2682926829268,0.01815794580531834,BULLISH,RSI_NORMAL,LOW_VOLATILITY
2016-08-03,135.4,137.25,133.6,135.7,9960000.0,135.12,134.2575,49.75845410628014,0.01741612153980961,BULLISH,RSI_NORMAL,LOW_VOLATILITY
2016-08-04,136.5,137.95,135.4,137.1,6940000.0,135.69,134.72750000000002,49.2682926829268,0.016201177692600707,BULLISH,RSI_NORMAL,LOW_VOLATILITY
2016-08-05,139.0,144.25,138.5,143.7,13300000.0,137.72,135.57,61.96660482374769,0.018787879081703998,BULLISH,RSI_NORMAL,LOW_VOLATILITY
2016-08-08,146.25,152.15,146.0,149.15,20170000.0,140.23,136.575,67.6145339652449,0.019945731557143773,BULLISH,RSI_NORMAL,LOW_VOLATILITY
2016-08-09,150.2,150.25,145.4,146.6,9820000.0,142.45,137.14249999999998,66.66666666666666,0.01821128553658793,BULLISH,RSI_NORMAL,LOW_VOLATILITY
2016-08-10,147.0,149.15,144.55,145.8,9270000.0,144.46999999999997,137.6425,69.25566343042075,0.018338825988580408,BULLISH,RSI_NORMAL,LOW_VOLATILITY
2016-08-11,145.6,146.0,138.5,142.25,9200000.0,145.5,137.965,59.65996908809893,0.019377327569075085,BULLISH,RSI_NORMAL,LOW_VOLATILITY
2016-08-12,143.0,149.25,143.0,146.35,22090000.0,146.03,138.4125,65.63814866760171,0.020165574217315168,BULLISH,RSI_NORMAL,LOW_VOLATILITY
2016-08-16,147.7,155.55,146.6,154.65,17290000.0,147.13000000000002,139.2825,78.46534653465348,0.0233813341627576,BULLISH,RSI_HIGH,HIGH_VOLATILITY
2016-08-17,154.35,156.8,153.95,155.95,13400000.0,149.0,140.18,78.00252844500632,0.023385440057114175,BULLISH,RSI_HIGH,HIGH_VOLATILITY
2016-08-18,156.5,157.15,154.0,154.35,7030000.0,150.71,141.1025,74.69287469287471,0.023169642718252902,BULLISH,RSI_HIGH,HIGH_VOLATILITY
2016-08-19,156.8,159.45,156.25,158.95,13630000.0,154.04999999999998,142.355,78.47533632286995,0.02314872994771781,BULLISH,RSI_HIGH,HIGH_VOLATILITY
2016-08-22,158.0,158.0,155.3,156.05,6710000.0,155.99,143.3575,71.87851518560184,0.023854972215629204,BULLISH,RSI_HIGH,HIGH_VOLATILITY
2016-08-23,155.5,156.95,153.8,155.55,6120000.0,156.17,144.375,72.86202964652226,0.02378528345640976,BULLISH,RSI_HIGH,HIGH_VOLATILITY
2016-08-24,156.3,157.6,155.4,157.0,7010000.0,156.38,145.64249999999998,73.61419068736146,0.02243557666062157,BULLISH,RSI_HIGH,HIGH_VOLATILITY
2016-08-25,156.95,157.8,153.5,154.25,7140000.0,156.35999999999999,146.66500000000002,68.46071044133478,0.023125698677950456,BULLISH,RSI_NORMAL,HIGH_VOLATILITY
2016-08-26,155.45,156.95,154.3,155.5,7920000.0,155.67000000000002,147.72750000000002,64.35523114355234,0.023106576462080745,BULLISH,RSI_NORMAL,HIGH_VOLATILITY
2016-08-29,155.0,159.5,154.5,158.3,7490000.0,156.12,148.965,61.89856957087128,0.023010748394974787,BULLISH,RSI_NORMAL,HIGH_VOLATILITY
2016-08-30,159.9,163.5,159.05,162.75,7930000.0,157.56,150.2725,70.0123915737299,0.02320960189714908,BULLISH,RSI_HIGH,HIGH_VOLATILITY
2016-08-31,163.0,164.7,158.25,159.25,15210000.0,158.01000000000002,151.46,65.62137049941929,0.023915489585869032,BULLISH,RSI_NORMAL,HIGH_VOLATILITY
2016-09-01,159.0,160.65,156.6,157.5,6260000.0,158.66000000000003,152.55,68.48484848484851,0.02426463777303402,BULLISH,RSI_NORMAL,HIGH_VOLATILITY
2016-09-02,158.3,158.9,154.5,157.25,6820000.0,159.01000000000002,153.5575,64.572192513369,0.024344295754948547,BULLISH,RSI_NORMAL,HIGH_VOLATILITY
2016-09-06,157.55,159.9,157.0,158.5,5190000.0,159.05,154.2975,56.34266886326195,0.022361295408085926,BULLISH,RSI_NORMAL,HIGH_VOLATILITY
2016-09-07,158.55,161.8,158.05,159.7,7930000.0,158.44,154.825,56.198347107438025,0.02100863469182384,BULLISH,RSI_NORMAL,LOW_VOLATILITY
2016-09-08,160.9,163.45,160.0,161.95,9380000.0,158.98,155.5925,62.29773462783172,0.020541424662738377,BULLISH,RSI_NORMAL,LOW_VOLATILITY
2016-09-09,162.85,162.85,154.0,154.85,9430000.0,158.45,156.045,43.8622754491018,0.023208413363132164,BEARISH,RSI_NORMAL,HIGH_VOLATILITY
2016-09-12,149.0,150.6,139.9,140.85,16170000.000000002,155.17,155.975,32.92134831460672,0.030804099532269407,BEARISH,RSI_NORMAL,HIGH_VOLATILITY
2016-09-14,140.25,143.7,138.55,143.25,13200000.0,152.11999999999998,155.82,36.74568965517239,0.030332233287375738,BEARISH,RSI_NORMAL,HIGH_VOLATILITY
2016-09-15,144.95,146.25,141.15,145.55,10490000.0,149.29000000000002,155.36499999999998,37.88359788359789,0.0275193561442968,BEARISH,RSI_NORMAL,HIGH_VOLATILITY
2016-09-16,146.8,147.9,142.0,142.65,10330000.0,145.43,154.7,37.76371308016878,0.027648865956138746,BEARISH,RSI_NORMAL,HIGH_VOLATILITY
2016-09-19,143.1,144.6,141.7,143.95,4970000.0,143.25,154.18,37.82929399367754,0.027759793354227465,BEARISH,RSI_NORMAL,HIGH_VOLATILITY
2016-09-20,143.0,146.35,142.6,145.6,7630000.0,144.2,153.5125,36.2850971922246,0.026905374284493095,BEARISH,RSI_NORMAL,HIGH_VOLATILITY
2016-09-21,145.55,151.35,144.1,149.55,14670000.0,145.46,153.1875,35.589519650655035,0.027548105144339,BEARISH,RSI_NORMAL,HIGH_VOLATILITY
2016-09-22,153.4,156.2,152.25,154.6,16320000.0,147.26999999999998,153.14000000000001,45.089757127771904,0.028663401352302716,BULLISH,RSI_NORMAL,HIGH_VOLATILITY
2016-09-23,154.6,156.85,153.05,154.45,10730000.0,149.63,153.0125,46.66666666666666,0.02858134732232824,BULLISH,RSI_NORMAL,HIGH_VOLATILITY
2016-09-26,154.0,155.3,152.3,153.6,7230000.0,151.56,152.98,46.06256742179071,0.028328211623701836,BULLISH,RSI_NORMAL,HIGH_VOLATILITY
2016-09-27,154.35,155.3,149.55,150.05,8050000.000000001,152.45,152.7075,41.31551901336075,0.028726006062894608,BEARISH,RSI_NORMAL,HIGH_VOLATILITY
2016-09-28,150.2,158.2,148.5,156.9,12790000.0,153.92,152.6375,47.42173112338859,0.030328250251431432,BULLISH,RSI_NORMAL,HIGH_VOLATILITY
2016-09-29,157.45,157.85,147.8,150.0,14160000.0,153.0,152.0,39.86429177268873,0.031086347550046137,BEARISH,RSI_NORMAL,HIGH_VOLATILITY
2016-09-30,147.0,154.35,146.8,152.7,9170000.0,152.65,151.67249999999999,48.02933088909257,0.031143765238276954,BULLISH,RSI_NORMAL,HIGH_VOLATILITY
2016-10-03,154.5,155.2,152.6,154.1,9300000.0,152.75,151.5025,65.79261025029797,0.031150918255912596,BULLISH,RSI_NORMAL,HIGH_VOLATILITY
2016-10-04,154.95,157.5,152.35,154.25,13700000.0,153.59,151.3525,63.85390428211587,0.031151980191931942,BULLISH,RSI_NORMAL,HIGH_VOLATILITY
2016-10-05,156.5,159.3,155.75,157.25,10170000.0,153.66,151.29,64.48019801980197,0.03142088225341684,BULLISH,RSI_NORMAL,HIGH_VOLATILITY
2016-10-06,158.0,161.7,156.1,158.35,13600000.0,155.32999999999998,151.2225,70.33678756476684,0.03141392724824844,BULLISH,RSI_HIGH,HIGH_VOLATILITY
2016-10-07,158.95,160.4,156.65,158.0,7260000.0,156.39000000000001,151.025,68.65869853917665,0.031241715422857665,BULLISH,RSI_NORMAL,HIGH_VOLATILITY
2016-10-10,158.85,162.8,158.8,160.75,8160000.0,157.71999999999997,151.32,69.5483870967742,0.02976307585272617,BULLISH,RSI_NORMAL,HIGH_VOLATILITY
2016-10-13,157.9,159.25,152.1,155.15,8680000.0,157.9,152.035,56.93069306930693,0.02231350623340667,BULLISH,RSI_NORMAL,HIGH_VOLATILITY
2016-10-14,155.75,156.35,153.2,154.6,5660000.0,157.36999999999998,152.6025,50.0,0.022207504842741747,BULLISH,RSI_NORMAL,HIGH_VOLATILITY
2016-10-17,154.2,155.6,150.0,150.65,7750000.0,155.83,152.85750000000002,45.21410579345089,0.022960069142975225,BEARISH,RSI_NORMAL,HIGH_VOLATILITY
2016-10-18,152.0,153.35,149.3,152.35,10850000.0,154.7,153.3425,48.45869297163995,0.022448250540128084,BEARISH,RSI_NORMAL,HIGH_VOLATILITY
2016-10-19,153.4,153.95,150.0,151.0,8199999.999999999,152.75,153.695,51.23859191655799,0.022572620649589238,BEARISH,RSI_NORMAL,HIGH_VOLATILITY
2016-10-20,151.8,156.25,151.65,155.25,8039999.999999999,152.76999999999998,154.17749999999998,47.69230769230768,0.02321508563913968,BULLISH,RSI_NORMAL,HIGH_VOLATILITY
2016-10-21,155.4,155.4,150.85,151.85,5800000.0,152.22,154.2925,52.86821705426356,0.023173920183043636,BEARISH,RSI_NORMAL,HIGH_VOLATILITY
2016-10-24,152.15,153.15,150.4,150.85,5650000.0,152.26,154.10500000000002,46.972176759410814,0.02189384945746369,BEARISH,RSI_NORMAL,HIGH_VOLATILITY
2016-10-25,151.2,152.5,147.65,150.5,8900000.0,151.89000000000001,153.9075,43.898305084745765,0.021895837143410167,BEARISH,RSI_NORMAL,HIGH_VOLATILITY
2016-10-26,149.9,152.25,148.6,150.2,6190000.0,151.73000000000002,153.7375,43.17032040472173,0.021872456231607093,BEARISH,RSI_NORMAL,HIGH_VOLATILITY
2016-10-27,150.2,150.85,147.4,148.3,8390000.0,150.34,153.65,34.325744308231165,0.021433748149213887,BEARISH,RSI_NORMAL,LOW_VOLATILITY
2016-10-28,148.5,150.4,148.0,149.65,4500000.0,149.9,153.2875,34.89583333333333,0.018685546327273168,BEARISH,RSI_NORMAL,LOW_VOLATILITY
2016-10-30,150.0,150.25,149.4,149.4,428630.0,149.60999999999999,153.2575,35.01742160278744,0.015892576875362597,BEARISH,RSI_NORMAL,LOW_VOLATILITY
2016-11-01,150.5,159.5,149.7,156.95,17720000.0,150.9,153.47,44.328358208955194,0.019168247109979362,BULLISH,RSI_NORMAL,LOW_VOLATILITY
2016-11-02,154.8,158.2,153.15,156.5,11310000.0,152.16,153.59,52.38095238095237,0.019105202977820777,BULLISH,RSI_NORMAL,LOW_VOLATILITY
2016-11-03,156.95,166.4,156.75,162.8,26150000.0,155.06,154.01749999999998,62.02346041055723,0.021030462809893048,BULLISH,RSI_NORMAL,LOW_VOLATILITY
2016-11-04,164.0,164.95,154.75,158.85,14040000.0,156.9,154.0975,62.02346041055718,0.021487512233449267,BULLISH,RSI_NORMAL,LOW_VOLATILITY
2016-11-07,162.75,168.75,161.4,167.6,13930000.0,160.54,154.56,68.52976913730257,0.02467961214332695,BULLISH,RSI_NORMAL,HIGH_VOLATILITY
2016-11-08,170.0,172.4,165.85,167.4,23430000.0,162.63,155.03,70.50000000000003,0.024669079851858945,BULLISH,RSI_HIGH,HIGH_VOLATILITY
2016-11-09,150.7,163.65,150.7,162.1,11330000.0,163.75,155.09750000000003,58.34348355663824,0.025601957414994044,BULLISH,RSI_NORMAL,HIGH_VOLATILITY
2016-11-10,168.5,177.35,167.0,175.75,16280000.000000002,166.34,156.1275,73.29434697855751,0.03030519273311741,BULLISH,RSI_HIGH,HIGH_VOLATILITY
2016-11-11,174.1,178.1,171.05,172.3,13460000.0,169.03000000000003,157.0125,69.95348837209306,0.03080016731640842,BULLISH,RSI_NORMAL,HIGH_VOLATILITY
2016-11-15,175.7,180.65,166.5,167.75,30750000.0,169.06,157.8675,64.88352027610009,0.03084678034467876,BULLISH,RSI_NORMAL,HIGH_VOLATILITY
2016-11-16,171.8,172.7,161.2,162.8,11910000.0,168.14000000000001,158.39000000000001,60.063897763578304,0.031801059677292895,BULLISH,RSI_NORMAL,HIGH_VOLATILITY
2016-11-17,164.0,169.8,162.0,168.3,10560000.0,169.38000000000002,159.25500000000002,65.10574018126889,0.032333297230681714,BULLISH,RSI_NORMAL,HIGH_VOLATILITY
2016-11-18,169.0,169.3,163.6,165.35,8780000.0,167.3,159.76000000000002,61.57817109144542,0.032294067795780826,BULLISH,RSI_NORMAL,HIGH_VOLATILITY
2016-11-21,166.5,170.8,156.1,157.35,16030000.000000002,164.31,160.03500000000003,55.261416280608856,0.03389934987199549,BEARISH,RSI_NORMAL,HIGH_VOLATILITY
2016-11-22,158.85,167.3,158.65,166.55,15430000.0,164.07,160.82,56.21761658031089,0.03605294200662874,BULLISH,RSI_NORMAL,HIGH_VOLATILITY
2016-11-23,168.95,174.3,168.0,173.7,15980000.0,166.25,161.98,60.250297973778295,0.03694076695217548,BULLISH,RSI_NORMAL,HIGH_VOLATILITY
2016-11-24,173.5,181.15,172.15,180.45,24350000.0,168.68,163.4925,60.462359217545924,0.03749431542993679,BULLISH,RSI_NORMAL,HIGH_VOLATILITY
2016-11-25,182.9,184.8,178.85,180.5,17340000.0,171.70999999999998,165.1025,63.455562461156,0.03719584824873355,BULLISH,RSI_NORMAL,HIGH_VOLATILITY
2016-11-28,180.3,182.35,177.7,178.65,12520000.0,175.97,166.5525,57.5118966689327,0.03748523189730056,BULLISH,RSI_NORMAL,HIGH_VOLATILITY
2016-11-29,179.7,180.85,174.8,175.4,9820000.0,177.73999999999998,167.85250000000002,55.221932114882506,0.03792502763353218,BULLISH,RSI_NORMAL,HIGH_VOLATILITY
2016-11-30,175.0,178.7,172.8,175.75,15100000.0,178.15,168.7925,59.52547103977669,0.03664000265246635,BULLISH,RSI_NORMAL,HIGH_VOLATILITY
2016-12-01,176.8,177.5,169.7,171.35,7640000.0,176.32999999999998,169.535,46.47435897435898,0.03726192463098005,BULLISH,RSI_NORMAL,HIGH_VOLATILITY
2016-12-02,170.95,174.15,167.5,168.75,11030000.0,173.98000000000002,169.8325,47.1161657189277,0.036571554026444145,BEARISH,RSI_NORMAL,HIGH_VOLATILITY
2016-12-05,168.5,175.4,167.8,174.5,9140000.0,173.15,170.615,55.3784860557769,0.0366577638661558,BULLISH,RSI_NORMAL,HIGH_VOLATILITY
2016-12-06,176.95,177.85,174.2,175.4,8670000.0,173.15,171.005,60.73253833049402,0.03474162776219069,BULLISH,RSI_NORMAL,HIGH_VOLATILITY
2016-12-07,176.5,176.8,172.45,175.05,6210000.0,173.01,171.3875,56.30252100840336,0.0347469910752004,BULLISH,RSI_NORMAL,HIGH_VOLATILITY
2016-12-08,177.45,181.4,176.3,179.2,9430000.0,174.57999999999998,172.2425,62.64840182648402,0.03405573396425281,BULLISH,RSI_NORMAL,HIGH_VOLATILITY
2016-12-09,180.45,183.45,179.05,182.1,9540000.0,177.25,172.56,74.92447129909367,0.028776122564575252,BULLISH,RSI_HIGH,HIGH_VOLATILITY
2016-12-12,180.8,183.2,179.25,181.95,8050000.000000001,178.73999999999998,173.0425,68.9655172413793,0.028330189623781327,BULLISH,RSI_NORMAL,HIGH_VOLATILITY
2016-12-13,181.55,182.65,175.25,176.95,9690000.0,179.05,173.5025,54.226267880364105,0.02838995709769986,BULLISH,RSI_NORMAL,HIGH_VOLATILITY
2016-12-14,177.25,178.2,174.85,176.0,6200000.0,179.24,174.1625,43.185298621745794,0.027429662477728947,BULLISH,RSI_NORMAL,HIGH_VOLATILITY
2016-12-15,173.4,177.4,173.2,176.1,6170000.0,178.61999999999998,174.55249999999998,43.27217125382261,0.026539127262042366,BULLISH,RSI_NORMAL,HIGH_VOLATILITY
2016-12-16,176.9,176.9,169.1,170.2,9580000.0,176.23999999999998,174.795,38.50340136054419,0.02740316796871985,BEARISH,RSI_NORMAL,HIGH_VOLATILITY
2016-12-19,169.4,171.75,168.1,169.15,5530000.0,173.68,175.385,40.95513748191026,0.02484035649085542,BEARISH,RSI_NORMAL,HIGH_VOLATILITY
2016-12-20,169.7,169.75,165.35,167.15,5440000.0,171.71999999999997,175.415,38.12154696132596,0.021457327006333096,BEARISH,RSI_NORMAL,LOW_VOLATILITY
2016-12-21,168.0,171.0,166.55,168.8,6540000.0,170.28,175.17000000000002,46.18834080717492,0.01915858092248755,BEARISH,RSI_NORMAL,LOW_VOLATILITY
2016-12-22,168.7,168.7,160.25,161.25,9590000.0,167.31,174.21,40.23437499999999,0.019063730714970566,BEARISH,RSI_NORMAL,LOW_VOLATILITY
2016-12-23,161.0,162.1,158.85,159.3,9800000.0,165.13000000000002,173.15,28.034682080924853,0.019069306750571273,BEARISH,RSI_LOW,LOW_VOLATILITY
2016-12-26,157.5,157.5,149.7,151.5,10230000.0,161.6,171.7925,21.2048192771084,0.021346613874222424,BEARISH,RSI_LOW,LOW_VOLATILITY
2016-12-27,150.3,156.6,147.85,155.55,10780000.0,159.28,170.8,28.429203539823007,0.022546470149278804,BEARISH,RSI_LOW,HIGH_VOLATILITY
2016-12-28,156.5,158.25,152.6,153.6,9010000.0,156.24,169.6925,20.232558139534916,0.022518081082804054,BEARISH,RSI_LOW,HIGH_VOLATILITY
2016-12-29,153.1,155.55,152.3,154.75,7710000.0,154.94,168.8625,16.848484848484873,0.02227985644981676,BEARISH,RSI_LOW,HIGH_VOLATILITY
2016-12-30,155.0,156.2,153.25,155.05,8199999.999999999,154.09,168.1775,17.51207729468605,0.022190687497527877,BEARISH,RSI_LOW,HIGH_VOLATILITY
2017-01-02,155.85,159.75,154.2,158.85,9540000.0,155.56,167.395,27.487562189054742,0.021416715389762576,BEARISH,RSI_LOW,LOW_VOLATILITY
2017-01-03,159.85,161.0,157.05,158.85,6840000.0,156.22,166.5675,28.15286624203823,0.021325588711108203,BEARISH,RSI_LOW,LOW_VOLATILITY
2017-01-04,158.9,161.6,157.45,158.9,7730000.0,157.28,165.76000000000002,28.061224489795947,0.02134739384639589,BEARISH,RSI_LOW,LOW_VOLATILITY
2017-01-05,160.0,162.65,159.9,162.0,9920000.0,158.73,164.9,38.736263736263766,0.02107317019028735,BEARISH,RSI_NORMAL,LOW_VOLATILITY
2017-01-06,162.45,163.8,160.1,160.75,6830000.0,159.87,163.8325,38.524590163934434,0.0204890821936872,BEARISH,RSI_NORMAL,LOW_VOLATILITY
2017-01-09,161.6,162.2,157.65,158.0,6140000.0,159.7,162.63500000000002,37.75100401606426,0.02059524487605191,BEARISH,RSI_NORMAL,LOW_VOLATILITY
2017-01-10,159.15,165.4,158.0,164.4,15810000.0,160.81,162.0075,44.77434679334916,0.022527223455689714,BULLISH,RSI_NORMAL,HIGH_VOLATILITY
2017-01-11,167.1,175.65,166.45,174.95,24150000.0,164.02,161.95499999999998,65.18847006651883,0.027112269147296517,BULLISH,RSI_NORMAL,HIGH_VOLATILITY
2017-01-12,175.6,178.6,172.4,177.0,14230000.0,167.02,162.0,69.57964601769908,0.027237853809964782,BULLISH,RSI_NORMAL,HIGH_VOLATILITY
2017-01-13,178.8,178.8,170.85,172.25,17430000.0,169.32,162.10250000000002,74.6144721233689,0.026836241034603078,BULLISH,RSI_HIGH,HIGH_VOLATILITY
2017-01-16,172.0,174.35,169.9,172.6,9670000.0,172.24,162.275,72.1716514954486,0.02678451397188519,BULLISH,RSI_HIGH,HIGH_VOLATILITY
2017-01-17,173.6,174.8,169.3,171.05,7370000.0,173.57,162.47,72.93035479632067,0.02671837402473178,BULLISH,RSI_HIGH,HIGH_VOLATILITY
2017-01-18,171.8,177.35,171.6,177.0,13050000.0,173.98,162.88,75.96266044340726,0.027692645402579867,BULLISH,RSI_HIGH,HIGH_VOLATILITY
2017-01-19,176.3,177.25,173.5,176.1,8380000.000000001,173.8,163.6225,74.22324510932106,0.02544393278473579,BULLISH,RSI_HIGH,HIGH_VOLATILITY
2017-01-20,175.6,178.35,169.5,171.65,12030000.0,173.68,164.24,64.51247165532882,0.026065188992445577,BULLISH,RSI_NORMAL,HIGH_VOLATILITY
2017-01-23,173.0,182.4,172.25,181.7,18220000.0,175.5,165.75,71.0987996306556,0.025637093733183597,BULLISH,RSI_HIGH,HIGH_VOLATILITY
2017-01-24,182.6,187.85,181.05,187.15,17130000.0,178.72,167.32999999999998,73.71956339210749,0.02576298325325876,BULLISH,RSI_HIGH,HIGH_VOLATILITY
2017-01-25,187.4,191.65,187.15,190.75,21240000.0,181.47,169.1875,73.93838467943382,0.025301664803680082,BULLISH,RSI_HIGH,HIGH_VOLATILITY
2017-01-27,190.5,195.0,188.05,190.75,19580000.0,184.4,170.9875,75.51020408163268,0.025414437851603456,BULLISH,RSI_HIGH,HIGH_VOLATILITY
2017-01-30,190.05,195.3,186.95,191.5,12050000.0,188.37,172.81,79.48943661971833,0.025381690666024092,BULLISH,RSI_HIGH,HIGH_VOLATILITY
2017-01-31,191.95,193.2,189.2,189.95,9510000.0,190.02,174.36499999999998,74.59095283926854,0.025509209135241878,BULLISH,RSI_HIGH,HIGH_VOLATILITY
2017-02-01,190.9,200.0,186.55,198.85,12600000.0,192.35999999999999,176.365,73.75745526838968,0.026733915257783,BULLISH,RSI_HIGH,HIGH_VOLATILITY
2017-02-02,198.5,198.5,191.5,193.3,12720000.0,192.86999999999998,178.08499999999998,65.14869888475839,0.028073855389362076,BULLISH,RSI_NORMAL,HIGH_VOLATILITY
2017-02-03,194.0,195.4,188.25,191.75,11320000.0,193.07,179.5725,69.26877470355733,0.028268314256254666,BULLISH,RSI_NORMAL,HIGH_VOLATILITY
2017-02-06,192.5,195.5,189.3,190.1,7380000.0,192.79,181.04,66.85934489402698,0.028296396500549548,BULLISH,RSI_NORMAL,HIGH_VOLATILITY
2017-02-07,190.7,192.95,184.05,185.9,10630000.0,191.98000000000002,182.435,63.61136571952338,0.028557381580742898,BULLISH,RSI_NORMAL,HIGH_VOLATILITY
2017-02-08,187.5,192.25,186.3,189.0,10370000.0,190.01,183.665,61.605415860735015,0.0276358956831621,BULLISH,RSI_NORMAL,HIGH_VOLATILITY
2017-02-09,189.95,190.25,181.95,183.7,14000000.0,188.09,184.10250000000002,56.77361853832441,0.025246411030928305,BEARISH,RSI_NORMAL,HIGH_VOLATILITY
2017-02-10,185.6,185.7,180.8,182.05,11600000.0,186.15,184.355,59.75609756097562,0.025283356631780357,BEARISH,RSI_NORMAL,HIGH_VOLATILITY
2017-02-13,184.5,187.9,181.6,185.0,17460000.0,185.13000000000002,184.9925,53.57142857142858,0.024546994056337076,BULLISH,RSI_NORMAL,HIGH_VOLATILITY
2017-02-14,187.0,188.0,184.2,187.25,11940000.0,185.4,185.725,50.11627906976743,0.024611736994816485,BULLISH,RSI_NORMAL,HIGH_VOLATILITY
2017-02-15,187.1,189.95,182.05,184.45,11980000.0,184.48999999999998,186.395,42.53554502369667,0.024817583475571295,BEARISH,RSI_NORMAL,HIGH_VOLATILITY
2017-02-16,184.0,188.8,182.25,187.75,10430000.0,185.3,186.9325,46.7032967032967,0.023990748382469902,BULLISH,RSI_NORMAL,HIGH_VOLATILITY
2017-02-17,187.95,189.3,183.0,183.65,9230000.0,185.62,187.31,41.96519959058343,0.024581250254187764,BEARISH,RSI_NORMAL,HIGH_VOLATILITY
2017-02-20,184.0,185.9,179.75,183.3,17870000.0,185.28,187.89249999999998,43.02203567681009,0.023738564787516285,BEARISH,RSI_NORMAL,HIGH_VOLATILITY
2017-02-21,183.35,186.9,181.8,182.45,13310000.0,184.32,187.93,29.292929292929287,0.01993370464440119,BEARISH,RSI_LOW,LOW_VOLATILITY
2017-02-22,183.0,184.0,179.1,180.05,8980000.0,183.44,187.575,31.824417009602186,0.018867866850072745,BEARISH,RSI_NORMAL,LOW_VOLATILITY
2017-02-23,179.8,183.5,179.3,182.1,11390000.0,182.31,187.14249999999998,36.941813261163716,0.018485798890636597,BEARISH,RSI_NORMAL,LOW_VOLATILITY
2017-02-27,182.35,183.15,179.2,180.75,7420000.0,181.73000000000002,186.64249999999998,37.24420190995907,0.018514587190308004,BEARISH,RSI_NORMAL,LOW_VOLATILITY
2017-02-28,181.0,185.5,180.3,184.35,10010000.0,181.94,186.285,47.85020804438278,0.019142476267884873,BEARISH,RSI_NORMAL,LOW_VOLATILITY
2017-03-01,185.15,192.0,184.6,189.25,19040000.0,183.3,186.25,50.330250990752965,0.020082645563895465,BULLISH,RSI_NORMAL,LOW_VOLATILITY
2017-03-02,191.2,196.15,188.2,189.45,22930000.0,185.18,185.78,58.77862595419848,0.016802853164816913,BULLISH,RSI_NORMAL,LOW_VOLATILITY
2017-03-03,188.45,199.75,187.95,198.55,31030000.0,188.46999999999997,186.0425,70.5223880597015,0.01912724137278023,BULLISH,RSI_HIGH,LOW_VOLATILITY
2017-03-06,198.7,202.3,196.35,199.55,17600000.0,192.23,186.4325,69.01960784313727,0.019007219175111667,BULLISH,RSI_NORMAL,LOW_VOLATILITY
2017-03-07,199.35,199.35,191.6,192.55,17610000.0,193.87,186.555,56.16279069767444,0.02064784471465967,BULLISH,RSI_NORMAL,LOW_VOLATILITY
2017-03-08,192.9,193.4,186.8,190.2,19430000.0,194.06,186.77,56.75675675675676,0.020182865886085814,BULLISH,RSI_NORMAL,LOW_VOLATILITY
2017-03-09,191.0,192.0,187.8,189.2,11670000.0,194.01,186.78,51.80124223602483,0.019899432493823307,BULLISH,RSI_NORMAL,LOW_VOLATILITY
2017-03-10,190.8,191.35,187.0,187.6,9750000.0,191.82,186.975,55.231788079470185,0.01889071421622733,BULLISH,RSI_NORMAL,LOW_VOLATILITY
2017-03-14,193.5,194.0,188.45,190.4,15430000.0,189.98999999999998,187.39249999999998,58.83084577114427,0.01896747099586045,BULLISH,RSI_NORMAL,LOW_VOLATILITY
2017-03-15,192.4,192.9,190.05,190.85,11000000.0,189.65,187.685,60.55276381909549,0.018688306154432763,BULLISH,RSI_NORMAL,LOW_VOLATILITY
2017-03-16,194.0,199.4,192.7,198.75,17630000.0,191.35999999999999,188.26000000000002,70.64017660044148,0.020593681584967025,BULLISH,RSI_HIGH,LOW_VOLATILITY
2017-03-17,200.0,200.35,194.65,196.2,12330000.0,192.76,188.8475,65.39301310043666,0.02050052906514916,BULLISH,RSI_NORMAL,LOW_VOLATILITY
2017-03-20,196.7,197.1,191.65,196.2,7110000.0,194.48,189.26999999999998,67.37907761529806,0.020218288016689002,BULLISH,RSI_NORMAL,LOW_VOLATILITY
2017-03-21,196.0,199.8,193.25,198.3,8830000.0,196.06,190.0025,66.23981373690337,0.01946064761510299,BULLISH,RSI_NORMAL,LOW_VOLATILITY
2017-03-22,194.9,196.5,192.0,193.4,17760000.0,196.57,190.5075,54.83119906868452,0.020468264382436853,BULLISH,RSI_NORMAL,LOW_VOLATILITY
2017-03-23,194.4,195.2,192.7,193.7,10680000.0,195.56,191.07,54.93612078977932,0.020395248501620063,BULLISH,RSI_NORMAL,LOW_VOLATILITY
2017-03-24,193.5,197.0,192.25,194.9,11750000.0,195.3,191.8125,44.80796586059744,0.020034776135871672,BULLISH,RSI_NORMAL,LOW_VOLATILITY
2017-03-27,193.95,194.55,187.6,188.7,16990000.0,193.8,192.14249999999998,36.55514250309789,0.02149030123651456,BEARISH,RSI_NORMAL,LOW_VOLATILITY
2017-03-28,189.5,191.2,188.75,189.6,10090000.0,192.06,192.585,45.69343065693429,0.021381829936941068,BEARISH,RSI_NORMAL,LOW_VOLATILITY
2017-03-29,190.6,193.15,189.6,192.25,9070000.0,191.82999999999998,192.98000000000002,52.96671490593345,0.021168948733736554,BEARISH,RSI_NORMAL,LOW_VOLATILITY
2017-03-30,192.4,193.55,189.8,190.3,16300000.0,191.15,193.0325,51.54929577464792,0.02053638551050289,BEARISH,RSI_NORMAL,LOW_VOLATILITY
2017-03-31,190.8,195.95,190.5,195.05,13260000.0,191.18,193.3125,59.63777490297543,0.02125499757749708,BULLISH,RSI_NORMAL,LOW_VOLATILITY
2017-04-03,195.1,196.85,192.35,193.6,7200000.0,192.16,193.065,54.28954423592491,0.01830051385678453,BULLISH,RSI_NORMAL,LOW_VOLATILITY
2017-04-05,194.4,199.2,194.2,198.2,10440000.0,193.88,192.9975,58.866103739445094,0.019092864859212647,BULLISH,RSI_NORMAL,LOW_VOLATILITY
2017-04-06,196.7,196.7,191.35,193.95,15670000.0,194.21999999999997,193.0675,43.650793650793645,0.017992282374137823,BULLISH,RSI_NORMAL,LOW_VOLATILITY
2017-04-07,193.7,197.6,192.35,193.5,14580000.0,194.85999999999999,193.23250000000002,46.21848739495801,0.01775873044060412,BULLISH,RSI_NORMAL,LOW_VOLATILITY
2017-04-10,194.1,195.5,192.6,195.05,6930000.0,194.85999999999999,193.525,48.456375838926206,0.01776010582481759,BULLISH,RSI_NORMAL,LOW_VOLATILITY
2017-04-11,195.1,197.0,192.6,196.45,9870000.0,195.43,193.9675,47.469220246237995,0.017634405634740943,BULLISH,RSI_NORMAL,LOW_VOLATILITY
2017-04-12,196.95,198.0,192.1,193.0,14250000.0,194.39000000000001,194.09750000000003,49.43019943019942,0.0179191867047586,BEARISH,RSI_NORMAL,LOW_VOLATILITY
2017-04-13,192.0,192.0,182.45,183.25,20030000.0,192.25,193.7175,38.27160493827163,0.021269387986413545,BEARISH,RSI_NORMAL,LOW_VOLATILITY
2017-04-17,182.5,182.95,179.35,181.45,16070000.0,189.83999999999997,192.8525,35.10520487264671,0.018724398074571047,BEARISH,RSI_NORMAL,LOW_VOLATILITY
2017-04-18,183.7,190.35,183.2,183.8,22340000.0,187.59,192.23250000000002,44.067796610169516,0.01899709768900913,BEARISH,RSI_NORMAL,LOW_VOLATILITY
2017-04-19,183.65,187.2,182.05,186.0,10060000.0,185.5,191.72250000000003,45.77464788732395,0.01928576280589855,BEARISH,RSI_NORMAL,LOW_VOLATILITY
2017-04-20,186.95,188.6,184.9,186.45,9340000.0,184.19,191.13,42.8217821782178,0.019075375527232943,BEARISH,RSI_NORMAL,LOW_VOLATILITY
2017-04-21,187.75,190.7,184.6,188.1,13680000.0,185.16000000000003,190.86499999999998,47.256857855361574,0.01852404709663503,BEARISH,RSI_NORMAL,LOW_VOLATILITY
2017-04-24,188.0,191.7,187.1,190.8,8930000.0,187.03,190.72,44.415243101182654,0.0188434307687905,BULLISH,RSI_NORMAL,LOW_VOLATILITY
2017-04-25,192.75,193.75,189.15,191.7,8090000.0,188.60999999999999,190.56,47.46666666666666,0.018818328238526225,BULLISH,RSI_NORMAL,LOW_VOLATILITY
2017-04-26,192.6,198.45,192.6,197.0,13470000.0,190.81,190.975,48.429319371727765,0.0183277702831845,BULLISH,RSI_NORMAL,LOW_VOLATILITY
2017-04-27,197.65,197.75,193.7,194.85,9450000.0,192.49,191.2375,51.246537396121894,0.01855141422405855,BULLISH,RSI_NORMAL,LOW_VOLATILITY
2017-04-28,193.85,203.7,192.25,199.35,17430000.0,194.73999999999998,191.5925,57.2851805728518,0.018980414657291996,BULLISH,RSI_NORMAL,LOW_VOLATILITY
2017-05-02,200.85,203.9,198.6,200.25,12540000.0,196.63,192.09,56.58227848101265,0.018769169932807358,BULLISH,RSI_NORMAL,LOW_VOLATILITY
2017-05-03,201.1,201.9,196.45,197.05,7850000.0,197.7,192.19,50.726392251816,0.01844571929637208,BULLISH,RSI_NORMAL,LOW_VOLATILITY
2017-05-04,197.75,198.85,190.25,192.45,11220000.0,196.79,192.1325,49.352179034157814,0.019143664818816148,BULLISH,RSI_NORMAL,LOW_VOLATILITY
2017-05-05,192.0,192.0,183.4,185.8,19910000.0,194.98,191.5125,53.24015247776367,0.0197461867048149,BEARISH,RSI_NORMAL,LOW_VOLATILITY
2017-05-08,187.6,187.9,181.6,184.2,15590000.0,191.95,191.025,53.512132822477646,0.019320569168381006,BEARISH,RSI_NORMAL,LOW_VOLATILITY
2017-05-09,184.55,188.6,183.1,186.4,11360000.0,189.18,190.67,53.33333333333332,0.019584968827705412,BEARISH,RSI_NORMAL,LOW_VOLATILITY
2017-05-10,187.0,188.55,185.45,187.1,9460000.0,187.19,190.2725,51.46666666666666,0.019497044282509108,BEARISH,RSI_NORMAL,LOW_VOLATILITY
2017-05-11,193.35,195.8,192.05,193.65,23030000.0,187.43,190.1325,58.25688073394496,0.021105484168996953,BULLISH,RSI_NORMAL,LOW_VOLATILITY
2017-05-12,194.75,195.35,189.15,191.05,11230000.0,188.48,190.035,53.31088664421999,0.020949253391304535,BULLISH,RSI_NORMAL,LOW_VOLATILITY
2017-05-15,191.95,199.9,191.9,198.45,18160000.0,191.33,190.795,57.76649746192891,0.01911395761684801,BULLISH,RSI_NORMAL,LOW_VOLATILITY
2017-05-16,198.65,198.85,195.5,196.5,10070000.0,193.35,191.54749999999999,54.77137176938371,0.019114092672645928,BULLISH,RSI_NORMAL,LOW_VOLATILITY
2017-05-17,196.1,200.35,196.1,198.85,10640000.0,195.7,192.3,51.953537486800414,0.019091368011433494,BULLISH,RSI_NORMAL,LOW_VOLATILITY
2017-05-18,196.0,196.7,192.3,194.0,13960000.0,195.76999999999998,192.7,49.150849150849155,0.020013040635822647,BULLISH,RSI_NORMAL,LOW_VOLATILITY
2017-05-19,195.95,196.0,186.0,191.0,11430000.0,195.76,192.9275,41.400617919670445,0.020403013177899897,BEARISH,RSI_NORMAL,LOW_VOLATILITY
2017-05-22,192.55,194.4,189.15,190.25,9700000.0,194.11999999999998,193.03500000000003,39.6694214876033,0.020357562894274973,BEARISH,RSI_NORMAL,LOW_VOLATILITY
2017-05-23,190.6,195.25,184.55,192.0,13370000.0,193.21999999999997,193.095,44.62193823216185,0.020208521808275592,BEARISH,RSI_NORMAL,LOW_VOLATILITY
2017-05-24,191.95,193.65,185.1,187.05,11130000.0,190.86,192.8625,44.29175475687105,0.021008928997076355,BEARISH,RSI_NORMAL,LOW_VOLATILITY
2017-05-25,188.0,192.0,185.85,190.55,9700000.0,190.17000000000002,192.54000000000002,55.37938844847112,0.02045493632565122,BEARISH,RSI_NORMAL,LOW_VOLATILITY
2017-05-26,190.7,203.15,189.4,198.4,17800000.0,191.65,192.7175,64.08730158730162,0.022413149923474384,BULLISH,RSI_NORMAL,HIGH_VOLATILITY
2017-05-29,198.3,204.9,197.25,201.25,12520000.0,193.85,192.8125,64.5445641527914,0.022045080050200918,BULLISH,RSI_NORMAL,HIGH_VOLATILITY
2017-05-30,202.45,210.35,201.15,203.15,27440000.0,196.08,192.9575,65.35885167464119,0.022117301502507007,BULLISH,RSI_NORMAL,HIGH_VOLATILITY
2017-05-31,203.95,208.25,200.0,200.7,26250000.0,198.81,193.14000000000001,57.32087227414329,0.021976291185106925,BULLISH,RSI_NORMAL,HIGH_VOLATILITY
2017-06-01,200.5,201.45,195.25,197.25,12260000.0,200.15,193.38,56.326530612244895,0.02165606569929618,BULLISH,RSI_NORMAL,HIGH_VOLATILITY
2017-06-02,198.3,200.2,194.65,197.05,8820000.0,199.88,193.94250000000002,48.325358851674665,0.019952507140130644,BULLISH,RSI_NORMAL,LOW_VOLATILITY
2017-06-05,197.0,199.8,195.5,197.1,7730000.0,199.05,194.5875,50.751879699248114,0.019775597957492713,BULLISH,RSI_NORMAL,LOW_VOLATILITY
2017-06-06,197.05,198.15,194.8,195.45,6030000.0,197.51,195.04000000000002,45.66326530612243,0.019844705427945152,BULLISH,RSI_NORMAL,LOW_VOLATILITY
2017-06-07,196.05,197.95,194.85,197.2,7820000.0,196.81,195.545,54.4321329639889,0.019895183239392697,BULLISH,RSI_NORMAL,LOW_VOLATILITY
2017-06-08,197.2,200.7,197.1,198.45,7250000.0,197.05,195.78500000000003,60.84425036390102,0.018432923716453668,BULLISH,RSI_NORMAL,LOW_VOLATILITY
2017-06-09,198.75,202.9,196.25,202.15,9080000.0,198.07,196.34,65.95174262734585,0.01847155056627204,BULLISH,RSI_NORMAL,LOW_VOLATILITY
2017-06-12,201.15,204.3,198.7,200.6,7590000.0,198.77,196.44750000000002,61.59029649595687,0.016560866613196487,BULLISH,RSI_NORMAL,LOW_VOLATILITY
2017-06-13,200.75,203.2,199.5,200.6,6460000.0,199.8,196.65249999999997,71.07309486780713,0.016377879687831776,BULLISH,RSI_HIGH,LOW_VOLATILITY
2017-06-14,200.6,201.0,196.15,200.15,8930000.0,200.39,196.7175,66.49484536082474,0.016191830922087275,BULLISH,RSI_NORMAL,LOW_VOLATILITY
2017-06-15,198.9,200.5,196.1,196.6,8420000.0,200.02,196.8475,46.37096774193546,0.01571596658345674,BEARISH,RSI_NORMAL,LOW_VOLATILITY
2017-06-16,196.6,197.7,194.9,195.25,6720000.0,198.64000000000001,197.06,37.12446351931331,0.015361796303560145,BEARISH,RSI_NORMAL,LOW_VOLATILITY
2017-06-19,196.6,201.45,196.0,200.85,6780000.0,198.69,197.58999999999997,45.74074074074072,0.016477541656330925,BULLISH,RSI_NORMAL,LOW_VOLATILITY
2017-06-20,201.95,202.9,199.4,202.0,7010000.0,198.96999999999997,198.08999999999997,52.52918287937745,0.01642525546151011,BULLISH,RSI_NORMAL,LOW_VOLATILITY
2017-06-21,200.45,200.5,195.7,196.55,10790000.0,198.25,198.565,48.73646209386283,0.01653636783616873,BEARISH,RSI_NORMAL,LOW_VOLATILITY
2017-06-22,197.55,198.0,191.1,191.6,9350000.0,197.25,198.6175,41.60246533127887,0.01718693638345156,BEARISH,RSI_NORMAL,LOW_VOLATILITY
2017-06-23,191.25,191.3,186.6,188.7,14340000.0,195.94,198.1325,38.101983002832874,0.01456811523422802,BEARISH,RSI_NORMAL,LOW_VOLATILITY
2017-06-27,189.4,189.9,185.1,187.75,6720000.0,193.32,197.45749999999998,38.872832369942216,0.01402880622130818,BEARISH,RSI_NORMAL,LOW_VOLATILITY
2017-06-28,188.0,190.4,185.8,189.85,8180000.0,190.89,196.7925,39.48497854077255,0.01411778561983506,BEARISH,RSI_NORMAL,LOW_VOLATILITY
2017-06-29,192.0,193.6,191.4,192.2,7870000.0,190.01999999999998,196.3675,41.33148404993066,0.01437359101617559,BEARISH,RSI_NORMAL,LOW_VOLATILITY
2017-06-30,191.95,192.65,189.4,190.95,7520000.0,189.89,196.05249999999998,33.3333333333333,0.013974778621588253,BEARISH,RSI_NORMAL,LOW_VOLATILITY
2017-07-03,191.2,197.8,191.2,196.65,13850000.0,191.48,196.03249999999997,44.768211920529815,0.015639655187166094,BULLISH,RSI_NORMAL,LOW_VOLATILITY
2017-07-04,197.35,200.15,197.15,198.4,15940000.0,193.60999999999999,196.0975,47.21518987341774,0.015765586677589316,BULLISH,RSI_NORMAL,LOW_VOLATILITY
2017-07-05,198.65,200.0,197.25,198.8,6510000.0,195.4,196.26500000000001,48.28897338403043,0.01563032050861385,BULLISH,RSI_NORMAL,LOW_VOLATILITY
2017-07-06,198.05,199.6,196.15,196.65,6860000.0,196.29,196.2375,50.06570302233905,0.01572339568193472,BULLISH,RSI_NORMAL,LOW_VOLATILITY
2017-07-07,195.3,197.9,194.55,194.9,7310000.0,197.08,196.06,49.544863459037714,0.015768054386710393,BEARISH,RSI_NORMAL,LOW_VOLATILITY
2017-07-10,199.0,205.15,194.0,195.8,3400000.0,196.91000000000003,195.7425,42.51851851851855,0.015158575390825877,BULLISH,RSI_NORMAL,LOW_VOLATILITY
2017-07-11,195.5,202.3,195.25,200.65,15120000.0,197.36,195.745,48.19759679572764,0.016164299394644872,BULLISH,RSI_NORMAL,LOW_VOLATILITY
2017-07-12,201.75,202.4,199.05,200.6,8330000.0,197.72,195.745,56.318252730109165,0.016164505977846366,BULLISH,RSI_NORMAL,LOW_VOLATILITY
2017-07-13,201.6,205.6,197.7,204.7,11900000.0,199.33,195.9725,70.99358974358972,0.016773886931357604,BULLISH,RSI_HIGH,LOW_VOLATILITY
2017-07-14,205.8,207.4,204.0,205.95,14790000.0,201.54,196.44,79.18781725888324,0.016189978056033307,BULLISH,RSI_HIGH,LOW_VOLATILITY
2017-07-17,206.15,209.5,206.15,209.15,9980000.0,204.20999999999998,197.135,83.64779874213833,0.016286222939737922,BULLISH,RSI_HIGH,LOW_VOLATILITY
2017-07-18,207.95,210.4,206.4,207.4,7530000.0,205.56,197.4625,77.9014308426073,0.015360400798287654,BULLISH,RSI_HIGH,LOW_VOLATILITY
2017-07-19,207.5,213.9,207.4,213.45,13700000.0,208.13000000000002,198.03500000000003,80.22759601706967,0.016532278598400466,BULLISH,RSI_HIGH,LOW_VOLATILITY
2017-07-20,213.3,214.6,211.3,213.65,6600000.0,209.92,198.89,83.28445747800583,0.01498353474046829,BULLISH,RSI_HIGH,LOW_VOLATILITY
2017-07-21,213.4,215.6,208.0,214.55,9900000.0,211.64000000000001,200.0375,80.5460750853242,0.013286147205334962,BULLISH,RSI_HIGH,LOW_VOLATILITY
2017-07-24,214.7,215.8,212.15,214.4,7910000.0,212.69,201.32250000000002,78.88086642599274,0.012457724374400904,BULLISH,RSI_HIGH,LOW_VOLATILITY
2017-07-25,215.0,220.9,213.25,220.2,10570000.0,215.25,202.945,82.32628398791535,0.012953381282059882,BULLISH,RSI_HIGH,LOW_VOLATILITY
2017-07-26,222.0,222.8,218.75,221.55,8250000.0,216.86999999999998,204.53,88.54489164086684,0.012938949973961302,BULLISH,RSI_HIGH,LOW_VOLATILITY
2017-07-27,221.75,223.75,219.45,221.25,8400000.0,218.39000000000001,205.9825,92.70664505672602,0.01304874336767242,BULLISH,RSI_HIGH,LOW_VOLATILITY
2017-07-28,219.95,219.95,214.0,215.85,6030000.0,218.65,207.22750000000002,78.3592644978783,0.01456065910115772,BULLISH,RSI_HIGH,LOW_VOLATILITY
2017-07-31,216.0,220.85,215.5,219.65,5390000.0,219.7,208.3775,77.6967930029154,0.013750827607519599,BULLISH,RSI_HIGH,LOW_VOLATILITY
2017-08-01,221.1,226.65,221.1,225.75,10840000.0,220.81,209.74499999999998,81.16480793060715,0.014607447824977072,BULLISH,RSI_HIGH,LOW_VOLATILITY
2017-08-02,225.6,228.9,222.55,228.2,6400000.0,222.14000000000001,211.215,80.36175710594311,0.014595812520265011,BULLISH,RSI_HIGH,LOW_VOLATILITY
2017-08-03,227.8,227.8,220.2,220.95,10250000.0,222.08,212.43,66.77852348993287,0.016563112392599312,BULLISH,RSI_NORMAL,LOW_VOLATILITY
2017-08-04,218.35,225.9,218.35,225.25,5760000.0,223.95999999999998,213.9475,67.57641921397378,0.01643639813404909,BULLISH,RSI_NORMAL,LOW_VOLATILITY
2017-08-07,226.35,228.7,224.1,227.65,4950000.0,225.56,215.54000000000002,71.79763186221741,0.016438224466087527,BULLISH,RSI_HIGH,LOW_VOLATILITY
2017-08-08,233.0,244.9,232.3,234.9,24900000.0,227.39000000000001,217.2525,72.50786988457502,0.016895002546969812,BULLISH,RSI_HIGH,LOW_VOLATILITY
2017-08-09,237.7,243.2,237.4,239.45,12840000.0,229.63999999999996,219.195,74.80769230769228,0.016957429900646945,BULLISH,RSI_HIGH,LOW_VOLATILITY
2017-08-10,239.0,244.8,234.75,238.0,10900000.0,233.05,220.85999999999999,72.31208372978115,0.01705366496893065,BULLISH,RSI_HIGH,LOW_VOLATILITY
2017-08-11,235.0,235.0,218.0,221.0,21130000.0,232.2,221.6125,54.7550432276657,0.024585370623456247,BEARISH,RSI_NORMAL,HIGH_VOLATILITY
2017-08-14,223.1,231.7,223.1,229.15,10890000.0,232.5,222.6125,56.23693379790942,0.025564009934377487,BULLISH,RSI_NORMAL,HIGH_VOLATILITY
2017-08-16,232.25,236.3,227.15,233.6,10240000.0,232.23999999999995,223.92249999999999,58.04943219772878,0.025560488287698798,BULLISH,RSI_NORMAL,HIGH_VOLATILITY
2017-08-17,236.5,239.5,227.8,230.3,10310000.0,230.41,224.76500000000001,55.812459858702645,0.025352628395558723,BULLISH,RSI_NORMAL,HIGH_VOLATILITY
2017-08-18,227.0,232.55,225.75,230.05,10750000.0,228.82,225.58499999999998,59.76616231086659,0.02537001049062346,BULLISH,RSI_NORMAL,HIGH_VOLATILITY
2017-08-21,233.8,236.5,223.95,224.9,7020000.0,229.6,226.10249999999996,53.54490209318028,0.026047334199463652,BEARISH,RSI_NORMAL,HIGH_VOLATILITY
2017-08-22,228.0,231.65,225.8,228.9,12200000.0,229.55,226.82750000000001,52.189020152883955,0.02624805547353745,BULLISH,RSI_NORMAL,HIGH_VOLATILITY
2017-08-23,230.0,231.5,225.85,230.9,7190000.0,229.01,227.3625,51.88811188811191,0.02570096735605678,BULLISH,RSI_NORMAL,HIGH_VOLATILITY
2017-08-24,232.0,234.65,230.3,233.0,9490000.0,229.55,227.935,59.08063300678223,0.025730351683232382,BULLISH,RSI_NORMAL,HIGH_VOLATILITY
2017-08-28,234.2,235.5,231.8,233.55,5150000.0,230.25,228.55,56.62939297124602,0.025711859708283227,BULLISH,RSI_NORMAL,HIGH_VOLATILITY
2017-08-29,234.0,234.25,226.6,227.3,9100000.0,230.73000000000002,229.1225,49.73664409330324,0.02584908774938593,BEARISH,RSI_NORMAL,HIGH_VOLATILITY
2017-08-30,230.85,237.7,230.15,236.35,12690000.0,232.21999999999997,229.95749999999998,51.06227106227105,0.026966519569959473,BULLISH,RSI_NORMAL,HIGH_VOLATILITY
2017-08-31,237.8,239.45,235.1,238.0,23200000.0,233.64000000000001,230.57,48.89058913542465,0.026397535174876783,BULLISH,RSI_NORMAL,HIGH_VOLATILITY
2017-09-01,239.25,245.0,238.05,243.75,9850000.0,235.79000000000002,231.3475,54.12778176597272,0.02677140390148803,BULLISH,RSI_NORMAL,HIGH_VOLATILITY
2017-09-04,244.45,247.0,237.55,242.45,11280000.0,237.57,232.42250000000004,69.87951807228916,0.025555649799412848,BULLISH,RSI_NORMAL,HIGH_VOLATILITY
2017-09-05,243.2,244.35,240.2,241.9,3780000.0,240.49,233.25500000000002,63.75404530744338,0.025368332319252188,BULLISH,RSI_NORMAL,HIGH_VOLATILITY
2017-09-06,236.0,246.7,236.0,245.8,9690000.0,242.38000000000002,234.1625,63.31877729257644,0.02547438755119221,BULLISH,RSI_NORMAL,HIGH_VOLATILITY
2017-09-07,247.5,251.25,245.65,249.95,11330000.0,244.77000000000004,234.91500000000002,71.0610932475884,0.024829896649921666,BULLISH,RSI_HIGH,HIGH_VOLATILITY
2017-09-08,251.75,255.45,246.65,249.55,11890000.0,245.93,235.42000000000002,70.83333333333334,0.024561703847096515,BULLISH,RSI_HIGH,HIGH_VOLATILITY
2017-09-11,251.45,252.5,246.6,250.05,6580000.0,247.45,236.02250000000004,79.83392645314358,0.024482360026253962,BULLISH,RSI_HIGH,HIGH_VOLATILITY
2017-09-12,250.5,254.6,249.5,250.95,6810000.0,249.26,237.52000000000004,78.23303457106277,0.017172881937384796,BULLISH,RSI_HIGH,LOW_VOLATILITY
2017-09-13,250.25,251.7,246.35,248.0,4320000.0,249.7,238.4625,71.37500000000004,0.016053844579499443,BULLISH,RSI_HIGH,LOW_VOLATILITY
2017-09-14,249.3,252.0,244.45,247.2,7310000.0,249.15,239.1425,68.34625322997417,0.015710083377497103,BULLISH,RSI_NORMAL,LOW_VOLATILITY
2017-09-15,245.05,249.7,241.4,247.8,8810000.0,248.8,240.0175,68.38709677419357,0.01519051706452447,BULLISH,RSI_NORMAL,LOW_VOLATILITY
2017-09-18,248.6,251.35,247.75,249.5,5570000.0,248.69,240.99,82.45614035087723,0.015160507664367747,BULLISH,RSI_HIGH,LOW_VOLATILITY
2017-09-19,250.4,250.4,245.6,246.5,4940000.0,247.8,242.07000000000002,68.02841918294854,0.014360964419527512,BULLISH,RSI_NORMAL,LOW_VOLATILITY
2017-09-20,247.4,248.95,241.8,244.1,9920000.0,247.01999999999998,242.82999999999998,60.553633217993095,0.014358987546118694,BULLISH,RSI_NORMAL,LOW_VOLATILITY
2017-09-21,245.5,245.8,236.3,244.55,9890000.0,246.49,243.5125,51.694915254237316,0.014304662815262789,BULLISH,RSI_NORMAL,LOW_VOLATILITY
2017-09-22,243.3,243.3,229.1,230.9,14450000.0,243.10999999999999,243.40750000000003,33.93602225312935,0.019325259013369105,BEARISH,RSI_NORMAL,LOW_VOLATILITY
2017-09-25,231.4,232.5,223.3,229.1,9250000.0,239.03000000000003,243.185,32.795698924731155,0.019385749980702718,BEARISH,RSI_NORMAL,LOW_VOLATILITY
2017-09-26,228.25,235.35,227.8,234.6,7600000.0,236.65,243.55,35.56701030927832,0.01912695165191713,BEARISH,RSI_NORMAL,LOW_VOLATILITY
2017-09-27,234.75,235.2,230.7,233.65,6570000.0,234.56000000000003,243.41500000000002,27.10674157303373,0.016920988073881812,BEARISH,RSI_LOW,LOW_VOLATILITY
2017-09-28,232.5,239.7,232.35,238.45,15200000.0,233.34,243.4375,36.12499999999998,0.017495870038465568,BEARISH,RSI_NORMAL,LOW_VOLATILITY
2017-09-29,241.3,242.65,238.6,240.6,9190000.0,235.28000000000003,243.28000000000003,38.655462184873926,0.01671665359985898,BEARISH,RSI_NORMAL,LOW_VOLATILITY
2017-10-03,242.5,244.7,238.2,241.6,4990000.0,237.78000000000003,243.2375,38.80239520958085,0.01670736365602597,BEARISH,RSI_NORMAL,LOW_VOLATILITY
2017-10-04,242.05,243.0,240.3,241.9,3210000.0,239.24,243.2375,42.19948849104861,0.016701162229526296,BEARISH,RSI_NORMAL,LOW_VOLATILITY
2017-10-05,242.0,242.85,239.4,240.75,3700000.0,240.66,242.98499999999999,41.82509505703424,0.016296861357482182,BEARISH,RSI_NORMAL,LOW_VOLATILITY
2017-10-06,241.0,252.15,241.0,250.9,9450000.0,243.15,243.03249999999997,53.16326530612245,0.018570721622608078,BULLISH,RSI_NORMAL,LOW_VOLATILITY
2017-10-09,250.45,253.4,248.35,249.5,5740000.0,244.93,243.02999999999997,50.0,0.018614045193199584,BULLISH,RSI_NORMAL,LOW_VOLATILITY
2017-10-10,250.5,253.5,248.1,252.05,8109999.999999999,247.01999999999998,243.12999999999997,55.751295336787564,0.018747172423220416,BULLISH,RSI_NORMAL,LOW_VOLATILITY
2017-10-11,252.95,254.6,246.6,249.5,9800000.0,248.54000000000002,243.05749999999998,55.578512396694215,0.018880814687383972,BULLISH,RSI_NORMAL,LOW_VOLATILITY
2017-10-12,250.25,265.4,249.7,264.45,30320000.0,253.28000000000003,243.87999999999997,65.81875993640696,0.022925042505147403,BULLISH,RSI_NORMAL,HIGH_VOLATILITY
2017-10-13,264.7,267.65,261.5,266.6,12280000.0,256.41999999999996,244.85,84.72762645914395,0.02289121317106996,BULLISH,RSI_HIGH,HIGH_VOLATILITY
2017-10-16,268.45,272.9,267.5,271.4,14630000.0,260.8,246.02999999999997,88.87867647058822,0.02309778666189902,BULLISH,RSI_HIGH,HIGH_VOLATILITY
2017-10-17,271.9,277.9,269.5,276.5,9930000.0,265.69,247.37999999999997,88.79629629629628,0.023306617738100843,BULLISH,RSI_HIGH,HIGH_VOLATILITY
2017-10-18,277.0,278.45,273.2,275.3,9660000.0,270.85,248.82,88.38709677419354,0.023066224045996987,BULLISH,RSI_HIGH,HIGH_VOLATILITY
2017-10-19,275.0,275.25,273.15,273.9,569540.0,272.73999999999995,250.31000000000003,84.85742379547682,0.022924438280298776,BULLISH,RSI_HIGH,HIGH_VOLATILITY
2017-10-23,274.65,278.55,269.45,271.9,6260000.0,273.8,251.6775,80.86785009861927,0.023102750881808597,BULLISH,RSI_HIGH,HIGH_VOLATILITY
2017-10-24,269.6,275.0,267.5,268.85,9600000.0,273.28999999999996,253.575,75.82938388625594,0.018574518763489097,BULLISH,RSI_HIGH,LOW_VOLATILITY
2017-10-25,271.8,272.4,264.25,266.75,7240000.0,271.34,255.45750000000004,72.77726856095323,0.018575202353302386,BULLISH,RSI_HIGH,LOW_VOLATILITY
2017-10-26,269.25,275.3,268.0,272.9,8480000.0,270.86,257.3725,76.9941225860621,0.01853266101841969,BULLISH,RSI_HIGH,LOW_VOLATILITY
2017-10-27,275.95,276.3,269.15,270.05,4590000.0,270.09000000000003,259.1925,68.32535885167465,0.018800124137148877,BULLISH,RSI_NORMAL,LOW_VOLATILITY
2017-10-30,270.55,275.8,270.45,273.2,4650000.0,270.35,260.93,71.94444444444446,0.01857766554732498,BULLISH,RSI_HIGH,LOW_VOLATILITY
2017-10-31,272.2,273.8,264.75,267.4,4760000.0,270.06000000000006,262.27,63.40611353711789,0.01960626192122992,BULLISH,RSI_NORMAL,LOW_VOLATILITY
2017-11-01,269.5,276.0,267.6,275.3,9040000.0,271.77000000000004,263.955,70.60702875399363,0.020325166420424895,BULLISH,RSI_HIGH,LOW_VOLATILITY
2017-11-02,276.0,276.0,266.35,270.8,8320000.0,271.35,265.4,56.08820709491854,0.02094665332989207,BULLISH,RSI_NORMAL,LOW_VOLATILITY
2017-11-03,276.4,277.6,265.6,268.9,14400000.0,271.12,266.8075,52.21579961464351,0.02101300620373499,BULLISH,RSI_NORMAL,LOW_VOLATILITY
2017-11-06,268.7,274.6,261.0,272.95,10580000.0,271.07,267.91,51.51515151515152,0.019349541024284465,BULLISH,RSI_NORMAL,LOW_VOLATILITY
2017-11-07,273.85,274.9,264.0,266.9,8880000.0,270.96999999999997,268.78000000000003,40.78694817658348,0.020138845541803948,BEARISH,RSI_NORMAL,LOW_VOLATILITY
2017-11-08,268.2,269.85,259.2,263.05,7920000.0,268.52,269.33000000000004,38.81278538812785,0.02046165150282472,BEARISH,RSI_NORMAL,LOW_VOLATILITY
2017-11-09,267.1,267.95,259.0,263.3,7420000.0,267.02,270.02,40.111940298507484,0.020255829766036838,BEARISH,RSI_NORMAL,LOW_VOLATILITY
2017-11-10,261.5,267.05,260.8,264.05,5270000.0,266.05,270.0,42.5023877745941,0.01518322183894947,BEARISH,RSI_NORMAL,LOW_VOLATILITY
2017-11-13,264.0,265.25,258.8,260.9,5440000.0,263.64,269.71500000000003,42.42135367016202,0.015282450209502092,BEARISH,RSI_NORMAL,LOW_VOLATILITY
2017-11-14,260.1,264.75,259.15,261.0,5580000.0,262.46,269.19500000000005,44.30128840436076,0.014624785637399445,BEARISH,RSI_NORMAL,LOW_VOLATILITY
2017-11-15,259.5,259.7,248.4,251.85,9890000.0,260.21999999999997,267.9625,30.30869971936393,0.015551981939663067,BEARISH,RSI_NORMAL,LOW_VOLATILITY
2017-11-16,253.55,256.15,251.35,254.7,5260000.0,258.5,266.9325,35.640785781103844,0.01595163641646636,BEARISH,RSI_NORMAL,LOW_VOLATILITY
2017-11-17,256.75,263.2,256.75,258.85,5930000.0,257.4599999999999,266.17999999999995,36.82277318640961,0.01656278326117777,BEARISH,RSI_NORMAL,LOW_VOLATILITY
2017-11-20,259.0,262.5,253.3,261.45,6380000.0,257.57,265.65749999999997,44.195121951219534,0.016761619091473754,BEARISH,RSI_NORMAL,LOW_VOLATILITY
2017-11-21,262.6,265.1,259.25,261.45,3610000.0,257.65999999999997,265.2875,34.025374855824694,0.016617817476910282,BEARISH,RSI_NORMAL,LOW_VOLATILITY
2017-11-22,262.8,263.85,256.8,257.75,4500000.0,258.84000000000003,264.8375,34.66509988249119,0.01680870563085912,BEARISH,RSI_NORMAL,LOW_VOLATILITY
2017-11-23,257.0,258.65,250.05,255.25,9680000.0,258.95,263.95500000000004,34.1830822711472,0.015850439272119304,BEARISH,RSI_NORMAL,LOW_VOLATILITY
2017-11-24,255.3,255.75,251.0,251.65,6190000.0,257.51000000000005,263.03499999999997,25.058548009367712,0.015959023071625392,BEARISH,RSI_LOW,LOW_VOLATILITY
2017-11-27,250.9,253.6,247.2,249.65,7590000.0,255.15,261.85749999999996,27.68434670116433,0.015582702919243532,BEARISH,RSI_LOW,LOW_VOLATILITY
2017-11-28,249.15,253.0,248.0,250.65,4690000.0,252.99,261.02000000000004,32.681564245810065,0.015162673190705639,BEARISH,RSI_NORMAL,LOW_VOLATILITY
2017-11-29,250.9,251.95,246.0,246.9,5290000.0,250.82,259.6,29.134860050890595,0.013263538666705382,BEARISH,RSI_LOW,LOW_VOLATILITY
2017-11-30,245.1,247.45,239.5,240.45,15000000.0,247.85999999999999,258.0825,23.777777777777786,0.013857307127619931,BEARISH,RSI_LOW,LOW_VOLATILITY
2017-12-01,240.5,241.35,233.55,235.35,7210000.0,244.6,256.40500000000003,22.790202342918022,0.014278130375776651,BEARISH,RSI_LOW,LOW_VOLATILITY
2017-12-04,236.5,240.85,234.65,239.55,6460000.0,242.57999999999998,254.73499999999999,28.991185112634682,0.014511545235429196,BEARISH,RSI_LOW,LOW_VOLATILITY
2017-12-05,238.85,241.7,235.7,240.05,6780000.0,240.45999999999998,253.3925,36.08490566037738,0.014133585991408302,BEARISH,RSI_NORMAL,LOW_VOLATILITY
2017-12-06,236.5,236.65,231.2,232.1,7400000.0,237.5,251.84499999999997,26.210526315789494,0.015342692654348504,BEARISH,RSI_LOW,LOW_VOLATILITY
2017-12-07,232.5,238.0,229.4,237.2,7700000.0,236.85,250.54000000000002,27.65737874097003,0.01652745579574227,BEARISH,RSI_LOW,LOW_VOLATILITY
2017-12-08,238.45,243.95,237.55,239.7,8860000.0,237.71999999999997,249.32250000000005,27.50775594622546,0.016808613977682334,BEARISH,RSI_LOW,LOW_VOLATILITY
2017-12-11,240.0,240.85,236.05,238.1,6610000.0,237.42999999999998,248.18249999999998,26.62662662662663,0.01673039518239302,BEARISH,RSI_LOW,LOW_VOLATILITY
2017-12-12,238.45,243.2,236.6,237.95,5270000.0,237.01,247.02999999999997,28.663793103448285,0.01671658722853565,BEARISH,RSI_LOW,LOW_VOLATILITY
2017-12-13,235.65,239.9,233.55,234.45,7350000.0,237.47999999999996,246.16,28.059071729957807,0.015318259703674512,BEARISH,RSI_LOW,LOW_VOLATILITY
2017-12-14,235.5,238.0,233.05,236.4,6620000.0,237.32,245.24500000000003,33.33333333333336,0.015180048387168129,BEARISH,RSI_NORMAL,LOW_VOLATILITY
2017-12-15,240.85,243.95,239.1,242.75,6290000.0,237.93,244.44,43.11377245508982,0.016067333318998168,BEARISH,RSI_NORMAL,LOW_VOLATILITY
2017-12-18,241.0,254.3,235.5,249.65,13830000.0,240.24,243.85,49.107142857142854,0.017333426965315552,BULLISH,RSI_NORMAL,LOW_VOLATILITY
2017-12-19,252.0,254.9,250.6,254.3,5550000.0,243.51,243.49249999999998,56.50263620386644,0.017945378351364453,BULLISH,RSI_NORMAL,LOW_VOLATILITY
2017-12-20,254.5,261.0,251.2,258.35,15520000.0,248.29000000000002,243.52250000000004,66.42201834862387,0.018065621046664527,BULLISH,RSI_NORMAL,LOW_VOLATILITY
2017-12-21,260.9,264.65,259.65,263.3,13770000.0,253.67000000000002,243.92500000000004,75.71297148114074,0.018377170945975522,BULLISH,RSI_HIGH,LOW_VOLATILITY
2017-12-22,263.5,269.5,263.35,267.85,7760000.0,258.69,244.73499999999999,75.86837294332723,0.018295140847319317,BULLISH,RSI_HIGH,LOW_VOLATILITY
2017-12-26,268.8,270.5,266.5,268.65,4330000.0,262.49,245.68500000000003,75.99999999999997,0.018104233993917133,BULLISH,RSI_HIGH,LOW_VOLATILITY
2017-12-27,268.9,269.7,264.7,265.75,6350000.0,264.78000000000003,246.44,83.68368368368371,0.018396812309872054,BULLISH,RSI_HIGH,LOW_VOLATILITY
2017-12-28,267.0,278.8,267.0,275.25,22940000.0,268.16,247.85750000000002,85.00459981600739,0.01925248313014235,BULLISH,RSI_HIGH,LOW_VOLATILITY
2017-12-29,276.75,276.75,270.7,273.55,5010000.0,270.21,249.5125,81.60597572362283,0.017996858178508532,BULLISH,RSI_HIGH,LOW_VOLATILITY
2018-01-01,273.0,277.9,270.0,271.15,4610000.0,270.87,251.3025,80.40478380864764,0.01718089245915206,BULLISH,RSI_HIGH,LOW_VOLATILITY
2018-01-02,274.4,274.4,268.1,271.9,4550000.0,271.52,252.92,80.89171974522293,0.017021338470446533,BULLISH,RSI_HIGH,LOW_VOLATILITY
2018-01-03,273.4,279.35,273.1,276.5,7290000.0,273.66999999999996,254.74249999999998,87.51115075825156,0.017142014681293265,BULLISH,RSI_HIGH,LOW_VOLATILITY
2018-01-04,277.1,281.3,274.8,279.8,10350000.0,274.58,257.1275,87.8048780487805,0.014282072266439181,BULLISH,RSI_HIGH,LOW_VOLATILITY
2018-01-05,282.0,284.0,275.1,276.4,7080000.0,275.15,259.0875,80.8999081726354,0.014742606126867005,BULLISH,RSI_HIGH,LOW_VOLATILITY
2018-01-08,277.0,279.05,273.7,276.15,4160000.0,276.15,260.90999999999997,77.71966527196648,0.01485150451666492,BULLISH,RSI_HIGH,LOW_VOLATILITY
2018-01-09,277.55,277.55,270.65,271.5,5200000.0,276.07,262.58000000000004,67.99163179916317,0.0155107611913155,BULLISH,RSI_NORMAL,LOW_VOLATILITY
2018-01-10,272.8,276.5,266.6,268.8,7470000.0,274.53000000000003,264.12250000000006,61.24865446716899,0.015877896716145017,BULLISH,RSI_NORMAL,LOW_VOLATILITY
2018-01-11,268.8,271.15,266.8,267.75,6500000.0,272.12,265.7875,55.22914218566391,0.015301275490019665,BULLISH,RSI_NORMAL,LOW_VOLATILITY
2018-01-12,269.0,271.6,266.65,268.85,4440000.0,270.61,267.40999999999997,51.27877237851663,0.015307860088250889,BULLISH,RSI_NORMAL,LOW_VOLATILITY
2018-01-15,270.2,274.65,265.8,266.7,6590000.0,268.72,268.60749999999996,47.589616810877644,0.014852727580086565,BEARISH,RSI_NORMAL,LOW_VOLATILITY
2018-01-16,267.8,268.0,259.7,260.55,8450000.0,266.53000000000003,269.15250000000003,44.05034324942794,0.015007024440678425,BEARISH,RSI_NORMAL,LOW_VOLATILITY
2018-01-17,260.3,265.25,256.45,262.75,11040000.0,265.32,269.575,32.829670329670364,0.014588951798242359,BEARISH,RSI_NORMAL,LOW_VOLATILITY
2018-01-18,263.7,263.7,252.1,253.9,11340000.0,262.55,269.3525,27.439724454649877,0.016179880753372906,BEARISH,RSI_LOW,LOW_VOLATILITY
2018-01-19,254.0,259.35,252.2,258.0,5900000.0,260.38,269.0875,35.46961325966855,0.015997860340354948,BEARISH,RSI_NORMAL,LOW_VOLATILITY
2018-01-22,258.0,258.8,251.1,255.1,6230000.0,258.06,268.45,32.27848101265826,0.015557554222711769,BEARISH,RSI_NORMAL,LOW_VOLATILITY
2018-01-23,256.1,270.7,256.1,264.95,17400000.0,258.93999999999994,268.265,39.03133903133903,0.018038849453542116,BEARISH,RSI_NORMAL,LOW_VOLATILITY
2018-01-24,263.55,264.4,256.8,258.7,6410000.0,258.13,267.91249999999997,31.025179856115088,0.01863858874718721,BEARISH,RSI_NORMAL,LOW_VOLATILITY
2018-01-25,259.3,266.85,256.4,258.95,15250000.0,259.14,267.09749999999997,33.365109628217354,0.016513226498283205,BEARISH,RSI_NORMAL,LOW_VOLATILITY
2018-01-29,261.6,263.9,253.4,258.6,5990000.0,259.25999999999993,266.35,33.301617507136086,0.016498362329072067,BEARISH,RSI_NORMAL,LOW_VOLATILITY
2018-01-30,257.75,258.0,252.55,253.55,5290000.0,258.95,265.46999999999997,33.05004721435317,0.016878411006450177,BEARISH,RSI_NORMAL,LOW_VOLATILITY
2018-01-31,253.4,263.2,252.0,256.15,17510000.0,257.19,264.6825,38.03216650898766,0.017099676829210146,BEARISH,RSI_NORMAL,LOW_VOLATILITY
2018-02-01,257.8,259.5,248.75,256.25,8940000.0,256.7,263.66999999999996,38.92100192678227,0.016482791960737285,BEARISH,RSI_NORMAL,LOW_VOLATILITY
2018-02-02,256.45,261.65,245.75,249.85,21740000.0,254.88000000000002,262.1725,33.39160839160836,0.016708807366180613,BEARISH,RSI_NORMAL,LOW_VOLATILITY
2018-02-05,242.5,249.4,240.25,246.6,8460000.0,252.48000000000002,260.6825,32.76157804459689,0.016727800816340004,BEARISH,RSI_NORMAL,LOW_VOLATILITY
2018-02-06,236.0,248.5,232.5,244.4,10470000.0,250.65,259.09499999999997,35.142594296228125,0.01670653287681423,BEARISH,RSI_NORMAL,LOW_VOLATILITY
2018-02-07,245.0,253.0,244.1,246.0,13710000.0,248.61999999999998,257.82,34.41860465116278,0.016723124007437345,BEARISH,RSI_NORMAL,LOW_VOLATILITY
2018-02-08,245.6,249.35,240.5,245.2,10180000.0,246.41,256.64,40.48140043763673,0.01668138686349257,BEARISH,RSI_NORMAL,LOW_VOLATILITY
2018-02-09,240.0,245.5,237.35,243.5,7020000.0,245.14000000000001,255.42749999999995,33.25635103926095,0.01668990290384572,BEARISH,RSI_NORMAL,LOW_VOLATILITY
2018-02-12,247.0,247.65,242.0,243.25,5560000.0,244.46999999999997,254.14749999999998,35.424354243542425,0.01658801851608206,BEARISH,RSI_NORMAL,LOW_VOLATILITY
2018-02-14,246.3,246.55,241.75,243.25,7120000.0,244.24,252.975,14.772727272727238,0.016604800067430307,BEARISH,RSI_LOW,LOW_VOLATILITY
2018-02-15,245.5,254.25,244.0,251.5,10050000.0,245.34,252.52249999999998,39.024390243902445,0.018068792148437207,BEARISH,RSI_NORMAL,LOW_VOLATILITY
2018-02-16,255.5,256.95,246.4,247.65,7630000.0,245.83,251.7675,34.47802197802197,0.01815347766927118,BEARISH,RSI_NORMAL,LOW_VOLATILITY
2018-02-19,248.1,250.5,242.6,247.55,6060000.0,246.64000000000001,251.44999999999996,34.716459197786975,0.01663545131589626,BEARISH,RSI_NORMAL,LOW_VOLATILITY
2018-02-20,247.8,252.4,246.8,248.8,4780000.0,247.75,250.99,42.65842349304481,0.016208194333046724,BEARISH,RSI_NORMAL,LOW_VOLATILITY
2018-02-21,250.5,250.8,238.75,240.65,11900000.0,247.23000000000002,250.2675,29.551451187335132,0.017535251104729928,BEARISH,RSI_LOW,LOW_VOLATILITY
2018-02-22,238.5,241.0,233.85,239.9,13120000.0,244.91,249.01500000000001,28.793774319066145,0.014587504717230141,BEARISH,RSI_LOW,LOW_VOLATILITY
2018-02-23,241.5,247.45,240.05,246.55,6910000.0,244.69,248.40750000000003,45.74742268041239,0.015595818318060005,BEARISH,RSI_NORMAL,LOW_VOLATILITY
2018-02-26,246.55,251.45,244.6,246.2,6520000.0,244.42000000000002,247.76999999999998,49.442896935933135,0.015578738791570982,BEARISH,RSI_NORMAL,LOW_VOLATILITY
2018-02-27,248.65,249.9,243.35,244.3,4810000.0,243.51999999999998,247.055,49.85955056179776,0.015621027857992275,BEARISH,RSI_NORMAL,LOW_VOLATILITY
2018-02-28,240.75,246.65,238.65,245.4,8750000.0,244.47000000000003,246.64749999999998,49.14529914529915,0.01517842705477968,BEARISH,RSI_NORMAL,LOW_VOLATILITY
2018-03-01,243.4,247.0,239.0,240.8,5770000.0,244.65,245.88000000000002,44.34447300771212,0.015377953184905528,BEARISH,RSI_NORMAL,LOW_VOLATILITY
2018-03-05,236.0,236.0,228.2,229.6,12430000.0,241.26,244.54750000000004,35.64049586776859,0.01816222259242007,BEARISH,RSI_NORMAL,LOW_VOLATILITY
2018-03-06,231.0,235.1,224.15,225.85,12490000.0,237.19,243.3475,33.23699421965317,0.017768436886005223,BEARISH,RSI_NORMAL,LOW_VOLATILITY
2018-03-07,222.0,225.3,219.1,224.45,13960000.0,233.21999999999997,242.23999999999995,32.3639774859287,0.017669584686423198,BEARISH,RSI_NORMAL,LOW_VOLATILITY
2018-03-08,226.5,227.5,217.7,222.7,7730000.0,228.68,241.15500000000003,19.23076923076924,0.01765671224348639,BEARISH,RSI_LOW,LOW_VOLATILITY
2018-03-09,224.7,226.15,219.35,220.2,13430000.0,224.56,239.865,19.80198019801979,0.017518754072492437,BEARISH,RSI_LOW,LOW_VOLATILITY
2018-03-12,220.05,228.6,217.4,227.65,9530000.0,224.17,238.9875,31.15530303030303,0.01959514937721976,BEARISH,RSI_NORMAL,LOW_VOLATILITY
2018-03-13,225.0,227.95,222.5,226.15,9990000.0,224.23000000000002,238.12000000000003,28.652214891611706,0.01959214942858081,BEARISH,RSI_LOW,LOW_VOLATILITY
2018-03-14,223.5,227.9,221.7,226.7,6390000.0,224.67999999999998,237.29250000000002,34.65346534653463,0.01963041670945625,BEARISH,RSI_NORMAL,LOW_VOLATILITY
2018-03-15,226.0,227.1,223.0,224.9,6730000.0,225.11999999999998,236.375,33.87096774193549,0.019639738961892587,BEARISH,RSI_NORMAL,LOW_VOLATILITY
2018-03-16,224.0,227.3,220.15,221.7,7790000.0,225.42,234.885,21.13821138211381,0.01763033496527191,BEARISH,RSI_LOW,LOW_VOLATILITY
2018-03-19,222.7,223.9,212.0,214.55,6780000.0,222.8,233.22999999999996,18.254764292878633,0.018480699627954095,BEARISH,RSI_LOW,LOW_VOLATILITY
2018-03-20,211.0,218.8,210.3,217.3,9600000.0,221.03000000000003,231.71750000000003,23.372781065088745,0.018958781070412187,BEARISH,RSI_LOW,LOW_VOLATILITY
2018-03-21,219.0,219.85,213.3,214.7,8820000.0,218.63000000000002,230.0125,20.593869731800766,0.018802673806227653,BEARISH,RSI_LOW,LOW_VOLATILITY
2018-03-22,215.7,219.2,212.6,216.8,8359999.999999999,217.01,228.82,25.855130784708265,0.01815113501750219,BEARISH,RSI_LOW,LOW_VOLATILITY
2018-03-23,209.0,210.7,204.3,206.1,12820000.0,213.89000000000001,227.13000000000002,26.11788617886181,0.020663043101405727,BEARISH,RSI_LOW,LOW_VOLATILITY
2018-03-26,205.35,211.5,202.6,210.55,10190000.0,213.09,225.32999999999998,34.669338677354745,0.02015464316232914,BEARISH,RSI_NORMAL,LOW_VOLATILITY
2018-03-27,212.9,219.3,210.15,218.5,15560000.0,213.33,223.945,44.729849424269275,0.022554698633494883,BEARISH,RSI_NORMAL,HIGH_VOLATILITY
2018-03-28,216.5,216.5,212.3,214.55,13860000.0,213.3,222.45749999999998,43.052003410059704,0.022721659906241528,BEARISH,RSI_NORMAL,HIGH_VOLATILITY
2018-04-02,216.55,216.8,210.1,211.25,8160000.0,212.19,220.75,42.47266610597142,0.02266249405662641,BEARISH,RSI_NORMAL,HIGH_VOLATILITY
2018-04-03,210.0,211.7,204.45,207.95,18150000.0,212.56,219.1075,32.1880650994575,0.022589529117519727,BEARISH,RSI_NORMAL,HIGH_VOLATILITY
2018-04-04,208.0,210.1,200.0,200.8,17750000.0,210.60999999999999,217.66749999999996,29.204265791632494,0.021616633524976104,BEARISH,RSI_LOW,HIGH_VOLATILITY
2018-04-05,206.7,214.95,206.15,214.15,24200000.0,209.74,217.08250000000004,41.49152542372883,0.026909370087229253,BEARISH,RSI_NORMAL,HIGH_VOLATILITY
2018-04-06,210.05,215.95,210.05,214.0,15010000.0,209.63000000000002,216.56000000000003,42.441054091539534,0.026895694664283647,BEARISH,RSI_NORMAL,HIGH_VOLATILITY
2018-04-09,214.65,223.5,214.65,221.35,18410000.0,211.65,216.49249999999998,49.77049180327869,0.02804718355821324,BULLISH,RSI_NORMAL,HIGH_VOLATILITY
2018-04-10,230.0,232.85,228.5,230.0,27520000.0,216.06,216.9825,59.93569131832796,0.029212606227288874,BULLISH,RSI_NORMAL,HIGH_VOLATILITY
2018-04-11,235.0,236.5,231.1,234.2,18800000.0,222.74,217.31,60.6691919191919,0.02853549991608146,BULLISH,RSI_NORMAL,HIGH_VOLATILITY
2018-04-12,233.95,235.6,231.05,232.6,11710000.0,226.42999999999998,217.6325,61.44501278772379,0.02853930794777402,BULLISH,RSI_NORMAL,HIGH_VOLATILITY
2018-04-13,235.0,238.5,234.6,237.8,16770000.0,231.18999999999997,218.1875,62.91512915129151,0.02890822000781353,BULLISH,RSI_NORMAL,HIGH_VOLATILITY
2018-04-16,237.2,240.7,235.55,239.45,9330000.0,234.81,218.91500000000002,73.0795847750865,0.028808915052287463,BULLISH,RSI_HIGH,HIGH_VOLATILITY
2018-04-17,241.5,246.8,238.0,239.4,16420000.000000002,236.69,219.8,71.26013264554166,0.02852319305180754,BULLISH,RSI_HIGH,HIGH_VOLATILITY
2018-04-18,239.7,244.75,236.05,242.8,23320000.0,238.41,221.2125,69.19431279620855,0.027259383968266437,BULLISH,RSI_NORMAL,HIGH_VOLATILITY
2018-04-19,250.0,267.8,249.1,264.75,37030000.0,244.84,223.58499999999998,80.87330873308734,0.03309386367702255,BULLISH,RSI_HIGH,HIGH_VOLATILITY
2018-04-20,255.95,263.5,254.25,262.1,23310000.0,249.7,225.955,81.52510849349044,0.033027022365511076,BULLISH,RSI_HIGH,HIGH_VOLATILITY
2018-04-23,263.0,264.95,254.3,255.6,9560000.0,252.92999999999998,227.89499999999998,78.41383422778773,0.03396038414318593,BULLISH,RSI_HIGH,HIGH_VOLATILITY
2018-04-24,239.0,239.0,231.1,236.75,35120000.0,252.4,229.42749999999995,68.81214024071167,0.03650196975553816,BULLISH,RSI_NORMAL,HIGH_VOLATILITY
2018-04-25,234.75,236.4,230.1,232.05,10500000.0,250.25,230.5025,60.299194476409674,0.0368396559436485,BULLISH,RSI_NORMAL,HIGH_VOLATILITY
2018-04-26,233.25,238.7,231.45,234.0,16399999.999999998,244.1,231.2775,61.27395715896281,0.036063848385125705,BULLISH,RSI_NORMAL,HIGH_VOLATILITY
2018-04-27,236.75,237.95,234.0,234.95,9170000.0,238.67,232.29749999999999,58.26245443499393,0.03568693605703679,BULLISH,RSI_NORMAL,HIGH_VOLATILITY
2018-04-30,236.2,238.35,232.35,235.65,5870000.0,234.68,233.5175,53.79959650302624,0.03536570598767745,BULLISH,RSI_NORMAL,HIGH_VOLATILITY
2018-05-02,235.0,235.75,226.2,228.05,8850000.0,232.94,234.52250000000004,46.04501607717042,0.03609055447009056,BEARISH,RSI_NORMAL,HIGH_VOLATILITY
2018-05-03,229.05,234.5,227.6,231.55,10230000.0,232.84,236.06000000000003,49.34086629001884,0.034911088265451085,BEARISH,RSI_NORMAL,HIGH_VOLATILITY
2018-05-04,231.4,232.8,227.05,231.35,7890000.0,232.31,236.92,45.67983924983254,0.0320780028203086,BEARISH,RSI_NORMAL,HIGH_VOLATILITY
2018-05-07,234.25,239.15,232.4,237.85,7750000.0,232.89000000000001,238.1125,48.9937106918239,0.03248283090791967,BEARISH,RSI_NORMAL,HIGH_VOLATILITY
2018-05-08,237.8,239.85,232.8,238.7,8700000.0,233.5,238.98000000000002,49.56413449564133,0.03178050724888394,BEARISH,RSI_NORMAL,HIGH_VOLATILITY
2018-05-09,241.3,248.35,236.85,238.15,18650000.0,235.52000000000004,239.3875,46.998063266623625,0.030723626631166616,BEARISH,RSI_NORMAL,HIGH_VOLATILITY
2018-05-10,240.25,242.9,236.8,241.3,8440000.0,237.46999999999997,239.7425,30.008525149190106,0.030605412145995887,BULLISH,RSI_NORMAL,HIGH_VOLATILITY
2018-05-11,242.0,243.3,238.6,242.7,6240000.0,239.74,240.2475,33.101045296167214,0.030545244550084533,BULLISH,RSI_NORMAL,HIGH_VOLATILITY
2018-05-14,243.2,244.7,239.75,242.1,6800000.0,240.59,240.4625,36.89320388349513,0.03020127590607185,BULLISH,RSI_NORMAL,HIGH_VOLATILITY
2018-05-15,241.4,248.25,239.7,243.9,7450000.0,241.63000000000002,240.685,60.37735849056606,0.030206333987723755,BULLISH,RSI_NORMAL,HIGH_VOLATILITY
2018-05-16,243.25,247.6,237.0,239.75,17300000.0,241.95,240.70250000000001,61.356932153392314,0.03048449985460993,BEARISH,RSI_NORMAL,HIGH_VOLATILITY
2018-05-17,240.0,240.8,228.6,233.05,17200000.0,240.3,240.215,48.77102199223805,0.030941608778702043,BEARISH,RSI_NORMAL,HIGH_VOLATILITY
2018-05-18,232.05,235.45,230.6,231.5,7330000.0,238.06,238.5525,45.60509554140129,0.022101180812231794,BEARISH,RSI_NORMAL,HIGH_VOLATILITY
2018-05-21,232.25,234.0,224.35,228.25,8160000.0,235.29000000000002,236.85999999999999,41.14832535885166,0.0221536449409516,BEARISH,RSI_NORMAL,HIGH_VOLATILITY
2018-05-22,229.0,236.2,225.15,234.95,9260000.0,233.5,235.82750000000001,58.43520782396086,0.023107558980861642,BEARISH,RSI_NORMAL,HIGH_VOLATILITY
2018-05-23,234.0,234.9,228.8,229.95,9000000.0,231.54000000000002,235.4875,48.113207547169786,0.01691383735789235,BEARISH,RSI_NORMAL,LOW_VOLATILITY
2018-05-24,231.0,235.65,227.15,234.1,9270000.0,231.75,235.59,52.96655879180152,0.01685122031168595,BEARISH,RSI_NORMAL,LOW_VOLATILITY
2018-05-25,235.0,247.25,234.55,245.5,15150000.0,234.55,236.16500000000002,57.46341463414635,0.0199586155021214,BULLISH,RSI_NORMAL,LOW_VOLATILITY
2018-05-28,247.0,247.7,240.75,241.65,5900000.0,237.22999999999996,236.5,52.718894009216605,0.02036612166664729,BULLISH,RSI_NORMAL,LOW_VOLATILITY
2018-05-29,240.0,244.9,239.4,242.5,6810000.0,238.74,236.84249999999997,53.987167736021995,0.02036839153511038,BULLISH,RSI_NORMAL,LOW_VOLATILITY
2018-05-30,239.95,240.25,235.55,238.1,7820000.0,240.36999999999998,237.34499999999997,47.13261648745518,0.019352281530836752,BULLISH,RSI_NORMAL,LOW_VOLATILITY
2018-05-31,239.3,239.9,233.0,234.2,8950000.0,240.39000000000001,237.47750000000002,42.710120068610635,0.01952903676692481,BEARISH,RSI_NORMAL,LOW_VOLATILITY
2018-06-01,233.8,239.5,231.05,238.5,7340000.0,238.99,237.83499999999998,47.096774193548384,0.01991479326554974,BULLISH,RSI_NORMAL,LOW_VOLATILITY
2018-06-04,240.0,242.85,237.7,241.6,8050000.000000001,238.97999999999996,238.02249999999998,48.18325434439177,0.019132741109029516,BULLISH,RSI_NORMAL,LOW_VOLATILITY
2018-06-05,240.2,243.2,237.7,242.05,5490000.0,238.89000000000001,238.19,51.929530201342295,0.01912423811691308,BULLISH,RSI_NORMAL,LOW_VOLATILITY
2018-06-06,242.5,249.55,241.5,248.1,6460000.0,240.89000000000001,238.6875,62.76505513146733,0.019846386710743992,BULLISH,RSI_NORMAL,LOW_VOLATILITY
2018-06-07,252.0,255.5,247.45,248.6,12820000.0,243.76999999999998,239.0525,64.76683937823833,0.019677164773842914,BULLISH,RSI_NORMAL,LOW_VOLATILITY
2018-06-08,245.65,247.15,240.55,242.15,6830000.0,244.5,239.025,61.37479541734861,0.020586142208839305,BULLISH,RSI_NORMAL,LOW_VOLATILITY
2018-06-11,242.05,245.65,241.85,244.7,5190000.0,245.11999999999998,239.15499999999997,58.56014047410009,0.02070606416146046,BULLISH,RSI_NORMAL,LOW_VOLATILITY
2018-06-12,244.7,245.9,238.7,240.65,4660000.0,244.84,238.9925,59.553571428571445,0.020990344405751798,BULLISH,RSI_NORMAL,LOW_VOLATILITY
2018-06-13,240.7,247.2,239.65,245.0,5980000.0,244.21999999999997,239.25500000000002,59.69750889679716,0.021000548526629036,BULLISH,RSI_NORMAL,LOW_VOLATILITY
2018-06-14,245.0,249.5,243.3,244.75,6800000.0,243.45,239.84,49.167591564927854,0.019859644065762034,BULLISH,RSI_NORMAL,LOW_VOLATILITY
2018-06-15,245.0,245.1,235.55,237.4,6790000.0,242.5,240.135,45.62306900102986,0.021085450945634025,BEARISH,RSI_NORMAL,LOW_VOLATILITY
2018-06-18,235.0,235.0,229.0,231.0,6830000.0,239.76,240.27249999999998,39.37153419593345,0.021772294661464093,BEARISH,RSI_NORMAL,HIGH_VOLATILITY
2018-06-19,229.0,232.2,221.85,225.8,10130000.0,236.79000000000002,239.815,38.79781420765028,0.021278342674690257,BEARISH,RSI_NORMAL,LOW_VOLATILITY
2018-06-20,226.0,229.75,224.05,226.2,7230000.0,233.03000000000003,239.6275,42.21789883268481,0.020784466220101033,BEARISH,RSI_NORMAL,LOW_VOLATILITY
2018-06-21,228.3,228.3,221.5,222.3,6020000.0,228.54000000000002,239.0375,34.11764705882351,0.020613728373513728,BEARISH,RSI_NORMAL,LOW_VOLATILITY
2018-06-22,222.05,222.75,218.7,222.0,9810000.0,225.45999999999998,237.8625,29.668049792531093,0.016765160213857103,BEARISH,RSI_LOW,LOW_VOLATILITY
2018-06-25,221.05,227.25,217.8,218.4,9320000.0,222.94,236.7,26.971762414800324,0.016783674635061207,BEARISH,RSI_LOW,LOW_VOLATILITY
2018-06-26,218.5,223.7,216.8,222.95,8480000.0,222.37000000000003,235.72250000000003,24.77432296890666,0.017664839394710564,BEARISH,RSI_LOW,LOW_VOLATILITY
2018-06-27,223.25,223.7,216.9,217.9,6890000.0,220.70999999999998,234.7125,21.78308823529406,0.017881557701174104,BEARISH,RSI_LOW,LOW_VOLATILITY
2018-06-28,218.0,222.6,216.15,221.05,10400000.0,220.46000000000004,234.055,29.35420743639918,0.01811043817388549,BEARISH,RSI_LOW,LOW_VOLATILITY
2018-06-29,222.8,232.0,221.55,230.5,10440000.0,222.16000000000003,233.65500000000003,37.75862068965516,0.02029472543268212,BEARISH,RSI_NORMAL,LOW_VOLATILITY
2018-07-02,231.0,231.1,218.85,223.25,9160000.0,223.13000000000002,232.7375,35.78431372549018,0.02104260649048931,BEARISH,RSI_NORMAL,LOW_VOLATILITY
2018-07-03,223.5,227.45,220.7,226.1,8000000.0,223.76,231.93999999999997,34.17085427135676,0.021334393297440944,BEARISH,RSI_NORMAL,LOW_VOLATILITY
2018-07-04,225.8,225.8,220.1,224.1,5250000.0,225.0,230.74,33.19772172497963,0.020298479337805382,BEARISH,RSI_NORMAL,LOW_VOLATILITY
2018-07-05,223.8,223.9,219.3,220.3,4770000.0,224.85,229.325,35.23316062176164,0.020402387185267386,BEARISH,RSI_NORMAL,LOW_VOLATILITY
2018-07-06,219.4,226.35,214.55,220.45,8820000.0,222.84,228.24,39.78702807357208,0.01988263796759385,BEARISH,RSI_NORMAL,LOW_VOLATILITY
2018-07-09,223.0,225.85,221.5,222.05,5170000.0,222.6,227.10750000000002,46.0978147762747,0.01976557894886255,BEARISH,RSI_NORMAL,LOW_VOLATILITY
2018-07-10,224.25,230.05,224.05,229.05,11550000.0,223.19,226.5275,52.60750228728273,0.021120217478778614,BULLISH,RSI_NORMAL,LOW_VOLATILITY
2018-07-11,226.85,226.85,219.8,220.8,9760000.0,222.53000000000003,225.31750000000002,48.728813559322035,0.021831187980166332,BEARISH,RSI_NORMAL,HIGH_VOLATILITY
2018-07-12,221.0,225.9,219.65,220.3,8960000.0,222.53000000000003,224.09499999999997,48.5641891891892,0.0218211402889335,BEARISH,RSI_NORMAL,HIGH_VOLATILITY
2018-07-13,222.9,222.9,216.6,218.75,5810000.0,222.19,223.1625,50.30621172353455,0.021025427378913216,BEARISH,RSI_NORMAL,LOW_VOLATILITY
2018-07-16,218.0,220.5,212.4,213.05,6440000.0,220.39000000000001,222.26500000000001,41.50943396226416,0.02097423049710508,BEARISH,RSI_NORMAL,LOW_VOLATILITY
2018-07-17,211.0,221.25,208.05,219.5,8640000.0,218.48000000000002,221.95,51.34003350083752,0.021804236872382917,BEARISH,RSI_NORMAL,HIGH_VOLATILITY
2018-07-18,220.9,221.45,210.5,212.4,7510000.0,216.8,221.26000000000005,43.20502749410839,0.022869075961650293,BEARISH,RSI_NORMAL,HIGH_VOLATILITY
2018-07-19,214.0,214.4,194.5,197.6,33210000.0,212.26000000000005,220.025,26.15942028985505,0.027196988977146452,BEARISH,RSI_LOW,HIGH_VOLATILITY
2018-07-20,200.35,202.2,193.6,195.65,22840000.0,207.64000000000001,218.70750000000004,28.335949764521175,0.02719500203494851,BEARISH,RSI_LOW,HIGH_VOLATILITY
2018-07-23,196.1,198.45,192.35,196.15,13360000.0,204.26,217.59500000000003,25.59087204563977,0.0271456524626896,BEARISH,RSI_LOW,HIGH_VOLATILITY
2018-07-24,197.0,210.0,196.15,207.6,18530000.0,201.88,216.82750000000001,38.347457627118644,0.030157074405603047,BEARISH,RSI_NORMAL,HIGH_VOLATILITY
2018-07-25,209.7,213.3,207.5,209.0,15340000.0,201.2,216.38250000000002,41.73976608187133,0.029870400145122687,BEARISH,RSI_NORMAL,HIGH_VOLATILITY
2018-07-26,210.5,210.5,201.7,206.55,13570000.0,202.99,215.65749999999997,40.16973125884019,0.0297002410281803,BEARISH,RSI_NORMAL,HIGH_VOLATILITY
2018-07-27,212.75,220.8,212.0,213.4,30010000.0,206.54000000000002,214.8025,44.30546412113232,0.028992517063205398,BEARISH,RSI_NORMAL,HIGH_VOLATILITY
2018-07-30,214.0,216.45,209.45,211.25,9030000.0,209.56,214.20250000000001,37.482419127988734,0.02829116306716398,BEARISH,RSI_NORMAL,HIGH_VOLATILITY
2018-07-31,211.0,214.95,207.7,213.4,11170000.0,210.72000000000003,213.56750000000002,44.3076923076923,0.028224086985310776,BEARISH,RSI_NORMAL,HIGH_VOLATILITY
2018-08-01,214.5,214.9,206.35,208.0,11170000.0,210.52000000000004,212.7625,41.20171673819741,0.028655325455105542,BEARISH,RSI_NORMAL,HIGH_VOLATILITY
2018-08-02,206.0,210.75,203.25,207.9,12830000.0,210.79000000000002,212.1425,42.07450693937181,0.028479212848131603,BEARISH,RSI_NORMAL,HIGH_VOLATILITY
2018-08-03,208.05,212.7,204.5,211.6,16739999.999999998,210.43,211.7,48.90895410082767,0.028834939814591058,BEARISH,RSI_NORMAL,HIGH_VOLATILITY
2018-08-06,212.6,216.8,210.3,216.1,10380000.0,211.4,211.4025,47.36434108527131,0.029230126356137823,BULLISH,RSI_NORMAL,HIGH_VOLATILITY
2018-08-07,218.8,222.55,214.6,219.0,20850000.0,212.51999999999998,210.9,55.47263681592039,0.028441222384288065,BULLISH,RSI_NORMAL,HIGH_VOLATILITY
2018-08-08,223.0,224.9,219.4,220.6,20810000.0,215.04000000000002,210.89000000000001,74.41613588110405,0.027330353566732038,BULLISH,RSI_HIGH,HIGH_VOLATILITY
2018-08-09,224.0,228.2,222.7,227.45,15350000.0,218.95,211.2475,80.57692307692308,0.02816754024886639,BULLISH,RSI_HIGH,HIGH_VOLATILITY
2018-08-10,228.75,228.8,220.2,222.7,13150000.0,221.17,211.445,73.6,0.028568123113127408,BULLISH,RSI_HIGH,HIGH_VOLATILITY
2018-08-13,220.95,223.6,217.65,221.65,10000000.0,222.28000000000003,211.875,65.32170119956382,0.027883424138689595,BULLISH,RSI_NORMAL,HIGH_VOLATILITY
2018-08-14,221.05,223.95,220.25,221.45,7630000.0,222.76999999999998,211.9725,63.94176931690929,0.02710077200783919,BULLISH,RSI_NORMAL,HIGH_VOLATILITY
2018-08-16,217.6,218.3,213.5,216.1,8130000.000000001,221.86999999999998,212.15749999999997,60.042060988433214,0.026631609703145834,BULLISH,RSI_NORMAL,HIGH_VOLATILITY
2018-08-17,218.55,221.2,217.6,219.7,5230000.0,220.32,213.2625,57.11060948081262,0.02092261586530316,BULLISH,RSI_NORMAL,LOW_VOLATILITY
2018-08-20,221.0,227.0,220.4,226.65,7600000.0,221.10999999999999,214.8125,65.68228105906314,0.021369389470666526,BULLISH,RSI_NORMAL,LOW_VOLATILITY
2018-08-21,227.95,228.15,224.2,226.4,6120000.0,222.06,216.325,63.77118644067797,0.021430374392342248,BULLISH,RSI_NORMAL,LOW_VOLATILITY
2018-08-23,226.5,226.95,219.1,221.05,6180000.0,221.97999999999996,216.9975,63.838812301166506,0.01885727106820377,BULLISH,RSI_NORMAL,LOW_VOLATILITY
2018-08-24,219.05,223.35,216.65,222.1,9110000.0,223.18,217.6525,64.76091476091476,0.018843440472772748,BULLISH,RSI_NORMAL,LOW_VOLATILITY
2018-08-27,226.2,231.0,224.9,230.25,13520000.0,225.29000000000002,218.8375,67.74500475737393,0.019904056272097567,BULLISH,RSI_NORMAL,LOW_VOLATILITY
2018-08-28,233.65,240.0,231.6,239.0,18890000.0,227.76,220.1175,70.15845070422536,0.02028208671939759,BULLISH,RSI_HIGH,LOW_VOLATILITY
2018-08-29,239.0,243.0,236.1,236.85,12140000.0,229.85,221.39749999999998,65.92328278322927,0.020238809060285273,BULLISH,RSI_NORMAL,LOW_VOLATILITY
2018-08-30,238.6,241.6,235.7,240.25,9910000.0,233.69,222.73999999999995,66.98357821953329,0.020306406906409644,BULLISH,RSI_NORMAL,LOW_VOLATILITY
2018-08-31,240.0,240.7,236.35,237.95,7190000.0,236.85999999999999,224.2375,59.849906191369605,0.019304331738100238,BULLISH,RSI_NORMAL,LOW_VOLATILITY
2018-09-03,237.5,242.85,236.6,239.4,8310000.000000001,238.69,225.8125,66.70000000000002,0.01922741518346206,BULLISH,RSI_NORMAL,LOW_VOLATILITY
2018-09-04,239.4,239.85,232.6,235.1,5840000.0,237.91,226.9875,62.629107981220635,0.019847930988351033,BULLISH,RSI_NORMAL,LOW_VOLATILITY
2018-09-05,233.1,240.9,231.3,239.95,11430000.0,238.53000000000003,228.18,65.97582037996546,0.019821733355985246,BULLISH,RSI_NORMAL,LOW_VOLATILITY
2018-09-06,239.1,240.4,234.3,235.4,7400000.0,237.56,229.0,66.90017513134852,0.020447714586577088,BULLISH,RSI_NORMAL,LOW_VOLATILITY
2018-09-07,237.0,246.25,234.25,242.55,11020000.0,238.48000000000002,230.0975,68.8375927452597,0.021288338667686868,BULLISH,RSI_NORMAL,LOW_VOLATILITY
2018-09-10,242.0,243.9,234.85,235.7,6100000.0,237.74,230.51,57.473162675474796,0.021591170538529974,BULLISH,RSI_NORMAL,HIGH_VOLATILITY
2018-09-11,236.8,240.8,228.75,231.6,12650000.0,237.04000000000002,230.955,54.03726708074534,0.021409865935262874,BULLISH,RSI_NORMAL,LOW_VOLATILITY
2018-09-12,233.4,238.7,227.6,237.9,8900000.0,236.63000000000002,231.76749999999998,62.8921193573068,0.022049042449011066,BULLISH,RSI_NORMAL,HIGH_VOLATILITY
2018-09-14,240.35,249.05,240.35,245.45,15740000.0,238.63999999999996,232.96749999999997,66.24913013221988,0.022877041600319354,BULLISH,RSI_NORMAL,HIGH_VOLATILITY
2018-09-17,244.0,245.65,240.5,241.35,9900000.0,238.4,234.23000000000002,58.18584070796459,0.022426274289609496,BULLISH,RSI_NORMAL,HIGH_VOLATILITY
2018-09-18,242.4,243.2,233.5,234.15,6830000.0,238.08999999999997,234.95249999999996,46.33962264150944,0.023616956784033933,BEARISH,RSI_NORMAL,HIGH_VOLATILITY
2018-09-19,236.7,240.45,233.55,235.65,9800000.0,238.9,235.4025,49.085365853658544,0.02268805646518713,BULLISH,RSI_NORMAL,HIGH_VOLATILITY
2018-09-21,237.3,242.45,224.0,240.4,17640000.0,239.4,236.10250000000002,50.112023898431666,0.023021141684364015,BULLISH,RSI_NORMAL,HIGH_VOLATILITY
2018-09-24,240.6,245.35,236.5,239.9,8990000.0,238.29000000000002,237.04500000000002,51.49654643131237,0.022185667319524892,BULLISH,RSI_NORMAL,HIGH_VOLATILITY
2018-09-25,240.05,244.8,234.8,243.05,7850000.0,238.63000000000002,238.09249999999997,52.729992520568445,0.022272932522671637,BULLISH,RSI_NORMAL,HIGH_VOLATILITY
2018-09-26,246.0,250.35,241.4,247.95,11940000.0,241.39000000000001,238.97750000000002,59.52557449962936,0.02131093549837402,BULLISH,RSI_NORMAL,LOW_VOLATILITY
2018-09-27,248.75,250.8,242.8,243.9,11390000.0,243.04000000000002,239.2225,52.96324081020257,0.020171003389267198,BULLISH,RSI_NORMAL,LOW_VOLATILITY
2018-09-28,244.8,246.5,227.0,229.65,11590000.0,240.89000000000001,238.8625,46.234446627373934,0.02412731888563823,BEARISH,RSI_NORMAL,HIGH_VOLATILITY
2018-10-01,229.1,244.1,225.0,242.9,12580000.0,241.49,238.99500000000003,50.21224984839296,0.02733690251562038,BULLISH,RSI_NORMAL,HIGH_VOLATILITY
2018-10-03,241.7,256.25,239.3,253.75,16540000.0,243.63000000000002,239.785,60.43956043956045,0.028889346934123008,BULLISH,RSI_NORMAL,HIGH_VOLATILITY
2018-10-04,252.0,259.75,249.5,251.85,17160000.0,244.41,240.40749999999997,62.017804154302674,0.02898749336023201,BULLISH,RSI_NORMAL,HIGH_VOLATILITY
2018-10-05,247.25,249.65,238.75,241.05,13860000.0,243.84,240.70499999999998,51.774647887323944,0.030432714053104097,BULLISH,RSI_NORMAL,HIGH_VOLATILITY
2018-10-08,235.0,236.9,210.7,222.55,25200000.0,242.42000000000002,239.83499999999998,38.515546639919755,0.03472950852878035,BEARISH,RSI_NORMAL,HIGH_VOLATILITY
2018-10-09,222.5,228.3,218.85,224.25,10660000.0,238.69,239.2775,41.21274409044192,0.03460234042706378,BEARISH,RSI_NORMAL,HIGH_VOLATILITY
2018-10-10,225.0,228.2,222.5,226.9,8300000.000000001,233.32,238.49499999999998,46.091644204851754,0.03393522443788831,BEARISH,RSI_NORMAL,HIGH_VOLATILITY
2018-10-11,216.9,221.6,211.1,216.5,15960000.0,226.25,237.535,40.58042302016723,0.03484591174072586,BEARISH,RSI_NORMAL,HIGH_VOLATILITY
2018-10-12,218.0,228.15,218.0,226.7,7260000.0,223.38000000000002,237.29000000000002,43.60410830999066,0.03645555001135563,BEARISH,RSI_NORMAL,HIGH_VOLATILITY
2018-10-15,229.0,232.85,224.4,231.75,7700000.0,225.21999999999997,236.98250000000002,46.350201522615315,0.036275233092132486,BEARISH,RSI_NORMAL,HIGH_VOLATILITY
2018-10-16,231.9,232.8,228.2,230.55,10250000.0,226.48000000000002,236.2375,44.30264357338195,0.0354694264629909,BEARISH,RSI_NORMAL,HIGH_VOLATILITY
2018-10-17,233.2,233.85,223.7,227.75,7070000.0,226.65,235.55749999999998,40.613382899628256,0.03538804137068474,BEARISH,RSI_NORMAL,HIGH_VOLATILITY
2018-10-19,224.9,230.75,222.55,227.0,5280000.0,228.75,235.2,41.898370086289546,0.03479367317929911,BEARISH,RSI_NORMAL,HIGH_VOLATILITY
2018-10-22,230.55,230.6,221.35,224.0,6460000.0,228.20999999999998,234.61749999999998,46.96399785061794,0.034851418667887865,BEARISH,RSI_NORMAL,HIGH_VOLATILITY
2018-10-23,221.9,226.9,216.4,219.5,6750000.0,225.76,233.5725,36.120996441281136,0.03466931629442905,BEARISH,RSI_NORMAL,HIGH_VOLATILITY
2018-10-24,222.9,231.9,222.1,229.85,10440000.0,225.62000000000003,233.07,35.7398568019093,0.03650890465741408,BEARISH,RSI_NORMAL,HIGH_VOLATILITY
2018-10-25,227.3,228.0,219.4,222.35,7330000.0,224.54000000000002,232.03500000000003,33.501118568232656,0.03697475539870305,BEARISH,RSI_NORMAL,HIGH_VOLATILITY
2018-10-26,223.05,223.9,212.4,221.25,12230000.0,223.39000000000001,230.7,37.578419071518184,0.03654259437751378,BEARISH,RSI_NORMAL,HIGH_VOLATILITY
2018-10-29,221.0,225.8,217.15,224.15,10920000.0,223.42000000000002,229.7125,51.24804992199687,0.03665661253118259,BEARISH,RSI_NORMAL,HIGH_VOLATILITY
2018-10-30,228.0,228.75,222.2,223.9,6570000.0,224.3,229.425,49.72067039106146,0.03430754306465092,BEARISH,RSI_NORMAL,HIGH_VOLATILITY
2018-10-31,224.0,224.35,216.2,220.4,9700000.0,222.41,228.3,44.881889763779526,0.031544785258424336,BEARISH,RSI_NORMAL,HIGH_VOLATILITY
2018-11-01,222.6,232.7,221.3,231.25,9520000.0,224.19,227.175,61.532447224394055,0.03193200222293951,BULLISH,RSI_NORMAL,HIGH_VOLATILITY
2018-11-02,235.0,244.7,231.35,240.45,19430000.0,228.03000000000003,226.60500000000002,60.921366163621926,0.033387730923766,BULLISH,RSI_NORMAL,HIGH_VOLATILITY
2018-11-05,241.0,245.3,238.5,242.35,7750000.0,231.67,226.67000000000002,58.8628762541806,0.031999500386225364,BULLISH,RSI_NORMAL,HIGH_VOLATILITY
2018-11-06,242.95,244.35,238.4,242.6,5170000.0,235.41,227.67249999999999,60.237892948173304,0.026303524511254443,BULLISH,RSI_NORMAL,HIGH_VOLATILITY
2018-11-07,244.0,245.1,243.0,244.05,784390.0,240.14000000000001,228.6625,64.17391304347828,0.026296205255854584,BULLISH,RSI_NORMAL,HIGH_VOLATILITY
2018-11-09,244.0,244.0,237.2,238.8,8130000.000000001,241.65,229.25750000000002,59.51612903225807,0.02686243690695968,BULLISH,RSI_NORMAL,HIGH_VOLATILITY
2018-11-12,238.4,240.0,228.3,229.25,9060000.0,239.41,229.89500000000004,53.8293216630197,0.026330989578257795,BEARISH,RSI_NORMAL,HIGH_VOLATILITY
2018-11-13,228.4,232.4,224.55,231.55,10010000.0,237.25,230.1375,59.08063300678222,0.02430292883477207,BULLISH,RSI_NORMAL,HIGH_VOLATILITY
2018-11-14,232.75,233.4,228.3,229.5,6330000.0,234.63000000000002,230.025,49.69853574504738,0.023884553940309413,BEARISH,RSI_NORMAL,HIGH_VOLATILITY
2018-11-15,229.5,234.8,225.3,233.6,8640000.0,232.54000000000002,230.1775,60.29277218664226,0.024186632385538125,BULLISH,RSI_NORMAL,HIGH_VOLATILITY
2018-11-16,232.6,235.45,228.5,229.95,5460000.0,230.76999999999998,230.2875,57.60489510489509,0.02429793167537309,BEARISH,RSI_NORMAL,HIGH_VOLATILITY
2018-11-19,231.1,237.4,230.4,234.45,7280000.0,231.81,230.66000000000003,58.75850340136053,0.02463276546488694,BULLISH,RSI_NORMAL,HIGH_VOLATILITY
2018-11-20,233.85,233.85,220.4,221.95,14760000.0,229.89000000000001,230.55750000000003,48.627726952850104,0.027404176102949134,BEARISH,RSI_NORMAL,HIGH_VOLATILITY
2018-11-21,220.6,225.15,217.2,223.15,13700000.0,228.61999999999998,230.74,51.99999999999999,0.02701578110252398,BEARISH,RSI_NORMAL,HIGH_VOLATILITY
2018-11-22,224.0,225.3,216.5,218.1,9710000.0,225.51999999999998,230.1525,39.55520254169977,0.0252107026051132,BEARISH,RSI_NORMAL,HIGH_VOLATILITY
2018-11-26,219.1,220.15,213.75,218.8,6780000.0,223.28999999999996,229.975,30.11937557392109,0.024196005578510982,BEARISH,RSI_NORMAL,HIGH_VOLATILITY
2018-11-27,217.0,223.0,213.25,219.9,11500000.0,220.38000000000002,229.90749999999997,29.07735321528429,0.02420286647152154,BEARISH,RSI_LOW,HIGH_VOLATILITY
2018-11-28,220.0,222.3,214.5,216.05,8119999.999999999,219.2,229.5025,26.812227074235864,0.02429643546484407,BEARISH,RSI_LOW,HIGH_VOLATILITY
2018-11-29,218.6,226.85,218.6,224.5,12440000.0,219.46999999999997,229.53250000000003,34.78599221789884,0.025944139376308215,BEARISH,RSI_NORMAL,HIGH_VOLATILITY
2018-11-30,224.45,227.4,220.7,226.2,9380000.0,221.09,229.8225,39.62108731466226,0.025704667428339475,BEARISH,RSI_NORMAL,HIGH_VOLATILITY
2018-12-03,232.5,237.9,231.8,233.05,10800000.0,223.94,229.9125,53.27586206896552,0.024160290378480113,BULLISH,RSI_NORMAL,HIGH_VOLATILITY
2018-12-04,230.7,235.5,228.8,233.35,9410000.0,226.63000000000002,229.55749999999998,51.60714285714285,0.02234515788968338,BULLISH,RSI_NORMAL,HIGH_VOLATILITY
2018-12-05,229.05,230.4,220.3,221.35,12880000.0,227.69,228.5075,43.82107657316148,0.0248613381197403,BEARISH,RSI_NORMAL,HIGH_VOLATILITY
2018-12-06,219.3,221.6,214.3,217.9,13400000.0,226.36999999999998,227.27249999999998,37.97856049004595,0.024953950138999648,BEARISH,RSI_NORMAL,HIGH_VOLATILITY
2018-12-07,219.7,221.4,216.55,218.8,6690000.0,224.89000000000001,226.01,41.08713029576341,0.024914367511318373,BEARISH,RSI_NORMAL,HIGH_VOLATILITY
2018-12-10,212.4,220.25,211.45,217.9,9520000.0,221.85999999999999,224.965,35.96268023748941,0.024614855292398177,BEARISH,RSI_NORMAL,HIGH_VOLATILITY
2018-12-11,215.0,218.45,214.0,216.25,7210000.0,218.44,224.315,44.07484407484409,0.02316389069927786,BEARISH,RSI_NORMAL,HIGH_VOLATILITY
2018-12-12,218.0,222.9,217.0,221.3,7170000.0,218.43,223.80249999999995,48.21944177093359,0.023732437840908914,BEARISH,RSI_NORMAL,HIGH_VOLATILITY
2018-12-13,224.45,224.45,218.5,220.3,6890000.0,218.91,223.34249999999997,52.29645093945722,0.023686215376784742,BEARISH,RSI_NORMAL,HIGH_VOLATILITY
2018-12-14,219.5,222.85,217.3,220.15,5750000.0,219.18,222.67000000000002,51.42555438225976,0.023235644904714442,BEARISH,RSI_NORMAL,HIGH_VOLATILITY
2018-12-17,221.7,225.95,221.6,225.45,5690000.0,220.69,222.44500000000002,55.38312318137729,0.02376322689712149,BULLISH,RSI_NORMAL,HIGH_VOLATILITY
2018-12-18,224.0,227.0,222.6,225.25,5920000.0,222.49,221.98499999999999,59.60334029227557,0.023279446244784157,BULLISH,RSI_NORMAL,HIGH_VOLATILITY
2018-12-19,225.55,228.3,225.0,227.15,5430000.0,223.66,222.24499999999998,53.20435308343411,0.01993327725591056,BULLISH,RSI_NORMAL,LOW_VOLATILITY
2018-12-20,222.8,225.0,219.75,223.9,8410000.0,224.38000000000002,222.28250000000003,47.319347319347344,0.020207590760168537,BULLISH,RSI_NORMAL,LOW_VOLATILITY
2018-12-21,224.25,227.45,221.8,224.0,6930000.0,225.15,222.57750000000001,37.48271092669431,0.01947100364413433,BULLISH,RSI_NORMAL,LOW_VOLATILITY
2018-12-24,224.0,224.0,216.95,217.85,4670000.0,223.63000000000002,222.52999999999997,31.54761904761905,0.02051028966622704,BEARISH,RSI_NORMAL,LOW_VOLATILITY
2018-12-26,213.85,219.8,212.9,218.6,6550000.0,222.3,222.465,45.52845528455285,0.020492831379853086,BEARISH,RSI_NORMAL,LOW_VOLATILITY
2018-12-27,221.4,223.9,219.6,220.6,7950000.0,220.99,222.69249999999997,54.60750853242319,0.020165015751832143,BEARISH,RSI_NORMAL,LOW_VOLATILITY
2018-12-28,221.0,226.05,221.0,223.5,5070000.0,220.91,222.64249999999998,57.50798722044726,0.018352648917801584,BULLISH,RSI_NORMAL,LOW_VOLATILITY
2018-12-31,226.7,228.5,225.25,226.2,6940000.0,221.35,222.6425,62.537764350453145,0.018478593703740873,BULLISH,RSI_NORMAL,LOW_VOLATILITY
2019-01-01,225.5,225.75,221.6,222.75,5020000.0,222.33,222.1275,59.31232091690545,0.017342594967647743,BULLISH,RSI_NORMAL,LOW_VOLATILITY
2019-01-02,218.95,219.15,213.65,214.55,10990000.0,221.51999999999998,221.1875,41.130091984231264,0.01896602026419171,BEARISH,RSI_NORMAL,LOW_VOLATILITY
2019-01-03,214.3,215.7,208.1,209.2,8660000.0,219.24,220.58,36.91037735849053,0.016205154081071944,BEARISH,RSI_NORMAL,LOW_VOLATILITY
2019-01-04,210.0,212.4,207.55,210.9,17410000.0,216.71999999999997,220.23000000000002,39.47667804323094,0.01607916512803807,BEARISH,RSI_NORMAL,LOW_VOLATILITY
2019-01-07,213.8,214.75,207.9,208.55,8140000.000000001,213.19,219.71750000000003,29.390243902439053,0.016159789352093588,BEARISH,RSI_LOW,LOW_VOLATILITY
2019-01-08,208.5,209.55,205.3,206.5,13400000.0,209.94,219.14749999999998,28.1213535589265,0.016244417680810627,BEARISH,RSI_LOW,LOW_VOLATILITY
2019-01-09,208.5,209.25,203.1,205.7,13250000.0,208.17,218.61999999999998,24.31137724550898,0.016205326462978977,BEARISH,RSI_LOW,LOW_VOLATILITY
2019-01-10,206.0,206.65,203.05,204.0,9290000.0,207.13000000000002,217.75500000000002,25.248756218905484,0.015065842132779986,BEARISH,RSI_LOW,LOW_VOLATILITY
2019-01-11,204.0,207.95,204.0,205.85,13310000.0,206.11999999999998,217.03250000000003,28.367103694874857,0.01534279372946696,BEARISH,RSI_LOW,LOW_VOLATILITY
2019-01-14,205.5,206.6,203.4,206.15,5200000.0,205.64000000000001,216.33249999999998,33.79501385041554,0.01536923905145642,BEARISH,RSI_NORMAL,LOW_VOLATILITY
2019-01-15,207.35,209.0,205.65,208.5,7170000.0,206.04000000000002,215.48499999999999,36.60477453580904,0.014418761805644616,BEARISH,RSI_NORMAL,LOW_VOLATILITY
2019-01-16,209.8,210.5,206.55,208.4,8210000.000000001,206.57999999999998,214.64249999999998,32.96089385474862,0.014423382513525387,BEARISH,RSI_NORMAL,LOW_VOLATILITY
2019-01-17,208.5,208.7,205.3,206.0,6540000.0,206.97999999999996,213.58499999999998,25.21246458923514,0.01422262839060966,BEARISH,RSI_LOW,LOW_VOLATILITY
2019-01-18,206.65,209.4,205.95,208.8,6260000.0,207.57000000000002,212.83,25.42372881355938,0.01460189665580619,BEARISH,RSI_LOW,LOW_VOLATILITY
2019-01-21,209.1,209.9,205.1,207.65,4880000.0,207.86999999999998,212.0125,27.190332326284036,0.014580396742927859,BEARISH,RSI_LOW,LOW_VOLATILITY
2019-01-22,206.35,206.35,201.0,203.55,7670000.0,206.88000000000002,211.29749999999999,31.034482758620726,0.01400942179512154,BEARISH,RSI_NORMAL,LOW_VOLATILITY
2019-01-23,203.55,207.3,203.45,205.45,5820000.0,206.29000000000002,210.64000000000001,42.66144814090019,0.014218926747343347,BEARISH,RSI_NORMAL,LOW_VOLATILITY
2019-01-24,206.0,206.2,203.25,205.05,3920000.0,206.1,209.8625,37.93814432989691,0.013933534662207361,BEARISH,RSI_NORMAL,LOW_VOLATILITY
2019-01-25,206.2,207.95,203.25,204.45,4380000.0,205.23000000000002,208.91,40.888888888888836,0.013371766467458968,BEARISH,RSI_NORMAL,LOW_VOLATILITY
2019-01-28,204.45,206.5,198.3,200.0,5740000.0,203.7,207.6,36.94779116465863,0.013323416505928831,BEARISH,RSI_NORMAL,LOW_VOLATILITY
2019-01-29,199.1,200.7,197.45,199.55,4460000.0,202.9,206.44,37.474541751527525,0.013167129148141294,BEARISH,RSI_NORMAL,LOW_VOLATILITY
2019-01-30,200.4,206.25,200.4,205.8,5620000.0,202.96999999999997,206.0025,53.09278350515467,0.013423773357469117,BEARISH,RSI_NORMAL,LOW_VOLATILITY
2019-01-31,206.1,210.0,204.35,208.5,6550000.0,203.66,205.96750000000003,54.42404006677798,0.01267706891099473,BULLISH,RSI_NORMAL,LOW_VOLATILITY
2019-02-01,208.0,212.35,203.5,211.4,10480000.0,205.05,205.9925,58.06451612903226,0.012937626463587901,BULLISH,RSI_NORMAL,LOW_VOLATILITY
2019-02-04,209.9,209.9,201.45,204.2,6200000.0,205.89000000000001,205.775,44.2513368983957,0.014865881510755253,BEARISH,RSI_NORMAL,LOW_VOLATILITY
2019-02-05,205.9,208.75,202.7,204.75,4770000.0,206.93,205.6875,45.178335535006596,0.014735261737269049,BEARISH,RSI_NORMAL,LOW_VOLATILITY
2019-02-06,205.6,212.1,202.5,211.4,5890000.0,208.05,205.9725,56.413301662707845,0.016419851561002816,BULLISH,RSI_NORMAL,LOW_VOLATILITY
2019-02-07,211.9,212.65,208.2,209.2,6220000.0,208.19,206.2325,50.48192771084335,0.016493696130719476,BULLISH,RSI_NORMAL,LOW_VOLATILITY
2019-02-08,208.95,209.15,204.4,205.9,3960000.0,207.09,206.23499999999999,47.99541809851088,0.01681715982562662,BEARISH,RSI_NORMAL,LOW_VOLATILITY
2019-02-11,204.9,204.9,195.65,199.45,8460000.0,206.14000000000001,205.9,45.54347826086954,0.018221686587645638,BEARISH,RSI_NORMAL,LOW_VOLATILITY
2019-02-12,199.0,202.7,197.0,198.35,16469999.999999998,204.85999999999999,205.3925,42.14601769911505,0.01798278593146678,BEARISH,RSI_NORMAL,LOW_VOLATILITY
2019-02-13,199.0,200.9,197.2,198.2,6780000.0,202.21999999999997,204.8825,42.38042269187984,0.0179813872596925,BEARISH,RSI_NORMAL,LOW_VOLATILITY
2019-02-14,197.6,198.55,190.3,191.75,10770000.0,198.73,204.17000000000002,37.500000000000014,0.019123778963572927,BEARISH,RSI_NORMAL,LOW_VOLATILITY
2019-02-15,192.3,192.5,182.2,186.6,12680000.0,194.87,203.06,36.990291262135926,0.019369111588807126,BEARISH,RSI_NORMAL,LOW_VOLATILITY
2019-02-18,187.0,188.7,183.9,184.55,6480000.0,191.89,201.90500000000003,35.875706214689274,0.01940902137946589,BEARISH,RSI_NORMAL,LOW_VOLATILITY
2019-02-19,185.1,189.25,184.1,186.55,5510000.0,189.53,201.055,30.29682702149438,0.01944893305040111,BEARISH,RSI_NORMAL,LOW_VOLATILITY
2019-02-20,187.8,193.9,187.55,193.0,7600000.0,188.49,200.4325,35.26615969581751,0.021118684241054685,BEARISH,RSI_NORMAL,LOW_VOLATILITY
2019-02-21,193.9,195.5,192.25,194.4,6500000.0,189.02,199.9,33.36594911937378,0.021240605468534818,BEARISH,RSI_NORMAL,LOW_VOLATILITY
2019-02-22,194.3,197.0,192.3,196.45,8760000.0,190.99,199.5,41.56692056583242,0.02143736368797103,BEARISH,RSI_NORMAL,LOW_VOLATILITY
2019-02-25,197.0,198.5,194.35,196.5,6170000.0,193.38000000000002,199.325,40.92409240924092,0.02091576140470215,BEARISH,RSI_NORMAL,LOW_VOLATILITY
2019-02-26,192.75,197.2,189.05,196.5,9060000.0,195.36999999999998,199.17249999999999,30.798969072164923,0.02091289123885546,BEARISH,RSI_NORMAL,LOW_VOLATILITY
2019-02-27,199.0,199.0,194.6,195.95,11910000.0,195.95999999999998,198.68,32.16689098250335,0.01952049781287435,BEARISH,RSI_NORMAL,LOW_VOLATILITY
2019-02-28,197.7,198.2,195.0,195.75,9580000.0,196.23,198.0425,35.09544787077826,0.01918707658330207,BEARISH,RSI_NORMAL,LOW_VOLATILITY
2019-03-01,198.1,198.9,195.3,196.15,6510000.0,196.17000000000002,197.28000000000003,44.10714285714288,0.01881743056030887,BEARISH,RSI_NORMAL,LOW_VOLATILITY
2019-03-05,195.0,199.45,194.5,198.75,7350000.0,196.61999999999998,197.0075,50.67796610169492,0.0177248516138444,BULLISH,RSI_NORMAL,LOW_VOLATILITY
2019-03-06,200.0,203.95,199.65,202.75,13680000.0,197.86999999999998,196.9075,56.82158920539733,0.018344305122807915,BULLISH,RSI_NORMAL,LOW_VOLATILITY
2019-03-07,203.75,203.75,199.9,200.6,5530000.0,198.8,196.3675,65.23235800344234,0.01674897412384602,BULLISH,RSI_NORMAL,LOW_VOLATILITY
2019-03-08,197.0,197.6,193.6,195.55,10050000.0,198.76,195.685,65.45768566493959,0.01742833357664723,BEARISH,RSI_NORMAL,LOW_VOLATILITY
2019-03-11,197.0,202.0,196.1,201.05,5450000.0,199.74,195.4425,75.46296296296298,0.018496182373353078,BULLISH,RSI_HIGH,LOW_VOLATILITY
2019-03-12,203.0,206.9,202.1,203.4,10990000.0,200.67000000000002,195.64000000000001,75.72519083969468,0.017246405934230803,BULLISH,RSI_HIGH,LOW_VOLATILITY
2019-03-13,204.0,205.3,200.7,202.3,4970000.0,200.58,195.8375,66.97080291970806,0.017244252914825533,BULLISH,RSI_NORMAL,LOW_VOLATILITY
2019-03-14,202.35,204.6,199.75,200.75,5110000.0,200.61,195.96499999999997,61.524500907441016,0.017352756634063132,BULLISH,RSI_NORMAL,LOW_VOLATILITY
2019-03-15,201.5,202.55,197.25,199.05,7490000.0,201.31,196.32999999999998,54.77941176470593,0.01567307659902489,BULLISH,RSI_NORMAL,LOW_VOLATILITY
2019-03-18,200.7,201.0,197.5,199.55,4630000.0,201.01000000000002,196.97750000000002,55.51537070524415,0.014128034636658722,BULLISH,RSI_NORMAL,LOW_VOLATILITY
2019-03-19,200.0,204.25,199.45,202.35,6100000.0,200.8,197.8675,59.60591133004926,0.013887642748201739,BULLISH,RSI_NORMAL,LOW_VOLATILITY
2019-03-20,203.0,207.95,203.0,207.15,8790000.0,201.77,198.8975,66.13832853025941,0.014473507121316509,BULLISH,RSI_NORMAL,LOW_VOLATILITY
2019-03-22,208.1,211.55,206.05,209.1,11360000.0,203.44,199.70250000000001,68.31275720164611,0.012795765088612243,BULLISH,RSI_NORMAL,LOW_VOLATILITY
2019-03-25,206.5,206.5,201.9,205.45,7450000.0,204.72,200.255,61.71284634760704,0.013639467473810719,BULLISH,RSI_NORMAL,LOW_VOLATILITY
2019-03-26,205.55,209.35,204.6,208.5,5070000.0,206.51,200.85750000000002,62.14196762141968,0.013800004172324385,BULLISH,RSI_NORMAL,LOW_VOLATILITY
2019-03-27,209.05,210.85,206.7,207.65,5730000.0,207.57000000000002,201.41500000000002,56.621621621621635,0.013880284866750367,BULLISH,RSI_NORMAL,LOW_VOLATILITY
2019-03-28,206.95,208.3,201.55,202.35,8920000.0,206.60999999999999,201.7075,52.179327521793276,0.015261225100777027,BULLISH,RSI_NORMAL,LOW_VOLATILITY
2019-03-29,205.85,207.9,204.45,205.5,12840000.0,205.89000000000001,202.185,63.0065359477124,0.015534084480384909,BULLISH,RSI_NORMAL,LOW_VOLATILITY
2019-04-01,208.55,218.75,208.55,215.9,18450000.0,207.98000000000002,203.1925,67.20741599073,0.018853887562430064,BULLISH,RSI_NORMAL,LOW_VOLATILITY
2019-04-02,216.25,218.3,213.2,216.95,8270000.0,209.67,204.2325,66.18876941457584,0.018840537070444304,BULLISH,RSI_NORMAL,LOW_VOLATILITY
2019-04-03,217.05,219.1,214.1,215.95,4910000.0,211.33,205.09249999999997,66.34730538922153,0.018862967063864193,BULLISH,RSI_NORMAL,LOW_VOLATILITY
2019-04-04,215.45,215.45,210.0,210.45,7740000.0,212.95,205.47750000000002,60.612691466083135,0.01959400650215474,BULLISH,RSI_NORMAL,LOW_VOLATILITY
2019-04-05,210.5,216.8,209.75,215.4,7970000.0,214.93,206.21750000000003,66.70071501532175,0.019917567756323907,BULLISH,RSI_NORMAL,LOW_VOLATILITY
2019-04-08,216.7,217.8,213.05,214.45,5030000.0,214.64000000000001,207.1625,65.08097165991899,0.01884253947194158,BULLISH,RSI_NORMAL,LOW_VOLATILITY
2019-04-09,214.45,217.85,211.6,217.15,3940000.0,214.67999999999998,207.96750000000003,65.0101419878296,0.01813694406095806,BULLISH,RSI_NORMAL,LOW_VOLATILITY
2019-04-10,214.5,216.75,209.65,211.7,13320000.0,213.83,208.3825,54.55455455455453,0.019154444135011092,BULLISH,RSI_NORMAL,LOW_VOLATILITY
2019-04-11,211.0,212.55,209.7,211.3,5920000.0,214.0,208.83250000000004,52.27272727272729,0.01909720616287954,BULLISH,RSI_NORMAL,LOW_VOLATILITY
2019-04-12,211.3,212.0,208.0,209.75,5530000.0,212.86999999999998,209.28250000000003,54.64362850971923,0.019088338262833297,BULLISH,RSI_NORMAL,LOW_VOLATILITY
2019-04-15,210.0,214.75,210.0,212.75,4970000.0,212.52999999999997,209.96750000000003,54.59459459459459,0.019087150390380392,BULLISH,RSI_NORMAL,LOW_VOLATILITY
2019-04-16,214.0,217.9,213.15,214.95,6750000.0,212.09,210.7375,57.66806722689073,0.019145890131758003,BULLISH,RSI_NORMAL,LOW_VOLATILITY
2019-04-18,216.15,216.15,206.25,207.2,7240000.0,211.19,210.97999999999996,54.84515484515484,0.02094194642257867,BEARISH,RSI_NORMAL,LOW_VOLATILITY
2019-04-22,207.3,207.8,199.6,200.4,9370000.0,209.01,210.64249999999998,45.2513966480447,0.021575726196142796,BEARISH,RSI_NORMAL,HIGH_VOLATILITY
2019-04-23,200.0,202.85,198.75,200.35,4350000.0,207.12999999999997,210.20499999999998,32.06459054209918,0.021427706823601834,BEARISH,RSI_NORMAL,LOW_VOLATILITY
2019-04-24,200.4,201.4,197.2,200.7,6360000.0,204.71999999999997,209.96750000000003,30.949589683470123,0.021122876225286916,BEARISH,RSI_NORMAL,LOW_VOLATILITY
2019-04-25,200.85,202.65,195.75,196.55,6740000.0,201.04000000000002,209.36999999999998,28.820960698689987,0.02121742278581402,BEARISH,RSI_LOW,LOW_VOLATILITY
2019-04-26,197.8,201.9,196.5,201.15,7450000.0,199.82999999999998,209.045,39.64365256124723,0.022001193512167835,BEARISH,RSI_NORMAL,HIGH_VOLATILITY
2019-04-30,202.0,206.6,199.05,206.05,8880000.0,200.95999999999998,209.23000000000002,39.57636566332219,0.021945106142583888,BEARISH,RSI_NORMAL,HIGH_VOLATILITY
2019-05-02,204.25,207.65,201.6,204.7,7950000.0,201.82999999999998,209.19,39.226519337016576,0.021735840229374973,BEARISH,RSI_NORMAL,HIGH_VOLATILITY
2019-05-03,206.0,206.0,202.65,205.1,5320000.0,202.71,208.65,35.97206053550639,0.018214420382454622,BEARISH,RSI_NORMAL,LOW_VOLATILITY
2019-05-06,197.0,200.95,196.8,198.9,8850000.0,203.18,207.7475,35.35469107551488,0.019144030758542194,BEARISH,RSI_NORMAL,LOW_VOLATILITY
2019-05-07,199.2,204.25,199.2,200.45,9040000.0,203.04000000000002,206.9725,37.90412486064657,0.019328639286308687,BEARISH,RSI_NORMAL,LOW_VOLATILITY
2019-05-08,200.0,202.9,196.65,200.0,7880000.0,201.83,206.45,38.85714285714284,0.018626661200752317,BEARISH,RSI_NORMAL,LOW_VOLATILITY
2019-05-09,201.7,201.9,196.25,198.15,10480000.0,200.52,205.5875,32.863849765258195,0.017644004505416627,BEARISH,RSI_NORMAL,LOW_VOLATILITY
2019-05-10,199.1,201.05,193.6,195.8,8820000.0,198.66,204.65500000000003,27.602339181286553,0.017731182382670418,BEARISH,RSI_LOW,LOW_VOLATILITY
2019-05-13,194.9,194.9,191.4,192.2,6980000.0,197.32,203.4075,30.569948186528478,0.017521691466132822,BEARISH,RSI_NORMAL,LOW_VOLATILITY
2019-05-14,191.0,193.95,188.0,192.95,8450000.0,195.82,202.46999999999997,38.55606758832562,0.017046093246998104,BEARISH,RSI_NORMAL,LOW_VOLATILITY
2019-05-15,192.95,196.0,189.65,190.65,6680000.0,193.95,201.4375,36.06321839080459,0.017113071096305423,BEARISH,RSI_NORMAL,LOW_VOLATILITY
2019-05-16,191.25,195.9,190.0,194.6,10530000.0,193.23999999999998,200.68,42.05729166666667,0.018035483478218692,BEARISH,RSI_NORMAL,LOW_VOLATILITY
2019-05-17,192.0,192.8,187.25,191.7,13560000.0,192.42000000000002,199.6275,43.47240915208611,0.01768987050529049,BEARISH,RSI_NORMAL,LOW_VOLATILITY
2019-05-20,194.5,199.7,193.75,198.75,5410000.0,193.73,198.8175,46.969696969696955,0.019765889091410943,BEARISH,RSI_NORMAL,LOW_VOLATILITY
2019-05-21,199.75,200.0,193.2,196.0,5190000.0,194.34,198.2575,36.58210947930572,0.01843256901803458,BEARISH,RSI_NORMAL,LOW_VOLATILITY
2019-05-22,196.0,199.35,195.0,198.0,5590000.0,195.81,198.1375,41.20734908136483,0.017190633444945733,BEARISH,RSI_NORMAL,LOW_VOLATILITY
2019-05-23,201.0,201.0,190.85,191.75,7480000.0,195.24,197.7075,34.81228668941979,0.018543218139440345,BEARISH,RSI_NORMAL,LOW_VOLATILITY
2019-05-24,193.0,196.45,190.0,195.8,6330000.0,196.06,197.4625,46.29186602870814,0.019243656285306738,BEARISH,RSI_NORMAL,LOW_VOLATILITY
2019-05-27,196.0,201.85,195.3,200.6,4500000.0,196.43,197.66500000000002,50.16648168701444,0.01947077368323632,BULLISH,RSI_NORMAL,LOW_VOLATILITY
2019-05-28,200.6,207.15,200.6,201.85,12220000.0,197.6,197.7,52.01744820065431,0.018807440191948487,BULLISH,RSI_NORMAL,LOW_VOLATILITY
2019-05-29,201.0,201.0,197.25,199.3,5120000.0,197.85999999999999,197.3625,51.23523093447907,0.018127769144840707,BULLISH,RSI_NORMAL,LOW_VOLATILITY
2019-05-30,199.1,200.8,196.3,198.55,7040000.0,199.22,197.055,53.058954393770854,0.018097633469327787,BULLISH,RSI_NORMAL,LOW_VOLATILITY
2019-05-31,199.05,199.7,195.2,197.0,8800000.0,199.46,196.65,55.594405594405615,0.01813487921262847,BULLISH,RSI_NORMAL,LOW_VOLATILITY
2019-06-03,197.0,200.4,194.4,199.4,5310000.0,199.22,196.675,57.23905723905726,0.017092293699927555,BULLISH,RSI_NORMAL,LOW_VOLATILITY
2019-06-04,198.85,200.5,196.85,197.8,4730000.0,198.41,196.5425,58.152793614595225,0.017091512795012923,BULLISH,RSI_NORMAL,LOW_VOLATILITY
2019-06-06,197.8,198.45,193.7,194.85,6630000.0,197.52,196.28500000000003,50.29171528588098,0.017390689410363057,BEARISH,RSI_NORMAL,LOW_VOLATILITY
2019-06-07,194.85,196.65,193.4,194.8,3810000.0,196.77,196.1175,53.87500000000002,0.01728646984832398,BEARISH,RSI_NORMAL,LOW_VOLATILITY
2019-06-10,196.8,198.6,195.0,198.25,3880000.0,197.02,196.23999999999998,49.31318681318682,0.017545350382336598,BULLISH,RSI_NORMAL,LOW_VOLATILITY
2019-06-11,198.9,200.9,195.65,199.6,5970000.0,197.06,196.60999999999999,55.14285714285714,0.016993565190817166,BULLISH,RSI_NORMAL,LOW_VOLATILITY
2019-06-12,198.6,202.9,197.15,199.3,6230000.0,197.36,196.9275,51.95195195195197,0.017005157937726733,BULLISH,RSI_NORMAL,LOW_VOLATILITY
2019-06-13,198.95,200.35,196.7,199.65,4650000.0,198.32,197.3775,64.41605839416061,0.016698423993626078,BULLISH,RSI_NORMAL,LOW_VOLATILITY
2019-06-14,198.4,200.7,196.8,198.25,3620000.0,199.01,197.56,54.949494949494934,0.016246058461853733,BULLISH,RSI_NORMAL,LOW_VOLATILITY
2019-06-17,199.0,199.0,193.0,193.6,5980000.0,198.07999999999998,197.655,35.772357723577215,0.016791603700470746,BEARISH,RSI_NORMAL,LOW_VOLATILITY
2019-06-18,193.45,195.3,189.3,189.95,8850000.0,196.15,197.21499999999997,27.96296296296292,0.015000289820654397,BEARISH,RSI_LOW,LOW_VOLATILITY
2019-06-19,192.25,196.25,188.4,190.05,11220000.0,194.3,196.9175,31.160896130346245,0.014753365389739216,BEARISH,RSI_NORMAL,LOW_VOLATILITY
2019-06-20,190.2,194.8,188.1,194.3,6470000.0,193.23000000000002,196.73250000000002,42.42424242424243,0.015490360206930228,BEARISH,RSI_NORMAL,LOW_VOLATILITY
2019-06-21,193.9,198.3,193.15,197.65,7600000.0,193.11,197.02749999999997,51.0887772194305,0.014182502567350375,BULLISH,RSI_NORMAL,LOW_VOLATILITY
2019-06-24,197.0,203.25,196.5,198.2,10460000.0,194.03,197.1475,47.857142857142826,0.013427505032037962,BULLISH,RSI_NORMAL,LOW_VOLATILITY
2019-06-25,196.5,203.9,194.5,202.5,8420000.0,196.54000000000002,197.2425,57.654723127035815,0.013176711736018783,BULLISH,RSI_NORMAL,LOW_VOLATILITY
2019-06-26,201.5,208.95,201.05,208.35,6730000.0,200.2,197.5675,70.08928571428574,0.014588858906672754,BULLISH,RSI_HIGH,LOW_VOLATILITY
2019-06-27,209.65,210.4,205.35,206.1,8700000.0,202.56,197.9075,65.78212290502792,0.01449960282612384,BULLISH,RSI_NORMAL,LOW_VOLATILITY
2019-06-28,206.0,207.6,203.55,207.05,5450000.0,204.44,198.3325,63.21321321321323,0.014451973439137865,BULLISH,RSI_NORMAL,LOW_VOLATILITY
2019-07-01,208.1,210.6,207.2,208.9,6350000.0,206.58,198.9275,63.75739644970416,0.014326354310493847,BULLISH,RSI_NORMAL,LOW_VOLATILITY
2019-07-02,209.0,210.2,206.0,209.35,3550000.0,207.95,199.425,64.80117820324003,0.014163877528629978,BULLISH,RSI_NORMAL,LOW_VOLATILITY
2019-07-03,208.75,210.3,205.35,208.7,5050000.0,208.01999999999998,199.97,63.21167883211675,0.014012812786263285,BULLISH,RSI_NORMAL,LOW_VOLATILITY
2019-07-04,208.4,209.5,206.25,206.9,4030000.000000001,208.18,200.5725,62.48196248196248,0.013661025610902018,BULLISH,RSI_NORMAL,LOW_VOLATILITY
2019-07-05,206.55,206.8,198.0,198.9,8690000.0,206.55,200.7775,56.97368421052633,0.016550864791504073,BEARISH,RSI_NORMAL,LOW_VOLATILITY
2019-07-08,197.0,200.5,195.0,197.6,6200000.0,204.29,200.745,60.72931276297336,0.016159111388082303,BEARISH,RSI_NORMAL,LOW_VOLATILITY
2019-07-09,197.0,199.0,193.1,197.9,6360000.0,202.0,200.66000000000003,60.9483960948396,0.01608421215151371,BEARISH,RSI_NORMAL,LOW_VOLATILITY
2019-07-10,196.0,197.4,192.5,193.65,5240000.0,198.99,200.3775,49.09344490934448,0.016768040368094664,BEARISH,RSI_NORMAL,LOW_VOLATILITY
2019-07-11,196.5,199.25,194.85,198.45,4520000.0,197.3,200.3175,51.07238605898121,0.017751170915722803,BEARISH,RSI_NORMAL,LOW_VOLATILITY
2019-07-12,199.0,201.45,197.4,198.85,3540000.0,197.29000000000002,200.3475,50.87483176312249,0.017682171877254283,BEARISH,RSI_NORMAL,LOW_VOLATILITY
2019-07-15,198.55,201.0,195.8,200.15,3880000.0,197.8,200.675,46.5592972181552,0.016811865053231127,BEARISH,RSI_NORMAL,LOW_VOLATILITY
2019-07-16,199.4,202.5,197.5,199.1,6830000.0,198.04000000000002,201.1325,34.24190800681431,0.016196124865758197,BEARISH,RSI_NORMAL,LOW_VOLATILITY
2019-07-17,198.9,204.2,198.1,203.45,4790000.0,199.99999999999997,201.8025,45.78696343402225,0.0167529337691439,BULLISH,RSI_NORMAL,LOW_VOLATILITY
2019-07-18,201.9,202.9,199.35,200.55,5170000.0,200.42000000000002,202.11499999999998,40.2694610778443,0.01658837878715413,BEARISH,RSI_NORMAL,LOW_VOLATILITY
2019-07-19,202.0,203.7,195.0,196.0,6740000.0,199.85,202.0325,32.13296398891967,0.017018632096087435,BEARISH,RSI_NORMAL,LOW_VOLATILITY
2019-07-22,195.95,205.45,194.8,202.4,9150000.0,200.3,202.2425,41.736028537455425,0.01854397729393491,BULLISH,RSI_NORMAL,LOW_VOLATILITY
2019-07-23,202.05,204.25,200.4,203.1,4640000.0,201.1,202.27249999999998,43.34916864608077,0.01792171895803437,BULLISH,RSI_NORMAL,LOW_VOLATILITY
2019-07-24,203.05,203.9,195.65,197.25,5940000.0,199.86,201.7175,39.54496208017335,0.017719912563438096,BEARISH,RSI_NORMAL,LOW_VOLATILITY
2019-07-25,197.9,200.25,195.45,196.75,5720000.0,199.1,201.25,47.21862871927555,0.01761430392458409,BEARISH,RSI_NORMAL,LOW_VOLATILITY
2019-07-26,196.75,199.35,194.75,198.0,5370000.0,199.5,200.79749999999999,50.518134715025916,0.017653904226956545,BEARISH,RSI_NORMAL,LOW_VOLATILITY
2019-07-29,196.35,198.5,192.4,193.25,6900000.0,197.67000000000002,200.015,44.5993031358885,0.01810178428139603,BEARISH,RSI_NORMAL,LOW_VOLATILITY
2019-07-30,192.4,194.8,188.85,190.1,6030000.0,195.07,199.05249999999998,45.76877234803336,0.018255754471188622,BEARISH,RSI_NORMAL,LOW_VOLATILITY
2019-07-31,188.0,191.25,184.8,190.55,9270000.0,193.73,198.145,39.49468085106387,0.018321059654098564,BEARISH,RSI_NORMAL,LOW_VOLATILITY
2019-08-01,189.0,189.25,180.3,182.75,11880000.0,190.93,196.9375,32.11111111111113,0.020057313284231694,BEARISH,RSI_NORMAL,LOW_VOLATILITY
2019-08-02,179.8,182.3,176.35,180.4,11800000.0,187.41,196.0125,28.555917480998914,0.018623715313156253,BEARISH,RSI_LOW,LOW_VOLATILITY
2019-08-05,178.0,178.0,171.6,175.75,9710000.0,183.91,194.92000000000002,26.485397784491454,0.01921098202572716,BEARISH,RSI_LOW,LOW_VOLATILITY
2019-08-06,173.0,182.6,173.0,180.7,10420000.0,182.03000000000003,194.06,27.363184079601993,0.02060863686834049,BEARISH,RSI_LOW,LOW_VOLATILITY
2019-08-07,183.0,184.1,175.8,176.4,6390000.0,179.2,193.1975,26.62149080348499,0.02071649010623781,BEARISH,RSI_LOW,LOW_VOLATILITY
2019-08-08,177.5,181.8,175.4,181.05,6180000.0,178.85999999999999,192.32750000000001,35.55555555555557,0.02083601404276326,BEARISH,RSI_NORMAL,LOW_VOLATILITY
2019-08-09,181.0,184.45,173.3,176.2,14560000.0,178.02,191.195,23.904382470119515,0.02136019436839785,BEARISH,RSI_LOW,LOW_VOLATILITY
2019-08-13,175.25,180.3,173.0,176.25,6840000.0,178.12,190.0,22.906155398587316,0.021215186990938738,BEARISH,RSI_LOW,LOW_VOLATILITY
2019-08-14,176.6,181.25,176.0,180.6,5970000.0,178.1,189.075,32.674297606659735,0.022307642484392553,BEARISH,RSI_NORMAL,HIGH_VOLATILITY
2019-08-16,179.1,181.5,173.7,179.8,7170000.0,178.78,187.89249999999998,32.47156153050675,0.02142246939835054,BEARISH,RSI_NORMAL,LOW_VOLATILITY
2019-08-19,180.15,182.25,177.75,181.15,5180000.0,178.8,186.9225,32.6109391124871,0.021530447741750097,BEARISH,RSI_NORMAL,LOW_VOLATILITY
2019-08-20,182.0,182.35,177.8,179.4,4540000.0,179.44,186.0925,34.76347634763478,0.021156321343256585,BEARISH,RSI_NORMAL,LOW_VOLATILITY
2019-08-21,178.9,178.9,173.25,177.05,6640000.0,179.6,184.825,35.38633818589028,0.019358666331445066,BEARISH,RSI_NORMAL,LOW_VOLATILITY
2019-08-22,174.0,179.3,172.65,176.55,7130000.0,178.79000000000002,183.4975,34.340044742729305,0.019239348224194628,BEARISH,RSI_NORMAL,LOW_VOLATILITY
2019-08-23,173.6,181.95,172.15,180.25,7070000.0,178.88000000000002,182.6475,46.92118226600985,0.019460866688222597,BEARISH,RSI_NORMAL,LOW_VOLATILITY
2019-08-26,182.05,182.25,171.1,178.75,7970000.0,178.4,181.7475,47.92452830188678,0.019476008132836075,BEARISH,RSI_NORMAL,LOW_VOLATILITY
2019-08-27,180.0,182.45,177.7,181.2,6930000.0,178.76,180.9075,57.25699067909453,0.019761075758942075,BULLISH,RSI_NORMAL,LOW_VOLATILITY
2019-08-28,181.5,182.0,176.5,178.4,5850000.0,179.03000000000003,180.16500000000002,46.75141242937855,0.01940086483508616,BEARISH,RSI_NORMAL,LOW_VOLATILITY
2019-08-29,176.8,180.9,174.9,179.7,5280000.0,179.66,179.645,55.092592592592574,0.019318425096762435,BULLISH,RSI_NORMAL,LOW_VOLATILITY
2019-08-30,182.25,187.0,181.45,184.45,13910000.0,180.5,179.34,55.230769230769205,0.02036717608464258,BULLISH,RSI_NORMAL,LOW_VOLATILITY
2019-09-03,182.5,182.5,177.4,178.4,4930000.0,180.43,179.1225,53.26409495548964,0.01960368932727409,BEARISH,RSI_NORMAL,LOW_VOLATILITY
2019-09-04,179.0,182.2,176.6,181.65,5130000.0,180.52,179.185,57.31707317073173,0.019846114486757185,BULLISH,RSI_NORMAL,LOW_VOLATILITY
2019-09-05,182.25,188.65,182.25,184.6,5610000.0,181.76000000000002,179.6275,55.63380281690142,0.019125364694363472,BULLISH,RSI_NORMAL,LOW_VOLATILITY
2019-09-06,184.9,189.7,182.0,188.4,5570000.0,183.5,180.0125,61.16883116883119,0.018662285474464326,BULLISH,RSI_NORMAL,LOW_VOLATILITY
2019-09-09,188.5,190.05,184.75,189.25,5010000.0,184.45999999999998,180.655,60.65789473684212,0.017627321068452967,BULLISH,RSI_NORMAL,LOW_VOLATILITY
2019-09-11,189.1,194.2,189.0,193.45,5900000.0,187.46999999999997,181.275,67.3671199011125,0.017367682871380765,BULLISH,RSI_NORMAL,LOW_VOLATILITY
2019-09-12,193.95,197.6,193.6,197.1,8640000.0,190.56,182.32,74.01197604790421,0.016139514409018285,BULLISH,RSI_HIGH,LOW_VOLATILITY
2019-09-13,196.65,201.9,195.2,200.35,6470000.0,193.70999999999998,183.525,76.7415730337079,0.016257308006879627,BULLISH,RSI_HIGH,LOW_VOLATILITY
2019-09-16,198.1,201.25,197.95,200.4,5750000.0,196.10999999999999,184.51500000000001,74.6634026927785,0.015733038461487155,BULLISH,RSI_HIGH,LOW_VOLATILITY
2019-09-17,200.0,202.95,196.65,197.95,6910000.0,197.85,185.42249999999999,72.9665071770335,0.016080379511925806,BULLISH,RSI_HIGH,LOW_VOLATILITY
2019-09-18,198.4,200.8,197.15,198.0,7330000.0,198.76,186.265,71.31979695431474,0.016101293439561046,BULLISH,RSI_HIGH,LOW_VOLATILITY
2019-09-19,198.0,198.9,193.15,195.95,4160000.0,198.53,187.09250000000003,72.7037516170763,0.016134266120746858,BULLISH,RSI_HIGH,LOW_VOLATILITY
2019-09-20,196.05,208.2,194.75,202.15,14590000.0,198.89000000000001,188.3475,75.77497129735934,0.016652320101873938,BULLISH,RSI_HIGH,LOW_VOLATILITY
2019-09-23,204.55,206.85,198.0,200.0,7370000.0,198.81,189.51999999999998,68.98656898656898,0.016977931750088052,BULLISH,RSI_NORMAL,LOW_VOLATILITY
2019-09-24,199.95,202.35,196.05,197.8,5810000.0,198.78,190.39749999999998,76.14555256064688,0.01703870094520203,BULLISH,RSI_HIGH,LOW_VOLATILITY
2019-09-25,196.1,196.6,188.9,189.9,7160000.0,197.16,190.95499999999998,59.88023952095807,0.019594716988424223,BEARISH,RSI_NORMAL,LOW_VOLATILITY
2019-09-26,191.0,196.5,190.25,195.95,8630000.0,197.16000000000003,191.6925,62.653288740245245,0.020505577120402473,BULLISH,RSI_NORMAL,LOW_VOLATILITY
2019-09-27,194.55,194.95,189.5,190.7,4390000.0,194.87,192.3075,52.483801295896306,0.02121963875960701,BEARISH,RSI_NORMAL,LOW_VOLATILITY
2019-09-30,189.4,191.9,184.75,191.35,6520000.0,193.14,192.89000000000001,52.277657266811275,0.02120144196568679,BEARISH,RSI_NORMAL,LOW_VOLATILITY
2019-10-01,191.3,194.55,186.75,189.75,6160000.0,191.53,193.155,45.74712643678163,0.020628322711652863,BEARISH,RSI_NORMAL,LOW_VOLATILITY
2019-10-03,186.5,187.95,180.0,182.6,13860000.0,190.07,193.365,34.5744680851064,0.02108088152344811,BEARISH,RSI_NORMAL,LOW_VOLATILITY
2019-10-04,184.0,185.75,181.55,182.1,6280000.0,187.3,193.3875,29.378531073446354,0.020717412070304624,BEARISH,RSI_LOW,LOW_VOLATILITY
2019-10-07,182.25,185.15,181.1,182.3,4530000.0,185.62,193.2725,29.617117117117147,0.02037925076683349,BEARISH,RSI_LOW,LOW_VOLATILITY
2019-10-09,182.05,187.15,180.7,186.05,4540000.0,184.56,193.155,36.98030634573308,0.020378460810024597,BEARISH,RSI_NORMAL,LOW_VOLATILITY
2019-10-10,184.45,185.95,181.8,182.25,4350000.0,183.06,192.805,34.0748230535895,0.02081833387469302,BEARISH,RSI_NORMAL,LOW_VOLATILITY
2019-10-11,183.5,189.2,183.3,187.2,7640000.0,183.98,192.4925,41.6427889207259,0.021145169747722976,BEARISH,RSI_NORMAL,LOW_VOLATILITY
2019-10-14,189.5,191.0,187.05,188.7,5220000.0,185.3,192.0725,35.886673662119605,0.02073207961114685,BEARISH,RSI_NORMAL,LOW_VOLATILITY
2019-10-15,187.9,195.55,185.9,192.55,6690000.0,187.35,191.6825,42.451874366767996,0.02093298065744448,BULLISH,RSI_NORMAL,LOW_VOLATILITY
2019-10-16,192.5,194.15,187.15,187.95,8080000.0,187.73000000000002,191.06,40.4830917874396,0.021498402551482564,BEARISH,RSI_NORMAL,LOW_VOLATILITY
2019-10-17,185.5,189.75,182.55,188.8,9520000.0,189.04000000000002,190.60250000000002,48.76957494407159,0.02144551050074757,BEARISH,RSI_NORMAL,LOW_VOLATILITY
2019-10-18,187.95,191.35,186.65,187.4,7350000.0,189.07999999999998,190.07250000000002,39.32584269662925,0.021468930528250146,BEARISH,RSI_NORMAL,LOW_VOLATILITY
2019-10-22,186.45,190.95,185.05,185.75,6680000.0,188.49,189.5625,43.209876543209916,0.021441992732918844,BEARISH,RSI_NORMAL,LOW_VOLATILITY
2019-10-23,185.1,187.6,184.0,185.1,5610000.0,187.0,188.71,41.42661179698219,0.01988463789783297,BEARISH,RSI_NORMAL,LOW_VOLATILITY
2019-10-24,186.25,186.65,180.7,181.35,6890000.0,185.68,187.7775,39.11917098445599,0.020162874628783113,BEARISH,RSI_NORMAL,LOW_VOLATILITY
2019-10-25,181.5,183.4,181.0,181.75,5960000.0,184.27,186.975,48.66562009419154,0.02016153930139007,BEARISH,RSI_NORMAL,LOW_VOLATILITY
2019-10-27,182.1,182.1,182.1,182.1,5960000.0,183.20999999999998,186.58499999999998,50.0,0.01832668190834106,BEARISH,RSI_NORMAL,LOW_VOLATILITY
2019-10-29,183.4,188.15,182.45,184.3,9690000.0,182.92000000000002,186.0025,52.96735905044509,0.016884046319134725,BEARISH,RSI_NORMAL,LOW_VOLATILITY
2019-10-30,186.8,189.45,184.4,187.2,5980000.0,183.34,185.8275,51.750380517503764,0.01639057777506956,BULLISH,RSI_NORMAL,LOW_VOLATILITY
2019-10-31,188.15,190.9,186.6,187.9,6500000.0,184.65,185.655,59.49579831932772,0.016395212082533916,BULLISH,RSI_NORMAL,LOW_VOLATILITY
2019-11-01,188.05,194.35,187.35,193.75,6920000.0,187.05,185.855,60.68515497553016,0.0177561491030986,BULLISH,RSI_NORMAL,LOW_VOLATILITY
2019-11-04,195.5,204.1,195.5,197.95,15420000.0,190.22,186.6225,63.868065967016456,0.01576552226953185,BULLISH,RSI_NORMAL,LOW_VOLATILITY
2019-11-05,199.0,202.7,197.35,198.6,8910000.0,193.07999999999998,187.4475,60.033167495854016,0.015684103356692496,BULLISH,RSI_NORMAL,LOW_VOLATILITY
2019-11-06,199.0,203.65,197.65,201.5,13030000.0,195.94,188.40749999999997,73.81370826010543,0.015821705320923456,BULLISH,RSI_HIGH,LOW_VOLATILITY
2019-11-07,202.9,207.3,199.25,205.2,17560000.0,199.4,189.365,76.19808306709261,0.01571569276759968,BULLISH,RSI_HIGH,LOW_VOLATILITY
2019-11-08,205.05,207.0,203.1,203.85,10080000.0,201.42,190.445,76.31999999999998,0.014814624214196815,BULLISH,RSI_HIGH,LOW_VOLATILITY
2019-11-11,203.95,203.95,199.5,200.15,6850000.0,201.85999999999999,191.0925,71.62162162162164,0.014827842421404662,BULLISH,RSI_HIGH,LOW_VOLATILITY
2019-11-13,197.05,201.95,192.35,193.15,13460000.0,200.77,191.315,60.15132408575034,0.01707719162660594,BULLISH,RSI_NORMAL,LOW_VOLATILITY
2019-11-14,193.35,193.4,187.8,188.5,6720000.0,198.17000000000002,191.1125,58.8162762022195,0.0173530885428027,BEARISH,RSI_NORMAL,LOW_VOLATILITY
2019-11-15,188.5,190.15,187.1,187.75,4560000.0,194.68,191.10250000000002,57.33496332518338,0.01651687567449044,BEARISH,RSI_NORMAL,LOW_VOLATILITY
2019-11-18,188.55,194.85,187.2,193.6,8870000.0,192.63000000000002,191.3425,62.392241379310356,0.017909383516334525,BULLISH,RSI_NORMAL,LOW_VOLATILITY
2019-11-19,193.6,194.0,190.65,192.35,3480000.0,191.07,191.58999999999997,58.85588558855884,0.017885792322809468,BULLISH,RSI_NORMAL,LOW_VOLATILITY
2019-11-20,193.0,193.85,190.25,190.75,4440000.0,190.58999999999997,191.83999999999997,54.02038505096264,0.017871426854439237,BEARISH,RSI_NORMAL,LOW_VOLATILITY
2019-11-21,190.2,192.9,188.05,188.6,6340000.0,190.60999999999999,192.015,50.76754385964911,0.01806882052481001,BEARISH,RSI_NORMAL,LOW_VOLATILITY
2019-11-22,188.0,191.3,187.05,190.25,4640000.0,191.10999999999999,192.45999999999998,45.77294685990338,0.017417214471239725,BEARISH,RSI_NORMAL,LOW_VOLATILITY
2019-11-25,191.5,200.65,190.35,199.25,16930000.0,192.24,193.33499999999998,51.406926406926424,0.02008638568552341,BULLISH,RSI_NORMAL,LOW_VOLATILITY
2019-11-26,200.15,202.9,197.55,198.7,16160000.0,193.51,194.16500000000002,50.10845986984815,0.020148882093313104,BULLISH,RSI_NORMAL,LOW_VOLATILITY
2019-11-27,199.4,203.5,199.4,203.0,7250000.0,195.95999999999998,195.1,51.57894736842105,0.0204477764360883,BULLISH,RSI_NORMAL,LOW_VOLATILITY
2019-11-28,203.0,205.3,200.1,204.1,5420000.0,199.06,195.945,48.77505567928731,0.020293347797174774,BULLISH,RSI_NORMAL,LOW_VOLATILITY
2019-11-29,203.0,204.5,196.55,200.15,10210000.0,201.04000000000002,196.5575,46.10526315789475,0.020985569677119804,BULLISH,RSI_NORMAL,LOW_VOLATILITY
2019-12-02,200.0,202.55,198.45,200.8,5200000.0,201.35,196.91,50.73115860517436,0.019944460811428717,BULLISH,RSI_NORMAL,LOW_VOLATILITY
2019-12-03,200.1,200.5,194.6,196.0,5820000.0,200.81,196.8125,53.37278106508875,0.020177704366593028,BEARISH,RSI_NORMAL,LOW_VOLATILITY
2019-12-04,194.2,201.75,192.8,201.1,6570000.0,200.43,196.93749999999997,64.75409836065572,0.021013589026846205,BULLISH,RSI_NORMAL,LOW_VOLATILITY
2019-12-05,199.05,201.45,197.25,198.55,4440000.0,199.32,196.79000000000002,62.13483146067417,0.020958247236007595,BULLISH,RSI_NORMAL,LOW_VOLATILITY
2019-12-06,199.0,200.7,195.65,197.95,3820000.0,198.88000000000002,196.42749999999998,55.541401273885334,0.02048381349552379,BULLISH,RSI_NORMAL,LOW_VOLATILITY
2019-12-09,198.65,202.25,197.1,198.85,5740000.0,198.49,196.1775,58.35475578406169,0.02049252473840763,BULLISH,RSI_NORMAL,LOW_VOLATILITY
2019-12-10,198.7,200.6,197.7,199.1,4880000.0,199.10999999999999,196.125,61.11850865512648,0.02009544231655972,BULLISH,RSI_NORMAL,LOW_VOLATILITY
2019-12-11,200.0,200.0,194.7,196.6,4760000.0,198.20999999999998,196.29749999999999,60.55408970976253,0.01861709981019952,BULLISH,RSI_NORMAL,LOW_VOLATILITY
2019-12-12,197.3,204.25,197.3,201.45,10620000.0,198.79000000000002,196.945,63.62530413625302,0.018343676661757843,BULLISH,RSI_NORMAL,LOW_VOLATILITY
2019-12-13,207.0,209.0,205.3,208.25,14250000.0,200.85,197.96999999999997,61.568123393316185,0.019443116688647767,BULLISH,RSI_NORMAL,LOW_VOLATILITY
2019-12-16,210.0,211.65,206.2,206.65,8780000.0,202.41000000000003,198.6225,59.949937421777236,0.01865581080548025,BULLISH,RSI_NORMAL,LOW_VOLATILITY
2019-12-17,207.9,214.8,206.8,213.7,16629999.999999998,205.33,199.69,62.52927400468383,0.019700768540551413,BULLISH,RSI_NORMAL,LOW_VOLATILITY
2019-12-18,214.55,215.5,212.2,213.65,11720000.0,208.74,200.83499999999998,61.46458583433375,0.019484973246078847,BULLISH,RSI_NORMAL,LOW_VOLATILITY
2019-12-19,212.4,217.25,211.15,216.3,6850000.0,211.70999999999998,202.22,70.01239157372987,0.019104677151794713,BULLISH,RSI_HIGH,LOW_VOLATILITY
2019-12-20,216.3,218.1,214.8,215.5,8180000.0,213.16,203.48250000000002,68.14814814814814,0.019248520186078876,BULLISH,RSI_NORMAL,LOW_VOLATILITY
2019-12-23,216.8,219.35,213.35,215.15,10300000.0,214.85999999999999,204.2775,76.5603328710125,0.016722754333010927,BULLISH,RSI_HIGH,LOW_VOLATILITY
2019-12-24,218.25,218.3,215.15,216.25,7780000.0,215.37000000000003,205.15499999999997,73.63494539781593,0.016648287114321775,BULLISH,RSI_HIGH,LOW_VOLATILITY
2019-12-26,216.75,217.6,214.3,215.0,7440000.0,215.64000000000001,205.75499999999997,76.74796747967477,0.0162762154699739,BULLISH,RSI_HIGH,LOW_VOLATILITY
2019-12-27,216.1,217.15,214.4,215.45,5250000.0,215.46999999999997,206.3225,78.5947712418301,0.01626719580691206,BULLISH,RSI_HIGH,LOW_VOLATILITY
2019-12-30,216.3,219.0,211.15,217.95,11350000.0,215.95999999999998,207.2125,79.65838509316774,0.015499595459438596,BULLISH,RSI_HIGH,LOW_VOLATILITY
2019-12-31,217.0,219.4,215.5,216.15,9430000.0,216.16,207.98000000000002,75.25925925925932,0.015755360392323666,BULLISH,RSI_HIGH,LOW_VOLATILITY
2020-01-01,216.15,217.45,213.2,214.3,5090000.0,215.76999999999998,208.89499999999998,76.737160120846,0.014671173024182261,BULLISH,RSI_HIGH,LOW_VOLATILITY
2020-01-02,216.0,221.2,216.0,220.15,15240000.0,216.8,209.8475,77.41935483870975,0.014771917207232728,BULLISH,RSI_HIGH,LOW_VOLATILITY
2020-01-03,219.3,219.95,216.05,216.45,8660000.0,217.0,210.7425,63.22580645161291,0.015052685306908512,BULLISH,RSI_NORMAL,LOW_VOLATILITY
2020-01-06,215.0,215.65,208.05,209.3,7800000.0,215.27000000000004,211.31,53.625170998632015,0.017180305007972206,BEARISH,RSI_NORMAL,LOW_VOLATILITY
2020-01-07,210.55,213.2,207.7,208.85,12770000.0,213.81,211.81,41.90317195325542,0.01721238825651767,BEARISH,RSI_NORMAL,LOW_VOLATILITY
2020-01-08,206.0,208.65,204.5,207.4,12470000.0,212.43,212.225,40.03189792663476,0.017343127909280352,BEARISH,RSI_NORMAL,LOW_VOLATILITY
2020-01-09,211.5,211.95,208.9,210.75,8680000.0,210.55,212.93249999999998,41.34165366614661,0.017246498639970218,BEARISH,RSI_NORMAL,LOW_VOLATILITY
2020-01-10,212.3,214.2,210.2,211.5,7800000.0,209.56,213.435,43.74999999999999,0.016521289971978294,BEARISH,RSI_NORMAL,LOW_VOLATILITY
2020-01-13,212.8,213.0,209.5,211.2,6610000.0,209.94,213.58250000000004,43.818466353677586,0.014809958221222858,BEARISH,RSI_NORMAL,LOW_VOLATILITY
2020-01-14,212.5,214.75,210.8,211.95,7980000.0,210.56,213.8475,43.19620253164554,0.014683486690729981,BEARISH,RSI_NORMAL,LOW_VOLATILITY
2020-01-15,211.1,215.0,210.0,213.65,9560000.0,211.81,213.84499999999997,47.89391575663028,0.012637360164133308,BEARISH,RSI_NORMAL,LOW_VOLATILITY
2020-01-16,214.0,214.75,209.0,209.65,6990000.0,211.59,213.64500000000004,41.85393258426968,0.013318195034733037,BEARISH,RSI_NORMAL,LOW_VOLATILITY
2020-01-17,209.5,212.0,208.15,210.05,8680000.0,211.3,213.33249999999998,38.208955223880636,0.012970302876043057,BEARISH,RSI_NORMAL,LOW_VOLATILITY
2020-01-20,210.1,210.8,206.75,207.3,3980000.0,210.51999999999998,212.92249999999999,37.155297532656036,0.013226056423626216,BEARISH,RSI_NORMAL,LOW_VOLATILITY
2020-01-21,206.0,208.5,204.65,205.15,4480000.0,209.16000000000003,212.42249999999999,36.834532374100725,0.013361971057456666,BEARISH,RSI_NORMAL,LOW_VOLATILITY
2020-01-22,205.6,207.8,203.0,203.6,6270000.0,207.15,211.79000000000002,22.824302134646985,0.01329257373953424,BEARISH,RSI_LOW,LOW_VOLATILITY
2020-01-23,203.6,205.35,202.75,204.6,5560000.0,206.14000000000001,211.26999999999998,28.648648648648688,0.01338637539404668,BEARISH,RSI_LOW,LOW_VOLATILITY
2020-01-24,204.5,207.7,202.25,205.4,5750000.0,205.20999999999998,210.7675,40.88785046728974,0.013424518881671113,BEARISH,RSI_NORMAL,LOW_VOLATILITY
2020-01-27,203.55,203.55,197.4,198.25,7940000.0,203.4,209.78249999999997,31.138790035587235,0.014832473722115387,BEARISH,RSI_NORMAL,LOW_VOLATILITY
2020-01-28,199.4,199.4,194.2,196.0,6310000.0,201.57,208.775,30.27681660899657,0.01488836655766262,BEARISH,RSI_NORMAL,LOW_VOLATILITY
2020-01-29,197.65,200.4,197.1,197.75,8980000.0,200.4,207.9475,26.190476190476247,0.015165377750024472,BEARISH,RSI_LOW,LOW_VOLATILITY
2020-01-30,197.3,197.75,192.7,193.45,8590000.0,198.17000000000002,206.6125,20.74554294975694,0.013754557046355616,BEARISH,RSI_LOW,LOW_VOLATILITY
2020-01-31,194.8,195.15,188.25,189.35,6010000.0,194.95999999999998,205.2575,18.470418470418522,0.013963461284225112,BEARISH,RSI_LOW,LOW_VOLATILITY
2020-02-01,187.6,189.85,182.85,184.4,3890000.0,192.19,204.0125,14.543114543114612,0.013347610477996283,BEARISH,RSI_LOW,LOW_VOLATILITY
2020-02-03,183.9,185.6,180.3,181.8,7680000.0,189.35,202.66,9.937106918239039,0.013422723756406463,BEARISH,RSI_LOW,LOW_VOLATILITY
2020-02-04,183.0,190.35,183.0,189.25,9240000.0,187.65,201.7525,26.3888888888889,0.017158118505970866,BEARISH,RSI_LOW,LOW_VOLATILITY
2020-02-05,190.1,197.55,188.3,196.3,7410000.0,188.22,201.03,36.20862587763291,0.019036111449356834,BEARISH,RSI_NORMAL,LOW_VOLATILITY
2020-02-06,196.4,197.35,192.65,194.0,7350000.0,189.15,200.155,36.53846153846153,0.019049754914570356,BEARISH,RSI_NORMAL,LOW_VOLATILITY
2020-02-07,194.0,198.4,192.85,197.4,6980000.0,191.75,199.465,42.34945705824285,0.019653497651836018,BEARISH,RSI_NORMAL,LOW_VOLATILITY
2020-02-10,195.9,196.95,189.6,190.85,5390000.0,193.56,198.41,38.544474393531,0.020679858972763168,BEARISH,RSI_NORMAL,LOW_VOLATILITY
2020-02-11,192.4,196.95,192.0,193.65,7530000.0,194.44,197.41000000000003,40.469973890339446,0.02095237816313455,BEARISH,RSI_NORMAL,LOW_VOLATILITY
2020-02-12,194.25,196.4,191.2,193.65,10580000.0,193.91000000000003,196.61,39.62930273609886,0.020709496592226897,BEARISH,RSI_NORMAL,LOW_VOLATILITY
2020-02-13,194.7,197.0,192.4,195.25,6710000.0,194.16000000000003,195.87,47.064579256360076,0.020849277351194708,BEARISH,RSI_NORMAL,LOW_VOLATILITY
2020-02-14,195.5,197.0,193.45,194.0,3800000.0,193.48000000000002,195.205,48.003992015968066,0.020739662267946886,BEARISH,RSI_NORMAL,LOW_VOLATILITY
2020-02-17,194.0,194.7,189.75,190.25,3480000.0,193.36,194.46,42.80230326295586,0.02099993512371006,BEARISH,RSI_NORMAL,LOW_VOLATILITY
2020-02-18,189.15,189.45,181.75,184.35,8150000.0,191.5,193.4975,41.5270018621974,0.02187205387066688,BEARISH,RSI_NORMAL,HIGH_VOLATILITY
2020-02-19,186.0,188.6,184.4,188.1,4320000.0,190.39,192.67249999999999,48.82849109653233,0.022493255609748367,BEARISH,RSI_NORMAL,HIGH_VOLATILITY
2020-02-20,187.8,191.0,185.4,189.95,6210000.0,189.32999999999998,191.9,55.52238805970148,0.022640840610014125,BEARISH,RSI_NORMAL,HIGH_VOLATILITY
2020-02-24,186.9,186.9,177.9,179.05,14690000.0,186.33999999999997,190.94,47.65157984628523,0.024740746759358254,BEARISH,RSI_NORMAL,HIGH_VOLATILITY
2020-02-25,181.0,181.45,174.05,174.45,10690000.0,183.18,189.8625,36.7145421903052,0.025145465432067738,BEARISH,RSI_NORMAL,HIGH_VOLATILITY
2020-02-26,172.95,173.2,167.75,169.9,16860000.0,180.29,188.47,25.187969924812037,0.02530590515765121,BEARISH,RSI_LOW,HIGH_VOLATILITY
2020-02-27,169.95,170.3,166.15,168.35,7660000.0,176.34,187.21499999999997,25.548141086749297,0.0250819470303335,BEARISH,RSI_LOW,HIGH_VOLATILITY
2020-02-28,162.0,162.2,154.1,155.9,14030000.0,169.53,185.5425,16.260162601626007,0.0291409154205339,BEARISH,RSI_LOW,HIGH_VOLATILITY
2020-03-02,160.55,161.45,146.85,149.75,11440000.0,163.67000000000002,183.81,16.366612111292966,0.029693239946949175,BEARISH,RSI_LOW,HIGH_VOLATILITY
2020-03-03,152.1,160.45,150.8,159.3,21840000.0,160.64000000000001,182.685,24.686809137803976,0.03392193997423395,BEARISH,RSI_LOW,HIGH_VOLATILITY
2020-03-04,160.0,161.7,156.9,160.6,12070000.0,158.78,181.2525,26.10267534345624,0.03228219347835028,BEARISH,RSI_LOW,HIGH_VOLATILITY
2020-03-05,162.7,167.9,154.85,155.5,12340000.0,156.20999999999998,179.2125,22.64280798348244,0.03088516537822834,BEARISH,RSI_LOW,HIGH_VOLATILITY
2020-03-06,148.95,151.45,140.0,150.1,11170000.0,155.05,177.01749999999998,21.41927083333333,0.031333663864227236,BEARISH,RSI_LOW,HIGH_VOLATILITY
2020-03-09,143.9,145.8,140.3,143.45,10550000.0,153.79000000000002,174.32,20.639899623588448,0.031288695893011496,BEARISH,RSI_LOW,HIGH_VOLATILITY
2020-03-11,142.0,142.35,137.1,137.8,9680000.0,149.49,171.6675,20.704845814977972,0.03150465636253445,BEARISH,RSI_LOW,HIGH_VOLATILITY
2020-03-12,130.0,130.0,118.15,120.2,15930000.0,141.41000000000003,167.995,13.61200428724544,0.03938826086734789,BEARISH,RSI_LOW,HIGH_VOLATILITY
2020-03-13,113.9,130.0,103.1,127.45,15370000.0,135.8,164.685,18.33839918946302,0.043336804155990165,BEARISH,RSI_LOW,HIGH_VOLATILITY
2020-03-16,120.8,129.05,114.45,115.65,20580000.0,128.91,160.70499999999998,18.172690763052216,0.0457043824393888,BEARISH,RSI_LOW,HIGH_VOLATILITY
2020-03-17,117.0,120.85,113.85,115.4,11620000.0,123.3,156.775,19.00262467191601,0.04580406366062716,BEARISH,RSI_LOW,HIGH_VOLATILITY
2020-03-18,119.0,119.0,108.15,109.2,12110000.0,117.58,152.7225,18.679050567595453,0.04623897921921713,BEARISH,RSI_LOW,HIGH_VOLATILITY
2020-03-19,103.0,107.9,97.55,99.75,11570000.0,113.49000000000001,148.4925,17.270992366412216,0.048161795766724455,BEARISH,RSI_LOW,HIGH_VOLATILITY
2020-03-20,101.2,107.7,98.7,105.5,13930000.0,109.1,144.3625,24.31192660550458,0.05082617040002223,BEARISH,RSI_LOW,HIGH_VOLATILITY
2020-03-23,94.95,99.95,84.9,87.9,14590000.0,103.55,139.26000000000002,21.770880876312177,0.058772772547847664,BEARISH,RSI_LOW,HIGH_VOLATILITY
2020-03-24,89.05,94.8,85.0,88.75,16850000.0,98.22,134.745,15.02231036192363,0.05940246588845432,BEARISH,RSI_LOW,HIGH_VOLATILITY
2020-03-25,88.95,97.2,88.05,94.55,7880000.0,95.28999999999999,130.75,18.65211200759373,0.06332841760330973,BEARISH,RSI_LOW,HIGH_VOLATILITY
2020-03-26,97.5,97.6,92.25,94.55,11010000.0,94.25,126.9825,19.600997506234407,0.06364147569464997,BEARISH,RSI_LOW,HIGH_VOLATILITY
2020-03-27,97.5,99.3,90.3,91.55,9160000.0,91.46,123.14250000000001,20.081757792539605,0.06351036129099255,BEARISH,RSI_LOW,HIGH_VOLATILITY
2020-03-30,88.1,91.45,86.55,88.8,9970000.0,91.64,119.7875,20.915380521554013,0.06259037958636189,BEARISH,RSI_LOW,HIGH_VOLATILITY
2020-03-31,91.95,97.25,91.0,95.7,15560000.0,93.03,117.08500000000001,27.888655462184857,0.06659944084460287,BEARISH,RSI_LOW,HIGH_VOLATILITY
2020-04-01,94.95,95.4,91.0,91.65,9270000.0,92.45,113.70250000000001,32.516840171463556,0.06374438896019168,BEARISH,RSI_NORMAL,HIGH_VOLATILITY
2020-04-03,92.1,93.45,88.4,88.8,8220000.000000001,91.3,110.1125,24.983818770226534,0.06326408976447406,BEARISH,RSI_LOW,HIGH_VOLATILITY
2020-04-07,92.15,106.55,90.0,103.95,23640000.0,93.78,107.535,42.74193548387096,0.07715634367395376,BEARISH,RSI_NORMAL,HIGH_VOLATILITY
2020-04-08,99.5,111.8,98.9,100.85,24230000.0,96.19000000000001,105.07250000000002,41.282204913121625,0.07710512544352317,BEARISH,RSI_NORMAL,HIGH_VOLATILITY
2020-04-09,105.0,109.0,101.85,107.55,14940000.0,98.55999999999999,103.2775,49.01727218582489,0.07898299045884108,BULLISH,RSI_NORMAL,HIGH_VOLATILITY
2020-04-13,109.0,114.35,105.1,113.8,23260000.0,102.99000000000001,102.0775,58.699690402476776,0.08015906572862169,BULLISH,RSI_NORMAL,HIGH_VOLATILITY
2020-04-15,120.0,124.0,113.8,115.1,45560000.0,108.25,101.8225,56.29095674967234,0.07494729370555196,BULLISH,RSI_NORMAL,HIGH_VOLATILITY
2020-04-16,118.9,121.9,114.45,120.55,18970000.0,111.57000000000001,101.47749999999999,75.44816835541698,0.07445731589415097,BULLISH,RSI_HIGH,HIGH_VOLATILITY
2020-04-17,124.0,125.7,119.1,124.15,14580000.0,116.22999999999999,101.9025,76.457399103139,0.07142724422983894,BULLISH,RSI_HIGH,HIGH_VOLATILITY
2020-04-20,125.0,125.15,115.75,116.45,18340000.0,118.00999999999999,101.95500000000001,65.9156976744186,0.07302335161574955,BULLISH,RSI_NORMAL,HIGH_VOLATILITY
2020-04-21,113.65,113.7,105.8,107.1,22940000.0,116.67,101.85,58.029430582213685,0.07433930530596343,BULLISH,RSI_NORMAL,HIGH_VOLATILITY
2020-04-22,106.5,108.75,102.75,108.3,14420000.0,115.30999999999999,102.2775,60.969220694171575,0.07138923347012353,BULLISH,RSI_NORMAL,HIGH_VOLATILITY
2020-04-23,109.0,113.3,108.35,111.25,16550000.0,113.45,102.56500000000001,64.66361854996734,0.07056311668781155,BULLISH,RSI_NORMAL,HIGH_VOLATILITY
2020-04-24,109.95,109.95,102.85,103.65,16900000.0,109.35,103.35249999999999,55.14563106796116,0.06068121102306825,BULLISH,RSI_NORMAL,HIGH_VOLATILITY
2020-04-27,106.4,109.7,105.3,108.2,18660000.0,107.7,104.325,60.64308681672025,0.06115323808357646,BULLISH,RSI_NORMAL,HIGH_VOLATILITY
2020-04-28,109.2,110.65,106.7,108.75,13490000.0,108.03,105.035,63.22067594433399,0.059839955199350627,BULLISH,RSI_NORMAL,HIGH_VOLATILITY
2020-04-29,109.0,117.65,108.3,116.3,35700000.0,109.63,106.12249999999999,59.100957995578476,0.061306572023558624,BULLISH,RSI_NORMAL,HIGH_VOLATILITY
2020-04-30,120.0,132.2,119.5,130.2,45990000.0,113.42,108.05499999999999,68.65861411315956,0.06483769173455682,BULLISH,RSI_NORMAL,HIGH_VOLATILITY
2020-05-04,121.4,123.0,114.6,115.9,22500000.0,115.87,109.41,54.84057971014494,0.07028525417908797,BULLISH,RSI_NORMAL,HIGH_VOLATILITY
2020-05-05,120.0,120.75,115.0,115.9,19410000.0,117.41,110.42,51.31250000000001,0.06881014373090563,BULLISH,RSI_NORMAL,HIGH_VOLATILITY
2020-05-06,116.0,120.7,115.5,118.6,15990000.0,119.38,111.7675,52.14987714987715,0.06764721956860868,BULLISH,RSI_NORMAL,HIGH_VOLATILITY
2020-05-07,117.0,122.0,116.7,117.65,16730000.0,119.65,113.21,48.1144343302991,0.06701135153158014,BULLISH,RSI_NORMAL,HIGH_VOLATILITY
2020-05-08,122.9,123.0,115.85,117.1,21600000.0,117.03,113.86749999999999,45.226811103588346,0.05638123190676737,BULLISH,RSI_NORMAL,HIGH_VOLATILITY
2020-05-11,118.95,121.4,117.55,119.75,13920000.0,117.8,114.8125,52.39825581395349,0.0557707088100117,BULLISH,RSI_NORMAL,HIGH_VOLATILITY
2020-05-12,118.9,122.25,116.4,121.1,13670000.0,118.84,115.48999999999998,61.51315789473685,0.054180246729786864,BULLISH,RSI_NORMAL,HIGH_VOLATILITY
2020-05-13,125.5,126.95,121.6,123.55,13920000.0,119.83,115.9775,62.28847703464948,0.05296099992605507,BULLISH,RSI_NORMAL,HIGH_VOLATILITY
2020-05-14,119.0,120.9,117.0,117.2,12780000.0,119.74000000000001,116.08249999999998,54.54545454545455,0.054431417748076125,BULLISH,RSI_NORMAL,HIGH_VOLATILITY
2020-05-15,118.4,120.9,117.4,119.25,12510000.0,120.16999999999999,116.0175,63.02170283806344,0.05353351336545851,BULLISH,RSI_NORMAL,HIGH_VOLATILITY
2020-05-18,120.55,121.0,114.3,115.35,14500000.0,119.28999999999999,115.57750000000001,56.0337552742616,0.05357576323299258,BEARISH,RSI_NORMAL,HIGH_VOLATILITY
2020-05-19,117.75,120.4,116.55,117.3,15920000.0,118.53,115.62,57.04863973619127,0.05182318137070223,BULLISH,RSI_NORMAL,HIGH_VOLATILITY
2020-05-20,117.3,121.95,116.25,120.8,8720000.0,117.97999999999999,116.30499999999999,53.975265017667844,0.04839592753040907,BULLISH,RSI_NORMAL,HIGH_VOLATILITY
2020-05-21,121.4,130.75,120.65,129.5,34330000.0,120.44000000000001,117.36500000000001,49.319066147859935,0.05052735688761085,BULLISH,RSI_NORMAL,HIGH_VOLATILITY
2020-05-22,126.5,126.5,123.6,124.85,17060000.0,121.55999999999999,118.045,60.71856287425148,0.05137218350663293,BULLISH,RSI_NORMAL,HIGH_VOLATILITY
2020-05-26,125.55,130.45,125.5,129.1,18790000.0,124.30999999999999,119.3175,64.3478260869565,0.048487715856944905,BULLISH,RSI_NORMAL,HIGH_VOLATILITY
2020-05-27,130.4,134.8,130.0,133.3,32420000.0,127.50999999999999,120.57250000000002,65.47368421052632,0.04816164904488666,BULLISH,RSI_NORMAL,HIGH_VOLATILITY
2020-05-28,134.4,139.4,133.6,138.4,21950000.0,131.03000000000003,122.05500000000002,70.08712487899321,0.048495991992195085,BULLISH,RSI_HIGH,HIGH_VOLATILITY
2020-05-29,135.95,141.15,134.6,138.85,19390000.0,132.9,123.1825,71.09602327837051,0.04668501143112544,BULLISH,RSI_HIGH,HIGH_VOLATILITY
2020-06-01,141.9,145.45,138.55,139.15,14500000.0,135.76000000000002,123.63000000000002,69.71544715447155,0.03891578681143726,BULLISH,RSI_NORMAL,HIGH_VOLATILITY
2020-06-02,140.9,143.5,138.85,141.15,12840000.0,138.17000000000002,124.8925,70.11033099297894,0.028224310562386543,BULLISH,RSI_HIGH,HIGH_VOLATILITY
2020-06-03,142.9,146.8,142.3,143.35,12470000.0,140.18,126.26500000000001,69.95967741935483,0.02814056547733536,BULLISH,RSI_NORMAL,HIGH_VOLATILITY
2020-06-04,143.3,144.65,138.35,142.65,11360000.0,141.03,127.4675,78.9533560864619,0.02820105569403282,BULLISH,RSI_HIGH,HIGH_VOLATILITY
2020-06-05,143.8,151.0,143.4,149.25,21830000.0,143.10999999999999,129.04749999999999,80.9278350515464,0.029011998209707703,BULLISH,RSI_HIGH,HIGH_VOLATILITY
2020-06-08,155.0,155.85,145.5,146.35,16210000.0,144.55,130.51000000000002,82.63157894736841,0.02964875645947859,BULLISH,RSI_HIGH,HIGH_VOLATILITY
2020-06-09,148.0,150.35,141.2,142.6,19220000.0,144.84,131.6525,75.65922920892496,0.030652579434697225,BULLISH,RSI_HIGH,HIGH_VOLATILITY
2020-06-10,143.9,148.0,141.8,146.95,17280000.0,145.56,132.945,76.07178464606181,0.031020018797249662,BULLISH,RSI_HIGH,HIGH_VOLATILITY
2020-06-11,145.9,147.45,142.45,144.4,12530000.0,145.91,133.9875,66.9318181818182,0.03151330618060855,BULLISH,RSI_NORMAL,HIGH_VOLATILITY
2020-06-12,138.0,146.85,136.2,146.05,15800000.0,145.27,135.43,75.85365853658541,0.02820778694043242,BULLISH,RSI_HIGH,HIGH_VOLATILITY
2020-06-15,149.05,152.35,143.75,145.8,34910000.0,145.16,136.7575,72.56756756756761,0.02831749587892677,BULLISH,RSI_HIGH,HIGH_VOLATILITY
2020-06-16,149.9,154.6,146.9,150.1,28480000.0,146.66000000000003,138.49499999999998,72.64150943396228,0.026694355250499884,BULLISH,RSI_HIGH,HIGH_VOLATILITY
2020-06-17,149.7,152.1,147.2,148.0,13570000.0,146.87,140.03,64.07624633431087,0.027377482173089954,BULLISH,RSI_NORMAL,HIGH_VOLATILITY
2020-06-18,148.45,151.4,147.3,150.8,9860000.0,148.15,141.53,66.39231824417013,0.02711151573811461,BULLISH,RSI_NORMAL,HIGH_VOLATILITY
2020-06-19,152.35,152.35,148.5,151.05,14630000.0,149.15,142.60750000000002,66.34615384615387,0.02311511836460417,BULLISH,RSI_NORMAL,HIGH_VOLATILITY
2020-06-22,150.9,151.45,149.0,150.1,8039999.999999999,150.01000000000002,143.87,62.65912305516265,0.021008268688947906,BULLISH,RSI_NORMAL,LOW_VOLATILITY
2020-06-23,152.9,159.5,150.6,158.35,22570000.0,151.66,145.3325,68.11594202898551,0.022745813999365844,BULLISH,RSI_NORMAL,HIGH_VOLATILITY
2020-06-24,159.4,160.1,150.45,151.4,15920000.0,152.34,146.2375,59.18153200419727,0.025143530508051005,BULLISH,RSI_NORMAL,HIGH_VOLATILITY
2020-06-25,149.0,152.3,144.6,146.6,18500000.0,151.5,146.64749999999998,47.110141766630306,0.025385139058070647,BEARISH,RSI_NORMAL,HIGH_VOLATILITY
2020-06-26,149.0,152.0,148.2,151.05,12110000.0,151.5,147.2575,54.95780590717301,0.026102115030158867,BULLISH,RSI_NORMAL,HIGH_VOLATILITY
2020-06-29,149.45,149.45,143.3,145.85,13110000.0,150.65,147.5925,53.3265097236438,0.027521218692677932,BEARISH,RSI_NORMAL,HIGH_VOLATILITY
2020-06-30,148.0,151.6,145.2,146.2,14660000.0,148.22,147.845,49.163879598662206,0.027384097770666697,BEARISH,RSI_NORMAL,HIGH_VOLATILITY
2020-07-01,147.5,148.85,144.5,147.55,8260000.0,147.45,148.055,53.60824742268042,0.027256148763933303,BEARISH,RSI_NORMAL,HIGH_VOLATILITY
2020-07-02,148.9,150.3,146.75,147.75,9520000.0,147.68,148.31,52.014218009478654,0.027211349732221526,BEARISH,RSI_NORMAL,HIGH_VOLATILITY
2020-07-03,148.6,149.45,144.55,146.4,10780000.0,146.75,148.16750000000002,50.69284064665127,0.025226990143957222,BEARISH,RSI_NORMAL,HIGH_VOLATILITY
2020-07-06,147.8,155.15,147.1,154.35,24250000.0,148.45,148.5675,54.52609158679445,0.027614611115183433,BULLISH,RSI_NORMAL,HIGH_VOLATILITY
2020-07-07,155.0,156.9,151.8,152.3,13160000.0,149.67000000000002,149.05249999999998,54.584221748400864,0.027073325608837222,BULLISH,RSI_NORMAL,HIGH_VOLATILITY
2020-07-08,152.75,158.0,152.4,155.0,18310000.0,151.16,149.45499999999998,54.487179487179475,0.026551797531318394,BULLISH,RSI_NORMAL,HIGH_VOLATILITY
2020-07-09,157.0,166.45,156.9,164.8,45180000.0,154.57,150.475,62.200532386867785,0.029274392053785948,BULLISH,RSI_NORMAL,HIGH_VOLATILITY
2020-07-10,163.7,164.5,160.35,163.7,16260000.000000002,158.03,151.3575,62.03539823008848,0.029410857619560353,BULLISH,RSI_NORMAL,HIGH_VOLATILITY
2020-07-13,165.3,170.5,164.1,169.25,21890000.0,161.01,152.53,60.13011152416357,0.029983923291095588,BULLISH,RSI_NORMAL,HIGH_VOLATILITY
2020-07-14,167.7,168.7,161.95,163.8,16399999.999999998,163.31,153.215,61.85468451242829,0.030808499277500442,BULLISH,RSI_NORMAL,HIGH_VOLATILITY
2020-07-15,166.35,168.5,164.5,165.4,11230000.0,165.39000000000001,154.085,69.14460285132384,0.030501429110580052,BULLISH,RSI_NORMAL,HIGH_VOLATILITY
2020-07-16,164.9,166.8,161.05,166.05,12770000.0,165.64000000000001,154.8475,66.55629139072848,0.030351340430186082,BULLISH,RSI_NORMAL,HIGH_VOLATILITY
2020-07-17,166.5,169.1,161.15,162.15,14370000.0,165.33,155.40249999999997,68.52272727272728,0.031021826022261056,BULLISH,RSI_NORMAL,HIGH_VOLATILITY
2020-07-20,162.2,162.95,159.65,160.9,14070000.0,163.66000000000003,155.9425,66.36971046770603,0.03104822971822306,BULLISH,RSI_NORMAL,HIGH_VOLATILITY
2020-07-21,162.85,163.0,157.55,160.0,13100000.0,162.9,156.025,64.0044994375703,0.028671583681878512,BULLISH,RSI_NORMAL,HIGH_VOLATILITY
2020-07-22,160.55,163.9,157.4,159.9,17460000.0,161.8,156.45,63.6978579481398,0.026676703571873673,BULLISH,RSI_NORMAL,HIGH_VOLATILITY
2020-07-23,160.7,162.45,159.7,162.0,8260000.0,160.99,157.22,67.29490022172948,0.025456832357932137,BULLISH,RSI_NORMAL,HIGH_VOLATILITY
2020-07-24,159.95,160.95,154.3,156.2,15790000.0,159.8,157.4775,52.153667054714774,0.02631501922235466,BEARISH,RSI_NORMAL,HIGH_VOLATILITY
2020-07-27,157.0,159.8,154.6,158.2,12750000.0,159.26,158.095,56.87645687645684,0.02495815529250601,BULLISH,RSI_NORMAL,HIGH_VOLATILITY
2020-07-28,158.55,165.25,158.55,164.7,15540000.0,160.2,159.02,60.38543897216272,0.02626304700360366,BULLISH,RSI_NORMAL,HIGH_VOLATILITY
2020-07-29,164.3,168.5,163.3,164.05,15850000.0,161.03,159.845,49.00133155792277,0.026350723950733533,BULLISH,RSI_NORMAL,HIGH_VOLATILITY
2020-07-30,164.95,165.7,160.0,162.0,8980000.0,161.03,160.5575,47.79220779220781,0.026649574815341717,BULLISH,RSI_NORMAL,HIGH_VOLATILITY
2020-07-31,161.9,164.5,159.6,163.1,9870000.0,162.41,161.39249999999998,40.9691629955947,0.026443750207440594,BULLISH,RSI_NORMAL,HIGH_VOLATILITY
2020-08-03,163.1,167.5,160.75,161.35,16530000.000000002,163.04000000000002,161.7425,45.96375617792419,0.024048116902963435,BEARISH,RSI_NORMAL,HIGH_VOLATILITY
2020-08-04,162.0,164.6,160.75,162.35,13650000.0,162.57,162.245,44.87394957983191,0.023768527761009687,BULLISH,RSI_NORMAL,HIGH_VOLATILITY
2020-08-05,163.9,177.4,163.5,175.75,47890000.0,164.91,163.2825,61.41176470588234,0.0295340490601328,BULLISH,RSI_NORMAL,HIGH_VOLATILITY
2020-08-06,178.0,178.9,174.2,178.0,23200000.0,168.10999999999999,163.9425,69.40024479804161,0.026446024734615884,BULLISH,RSI_NORMAL,HIGH_VOLATILITY
2020-08-07,176.45,179.0,175.35,177.6,10120000.0,171.01,164.6375,70.87499999999999,0.026368757195142322,BULLISH,RSI_HIGH,HIGH_VOLATILITY
2020-08-10,176.9,179.0,174.4,178.6,9380000.0,174.45999999999998,165.10500000000002,73.19201995012469,0.02544585203098864,BULLISH,RSI_HIGH,HIGH_VOLATILITY
2020-08-11,180.0,186.6,178.0,178.95,30410000.0,177.78000000000003,165.8625,73.60594795539032,0.02406843662593678,BULLISH,RSI_HIGH,HIGH_VOLATILITY
2020-08-12,177.35,177.35,172.7,175.8,17440000.0,177.79000000000002,166.3825,66.66666666666669,0.024538671746957424,BULLISH,RSI_NORMAL,HIGH_VOLATILITY
2020-08-13,178.0,184.6,178.0,183.55,26530000.0,178.9,167.2575,81.54555940023073,0.02617810731748844,BULLISH,RSI_HIGH,HIGH_VOLATILITY
2020-08-14,184.35,189.45,180.6,184.95,28520000.0,180.37,168.3975,81.28654970760238,0.02528411980180178,BULLISH,RSI_HIGH,HIGH_VOLATILITY
2020-08-17,185.15,193.45,184.25,192.55,25970000.0,183.16,169.98,81.75598631698979,0.026140846771833145,BULLISH,RSI_HIGH,HIGH_VOLATILITY
2020-08-18,193.2,197.25,192.05,196.0,20400000.0,186.57,171.78,84.2443729903537,0.025962203950453854,BULLISH,RSI_HIGH,HIGH_VOLATILITY
2020-08-19,196.85,197.65,194.3,196.8,16329999.999999998,190.77,173.625,88.32599118942734,0.02587714502920239,BULLISH,RSI_HIGH,HIGH_VOLATILITY
2020-08-20,193.05,202.35,192.45,199.0,28490000.0,193.85999999999999,175.475,88.60215053763444,0.025871345500168817,BULLISH,RSI_HIGH,HIGH_VOLATILITY
2020-08-21,201.75,203.15,195.35,196.25,18330000.0,196.12,177.47750000000002,86.73684210526318,0.02420745753297151,BULLISH,RSI_HIGH,HIGH_VOLATILITY
2020-08-24,197.45,197.8,192.45,193.3,10630000.0,196.26999999999998,179.2325,81.29423660262896,0.024932850273457777,BULLISH,RSI_HIGH,HIGH_VOLATILITY
2020-08-25,195.4,196.4,190.05,191.3,13440000.0,195.32999999999998,180.5625,70.43363994743763,0.02423913674331817,BULLISH,RSI_HIGH,HIGH_VOLATILITY
2020-08-26,192.0,195.0,191.25,193.5,8430000.0,194.67000000000002,182.035,70.39473684210529,0.024091332108786532,BULLISH,RSI_HIGH,HIGH_VOLATILITY
2020-08-27,193.5,195.65,192.6,194.9,7660000.0,193.85,183.68,72.17948717948723,0.023582468501580335,BULLISH,RSI_HIGH,HIGH_VOLATILITY
2020-08-28,195.1,196.15,193.0,193.8,8150000.0,193.36,185.215,69.43734015345274,0.02382154623330181,BULLISH,RSI_NORMAL,HIGH_VOLATILITY
2020-08-31,195.0,197.0,184.25,185.25,17660000.0,191.75,186.41000000000003,56.659619450317145,0.02631097667988619,BEARISH,RSI_NORMAL,HIGH_VOLATILITY
2020-09-01,185.2,195.45,185.0,194.05,24330000.0,192.3,187.995,67.233238904627,0.0278027376903708,BULLISH,RSI_NORMAL,HIGH_VOLATILITY
2020-09-02,194.0,196.9,192.55,196.2,11180000.0,192.84,189.0175,63.35797254487856,0.021852837446713548,BULLISH,RSI_NORMAL,HIGH_VOLATILITY
2020-09-03,196.15,196.15,191.55,192.0,11310000.0,192.26000000000002,189.71750000000003,57.02891326021936,0.02259742182447358,BULLISH,RSI_NORMAL,HIGH_VOLATILITY
2020-09-04,188.05,194.0,184.85,188.3,16810000.0,191.16,190.2525,45.4054054054054,0.023160070593294967,BEARISH,RSI_NORMAL,HIGH_VOLATILITY
2020-09-07,188.3,191.5,186.6,187.5,6840000.0,191.60999999999999,190.6975,40.252293577981646,0.023210406707707822,BEARISH,RSI_NORMAL,HIGH_VOLATILITY
2020-09-08,188.2,188.2,179.55,180.25,9200000.0,188.85,190.7625,33.466533466533434,0.024987299528948112,BEARISH,RSI_NORMAL,HIGH_VOLATILITY
2020-09-09,177.35,183.8,171.75,182.8,22610000.0,186.17000000000002,191.1125,33.92857142857143,0.02477380054460775,BEARISH,RSI_NORMAL,HIGH_VOLATILITY
2020-09-10,185.0,185.3,173.35,176.65,19160000.0,183.1,190.7675,31.78438661710038,0.023947773451095656,BEARISH,RSI_NORMAL,HIGH_VOLATILITY
2020-09-11,178.7,180.0,174.8,178.65,15780000.0,181.17000000000002,190.4525,36.140018921475864,0.024037115806166468,BEARISH,RSI_NORMAL,HIGH_VOLATILITY
2020-09-14,179.0,180.5,174.6,175.8,11610000.0,178.83,189.615,35.5679702048417,0.022022572755197527,BEARISH,RSI_NORMAL,HIGH_VOLATILITY
2020-09-15,177.4,179.35,174.5,176.75,10730000.0,178.13000000000002,188.6525,34.03241182078169,0.02153011737041569,BEARISH,RSI_NORMAL,LOW_VOLATILITY
2020-09-16,177.1,184.6,175.45,183.8,14450000.0,178.32999999999998,188.0025,40.44750430292599,0.023698721342247347,BEARISH,RSI_NORMAL,HIGH_VOLATILITY
2020-09-17,182.7,182.7,175.35,175.85,18640000.0,178.17000000000002,186.845,36.18167821401077,0.025054028732034005,BEARISH,RSI_NORMAL,HIGH_VOLATILITY
2020-09-18,177.45,182.2,176.55,179.5,28530000.0,178.34,186.0075,45.21232306411324,0.02566189000869454,BEARISH,RSI_NORMAL,HIGH_VOLATILITY
2020-09-21,179.4,180.7,163.1,167.15,26160000.0,176.60999999999999,184.70000000000002,28.852201257861623,0.029406771334962816,BEARISH,RSI_LOW,HIGH_VOLATILITY
2020-09-22,168.0,168.95,160.8,163.45,18470000.0,173.95,183.3075,24.865694551036086,0.02959858948940571,BEARISH,RSI_LOW,HIGH_VOLATILITY
2020-09-23,165.5,167.45,162.3,165.45,17260000.0,170.28,181.905,28.911834789515495,0.029623788355652964,BEARISH,RSI_LOW,HIGH_VOLATILITY
2020-09-24,158.0,162.3,154.4,159.1,19290000.0,166.93,180.115,27.743902439024396,0.030190017581787056,BEARISH,RSI_LOW,HIGH_VOLATILITY
2020-09-25,161.95,164.85,157.65,162.05,20240000.0,163.44,178.52749999999997,31.217712177121797,0.030836786415857485,BEARISH,RSI_NORMAL,HIGH_VOLATILITY
2020-09-28,163.95,168.7,162.1,167.7,12410000.0,163.55,177.65,40.51398337112622,0.03108512108706706,BEARISH,RSI_NORMAL,HIGH_VOLATILITY
2020-09-29,169.45,177.3,168.1,176.4,36630000.0,166.14,176.76749999999998,45.57399723374827,0.03148318614330819,BEARISH,RSI_NORMAL,HIGH_VOLATILITY
2020-09-30,177.5,177.7,172.7,175.25,15630000.0,168.1,175.71999999999997,48.95988112927191,0.03127649489019308,BEARISH,RSI_NORMAL,HIGH_VOLATILITY
2020-10-01,177.2,179.25,173.5,174.1,12660000.0,171.1,174.825,46.57637321294205,0.03104599086105533,BEARISH,RSI_NORMAL,HIGH_VOLATILITY
2020-10-05,175.0,179.9,172.8,179.05,13650000.0,174.5,174.3625,52.370532458059806,0.03167111415763154,BULLISH,RSI_NORMAL,HIGH_VOLATILITY
2020-10-06,180.6,182.4,175.6,176.9,13190000.0,176.34,173.8325,50.10752688172043,0.03174709364041791,BULLISH,RSI_NORMAL,HIGH_VOLATILITY
2020-10-07,176.9,177.95,170.8,172.85,11850000.0,175.63000000000002,173.4625,41.79775280898876,0.030986162939409333,BEARISH,RSI_NORMAL,HIGH_VOLATILITY
2020-10-08,172.85,176.45,171.55,174.25,11210000.0,175.43,173.035,48.671096345514954,0.03085328154285359,BULLISH,RSI_NORMAL,HIGH_VOLATILITY
2020-10-09,177.0,181.45,169.25,170.0,30470000.0,174.60999999999999,172.7025,42.1875,0.03041912542322825,BEARISH,RSI_NORMAL,HIGH_VOLATILITY
2020-10-12,174.0,175.0,169.7,172.15,16790000.0,173.23000000000002,172.3775,54.94071146245059,0.03044989285119205,BEARISH,RSI_NORMAL,HIGH_VOLATILITY
2020-10-13,170.45,174.9,169.75,173.25,9710000.0,172.5,172.25,60.208333333333336,0.030297639146114955,BULLISH,RSI_NORMAL,HIGH_VOLATILITY
2020-10-14,173.0,175.0,171.05,174.2,10700000.0,172.77,172.1225,59.31842385516506,0.030298431124837457,BULLISH,RSI_NORMAL,HIGH_VOLATILITY
2020-10-15,174.9,178.25,171.7,173.65,19810000.0,172.65,171.61499999999998,67.67922235722965,0.028785608636736883,BULLISH,RSI_NORMAL,HIGH_VOLATILITY
2020-10-16,174.1,180.55,172.35,179.8,15550000.0,174.60999999999999,171.8125,70.01127395715895,0.02828547173184482,BULLISH,RSI_HIGH,HIGH_VOLATILITY
2020-10-19,181.0,183.85,177.7,182.7,17100000.0,176.71999999999997,171.9725,68.02884615384615,0.028138168990835464,BULLISH,RSI_NORMAL,HIGH_VOLATILITY
2020-10-20,181.8,183.15,179.3,180.8,10430000.0,178.23,172.655,56.32183908045978,0.02305560038179719,BULLISH,RSI_NORMAL,HIGH_VOLATILITY
2020-10-21,181.1,187.5,181.0,185.95,24290000.0,180.58,173.78,63.78865979381443,0.02279121952304831,BULLISH,RSI_NORMAL,HIGH_VOLATILITY
2020-10-22,184.9,187.7,182.1,184.45,17450000.0,182.73999999999998,174.73000000000002,63.21839080459771,0.0229836829309209,BULLISH,RSI_NORMAL,HIGH_VOLATILITY
2020-10-23,185.6,186.6,181.65,182.25,9730000.0,183.23,175.8875,54.39560439560439,0.020988022778998323,BULLISH,RSI_NORMAL,LOW_VOLATILITY
2020-10-26,182.3,182.9,169.6,172.4,15620000.0,181.17000000000002,176.405,44.89795918367346,0.02481795096767102,BEARISH,RSI_NORMAL,HIGH_VOLATILITY
2020-10-27,172.9,175.4,171.05,174.45,15440000.0,179.9,176.7425,51.90023752969121,0.02379513092410172,BEARISH,RSI_NORMAL,HIGH_VOLATILITY
2020-10-28,174.45,177.1,169.25,170.45,14430000.0,176.79999999999998,176.445,45.749440715883644,0.021334756601028338,BEARISH,RSI_NORMAL,LOW_VOLATILITY
2020-10-29,168.5,170.5,165.3,167.9,12270000.0,173.49,176.07750000000001,47.558139534883715,0.021522023206159396,BEARISH,RSI_NORMAL,LOW_VOLATILITY
2020-10-30,168.2,171.95,166.9,170.65,12960000.0,171.17000000000002,175.905,48.27981651376146,0.02187002863531604,BEARISH,RSI_NORMAL,HIGH_VOLATILITY
2020-11-02,171.5,172.5,167.65,170.75,11080000.0,170.84,175.49,47.065727699530505,0.020771819920435166,BEARISH,RSI_NORMAL,LOW_VOLATILITY
2020-11-03,172.45,180.4,171.85,179.75,22510000.0,171.9,175.6325,55.47877591312935,0.023954518167800937,BULLISH,RSI_NORMAL,HIGH_VOLATILITY
2020-11-04,177.0,181.2,174.1,176.5,11620000.0,173.11,175.815,52.67104029990628,0.023724118216669574,BULLISH,RSI_NORMAL,HIGH_VOLATILITY
2020-11-05,178.9,187.95,178.1,187.35,23730000.0,177.0,176.47,56.50301464254953,0.0272653697859949,BULLISH,RSI_NORMAL,HIGH_VOLATILITY
2020-11-06,186.0,190.35,185.4,188.15,14040000.0,180.5,177.3775,54.87042001787312,0.026436285056412243,BULLISH,RSI_NORMAL,HIGH_VOLATILITY
2020-11-09,189.85,195.75,189.3,194.7,14670000.0,185.29,178.505,61.46864686468647,0.02720878600047477,BULLISH,RSI_NORMAL,HIGH_VOLATILITY
2020-11-10,198.05,200.65,190.1,192.35,23540000.0,187.81,179.45999999999998,55.53633217993082,0.027524794828034833,BULLISH,RSI_NORMAL,HIGH_VOLATILITY
2020-11-11,192.5,208.25,192.1,204.05,42960000.0,193.32,180.95250000000001,64.41176470588238,0.03016753134827687,BULLISH,RSI_NORMAL,HIGH_VOLATILITY
2020-11-12,205.05,211.4,204.25,208.6,40810000.0,197.57,182.7,68.72778962331202,0.030192713098989108,BULLISH,RSI_NORMAL,HIGH_VOLATILITY
2020-11-13,206.0,211.05,204.3,210.55,15130000.0,202.05,184.2375,80.54443554843877,0.02957780711647512,BULLISH,RSI_HIGH,HIGH_VOLATILITY
2020-11-17,210.3,216.0,210.1,213.55,22280000.0,205.82000000000002,185.78,80.83596214511044,0.029554709546946584,BULLISH,RSI_HIGH,HIGH_VOLATILITY
2020-11-18,212.45,220.25,210.55,219.35,16610000.0,211.21999999999997,187.7075,87.50000000000003,0.029501077805414323,BULLISH,RSI_HIGH,HIGH_VOLATILITY
2020-11-19,217.45,227.25,212.7,213.85,28580000.0,213.18,189.10250000000002,83.71239911958915,0.030169633359914492,BULLISH,RSI_HIGH,HIGH_VOLATILITY
2020-11-20,214.55,220.0,212.1,215.55,17770000.0,214.57000000000002,190.65749999999997,83.45752608047691,0.029948051793955155,BULLISH,RSI_HIGH,HIGH_VOLATILITY
2020-11-23,217.0,221.95,215.55,218.05,22570000.0,216.07,192.4475,84.02877697841727,0.02957378400596989,BULLISH,RSI_HIGH,HIGH_VOLATILITY
2020-11-24,220.0,227.25,218.6,226.0,18540000.0,218.56,195.1275,83.78378378378379,0.0260679504062565,BULLISH,RSI_HIGH,HIGH_VOLATILITY
2020-11-25,226.0,230.0,222.0,223.45,18590000.0,219.38000000000002,197.5775,84.64944649446494,0.026672083386134773,BULLISH,RSI_HIGH,HIGH_VOLATILITY
2020-11-26,224.2,231.25,220.35,229.9,16360000.0,222.59,200.55,83.58326756116811,0.02551102763365167,BULLISH,RSI_HIGH,HIGH_VOLATILITY
2020-11-27,230.0,230.6,220.55,226.35,42580000.0,224.75,203.4725,78.89561270801813,0.02554134652568794,BULLISH,RSI_HIGH,HIGH_VOLATILITY
2020-12-01,230.8,231.5,222.5,229.3,16870000.0,227.0,206.40500000000003,77.67999999999999,0.025545222456154707,BULLISH,RSI_HIGH,HIGH_VOLATILITY
2020-12-02,229.35,236.9,228.55,231.85,20100000.0,228.17,209.45999999999998,81.49920255183412,0.025336118794530023,BULLISH,RSI_HIGH,HIGH_VOLATILITY
2020-12-03,234.6,243.15,233.1,242.0,28070000.0,231.88000000000002,212.5725,81.0302534750613,0.024720993611233297,BULLISH,RSI_HIGH,HIGH_VOLATILITY
2020-12-04,244.55,255.95,243.0,252.7,41980000.0,236.43999999999997,216.3825,82.7637444279346,0.02421786326365671,BULLISH,RSI_HIGH,HIGH_VOLATILITY
2020-12-07,252.3,253.95,248.5,251.25,17200000.0,241.42,219.57749999999996,80.46407185628742,0.022527542101322313,BULLISH,RSI_HIGH,HIGH_VOLATILITY
2020-12-08,251.85,253.0,244.45,245.7,14240000.0,244.7,222.455,73.17952415284785,0.023917698138655356,BULLISH,RSI_HIGH,HIGH_VOLATILITY
2020-12-09,246.5,248.05,239.95,241.0,14740000.0,246.53000000000003,224.76999999999998,65.86080586080587,0.024447235794677644,BULLISH,RSI_NORMAL,HIGH_VOLATILITY
2020-12-10,239.8,245.5,238.0,242.7,19670000.0,246.67,227.2875,72.38169123351435,0.023864311253083206,BULLISH,RSI_HIGH,HIGH_VOLATILITY
2020-12-11,244.25,248.0,240.95,243.65,12610000.0,244.85999999999999,229.2675,72.05651491365776,0.020945337605062158,BULLISH,RSI_HIGH,LOW_VOLATILITY
2020-12-14,245.95,248.15,244.05,246.35,10450000.0,243.88000000000002,231.15500000000003,72.14397496087635,0.02072272391031108,BULLISH,RSI_HIGH,LOW_VOLATILITY
2020-12-15,245.6,246.0,242.6,244.55,15450000.0,243.65,232.85500000000002,66.06060606060606,0.021021592939838785,BULLISH,RSI_NORMAL,LOW_VOLATILITY
2020-12-16,248.0,252.15,245.9,251.45,19220000.0,245.73999999999995,234.75,72.54428341384865,0.021476907350296608,BULLISH,RSI_HIGH,LOW_VOLATILITY
2020-12-17,251.9,254.9,244.45,245.85,13710000.0,246.36999999999998,236.075,63.02040816326531,0.022043472370515987,BULLISH,RSI_NORMAL,HIGH_VOLATILITY
2020-12-18,246.7,251.4,245.2,249.9,18870000.0,247.61999999999998,237.8775,69.0688259109312,0.020893866485856095,BULLISH,RSI_NORMAL,LOW_VOLATILITY
2020-12-21,246.0,249.75,228.65,232.3,16280000.000000002,244.81,238.71499999999997,51.96335078534032,0.02728239668512612,BEARISH,RSI_NORMAL,HIGH_VOLATILITY
2020-12-22,233.9,239.25,227.0,231.9,18340000.0,242.28000000000003,239.40749999999997,50.033670033670035,0.027252441504739683,BEARISH,RSI_NORMAL,HIGH_VOLATILITY
2020-12-23,231.35,237.9,227.5,236.2,13100000.0,239.23000000000002,239.91749999999996,45.76023391812865,0.026390750656645194,BEARISH,RSI_NORMAL,HIGH_VOLATILITY
2020-12-24,237.9,244.65,236.1,236.95,14540000.0,237.45,240.59249999999997,36.52694610778441,0.026189302344093272,BEARISH,RSI_NORMAL,HIGH_VOLATILITY
2020-12-28,239.15,241.15,237.7,239.9,8210000.000000001,235.45,241.09250000000003,40.533778148457046,0.025595315834703068,BEARISH,RSI_NORMAL,HIGH_VOLATILITY
2020-12-29,241.9,242.0,234.3,235.6,9410000.0,236.10999999999999,241.55499999999998,41.396933560477,0.02569246984458729,BEARISH,RSI_NORMAL,HIGH_VOLATILITY
2020-12-30,236.4,239.15,232.65,237.4,8480000.0,237.20999999999998,241.95999999999998,46.7741935483871,0.02560228564114433,BEARISH,RSI_NORMAL,HIGH_VOLATILITY
2020-12-31,236.4,241.9,234.7,240.55,10380000.0,238.08,242.39499999999998,48.1222707423581,0.025646793764355923,BEARISH,RSI_NORMAL,HIGH_VOLATILITY
2021-01-01,239.0,240.0,237.6,238.35,5090000.0,238.35999999999999,242.2125,45.47008547008546,0.023789746149118687,BEARISH,RSI_NORMAL,HIGH_VOLATILITY
2021-01-04,240.9,258.0,239.55,254.3,24900000.0,241.24,242.29250000000002,55.54006968641116,0.026430156708746502,BULLISH,RSI_NORMAL,HIGH_VOLATILITY
2021-01-05,251.1,252.75,247.0,250.3,12300000.0,244.18,242.24500000000003,53.887762001352264,0.026650740805081462,BULLISH,RSI_NORMAL,HIGH_VOLATILITY
2021-01-06,250.75,260.0,247.75,259.05,18030000.0,248.51000000000005,242.9125,55.01319261213722,0.027192616495346895,BULLISH,RSI_NORMAL,HIGH_VOLATILITY
2021-01-07,261.45,275.4,261.0,272.9,32740000.000000004,254.98000000000002,244.50750000000002,66.09161213563354,0.028875925675229574,BULLISH,RSI_NORMAL,HIGH_VOLATILITY
2021-01-08,273.95,274.45,265.15,268.2,20610000.0,260.95,245.78249999999997,60.80283353010625,0.029363353467226152,BULLISH,RSI_NORMAL,HIGH_VOLATILITY
2021-01-11,267.6,269.4,258.0,264.7,13160000.0,263.03000000000003,246.83499999999998,72.94617563739374,0.02965266161244303,BULLISH,RSI_HIGH,HIGH_VOLATILITY
2021-01-12,260.45,270.5,260.45,264.35,13140000.0,265.84000000000003,247.73499999999999,72.99787384833454,0.029639002259602566,BULLISH,RSI_HIGH,HIGH_VOLATILITY
2021-01-13,265.5,268.4,258.85,262.65,13300000.0,266.56000000000006,248.63999999999996,69.46284032376745,0.029622139022552216,BULLISH,RSI_NORMAL,HIGH_VOLATILITY
2021-01-14,262.7,265.1,259.55,261.4,7600000.0,264.26,249.1375,67.85975164353542,0.029116353082287307,BULLISH,RSI_NORMAL,HIGH_VOLATILITY
2021-01-15,262.0,263.3,251.1,253.35,17740000.0,261.28999999999996,249.5125,59.14343983684568,0.029554766913583885,BULLISH,RSI_NORMAL,HIGH_VOLATILITY
2021-01-18,252.3,254.25,240.6,243.15,17990000.0,256.98,249.175,54.75141598489618,0.030781432623299236,BEARISH,RSI_NORMAL,HIGH_VOLATILITY
2021-01-19,246.5,252.65,243.35,251.55,10250000.0,254.42,250.1375,58.22196397443348,0.02702596923178935,BULLISH,RSI_NORMAL,HIGH_VOLATILITY
2021-01-20,251.6,253.65,248.6,252.1,11090000.0,252.31,251.14749999999998,56.920311563810664,0.026994016814211347,BULLISH,RSI_NORMAL,HIGH_VOLATILITY
2021-01-21,252.85,254.55,246.45,248.9,8780000.0,249.81,251.78249999999997,56.2462995855536,0.027043914560456867,BEARISH,RSI_NORMAL,HIGH_VOLATILITY
2021-01-22,247.25,249.8,235.55,239.2,16010000.000000002,246.98000000000002,251.89500000000004,40.34526854219947,0.02862258169085683,BEARISH,RSI_NORMAL,HIGH_VOLATILITY
2021-01-25,240.7,243.9,233.6,240.3,8300000.000000001,246.41,251.91499999999996,43.359893758300124,0.028508821158605153,BEARISH,RSI_NORMAL,HIGH_VOLATILITY
2021-01-27,240.0,240.05,229.75,231.4,14140000.0,242.38000000000002,251.705,31.67660702451954,0.029462051546302298,BEARISH,RSI_NORMAL,HIGH_VOLATILITY
2021-01-28,225.0,232.1,224.55,229.05,13760000.0,237.77000000000004,251.2875,15.715402658326838,0.02947225580397185,BEARISH,RSI_LOW,HIGH_VOLATILITY
2021-01-29,230.1,234.3,225.0,226.3,14990000.0,233.25,250.575,16.20967741935486,0.029352638102146625,BEARISH,RSI_LOW,HIGH_VOLATILITY
2021-02-01,227.35,243.95,226.55,241.15,12420000.0,233.64000000000001,250.715,33.946830265848675,0.03301394275562212,BEARISH,RSI_NORMAL,HIGH_VOLATILITY
2021-02-02,244.2,257.4,243.9,255.35,18250000.0,236.65,250.76749999999998,44.83944954128439,0.03220994970151865,BULLISH,RSI_NORMAL,HIGH_VOLATILITY
2021-02-03,254.0,263.4,252.55,257.25,15670000.0,241.82,251.11499999999995,46.91075514874143,0.032004282735908274,BULLISH,RSI_NORMAL,HIGH_VOLATILITY
2021-02-04,259.95,267.4,258.95,261.85,21300000.0,248.38000000000002,251.25500000000002,50.24793388429755,0.03129442924828369,BULLISH,RSI_NORMAL,HIGH_VOLATILITY
2021-02-05,264.0,266.0,255.9,262.05,12830000.0,255.53000000000003,250.7125,55.247285886610385,0.028760091558843758,BULLISH,RSI_NORMAL,HIGH_VOLATILITY
2021-02-08,264.0,280.55,263.55,278.95,27560000.0,263.09,251.25,69.97767857142856,0.03204624040344142,BULLISH,RSI_NORMAL,HIGH_VOLATILITY
2021-02-09,278.55,285.9,275.65,278.05,22070000.0,267.63,251.91750000000002,66.13885505481122,0.03187102514586534,BULLISH,RSI_NORMAL,HIGH_VOLATILITY
2021-02-10,281.0,283.35,274.7,279.4,16790000.0,272.06,252.67,66.46562123039807,0.0318574977207973,BULLISH,RSI_NORMAL,HIGH_VOLATILITY
2021-02-11,280.8,297.35,279.85,295.4,47360000.0,278.77,254.30750000000003,74.29467084639498,0.03395401448847373,BULLISH,RSI_HIGH,HIGH_VOLATILITY
2021-02-12,297.0,297.25,286.5,290.8,15450000.0,284.52,255.77749999999997,78.47682119205302,0.03422657336754354,BULLISH,RSI_HIGH,HIGH_VOLATILITY
2021-02-15,292.5,296.05,289.0,291.4,8039999.999999999,287.01000000000005,257.68,78.35738068812434,0.033144395803053936,BULLISH,RSI_HIGH,HIGH_VOLATILITY
2021-02-16,293.55,307.35,293.0,302.7,27520000.0,291.93999999999994,260.65749999999997,88.54054054054059,0.03183182342056835,BULLISH,RSI_HIGH,HIGH_VOLATILITY
2021-02-17,302.7,308.5,301.0,303.9,18220000.0,296.84000000000003,263.275,90.96880131362894,0.03139731870244244,BULLISH,RSI_HIGH,HIGH_VOLATILITY
2021-02-18,306.05,312.6,305.0,309.9,16200000.0,299.73999999999995,266.165,94.18604651162796,0.03141407022686328,BULLISH,RSI_HIGH,HIGH_VOLATILITY
2021-02-19,308.0,313.35,302.25,308.0,17410000.0,303.17999999999995,269.12,90.93692590324564,0.03118885346475344,BULLISH,RSI_HIGH,HIGH_VOLATILITY
2021-02-22,310.0,328.0,310.0,316.1,45980000.0,308.12,272.965,90.2051621442754,0.029005275420551778,BULLISH,RSI_HIGH,HIGH_VOLATILITY
2021-02-23,321.95,338.15,316.65,333.05,50680000.0,314.19,277.6025,91.83222958057402,0.03017877372799937,BULLISH,RSI_HIGH,HIGH_VOLATILITY
2021-02-24,334.2,337.5,328.0,332.8,14780000.0,319.96999999999997,282.6725,91.13043478260877,0.027760786207521364,BULLISH,RSI_HIGH,HIGH_VOLATILITY
2021-02-25,337.6,354.6,337.0,350.7,35970000.0,328.13,288.755,92.6406926406927,0.0279450570861244,BULLISH,RSI_HIGH,HIGH_VOLATILITY
2021-02-26,343.0,349.65,334.75,340.25,20380000.0,334.58000000000004,294.4525,81.4358974358975,0.029329687439914792,BULLISH,RSI_HIGH,HIGH_VOLATILITY
2021-03-01,342.0,347.0,334.6,344.1,14560000.0,340.18,299.6,82.87705326032857,0.027433751397805992,BULLISH,RSI_HIGH,HIGH_VOLATILITY
2021-03-02,344.25,349.3,338.75,345.25,12880000.0,342.62,304.095,82.84289276807985,0.025874389805891414,BULLISH,RSI_HIGH,HIGH_VOLATILITY
2021-03-03,350.7,361.3,350.5,359.35,20100000.0,347.93,309.2,82.51143873919679,0.026398899852068947,BULLISH,RSI_HIGH,HIGH_VOLATILITY
2021-03-04,352.0,357.7,347.0,349.45,13620000.0,347.68,313.58000000000004,78.29232995658465,0.028226426505472555,BULLISH,RSI_HIGH,HIGH_VOLATILITY
2021-03-05,345.25,347.6,333.15,337.85,15130000.0,347.2,317.37,70.2573048408199,0.03008223609872084,BULLISH,RSI_HIGH,HIGH_VOLATILITY
2021-03-08,340.05,343.9,334.7,336.6,10560000.0,345.70000000000005,320.2525,66.20458891013385,0.027736674123184823,BULLISH,RSI_NORMAL,HIGH_VOLATILITY
2021-03-09,339.95,344.4,328.45,333.25,13880000.0,343.3,323.0125,63.74707259953163,0.02794290951667677,BULLISH,RSI_NORMAL,HIGH_VOLATILITY
2021-03-10,335.8,342.35,330.45,340.35,10890000.0,339.5,326.06000000000006,64.11682892906816,0.028042123117731455,BULLISH,RSI_NORMAL,HIGH_VOLATILITY
2021-03-12,341.55,345.0,327.45,330.2,15040000.0,335.65,327.8,59.56072351421188,0.02710879286927177,BULLISH,RSI_NORMAL,HIGH_VOLATILITY
2021-03-15,331.9,335.9,325.0,333.8,14050000.0,334.84000000000003,329.95000000000005,57.93010752688172,0.026646039970810005,BULLISH,RSI_NORMAL,HIGH_VOLATILITY
2021-03-16,336.0,336.75,326.3,333.9,13290000.0,334.3,332.075,50.44854881266489,0.026667029928636152,BULLISH,RSI_NORMAL,HIGH_VOLATILITY
2021-03-17,332.95,333.55,325.0,326.4,11030000.0,332.92999999999995,333.26,46.8627450980392,0.026360160005275027,BEARISH,RSI_NORMAL,HIGH_VOLATILITY
2021-03-18,329.35,340.5,329.35,331.8,23740000.0,331.21999999999997,334.65500000000003,39.441340782122936,0.026506358316329647,BEARISH,RSI_NORMAL,HIGH_VOLATILITY
2021-03-19,330.0,339.7,320.6,335.1,16750000.0,332.2,335.915,46.87310261080755,0.02630408784343287,BEARISH,RSI_NORMAL,HIGH_VOLATILITY
2021-03-22,335.1,342.65,331.1,339.75,8470000.0,333.39,337.5025,47.38424533974744,0.02626925540652628,BULLISH,RSI_NORMAL,HIGH_VOLATILITY
2021-03-23,341.9,342.45,330.3,331.7,13880000.0,332.95,338.2825,42.476401998889514,0.026537345313530053,BEARISH,RSI_NORMAL,HIGH_VOLATILITY
2021-03-24,328.3,328.3,316.8,317.75,20390000.0,331.22,337.51750000000004,26.863181312569537,0.025485687329955438,BEARISH,RSI_LOW,HIGH_VOLATILITY
2021-03-25,319.05,319.9,305.4,314.0,20860000.0,327.66,336.5775,28.835820895522417,0.02557587563092251,BEARISH,RSI_LOW,HIGH_VOLATILITY
2021-03-26,318.1,328.5,318.1,327.15,13860000.0,326.07,335.4,43.728018757327064,0.02430122038886377,BEARISH,RSI_NORMAL,HIGH_VOLATILITY
2021-03-30,330.55,332.9,324.95,326.3,9160000.0,323.38,334.7025,43.93404004711425,0.023480991438733965,BEARISH,RSI_NORMAL,HIGH_VOLATILITY
2021-03-31,323.1,336.0,320.9,326.85,10390000.0,322.40999999999997,333.84000000000003,46.10231425091353,0.023295274613831848,BEARISH,RSI_NORMAL,HIGH_VOLATILITY
2021-04-01,329.75,352.0,328.45,350.25,25630000.0,328.90999999999997,334.09000000000003,55.03048780487804,0.028568959925763915,BULLISH,RSI_NORMAL,HIGH_VOLATILITY
2021-04-05,349.9,352.9,338.0,350.65,14770000.0,336.23999999999995,333.65500000000003,61.534122955442754,0.02699865646835382,BULLISH,RSI_NORMAL,HIGH_VOLATILITY
2021-04-06,352.7,358.3,348.5,350.45,11190000.0,340.9,333.705,59.76539589442815,0.026260040846525452,BULLISH,RSI_NORMAL,HIGH_VOLATILITY
2021-04-07,350.4,360.7,349.0,352.2,12540000.0,346.08,334.4225,60.52934407364789,0.025043874298977416,BULLISH,RSI_NORMAL,HIGH_VOLATILITY
2021-04-08,355.9,374.0,354.65,365.2,28770000.0,353.75,335.8525,70.99567099567102,0.02614739286857311,BULLISH,RSI_HIGH,HIGH_VOLATILITY
2021-04-09,367.0,370.0,354.7,361.05,16370000.000000002,355.90999999999997,337.2425,66.04498080087771,0.026190047628432495,BULLISH,RSI_NORMAL,HIGH_VOLATILITY
2021-04-12,352.1,354.0,331.6,336.2,16100000.000000002,353.02000000000004,337.03499999999997,50.488021295474695,0.03051404809965198,BEARISH,RSI_NORMAL,HIGH_VOLATILITY
2021-04-13,336.2,350.3,336.2,348.7,12940000.0,352.66999999999996,337.96,53.71215263376191,0.03076439278234544,BULLISH,RSI_NORMAL,HIGH_VOLATILITY
2021-04-15,354.0,366.8,349.75,353.55,21830000.0,352.94,338.9475,59.30975713677036,0.030811424908615548,BULLISH,RSI_NORMAL,HIGH_VOLATILITY
2021-04-16,356.75,376.5,352.7,370.0,28440000.0,353.9,340.7525,71.79808093450147,0.032271575124441045,BULLISH,RSI_HIGH,HIGH_VOLATILITY
2021-04-19,358.7,366.0,353.85,361.4,15440000.0,353.96999999999997,342.5025,69.00561347233361,0.03230784243657521,BULLISH,RSI_NORMAL,HIGH_VOLATILITY
2021-04-20,368.6,371.5,354.55,359.35,15530000.0,358.6,343.88,64.17253521126764,0.03229373742764186,BULLISH,RSI_NORMAL,HIGH_VOLATILITY
2021-04-22,360.8,365.6,354.7,355.85,12760000.0,360.03000000000003,344.91749999999996,62.709677419354854,0.032418482569155666,BULLISH,RSI_NORMAL,HIGH_VOLATILITY
2021-04-23,354.05,362.65,345.3,349.5,12810000.0,359.21999999999997,345.405,59.27898402294141,0.032659508641510744,BULLISH,RSI_NORMAL,HIGH_VOLATILITY
2021-04-26,353.0,358.25,345.5,348.35,16469999.999999998,354.89,346.2375,49.04809619238478,0.03213169343902394,BULLISH,RSI_NORMAL,HIGH_VOLATILITY
2021-04-27,350.1,370.0,350.1,366.25,41260000.0,355.86,348.6625,56.64961636828646,0.03203785961113412,BULLISH,RSI_NORMAL,HIGH_VOLATILITY
2021-04-28,368.85,368.9,358.0,362.6,15200000.0,356.51,351.09250000000003,55.03105590062113,0.031981887927286415,BULLISH,RSI_NORMAL,HIGH_VOLATILITY
2021-04-29,367.4,377.3,364.6,372.15,34390000.0,359.77000000000004,353.34250000000003,57.759626604434075,0.031289144977653394,BULLISH,RSI_NORMAL,HIGH_VOLATILITY
2021-04-30,368.9,377.0,361.3,364.4,19940000.0,362.75,355.2475,49.675587996755866,0.03184175271258337,BULLISH,RSI_NORMAL,HIGH_VOLATILITY
2021-05-03,364.4,373.2,357.65,369.95,15890000.0,367.07,357.4025,53.568564554931825,0.031888808252512196,BULLISH,RSI_NORMAL,HIGH_VOLATILITY
2021-05-04,372.0,384.45,359.7,362.55,29770000.0,366.33,358.0175,62.2843822843823,0.028471892417798968,BULLISH,RSI_NORMAL,HIGH_VOLATILITY
2021-05-05,367.0,373.7,364.3,367.1,15190000.0,367.23,358.84000000000003,59.26485397784494,0.028565522152373558,BULLISH,RSI_NORMAL,HIGH_VOLATILITY
2021-05-06,370.0,388.6,367.8,385.95,31910000.0,369.98999999999995,360.615,64.29832303618713,0.030544746332342772,BULLISH,RSI_NORMAL,HIGH_VOLATILITY
2021-05-07,390.0,404.95,385.25,401.1,46340000.0,377.33000000000004,363.06000000000006,63.8839285714286,0.03147438590598046,BULLISH,RSI_NORMAL,HIGH_VOLATILITY
2021-05-10,407.8,427.5,406.7,425.75,39520000.0,388.49,366.0875,75.12690355329953,0.03313697469900641,BULLISH,RSI_HIGH,HIGH_VOLATILITY
2021-05-11,414.85,420.6,408.85,412.8,27500000.0,398.54,368.67500000000007,69.23353724361283,0.03399246886631929,BULLISH,RSI_NORMAL,HIGH_VOLATILITY
2021-05-12,416.0,417.65,393.7,398.8,18240000.0,404.88,371.80499999999995,64.3693542990967,0.030606950938530077,BULLISH,RSI_NORMAL,HIGH_VOLATILITY
2021-05-14,403.0,403.65,368.15,382.8,41380000.0,404.25000000000006,373.51,60.46511627906978,0.031723202375717095,BULLISH,RSI_NORMAL,HIGH_VOLATILITY
2021-05-17,384.5,395.35,377.25,392.95,20820000.0,402.62,375.47999999999996,63.26591314693635,0.032030186756783666,BULLISH,RSI_NORMAL,HIGH_VOLATILITY
2021-05-18,401.0,412.8,396.5,402.1,30540000.0,397.89,377.085,61.24882334483842,0.030874682375626118,BULLISH,RSI_NORMAL,HIGH_VOLATILITY
2021-05-19,400.0,406.45,394.2,403.3,16110000.0,395.99,379.18,62.97004461440408,0.03017823301335847,BULLISH,RSI_NORMAL,HIGH_VOLATILITY
2021-05-20,390.0,393.2,379.45,385.2,30690000.0,393.27000000000004,380.47249999999997,53.943789664551225,0.03217858126353027,BULLISH,RSI_NORMAL,HIGH_VOLATILITY
2021-05-21,388.7,391.9,383.35,389.8,22410000.0,394.66999999999996,382.17,57.82501540357364,0.03205748476669736,BULLISH,RSI_NORMAL,HIGH_VOLATILITY
2021-05-24,392.9,393.7,379.45,389.3,23690000.0,393.94000000000005,384.16,56.15262321144675,0.031646188732372474,BULLISH,RSI_NORMAL,HIGH_VOLATILITY
2021-05-25,394.0,399.5,389.55,391.2,18160000.0,391.76,386.3025,59.43986820428335,0.03157423708672844,BULLISH,RSI_NORMAL,HIGH_VOLATILITY
2021-05-26,389.25,389.5,380.25,381.0,15340000.0,387.3,387.04,54.41550190597204,0.03048317491195339,BEARISH,RSI_NORMAL,HIGH_VOLATILITY
2021-05-27,382.05,388.45,380.0,385.85,17370000.0,387.43,388.2025,49.96513249651326,0.03042039006865636,BEARISH,RSI_NORMAL,HIGH_VOLATILITY
2021-05-28,393.0,398.85,384.8,387.75,14860000.0,387.02000000000004,388.98249999999996,44.871302343449855,0.02994933086350564,BEARISH,RSI_NORMAL,HIGH_VOLATILITY
2021-05-31,391.55,395.4,388.0,394.25,13700000.0,388.01000000000005,390.475,35.9375,0.02958715615889252,BULLISH,RSI_NORMAL,HIGH_VOLATILITY
2021-06-01,396.0,396.8,386.5,394.7,11400000.0,388.71000000000004,391.7125,40.90452261306531,0.02948221911583022,BULLISH,RSI_NORMAL,HIGH_VOLATILITY
2021-06-02,389.0,402.7,389.0,398.8,9590000.0,392.27000000000004,393.525,50.0,0.028977611234395153,BULLISH,RSI_NORMAL,HIGH_VOLATILITY
2021-06-03,403.0,405.5,398.0,399.2,12440000.0,394.93999999999994,395.13,61.081081081081074,0.028937914535437086,BULLISH,RSI_NORMAL,HIGH_VOLATILITY
2021-06-04,400.0,400.0,392.3,395.05,10040000.0,396.4,395.585,51.54411764705884,0.02691022639303467,BEARISH,RSI_NORMAL,HIGH_VOLATILITY
2021-06-07,396.15,401.4,394.25,395.0,6180000.0,396.55,395.28,43.97283531409166,0.025401533910628514,BEARISH,RSI_NORMAL,HIGH_VOLATILITY
2021-06-08,395.0,395.5,381.1,387.75,17330000.0,395.16,393.38,38.029253271747486,0.0210609048382704,BEARISH,RSI_NORMAL,LOW_VOLATILITY
2021-06-09,388.0,390.95,382.3,383.15,11810000.0,392.03,391.8975,48.00777453838677,0.020249954972546086,BEARISH,RSI_NORMAL,LOW_VOLATILITY
2021-06-10,386.15,389.95,384.25,385.4,5800000.0,389.27,391.2275,45.51934826883907,0.019024356842403764,BEARISH,RSI_NORMAL,LOW_VOLATILITY
2021-06-11,388.4,395.0,383.15,393.15,9630000.0,388.89,391.745,53.41614906832296,0.01728195696436574,BULLISH,RSI_NORMAL,LOW_VOLATILITY
2021-06-14,392.95,397.5,381.35,394.8,11600000.0,388.85,391.8375,53.20855614973264,0.016271199343435128,BULLISH,RSI_NORMAL,LOW_VOLATILITY
2021-06-15,391.0,396.35,390.0,390.85,7930000.0,389.46999999999997,391.275,59.879638916750274,0.015486630857209352,BEARISH,RSI_NORMAL,LOW_VOLATILITY
2021-06-16,387.3,391.35,377.0,380.25,17980000.0,388.89,390.1225,44.964028776978395,0.0164792680886981,BEARISH,RSI_NORMAL,LOW_VOLATILITY
2021-06-17,376.0,380.3,365.05,369.25,14320000.0,385.65999999999997,389.325,35.7032457496136,0.014616616650249036,BEARISH,RSI_NORMAL,LOW_VOLATILITY
2021-06-18,368.75,373.35,359.8,371.35,22720000.0,381.3,388.40250000000003,31.011608623548966,0.0143671790042929,BEARISH,RSI_NORMAL,LOW_VOLATILITY
2021-06-21,366.9,369.95,360.4,367.6,13170000.0,375.86,387.3175,28.694968553459177,0.014468463853180902,BEARISH,RSI_LOW,LOW_VOLATILITY
2021-06-22,371.0,371.85,366.25,367.55,9790000.0,371.2,386.135,23.761544920235124,0.014372133132439254,BEARISH,RSI_LOW,LOW_VOLATILITY
2021-06-23,368.05,377.0,367.35,368.1,14300000.0,368.77000000000004,385.49,23.953098827470754,0.01332827998645916,BEARISH,RSI_LOW,LOW_VOLATILITY
2021-06-24,369.0,372.45,366.1,369.05,9070000.0,368.73,384.65,26.991150442477917,0.012940105617315517,BEARISH,RSI_LOW,LOW_VOLATILITY
2021-06-25,371.55,380.35,371.55,375.9,12820000.0,369.64000000000004,384.0575,34.913112164297004,0.013670766953432556,BEARISH,RSI_NORMAL,LOW_VOLATILITY
2021-06-28,378.9,384.95,374.25,382.3,14520000.0,372.58000000000004,383.46000000000004,45.63650920736591,0.013689293325116357,BEARISH,RSI_NORMAL,LOW_VOLATILITY
2021-06-29,383.4,383.5,372.7,374.25,9110000.0,373.92,382.4375,43.247344461305026,0.014352121383325055,BEARISH,RSI_NORMAL,LOW_VOLATILITY
2021-06-30,376.55,379.4,370.95,372.05,10110000.0,374.71,381.1,39.86332574031895,0.01403732473502688,BEARISH,RSI_NORMAL,LOW_VOLATILITY
2021-07-01,372.3,380.8,372.0,379.4,8230000.0,376.78000000000003,380.11,39.49579831932775,0.014942027639036565,BEARISH,RSI_NORMAL,LOW_VOLATILITY
2021-07-02,378.0,380.6,374.2,376.05,5070000.0,376.81,379.16,36.038719285182424,0.014902158048188504,BEARISH,RSI_NORMAL,LOW_VOLATILITY
2021-07-05,379.0,391.0,377.5,389.55,12840000.0,378.26,378.8875,49.15254237288135,0.017187819855078033,BULLISH,RSI_NORMAL,LOW_VOLATILITY
2021-07-06,389.4,391.0,384.0,385.35,6150000.0,380.48,378.76750000000004,53.62731152204839,0.016855249383603416,BULLISH,RSI_NORMAL,LOW_VOLATILITY
2021-07-07,382.9,395.0,380.2,393.65,10580000.0,384.8,379.2925,68.04733727810651,0.017285564464947376,BULLISH,RSI_NORMAL,LOW_VOLATILITY
2021-07-08,392.5,392.9,381.2,383.1,12330000.0,385.53999999999996,379.1775,57.7251808021039,0.018360545372254376,BULLISH,RSI_NORMAL,LOW_VOLATILITY
2021-07-09,383.0,391.4,382.1,390.05,7380000.0,388.34000000000003,379.0225,64.16403785488961,0.018251292367062515,BULLISH,RSI_NORMAL,LOW_VOLATILITY
2021-07-12,393.0,393.0,386.6,388.35,5680000.0,388.1,378.70000000000005,62.855377008652695,0.018242144719077764,BULLISH,RSI_NORMAL,LOW_VOLATILITY
2021-07-13,390.5,394.95,390.0,392.25,5470000.0,389.48,378.77000000000004,64.33234421364988,0.01825271884085796,BULLISH,RSI_NORMAL,LOW_VOLATILITY
2021-07-14,392.25,394.4,391.0,391.65,3340000.0,389.08000000000004,379.34000000000003,63.46841477949941,0.017086319452084855,BULLISH,RSI_NORMAL,LOW_VOLATILITY
2021-07-15,391.8,402.9,390.0,401.45,10350000.0,392.75,380.95,64.70926885434662,0.016248415517250595,BULLISH,RSI_NORMAL,LOW_VOLATILITY
2021-07-16,403.0,406.0,399.35,405.5,9290000.0,395.84,382.65749999999997,63.7278106508876,0.016297720272811067,BULLISH,RSI_NORMAL,LOW_VOLATILITY
2021-07-19,398.0,404.95,396.2,396.95,5710000.0,397.56,384.125,63.35294117647061,0.016987455914645726,BULLISH,RSI_NORMAL,LOW_VOLATILITY
2021-07-20,396.45,396.45,381.2,383.0,9210000.0,395.71,384.8975,55.65891472868218,0.019105837836569956,BEARISH,RSI_NORMAL,LOW_VOLATILITY
2021-07-22,390.2,395.2,389.0,393.5,7380000.0,396.08,386.16749999999996,57.05705705705709,0.019915029883643465,BULLISH,RSI_NORMAL,LOW_VOLATILITY
2021-07-23,394.1,396.55,390.8,391.75,5220000.0,394.14,387.30249999999995,57.98575788402849,0.01999451487334224,BULLISH,RSI_NORMAL,LOW_VOLATILITY
2021-07-26,393.0,402.45,390.2,400.05,7080000.0,393.05,388.51,55.6390977443609,0.020109127681100108,BULLISH,RSI_NORMAL,LOW_VOLATILITY
2021-07-27,404.0,419.7,403.55,417.35,28240000.0,397.13,390.2625,65.06591337099812,0.02183120032288438,BULLISH,RSI_NORMAL,HIGH_VOLATILITY
2021-07-28,419.0,419.4,407.55,416.3,12780000.0,403.79,392.365,61.44517433046995,0.021063582002246728,BULLISH,RSI_NORMAL,LOW_VOLATILITY
2021-07-29,420.5,474.0,416.8,458.1,61410000.0,416.71000000000004,396.66749999999996,78.80184331797234,0.029676178155124126,BULLISH,RSI_HIGH,HIGH_VOLATILITY
2021-07-30,458.1,459.65,442.15,444.8,12990000.0,427.32000000000005,399.9375,70.04760161113144,0.03088722806759899,BULLISH,RSI_HIGH,HIGH_VOLATILITY
2021-08-02,448.0,452.25,442.7,445.8,7680000.0,436.46999999999997,403.425,71.14464482885533,0.030660043546287912,BULLISH,RSI_HIGH,HIGH_VOLATILITY
2021-08-03,447.75,450.85,440.2,448.8,8880000.0,442.76000000000005,406.38750000000005,70.95220452019265,0.02999861395709739,BULLISH,RSI_HIGH,HIGH_VOLATILITY
2021-08-04,446.0,455.5,441.0,442.7,8620000.0,448.0400000000001,409.255,68.17372730509076,0.030095264701028433,BULLISH,RSI_NORMAL,HIGH_VOLATILITY
2021-08-05,445.0,445.7,432.9,443.1,11790000.0,445.03999999999996,411.7275000000001,65.89088134299885,0.029937545391613574,BULLISH,RSI_NORMAL,HIGH_VOLATILITY
2021-08-06,444.7,455.85,439.3,442.15,18060000.0,444.51000000000005,414.68,64.32200078155526,0.028993515413267792,BULLISH,RSI_NORMAL,HIGH_VOLATILITY
2021-08-09,441.95,445.0,428.8,434.7,13780000.0,442.28999999999996,416.9125,64.87977926685059,0.029375815379105094,BULLISH,RSI_NORMAL,HIGH_VOLATILITY
2021-08-10,436.5,439.8,423.25,426.95,10420000.0,437.91999999999996,418.84250000000003,68.21384169084125,0.029773411726106487,BULLISH,RSI_NORMAL,HIGH_VOLATILITY
2021-08-11,429.3,444.5,429.05,436.65,19240000.0,436.71000000000004,421.0625,68.0016687526074,0.030016853555866772,BULLISH,RSI_NORMAL,HIGH_VOLATILITY
2021-08-12,436.9,444.3,433.85,437.25,8350000.0,435.53999999999996,423.34250000000003,69.16596461668068,0.029986593748612622,BULLISH,RSI_NORMAL,HIGH_VOLATILITY
2021-08-13,437.4,449.6,435.5,442.05,13340000.0,435.52,425.37250000000006,68.22916666666664,0.0296789520079129,BULLISH,RSI_NORMAL,HIGH_VOLATILITY
2021-08-16,442.6,447.0,436.2,441.75,8289999.999999999,436.93,427.18500000000006,62.423625254582454,0.029683893816005686,BULLISH,RSI_NORMAL,HIGH_VOLATILITY
2021-08-17,440.1,443.85,429.0,436.6,8410000.0,438.86,429.1675,59.921798631476044,0.029325681764833317,BULLISH,RSI_NORMAL,HIGH_VOLATILITY
2021-08-18,438.8,439.65,424.4,426.95,12170000.0,436.91999999999996,431.36500000000007,27.797576621525323,0.028516090916767056,BEARISH,RSI_LOW,HIGH_VOLATILITY
2021-08-20,416.0,416.0,401.1,403.65,23310000.0,430.2,431.87250000000006,24.32938240798505,0.031030303659602288,BEARISH,RSI_LOW,HIGH_VOLATILITY
2021-08-23,411.0,415.75,399.5,406.85,15940000.0,423.15999999999997,432.62750000000005,26.350941105039524,0.031024264959768084,BEARISH,RSI_LOW,HIGH_VOLATILITY
2021-08-24,415.0,423.75,412.55,420.85,15050000.0,418.98,433.6674999999999,35.02945902517412,0.031583012630329685,BEARISH,RSI_NORMAL,HIGH_VOLATILITY
2021-08-25,423.7,434.95,423.7,430.7,17970000.0,417.8,434.33500000000004,43.82080329557158,0.030546979727973378,BEARISH,RSI_NORMAL,HIGH_VOLATILITY
2021-08-26,431.5,432.3,420.8,424.1,7700000.0,417.23,434.725,40.80348499515973,0.030780144379212213,BEARISH,RSI_NORMAL,HIGH_VOLATILITY
2021-08-27,427.0,439.0,427.0,437.9,15560000.0,424.08000000000004,433.715,48.17046922083513,0.02168315350817894,BULLISH,RSI_NORMAL,HIGH_VOLATILITY
2021-08-30,440.95,452.5,440.65,448.05,11740000.0,432.32,433.87749999999994,55.61632309633994,0.021401884216800105,BULLISH,RSI_NORMAL,LOW_VOLATILITY
2021-08-31,448.0,471.15,444.8,468.3,20850000.0,441.81000000000006,435.00250000000005,65.74038827559954,0.02361763839660738,BULLISH,RSI_NORMAL,HIGH_VOLATILITY
2021-09-01,474.0,474.0,455.05,458.1,10040000.0,447.28999999999996,435.46750000000003,58.13424345847556,0.024216396862469763,BULLISH,RSI_NORMAL,HIGH_VOLATILITY
2021-09-02,460.05,465.0,455.7,456.95,5360000.0,453.86,436.18,57.43957703927492,0.02398326705770543,BULLISH,RSI_NORMAL,HIGH_VOLATILITY
2021-09-03,457.25,464.5,450.0,461.3,8520000.0,458.53999999999996,437.09000000000003,57.29442970822281,0.024042509874171725,BULLISH,RSI_NORMAL,HIGH_VOLATILITY
2021-09-06,466.95,475.0,461.7,469.25,12180000.0,462.78000000000003,438.44500000000005,59.84957020057307,0.024244034366730102,BULLISH,RSI_NORMAL,HIGH_VOLATILITY
2021-09-07,470.0,472.4,460.9,462.3,5680000.0,461.58000000000004,439.825,59.087694483734076,0.0241591790405751,BULLISH,RSI_NORMAL,HIGH_VOLATILITY
2021-09-08,464.85,465.85,455.2,456.3,6690000.0,461.21999999999997,441.2924999999999,60.65335753176045,0.02395881436619665,BULLISH,RSI_NORMAL,HIGH_VOLATILITY
2021-09-09,458.25,466.65,456.0,463.55,6930000.0,462.53999999999996,442.6375,74.60969597370585,0.023719464219599695,BULLISH,RSI_HIGH,HIGH_VOLATILITY
2021-09-13,476.0,480.5,468.55,478.35,16629999.999999998,465.95,444.6925,76.8192048012003,0.02456049029783908,BULLISH,RSI_HIGH,HIGH_VOLATILITY
2021-09-14,483.1,483.45,473.2,477.95,15250000.0,467.68999999999994,446.4875,73.85129490392647,0.024545885799106323,BULLISH,RSI_HIGH,HIGH_VOLATILITY
2021-09-15,478.2,487.6,474.35,486.8,12420000.0,472.59000000000003,448.74000000000007,73.63100252737995,0.024719798384161863,BULLISH,RSI_HIGH,HIGH_VOLATILITY
2021-09-16,483.0,488.0,480.45,483.3,8010000.0,477.98999999999995,451.075,75.60553633217991,0.024579604761372522,BULLISH,RSI_HIGH,HIGH_VOLATILITY
2021-09-17,484.0,485.45,470.1,473.05,12110000.0,479.89,453.37999999999994,65.68496207050424,0.024527735141523132,BULLISH,RSI_NORMAL,HIGH_VOLATILITY
2021-09-20,462.0,464.0,442.4,444.4,18030000.0,473.1,455.4175,48.602068173113736,0.02532279804573594,BEARISH,RSI_NORMAL,HIGH_VOLATILITY
2021-09-21,445.0,452.45,438.8,451.0,18750000.0,467.71000000000004,457.625,42.6005132591959,0.025410278240753516,BEARISH,RSI_NORMAL,HIGH_VOLATILITY
2021-09-22,452.9,464.4,452.2,463.0,13610000.0,462.95,459.7325000000001,52.06402695871945,0.024999156514177032,BULLISH,RSI_NORMAL,HIGH_VOLATILITY
2021-09-23,473.5,484.8,468.0,483.25,12760000.0,462.93999999999994,462.36,59.542815674891145,0.026169412642268082,BULLISH,RSI_NORMAL,HIGH_VOLATILITY
2021-09-24,481.0,485.65,473.6,478.75,9230000.0,464.08000000000004,465.09250000000003,56.3247553461399,0.025943934889902178,BULLISH,RSI_NORMAL,HIGH_VOLATILITY
2021-09-27,474.9,489.95,472.3,481.4,6830000.0,471.48,467.26750000000004,54.57972107048623,0.025204106463411684,BULLISH,RSI_NORMAL,HIGH_VOLATILITY
2021-09-28,480.9,486.9,475.05,478.15,6150000.0,476.91,468.77250000000004,56.14579294300115,0.0249584039579822,BULLISH,RSI_NORMAL,HIGH_VOLATILITY
2021-09-29,475.0,496.9,473.4,494.15,9510000.0,483.14,470.06499999999994,63.62000719683337,0.024049383909609243,BULLISH,RSI_NORMAL,HIGH_VOLATILITY
2021-09-30,495.25,504.0,485.6,487.95,14330000.0,484.08000000000004,471.5575,58.84699057287888,0.02363432260082903,BULLISH,RSI_NORMAL,HIGH_VOLATILITY
2021-10-01,483.1,486.0,473.45,484.35,8070000.0,485.2,472.92750000000007,52.36779794790844,0.02372358895595994,BULLISH,RSI_NORMAL,HIGH_VOLATILITY
2021-10-04,486.0,509.45,481.0,505.7,10300000.0,490.05999999999995,475.1474999999999,59.397223162885204,0.025408122814527128,BULLISH,RSI_NORMAL,HIGH_VOLATILITY
2021-10-05,496.0,506.2,494.2,495.3,8160000.0,493.48999999999995,476.45,52.8485254691689,0.025845499061487618,BULLISH,RSI_NORMAL,HIGH_VOLATILITY
2021-10-06,498.0,498.5,474.0,475.9,11230000.0,489.84,477.13,47.75893397940641,0.02726497791204619,BEARISH,RSI_NORMAL,HIGH_VOLATILITY
2021-10-07,485.0,485.6,473.0,477.5,9770000.0,487.75,478.19000000000005,51.422179610099064,0.027042568390806047,BEARISH,RSI_NORMAL,HIGH_VOLATILITY
2021-10-08,480.95,490.75,472.65,473.65,7090000.0,485.61,478.695,61.10900113938473,0.026954351781659645,BEARISH,RSI_NORMAL,HIGH_VOLATILITY
2021-10-11,478.5,490.0,476.25,487.5,5570000.0,481.96999999999997,479.1525,63.138948884089274,0.026800597950601524,BULLISH,RSI_NORMAL,HIGH_VOLATILITY
2021-10-12,492.8,499.5,487.45,498.65,8690000.0,482.64,480.1875,62.911988409996376,0.027222568464480772,BULLISH,RSI_NORMAL,HIGH_VOLATILITY
2021-10-13,499.95,512.0,495.0,508.05,8900000.0,489.07,481.25,59.748427672955984,0.027233037175141396,BULLISH,RSI_NORMAL,HIGH_VOLATILITY
2021-10-14,511.4,523.35,508.35,516.1,8880000.0,496.78999999999996,482.89,64.282982791587,0.027289031535275052,BULLISH,RSI_NORMAL,HIGH_VOLATILITY
2021-10-18,535.45,551.85,526.5,542.8,23480000.0,510.62,486.37750000000005,69.83204134366925,0.028633877884989316,BULLISH,RSI_NORMAL,HIGH_VOLATILITY
2021-10-19,547.7,547.7,526.05,533.75,11020000.0,519.87,490.84499999999997,67.31008717310088,0.0245502956379888,BULLISH,RSI_NORMAL,HIGH_VOLATILITY
2021-10-20,531.0,531.0,510.5,512.95,9440000.0,522.7299999999999,493.94249999999994,55.683192261185035,0.02677974804039045,BULLISH,RSI_NORMAL,HIGH_VOLATILITY
2021-10-21,516.2,520.8,491.6,493.75,14170000.0,519.8700000000001,495.4799999999999,51.6255605381166,0.02808282713954403,BEARISH,RSI_NORMAL,HIGH_VOLATILITY
2021-10-22,489.0,492.0,464.5,470.45,19390000.0,510.73999999999995,494.84,46.491670873296314,0.028597285701769698,BEARISH,RSI_NORMAL,HIGH_VOLATILITY
2021-10-25,473.55,478.0,459.35,473.25,9200000.0,496.83000000000004,494.56499999999994,40.96351991088833,0.028566130422303052,BEARISH,RSI_NORMAL,HIGH_VOLATILITY
2021-10-26,475.05,488.0,472.55,486.05,8119999.999999999,487.28999999999996,494.79749999999996,47.458092882660075,0.029191197176419124,BEARISH,RSI_NORMAL,HIGH_VOLATILITY
2021-10-27,483.0,487.7,475.65,479.85,8970000.0,480.66999999999996,494.8825,51.170370370370385,0.02930453574241847,BEARISH,RSI_NORMAL,HIGH_VOLATILITY
2021-10-28,455.85,477.15,453.45,468.8,12660000.0,475.68,493.61500000000007,47.55892255892256,0.028684759459004817,BEARISH,RSI_NORMAL,HIGH_VOLATILITY
2021-10-29,469.45,474.2,456.65,459.8,8310000.000000001,473.55,492.2075,46.22307062994275,0.0288486371946223,BEARISH,RSI_NORMAL,HIGH_VOLATILITY
2021-11-01,463.8,481.1,463.35,478.15,7470000.0,474.53000000000003,491.8974999999999,47.511312217194565,0.0303335174628902,BEARISH,RSI_NORMAL,HIGH_VOLATILITY
2021-11-02,480.0,481.0,467.15,468.4,5950000.0,471.0,490.03249999999997,41.88790560471976,0.028764493360937757,BEARISH,RSI_NORMAL,HIGH_VOLATILITY
2021-11-03,471.0,480.45,469.85,478.3,6930000.0,470.69000000000005,489.1825,42.04332709280556,0.028967776687561165,BEARISH,RSI_NORMAL,HIGH_VOLATILITY
2021-11-04,482.0,482.0,470.0,472.6,1620000.0,471.45,489.01750000000004,38.21776814734561,0.027708642490239598,BEARISH,RSI_NORMAL,HIGH_VOLATILITY
2021-11-08,480.0,481.45,459.2,469.8,13020000.0,473.45,488.6325,27.28686994399503,0.027727435796162256,BEARISH,RSI_LOW,HIGH_VOLATILITY
2021-11-09,470.7,476.2,462.3,464.6,8630000.0,470.73999999999995,488.18,27.95664647752632,0.027778980533490916,BEARISH,RSI_LOW,HIGH_VOLATILITY
2021-11-10,463.65,464.0,448.5,449.75,14670000.0,467.01000000000005,486.2925,29.05897945659376,0.027689881963872415,BEARISH,RSI_LOW,HIGH_VOLATILITY
2021-11-11,449.05,456.3,446.6,453.95,7790000.0,462.14000000000004,484.0575,35.35688005886682,0.027167877803751544,BEARISH,RSI_NORMAL,HIGH_VOLATILITY
2021-11-12,460.5,470.5,458.95,468.55,17010000.0,461.33000000000004,482.0825,49.25314465408806,0.027918462214646493,BEARISH,RSI_NORMAL,HIGH_VOLATILITY
2021-11-15,473.6,473.6,455.15,455.9,8880000.0,458.55,479.07250000000005,43.670193360087545,0.02798592283284231,BEARISH,RSI_NORMAL,HIGH_VOLATILITY
2021-11-16,457.0,459.9,443.05,445.6,8940000.0,454.75,474.2125,34.9684132292828,0.02468209626200372,BEARISH,RSI_NORMAL,HIGH_VOLATILITY
2021-11-17,442.0,449.2,439.5,445.4,7470000.0,453.88,469.79499999999996,36.6005445352003,0.024701510206188795,BEARISH,RSI_NORMAL,HIGH_VOLATILITY
2021-11-18,448.1,454.0,436.3,440.3,9690000.0,451.15,466.1625,38.37683523654161,0.02367265247847833,BEARISH,RSI_NORMAL,HIGH_VOLATILITY
2021-11-22,442.6,447.7,432.9,442.15,10010000.0,445.87,463.5825000000001,42.35599826764832,0.022697850928597118,BEARISH,RSI_NORMAL,HIGH_VOLATILITY
2021-11-23,439.25,453.4,437.05,450.2,9020000.0,444.73,462.57,36.70946267237281,0.020985280861979386,BEARISH,RSI_NORMAL,LOW_VOLATILITY
2021-11-24,453.9,456.9,444.2,452.1,7760000.0,446.03000000000003,461.5125,41.62384378211719,0.02095434648255962,BEARISH,RSI_NORMAL,LOW_VOLATILITY
2021-11-25,451.5,458.8,443.65,447.05,8630000.0,446.36,459.5625,33.09897241752299,0.01987348044930556,BEARISH,RSI_NORMAL,LOW_VOLATILITY
2021-11-26,441.8,442.7,414.7,417.0,14830000.0,441.7,456.41999999999996,26.19863013698631,0.024362611538442998,BEARISH,RSI_LOW,HIGH_VOLATILITY
2021-11-29,414.0,433.5,407.1,420.15,19070000.0,437.3,453.9875,28.809218950064007,0.024243941816241836,BEARISH,RSI_LOW,HIGH_VOLATILITY
2021-11-30,418.95,430.0,410.0,412.75,14850000.0,429.81000000000006,451.63500000000005,28.278173439463757,0.02419825194416878,BEARISH,RSI_LOW,HIGH_VOLATILITY
2021-12-01,419.5,426.1,416.1,424.9,8180000.0,424.37,448.9725,39.34847835405057,0.023268506757084837,BEARISH,RSI_NORMAL,HIGH_VOLATILITY
2021-12-02,428.0,433.9,421.0,432.1,7780000.0,421.38,447.1575000000001,40.86920183869621,0.023517877465113295,BEARISH,RSI_NORMAL,HIGH_VOLATILITY
2021-12-03,427.8,433.8,424.0,424.65,5940000.0,422.91,444.475,30.48888888888888,0.022938322596202244,BEARISH,RSI_NORMAL,HIGH_VOLATILITY
2021-12-06,424.95,432.5,418.2,421.35,8160000.0,423.15,441.9125,33.25254483761515,0.022897658221977205,BEARISH,RSI_NORMAL,HIGH_VOLATILITY
2021-12-07,427.4,444.4,425.2,442.5,18300000.0,429.1,440.5475,48.64035087719298,0.026059369007204288,BULLISH,RSI_NORMAL,HIGH_VOLATILITY
2021-12-08,446.0,458.45,440.1,457.45,13700000.0,435.61,440.18999999999994,54.67961165048544,0.027202962050428176,BULLISH,RSI_NORMAL,HIGH_VOLATILITY
2021-12-09,457.45,458.7,452.2,455.65,5590000.0,440.32,440.48499999999996,56.117975288959734,0.02619581697873954,BULLISH,RSI_NORMAL,HIGH_VOLATILITY
2021-12-10,455.4,460.95,453.45,455.1,5310000.0,446.41,440.5425,55.215465163109165,0.02612476284224244,BULLISH,RSI_NORMAL,HIGH_VOLATILITY
2021-12-13,460.0,469.5,457.45,458.25,9400000.0,453.78999999999996,440.0275,53.37526205450735,0.025101986532178416,BULLISH,RSI_NORMAL,HIGH_VOLATILITY
2021-12-14,454.9,464.4,454.7,461.7,8029999.999999999,457.63,440.3175,53.97350993377483,0.024383037954827904,BULLISH,RSI_NORMAL,HIGH_VOLATILITY
2021-12-15,461.6,463.85,456.05,458.35,3650000.0,457.81000000000006,440.95500000000004,54.7439126784215,0.023839854602616697,BULLISH,RSI_NORMAL,HIGH_VOLATILITY
2021-12-16,464.0,464.0,448.55,450.5,8880000.0,456.78000000000003,441.21000000000004,67.28586171310633,0.024207248841422335,BULLISH,RSI_NORMAL,HIGH_VOLATILITY
2021-12-17,449.5,457.0,444.75,450.15,14340000.0,455.7900000000001,441.70250000000004,65.94048884165782,0.024038861887389195,BULLISH,RSI_NORMAL,HIGH_VOLATILITY
2021-12-20,444.8,445.25,426.7,433.1,5950000.0,450.76000000000005,441.25,59.80722891566268,0.025571751020947633,BEARISH,RSI_NORMAL,HIGH_VOLATILITY
2021-12-21,438.0,449.7,437.35,445.45,5030000.0,447.51000000000005,441.0125,59.8845598845599,0.026072320541753284,BULLISH,RSI_NORMAL,HIGH_VOLATILITY
2021-12-22,450.85,464.65,447.35,463.35,7770000.0,448.51000000000005,441.575,63.62843436546011,0.02758960091875279,BULLISH,RSI_NORMAL,HIGH_VOLATILITY
2021-12-23,465.05,468.45,459.3,461.3,6990000.0,450.66999999999996,442.2875,66.77345537757441,0.02746630590167341,BULLISH,RSI_NORMAL,HIGH_VOLATILITY
2021-12-24,464.0,464.4,452.85,458.9,3120000.0,452.41999999999996,444.38250000000005,67.3281033687125,0.022255103101915235,BULLISH,RSI_NORMAL,HIGH_VOLATILITY
2021-12-27,456.9,458.6,451.1,452.8,6150000.0,456.36,446.015,55.51982851018222,0.022616016313985455,BULLISH,RSI_NORMAL,HIGH_VOLATILITY
2021-12-28,456.6,459.15,452.8,458.15,2890000.0,458.9,448.28499999999997,50.418160095579445,0.02208772599107162,BULLISH,RSI_NORMAL,HIGH_VOLATILITY
2021-12-29,457.0,457.65,450.5,454.25,3050000.0,457.08000000000004,449.75249999999994,49.1841491841492,0.02154297516151707,BULLISH,RSI_NORMAL,LOW_VOLATILITY
2021-12-30,454.0,456.0,448.4,449.65,3840000.0,454.75,450.62999999999994,46.967167501391174,0.02150838128606661,BEARISH,RSI_NORMAL,LOW_VOLATILITY
2021-12-31,455.5,477.35,455.5,475.55,18260000.0,458.08000000000004,453.175,57.68206039076377,0.02427830922847877,BULLISH,RSI_NORMAL,HIGH_VOLATILITY
2022-01-03,475.55,479.95,472.1,478.05,5550000.0,463.13,456.00999999999993,57.321988356471124,0.024064566095964142,BULLISH,RSI_NORMAL,HIGH_VOLATILITY
2022-01-04,479.0,481.5,472.0,476.1,5060000.0,466.71999999999997,457.68999999999994,58.049886621315196,0.021848147446709664,BULLISH,RSI_NORMAL,HIGH_VOLATILITY
2022-01-05,473.2,479.4,472.0,475.35,4490000.0,470.93999999999994,458.58500000000004,62.04556471158508,0.020702254878928766,BULLISH,RSI_NORMAL,LOW_VOLATILITY
2022-01-06,474.5,485.7,473.5,479.1,12130000.0,476.83000000000004,459.75750000000005,63.58517128108872,0.020689019847233224,BULLISH,RSI_NORMAL,LOW_VOLATILITY
2022-01-07,481.1,495.25,480.05,493.5,9300000.0,480.4200000000001,461.67750000000007,79.06641000962463,0.02154079512326312,BULLISH,RSI_HIGH,LOW_VOLATILITY
2022-01-10,497.0,497.3,490.05,492.9,4750000.0,483.39,463.41,75.74606619641887,0.021565030842542725,BULLISH,RSI_HIGH,LOW_VOLATILITY
2022-01-11,491.9,497.2,485.7,486.35,5350000.0,485.43999999999994,464.64250000000004,64.23267326732673,0.021879201305688635,BULLISH,RSI_NORMAL,HIGH_VOLATILITY
2022-01-12,494.0,500.85,491.0,497.95,9300000.0,489.96000000000004,466.62249999999995,70.28223574986166,0.022227511976434692,BULLISH,RSI_HIGH,HIGH_VOLATILITY
2022-01-13,502.2,509.0,499.15,507.5,9370000.0,495.64,469.47249999999997,74.92307692307696,0.02185777563356741,BULLISH,RSI_HIGH,HIGH_VOLATILITY
2022-01-14,506.0,509.5,503.0,506.35,5460000.0,498.21000000000004,472.28249999999997,78.9303079416532,0.02188530674475356,BULLISH,RSI_HIGH,HIGH_VOLATILITY
2022-01-17,509.0,509.0,496.0,505.95,6720000.0,500.82,475.925,77.28310502283107,0.019389835893140247,BULLISH,RSI_HIGH,LOW_VOLATILITY
2022-01-18,508.8,512.35,493.8,496.0,6190000.0,502.75,478.45250000000004,72.29044313934864,0.0196947086424761,BULLISH,RSI_HIGH,LOW_VOLATILITY
2022-01-19,495.2,506.25,490.3,504.8,5800000.0,504.12,480.525,78.18088911599389,0.018201461842781406,BULLISH,RSI_HIGH,LOW_VOLATILITY
2022-01-20,503.85,508.0,498.1,503.4,4240000.0,503.3,482.63,68.98432174505793,0.018162811806597824,BULLISH,RSI_NORMAL,LOW_VOLATILITY
2022-01-21,501.0,515.8,499.25,506.7,14170000.0,503.37,485.02,69.31894807821982,0.018020938153182474,BULLISH,RSI_NORMAL,LOW_VOLATILITY
2022-01-24,498.95,500.5,475.5,478.4,11020000.0,497.86,486.3,51.14427860696515,0.022311316751525374,BEARISH,RSI_NORMAL,HIGH_VOLATILITY
2022-01-25,475.55,486.5,474.65,485.75,5500000.0,495.81000000000006,487.68,54.85527544351073,0.022399123782093685,BEARISH,RSI_NORMAL,HIGH_VOLATILITY
2022-01-27,482.6,492.85,478.45,489.15,6750000.0,492.68,489.425,54.70725995316157,0.02224141107046873,BEARISH,RSI_NORMAL,HIGH_VOLATILITY
2022-01-28,493.05,506.6,488.45,490.35,6620000.0,490.07,491.46000000000004,48.31640833778729,0.021999138498591485,BEARISH,RSI_NORMAL,HIGH_VOLATILITY
2022-01-31,498.9,499.75,488.15,489.05,4850000.0,486.5400000000001,492.13499999999993,47.95755968169763,0.018142619173676145,BEARISH,RSI_NORMAL,LOW_VOLATILITY
2022-02-01,492.8,512.65,487.7,511.0,9810000.0,493.06000000000006,493.78249999999997,61.24031007751936,0.02056911299624433,BULLISH,RSI_NORMAL,LOW_VOLATILITY
2022-02-02,515.0,518.4,507.65,513.95,7280000.0,498.7,495.675,57.920792079207935,0.020494862051006108,BULLISH,RSI_NORMAL,LOW_VOLATILITY
2022-02-03,513.0,516.5,509.0,512.65,5080000.0,503.4,497.53999999999996,52.776280323450116,0.020509709677588462,BULLISH,RSI_NORMAL,LOW_VOLATILITY
2022-02-04,513.0,528.5,512.05,525.15,12630000.0,510.36,499.8424999999999,59.02977905859746,0.02100066898048453,BULLISH,RSI_NORMAL,LOW_VOLATILITY
2022-02-07,527.85,533.25,519.45,522.6,10940000.0,517.0699999999999,501.29749999999996,57.83529411764706,0.02022851511019363,BULLISH,RSI_NORMAL,LOW_VOLATILITY
2022-02-08,526.0,533.1,514.05,526.8,9860000.0,520.2299999999999,502.9925,65.32338308457707,0.02023126925046587,BULLISH,RSI_NORMAL,LOW_VOLATILITY
2022-02-09,536.0,544.4,532.1,542.3,9240000.0,525.9,505.78999999999996,67.490671641791,0.020613443106250583,BULLISH,RSI_NORMAL,LOW_VOLATILITY
2022-02-10,547.7,553.5,541.0,547.25,10910000.0,532.8199999999999,508.255,69.79683972911963,0.020188223310774432,BULLISH,RSI_NORMAL,LOW_VOLATILITY
2022-02-11,547.75,553.85,539.5,542.7,9110000.0,536.3299999999999,510.01500000000004,66.07142857142858,0.02010255390980077,BULLISH,RSI_NORMAL,LOW_VOLATILITY
2022-02-14,531.0,533.95,519.7,521.25,5000000.0,536.06,510.76000000000005,70.37565382786495,0.022278718873399234,BULLISH,RSI_HIGH,HIGH_VOLATILITY
2022-02-15,526.45,536.35,513.7,533.85,8230000.0,537.47,512.155,71.78442028985506,0.02282506446870049,BULLISH,RSI_HIGH,HIGH_VOLATILITY
2022-02-16,536.85,538.0,526.2,529.3,4350000.0,534.87,513.8199999999999,67.99641416405196,0.022375866850888857,BULLISH,RSI_NORMAL,HIGH_VOLATILITY
2022-02-17,533.8,540.75,528.3,532.55,5340000.0,531.93,515.2075,68.57394366197178,0.02213616810905789,BULLISH,RSI_NORMAL,HIGH_VOLATILITY
2022-02-18,531.0,537.8,528.0,529.6,3340000.0,529.3100000000001,516.5175,67.59219088937093,0.022182166848554275,BULLISH,RSI_NORMAL,HIGH_VOLATILITY
2022-02-21,528.5,529.0,511.2,512.0,6310000.0,527.46,516.7825,50.45085662759242,0.02356638184329823,BEARISH,RSI_NORMAL,HIGH_VOLATILITY
2022-02-22,501.9,519.25,501.55,516.2,10660000.0,523.93,518.6725,51.00312082032991,0.019458553049307027,BEARISH,RSI_NORMAL,LOW_VOLATILITY
2022-02-23,519.8,523.25,515.65,518.7,8930000.0,521.8100000000001,520.3199999999999,52.66872518747246,0.019276233990327095,BEARISH,RSI_NORMAL,LOW_VOLATILITY
2022-02-24,505.1,527.4,505.1,517.65,24820000.0,518.8299999999999,521.745,46.31992149165849,0.019294709099925554,BEARISH,RSI_NORMAL,LOW_VOLATILITY
2022-02-25,525.0,546.9,523.1,533.9,13820000.0,519.6899999999999,523.9225,54.88754325259513,0.02030899507109925,BULLISH,RSI_NORMAL,LOW_VOLATILITY
2022-02-28,537.0,580.05,531.8,573.75,35210000.0,532.04,528.1575,65.52066115702479,0.025559709928223547,BULLISH,RSI_NORMAL,HIGH_VOLATILITY
2022-03-02,575.25,614.25,575.25,600.1,41250000.0,548.82,532.6125,67.82850092535472,0.025639168184305273,BULLISH,RSI_NORMAL,HIGH_VOLATILITY
2022-03-03,613.9,613.9,596.9,606.3,18680000.0,566.3399999999999,537.23,68.0746862565044,0.025635073930168003,BULLISH,RSI_NORMAL,HIGH_VOLATILITY
2022-03-04,607.8,618.0,580.6,583.8,20490000.0,579.57,540.7875,61.33480419194701,0.027522260954909554,BULLISH,RSI_NORMAL,HIGH_VOLATILITY
2022-03-07,586.75,623.0,586.75,619.75,20960000.0,596.74,545.5175,75.15321756894788,0.02991997518567579,BULLISH,RSI_HIGH,HIGH_VOLATILITY
2022-03-08,618.0,618.0,587.35,589.95,19480000.0,599.98,548.885,63.16901408450704,0.03241109090682962,BULLISH,RSI_NORMAL,HIGH_VOLATILITY
2022-03-09,591.3,598.95,585.1,588.05,15690000.0,597.57,551.9475,63.9648205371999,0.032482007874401704,BULLISH,RSI_NORMAL,HIGH_VOLATILITY
2022-03-10,573.5,596.5,569.8,593.8,14820000.0,595.0699999999999,554.5225,64.3880667136481,0.03203064531413484,BULLISH,RSI_NORMAL,HIGH_VOLATILITY
2022-03-11,595.0,603.0,585.75,589.1,7640000.0,596.13,556.615,63.86300093196644,0.03214234435474983,BULLISH,RSI_NORMAL,HIGH_VOLATILITY
2022-03-14,585.9,593.55,578.25,590.8,7900000.0,590.3399999999999,559.02,69.82888777050829,0.032010577231989225,BULLISH,RSI_NORMAL,HIGH_VOLATILITY
2022-03-15,580.0,581.9,555.95,559.75,13010000.0,584.3,560.9449999999999,59.65417867435157,0.03307386139624579,BEARISH,RSI_NORMAL,HIGH_VOLATILITY
2022-03-16,568.7,575.4,563.3,572.7,10490000.0,581.2299999999999,562.8875,61.440677966101696,0.033041498173339214,BULLISH,RSI_NORMAL,HIGH_VOLATILITY
2022-03-17,575.05,584.4,573.85,576.8,11580000.0,577.83,565.2625,62.371888726207914,0.0329136928228317,BULLISH,RSI_NORMAL,HIGH_VOLATILITY
2022-03-21,584.0,600.95,582.55,589.95,14160000.0,578.0,568.1324999999999,61.877516422970984,0.033158809314536436,BULLISH,RSI_NORMAL,HIGH_VOLATILITY
2022-03-22,599.8,602.85,587.2,593.45,7490000.0,578.53,571.325,54.93486973947897,0.033054131200591245,BULLISH,RSI_NORMAL,HIGH_VOLATILITY
2022-03-23,601.0,611.8,597.5,608.45,13580000.0,588.27,576.1475,52.21779548472776,0.03194900273005389,BULLISH,RSI_NORMAL,HIGH_VOLATILITY
2022-03-24,610.2,626.2,610.0,621.95,12140000.0,598.1200000000001,581.435,54.00153413449248,0.03207998391003017,BULLISH,RSI_NORMAL,HIGH_VOLATILITY
2022-03-25,621.05,630.95,616.65,622.7,11090000.0,607.3,586.635,61.19102416570774,0.03212013240565823,BULLISH,RSI_NORMAL,HIGH_VOLATILITY
2022-03-28,621.5,634.8,617.0,630.2,7080000.0,615.3500000000001,592.2625,53.59477124183009,0.032004487621831355,BULLISH,RSI_NORMAL,HIGH_VOLATILITY
2022-03-29,630.0,636.0,624.5,631.3,5250000.0,622.92,597.1324999999999,67.7239605657951,0.03166430108145631,BULLISH,RSI_NORMAL,HIGH_VOLATILITY
2022-03-30,622.0,622.0,598.85,599.8,11200000.0,621.19,598.435,54.017094017094024,0.030267776637580374,BULLISH,RSI_NORMAL,HIGH_VOLATILITY
2022-03-31,600.0,600.3,568.15,569.5,23500000.0,610.7,596.905,42.886416861826696,0.030691525456407787,BEARISH,RSI_NORMAL,HIGH_VOLATILITY
2022-04-01,569.9,577.0,561.45,570.5,15300000.0,600.26,595.115,44.434470377019736,0.030567446755932853,BEARISH,RSI_NORMAL,HIGH_VOLATILITY
2022-04-04,572.0,589.65,569.05,587.5,15850000.0,591.72,595.3,49.09539473684212,0.030250387047892756,BEARISH,RSI_NORMAL,HIGH_VOLATILITY
2022-04-05,590.95,590.95,582.05,586.85,7070000.0,582.83,593.655,58.91447368421054,0.026649754926685313,BEARISH,RSI_NORMAL,HIGH_VOLATILITY
2022-04-06,582.95,589.45,576.05,581.25,9650000.0,579.12,593.22,52.955409609402,0.024475696671234972,BEARISH,RSI_NORMAL,HIGH_VOLATILITY
2022-04-07,581.4,584.9,569.0,574.75,9360000.0,580.17,592.5550000000001,49.302958177490666,0.02458758828720338,BEARISH,RSI_NORMAL,HIGH_VOLATILITY
2022-04-08,579.4,584.55,578.3,581.75,7160000.0,582.42,591.9525,47.090134847409495,0.02464800590107312,BEARISH,RSI_NORMAL,HIGH_VOLATILITY
2022-04-11,583.4,587.45,574.55,576.35,8300000.000000001,580.1899999999999,591.315,44.012605042016794,0.024670866033327056,BEARISH,RSI_NORMAL,HIGH_VOLATILITY
2022-04-12,570.6,570.8,538.6,542.35,16700000.0,571.29,588.8925,29.57354758961678,0.027858456781063905,BEARISH,RSI_LOW,HIGH_VOLATILITY
2022-04-13,547.0,551.9,543.55,546.75,7400000.0,564.39,588.2425000000001,25.37655533726256,0.02548249816353084,BEARISH,RSI_LOW,HIGH_VOLATILITY
2022-04-18,544.95,555.65,537.4,545.35,7550000.0,558.51,586.875,24.779915226605766,0.024848940601992588,BEARISH,RSI_LOW,HIGH_VOLATILITY
2022-04-19,552.0,556.2,537.6,540.8,8140000.000000001,550.3199999999999,585.075,20.279255319148874,0.024785168767191116,BEARISH,RSI_LOW,HIGH_VOLATILITY
2022-04-20,544.95,549.0,536.6,545.0,4730000.0,544.05,582.8275000000001,21.889250814332257,0.024184900985294123,BEARISH,RSI_LOW,HIGH_VOLATILITY
2022-04-21,545.0,547.35,531.45,540.25,8580000.0,543.6299999999999,580.1675,26.508875739644978,0.02410041350617837,BEARISH,RSI_LOW,HIGH_VOLATILITY
2022-04-22,529.0,529.85,513.3,514.15,23870000.0,537.1099999999999,575.4525,27.41738066095472,0.024933631045946543,BEARISH,RSI_LOW,HIGH_VOLATILITY
2022-04-25,502.65,508.5,492.25,495.5,10750000.0,527.14,569.13,23.252496433666195,0.02462303089181381,BEARISH,RSI_LOW,HIGH_VOLATILITY
2022-04-26,498.0,500.9,489.75,493.45,11620000.0,517.67,562.6675,12.45508982035929,0.024512300042803234,BEARISH,RSI_LOW,HIGH_VOLATILITY
2022-04-27,489.0,497.6,476.45,492.3,17620000.0,507.13,555.7725,12.405566600397634,0.023997965764658496,BEARISH,RSI_LOW,HIGH_VOLATILITY
2022-04-28,502.0,502.0,480.0,488.6,25040000.0,496.8,548.6375,12.595882115462274,0.02380754098946774,BEARISH,RSI_LOW,HIGH_VOLATILITY
2022-04-29,493.0,497.8,479.25,482.65,12460000.0,490.5,542.78,12.652068126520689,0.02211952406858425,BEARISH,RSI_LOW,HIGH_VOLATILITY
2022-05-02,477.85,486.0,469.5,484.4,14630000.0,488.28000000000003,538.525,8.767471410419319,0.020203255014478273,BEARISH,RSI_LOW,LOW_VOLATILITY
2022-05-04,483.0,483.0,459.0,461.65,10370000.0,481.91999999999996,533.0825,7.644017725258507,0.021852583174399684,BEARISH,RSI_LOW,HIGH_VOLATILITY
2022-05-05,470.0,475.9,460.2,461.6,6330000.0,475.78000000000003,526.7875,10.202069985214408,0.01990051224944145,BEARISH,RSI_LOW,LOW_VOLATILITY
2022-05-06,450.0,454.25,439.0,443.75,8600000.0,466.81000000000006,519.6324999999999,5.178416013925187,0.020599164511098937,BEARISH,RSI_LOW,LOW_VOLATILITY
2022-05-09,433.85,448.55,429.5,444.1,10770000.0,459.1,512.775,5.533596837944728,0.020836320080962496,BEARISH,RSI_LOW,LOW_VOLATILITY
2022-05-10,435.0,442.3,420.3,423.0,9660000.0,446.82,505.1875,4.831288343558342,0.022194630319258182,BEARISH,RSI_LOW,HIGH_VOLATILITY
2022-05-11,423.0,429.9,413.95,422.55,14200000.0,439.0,497.22749999999996,1.6581129095933846,0.021529581938131124,BEARISH,RSI_LOW,LOW_VOLATILITY
2022-05-12,416.0,422.0,394.6,405.85,23830000.0,427.85,488.7025,1.5151515151515298,0.02211399888794826,BEARISH,RSI_LOW,HIGH_VOLATILITY
2022-05-13,411.0,414.45,384.95,388.0,17010000.0,416.7,480.98499999999996,1.6110471806674553,0.020836882317150404,BEARISH,RSI_LOW,LOW_VOLATILITY
2022-05-16,395.8,400.8,385.0,390.95,13900000.0,406.07,473.195,4.404709986916714,0.020805615458166123,BEARISH,RSI_LOW,LOW_VOLATILITY
2022-05-17,399.0,437.3,398.05,428.4,37770000.0,407.15,467.3475,28.323892035987996,0.032558037690762084,BEARISH,RSI_LOW,HIGH_VOLATILITY
2022-05-18,434.5,438.4,423.5,436.1,18050000.0,409.86,462.1125,32.056194125159664,0.03321757511685234,BEARISH,RSI_NORMAL,HIGH_VOLATILITY
2022-05-19,422.1,425.95,413.8,417.0,10320000.0,412.09,455.7125,29.186046511627907,0.03374764058768053,BEARISH,RSI_LOW,HIGH_VOLATILITY
2022-05-20,432.0,435.0,421.05,429.1,9700000.0,420.31000000000006,450.15500000000003,34.97053045186642,0.03501675213338261,BEARISH,RSI_NORMAL,HIGH_VOLATILITY
2022-05-23,418.0,420.7,399.35,413.15,15830000.0,424.75,445.105,31.47907460358722,0.03447437777804492,BEARISH,RSI_NORMAL,HIGH_VOLATILITY
2022-05-24,414.4,415.5,400.0,400.8,12840000.0,419.23,440.37,33.27837317944493,0.034250350863635155,BEARISH,RSI_NORMAL,HIGH_VOLATILITY
2022-05-25,405.0,405.05,389.7,396.85,11100000.0,411.38,435.53999999999996,32.58003766478345,0.03422267116952391,BEARISH,RSI_NORMAL,HIGH_VOLATILITY
2022-05-26,406.5,410.5,392.6,407.85,13390000.0,409.55000000000007,431.3175,39.97206703910615,0.035235036684273954,BEARISH,RSI_NORMAL,HIGH_VOLATILITY
2022-05-27,423.1,426.95,406.1,409.15,20350000.0,405.56,427.34499999999997,40.28896915809946,0.035336475055146185,BEARISH,RSI_NORMAL,HIGH_VOLATILITY
2022-05-30,410.0,419.5,405.6,416.75,7160000.0,406.28000000000003,424.05,48.122559327125266,0.035822343791313604,BEARISH,RSI_NORMAL,HIGH_VOLATILITY
2022-05-31,414.9,428.5,412.0,422.55,39120000.0,410.63,420.9575,50.0,0.03605185016013301,BULLISH,RSI_NORMAL,HIGH_VOLATILITY
2022-06-01,421.0,422.0,406.2,410.65,12550000.0,413.39,418.40749999999997,51.43712574850297,0.03516710008549251,BEARISH,RSI_NORMAL,HIGH_VOLATILITY
2022-06-02,408.0,414.4,406.4,409.9,7200000.0,413.8,415.82250000000005,57.3048699132755,0.03515595503027161,BEARISH,RSI_NORMAL,HIGH_VOLATILITY
2022-06-03,414.0,416.9,405.3,406.75,12230000.0,413.32,413.9725,55.26315789473684,0.034281918420458524,BEARISH,RSI_NORMAL,HIGH_VOLATILITY
2022-06-06,402.6,410.7,395.95,409.15,8810000.0,411.8,412.225,41.63407214254673,0.03433689960540236,BEARISH,RSI_NORMAL,HIGH_VOLATILITY
2022-06-07,407.95,413.0,402.2,404.2,7640000.0,408.13,411.285,35.79697239536954,0.03283001754094774,BEARISH,RSI_NORMAL,HIGH_VOLATILITY
2022-06-08,402.0,407.0,401.1,403.5,6910000.0,406.7,410.3325,42.81150159744409,0.032829602674998626,BEARISH,RSI_NORMAL,HIGH_VOLATILITY
2022-06-09,399.0,402.3,393.4,399.75,8800000.0,404.66999999999996,410.02750000000003,32.84628872004674,0.03167724744724302,BEARISH,RSI_NORMAL,HIGH_VOLATILITY
2022-06-10,390.0,391.8,382.75,385.75,14540000.0,400.46999999999997,409.9150000000001,33.61244019138756,0.031084639058044213,BEARISH,RSI_NORMAL,HIGH_VOLATILITY
2022-06-13,377.8,377.8,360.5,366.45,12270000.0,391.93,408.68999999999994,31.03257868580893,0.0329723456913145,BEARISH,RSI_NORMAL,HIGH_VOLATILITY
2022-06-14,363.85,369.6,357.35,358.3,11270000.0,382.75,405.185,29.6569920844327,0.023658880417276606,BEARISH,RSI_LOW,HIGH_VOLATILITY
2022-06-15,360.0,362.9,356.05,357.5,8390000.0,373.55,401.255,20.22471910112357,0.022881868766146667,BEARISH,RSI_LOW,HIGH_VOLATILITY
2022-06-16,360.4,363.75,332.3,336.1,16610000.0,360.82,397.21,15.097945532728161,0.024377059502789757,BEARISH,RSI_LOW,HIGH_VOLATILITY
2022-06-17,333.0,342.55,325.85,333.7,18610000.0,350.40999999999997,392.44,8.245349421819995,0.0225707095975845,BEARISH,RSI_LOW,HIGH_VOLATILITY
2022-06-20,331.0,334.6,308.95,321.5,20650000.0,341.41999999999996,387.85749999999996,2.2673594709494296,0.022535583459698093,BEARISH,RSI_LOW,HIGH_VOLATILITY
2022-06-21,327.6,343.5,325.6,339.25,15210000.0,337.61,384.78000000000003,18.039391226499546,0.026676433254362742,BEARISH,RSI_LOW,HIGH_VOLATILITY
2022-06-22,334.0,334.0,315.45,316.45,19180000.0,329.4,380.76,15.06542056074764,0.029791368425395662,BEARISH,RSI_LOW,HIGH_VOLATILITY
2022-06-23,317.0,327.65,311.1,317.6,18760000.0,325.7,376.2475,16.166982922201157,0.028614738695386666,BEARISH,RSI_LOW,HIGH_VOLATILITY
2022-06-24,321.7,324.95,316.6,322.3,11620000.0,323.41999999999996,371.90500000000003,17.605371130175314,0.029054212234378887,BEARISH,RSI_LOW,HIGH_VOLATILITY
2022-06-27,331.5,338.0,326.35,329.95,15010000.0,325.11,367.565,22.85191956124315,0.029356268354594973,BEARISH,RSI_LOW,HIGH_VOLATILITY
2022-06-28,328.45,345.25,325.3,343.55,15740000.0,325.96999999999997,363.615,29.969929836284678,0.03116448735655053,BEARISH,RSI_LOW,HIGH_VOLATILITY
2022-06-29,339.45,345.6,335.05,344.15,12660000.0,331.51,360.29,31.02389078498294,0.03095538351786763,BEARISH,RSI_NORMAL,HIGH_VOLATILITY
2022-06-30,345.0,349.9,337.05,338.65,21230000.0,335.71999999999997,356.72749999999996,32.93478260869564,0.030960573776433797,BEARISH,RSI_NORMAL,HIGH_VOLATILITY
2022-07-01,335.0,342.9,330.25,341.15,11280000.0,339.48999999999995,353.4475,39.56270627062706,0.03117788634959875,BEARISH,RSI_NORMAL,HIGH_VOLATILITY
2022-07-04,338.0,342.0,326.65,340.5,10910000.0,341.6,350.015,42.17238346525945,0.03103946592297947,BEARISH,RSI_NORMAL,HIGH_VOLATILITY
2022-07-05,341.75,356.9,341.75,345.25,20930000.0,341.93999999999994,347.0675,44.793880152996174,0.0314324501118405,BEARISH,RSI_NORMAL,HIGH_VOLATILITY
2022-07-06,339.8,342.3,327.8,340.95,22320000.0,341.3,343.94,52.4117354549975,0.031422548273888525,BEARISH,RSI_NORMAL,HIGH_VOLATILITY
2022-07-07,347.85,364.5,341.3,361.65,18700000.0,345.9,342.03499999999997,61.758519141775345,0.034960622293241816,BULLISH,RSI_NORMAL,HIGH_VOLATILITY
2022-07-08,368.0,368.0,351.1,357.55,25510000.0,349.18,340.625,66.27539503386006,0.03426339003594438,BULLISH,RSI_NORMAL,HIGH_VOLATILITY
2022-07-11,352.0,363.3,347.8,356.2,13750000.0,352.32,340.1125,58.98251192368839,0.03245101456492635,BULLISH,RSI_NORMAL,HIGH_VOLATILITY
2022-07-12,350.0,356.0,341.6,346.9,16900000.0,352.65,339.5425,68.83116883116884,0.03259601871523484,BULLISH,RSI_NORMAL,HIGH_VOLATILITY
2022-07-13,346.0,351.9,344.0,348.9,13690000.0,354.23999999999995,339.1125,69.15544675642595,0.032630547536399906,BULLISH,RSI_NORMAL,HIGH_VOLATILITY
2022-07-14,354.5,354.5,346.5,349.1,9510000.0,351.73,339.7625,67.35751295336789,0.029514012047925933,BULLISH,RSI_NORMAL,HIGH_VOLATILITY
2022-07-15,344.6,351.9,344.6,350.55,10060000.0,350.33,340.605,64.50704225352115,0.02943154613567317,BULLISH,RSI_NORMAL,HIGH_VOLATILITY
2022-07-18,355.9,368.1,354.2,367.1,13860000.0,352.51000000000005,342.885,65.92292089249494,0.029484540714775055,BULLISH,RSI_NORMAL,HIGH_VOLATILITY
2022-07-19,364.5,371.35,363.3,367.95,10870000.0,356.71999999999997,344.32,66.03773584905662,0.027224475393011933,BULLISH,RSI_NORMAL,HIGH_VOLATILITY
2022-07-20,375.0,376.2,367.4,369.35,10150000.0,360.81000000000006,346.96500000000003,71.8972895863053,0.021398330832869395,BULLISH,RSI_HIGH,LOW_VOLATILITY
2022-07-21,371.65,379.5,370.85,375.95,12520000.0,366.18,349.8825,73.45013477088949,0.021483028270610483,BULLISH,RSI_HIGH,LOW_VOLATILITY
2022-07-22,378.75,382.0,376.75,381.25,9500000.0,372.32,352.83,75.84020291693088,0.021473098107243783,BULLISH,RSI_HIGH,LOW_VOLATILITY
2022-07-25,381.0,388.55,380.3,387.05,7730000.0,376.31000000000006,355.685,76.15769712140175,0.02124125593217402,BULLISH,RSI_HIGH,LOW_VOLATILITY
2022-07-26,387.4,389.4,381.05,381.9,5530000.0,379.1,357.60249999999996,75.35603715170276,0.02025979640564589,BULLISH,RSI_HIGH,LOW_VOLATILITY
2022-07-27,381.9,389.85,379.15,388.65,4740000.0,382.96,359.8275,70.20958083832333,0.020417092088982926,BULLISH,RSI_HIGH,LOW_VOLATILITY
2022-07-28,394.0,395.25,385.9,392.4,7590000.0,386.24999999999994,362.515,76.22272385252063,0.019738521241428844,BULLISH,RSI_HIGH,LOW_VOLATILITY
2022-07-29,396.5,416.8,395.2,415.05,15510000.0,393.01000000000005,366.21,83.5327635327635,0.022700107328712974,BULLISH,RSI_HIGH,HIGH_VOLATILITY
2022-08-01,420.0,428.0,418.85,424.0,15540000.0,400.4,370.385,94.10755148741416,0.02265387443964671,BULLISH,RSI_HIGH,HIGH_VOLATILITY
2022-08-02,419.0,420.5,407.6,418.4,15540000.0,407.7,374.04249999999996,88.18681318681314,0.023289442173927824,BULLISH,RSI_HIGH,HIGH_VOLATILITY
2022-08-03,417.0,422.5,409.6,414.25,6880000.0,412.82,377.7075,84.30753027909424,0.023167872512390022,BULLISH,RSI_HIGH,HIGH_VOLATILITY
2022-08-04,427.0,433.0,418.4,421.7,20680000.0,418.68,380.71,85.24021792966812,0.020002382989828944,BULLISH,RSI_HIGH,LOW_VOLATILITY
2022-08-05,422.95,426.5,409.05,410.8,12220000.0,417.8299999999999,383.3725,72.92759706190975,0.0209762433526332,BULLISH,RSI_HIGH,LOW_VOLATILITY
2022-08-08,414.9,422.55,414.0,421.4,7640000.0,417.30999999999995,386.63250000000005,75.44026653974296,0.021205265273308176,BULLISH,RSI_HIGH,LOW_VOLATILITY
2022-08-10,423.05,444.4,416.6,440.1,23770000.0,421.65,391.29249999999996,78.91295463833265,0.02098027919199143,BULLISH,RSI_HIGH,LOW_VOLATILITY
2022-08-11,446.5,446.5,432.0,433.5,14870000.0,425.5,395.5225,73.51859419697588,0.021811298262269418,BULLISH,RSI_HIGH,HIGH_VOLATILITY
2022-08-12,435.65,442.7,433.0,436.25,9420000.0,428.41,399.88,72.9549248747913,0.021702100853496817,BULLISH,RSI_HIGH,HIGH_VOLATILITY
2022-08-16,434.0,434.75,422.35,428.9,11150000.0,432.03000000000003,403.7975,67.24351050679849,0.02256347278277616,BULLISH,RSI_NORMAL,HIGH_VOLATILITY
2022-08-17,430.95,442.4,426.6,438.95,12300000.0,435.53999999999996,407.39,72.59405940594058,0.021099248336945754,BULLISH,RSI_HIGH,LOW_VOLATILITY
2022-08-18,437.0,441.0,433.65,438.05,6760000.0,435.13,410.895,70.51495016611297,0.021196433438209948,BULLISH,RSI_HIGH,LOW_VOLATILITY
2022-08-19,442.0,442.0,425.1,427.35,8119999.999999999,433.9,413.79499999999996,63.722025912838646,0.022460681199981253,BULLISH,RSI_NORMAL,HIGH_VOLATILITY
2022-08-22,422.0,425.4,416.35,418.5,7410000.0,430.35,415.9225,51.51915455746367,0.023173627029240425,BULLISH,RSI_NORMAL,HIGH_VOLATILITY
2022-08-23,415.05,431.8,413.85,427.9,8610000.0,430.15,418.255,51.71052631578946,0.02340878837037055,BULLISH,RSI_NORMAL,HIGH_VOLATILITY
2022-08-24,430.0,432.15,425.2,428.85,6540000.0,428.13,420.34499999999997,54.77823502514863,0.023321106530290195,BULLISH,RSI_NORMAL,HIGH_VOLATILITY
2022-08-25,430.95,436.75,429.7,432.75,6820000.0,427.07,422.8875,58.47846012832263,0.022909937906720943,BULLISH,RSI_NORMAL,HIGH_VOLATILITY
2022-08-26,436.2,445.45,436.0,440.05,11050000.0,429.61,425.4575,58.42129417163837,0.02288997778837634,BULLISH,RSI_NORMAL,HIGH_VOLATILITY
2022-08-29,418.05,433.0,418.05,430.2,7720000.0,431.95,427.3475,58.98980537534752,0.02376039028287995,BULLISH,RSI_NORMAL,HIGH_VOLATILITY
2022-08-30,434.0,441.6,433.35,439.0,8820000.0,434.16999999999996,428.54499999999996,58.294062205466545,0.020656381869387994,BULLISH,RSI_NORMAL,LOW_VOLATILITY
2022-09-01,424.0,431.6,420.8,421.95,14090000.0,432.78999999999996,428.4425,41.31163235998084,0.022161776527851413,BEARISH,RSI_NORMAL,HIGH_VOLATILITY
2022-09-02,424.1,425.2,413.25,414.9,10100000.0,429.21999999999997,428.26750000000004,41.13441372735939,0.022284980482640014,BEARISH,RSI_NORMAL,HIGH_VOLATILITY
2022-09-05,415.0,430.2,415.0,429.3,14710000.0,427.07,429.02,47.01844701844703,0.023462037995761076,BULLISH,RSI_NORMAL,HIGH_VOLATILITY
2022-09-06,430.45,432.9,427.1,430.95,6180000.0,427.21999999999997,429.48249999999996,50.924672981506546,0.023167701486087173,BULLISH,RSI_NORMAL,HIGH_VOLATILITY
2022-09-07,424.25,433.55,422.7,432.85,7040000.0,425.98999999999995,430.58500000000004,47.03018500486857,0.02226938574357526,BULLISH,RSI_NORMAL,HIGH_VOLATILITY
2022-09-08,435.5,436.95,419.15,420.55,12080000.0,425.71000000000004,430.5425,42.33128834355829,0.022625806112756896,BEARISH,RSI_NORMAL,HIGH_VOLATILITY
2022-09-09,426.0,430.65,423.25,426.0,8000000.0,427.93,429.8375,49.37988056959117,0.02037140618775102,BEARISH,RSI_NORMAL,LOW_VOLATILITY
2022-09-12,432.0,432.9,428.65,431.15,5530000.0,428.3,429.71999999999997,56.01521635758439,0.020322242516012258,BULLISH,RSI_NORMAL,LOW_VOLATILITY
2022-09-13,432.25,439.3,432.25,436.65,7630000.0,429.43999999999994,429.73999999999995,54.32098765432099,0.020478832033004834,BULLISH,RSI_NORMAL,LOW_VOLATILITY
2022-09-14,426.0,447.9,424.1,442.0,12390000.0,431.27,430.395,56.2233790818741,0.020232701628877817,BULLISH,RSI_NORMAL,LOW_VOLATILITY
2022-09-15,439.5,439.5,423.75,424.4,13040000.0,432.03999999999996,429.6675,46.50188521156262,0.021557142751943738,BEARISH,RSI_NORMAL,LOW_VOLATILITY
2022-09-16,424.0,424.3,405.8,412.5,14830000.0,429.34,428.39,38.88664784187172,0.022362752791628884,BEARISH,RSI_NORMAL,HIGH_VOLATILITY
2022-09-19,414.6,416.25,405.65,412.15,6080000.0,425.53999999999996,427.63,42.11446046308432,0.021774249942743806,BEARISH,RSI_NORMAL,HIGH_VOLATILITY
2022-09-20,416.0,427.5,415.8,421.45,8760000.0,422.5,427.7775,42.3662461939974,0.021923133477426502,BEARISH,RSI_NORMAL,HIGH_VOLATILITY
2022-09-21,417.9,423.9,410.8,411.35,6860000.0,416.37,426.95,45.09259259259261,0.02194236142836247,BEARISH,RSI_NORMAL,HIGH_VOLATILITY
2022-09-22,409.0,415.0,403.5,412.1,8700000.0,413.90999999999997,426.1125,48.6234021632252,0.021938770746393502,BEARISH,RSI_NORMAL,HIGH_VOLATILITY
2022-09-23,410.7,412.7,394.45,396.35,9230000.0,410.68,424.2925,34.01261523532267,0.02322024863790615,BEARISH,RSI_NORMAL,HIGH_VOLATILITY
2022-09-26,390.0,390.0,369.6,373.4,13090000.0,402.93,420.96000000000004,26.859670285484526,0.02556332092503197,BEARISH,RSI_LOW,HIGH_VOLATILITY
2022-09-27,375.3,379.95,365.1,373.6,14930000.0,393.36,418.13,25.845902975947837,0.025391304441794056,BEARISH,RSI_LOW,HIGH_VOLATILITY
2022-09-28,368.0,372.1,358.8,360.75,10750000.0,383.24,414.21750000000003,25.73051948051949,0.025263692636344492,BEARISH,RSI_LOW,HIGH_VOLATILITY
2022-09-29,366.75,376.9,366.0,371.2,14020000.0,375.06,411.68,28.62714508580345,0.025660344294447066,BEARISH,RSI_LOW,HIGH_VOLATILITY
2022-09-30,376.0,395.35,375.15,390.55,17710000.0,373.9,410.4625,35.744382022471925,0.028605846862625857,BEARISH,RSI_NORMAL,HIGH_VOLATILITY
2022-10-03,389.0,389.45,379.1,380.95,8500000.0,375.40999999999997,408.04499999999996,30.98976109215019,0.027586985356888152,BEARISH,RSI_NORMAL,HIGH_VOLATILITY
2022-10-04,396.0,400.9,390.3,394.05,9020000.0,379.5,406.2,34.45705024311185,0.02894872854514743,BEARISH,RSI_NORMAL,HIGH_VOLATILITY
2022-10-06,402.0,413.95,399.4,412.65,11760000.0,389.88,405.19,46.2157809983897,0.031108938087194508,BULLISH,RSI_NORMAL,HIGH_VOLATILITY
2022-10-07,409.95,411.95,405.8,411.1,5240000.0,397.86,404.71750000000003,49.516908212560395,0.03048620178599337,BULLISH,RSI_NORMAL,HIGH_VOLATILITY
2022-10-10,403.5,409.15,400.0,407.5,6520000.0,401.25,403.7925,48.430644616942295,0.030360836113061725,BULLISH,RSI_NORMAL,HIGH_VOLATILITY
2022-10-11,403.0,412.45,393.9,396.05,7050000.0,404.27,402.0375,41.550232867598154,0.030722409806195533,BEARISH,RSI_NORMAL,HIGH_VOLATILITY
2022-10-12,398.05,401.4,391.75,400.2,6580000.0,405.5,400.21500000000003,46.1378593695878,0.030662004341685492,BEARISH,RSI_NORMAL,HIGH_VOLATILITY
2022-10-13,411.0,416.5,400.0,401.55,16570000.0,403.28000000000003,398.1925,46.36081407381856,0.03047953133449975,BULLISH,RSI_NORMAL,HIGH_VOLATILITY
2022-10-14,411.25,411.25,396.4,397.15,6120000.0,400.49,396.83000000000004,50.29940119760477,0.02937486004726214,BULLISH,RSI_NORMAL,HIGH_VOLATILITY
2022-10-17,395.05,395.9,386.3,388.3,8970000.0,396.65,395.62,56.234309623430974,0.029142910190844803,BEARISH,RSI_NORMAL,HIGH_VOLATILITY
2022-10-18,391.5,398.4,391.35,393.45,7080000.0,396.13,394.685,57.97509039775009,0.02935796453703319,BEARISH,RSI_NORMAL,HIGH_VOLATILITY
2022-10-19,394.0,398.1,389.5,390.3,6210000.0,394.15,393.1275,62.87581699346406,0.028807313010307464,BEARISH,RSI_NORMAL,HIGH_VOLATILITY
2022-10-20,383.0,396.7,380.1,395.2,8220000.000000001,392.88,392.32,60.98901098901099,0.028594346235156474,BULLISH,RSI_NORMAL,HIGH_VOLATILITY
2022-10-21,397.2,398.05,386.25,393.75,7990000.0,392.2,391.40250000000003,51.75246440306681,0.028585988809241843,BULLISH,RSI_NORMAL,HIGH_VOLATILITY
2022-10-24,395.0,398.85,394.35,395.55,793370.0,393.65,391.3625,58.74251497005991,0.027295799413954117,BULLISH,RSI_NORMAL,HIGH_VOLATILITY
2022-10-25,394.4,402.8,391.5,398.4,6160000.0,394.64,392.6125,52.96928327645049,0.023631379730911325,BULLISH,RSI_NORMAL,HIGH_VOLATILITY
2022-10-27,408.0,413.4,405.35,412.4,9750000.0,399.06,394.5525,49.817916970138384,0.02464729888241074,BULLISH,RSI_NORMAL,HIGH_VOLATILITY
2022-10-28,412.5,412.5,399.75,404.95,6570000.0,401.01,396.7625,45.8752515090543,0.023509459423368555,BULLISH,RSI_NORMAL,HIGH_VOLATILITY
2022-10-31,405.0,408.75,403.0,405.65,4260000.0,403.39,398.485,48.709002093510094,0.022893155716725806,BULLISH,RSI_NORMAL,HIGH_VOLATILITY
2022-11-01,406.0,415.0,406.0,414.4,7480000.0,407.15999999999997,399.67749999999995,63.306744017403915,0.020450050535016966,BULLISH,RSI_NORMAL,LOW_VOLATILITY
2022-11-02,414.75,426.85,414.0,421.3,11550000.0,411.73999999999995,401.695,64.71408647140868,0.01956489217581653,BULLISH,RSI_NORMAL,LOW_VOLATILITY
2022-11-03,415.0,415.9,408.95,410.35,7300000.0,411.33000000000004,402.51,55.412054120541214,0.019486578146841176,BULLISH,RSI_NORMAL,LOW_VOLATILITY
2022-11-04,412.45,432.0,412.0,430.55,13320000.0,416.45,403.40500000000003,67.19876416065915,0.019736221039966407,BULLISH,RSI_NORMAL,LOW_VOLATILITY
2022-11-07,432.0,438.9,426.3,437.5,9890000.0,422.82,404.725,75.8403361344538,0.0199151161702418,BULLISH,RSI_HIGH,LOW_VOLATILITY
2022-11-09,430.1,433.0,415.6,417.1,13900000.0,423.36,405.205,60.70620190131284,0.022724544975196347,BULLISH,RSI_NORMAL,HIGH_VOLATILITY
2022-11-10,415.3,420.4,412.75,415.1,5570000.0,422.12000000000006,406.15749999999997,61.34492223238794,0.021706536633832887,BULLISH,RSI_NORMAL,HIGH_VOLATILITY
2022-11-11,420.35,431.8,420.3,429.85,14060000.0,426.02,407.64,64.54049517415025,0.022878048634221534,BULLISH,RSI_NORMAL,HIGH_VOLATILITY
2022-11-14,435.0,458.65,434.05,455.55,30140000.0,431.02,410.34,71.54811715481173,0.026073674658020574,BULLISH,RSI_HIGH,HIGH_VOLATILITY
2022-11-15,456.0,460.55,449.55,456.9,11840000.0,434.9,413.3275,71.4585519412382,0.025762885690104733,BULLISH,RSI_HIGH,HIGH_VOLATILITY
2022-11-16,455.55,455.55,444.15,447.4,7140000.0,440.96000000000004,416.28249999999997,66.3770053475936,0.02567461522398836,BULLISH,RSI_NORMAL,HIGH_VOLATILITY
2022-11-17,443.45,444.4,436.5,440.45,6530000.0,446.03000000000003,418.6325,59.838653104173986,0.02613305685345845,BULLISH,RSI_NORMAL,HIGH_VOLATILITY
2022-11-18,440.5,443.9,434.45,438.6,6130000.0,447.78000000000003,421.0475,62.28550565899966,0.02603954605703468,BULLISH,RSI_NORMAL,HIGH_VOLATILITY
2022-11-21,439.8,444.45,428.4,430.55,6370000.0,442.78000000000003,422.81499999999994,58.627858627858636,0.02655281916585563,BULLISH,RSI_NORMAL,HIGH_VOLATILITY
2022-11-22,432.75,436.35,429.0,430.65,6110000.0,437.53000000000003,424.66,55.98967932178401,0.0265029686198661,BULLISH,RSI_NORMAL,HIGH_VOLATILITY
2022-11-23,434.5,439.3,431.55,433.35,6030000.0,434.71999999999997,426.55,54.58349182198555,0.026504851767622562,BULLISH,RSI_NORMAL,HIGH_VOLATILITY
2022-11-24,435.55,439.6,432.65,438.35,4730000.0,434.3,428.5475,61.15537848605579,0.026542327390181256,BULLISH,RSI_NORMAL,HIGH_VOLATILITY
2022-11-25,438.0,441.8,434.35,440.65,4800000.0,434.71000000000004,429.9599999999999,54.69330855018587,0.025587392776505003,BULLISH,RSI_NORMAL,HIGH_VOLATILITY
2022-11-28,435.0,436.5,429.0,431.15,5610000.0,434.83000000000004,431.2700000000001,47.11756695415341,0.025754672731692192,BEARISH,RSI_NORMAL,HIGH_VOLATILITY
2022-11-29,433.0,440.9,432.25,435.95,6520000.0,435.89,432.78499999999997,59.96827075621364,0.02580735294242004,BULLISH,RSI_NORMAL,HIGH_VOLATILITY
2022-11-30,438.75,451.95,438.15,450.7,13920000.0,439.36,434.6,66.58900279589935,0.026387919169810065,BULLISH,RSI_NORMAL,HIGH_VOLATILITY
2022-12-01,455.0,466.5,454.05,463.4,13240000.0,444.37,436.70500000000004,65.93824228028504,0.02678933076080695,BULLISH,RSI_NORMAL,HIGH_VOLATILITY
2022-12-02,463.3,470.4,458.0,461.1,6620000.0,448.46000000000004,439.2425,53.39034819792304,0.025902369356505566,BULLISH,RSI_NORMAL,HIGH_VOLATILITY
2022-12-05,466.15,483.85,466.15,481.2,14600000.0,458.46999999999997,441.775,62.07753479125251,0.02543575496786145,BULLISH,RSI_NORMAL,HIGH_VOLATILITY
2022-12-06,477.5,477.5,467.2,470.0,7410000.0,465.28000000000003,443.4,61.04594330400784,0.02611683996426168,BULLISH,RSI_NORMAL,HIGH_VOLATILITY
2022-12-07,470.0,472.1,463.1,464.3,5510000.0,468.0,445.76000000000005,61.801088570014876,0.023623377415861343,BULLISH,RSI_NORMAL,HIGH_VOLATILITY
2022-12-08,465.05,472.95,461.3,471.65,4900000.0,469.65,448.5875,65.5091506335054,0.02359425272713298,BULLISH,RSI_NORMAL,HIGH_VOLATILITY
2022-12-09,474.0,476.0,461.9,462.85,5410000.0,470.0,450.2375,65.05125815470646,0.02321329683775274,BULLISH,RSI_NORMAL,HIGH_VOLATILITY
2022-12-12,459.0,466.95,454.45,461.95,4810000.0,466.15,450.5575,64.47733580018505,0.01914686433638917,BULLISH,RSI_NORMAL,LOW_VOLATILITY
2022-12-13,464.3,466.0,457.3,458.1,4360000.0,463.77,450.6175,61.327231121281486,0.019248253479200627,BULLISH,RSI_NORMAL,LOW_VOLATILITY
2022-12-14,461.65,470.95,461.05,469.3,6640000.0,464.77,451.7125,63.404071026418386,0.019296641251849416,BULLISH,RSI_NORMAL,LOW_VOLATILITY
2022-12-15,467.0,470.65,459.0,461.0,3990000.0,462.64,452.74000000000007,58.37793330588722,0.019408551270785366,BULLISH,RSI_NORMAL,LOW_VOLATILITY
2022-12-16,458.0,462.75,452.55,456.75,6460000.0,461.41999999999996,453.64750000000004,61.015490533562854,0.019531255220990425,BULLISH,RSI_NORMAL,LOW_VOLATILITY
2022-12-19,459.0,463.0,455.05,460.15,3690000.0,461.06000000000006,455.12750000000005,60.54006968641117,0.018944822838676423,BULLISH,RSI_NORMAL,LOW_VOLATILITY
2022-12-20,458.0,459.25,444.25,457.05,7580000.0,460.85,456.44749999999993,53.078041686863806,0.01907174017791982,BULLISH,RSI_NORMAL,LOW_VOLATILITY
2022-12-21,459.3,463.9,451.9,457.15,5560000.0,458.41999999999996,457.6375,46.54886802871341,0.019067649959974724,BEARISH,RSI_NORMAL,LOW_VOLATILITY
2022-12-22,459.45,463.0,447.2,455.5,4440000.0,457.32,458.495,46.8854282536151,0.019005039052375442,BEARISH,RSI_NORMAL,LOW_VOLATILITY
2022-12-23,452.9,452.9,427.6,429.55,7770000.0,451.88,457.94000000000005,23.02872062663181,0.023109952052593682,BEARISH,RSI_LOW,HIGH_VOLATILITY
2022-12-26,431.0,445.4,429.1,442.95,3940000.0,448.43999999999994,458.5299999999999,36.19193466054105,0.023646722128625567,BEARISH,RSI_NORMAL,HIGH_VOLATILITY
2022-12-27,447.95,472.4,446.75,471.0,13900000.0,451.2299999999999,460.28249999999997,52.78470490440565,0.02734314508769405,BULLISH,RSI_NORMAL,HIGH_VOLATILITY
2022-12-28,467.65,473.7,463.95,465.95,7520000.0,452.98999999999995,461.04499999999996,47.58474576271187,0.026609196275316722,BULLISH,RSI_NORMAL,HIGH_VOLATILITY
2022-12-29,459.3,472.2,455.25,469.9,8430000.0,455.87,461.37,53.115333627927505,0.02594543957311349,BULLISH,RSI_NORMAL,HIGH_VOLATILITY
2022-12-30,473.95,482.3,471.8,473.35,8020000.0,464.63,461.98249999999996,54.92653414001731,0.02594213057414956,BULLISH,RSI_NORMAL,HIGH_VOLATILITY
2023-01-02,475.95,491.0,475.15,487.05,11260000.0,473.45,462.275,61.52927120669057,0.024880097418940882,BULLISH,RSI_NORMAL,HIGH_VOLATILITY
2023-01-03,486.5,488.45,478.5,479.9,5910000.0,475.23,462.7700000000001,54.362139917695465,0.024512110552419374,BULLISH,RSI_NORMAL,HIGH_VOLATILITY
2023-01-04,477.0,477.45,460.0,461.5,9900000.0,474.34,462.63,50.189969604863215,0.025929264973536773,BEARISH,RSI_NORMAL,HIGH_VOLATILITY
2023-01-05,463.25,467.45,458.65,465.7,7090000.0,473.5,462.3325,53.40174838464463,0.025756335791665273,BULLISH,RSI_NORMAL,HIGH_VOLATILITY
2023-01-06,467.0,474.0,461.1,462.65,6000000.0,471.35999999999996,462.32249999999993,50.952743902439025,0.025443011765111618,BULLISH,RSI_NORMAL,HIGH_VOLATILITY
2023-01-09,471.0,474.0,466.2,470.75,6050000.0,468.1,462.7625,55.02936857562408,0.025723552594739796,BULLISH,RSI_NORMAL,HIGH_VOLATILITY
2023-01-10,478.0,480.5,473.3,477.55,7090000.0,467.62999999999994,463.735,57.13785864240729,0.025780732300558006,BULLISH,RSI_NORMAL,HIGH_VOLATILITY
2023-01-11,481.9,493.45,481.0,490.95,11380000.0,473.52,464.81749999999994,61.46136437116068,0.025955355235705385,BULLISH,RSI_NORMAL,HIGH_VOLATILITY
2023-01-12,495.0,495.6,482.2,485.65,7280000.0,477.51000000000005,466.05,70.9328358208955,0.02571686616187663,BULLISH,RSI_HIGH,HIGH_VOLATILITY
2023-01-13,487.65,490.0,482.65,488.5,7450000.0,482.68,467.6375,68.4487646820575,0.025562809976173658,BULLISH,RSI_NORMAL,HIGH_VOLATILITY
2023-01-16,490.95,492.7,481.25,483.05,3290000.0,485.14,468.78249999999997,55.974219137332675,0.025756146957958543,BULLISH,RSI_NORMAL,HIGH_VOLATILITY
2023-01-17,481.75,489.3,476.95,487.9,7820000.0,487.21000000000004,470.325,60.90412319920515,0.02570419497737464,BULLISH,RSI_NORMAL,HIGH_VOLATILITY
2023-01-18,488.5,504.0,488.5,502.95,12050000.0,489.60999999999996,472.61500000000007,64.78747203579418,0.026396135089983397,BULLISH,RSI_NORMAL,HIGH_VOLATILITY
2023-01-19,493.15,503.0,491.0,498.9,7950000.0,492.26000000000005,474.785,61.3707165109034,0.02649196212008286,BULLISH,RSI_NORMAL,HIGH_VOLATILITY
2023-01-20,498.0,501.55,488.25,489.95,5660000.0,492.55,477.80499999999995,51.34758364312267,0.022887181646337008,BULLISH,RSI_NORMAL,HIGH_VOLATILITY
2023-01-23,494.0,500.35,491.2,494.2,5560000.0,494.7799999999999,480.3675,56.829035339064,0.022168867530511907,BULLISH,RSI_NORMAL,HIGH_VOLATILITY
2023-01-24,496.7,497.9,483.55,484.65,3290000.0,494.13,481.05,62.07616066770995,0.01821644840840144,BULLISH,RSI_NORMAL,LOW_VOLATILITY
2023-01-25,484.1,495.8,484.1,489.1,7340000.0,491.35999999999996,482.2075,62.1748178980229,0.018051532072166806,BULLISH,RSI_NORMAL,LOW_VOLATILITY
2023-01-27,493.5,494.8,467.95,479.0,4590000.0,487.38,482.6625,57.92535142995637,0.018713744701817324,BEARISH,RSI_NORMAL,LOW_VOLATILITY
2023-01-30,479.0,483.35,463.95,472.35,5800000.0,483.86,482.6125,50.78662733529992,0.01894311543933813,BEARISH,RSI_NORMAL,LOW_VOLATILITY
2023-01-31,474.95,476.35,465.5,468.4,5680000.0,478.7,481.68,45.37177541729892,0.017748971834352995,BEARISH,RSI_NORMAL,LOW_VOLATILITY
2023-02-01,473.0,480.6,454.6,467.85,6080000.0,475.34000000000003,481.0775,36.5697674418605,0.017488158392395294,BEARISH,RSI_NORMAL,LOW_VOLATILITY
2023-02-02,467.0,471.0,460.8,465.4,3360000.0,470.6,481.2724999999999,37.82321106434156,0.015196858895587211,BEARISH,RSI_NORMAL,LOW_VOLATILITY
2023-02-03,467.75,468.95,450.2,459.65,5710000.0,466.73,480.96999999999997,33.236490412550836,0.01531682083892603,BEARISH,RSI_NORMAL,LOW_VOLATILITY
2023-02-06,457.0,457.0,446.0,447.35,4400000.0,461.73,480.20500000000004,30.785791173304645,0.016364776091824657,BEARISH,RSI_NORMAL,LOW_VOLATILITY
2023-02-07,440.0,441.9,425.5,429.55,16649999.999999998,453.96000000000004,478.1450000000001,22.437411431270704,0.01780430973819362,BEARISH,RSI_LOW,LOW_VOLATILITY
2023-02-08,432.0,439.8,432.0,436.5,6120000.0,447.68999999999994,476.0924999999999,16.010230179028156,0.017904979579591185,BEARISH,RSI_LOW,LOW_VOLATILITY
2023-02-09,437.0,447.7,431.75,444.55,11430000.0,443.52,473.77250000000004,23.29238329238332,0.017100310427722355,BEARISH,RSI_LOW,LOW_VOLATILITY
2023-02-10,444.55,444.95,431.0,433.15,6650000.0,438.21999999999997,471.1474999999999,22.744721689059517,0.01768604381829254,BEARISH,RSI_LOW,LOW_VOLATILITY
2023-02-13,434.5,439.8,426.55,427.7,6440000.0,434.28999999999996,468.10749999999996,18.45351043643265,0.017539434799133943,BEARISH,RSI_LOW,LOW_VOLATILITY
2023-02-14,429.5,435.25,425.35,434.8,3950000.0,435.34,465.695,25.78921806702286,0.018234096572650245,BEARISH,RSI_LOW,LOW_VOLATILITY
2023-02-15,435.5,437.25,430.6,433.95,3620000.0,434.83000000000004,462.99750000000006,22.244589833920486,0.017904548330950655,BEARISH,RSI_LOW,LOW_VOLATILITY
2023-02-16,436.9,438.0,433.0,434.7,4280000.0,432.86,459.5849999999999,25.3888888888889,0.015842408842503066,BEARISH,RSI_LOW,LOW_VOLATILITY
2023-02-17,434.75,438.0,426.6,429.5,4010000.0,432.13,456.11499999999995,25.804630152456255,0.01587827742417207,BEARISH,RSI_LOW,LOW_VOLATILITY
2023-02-20,429.9,435.55,429.0,434.25,3750000.0,433.44000000000005,453.3299999999999,30.88975937325128,0.016180638051814918,BEARISH,RSI_NORMAL,LOW_VOLATILITY
2023-02-21,437.75,438.3,430.0,431.5,3760000.0,432.78000000000003,450.195,30.14746040415075,0.015813459373044646,BEARISH,RSI_NORMAL,LOW_VOLATILITY
2023-02-22,430.5,434.5,426.75,429.7,5280000.0,431.93,447.44750000000005,30.36303630363038,0.015534340967404208,BEARISH,RSI_NORMAL,LOW_VOLATILITY
2023-02-23,430.4,438.5,430.1,436.45,5040000.0,432.28000000000003,444.81499999999994,37.37758433079435,0.01593097218658823,BEARISH,RSI_NORMAL,LOW_VOLATILITY
2023-02-24,438.0,438.0,414.25,415.25,10810000.0,429.43,441.62749999999994,34.07738095238095,0.01836152987469219,BEARISH,RSI_NORMAL,LOW_VOLATILITY
2023-02-27,415.0,415.0,401.5,411.8,8300000.000000001,424.93999999999994,438.6,39.733950260266056,0.018292978765414258,BEARISH,RSI_NORMAL,LOW_VOLATILITY
2023-02-28,413.5,413.9,398.0,399.2,12170000.0,418.48,435.14,29.75027144408253,0.01906052222477014,BEARISH,RSI_LOW,LOW_VOLATILITY
2023-03-01,402.0,414.9,401.65,413.05,7940000.0,415.15,432.4,33.91215526046987,0.021274298037794005,BEARISH,RSI_NORMAL,LOW_VOLATILITY
2023-03-02,415.0,416.8,408.0,410.8,4800000.0,410.02,429.66999999999996,37.40845070422538,0.021273956306384467,BEARISH,RSI_NORMAL,LOW_VOLATILITY
2023-03-03,413.2,419.35,412.2,416.9,5100000.0,410.35,427.53249999999997,43.95973154362416,0.02171164718450753,BEARISH,RSI_NORMAL,HIGH_VOLATILITY
2023-03-06,419.0,422.2,413.9,414.5,5070000.0,410.89,425.89,38.01652892561983,0.021084498748520267,BEARISH,RSI_NORMAL,LOW_VOLATILITY
2023-03-08,409.95,409.95,396.1,407.75,7040000.0,412.6,424.8,35.54083885209714,0.019560706087374584,BEARISH,RSI_NORMAL,LOW_VOLATILITY
2023-03-09,411.0,418.5,408.0,408.85,6980000.0,411.76000000000005,423.4175,35.78889499725125,0.01911326220155947,BEARISH,RSI_NORMAL,LOW_VOLATILITY
2023-03-10,403.0,409.5,395.4,405.65,5240000.0,410.73,421.47249999999997,36.593591905564914,0.018446546506662262,BEARISH,RSI_NORMAL,LOW_VOLATILITY
2023-03-13,409.0,414.95,398.5,402.25,5960000.0,407.8,419.92749999999995,31.7351598173516,0.01779275014540929,BEARISH,RSI_NORMAL,LOW_VOLATILITY
2023-03-14,404.3,407.95,399.45,402.7,5840000.0,405.43999999999994,418.67750000000007,33.118405627198115,0.01768982857195594,BEARISH,RSI_NORMAL,LOW_VOLATILITY
2023-03-15,407.95,412.75,405.0,406.15,5680000.0,405.12,417.245,36.45773433007474,0.01731194204055431,BEARISH,RSI_NORMAL,LOW_VOLATILITY
2023-03-16,400.6,400.85,383.1,384.95,16739999.999999998,400.34000000000003,414.79499999999996,24.605522682445752,0.020470064931707804,BEARISH,RSI_LOW,LOW_VOLATILITY
2023-03-17,389.25,398.05,386.55,396.7,9860000.0,398.55,412.895,39.91299619358347,0.02198208409700554,BEARISH,RSI_NORMAL,HIGH_VOLATILITY
2023-03-20,393.75,394.05,381.0,385.75,6330000.0,395.25,410.7075,36.902966314731025,0.022539008113912736,BEARISH,RSI_NORMAL,HIGH_VOLATILITY
2023-03-21,387.7,390.6,384.95,388.55,6080000.0,392.42,408.4225,44.06023424428334,0.022411132333028196,BEARISH,RSI_NORMAL,HIGH_VOLATILITY
2023-03-22,390.1,396.75,388.25,392.75,6510000.0,389.74,406.485,37.31249999999998,0.02269567623730234,BEARISH,RSI_NORMAL,HIGH_VOLATILITY
2023-03-23,387.0,400.65,386.0,398.8,10450000.0,392.51,404.93999999999994,42.84009546539379,0.023126172762433544,BEARISH,RSI_NORMAL,HIGH_VOLATILITY
2023-03-24,400.8,401.0,386.15,388.4,8830000.0,390.85,402.5375,33.82519863791147,0.023190073856538443,BEARISH,RSI_NORMAL,HIGH_VOLATILITY
2023-03-27,390.0,396.6,389.4,389.95,7070000.0,391.68999999999994,401.2725,35.931232091690546,0.020926362123195607,BEARISH,RSI_NORMAL,LOW_VOLATILITY
2023-03-28,393.0,399.8,391.75,392.9,6420000.0,392.56,400.3275,41.10245656081485,0.02101241702993595,BEARISH,RSI_NORMAL,LOW_VOLATILITY
2023-03-29,394.9,400.9,389.9,399.05,6960000.0,393.82,400.32,44.46327683615819,0.020246159054826164,BEARISH,RSI_NORMAL,LOW_VOLATILITY
2023-03-31,404.05,410.3,401.1,405.35,7470000.0,395.13,399.935,49.836244541484746,0.01894955337318775,BULLISH,RSI_NORMAL,LOW_VOLATILITY
2023-04-03,406.5,406.9,399.55,402.55,5200000.0,397.96,399.5225,50.164835164835175,0.018971335290581766,BULLISH,RSI_NORMAL,LOW_VOLATILITY
2023-04-05,402.0,404.6,394.3,403.3,5610000.0,400.63,398.84250000000003,50.328587075575044,0.018625156822267046,BULLISH,RSI_NORMAL,LOW_VOLATILITY
2023-04-06,401.0,406.5,398.75,405.25,4170000.0,403.1,398.38,49.49888641425391,0.018648017192176777,BULLISH,RSI_NORMAL,LOW_VOLATILITY
2023-04-10,406.8,413.85,405.5,411.45,5330000.0,405.58000000000004,398.565,67.71390374331548,0.01861928601102326,BULLISH,RSI_NORMAL,LOW_VOLATILITY
2023-04-11,412.9,418.05,411.15,417.55,4970000.0,408.02000000000004,399.0,65.0759219088937,0.01888613103729648,BULLISH,RSI_NORMAL,LOW_VOLATILITY
2023-04-12,419.9,422.4,415.6,417.65,4700000.0,411.03999999999996,399.6,77.35849056603769,0.01876840882351717,BULLISH,RSI_HIGH,LOW_VOLATILITY
2023-04-13,418.05,422.75,415.35,422.05,6370000.0,414.78999999999996,400.59000000000003,77.96327212020029,0.01871396761141437,BULLISH,RSI_HIGH,LOW_VOLATILITY
2023-04-17,422.35,429.15,421.6,428.7,6920000.0,419.48,401.89,78.82919005613468,0.01893891957762317,BULLISH,RSI_HIGH,LOW_VOLATILITY
2023-04-18,430.0,433.0,427.9,431.55,4870000.0,423.5,403.15999999999997,77.68385460693149,0.01891570926832353,BULLISH,RSI_HIGH,LOW_VOLATILITY
2023-04-19,434.4,437.35,431.3,433.05,5980000.0,426.6,405.56499999999994,94.4278606965174,0.01371388278177805,BULLISH,RSI_HIGH,LOW_VOLATILITY
2023-04-20,431.9,435.7,428.05,429.85,3830000.0,429.03999999999996,407.22249999999997,88.43930635838151,0.01272978091633468,BULLISH,RSI_HIGH,LOW_VOLATILITY
2023-04-21,430.0,430.85,419.0,422.35,5140000.0,429.1,409.0525,76.08503100088575,0.011546306685167958,BULLISH,RSI_HIGH,LOW_VOLATILITY
2023-04-24,419.0,428.95,418.35,427.8,2310000.0,428.9200000000001,411.015,75.7847533632287,0.011682762653084905,BULLISH,RSI_HIGH,LOW_VOLATILITY
2023-04-25,425.0,431.7,425.0,429.8,3650000.0,428.57,412.8675,73.76093294460641,0.011599359622609235,BULLISH,RSI_HIGH,LOW_VOLATILITY
2023-04-26,425.6,427.0,422.1,424.8,5180000.0,426.91999999999996,414.1675,70.73625349487419,0.011844623388464766,BULLISH,RSI_HIGH,LOW_VOLATILITY
2023-04-27,425.0,431.45,422.05,430.8,3270000.0,427.11,416.2875,73.34465195246182,0.009852922265817741,BULLISH,RSI_HIGH,LOW_VOLATILITY
2023-04-28,433.5,437.0,430.9,436.1,4910000.0,429.86,418.59499999999997,74.77911646586347,0.009972036448747397,BULLISH,RSI_HIGH,LOW_VOLATILITY
2023-05-02,439.0,449.9,438.0,446.15,5180000.0,433.53000000000003,421.25750000000005,76.2481089258699,0.010702089327795532,BULLISH,RSI_HIGH,LOW_VOLATILITY
2023-05-03,441.0,443.9,434.25,442.3,4830000.0,436.03000000000003,423.41999999999996,69.38136256851999,0.01097456685310398,BULLISH,RSI_NORMAL,LOW_VOLATILITY
2023-05-04,445.0,446.45,440.5,445.5,3100000.0,440.16999999999996,425.42749999999995,70.79910380881259,0.010704239061323449,BULLISH,RSI_HIGH,LOW_VOLATILITY
2023-05-05,443.0,443.5,432.65,434.25,3030000.0,440.86,427.0125,58.265582655826556,0.012409347844774878,BULLISH,RSI_NORMAL,LOW_VOLATILITY
2023-05-08,438.25,446.9,436.2,445.05,4090000.0,442.65,429.1,60.48749198203979,0.013251306013895698,BULLISH,RSI_NORMAL,LOW_VOLATILITY
2023-05-09,444.55,446.7,439.2,440.35,2940000.0,441.48999999999995,430.855,55.513784461152895,0.013702177936547407,BULLISH,RSI_NORMAL,LOW_VOLATILITY
2023-05-10,441.0,442.85,433.65,436.45,3080000.0,440.32,432.105,52.068126520681254,0.013741643503042269,BULLISH,RSI_NORMAL,LOW_VOLATILITY
2023-05-11,434.0,434.0,419.55,420.85,11080000.0,435.39000000000004,432.2700000000001,45.243128964059196,0.01593658254643571,BEARISH,RSI_NORMAL,LOW_VOLATILITY
2023-05-12,419.0,419.0,403.8,404.75,11150000.0,429.49000000000007,431.6250000000001,41.47286821705424,0.01814347299842158,BEARISH,RSI_NORMAL,LOW_VOLATILITY
2023-05-15,408.5,412.85,404.35,410.7,5150000.0,422.62,431.0575,41.75506268081001,0.01831093645732648,BEARISH,RSI_NORMAL,LOW_VOLATILITY
2023-05-16,413.6,417.7,411.0,412.45,4010000.0,417.03999999999996,430.24500000000006,41.61430642822618,0.017927010682453302,BEARISH,RSI_NORMAL,LOW_VOLATILITY
2023-05-17,411.8,413.4,405.55,407.7,3730000.0,411.28999999999996,429.05249999999995,41.71511627906975,0.01793787686281535,BEARISH,RSI_NORMAL,LOW_VOLATILITY
2023-05-18,411.0,413.4,405.65,406.5,4080000.0,408.41999999999996,427.725,37.652439024390226,0.01787918098038358,BEARISH,RSI_NORMAL,LOW_VOLATILITY
2023-05-19,408.0,408.4,400.4,406.75,5520000.0,408.82,426.57,34.279592929833925,0.017865466604901913,BEARISH,RSI_NORMAL,LOW_VOLATILITY
2023-05-22,406.0,409.0,402.7,407.7,4240000.0,408.21999999999997,425.8375,27.18100890207714,0.017545222631878885,BEARISH,RSI_LOW,LOW_VOLATILITY
2023-05-23,409.2,413.8,406.9,410.3,3690000.0,407.78999999999996,424.9625,30.722891566265062,0.017320192210432024,BEARISH,RSI_NORMAL,LOW_VOLATILITY
2023-05-24,408.9,410.5,403.6,406.9,7870000.0,407.63,423.8175,26.802884615384627,0.017302035546581312,BEARISH,RSI_LOW,LOW_VOLATILITY
2023-05-25,404.5,405.75,397.8,404.25,8020000.0,407.18,422.78999999999996,29.892761394101882,0.01719875827568874,BEARISH,RSI_LOW,LOW_VOLATILITY
2023-05-26,405.1,415.3,403.1,413.55,6400000.0,408.54,421.92749999999995,28.454172366621066,0.017751844823352368,BEARISH,RSI_LOW,LOW_VOLATILITY
2023-05-29,417.0,425.0,415.5,419.9,8350000.0,410.98,421.1175,36.321070234113684,0.017892840884342825,BEARISH,RSI_NORMAL,LOW_VOLATILITY
2023-05-30,421.5,421.5,411.6,413.1,5600000.0,411.53999999999996,419.465,34.96458467482293,0.01716901519921811,BEARISH,RSI_NORMAL,LOW_VOLATILITY
2023-05-31,410.5,410.7,404.35,405.9,22950000.0,411.34,417.645,39.205776173285166,0.017413016712669035,BEARISH,RSI_NORMAL,LOW_VOLATILITY
2023-06-01,409.05,414.4,405.9,406.35,4270000.0,411.76000000000005,415.6875,51.49253731343285,0.01725556419111412,BEARISH,RSI_NORMAL,LOW_VOLATILITY
2023-06-02,412.05,421.9,412.05,420.75,11700000.0,413.2,415.0125,58.09830781627719,0.0186814899086669,BULLISH,RSI_NORMAL,LOW_VOLATILITY
2023-06-05,424.85,426.0,418.4,419.7,8039999.999999999,413.16,413.745,55.90872045639771,0.01762764711794111,BULLISH,RSI_NORMAL,LOW_VOLATILITY
2023-06-06,419.7,422.0,413.8,415.55,4380000.0,413.65,412.505,56.46090534979425,0.01761265717931854,BULLISH,RSI_NORMAL,LOW_VOLATILITY
2023-06-07,418.0,423.7,413.85,422.6,6910000.0,416.98999999999995,411.8125,62.08708708708709,0.018081376111672882,BULLISH,RSI_NORMAL,LOW_VOLATILITY
2023-06-08,423.95,425.7,417.7,418.25,5570000.0,419.37,411.6825,58.132956152758126,0.016354411640034417,BULLISH,RSI_NORMAL,LOW_VOLATILITY
2023-06-09,421.85,421.85,414.5,415.05,3520000.0,418.23,412.19750000000005,55.03769705277588,0.013843565156898082,BULLISH,RSI_NORMAL,LOW_VOLATILITY
2023-06-12,417.95,421.0,414.0,416.8,2810000.0,417.65,412.50250000000005,54.50762829403606,0.013505702641432695,BULLISH,RSI_NORMAL,LOW_VOLATILITY
2023-06-13,419.0,424.0,416.9,421.4,4250000.0,418.82,412.95,59.890859481582545,0.013680318650643198,BULLISH,RSI_NORMAL,LOW_VOLATILITY
2023-06-14,427.0,430.0,424.15,425.05,7210000.0,419.31000000000006,413.8175,63.99730820995963,0.013437981844171458,BULLISH,RSI_NORMAL,LOW_VOLATILITY
2023-06-15,424.9,425.65,420.75,423.05,4860000.0,420.27,414.645,57.089552238805965,0.013478989465424024,BULLISH,RSI_NORMAL,LOW_VOLATILITY
2023-06-16,427.7,431.45,425.8,426.95,7930000.0,422.65,415.65500000000003,55.460883036405896,0.0135666861501201,BULLISH,RSI_NORMAL,LOW_VOLATILITY
2023-06-19,424.25,432.0,423.05,426.15,3950000.0,424.52,416.5775,61.14432109308279,0.013602189322790585,BULLISH,RSI_NORMAL,LOW_VOLATILITY
2023-06-20,426.15,433.25,423.05,428.95,5090000.0,426.03000000000003,417.50999999999993,71.28347183748846,0.013605303874431995,BULLISH,RSI_HIGH,LOW_VOLATILITY
2023-06-21,428.95,429.7,418.1,420.95,5690000.0,425.21000000000004,418.2125,61.8314424635332,0.014213966827927936,BULLISH,RSI_NORMAL,LOW_VOLATILITY
2023-06-22,421.9,425.4,416.2,420.05,3570000.0,424.61,419.00249999999994,49.27385892116184,0.01411270907836538,BULLISH,RSI_NORMAL,LOW_VOLATILITY
2023-06-23,416.0,416.95,407.45,408.5,5400000.0,420.91999999999996,418.75,40.459965928449755,0.01466610657654779,BEARISH,RSI_NORMAL,LOW_VOLATILITY
2023-06-26,410.0,416.0,408.2,414.7,4460000.0,418.62999999999994,418.48999999999995,49.30041152263373,0.01465605670325579,BEARISH,RSI_NORMAL,LOW_VOLATILITY
2023-06-27,416.0,419.3,414.0,417.75,3050000.0,416.39,418.7225,45.72687224669601,0.014271525132155505,BEARISH,RSI_NORMAL,LOW_VOLATILITY
2023-06-28,419.75,421.55,418.35,420.2,4610000.0,416.23999999999995,419.4375,51.777575205104824,0.013655081987732944,BULLISH,RSI_NORMAL,LOW_VOLATILITY
2023-06-30,419.85,422.65,414.65,420.95,4120000.0,416.41999999999996,420.1675,55.629770992366396,0.013654062436431648,BULLISH,RSI_NORMAL,LOW_VOLATILITY
2023-07-03,424.0,428.75,422.1,425.65,3690000.0,419.85,420.4125,57.99457994579943,0.011405607807975896,BULLISH,RSI_NORMAL,LOW_VOLATILITY
2023-07-04,427.95,428.95,423.15,425.8,2720000.0,422.07,420.71750000000003,54.32220039292734,0.011382138685147338,BULLISH,RSI_NORMAL,LOW_VOLATILITY
2023-07-05,425.0,427.4,419.35,421.5,4780000.0,422.82,421.015,46.55674102812802,0.011392624701402766,BULLISH,RSI_NORMAL,LOW_VOLATILITY
2023-07-06,418.95,428.0,417.15,426.4,5020000.0,424.05999999999995,421.20500000000004,53.076216712580326,0.01105058714698927,BULLISH,RSI_NORMAL,LOW_VOLATILITY
2023-07-07,423.9,425.0,418.5,422.7,6770000.0,424.41,421.42750000000007,46.082949308755765,0.010973098007756494,BULLISH,RSI_NORMAL,LOW_VOLATILITY
2023-07-10,423.0,436.2,423.0,427.85,6500000.0,424.85,422.0675,51.45051194539253,0.011085127215986848,BULLISH,RSI_NORMAL,LOW_VOLATILITY
2023-07-11,429.25,431.85,424.0,424.65,3060000.0,424.62,422.46000000000004,46.35593220338983,0.011245977805313858,BULLISH,RSI_NORMAL,LOW_VOLATILITY
2023-07-12,425.5,428.1,422.25,424.85,2850000.0,425.28999999999996,422.6325,53.80859375000003,0.010994748152260612,BULLISH,RSI_NORMAL,LOW_VOLATILITY
2023-07-13,430.2,439.5,430.2,435.2,11590000.0,427.05,423.14,62.48969497114589,0.012114202733051558,BULLISH,RSI_NORMAL,LOW_VOLATILITY
2023-07-14,441.0,448.5,439.6,446.95,10800000.0,431.9,424.33500000000004,81.59408381265402,0.01330923920761561,BULLISH,RSI_HIGH,LOW_VOLATILITY
2023-07-17,447.8,454.15,443.4,447.1,8440000.0,435.75,425.34250000000003,79.5620437956204,0.01323301982513682,BULLISH,RSI_HIGH,LOW_VOLATILITY
2023-07-18,447.0,449.0,442.2,444.5,3960000.0,439.71999999999997,426.25999999999993,74.60901563937436,0.0133288880077628,BULLISH,RSI_HIGH,LOW_VOLATILITY
2023-07-19,444.0,444.4,438.5,439.2,5060000.0,442.59,426.7724999999999,66.60839160839157,0.01364704425838529,BULLISH,RSI_NORMAL,LOW_VOLATILITY
2023-07-20,442.0,442.9,438.25,441.55,5160000.0,443.86,427.80249999999995,67.51700680272106,0.01283424395955232,BULLISH,RSI_NORMAL,LOW_VOLATILITY
2023-07-21,441.45,441.45,433.65,434.5,4310000.0,441.37000000000006,428.525,57.23630417007358,0.013453122298713075,BULLISH,RSI_NORMAL,LOW_VOLATILITY
2023-07-24,434.0,437.55,431.5,432.95,3400000.0,438.53999999999996,429.74749999999995,55.71542765787367,0.011656609435844026,BULLISH,RSI_NORMAL,LOW_VOLATILITY
2023-07-25,436.15,450.5,435.0,449.5,8480000.0,439.53999999999996,431.4875,68.71657754010691,0.013857997049775932,BULLISH,RSI_NORMAL,LOW_VOLATILITY
2023-07-26,449.5,451.65,446.4,449.0,4220000.0,441.5,433.05,66.05113636363633,0.01388352196317773,BULLISH,RSI_NORMAL,LOW_VOLATILITY
2023-07-27,451.0,459.6,448.1,451.4,5620000.0,443.46999999999997,434.60999999999996,70.76700434153395,0.013879751785354619,BULLISH,RSI_HIGH,LOW_VOLATILITY
2023-07-28,450.5,452.65,443.4,451.5,3890000.0,446.87,436.1375,68.46213895394216,0.013895367894473511,BULLISH,RSI_NORMAL,LOW_VOLATILITY
2023-07-31,453.05,463.25,453.0,462.6,4970000.0,452.8,437.985,76.37248088950658,0.014586708914939957,BULLISH,RSI_HIGH,LOW_VOLATILITY
2023-08-01,465.0,471.55,462.1,464.1,6250000.0,455.71999999999997,439.9,76.7918088737201,0.014560138732449462,BULLISH,RSI_HIGH,LOW_VOLATILITY
2023-08-02,460.0,461.2,449.65,454.5,5990000.0,456.82,441.55,63.310344827586185,0.015289715484100644,BULLISH,RSI_NORMAL,LOW_VOLATILITY
2023-08-03,450.0,458.5,445.0,453.3,4030000.000000001,457.2,442.895,55.125100887812756,0.015242349677925034,BULLISH,RSI_NORMAL,LOW_VOLATILITY
2023-08-04,464.0,466.0,453.9,457.0,7580000.0,458.3,444.60999999999996,57.557251908396914,0.015016744658400973,BULLISH,RSI_NORMAL,LOW_VOLATILITY
2023-08-07,459.2,467.35,459.15,464.85,3770000.0,458.75,446.46000000000004,64.3816254416961,0.015200112037496945,BULLISH,RSI_NORMAL,LOW_VOLATILITY
2023-08-08,464.85,467.25,452.0,454.75,6450000.0,456.88,447.965,60.29119788219721,0.01608748503970602,BULLISH,RSI_NORMAL,LOW_VOLATILITY
2023-08-09,454.75,469.8,450.9,468.9,6170000.0,459.76000000000005,450.1675,65.65540927303947,0.017199544729129372,BULLISH,RSI_NORMAL,LOW_VOLATILITY
2023-08-10,468.0,471.0,463.0,468.9,4290000.0,462.87999999999994,451.85249999999996,71.41967621419673,0.016615185515356814,BULLISH,RSI_HIGH,LOW_VOLATILITY
2023-08-11,467.0,470.0,460.0,462.45,4420000.0,463.96999999999997,452.62749999999994,67.31220657276995,0.01612055037261294,BULLISH,RSI_NORMAL,LOW_VOLATILITY
2023-08-14,458.6,458.6,447.6,450.8,4570000.0,461.16,452.8125,50.80946450809465,0.01721819470162789,BEARISH,RSI_NORMAL,LOW_VOLATILITY
2023-08-16,447.0,448.0,439.0,445.2,5070000.0,459.25,452.8475,47.775175644028096,0.017409115049208255,BEARISH,RSI_NORMAL,LOW_VOLATILITY
2023-08-17,443.0,449.25,440.5,447.6,3560000.0,454.98999999999995,453.26750000000004,47.77517564402813,0.017202651370196508,BEARISH,RSI_NORMAL,LOW_VOLATILITY
2023-08-18,447.5,447.5,438.15,439.5,3990000.0,449.11,453.1650000000001,43.57601713062099,0.01768890923154902,BEARISH,RSI_NORMAL,LOW_VOLATILITY
2023-08-21,443.0,450.85,439.9,449.4,3780000.0,446.5,453.91,42.84164859002168,0.017961924579340666,BEARISH,RSI_NORMAL,LOW_VOLATILITY
2023-08-22,449.75,454.4,448.35,450.35,3250000.0,446.41,454.78000000000003,42.4986361156574,0.017916781202737018,BEARISH,RSI_NORMAL,LOW_VOLATILITY
2023-08-23,454.7,465.3,452.9,461.25,9180000.0,449.62,455.3675,53.63098440021517,0.016659921672356404,BULLISH,RSI_NORMAL,LOW_VOLATILITY
2023-08-24,464.0,465.9,453.85,456.5,5950000.0,451.4,455.7425,51.65803108808289,0.01685891391093998,BULLISH,RSI_NORMAL,LOW_VOLATILITY
2023-08-25,453.0,454.3,448.9,450.0,3300000.0,453.5,455.6725,46.47532729103726,0.01715710963415756,BEARISH,RSI_NORMAL,LOW_VOLATILITY
2023-08-28,450.55,452.85,445.5,446.3,4260000.0,452.88,455.4125,40.25223331581713,0.017254571179908515,BEARISH,RSI_NORMAL,LOW_VOLATILITY
2023-08-29,448.0,458.5,447.35,456.05,6060000.0,454.02,455.08500000000004,50.68565400843883,0.01705526949962006,BULLISH,RSI_NORMAL,LOW_VOLATILITY
2023-08-30,460.2,465.15,455.75,456.75,5510000.0,453.12,454.71750000000003,42.5322679778734,0.017039419371535733,BULLISH,RSI_NORMAL,LOW_VOLATILITY
2023-08-31,462.25,465.0,456.75,459.85,9290000.0,453.7900000000001,454.98499999999996,44.64179988158677,0.016436849004572113,BULLISH,RSI_NORMAL,LOW_VOLATILITY
2023-09-01,462.95,478.5,462.1,473.25,11150000.0,458.44000000000005,455.98249999999996,55.908096280087534,0.017591210712195562,BULLISH,RSI_NORMAL,LOW_VOLATILITY
2023-09-04,477.6,492.3,475.0,486.65,10360000.0,466.50999999999993,457.46500000000003,69.24315619967791,0.018498324019190455,BULLISH,RSI_NORMAL,LOW_VOLATILITY
2023-09-05,486.0,489.75,478.2,486.1,4940000.0,472.52,458.5275,73.21225879682181,0.018226965681820303,BULLISH,RSI_HIGH,LOW_VOLATILITY
2023-09-06,484.9,484.9,474.25,478.15,5140000.0,476.8,459.69750000000005,66.31073144687664,0.017889195696494675,BULLISH,RSI_NORMAL,LOW_VOLATILITY
2023-09-07,475.55,479.5,473.55,475.1,4060000.0,479.85,460.0075,70.09029345372464,0.016673868504889746,BULLISH,RSI_HIGH,LOW_VOLATILITY
2023-09-08,473.0,478.8,467.7,476.15,5640000.0,480.43,460.37000000000006,66.77115987460817,0.016675691900285325,BULLISH,RSI_NORMAL,LOW_VOLATILITY
2023-09-11,478.0,487.8,476.45,484.85,5960000.0,480.07,461.48999999999995,69.71428571428575,0.016732042540651318,BULLISH,RSI_NORMAL,LOW_VOLATILITY
2023-09-12,490.0,490.9,475.4,477.75,6820000.0,478.4,462.8375,59.856630824372765,0.015961730201534647,BULLISH,RSI_NORMAL,LOW_VOLATILITY
2023-09-13,478.5,484.8,473.85,483.2,4160000.0,479.41,464.7375,65.8175355450237,0.015633781439037625,BULLISH,RSI_NORMAL,LOW_VOLATILITY
2023-09-14,486.0,508.9,486.0,497.35,16110000.0,483.86,467.225,75.71971754481262,0.016610417982965437,BULLISH,RSI_HIGH,LOW_VOLATILITY
2023-09-15,507.8,508.0,494.95,496.55,8520000.0,487.93999999999994,470.0775,78.18283791362873,0.01577005608560157,BULLISH,RSI_HIGH,LOW_VOLATILITY
2023-09-18,494.0,494.0,483.15,484.5,6240000.0,487.87,471.8325,65.55494805904866,0.016671809903845654,BULLISH,RSI_NORMAL,LOW_VOLATILITY
2023-09-20,482.0,486.4,475.25,478.3,5860000.0,487.98,473.23,61.11397627643115,0.017084104800508697,BULLISH,RSI_NORMAL,LOW_VOLATILITY
2023-09-21,479.0,486.45,476.4,479.55,5150000.0,487.25,474.145,60.357518401682434,0.016350330721565436,BULLISH,RSI_NORMAL,LOW_VOLATILITY
2023-09-22,479.0,481.8,471.5,478.85,3680000.0,483.55,475.2625,53.3980582524272,0.01611611404546622,BULLISH,RSI_NORMAL,LOW_VOLATILITY
2023-09-25,478.8,478.8,467.25,469.35,5770000.0,478.11,476.23,38.980891719745244,0.016467370578765787,BEARISH,RSI_NORMAL,LOW_VOLATILITY
2023-09-26,468.5,474.3,466.2,471.5,4670000.0,475.51000000000005,477.49000000000007,40.8863920099875,0.01628731178849123,BEARISH,RSI_NORMAL,LOW_VOLATILITY
2023-09-27,466.25,475.75,466.25,474.95,5660000.0,474.84,478.43499999999995,47.883597883597886,0.015710435823601206,BEARISH,RSI_NORMAL,LOW_VOLATILITY
2023-09-28,476.0,479.6,464.45,466.85,5870000.0,472.3,478.93999999999994,44.885306881587105,0.0162879659991778,BEARISH,RSI_NORMAL,LOW_VOLATILITY
2023-09-29,478.0,494.5,474.2,492.65,11600000.0,475.06000000000006,480.58000000000004,57.82732447817837,0.020278266540335266,BULLISH,RSI_NORMAL,LOW_VOLATILITY
2023-10-03,483.1,484.55,476.6,479.95,4660000.0,477.18,480.9150000000001,47.76051188299816,0.020362196438335624,BEARISH,RSI_NORMAL,LOW_VOLATILITY
2023-10-04,474.0,477.9,470.0,473.4,3300000.0,477.56000000000006,480.25249999999994,48.0018373909049,0.019533459437745256,BEARISH,RSI_NORMAL,LOW_VOLATILITY
2023-10-05,473.4,482.4,468.35,470.55,4800000.0,476.68,479.475,44.04705882352942,0.019563114991602768,BEARISH,RSI_NORMAL,LOW_VOLATILITY
2023-10-06,475.0,476.45,469.35,472.6,3130000.0,477.83000000000004,479.19749999999993,36.85608072225171,0.019278443112266373,BEARISH,RSI_NORMAL,LOW_VOLATILITY
2023-10-09,472.45,473.5,464.6,469.8,2680000.0,473.26000000000005,478.93250000000006,36.0894435777431,0.019271309259106275,BEARISH,RSI_NORMAL,LOW_VOLATILITY
2023-10-10,473.0,484.8,467.0,480.65,7860000.0,473.4,479.15749999999997,47.97261716692995,0.01997251082867118,BULLISH,RSI_NORMAL,LOW_VOLATILITY
2023-10-11,485.65,485.95,480.1,483.9,7010000.0,475.5,479.11,53.04347826086955,0.019600622733932024,BULLISH,RSI_NORMAL,LOW_VOLATILITY
2023-10-12,483.1,494.0,482.55,484.4,6900000.0,478.27,479.4425,52.65753424657533,0.019291769694944012,BULLISH,RSI_NORMAL,LOW_VOLATILITY
2023-10-13,479.0,487.5,477.5,480.6,4650000.0,479.87,479.3125,50.92739798622152,0.01921825648601127,BULLISH,RSI_NORMAL,LOW_VOLATILITY
2023-10-16,479.75,486.5,475.3,483.4,5040000.0,482.59,478.61499999999995,58.01483171705647,0.018008513296062782,BULLISH,RSI_NORMAL,LOW_VOLATILITY
2023-10-17,486.5,488.45,480.7,484.35,4500000.0,483.33000000000004,478.005,57.43204164256799,0.01802269910578125,BULLISH,RSI_NORMAL,LOW_VOLATILITY
2023-10-18,487.8,494.8,483.55,485.05,7440000.0,483.56000000000006,478.03249999999997,56.033452807646384,0.01717979920676321,BULLISH,RSI_NORMAL,LOW_VOLATILITY
2023-10-19,478.45,482.25,471.0,479.95,6040000.0,482.66999999999996,478.11499999999995,58.11648079306071,0.01709634066150397,BULLISH,RSI_NORMAL,LOW_VOLATILITY
2023-10-20,475.0,479.85,470.0,471.75,2780000.0,480.9,477.725,33.43898573692552,0.01751877965264449,BEARISH,RSI_NORMAL,LOW_VOLATILITY
2023-10-23,470.8,473.95,455.0,456.7,2990000.0,475.56000000000006,476.6175,32.23834988540868,0.018861510326562653,BEARISH,RSI_NORMAL,LOW_VOLATILITY
2023-10-25,466.0,473.0,459.4,461.2,7850000.0,470.93,476.2099999999999,40.37854889589905,0.01856614656924862,BEARISH,RSI_NORMAL,LOW_VOLATILITY
2023-10-26,456.7,458.45,448.75,456.65,6630000.0,465.25,475.4674999999999,39.32411674347155,0.018630230140240976,BEARISH,RSI_NORMAL,LOW_VOLATILITY
2023-10-27,458.0,464.4,454.45,456.15,6190000.0,460.48999999999995,474.52750000000003,37.05743509047989,0.018516828127052645,BEARISH,RSI_NORMAL,LOW_VOLATILITY
2023-10-30,458.75,461.75,454.0,456.65,7520000.0,457.46999999999997,474.01750000000004,39.26530612244895,0.018174387720442553,BEARISH,RSI_NORMAL,LOW_VOLATILITY
2023-10-31,465.0,465.0,453.25,459.5,5240000.0,458.03000000000003,472.36,30.140845070422557,0.012664669195258767,BEARISH,RSI_NORMAL,LOW_VOLATILITY
2023-11-01,458.5,466.0,456.0,462.7,4930000.0,458.3299999999999,471.49749999999995,30.075187969924812,0.011699056553854502,BEARISH,RSI_NORMAL,LOW_VOLATILITY
2023-11-02,463.25,475.8,463.25,474.2,3930000.0,461.84,471.5375,42.056074766355145,0.012760166503308332,BULLISH,RSI_NORMAL,LOW_VOLATILITY
2023-11-03,478.95,481.45,474.25,475.2,3270000.0,465.65,471.7700000000001,45.60260586319215,0.012682106944048128,BULLISH,RSI_NORMAL,LOW_VOLATILITY
2023-11-06,480.0,484.8,478.25,481.95,4290000.0,470.71000000000004,472.2375,48.89058913542465,0.013023511368207128,BULLISH,RSI_NORMAL,LOW_VOLATILITY
2023-11-07,482.0,491.5,480.3,484.55,5430000.0,475.71999999999997,472.975,50.14925373134327,0.012949708953090087,BULLISH,RSI_NORMAL,LOW_VOLATILITY
2023-11-08,491.45,491.45,478.15,488.05,8220000.000000001,480.78999999999996,473.34499999999997,52.14899713467049,0.012017635275228913,BULLISH,RSI_NORMAL,LOW_VOLATILITY
2023-11-09,488.8,488.8,483.15,484.45,3270000.0,482.84,473.37250000000006,53.29428989751098,0.012066270595563271,BULLISH,RSI_NORMAL,LOW_VOLATILITY
2023-11-10,482.05,488.25,479.55,481.3,3500000.0,484.06000000000006,473.21750000000003,57.54940711462451,0.012153792047898182,BULLISH,RSI_NORMAL,LOW_VOLATILITY
2023-11-12,485.0,485.95,481.6,482.45,302200.0,484.16,473.31000000000006,76.08915906788246,0.01203205586304626,BULLISH,RSI_HIGH,LOW_VOLATILITY
2023-11-13,482.0,492.35,481.1,487.5,4920000.0,484.75,473.51500000000004,76.35270541082164,0.012188775089131474,BULLISH,RSI_HIGH,LOW_VOLATILITY
2023-11-15,497.0,513.5,494.2,505.4,11670000.0,488.21999999999997,474.5675,88.53754940711462,0.014640298585368344,BULLISH,RSI_HIGH,LOW_VOLATILITY
2023-11-16,504.0,507.45,497.15,504.3,4170000.0,492.19000000000005,475.53000000000003,87.7055599060298,0.014672891008750397,BULLISH,RSI_HIGH,LOW_VOLATILITY
2023-11-17,503.05,506.45,496.85,497.75,3600000.0,495.48,476.41999999999996,79.39914163090131,0.014794310843910601,BULLISH,RSI_HIGH,LOW_VOLATILITY
2023-11-20,500.15,505.95,496.55,497.3,4310000.0,498.45,477.69750000000005,78.00000000000003,0.014127336629894975,BULLISH,RSI_HIGH,LOW_VOLATILITY
2023-11-21,502.8,510.95,501.9,506.85,7150000.0,502.32000000000005,480.2049999999999,79.89167230873396,0.011993197340049166,BULLISH,RSI_HIGH,LOW_VOLATILITY
2023-11-22,504.9,506.85,498.95,500.25,4340000.0,501.28999999999996,482.15749999999997,68.89050036258159,0.012610044480783898,BULLISH,RSI_NORMAL,LOW_VOLATILITY
2023-11-23,499.0,503.0,491.65,501.95,6630000.0,500.82,484.4225,69.20315865039484,0.012175620392612886,BULLISH,RSI_NORMAL,LOW_VOLATILITY
2023-11-24,504.85,512.75,502.55,507.8,5970000.0,502.83000000000004,487.00499999999994,68.80000000000001,0.012183944643067948,BULLISH,RSI_NORMAL,LOW_VOLATILITY
2023-11-28,511.75,518.25,509.8,515.6,7800000.0,506.48999999999995,489.9525,70.99391480730225,0.012332414090052925,BULLISH,RSI_HIGH,LOW_VOLATILITY
2023-11-29,519.0,523.35,513.9,517.45,6280000.0,508.61,492.85,70.3319502074689,0.012345764740540435,BULLISH,RSI_HIGH,LOW_VOLATILITY
2023-11-30,519.3,519.75,511.35,515.65,7600000.0,511.68999999999994,495.49750000000006,72.12765957446805,0.012523634725932103,BULLISH,RSI_HIGH,LOW_VOLATILITY
2023-12-01,520.05,524.8,515.3,517.2,4930000.0,514.74,497.64750000000004,76.05224963715527,0.011670961117334703,BULLISH,RSI_HIGH,LOW_VOLATILITY
2023-12-04,524.05,526.65,516.55,519.25,5990000.0,517.03,499.85,76.3610315186246,0.011659047146501952,BULLISH,RSI_HIGH,LOW_VOLATILITY
2023-12-05,518.35,528.8,515.45,520.65,6400000.0,518.0400000000001,501.785,75.05668934240357,0.011437083118133566,BULLISH,RSI_HIGH,LOW_VOLATILITY
2023-12-06,521.0,526.95,515.6,523.0,4830000.0,519.15,503.7075,67.39130434782606,0.011432843246051129,BULLISH,RSI_NORMAL,LOW_VOLATILITY
2023-12-07,521.0,522.4,515.1,516.05,4630000.0,519.23,505.10749999999996,60.40744021257741,0.012022600268810411,BULLISH,RSI_NORMAL,LOW_VOLATILITY
2023-12-08,519.5,525.05,514.0,520.35,3730000.0,519.86,506.9025,70.84870848708479,0.01183017590017125,BULLISH,RSI_HIGH,LOW_VOLATILITY
2023-12-11,520.3,523.8,517.1,522.4,2600000.0,520.49,508.9575,72.49103942652317,0.011586617371297292,BULLISH,RSI_HIGH,LOW_VOLATILITY
2023-12-12,525.0,538.5,522.15,527.45,9500000.0,521.85,511.2075,70.07797270955156,0.011641940968274382,BULLISH,RSI_HIGH,LOW_VOLATILITY
2023-12-13,528.95,535.25,523.3,532.85,4000000.0,523.8199999999999,513.475,82.53493013972042,0.011635895678274088,BULLISH,RSI_HIGH,LOW_VOLATILITY
2023-12-14,540.0,545.95,537.25,543.1,7190000.0,529.23,515.3599999999999,85.08098891730593,0.00956171773113957,BULLISH,RSI_HIGH,LOW_VOLATILITY
2023-12-15,556.0,559.05,548.2,557.25,8189999.999999999,536.61,518.0074999999999,86.93054518297224,0.010675651744575871,BULLISH,RSI_HIGH,LOW_VOLATILITY
2023-12-18,557.0,567.4,551.5,566.4,5080000.0,545.4100000000001,521.44,87.1888726207905,0.010067071798856079,BULLISH,RSI_HIGH,LOW_VOLATILITY
2023-12-19,567.95,567.95,555.7,564.85,4480000.0,552.89,524.8174999999999,84.85294117647051,0.010146311496705357,BULLISH,RSI_HIGH,LOW_VOLATILITY
2023-12-20,569.5,570.9,546.25,548.2,6960000.0,555.96,526.885,69.64393482196745,0.012490756933971834,BULLISH,RSI_NORMAL,LOW_VOLATILITY
2023-12-21,544.0,561.65,541.65,556.25,4590000.0,558.59,529.6850000000001,71.85226636821488,0.012031144275856711,BULLISH,RSI_HIGH,LOW_VOLATILITY
2023-12-22,559.4,572.0,559.0,570.45,7870000.0,561.23,533.11,75.22167487684732,0.012829596821145593,BULLISH,RSI_HIGH,LOW_VOLATILITY
2023-12-26,574.95,580.85,570.5,579.85,4650000.0,563.9200000000001,536.7125,77.03196347031965,0.012976197277854344,BULLISH,RSI_HIGH,LOW_VOLATILITY
2023-12-27,582.0,607.65,580.3,605.6,12430000.0,572.07,541.2125,81.07599699021823,0.015392841299090321,BULLISH,RSI_HIGH,LOW_VOLATILITY
2023-12-28,608.0,616.5,605.2,614.3,7140000.0,585.29,546.0550000000001,86.48347567768292,0.015411952052733107,BULLISH,RSI_HIGH,LOW_VOLATILITY
2023-12-29,614.3,618.0,608.1,614.85,4000000.0,597.01,551.015,86.09625668449202,0.015259913711718025,BULLISH,RSI_HIGH,LOW_VOLATILITY
2024-01-01,614.5,620.5,606.95,610.4,2960000.0,605.0,555.675,83.00825206301576,0.01563702559922725,BULLISH,RSI_HIGH,LOW_VOLATILITY
2024-01-02,610.4,620.0,607.4,617.0,4980000.0,612.43,560.5625,83.2035595105673,0.015608942016923371,BULLISH,RSI_HIGH,LOW_VOLATILITY
2024-01-03,608.25,611.4,592.0,593.05,7230000.0,609.92,564.1825,69.62190352020859,0.018877908215038618,BULLISH,RSI_NORMAL,LOW_VOLATILITY
2024-01-04,594.0,595.85,587.65,590.5,6590000.0,605.1600000000001,567.5575,66.26630061770761,0.01903387479375455,BULLISH,RSI_NORMAL,LOW_VOLATILITY
2024-01-05,590.6,597.6,581.55,587.0,2990000.0,599.5899999999999,571.105,61.01443909663089,0.01870426654613987,BULLISH,RSI_NORMAL,LOW_VOLATILITY
2024-01-08,587.0,592.5,576.45,577.65,4430000.0,593.04,573.97,54.15896487985213,0.019363031371680172,BULLISH,RSI_NORMAL,LOW_VOLATILITY
2024-01-09,581.95,584.9,573.6,575.95,5310000.0,584.83,576.6475,54.0989660265879,0.019451594192109175,BEARISH,RSI_NORMAL,LOW_VOLATILITY
2024-01-10,576.0,582.0,570.65,580.05,2410000.0,582.2299999999999,579.2774999999999,62.96296296296293,0.019428237696502995,BULLISH,RSI_NORMAL,LOW_VOLATILITY
2024-01-11,582.95,587.0,575.5,576.95,3900000.0,579.52,581.4825,58.778625954198496,0.019516990877254215,BEARISH,RSI_NORMAL,LOW_VOLATILITY
2024-01-12,581.0,585.5,575.75,582.05,2440000.0,578.53,583.4300000000001,55.33088235294115,0.019230790877700937,BEARISH,RSI_NORMAL,LOW_VOLATILITY
2024-01-15,585.85,586.0,572.25,574.65,3780000.0,577.9300000000001,584.3,47.565543071161024,0.018802171087489224,BEARISH,RSI_NORMAL,LOW_VOLATILITY
2024-01-16,575.95,584.85,569.45,579.55,5190000.0,578.65,584.9575,34.84584060500282,0.018558338941020415,BEARISH,RSI_NORMAL,LOW_VOLATILITY
2024-01-17,570.95,572.7,558.1,560.25,6150000.0,574.6899999999999,584.7275000000001,22.009321595028425,0.02010343381692939,BEARISH,RSI_LOW,LOW_VOLATILITY
2024-01-18,560.25,561.35,547.8,554.9,3780000.0,570.28,585.0625,20.42427232363086,0.01904274128843969,BEARISH,RSI_LOW,LOW_VOLATILITY
2024-01-19,556.5,561.0,554.5,557.1,4450000.0,565.29,585.105,23.10797174571134,0.018779822812869218,BEARISH,RSI_LOW,LOW_VOLATILITY
2024-01-20,561.0,566.75,558.35,561.05,1500000.0,562.5699999999999,584.635,20.99533437013983,0.01790550486281968,BEARISH,RSI_LOW,LOW_VOLATILITY
2024-01-23,558.0,561.8,537.6,541.4,7870000.0,554.9399999999999,582.7124999999999,21.975040694519677,0.018979476837300377,BEARISH,RSI_LOW,LOW_VOLATILITY
2024-01-24,550.0,566.8,547.0,565.15,8620000.0,555.92,580.69,38.817820908689846,0.018908319247475085,BEARISH,RSI_NORMAL,LOW_VOLATILITY
2024-01-25,566.5,570.0,558.4,567.2,5370000.0,558.3799999999999,578.3349999999999,41.15281501340482,0.018529534738272284,BEARISH,RSI_NORMAL,LOW_VOLATILITY
2024-01-29,568.0,571.95,562.0,567.9,5130000.0,560.54,575.9875,45.27845036319611,0.018534224016399613,BEARISH,RSI_NORMAL,LOW_VOLATILITY
2024-01-30,569.95,584.3,567.25,569.25,7970000.0,562.1800000000001,573.93,46.744412050534464,0.018565040472233476,BEARISH,RSI_NORMAL,LOW_VOLATILITY
2024-01-31,569.2,580.6,568.25,579.35,5640000.0,569.77,572.0474999999999,49.6786042240588,0.01890425996190036,BULLISH,RSI_NORMAL,LOW_VOLATILITY
2024-02-01,578.0,581.8,570.3,571.25,3510000.0,570.99,570.9575,47.497805092186105,0.017161162199596992,BULLISH,RSI_NORMAL,LOW_VOLATILITY
2024-02-02,577.0,589.0,573.1,583.5,7150000.0,574.25,570.6075,50.59892606361011,0.017907607302638483,BULLISH,RSI_NORMAL,LOW_VOLATILITY
2024-02-05,583.5,590.9,576.05,579.9,4800000.0,576.65,570.2524999999999,52.23880597014925,0.01791159673232344,BULLISH,RSI_NORMAL,LOW_VOLATILITY
2024-02-06,578.6,587.75,569.25,584.9,4100000.0,579.78,570.615,52.27950575202387,0.017634541901152087,BULLISH,RSI_NORMAL,LOW_VOLATILITY
2024-02-07,590.4,602.15,584.65,592.25,9420000.0,582.36,571.4300000000001,65.18026565464893,0.017802805565731442,BULLISH,RSI_NORMAL,LOW_VOLATILITY
2024-02-08,592.0,608.95,587.85,601.3,11840000.0,588.37,572.4925000000001,71.26489459211732,0.018029361266470312,BULLISH,RSI_HIGH,LOW_VOLATILITY
2024-02-09,601.0,602.0,576.3,591.3,5110000.0,589.9300000000001,573.2099999999999,64.62788708297688,0.01844176598049863,BULLISH,RSI_NORMAL,LOW_VOLATILITY
2024-02-12,591.9,601.8,579.75,582.45,4600000.0,590.4399999999999,573.23,58.784893267651924,0.018702135446191023,BULLISH,RSI_NORMAL,LOW_VOLATILITY
2024-02-13,539.0,540.0,496.35,510.1,46100000.0,575.4799999999999,570.0025,41.03151862464185,0.033511042878963164,BEARISH,RSI_NORMAL,HIGH_VOLATILITY
2024-02-14,515.0,516.9,503.15,507.8,16629999.999999998,558.5899999999999,566.415,31.264292714799097,0.03335282324001115,BEARISH,RSI_NORMAL,HIGH_VOLATILITY
2024-02-15,512.7,518.5,507.6,513.2,13300000.0,540.97,564.0625,32.73657289002557,0.03290571305881369,BEARISH,RSI_NORMAL,HIGH_VOLATILITY
2024-02-16,519.95,519.95,510.95,515.7,12070000.0,525.85,562.1025,33.50189633375477,0.03293177366890112,BEARISH,RSI_NORMAL,HIGH_VOLATILITY
2024-02-19,518.75,518.9,511.8,512.3,5580000.0,511.82000000000005,559.8625,32.23088923556942,0.032897021182970505,BEARISH,RSI_NORMAL,HIGH_VOLATILITY
2024-02-20,512.6,515.9,507.15,511.6,5190000.0,512.12,557.3900000000001,27.543917799138214,0.03280611109397903,BEARISH,RSI_LOW,HIGH_VOLATILITY
2024-02-21,535.0,538.0,510.0,511.8,18110000.0,512.92,555.9100000000001,29.206016089541805,0.03199251145136484,BEARISH,RSI_LOW,HIGH_VOLATILITY
2024-02-22,516.3,522.15,514.25,521.15,8730000.0,514.51,553.7099999999999,27.740092823991418,0.03052722974693887,BEARISH,RSI_LOW,HIGH_VOLATILITY
2024-02-23,524.7,524.8,517.0,518.35,6450000.0,515.04,551.2675,27.899461400359073,0.030481871255638445,BEARISH,RSI_LOW,HIGH_VOLATILITY
2024-02-26,519.4,519.75,504.0,505.05,7610000.0,513.5899999999999,548.125,22.941375804811912,0.030829128000491632,BEARISH,RSI_LOW,HIGH_VOLATILITY
2024-02-27,505.5,512.2,504.7,509.65,6740000.0,513.2,545.1450000000001,21.477900552486147,0.030954555960140802,BEARISH,RSI_LOW,HIGH_VOLATILITY
2024-02-28,512.5,514.45,501.75,504.4,4410000.0,511.71999999999997,541.3975,15.638297872340402,0.030500696283941236,BEARISH,RSI_LOW,HIGH_VOLATILITY
2024-02-29,506.5,508.0,499.0,503.85,16860000.0,508.26000000000005,538.0275,16.761687571265668,0.030468890353847217,BEARISH,RSI_LOW,HIGH_VOLATILITY
2024-03-01,510.0,522.5,510.0,519.1,9880000.0,508.41,534.8075,27.03878216745197,0.030944026932596413,BEARISH,RSI_LOW,HIGH_VOLATILITY
2024-03-02,520.95,523.9,519.0,522.85,619590.0,511.96999999999997,531.955,59.192501802451346,0.031069877352644645,BEARISH,RSI_NORMAL,HIGH_VOLATILITY
2024-03-04,524.0,529.85,520.05,524.95,5990000.0,515.03,528.9575,62.40057845263922,0.03098309131265794,BEARISH,RSI_NORMAL,HIGH_VOLATILITY
2024-03-05,524.0,528.3,520.2,522.1,5730000.0,518.57,525.45,56.68168168168167,0.03070913269986433,BEARISH,RSI_NORMAL,HIGH_VOLATILITY
2024-03-06,522.05,527.9,513.95,526.95,4640000.0,523.1899999999999,521.7325,58.15808556925309,0.03052127925214738,BULLISH,RSI_NORMAL,HIGH_VOLATILITY
2024-03-07,530.8,540.85,529.25,536.7,7910000.0,526.71,519.0025,66.20185922974777,0.030892281562475542,BULLISH,RSI_NORMAL,HIGH_VOLATILITY
2024-03-11,540.0,543.25,532.1,533.7,5530000.0,528.8800000000001,516.5649999999999,64.23969072164951,0.030793610393722075,BULLISH,RSI_NORMAL,HIGH_VOLATILITY
2024-03-12,533.1,536.85,525.3,528.95,3700000.0,529.6800000000001,517.5074999999999,60.43822276323802,0.01234490991008971,BULLISH,RSI_NORMAL,LOW_VOLATILITY
2024-03-13,529.35,530.0,501.2,507.0,5710000.0,526.6600000000001,517.4675,42.53298153034302,0.01567516862028851,BEARISH,RSI_NORMAL,LOW_VOLATILITY
2024-03-14,512.0,526.35,507.0,525.25,10350000.0,526.32,518.0699999999999,53.13067150635208,0.017497388029144866,BULLISH,RSI_NORMAL,LOW_VOLATILITY
2024-03-15,522.0,534.05,517.5,532.55,8470000.0,525.49,518.9125,63.19577735124758,0.017709310944661164,BULLISH,RSI_NORMAL,LOW_VOLATILITY
2024-03-18,532.0,535.55,527.0,531.15,4280000.0,524.98,519.855,60.64356435643564,0.01763294293960676,BULLISH,RSI_NORMAL,LOW_VOLATILITY
2024-03-19,532.0,539.75,529.25,533.65,7120000.0,525.92,520.9575,64.8854961832061,0.017625001204671167,BULLISH,RSI_NORMAL,LOW_VOLATILITY
2024-03-20,533.0,535.5,516.35,527.85,5010000.0,530.0899999999999,521.76,61.59420289855072,0.017866021590518914,BULLISH,RSI_NORMAL,LOW_VOLATILITY
2024-03-21,538.4,545.75,534.25,539.7,8800000.0,532.98,522.6875,60.2897102897103,0.018093133053587267,BULLISH,RSI_NORMAL,LOW_VOLATILITY
2024-03-22,539.7,550.65,537.35,547.75,5520000.0,536.0200000000001,524.1575,61.92528735632183,0.018231775875739296,BULLISH,RSI_NORMAL,LOW_VOLATILITY
2024-03-26,545.65,561.0,545.0,558.65,7200000.0,541.5200000000001,526.8375,64.88515901060069,0.017295143329568777,BULLISH,RSI_NORMAL,LOW_VOLATILITY
2024-03-27,564.2,564.65,556.8,557.65,5320000.0,546.3199999999999,529.2375,65.96317916479569,0.017337110412891828,BULLISH,RSI_NORMAL,LOW_VOLATILITY
2024-03-28,561.0,566.65,555.3,560.25,8330000.0,552.8,532.03,65.26122823098075,0.01697691056478266,BULLISH,RSI_NORMAL,LOW_VOLATILITY
2024-04-01,570.0,574.0,564.1,568.6,6190000.0,558.5799999999999,535.2674999999999,64.80965645311049,0.01703162867570778,BULLISH,RSI_NORMAL,LOW_VOLATILITY
2024-04-02,571.0,572.3,561.55,571.2,4630000.0,563.27,537.8725000000001,67.47437092264678,0.01606228684226795,BULLISH,RSI_NORMAL,LOW_VOLATILITY
2024-04-03,570.2,584.1,567.15,576.6,7510000.0,566.8599999999999,540.5600000000001,72.07040296433534,0.016086864276517284,BULLISH,RSI_HIGH,LOW_VOLATILITY
2024-04-04,590.0,590.0,568.95,577.75,7250000.0,570.88,543.2,90.59093516924848,0.01609990574128778,BULLISH,RSI_HIGH,LOW_VOLATILITY
2024-04-05,572.5,575.0,567.6,570.05,4880000.0,572.84,545.5975,79.24281984334203,0.016460150967836398,BULLISH,RSI_HIGH,LOW_VOLATILITY
2024-04-08,572.0,579.7,570.5,576.8,3280000.0,574.48,548.09,79.09270216962527,0.016508782360928093,BULLISH,RSI_HIGH,LOW_VOLATILITY
2024-04-09,578.1,595.45,574.0,588.6,7830000.0,577.96,550.6850000000001,83.2272990167727,0.016600594023886753,BULLISH,RSI_HIGH,LOW_VOLATILITY
2024-04-10,596.2,604.9,591.05,603.05,11750000.0,583.25,554.1524999999999,85.26422764227641,0.016975625576349455,BULLISH,RSI_HIGH,LOW_VOLATILITY
2024-04-12,609.05,609.05,595.3,598.65,15990000.0,587.4300000000001,557.6375,86.49484536082471,0.01690385295205239,BULLISH,RSI_HIGH,LOW_VOLATILITY
2024-04-15,615.0,625.4,605.7,612.7,27070000.0,595.9599999999999,562.9225,86.79435483870967,0.013023129938434897,BULLISH,RSI_HIGH,LOW_VOLATILITY
2024-04-16,612.7,621.4,606.8,608.85,10720000.0,602.3700000000001,567.1025,82.15789473684208,0.011894280846949481,BULLISH,RSI_HIGH,LOW_VOLATILITY
2024-04-18,616.4,625.0,609.8,612.8,9950000.0,607.2099999999999,571.115,80.74957410562178,0.011798831760606672,BULLISH,RSI_HIGH,LOW_VOLATILITY
2024-04-19,609.0,616.3,600.7,614.75,6440000.0,609.55,575.295,82.07865168539323,0.011616567755785673,BULLISH,RSI_HIGH,LOW_VOLATILITY
2024-04-22,620.65,622.45,612.7,618.55,6500000.0,613.53,579.54,82.31707317073166,0.011603252625156319,BULLISH,RSI_HIGH,LOW_VOLATILITY
2024-04-23,618.5,618.75,610.4,611.8,6150000.0,613.35,583.7375,74.3792325056433,0.011606922749673801,BULLISH,RSI_HIGH,LOW_VOLATILITY
2024-04-24,611.8,637.65,608.7,636.1,11780000.0,618.8,588.5575,79.41976427923842,0.01329891875510702,BULLISH,RSI_HIGH,LOW_VOLATILITY
2024-04-25,635.7,648.25,628.1,646.8,11900000.0,625.6,593.51,80.36332179930793,0.013355260540294898,BULLISH,RSI_HIGH,LOW_VOLATILITY
2024-04-26,650.95,661.6,643.0,649.3,7550000.0,632.51,598.0424999999999,80.58999572466863,0.013109468969635446,BULLISH,RSI_HIGH,LOW_VOLATILITY
2024-04-29,654.95,655.4,641.2,650.05,4160000.0,638.8100000000001,602.6625,86.36363636363636,0.013014310753959967,BULLISH,RSI_HIGH,LOW_VOLATILITY
2024-04-30,653.6,653.7,642.3,644.4,4770000.0,645.3299999999999,606.87,81.03764921946743,0.013515321994227121,BULLISH,RSI_HIGH,LOW_VOLATILITY
2024-05-02,635.9,646.9,628.65,641.45,17930000.0,646.4,610.5124999999999,76.41179410294858,0.013625412415291648,BULLISH,RSI_HIGH,LOW_VOLATILITY
2024-05-03,655.05,655.05,638.4,647.1,10630000.0,646.4599999999999,614.3075,74.13698630136993,0.01363279691008322,BULLISH,RSI_HIGH,LOW_VOLATILITY
2024-05-06,650.0,655.0,629.3,638.8,10090000.0,644.36,617.4175,71.09826589595374,0.01426121243722739,BULLISH,RSI_HIGH,LOW_VOLATILITY
2024-05-07,646.9,646.9,611.75,620.2,10790000.0,638.39,619.54,53.761283851554666,0.016198065393164086,BULLISH,RSI_NORMAL,LOW_VOLATILITY
2024-05-08,615.1,634.45,615.1,633.5,7680000.0,636.21,622.7125,61.29180027485114,0.01614306562659388,BULLISH,RSI_NORMAL,LOW_VOLATILITY
2024-05-09,634.0,637.75,615.0,619.4,6590000.0,631.8,624.8425,52.76613579212072,0.0171948899777676,BEARISH,RSI_NORMAL,LOW_VOLATILITY
2024-05-10,620.1,629.55,618.0,625.6,4360000.0,627.5,626.6925,54.39093484419266,0.016813748549422237,BEARISH,RSI_NORMAL,LOW_VOLATILITY
2024-05-13,625.1,636.15,614.3,633.5,3580000.0,626.4399999999999,628.2149999999999,55.855855855855886,0.016217249539205347,BULLISH,RSI_NORMAL,LOW_VOLATILITY
2024-05-14,644.35,649.5,638.2,646.65,8340000.0,631.73,630.615,62.99888101454683,0.016527388386866796,BULLISH,RSI_NORMAL,LOW_VOLATILITY
2024-05-15,653.0,659.0,648.7,653.7,6760000.0,635.7700000000001,632.665,57.53424657534249,0.015977696990585852,BULLISH,RSI_NORMAL,LOW_VOLATILITY
2024-05-16,660.0,666.0,643.25,653.35,8780000.0,642.5600000000001,634.8900000000001,53.076561766087394,0.015846162307928284,BULLISH,RSI_NORMAL,LOW_VOLATILITY
2024-05-17,653.0,658.8,650.4,655.45,5030000.0,648.53,637.0224999999999,52.89957567185294,0.015832233180131088,BULLISH,RSI_NORMAL,LOW_VOLATILITY
2024-05-18,662.0,662.9,657.5,660.35,467850.0,653.9,639.3025,54.67332123411981,0.015856951390360478,BULLISH,RSI_NORMAL,LOW_VOLATILITY
2024-05-21,666.3,695.4,663.2,693.6,15980000.0,663.2900000000001,643.0550000000001,67.85195936139334,0.018987309890619183,BULLISH,RSI_NORMAL,LOW_VOLATILITY
2024-05-22,698.55,698.7,677.4,684.55,8000000.0,669.4599999999999,646.6924999999999,64.9756775538568,0.01909260039997603,BULLISH,RSI_NORMAL,LOW_VOLATILITY
2024-05-23,675.15,678.55,665.95,676.8,9750000.0,674.15,648.7275000000001,60.1712328767123,0.017679786187226862,BULLISH,RSI_NORMAL,LOW_VOLATILITY
2024-05-24,679.25,690.45,671.05,673.25,15930000.0,677.71,650.05,62.19469026548674,0.017475842645715858,BULLISH,RSI_NORMAL,LOW_VOLATILITY
2024-05-27,685.05,689.5,675.5,677.85,10480000.0,681.2099999999999,651.4775000000001,72.65225933202355,0.0175037479045262,BULLISH,RSI_HIGH,LOW_VOLATILITY
2024-05-28,682.0,698.0,678.35,681.3,12930000.0,678.75,653.04,70.35775127768309,0.017512334814105458,BULLISH,RSI_HIGH,LOW_VOLATILITY
2024-05-29,695.0,713.5,682.3,705.3,22680000.0,682.9,656.0849999999999,83.73919874312645,0.018745900129867394,BULLISH,RSI_HIGH,LOW_VOLATILITY
2024-05-30,704.85,713.05,693.35,695.15,10360000.0,686.5699999999999,658.7700000000001,76.49523809523808,0.019125838735926985,BULLISH,RSI_HIGH,LOW_VOLATILITY
2024-05-31,698.9,703.45,684.35,689.35,13620000.0,689.79,660.8824999999999,71.62214479287651,0.019292146838084164,BULLISH,RSI_HIGH,LOW_VOLATILITY
2024-06-03,715.0,715.25,692.8,695.95,7080000.0,693.4100000000001,663.74,70.10603588907017,0.01895127538647135,BULLISH,RSI_HIGH,LOW_VOLATILITY
2024-06-04,697.0,697.0,594.25,649.05,24250000.0,686.9599999999999,665.1825,48.56879039704522,0.023825902154176584,BEARISH,RSI_NORMAL,HIGH_VOLATILITY
2024-06-05,627.0,700.65,607.0,695.25,25840000.0,684.95,668.27,60.05760921747479,0.028112024417030732,BULLISH,RSI_NORMAL,HIGH_VOLATILITY
2024-06-06,695.0,695.0,673.0,677.5,10420000.0,681.42,671.175,54.92297387809777,0.028288247341701486,BULLISH,RSI_NORMAL,HIGH_VOLATILITY
2024-06-07,677.5,687.0,672.45,680.35,7170000.0,679.62,673.9125,54.50653447498874,0.02826252530300992,BULLISH,RSI_NORMAL,HIGH_VOLATILITY
2024-06-10,677.05,684.85,673.05,676.4,4050000.0,675.7099999999999,676.0575,45.53478712357216,0.02828688554782517,BULLISH,RSI_NORMAL,HIGH_VOLATILITY
2024-06-11,680.0,681.25,672.05,672.95,5160000.0,680.49,677.3725000000001,46.89839572192516,0.02805427010012931,BEARISH,RSI_NORMAL,HIGH_VOLATILITY
2024-06-12,674.0,683.0,671.85,673.9,10780000.0,676.22,678.3824999999999,49.1953385127636,0.02798247585793553,BEARISH,RSI_NORMAL,HIGH_VOLATILITY
2024-06-13,678.0,684.65,676.05,680.7,9560000.0,676.86,679.75,52.03052602889071,0.02803477510680751,BULLISH,RSI_NORMAL,HIGH_VOLATILITY
2024-06-14,690.0,690.0,677.4,683.6,8330000.0,677.51,681.1575,51.581843191196704,0.02803730286524121,BULLISH,RSI_NORMAL,HIGH_VOLATILITY
2024-06-18,683.6,688.0,677.0,678.75,4010000.0,677.98,682.0775000000001,49.30384930384932,0.028089810745634596,BEARISH,RSI_NORMAL,HIGH_VOLATILITY
2024-06-19,680.05,682.0,660.4,662.4,4770000.0,675.87,680.5175,37.777777777777786,0.026177297435676747,BEARISH,RSI_NORMAL,HIGH_VOLATILITY
2024-06-20,665.0,684.35,661.75,676.5,6650000.0,676.3900000000001,680.115,44.803566453051,0.02653622405647888,BEARISH,RSI_NORMAL,HIGH_VOLATILITY
2024-06-21,680.0,691.2,677.0,684.5,11970000.0,677.15,680.5,48.66501513900358,0.02653305770997552,BULLISH,RSI_NORMAL,HIGH_VOLATILITY
2024-06-24,679.6,687.7,675.1,685.25,8010000.0,677.48,681.1,46.956769055745156,0.02649362020465568,BULLISH,RSI_NORMAL,HIGH_VOLATILITY
2024-06-25,688.8,696.0,680.9,685.5,5780000.0,678.83,681.4825,64.11149825783973,0.02646091900126777,BULLISH,RSI_NORMAL,HIGH_VOLATILITY
2024-06-26,683.55,683.55,671.35,674.7,6070000.0,681.29,681.1524999999999,39.04000000000003,0.02669640181154749,BEARISH,RSI_NORMAL,HIGH_VOLATILITY
2024-06-27,678.0,687.7,672.1,685.25,7140000.0,683.04,680.15,54.477180820335064,0.025669783682651923,BULLISH,RSI_NORMAL,HIGH_VOLATILITY
2024-06-28,690.25,697.5,686.0,693.55,6100000.0,684.85,680.0699999999999,57.17391304347824,0.025633152602576224,BULLISH,RSI_NORMAL,HIGH_VOLATILITY
2024-07-01,699.0,701.85,688.4,689.85,4870000.0,685.77,680.095,57.329700272479606,0.025589184597680194,BULLISH,RSI_NORMAL,HIGH_VOLATILITY
2024-07-02,689.9,703.3,688.4,694.75,5480000.0,687.62,680.0350000000001,61.69527896995707,0.02554821930404568,BULLISH,RSI_NORMAL,HIGH_VOLATILITY
2024-07-03,698.9,703.0,683.4,691.65,5880000.0,691.01,682.1650000000001,59.307813319349776,0.02007076362531418,BULLISH,RSI_NORMAL,LOW_VOLATILITY
2024-07-04,697.7,705.75,690.55,691.85,5920000.0,692.33,681.9950000000001,56.281690140845065,0.01216936938611419,BULLISH,RSI_NORMAL,LOW_VOLATILITY
2024-07-05,694.0,702.5,693.5,699.15,5170000.0,693.45,683.0775000000001,58.346752549651086,0.010811310148499507,BULLISH,RSI_NORMAL,LOW_VOLATILITY
2024-07-08,703.65,705.9,691.65,697.2,2640000.0,694.92,683.92,60.2216066481995,0.010836685529446466,BULLISH,RSI_NORMAL,LOW_VOLATILITY
2024-07-09,702.0,710.65,695.55,707.0,5510000.0,697.37,685.45,76.64277180406224,0.011060944269823316,BULLISH,RSI_HIGH,LOW_VOLATILITY
2024-07-10,708.0,712.1,685.3,693.3,5330000.0,697.7,686.4675,60.084033613445385,0.011984054599457216,BULLISH,RSI_NORMAL,LOW_VOLATILITY
2024-07-11,702.0,702.0,692.0,696.3,6860000.0,698.5899999999999,687.5875,57.53512132822477,0.011999888281277009,BULLISH,RSI_NORMAL,LOW_VOLATILITY
2024-07-12,697.5,702.45,686.1,692.05,3840000.0,697.17,688.155,54.1564792176039,0.01195053568022979,BULLISH,RSI_NORMAL,LOW_VOLATILITY
2024-07-15,692.05,701.6,688.45,700.1,2850000.0,697.75,688.9799999999999,58.14732142857145,0.012171432119143942,BULLISH,RSI_NORMAL,LOW_VOLATILITY
2024-07-16,700.3,703.15,689.0,690.8,4570000.0,694.51,689.5825,59.13734392735523,0.012470138238706682,BULLISH,RSI_NORMAL,LOW_VOLATILITY
2024-07-18,686.0,695.85,684.1,689.95,7840000.0,693.8399999999999,690.9599999999999,52.99744897959188,0.011016961065443491,BEARISH,RSI_NORMAL,LOW_VOLATILITY
2024-07-19,683.9,685.7,658.65,663.0,6210000.0,687.1800000000001,690.285,34.260690365790836,0.013474669578865724,BEARISH,RSI_NORMAL,LOW_VOLATILITY
2024-07-22,655.0,675.0,650.85,672.3,3290000.0,683.2299999999999,689.675,41.45153433999022,0.013592749043609154,BEARISH,RSI_NORMAL,LOW_VOLATILITY
2024-07-23,672.3,673.2,638.7,653.5,9600000.0,673.9100000000001,688.0875,32.30373230373229,0.014871304913737622,BEARISH,RSI_NORMAL,LOW_VOLATILITY
2024-07-24,653.0,656.65,645.0,651.6,2610000.0,666.0699999999999,686.3925,32.63979193758128,0.014858866811043567,BEARISH,RSI_NORMAL,LOW_VOLATILITY
2024-07-25,641.95,649.0,633.3,646.55,6170000.0,657.39,684.985,31.15640599001661,0.01458626933510096,BEARISH,RSI_NORMAL,LOW_VOLATILITY
2024-07-26,660.0,668.5,655.0,667.6,4730000.0,658.3100000000001,684.1025000000001,38.22321761851439,0.016079033121506905,BEARISH,RSI_NORMAL,LOW_VOLATILITY
2024-07-29,676.75,676.75,665.0,666.85,6030000.0,657.22,682.7675,38.56873822975518,0.01577259019846571,BEARISH,RSI_NORMAL,LOW_VOLATILITY
2024-07-30,665.0,665.0,654.6,660.5,6710000.0,658.6200000000001,681.3,32.01856148491882,0.015849003453122835,BEARISH,RSI_NORMAL,LOW_VOLATILITY
2024-07-31,667.0,674.0,664.25,669.6,8550000.0,662.22,680.0424999999999,40.49719326383324,0.016119865501464815,BEARISH,RSI_NORMAL,LOW_VOLATILITY
2024-08-01,680.0,690.9,667.35,673.5,8830000.0,667.61,679.135,40.923566878980914,0.016191639885060137,BEARISH,RSI_NORMAL,LOW_VOLATILITY
2024-08-02,659.8,665.6,646.55,648.05,6720000.0,663.7,676.9449999999999,35.01362397820165,0.01812949876610466,BEARISH,RSI_NORMAL,LOW_VOLATILITY
2024-08-05,628.05,633.85,609.25,614.3,13450000.0,653.1899999999999,672.7025,25.13043478260869,0.020850920161246796,BEARISH,RSI_LOW,LOW_VOLATILITY
2024-08-06,625.0,629.0,608.0,610.3,7060000.0,643.15,668.3575000000001,25.92703349282297,0.020835113368691774,BEARISH,RSI_LOW,LOW_VOLATILITY
2024-08-07,625.0,629.45,616.75,623.7,4840000.0,633.97,664.1925,31.571627260083474,0.021313253378384953,BEARISH,RSI_NORMAL,LOW_VOLATILITY
2024-08-08,625.0,631.0,613.0,614.05,5400000.0,622.0799999999999,660.2299999999999,34.93382579255157,0.021202126198862067,BEARISH,RSI_NORMAL,LOW_VOLATILITY
2024-08-09,622.0,626.5,614.8,622.9,3630000.0,617.05,656.5600000000001,34.75308641975312,0.021573222033877577,BEARISH,RSI_NORMAL,LOW_VOLATILITY
2024-08-12,619.0,634.4,616.5,629.35,3590000.0,620.0600000000001,653.425,41.93117273638492,0.021854253179240998,BEARISH,RSI_NORMAL,HIGH_VOLATILITY
2024-08-13,634.4,634.4,619.2,621.4,6790000.0,622.28,649.49,40.30186255619783,0.021582939311444387,BEARISH,RSI_NORMAL,HIGH_VOLATILITY
2024-08-14,626.85,633.95,611.6,621.45,8650000.0,621.83,646.0224999999999,41.672196416722024,0.02154330491959226,BEARISH,RSI_NORMAL,LOW_VOLATILITY
2024-08-16,633.95,642.0,630.2,634.15,6570000.0,625.85,643.2325000000001,38.250790305584836,0.02227785598951574,BEARISH,RSI_NORMAL,HIGH_VOLATILITY
2024-08-19,636.5,660.3,636.5,658.85,9510000.0,633.0400000000001,643.025,47.59470835838846,0.0226368235152124,BULLISH,RSI_NORMAL,HIGH_VOLATILITY
2024-08-20,663.0,674.3,661.05,672.9,10300000.0,641.75,643.055,53.56321839080458,0.022932883058741766,BULLISH,RSI_NORMAL,HIGH_VOLATILITY
2024-08-21,668.9,696.6,667.8,685.6,7820000.0,654.59,644.66,54.50450450450449,0.022277238496079328,BULLISH,RSI_NORMAL,HIGH_VOLATILITY
2024-08-22,691.5,692.0,677.2,685.55,6190000.0,667.41,646.3575,53.467625899280556,0.02224910048481361,BULLISH,RSI_NORMAL,HIGH_VOLATILITY
2024-08-23,690.05,694.7,677.8,685.1,7770000.0,677.6,648.2850000000001,62.45378151260503,0.02212861729457777,BULLISH,RSI_NORMAL,HIGH_VOLATILITY
2024-08-26,694.4,712.9,689.5,711.85,11520000.0,688.2,650.4975,84.40917107583769,0.022624646363342684,BULLISH,RSI_HIGH,HIGH_VOLATILITY
2024-08-27,711.9,712.95,702.75,703.5,6470000.0,694.32,652.3299999999999,81.89596167008892,0.022860788926983802,BULLISH,RSI_HIGH,HIGH_VOLATILITY
2024-08-28,706.0,710.7,701.15,705.05,3600000.0,698.2099999999999,654.5575,80.2979515828677,0.022674264464627426,BULLISH,RSI_HIGH,HIGH_VOLATILITY
2024-08-29,697.65,702.35,691.4,700.5,5730000.0,701.2,656.1025000000001,83.46883468834687,0.02264358255039294,BULLISH,RSI_HIGH,HIGH_VOLATILITY
2024-08-30,699.0,708.5,695.1,701.35,7400000.0,704.45,657.4950000000001,82.37721832439124,0.02263145931741992,BULLISH,RSI_HIGH,HIGH_VOLATILITY
2024-09-02,706.7,706.7,683.2,683.9,6190000.0,698.8599999999999,659.2875,70.63942489595154,0.021588998384017424,BULLISH,RSI_HIGH,HIGH_VOLATILITY
2024-09-03,687.65,692.7,677.55,678.9,4460000.0,693.9399999999999,662.5175,72.25232198142415,0.017524899587639288,BULLISH,RSI_HIGH,LOW_VOLATILITY
2024-09-04,666.65,673.8,661.25,666.8,5820000.0,686.29,665.3425,66.0530973451327,0.01809454202594175,BULLISH,RSI_NORMAL,LOW_VOLATILITY
2024-09-05,670.0,672.4,667.25,669.95,3750000.0,680.1800000000001,667.655,63.591495823842074,0.017628397198750652,BULLISH,RSI_NORMAL,LOW_VOLATILITY
2024-09-06,668.25,677.0,665.45,667.1,6310000.0,673.33,670.3075,53.75512061902593,0.01715746141362143,BEARISH,RSI_NORMAL,LOW_VOLATILITY
2024-09-09,664.0,664.0,651.0,658.55,5140000.0,668.26,672.0899999999999,43.12410158121707,0.017390720440378416,BEARISH,RSI_NORMAL,LOW_VOLATILITY
2024-09-10,664.9,666.8,653.7,659.5,3300000.0,664.38,673.5975000000001,35.90712742980564,0.01730439230169649,BEARISH,RSI_NORMAL,LOW_VOLATILITY
2024-09-11,658.6,658.6,645.4,647.7,3830000.0,660.5600000000001,674.9125,31.863919501677117,0.017583941677367782,BEARISH,RSI_NORMAL,LOW_VOLATILITY
2024-09-12,658.0,677.9,651.5,676.2,8590000.0,661.8100000000001,677.65,46.638972809667685,0.019893641163503045,BEARISH,RSI_NORMAL,LOW_VOLATILITY
2024-09-13,686.0,686.4,670.6,673.25,5980000.0,663.0400000000001,679.6049999999999,32.22836095764275,0.01961345678197986,BEARISH,RSI_NORMAL,LOW_VOLATILITY
2024-09-16,680.1,687.55,676.55,685.15,4260000.0,668.36,680.9200000000001,41.81899242086492,0.018088845002289914,BULLISH,RSI_NORMAL,LOW_VOLATILITY
2024-09-17,689.0,692.0,681.1,683.0,3400000.0,673.0600000000001,681.425,40.22172949002221,0.017540101436148314,BULLISH,RSI_NORMAL,LOW_VOLATILITY
2024-09-18,685.0,687.95,673.35,685.25,3400000.0,680.57,681.4075,43.09642372114081,0.017038142487363732,BULLISH,RSI_NORMAL,LOW_VOLATILITY
2024-09-19,690.0,690.85,668.2,684.2,5130000.0,682.17,681.3399999999999,42.25033890646184,0.017042093714009963,BULLISH,RSI_NORMAL,LOW_VOLATILITY
2024-09-20,692.1,698.8,688.75,694.4,9750000.0,686.4,681.8050000000001,55.07736943907157,0.017361120830081095,BULLISH,RSI_NORMAL,LOW_VOLATILITY
2024-09-23,695.5,698.0,687.95,690.55,2810000.0,687.48,680.74,55.6968215158924,0.014878970427414137,BULLISH,RSI_NORMAL,LOW_VOLATILITY
2024-09-24,697.6,719.7,693.0,717.85,15200000.0,694.45,681.4575000000001,71.73265219242231,0.017236992993302513,BULLISH,RSI_HIGH,LOW_VOLATILITY
2024-09-25,725.0,730.9,715.55,718.45,9530000.0,701.0899999999999,682.1274999999999,71.10530896431678,0.017235304714839063,BULLISH,RSI_HIGH,LOW_VOLATILITY
2024-09-26,718.45,736.15,710.7,734.65,10570000.0,711.1800000000001,683.8349999999999,76.3352826510721,0.01777948009975768,BULLISH,RSI_HIGH,LOW_VOLATILITY
2024-09-27,746.95,757.7,742.1,747.15,12940000.0,721.7299999999999,686.125,83.50983358547657,0.018066612272961646,BULLISH,RSI_HIGH,LOW_VOLATILITY
2024-09-30,750.0,764.45,749.45,756.2,8570000.0,734.86,689.74,84.46186742694229,0.016882208911780716,BULLISH,RSI_HIGH,LOW_VOLATILITY
2024-10-01,755.0,765.5,745.2,761.55,4400000.0,743.6,693.8725000000001,92.5289503175196,0.016626944724902695,BULLISH,RSI_HIGH,LOW_VOLATILITY
2024-10-03,750.0,772.65,744.7,747.1,5650000.0,749.33,697.8875,79.59098497495829,0.01671513975614727,BULLISH,RSI_HIGH,LOW_VOLATILITY
2024-10-04,742.65,757.55,740.05,747.9,4620000.0,751.9799999999999,701.7850000000001,81.72545686357847,0.016747820739716448,BULLISH,RSI_HIGH,LOW_VOLATILITY
2024-10-07,753.0,753.0,722.5,731.3,5860000.0,748.8100000000001,704.995,68.8598283612587,0.01775636862512834,BULLISH,RSI_NORMAL,LOW_VOLATILITY
2024-10-08,723.5,732.0,708.0,721.8,5420000.0,741.93,708.1575,64.95759444872783,0.017765464965073724,BULLISH,RSI_NORMAL,LOW_VOLATILITY
2024-10-09,710.0,735.75,710.0,727.55,3730000.0,735.1299999999999,711.5600000000001,65.87837837837839,0.017761543577363148,BULLISH,RSI_NORMAL,LOW_VOLATILITY
2024-10-10,731.9,738.2,726.3,730.15,3890000.0,731.74,715.6825,67.05009276437846,0.016930029030888534,BULLISH,RSI_NORMAL,LOW_VOLATILITY
2024-10-11,736.0,749.95,733.05,747.35,5220000.0,731.63,719.24,68.67724867724868,0.01503498729193474,BULLISH,RSI_NORMAL,LOW_VOLATILITY
2024-10-14,746.0,755.0,739.45,743.0,2540000.0,733.97,722.7275000000001,68.4358523725835,0.015086836021519223,BULLISH,RSI_NORMAL,LOW_VOLATILITY
2024-10-15,746.0,750.0,720.65,726.95,3060000.0,735.0,724.8175,53.47328244274811,0.0158915630149437,BULLISH,RSI_NORMAL,LOW_VOLATILITY
2024-10-16,728.5,738.9,726.05,733.1,3210000.0,736.11,727.3225,55.36433540827536,0.01586412916003531,BULLISH,RSI_NORMAL,LOW_VOLATILITY
2024-10-17,741.1,747.3,732.35,734.8,6210000.0,737.04,729.8,50.061450225317486,0.01586682625557724,BULLISH,RSI_NORMAL,LOW_VOLATILITY
2024-10-18,734.8,756.45,725.05,753.5,5470000.0,738.27,733.265,52.47563352826512,0.0165388843547538,BULLISH,RSI_NORMAL,LOW_VOLATILITY
2024-10-21,760.0,765.45,737.0,739.6,2980000.0,737.5899999999999,735.525,43.764087152516886,0.017153781246064467,BULLISH,RSI_NORMAL,LOW_VOLATILITY
2024-10-22,733.0,745.8,718.3,720.25,5670000.0,736.25,737.01,35.96193065941537,0.01829473499855759,BEARISH,RSI_NORMAL,LOW_VOLATILITY
2024-10-23,716.0,731.15,713.3,717.1,6520000.0,733.05,736.9725,38.954344624447714,0.01608868910905735,BEARISH,RSI_NORMAL,LOW_VOLATILITY
2024-10-24,715.0,715.0,666.75,690.7,14910000.0,724.23,735.585,32.280049566294934,0.01807465061758519,BEARISH,RSI_NORMAL,LOW_VOLATILITY
2024-10-25,694.5,694.9,668.45,678.75,4090000.0,709.28,732.7900000000001,33.237639553429034,0.017432983935219436,BEARISH,RSI_NORMAL,LOW_VOLATILITY
2024-10-28,681.0,697.0,680.8,692.9,2590000.0,699.94,730.0775000000001,41.04708798017349,0.017692979942689747,BEARISH,RSI_NORMAL,LOW_VOLATILITY
2024-10-29,692.9,696.2,676.45,693.6,4290000.0,694.6099999999999,726.9475,39.14294851295173,0.017344362840228885,BEARISH,RSI_NORMAL,LOW_VOLATILITY
2024-10-30,690.95,698.8,685.4,688.4,3280000.0,688.87,723.2900000000001,36.86693928908463,0.01715223397950964,BEARISH,RSI_NORMAL,LOW_VOLATILITY
2024-10-31,686.85,689.55,679.25,686.05,4480000.0,687.9399999999999,720.2375,28.73004857737679,0.016829925098961338,BEARISH,RSI_LOW,LOW_VOLATILITY
2024-11-01,687.5,693.9,687.2,690.9,472900.0,690.37,717.3874999999999,31.984785615490992,0.016980051796370323,BEARISH,RSI_NORMAL,LOW_VOLATILITY
2024-11-04,689.0,689.9,661.6,674.3,5250000.0,686.65,714.5375,31.86358939028588,0.01708894539052585,BEARISH,RSI_NORMAL,LOW_VOLATILITY
2024-11-05,675.6,701.45,674.8,697.55,4930000.0,687.4399999999999,713.325,39.044684129429875,0.018956014099222613,BEARISH,RSI_NORMAL,LOW_VOLATILITY
2024-11-06,706.0,714.25,687.85,708.2,5500000.0,691.4,712.3575,42.23130841121499,0.019217169288844437,BEARISH,RSI_NORMAL,LOW_VOLATILITY
2024-11-07,682.0,687.7,646.3,648.1,26670000.0,683.81,708.255,25.211665098777075,0.026761549808079235,BEARISH,RSI_LOW,HIGH_VOLATILITY
2024-11-08,654.75,660.45,647.0,650.45,7890000.0,675.72,703.41,27.828898284008986,0.025978575703690086,BEARISH,RSI_LOW,HIGH_VOLATILITY
2024-11-11,647.45,657.6,638.7,655.35,4930000.0,671.9300000000001,699.0274999999999,32.60986066452307,0.02617028334462343,BEARISH,RSI_NORMAL,HIGH_VOLATILITY
2024-11-12,668.0,673.5,648.15,651.65,12010000.0,662.75,695.2625,32.514026182206806,0.025909038468708484,BEARISH,RSI_NORMAL,HIGH_VOLATILITY
2024-11-13,648.0,649.9,622.55,626.6,7870000.0,646.4300000000001,689.9375,32.75026910656622,0.026724493888267194,BEARISH,RSI_NORMAL,HIGH_VOLATILITY
2024-11-14,630.0,636.45,625.15,627.35,6940000.0,642.28,684.565,35.28064146620851,0.0267040352496435,BEARISH,RSI_NORMAL,HIGH_VOLATILITY
2024-11-18,641.9,663.1,639.9,651.05,13620000.0,642.4,679.4425,38.63698072223731,0.027631484062581806,BEARISH,RSI_NORMAL,HIGH_VOLATILITY
2024-11-19,651.1,655.55,637.65,640.0,5020000.0,639.3299999999999,674.4625,36.221079691516714,0.02760102484368534,BEARISH,RSI_NORMAL,HIGH_VOLATILITY
2024-11-21,641.0,653.9,634.3,648.05,7910000.0,638.61,670.8525000000001,39.777045857613366,0.027532555944477528,BEARISH,RSI_NORMAL,HIGH_VOLATILITY
2024-11-22,652.95,657.3,647.4,652.1,3590000.0,643.7099999999999,667.6025,41.47199196181867,0.02764544635595083,BEARISH,RSI_NORMAL,HIGH_VOLATILITY
2024-11-25,660.1,663.0,654.45,659.85,5760000.0,650.21,666.06,42.312453577618236,0.026767818415206406,BEARISH,RSI_NORMAL,HIGH_VOLATILITY
2024-11-26,662.9,670.25,659.25,666.1,3600000.0,653.22,665.4275,47.86012526096035,0.02662784287784679,BULLISH,RSI_NORMAL,HIGH_VOLATILITY
2024-11-27,667.2,669.8,660.15,661.1,2910000.0,657.44,663.8375,39.48658782809348,0.02617722804629317,BEARISH,RSI_NORMAL,HIGH_VOLATILITY
2024-11-28,661.0,663.15,647.6,650.25,4690000.0,657.88,661.67,33.30452319216363,0.02636063939848843,BEARISH,RSI_NORMAL,HIGH_VOLATILITY
2024-11-29,652.5,658.6,649.1,656.2,3410000.0,658.7,660.0600000000001,53.39195979899499,0.026469851603842864,BEARISH,RSI_NORMAL,HIGH_VOLATILITY
2024-12-02,656.2,663.4,653.05,662.6,2170000.0,659.25,658.8875,54.92102065613608,0.026597573225215564,BULLISH,RSI_NORMAL,HIGH_VOLATILITY
2024-12-03,665.4,669.6,657.0,667.55,3310000.0,659.54,657.72,54.93927125506071,0.026604439219513422,BULLISH,RSI_NORMAL,HIGH_VOLATILITY
2024-12-04,667.55,671.25,659.65,663.05,2790000.0,659.9300000000001,657.1575,54.58567980691874,0.02610581739105948,BULLISH,RSI_NORMAL,HIGH_VOLATILITY
2024-12-05,664.0,673.95,658.7,670.85,5160000.0,664.05,655.8225,70.66791219056516,0.024973063107659545,BULLISH,RSI_HIGH,HIGH_VOLATILITY
2024-12-06,673.45,676.5,667.25,670.15,2720000.0,666.84,653.92,69.99999999999999,0.02465606709320667,BULLISH,RSI_NORMAL,HIGH_VOLATILITY
2024-12-09,666.95,672.5,654.25,670.9,5080000.0,668.5,655.06,61.808447352766215,0.015223163782055555,BULLISH,RSI_NORMAL,LOW_VOLATILITY
2024-12-10,675.0,676.0,664.7,668.9,3950000.0,668.77,655.9825,69.26666666666662,0.015254039214612155,BULLISH,RSI_NORMAL,LOW_VOLATILITY
2024-12-11,671.0,679.8,668.05,670.5,3420000.0,670.26,656.74,66.37490882567468,0.015190385450084528,BULLISH,RSI_NORMAL,LOW_VOLATILITY
2024-12-12,675.0,679.8,662.0,668.7,6590000.0,669.83,657.5925,62.51885369532429,0.015133926640607715,BULLISH,RSI_NORMAL,LOW_VOLATILITY
2024-12-13,663.0,665.55,648.0,662.1,4200000.0,668.22,659.3675000000001,51.72678434382195,0.012248532483200642,BULLISH,RSI_NORMAL,LOW_VOLATILITY
2024-12-16,661.3,666.6,652.05,653.5,2620000.0,664.74,660.675,40.666666666666664,0.012748604033310292,BEARISH,RSI_NORMAL,LOW_VOLATILITY
2024-12-17,649.5,653.6,637.1,639.45,4800000.0,658.85,660.095,35.858915741345555,0.010757572383856023,BEARISH,RSI_NORMAL,LOW_VOLATILITY
2024-12-18,641.95,642.05,628.25,633.0,3750000.0,651.35,659.7450000000001,38.04573804573806,0.010315292559659076,BEARISH,RSI_NORMAL,LOW_VOLATILITY
2024-12-19,620.6,633.25,614.1,629.35,5200000.0,643.48,658.81,30.78024337866856,0.009898445062911671,BEARISH,RSI_NORMAL,LOW_VOLATILITY
2024-12-20,629.35,640.6,620.7,622.65,5960000.0,635.5899999999999,657.3375,21.525302922309336,0.009930693518401848,BEARISH,RSI_LOW,LOW_VOLATILITY
2024-12-23,625.55,635.9,625.55,634.15,2920000.0,631.72,656.0525,28.2268578878749,0.010516248637592705,BEARISH,RSI_LOW,LOW_VOLATILITY
2024-12-24,635.0,638.1,625.75,627.45,4830000.0,629.3199999999999,654.12,27.439797211660405,0.010325387598801156,BEARISH,RSI_LOW,LOW_VOLATILITY
2024-12-26,630.0,633.45,626.75,628.75,4480000.0,628.47,652.5024999999999,20.925414364640858,0.010324261435945371,BEARISH,RSI_LOW,LOW_VOLATILITY
2024-12-27,628.75,632.85,615.7,617.4,3390000.0,626.0799999999999,650.86,18.24202287778445,0.01044671020358723,BEARISH,RSI_LOW,LOW_VOLATILITY
2024-12-30,615.4,620.3,599.15,601.1,8020000.0,621.7700000000001,648.1049999999999,14.604462474645018,0.011339881769349488,BEARISH,RSI_LOW,LOW_VOLATILITY
2024-12-31,601.4,605.9,597.45,602.45,3810000.0,615.4300000000001,645.0975000000001,16.079632465543654,0.010967875072765906,BEARISH,RSI_LOW,LOW_VOLATILITY
2025-01-01,601.5,603.75,587.5,592.95,9220000.0,608.53,641.3675000000001,13.367973547472829,0.010842090908134412,BEARISH,RSI_LOW,LOW_VOLATILITY
2025-01-02,594.9,600.55,588.6,599.0,8530000.0,602.58,638.1650000000001,18.346957311534908,0.011415776406969393,BEARISH,RSI_LOW,LOW_VOLATILITY
2025-01-03,599.0,599.75,590.0,591.15,6290000.0,597.3299999999999,634.1800000000001,18.140996856757923,0.010832711043208591,BEARISH,RSI_LOW,LOW_VOLATILITY
2025-01-06,592.6,593.85,571.6,574.1,11200000.0,591.9300000000001,629.3775,16.861435726210317,0.011864099669495429,BEARISH,RSI_LOW,LOW_VOLATILITY
2025-01-07,573.05,588.4,572.05,584.5,5380000.0,588.34,625.0575000000001,26.345243219974122,0.013071614264643695,BEARISH,RSI_LOW,LOW_VOLATILITY
2025-01-08,582.75,587.6,577.45,586.65,4080000.0,587.0799999999999,620.945,29.280286097451892,0.013257190927450955,BEARISH,RSI_LOW,LOW_VOLATILITY
2025-01-09,580.0,596.85,578.65,589.25,7600000.0,585.1299999999999,616.8825,31.904332129963862,0.013336450728078066,BEARISH,RSI_NORMAL,LOW_VOLATILITY
2025-01-10,586.0,589.25,571.6,574.45,10610000.0,581.7900000000001,612.17,29.730866274179974,0.013941258596469804,BEARISH,RSI_LOW,LOW_VOLATILITY
2025-01-13,571.6,573.95,562.0,563.75,7690000.0,579.72,607.2524999999999,20.194750211684976,0.014156286837229989,BEARISH,RSI_LOW,LOW_VOLATILITY
2025-01-14,569.9,591.95,568.35,590.9,8510000.0,581.0,604.1225000000001,36.809815950920196,0.018833004428202012,BEARISH,RSI_NORMAL,LOW_VOLATILITY
2025-01-15,594.0,596.2,586.55,591.55,4390000.0,581.98,601.7275,36.511965192168205,0.01845598094922561,BEARISH,RSI_NORMAL,LOW_VOLATILITY
2025-01-16,596.0,607.0,590.55,602.6,4960000.0,584.65,600.2075,44.622093023255836,0.019045606639173117,BULLISH,RSI_NORMAL,LOW_VOLATILITY
2025-01-17,603.85,619.0,603.7,617.0,6410000.0,593.1600000000001,599.59,55.85851142225497,0.019896342690143363,BULLISH,RSI_NORMAL,LOW_VOLATILITY
2025-01-20,617.05,621.95,612.25,618.15,3000000.0,604.04,599.365,55.793357933579315,0.019766856338393365,BULLISH,RSI_NORMAL,LOW_VOLATILITY
2025-01-21,626.05,628.35,613.45,614.95,3530000.0,608.85,598.405,58.5139318885449,0.019294316915011125,BULLISH,RSI_NORMAL,LOW_VOLATILITY
2025-01-22,615.0,615.4,605.35,613.45,4430000.0,613.23,597.705,55.79622944243886,0.019175469667090616,BULLISH,RSI_NORMAL,LOW_VOLATILITY
2025-01-23,611.0,616.2,607.2,608.25,6830000.0,614.36,596.6800000000001,57.008196721311485,0.019232843289129616,BULLISH,RSI_NORMAL,LOW_VOLATILITY
2025-01-24,608.7,615.35,599.9,606.9,4610000.0,612.34,596.155,65.42803386641579,0.018836671853012424,BULLISH,RSI_NORMAL,LOW_VOLATILITY
2025-01-27,600.05,601.6,585.35,586.9,2920000.0,606.09,595.445,51.03537532355478,0.019357263397171715,BEARISH,RSI_NORMAL,LOW_VOLATILITY
2025-01-28,590.1,591.65,568.3,573.85,6250000.0,597.87,594.015,44.95268138801263,0.019906295943327885,BEARISH,RSI_NORMAL,LOW_VOLATILITY
2025-01-29,576.5,587.85,571.6,584.1,4620000.0,592.0,593.5725,48.08478988471552,0.020122730093180503,BEARISH,RSI_NORMAL,LOW_VOLATILITY
2025-01-30,586.9,601.85,581.7,587.85,4600000.0,587.9200000000001,593.015,55.42949756888168,0.020033813579227937,BEARISH,RSI_NORMAL,LOW_VOLATILITY
2025-01-31,590.0,596.4,584.3,594.3,3750000.0,585.4,593.1724999999999,62.819974821653375,0.01997558710610831,BULLISH,RSI_NORMAL,LOW_VOLATILITY
2025-02-01,594.0,595.4,582.0,586.45,1740000.0,585.3100000000001,593.79,47.77165748622937,0.01905342936359528,BEARISH,RSI_NORMAL,LOW_VOLATILITY
2025-02-03,575.0,576.6,557.6,574.05,8170000.0,585.35,593.2674999999999,42.1594982078853,0.01924433965444066,BEARISH,RSI_NORMAL,LOW_VOLATILITY
2025-02-04,580.5,595.9,580.2,583.95,5320000.0,585.32,593.1324999999999,41.55726573110005,0.019642800852950098,BEARISH,RSI_NORMAL,LOW_VOLATILITY
2025-02-05,584.5,604.5,584.5,600.6,3970000.0,587.87,593.7,42.72404614019522,0.020644380835867483,BULLISH,RSI_NORMAL,LOW_VOLATILITY
2025-02-06,601.05,606.8,591.25,595.45,3570000.0,588.1,594.75,40.27420736932308,0.01985258916474086,BULLISH,RSI_NORMAL,LOW_VOLATILITY
2025-02-07,595.45,610.6,594.0,607.4,4690000.0,592.2900000000001,596.9325000000001,46.99083300119567,0.019622589993099272,BULLISH,RSI_NORMAL,LOW_VOLATILITY
2025-02-10,605.0,606.1,589.5,596.0,3430000.0,596.6800000000001,597.1875,43.55374953823419,0.01724315999697334,BEARISH,RSI_NORMAL,LOW_VOLATILITY
2025-02-11,594.05,607.0,591.65,595.85,5300000.0,599.06,597.4024999999999,45.24174980813508,0.017243627076130818,BEARISH,RSI_NORMAL,LOW_VOLATILITY
2025-02-12,599.05,604.95,586.35,598.9,3760000.0,598.72,597.2175,46.96969696969697,0.016750872565876776,BULLISH,RSI_NORMAL,LOW_VOLATILITY
2025-02-13,596.05,607.95,590.1,602.5,4420000.0,600.13,596.4925000000001,56.74740484429068,0.015851448416123272,BULLISH,RSI_NORMAL,LOW_VOLATILITY
2025-02-14,609.0,616.0,595.05,606.2,11480000.0,599.89,595.895,65.22352941176473,0.015921793230934653,BULLISH,RSI_NORMAL,LOW_VOLATILITY
2025-02-17,606.2,611.9,589.65,610.85,4470000.0,602.86,595.6899999999999,63.28862394436167,0.015997238406323125,BULLISH,RSI_NORMAL,LOW_VOLATILITY
2025-02-18,609.0,613.7,601.7,611.45,2960000.0,605.98,595.59,62.10256410256413,0.0159904656993081,BULLISH,RSI_NORMAL,LOW_VOLATILITY
2025-02-19,607.0,628.35,606.55,626.3,6100000.0,611.46,596.4925000000001,65.10859301227575,0.01674142375462261,BULLISH,RSI_NORMAL,LOW_VOLATILITY
2025-02-20,627.0,644.2,625.0,638.8,6900000.0,618.72,598.0875,73.67706919945724,0.01720346886332514,BULLISH,RSI_HIGH,LOW_VOLATILITY
2025-02-21,639.2,656.2,637.95,653.55,7490000.0,628.1899999999999,601.42,85.20814880425159,0.01557675816829944,BULLISH,RSI_HIGH,LOW_VOLATILITY
2025-02-24,642.0,647.9,636.25,641.9,5930000.0,634.4,604.8225,75.27256868730923,0.015189788156711135,BULLISH,RSI_HIGH,LOW_VOLATILITY
2025-02-25,636.0,638.45,617.1,619.45,10250000.0,636.0,606.59,57.82482357824827,0.01740200369536852,BULLISH,RSI_NORMAL,LOW_VOLATILITY
2025-02-27,625.1,633.9,619.5,631.95,7260000.0,637.1299999999999,608.795,64.28012519561818,0.017807959785504722,BULLISH,RSI_NORMAL,LOW_VOLATILITY
2025-02-28,630.0,636.6,619.45,634.35,13040000.0,636.24,610.7975,61.39534883720935,0.017727417569984746,BULLISH,RSI_NORMAL,LOW_VOLATILITY
2025-03-03,634.45,643.5,620.7,636.55,5370000.0,632.8399999999999,613.3025,68.59238881247137,0.017291137211959053,BULLISH,RSI_NORMAL,LOW_VOLATILITY
2025-03-04,628.0,643.85,624.1,641.65,4430000.0,632.7900000000001,616.6825000000001,70.08771929824563,0.016234290458159228,BULLISH,RSI_HIGH,LOW_VOLATILITY
2025-03-05,638.0,662.5,638.0,657.35,7880000.0,640.37,620.3525,73.07540465850774,0.016581081343136416,BULLISH,RSI_HIGH,LOW_VOLATILITY
2025-03-06,664.95,687.6,661.85,681.95,10990000.0,650.37,624.42,76.9048425330173,0.01731914606078112,BULLISH,RSI_HIGH,LOW_VOLATILITY
2025-03-07,678.6,694.6,678.6,691.35,8140000.000000001,661.77,629.215,77.76328659928272,0.017012824604873255,BULLISH,RSI_HIGH,LOW_VOLATILITY
2025-03-10,689.8,709.3,686.5,689.15,10710000.0,672.2900000000001,633.3025,75.94433399602387,0.016912356051015095,BULLISH,RSI_HIGH,LOW_VOLATILITY
2025-03-11,684.0,699.0,676.8,695.5,5260000.0,683.0600000000001,638.2774999999999,76.82732205553783,0.015837921726593814,BULLISH,RSI_HIGH,LOW_VOLATILITY
2025-03-12,700.0,702.0,683.8,689.85,5220000.0,689.5600000000001,642.9775000000001,71.54967785690067,0.016145180125937766,BULLISH,RSI_HIGH,LOW_VOLATILITY
2025-03-13,690.2,692.95,673.25,677.35,4880000.0,688.64,646.9,63.072227873855574,0.017129865099475346,BULLISH,RSI_NORMAL,LOW_VOLATILITY
2025-03-17,678.25,687.5,677.85,680.75,4030000.000000001,686.52,650.8125,59.99265246142544,0.017132219606762675,BULLISH,RSI_NORMAL,LOW_VOLATILITY
2025-03-18,689.25,701.0,685.95,697.85,5950000.0,688.26,655.3950000000001,69.7633345107736,0.017643049129159493,BULLISH,RSI_NORMAL,LOW_VOLATILITY
2025-03-19,703.0,703.0,690.5,698.55,5460000.0,688.87,659.78,83.01335559265439,0.017696846293403228,BULLISH,RSI_HIGH,LOW_VOLATILITY
2025-03-20,702.5,709.85,697.6,705.95,4670000.0,692.0899999999999,664.5049999999999,82.25806451612902,0.01765874609141955,BULLISH,RSI_HIGH,LOW_VOLATILITY
2025-03-21,715.0,715.0,694.2,695.35,7600000.0,695.69,667.9575,74.81692432872252,0.017861561895792286,BULLISH,RSI_HIGH,LOW_VOLATILITY
2025-03-24,704.85,705.75,695.1,701.5,4300000.0,699.84,671.0925,75.60110366574693,0.017554858986109086,BULLISH,RSI_HIGH,LOW_VOLATILITY
2025-03-25,700.45,704.35,683.25,693.45,4550000.0,698.96,673.0875,69.95377503852082,0.017363889599191377,BULLISH,RSI_NORMAL,LOW_VOLATILITY
2025-03-26,695.0,702.4,690.5,691.3,3650000.0,697.51,675.5575,64.60215053763437,0.01673005091073202,BULLISH,RSI_NORMAL,LOW_VOLATILITY
2025-03-27,690.95,697.9,689.2,693.35,5000000.0,694.99,679.2524999999999,56.083244397011725,0.014029534408794439,BULLISH,RSI_NORMAL,LOW_VOLATILITY
2025-03-28,690.5,697.45,679.3,682.45,4360000.0,692.4100000000001,681.7775,45.32563025210086,0.014377672797108587,BULLISH,RSI_NORMAL,LOW_VOLATILITY
2025-04-01,672.0,683.1,661.95,663.75,5130000.0,684.86,683.2475000000001,38.63025962399286,0.015996322014485094,BEARISH,RSI_NORMAL,LOW_VOLATILITY
2025-04-02,668.7,669.0,652.75,661.2,8359999.999999999,678.4100000000001,684.48,34.10565338276186,0.01605377108674341,BEARISH,RSI_NORMAL,LOW_VOLATILITY
2025-04-03,658.0,658.0,647.6,652.65,5650000.0,670.6800000000001,685.03,33.212996389891714,0.01632335359477362,BEARISH,RSI_NORMAL,LOW_VOLATILITY
2025-04-04,645.0,645.0,596.55,599.95,9390000.0,652.0,682.1600000000001,24.37086092715235,0.023659850962550463,BEARISH,RSI_LOW,HIGH_VOLATILITY
2025-04-07,559.0,570.0,546.45,561.8,13120000.0,627.8700000000001,676.1525,17.981157469717388,0.02502972067012142,BEARISH,RSI_LOW,HIGH_VOLATILITY
2025-04-08,575.0,584.35,555.95,568.35,8830000.0,608.7900000000001,670.0024999999999,13.042237442922428,0.02493072771376657,BEARISH,RSI_LOW,HIGH_VOLATILITY
2025-04-09,567.75,567.75,552.2,564.0,7010000.0,589.35,663.745,12.384679899357096,0.024891659953915134,BEARISH,RSI_LOW,HIGH_VOLATILITY
2025-04-11,585.0,607.95,576.1,600.3,12560000.0,578.8799999999999,658.985,24.572803850782194,0.029685873543551955,BEARISH,RSI_LOW,HIGH_VOLATILITY
2025-04-15,613.0,619.3,606.35,617.6,4870000.0,582.4100000000001,655.3725000000001,31.872231289344867,0.030736952632152488,BEARISH,RSI_NORMAL,HIGH_VOLATILITY
2025-04-16,618.15,619.35,602.0,609.9,4450000.0,592.03,652.0,28.79629629629632,0.03063637848020425,BEARISH,RSI_LOW,HIGH_VOLATILITY
2025-04-17,608.9,616.0,604.0,609.5,4520000.0,600.26,648.4375,29.853611711063138,0.030567058412253274,BEARISH,RSI_LOW,HIGH_VOLATILITY
2025-04-21,611.5,624.9,607.05,622.0,2660000.0,611.86,644.6450000000001,34.156378600823075,0.030344025703188195,BEARISH,RSI_NORMAL,HIGH_VOLATILITY
2025-04-22,625.0,631.05,619.05,620.1,4970000.0,615.8199999999999,640.7225000000001,33.241821093571275,0.030313268219758015,BEARISH,RSI_NORMAL,HIGH_VOLATILITY
2025-04-23,628.75,633.0,620.7,629.1,4670000.0,618.12,636.8799999999999,37.68751442418648,0.030435210603949527,BEARISH,RSI_NORMAL,HIGH_VOLATILITY
2025-04-24,630.0,632.55,626.1,628.35,3370000.0,621.81,633.53,41.0920986411676,0.030359815109962864,BEARISH,RSI_NORMAL,HIGH_VOLATILITY
2025-04-25,632.4,634.3,612.95,622.1,3930000.0,624.3300000000002,629.5600000000001,40.34090909090909,0.030211994673845458,BEARISH,RSI_NORMAL,HIGH_VOLATILITY
2025-04-28,622.45,631.5,622.4,628.65,3970000.0,625.6600000000001,626.3199999999999,44.01197604790419,0.03038492387960253,BULLISH,RSI_NORMAL,HIGH_VOLATILITY
2025-04-29,631.05,634.25,621.65,622.55,4530000.0,626.15,622.8825,57.34720416124833,0.03040538406522445,BEARISH,RSI_NORMAL,HIGH_VOLATILITY
2025-04-30,622.55,632.55,615.0,624.65,5910000.0,625.26,619.4475,76.68789808917197,0.0304109859212286,BULLISH,RSI_HIGH,HIGH_VOLATILITY
2025-05-02,624.0,650.1,621.8,632.1,6340000.0,626.01,616.9300000000001,76.8647281921618,0.030514585246416714,BULLISH,RSI_HIGH,HIGH_VOLATILITY
2025-05-05,635.25,641.6,629.55,633.4,2550000.0,628.2699999999999,615.4125,80.01730103806227,0.030000431940505452,BULLISH,RSI_HIGH,HIGH_VOLATILITY
2025-05-06,638.95,642.7,627.45,630.05,2780000.0,628.55,613.855,67.99758015728975,0.03000710149077982,BULLISH,RSI_NORMAL,HIGH_VOLATILITY
2025-05-07,633.0,638.7,629.35,636.3,3590000.0,631.3,613.0375,63.05865921787704,0.03000298436935079,BULLISH,RSI_NORMAL,HIGH_VOLATILITY
2025-05-08,635.8,636.3,615.05,620.2,5790000.0,630.4100000000001,614.05,56.43750000000006,0.02423778535018383,BULLISH,RSI_NORMAL,HIGH_VOLATILITY
2025-05-09,609.1,630.3,603.75,627.15,3870000.0,629.42,617.3174999999999,60.19641825534373,0.018741991408593856,BULLISH,RSI_NORMAL,LOW_VOLATILITY
2025-05-12,640.15,654.25,638.05,651.95,5470000.0,633.1299999999999,621.4975000000001,65.14921598381389,0.020191325252852953,BULLISH,RSI_NORMAL,LOW_VOLATILITY
2025-05-13,645.0,646.35,632.0,634.75,6030000.0,634.0699999999999,625.0350000000001,56.416995181778354,0.021313465577750906,BULLISH,RSI_NORMAL,LOW_VOLATILITY
2025-05-14,635.5,652.95,634.0,650.55,4820000.0,636.9200000000001,627.5474999999999,58.867300537412135,0.01703685804857247,BULLISH,RSI_NORMAL,LOW_VOLATILITY
2025-05-15,649.5,663.65,646.3,661.35,7130000.0,645.15,629.7349999999999,62.59541984732824,0.01630984847436322,BULLISH,RSI_NORMAL,LOW_VOLATILITY
2025-05-16,659.5,662.95,654.35,657.55,2700000.0,651.2299999999999,632.1175,63.78840917930762,0.016029166995935477,BULLISH,RSI_NORMAL,LOW_VOLATILITY
2025-05-19,655.0,661.75,652.0,658.35,3320000.0,652.51,634.56,62.0928338762215,0.01600667107269097,BULLISH,RSI_NORMAL,LOW_VOLATILITY
2025-05-20,668.0,671.0,655.55,662.75,7950000.0,658.11,636.5975,66.59785301403798,0.015547399631385574,BULLISH,RSI_NORMAL,LOW_VOLATILITY
2025-05-21,667.1,671.0,654.6,663.0,8620000.0,660.6,638.7425,66.07966457023059,0.015492504314098795,BULLISH,RSI_NORMAL,LOW_VOLATILITY
2025-05-22,663.0,663.7,642.5,649.55,6780000.0,658.24,639.7650000000001,56.96606786427143,0.016127397479350675,BULLISH,RSI_NORMAL,LOW_VOLATILITY
2025-05-23,653.0,655.55,642.6,650.1,3450000.0,656.75,640.8525,56.70682730923696,0.01611443330860781,BULLISH,RSI_NORMAL,LOW_VOLATILITY
2025-05-26,655.0,669.7,653.3,661.45,6830000.0,657.37,642.8199999999999,61.8490566037736,0.016225502924537442,BULLISH,RSI_NORMAL,LOW_VOLATILITY
2025-05-27,661.4,665.7,656.5,659.45,4220000.0,656.71,644.36,59.02534113060431,0.01618609531980286,BULLISH,RSI_NORMAL,LOW_VOLATILITY
2025-05-28,659.45,662.0,647.9,649.95,3550000.0,654.1,645.7299999999999,62.22770242498969,0.016405649535206342,BULLISH,RSI_NORMAL,LOW_VOLATILITY
2025-05-29,649.95,653.55,645.1,650.0,4550000.0,654.19,646.9975,59.956427015250526,0.016410680731746147,BULLISH,RSI_NORMAL,LOW_VOLATILITY
2025-05-30,647.8,650.9,632.15,633.5,9050000.0,650.8700000000001,647.0674999999999,41.33395960544857,0.01733191948981463,BEARISH,RSI_NORMAL,LOW_VOLATILITY
2025-06-02,628.95,635.75,618.0,631.1,8400000.0,644.8,646.9525,48.008728859792704,0.017349176700650646,BEARISH,RSI_NORMAL,LOW_VOLATILITY
2025-06-03,636.0,640.9,629.6,632.0,3780000.0,639.3100000000001,647.05,37.91530944625414,0.017307161892517166,BEARISH,RSI_NORMAL,LOW_VOLATILITY
2025-06-04,634.1,640.9,630.65,635.85,3070000.0,636.49,647.0275,31.733524355300915,0.017216060990370055,BEARISH,RSI_NORMAL,LOW_VOLATILITY
2025-06-05,638.0,641.4,633.5,637.25,3570000.0,633.9399999999999,647.88,34.940652818991154,0.016144886961799172,BEARISH,RSI_NORMAL,LOW_VOLATILITY
2025-06-06,637.25,651.25,635.1,650.15,5490000.0,637.27,649.03,44.842767295597454,0.016552730310154647,BULLISH,RSI_NORMAL,LOW_VOLATILITY
2025-06-09,653.4,654.6,649.25,650.8,2820000.0,641.21,648.9725000000001,42.11221122112209,0.013988339147141838,BULLISH,RSI_NORMAL,LOW_VOLATILITY
2025-06-10,653.8,663.5,652.15,658.35,5690000.0,646.48,650.1524999999999,47.20048163756775,0.012740000945336675,BULLISH,RSI_NORMAL,LOW_VOLATILITY
2025-06-11,660.5,662.9,654.1,655.2,3930000.0,650.35,650.385,53.883161512027556,0.011598818874461802,BULLISH,RSI_NORMAL,LOW_VOLATILITY
2025-06-12,656.0,661.75,648.2,651.05,6540000.0,653.11,649.87,50.622134905042515,0.011034896020815145,BULLISH,RSI_NORMAL,LOW_VOLATILITY
2025-06-13,635.0,648.0,635.0,641.8,4540000.0,651.4399999999999,649.0825,36.767676767676704,0.011393861549268481,BEARISH,RSI_NORMAL,LOW_VOLATILITY
2025-06-16,641.8,651.05,636.0,649.6,3420000.0,651.2,648.6450000000001,43.84759525296689,0.01176965280077457,BULLISH,RSI_NORMAL,LOW_VOLATILITY
2025-06-17,649.15,650.4,637.6,641.7,4200000.0,647.87,647.5925,44.74187380497133,0.011909142396225597,BEARISH,RSI_NORMAL,LOW_VOLATILITY
2025-06-18,638.0,648.9,638.0,645.35,3410000.0,645.9,646.71,47.166361974405866,0.01201301332879683,BEARISH,RSI_NORMAL,LOW_VOLATILITY
2025-06-19,643.0,644.7,635.05,641.35,4390000.0,643.96,646.3,55.6434219985622,0.011227168491662028,BEARISH,RSI_NORMAL,LOW_VOLATILITY
2025-06-20,641.35,654.5,638.6,649.15,7170000.0,645.43,646.2525,62.041360907271475,0.011582069778832652,BULLISH,RSI_NORMAL,LOW_VOLATILITY
2025-06-23,644.0,666.0,640.15,661.4,6080000.0,647.79,646.25,67.03360370799534,0.011697876046801928,BULLISH,RSI_NORMAL,LOW_VOLATILITY
2025-06-24,668.8,674.0,664.7,669.4,5510000.0,653.33,646.7475,68.54615809839686,0.011973309200490024,BULLISH,RSI_NORMAL,LOW_VOLATILITY
2025-06-25,676.95,676.95,668.45,672.65,5530000.0,658.7900000000001,647.8825,69.17659804983745,0.011447480177130792,BULLISH,RSI_NORMAL,LOW_VOLATILITY
2025-06-26,674.1,693.0,672.7,690.6,8199999.999999999,668.64,649.9125,70.77555213148433,0.012715132160169168,BULLISH,RSI_HIGH,LOW_VOLATILITY
2025-06-27,695.0,700.05,691.35,697.35,5670000.0,678.28,653.105,72.49879168680522,0.01086381104049885,BULLISH,RSI_HIGH,LOW_VOLATILITY
2025-06-30,700.0,700.0,691.45,692.85,4920000.0,684.57,656.1925,67.18127490039839,0.010991155563980323,BULLISH,RSI_NORMAL,LOW_VOLATILITY
2025-07-01,692.4,699.6,684.35,694.3,5470000.0,689.55,659.3075,69.80749746707188,0.010981596891220085,BULLISH,RSI_NORMAL,LOW_VOLATILITY
2025-07-02,695.7,705.75,693.65,698.35,4570000.0,694.6899999999999,662.4325,73.98580121703857,0.01098010954537288,BULLISH,RSI_HIGH,LOW_VOLATILITY
2025-07-03,701.0,708.1,691.8,692.85,4220000.0,695.14,665.2125,76.91091196626255,0.011329162816382063,BULLISH,RSI_HIGH,LOW_VOLATILITY
2025-07-04,692.0,700.75,689.4,699.45,2680000.0,695.5600000000001,667.6775,76.61505605979714,0.010772771421710979,BULLISH,RSI_HIGH,LOW_VOLATILITY
2025-07-07,699.45,699.45,688.1,692.1,2480000.0,695.41,669.7425,77.06766917293231,0.011223406045627007,BULLISH,RSI_HIGH,LOW_VOLATILITY
2025-07-08,692.1,696.3,683.1,685.6,3920000.0,693.6700000000001,671.105,70.97446586763938,0.011371202188631647,BULLISH,RSI_HIGH,LOW_VOLATILITY
2025-07-09,692.0,692.0,664.1,673.95,6700000.0,688.7900000000001,672.0425,65.73359073359075,0.012066117448003087,BULLISH,RSI_NORMAL,LOW_VOLATILITY
2025-07-10,675.0,679.5,672.55,675.05,3640000.0,685.2300000000001,673.2425000000001,63.364293085655305,0.011925236656761613,BULLISH,RSI_NORMAL,LOW_VOLATILITY
2025-07-11,673.0,676.05,661.55,670.95,4450000.0,679.53,674.7,55.38028169014089,0.011478044147989214,BEARISH,RSI_NORMAL,LOW_VOLATILITY
2025-07-14,671.0,680.55,665.0,666.5,4340000.0,674.4100000000001,675.545,48.29812206572772,0.011396402653299857,BEARISH,RSI_NORMAL,LOW_VOLATILITY
2025-07-15,670.0,674.25,662.9,670.85,4820000.0,671.4599999999999,677.0025,48.95712630359215,0.010989457083389546,BEARISH,RSI_NORMAL,LOW_VOLATILITY
2025-07-16,668.0,670.6,664.0,666.75,4500000.0,670.02,678.0725,33.54037267080743,0.011112956097835571,BEARISH,RSI_NORMAL,LOW_VOLATILITY
2025-07-17,670.0,678.0,668.4,674.55,4020000.0,669.9200000000001,679.7325,34.48979591836728,0.011164702122526286,BEARISH,RSI_NORMAL,LOW_VOLATILITY
2025-07-18,676.5,679.3,671.0,675.9,3400000.0,670.9100000000001,681.0699999999999,37.953091684434916,0.010934824645202828,BEARISH,RSI_NORMAL,LOW_VOLATILITY
2025-07-21,679.0,687.15,679.0,682.7,4910000.0,674.15,682.135,42.338177014531105,0.010386412896396668,BULLISH,RSI_NORMAL,LOW_VOLATILITY
2025-07-22,683.2,692.5,683.2,690.05,3800000.0,677.99,683.1675,44.74683544303793,0.010319997265746575,BULLISH,RSI_NORMAL,LOW_VOLATILITY
2025-07-23,692.0,696.0,689.6,695.4,3640000.0,683.72,684.305,51.616994292961294,0.010388655708348984,BULLISH,RSI_NORMAL,LOW_VOLATILITY
2025-07-24,697.0,704.4,691.6,695.6,4590000.0,687.93,684.5550000000001,47.34299516908211,0.008566329636058597,BULLISH,RSI_NORMAL,LOW_VOLATILITY
2025-07-25,697.0,698.8,687.95,693.45,5220000.0,691.44,684.36,51.00371747211897,0.008304036256635453,BULLISH,RSI_NORMAL,LOW_VOLATILITY
2025-07-28,693.45,693.95,682.8,689.35,5030000.0,692.77,684.1850000000001,52.891287586738635,0.008283631397896302,BULLISH,RSI_NORMAL,LOW_VOLATILITY
2025-07-29,686.1,695.0,685.0,692.7,2990000.0,693.3000000000001,684.105,66.57824933687004,0.008347159982177724,BULLISH,RSI_NORMAL,LOW_VOLATILITY
2025-07-30,689.15,697.55,684.8,688.8,2830000.0,691.98,683.6275,61.58382476832348,0.008313094762232194,BULLISH,RSI_NORMAL,LOW_VOLATILITY
2025-07-31,677.1,692.3,674.95,683.05,6140000.0,689.47,683.1375,59.918032786885135,0.008335318615768375,BEARISH,RSI_NORMAL,LOW_VOLATILITY
2025-08-01,680.0,683.3,670.85,672.45,3480000.0,685.27,681.7875,54.43037974683546,0.008598615699528139,BEARISH,RSI_NORMAL,LOW_VOLATILITY
2025-08-04,676.0,688.8,671.8,687.7,2290000.0,684.94,681.5675,60.79436258808457,0.009951940235302707,BULLISH,RSI_NORMAL,LOW_VOLATILITY
2025-08-05,692.0,692.0,682.15,687.1,3300000.0,683.8199999999999,681.6425,63.6485580147552,0.009720683065658178,BULLISH,RSI_NORMAL,LOW_VOLATILITY
2025-08-06,692.0,692.0,683.35,684.85,2500000.0,683.03,682.1875,57.46376811594207,0.008896146235663996,BULLISH,RSI_NORMAL,LOW_VOLATILITY
2025-08-07,681.9,689.9,674.35,686.8,3420000.0,683.78,682.775,57.83045977011493,0.008905985785082459,BULLISH,RSI_NORMAL,LOW_VOLATILITY
2025-08-08,684.0,686.4,669.05,672.75,3470000.0,683.84,682.865,43.52635003253087,0.010011019584205328,BEARISH,RSI_NORMAL,LOW_VOLATILITY
2025-08-11,673.75,683.45,667.25,672.85,3240000.0,680.87,683.1825,37.6436781609196,0.009882099872471803,BEARISH,RSI_NORMAL,LOW_VOLATILITY
2025-08-12,658.0,677.75,657.5,667.05,12240000.0,676.86,682.9925,29.7644539614561,0.009977527045268783,BEARISH,RSI_LOW,LOW_VOLATILITY
2025-08-13,673.0,704.95,670.95,700.5,13150000.0,679.99,684.68,52.371732817037746,0.014933440538941127,BULLISH,RSI_NORMAL,LOW_VOLATILITY
2025-08-14,701.0,702.35,688.0,695.25,4180000.0,681.68,685.7149999999999,50.845864661654105,0.014933060170597538,BULLISH,RSI_NORMAL,LOW_VOLATILITY
2025-08-18,700.0,719.0,697.1,714.15,7210000.0,689.9599999999999,687.6275,60.23102310231021,0.01599143368368436,BULLISH,RSI_NORMAL,LOW_VOLATILITY
2025-08-19,714.0,715.15,705.55,706.7,5640000.0,696.73,688.8275,55.58659217877095,0.01616243914025105,BULLISH,RSI_NORMAL,LOW_VOLATILITY
2025-08-20,701.0,705.9,698.05,700.85,5360000.0,703.49,689.3675000000001,54.73477406679768,0.016170550880656984,BULLISH,RSI_NORMAL,LOW_VOLATILITY
2025-08-21,701.05,709.0,700.5,707.3,3230000.0,704.85,689.9625,59.47635795232514,0.01620611172799989,BULLISH,RSI_NORMAL,LOW_VOLATILITY
2025-08-22,708.0,709.6,701.55,704.2,5620000.0,706.64,690.3925,63.179742631797446,0.01625007247579395,BULLISH,RSI_NORMAL,LOW_VOLATILITY
2025-08-25,708.0,720.9,707.55,715.85,4540000.0,706.98,691.5125,62.04535729567823,0.01659600672188053,BULLISH,RSI_NORMAL,LOW_VOLATILITY
2025-08-26,714.0,714.0,701.25,705.7,5230000.0,706.78,692.33,57.357594936708885,0.01689630708665787,BULLISH,RSI_NORMAL,LOW_VOLATILITY
2025-08-28,700.8,707.0,698.1,701.4,5620000.0,706.89,692.7650000000001,56.44219540677306,0.016952480018676153,BULLISH,RSI_NORMAL,LOW_VOLATILITY
2025-08-29,701.0,708.75,697.0,703.95,5340000.0,706.22,693.5224999999999,56.64471135218911,0.016895209893017057,BULLISH,RSI_NORMAL,LOW_VOLATILITY
2025-09-01,704.5,721.0,702.4,719.6,3770000.0,709.3,695.35,67.92958285495601,0.017360866261530203,BULLISH,RSI_NORMAL,LOW_VOLATILITY
2025-09-02,720.0,726.1,714.2,720.95,4660000.0,710.32,697.775,68.23351023502656,0.016824884089399573,BULLISH,RSI_NORMAL,LOW_VOLATILITY
2025-09-03,725.0,744.0,723.1,742.95,8990000.0,717.77,700.5375,75.6245779878461,0.017374387485124862,BULLISH,RSI_HIGH,LOW_VOLATILITY
2025-09-04,744.05,745.0,737.2,739.05,3760000.0,725.3,703.135,66.25896246309573,0.01746647544690572,BULLISH,RSI_NORMAL,LOW_VOLATILITY
2025-09-05,738.0,746.65,738.0,743.8,2780000.0,733.27,706.0825,70.56332062685301,0.017394415179877942,BULLISH,RSI_HIGH,LOW_VOLATILITY
2025-09-08,745.0,749.85,737.4,738.75,2700000.0,737.1,708.6800000000001,61.80422264875242,0.017568750426864472,BULLISH,RSI_NORMAL,LOW_VOLATILITY
2025-09-09,740.7,750.55,739.0,742.9,3390000.0,741.49,712.1875,67.93855302279482,0.016615818262108617,BULLISH,RSI_NORMAL,LOW_VOLATILITY
2025-09-10,745.0,749.8,741.05,743.15,3350000.0,741.53,715.7025000000001,72.19307450157396,0.016612924209113204,BULLISH,RSI_HIGH,LOW_VOLATILITY
2025-09-11,742.0,747.95,738.0,742.65,3760000.0,742.25,719.4825,69.7817571348629,0.016360358798207353,BULLISH,RSI_NORMAL,LOW_VOLATILITY
2025-09-12,748.9,759.6,745.15,758.05,5700000.0,745.1,722.36,76.48794884407273,0.013142180030730926,BULLISH,RSI_HIGH,LOW_VOLATILITY
2025-09-15,758.15,763.4,752.6,753.65,2550000.0,748.08,725.28,70.02118644067792,0.013069354261957265,BULLISH,RSI_HIGH,LOW_VOLATILITY
2025-09-16,754.4,757.3,749.15,755.95,2660000.0,750.6899999999999,727.37,79.0294627383015,0.011888669974386664,BULLISH,RSI_HIGH,LOW_VOLATILITY
2025-09-17,756.0,759.7,744.4,750.1,4180000.0,752.0799999999999,729.5400000000001,77.63904653802496,0.011743901676099665,BULLISH,RSI_HIGH,LOW_VOLATILITY
2025-09-18,746.35,751.45,736.25,750.15,4920000.0,753.58,732.005,76.98598130841117,0.011465217343067834,BULLISH,RSI_HIGH,LOW_VOLATILITY
2025-09-19,752.0,756.8,739.0,743.3,5130000.0,750.63,733.805,65.42968749999994,0.011712723133597744,BULLISH,RSI_NORMAL,LOW_VOLATILITY
2025-09-22,743.3,752.5,741.55,745.7,2230000.0,749.04,735.88,65.89595375722541,0.01159870931545138,BULLISH,RSI_NORMAL,LOW_VOLATILITY
2025-09-23,745.0,752.25,739.65,745.9,3780000.0,747.03,737.3824999999999,52.631578947368354,0.011155826015463484,BULLISH,RSI_NORMAL,LOW_VOLATILITY
2025-09-24,744.0,748.95,737.7,741.05,2420000.0,745.22,739.15,51.75438596491228,0.010687887271551916,BULLISH,RSI_NORMAL,LOW_VOLATILITY
2025-09-25,746.0,769.1,740.05,745.65,4700000.0,744.3199999999999,741.3625,51.62708883025508,0.010519932765772066,BULLISH,RSI_NORMAL,LOW_VOLATILITY
2025-09-26,745.9,749.5,731.95,743.85,3640000.0,744.43,743.3575000000001,54.75746268656719,0.010590925585576913,BULLISH,RSI_NORMAL,LOW_VOLATILITY
2025-09-29,745.0,758.8,744.85,753.8,4350000.0,746.05,745.0675,59.17508417508416,0.009898871954094007,BULLISH,RSI_NORMAL,LOW_VOLATILITY
2025-09-30,759.95,769.7,758.05,761.95,4720000.0,749.26,747.1175,63.96731054977715,0.01007547608497627,BULLISH,RSI_NORMAL,LOW_VOLATILITY
2025-10-01,761.9,769.4,755.3,765.95,3660000.0,754.24,748.2675,66.45480225988703,0.007731001206877137,BULLISH,RSI_NORMAL,LOW_VOLATILITY
2025-10-03,766.0,790.6,764.1,780.35,6520000.0,761.1800000000001,750.3325,65.97421203438398,0.008453695087260042,BULLISH,RSI_NORMAL,LOW_VOLATILITY
2025-10-06,782.05,784.95,774.35,776.7,3540000.0,767.7500000000001,751.9775000000001,66.69080376538744,0.008563856207771347,BULLISH,RSI_NORMAL,LOW_VOLATILITY
2025-10-07,771.0,780.75,765.9,767.8,4920000.0,770.55,753.4300000000001,57.832121612689946,0.008879673924962554,BULLISH,RSI_NORMAL,LOW_VOLATILITY
2025-10-08,770.0,781.5,766.15,768.2,6390000.0,771.8000000000001,754.695,62.89173789173788,0.008842466585582586,BULLISH,RSI_NORMAL,LOW_VOLATILITY
2025-10-09,770.25,780.0,769.25,774.1,6810000.0,773.4300000000001,756.2425,65.74621959237342,0.008934309244962739,BULLISH,RSI_NORMAL,LOW_VOLATILITY
2025-10-10,774.5,775.75,764.3,773.95,4370000.0,772.15,757.8075,72.0980533525595,0.008927180225449936,BULLISH,RSI_HIGH,LOW_VOLATILITY
2025-10-13,772.25,774.6,767.2,770.2,3080000.0,770.85,758.4150000000001,67.32673267326732,0.007889336187240062,BULLISH,RSI_NORMAL,LOW_VOLATILITY
2025-10-14,776.05,781.55,754.45,760.1,3510000.0,769.3100000000001,758.7375,58.8089330024814,0.00836738582439433,BULLISH,RSI_NORMAL,LOW_VOLATILITY
2025-10-15,765.0,768.7,759.35,764.25,5690000.0,768.52,759.1524999999999,64.51814768460576,0.008423786724080753,BULLISH,RSI_NORMAL,LOW_VOLATILITY
2025-10-16,765.1,780.85,763.5,780.1,4180000.0,769.72,760.6524999999999,68.89742183214481,0.009304511948383503,BULLISH,RSI_NORMAL,LOW_VOLATILITY
2025-10-17,780.0,781.95,766.0,772.8,3250000.0,769.49,761.7850000000001,64.97672012415927,0.009640359633711317,BULLISH,RSI_NORMAL,LOW_VOLATILITY
2025-10-20,774.3,789.45,772.05,786.35,4850000.0,772.72,763.9375,66.23441396508726,0.009927530686705797,BULLISH,RSI_NORMAL,LOW_VOLATILITY
2025-10-21,791.0,791.95,782.5,784.95,457670.0,777.69,765.9,62.29946524064168,0.009980931712095562,BULLISH,RSI_NORMAL,LOW_VOLATILITY
2025-10-23,791.5,799.85,784.0,792.4,5920000.0,783.32,768.225,63.64105208870546,0.010079359293599403,BULLISH,RSI_NORMAL,LOW_VOLATILITY
2025-10-24,811.35,826.5,811.35,824.45,16910000.0,792.1899999999999,772.3950000000001,69.24083769633505,0.012824443903832385,BULLISH,RSI_NORMAL,LOW_VOLATILITY
2025-10-27,834.9,845.1,827.0,840.85,7310000.0,805.8,777.155,75.18649391440906,0.013227190682315492,BULLISH,RSI_HIGH,LOW_VOLATILITY
2025-10-28,838.0,859.9,837.0,848.95,8010000.0,818.32,782.41,82.06242591860924,0.013092297363186567,BULLISH,RSI_HIGH,LOW_VOLATILITY
2025-10-29,854.0,858.85,849.55,856.25,5660000.0,832.5799999999999,787.5325,82.9898838516298,0.013007582812311428,BULLISH,RSI_HIGH,LOW_VOLATILITY
2025-10-30,852.1,864.0,848.1,861.35,4700000.0,846.3700000000001,792.5025,82.88729739917073,0.012967560876273024,BULLISH,RSI_HIGH,LOW_VOLATILITY
2025-10-31,856.95,860.6,845.7,847.85,4140000.0,851.05,796.5975000000001,75.30821917808217,0.013863694285005812,BULLISH,RSI_HIGH,LOW_VOLATILITY
2025-11-03,847.85,856.0,842.6,847.2,4890000.0,852.32,799.94,76.94191742477256,0.013538737635717928,BULLISH,RSI_HIGH,LOW_VOLATILITY
2025-11-04,841.55,847.0,829.25,831.4,4670000.0,848.8100000000001,802.675,73.99057873485864,0.014356932155215092,BULLISH,RSI_HIGH,LOW_VOLATILITY
2025-11-06,788.0,795.0,770.15,788.4,34790000.0,835.24,803.705,56.44171779141103,0.01872403390815372,BEARISH,RSI_NORMAL,LOW_VOLATILITY
2025-11-07,788.5,802.6,783.0,790.4,13190000.0,821.05,804.8149999999999,52.96658986175114,0.018723953915950168,BEARISH,RSI_NORMAL,LOW_VOLATILITY
2025-11-10,792.0,799.9,783.85,785.2,5910000.0,808.5200000000001,805.3700000000001,53.61516034985425,0.018751439175144283,BEARISH,RSI_NORMAL,LOW_VOLATILITY
2025-11-11,790.8,794.7,778.1,793.75,5410000.0,797.8299999999999,806.36,52.222222222222214,0.018881330459847738,BEARISH,RSI_NORMAL,LOW_VOLATILITY
2025-11-12,798.0,809.0,791.75,794.4,7590000.0,790.4300000000001,807.5699999999999,52.85067873303166,0.018824573396129106,BEARISH,RSI_NORMAL,LOW_VOLATILITY
2025-11-13,803.0,816.5,799.0,811.95,5850000.0,795.1400000000001,810.1625000000001,55.558714813761746,0.01900983691361749,BULLISH,RSI_NORMAL,LOW_VOLATILITY
2025-11-14,807.0,812.5,796.0,803.65,4110000.000000001,797.79,812.1325,43.16239316239314,0.01924575151912317,BEARISH,RSI_NORMAL,LOW_VOLATILITY
2025-11-17,801.0,809.0,799.75,807.15,2770000.0,802.1800000000001,813.485,37.89511494252872,0.018780285408172885,BEARISH,RSI_NORMAL,LOW_VOLATILITY
2025-11-18,804.5,804.5,788.35,797.15,7300000.0,802.8599999999999,814.7025,31.644223954642086,0.018887640622030154,BEARISH,RSI_NORMAL,LOW_VOLATILITY
2025-11-19,797.15,798.8,790.0,790.95,3010000.0,802.1700000000001,814.9325000000001,26.67857142857143,0.018618579394505556,BEARISH,RSI_LOW,LOW_VOLATILITY
2025-11-20,799.8,802.65,789.3,799.8,6020000.0,799.74,815.675,28.591304347826053,0.018761837342379274,BEARISH,RSI_LOW,LOW_VOLATILITY
2025-11-21,786.0,787.0,776.25,777.7,5100000.0,794.55,814.94,26.9773547751887,0.01970143194826715,BEARISH,RSI_LOW,LOW_VOLATILITY
2025-11-24,782.85,788.1,771.85,774.65,5670000.0,788.05,812.45,26.558966074313375,0.017151392861875135,BEARISH,RSI_LOW,LOW_VOLATILITY
2025-11-25,777.95,791.75,772.65,789.35,6090000.0,786.49,809.875,36.316303286690534,0.017088259097044218,BEARISH,RSI_NORMAL,LOW_VOLATILITY
2025-11-26,790.15,803.0,787.2,800.8,3840000.0,788.46,807.4675,55.07780507780508,0.017311338537106327,BEARISH,RSI_NORMAL,LOW_VOLATILITY
2025-11-27,807.9,813.95,800.45,807.55,4480000.0,790.01,805.0325,56.75995270003941,0.017305510225718957,BULLISH,RSI_NORMAL,LOW_VOLATILITY
2025-11-28,812.2,815.0,807.2,808.4,3200000.0,796.15,802.385,59.46938775510203,0.017209706975688587,BULLISH,RSI_NORMAL,LOW_VOLATILITY
2025-12-01,817.95,817.95,808.2,810.8,2060000.0,803.38,800.5325,57.32703051138804,0.0169920382372381,BULLISH,RSI_NORMAL,LOW_VOLATILITY
2025-12-02,811.0,813.5,802.6,806.85,4240000.0,806.88,798.515,55.20267446719601,0.016999974686915584,BULLISH,RSI_NORMAL,LOW_VOLATILITY
2025-12-03,810.8,819.6,800.95,816.3,4950000.0,809.9799999999999,797.76,51.94979829672789,0.016817550457869958,BULLISH,RSI_NORMAL,LOW_VOLATILITY
2025-12-04,824.0,826.25,809.0,810.8,3380000.0,810.6299999999999,798.88,53.28735632183908,0.011949803184344196,BULLISH,RSI_NORMAL,LOW_VOLATILITY
2025-12-05,811.55,831.9,808.0,823.25,4270000.0,813.6,800.5225,56.83942225998304,0.012347194215245771,BULLISH,RSI_NORMAL,LOW_VOLATILITY
2025-12-08,825.8,833.5,817.25,819.45,4350000.0,815.3299999999999,802.2349999999999,60.00000000000006,0.012282111538556111,BULLISH,RSI_NORMAL,LOW_VOLATILITY
2025-12-09,819.0,819.4,803.1,812.9,3390000.0,816.54,803.1924999999999,59.81224854716137,0.01230546068677282,BULLISH,RSI_NORMAL,LOW_VOLATILITY
2025-12-10,816.05,831.75,813.6,821.75,5280000.0,817.6299999999999,804.56,59.8122485471614,0.01249080495327937,BULLISH,RSI_NORMAL,LOW_VOLATILITY
2025-12-11,826.0,830.9,821.15,824.35,3100000.0,820.3399999999999,805.18,75.25717379534379,0.011551603078799365,BULLISH,RSI_HIGH,LOW_VOLATILITY
2025-12-12,830.8,855.0,830.6,852.1,8180000.0,826.11,807.6025,83.08415207176424,0.013368524502007506,BULLISH,RSI_HIGH,LOW_VOLATILITY
2025-12-15,851.95,856.25,845.3,847.85,2520000.0,831.7900000000002,809.6375,77.43902439024393,0.013482018075053906,BULLISH,RSI_HIGH,LOW_VOLATILITY
2025-12-16,845.0,845.0,831.15,837.15,2710000.0,836.64,811.6375,67.17052432687765,0.01349557439634136,BULLISH,RSI_NORMAL,LOW_VOLATILITY
2025-12-17,844.05,851.9,840.1,848.8,3270000.0,842.05,814.53,68.62302483069978,0.013494701321565284,BULLISH,RSI_NORMAL,LOW_VOLATILITY
2025-12-18,850.0,861.95,847.5,856.7,4170000.0,848.5199999999999,817.375,70.50084889643465,0.013445634297339004,BULLISH,RSI_HIGH,LOW_VOLATILITY
2025-12-19,858.0,864.4,847.55,852.0,4940000.0,848.5,821.0899999999999,67.15237302248127,0.011518215853093032,BULLISH,RSI_NORMAL,LOW_VOLATILITY
2025-12-22,860.0,872.35,857.25,864.55,4870000.0,851.8399999999999,825.585,72.41647241647236,0.011543983420827545,BULLISH,RSI_HIGH,LOW_VOLATILITY
2025-12-23,871.0,871.8,860.85,863.85,5450000.0,857.18,829.3100000000001,69.82075864943727,0.011176372252956515,BULLISH,RSI_NORMAL,LOW_VOLATILITY
2025-12-24,865.95,882.3,862.15,864.45,3680000.0,860.3100000000001,832.4925,73.31594958713603,0.010955203428505225,BULLISH,RSI_HIGH,LOW_VOLATILITY
2025-12-26,865.25,874.75,861.0,872.9,2330000.0,863.55,835.76,72.35479513732551,0.010988650500163682,BULLISH,RSI_HIGH,LOW_VOLATILITY
2025-12-29,886.0,887.45,860.9,865.0,9840000.0,866.15,838.5899999999999,69.7785497177594,0.011355203139121792,BULLISH,RSI_NORMAL,LOW_VOLATILITY
2025-12-30,868.0,888.3,863.85,884.15,15280000.0,870.07,842.2575,77.88649706457926,0.012097266880288615,BULLISH,RSI_HIGH,LOW_VOLATILITY
2025-12-31,886.4,890.0,879.45,886.7,3540000.0,874.64,846.25,76.73939892960067,0.01190693360768683,BULLISH,RSI_HIGH,LOW_VOLATILITY
2026-01-01,888.1,895.95,882.45,894.95,2570000.0,880.74,850.1825000000001,77.77340676632573,0.011845335361243294,BULLISH,RSI_HIGH,LOW_VOLATILITY
2026-01-02,898.0,927.3,896.55,925.7,5360000.0,891.3,855.9275,78.28593389700231,0.013243309564903596,BULLISH,RSI_HIGH,LOW_VOLATILITY
2026-01-05,932.5,937.9,925.85,931.7,5280000.0,904.64,861.35,81.79749715585893,0.013086883945788408,BULLISH,RSI_HIGH,LOW_VOLATILITY
2026-01-06,936.0,970.8,936.0,942.25,10370000.0,916.26,867.49,89.90129081245257,0.012871533101695547,BULLISH,RSI_HIGH,LOW_VOLATILITY
2026-01-07,951.05,954.6,935.1,938.45,6560000.0,926.61,873.7675000000002,86.19297537343567,0.012656038216983237,BULLISH,RSI_HIGH,LOW_VOLATILITY
2026-01-08,934.05,934.2,898.6,903.95,6270000.0,928.4100000000001,877.8775000000002,65.70289132602196,0.015988083515084812,BULLISH,RSI_NORMAL,LOW_VOLATILITY
2026-01-09,902.0,908.45,894.0,900.95,4320000.0,923.46,881.7074999999999,66.45378151260508,0.01609050922423346,BULLISH,RSI_NORMAL,LOW_VOLATILITY
2026-01-12,909.95,921.95,897.0,920.15,6880000.0,921.15,885.11,67.88931788931792,0.01512326721093823,BULLISH,RSI_NORMAL,LOW_VOLATILITY
2026-01-13,927.4,937.9,922.95,936.3,6870000.0,919.96,889.5325,71.20280948200175,0.015260742046279654,BULLISH,RSI_HIGH,LOW_VOLATILITY
2026-01-14,941.0,959.0,936.75,955.35,7050000.0,923.3399999999999,895.4424999999999,74.00950871632331,0.015026319993328395,BULLISH,RSI_HIGH,LOW_VOLATILITY
2026-01-16,966.5,966.5,930.0,934.65,4040000.0,929.4800000000001,899.735,65.31877945919126,0.016192429119084698,BULLISH,RSI_NORMAL,LOW_VOLATILITY
2026-01-19,938.5,946.8,928.45,939.95,4010000.0,937.28,903.8975,68.83639105302841,0.01616135958615317,BULLISH,RSI_NORMAL,LOW_VOLATILITY
2026-01-20,944.5,949.85,925.7,928.1,5710000.0,938.8700000000001,907.7025,61.466214453430744,0.016474651822098448,BULLISH,RSI_NORMAL,LOW_VOLATILITY
2026-01-21,928.75,944.15,926.4,939.2,5590000.0,939.45,911.4350000000001,63.11188811188811,0.016394826952662506,BULLISH,RSI_NORMAL,LOW_VOLATILITY
2026-01-22,945.0,951.4,934.15,944.45,6170000.0,937.2700000000001,915.4649999999999,62.550709939148064,0.016352709953513313,BULLISH,RSI_NORMAL,LOW_VOLATILITY
2026-01-23,955.0,963.9,948.5,950.3,5960000.0,940.4,919.7575,57.13871154962273,0.016329848329664543,BULLISH,RSI_NORMAL,LOW_VOLATILITY
2026-01-27,985.0,985.0,950.75,961.85,10010000.0,944.78,924.2050000000002,58.47624402586448,0.016376039179557798,BULLISH,RSI_NORMAL,LOW_VOLATILITY
2026-01-28,971.05,1007.9,963.05,998.2,12620000.0,958.8,930.865,63.73680333906213,0.017568360817231732,BULLISH,RSI_NORMAL,LOW_VOLATILITY
2026-01-29,1010.25,1029.8,1008.55,1024.05,14620000.0,975.7700000000001,937.8599999999999,68.96322552060255,0.017754149452009052,BULLISH,RSI_NORMAL,LOW_VOLATILITY
2026-01-30,1000.0,1000.0,955.55,962.6,11980000.0,979.4,941.6550000000001,61.60696615871759,0.023316797343140495,BULLISH,RSI_NORMAL,HIGH_VOLATILITY
2026-02-01,920.0,936.5,866.35,908.2,8740000.0,970.9799999999999,942.3175000000001,51.19223811873048,0.026946892591800786,BEARISH,RSI_NORMAL,HIGH_VOLATILITY
2026-02-02,905.7,936.75,897.5,930.5,9660000.0,964.71,942.5575000000001,51.684844538499114,0.026393166109561664,BEARISH,RSI_NORMAL,HIGH_VOLATILITY
2026-02-03,950.0,972.55,945.2,955.3,10100000.0,956.1300000000001,943.7375,53.00823305889804,0.02700813240676356,BULLISH,RSI_NORMAL,HIGH_VOLATILITY
2026-02-04,958.95,970.8,955.45,964.95,4390000.0,944.3100000000001,944.8725000000001,51.56657963446476,0.026986363832973467,BULLISH,RSI_NORMAL,HIGH_VOLATILITY
2026-02-05,943.15,943.15,923.7,935.45,4580000.0,938.8800000000001,944.7225000000001,50.1269035532995,0.02791157134779367,BEARISH,RSI_NORMAL,HIGH_VOLATILITY
2026-02-06,926.0,944.0,922.0,942.55,3830000.0,945.75,946.6524999999999,50.410094637223956,0.026547501281550107,BEARISH,RSI_NORMAL,HIGH_VOLATILITY
2026-02-09,960.5,970.7,948.3,964.25,5290000.0,952.5,949.8175000000001,55.53005966039468,0.0268981872214152,BULLISH,RSI_NORMAL,HIGH_VOLATILITY
2026-02-10,970.25,976.65,955.0,968.9,4100000.0,955.22,952.2549999999999,54.63483146067415,0.026582485698349072,BULLISH,RSI_NORMAL,HIGH_VOLATILITY
2026-02-11,970.0,972.0,950.15,965.95,6280000.0,955.4200000000001,953.7375,53.37944042753851,0.026384304389861928,BULLISH,RSI_NORMAL,HIGH_VOLATILITY
2026-02-12,950.0,966.55,943.95,964.4,4560000.0,961.21,954.1900000000002,52.24665391969408,0.026030639609939836,BULLISH,RSI_NORMAL,HIGH_VOLATILITY
2026-02-13,923.55,932.65,901.0,909.0,10170000.0,954.5,952.9075,42.61149168181181,0.028743813372094886,BEARISH,RSI_NORMAL,HIGH_VOLATILITY
2026-02-16,895.0,910.3,889.5,907.45,6940000.0,943.14,951.2825,35.94548551959113,0.028701148165910847,BEARISH,RSI_NORMAL,HIGH_VOLATILITY
2026-02-17,892.9,898.9,881.0,890.1,7100000.0,927.3800000000001,949.3825,28.69413074598377,0.028871918217714093,BEARISH,RSI_LOW,HIGH_VOLATILITY
2026-02-18,893.0,907.0,891.35,899.25,3910000.0,914.04,947.385,37.91261209692806,0.028832546285104312,BEARISH,RSI_NORMAL,HIGH_VOLATILITY
2026-02-19,910.6,920.5,900.3,905.65,3520000.0,902.29,945.445,49.404344779257165,0.02885507187347588,BEARISH,RSI_NORMAL,HIGH_VOLATILITY
2026-02-20,907.5,937.7,901.1,935.7,5860000.0,907.6299999999999,944.7149999999999,51.172227231740315,0.029856823134435887,BEARISH,RSI_NORMAL,HIGH_VOLATILITY
2026-02-23,946.9,946.9,907.65,916.2,4930000.0,909.3800000000001,942.4324999999999,40.969976905311796,0.03004096074185412,BEARISH,RSI_NORMAL,HIGH_VOLATILITY
2026-02-24,920.5,927.0,908.05,922.85,5180000.0,915.93,938.6650000000002,40.14051522248243,0.028656702017473317,BEARISH,RSI_NORMAL,HIGH_VOLATILITY
2026-02-25,936.0,946.0,928.5,937.4,5290000.0,923.5600000000001,934.3324999999999,50.49106018635102,0.028195226637322154,BULLISH,RSI_NORMAL,HIGH_VOLATILITY
2026-02-26,942.0,943.1,931.2,941.3,3080000.0,930.6899999999999,933.2674999999999,49.68006142820579,0.02495432481997118,BULLISH,RSI_NORMAL,HIGH_VOLATILITY
2026-02-27,938.95,943.35,922.6,924.7,5420000.0,928.49,934.0925,39.60578186596584,0.021687743647266774,BEARISH,RSI_NORMAL,HIGH_VOLATILITY
2026-03-02,901.1,945.4,896.1,940.0,5570000.0,933.25,934.5674999999999,42.80736684917869,0.021302970884711895,BULLISH,RSI_NORMAL,LOW_VOLATILITY
2026-03-04,928.0,945.5,912.0,921.8,7580000.0,933.04,932.8924999999999,39.78718482535274,0.020835247900053026,BEARISH,RSI_NORMAL,LOW_VOLATILITY
2026-03-05,930.0,983.5,926.4,954.95,16530000.000000002,936.55,932.3924999999999,48.09283551967711,0.022345685096948745,BULLISH,RSI_NORMAL,HIGH_VOLATILITY
2026-03-06,955.0,971.65,943.15,958.9,8300000.000000001,940.07,933.5649999999999,62.710137544574636,0.021187179083456638,BULLISH,RSI_NORMAL,LOW_VOLATILITY
2026-03-09,940.0,956.25,925.25,945.35,7020000.0,944.2,933.7049999999999,59.09745559289487,0.021411622101095453,BULLISH,RSI_NORMAL,LOW_VOLATILITY
2026-03-10,956.0,959.75,933.35,956.6,4840000.0,947.5200000000001,933.3225,66.4441147378833,0.02093131147478405,BULLISH,RSI_NORMAL,LOW_VOLATILITY
2026-03-11,959.95,978.9,952.5,959.1,4460000.0,954.9799999999999,932.8325000000001,65.3029915622603,0.020909298771424233,BULLISH,RSI_NORMAL,LOW_VOLATILITY
2026-03-12,968.0,972.0,934.45,969.75,4660000.0,957.9399999999999,933.0225,66.04104104104107,0.021050366539006164,BULLISH,RSI_NORMAL,LOW_VOLATILITY
2026-03-13,967.0,968.15,904.3,910.05,10350000.0,948.1700000000001,930.305,44.41054696012201,0.02521058046005179,BEARISH,RSI_NORMAL,HIGH_VOLATILITY
2026-03-16,906.85,943.15,901.3,921.15,10760000.0,943.3299999999999,930.9125,51.11965618638316,0.021815977059637087,BEARISH,RSI_NORMAL,HIGH_VOLATILITY
2026-03-17,928.9,942.0,916.35,936.65,4860000.0,939.3399999999999,932.3724999999998,53.001304915180505,0.022091615619238385,BULLISH,RSI_NORMAL,HIGH_VOLATILITY
2026-03-18,932.9,938.4,923.0,933.05,3910000.0,934.1299999999999,934.5200000000001,49.006622516556284,0.021587880651597655,BEARISH,RSI_NORMAL,HIGH_VOLATILITY
2026-03-19,912.0,933.05,892.15,897.05,4730000.0,919.5899999999999,934.4100000000001,41.18701453893646,0.023363041666642947,BEARISH,RSI_NORMAL,HIGH_VOLATILITY
2026-03-20,884.95,907.5,870.0,874.25,10060000.0,912.43,932.8399999999999,40.19436345966957,0.02397628665194518,BEARISH,RSI_NORMAL,HIGH_VOLATILITY
2026-03-23,855.0,857.35,835.95,840.25,11370000.0,896.25,928.0675000000001,31.926073564051464,0.02390770206774968,BEARISH,RSI_NORMAL,HIGH_VOLATILITY
2026-03-24,849.0,864.5,843.5,854.65,3530000.0,879.85,924.99,37.66305346316369,0.024098319955783775,BEARISH,RSI_NORMAL,HIGH_VOLATILITY
2026-03-25,866.0,874.8,862.3,868.65,4490000.0,866.97,922.28,32.94466403162053,0.024391069110798684,BEARISH,RSI_NORMAL,HIGH_VOLATILITY
2026-03-27,860.0,872.95,854.75,866.7,4100000.0,860.9,918.7450000000001,31.63346613545818,0.02400141961567663,BEARISH,RSI_NORMAL,HIGH_VOLATILITY
2026-03-30,876.0,913.0,876.0,884.45,12730000.0,862.9399999999999,915.9025000000001,38.06818181818182,0.02455149973327839,BEARISH,RSI_NORMAL,HIGH_VOLATILITY
2026-04-01,909.0,922.5,900.1,904.6,7780000.0,875.8100000000001,914.8975,40.15524422567209,0.024928317829796987,BEARISH,RSI_NORMAL,HIGH_VOLATILITY
2026-04-02,898.95,920.95,884.8,916.25,7700000.0,888.1300000000001,913.71,42.15919487648672,0.02480721865431693,BULLISH,RSI_NORMAL,HIGH_VOLATILITY
2026-04-06,917.2,935.75,917.2,927.45,5560000.0,899.8900000000001,913.9925000000001,42.27538349159971,0.024579878304959883,BULLISH,RSI_NORMAL,HIGH_VOLATILITY
2026-04-07,933.95,964.9,932.95,954.5,11880000.0,917.45,913.97,59.21625544267056,0.02410767895091687,BULLISH,RSI_NORMAL,HIGH_VOLATILITY
2026-04-08,975.0,977.0,947.35,951.8,8170000.0,930.9200000000001,913.615,56.58431793770139,0.02409900788543385,BULLISH,RSI_NORMAL,HIGH_VOLATILITY
2026-04-09,959.0,989.85,952.25,985.65,9390000.0,947.1299999999999,915.6300000000001,59.757068896853845,0.025115652898530853,BULLISH,RSI_NORMAL,HIGH_VOLATILITY
2026-04-10,995.35,995.55,978.65,992.1,6010000.0,962.3,917.405,61.62630439062809,0.025037386781451957,BULLISH,RSI_NORMAL,HIGH_VOLATILITY
2026-04-13,978.05,988.6,965.6,978.25,4750000.0,972.46,918.3625,67.51509922346852,0.02529339061993325,BULLISH,RSI_NORMAL,HIGH_VOLATILITY
2026-04-15,1036.0,1038.0,1002.1,1011.45,11080000.0,983.85,920.4475,78.32369942196533,0.026256342876242574,BULLISH,RSI_HIGH,HIGH_VOLATILITY
2026-04-16,1016.9,1048.7,1013.0,1039.9,10940000.0,1001.47,926.9399999999999,92.18254806676526,0.022076386826534504,BULLISH,RSI_HIGH,HIGH_VOLATILITY
2026-04-17,1036.5,1040.75,1025.0,1039.0,4300000.0,1012.1400000000001,932.8324999999999,91.3062962133094,0.022105380017074502,BULLISH,RSI_HIGH,HIGH_VOLATILITY
2026-04-20,1031.0,1034.0,1011.4,1015.25,4290000.0,1016.7700000000001,936.7625,81.4727350794332,0.02287570143702077,BULLISH,RSI_HIGH,HIGH_VOLATILITY
2026-04-21,1018.0,1023.2,1011.4,1021.65,3000000.0,1025.45,941.1924999999999,82.64166842216132,0.02279829064202074,BULLISH,RSI_HIGH,HIGH_VOLATILITY
2026-04-22,1030.0,1043.35,1017.0,1039.9,4470000.0,1031.14,948.335,82.67815850325832,0.020526492573905035,BULLISH,RSI_HIGH,LOW_VOLATILITY
2026-04-23,1039.75,1049.0,1031.15,1041.35,4370000.0,1031.43,956.6899999999999,81.20009126169285,0.01908015893189084,BULLISH,RSI_HIGH,LOW_VOLATILITY
2026-04-24,1031.0,1054.0,1027.55,1048.35,4530000.0,1033.3,967.0949999999999,80.79254079254073,0.015438502073165519,BULLISH,RSI_HIGH,LOW_VOLATILITY
2026-04-27,1058.35,1066.5,1052.0,1061.8,4240000.0,1042.61,977.4525000000001,80.99192618223755,0.015381796143682572,BULLISH,RSI_HIGH,LOW_VOLATILITY
2026-04-28,1060.0,1079.7,1055.15,1074.3,7800000.0,1053.1399999999999,987.735,79.6241345202769,0.015331729580538224,BULLISH,RSI_HIGH,LOW_VOLATILITY
2026-04-29,1078.0,1080.0,1053.0,1067.2,3710000.0,1058.6,997.76,77.92836398838335,0.015556441836429005,BULLISH,RSI_HIGH,LOW_VOLATILITY
2026-04-30,1058.5,1063.85,1030.4,1038.0,4390000.0,1057.9299999999998,1005.4375,62.96112899232483,0.017508676981813055,BULLISH,RSI_NORMAL,LOW_VOLATILITY
2026-05-04,1043.3,1049.4,1034.5,1042.7,3350000.0,1056.8,1012.3425,62.637362637362635,0.017180181781957484,BULLISH,RSI_NORMAL,LOW_VOLATILITY
2026-05-05,1036.3,1059.0,1031.1,1054.7,4580000.0,1055.38,1019.265,69.27148979077388,0.01715935479212931,BULLISH,RSI_NORMAL,LOW_VOLATILITY
2026-05-06,1067.8,1073.7,1042.4,1045.8,5340000.0,1049.6799999999998,1025.1825,59.86785406492383,0.01746034238366399,BULLISH,RSI_NORMAL,LOW_VOLATILITY
2026-05-07,1048.0,1060.9,1036.6,1055.7,4290000.0,1047.38,1030.2424999999998,55.08038585209002,0.016630564707378028,BULLISH,RSI_NORMAL,LOW_VOLATILITY
2026-05-08,1048.4,1058.0,1035.3,1044.4,3070000.0,1048.66,1034.8725,51.62748643761305,0.016920907660545433,BULLISH,RSI_NORMAL,LOW_VOLATILITY
2026-05-11,1031.1,1042.4,1022.1,1023.5,3750000.0,1044.8200000000002,1036.7649999999999,52.52989880404783,0.016146478610502498,BEARISH,RSI_NORMAL,LOW_VOLATILITY
2026-05-12,1027.2,1054.6,1025.0,1041.4,4320000.0,1042.16,1039.23,55.657404755084535,0.016490078075805506,BULLISH,RSI_NORMAL,LOW_VOLATILITY
2026-05-13,1048.0,1082.4,1047.0,1073.1,5340000.0,1047.62,1043.9725,58.82978723404251,0.017125868234577867,BULLISH,RSI_NORMAL,LOW_VOLATILITY
2026-05-14,1083.9,1105.0,1080.9,1103.3,4920000.0,1057.1399999999999,1048.565,64.29065743944636,0.016648875363932045,BULLISH,RSI_NORMAL,LOW_VOLATILITY
2026-05-15,1101.2,1101.2,1057.6,1067.5,6800000.0,1061.76,1049.9450000000002,53.89940948890248,0.01760435458865438,BULLISH,RSI_NORMAL,LOW_VOLATILITY
2026-05-18,1050.0,1060.0,1044.0,1053.1,4020000.0,1067.6799999999998,1050.65,48.23529411764705,0.017915617648449553,BULLISH,RSI_NORMAL,LOW_VOLATILITY
2026-05-19,1052.5,1053.4,1037.1,1048.3,3670000.0,1069.06,1052.3025000000002,44.55611390284758,0.01709057323839083,BEARISH,RSI_NORMAL,LOW_VOLATILITY
2026-05-20,1038.4,1090.0,1038.4,1085.5,11950000.0,1071.54,1055.4950000000001,53.40275195239865,0.01867299326463671,BULLISH,RSI_NORMAL,LOW_VOLATILITY
2026-05-21,1098.7,1110.9,1089.3,1099.3,4580000.0,1070.74,1058.465,62.09072978303746,0.01849481439696909,BULLISH,RSI_NORMAL,LOW_VOLATILITY
2026-05-22,1099.0,1115.0,1092.8,1109.2,4140000.0,1079.08,1061.8575,62.85272516428294,0.018539512882922063,BULLISH,RSI_NORMAL,LOW_VOLATILITY
2026-05-25,1110.0,1119.8,1081.2,1099.6,7680000.0,1088.3799999999999,1064.42,58.75926648458833,0.01870925448448213,BULLISH,RSI_NORMAL,LOW_VOLATILITY
2026-05-26,1102.0,1118.0,1094.6,1103.8,5880000.0,1099.48,1066.52,61.52623211446739,0.018556691376786633,BULLISH,RSI_NORMAL,LOW_VOLATILITY
2026-05-27,1118.3,1154.0,1118.3,1149.7,7560000.0,1112.3200000000002,1070.29,66.34214186369957,0.02047249838187587,BULLISH,RSI_NORMAL,LOW_VOLATILITY
2026-05-29,1176.0,1176.0,1122.0,1126.7,11990000.0,1117.8,1073.2649999999999,63.74874707651184,0.02103534381002503,BULLISH,RSI_NORMAL,LOW_VOLATILITY
2026-06-01,1130.0,1150.0,1127.2,1141.3,6930000.0,1124.22,1078.4299999999998,70.10238907849828,0.019880301166941887,BULLISH,RSI_HIGH,LOW_VOLATILITY
2026-06-02,1141.0,1161.0,1136.4,1146.3,5330000.0,1133.56,1083.6100000000001,68.72545519457333,0.01988048926746554,BULLISH,RSI_NORMAL,LOW_VOLATILITY
2026-06-03,1155.0,1159.9,1126.6,1138.9,4870000.0,1140.5800000000002,1087.8200000000002,62.8616106333073,0.01997341961867841,BULLISH,RSI_NORMAL,LOW_VOLATILITY
2026-06-04,1134.0,1137.1,1121.4,1125.6,3870000.0,1135.7599999999998,1091.81,54.66722478024276,0.020092685655911074,BULLISH,RSI_NORMAL,LOW_VOLATILITY
2026-06-05,1126.6,1132.3,1090.1,1092.6,4550000.0,1128.94,1093.655,55.31554426090637,0.02135638705452846,BEARISH,RSI_NORMAL,LOW_VOLATILITY
2026-06-08,1061.0,1078.6,1050.8,1062.4,4880000.0,1113.1599999999999,1094.5549999999998,51.84597062326323,0.022202930294022597,BEARISH,RSI_NORMAL,HIGH_VOLATILITY
2026-06-09,1074.0,1082.5,1053.8,1076.7,5880000.0,1099.2400000000002,1097.215,55.43228768171386,0.021786397627953553,BEARISH,RSI_NORMAL,HIGH_VOLATILITY
2026-06-10,1066.9,1066.9,1034.2,1039.3,8050000.000000001,1079.3200000000002,1097.1100000000001,41.1697247706422,0.023022960152083233,BEARISH,RSI_NORMAL,HIGH_VOLATILITY
2026-06-11,1029.8,1038.6,1022.8,1024.3,6660000.0,1059.06,1094.6699999999998,35.73059360730595,0.02208311584312225,BEARISH,RSI_NORMAL,HIGH_VOLATILITY
2026-06-12,1045.0,1049.0,1015.3,1021.6,9390000.0,1044.8600000000001,1090.585,32.86384976525822,0.020906212780042604,BEARISH,RSI_NORMAL,LOW_VOLATILITY
2026-06-15,1039.2,1039.7,1011.1,1013.9,8470000.0,1035.1599999999999,1087.905,33.10997240835633,0.019812530628881934,BEARISH,RSI_NORMAL,LOW_VOLATILITY
2026-06-16,990.0,990.0,970.0,982.4,11200000.0,1016.3,1084.3700000000001,28.39857651245552,0.02070099857246976,BEARISH,RSI_LOW,LOW_VOLATILITY
2026-06-17,985.0,1011.6,971.2,1007.9,10850000.0,1010.0200000000001,1082.35,22.793553338449698,0.021701103207093942,BEARISH,RSI_LOW,HIGH_VOLATILITY
2026-06-18,1006.0,1017.4,999.0,1008.5,6180000.0,1006.8599999999999,1078.5,25.188916876574268,0.01987677405293674,BEARISH,RSI_LOW,LOW_VOLATILITY
2026-06-19,998.0,1016.8,985.2,1010.0,6010000.0,1004.54,1074.0349999999999,20.835184362505558,0.019551143639187033,BEARISH,RSI_LOW,LOW_VOLATILITY
2026-06-22,1014.0,1018.1,1003.6,1014.2,4240000.0,1004.6,1069.2849999999999,20.552831029870717,0.01941037432548661,BEARISH,RSI_LOW,LOW_VOLATILITY
2026-06-23,999.0,999.0,978.0,986.8,7190000.0,1005.4799999999999,1063.645,18.870241506344655,0.02005143314262672,BEARISH,RSI_LOW,LOW_VOLATILITY
2026-06-24,972.0,988.5,970.3,976.6,5030000.0,999.22,1057.285,19.112769485903826,0.019965729073000715,BEARISH,RSI_LOW,LOW_VOLATILITY
2026-06-25,965.0,970.9,950.2,953.2,12160000.0,988.1600000000001,1047.46,19.90500863557861,0.016903503906550554,BEARISH,RSI_LOW,LOW_VOLATILITY
2026-06-29,952.1,973.5,952.0,963.8,9500000.0,978.9200000000001,1039.315,26.745283018867894,0.017284030959542316,BEARISH,RSI_LOW,LOW_VOLATILITY
2026-06-30,957.0,966.6,948.8,956.6,8510000.0,967.4,1030.08,20.693020985846744,0.01659280596057525,BEARISH,RSI_LOW,LOW_VOLATILITY
2026-07-01,951.9,960.25,937.5,939.7,5640000.0,957.9799999999999,1019.75,22.993492407809114,0.0164124718415367,BEARISH,RSI_LOW,LOW_VOLATILITY
2026-07-02,942.05,962.5,942.05,949.2,3510000.0,952.5,1010.265,29.01062045835664,0.01699556241488726,BEARISH,RSI_LOW,LOW_VOLATILITY
2026-07-03,965.0,978.9,951.05,953.2,3350000.0,952.5,1001.6450000000001,31.021087680355166,0.017230229094751335,BEARISH,RSI_NORMAL,LOW_VOLATILITY
2026-07-06,960.85,981.6,954.0,980.4,4640000.0,955.82,996.0350000000001,41.612418627941906,0.01830947056453981,BEARISH,RSI_NORMAL,LOW_VOLATILITY
2026-07-07,970.4,978.95,962.9,969.5,4410000.0,958.4,991.39,46.39865996649917,0.017604904213487958,BEARISH,RSI_NORMAL,LOW_VOLATILITY
2026-07-08,962.05,979.9,962.05,971.65,6550000.0,964.79,986.1375,38.36276083467093,0.017178364418063776,BEARISH,RSI_NORMAL,LOW_VOLATILITY
2026-07-09,971.7,973.95,954.65,963.45,6040000.0,967.6400000000001,982.345,36.210590756045285,0.015725891126017893,BEARISH,RSI_NORMAL,LOW_VOLATILITY
2026-07-10,976.0,985.6,964.7,967.45,5860000.0,970.49,979.5025000000002,37.1721435031655,0.015604708716130272,BEARISH,RSI_NORMAL,LOW_VOLATILITY
2026-07-13,963.1,971.7,956.45,966.85,4070000.000000001,967.78,976.765,35.40832049306621,0.015611890976142084,BEARISH,RSI_NORMAL,LOW_VOLATILITY
2026-07-14,964.0,998.0,964.0,974.3,8060000.000000001,968.74,974.7850000000001,45.60787069571327,0.015731542610504846,BEARISH,RSI_NORMAL,LOW_VOLATILITY
2026-07-15,972.0,976.0,953.0,955.8,5280000.0,965.57,973.4549999999999,43.094289508632095,0.01475304997498497,BEARISH,RSI_NORMAL,LOW_VOLATILITY
2026-07-16,972.4,972.4,957.2,959.3,3390000.0,964.74,971.025,52.33358837031366,0.013364617808586105,BEARISH,RSI_NORMAL,LOW_VOLATILITY
2026-07-17,955.0,959.1,939.5,944.15,4220000.0,960.0799999999999,967.8074999999999,42.735674676524944,0.013671276993734225,BEARISH,RSI_NORMAL,LOW_VOLATILITY
2026-07-20,944.35,957.75,944.15,947.8,4000000.0,956.2699999999999,964.6975,46.659073652239904,0.01372446240671976,BEARISH,RSI_NORMAL,LOW_VOLATILITY
2026-07-21,944.15,956.3,941.0,951.4,4970000.0,951.6899999999999,961.5575000000001,54.940878378378365,0.013714693403285818,BEARISH,RSI_NORMAL,LOW_VOLATILITY
2026-07-22,955.0,961.95,945.2,950.0,4060000.0,950.53,959.7175,50.362647325475955,0.012506562909791914,BEARISH,RSI_NORMAL,LOW_VOLATILITY
2026-07-23,950.0,964.0,947.55,955.65,4720000.0,949.8,958.6700000000001,51.09423849933003,0.012453171764483916,BEARISH,RSI_NORMAL,LOW_VOLATILITY
2026-07-24,947.6,950.9,939.7,942.8,4490000.0,949.53,958.15,30.737704918032733,0.011627891422374118,BEARISH,RSI_NORMAL,LOW_VOLATILITY
2026-07-27,944.45,951.25,943.05,945.25,2040000.0,949.0199999999999,957.2225000000001,36.399326977005025,0.011332657667429418,BEARISH,RSI_NORMAL,LOW_VOLATILITY
2026-07-28,945.0,947.9,935.1,936.4,3840000.0,946.0200000000001,956.2125,31.61189358372455,0.011398015420458959,BEARISH,RSI_NORMAL,LOW_VOLATILITY
2026-07-29,940.0,964.8,938.15,962.45,2940000.0,948.51,957.35,49.56024626209322,0.012393027383544955,BULLISH,RSI_NORMAL,LOW_VOLATILITY
2026-07-30,968.0,973.05,960.6,970.4,4260000.0,951.46,958.4100000000001,51.253718657033545,0.012330334281818912,BULLISH,RSI_NORMAL,LOW_VOLATILITY
2026-07-31,979.8,988.0,971.05,974.45,5580000.0,957.79,959.4724999999999,53.13790255986788,0.01232981205501013,BULLISH,RSI_NORMAL,LOW_VOLATILITY
