Date,Open,High,Low,Close,Volume,MA5,MA20,RSI,Volatility,Trend,RSI_Condition,Volatility_Condition
2015-11-11,887.0,935.1,880.0,923.35,3320000.0,,,,,,,
2015-11-13,918.0,1032.0,917.0,1004.1,8450000.0,,,,,,,
2015-11-16,1011.0,1040.0,966.25,988.95,3360000.0,,,,,,,
2015-11-17,990.0,1049.9,976.2,1036.9,3690000.0,,,,,,,
2015-11-18,1017.25,1068.8,1015.3,1045.65,3620000.0,999.7900000000002,,,,,,
2015-11-19,1055.0,1166.7,1052.0,1143.8,4320000.0,1043.88,,,,,,
2015-11-20,1156.0,1162.9,1088.2,1105.4,3640000.0,1064.1399999999999,,,,,,
2015-11-23,1100.0,1124.8,1031.2,1046.85,2120000.0,1075.72,,,,,,
2015-11-24,1049.95,1099.0,1032.35,1089.8,2080000.0,1086.3,,,,,,
2015-11-26,1100.0,1114.0,1062.1,1088.2,1280000.0,1094.81,,,,,,
2015-11-27,1093.3,1109.8,1071.55,1090.5,830210.0,1084.15,,,,,,
2015-11-30,1093.8,1122.0,1081.55,1110.45,953970.0,1085.16,,,,,,
2015-12-01,1112.95,1115.0,1085.75,1093.25,566180.0,1094.44,,,,,,
2015-12-02,1092.0,1124.9,1062.0,1099.2,1820000.0,1096.32,,,,,,
2015-12-03,1096.0,1144.45,1091.0,1113.7,2010000.0,1101.42,,71.0494304987283,,,RSI_HIGH,
2015-12-04,1103.0,1122.0,1071.7,1079.7,738820.0,1099.26,,59.32412432165763,,,RSI_NORMAL,
2015-12-07,1050.0,1085.5,1032.2,1044.55,1980000.0,1086.08,,56.53502585801597,,,RSI_NORMAL,
2015-12-08,1050.7,1068.4,1010.0,1018.1,1220000.0,1071.05,,47.67269126021291,,,RSI_NORMAL,
2015-12-09,1021.0,1047.8,995.45,1012.75,1040000.0,1053.76,,45.89263420724093,,,RSI_NORMAL,
2015-12-10,1021.95,1029.0,982.0,999.85,1520000.0,1030.9900000000002,1056.7525,27.168913560666155,,BEARISH,RSI_LOW,
2015-12-11,1014.0,1043.7,1005.0,1035.0,1850000.0,1022.05,1062.335,38.717948717948715,0.03889434862281409,BEARISH,RSI_NORMAL,HIGH_VOLATILITY
2015-12-14,1033.0,1103.9,1025.8,1093.05,1880000.0,1031.75,1066.7825,57.415730337078664,0.03597815098681631,BULLISH,RSI_NORMAL,HIGH_VOLATILITY
2015-12-15,1094.8,1196.9,1085.0,1185.45,3010000.0,1065.2199999999998,1076.6074999999998,63.24975758415294,0.03976823931237524,BULLISH,RSI_NORMAL,HIGH_VOLATILITY
2015-12-16,1192.0,1234.0,1182.55,1192.7,2240000.0,1101.2099999999998,1084.3975,64.25259138025095,0.03871563218162573,BULLISH,RSI_NORMAL,HIGH_VOLATILITY
2015-12-17,1203.9,1231.75,1180.1,1190.85,1460000.0,1139.41,1091.6575,63.70340024580088,0.0387702548483612,BULLISH,RSI_NORMAL,HIGH_VOLATILITY
2015-12-18,1194.45,1206.2,1126.0,1139.25,1620000.0,1160.26,1091.4299999999998,53.61990950226244,0.03453914344597302,BULLISH,RSI_NORMAL,HIGH_VOLATILITY
2015-12-21,1136.1,1156.5,1077.4,1082.0,1690000.0,1158.05,1090.2599999999998,48.7153134635149,0.03558708320935312,BEARISH,RSI_NORMAL,HIGH_VOLATILITY
2015-12-22,1098.4,1179.4,1097.5,1164.75,2870000.0,1153.91,1096.155,56.368405712620216,0.03726924549660049,BULLISH,RSI_NORMAL,HIGH_VOLATILITY
2015-12-23,1172.0,1187.95,1140.0,1183.05,1830000.0,1151.98,1100.8175,56.68820522711928,0.036437495036585874,BULLISH,RSI_NORMAL,HIGH_VOLATILITY
2015-12-24,1185.0,1192.0,1152.0,1164.45,959210.0,1146.7,1104.6299999999999,58.42361594274923,0.03670357102156119,BULLISH,RSI_NORMAL,HIGH_VOLATILITY
2015-12-28,1170.5,1208.0,1145.6,1194.15,1750000.0,1157.6799999999998,1109.8125,65.03215434083603,0.03701107469586524,BULLISH,RSI_NORMAL,HIGH_VOLATILITY
2015-12-29,1198.0,1207.5,1175.8,1186.45,1050000.0,1178.5700000000002,1113.6125,67.57857366607497,0.03696343647151077,BULLISH,RSI_NORMAL,HIGH_VOLATILITY
2015-12-30,1190.4,1202.3,1176.5,1193.25,735720.0,1184.27,1118.6125,68.79033937122632,0.036679499338182674,BULLISH,RSI_NORMAL,HIGH_VOLATILITY
2015-12-31,1195.0,1245.0,1185.0,1234.9,2340000.0,1194.6399999999999,1125.3975,73.08712307238974,0.03728431433328306,BULLISH,RSI_HIGH,HIGH_VOLATILITY
2016-01-01,1244.0,1394.85,1243.05,1343.45,4910000.0,1230.44,1136.8849999999998,76.478667696798,0.04149624676599727,BULLISH,RSI_HIGH,HIGH_VOLATILITY
2016-01-04,1327.0,1371.75,1251.0,1262.1,2600000.0,1244.0300000000002,1146.005,63.95377631035905,0.043540775633647257,BULLISH,RSI_NORMAL,HIGH_VOLATILITY
2016-01-05,1270.1,1286.9,1233.4,1252.95,1790000.0,1257.33,1156.4250000000002,56.45933014354067,0.04263649847286691,BULLISH,RSI_NORMAL,HIGH_VOLATILITY
2016-01-06,1258.5,1281.8,1230.0,1235.4,1320000.0,1265.76,1167.29,54.00713213213213,0.042216346240143636,BULLISH,RSI_NORMAL,HIGH_VOLATILITY
2016-01-07,1231.95,1280.0,1195.0,1250.55,2680000.0,1268.89,1179.1799999999998,55.46603186229628,0.04205256114134369,BULLISH,RSI_NORMAL,HIGH_VOLATILITY
2016-01-08,1278.0,1293.9,1261.0,1272.2,1890000.0,1254.6399999999999,1192.7975000000001,62.879008040298366,0.04167891483647023,BULLISH,RSI_NORMAL,HIGH_VOLATILITY
2016-01-11,1267.0,1267.0,1227.05,1238.15,1470000.0,1249.85,1202.9550000000002,65.83832031646213,0.04223706907417498,BULLISH,RSI_NORMAL,HIGH_VOLATILITY
2016-01-12,1252.9,1281.0,1243.6,1250.65,1460000.0,1249.39,1210.835,60.16087059380176,0.04081430771974,BULLISH,RSI_NORMAL,HIGH_VOLATILITY
2016-01-13,1268.0,1279.9,1145.0,1228.8,2420000.0,1248.0700000000002,1213.0025,55.36656891495601,0.0368683932569917,BULLISH,RSI_NORMAL,HIGH_VOLATILITY
2016-01-14,1223.95,1229.0,1182.3,1200.0,1370000.0,1237.9600000000003,1213.3675,54.07263145835719,0.03730272577998785,BEARISH,RSI_NORMAL,HIGH_VOLATILITY
2016-01-15,1210.0,1224.65,1165.75,1176.25,1020000.0,1218.77,1212.6375,47.92102206736352,0.037589132349997764,BEARISH,RSI_NORMAL,HIGH_VOLATILITY
2016-01-18,1180.0,1186.8,1111.75,1131.8,1170000.0,1197.5,1212.2649999999999,44.15195291599785,0.037271707172681266,BEARISH,RSI_NORMAL,HIGH_VOLATILITY
2016-01-19,1143.85,1217.4,1121.45,1206.75,1800000.0,1188.7199999999998,1218.5025,51.26073963391857,0.03804526272350513,BEARISH,RSI_NORMAL,HIGH_VOLATILITY
2016-01-20,1182.85,1215.0,1150.0,1202.1,1720000.0,1183.3799999999999,1220.3700000000001,46.7094703049759,0.03428349990755359,BEARISH,RSI_NORMAL,HIGH_VOLATILITY
2016-01-21,1225.15,1239.0,1185.0,1197.85,1410000.0,1182.9499999999998,1221.1100000000001,31.527531083481335,0.03415202135566015,BEARISH,RSI_NORMAL,HIGH_VOLATILITY
2016-01-22,1175.0,1175.0,958.3,968.3,10530000.0,1141.3600000000001,1211.3025,22.911672505992996,0.055012196977565674,BEARISH,RSI_LOW,HIGH_VOLATILITY
2016-01-25,939.0,952.45,886.8,902.7,6960000.0,1095.54,1196.73,20.751565762004176,0.05599898999071015,BEARISH,RSI_LOW,HIGH_VOLATILITY
2016-01-27,910.0,961.7,910.0,936.15,3800000.0,1041.42,1184.215,25.65687789799071,0.05707257681954026,BEARISH,RSI_LOW,HIGH_VOLATILITY
2016-01-28,938.0,947.0,885.1,903.35,2430000.0,981.6699999999998,1169.72,22.544678159101707,0.0572046201895317,BEARISH,RSI_LOW,HIGH_VOLATILITY
2016-01-29,906.0,913.75,857.85,874.7,2260000.0,917.0400000000002,1151.7099999999998,18.911309244486148,0.05625176863475697,BEARISH,RSI_LOW,HIGH_VOLATILITY
2016-02-01,905.0,920.0,872.0,882.05,1740000.0,899.79,1128.64,20.935357492654248,0.05113781999295867,BEARISH,RSI_LOW,HIGH_VOLATILITY
2016-02-02,882.5,887.8,832.65,845.0,2510000.0,888.25,1107.785,18.166836694655885,0.05051780961767507,BEARISH,RSI_LOW,HIGH_VOLATILITY
2016-02-03,838.0,868.8,821.0,837.95,2370000.0,868.61,1087.0349999999999,18.598859162850488,0.05050554523575857,BEARISH,RSI_LOW,HIGH_VOLATILITY
2016-02-04,841.9,851.9,781.1,805.35,2730000.0,849.01,1065.5325,18.485985786153464,0.05069315223195116,BEARISH,RSI_LOW,HIGH_VOLATILITY
2016-02-05,808.0,844.0,783.3,836.95,2380000.0,841.46,1044.8525000000002,23.241324921135643,0.051935665982347,BEARISH,RSI_LOW,HIGH_VOLATILITY
2016-02-08,854.0,854.8,811.0,824.35,1590000.0,829.9200000000001,1022.46,24.47064684879183,0.051261391192840386,BEARISH,RSI_LOW,HIGH_VOLATILITY
2016-02-09,810.0,821.0,785.0,788.15,1130000.0,818.55,999.96,12.850550230741902,0.05152143542144552,BEARISH,RSI_LOW,HIGH_VOLATILITY
2016-02-10,789.0,806.5,750.0,771.45,1880000.0,805.25,976.0,12.581457989399581,0.051001189117335144,BEARISH,RSI_LOW,HIGH_VOLATILITY
2016-02-11,770.0,775.05,698.35,719.7,2840000.0,788.1200000000001,950.5449999999998,11.622120555421759,0.05194022719925236,BEARISH,RSI_LOW,HIGH_VOLATILITY
2016-02-12,728.5,788.7,714.0,779.65,2350000.0,776.6600000000001,929.5274999999999,29.19377964045438,0.057315241090378735,BEARISH,RSI_LOW,HIGH_VOLATILITY
2016-02-15,798.85,849.9,791.0,839.05,1910000.0,779.6,912.6674999999999,42.88270155428825,0.061191520520236714,BEARISH,RSI_NORMAL,HIGH_VOLATILITY
2016-02-16,847.0,857.0,817.1,840.85,1350000.0,790.14,898.1199999999999,38.53188929001203,0.06105567412722407,BEARISH,RSI_NORMAL,HIGH_VOLATILITY
2016-02-17,852.0,860.0,829.0,839.8,1430000.0,803.8100000000001,879.7725,41.71986970684038,0.058255146459679705,BEARISH,RSI_NORMAL,HIGH_VOLATILITY
2016-02-18,845.0,860.0,835.1,849.15,775530.0,829.7,862.125,46.49471806832212,0.05851874924128107,BEARISH,RSI_NORMAL,HIGH_VOLATILITY
2016-02-19,851.0,857.35,838.25,841.25,577130.0,842.0200000000001,844.2950000000001,44.4109589041096,0.058470888170391803,BEARISH,RSI_NORMAL,HIGH_VOLATILITY
2016-02-22,838.0,844.0,815.3,819.9,549450.0,838.1899999999999,836.875,46.407099914113935,0.04151415741439355,BEARISH,RSI_NORMAL,HIGH_VOLATILITY
2016-02-23,817.0,828.7,797.2,810.05,669800.0,832.03,832.2425,46.03805737006532,0.039052836634397105,BEARISH,RSI_NORMAL,HIGH_VOLATILITY
2016-02-24,809.95,825.0,800.0,808.45,753970.0,825.76,825.8575000000001,50.4827156649019,0.03781266782618913,BEARISH,RSI_NORMAL,HIGH_VOLATILITY
2016-02-25,805.1,812.7,780.0,791.1,607780.0,814.15,820.2450000000001,42.52892292651132,0.03739557032124333,BEARISH,RSI_NORMAL,HIGH_VOLATILITY
2016-02-26,799.9,844.5,775.9,833.3,1150000.0,812.5600000000001,818.175,51.33006390251151,0.03910969298558124,BULLISH,RSI_NORMAL,HIGH_VOLATILITY
2016-02-29,850.05,854.0,781.3,812.25,1570000.0,811.03,814.6850000000001,53.75038904450669,0.0393752352711584,BEARISH,RSI_NORMAL,HIGH_VOLATILITY
2016-03-01,803.9,838.9,800.0,825.7,1170000.0,814.1600000000001,813.72,58.52853324948907,0.03852073476869337,BULLISH,RSI_NORMAL,HIGH_VOLATILITY
2016-03-02,841.5,883.65,827.0,869.75,1150000.0,826.4200000000001,815.31,74.17431931690027,0.04028592861581869,BULLISH,RSI_HIGH,HIGH_VOLATILITY
2016-03-03,873.0,875.0,842.25,851.75,598770.0,838.55,817.6299999999999,63.43144560357676,0.039496032940324055,BULLISH,RSI_NORMAL,HIGH_VOLATILITY
2016-03-04,852.0,881.75,835.1,872.85,801090.0,846.46,819.425,57.3446327683616,0.038936290530034924,BULLISH,RSI_NORMAL,HIGH_VOLATILITY
2016-03-08,874.65,874.65,851.1,859.5,645790.0,855.9100000000001,821.1825000000001,53.858886819780665,0.03894212438885043,BULLISH,RSI_NORMAL,HIGH_VOLATILITY
2016-03-09,850.0,857.6,802.4,812.8,1290000.0,853.3300000000002,822.415,45.30107901148625,0.03966304033983054,BEARISH,RSI_NORMAL,HIGH_VOLATILITY
2016-03-10,827.0,832.0,801.0,806.65,908550.0,840.71,824.175,42.520239352340724,0.039354615407940066,BEARISH,RSI_NORMAL,HIGH_VOLATILITY
2016-03-11,822.8,848.8,812.0,820.55,1790000.0,834.47,829.2175000000001,46.43226473629782,0.035813535995271775,BEARISH,RSI_NORMAL,HIGH_VOLATILITY
2016-03-14,825.0,830.0,796.65,804.65,792050.0,820.8299999999999,830.4675,47.321271737221146,0.03141618983036984,BEARISH,RSI_NORMAL,HIGH_VOLATILITY
2016-03-15,804.0,816.9,795.1,800.1,682450.0,808.95,828.5200000000001,48.21908000715949,0.026136314054332328,BEARISH,RSI_NORMAL,HIGH_VOLATILITY
2016-03-16,801.0,807.9,797.0,801.85,500720.0,806.76,826.5699999999999,48.81932021466905,0.026136670205801224,BEARISH,RSI_NORMAL,HIGH_VOLATILITY
2016-03-17,810.0,817.0,803.0,806.9,548770.0,806.8100000000001,824.925,52.9565868263473,0.02620322849636848,BEARISH,RSI_NORMAL,HIGH_VOLATILITY
2016-03-18,805.0,812.5,792.0,808.8,661700.0,804.4599999999999,822.9075,44.601145879241955,0.026050508149816094,BEARISH,RSI_NORMAL,HIGH_VOLATILITY
2016-03-21,813.75,860.0,813.0,848.95,1510000.0,813.32,823.2925000000001,57.45934959349594,0.028420537705282096,BULLISH,RSI_NORMAL,HIGH_VOLATILITY
2016-03-22,845.0,856.55,836.7,843.65,524060.0,822.03,824.4799999999999,53.77338658818582,0.027807028525238302,BULLISH,RSI_NORMAL,HIGH_VOLATILITY
2016-03-23,842.6,922.65,838.0,898.5,2740000.0,841.36,828.9024999999999,55.7812185803338,0.030950829298550198,BULLISH,RSI_NORMAL,HIGH_VOLATILITY
2016-03-28,890.0,927.85,874.0,880.6,1920000.0,856.1,832.51,55.80366123516396,0.03143967308096425,BULLISH,RSI_NORMAL,HIGH_VOLATILITY
2016-03-29,878.0,906.9,870.0,889.8,799560.0,872.3,837.445,53.581238115360215,0.03084369658117257,BULLISH,RSI_NORMAL,HIGH_VOLATILITY
2016-03-30,897.0,906.8,885.0,891.0,438890.0,880.71,840.3299999999999,57.01559020044543,0.028796946364082126,BULLISH,RSI_NORMAL,HIGH_VOLATILITY
2016-03-31,891.0,900.5,870.1,873.2,503830.0,886.6200000000001,843.3774999999999,65.43967280163602,0.028539959833521814,BULLISH,RSI_NORMAL,HIGH_VOLATILITY
2016-04-01,873.0,912.0,862.0,908.55,1130000.0,888.6299999999999,847.5200000000001,72.66459074733098,0.029576313383835564,BULLISH,RSI_HIGH,HIGH_VOLATILITY
2016-04-04,918.6,974.0,906.85,967.05,2040000.0,905.9199999999998,852.385,77.19005196733482,0.03060719348099961,BULLISH,RSI_HIGH,HIGH_VOLATILITY
2016-04-05,963.9,986.65,952.65,973.45,2430000.0,922.65,858.47,82.47402847248944,0.029967531329680743,BULLISH,RSI_HIGH,HIGH_VOLATILITY
2016-04-06,978.7,998.75,969.0,993.55,1400000.0,943.1600000000001,864.5049999999999,85.11526592848067,0.029853645567935364,BULLISH,RSI_HIGH,HIGH_VOLATILITY
2016-04-07,992.0,1015.95,978.4,990.75,1270000.0,966.6700000000001,871.0674999999999,84.15913200723328,0.02949331056623843,BULLISH,RSI_HIGH,HIGH_VOLATILITY
2016-04-08,989.95,1007.5,951.0,954.3,1150000.0,975.82,878.1425000000002,73.93634296849626,0.027766614276270786,BULLISH,RSI_HIGH,HIGH_VOLATILITY
2016-04-11,961.0,994.0,956.55,985.7,783290.0,979.55,887.0949999999999,76.21517486662715,0.028014150442680796,BULLISH,RSI_HIGH,HIGH_VOLATILITY
2016-04-12,991.0,1021.5,989.05,1004.05,940550.0,985.6700000000001,896.2700000000001,74.5722433460076,0.028033522085601382,BULLISH,RSI_HIGH,HIGH_VOLATILITY
2016-04-13,1005.0,1037.75,1002.25,1030.9,1170000.0,993.14,907.5824999999999,77.76953878095804,0.02733391248490011,BULLISH,RSI_HIGH,HIGH_VOLATILITY
2016-04-18,1041.7,1063.0,1036.95,1053.55,622500.0,1005.7,920.2549999999999,75.42220036071488,0.0270480066434274,BULLISH,RSI_HIGH,HIGH_VOLATILITY
2016-04-20,1058.8,1064.0,1015.0,1019.25,808310.0,1018.6899999999999,931.125,71.57305119029097,0.028911396560082937,BULLISH,RSI_HIGH,HIGH_VOLATILITY
2016-04-21,1023.0,1033.0,995.0,1001.05,700400.0,1021.76,940.8325000000001,66.83820190706827,0.029676647509716655,BULLISH,RSI_NORMAL,HIGH_VOLATILITY
2016-04-22,1002.9,1017.0,995.15,1001.45,470380.0,1021.24,950.4649999999999,66.75769989379458,0.029710693985849242,BULLISH,RSI_NORMAL,HIGH_VOLATILITY
2016-04-25,1002.0,1022.5,1002.0,1015.0,492060.0,1018.0600000000001,958.7674999999999,71.79526590839225,0.028312976411433086,BULLISH,RSI_HIGH,HIGH_VOLATILITY
2016-04-26,1021.8,1034.45,1015.55,1030.0,542860.0,1013.35,968.0849999999998,69.91310050828005,0.0280930859382325,BULLISH,RSI_NORMAL,HIGH_VOLATILITY
2016-04-27,1033.0,1054.4,1023.0,1047.7,677300.0,1019.04,975.5449999999998,65.26594737838352,0.02507241064365387,BULLISH,RSI_NORMAL,HIGH_VOLATILITY
2016-04-28,1051.0,1069.0,1051.0,1063.9,793590.0,1031.6100000000001,984.71,66.50848695017339,0.02423225521983588,BULLISH,RSI_NORMAL,HIGH_VOLATILITY
2016-04-29,1074.0,1080.0,1041.7,1075.95,967500.0,1046.51,994.0175000000002,65.49454682211359,0.024234333268971835,BULLISH,RSI_NORMAL,HIGH_VOLATILITY
2016-05-02,1023.1,1043.75,1002.0,1025.3,1250000.0,1048.5700000000002,1000.7325000000001,55.50597609561753,0.027344549104889322,BULLISH,RSI_NORMAL,HIGH_VOLATILITY
2016-05-03,1031.85,1064.45,1031.85,1059.2,887440.0,1054.41,1010.0325,66.85411311053986,0.027120873871258725,BULLISH,RSI_NORMAL,HIGH_VOLATILITY
2016-05-04,1054.0,1072.5,1041.7,1067.6,542610.0,1058.39,1017.985,64.20888272033307,0.026158103474728123,BULLISH,RSI_NORMAL,HIGH_VOLATILITY
2016-05-05,1072.8,1095.0,1055.1,1088.4,616890.0,1063.29,1024.0525000000002,64.51057973507656,0.02281515339206833,BULLISH,RSI_NORMAL,HIGH_VOLATILITY
2016-05-06,1088.2,1088.2,1066.25,1075.5,258880.0,1063.2,1029.1550000000002,58.059269967473774,0.02316750758122502,BULLISH,RSI_NORMAL,HIGH_VOLATILITY
2016-05-09,1073.0,1084.0,1046.5,1077.45,543570.0,1073.6299999999999,1033.35,54.66796875000001,0.022889983432476557,BULLISH,RSI_NORMAL,HIGH_VOLATILITY
2016-05-10,1075.7,1092.0,1071.3,1076.1,576960.0,1077.01,1037.6175,62.74377942165428,0.022866983593487697,BULLISH,RSI_NORMAL,HIGH_VOLATILITY
2016-05-11,1058.0,1074.8,1050.7,1060.75,287330.0,1075.6399999999999,1042.94,63.55585831062668,0.021227877589294352,BULLISH,RSI_NORMAL,HIGH_VOLATILITY
2016-05-12,1065.0,1065.1,1040.0,1045.0,270500.0,1066.96,1045.9050000000002,59.24432180004243,0.02066341346754039,BEARISH,RSI_NORMAL,HIGH_VOLATILITY
2016-05-13,1043.0,1056.3,1035.1,1042.6,275620.0,1060.3799999999999,1047.8325,56.14973262032082,0.020365482962753825,BEARISH,RSI_NORMAL,HIGH_VOLATILITY
2016-05-16,1044.0,1048.75,1022.05,1030.5,331830.0,1050.9899999999998,1047.8125,50.112866817155755,0.01971666650988295,BEARISH,RSI_NORMAL,LOW_VOLATILITY
2016-05-17,1041.0,1060.0,1033.6,1049.95,650530.0,1045.76,1047.6325000000002,50.503919372900334,0.019547858473610905,BULLISH,RSI_NORMAL,LOW_VOLATILITY
2016-05-18,1045.45,1045.45,1020.0,1025.6,312260.0,1038.73,1047.95,41.724286949006036,0.018825466794555008,BEARISH,RSI_NORMAL,LOW_VOLATILITY
2016-05-19,1030.0,1035.45,1004.0,1008.4,240270.0,1031.41,1048.3174999999999,35.72183470725007,0.018771301538725634,BEARISH,RSI_NORMAL,LOW_VOLATILITY
2016-05-20,1010.0,1012.5,956.0,962.5,404480.0,1015.3900000000001,1046.3700000000001,36.45383951682487,0.021411054322707627,BEARISH,RSI_NORMAL,HIGH_VOLATILITY
2016-05-23,974.0,997.85,964.15,992.2,372110.0,1007.7299999999999,1045.23,35.281195079086146,0.02239049616928527,BEARISH,RSI_NORMAL,HIGH_VOLATILITY
2016-05-24,991.0,996.2,975.95,980.3,281860.0,993.8,1042.7450000000001,31.112072695802738,0.022203646114132537,BEARISH,RSI_NORMAL,HIGH_VOLATILITY
2016-05-25,989.0,994.5,970.0,985.3,398980.0,985.74,1039.625,26.056665118439398,0.021808328653320583,BEARISH,RSI_LOW,HIGH_VOLATILITY
2016-05-26,986.0,998.0,975.0,993.9,460730.0,982.8399999999999,1036.125,30.66350710900477,0.021561501280782543,BEARISH,RSI_NORMAL,HIGH_VOLATILITY
2016-05-27,996.05,1039.9,996.05,1030.15,714190.0,996.3700000000001,1033.8349999999998,40.35874439461886,0.023127867506646405,BEARISH,RSI_NORMAL,HIGH_VOLATILITY
2016-05-30,1038.0,1069.4,1020.1,1060.75,494960.0,1010.0799999999999,1035.6074999999998,47.20451648151522,0.021556600527482463,BULLISH,RSI_NORMAL,HIGH_VOLATILITY
2016-05-31,1058.0,1069.0,1043.0,1064.3,235020.0,1026.8799999999999,1035.8625,50.67554709800189,0.020283669724546642,BULLISH,RSI_NORMAL,HIGH_VOLATILITY
2016-06-01,1051.7,1056.0,1013.95,1023.95,407490.0,1034.6100000000001,1033.6799999999998,46.337219418827225,0.021916643988182077,BEARISH,RSI_NORMAL,HIGH_VOLATILITY
2016-06-02,1019.0,1034.0,1005.5,1012.95,173990.0,1038.42,1029.9074999999998,44.99070788984628,0.021403851508062056,BEARISH,RSI_NORMAL,HIGH_VOLATILITY
2016-06-03,1016.9,1018.6,990.1,992.7,190960.0,1030.9299999999998,1025.7675,43.784939164748444,0.021649617204676886,BEARISH,RSI_NORMAL,HIGH_VOLATILITY
2016-06-06,994.0,1029.0,991.25,1019.8,285230.0,1022.74,1022.885,45.164394546912575,0.022719449864003836,BEARISH,RSI_NORMAL,HIGH_VOLATILITY
2016-06-07,1023.0,1023.0,998.15,1007.05,160920.0,1011.29,1019.4324999999999,46.90987839413627,0.022825950648955484,BEARISH,RSI_NORMAL,HIGH_VOLATILITY
2016-06-08,1005.0,1008.0,990.1,992.5,220460.0,1005.0,1016.0199999999999,47.32773109243698,0.02283073100466635,BEARISH,RSI_NORMAL,HIGH_VOLATILITY
2016-06-09,990.05,1013.2,990.0,1004.6,453060.0,1003.3299999999999,1014.0,57.98255593477437,0.022897181984893742,BEARISH,RSI_NORMAL,HIGH_VOLATILITY
2016-06-10,1009.9,1017.9,990.0,998.3,291710.0,1004.45,1011.7850000000001,51.26924677486473,0.022919687491154087,BEARISH,RSI_NORMAL,HIGH_VOLATILITY
2016-06-13,988.0,988.0,975.0,980.1,175620.0,996.51,1009.265,49.9594484995945,0.023114122575770824,BEARISH,RSI_NORMAL,HIGH_VOLATILITY
2016-06-14,984.95,994.95,978.2,990.35,161760.0,993.1699999999998,1006.2850000000001,51.00258090133018,0.022783546323334396,BEARISH,RSI_NORMAL,HIGH_VOLATILITY
2016-06-15,996.55,1033.0,995.0,1011.4,726980.0,996.95,1005.575,53.31063185773742,0.022844176727239582,BULLISH,RSI_NORMAL,HIGH_VOLATILITY
2016-06-16,1009.0,1023.8,995.0,1012.8,272170.0,998.5899999999999,1005.7950000000001,46.219219873610776,0.02251985363543334,BULLISH,RSI_NORMAL,HIGH_VOLATILITY
2016-06-17,1014.95,1021.0,1006.0,1013.45,151800.0,1001.6200000000001,1008.3425,38.145363408521305,0.019755536417178286,BULLISH,RSI_NORMAL,LOW_VOLATILITY
2016-06-20,1009.0,1089.0,991.0,1071.7,1520000.0,1019.9399999999999,1012.3174999999999,51.45554681353267,0.02245933689418891,BULLISH,RSI_NORMAL,HIGH_VOLATILITY
2016-06-21,1084.0,1089.85,1033.0,1039.35,1040000.0,1029.7400000000002,1015.2700000000001,53.127538586515,0.02349010149533676,BULLISH,RSI_NORMAL,HIGH_VOLATILITY
2016-06-22,1040.0,1041.3,1015.95,1025.3,364810.0,1032.52,1017.2700000000001,52.47743229689066,0.023777524194243164,BULLISH,RSI_NORMAL,HIGH_VOLATILITY
2016-06-23,1029.95,1029.95,999.15,1006.55,220570.0,1031.27,1017.9024999999999,52.795156407669005,0.024154966562167167,BEARISH,RSI_NORMAL,HIGH_VOLATILITY
2016-06-24,975.0,1009.95,961.0,1004.5,394160.0,1029.48,1016.6200000000001,46.564885496183216,0.022659263172295257,BEARISH,RSI_NORMAL,HIGH_VOLATILITY
2016-06-27,1014.5,1024.95,1010.25,1017.65,161960.0,1018.6699999999998,1014.4650000000001,52.375616315553565,0.021760402747115586,BULLISH,RSI_NORMAL,HIGH_VOLATILITY
2016-06-28,1023.05,1042.0,1015.0,1019.95,265780.0,1014.79,1012.2474999999998,56.50936684847048,0.02174810068687722,BULLISH,RSI_NORMAL,HIGH_VOLATILITY
2016-06-29,1019.9,1030.0,1012.0,1018.2,181520.0,1013.3699999999999,1011.96,53.391521197007485,0.020032222287958226,BULLISH,RSI_NORMAL,HIGH_VOLATILITY
2016-06-30,1020.0,1024.95,1010.05,1015.35,221330.0,1015.1299999999999,1012.0800000000002,54.32631311849786,0.01988819999869376,BULLISH,RSI_NORMAL,HIGH_VOLATILITY
2016-07-01,1013.0,1025.5,1005.05,1012.4,404060.0,1016.71,1013.0649999999999,58.88338833883386,0.01932968293968498,BEARISH,RSI_NORMAL,LOW_VOLATILITY
2016-07-04,1014.95,1054.0,1013.05,1044.65,389990.0,1022.11,1014.3075000000001,63.321884200196266,0.019677663791479623,BULLISH,RSI_NORMAL,LOW_VOLATILITY
2016-07-05,1048.8,1049.9,856.6,1017.25,667380.0,1021.57,1014.8175000000001,51.391862955032124,0.020413180611813624,BULLISH,RSI_NORMAL,HIGH_VOLATILITY
2016-07-07,1020.0,1033.0,1010.0,1013.0,260120.0,1020.53,1015.8425000000001,50.04694835680752,0.02013942035209436,BEARISH,RSI_NORMAL,HIGH_VOLATILITY
2016-07-08,1014.95,1027.95,1001.0,1013.9,300700.0,1020.24,1016.3074999999999,50.10550996482999,0.019973030057659994,BEARISH,RSI_NORMAL,HIGH_VOLATILITY
2016-07-11,1025.0,1028.55,1003.0,1008.7,295620.0,1019.5,1016.8275,30.33707865168543,0.01995382540619602,BEARISH,RSI_NORMAL,HIGH_VOLATILITY
2016-07-12,1014.95,1025.0,1005.1,1012.55,187570.0,1013.0799999999999,1018.45,39.82536066818529,0.01945543099126688,BEARISH,RSI_NORMAL,LOW_VOLATILITY
2016-07-13,1015.3,1024.0,992.6,998.85,184940.0,1009.4,1018.875,39.931480776551226,0.019632663158237248,BEARISH,RSI_NORMAL,LOW_VOLATILITY
2016-07-14,1000.0,1009.6,985.05,991.7,200110.0,1005.14,1017.8900000000001,43.79958246346559,0.019080192398785806,BEARISH,RSI_NORMAL,LOW_VOLATILITY
2016-07-15,992.0,994.95,965.05,970.3,259940.0,996.4200000000001,1015.765,37.70668583752695,0.019624185451181102,BEARISH,RSI_NORMAL,LOW_VOLATILITY
2016-07-18,967.0,978.5,941.25,950.3,491030.0,984.74,1012.6075000000001,26.927029804727653,0.020046745548361913,BEARISH,RSI_LOW,HIGH_VOLATILITY
2016-07-19,949.7,954.45,938.2,947.1,182040.0,971.65,1006.3774999999999,25.195778004766765,0.014123986518908225,BEARISH,RSI_LOW,LOW_VOLATILITY
2016-07-20,951.0,955.0,930.5,951.4,199030.0,962.1600000000001,1001.9799999999999,27.643908969210145,0.013100195429430177,BEARISH,RSI_LOW,LOW_VOLATILITY
2016-07-21,952.0,954.65,942.0,946.55,115830.0,953.1299999999999,998.0424999999999,27.278731836195476,0.01292346997424747,BEARISH,RSI_LOW,LOW_VOLATILITY
2016-07-22,949.0,975.9,943.6,953.95,324220.0,949.86,995.4125,31.247994866859187,0.012711362413183266,BEARISH,RSI_NORMAL,LOW_VOLATILITY
2016-07-25,953.0,968.9,946.0,956.5,307990.0,951.1,993.0125,15.061434799841393,0.012765922904725184,BEARISH,RSI_LOW,LOW_VOLATILITY
2016-07-26,955.0,957.8,939.3,942.5,415930.0,950.18,989.2549999999999,16.85144124168508,0.012501596630796235,BEARISH,RSI_LOW,LOW_VOLATILITY
2016-07-27,948.4,962.2,934.7,948.5,919420.0,949.6,985.6825000000001,21.83406113537113,0.012638524533505996,BEARISH,RSI_LOW,LOW_VOLATILITY
2016-07-28,943.7,952.9,936.2,948.9,363490.0,950.07,982.2175000000001,21.49122807017538,0.012663854788936809,BEARISH,RSI_LOW,LOW_VOLATILITY
2016-07-29,952.0,993.4,950.25,987.8,1660000.0,956.8399999999999,980.8399999999999,42.924847664184114,0.016100711401454006,BULLISH,RSI_NORMAL,LOW_VOLATILITY
2016-08-01,993.55,997.7,965.05,971.65,726830.0,959.8700000000001,978.8025,37.21875,0.01645020619008707,BEARISH,RSI_NORMAL,LOW_VOLATILITY
2016-08-02,921.0,947.4,860.25,866.05,2630000.0,944.5799999999999,969.8725000000001,23.640333465660973,0.027539388243474038,BEARISH,RSI_LOW,HIGH_VOLATILITY
2016-08-03,869.95,883.9,855.05,862.85,625650.0,927.45,962.1524999999999,24.016938898971546,0.027254812961394554,BEARISH,RSI_LOW,HIGH_VOLATILITY
2016-08-04,864.95,870.0,824.0,827.45,600630.0,903.1600000000001,952.875,22.733346058408102,0.028223599347144378,BEARISH,RSI_LOW,HIGH_VOLATILITY
2016-08-05,829.95,839.5,818.0,821.55,690590.0,869.9100000000001,943.2575,24.026629009481525,0.02812253154502841,BEARISH,RSI_LOW,HIGH_VOLATILITY
2016-08-08,824.95,839.5,816.1,827.5,634690.0,841.0800000000002,934.1975,26.13727055067838,0.028371838502399098,BEARISH,RSI_LOW,HIGH_VOLATILITY
2016-08-09,827.5,827.5,811.0,812.9,627830.0,830.45,924.2150000000001,23.45726331927942,0.028249248160706876,BEARISH,RSI_LOW,HIGH_VOLATILITY
2016-08-10,815.0,819.0,795.0,800.6,594880.0,818.0,914.3025,22.806036892118513,0.028260484018605914,BEARISH,RSI_LOW,HIGH_VOLATILITY
2016-08-11,803.0,808.0,790.1,793.5,997840.0,811.2099999999999,904.3924999999999,20.0708822980787,0.028252099921480273,BEARISH,RSI_LOW,HIGH_VOLATILITY
2016-08-12,795.0,805.0,791.0,800.8,396830.0,807.0600000000001,895.9174999999999,21.462609970674478,0.028465111555460967,BEARISH,RSI_LOW,HIGH_VOLATILITY
2016-08-16,805.75,844.65,805.75,826.4,822550.0,806.8399999999999,889.7225000000001,29.588607594936704,0.029749816367899726,BEARISH,RSI_LOW,HIGH_VOLATILITY
2016-08-17,843.8,863.0,840.25,858.2,873390.0,815.9,885.2775000000001,35.444874274661515,0.03140860450589096,BEARISH,RSI_NORMAL,HIGH_VOLATILITY
2016-08-18,862.3,883.95,855.0,880.35,524320.0,831.85,881.725,39.674649796656134,0.03208112919323012,BEARISH,RSI_NORMAL,HIGH_VOLATILITY
2016-08-19,881.6,884.9,863.0,880.7,307240.0,849.29,878.4325000000001,31.74846625766874,0.03208903335835987,BULLISH,RSI_NORMAL,HIGH_VOLATILITY
2016-08-22,881.9,904.0,881.9,901.9,500460.0,869.51,875.8299999999999,38.314625565421345,0.03258185701908763,BULLISH,RSI_NORMAL,HIGH_VOLATILITY
2016-08-23,906.8,906.8,891.0,895.05,232750.0,883.2400000000001,872.7575,57.2608913370055,0.03258065336210794,BULLISH,RSI_NORMAL,HIGH_VOLATILITY
2016-08-24,898.3,898.3,860.05,878.9,693600.0,887.3799999999999,869.5775,53.77380672466493,0.032654675676825264,BULLISH,RSI_NORMAL,HIGH_VOLATILITY
2016-08-25,880.0,885.9,869.0,881.3,193480.0,887.57,866.2175,64.98747564709154,0.03261011510999316,BULLISH,RSI_NORMAL,HIGH_VOLATILITY
2016-08-26,875.0,889.0,855.0,856.8,288520.0,882.79,861.6125,58.89029003783102,0.03305532637083333,BEARISH,RSI_NORMAL,HIGH_VOLATILITY
2016-08-29,860.0,874.85,857.0,869.1,147560.0,876.2299999999999,855.6775,60.166177908113404,0.031629322030559986,BULLISH,RSI_NORMAL,HIGH_VOLATILITY
2016-08-30,870.0,886.7,870.0,880.95,215700.0,873.4100000000001,851.1424999999999,66.85657666584098,0.03181728713729702,BULLISH,RSI_NORMAL,HIGH_VOLATILITY
2016-08-31,884.0,894.95,874.0,882.6,269830.0,874.15,851.97,71.44351464435145,0.02024207942644668,BULLISH,RSI_HIGH,HIGH_VOLATILITY
2016-09-01,893.4,893.8,874.0,877.15,231230.0,873.32,852.6850000000001,72.06541809548929,0.020280825093541274,BULLISH,RSI_HIGH,HIGH_VOLATILITY
2016-09-02,881.8,885.0,861.1,870.5,187500.0,876.0600000000001,854.8375,68.44891476971944,0.017866773070517376,BULLISH,RSI_NORMAL,LOW_VOLATILITY
2016-09-06,875.0,882.85,845.0,868.9,227440.0,876.0200000000001,857.2049999999999,62.88659793814432,0.017752502926849018,BULLISH,RSI_NORMAL,LOW_VOLATILITY
2016-09-07,872.4,881.35,863.0,871.15,843780.0,874.0600000000001,859.3875,54.78389360916141,0.017723816076021692,BULLISH,RSI_NORMAL,LOW_VOLATILITY
2016-09-08,873.0,875.85,865.0,867.5,169160.0,871.04,862.1175,44.50149764655541,0.01715642627848869,BULLISH,RSI_NORMAL,LOW_VOLATILITY
2016-09-09,869.5,875.0,859.75,863.45,161600.0,868.3,865.2599999999999,42.84529240978846,0.016715677156775195,BEARISH,RSI_NORMAL,LOW_VOLATILITY
2016-09-12,845.0,877.0,844.0,864.95,307480.0,867.1900000000002,868.8324999999999,31.680713931581593,0.01645490502816848,BEARISH,RSI_NORMAL,LOW_VOLATILITY
2016-09-14,869.8,876.0,860.0,861.6,111710.0,865.7300000000001,871.8725000000001,32.81972265023116,0.016515743075128635,BEARISH,RSI_NORMAL,LOW_VOLATILITY
2016-09-15,862.0,881.9,862.0,869.5,383100.0,865.4,874.0275000000001,44.7250280583614,0.015203460292693113,BEARISH,RSI_NORMAL,LOW_VOLATILITY
2016-09-16,877.9,879.0,861.0,866.9,427430.0,865.28,874.4625,41.93729003359464,0.012678479316625585,BEARISH,RSI_NORMAL,LOW_VOLATILITY
2016-09-19,874.5,874.8,863.0,864.9,211340.0,865.57,873.6899999999999,56.06287425149702,0.011207225039154835,BEARISH,RSI_NORMAL,LOW_VOLATILITY
2016-09-20,868.0,870.0,855.0,858.25,337630.0,864.2299999999999,872.5675000000001,41.12837285363857,0.01130621834341523,BEARISH,RSI_NORMAL,LOW_VOLATILITY
2016-09-21,861.4,890.0,860.15,883.55,752920.0,868.6200000000001,871.65,51.74262734584443,0.011987167618786602,BULLISH,RSI_NORMAL,LOW_VOLATILITY
2016-09-22,891.1,908.05,884.0,893.05,609050.0,873.3299999999999,871.55,56.33717404487565,0.012153483833224472,BULLISH,RSI_NORMAL,LOW_VOLATILITY
2016-09-23,896.6,936.75,896.6,921.35,1280000.0,884.22,873.6724999999999,70.98765432098769,0.01330917455766229,BULLISH,RSI_HIGH,LOW_VOLATILITY
2016-09-26,923.7,950.0,922.1,938.95,739670.0,899.03,876.555,79.44086021505379,0.013821298511568799,BULLISH,RSI_HIGH,LOW_VOLATILITY
2016-09-27,943.8,944.7,917.2,924.6,415000.0,912.3,879.945,71.58914728682173,0.012567181516469133,BULLISH,RSI_HIGH,LOW_VOLATILITY
2016-09-28,925.0,929.0,915.0,920.9,231570.0,919.7700000000001,882.5350000000001,69.06860866232272,0.012432173932129871,BULLISH,RSI_NORMAL,LOW_VOLATILITY
2016-09-29,919.3,927.75,890.0,903.65,643990.0,921.89,883.6700000000001,62.547726483859755,0.013061714802949124,BULLISH,RSI_NORMAL,LOW_VOLATILITY
2016-09-30,900.0,920.7,893.0,915.7,345530.0,920.76,885.325,67.18184807629066,0.013334326930008418,BULLISH,RSI_NORMAL,LOW_VOLATILITY
2016-10-03,927.0,977.8,916.45,944.85,331610.0,921.9400000000002,888.71,72.23149693934332,0.014752109045111301,BULLISH,RSI_HIGH,LOW_VOLATILITY
2016-10-04,951.8,977.0,947.0,950.8,297520.0,927.18,892.725,74.46516730663738,0.014511701442435807,BULLISH,RSI_HIGH,LOW_VOLATILITY
2016-10-05,954.0,961.95,940.05,949.9,263700.0,932.9800000000001,896.775,72.93211637193382,0.014492499441211296,BULLISH,RSI_HIGH,LOW_VOLATILITY
2016-10-06,954.95,954.95,934.05,937.05,155920.0,939.6600000000001,900.0699999999999,68.90326057666395,0.015045683871996444,BULLISH,RSI_NORMAL,LOW_VOLATILITY
2016-10-07,938.0,955.0,930.0,949.9,322080.0,946.5,904.1900000000002,71.63951120162932,0.015080390932825262,BULLISH,RSI_HIGH,LOW_VOLATILITY
2016-10-10,955.8,955.8,933.1,936.75,68170.0,944.8799999999999,907.8550000000001,69.3445046821094,0.015512293891206617,BULLISH,RSI_NORMAL,LOW_VOLATILITY
2016-10-13,931.9,945.0,927.0,935.75,133490.0,941.8699999999999,911.3950000000001,64.61366181410975,0.015548325319074227,BULLISH,RSI_NORMAL,LOW_VOLATILITY
2016-10-14,934.0,952.8,924.85,934.4,275400.0,938.7700000000001,915.0349999999999,62.129656790847754,0.015492495578173298,BULLISH,RSI_NORMAL,LOW_VOLATILITY
2016-10-17,934.1,940.0,928.15,935.15,64120.00000000001,938.39,918.3174999999999,54.82855143456961,0.015463534521126813,BULLISH,RSI_NORMAL,LOW_VOLATILITY
2016-10-18,931.05,944.4,930.0,938.2,95000.0,936.05,921.8825,49.70783015192833,0.01538290675681259,BULLISH,RSI_NORMAL,LOW_VOLATILITY
2016-10-19,940.0,957.0,940.0,948.15,234830.0,938.3300000000002,926.0449999999998,59.49979830576844,0.015372083948167815,BULLISH,RSI_NORMAL,LOW_VOLATILITY
2016-10-20,954.7,954.7,933.35,937.95,297210.0,938.7700000000001,930.03,56.53507090839405,0.015517075717032805,BULLISH,RSI_NORMAL,LOW_VOLATILITY
2016-10-21,939.8,945.0,930.0,936.2,90040.0,939.1300000000001,932.6625,64.15832970856898,0.01441172500487615,BULLISH,RSI_NORMAL,LOW_VOLATILITY
2016-10-24,938.4,940.7,925.0,931.95,49340.0,938.49,934.6075000000001,57.58282781147924,0.014384205228612428,BEARISH,RSI_NORMAL,LOW_VOLATILITY
2016-10-25,932.0,940.0,923.0,925.5,72410.0,935.95,934.8150000000002,38.54351687388985,0.01271693464406433,BEARISH,RSI_NORMAL,LOW_VOLATILITY
2016-10-26,925.0,946.9,924.55,931.6,255140.0,932.6400000000001,934.4475,38.65248226950359,0.0120327095203151,BEARISH,RSI_NORMAL,LOW_VOLATILITY
2016-10-27,928.0,940.0,920.0,937.75,149040.0,932.6,935.1049999999999,43.23873121869784,0.011587651789118792,BULLISH,RSI_NORMAL,LOW_VOLATILITY
2016-10-28,941.8,941.8,925.0,930.7,86550.0,931.5,935.595,46.22248661511011,0.011690080011887573,BEARISH,RSI_NORMAL,LOW_VOLATILITY
2016-10-30,931.0,944.0,930.0,940.7,37920.0,933.25,937.4475,44.334975369458164,0.010960729769339385,BULLISH,RSI_NORMAL,LOW_VOLATILITY
2016-11-01,945.0,956.9,936.2,940.2,187300.0,936.1899999999999,938.6725,52.51641137855583,0.010644521148433067,BULLISH,RSI_NORMAL,LOW_VOLATILITY
2016-11-02,934.0,940.9,926.9,935.15,57200.0,936.9,938.1875,49.58677685950411,0.007951653955603322,BEARISH,RSI_NORMAL,LOW_VOLATILITY
2016-11-03,937.0,940.9,926.9,933.0,80090.0,935.95,937.2975,49.04632152588558,0.007796525067535502,BEARISH,RSI_NORMAL,LOW_VOLATILITY
2016-11-04,933.55,934.95,908.15,919.75,574490.0,933.76,935.79,41.03608847497091,0.008343480672346864,BEARISH,RSI_NORMAL,LOW_VOLATILITY
2016-11-07,925.4,934.85,923.2,925.25,68150.0,930.6700000000001,935.2,42.67119411431802,0.008006482017795555,BEARISH,RSI_NORMAL,LOW_VOLATILITY
2016-11-08,931.9,945.0,921.0,927.05,143740.0,928.04,934.0574999999999,36.84538653366581,0.007300279221410287,BEARISH,RSI_NORMAL,LOW_VOLATILITY
2016-11-09,865.0,965.95,806.55,948.6,1030000.0,930.7299999999999,934.65,55.81649371927907,0.00852520105088003,BULLISH,RSI_NORMAL,LOW_VOLATILITY
2016-11-10,950.0,950.0,935.0,936.65,188720.0,931.46,934.6949999999999,50.22113022113018,0.009023664610193993,BULLISH,RSI_NORMAL,LOW_VOLATILITY
2016-11-11,939.8,939.8,905.05,915.25,487900.0,930.5600000000001,933.7375,42.977291841883925,0.010381727446485207,BEARISH,RSI_NORMAL,LOW_VOLATILITY
2016-11-15,908.0,920.0,870.0,883.6,277710.0,922.2299999999999,931.1600000000001,35.4614850798057,0.012795557432739503,BEARISH,RSI_NORMAL,LOW_VOLATILITY
2016-11-16,888.0,892.85,825.05,833.4,212090.0,903.5,925.9199999999998,23.910733262486715,0.01749690193308972,BEARISH,RSI_LOW,LOW_VOLATILITY
2016-11-17,838.0,869.0,833.95,860.2,673830.0,885.82,921.5225,31.434043571941615,0.019143804954960014,BEARISH,RSI_NORMAL,LOW_VOLATILITY
2016-11-18,866.8,866.8,839.0,848.9,324410.0,868.2700000000001,917.07,30.807132801501652,0.019190889863314218,BEARISH,RSI_NORMAL,LOW_VOLATILITY
2016-11-21,848.5,858.95,841.0,850.7,174630.0,855.36,912.7950000000001,28.038067349926834,0.019243570855322644,BEARISH,RSI_LOW,LOW_VOLATILITY
2016-11-22,850.9,865.0,845.0,858.7,244790.0,850.3799999999999,909.1324999999999,30.814500941619613,0.019496737291913105,BEARISH,RSI_NORMAL,LOW_VOLATILITY
2016-11-23,870.0,872.0,850.5,869.5,119330.0,857.6,906.3324999999999,34.9530139812056,0.01982256447252983,BEARISH,RSI_NORMAL,HIGH_VOLATILITY
2016-11-24,852.15,870.2,852.15,867.3,173590.0,859.0200000000001,903.1175000000001,34.94500458295143,0.019696595677456973,BEARISH,RSI_NORMAL,LOW_VOLATILITY
2016-11-25,870.0,876.0,851.35,870.15,271150.0,863.2700000000001,899.7375,38.06544754571705,0.019621954023575895,BEARISH,RSI_NORMAL,LOW_VOLATILITY
2016-11-28,861.15,927.9,861.15,888.1,348570.0,870.75,897.6075000000001,41.566401816118066,0.020319233711981254,BEARISH,RSI_NORMAL,HIGH_VOLATILITY
2016-11-29,888.5,890.0,865.55,874.55,157450.0,873.9200000000001,894.3,38.685344827586235,0.020283191486127082,BEARISH,RSI_NORMAL,HIGH_VOLATILITY
2016-11-30,877.7,885.75,855.0,859.8,174460.0,871.9799999999999,890.28,30.284191829484925,0.020487695343903628,BEARISH,RSI_NORMAL,HIGH_VOLATILITY
2016-12-01,855.0,859.95,835.0,838.55,230520.0,866.2299999999999,885.45,29.083155650319853,0.020993380906049897,BEARISH,RSI_LOW,HIGH_VOLATILITY
2016-12-02,837.0,850.0,830.0,843.25,165800.0,860.85,880.9625,33.47107438016532,0.02112534109216728,BEARISH,RSI_NORMAL,HIGH_VOLATILITY
2016-12-05,844.0,854.0,842.0,849.65,198630.0,853.1599999999999,877.4575000000001,41.184108023889905,0.02117842889357698,BEARISH,RSI_NORMAL,HIGH_VOLATILITY
2016-12-06,852.1,854.85,845.1,849.25,144450.0,848.1,873.6575,55.551663747810856,0.02107145681327681,BEARISH,RSI_NORMAL,HIGH_VOLATILITY
2016-12-07,855.4,855.4,845.65,849.3,176570.0,846.0,869.7700000000001,45.301724137931004,0.02104735428907291,BEARISH,RSI_NORMAL,HIGH_VOLATILITY
2016-12-08,851.6,854.2,846.1,851.15,84090.0,848.5200000000001,864.8974999999998,51.05584232754575,0.02011003908361425,BEARISH,RSI_NORMAL,HIGH_VOLATILITY
2016-12-09,860.0,860.0,845.0,847.6,86010.0,849.39,860.4449999999999,48.56879039704524,0.020035260117519934,BEARISH,RSI_NORMAL,HIGH_VOLATILITY
2016-12-12,842.1,846.85,825.0,828.0,65540.0,845.0600000000001,856.0824999999999,37.1976647206005,0.020048479038416785,BEARISH,RSI_NORMAL,HIGH_VOLATILITY
2016-12-13,828.7,832.0,811.0,816.25,105530.0,838.46,852.7149999999999,27.96855606123296,0.018942458452811773,BEARISH,RSI_LOW,LOW_VOLATILITY
2016-12-14,815.0,825.0,815.0,817.8,160720.0,832.1600000000001,851.9350000000001,29.40931780366057,0.01426315720131903,BEARISH,RSI_LOW,LOW_VOLATILITY
2016-12-15,818.0,834.0,816.1,829.55,54480.0,827.8399999999999,850.4024999999999,34.27575522850502,0.012548138888145528,BEARISH,RSI_NORMAL,LOW_VOLATILITY
2016-12-16,835.15,837.05,827.0,830.3,87150.0,824.3799999999999,849.4724999999999,24.173369079535263,0.012266427696276781,BEARISH,RSI_LOW,LOW_VOLATILITY
2016-12-19,830.35,835.95,820.0,832.8,43460.0,825.3399999999999,848.5775,29.300941993058984,0.012280094939104398,BEARISH,RSI_LOW,LOW_VOLATILITY
2016-12-20,826.25,838.0,826.25,833.15,76820.0,828.72,847.3,34.58646616541354,0.012041852016765876,BEARISH,RSI_NORMAL,LOW_VOLATILITY
2016-12-21,836.95,837.9,826.7,832.35,106540.0,831.6299999999999,845.4424999999999,45.30303030303035,0.011584257645341073,BEARISH,RSI_NORMAL,LOW_VOLATILITY
2016-12-22,830.0,834.0,826.05,828.25,43930.0,831.3700000000001,843.49,38.53211009174309,0.011601129807799246,BEARISH,RSI_NORMAL,LOW_VOLATILITY
2016-12-23,828.7,830.7,822.55,825.05,75680.0,830.3199999999999,841.235,30.225080385852053,0.011531944810628983,BEARISH,RSI_NORMAL,LOW_VOLATILITY
2016-12-26,825.45,840.0,820.0,828.6,322820.0,829.4799999999999,838.26,34.200459066564676,0.010315227823143926,BEARISH,RSI_NORMAL,LOW_VOLATILITY
2016-12-27,834.7,835.0,825.0,830.25,36240.0,828.9,836.0450000000001,35.77296489917853,0.009988488168094568,BEARISH,RSI_NORMAL,LOW_VOLATILITY
2016-12-28,834.8,837.3,825.0,829.8,157990.0,828.39,834.5449999999998,33.71472158657512,0.009406960939746311,BEARISH,RSI_NORMAL,LOW_VOLATILITY
2016-12-29,832.15,832.95,811.65,815.55,78860.0,825.85,833.3950000000001,28.98360655737703,0.008549169444471323,BEARISH,RSI_LOW,LOW_VOLATILITY
2016-12-30,819.8,825.9,815.7,821.45,70720.0,825.1299999999999,832.305,44.764188649080786,0.008626400305734831,BEARISH,RSI_NORMAL,LOW_VOLATILITY
2017-01-02,816.7,828.6,812.0,822.35,81280.0,823.8799999999999,830.9399999999999,55.89941972920696,0.008394337440613969,BEARISH,RSI_NORMAL,LOW_VOLATILITY
2017-01-03,822.0,829.85,814.4,819.85,72780.0,821.8,829.47,51.946818613485334,0.008395840455030761,BEARISH,RSI_NORMAL,LOW_VOLATILITY
2017-01-04,823.0,855.0,820.1,843.4,202970.0,824.5199999999999,829.175,60.74476338246703,0.010814973149644561,BULLISH,RSI_NORMAL,LOW_VOLATILITY
2017-01-05,844.0,848.7,836.05,841.85,92780.0,829.78,828.71,58.85057471264371,0.010803950637858672,BULLISH,RSI_NORMAL,LOW_VOLATILITY
2017-01-06,842.3,849.9,836.0,840.8,79100.0,833.65,828.3699999999999,56.26959247648901,0.010771311207903866,BULLISH,RSI_NORMAL,LOW_VOLATILITY
2017-01-09,837.0,855.0,836.7,852.7,94410.0,839.72,829.6049999999999,62.97279362972794,0.00980448558971008,BULLISH,RSI_NORMAL,LOW_VOLATILITY
2017-01-10,858.0,865.0,851.6,860.0,111430.0,847.75,831.7924999999999,66.89065363469754,0.009186569887184711,BULLISH,RSI_NORMAL,LOW_VOLATILITY
2017-01-11,856.1,875.0,856.1,869.05,595100.0,852.8799999999999,834.3549999999999,73.50230414746537,0.009350226936663968,BULLISH,RSI_HIGH,LOW_VOLATILITY
2017-01-12,869.9,883.3,869.0,877.8,188520.0,860.07,836.7674999999999,78.55982674607468,0.009123857518595327,BULLISH,RSI_HIGH,LOW_VOLATILITY
2017-01-13,878.9,884.0,870.2,880.8,122800.0,868.0699999999999,839.2924999999999,78.43137254901956,0.009112657073589733,BULLISH,RSI_HIGH,LOW_VOLATILITY
2017-01-16,880.0,888.7,874.95,875.8,81250.0,872.6899999999999,841.4424999999999,73.93589069889643,0.0093166681317068,BULLISH,RSI_HIGH,LOW_VOLATILITY
2017-01-17,884.0,884.0,873.0,878.25,56040.0,876.3399999999999,843.6974999999999,74.93566649511065,0.009303069314802404,BULLISH,RSI_HIGH,LOW_VOLATILITY
2017-01-18,880.0,889.0,873.5,879.65,65360.0,878.4599999999998,846.0625,88.01897983392644,0.009267929417422877,BULLISH,RSI_HIGH,LOW_VOLATILITY
2017-01-19,880.0,918.3,879.95,904.15,394110.0,883.7299999999999,849.8575000000001,90.18464528668608,0.010626859254792622,BULLISH,RSI_HIGH,LOW_VOLATILITY
2017-01-20,908.5,929.0,905.35,925.7,312010.0,892.7099999999998,854.89,91.82517199514365,0.011272080641368677,BULLISH,RSI_HIGH,LOW_VOLATILITY
2017-01-23,923.9,944.0,920.5,934.5,186380.0,904.45,860.1850000000001,94.14709279938388,0.011294963126998271,BULLISH,RSI_HIGH,LOW_VOLATILITY
2017-01-24,943.2,943.2,920.0,930.0,93660.0,914.8,865.1725,89.07942238267147,0.01152522464452653,BULLISH,RSI_HIGH,LOW_VOLATILITY
2017-01-25,926.7,932.0,915.0,929.0,106480.0,924.6700000000001,870.1325,89.52380952380948,0.011541156653111534,BULLISH,RSI_HIGH,LOW_VOLATILITY
2017-01-27,930.0,935.0,924.8,928.0,85560.0,929.4400000000002,875.7549999999999,89.56442831215972,0.010361280716615259,BULLISH,RSI_HIGH,LOW_VOLATILITY
2017-01-30,928.7,940.0,919.25,935.15,87550.0,931.3299999999999,881.4400000000002,89.09435751541014,0.010363497974521201,BULLISH,RSI_HIGH,LOW_VOLATILITY
2017-01-31,930.0,934.3,897.0,903.0,130500.0,925.03,885.4725000000001,66.50038372985418,0.013809641729427525,BULLISH,RSI_NORMAL,LOW_VOLATILITY
2017-02-01,850.0,869.75,820.0,836.55,1100000.0,906.3399999999999,886.3075000000001,41.34256792754396,0.022307523107157747,BEARISH,RSI_NORMAL,HIGH_VOLATILITY
2017-02-02,837.0,862.0,830.6,855.65,400730.0,891.6700000000001,886.9199999999998,44.40797778338804,0.021961794965382492,BEARISH,RSI_NORMAL,HIGH_VOLATILITY
2017-02-03,862.9,862.9,855.0,858.6,103120.0,877.79,887.7575,44.39393939393942,0.02195818960149101,BEARISH,RSI_NORMAL,HIGH_VOLATILITY
2017-02-06,839.7,872.4,832.0,860.95,395030.0,862.95,888.7650000000001,46.19912976708474,0.021952684262371767,BEARISH,RSI_NORMAL,HIGH_VOLATILITY
2017-02-07,863.4,863.4,845.35,848.2,306820.0,851.99,888.54,42.6938973984926,0.022023732491134655,BEARISH,RSI_NORMAL,HIGH_VOLATILITY
2017-02-08,848.2,855.0,845.55,849.95,186420.0,854.6700000000001,888.0375,42.79126213592235,0.021938132513223754,BEARISH,RSI_NORMAL,HIGH_VOLATILITY
2017-02-09,853.0,854.95,841.1,846.45,220280.0,852.8300000000002,886.9075,34.40540540540543,0.021799976679245065,BEARISH,RSI_NORMAL,HIGH_VOLATILITY
2017-02-10,847.5,850.0,835.0,836.9,70240.0,848.4900000000001,884.8625,24.33526011560693,0.021747801399442757,BEARISH,RSI_LOW,HIGH_VOLATILITY
2017-02-13,840.0,840.0,827.0,830.5,367680.0,842.4,882.3475000000001,19.5193434935522,0.02173940425675012,BEARISH,RSI_LOW,HIGH_VOLATILITY
2017-02-14,832.05,835.0,815.0,818.65,156390.0,836.49,879.49,18.713121663388605,0.02188561889888601,BEARISH,RSI_LOW,HIGH_VOLATILITY
2017-02-15,818.65,824.6,818.05,819.75,295070.0,830.45,876.5649999999999,19.32041561359172,0.021867286622799617,BEARISH,RSI_LOW,HIGH_VOLATILITY
2017-02-16,820.0,825.0,819.5,823.6,183830.0,825.8799999999999,873.7625,21.1442786069652,0.02191409340784111,BEARISH,RSI_LOW,HIGH_VOLATILITY
2017-02-17,823.5,845.0,823.5,829.3,111320.0,824.36,870.0200000000001,20.507105043187536,0.020833693216033122,BEARISH,RSI_LOW,HIGH_VOLATILITY
2017-02-20,836.0,839.7,826.0,829.45,137110.0,824.15,865.2075000000001,25.059342149881374,0.019810799530114564,BEARISH,RSI_LOW,HIGH_VOLATILITY
2017-02-21,831.8,854.6,831.8,841.55,360190.0,828.7299999999999,860.5600000000001,52.68528464017186,0.020041682659417304,BEARISH,RSI_NORMAL,HIGH_VOLATILITY
2017-02-22,847.65,857.7,840.0,844.85,572320.0,833.75,856.3025,43.014230271668865,0.020141510019410648,BEARISH,RSI_NORMAL,HIGH_VOLATILITY
2017-02-23,847.1,849.9,836.5,839.6,85010.0,836.95,851.8325000000001,38.06532663316585,0.020127079959931477,BEARISH,RSI_NORMAL,HIGH_VOLATILITY
2017-02-27,844.7,870.5,840.0,865.6,465260.0,844.21,848.7125,52.25181598062953,0.021660061692693657,BULLISH,RSI_NORMAL,HIGH_VOLATILITY
2017-02-28,870.0,877.0,851.1,856.9,315830.0,849.7,844.8,54.38508064516125,0.021551235612110364,BULLISH,RSI_NORMAL,HIGH_VOLATILITY
2017-03-01,860.15,889.0,855.0,870.85,670110.0,855.5600000000001,843.1925000000001,59.38061041292637,0.020772152069292057,BULLISH,RSI_NORMAL,HIGH_VOLATILITY
2017-03-02,875.0,877.7,859.9,864.25,203620.0,859.4399999999999,844.5775,57.7729257641921,0.012212535930552978,BULLISH,RSI_NORMAL,LOW_VOLATILITY
2017-03-03,864.0,868.35,852.1,859.1,113490.0,863.3399999999999,844.75,60.08174386920982,0.01124946167047626,BULLISH,RSI_NORMAL,LOW_VOLATILITY
2017-03-06,868.0,868.0,855.0,860.05,69630.0,862.2299999999999,844.8225,64.1184902054467,0.011226710361275337,BULLISH,RSI_NORMAL,LOW_VOLATILITY
2017-03-07,863.05,883.7,855.0,860.1,588850.0,862.8700000000001,844.7800000000001,72.3209477652127,0.01121011116124142,BULLISH,RSI_HIGH,LOW_VOLATILITY
2017-03-08,865.0,897.7,855.25,879.8,2260000.0,864.6600000000001,846.36,76.94033198743827,0.011745325426735698,BULLISH,RSI_HIGH,LOW_VOLATILITY
2017-03-09,879.8,887.0,871.3,875.15,417100.0,866.8399999999999,847.6200000000001,72.9621380846325,0.01185423944039643,BULLISH,RSI_HIGH,LOW_VOLATILITY
2017-03-10,879.7,881.45,869.0,871.1,567390.0,869.24,848.8525,68.89692585895119,0.011867561963602755,BULLISH,RSI_NORMAL,LOW_VOLATILITY
2017-03-14,885.0,896.7,873.35,876.15,981660.0,872.46,850.8149999999999,70.21645021645021,0.011508218524106557,BULLISH,RSI_HIGH,LOW_VOLATILITY
2017-03-15,872.0,887.5,872.0,881.45,480120.0,876.7299999999999,853.3625,68.35326586936526,0.01128697658765774,BULLISH,RSI_NORMAL,LOW_VOLATILITY
2017-03-16,881.5,897.0,881.5,891.4,335290.0,879.05,857.0,70.17771998266146,0.010652994178957795,BULLISH,RSI_HIGH,LOW_VOLATILITY
2017-03-17,892.0,925.0,892.0,920.75,1060000.0,888.1700000000001,862.05,79.09645034062387,0.012388119186175835,BULLISH,RSI_HIGH,LOW_VOLATILITY
2017-03-20,930.7,930.7,917.45,919.95,438820.0,897.9399999999999,866.8675,73.78555798687093,0.012478711688713322,BULLISH,RSI_HIGH,LOW_VOLATILITY
2017-03-21,929.7,940.0,909.0,935.05,271470.0,909.72,872.155,82.38707003729803,0.012709208945371142,BULLISH,RSI_HIGH,LOW_VOLATILITY
2017-03-22,923.0,935.9,915.05,934.75,322520.0,920.3799999999999,877.4199999999998,79.85981308411223,0.012721984953478233,BULLISH,RSI_HIGH,LOW_VOLATILITY
2017-03-23,945.0,990.0,935.0,979.5,1650000.0,938.0,884.3174999999999,89.70031002411308,0.01571916890515037,BULLISH,RSI_HIGH,LOW_VOLATILITY
2017-03-24,975.15,1045.0,962.5,1020.85,1650000.0,958.0200000000001,893.1175000000001,94.59608491866564,0.017465555257045323,BULLISH,RSI_HIGH,LOW_VOLATILITY
2017-03-27,1020.0,1063.0,1015.1,1052.65,1170000.0,984.5600000000001,903.7699999999999,95.3817153628653,0.017676572748900138,BULLISH,RSI_HIGH,LOW_VOLATILITY
2017-03-28,1054.9,1062.35,1010.65,1036.5,929710.0,1004.85,912.3149999999999,88.63337713534825,0.018024304799071883,BULLISH,RSI_HIGH,LOW_VOLATILITY
2017-03-29,1039.95,1042.95,1002.0,1024.2,449690.0,1022.74,920.68,82.68447261204169,0.018130657385726782,BULLISH,RSI_HIGH,LOW_VOLATILITY
2017-03-30,1025.4,1051.0,1014.0,1044.15,1020000.0,1035.67,929.345,85.77476714648606,0.018211163820329362,BULLISH,RSI_HIGH,LOW_VOLATILITY
2017-03-31,1052.0,1094.0,1040.55,1051.4,1950000.0,1041.78,938.7025,87.65664160401003,0.017788601810525082,BULLISH,RSI_HIGH,LOW_VOLATILITY
2017-04-03,1060.0,1074.85,1038.55,1043.0,539640.0,1039.85,947.8975,84.36663233779608,0.01788995967803029,BULLISH,RSI_HIGH,LOW_VOLATILITY
2017-04-05,1047.0,1052.0,1027.0,1044.25,372480.0,1041.4,957.1074999999998,84.10138248847925,0.017887575583946255,BULLISH,RSI_HIGH,LOW_VOLATILITY
2017-04-06,1038.0,1056.9,1035.7,1050.2,451790.0,1046.6,966.6125,83.83042181508307,0.017768318189320727,BULLISH,RSI_HIGH,LOW_VOLATILITY
2017-04-07,1040.0,1044.4,1022.6,1038.8,607270.0,1045.53,974.5625,77.23183391003457,0.018096598873059384,BULLISH,RSI_HIGH,LOW_VOLATILITY
2017-04-10,1037.9,1098.5,1030.0,1085.7,671760.0,1052.39,985.0899999999999,81.52938938558108,0.01953237285449544,BULLISH,RSI_HIGH,LOW_VOLATILITY
2017-04-11,1100.5,1108.6,1086.15,1092.75,476600.0,1062.3400000000001,996.1725,80.94583987441126,0.019219385304328027,BULLISH,RSI_HIGH,LOW_VOLATILITY
2017-04-12,1095.0,1128.0,1060.5,1098.85,953900.0,1073.26,1007.3075000000001,81.48503453568682,0.019222845189287047,BULLISH,RSI_HIGH,LOW_VOLATILITY
2017-04-13,1095.0,1117.0,1088.35,1091.6,391380.0,1081.5400000000002,1017.8149999999999,75.12326311071263,0.019617657961334307,BULLISH,RSI_HIGH,LOW_VOLATILITY
2017-04-17,1092.9,1100.5,1088.4,1091.9,311170.0,1092.16,1027.8400000000001,69.51386981598458,0.01976107692848131,BULLISH,RSI_NORMAL,LOW_VOLATILITY
2017-04-18,1091.15,1111.0,1071.65,1076.8,594720.0,1090.38,1035.6425000000002,57.30269126096153,0.019718766385502417,BULLISH,RSI_NORMAL,LOW_VOLATILITY
2017-04-19,1068.8,1094.95,1068.8,1086.1,243450.0,1089.0499999999997,1043.95,65.64668769716081,0.01960697385489025,BULLISH,RSI_NORMAL,LOW_VOLATILITY
2017-04-20,1085.0,1164.0,1084.95,1157.55,1290000.0,1100.79,1055.075,80.63404548587172,0.023395771769849423,BULLISH,RSI_HIGH,HIGH_VOLATILITY
2017-04-21,1167.0,1168.7,1104.25,1111.9,792160.0,1104.85,1063.9325000000001,63.92027943291553,0.025892310003229713,BULLISH,RSI_NORMAL,HIGH_VOLATILITY
2017-04-24,1115.0,1140.15,1094.0,1120.95,387190.0,1110.66,1071.005,64.18519273913927,0.02422557007284905,BULLISH,RSI_NORMAL,HIGH_VOLATILITY
2017-04-25,1125.2,1128.4,1103.0,1110.25,267420.0,1117.35,1075.475,63.588603758335005,0.023004163105350743,BULLISH,RSI_NORMAL,HIGH_VOLATILITY
2017-04-26,1110.0,1129.0,1103.1,1115.6,400690.0,1123.25,1078.6225,64.18207115881532,0.022132811366583644,BULLISH,RSI_NORMAL,HIGH_VOLATILITY
2017-04-27,1120.8,1133.95,1107.15,1119.55,411380.0,1115.65,1082.775,63.89501101983568,0.02170159763218466,BULLISH,RSI_NORMAL,HIGH_VOLATILITY
2017-04-28,1121.5,1125.0,1098.2,1105.85,315100.0,1114.44,1086.8575,63.311494937462754,0.02171606895969752,BULLISH,RSI_NORMAL,HIGH_VOLATILITY
2017-05-02,1108.95,1130.0,1101.45,1124.95,670640.0,1115.24,1090.8974999999998,58.75920553447891,0.02163908480257664,BULLISH,RSI_NORMAL,HIGH_VOLATILITY
2017-05-03,1132.7,1145.0,1110.8,1116.05,511370.0,1116.4,1094.13,55.15714918105354,0.02178545006012022,BULLISH,RSI_NORMAL,HIGH_VOLATILITY
2017-05-04,1118.6,1124.45,1103.0,1106.5,213710.0,1114.58,1097.305,51.66775670372794,0.021801170918602973,BULLISH,RSI_NORMAL,HIGH_VOLATILITY
2017-05-05,1115.0,1152.0,1109.55,1115.25,872110.0,1113.72,1100.855,55.12237383582414,0.021820671813820924,BULLISH,RSI_NORMAL,HIGH_VOLATILITY
2017-05-08,1116.65,1137.0,1115.4,1118.85,295660.0,1116.32,1104.2875,55.754857997010426,0.021814664263064554,BULLISH,RSI_NORMAL,HIGH_VOLATILITY
2017-05-09,1129.75,1147.9,1117.2,1140.25,974100.0,1119.3799999999999,1109.3600000000001,63.19401122894573,0.021814187687487465,BULLISH,RSI_NORMAL,HIGH_VOLATILITY
2017-05-10,1130.0,1139.0,1102.1,1123.9,1200000.0,1120.95,1111.27,57.63636363636367,0.020017943837523578,BULLISH,RSI_NORMAL,HIGH_VOLATILITY
2017-05-11,1120.9,1130.0,1075.0,1092.6,709630.0,1118.17,1111.2625,34.33807571738606,0.02105108060833488,BEARISH,RSI_NORMAL,HIGH_VOLATILITY
2017-05-12,1092.6,1104.4,1075.9,1092.8,279750.0,1113.68,1110.96,44.10129709697342,0.021013017547369683,BEARISH,RSI_NORMAL,HIGH_VOLATILITY
2017-05-15,1094.0,1119.9,1084.45,1111.4,490280.0,1112.19,1111.95,47.2149314669,0.021288677873676536,BEARISH,RSI_NORMAL,HIGH_VOLATILITY
2017-05-16,1117.0,1124.9,1108.2,1115.7,278820.0,1107.28,1113.1399999999999,51.65101484398668,0.02129641262273206,BULLISH,RSI_NORMAL,HIGH_VOLATILITY
2017-05-17,1115.65,1130.25,1098.8,1112.7,181080.0,1105.0400000000002,1114.935,49.108789182544605,0.02102407165737951,BEARISH,RSI_NORMAL,HIGH_VOLATILITY
2017-05-18,1102.0,1107.2,1090.0,1098.2,275560.0,1106.16,1115.54,43.83838383838388,0.02121327867432845,BEARISH,RSI_NORMAL,HIGH_VOLATILITY
2017-05-19,1102.85,1104.3,1057.1,1064.45,350930.0,1100.49,1110.885,39.29125711329545,0.015974626319465456,BEARISH,RSI_NORMAL,LOW_VOLATILITY
2017-05-22,1064.45,1074.95,1023.15,1041.65,701070.0,1086.5400000000002,1107.3725,28.857868020304608,0.01429433853311267,BEARISH,RSI_LOW,LOW_VOLATILITY
2017-05-23,1052.5,1058.0,1004.0,1045.25,454050.0,1072.45,1103.5875,31.53364632237873,0.014136988965524839,BEARISH,RSI_NORMAL,LOW_VOLATILITY
2017-05-24,1047.1,1076.9,1041.7,1057.75,567160.0,1061.46,1100.9625,37.47752376059594,0.014458655482421074,BEARISH,RSI_NORMAL,LOW_VOLATILITY
2017-05-25,1059.0,1077.0,1050.1,1072.1,330270.0,1056.24,1098.7875,39.22596754057425,0.014813902276910172,BEARISH,RSI_NORMAL,LOW_VOLATILITY
2017-05-26,1091.0,1108.0,1082.05,1091.85,235300.0,1061.72,1097.4025,43.76155268022181,0.015460209246842936,BEARISH,RSI_NORMAL,LOW_VOLATILITY
2017-05-29,1082.0,1095.55,1068.0,1077.15,184120.0,1068.82,1095.9675,34.954697186456855,0.015508901912467555,BEARISH,RSI_NORMAL,LOW_VOLATILITY
2017-05-30,1075.0,1080.65,1048.7,1060.15,270960.0,1071.8,1092.7275000000002,34.84668409793201,0.015194986622669986,BEARISH,RSI_NORMAL,LOW_VOLATILITY
2017-05-31,1053.0,1120.95,1050.5,1106.9,799460.0,1081.6299999999999,1092.27,53.16651904340129,0.01839659353367936,BULLISH,RSI_NORMAL,LOW_VOLATILITY
2017-06-01,1119.8,1134.65,1100.0,1130.25,362640.0,1093.26,1093.4575,57.52159068085963,0.01888048050565397,BULLISH,RSI_NORMAL,LOW_VOLATILITY
2017-06-02,1135.25,1144.2,1111.55,1116.4,348410.0,1098.17,1093.5149999999999,51.023751023751025,0.01904278631118605,BULLISH,RSI_NORMAL,LOW_VOLATILITY
2017-06-05,1117.2,1141.0,1109.8,1134.9,324530.0,1109.72,1094.3175,53.715170278637785,0.01938427425804831,BULLISH,RSI_NORMAL,LOW_VOLATILITY
2017-06-06,1138.0,1158.0,1103.7,1113.15,632030.0,1120.3200000000002,1092.9625,50.08118347465272,0.01937928035022752,BULLISH,RSI_NORMAL,LOW_VOLATILITY
2017-06-07,1105.0,1137.0,1105.0,1129.65,290880.0,1124.8700000000001,1093.25,55.6331721296794,0.019421775019122185,BULLISH,RSI_NORMAL,LOW_VOLATILITY
2017-06-08,1143.6,1152.65,1135.0,1144.2,446580.0,1127.6600000000003,1095.8300000000002,65.3394883631468,0.018408983412866432,BULLISH,RSI_NORMAL,LOW_VOLATILITY
2017-06-09,1146.0,1158.0,1136.45,1151.1,323500.0,1134.6,1098.7450000000001,72.42368367137885,0.018417177397948466,BULLISH,RSI_HIGH,LOW_VOLATILITY
2017-06-12,1144.6,1168.0,1128.0,1140.6,358640.0,1135.7400000000002,1100.205,68.99780832835229,0.018279177200484557,BULLISH,RSI_NORMAL,LOW_VOLATILITY
2017-06-13,1148.0,1157.0,1137.1,1145.7,314680.0,1142.25,1101.705,68.05584068979681,0.01828385847604916,BULLISH,RSI_NORMAL,LOW_VOLATILITY
2017-06-14,1152.0,1156.75,1142.0,1154.75,270160.0,1147.27,1103.8075000000001,67.34522560335787,0.018309890687132548,BULLISH,RSI_NORMAL,LOW_VOLATILITY
2017-06-15,1160.05,1206.35,1155.15,1186.15,1270000.0,1155.6599999999999,1108.2050000000002,68.86754701880758,0.01877341006941352,BULLISH,RSI_NORMAL,LOW_VOLATILITY
2017-06-16,1199.0,1222.8,1188.0,1212.05,876010.0,1167.85,1115.585,75.83301417081579,0.017270650293703244,BULLISH,RSI_HIGH,LOW_VOLATILITY
2017-06-19,1209.7,1217.3,1195.1,1201.6,207360.0,1180.05,1123.5825,77.78432527990572,0.01639039122089811,BULLISH,RSI_HIGH,LOW_VOLATILITY
2017-06-20,1211.85,1239.9,1207.0,1232.3,581760.0,1197.37,1132.935,76.28930817610063,0.016855969881049374,BULLISH,RSI_HIGH,LOW_VOLATILITY
2017-06-21,1241.0,1258.5,1230.0,1250.65,626720.0,1216.55,1142.58,75.78158458244114,0.016901247926789615,BULLISH,RSI_HIGH,LOW_VOLATILITY
2017-06-22,1261.0,1266.95,1244.05,1248.4,423040.0,1229.0,1151.395,79.74312753492563,0.017009894626014453,BULLISH,RSI_HIGH,LOW_VOLATILITY
2017-06-23,1249.75,1253.0,1206.6,1241.75,334490.0,1234.94,1158.89,75.43442037610089,0.01705658629247902,BULLISH,RSI_HIGH,LOW_VOLATILITY
2017-06-27,1245.0,1245.2,1208.95,1218.25,208120.0,1238.27,1165.9450000000002,74.81114258734651,0.017434081512891355,BULLISH,RSI_HIGH,LOW_VOLATILITY
2017-06-28,1218.0,1274.75,1207.55,1264.9,537880.0,1244.7900000000002,1176.1825,77.9499896672866,0.018010014250449437,BULLISH,RSI_HIGH,LOW_VOLATILITY
2017-06-29,1274.0,1274.0,1216.45,1237.0,1510000.0,1242.06,1182.6875,68.17469643556596,0.017289300408198864,BULLISH,RSI_NORMAL,LOW_VOLATILITY
2017-06-30,1240.0,1240.0,1160.05,1166.55,2130000.0,1225.69,1184.5025,52.422769327269876,0.021843035226509565,BEARISH,RSI_NORMAL,HIGH_VOLATILITY
2017-07-03,1160.0,1204.0,1157.95,1192.2,1000000.0,1215.7800000000002,1188.2925,57.724550898203596,0.0220238278612744,BULLISH,RSI_NORMAL,HIGH_VOLATILITY
2017-07-04,1204.0,1215.85,1186.6,1194.5,478200.0,1211.0300000000002,1191.2724999999998,57.36714975845409,0.02180957103149912,BULLISH,RSI_NORMAL,HIGH_VOLATILITY
2017-07-05,1195.0,1223.0,1181.0,1216.4,348600.0,1201.33,1196.435,58.95945356779538,0.02143133945379926,BULLISH,RSI_NORMAL,HIGH_VOLATILITY
2017-07-06,1224.0,1242.9,1199.05,1232.25,514290.0,1200.3799999999999,1201.565,57.01674277016741,0.021390334564703913,BULLISH,RSI_NORMAL,HIGH_VOLATILITY
2017-07-07,1236.0,1255.0,1221.3,1247.6,741740.0,1216.5900000000001,1206.735,55.590501651203006,0.021381894982419273,BULLISH,RSI_NORMAL,HIGH_VOLATILITY
2017-07-10,1268.0,1268.55,1232.85,1239.2,77480.0,1225.99,1211.1399999999999,55.951250395694856,0.02152552092430983,BULLISH,RSI_NORMAL,HIGH_VOLATILITY
2017-07-11,1242.55,1253.7,1218.0,1223.8,392060.0,1231.85,1215.3,48.586161011310715,0.021643273679793604,BULLISH,RSI_NORMAL,HIGH_VOLATILITY
2017-07-12,1230.0,1268.9,1228.05,1262.8,853620.0,1241.1299999999999,1221.1550000000002,51.89105058365757,0.022539663083839125,BULLISH,RSI_NORMAL,HIGH_VOLATILITY
2017-07-13,1263.0,1281.6,1247.0,1275.95,790710.0,1249.8700000000001,1227.215,54.147222640373315,0.02256297180427135,BULLISH,RSI_NORMAL,HIGH_VOLATILITY
2017-07-14,1280.0,1286.6,1265.55,1280.15,330460.0,1256.3799999999999,1231.915,55.82347588717017,0.02196449024040094,BULLISH,RSI_NORMAL,HIGH_VOLATILITY
2017-07-17,1284.0,1293.7,1271.55,1283.5,323280.0,1265.24,1235.4875,60.539492812146655,0.02156224391869493,BULLISH,RSI_NORMAL,HIGH_VOLATILITY
2017-07-18,1275.0,1285.8,1271.9,1278.45,412540.0,1276.17,1239.3300000000002,52.52845680164208,0.021453436431004044,BULLISH,RSI_NORMAL,HIGH_VOLATILITY
2017-07-19,1287.0,1287.0,1247.4,1256.65,345970.0,1274.94,1240.5475,53.752148176436904,0.02124460402469513,BULLISH,RSI_NORMAL,HIGH_VOLATILITY
2017-07-20,1260.0,1261.05,1231.0,1243.85,513050.0,1268.52,1240.2075,68.9275220372184,0.02113346949192664,BULLISH,RSI_NORMAL,HIGH_VOLATILITY
2017-07-21,1230.0,1250.5,1225.85,1243.35,328880.0,1261.16,1239.955,64.28371963138784,0.02112972241073211,BULLISH,RSI_NORMAL,HIGH_VOLATILITY
2017-07-24,1243.0,1248.7,1227.15,1233.35,289110.0,1251.1299999999999,1239.535,60.40160642570279,0.02117451543801692,BEARISH,RSI_NORMAL,HIGH_VOLATILITY
2017-07-25,1227.0,1257.95,1227.0,1246.45,578930.0,1244.73,1240.945,58.44338297274515,0.020821567546172697,BULLISH,RSI_NORMAL,HIGH_VOLATILITY
2017-07-26,1247.0,1248.0,1231.1,1234.65,418020.0,1240.33,1239.4325000000001,50.69005175388157,0.019023087731972414,BEARISH,RSI_NORMAL,LOW_VOLATILITY
2017-07-27,1234.0,1249.0,1219.5,1243.5,934330.0,1240.2599999999998,1239.7575000000002,48.77538829151735,0.01843673033472843,BULLISH,RSI_NORMAL,LOW_VOLATILITY
2017-07-28,1243.45,1303.65,1243.45,1286.1,1140000.0,1248.81,1245.735,61.6319444444444,0.014317295224149852,BULLISH,RSI_NORMAL,LOW_VOLATILITY
2017-07-31,1298.25,1317.2,1282.6,1290.75,983920.0,1260.2900000000002,1250.6625,67.53995284254651,0.013747097421695756,BULLISH,RSI_NORMAL,LOW_VOLATILITY
2017-08-01,1320.0,1330.8,1266.7,1290.25,2410000.0,1269.05,1255.45,59.00886117492617,0.013775795826977064,BULLISH,RSI_NORMAL,LOW_VOLATILITY
2017-08-02,1289.9,1305.0,1275.15,1281.4,385320.0,1278.4,1258.7,51.84059439378589,0.01354133683971556,BULLISH,RSI_NORMAL,LOW_VOLATILITY
2017-08-03,1283.0,1290.95,1246.8,1272.1,328710.0,1284.1200000000001,1260.6924999999999,47.37185765589286,0.013485946528293012,BULLISH,RSI_NORMAL,LOW_VOLATILITY
2017-08-04,1260.0,1285.95,1248.3,1276.0,325870.0,1282.1,1262.1125,47.56018217306442,0.013252363687662777,BULLISH,RSI_NORMAL,LOW_VOLATILITY
2017-08-07,1283.0,1298.5,1262.35,1287.65,332340.0,1281.48,1264.535,52.869619463505934,0.013226728477764313,BULLISH,RSI_NORMAL,LOW_VOLATILITY
2017-08-08,1290.0,1316.45,1279.0,1295.5,657080.0,1282.53,1268.1200000000001,63.272975743081595,0.012805001671367647,BULLISH,RSI_NORMAL,LOW_VOLATILITY
2017-08-09,1293.0,1324.4,1285.05,1303.35,707730.0,1286.92,1270.1474999999998,71.03960396039602,0.010892699802009293,BULLISH,RSI_HIGH,LOW_VOLATILITY
2017-08-10,1302.8,1309.55,1257.85,1273.7,723350.0,1287.24,1270.035,58.89768396364707,0.01195840300660425,BULLISH,RSI_NORMAL,LOW_VOLATILITY
2017-08-11,1249.0,1265.5,1215.6,1242.35,573130.0,1280.5099999999998,1268.145,52.34497133923919,0.013122814168223834,BEARISH,RSI_NORMAL,LOW_VOLATILITY
2017-08-14,1250.0,1288.9,1245.05,1284.95,228530.0,1279.97,1268.2175,58.69467028003613,0.015356187984043717,BULLISH,RSI_NORMAL,LOW_VOLATILITY
2017-08-16,1285.0,1346.7,1285.0,1313.2,1160000.0,1283.51,1269.955,66.51250788311958,0.016068969528710137,BULLISH,RSI_NORMAL,LOW_VOLATILITY
2017-08-17,1320.9,1345.7,1300.05,1312.4,407650.0,1285.3200000000002,1272.7424999999998,64.99129677980854,0.015481695559502254,BULLISH,RSI_NORMAL,LOW_VOLATILITY
2017-08-18,1281.0,1291.5,1247.5,1269.5,1070000.0,1284.48,1274.025,46.39287266405913,0.017162227383276787,BEARISH,RSI_NORMAL,LOW_VOLATILITY
2017-08-21,1269.45,1283.95,1259.95,1270.8,470730.0,1290.1699999999998,1275.3975,45.60088202866593,0.017158355199435937,BEARISH,RSI_NORMAL,LOW_VOLATILITY
2017-08-22,1276.75,1286.35,1226.05,1228.7,474160.0,1278.92,1275.165,38.53176821315448,0.018718058203252133,BEARISH,RSI_NORMAL,LOW_VOLATILITY
2017-08-23,1234.4,1242.0,1209.0,1216.45,514830.00000000006,1259.5700000000002,1273.6650000000002,38.04967801287948,0.018668032901386158,BEARISH,RSI_NORMAL,LOW_VOLATILITY
2017-08-24,1210.0,1215.4,1183.8,1186.6,691730.0,1234.41,1271.2625,35.374615121450574,0.019318482126087933,BEARISH,RSI_NORMAL,LOW_VOLATILITY
2017-08-28,1181.5,1199.85,1167.6,1185.95,740870.0,1217.7,1268.385,34.423110188548705,0.01920656876918364,BEARISH,RSI_NORMAL,LOW_VOLATILITY
2017-08-29,1188.0,1198.0,1161.55,1172.05,413570.0,1197.95,1262.6825000000001,30.157912804668698,0.017268016610221315,BEARISH,RSI_NORMAL,LOW_VOLATILITY
2017-08-30,1175.0,1199.9,1175.0,1195.85,307430.0,1191.3799999999999,1257.9375,33.78356387306752,0.018065284900971867,BEARISH,RSI_NORMAL,LOW_VOLATILITY
2017-08-31,1210.7,1233.8,1202.95,1228.3,817100.0,1193.75,1254.8400000000001,38.69218020189846,0.019331284551797882,BEARISH,RSI_NORMAL,LOW_VOLATILITY
2017-09-01,1230.0,1259.1,1223.9,1255.2,419120.0,1207.47,1253.53,47.18930416286843,0.020029715563817253,BULLISH,RSI_NORMAL,HIGH_VOLATILITY
2017-09-04,1253.0,1272.9,1241.25,1265.35,594740.0,1223.35,1253.1925,53.73497888924976,0.020064852974445997,BULLISH,RSI_NORMAL,HIGH_VOLATILITY
2017-09-05,1261.0,1274.0,1247.5,1256.3,230570.0,1240.2,1252.2075,44.778567523236724,0.020110724716919052,BULLISH,RSI_NORMAL,HIGH_VOLATILITY
2017-09-06,1257.0,1258.0,1215.9,1222.8,320100.0,1245.59,1248.965,33.83404864091558,0.02078222580229377,BEARISH,RSI_NORMAL,HIGH_VOLATILITY
2017-09-07,1226.15,1245.0,1222.1,1226.25,277730.0,1245.1799999999998,1245.5025,34.73870682019485,0.020724787261422965,BEARISH,RSI_NORMAL,HIGH_VOLATILITY
2017-09-08,1240.0,1243.0,1215.0,1222.0,237550.0,1238.54,1241.435,40.2504105090312,0.020626010235533586,BEARISH,RSI_NORMAL,HIGH_VOLATILITY
2017-09-11,1223.0,1234.4,1212.3,1215.95,237980.0,1228.66,1238.5475000000001,38.95711697201532,0.02010719862872005,BEARISH,RSI_NORMAL,HIGH_VOLATILITY
2017-09-12,1226.0,1226.9,1196.0,1203.05,264200.0,1218.01,1236.5825,44.14784394250511,0.019518060380553006,BEARISH,RSI_NORMAL,LOW_VOLATILITY
2017-09-13,1203.0,1220.85,1191.05,1198.5,537310.0,1213.15,1232.26,45.75549775360604,0.017615303669153818,BEARISH,RSI_NORMAL,LOW_VOLATILITY
2017-09-14,1200.0,1201.6,1178.0,1183.75,496110.0,1204.65,1225.7875,49.27425515660812,0.01666497965784922,BEARISH,RSI_NORMAL,LOW_VOLATILITY
2017-09-15,1175.1,1198.5,1165.9,1176.35,849540.0,1195.52,1218.9850000000001,47.63663220088623,0.016633697767486064,BEARISH,RSI_NORMAL,LOW_VOLATILITY
2017-09-18,1200.0,1200.0,1162.0,1165.9,755170.0,1185.51,1213.8049999999998,48.4598046581518,0.015376864776539283,BEARISH,RSI_NORMAL,LOW_VOLATILITY
2017-09-19,1167.8,1170.95,1135.0,1148.8,637920.0,1174.6599999999999,1207.705,37.807722207825876,0.015499584977561511,BEARISH,RSI_NORMAL,LOW_VOLATILITY
2017-09-20,1159.95,1159.95,1128.35,1131.85,1130000.0,1161.33,1202.8625,22.82333051563819,0.014232267932003445,BEARISH,RSI_LOW,LOW_VOLATILITY
2017-09-21,1129.7,1154.4,1129.65,1135.95,414440.0,1151.77,1198.8375,11.445198836081488,0.014256737517965584,BEARISH,RSI_LOW,LOW_VOLATILITY
2017-09-22,1131.0,1136.0,1106.0,1113.65,869260.0,1139.23,1195.19,4.526378896882591,0.01391036697520689,BEARISH,RSI_LOW,LOW_VOLATILITY
2017-09-25,1112.0,1113.0,1022.0,1045.6,2820000.0,1115.1699999999998,1188.1725000000001,3.3436669619132715,0.018993277688639378,BEARISH,RSI_LOW,LOW_VOLATILITY
2017-09-26,1044.0,1053.6,1025.55,1043.05,1300000.0,1094.02,1181.7225,3.874775468309039,0.01896218097392095,BEARISH,RSI_LOW,LOW_VOLATILITY
2017-09-27,1043.05,1064.7,1043.0,1057.0,962630.0,1079.05,1174.7800000000002,8.789870952033183,0.018521190682430255,BEARISH,RSI_LOW,LOW_VOLATILITY
2017-09-28,1060.85,1094.0,1043.55,1078.75,2140000.0,1067.6100000000001,1167.3025,17.859546780345582,0.017953252891684292,BEARISH,RSI_LOW,LOW_VOLATILITY
2017-09-29,1087.0,1105.0,1067.9,1096.8,941140.0,1064.24,1159.3825000000002,24.632744304875473,0.017558657926937435,BEARISH,RSI_LOW,LOW_VOLATILITY
2017-10-03,1094.6,1109.7,1076.4,1088.8,505700.0,1072.8799999999999,1150.5549999999998,25.157642965862166,0.017216322200129724,BEARISH,RSI_LOW,LOW_VOLATILITY
2017-10-04,1091.0,1107.0,1085.4,1095.4,510780.0,1083.35,1142.51,27.780172413793167,0.017475567846325753,BEARISH,RSI_LOW,LOW_VOLATILITY
2017-10-05,1096.0,1116.45,1090.1,1100.05,277810.0,1091.96,1136.3725,31.14015322217216,0.016974785591253226,BEARISH,RSI_NORMAL,LOW_VOLATILITY
2017-10-06,1107.7,1114.95,1098.35,1107.3,249380.0,1097.67,1130.425,34.4306651634724,0.017088317311154795,BEARISH,RSI_NORMAL,LOW_VOLATILITY
2017-10-09,1107.3,1119.9,1098.55,1101.35,389970.0,1098.58,1124.3925,35.14384349827387,0.017084939359073178,BEARISH,RSI_NORMAL,LOW_VOLATILITY
2017-10-10,1105.0,1128.9,1100.0,1116.8,709560.0,1104.18,1119.435,42.57884972170688,0.017609314777323883,BEARISH,RSI_NORMAL,LOW_VOLATILITY
2017-10-11,1129.95,1142.0,1099.3,1109.05,826880.0,1106.9099999999999,1114.7350000000001,44.47674418604653,0.017556891403276854,BEARISH,RSI_NORMAL,LOW_VOLATILITY
2017-10-12,1118.7,1138.9,1107.9,1134.3,206930.0,1113.7599999999998,1111.525,49.63744232036913,0.01854304791439306,BULLISH,RSI_NORMAL,LOW_VOLATILITY
2017-10-13,1130.0,1146.0,1121.15,1128.05,275520.0,1117.91,1108.74,53.404255319148895,0.018417295702753852,BULLISH,RSI_NORMAL,LOW_VOLATILITY
2017-10-16,1136.8,1136.8,1116.0,1121.45,275210.0,1121.9299999999998,1105.995,75.27490836387877,0.018412924543763563,BULLISH,RSI_HIGH,LOW_VOLATILITY
2017-10-17,1128.4,1128.4,1105.95,1109.55,351420.0,1120.48,1103.1775,70.85947302383939,0.018449838896022197,BULLISH,RSI_HIGH,LOW_VOLATILITY
2017-10-18,1105.0,1162.95,1096.95,1149.15,797330.0,1128.5,1103.1950000000002,74.89867603350446,0.020041991360753176,BULLISH,RSI_HIGH,HIGH_VOLATILITY
2017-10-19,1157.0,1173.75,1140.0,1158.85,171980.0,1133.41,1104.5449999999998,73.15028901734101,0.01980019096848028,BULLISH,RSI_HIGH,HIGH_VOLATILITY
2017-10-23,1158.0,1172.65,1148.1,1159.6,368070.0,1139.72,1105.7275,70.16698779704558,0.019793543737151267,BULLISH,RSI_HIGH,HIGH_VOLATILITY
2017-10-24,1160.7,1177.0,1151.0,1167.7,566130.0,1148.97,1108.4299999999998,75.3209242618742,0.019203819385850886,BULLISH,RSI_HIGH,LOW_VOLATILITY
2017-10-25,1165.0,1179.0,1153.1,1173.85,567430.0,1161.83,1114.8425,75.24943675571286,0.012013031457908075,BULLISH,RSI_HIGH,LOW_VOLATILITY
2017-10-26,1166.25,1183.0,1154.65,1168.7,389730.0,1165.7400000000002,1121.125,72.02438241899267,0.012091600491397802,BULLISH,RSI_HIGH,LOW_VOLATILITY
2017-10-27,1169.0,1214.45,1169.0,1202.45,709770.0,1174.46,1128.3974999999998,76.08993693446672,0.013062630394306685,BULLISH,RSI_HIGH,LOW_VOLATILITY
2017-10-30,1200.0,1231.85,1198.85,1225.15,948370.0,1187.5700000000002,1135.7175,81.08990457056761,0.012971797680263391,BULLISH,RSI_HIGH,LOW_VOLATILITY
2017-10-31,1237.7,1252.0,1211.0,1247.85,1490000.0,1203.6,1143.27,81.7543009449964,0.013052601795717562,BULLISH,RSI_HIGH,LOW_VOLATILITY
2017-11-01,1294.0,1298.7,1225.4,1244.8,3000000.0,1217.7900000000002,1151.0700000000002,83.65980659558647,0.012824898755747785,BULLISH,RSI_HIGH,LOW_VOLATILITY
2017-11-02,1234.5,1263.2,1234.5,1247.95,476210.0,1233.6399999999999,1158.6974999999998,81.64856585909224,0.012859778280460124,BULLISH,RSI_HIGH,LOW_VOLATILITY
2017-11-03,1247.95,1266.75,1240.0,1253.7,662800.0,1243.8899999999999,1166.3799999999999,85.08796425579455,0.012856512469091674,BULLISH,RSI_HIGH,LOW_VOLATILITY
2017-11-06,1249.3,1260.95,1239.9,1242.2,500520.0,1247.3,1173.125,82.82141886382172,0.013333783599894268,BULLISH,RSI_HIGH,LOW_VOLATILITY
2017-11-07,1244.0,1244.0,1201.0,1208.2,412740.0,1239.3700000000001,1178.4675000000002,73.93836447464213,0.015098584503553236,BULLISH,RSI_HIGH,LOW_VOLATILITY
2017-11-08,1196.75,1214.9,1153.8,1179.9,817700.0,1226.39,1181.6225,57.89473684210528,0.016171371713793358,BEARISH,RSI_NORMAL,LOW_VOLATILITY
2017-11-09,1180.85,1211.0,1168.05,1199.35,502630.0,1216.67,1186.1375,59.90220048899758,0.016271038107477716,BULLISH,RSI_NORMAL,LOW_VOLATILITY
2017-11-10,1203.0,1220.4,1166.3,1181.85,505460.0,1202.3,1188.5149999999999,55.02824858757063,0.016152756999838855,BEARISH,RSI_NORMAL,LOW_VOLATILITY
2017-11-13,1189.25,1189.25,1165.0,1174.5,322930.0,1188.76,1190.8375,51.54195011337868,0.016171288450889415,BEARISH,RSI_NORMAL,LOW_VOLATILITY
2017-11-14,1175.0,1183.6,1154.85,1167.6,185600.0,1180.64,1193.145,48.58757062146892,0.016171914696891353,BEARISH,RSI_NORMAL,LOW_VOLATILITY
2017-11-15,1178.0,1208.0,1144.0,1165.65,703140.0,1177.79,1195.95,49.30061912405412,0.015922464032262777,BEARISH,RSI_NORMAL,LOW_VOLATILITY
2017-11-16,1177.95,1177.95,1155.1,1166.4,186850.0,1171.2,1196.8125,40.259389354228574,0.013886138293084018,BEARISH,RSI_NORMAL,LOW_VOLATILITY
2017-11-17,1177.6,1183.05,1158.2,1165.25,424810.0,1167.8799999999999,1197.1325000000002,31.681957186544253,0.013773979702448586,BEARISH,RSI_NORMAL,LOW_VOLATILITY
2017-11-20,1178.2,1178.2,1163.0,1171.7,202870.0,1167.3200000000002,1197.7375,24.14261460101868,0.013822522516765386,BEARISH,RSI_LOW,LOW_VOLATILITY
2017-11-21,1174.8,1184.75,1152.95,1166.25,174320.0,1167.05,1197.6650000000002,23.755429335115267,0.013784902515177807,BEARISH,RSI_LOW,LOW_VOLATILITY
2017-11-22,1174.0,1178.0,1159.2,1164.95,123730.0,1166.91,1197.22,21.921515561569635,0.013731012319659279,BEARISH,RSI_LOW,LOW_VOLATILITY
2017-11-23,1156.0,1178.0,1156.0,1169.05,251280.0,1167.44,1197.2375,21.040027369141185,0.01372068623325994,BEARISH,RSI_LOW,LOW_VOLATILITY
2017-11-24,1175.0,1188.95,1164.8,1180.45,237570.0,1170.48,1196.1375,28.859979459089317,0.012190865417109394,BEARISH,RSI_LOW,LOW_VOLATILITY
2017-11-27,1180.1,1180.45,1163.95,1168.65,138310.0,1169.8700000000001,1193.3125,34.033104561970106,0.011416469808530165,BEARISH,RSI_NORMAL,LOW_VOLATILITY
2017-11-28,1170.0,1176.0,1158.0,1162.8,174160.0,1169.1799999999998,1189.06,41.56804733727803,0.010317055206595229,BEARISH,RSI_NORMAL,LOW_VOLATILITY
2017-11-29,1169.7,1170.0,1150.0,1153.5,177900.0,1166.8899999999999,1184.495,24.87671232876717,0.01036256414608262,BEARISH,RSI_LOW,LOW_VOLATILITY
2017-11-30,1159.9,1159.9,1115.5,1121.55,529280.0,1157.3899999999999,1178.175,21.475875118259253,0.011536335859793103,BEARISH,RSI_LOW,LOW_VOLATILITY
2017-12-01,1122.1,1154.25,1122.1,1130.65,399790.0,1147.4299999999998,1172.0225,29.59516053978605,0.011719392414959468,BEARISH,RSI_LOW,LOW_VOLATILITY
2017-12-04,1143.0,1148.3,1124.0,1144.7,352980.0,1142.64,1167.1475,40.00872600349047,0.012303629535774603,BEARISH,RSI_NORMAL,LOW_VOLATILITY
2017-12-05,1141.0,1162.0,1134.0,1154.75,259490.0,1141.0300000000002,1164.475,45.55827220863893,0.011305425934878243,BEARISH,RSI_NORMAL,LOW_VOLATILITY
2017-12-06,1160.0,1165.6,1131.05,1137.05,264550.0,1137.7400000000002,1162.3325,39.49158610812744,0.0106302947123306,BEARISH,RSI_NORMAL,LOW_VOLATILITY
2017-12-07,1145.0,1155.0,1120.0,1124.9,502620.0,1138.41,1158.6100000000001,36.608031861931664,0.009881160065432784,BEARISH,RSI_NORMAL,LOW_VOLATILITY
2017-12-08,1127.0,1197.0,1126.7,1182.8,756220.0,1148.84,1158.6575,52.74616526472042,0.015372226108761296,BULLISH,RSI_NORMAL,LOW_VOLATILITY
2017-12-11,1187.95,1199.0,1173.25,1193.45,359380.0,1158.59,1159.605,56.56054027978776,0.015417050935812759,BULLISH,RSI_NORMAL,LOW_VOLATILITY
2017-12-12,1192.75,1192.75,1159.05,1180.25,689040.0,1163.69,1160.2375,53.489963503649626,0.01557993602516397,BULLISH,RSI_NORMAL,LOW_VOLATILITY
2017-12-13,1153.05,1157.45,1134.0,1135.55,610570.0,1163.3899999999999,1158.7325,43.552732871439574,0.017807845061105016,BEARISH,RSI_NORMAL,LOW_VOLATILITY
2017-12-14,1140.0,1145.45,1129.0,1138.35,634800.0,1166.08,1157.33,41.62022292993628,0.017822201920109866,BEARISH,RSI_NORMAL,LOW_VOLATILITY
2017-12-15,1137.0,1149.0,1125.1,1134.15,580270.0,1156.35,1155.775,42.91871921182266,0.017831809399686083,BEARISH,RSI_NORMAL,LOW_VOLATILITY
2017-12-18,1130.0,1149.5,1114.25,1141.5,565620.0,1145.96,1154.2649999999999,45.65483476132191,0.017851848557490627,BEARISH,RSI_NORMAL,LOW_VOLATILITY
2017-12-19,1141.0,1164.5,1140.5,1157.7,571090.0,1141.45,1153.8375,50.83333333333334,0.018152291232333445,BULLISH,RSI_NORMAL,LOW_VOLATILITY
2017-12-20,1159.9,1172.9,1153.15,1166.3,709110.0,1147.6,1153.9050000000002,59.785698666083555,0.01823028976682009,BULLISH,RSI_NORMAL,LOW_VOLATILITY
2017-12-21,1170.1,1174.2,1135.65,1139.0,459540.0,1147.73,1152.4025,51.691310512456944,0.018953355050367545,BEARISH,RSI_NORMAL,LOW_VOLATILITY
2017-12-22,1144.25,1185.95,1144.0,1179.8,859040.0,1156.86,1152.37,56.41447368421053,0.020568780581869995,BULLISH,RSI_NORMAL,HIGH_VOLATILITY
2017-12-26,1181.0,1213.7,1178.0,1201.95,1470000.0,1168.95,1154.035,58.26041302065106,0.020824691189013096,BULLISH,RSI_NORMAL,HIGH_VOLATILITY
2017-12-27,1202.0,1228.9,1186.25,1219.95,1220000.0,1181.4,1156.8925000000002,64.49300699300703,0.020969370036607177,BULLISH,RSI_NORMAL,HIGH_VOLATILITY
2017-12-28,1219.0,1223.55,1194.1,1207.3,510140.0,1189.6,1159.5825,64.3804537521815,0.02103909330632191,BULLISH,RSI_NORMAL,HIGH_VOLATILITY
2017-12-29,1205.0,1222.0,1202.3,1205.5,356820.0,1202.9,1163.78,54.92621527777779,0.019841931454719512,BULLISH,RSI_NORMAL,HIGH_VOLATILITY
2018-01-01,1205.95,1219.4,1196.8,1203.0,287160.0,1207.5400000000002,1167.3975,52.14848143982002,0.01985616108360789,BULLISH,RSI_NORMAL,HIGH_VOLATILITY
2018-01-02,1209.0,1209.5,1178.0,1201.4,564510.0,1207.4299999999998,1170.2325,55.02017564680754,0.01976112467448328,BULLISH,RSI_NORMAL,LOW_VOLATILITY
2018-01-03,1196.05,1213.15,1196.05,1208.4,402880.0,1205.1200000000001,1172.915,71.06100028910099,0.01972355121499497,BULLISH,RSI_HIGH,LOW_VOLATILITY
2018-01-04,1209.95,1219.85,1205.4,1213.65,330330.0,1206.3899999999999,1176.7450000000001,71.46522234891685,0.01927539269981679,BULLISH,RSI_HIGH,LOW_VOLATILITY
2018-01-05,1204.0,1213.6,1193.2,1198.6,267770.0,1205.01,1180.4299999999998,67.30201342281873,0.019345231942433455,BULLISH,RSI_NORMAL,LOW_VOLATILITY
2018-01-08,1198.95,1228.5,1190.05,1225.2,547690.0,1209.45,1182.55,70.36496350364962,0.016395294786936566,BULLISH,RSI_HIGH,LOW_VOLATILITY
2018-01-09,1225.0,1240.0,1215.9,1227.1,311140.0,1214.5900000000001,1184.2324999999998,68.14853556485352,0.016309576439123046,BULLISH,RSI_NORMAL,LOW_VOLATILITY
2018-01-10,1240.55,1256.0,1228.3,1239.15,1270000.0,1220.74,1187.1775,68.71307474955049,0.016129340300607416,BULLISH,RSI_NORMAL,LOW_VOLATILITY
2018-01-11,1237.0,1249.6,1229.0,1235.65,256720.00000000003,1225.14,1192.1825000000001,78.28504536142812,0.013130006346359057,BULLISH,RSI_HIGH,LOW_VOLATILITY
2018-01-12,1231.0,1242.7,1219.0,1234.0,261750.0,1232.22,1196.9650000000001,70.57706909643122,0.013185564418007518,BULLISH,RSI_HIGH,LOW_VOLATILITY
2018-01-15,1240.0,1248.0,1216.05,1223.8,230410.0,1231.94,1201.4475,59.12317327766173,0.013366757316806156,BULLISH,RSI_NORMAL,LOW_VOLATILITY
2018-01-16,1224.3,1229.95,1175.3,1181.9,561340.0,1222.9,1203.4675,36.75600417681869,0.015826828380957985,BEARISH,RSI_NORMAL,LOW_VOLATILITY
2018-01-17,1180.0,1208.8,1178.5,1200.6,316500.0,1215.19,1205.6125,47.76219104876418,0.015897719918547697,BEARISH,RSI_NORMAL,LOW_VOLATILITY
2018-01-18,1204.75,1205.8,1176.6,1191.3,204290.0,1206.32,1206.8625,45.48346055979643,0.015983918343069177,BEARISH,RSI_NORMAL,LOW_VOLATILITY
2018-01-19,1190.9,1215.0,1182.0,1210.6,209950.0,1201.64,1210.4424999999999,52.18390804597698,0.015211995597016982,BULLISH,RSI_NORMAL,LOW_VOLATILITY
2018-01-22,1210.6,1210.6,1188.15,1198.15,281930.0,1196.51,1211.3600000000001,49.12090884500947,0.013386300559129743,BEARISH,RSI_NORMAL,LOW_VOLATILITY
2018-01-23,1200.9,1245.05,1188.65,1192.1,1180000.0,1198.55,1210.8674999999998,45.568243610657916,0.012753048089225937,BEARISH,RSI_NORMAL,LOW_VOLATILITY
2018-01-24,1201.0,1264.5,1194.0,1237.7,1200000.0,1205.97,1211.7549999999999,55.36231884057969,0.015074453095688074,BULLISH,RSI_NORMAL,LOW_VOLATILITY
2018-01-25,1279.0,1279.0,1226.35,1238.05,2200000.0,1215.3200000000002,1213.2925,59.41302791696494,0.014844358362880616,BULLISH,RSI_NORMAL,LOW_VOLATILITY
2018-01-29,1235.0,1236.05,1195.0,1200.4,350040.0,1213.28,1213.0375,44.378966455122395,0.01645781263438348,BEARISH,RSI_NORMAL,LOW_VOLATILITY
2018-01-30,1201.0,1226.25,1200.0,1213.1,780900.0,1216.27,1213.5425,46.97493517718236,0.016619688427197857,BEARISH,RSI_NORMAL,LOW_VOLATILITY
2018-01-31,1213.0,1225.0,1203.25,1214.95,393840.0,1220.84,1214.2199999999998,44.52983725135621,0.016614957045047306,BULLISH,RSI_NORMAL,LOW_VOLATILITY
2018-02-01,1220.0,1233.9,1197.2,1216.8,544970.0,1216.6599999999999,1214.6399999999999,45.707128216807064,0.016572775002784663,BULLISH,RSI_NORMAL,LOW_VOLATILITY
2018-02-02,1210.0,1210.0,1155.0,1177.8,894860.0,1204.6100000000001,1212.8475,39.061891786687404,0.018057470479127157,BEARISH,RSI_NORMAL,LOW_VOLATILITY
2018-02-05,1159.3,1208.45,1149.0,1200.2,422290.0,1204.5700000000002,1212.9275,45.615013006317355,0.01840813173584762,BEARISH,RSI_NORMAL,LOW_VOLATILITY
2018-02-06,1155.0,1211.0,1145.0,1199.4,451530.0,1201.83,1211.6375,53.83771929824562,0.01766733849687937,BEARISH,RSI_NORMAL,LOW_VOLATILITY
2018-02-07,1214.45,1222.0,1192.05,1211.9,409400.0,1201.22,1210.8775,52.54733994589725,0.017842984575390564,BULLISH,RSI_NORMAL,LOW_VOLATILITY
2018-02-08,1225.0,1293.5,1216.55,1255.9,1330000.0,1209.0400000000002,1211.715,62.59259259259263,0.019548456097986503,BULLISH,RSI_NORMAL,LOW_VOLATILITY
2018-02-09,1242.0,1262.15,1230.0,1258.65,690830.0,1225.2100000000003,1212.865,60.01250260470937,0.01953095498525235,BULLISH,RSI_NORMAL,LOW_VOLATILITY
2018-02-12,1238.15,1272.9,1237.0,1250.85,827510.0,1235.34,1213.7075,61.198470038249,0.019593067121814543,BULLISH,RSI_NORMAL,LOW_VOLATILITY
2018-02-14,1242.0,1300.6,1241.5,1274.95,895840.0,1250.45,1216.2649999999999,66.350897967239,0.01988317643323116,BULLISH,RSI_NORMAL,HIGH_VOLATILITY
2018-02-15,1280.0,1294.0,1255.0,1262.0,565530.0,1260.47,1220.27,55.505210693248735,0.018217526084759864,BULLISH,RSI_NORMAL,LOW_VOLATILITY
2018-02-16,1261.5,1279.0,1255.05,1264.65,476650.0,1262.22,1223.4725,55.964125560538136,0.017983603613621252,BULLISH,RSI_NORMAL,LOW_VOLATILITY
2018-02-19,1278.0,1295.95,1260.75,1282.65,731520.0,1267.02,1228.04,70.22375215146296,0.01797967058946576,BULLISH,RSI_HIGH,LOW_VOLATILITY
2018-02-20,1294.0,1294.0,1261.25,1265.15,517030.0,1269.88,1230.7675000000002,62.503002642325264,0.018138793476760902,BULLISH,RSI_NORMAL,LOW_VOLATILITY
2018-02-21,1274.0,1286.0,1261.05,1274.0,592220.0,1269.69,1234.56,63.72298396467578,0.0179148803699493,BULLISH,RSI_NORMAL,LOW_VOLATILITY
2018-02-22,1260.0,1288.9,1255.6,1275.45,663780.0,1272.38,1238.7275000000002,63.65541327124563,0.017817612266888883,BULLISH,RSI_NORMAL,LOW_VOLATILITY
2018-02-23,1275.05,1292.0,1265.0,1285.0,642220.0,1276.45,1241.0925000000002,78.92606583917966,0.01588600608386059,BULLISH,RSI_HIGH,LOW_VOLATILITY
2018-02-26,1298.0,1352.4,1290.05,1337.95,1800000.0,1287.51,1246.0875,81.90873291637706,0.01813055268915554,BULLISH,RSI_HIGH,LOW_VOLATILITY
2018-02-27,1346.95,1357.15,1326.15,1337.45,822150.0,1301.97,1252.94,82.02273254465314,0.01627549763785472,BULLISH,RSI_HIGH,LOW_VOLATILITY
2018-02-28,1323.0,1350.0,1315.85,1335.7,686740.0,1314.31,1259.0700000000002,80.22460937499993,0.016299016410604737,BULLISH,RSI_HIGH,LOW_VOLATILITY
2018-03-01,1339.0,1345.0,1323.05,1332.15,359110.0,1325.65,1264.93,73.19744447824759,0.01637195849687102,BULLISH,RSI_HIGH,LOW_VOLATILITY
2018-03-05,1340.0,1350.0,1300.0,1309.1,1430000.0,1330.47,1269.545,63.66098023287292,0.01709209355858246,BULLISH,RSI_NORMAL,LOW_VOLATILITY
2018-03-06,1316.0,1322.15,1275.0,1283.5,758740.0,1319.5800000000002,1274.83,58.06371943689801,0.01589935630308058,BULLISH,RSI_NORMAL,LOW_VOLATILITY
2018-03-07,1278.0,1291.55,1261.9,1278.0,596400.0,1307.69,1278.72,50.8294805548001,0.015625125899199833,BEARISH,RSI_NORMAL,LOW_VOLATILITY
2018-03-08,1275.1,1300.95,1224.15,1288.95,2630000.0,1298.34,1283.1975,57.409953258179826,0.01563942896221235,BULLISH,RSI_NORMAL,LOW_VOLATILITY
2018-03-09,1286.0,1301.5,1265.65,1289.6,366280.0,1289.83,1287.0825,56.93633583541836,0.015572888740510856,BULLISH,RSI_NORMAL,LOW_VOLATILITY
2018-03-12,1291.1,1319.4,1255.05,1276.7,696940.0,1283.35,1288.1225,48.2975679542203,0.01372897043794067,BEARISH,RSI_NORMAL,LOW_VOLATILITY
2018-03-13,1251.1,1310.0,1240.0,1301.6,1560000.0,1286.9699999999998,1290.27,60.00548998078503,0.014345894229841404,BULLISH,RSI_NORMAL,LOW_VOLATILITY
2018-03-14,1297.0,1297.0,1231.0,1269.2,759470.0,1285.2099999999998,1291.1875,48.833252309188154,0.015458680445847887,BEARISH,RSI_NORMAL,LOW_VOLATILITY
2018-03-15,1261.2,1283.85,1254.05,1265.7,487610.0,1280.56,1290.725,47.65342960288808,0.014849480515230428,BEARISH,RSI_NORMAL,LOW_VOLATILITY
2018-03-16,1265.0,1271.25,1242.2,1263.45,2560000.0,1275.3300000000002,1290.7975000000001,44.62459466201047,0.014672696280251635,BEARISH,RSI_NORMAL,LOW_VOLATILITY
2018-03-19,1251.0,1261.6,1205.3,1215.8,853560.0,1263.15,1288.355,18.70356136305398,0.016923696896827045,BEARISH,RSI_LOW,LOW_VOLATILITY
2018-03-20,1191.1,1248.5,1190.1,1242.95,1350000.0,1251.42,1286.3700000000001,28.697024346257862,0.017417921786312733,BEARISH,RSI_LOW,LOW_VOLATILITY
2018-03-21,1241.5,1275.05,1231.2,1267.05,687110.0,1250.99,1286.465,35.941019864837145,0.017761291025483,BEARISH,RSI_NORMAL,LOW_VOLATILITY
2018-03-22,1258.0,1275.45,1250.0,1258.7,606020.0,1249.59,1285.7,35.24804177545688,0.01774850697323994,BEARISH,RSI_NORMAL,LOW_VOLATILITY
2018-03-23,1241.0,1251.7,1230.0,1247.1,670200.0,1246.3200000000002,1284.2824999999998,36.94736842105261,0.01785031998681426,BEARISH,RSI_NORMAL,LOW_VOLATILITY
2018-03-26,1242.25,1286.45,1242.25,1282.85,299380.0,1259.73,1284.175,49.86876640419946,0.01897159058747649,BEARISH,RSI_NORMAL,LOW_VOLATILITY
2018-03-27,1300.0,1314.85,1285.25,1297.3,518620.0,1270.6,1282.1425,53.76071706936866,0.016587557766457133,BULLISH,RSI_NORMAL,LOW_VOLATILITY
2018-03-28,1292.0,1313.55,1272.45,1290.45,1570000.0,1275.28,1279.7925,50.2970297029703,0.016607689065643624,BULLISH,RSI_NORMAL,LOW_VOLATILITY
2018-04-02,1282.0,1336.0,1282.0,1328.7,524690.0,1289.28,1279.4425,56.739055498104136,0.01802330537901684,BULLISH,RSI_NORMAL,LOW_VOLATILITY
2018-04-03,1322.3,1378.0,1321.0,1367.85,861620.0,1313.4299999999998,1281.2275,64.40651177493282,0.01917842604734509,BULLISH,RSI_NORMAL,LOW_VOLATILITY
2018-04-04,1371.3,1417.95,1371.3,1387.4,1340000.0,1334.34,1285.1425000000002,63.79421221864955,0.018846680120541262,BULLISH,RSI_NORMAL,LOW_VOLATILITY
2018-04-05,1402.0,1459.0,1398.0,1448.85,2150000.0,1364.65,1293.41,76.41523305396264,0.020171961075009837,BULLISH,RSI_HIGH,HIGH_VOLATILITY
2018-04-06,1446.7,1470.6,1413.75,1458.5,924680.0,1398.26,1302.435,77.84517619872905,0.02001841669781034,BULLISH,RSI_HIGH,HIGH_VOLATILITY
2018-04-09,1450.0,1509.0,1445.25,1493.15,1100000.0,1431.15,1312.645,80.33544638140518,0.020373313464904712,BULLISH,RSI_HIGH,HIGH_VOLATILITY
2018-04-10,1492.05,1504.5,1473.2,1479.8,828450.0,1453.54,1322.1550000000002,88.33865814696483,0.020653425950996753,BULLISH,RSI_HIGH,HIGH_VOLATILITY
2018-04-11,1475.0,1493.6,1428.05,1482.9,1200000.0,1472.64,1332.465,87.46291959406712,0.020300148760470194,BULLISH,RSI_HIGH,HIGH_VOLATILITY
2018-04-12,1470.0,1507.0,1461.6,1493.4,1010000.0,1481.55,1342.0549999999998,86.90689711397357,0.02010944361325958,BULLISH,RSI_HIGH,HIGH_VOLATILITY
2018-04-13,1493.0,1494.95,1453.05,1459.4,714200.0,1481.73,1351.565,80.19861570869693,0.019936399854632376,BULLISH,RSI_HIGH,HIGH_VOLATILITY
2018-04-16,1471.1,1484.45,1448.05,1457.25,1150000.0,1474.55,1361.1425000000002,82.54607402818644,0.01990469689695876,BULLISH,RSI_HIGH,HIGH_VOLATILITY
2018-04-17,1463.1,1495.0,1459.0,1489.0,664570.0,1476.39,1372.42,82.32711306256859,0.020038656276057,BULLISH,RSI_HIGH,HIGH_VOLATILITY
2018-04-18,1494.0,1497.5,1464.2,1474.65,601510.0,1474.7400000000002,1385.3625,77.81960784313726,0.01745179826656044,BULLISH,RSI_HIGH,LOW_VOLATILITY
2018-04-19,1465.75,1492.0,1454.2,1486.7,1510000.0,1473.4,1397.55,80.29016823583883,0.017203884507627245,BULLISH,RSI_HIGH,LOW_VOLATILITY
2018-04-20,1485.0,1520.0,1473.05,1503.35,991950.0,1482.19,1409.365,78.88209029270709,0.017043628372867898,BULLISH,RSI_HIGH,LOW_VOLATILITY
2018-04-23,1502.0,1506.0,1476.05,1486.4,406230.0,1488.02,1420.75,71.15830804925935,0.01729549332434003,BULLISH,RSI_HIGH,LOW_VOLATILITY
2018-04-24,1480.0,1497.0,1463.75,1486.15,530650.0,1487.4500000000003,1432.7025,68.92850297105616,0.016922325890148533,BULLISH,RSI_NORMAL,LOW_VOLATILITY
2018-04-25,1481.0,1504.95,1481.0,1493.4,669530.0,1491.2,1443.23,60.77909508831361,0.016287026713924468,BULLISH,RSI_NORMAL,LOW_VOLATILITY
2018-04-26,1494.95,1511.15,1472.4,1498.6,1080000.0,1493.5800000000002,1453.295,59.915924826904046,0.016291667803323216,BULLISH,RSI_NORMAL,LOW_VOLATILITY
2018-04-27,1497.0,1498.75,1401.65,1407.8,1180000.0,1474.47,1459.1625,33.48171085736399,0.022180762197633198,BEARISH,RSI_NORMAL,HIGH_VOLATILITY
2018-04-30,1360.0,1443.45,1357.25,1402.8,1870000.0,1457.75,1462.8674999999998,34.599999999999966,0.021437661889734838,BEARISH,RSI_NORMAL,HIGH_VOLATILITY
2018-05-02,1412.8,1412.8,1331.1,1342.85,2200000.0,1429.09,1461.6174999999998,27.17940361740257,0.022773098895992643,BEARISH,RSI_LOW,HIGH_VOLATILITY
2018-05-03,1285.0,1294.0,1077.55,1206.05,13020000.0,1371.6200000000001,1452.55,16.83019739120391,0.03178596005710049,BEARISH,RSI_LOW,HIGH_VOLATILITY
2018-05-04,1211.1,1217.3,1168.7,1182.25,1740000.0,1308.35,1439.22,17.236079914883504,0.029548804615590382,BEARISH,RSI_LOW,HIGH_VOLATILITY
2018-05-07,1182.25,1202.7,1140.1,1167.45,1830000.0,1260.2800000000002,1424.6675,16.735537190082596,0.029300706122107452,BEARISH,RSI_LOW,HIGH_VOLATILITY
2018-05-08,1171.0,1203.7,1158.3,1195.95,1070000.0,1218.91,1409.8075,16.109633398866606,0.02934150797357287,BEARISH,RSI_LOW,HIGH_VOLATILITY
2018-05-09,1180.0,1188.0,1161.0,1171.05,975510.0,1184.55,1394.37,15.725897493790868,0.029426103392962186,BEARISH,RSI_LOW,HIGH_VOLATILITY
2018-05-10,1163.25,1182.5,1140.8,1145.9,708880.0,1172.52,1377.52,12.631578947368368,0.029337419997144943,BEARISH,RSI_LOW,HIGH_VOLATILITY
2018-05-11,1151.0,1167.95,1138.2,1162.95,585840.0,1168.6600000000003,1360.9975,12.708150744960534,0.029659742740520457,BEARISH,RSI_LOW,HIGH_VOLATILITY
2018-05-14,1174.7,1191.6,1150.0,1187.65,723660.0,1172.7,1347.4099999999999,17.817515889259923,0.030440239682699398,BEARISH,RSI_LOW,HIGH_VOLATILITY
2018-05-15,1187.65,1248.6,1187.0,1197.4,1690000.0,1172.9900000000002,1334.4175,19.518631901192833,0.030655714893911737,BEARISH,RSI_LOW,HIGH_VOLATILITY
2018-05-16,1188.0,1209.95,1179.05,1203.5,822220.0,1179.48,1320.1425,19.322751322751287,0.02998447576621649,BEARISH,RSI_LOW,HIGH_VOLATILITY
2018-05-17,1203.5,1206.2,1171.55,1179.4,660340.0,1186.18,1305.38,17.52136752136751,0.03006515380777324,BEARISH,RSI_LOW,HIGH_VOLATILITY
2018-05-18,1172.35,1194.7,1126.8,1140.2,986460.0,1181.63,1288.055,19.57708049113232,0.030125808786653524,BEARISH,RSI_LOW,HIGH_VOLATILITY
2018-05-21,1140.0,1153.3,1085.0,1133.95,994420.0,1170.89,1269.585,19.521596190908056,0.029655674793267375,BEARISH,RSI_LOW,HIGH_VOLATILITY
2018-05-22,1138.0,1154.9,1109.75,1141.0,1010000.0,1159.6100000000001,1252.315,23.998454205848248,0.029982889119698618,BEARISH,RSI_LOW,HIGH_VOLATILITY
2018-05-23,1137.6,1168.25,1114.85,1160.7,990090.0,1151.0500000000002,1236.0425,41.634384799852434,0.030612898122870897,BEARISH,RSI_NORMAL,HIGH_VOLATILITY
2018-05-24,1144.0,1169.7,1142.2,1164.9,619660.0,1148.15,1219.6175,46.550009942334476,0.030578008722104998,BEARISH,RSI_NORMAL,HIGH_VOLATILITY
2018-05-25,1174.0,1224.6,1171.5,1211.85,1490000.0,1162.48,1205.28,57.827926657263745,0.03259378924570041,BULLISH,RSI_NORMAL,HIGH_VOLATILITY
2018-05-28,1252.85,1276.45,1234.25,1249.1,1860000.0,1185.51,1197.345,59.09013169146569,0.031518837311266694,BULLISH,RSI_NORMAL,HIGH_VOLATILITY
2018-05-29,1247.0,1265.95,1210.05,1218.15,1140000.0,1200.94,1188.1125,57.89209115281505,0.03180675980897427,BULLISH,RSI_NORMAL,HIGH_VOLATILITY
2018-05-30,1224.25,1249.6,1216.8,1239.05,1360000.0,1216.61,1182.9225000000001,65.83375828658848,0.03102901073654619,BULLISH,RSI_NORMAL,HIGH_VOLATILITY
2018-05-31,1244.95,1256.0,1194.3,1219.25,11020000.0,1227.48,1183.5825,59.48130683731897,0.02103854063514812,BULLISH,RSI_NORMAL,HIGH_VOLATILITY
2018-06-01,1209.25,1225.35,1171.8,1176.8,906170.0,1220.4699999999998,1183.31,48.275862068965495,0.02205725014761603,BEARISH,RSI_NORMAL,HIGH_VOLATILITY
2018-06-04,1194.7,1216.2,1166.85,1177.2,1090000.0,1206.0900000000001,1183.7975000000001,46.69177857844742,0.021859668622462327,BEARISH,RSI_NORMAL,HIGH_VOLATILITY
2018-06-05,1179.95,1189.0,1155.1,1176.5,734860.0,1197.7599999999998,1182.825,45.49849949983327,0.02113160231694727,BEARISH,RSI_NORMAL,HIGH_VOLATILITY
2018-06-06,1174.0,1198.8,1161.25,1170.4,611810.0,1184.0300000000002,1182.7925,48.40368925150762,0.020627671593699128,BEARISH,RSI_NORMAL,HIGH_VOLATILITY
2018-06-07,1174.0,1201.6,1165.6,1171.45,623680.0,1174.4699999999998,1184.0700000000002,56.41025641025642,0.019988481918100123,BEARISH,RSI_NORMAL,HIGH_VOLATILITY
2018-06-08,1171.0,1193.7,1165.0,1186.3,698260.0,1176.3700000000001,1185.2375,60.3724985139687,0.019915624552922825,BULLISH,RSI_NORMAL,HIGH_VOLATILITY
2018-06-11,1190.0,1197.35,1180.25,1188.4,476130.0,1178.61,1185.275,59.579628132578854,0.01935153367954358,BULLISH,RSI_NORMAL,LOW_VOLATILITY
2018-06-12,1190.0,1206.0,1188.45,1196.5,436640.0,1182.61,1185.23,57.59117896522478,0.01932370069987813,BULLISH,RSI_NORMAL,LOW_VOLATILITY
2018-06-13,1197.0,1233.05,1197.0,1218.95,595900.0,1192.3200000000002,1186.0025,60.63766975004921,0.01974526944380475,BULLISH,RSI_NORMAL,LOW_VOLATILITY
2018-06-14,1218.95,1234.8,1215.5,1224.15,434520.0,1202.8600000000001,1188.24,52.896844088553976,0.019132968534794844,BULLISH,RSI_NORMAL,LOW_VOLATILITY
2018-06-15,1208.85,1230.0,1201.8,1220.45,634250.0,1209.69,1192.2525,41.986013986014015,0.01730678147766431,BULLISH,RSI_NORMAL,LOW_VOLATILITY
2018-06-18,1240.0,1249.9,1230.35,1241.35,524890.0,1220.2800000000002,1197.6225,56.87611144042675,0.017423803347733535,BULLISH,RSI_NORMAL,LOW_VOLATILITY
2018-06-19,1235.0,1250.0,1224.1,1228.65,543130.0,1226.7099999999998,1202.005,46.76012461059194,0.01773280474406273,BULLISH,RSI_NORMAL,LOW_VOLATILITY
2018-06-20,1221.0,1221.0,1126.35,1136.45,2730000.0,1210.21,1200.7925,32.22413052812365,0.02470210497229169,BEARISH,RSI_NORMAL,HIGH_VOLATILITY
2018-06-21,1153.0,1204.7,1150.0,1175.95,3070000.0,1200.5700000000002,1201.345,49.815177212437504,0.025942695908898358,BEARISH,RSI_NORMAL,HIGH_VOLATILITY
2018-06-22,1179.0,1190.6,1160.1,1187.25,870780.0,1193.9299999999998,1200.1150000000002,52.08636080548058,0.024341068623556585,BEARISH,RSI_NORMAL,HIGH_VOLATILITY
2018-06-25,1187.0,1198.0,1161.2,1173.1,670550.0,1180.28,1196.315,49.33149823043647,0.023283891502663082,BEARISH,RSI_NORMAL,HIGH_VOLATILITY
2018-06-26,1172.0,1184.2,1156.8,1169.8,664980.0,1168.51,1193.8975,49.88071570576538,0.02270700934518297,BEARISH,RSI_NORMAL,HIGH_VOLATILITY
2018-06-27,1165.9,1165.9,1137.0,1149.5,984350.0,1171.12,1189.42,45.946445060018455,0.022503247298508465,BEARISH,RSI_NORMAL,HIGH_VOLATILITY
2018-06-28,1135.9,1148.0,1077.0,1100.15,1700000.0,1155.96,1183.4650000000001,35.8886158886159,0.024044356248742006,BEARISH,RSI_NORMAL,HIGH_VOLATILITY
2018-06-29,1100.0,1125.7,1070.1,1088.5,3120000.0,1136.21,1179.05,34.132782719186764,0.023044374747559167,BEARISH,RSI_NORMAL,HIGH_VOLATILITY
2018-07-02,1093.0,1098.5,1038.3,1049.65,1460000.0,1111.52,1172.6725000000001,28.751266097525686,0.024101604444700594,BEARISH,RSI_LOW,HIGH_VOLATILITY
2018-07-03,1048.0,1070.0,1035.3,1063.95,1670000.0,1090.35,1167.045,27.030231179608748,0.024458923699215946,BEARISH,RSI_LOW,HIGH_VOLATILITY
2018-07-04,1065.0,1085.0,1063.8,1081.1,527080.0,1076.67,1162.58,29.526263059968457,0.024897746894499938,BEARISH,RSI_LOW,HIGH_VOLATILITY
2018-07-05,1085.0,1090.25,1069.05,1075.9,363230.0,1071.8200000000002,1157.8025,29.400028502208883,0.024875481636766263,BEARISH,RSI_LOW,HIGH_VOLATILITY
2018-07-06,1082.0,1097.2,1062.55,1075.45,947010.0,1069.21,1152.26,24.89406779661016,0.024585639719864515,BEARISH,RSI_LOW,HIGH_VOLATILITY
2018-07-09,1090.0,1090.0,1074.4,1083.95,369200.0,1076.0700000000002,1147.0375,27.820355610055145,0.024707215418849484,BEARISH,RSI_LOW,HIGH_VOLATILITY
2018-07-10,1088.0,1103.0,1080.3,1090.6,776390.0,1081.4,1141.7424999999998,40.47371701641382,0.02469156780992127,BEARISH,RSI_NORMAL,HIGH_VOLATILITY
2018-07-11,1097.0,1097.0,1061.0,1073.9,475730.0,1079.96,1134.4900000000002,26.577920587560172,0.02418497397562087,BEARISH,RSI_LOW,HIGH_VOLATILITY
2018-07-12,1100.0,1137.05,1084.05,1124.3,1660000.0,1089.6399999999999,1129.4975,37.75053512356485,0.026873233574824403,BEARISH,RSI_NORMAL,HIGH_VOLATILITY
2018-07-13,1130.1,1138.85,1095.45,1106.6,663500.0,1095.87,1123.8049999999998,37.23608445297501,0.02700168893993252,BEARISH,RSI_NORMAL,HIGH_VOLATILITY
2018-07-16,1107.0,1110.0,1079.6,1100.85,434500.0,1099.25,1116.7800000000002,36.889142422513736,0.026516354458607037,BEARISH,RSI_NORMAL,HIGH_VOLATILITY
2018-07-17,1119.0,1129.8,1100.05,1120.0,959730.0,1105.1299999999999,1111.3475,44.36592818945759,0.02698059586873695,BULLISH,RSI_NORMAL,HIGH_VOLATILITY
2018-07-18,1128.0,1128.0,1090.2,1099.15,429220.0,1110.1799999999998,1109.4824999999998,49.78568366909558,0.021605021589535846,BEARISH,RSI_NORMAL,HIGH_VOLATILITY
2018-07-19,1100.0,1109.85,1062.0,1068.75,575100.0,1099.07,1104.1225,46.082126562190034,0.020584056882752645,BEARISH,RSI_NORMAL,HIGH_VOLATILITY
2018-07-20,1068.5,1076.25,1045.3,1063.65,872230.0,1090.48,1097.9424999999999,53.20659642693543,0.020312181304957096,BEARISH,RSI_NORMAL,HIGH_VOLATILITY
2018-07-23,1063.25,1082.05,1042.7,1054.9,894040.0,1081.29,1092.0325,47.873090481786136,0.02026545460474808,BEARISH,RSI_NORMAL,HIGH_VOLATILITY
2018-07-24,1053.7,1067.35,1035.0,1041.6,482820.0,1065.6100000000001,1085.6225,40.54571565342267,0.020325512891304128,BEARISH,RSI_NORMAL,HIGH_VOLATILITY
2018-07-25,1045.0,1048.55,1008.0,1022.4,1200000.0,1050.26,1079.2675000000002,37.99910273665317,0.020359806508103803,BEARISH,RSI_NORMAL,HIGH_VOLATILITY
2018-07-26,1022.0,1034.3,996.3,1008.75,816250.0,1038.26,1074.6975,35.874629394324415,0.018497845142495722,BEARISH,RSI_NORMAL,LOW_VOLATILITY
2018-07-27,1012.0,1021.0,1001.05,1009.1,386050.0,1027.35,1070.7275,33.58192586093439,0.01845956699148483,BEARISH,RSI_NORMAL,LOW_VOLATILITY
2018-07-30,1007.9,1019.45,991.85,1005.05,740430.0,1017.3799999999999,1068.4975,31.018415797648103,0.016851836436816824,BEARISH,RSI_NORMAL,LOW_VOLATILITY
2018-07-31,930.0,950.0,890.55,929.7,8380000.000000001,995.0,1061.785,24.612676056338017,0.023030597092970118,BEARISH,RSI_LOW,HIGH_VOLATILITY
2018-08-01,935.0,938.0,919.0,924.7,1120000.0,975.46,1053.965,8.172673931265763,0.02241451140490245,BEARISH,RSI_LOW,HIGH_VOLATILITY
2018-08-02,924.65,972.0,924.0,965.35,1830000.0,966.7800000000001,1048.4375,22.997514815522877,0.025206159113038716,BEARISH,RSI_LOW,HIGH_VOLATILITY
2018-08-03,965.35,999.0,942.0,996.15,1930000.0,964.1899999999999,1044.4725,31.734124214933715,0.026524055725207513,BEARISH,RSI_NORMAL,HIGH_VOLATILITY
2018-08-06,994.9,1074.8,985.3,1066.2,2690000.0,976.4200000000001,1043.585,42.02962962962964,0.031195290277275918,BULLISH,RSI_NORMAL,HIGH_VOLATILITY
2018-08-07,1061.0,1087.45,1037.35,1046.45,1730000.0,999.7700000000001,1041.3775,42.16706302021403,0.031411450676521895,BULLISH,RSI_NORMAL,HIGH_VOLATILITY
2018-08-08,1045.5,1070.0,1012.2,1029.25,1160000.0,1020.68,1039.145,43.88923267326732,0.031438271917038324,BEARISH,RSI_NORMAL,HIGH_VOLATILITY
2018-08-09,1044.1,1076.6,1029.55,1060.9,1350000.0,1039.79,1035.975,49.60686204431737,0.030310103921279488,BULLISH,RSI_NORMAL,HIGH_VOLATILITY
2018-08-10,1070.0,1088.4,1060.5,1070.9,948920.0,1054.7400000000002,1034.19,52.27920227920228,0.030252119494619173,BULLISH,RSI_NORMAL,HIGH_VOLATILITY
2018-08-13,1060.0,1070.0,1028.45,1043.6,902690.0,1050.22,1031.3274999999999,50.27397260273972,0.03072974658533576,BULLISH,RSI_NORMAL,HIGH_VOLATILITY
2018-08-14,1058.0,1068.25,1044.0,1050.55,775750.0,1051.04,1027.855,53.99007795889439,0.030461682598732092,BULLISH,RSI_NORMAL,HIGH_VOLATILITY
2018-08-16,1050.1,1061.0,1042.55,1050.05,649310.0,1055.2,1025.4,56.08068315665488,0.030233785550052204,BULLISH,RSI_NORMAL,HIGH_VOLATILITY
2018-08-17,1057.4,1057.4,1047.0,1049.95,512220.0,1053.01,1024.46,56.01885958449978,0.029617319907258764,BULLISH,RSI_NORMAL,HIGH_VOLATILITY
2018-08-20,1050.0,1092.0,1046.05,1086.2,1180000.0,1056.07,1025.5875,60.92046830843763,0.03060402290893089,BULLISH,RSI_NORMAL,HIGH_VOLATILITY
2018-08-21,1086.9,1106.0,1070.1,1075.35,901800.0,1062.42,1026.61,73.7176355642403,0.030636009718016326,BULLISH,RSI_HIGH,HIGH_VOLATILITY
2018-08-23,1075.35,1076.0,1050.0,1054.0,504520.0,1063.11,1027.23,69.99072356215211,0.030852549833578508,BULLISH,RSI_NORMAL,HIGH_VOLATILITY
2018-08-24,1034.0,1066.5,1034.0,1054.9,919590.0,1064.0800000000002,1028.855,65.7852987837123,0.030511249798954858,BULLISH,RSI_NORMAL,HIGH_VOLATILITY
2018-08-27,1042.0,1061.0,1042.0,1049.7,770690.0,1064.03,1030.9025,60.3758961441581,0.030345786307418608,BULLISH,RSI_NORMAL,HIGH_VOLATILITY
2018-08-28,1049.7,1052.3,1018.8,1023.9,909900.0,1051.5700000000002,1031.6425,40.10757717492985,0.030941792479143002,BEARISH,RSI_NORMAL,HIGH_VOLATILITY
2018-08-29,1028.0,1028.95,961.0,966.8,2950000.0,1029.86,1029.73,34.14294246466257,0.03346082817687053,BEARISH,RSI_NORMAL,HIGH_VOLATILITY
2018-08-30,961.0,964.3,920.5,940.7,3610000.0,1007.2,1030.28,32.97442799461645,0.029380159202264878,BEARISH,RSI_NORMAL,HIGH_VOLATILITY
2018-08-31,939.95,955.9,925.3,928.85,1570000.0,981.99,1030.4875,22.518210197710744,0.029506637724695296,BEARISH,RSI_LOW,HIGH_VOLATILITY
2018-09-03,934.8,956.1,934.0,948.95,974930.0,961.8400000000001,1029.6675,25.64409826243262,0.028173643625998935,BEARISH,RSI_LOW,HIGH_VOLATILITY
2018-09-04,935.0,943.0,903.05,910.0,1930000.0,939.0600000000001,1025.3600000000001,24.503816793893165,0.028480438405786193,BEARISH,RSI_LOW,HIGH_VOLATILITY
2018-09-05,917.95,922.5,868.0,871.8,3340000.0,920.0600000000001,1015.64,19.522591645353813,0.02369824498932607,BEARISH,RSI_LOW,HIGH_VOLATILITY
2018-09-06,876.0,895.35,868.0,885.1,2690000.0,908.9399999999999,1007.5725,23.051788923378567,0.024237272237152108,BEARISH,RSI_LOW,HIGH_VOLATILITY
2018-09-07,889.8,922.35,883.1,913.45,3200000.0,905.86,1001.7825,29.584205803170832,0.025732128297190165,BEARISH,RSI_LOW,HIGH_VOLATILITY
2018-09-10,908.0,909.4,888.5,890.15,1970000.0,894.1,993.2450000000001,19.495876769877114,0.024595371406154743,BEARISH,RSI_LOW,HIGH_VOLATILITY
2018-09-11,891.0,912.0,886.0,892.35,1550000.0,890.57,984.3174999999999,20.73872721458271,0.024377603316889228,BEARISH,RSI_LOW,HIGH_VOLATILITY
2018-09-12,890.0,891.8,866.0,882.8,2000000.0,892.7699999999999,976.2774999999999,21.552010634762425,0.02406671503277539,BEARISH,RSI_LOW,HIGH_VOLATILITY
2018-09-14,893.7,916.95,878.0,886.3,1320000.0,893.01,968.0649999999999,22.224052718286686,0.02398741188632652,BEARISH,RSI_LOW,HIGH_VOLATILITY
2018-09-17,884.85,904.7,875.1,888.9,752390.0,888.1,960.0075,23.28015952143572,0.024057124117477565,BEARISH,RSI_LOW,HIGH_VOLATILITY
2018-09-18,894.4,897.4,856.0,861.8,787370.0,882.43,950.6,23.1800132362674,0.024486357337760712,BEARISH,RSI_LOW,HIGH_VOLATILITY
2018-09-19,862.0,873.45,846.1,868.8,1630000.0,877.72,939.7299999999999,30.563268544228507,0.02262684906623475,BEARISH,RSI_NORMAL,HIGH_VOLATILITY
2018-09-21,875.0,910.0,835.15,897.1,1650000.0,880.5799999999999,930.8175000000001,41.427447896185626,0.024626136759956663,BEARISH,RSI_NORMAL,HIGH_VOLATILITY
2018-09-24,875.0,890.0,850.9,862.7,882450.0,875.86,921.2525000000002,38.05309734513277,0.025400730298099104,BEARISH,RSI_NORMAL,HIGH_VOLATILITY
2018-09-25,846.5,860.65,821.0,852.75,1020000.0,868.6299999999999,911.1450000000001,31.96475440569931,0.025281758060824087,BEARISH,RSI_NORMAL,HIGH_VOLATILITY
2018-09-26,853.0,859.0,835.7,853.2,493990.0,866.9100000000001,901.3199999999999,37.55477651183176,0.02537176146823799,BEARISH,RSI_NORMAL,HIGH_VOLATILITY
2018-09-27,826.25,848.7,818.0,839.55,1250000.0,861.0600000000001,892.1025000000002,42.08200343726984,0.02518415016014585,BEARISH,RSI_NORMAL,HIGH_VOLATILITY
2018-09-28,843.6,870.55,816.5,826.1,885340.0,846.86,885.0674999999999,35.52502453385675,0.02280256689077004,BEARISH,RSI_NORMAL,HIGH_VOLATILITY
2018-10-01,812.0,815.95,769.05,806.65,1140000.0,835.65,878.3650000000001,22.601334017444884,0.02266052612166531,BEARISH,RSI_LOW,HIGH_VOLATILITY
2018-10-03,790.0,796.0,772.0,778.3,1740000.0,820.76,870.8375,22.03050762690677,0.023478233001635145,BEARISH,RSI_LOW,HIGH_VOLATILITY
2018-10-04,764.0,839.7,759.05,816.7,3040000.0,813.46,864.225,33.9826381537159,0.026030362717056468,BEARISH,RSI_NORMAL,HIGH_VOLATILITY
2018-10-05,784.5,813.0,755.95,766.85,1180000.0,798.92,857.0674999999999,29.028757460662007,0.027728860961986672,BEARISH,RSI_LOW,HIGH_VOLATILITY
2018-10-08,766.0,785.7,755.1,781.85,860940.0,790.0699999999999,852.5699999999999,31.863170689355826,0.027187078330549536,BEARISH,RSI_NORMAL,HIGH_VOLATILITY
2018-10-09,775.0,788.0,691.0,724.45,2070000.0,773.63,844.5375,26.01021152443475,0.030699886481952824,BEARISH,RSI_LOW,HIGH_VOLATILITY
2018-10-10,764.95,768.4,737.3,744.45,2570000.0,766.86,836.0875,32.51899299865934,0.030399342303789437,BEARISH,RSI_NORMAL,HIGH_VOLATILITY
2018-10-11,725.0,801.65,714.1,760.8,4440000.0,755.6800000000001,829.6200000000001,34.34782608695653,0.03095096000498615,BEARISH,RSI_NORMAL,HIGH_VOLATILITY
2018-10-12,770.85,816.6,770.85,808.55,2220000.0,764.02,825.43,37.851557140897235,0.034671312497994954,BEARISH,RSI_NORMAL,HIGH_VOLATILITY
2018-10-15,809.85,828.65,786.0,822.3,1350000.0,772.11,822.4050000000001,44.12449098312972,0.03495628295962034,BEARISH,RSI_NORMAL,HIGH_VOLATILITY
2018-10-16,825.1,875.85,814.15,869.25,1350000.0,801.0699999999999,821.5525,52.16649159663866,0.03744072687625705,BULLISH,RSI_NORMAL,HIGH_VOLATILITY
2018-10-17,870.1,877.35,830.0,837.15,1150000.0,819.61,818.9649999999999,48.05430961328645,0.03831032064141907,BULLISH,RSI_NORMAL,HIGH_VOLATILITY
2018-10-19,850.0,870.0,827.0,831.65,1150000.0,833.78,817.4575000000001,49.02300272075192,0.03775322344242289,BULLISH,RSI_NORMAL,HIGH_VOLATILITY
2018-10-22,831.7,833.0,800.0,806.5,1760000.0,833.3700000000001,814.3425,47.64423076923077,0.038231589957516084,BEARISH,RSI_NORMAL,HIGH_VOLATILITY
2018-10-23,781.35,814.95,781.35,803.85,1200000.0,829.68,809.68,49.649298597194395,0.03730421989118657,BEARISH,RSI_NORMAL,HIGH_VOLATILITY
2018-10-24,822.25,847.0,790.2,816.75,2450000.0,819.18,807.3824999999999,55.009771986970684,0.03670866227531937,BULLISH,RSI_NORMAL,HIGH_VOLATILITY
2018-10-25,786.65,892.0,786.65,877.95,4410000.0,827.3400000000001,808.6425,57.53289878243758,0.04043992946025452,BULLISH,RSI_NORMAL,HIGH_VOLATILITY
2018-10-26,877.65,893.55,860.0,870.1,1860000.0,835.0300000000001,809.4875,64.1612947469483,0.0405162967250707,BULLISH,RSI_NORMAL,HIGH_VOLATILITY
2018-10-29,869.0,890.95,854.0,884.4,836280.0,850.61,811.73,64.0923457468737,0.040417088502326996,BULLISH,RSI_NORMAL,HIGH_VOLATILITY
2018-10-30,876.0,901.6,870.05,882.4,968280.0,866.3199999999999,814.545,75.60382557951044,0.04018590912579027,BULLISH,RSI_HIGH,HIGH_VOLATILITY
2018-10-31,884.0,896.85,871.6,888.9,658580.0,880.75,818.6575,74.48720122054584,0.039658976330047856,BULLISH,RSI_HIGH,HIGH_VOLATILITY
2018-11-01,890.0,931.6,889.15,925.4,2210000.0,890.24,826.0125,76.11869247857823,0.039194968114504534,BULLISH,RSI_HIGH,HIGH_VOLATILITY
2018-11-02,954.5,979.0,945.05,975.25,1270000.0,911.2700000000001,833.9399999999999,76.27679697351829,0.039450037388107505,BULLISH,RSI_HIGH,HIGH_VOLATILITY
2018-11-05,979.8,983.0,951.45,968.9,736350.0,928.1700000000001,844.0424999999999,73.6604260813428,0.036044824192227265,BULLISH,RSI_HIGH,HIGH_VOLATILITY
2018-11-06,967.0,967.0,940.0,955.65,912780.0,942.8199999999999,852.7324999999998,65.64650488953276,0.03645998646897532,BULLISH,RSI_NORMAL,HIGH_VOLATILITY
2018-11-07,965.2,969.95,956.65,961.2,75470.0,957.2800000000001,864.57,74.85473852935284,0.03068470375449575,BULLISH,RSI_HIGH,HIGH_VOLATILITY
2018-11-09,970.8,1004.9,970.8,991.95,1360000.0,970.5899999999999,876.945,79.16666666666667,0.030797389235427193,BULLISH,RSI_HIGH,HIGH_VOLATILITY
2018-11-12,992.0,992.0,943.7,948.6,1150000.0,965.26,886.335,74.24914675767917,0.03339500072373141,BULLISH,RSI_HIGH,HIGH_VOLATILITY
2018-11-13,953.45,989.45,953.45,974.9,1140000.0,966.46,894.6525000000001,77.00931627980418,0.031431792558711334,BULLISH,RSI_HIGH,HIGH_VOLATILITY
2018-11-14,1000.0,1062.0,999.45,1048.45,3740000.0,985.0200000000001,905.9599999999998,80.70500927643783,0.03467934220570794,BULLISH,RSI_HIGH,HIGH_VOLATILITY
2018-11-15,1039.0,1057.9,1035.6,1043.95,2270000.0,1001.57,914.6949999999999,75.88895820336867,0.0332375515491409,BULLISH,RSI_HIGH,HIGH_VOLATILITY
2018-11-16,1043.0,1070.0,1028.0,1049.4,1840000.0,1013.0600000000001,925.3075000000001,78.17410433689503,0.03141057161082,BULLISH,RSI_HIGH,HIGH_VOLATILITY
2018-11-19,1047.95,1050.0,1017.1,1042.65,881680.0,1031.8700000000001,935.8574999999998,75.4707870593916,0.031406344229056846,BULLISH,RSI_HIGH,HIGH_VOLATILITY
2018-11-20,1036.5,1058.0,1027.15,1033.15,683280.0,1043.52,947.1899999999999,73.6916548797737,0.030250833006007626,BULLISH,RSI_HIGH,HIGH_VOLATILITY
2018-11-21,1070.0,1079.0,1042.3,1046.95,1100000.0,1043.22,959.345,74.28176371178368,0.030010565253259736,BULLISH,RSI_HIGH,HIGH_VOLATILITY
2018-11-22,1047.95,1050.0,1018.85,1026.4,665310.0,1039.7100000000003,969.8275000000001,66.3166397415186,0.03091146515150559,BULLISH,RSI_NORMAL,HIGH_VOLATILITY
2018-11-26,1056.0,1068.0,1042.5,1048.65,1800000.0,1039.56,978.3625,63.01880099326004,0.02727946663961244,BULLISH,RSI_NORMAL,HIGH_VOLATILITY
2018-11-27,1041.0,1045.0,1025.65,1035.6,737510.0,1038.15,986.6375,61.55578655578653,0.027413476034725753,BULLISH,RSI_NORMAL,HIGH_VOLATILITY
2018-11-28,1031.8,1047.55,1026.0,1036.9,595560.0,1038.9,994.2625,64.6846195553949,0.027409693736899287,BULLISH,RSI_NORMAL,HIGH_VOLATILITY
2018-11-29,1049.0,1061.3,1036.0,1048.45,2820000.0,1039.2,1002.5649999999999,65.43428268176189,0.02730058031046461,BULLISH,RSI_NORMAL,HIGH_VOLATILITY
2018-11-30,1050.45,1052.65,1028.45,1038.25,575050.0,1041.5700000000002,1010.0325,58.83250667684088,0.027620352604510807,BULLISH,RSI_NORMAL,HIGH_VOLATILITY
2018-12-03,1056.0,1056.3,972.15,982.8,1710000.0,1028.4,1012.9024999999999,56.23632385120348,0.029695711033276066,BEARISH,RSI_NORMAL,HIGH_VOLATILITY
2018-12-04,981.85,999.65,975.0,995.8,748250.0,1020.4399999999999,1013.93,54.00536604062859,0.027361164831752903,BEARISH,RSI_NORMAL,HIGH_VOLATILITY
2018-12-05,995.1,1012.0,985.5,1000.8,753400.0,1013.22,1015.525,37.613724980504294,0.027307229900595302,BEARISH,RSI_NORMAL,HIGH_VOLATILITY
2018-12-06,999.8,1001.85,956.35,991.1,1480000.0,1001.75,1017.2975,36.623639584915225,0.02720142502531625,BEARISH,RSI_NORMAL,HIGH_VOLATILITY
2018-12-07,993.0,1033.5,992.8,1021.05,1110000.0,998.3100000000001,1020.29,43.616302634541746,0.027911591760709373,BULLISH,RSI_NORMAL,HIGH_VOLATILITY
2018-12-10,986.0,1014.0,986.0,1004.55,858780.0,1002.6600000000001,1020.9199999999998,41.78170836928385,0.027386614071748687,BEARISH,RSI_NORMAL,HIGH_VOLATILITY
2018-12-11,981.05,1031.85,981.05,1026.1,869790.0,1008.7199999999999,1024.795,48.55443920442892,0.025608733544819802,BULLISH,RSI_NORMAL,HIGH_VOLATILITY
2018-12-12,1026.0,1040.5,1015.75,1023.95,773480.0,1013.35,1027.2475,45.047372954349704,0.025031124869083383,BEARISH,RSI_NORMAL,HIGH_VOLATILITY
2018-12-13,1038.0,1080.0,1034.0,1060.0,1700000.0,1027.1299999999999,1027.825,56.78239806217196,0.0199905268118893,BULLISH,RSI_NORMAL,HIGH_VOLATILITY
2018-12-14,1060.8,1069.9,1050.2,1061.6,467750.0,1035.24,1028.7075,52.85179475886364,0.019955738752988877,BULLISH,RSI_NORMAL,HIGH_VOLATILITY
2018-12-17,1066.05,1071.45,1052.4,1060.1,547640.0,1046.35,1029.2424999999998,55.68445475638052,0.01993752946255119,BULLISH,RSI_NORMAL,HIGH_VOLATILITY
2018-12-18,1070.0,1124.0,1062.0,1108.5,2140000.0,1062.83,1032.535,63.63290175171363,0.02222772503875687,BULLISH,RSI_NORMAL,HIGH_VOLATILITY
2018-12-19,1130.0,1155.6,1125.0,1151.45,1650000.0,1088.33,1038.45,67.5170068027211,0.02336780402175729,BULLISH,RSI_NORMAL,HIGH_VOLATILITY
2018-12-20,1151.45,1162.0,1141.25,1152.05,1080000.0,1106.74,1043.705,70.00703234880451,0.02332251062078833,BULLISH,RSI_HIGH,HIGH_VOLATILITY
2018-12-21,1159.8,1168.2,1139.05,1154.45,761580.0,1125.31,1050.1074999999998,87.09747136373467,0.02260754612246106,BULLISH,RSI_HIGH,HIGH_VOLATILITY
2018-12-24,1155.0,1174.9,1148.1,1161.4,714870.0,1145.5700000000002,1055.7450000000001,86.75099866844215,0.02231027239628086,BULLISH,RSI_HIGH,HIGH_VOLATILITY
2018-12-26,1174.0,1174.0,1142.55,1156.25,1410000.0,1155.1200000000001,1061.7775000000001,84.47549345752942,0.02204421542412367,BULLISH,RSI_HIGH,HIGH_VOLATILITY
2018-12-27,1139.9,1175.75,1139.9,1163.8,1010000.0,1157.59,1068.1225,88.66995073891627,0.022019069769090484,BULLISH,RSI_HIGH,HIGH_VOLATILITY
2018-12-28,1151.2,1188.0,1147.05,1178.5,978890.0,1162.88,1074.625,87.83946166786832,0.02203984394051832,BULLISH,RSI_HIGH,HIGH_VOLATILITY
2018-12-31,1175.0,1176.2,1159.05,1165.05,625130.0,1165.0,1080.965,89.14634146341463,0.02210659870446767,BULLISH,RSI_HIGH,HIGH_VOLATILITY
2019-01-01,1174.95,1183.2,1160.15,1165.6,765950.0,1165.84,1090.105,87.90760869565217,0.017229722480290147,BULLISH,RSI_HIGH,LOW_VOLATILITY
2019-01-02,1170.0,1179.1,1154.2,1161.0,644390.0,1166.79,1098.365,86.75248055779028,0.017419351418668415,BULLISH,RSI_HIGH,LOW_VOLATILITY
2019-01-03,1162.65,1171.95,1145.55,1156.55,394040.0,1165.34,1106.1525000000001,81.1753309654504,0.017606419470903644,BULLISH,RSI_HIGH,LOW_VOLATILITY
2019-01-04,1156.2,1156.55,1133.4,1143.2,994800.0,1158.28,1113.7575,74.48979591836738,0.017705581228408294,BULLISH,RSI_HIGH,LOW_VOLATILITY
2019-01-07,1125.05,1150.1,1105.6,1113.75,1020000.0,1148.02,1118.3925,63.78822924698022,0.01830804027887012,BEARISH,RSI_NORMAL,LOW_VOLATILITY
2019-01-08,1109.4,1128.35,1101.05,1110.3,987270.0,1136.96,1123.68,50.60160427807485,0.017756491695415835,BEARISH,RSI_NORMAL,LOW_VOLATILITY
2019-01-09,1114.9,1116.05,1093.0,1104.85,744660.0,1125.73,1127.6174999999998,29.21498661909007,0.017459725158310242,BEARISH,RSI_LOW,LOW_VOLATILITY
2019-01-10,1089.95,1102.7,1085.9,1097.0,767820.0,1113.82,1131.27,26.937578550481817,0.017584943599001084,BEARISH,RSI_LOW,LOW_VOLATILITY
2019-01-11,1095.0,1095.0,1054.2,1057.45,1100000.0,1096.67,1131.1425000000002,19.009584664536746,0.018055871490345436,BEARISH,RSI_LOW,LOW_VOLATILITY
2019-01-14,1058.0,1086.0,1052.55,1081.65,568050.0,1090.25,1132.145,27.050359712230218,0.018766531498950596,BEARISH,RSI_LOW,LOW_VOLATILITY
2019-01-15,1077.0,1091.0,1061.55,1082.95,836820.0,1084.78,1133.2875,28.428487345497345,0.018757195392630474,BEARISH,RSI_LOW,LOW_VOLATILITY
2019-01-16,1081.7,1146.0,1074.75,1136.55,1680000.0,1091.1200000000001,1134.69,43.69066913637415,0.01924883961968255,BULLISH,RSI_NORMAL,LOW_VOLATILITY
2019-01-17,1138.0,1141.0,1101.5,1112.9,1060000.0,1094.3,1132.7625,35.41574032903512,0.017716948410868467,BEARISH,RSI_NORMAL,LOW_VOLATILITY
2019-01-18,1104.9,1118.5,1068.1,1076.0,910410.0,1098.0099999999998,1128.96,32.07167304207769,0.01905901917936207,BEARISH,RSI_NORMAL,LOW_VOLATILITY
2019-01-21,1072.0,1079.4,1055.35,1062.95,626150.0,1094.27,1124.385,30.323940962238837,0.019115061962275054,BEARISH,RSI_NORMAL,LOW_VOLATILITY
2019-01-22,1055.8,1130.0,1046.65,1120.65,2240000.0,1101.81,1122.3474999999999,43.573817486860975,0.023075736207686527,BEARISH,RSI_NORMAL,HIGH_VOLATILITY
2019-01-23,1120.0,1126.0,1095.55,1109.3,1620000.0,1096.3600000000001,1120.0,42.6367461430575,0.023148401457309883,BEARISH,RSI_NORMAL,HIGH_VOLATILITY
2019-01-24,1072.1,1189.0,1072.1,1178.55,9700000.0,1109.49,1120.7375,54.691439946914386,0.027224929044865148,BULLISH,RSI_NORMAL,HIGH_VOLATILITY
2019-01-25,1180.0,1190.0,1152.7,1161.75,2320000.0,1126.64,1119.9,56.59159571546279,0.027282839666894997,BULLISH,RSI_NORMAL,HIGH_VOLATILITY
2019-01-28,1157.2,1181.95,1143.25,1171.3,941100.0,1148.31,1120.2125,58.238789843327936,0.02721767860588916,BULLISH,RSI_NORMAL,HIGH_VOLATILITY
2019-01-29,1170.0,1198.9,1165.3,1184.65,1140000.0,1161.1100000000001,1121.1650000000002,60.5527638190955,0.02732413426354333,BULLISH,RSI_NORMAL,HIGH_VOLATILITY
2019-01-30,1188.3,1188.55,1168.0,1174.75,605750.0,1174.2,1121.8525000000002,60.2262264895436,0.027385238309974642,BULLISH,RSI_NORMAL,HIGH_VOLATILITY
2019-01-31,1175.15,1194.0,1157.1,1187.8,992640.0,1176.05,1123.415,68.42923794712284,0.02745194068651358,BULLISH,RSI_NORMAL,HIGH_VOLATILITY
2019-02-01,1185.0,1201.65,1163.9,1174.1,766650.0,1178.52,1124.96,63.470785370829056,0.027451711919706735,BULLISH,RSI_NORMAL,HIGH_VOLATILITY
2019-02-04,1169.4,1172.4,1118.1,1160.85,521710.00000000006,1176.4299999999998,1127.315,60.96874119966204,0.026874720864596285,BULLISH,RSI_NORMAL,HIGH_VOLATILITY
2019-02-05,1151.0,1180.0,1151.0,1174.4,469750.0,1174.3799999999999,1130.52,56.00698301856849,0.026918308558330387,BULLISH,RSI_NORMAL,HIGH_VOLATILITY
2019-02-06,1174.0,1215.9,1169.4,1197.05,919960.0,1178.84,1135.1299999999999,63.397548161120795,0.027080342870868176,BULLISH,RSI_NORMAL,HIGH_VOLATILITY
2019-02-07,1182.0,1217.0,1182.0,1203.95,649800.0,1182.07,1140.4775,72.52244323182536,0.026946185459020566,BULLISH,RSI_HIGH,HIGH_VOLATILITY
2019-02-08,1196.15,1212.8,1189.3,1195.1,366900.0,1186.27,1147.3600000000001,73.61086296230116,0.02536237619377232,BULLISH,RSI_HIGH,HIGH_VOLATILITY
2019-02-11,1190.0,1199.1,1164.0,1187.05,555850.0,1191.5099999999998,1152.63,64.42224152910507,0.025215757852517975,BULLISH,RSI_NORMAL,HIGH_VOLATILITY
2019-02-12,1184.45,1189.7,1169.0,1174.25,532770.0,1191.48,1157.1950000000002,64.0189941722426,0.025450976905036834,BULLISH,RSI_NORMAL,HIGH_VOLATILITY
2019-02-13,1170.1,1184.4,1152.6,1162.15,768240.0,1184.5,1158.475,45.30085959885392,0.023289954877442433,BULLISH,RSI_NORMAL,HIGH_VOLATILITY
2019-02-14,1137.1,1183.95,1137.1,1171.95,879110.0,1178.1,1161.4275,53.04477611940299,0.022735843276884146,BULLISH,RSI_NORMAL,HIGH_VOLATILITY
2019-02-15,1156.0,1159.7,1119.25,1148.35,902080.0,1168.75,1165.045,43.67942715505371,0.021819203520937386,BEARISH,RSI_NORMAL,HIGH_VOLATILITY
2019-02-18,1138.0,1143.95,1100.0,1106.15,1180000.0,1152.5700000000002,1167.205,31.345057034220545,0.023384493621116706,BEARISH,RSI_NORMAL,HIGH_VOLATILITY
2019-02-19,1096.1,1122.95,1091.5,1101.05,818740.0,1137.93,1166.225,32.076848249027236,0.01994191916725867,BEARISH,RSI_NORMAL,HIGH_VOLATILITY
2019-02-20,1105.0,1149.5,1086.5,1140.0,1640000.0,1133.5,1167.7599999999998,39.67602591792659,0.021354862011254062,BEARISH,RSI_NORMAL,HIGH_VOLATILITY
2019-02-21,1119.8,1134.3,1107.05,1111.65,1130000.0,1121.44,1164.415,37.31464554133663,0.01667111364760275,BEARISH,RSI_NORMAL,LOW_VOLATILITY
2019-02-22,1113.0,1128.65,1107.35,1114.3,546230.0,1114.6299999999999,1162.0425,40.11887072808322,0.016482738713169246,BEARISH,RSI_NORMAL,LOW_VOLATILITY
2019-02-25,1115.0,1124.5,1108.25,1117.55,334140.0,1116.91,1159.355,37.38068812430628,0.01635258770748168,BEARISH,RSI_NORMAL,LOW_VOLATILITY
2019-02-26,1117.4,1137.5,1106.0,1128.2,1210000.0,1122.34,1156.5324999999998,33.856975381008226,0.016275884004715288,BEARISH,RSI_NORMAL,LOW_VOLATILITY
2019-02-27,1132.0,1142.4,1078.3,1112.3,1380000.0,1116.8,1153.4099999999999,29.381327334083224,0.016437749342590555,BEARISH,RSI_LOW,LOW_VOLATILITY
2019-02-28,1118.0,1130.85,1086.05,1125.35,1440000.0,1119.5400000000002,1150.2875,34.59924928240228,0.01646569181217624,BEARISH,RSI_NORMAL,LOW_VOLATILITY
2019-03-01,1113.95,1126.85,1093.15,1122.15,734580.0,1121.1100000000001,1147.69,35.35649819494586,0.016330744225676465,BEARISH,RSI_NORMAL,LOW_VOLATILITY
2019-03-05,1117.4,1198.9,1117.0,1186.15,862070.0,1134.83,1148.955,52.18108504398828,0.0208386590992888,BULLISH,RSI_NORMAL,HIGH_VOLATILITY
2019-03-06,1186.3,1239.6,1179.75,1228.7,1180000.0,1154.93,1151.67,60.972794723825224,0.022135903284422064,BULLISH,RSI_NORMAL,HIGH_VOLATILITY
2019-03-07,1234.0,1234.0,1210.0,1221.15,657390.0,1176.7,1152.875,58.172757475083074,0.02184899975768423,BULLISH,RSI_NORMAL,HIGH_VOLATILITY
2019-03-08,1220.0,1256.0,1216.7,1243.0,1340000.0,1200.23,1154.8274999999999,65.81453634085217,0.02214801357809401,BULLISH,RSI_NORMAL,HIGH_VOLATILITY
2019-03-11,1247.1,1308.5,1245.5,1301.95,1490000.0,1236.19,1160.1699999999998,80.98101265822787,0.02424120303695452,BULLISH,RSI_HIGH,HIGH_VOLATILITY
2019-03-12,1305.0,1308.35,1261.65,1269.7,1220000.0,1252.9,1164.3025,74.5738015445141,0.025007083775901707,BULLISH,RSI_HIGH,HIGH_VOLATILITY
2019-03-13,1280.0,1326.0,1280.0,1301.7,2640000.0,1267.5,1170.675,74.0481856038073,0.025206668351809913,BULLISH,RSI_HIGH,HIGH_VOLATILITY
2019-03-14,1302.7,1327.95,1290.55,1299.8,1160000.0,1283.23,1177.5575000000001,80.37126715092816,0.024992136302043368,BULLISH,RSI_HIGH,HIGH_VOLATILITY
2019-03-15,1305.9,1314.9,1286.0,1296.05,805060.0,1293.8400000000001,1183.7625,79.23435740710954,0.025059955901857757,BULLISH,RSI_HIGH,HIGH_VOLATILITY
2019-03-18,1300.0,1329.0,1300.0,1320.75,814710.0,1297.6,1192.3825,80.57478182365334,0.024488754592992476,BULLISH,RSI_HIGH,HIGH_VOLATILITY
2019-03-19,1320.0,1339.5,1320.0,1326.35,733820.0,1308.9299999999998,1203.3925000000002,80.27501909854851,0.022218281877057062,BULLISH,RSI_HIGH,HIGH_VOLATILITY
2019-03-20,1336.0,1434.0,1327.25,1423.7,3780000.0,1333.33,1219.525,88.09640322975291,0.02613964434446304,BULLISH,RSI_HIGH,HIGH_VOLATILITY
2019-03-22,1405.0,1462.0,1403.0,1427.05,5330000.0,1358.78,1233.8775,87.80701754385967,0.025707885792951277,BULLISH,RSI_HIGH,HIGH_VOLATILITY
2019-03-25,1440.0,1452.0,1376.2,1384.45,3710000.0,1376.46,1247.5175,79.91560218978103,0.026101081220593653,BULLISH,RSI_HIGH,HIGH_VOLATILITY
2019-03-26,1376.0,1430.0,1352.25,1423.15,3410000.0,1396.94,1262.96,78.68554829339143,0.02626452395566452,BULLISH,RSI_HIGH,HIGH_VOLATILITY
2019-03-27,1421.0,1421.0,1394.0,1401.3,1290000.0,1411.9299999999998,1277.1475,71.99286442405707,0.026929369285169726,BULLISH,RSI_HIGH,HIGH_VOLATILITY
2019-03-28,1396.0,1447.9,1388.1,1438.5,1730000.0,1414.89,1292.6625,75.7493188010899,0.027124832651426428,BULLISH,RSI_HIGH,HIGH_VOLATILITY
2019-03-29,1433.0,1449.95,1421.5,1428.15,1250000.0,1415.1100000000001,1308.4550000000002,72.54901960784314,0.026810039814083614,BULLISH,RSI_HIGH,HIGH_VOLATILITY
2019-04-01,1426.25,1442.0,1403.0,1416.8,1040000.0,1421.5800000000002,1323.0275,65.82173853147813,0.027213649589679853,BULLISH,RSI_NORMAL,HIGH_VOLATILITY
2019-04-02,1419.0,1419.0,1377.1,1382.95,1120000.0,1413.54,1336.0675,65.53284871759703,0.02820387135997696,BULLISH,RSI_NORMAL,HIGH_VOLATILITY
2019-04-03,1388.0,1396.0,1361.35,1365.25,1370000.0,1406.33,1345.0225,59.072091363311905,0.026457079598749798,BULLISH,RSI_NORMAL,HIGH_VOLATILITY
2019-04-04,1380.0,1441.6,1370.2,1431.95,3320000.0,1405.02,1355.185,65.91976870256596,0.02733754258493314,BULLISH,RSI_NORMAL,HIGH_VOLATILITY
2019-04-05,1435.55,1449.1,1414.55,1419.3,1330000.0,1403.25,1365.0925000000002,64.5359122538035,0.027417440557974036,BULLISH,RSI_NORMAL,HIGH_VOLATILITY
2019-04-08,1416.65,1427.45,1391.0,1413.15,709280.0,1402.52,1373.6,61.396151948692655,0.027441378584684827,BULLISH,RSI_NORMAL,HIGH_VOLATILITY
2019-04-09,1401.65,1411.25,1382.35,1391.05,751560.0,1404.1399999999999,1378.055,57.66769376629532,0.02611708740950642,BULLISH,RSI_NORMAL,HIGH_VOLATILITY
2019-04-10,1394.0,1425.25,1384.15,1394.0,1190000.0,1409.8899999999999,1384.27,45.465648854961835,0.025255897634023125,BULLISH,RSI_NORMAL,HIGH_VOLATILITY
2019-04-11,1390.0,1414.9,1381.8,1404.1,1080000.0,1404.3200000000002,1389.3899999999999,46.566940912490644,0.024814344874288023,BULLISH,RSI_NORMAL,HIGH_VOLATILITY
2019-04-12,1415.0,1436.8,1406.5,1432.65,1150000.0,1406.99,1396.0325,57.52654590880699,0.025035827293530495,BULLISH,RSI_NORMAL,HIGH_VOLATILITY
2019-04-15,1430.0,1483.9,1430.0,1477.35,1760000.0,1419.83,1405.0975,58.307786633966856,0.02561227296103376,BULLISH,RSI_NORMAL,HIGH_VOLATILITY
2019-04-16,1485.1,1610.0,1477.4,1581.9,8150000.0,1458.0,1418.1550000000002,72.08363903154806,0.02925771163380192,BULLISH,RSI_HIGH,HIGH_VOLATILITY
2019-04-18,1597.0,1650.0,1542.25,1554.4,8340000.0,1490.0800000000002,1429.5575,64.51653306613227,0.029854186432147413,BULLISH,RSI_NORMAL,HIGH_VOLATILITY
2019-04-22,1530.0,1544.8,1475.9,1488.85,3330000.0,1507.03,1432.815,56.679137323943635,0.027714643338153724,BULLISH,RSI_NORMAL,HIGH_VOLATILITY
2019-04-23,1500.0,1520.0,1458.3,1468.75,3340000.0,1514.25,1434.9,55.608334232969874,0.027947778179391085,BULLISH,RSI_NORMAL,HIGH_VOLATILITY
2019-04-24,1483.0,1489.8,1439.1,1472.6,2310000.0,1513.3,1439.3075000000001,60.34860902689597,0.02693676249771939,BULLISH,RSI_NORMAL,HIGH_VOLATILITY
2019-04-25,1480.0,1511.0,1473.0,1483.65,2430000.0,1493.65,1442.3325,63.88042203985931,0.02633836796167805,BULLISH,RSI_NORMAL,HIGH_VOLATILITY
2019-04-26,1493.0,1507.0,1466.1,1481.8,1280000.0,1479.1299999999999,1446.3575,56.89202267385591,0.02602473031538049,BULLISH,RSI_NORMAL,HIGH_VOLATILITY
2019-04-30,1494.9,1522.9,1473.25,1517.0,2180000.0,1484.76,1450.2825,62.714731910463286,0.025899603603831995,BULLISH,RSI_NORMAL,HIGH_VOLATILITY
2019-05-02,1512.95,1549.0,1496.5,1540.45,1830000.0,1499.1,1455.8975,65.85305105853047,0.025926845337940135,BULLISH,RSI_NORMAL,HIGH_VOLATILITY
2019-05-03,1550.0,1604.3,1546.05,1577.7,3900000.0,1520.1200000000001,1463.9424999999999,72.39889595583821,0.026135231816929703,BULLISH,RSI_HIGH,HIGH_VOLATILITY
2019-05-06,1569.8,1597.45,1553.0,1561.2,1820000.0,1535.63,1472.855,69.43282194328218,0.025499241495056113,BULLISH,RSI_NORMAL,HIGH_VOLATILITY
2019-05-07,1586.95,1586.95,1547.3,1576.75,1770000.0,1554.6200000000001,1483.4299999999998,69.81521863881555,0.02510287504260241,BULLISH,RSI_NORMAL,HIGH_VOLATILITY
2019-05-08,1575.05,1585.0,1545.3,1574.45,1260000.0,1566.1100000000001,1490.5549999999998,67.31802638006837,0.02319089804805172,BULLISH,RSI_NORMAL,HIGH_VOLATILITY
2019-05-09,1575.7,1575.7,1530.45,1536.8,1340000.0,1565.38,1496.4299999999998,57.38784640238598,0.023898843938368115,BULLISH,RSI_NORMAL,HIGH_VOLATILITY
2019-05-10,1549.1,1551.9,1512.1,1536.3,1510000.0,1557.1,1502.5875,42.356687898089156,0.023839797604012485,BULLISH,RSI_NORMAL,HIGH_VOLATILITY
2019-05-13,1536.3,1566.7,1524.0,1556.65,1110000.0,1556.19,1510.8674999999998,50.38639876352396,0.023429992306074936,BULLISH,RSI_NORMAL,HIGH_VOLATILITY
2019-05-14,1554.95,1579.1,1542.45,1564.25,1400000.0,1553.69,1519.3799999999999,66.1663807890223,0.023414699560652803,BULLISH,RSI_NORMAL,HIGH_VOLATILITY
2019-05-15,1570.0,1622.4,1563.05,1610.35,2450000.0,1560.8700000000001,1529.6924999999999,77.31481481481477,0.023995394018673552,BULLISH,RSI_HIGH,HIGH_VOLATILITY
2019-05-16,1580.0,1580.0,1453.2,1464.9,7060000.0,1546.49,1531.3049999999998,49.03942115768466,0.03216218759186444,BEARISH,RSI_NORMAL,HIGH_VOLATILITY
2019-05-17,1450.0,1498.35,1413.7,1473.75,8450000.0,1533.98,1531.125,48.75815353738082,0.03142765948775904,BEARISH,RSI_NORMAL,HIGH_VOLATILITY
2019-05-20,1519.0,1530.0,1440.8,1454.95,2640000.0,1513.6399999999999,1524.7775,46.76934183612081,0.026785062339338705,BEARISH,RSI_NORMAL,HIGH_VOLATILITY
2019-05-21,1482.0,1511.0,1455.0,1477.05,2620000.0,1496.2,1520.91,45.03665051559199,0.02690698038397834,BEARISH,RSI_NORMAL,HIGH_VOLATILITY
2019-05-22,1500.0,1516.8,1468.6,1509.1,2240000.0,1475.95,1521.9225,46.18659530470744,0.025674325640278384,BEARISH,RSI_NORMAL,HIGH_VOLATILITY
2019-05-23,1512.0,1557.0,1512.0,1543.9,1390000.0,1491.75,1525.6799999999998,45.863925599608415,0.025888123497312475,BULLISH,RSI_NORMAL,HIGH_VOLATILITY
2019-05-24,1570.95,1630.9,1566.65,1621.75,3190000.0,1521.35,1533.1375,56.44217469943611,0.027989354599976958,BULLISH,RSI_NORMAL,HIGH_VOLATILITY
2019-05-27,1616.0,1669.45,1596.65,1662.15,2700000.0,1562.7900000000002,1542.0625,58.62974939369444,0.028332680265832744,BULLISH,RSI_NORMAL,HIGH_VOLATILITY
2019-05-28,1698.0,1716.0,1648.15,1657.45,6780000.0,1598.8700000000001,1550.845,58.346741753821405,0.028356419205849564,BULLISH,RSI_NORMAL,HIGH_VOLATILITY
2019-05-29,1667.8,1667.8,1627.05,1640.45,1620000.0,1625.1399999999999,1557.0175,60.87503934529432,0.02825596250648046,BULLISH,RSI_NORMAL,HIGH_VOLATILITY
2019-05-30,1644.95,1663.0,1625.0,1644.05,2060000.0,1645.17,1562.1975,61.23214844157199,0.028135943351629927,BULLISH,RSI_NORMAL,HIGH_VOLATILITY
2019-05-31,1659.9,1680.0,1655.0,1676.3,1720000.0,1656.08,1567.1275,62.17068456921981,0.02797867023643007,BULLISH,RSI_NORMAL,HIGH_VOLATILITY
2019-06-03,1696.1,1711.0,1681.05,1691.35,1760000.0,1661.92,1573.635,62.73547094188377,0.0278083248557223,BULLISH,RSI_NORMAL,HIGH_VOLATILITY
2019-06-04,1677.3,1704.6,1677.3,1686.3,1140000.0,1667.6899999999998,1579.1125,58.29238999890819,0.027822527204227517,BULLISH,RSI_NORMAL,HIGH_VOLATILITY
2019-06-06,1691.0,1699.15,1666.15,1670.85,829320.0,1673.77,1583.9325000000001,81.39960359810945,0.027951357494940775,BULLISH,RSI_HIGH,HIGH_VOLATILITY
2019-06-07,1651.5,1677.0,1645.7,1661.2,956820.0,1677.2,1590.1525000000001,78.50950570342208,0.027306776057744942,BULLISH,RSI_HIGH,HIGH_VOLATILITY
2019-06-10,1664.15,1673.0,1650.0,1657.5,659670.0,1673.44,1596.2125,82.2891758329348,0.027326908403915995,BULLISH,RSI_HIGH,HIGH_VOLATILITY
2019-06-11,1659.7,1684.5,1655.85,1675.9,898310.0,1670.35,1602.175,82.0777544765285,0.027293600745599476,BULLISH,RSI_HIGH,HIGH_VOLATILITY
2019-06-12,1675.9,1680.0,1629.0,1650.95,1290000.0,1663.28,1606.51,73.41918441472677,0.027618425190242362,BULLISH,RSI_HIGH,HIGH_VOLATILITY
2019-06-13,1672.65,1694.0,1655.05,1676.15,1970000.0,1664.3400000000001,1609.8,72.54901960784314,0.02708124160280067,BULLISH,RSI_HIGH,HIGH_VOLATILITY
2019-06-14,1685.0,1686.6,1639.65,1645.9,635070.0,1661.28,1618.85,54.91553022593122,0.017012755965850612,BULLISH,RSI_NORMAL,LOW_VOLATILITY
2019-06-17,1640.0,1654.15,1634.5,1642.55,575280.0,1658.2900000000002,1627.29,45.30201342281877,0.017106763427872373,BULLISH,RSI_NORMAL,LOW_VOLATILITY
2019-06-18,1668.95,1674.1,1648.05,1662.65,1210000.0,1655.64,1637.675,51.160714285714285,0.016602708205824393,BULLISH,RSI_NORMAL,LOW_VOLATILITY
2019-06-19,1673.95,1683.0,1590.15,1609.15,1400000.0,1647.2800000000002,1644.28,43.99232245681383,0.018604266168216307,BEARISH,RSI_NORMAL,LOW_VOLATILITY
2019-06-20,1622.0,1623.95,1564.0,1582.25,1760000.0,1628.5,1647.9375,39.11205073995774,0.01871304510779113,BEARISH,RSI_NORMAL,LOW_VOLATILITY
2019-06-21,1559.9,1564.0,1531.05,1552.1,1820000.0,1609.7400000000002,1648.3474999999999,27.955271565495238,0.018651227883265356,BEARISH,RSI_LOW,LOW_VOLATILITY
2019-06-24,1540.0,1572.25,1536.2,1555.05,856220.0,1592.24,1645.0125,24.721810089020835,0.014499312161593577,BEARISH,RSI_LOW,LOW_VOLATILITY
2019-06-25,1556.95,1609.0,1555.35,1603.45,1210000.0,1580.4,1642.0775,36.763061191883736,0.01515779397103648,BEARISH,RSI_NORMAL,LOW_VOLATILITY
2019-06-26,1605.0,1609.85,1571.6,1575.8,995250.0,1573.73,1637.995,35.38366907581121,0.015552537174867506,BEARISH,RSI_NORMAL,LOW_VOLATILITY
2019-06-27,1575.0,1592.5,1568.2,1583.35,991360.0,1573.95,1635.14,37.95078161275345,0.015516788990353587,BEARISH,RSI_NORMAL,LOW_VOLATILITY
2019-06-28,1598.7,1598.7,1551.2,1557.95,649400.0,1575.12,1630.8349999999998,35.56200145032636,0.015811666855216875,BEARISH,RSI_NORMAL,LOW_VOLATILITY
2019-07-01,1560.5,1591.0,1560.5,1581.1,743250.0,1580.33,1626.075,36.43776824034334,0.015492978091854676,BEARISH,RSI_NORMAL,LOW_VOLATILITY
2019-07-02,1586.05,1586.1,1552.85,1563.6,700560.0,1572.36,1619.6875,37.23139891828679,0.01533822253330577,BEARISH,RSI_NORMAL,LOW_VOLATILITY
2019-07-03,1579.7,1585.9,1567.0,1579.45,711860.0,1573.09,1614.345,35.46738803727082,0.01565267151329029,BEARISH,RSI_NORMAL,LOW_VOLATILITY
2019-07-04,1582.6,1647.0,1573.7,1635.75,1770000.0,1583.57,1612.59,48.58536585365852,0.017805635757412456,BULLISH,RSI_NORMAL,LOW_VOLATILITY
2019-07-05,1639.0,1661.0,1554.2,1562.0,1890000.0,1584.3799999999999,1607.6299999999999,40.61516952114646,0.020357741813908262,BEARISH,RSI_NORMAL,HIGH_VOLATILITY
2019-07-08,1562.0,1578.95,1548.95,1571.05,696540.0,1582.37,1603.3075,39.04568285099257,0.020450003650683887,BEARISH,RSI_NORMAL,HIGH_VOLATILITY
2019-07-09,1576.0,1577.0,1508.65,1566.3,1260000.0,1582.91,1597.8274999999999,44.19926898605657,0.020198823875967022,BEARISH,RSI_NORMAL,HIGH_VOLATILITY
2019-07-10,1409.7,1417.0,1264.85,1398.05,12140000.0,1546.6299999999999,1585.1825000000001,31.96592911689838,0.030823879196905983,BEARISH,RSI_NORMAL,HIGH_VOLATILITY
2019-07-11,1378.95,1383.85,1273.2,1354.5,12110000.0,1490.3799999999999,1569.1,31.148635756535015,0.030742523038278194,BEARISH,RSI_NORMAL,HIGH_VOLATILITY
2019-07-12,1352.0,1389.0,1339.45,1356.85,6290000.0,1449.35,1554.6475,31.069723018147073,0.030792542375416905,BEARISH,RSI_NORMAL,HIGH_VOLATILITY
2019-07-15,1300.0,1388.9,1293.85,1381.05,4020000.0,1411.35,1541.5725,27.728820348487858,0.0313493704189319,BEARISH,RSI_LOW,HIGH_VOLATILITY
2019-07-16,1384.0,1458.55,1365.0,1445.25,4410000.0,1387.1399999999999,1530.7024999999999,37.81841933376878,0.033390407006933555,BEARISH,RSI_NORMAL,HIGH_VOLATILITY
2019-07-17,1440.0,1483.95,1419.1,1465.25,6000000.0,1400.58,1523.5075,39.23034834944374,0.03310732894337491,BEARISH,RSI_NORMAL,HIGH_VOLATILITY
2019-07-18,1463.0,1482.3,1445.6,1458.9,2730000.0,1421.4599999999998,1517.34,40.642418516769006,0.03297513118863582,BEARISH,RSI_NORMAL,HIGH_VOLATILITY
2019-07-19,1478.0,1488.0,1452.0,1462.95,3000000.0,1442.6799999999998,1512.8825000000002,38.42007252768794,0.03279443472664199,BEARISH,RSI_NORMAL,HIGH_VOLATILITY
2019-07-22,1482.05,1531.0,1424.75,1519.2,7810000.0,1470.31,1511.09,45.955547458553475,0.03404258869193414,BULLISH,RSI_NORMAL,HIGH_VOLATILITY
2019-07-23,1514.0,1536.8,1501.0,1523.4,2430000.0,1485.94,1507.0875,44.783620288506285,0.03323285106866443,BULLISH,RSI_NORMAL,HIGH_VOLATILITY
2019-07-24,1527.95,1620.0,1450.2,1595.0,7060000.0,1511.8899999999999,1508.0475000000001,46.312550900371,0.034753211815843156,BULLISH,RSI_NORMAL,HIGH_VOLATILITY
2019-07-25,1610.0,1623.95,1577.0,1584.75,2880000.0,1537.06,1508.1174999999998,52.32593804314487,0.03478270081454732,BULLISH,RSI_NORMAL,HIGH_VOLATILITY
2019-07-26,1570.1,1606.2,1570.1,1582.45,1470000.0,1560.9600000000003,1509.3425000000002,51.18183703089364,0.03456677211800426,BULLISH,RSI_NORMAL,HIGH_VOLATILITY
2019-07-29,1574.0,1598.7,1560.55,1579.95,973550.0,1573.1100000000001,1509.285,51.42172690344757,0.03442424163200971,BULLISH,RSI_NORMAL,HIGH_VOLATILITY
2019-07-30,1579.0,1589.55,1539.25,1544.55,981800.0,1577.3400000000001,1508.3325,71.09735023041475,0.03471766549502112,BULLISH,RSI_HIGH,HIGH_VOLATILITY
2019-07-31,1534.0,1563.6,1510.3,1557.2,1210000.0,1569.7800000000002,1507.22,82.04236484350301,0.034690405940441156,BULLISH,RSI_HIGH,HIGH_VOLATILITY
2019-08-01,1551.0,1575.0,1539.0,1551.6,882990.0,1563.15,1503.0125,80.47253950868406,0.0336554872383732,BULLISH,RSI_HIGH,HIGH_VOLATILITY
2019-08-02,1555.1,1571.05,1502.3,1507.65,1600000.0,1548.19,1500.295,68.65605658709109,0.03272403597824287,BULLISH,RSI_NORMAL,HIGH_VOLATILITY
2019-08-05,1495.0,1506.35,1461.55,1491.0,1110000.0,1530.4,1496.2925,57.84061696658098,0.03275007385338996,BEARISH,RSI_NORMAL,HIGH_VOLATILITY
2019-08-06,1465.0,1519.85,1411.65,1492.5,3430000.0,1519.9900000000002,1492.6025000000002,54.98627630375115,0.03275638393759956,BEARISH,RSI_NORMAL,HIGH_VOLATILITY
2019-08-07,1481.0,1524.5,1477.75,1498.95,1150000.0,1508.34,1497.6474999999998,57.325772818730556,0.021352833089772053,BULLISH,RSI_NORMAL,HIGH_VOLATILITY
2019-08-08,1497.0,1523.95,1478.25,1518.15,1070000.0,1501.65,1505.83,59.566724436741765,0.0197807993954391,BULLISH,RSI_NORMAL,HIGH_VOLATILITY
2019-08-09,1525.0,1538.85,1512.1,1530.95,997950.0,1506.31,1514.535,52.39746990410121,0.019763210036107662,BULLISH,RSI_NORMAL,LOW_VOLATILITY
2019-08-13,1531.05,1539.8,1498.0,1507.15,858860.0,1509.54,1520.84,46.92990742490081,0.020138182656931087,BEARISH,RSI_NORMAL,HIGH_VOLATILITY
2019-08-14,1502.0,1631.2,1502.0,1599.5,2850000.0,1530.94,1528.5525,50.788367203924324,0.02194841741817039,BULLISH,RSI_NORMAL,HIGH_VOLATILITY
2019-08-16,1572.0,1615.35,1572.0,1600.9,1570000.0,1551.3300000000002,1535.335,52.91990598445129,0.021874519204196176,BULLISH,RSI_NORMAL,HIGH_VOLATILITY
2019-08-19,1633.0,1660.0,1610.0,1617.1,1430000.0,1571.12,1543.245,55.96488207953174,0.021800391069777728,BULLISH,RSI_NORMAL,HIGH_VOLATILITY
2019-08-20,1624.0,1645.0,1605.0,1631.65,1290000.0,1591.26,1551.6799999999998,58.54545454545455,0.021805634559017243,BULLISH,RSI_NORMAL,HIGH_VOLATILITY
2019-08-21,1641.5,1650.0,1618.0,1624.8,722330.0,1614.7900000000002,1556.96,64.64683336375249,0.02047866618727916,BULLISH,RSI_NORMAL,HIGH_VOLATILITY
2019-08-22,1625.0,1650.0,1614.8,1621.1,1240000.0,1619.1100000000001,1561.845,62.05660377358487,0.020519973990087887,BULLISH,RSI_NORMAL,HIGH_VOLATILITY
2019-08-23,1610.0,1655.15,1581.7,1645.5,1220000.0,1628.03,1564.3700000000001,66.5433403805497,0.018032480483536558,BULLISH,RSI_NORMAL,LOW_VOLATILITY
2019-08-26,1674.45,1687.95,1648.1,1680.35,978810.0,1640.6799999999998,1569.15,81.43429195485979,0.018428956974074834,BULLISH,RSI_HIGH,LOW_VOLATILITY
2019-08-27,1682.0,1695.0,1616.1,1648.6,1780000.0,1644.0699999999997,1572.4575,77.19116632160106,0.019057330045992974,BULLISH,RSI_HIGH,LOW_VOLATILITY
2019-08-28,1650.0,1665.0,1632.4,1659.25,1250000.0,1650.9599999999998,1576.4225,77.88927914366948,0.01905776752400568,BULLISH,RSI_HIGH,LOW_VOLATILITY
2019-08-29,1661.0,1667.45,1641.0,1656.25,944640.0,1657.9900000000002,1582.0075,76.61590524534684,0.01816998563713209,BULLISH,RSI_HIGH,LOW_VOLATILITY
2019-08-30,1664.95,1696.1,1652.0,1690.45,936780.0,1666.98,1588.6699999999998,77.7455716586151,0.018543521425373723,BULLISH,RSI_HIGH,LOW_VOLATILITY
2019-09-03,1688.0,1716.0,1612.6,1624.7,2090000.0,1655.85,1592.325,62.89723483285183,0.02086638858923437,BULLISH,RSI_NORMAL,HIGH_VOLATILITY
2019-09-04,1634.0,1652.9,1597.95,1641.2,1820000.0,1654.3700000000001,1599.0025,68.81931770321492,0.019609818003524494,BULLISH,RSI_NORMAL,LOW_VOLATILITY
2019-09-05,1638.0,1642.65,1616.05,1632.0,893530.0,1648.92,1606.0525,55.95238095238094,0.019420714470955176,BULLISH,RSI_NORMAL,LOW_VOLATILITY
2019-09-06,1634.0,1654.7,1634.0,1648.65,697760.0,1647.4,1613.86,58.28274067649608,0.019437379366407923,BULLISH,RSI_NORMAL,LOW_VOLATILITY
2019-09-09,1647.0,1684.5,1635.35,1675.65,758610.0,1644.44,1622.6950000000002,59.789332887477016,0.01959612318233223,BULLISH,RSI_NORMAL,LOW_VOLATILITY
2019-09-11,1670.1,1689.8,1655.2,1664.05,610670.0,1652.31,1629.99,55.471124620060756,0.019719290273460657,BULLISH,RSI_NORMAL,LOW_VOLATILITY
2019-09-12,1665.0,1737.95,1662.0,1723.05,2210000.0,1668.6799999999998,1639.595,64.10624551328067,0.020874611386925528,BULLISH,RSI_NORMAL,HIGH_VOLATILITY
2019-09-13,1728.9,1735.9,1704.15,1718.85,975400.0,1686.05,1650.1799999999998,64.0143369175627,0.02035751551251963,BULLISH,RSI_NORMAL,HIGH_VOLATILITY
2019-09-16,1669.95,1681.9,1652.1,1671.5,1060000.0,1690.6200000000001,1653.78,53.49744417541028,0.017304988080729295,BULLISH,RSI_NORMAL,LOW_VOLATILITY
2019-09-17,1660.0,1688.0,1652.0,1667.6,1000000.0,1689.0099999999998,1657.1150000000002,48.12912692589875,0.017334195196741727,BULLISH,RSI_NORMAL,LOW_VOLATILITY
2019-09-18,1686.0,1720.0,1673.1,1677.8,599250.0,1691.7599999999998,1660.15,54.57393483709273,0.01726073421642388,BULLISH,RSI_NORMAL,LOW_VOLATILITY
2019-09-19,1683.0,1701.5,1662.65,1693.95,720760.0,1685.94,1663.265,55.34339390206344,0.017274728442751856,BULLISH,RSI_NORMAL,LOW_VOLATILITY
2019-09-20,1698.2,1777.0,1670.4,1738.3,1840000.0,1689.83,1668.94,61.207485316213614,0.018019016758552494,BULLISH,RSI_NORMAL,LOW_VOLATILITY
2019-09-23,1735.0,1829.0,1727.2,1803.8,1080000.0,1716.2899999999997,1678.075,64.26324399144329,0.0194951921194561,BULLISH,RSI_NORMAL,LOW_VOLATILITY
2019-09-24,1810.0,1832.7,1791.7,1817.9,782290.0,1746.35,1686.6950000000002,77.94330344229097,0.0193760653712517,BULLISH,RSI_HIGH,LOW_VOLATILITY
2019-09-25,1822.3,1830.0,1793.0,1803.55,632280.0,1771.5,1692.855,73.62829282491626,0.019201808226296715,BULLISH,RSI_HIGH,LOW_VOLATILITY
2019-09-26,1827.0,1882.85,1821.0,1871.0,1780000.0,1806.9099999999999,1703.975,79.74116475858631,0.019828126331755687,BULLISH,RSI_HIGH,HIGH_VOLATILITY
2019-09-27,1859.0,1874.65,1829.7,1851.8,740840.0,1829.61,1713.6025000000002,75.12056386793614,0.020180821698762463,BULLISH,RSI_HIGH,HIGH_VOLATILITY
2019-09-30,1853.0,1898.85,1832.7,1889.65,1090000.0,1846.78,1725.2725000000003,75.77071290944119,0.02035770207414199,BULLISH,RSI_HIGH,HIGH_VOLATILITY
2019-10-01,1878.0,1888.85,1854.0,1869.9,811300.0,1857.1799999999998,1734.2449999999997,74.31203495925355,0.02043265250406958,BULLISH,RSI_HIGH,HIGH_VOLATILITY
2019-10-03,1812.1,1847.7,1780.55,1826.05,1180000.0,1861.6799999999998,1744.3125,62.61636452719253,0.018911466565347198,BULLISH,RSI_NORMAL,LOW_VOLATILITY
2019-10-04,1843.75,1843.75,1788.05,1809.6,910900.0,1849.4,1752.7325,60.79200856225471,0.019174949396201506,BULLISH,RSI_NORMAL,LOW_VOLATILITY
2019-10-07,1805.0,1821.0,1771.0,1795.15,539120.0,1838.0700000000002,1760.89,65.95278028641465,0.01925189776942282,BULLISH,RSI_NORMAL,LOW_VOLATILITY
2019-10-09,1800.0,1804.0,1763.05,1796.45,681450.0,1819.4299999999998,1768.28,66.73593973243277,0.019232452775203655,BULLISH,RSI_NORMAL,LOW_VOLATILITY
2019-10-10,1790.0,1814.3,1780.3,1790.1,409190.0,1803.47,1774.0025,64.73366570453946,0.019098881301975335,BULLISH,RSI_NORMAL,LOW_VOLATILITY
2019-10-11,1799.0,1800.0,1741.55,1749.65,688810.0,1788.19,1778.2824999999998,56.869758263443515,0.019854843200842742,BEARISH,RSI_NORMAL,HIGH_VOLATILITY
2019-10-14,1750.0,1772.9,1738.55,1766.75,456700.0,1779.6200000000001,1780.4675,53.7617347613381,0.018402004913239647,BEARISH,RSI_NORMAL,LOW_VOLATILITY
2019-10-15,1769.1,1771.7,1748.0,1752.05,561410.0,1771.0,1782.1275,42.09561631281503,0.01851346688566201,BEARISH,RSI_NORMAL,LOW_VOLATILITY
2019-10-16,1753.0,1763.65,1706.3,1725.8,926100.0,1756.8700000000001,1784.8425000000002,36.43593519882179,0.017684106448860256,BEARISH,RSI_NORMAL,LOW_VOLATILITY
2019-10-17,1717.0,1742.15,1692.15,1736.35,1370000.0,1746.1200000000001,1788.28,39.99106344950849,0.017682394089420454,BEARISH,RSI_NORMAL,LOW_VOLATILITY
2019-10-18,1729.0,1748.0,1706.05,1729.9,1000000.0,1742.17,1790.8850000000002,24.317437204222784,0.017703523356942707,BEARISH,RSI_LOW,LOW_VOLATILITY
2019-10-22,1719.0,1719.0,1666.5,1674.35,1110000.0,1723.6899999999998,1789.905,21.475647002089687,0.01912056874472345,BEARISH,RSI_LOW,LOW_VOLATILITY
2019-10-23,1667.0,1689.9,1641.1,1654.55,1050000.0,1704.19,1785.7175,9.880546075085263,0.018205508035547463,BEARISH,RSI_LOW,LOW_VOLATILITY
2019-10-24,1658.7,1692.35,1637.45,1664.9,1160000.0,1692.0099999999998,1778.7724999999998,13.857545839210147,0.015764965297049294,BEARISH,RSI_LOW,LOW_VOLATILITY
2019-10-25,1611.0,1644.3,1452.55,1467.8,11230000.0,1638.3,1761.2675,8.996222959826014,0.029824294114561802,BEARISH,RSI_LOW,HIGH_VOLATILITY
2019-10-27,1453.35,1453.35,1453.35,1453.35,11230000.0,1582.99,1743.7575000000002,9.03759917212831,0.029819575244425238,BEARISH,RSI_LOW,HIGH_VOLATILITY
2019-10-29,1394.0,1434.45,1377.95,1409.75,4130000.0,1530.07,1720.6950000000002,8.469827586206875,0.02789292936308261,BEARISH,RSI_LOW,HIGH_VOLATILITY
2019-10-30,1450.0,1534.4,1420.0,1512.05,6000000.0,1501.57,1703.7075,24.831858407079636,0.033921263224973,BEARISH,RSI_LOW,HIGH_VOLATILITY
2019-10-31,1521.5,1537.85,1450.0,1456.85,3360000.0,1459.9599999999998,1682.0674999999999,22.855746517878956,0.033663424074300764,BEARISH,RSI_LOW,HIGH_VOLATILITY
2019-11-01,1472.3,1507.35,1429.0,1438.65,4450000.0,1454.1299999999999,1660.5049999999999,23.715348208248813,0.0336604142926078,BEARISH,RSI_LOW,HIGH_VOLATILITY
2019-11-04,1440.05,1459.65,1421.6,1436.4,1640000.0,1450.7400000000002,1641.0224999999998,21.361074989163427,0.03364028533760909,BEARISH,RSI_LOW,HIGH_VOLATILITY
2019-11-05,1432.0,1503.0,1411.85,1462.45,4800000.0,1461.2800000000002,1623.6650000000002,25.378337017514042,0.034282097587080514,BEARISH,RSI_LOW,HIGH_VOLATILITY
2019-11-06,1474.0,1494.75,1451.05,1468.65,1110000.0,1452.6,1607.34,27.36554880732332,0.03442885512873135,BEARISH,RSI_LOW,HIGH_VOLATILITY
2019-11-07,1477.7,1497.9,1456.1,1492.55,2560000.0,1459.74,1592.145,29.033367733058142,0.034842672748346404,BEARISH,RSI_LOW,HIGH_VOLATILITY
2019-11-08,1495.0,1541.75,1480.55,1530.0,2400000.0,1478.01,1579.1399999999999,33.67896799477465,0.035641633342337,BEARISH,RSI_NORMAL,HIGH_VOLATILITY
2019-11-11,1524.0,1524.8,1470.1,1481.35,1570000.0,1487.0,1565.725,34.06275805119736,0.035909268683400046,BEARISH,RSI_NORMAL,HIGH_VOLATILITY
2019-11-13,1482.0,1494.95,1466.4,1477.55,898600.0,1490.02,1551.2649999999999,34.987277353689564,0.03569946506940953,BEARISH,RSI_NORMAL,HIGH_VOLATILITY
2019-11-14,1478.0,1525.0,1465.0,1516.9,1220000.0,1499.67,1539.5075000000002,38.03556992724333,0.036542526745267874,BEARISH,RSI_NORMAL,HIGH_VOLATILITY
2019-11-15,1510.0,1516.2,1456.15,1465.65,1570000.0,1494.29,1526.5,49.77255897598647,0.0370104928834367,BEARISH,RSI_NORMAL,HIGH_VOLATILITY
2019-11-18,1475.0,1486.9,1454.45,1460.0,997060.0,1480.29,1512.6825,50.71682656031046,0.03688493283779779,BEARISH,RSI_NORMAL,HIGH_VOLATILITY
2019-11-19,1460.0,1468.0,1422.2,1425.75,1130000.0,1469.17,1497.475,51.76017601760176,0.03702919153207524,BEARISH,RSI_NORMAL,HIGH_VOLATILITY
2019-11-20,1440.0,1449.6,1417.5,1426.65,962620.0,1458.9900000000002,1485.09,37.907108467856155,0.036673373303233586,BEARISH,RSI_NORMAL,HIGH_VOLATILITY
2019-11-21,1426.65,1443.05,1385.0,1400.2,1360000.0,1435.65,1472.3725,41.26714968398338,0.036747516575834215,BEARISH,RSI_NORMAL,HIGH_VOLATILITY
2019-11-22,1392.0,1404.9,1357.25,1391.0,2180000.0,1420.72,1458.6775000000002,42.444902489297604,0.03660373460234147,BEARISH,RSI_NORMAL,HIGH_VOLATILITY
2019-11-25,1390.15,1454.8,1390.15,1450.15,1800000.0,1418.75,1457.7949999999998,51.84687709872397,0.027742410668966332,BEARISH,RSI_NORMAL,HIGH_VOLATILITY
2019-11-26,1421.0,1439.5,1388.5,1413.1,2480000.0,1416.22,1455.7825,43.56164383561644,0.028246113529374787,BEARISH,RSI_NORMAL,HIGH_VOLATILITY
2019-11-27,1410.0,1439.95,1392.0,1427.2,1420000.0,1416.33,1456.655,44.70152115556692,0.027492594006652247,BEARISH,RSI_NORMAL,HIGH_VOLATILITY
2019-11-28,1420.0,1444.75,1418.0,1433.55,1070000.0,1423.0,1452.73,42.10385438972164,0.021782447297465965,BEARISH,RSI_NORMAL,HIGH_VOLATILITY
2019-11-29,1426.15,1474.9,1420.35,1444.2,1110000.0,1433.6399999999999,1452.0974999999999,37.62975778546717,0.02033284159356684,BEARISH,RSI_NORMAL,HIGH_VOLATILITY
2019-12-02,1458.0,1461.9,1437.35,1452.2,636930.0,1434.05,1452.775,45.23926179977139,0.020159980968649942,BEARISH,RSI_NORMAL,HIGH_VOLATILITY
2019-12-03,1438.0,1444.85,1390.2,1399.6,1420000.0,1431.35,1450.935,39.01958022256659,0.02178531310536865,BEARISH,RSI_NORMAL,HIGH_VOLATILITY
2019-12-04,1390.0,1419.2,1385.6,1405.8,800500.0,1427.0700000000002,1448.1025,32.737725295214446,0.021360772187636688,BEARISH,RSI_NORMAL,HIGH_VOLATILITY
2019-12-05,1379.6,1393.5,1317.25,1321.25,3270000.0,1404.6100000000001,1440.7325,29.667699239650844,0.02495811735667322,BEARISH,RSI_LOW,HIGH_VOLATILITY
2019-12-06,1325.0,1335.0,1305.55,1323.1,2100000.0,1380.3899999999999,1432.26,30.515229148875633,0.02450919943854364,BEARISH,RSI_NORMAL,HIGH_VOLATILITY
2019-12-09,1327.1,1351.85,1317.15,1327.8,1090000.0,1355.51,1422.15,34.778554778554806,0.023538094715622196,BEARISH,RSI_NORMAL,HIGH_VOLATILITY
2019-12-10,1327.4,1340.5,1324.15,1328.75,538100.0,1341.34,1414.52,34.78868862647609,0.022832687742983533,BEARISH,RSI_NORMAL,HIGH_VOLATILITY
2019-12-11,1330.0,1348.0,1325.0,1338.95,609570.0,1327.9699999999998,1407.59,39.97709049255443,0.023008362937157585,BEARISH,RSI_NORMAL,HIGH_VOLATILITY
2019-12-12,1348.9,1359.8,1331.5,1339.4,752300.0,1331.6,1398.715,41.30727762803238,0.021848279370143407,BEARISH,RSI_NORMAL,HIGH_VOLATILITY
2019-12-13,1347.0,1367.95,1310.0,1322.05,1540000.0,1331.39,1391.535,24.882352941176507,0.02092979601023354,BEARISH,RSI_LOW,HIGH_VOLATILITY
2019-12-16,1329.0,1329.0,1291.1,1299.8,1220000.0,1325.79,1383.525,26.41548709408832,0.021095105174494092,BEARISH,RSI_LOW,HIGH_VOLATILITY
2019-12-17,1300.0,1320.0,1295.05,1315.15,1110000.0,1323.0700000000002,1377.9950000000001,26.79643818595987,0.02099578032331365,BEARISH,RSI_LOW,HIGH_VOLATILITY
2019-12-18,1314.0,1320.0,1292.5,1309.25,895590.0,1317.13,1372.125,24.21161825726149,0.02096988551276628,BEARISH,RSI_LOW,HIGH_VOLATILITY
2019-12-19,1303.75,1309.0,1280.0,1286.05,952600.0,1306.4599999999998,1366.4175,18.81285742457115,0.020940896876803672,BEARISH,RSI_LOW,HIGH_VOLATILITY
2019-12-20,1300.0,1308.5,1286.0,1293.35,1090000.0,1300.72,1361.5349999999999,18.588095708918374,0.02104156761221779,BEARISH,RSI_LOW,HIGH_VOLATILITY
2019-12-23,1284.0,1315.0,1277.1,1300.35,1950000.0,1300.83,1354.045,26.055488540410195,0.01822462612139378,BEARISH,RSI_LOW,LOW_VOLATILITY
2019-12-24,1295.0,1310.0,1295.0,1306.95,819490.0,1299.19,1348.7375,26.197929207801664,0.01771083942554244,BEARISH,RSI_LOW,LOW_VOLATILITY
2019-12-26,1304.95,1339.2,1298.05,1321.95,1950000.0,1301.73,1343.475,50.25343953656772,0.017775021872107097,BEARISH,RSI_NORMAL,LOW_VOLATILITY
2019-12-27,1322.0,1345.0,1313.55,1340.05,1030000.0,1312.5300000000002,1338.8,55.490767735665685,0.01811410553188526,BULLISH,RSI_NORMAL,LOW_VOLATILITY
2019-12-30,1338.0,1352.7,1330.0,1343.1,831300.0,1322.48,1333.7450000000001,55.009823182711166,0.01799109185973779,BULLISH,RSI_NORMAL,LOW_VOLATILITY
2019-12-31,1345.0,1358.8,1328.25,1333.55,792220.0,1329.12,1327.8125,51.487910725356464,0.01787991376706456,BULLISH,RSI_NORMAL,LOW_VOLATILITY
2020-01-01,1333.55,1347.65,1330.0,1333.0,377630.0,1334.33,1324.4824999999998,48.03824596109461,0.016208572114532874,BULLISH,RSI_NORMAL,LOW_VOLATILITY
2020-01-02,1340.0,1346.95,1330.0,1332.4,396180.0,1336.42,1320.8125,47.69433465085639,0.016138409440214205,BULLISH,RSI_NORMAL,LOW_VOLATILITY
2020-01-03,1318.5,1382.5,1301.4,1360.95,3670000.0,1340.6,1322.7975000000001,61.93251533742334,0.009930735891140593,BULLISH,RSI_NORMAL,LOW_VOLATILITY
2020-01-06,1341.0,1347.9,1318.0,1327.1,1400000.0,1337.4,1322.9975,57.81786941580754,0.011553604895981616,BULLISH,RSI_NORMAL,LOW_VOLATILITY
2020-01-07,1327.15,1384.0,1327.15,1364.05,1430000.0,1343.5,1324.81,62.46177370030578,0.013096605084892632,BULLISH,RSI_NORMAL,LOW_VOLATILITY
2020-01-08,1326.05,1368.0,1320.0,1353.1,1790000.0,1347.52,1326.0275000000001,60.89440993788818,0.013266493691728748,BULLISH,RSI_NORMAL,LOW_VOLATILITY
2020-01-09,1385.0,1410.0,1369.2,1402.2,1940000.0,1361.48,1329.19,75.56680607528065,0.01539673837774671,BULLISH,RSI_HIGH,LOW_VOLATILITY
2020-01-10,1418.0,1430.9,1406.35,1416.3,1340000.0,1372.55,1333.0349999999999,76.27698226116692,0.015480582248165634,BULLISH,RSI_HIGH,LOW_VOLATILITY
2020-01-13,1421.3,1436.0,1407.65,1424.15,1240000.0,1391.96,1338.1399999999999,76.36286201022148,0.01502900739993543,BULLISH,RSI_HIGH,LOW_VOLATILITY
2020-01-14,1430.0,1436.4,1418.0,1423.25,810440.0,1403.8,1344.3125,75.38192928852027,0.014274383856345493,BULLISH,RSI_HIGH,LOW_VOLATILITY
2020-01-15,1425.95,1453.7,1416.1,1445.6,808670.0,1422.3,1350.8349999999998,76.14717699302174,0.014403250743896225,BULLISH,RSI_HIGH,LOW_VOLATILITY
2020-01-16,1492.05,1509.7,1443.0,1457.45,2440000.0,1433.35,1358.245,75.49956559513465,0.014249512813293412,BULLISH,RSI_HIGH,LOW_VOLATILITY
2020-01-17,1458.0,1480.0,1448.55,1472.95,631680.0,1444.68,1367.59,76.75664537399547,0.013191915989026746,BULLISH,RSI_HIGH,LOW_VOLATILITY
2020-01-20,1475.0,1485.0,1458.05,1472.35,528470.0,1454.3200000000002,1376.5400000000002,79.69619169875902,0.013291135305908702,BULLISH,RSI_HIGH,LOW_VOLATILITY
2020-01-21,1460.0,1462.8,1426.1,1438.8,1290000.0,1457.4299999999998,1383.4625,69.83502062242215,0.01482889689690681,BULLISH,RSI_NORMAL,LOW_VOLATILITY
2020-01-22,1440.0,1474.95,1428.75,1468.1,804060.0,1461.9299999999998,1391.52,72.96885578876093,0.015212567878404408,BULLISH,RSI_HIGH,LOW_VOLATILITY
2020-01-23,1485.0,1485.0,1451.3,1465.9,976620.0,1463.62,1398.7175000000002,69.50380970079908,0.015240662768309867,BULLISH,RSI_NORMAL,LOW_VOLATILITY
2020-01-24,1465.0,1513.35,1460.2,1501.5,1780000.0,1469.33,1406.79,82.20088626292466,0.015724392387402607,BULLISH,RSI_HIGH,LOW_VOLATILITY
2020-01-27,1499.0,1513.4,1480.25,1495.75,1410000.0,1474.0099999999998,1414.4225000000001,77.48330550918196,0.01585555698421996,BULLISH,RSI_HIGH,LOW_VOLATILITY
2020-01-28,1515.0,1541.0,1443.7,1453.75,6190000.0,1477.0,1420.4325000000001,68.59412525401811,0.01735664944645634,BULLISH,RSI_NORMAL,LOW_VOLATILITY
2020-01-29,1475.0,1480.35,1436.55,1462.1,1900000.0,1475.8,1426.8875,63.02740321879076,0.017320106482551837,BULLISH,RSI_NORMAL,LOW_VOLATILITY
2020-01-30,1451.0,1456.95,1405.0,1419.2,1820000.0,1466.46,1431.2275,50.560494781600326,0.01891063124742698,BEARISH,RSI_NORMAL,LOW_VOLATILITY
2020-01-31,1417.0,1426.95,1371.0,1378.25,1810000.0,1441.81,1432.0925,42.13502398903356,0.01970382329699841,BEARISH,RSI_NORMAL,LOW_VOLATILITY
2020-02-01,1369.0,1395.7,1334.85,1358.15,621700.0,1414.2900000000002,1433.645,39.533762057877816,0.01912360364596986,BEARISH,RSI_NORMAL,LOW_VOLATILITY
2020-02-03,1366.55,1401.7,1349.3,1391.8,1160000.0,1401.9,1435.0325,41.65373875271486,0.01891097850084703,BEARISH,RSI_NORMAL,LOW_VOLATILITY
2020-02-04,1400.0,1419.95,1395.0,1413.0,597880.0,1392.08,1438.0275000000001,43.29865822403134,0.019029926089346515,BEARISH,RSI_NORMAL,LOW_VOLATILITY
2020-02-05,1421.5,1455.0,1407.05,1450.35,885470.0,1398.31,1440.435,46.80339462517678,0.018214879821550907,BULLISH,RSI_NORMAL,LOW_VOLATILITY
2020-02-06,1450.0,1458.35,1387.0,1404.6,1790000.0,1403.58,1439.85,41.5025711777248,0.01955421537755027,BEARISH,RSI_NORMAL,LOW_VOLATILITY
2020-02-07,1408.0,1413.0,1391.45,1400.15,935770.0,1411.98,1438.65,44.77066702746584,0.019515792830355927,BEARISH,RSI_NORMAL,LOW_VOLATILITY
2020-02-10,1400.0,1411.8,1387.45,1400.85,758700.0,1413.79,1437.53,40.13785012465168,0.019517543179714034,BEARISH,RSI_NORMAL,LOW_VOLATILITY
2020-02-11,1411.0,1416.0,1384.05,1391.0,908660.0,1409.3899999999999,1434.8,39.25702811244975,0.019176417676986666,BEARISH,RSI_NORMAL,LOW_VOLATILITY
2020-02-12,1392.0,1450.0,1381.1,1442.2,1500000.0,1407.7599999999998,1434.0375,41.85886875343217,0.020943142894838906,BULLISH,RSI_NORMAL,HIGH_VOLATILITY
2020-02-13,1442.0,1457.85,1431.25,1444.4,948700.0,1415.72,1432.6100000000001,42.88090946901428,0.020790916646514414,BULLISH,RSI_NORMAL,HIGH_VOLATILITY
2020-02-14,1434.8,1464.8,1429.7,1439.1,822170.0,1423.5099999999998,1430.9474999999998,47.738848587745004,0.020800691219953434,BULLISH,RSI_NORMAL,HIGH_VOLATILITY
2020-02-17,1441.3,1465.0,1436.05,1455.8,507320.0,1434.5,1431.7975,49.05206139030996,0.020315114099769733,BULLISH,RSI_NORMAL,HIGH_VOLATILITY
2020-02-18,1447.4,1478.8,1426.75,1471.05,744040.0,1450.51,1431.9450000000002,58.509765304447725,0.019930160874675265,BULLISH,RSI_NORMAL,HIGH_VOLATILITY
2020-02-19,1475.0,1493.4,1463.15,1481.75,634200.0,1458.42,1432.7375,68.85932944606417,0.019985198207425153,BULLISH,RSI_NORMAL,HIGH_VOLATILITY
2020-02-20,1479.75,1479.75,1454.15,1464.85,631870.0,1462.5099999999998,1430.905,69.67182890855455,0.019354473930206752,BULLISH,RSI_NORMAL,LOW_VOLATILITY
2020-02-24,1458.0,1478.0,1418.0,1444.5,998280.0,1463.5899999999997,1428.3425,60.21713842574643,0.019560050376451945,BULLISH,RSI_NORMAL,LOW_VOLATILITY
2020-02-25,1444.0,1444.45,1335.0,1376.9,4780000.0,1447.81,1424.5,44.068353598422625,0.021268965805362843,BEARISH,RSI_NORMAL,HIGH_VOLATILITY
2020-02-26,1365.1,1410.5,1351.1,1391.45,1550000.0,1431.8899999999999,1420.9675,39.53818827708705,0.0213942907600678,BEARISH,RSI_NORMAL,HIGH_VOLATILITY
2020-02-27,1380.0,1382.9,1358.55,1366.5,1310000.0,1408.84,1418.3325,42.69275028768701,0.020777193445064786,BEARISH,RSI_NORMAL,HIGH_VOLATILITY
2020-02-28,1320.0,1341.95,1220.5,1300.05,4160000.0,1375.88,1414.4225000000001,34.49023861171365,0.022534293573766153,BEARISH,RSI_NORMAL,HIGH_VOLATILITY
2020-03-02,1313.0,1347.95,1213.5,1239.05,3160000.0,1334.79,1408.4675000000002,28.87728459530028,0.024507642145031802,BEARISH,RSI_LOW,HIGH_VOLATILITY
2020-03-03,1243.0,1284.5,1216.4,1228.45,4250000.0,1305.1,1400.3,28.82084690553748,0.02354131496890869,BEARISH,RSI_LOW,HIGH_VOLATILITY
2020-03-04,1225.15,1233.4,1154.05,1201.05,5730000.0,1267.02,1389.7024999999999,16.502291984997925,0.02325776586363922,BEARISH,RSI_LOW,HIGH_VOLATILITY
2020-03-05,1200.0,1227.65,1184.2,1211.1,2210000.0,1235.94,1377.74,18.28439369222403,0.02218288177050526,BEARISH,RSI_LOW,HIGH_VOLATILITY
2020-03-06,1090.0,1184.3,1090.0,1176.9,2440000.0,1211.31,1366.355,16.95235694479456,0.02201569957897247,BEARISH,RSI_LOW,HIGH_VOLATILITY
2020-03-09,1175.05,1233.5,1163.1,1213.2,3130000.0,1206.1399999999999,1357.0075000000002,20.862358875810713,0.023703902192763065,BEARISH,RSI_LOW,HIGH_VOLATILITY
2020-03-11,1205.0,1215.25,1149.7,1160.25,1750000.0,1192.5,1344.9775000000002,15.77092511013214,0.02500128676058492,BEARISH,RSI_LOW,HIGH_VOLATILITY
2020-03-12,1044.25,1044.25,945.0,1018.4,2390000.0,1155.9699999999998,1326.3475,10.407587798000506,0.03555424611055509,BEARISH,RSI_LOW,HIGH_VOLATILITY
2020-03-13,916.6,1032.75,865.65,998.8,2270000.0,1113.51,1304.1775,10.359785659607027,0.033413580029487716,BEARISH,RSI_LOW,HIGH_VOLATILITY
2020-03-16,941.0,1004.0,912.0,978.4,2770000.0,1073.81,1280.8775,10.35890457560808,0.033109985698622654,BEARISH,RSI_LOW,HIGH_VOLATILITY
2020-03-17,952.0,1010.0,937.3,976.7,2200000.0,1026.51,1257.7575000000002,11.666666666666643,0.033159043900087296,BEARISH,RSI_LOW,HIGH_VOLATILITY
2020-03-18,975.2,979.95,921.0,949.9,1520000.0,984.4399999999999,1232.4625,8.675713617220396,0.03242578075448218,BEARISH,RSI_LOW,HIGH_VOLATILITY
2020-03-19,891.0,987.0,882.0,909.2,1840000.0,962.6,1204.37,8.427272727272722,0.03192492658665817,BEARISH,RSI_LOW,HIGH_VOLATILITY
2020-03-20,850.1,949.2,835.1,871.7,4520000.0,937.1800000000001,1173.8674999999998,8.89549947221954,0.0313202284955764,BEARISH,RSI_LOW,HIGH_VOLATILITY
2020-03-23,784.55,958.0,784.55,856.95,1900000.0,912.89,1143.4725,9.762005054759882,0.031211956361493563,BEARISH,RSI_LOW,HIGH_VOLATILITY
2020-03-24,800.05,973.45,771.3,916.35,3150000.0,900.82,1117.065,20.196715049656206,0.037763537247386715,BEARISH,RSI_LOW,HIGH_VOLATILITY
2020-03-25,825.0,1053.8,825.0,1011.1,2510000.0,913.0600000000001,1098.775,33.9284203401303,0.04646350751747428,BEARISH,RSI_NORMAL,HIGH_VOLATILITY
2020-03-26,1000.0,1147.4,949.45,1008.9,3410000.0,933.0,1079.6475,32.66163608300462,0.04619124120693639,BEARISH,RSI_NORMAL,HIGH_VOLATILITY
2020-03-27,1012.0,1068.1,1005.2,1027.3,1880000.0,964.1200000000001,1062.6875,36.81473647100299,0.04677191705876789,BEARISH,RSI_NORMAL,HIGH_VOLATILITY
2020-03-30,990.0,1129.0,953.5,1016.7,1250000.0,996.07,1048.52,31.859305760709006,0.04601966153017778,BEARISH,RSI_NORMAL,HIGH_VOLATILITY
2020-03-31,1035.0,1078.4,1017.0,1066.15,945110.0,1026.03,1039.875,41.25627206838878,0.04706514069343872,BULLISH,RSI_NORMAL,HIGH_VOLATILITY
2020-04-01,1051.0,1052.4,982.0,999.0,1210000.0,1023.6099999999999,1028.4025,47.90677600345275,0.04873847971586329,BEARISH,RSI_NORMAL,HIGH_VOLATILITY
2020-04-03,999.0,1004.9,915.05,953.25,2310000.0,1012.4799999999999,1016.0125,45.34776835869677,0.04935140970868977,BEARISH,RSI_NORMAL,HIGH_VOLATILITY
2020-04-07,987.0,994.3,928.05,980.25,1750000.0,1003.07,1004.47,50.18643555376398,0.0499473649854313,BEARISH,RSI_NORMAL,HIGH_VOLATILITY
2020-04-08,960.0,1078.25,944.9,990.15,2720000.0,997.76,995.1324999999999,51.33339942500247,0.04991898624377003,BEARISH,RSI_NORMAL,HIGH_VOLATILITY
2020-04-09,995.0,1070.0,981.0,1041.95,1720000.0,992.9200000000001,986.5699999999999,58.694625484084256,0.051004058104521716,BULLISH,RSI_NORMAL,HIGH_VOLATILITY
2020-04-13,1052.0,1090.85,989.1,1068.4,2400000.0,1006.8,981.9775,65.45331003688604,0.05068104227614692,BULLISH,RSI_NORMAL,HIGH_VOLATILITY
2020-04-15,1001.0,1039.0,997.0,1007.55,2850000.0,1017.6600000000001,981.4350000000001,62.614913176710914,0.044285533607838934,BULLISH,RSI_NORMAL,HIGH_VOLATILITY
2020-04-16,998.0,1024.3,983.0,1010.0,1960000.0,1023.61,981.9950000000001,64.54433146441127,0.04404450024899554,BULLISH,RSI_NORMAL,HIGH_VOLATILITY
2020-04-17,1030.0,1088.7,1016.05,1068.3,2810000.0,1039.2400000000002,986.49,64.47005047138367,0.045444498346463344,BULLISH,RSI_NORMAL,HIGH_VOLATILITY
2020-04-20,1043.95,1043.95,1000.0,1004.15,2520000.0,1031.6799999999998,987.8625,49.29719890787744,0.047737342003681627,BULLISH,RSI_NORMAL,HIGH_VOLATILITY
2020-04-21,980.0,1020.0,966.6,1010.65,2040000.0,1020.1299999999999,990.9,50.17543859649123,0.0472190067173188,BULLISH,RSI_NORMAL,HIGH_VOLATILITY
2020-04-22,1010.0,1010.0,953.35,959.7,2430000.0,1010.5599999999998,993.425,43.638245812158864,0.04764379050941555,BEARISH,RSI_NORMAL,HIGH_VOLATILITY
2020-04-23,967.45,968.6,926.5,932.2,2640000.0,995.0,996.45,42.29295877417001,0.04709769379954855,BEARISH,RSI_NORMAL,HIGH_VOLATILITY
2020-04-24,930.0,938.55,878.75,891.75,2600000.0,959.6899999999999,998.1899999999999,33.827893175074195,0.04809000276929077,BEARISH,RSI_NORMAL,HIGH_VOLATILITY
2020-04-27,910.0,917.6,865.0,871.1,3190000.0,933.0799999999999,995.9275,37.02049928962858,0.045776358215573576,BEARISH,RSI_NORMAL,HIGH_VOLATILITY
2020-04-28,872.0,915.0,871.6,908.3,2910000.0,912.61,990.7875,45.35784364349892,0.040114799058186955,BEARISH,RSI_NORMAL,HIGH_VOLATILITY
2020-04-29,914.35,929.95,905.05,921.3,1630000.0,904.93,986.4075,43.73072423694565,0.040335587742502885,BEARISH,RSI_NORMAL,HIGH_VOLATILITY
2020-04-30,949.0,1037.85,930.05,995.25,5400000.0,917.54,984.8050000000001,50.47734930737552,0.044304987177491754,BULLISH,RSI_NORMAL,HIGH_VOLATILITY
2020-05-04,938.0,954.75,915.0,928.0,1880000.0,924.79,980.3700000000001,39.634312744473746,0.04674482811289094,BEARISH,RSI_NORMAL,HIGH_VOLATILITY
2020-05-05,925.0,974.7,908.2,950.3,4810000.0,940.6299999999999,974.5775,39.1750687442713,0.04560993613644718,BEARISH,RSI_NORMAL,HIGH_VOLATILITY
2020-05-06,931.0,954.8,911.6,937.05,2230000.0,946.3799999999999,971.4799999999999,42.920265113476596,0.043587597443432644,BEARISH,RSI_NORMAL,HIGH_VOLATILITY
2020-05-07,937.0,937.0,909.0,914.55,1300000.0,945.03,969.5449999999998,40.78579013418283,0.042706572468696795,BEARISH,RSI_NORMAL,HIGH_VOLATILITY
2020-05-08,922.0,949.1,917.0,928.05,1790000.0,931.5899999999999,966.9350000000001,35.17911867272535,0.042318939203977335,BEARISH,RSI_NORMAL,HIGH_VOLATILITY
2020-05-11,953.0,994.0,951.2,960.2,2840000.0,938.03,965.4375,45.018701122067334,0.043034461273794886,BEARISH,RSI_NORMAL,HIGH_VOLATILITY
2020-05-12,943.4,1020.0,943.4,1008.6,5480000.0,949.6899999999999,963.7700000000001,49.78780664527482,0.04291272634626812,BULLISH,RSI_NORMAL,HIGH_VOLATILITY
2020-05-13,1060.0,1060.0,1001.0,1004.4,2640000.0,963.1600000000001,960.5699999999999,55.12262204904881,0.04247195433430793,BULLISH,RSI_NORMAL,HIGH_VOLATILITY
2020-05-14,995.0,995.0,962.8,971.75,1370000.0,974.6,958.78,54.47955600860799,0.04114507483637815,BULLISH,RSI_NORMAL,HIGH_VOLATILITY
2020-05-15,970.2,996.4,941.0,984.0,4040000.0,985.79,957.4799999999999,61.16152450090744,0.04125256790474132,BULLISH,RSI_NORMAL,HIGH_VOLATILITY
2020-05-18,940.0,945.0,850.0,912.25,7190000.0,976.2,949.6775,54.43092494885323,0.041886754907665684,BEARISH,RSI_NORMAL,HIGH_VOLATILITY
2020-05-19,900.0,935.85,885.05,919.95,4020000.0,958.4699999999999,945.4675,51.33954237093251,0.04008488039185771,BEARISH,RSI_NORMAL,HIGH_VOLATILITY
2020-05-20,909.0,926.95,900.0,911.9,1880000.0,939.97,940.5300000000001,48.90672249360316,0.04002794823470892,BEARISH,RSI_NORMAL,HIGH_VOLATILITY
2020-05-21,1000.0,1029.85,967.3,978.8,14640000.0,941.3799999999999,941.485,48.054865791651885,0.04205124852784123,BULLISH,RSI_NORMAL,HIGH_VOLATILITY
2020-05-22,989.95,1016.0,965.95,974.25,5480000.0,939.43,943.5875,56.42093572122726,0.041474149029585454,BULLISH,RSI_NORMAL,HIGH_VOLATILITY
2020-05-26,989.95,995.05,936.9,942.0,2810000.0,945.3799999999999,946.1,48.878681437449345,0.0409282952390413,BEARISH,RSI_NORMAL,HIGH_VOLATILITY
2020-05-27,930.0,957.15,920.5,953.9,2560000.0,952.1699999999998,950.2400000000001,52.284745762711864,0.040479645643504064,BULLISH,RSI_NORMAL,HIGH_VOLATILITY
2020-05-28,955.0,984.0,941.65,977.7,2040000.0,965.3300000000002,953.7099999999998,58.53263072557763,0.039805895360738745,BULLISH,RSI_NORMAL,HIGH_VOLATILITY
2020-05-29,941.0,978.0,941.0,965.5,2050000.0,962.6700000000001,955.9199999999998,55.07796610169491,0.03990683012675969,BULLISH,RSI_NORMAL,HIGH_VOLATILITY
2020-06-01,972.0,983.0,948.05,953.55,3300000.0,958.53,953.835,49.04604791278151,0.03562543309812399,BEARISH,RSI_NORMAL,HIGH_VOLATILITY
2020-06-02,952.0,964.0,935.0,945.55,3620000.0,959.24,954.7125,39.76959273081292,0.0321386808600773,BEARISH,RSI_NORMAL,HIGH_VOLATILITY
2020-06-03,955.1,1076.7,955.1,1023.2,12020000.0,973.1,958.3575000000001,52.46331236897275,0.03660381518718426,BULLISH,RSI_NORMAL,HIGH_VOLATILITY
2020-06-04,1025.0,1125.5,1025.0,1116.05,7720000.0,1000.7700000000001,967.3075000000001,66.33091896785874,0.04106618426732037,BULLISH,RSI_NORMAL,HIGH_VOLATILITY
2020-06-05,1125.0,1204.4,1125.0,1189.95,7110000.0,1045.66,981.0775000000001,70.45386830867017,0.0421256603278793,BULLISH,RSI_HIGH,HIGH_VOLATILITY
2020-06-08,1209.0,1210.0,1109.75,1117.3,5120000.0,1078.4099999999999,990.54,70.32814513730543,0.04534870222065494,BULLISH,RSI_HIGH,HIGH_VOLATILITY
2020-06-09,1121.0,1135.0,1071.4,1080.35,3590000.0,1105.37,996.5475,65.02998500749624,0.045958229688709426,BULLISH,RSI_NORMAL,HIGH_VOLATILITY
2020-06-10,1069.8,1069.8,1013.0,1035.6,6030000.0,1107.85,997.8974999999998,60.845169209188136,0.045970138152618543,BULLISH,RSI_NORMAL,HIGH_VOLATILITY
2020-06-11,1020.2,1064.0,985.0,1005.65,3360000.0,1085.77,997.96,52.51710884034873,0.046484059336938596,BULLISH,RSI_NORMAL,HIGH_VOLATILITY
2020-06-12,956.0,1014.25,950.5,1003.35,3120000.0,1048.45,999.5400000000002,52.73959706270006,0.04582154462801546,BULLISH,RSI_NORMAL,HIGH_VOLATILITY
2020-06-15,1009.95,1042.6,983.6,993.0,2820000.0,1023.5900000000001,999.9900000000001,55.00785545954438,0.045844301308168314,BEARISH,RSI_NORMAL,HIGH_VOLATILITY
2020-06-16,1037.0,1037.9,983.25,1005.3,2080000.0,1008.5799999999999,1004.6425000000002,55.04317111459969,0.042401537891019296,BULLISH,RSI_NORMAL,HIGH_VOLATILITY
2020-06-17,1004.0,1018.8,990.1,1005.45,1210000.0,1002.55,1008.9174999999999,52.85523201975512,0.042413884374956405,BEARISH,RSI_NORMAL,HIGH_VOLATILITY
2020-06-18,998.0,1029.7,995.1,1024.4,1200000.0,1006.3,1014.5424999999999,55.977268114471286,0.042382057791742735,BULLISH,RSI_NORMAL,HIGH_VOLATILITY
2020-06-19,1024.35,1049.0,1016.0,1027.6,1610000.0,1011.15,1016.9825000000001,57.65058373798945,0.039367408109521204,BULLISH,RSI_NORMAL,HIGH_VOLATILITY
2020-06-22,1040.0,1079.0,1030.05,1047.2,1630000.0,1021.99,1020.6299999999999,60.2562809000101,0.03947711836671936,BULLISH,RSI_NORMAL,HIGH_VOLATILITY
2020-06-23,1047.2,1079.0,1035.6,1072.1,1200000.0,1035.35,1027.135,55.52168021680215,0.03867841179282869,BULLISH,RSI_NORMAL,HIGH_VOLATILITY
2020-06-24,1072.0,1105.85,1051.0,1062.5,2050000.0,1046.76,1032.565,42.55319148936171,0.03881934832114684,BULLISH,RSI_NORMAL,HIGH_VOLATILITY
2020-06-25,1055.0,1068.0,1037.05,1044.95,1160000.0,1050.87,1035.9275000000002,26.08839050131924,0.03886728489105291,BULLISH,RSI_LOW,HIGH_VOLATILITY
2020-06-26,1048.0,1062.0,1022.7,1028.55,1850000.0,1051.06,1039.0800000000002,32.03077546061955,0.038945768982714166,BEARISH,RSI_NORMAL,HIGH_VOLATILITY
2020-06-29,1026.0,1032.95,998.2,1009.1,1450000.0,1043.44,1041.8574999999998,34.473741555894534,0.03911625383991514,BEARISH,RSI_NORMAL,HIGH_VOLATILITY
2020-06-30,1026.0,1031.8,983.0,988.85,1730000.0,1026.79,1044.0224999999998,38.59477921444256,0.039389980304238556,BEARISH,RSI_NORMAL,HIGH_VOLATILITY
2020-07-01,996.9,1007.0,985.0,995.65,867300.0,1013.4199999999998,1042.645,47.24972497249725,0.0347515643785662,BEARISH,RSI_NORMAL,HIGH_VOLATILITY
2020-07-02,1000.0,1018.95,995.0,1001.85,854920.0,1004.8,1036.935,49.59612277867529,0.02739322783089683,BEARISH,RSI_NORMAL,HIGH_VOLATILITY
2020-07-03,1011.85,1018.0,1001.25,1012.15,757670.0,1001.5199999999999,1028.0449999999998,55.15755453810935,0.022076183664843468,BEARISH,RSI_NORMAL,HIGH_VOLATILITY
2020-07-06,1010.0,1033.65,1001.8,1026.75,1310000.0,1005.05,1023.5174999999999,55.70630486831606,0.01868936984396499,BULLISH,RSI_NORMAL,LOW_VOLATILITY
2020-07-07,1024.0,1042.55,1019.3,1034.35,970260.0,1014.15,1021.2175,57.39508700102352,0.01753727564235332,BULLISH,RSI_NORMAL,LOW_VOLATILITY
2020-07-08,1032.0,1063.85,1027.2,1040.75,1320000.0,1023.1700000000001,1021.475,54.470877768662824,0.014948443442083622,BULLISH,RSI_NORMAL,LOW_VOLATILITY
2020-07-09,1041.0,1075.35,1012.85,1020.05,1680000.0,1026.81,1022.195,48.115797354629414,0.014131679991365763,BEARISH,RSI_NORMAL,LOW_VOLATILITY
2020-07-10,1010.0,1028.45,1001.7,1016.75,1110000.0,1027.73,1022.8650000000001,41.72779136104317,0.014144186113385318,BEARISH,RSI_NORMAL,LOW_VOLATILITY
2020-07-13,1020.0,1029.7,1008.1,1014.85,677790.0,1025.35,1023.9575000000001,32.22601676497983,0.013920454543216432,BEARISH,RSI_NORMAL,LOW_VOLATILITY
2020-07-14,995.0,999.0,941.25,955.3,3300000.0,1009.54,1021.4574999999999,24.59715639810426,0.019038593639954048,BEARISH,RSI_LOW,LOW_VOLATILITY
2020-07-15,962.0,978.75,949.25,952.25,1460000.0,991.8399999999999,1018.7974999999999,26.412213740458,0.019029962116177246,BEARISH,RSI_LOW,LOW_VOLATILITY
2020-07-16,960.45,1002.0,950.0,989.6,2550000.0,985.75,1017.0575000000001,41.043918142101646,0.020706710477717643,BEARISH,RSI_NORMAL,HIGH_VOLATILITY
2020-07-17,992.5,1009.4,985.55,991.25,1450000.0,980.65,1015.2400000000001,45.5296769346356,0.02069207320358986,BEARISH,RSI_NORMAL,HIGH_VOLATILITY
2020-07-20,997.0,1000.0,960.55,971.45,1480000.0,971.97,1011.4525000000001,45.63253012048193,0.020480526788199907,BEARISH,RSI_NORMAL,HIGH_VOLATILITY
2020-07-21,974.0,987.3,960.35,964.15,1640000.0,973.74,1006.055,42.113169754631954,0.019452780830265456,BEARISH,RSI_NORMAL,LOW_VOLATILITY
2020-07-22,964.0,973.8,946.0,965.65,2020000.0,976.4200000000001,1001.2125,40.71794871794871,0.019485409321514314,BEARISH,RSI_NORMAL,LOW_VOLATILITY
2020-07-23,969.9,982.0,961.1,963.85,1120000.0,971.2699999999999,997.1575,37.05093833780162,0.019287601248228318,BEARISH,RSI_NORMAL,LOW_VOLATILITY
2020-07-24,960.05,966.5,940.0,948.25,1360000.0,962.6699999999998,993.1424999999999,29.066666666666663,0.01930375882561692,BEARISH,RSI_LOW,LOW_VOLATILITY
2020-07-27,946.45,946.45,898.4,902.4,2460000.0,948.86,987.8075000000001,20.77519379844965,0.02150739058870775,BEARISH,RSI_LOW,HIGH_VOLATILITY
2020-07-28,896.0,919.7,886.75,914.3,1770000.0,938.89,984.0800000000002,22.659459459459455,0.021594886528484254,BEARISH,RSI_LOW,HIGH_VOLATILITY
2020-07-29,909.0,923.7,890.0,909.75,2470000.0,927.71,979.7850000000001,24.360762436076243,0.0214519165906373,BEARISH,RSI_LOW,HIGH_VOLATILITY
2020-07-30,876.0,945.7,875.25,938.5,4900000.0,922.64,976.6175,33.73519018914986,0.022813178314301658,BEARISH,RSI_NORMAL,HIGH_VOLATILITY
2020-07-31,941.75,989.65,931.0,979.85,2950000.0,928.96,975.0024999999999,43.75,0.024994988659261648,BULLISH,RSI_NORMAL,HIGH_VOLATILITY
2020-08-03,975.05,985.8,951.0,953.8,1800000.0,939.24,971.3549999999999,49.69574036511156,0.02531539185263512,BEARISH,RSI_NORMAL,HIGH_VOLATILITY
2020-08-04,960.0,988.0,956.6,984.0,1290000.0,953.18,968.8375,55.80120591997076,0.026416129684676402,BULLISH,RSI_NORMAL,HIGH_VOLATILITY
2020-08-05,989.0,995.0,962.0,969.45,1340000.0,965.1200000000001,965.2725,45.98365557105841,0.026483598808044188,BULLISH,RSI_NORMAL,HIGH_VOLATILITY
2020-08-06,980.0,980.0,941.65,945.25,1290000.0,966.47,961.5324999999999,41.58741770299927,0.026675387409777894,BEARISH,RSI_NORMAL,HIGH_VOLATILITY
2020-08-07,947.3,947.3,928.0,939.25,1760000.0,958.35,957.6574999999999,43.79815100154083,0.026683078003819267,BEARISH,RSI_NORMAL,HIGH_VOLATILITY
2020-08-10,949.95,957.0,931.2,953.2,1400000.0,958.2299999999999,954.575,47.943661971831,0.0270007904266075,BEARISH,RSI_NORMAL,HIGH_VOLATILITY
2020-08-11,965.0,965.25,936.6,939.65,1210000.0,949.36,953.7925000000001,45.32878189004671,0.023796417145518355,BEARISH,RSI_NORMAL,HIGH_VOLATILITY
2020-08-12,945.0,1056.0,936.2,1034.55,13460000.0,962.3799999999999,957.9075,59.51803984921916,0.0328652088913768,BULLISH,RSI_NORMAL,HIGH_VOLATILITY
2020-08-13,1035.0,1179.0,1035.0,1161.0,16900000.0,1005.53,966.4775,72.05806117159149,0.04155312297341825,BULLISH,RSI_HIGH,HIGH_VOLATILITY
2020-08-14,1175.0,1210.0,1112.25,1139.15,9420000.0,1045.51,973.8724999999998,75.83196944899073,0.04198851432593326,BULLISH,RSI_HIGH,HIGH_VOLATILITY
2020-08-17,1139.0,1156.4,1111.0,1147.6,4100000.0,1084.39,982.6800000000001,75.64863676341248,0.0414792750828021,BULLISH,RSI_HIGH,HIGH_VOLATILITY
2020-08-18,1139.0,1219.8,1129.0,1196.6,7330000.0,1135.78,994.3025,78.7280921382073,0.04193479434653323,BULLISH,RSI_HIGH,HIGH_VOLATILITY
2020-08-19,1210.0,1231.9,1190.9,1215.25,3990000.0,1171.92,1006.7824999999999,78.28886844526218,0.04187421052989496,BULLISH,RSI_HIGH,HIGH_VOLATILITY
2020-08-20,1199.0,1228.0,1188.0,1199.95,2250000.0,1179.71,1018.5875,73.76376592528612,0.04213384642249812,BULLISH,RSI_HIGH,HIGH_VOLATILITY
2020-08-21,1219.05,1222.55,1164.75,1173.45,2020000.0,1186.5700000000002,1029.8475,73.69215834322081,0.042360278979586205,BULLISH,RSI_HIGH,HIGH_VOLATILITY
2020-08-24,1184.0,1192.95,1146.3,1157.65,2010000.0,1188.58,1042.61,69.33095847712347,0.04043941352193194,BULLISH,RSI_NORMAL,HIGH_VOLATILITY
2020-08-25,1171.0,1205.6,1161.0,1166.2,2970000.0,1182.5,1055.205,72.19902967392531,0.04046086127840532,BULLISH,RSI_HIGH,HIGH_VOLATILITY
2020-08-26,1190.0,1190.0,1166.2,1175.4,1410000.0,1174.5300000000002,1068.4875,76.87726264159758,0.040262091831815,BULLISH,RSI_HIGH,HIGH_VOLATILITY
2020-08-27,1180.0,1190.4,1169.4,1185.7,1410000.0,1171.68,1080.8475,78.494623655914,0.04004872633107505,BULLISH,RSI_HIGH,HIGH_VOLATILITY
2020-08-28,1196.75,1207.5,1176.6,1183.8,1590000.0,1173.7500000000002,1091.045,77.42626070409133,0.03945100837359121,BULLISH,RSI_HIGH,HIGH_VOLATILITY
2020-08-31,1208.0,1253.0,1171.05,1199.15,4670000.0,1182.05,1103.3125000000002,80.73188062529609,0.0384895326003081,BULLISH,RSI_HIGH,HIGH_VOLATILITY
2020-09-01,1205.3,1236.85,1190.45,1202.45,2090000.0,1189.3,1114.2350000000001,75.39322444041139,0.03826147320854186,BULLISH,RSI_HIGH,HIGH_VOLATILITY
2020-09-02,1203.0,1272.0,1202.45,1247.3,3490000.0,1203.6799999999998,1128.1275,67.32931726907631,0.038205623193965275,BULLISH,RSI_NORMAL,HIGH_VOLATILITY
2020-09-03,1270.0,1306.0,1254.3,1282.3,3970000.0,1223.0,1144.98,77.30307076101468,0.03723541940543437,BULLISH,RSI_HIGH,HIGH_VOLATILITY
2020-09-04,1249.7,1311.15,1240.1,1257.15,3740000.0,1237.67,1160.875,69.64317733548506,0.037768570164437985,BULLISH,RSI_NORMAL,HIGH_VOLATILITY
2020-09-07,1250.0,1267.75,1224.0,1229.35,2080000.0,1243.71,1174.6825000000001,56.35552105569571,0.03868627835693631,BULLISH,RSI_NORMAL,HIGH_VOLATILITY
2020-09-08,1242.25,1302.5,1241.0,1251.65,5230000.0,1253.55,1190.2824999999998,56.965174129353244,0.038139966529251994,BULLISH,RSI_NORMAL,HIGH_VOLATILITY
2020-09-09,1251.65,1255.9,1208.2,1248.5,2710000.0,1253.7900000000002,1200.98,59.74312663054383,0.03247185673177225,BULLISH,RSI_NORMAL,HIGH_VOLATILITY
2020-09-10,1259.9,1284.85,1250.0,1257.95,1810000.0,1248.92,1205.8274999999999,68.2033606204222,0.01887507246212565,BULLISH,RSI_NORMAL,LOW_VOLATILITY
2020-09-11,1265.0,1301.0,1238.0,1294.45,2600000.0,1256.38,1213.5925000000002,77.0569620253164,0.018837125406745096,BULLISH,RSI_HIGH,LOW_VOLATILITY
2020-09-14,1300.0,1328.35,1290.0,1321.15,3950000.0,1274.7400000000002,1222.27,78.59383650119943,0.019097871438562213,BULLISH,RSI_HIGH,LOW_VOLATILITY
2020-09-15,1330.0,1355.0,1320.8,1343.55,2050000.0,1293.1200000000001,1229.6175,79.5882456449058,0.01737170277174684,BULLISH,RSI_HIGH,LOW_VOLATILITY
2020-09-16,1351.9,1353.05,1313.0,1318.75,1990000.0,1307.17,1234.7925,72.27523857358108,0.01803330146434308,BULLISH,RSI_HIGH,LOW_VOLATILITY
2020-09-17,1317.0,1338.0,1310.05,1326.2,1650000.0,1320.8200000000002,1241.105,73.40565417488494,0.017592728769610506,BULLISH,RSI_HIGH,LOW_VOLATILITY
2020-09-18,1330.0,1334.9,1303.05,1315.2,1730000.0,1324.97,1248.1924999999999,69.35134233783556,0.01671717816084819,BULLISH,RSI_NORMAL,LOW_VOLATILITY
2020-09-21,1321.7,1350.8,1286.6,1297.85,2360000.0,1320.31,1255.2024999999999,65.19592226823826,0.01670070068331559,BULLISH,RSI_NORMAL,LOW_VOLATILITY
2020-09-22,1285.15,1286.0,1208.1,1234.6,2510000.0,1298.52,1258.6225,48.08907613602167,0.02067359835868339,BEARISH,RSI_NORMAL,HIGH_VOLATILITY
2020-09-23,1235.8,1298.45,1235.8,1282.7,3290000.0,1291.31,1263.9875,50.05790387955994,0.022169088184020917,BULLISH,RSI_NORMAL,HIGH_VOLATILITY
2020-09-24,1259.95,1264.2,1180.85,1197.3,2940000.0,1265.5300000000002,1264.5674999999999,42.622950819672134,0.027246290906268976,BEARISH,RSI_NORMAL,HIGH_VOLATILITY
2020-09-25,1217.95,1251.0,1196.55,1241.7,1340000.0,1250.83,1267.4625,51.4624037892244,0.028411720804463574,BEARISH,RSI_NORMAL,HIGH_VOLATILITY
2020-09-28,1255.55,1284.0,1241.0,1275.4,1210000.0,1246.3400000000001,1271.275,52.738383488988816,0.0288525586613681,BULLISH,RSI_NORMAL,HIGH_VOLATILITY
2020-09-29,1288.95,1288.95,1224.05,1238.8,1470000.0,1247.1799999999998,1273.0925000000002,48.96167844144723,0.02973813019066369,BEARISH,RSI_NORMAL,HIGH_VOLATILITY
2020-09-30,1238.8,1260.95,1220.15,1249.1,1410000.0,1240.46,1273.1825,49.05438615236669,0.02860778703466024,BEARISH,RSI_NORMAL,HIGH_VOLATILITY
2020-10-01,1251.0,1283.5,1251.0,1269.4,1040000.0,1254.8799999999999,1272.5375,47.227448810182636,0.02812608123423283,BEARISH,RSI_NORMAL,HIGH_VOLATILITY
2020-10-05,1271.3,1329.0,1265.3,1297.4,2420000.0,1266.02,1274.55,47.37887650369717,0.028149863511651475,BULLISH,RSI_NORMAL,HIGH_VOLATILITY
2020-10-06,1308.0,1344.9,1300.0,1330.55,2410000.0,1277.05,1279.6100000000001,48.598533850797764,0.02802198182763263,BULLISH,RSI_NORMAL,HIGH_VOLATILITY
2020-10-07,1333.0,1344.95,1307.0,1337.75,1350000.0,1296.8400000000001,1283.9150000000002,52.12909009412819,0.027836050164067927,BULLISH,RSI_NORMAL,HIGH_VOLATILITY
2020-10-08,1341.3,1356.85,1315.5,1330.85,1270000.0,1313.19,1288.0325,50.52170986199931,0.027873364910148492,BULLISH,RSI_NORMAL,HIGH_VOLATILITY
2020-10-09,1339.8,1394.45,1323.8,1367.2,2880000.0,1332.75,1293.4950000000001,55.52016985138004,0.02836759123629394,BULLISH,RSI_NORMAL,HIGH_VOLATILITY
2020-10-12,1370.0,1389.75,1355.2,1380.3,1290000.0,1349.33,1297.7875,58.83235136582752,0.027813269290669403,BULLISH,RSI_NORMAL,HIGH_VOLATILITY
2020-10-13,1383.95,1396.0,1356.4,1365.35,1610000.0,1356.2900000000002,1299.9975,65.62313299079935,0.02768827526405306,BULLISH,RSI_NORMAL,HIGH_VOLATILITY
2020-10-14,1359.95,1378.0,1322.25,1342.6,1430000.0,1357.26,1299.95,57.618926481811215,0.02775398988705778,BULLISH,RSI_NORMAL,HIGH_VOLATILITY
2020-10-15,1342.7,1365.0,1298.0,1305.45,1090000.0,1352.1799999999998,1299.285,65.68073075250109,0.02815581927875143,BULLISH,RSI_NORMAL,HIGH_VOLATILITY
2020-10-16,1315.1,1340.0,1309.0,1329.65,798740.0,1344.67,1299.4575,63.545356537809944,0.028440986411467115,BULLISH,RSI_NORMAL,HIGH_VOLATILITY
2020-10-19,1336.25,1376.6,1331.1,1366.3,1300000.0,1341.8700000000001,1302.0125,63.873626373626344,0.028981240102095424,BULLISH,RSI_NORMAL,HIGH_VOLATILITY
2020-10-20,1350.0,1379.95,1345.55,1373.35,592630.0,1343.4699999999998,1305.7875,72.57171615500755,0.028754155196868036,BULLISH,RSI_HIGH,HIGH_VOLATILITY
2020-10-21,1375.0,1391.0,1349.0,1365.4,779200.0,1348.03,1312.3274999999999,69.66520121745016,0.02615547315505542,BULLISH,RSI_NORMAL,HIGH_VOLATILITY
2020-10-22,1365.4,1376.35,1346.55,1356.25,857030.0,1358.19,1316.0049999999999,65.26093832366895,0.025038802750162188,BULLISH,RSI_NORMAL,HIGH_VOLATILITY
2020-10-23,1365.9,1391.25,1359.45,1372.45,764530.0,1366.75,1324.7625,63.758020164986256,0.018956608180826912,BULLISH,RSI_NORMAL,LOW_VOLATILITY
2020-10-26,1370.0,1387.0,1344.4,1351.95,530320.0,1363.88,1330.275,54.1138023836986,0.01816692266917014,BULLISH,RSI_NORMAL,LOW_VOLATILITY
2020-10-27,1347.0,1360.85,1294.1,1326.7,1300000.0,1354.55,1332.84,48.013661693330945,0.018039304959889577,BEARISH,RSI_NORMAL,LOW_VOLATILITY
2020-10-28,1322.0,1335.0,1288.05,1293.7,916800.0,1340.2100000000003,1335.585,43.89482333607232,0.017712770113496177,BEARISH,RSI_NORMAL,LOW_VOLATILITY
2020-10-29,1255.3,1340.35,1253.7,1330.9,2480000.0,1335.14,1339.675,44.051130776794494,0.018642194785377084,BEARISH,RSI_NORMAL,LOW_VOLATILITY
2020-10-30,1321.05,1347.25,1295.0,1309.5,2200000.0,1322.55,1341.6799999999998,38.70453095086152,0.01886422907380731,BEARISH,RSI_NORMAL,LOW_VOLATILITY
2020-11-02,1315.0,1326.6,1285.0,1311.2,1010000.0,1314.4,1342.3700000000001,40.97951024487758,0.018247617956957125,BEARISH,RSI_NORMAL,LOW_VOLATILITY
2020-11-03,1313.0,1387.9,1292.65,1370.25,2860000.0,1323.1100000000001,1344.355,54.10908010105514,0.020073662964166482,BULLISH,RSI_NORMAL,HIGH_VOLATILITY
2020-11-04,1356.85,1372.2,1323.55,1341.45,884650.0,1332.6600000000003,1344.54,55.48613227674489,0.020674726508295563,BEARISH,RSI_NORMAL,HIGH_VOLATILITY
2020-11-05,1341.0,1427.55,1326.05,1417.55,2680000.0,1349.99,1348.875,61.5657894736842,0.024148172054567388,BULLISH,RSI_NORMAL,HIGH_VOLATILITY
2020-11-06,1427.0,1441.0,1402.05,1423.15,1700000.0,1372.72,1351.6725000000001,58.14586616993841,0.02348829703212745,BULLISH,RSI_NORMAL,HIGH_VOLATILITY
2020-11-09,1432.0,1497.5,1432.0,1491.05,3080000.0,1408.69,1357.21,64.36066373840899,0.025568642932125,BULLISH,RSI_NORMAL,HIGH_VOLATILITY
2020-11-10,1600.0,1639.7,1550.0,1627.55,5920000.0,1460.15,1370.3200000000002,74.34754341970836,0.03187673301751618,BULLISH,RSI_HIGH,HIGH_VOLATILITY
2020-11-11,1612.05,1632.0,1595.6,1619.5,2070000.0,1515.7599999999998,1384.165,74.49976733364355,0.031479854578151834,BULLISH,RSI_HIGH,HIGH_VOLATILITY
2020-11-12,1621.0,1650.0,1606.5,1631.05,1910000.0,1558.46,1400.445,74.2771310552009,0.030232282976530432,BULLISH,RSI_HIGH,HIGH_VOLATILITY
2020-11-13,1608.0,1639.9,1605.0,1616.4,921910.0,1597.11,1414.7825,75.10204081632655,0.03052556187053459,BULLISH,RSI_HIGH,HIGH_VOLATILITY
2020-11-17,1620.4,1670.0,1585.75,1643.7,2160000.0,1627.64,1428.6525000000001,79.97352496217853,0.030299228367990476,BULLISH,RSI_HIGH,HIGH_VOLATILITY
2020-11-18,1640.2,1712.0,1625.0,1702.0,2140000.0,1642.53,1445.085,86.84353004872769,0.030813408630237224,BULLISH,RSI_HIGH,HIGH_VOLATILITY
2020-11-19,1697.4,1734.9,1676.15,1687.95,2060000.0,1656.22,1461.2125,83.62369337979096,0.030889909968507254,BULLISH,RSI_HIGH,HIGH_VOLATILITY
2020-11-20,1673.05,1743.85,1643.0,1679.7,3900000.0,1665.95,1477.385,85.74739281575901,0.03083751712588737,BULLISH,RSI_HIGH,HIGH_VOLATILITY
2020-11-23,1680.25,1698.7,1646.1,1669.55,1310000.0,1676.5800000000004,1492.2400000000002,84.0475059382423,0.031075736039778326,BULLISH,RSI_HIGH,HIGH_VOLATILITY
2020-11-24,1649.8,1682.5,1642.1,1656.3,1040000.0,1679.1,1507.4575,79.7689665938183,0.030814956548191882,BULLISH,RSI_HIGH,HIGH_VOLATILITY
2020-11-25,1655.5,1661.85,1582.45,1590.65,1810000.0,1656.83,1520.655,74.08660351826796,0.03219022508204445,BULLISH,RSI_HIGH,HIGH_VOLATILITY
2020-11-26,1569.0,1575.0,1522.0,1544.35,3280000.0,1628.1100000000001,1533.1875,63.00512820512821,0.032441756520010176,BULLISH,RSI_NORMAL,HIGH_VOLATILITY
2020-11-27,1550.0,1562.25,1504.85,1514.15,3300000.0,1595.0,1542.35,58.884983401679364,0.032720644848877836,BEARISH,RSI_NORMAL,HIGH_VOLATILITY
2020-12-01,1530.0,1571.45,1515.5,1559.75,1580000.0,1573.04,1554.8625,57.0130665577787,0.032638633556708124,BULLISH,RSI_NORMAL,HIGH_VOLATILITY
2020-12-02,1574.25,1605.4,1548.4,1593.1,1640000.0,1560.4,1568.9575,45.54506659769816,0.03268919213875848,BULLISH,RSI_NORMAL,HIGH_VOLATILITY
2020-12-03,1606.0,1653.2,1606.0,1644.05,2060000.0,1571.08,1582.6475,52.85764171807706,0.032083444234893024,BULLISH,RSI_NORMAL,HIGH_VOLATILITY
2020-12-04,1658.0,1752.0,1647.5,1744.8,4860000.0,1611.1699999999998,1602.815,60.96385542168676,0.03320432660633116,BULLISH,RSI_NORMAL,HIGH_VOLATILITY
2020-12-07,1744.0,1768.0,1720.0,1740.3,1560000.0,1656.4,1618.9524999999999,62.18049547778214,0.03178097533063593,BULLISH,RSI_NORMAL,HIGH_VOLATILITY
2020-12-08,1753.7,1787.0,1736.6,1747.65,1620000.0,1693.98,1635.1775,60.63644735495754,0.03177794844632096,BULLISH,RSI_NORMAL,HIGH_VOLATILITY
2020-12-09,1749.0,1768.6,1725.1,1731.65,1010000.0,1721.69,1647.2075,53.32138456368322,0.03083051945691524,BULLISH,RSI_NORMAL,HIGH_VOLATILITY
2020-12-10,1740.2,1750.0,1722.0,1736.35,943300.0,1740.15,1652.6474999999998,55.53775743707093,0.02373523752408875,BULLISH,RSI_NORMAL,HIGH_VOLATILITY
2020-12-11,1742.0,1748.95,1699.2,1729.9,1540000.0,1737.17,1658.1675,55.76746323529412,0.023713748094499696,BULLISH,RSI_NORMAL,HIGH_VOLATILITY
2020-12-14,1728.0,1732.5,1697.5,1715.1,1160000.0,1732.1299999999999,1662.3700000000001,55.17790155734909,0.023848678730987793,BULLISH,RSI_NORMAL,HIGH_VOLATILITY
2020-12-15,1709.0,1709.0,1650.8,1659.8,1570000.0,1714.5600000000002,1664.5400000000002,50.36314588088815,0.02499237721207547,BEARISH,RSI_NORMAL,HIGH_VOLATILITY
2020-12-16,1678.4,1683.75,1637.05,1655.85,1090000.0,1699.4,1665.1474999999998,57.758210376011405,0.02474290558193947,BEARISH,RSI_NORMAL,HIGH_VOLATILITY
2020-12-17,1654.0,1654.0,1625.45,1642.55,1070000.0,1680.6399999999999,1662.175,62.680785123966956,0.023396975978967383,BEARISH,RSI_NORMAL,HIGH_VOLATILITY
2020-12-18,1637.0,1684.55,1626.8,1651.05,1830000.0,1664.8700000000001,1660.33,68.72777017783856,0.023386196967627573,BEARISH,RSI_NORMAL,HIGH_VOLATILITY
2020-12-21,1637.0,1637.0,1487.25,1507.0,2730000.0,1623.2499999999998,1651.6950000000002,44.315120163810754,0.03034957349450533,BEARISH,RSI_NORMAL,HIGH_VOLATILITY
2020-12-22,1425.0,1596.95,1425.0,1570.95,6290000.0,1605.48,1646.7649999999999,47.760590435749684,0.032141966376151215,BEARISH,RSI_NORMAL,HIGH_VOLATILITY
2020-12-23,1566.0,1658.9,1547.25,1649.25,2540000.0,1604.1599999999999,1646.4125,50.49817972791723,0.0341645336338984,BULLISH,RSI_NORMAL,HIGH_VOLATILITY
2020-12-24,1650.0,1673.0,1615.15,1643.8,1600000.0,1604.41,1649.0700000000002,38.162212845757146,0.032867936256038656,BEARISH,RSI_NORMAL,HIGH_VOLATILITY
2020-12-28,1655.0,1714.35,1655.0,1687.9,2240000.0,1611.7800000000002,1656.2475,44.3800943800944,0.03244404467672998,BULLISH,RSI_NORMAL,HIGH_VOLATILITY
2020-12-29,1690.0,1714.0,1669.5,1692.2,1710000.0,1648.8200000000002,1665.15,44.01381841735938,0.03193750274890954,BULLISH,RSI_NORMAL,HIGH_VOLATILITY
2020-12-30,1695.0,1700.45,1677.25,1689.7,1070000.0,1672.5700000000002,1671.6475000000003,45.33526075836761,0.03146314499858802,BULLISH,RSI_NORMAL,HIGH_VOLATILITY
2020-12-31,1680.0,1738.9,1673.9,1723.3,1470000.0,1687.3799999999999,1678.1575,48.636506112213986,0.03142260441025245,BULLISH,RSI_NORMAL,HIGH_VOLATILITY
2021-01-01,1719.0,1723.85,1692.95,1713.5,1000000.0,1701.3200000000002,1681.6299999999999,48.298402158124084,0.0308059458953819,BULLISH,RSI_NORMAL,HIGH_VOLATILITY
2021-01-04,1722.0,1751.0,1718.15,1744.95,864640.0,1712.73,1681.6375,52.99368167686292,0.027850593186702906,BULLISH,RSI_NORMAL,HIGH_VOLATILITY
2021-01-05,1732.0,1733.95,1702.5,1714.75,862660.0,1717.2400000000002,1680.3600000000001,55.80314711162742,0.02812634117061197,BULLISH,RSI_NORMAL,HIGH_VOLATILITY
2021-01-06,1731.45,1743.0,1708.85,1732.5,1040000.0,1725.8,1679.6025000000002,57.865572088250396,0.028212087700755388,BULLISH,RSI_NORMAL,HIGH_VOLATILITY
2021-01-07,1739.0,1779.0,1731.5,1761.05,1510000.0,1733.35,1681.0724999999998,61.791044776119406,0.028358504289974416,BULLISH,RSI_NORMAL,HIGH_VOLATILITY
2021-01-08,1770.0,1774.9,1723.0,1732.3,946900.0,1737.11,1680.8700000000001,57.77140124342421,0.0286245012242805,BULLISH,RSI_NORMAL,HIGH_VOLATILITY
2021-01-11,1742.75,1751.0,1693.0,1702.65,808130.0,1728.65,1679.5075000000002,73.9561650544876,0.028878688708696358,BULLISH,RSI_HIGH,HIGH_VOLATILITY
2021-01-12,1702.0,1727.0,1676.55,1680.0,1040000.0,1721.7,1677.7525,64.85492439722108,0.028968717211930756,BULLISH,RSI_NORMAL,HIGH_VOLATILITY
2021-01-13,1695.0,1695.0,1621.1,1633.8,1310000.0,1701.9599999999998,1676.4525,47.6936856247201,0.02871456466985115,BEARISH,RSI_NORMAL,HIGH_VOLATILITY
2021-01-14,1640.0,1667.95,1622.45,1658.6,761000.0,1681.47,1676.5900000000001,52.08862545865085,0.028918209697824028,BEARISH,RSI_NORMAL,HIGH_VOLATILITY
2021-01-15,1660.0,1664.4,1620.9,1631.05,657710.0,1661.22,1676.0149999999999,41.584011843079175,0.029114196799277108,BEARISH,RSI_NORMAL,HIGH_VOLATILITY
2021-01-18,1627.0,1627.0,1570.6,1594.05,842490.0,1639.5,1673.1650000000002,36.752598191388834,0.029520239390247782,BEARISH,RSI_NORMAL,HIGH_VOLATILITY
2021-01-19,1596.0,1675.0,1596.0,1664.75,1830000.0,1636.45,1681.0525000000002,47.1560469622706,0.02339295464318075,BEARISH,RSI_NORMAL,HIGH_VOLATILITY
2021-01-20,1663.85,1674.75,1642.25,1666.4,880290.0,1642.97,1685.825,43.004671748217376,0.021699669196645188,BEARISH,RSI_NORMAL,HIGH_VOLATILITY
2021-01-21,1680.0,1726.0,1665.45,1677.55,1700000.0,1646.7599999999998,1687.2399999999998,45.59490258546746,0.018761702617841734,BEARISH,RSI_NORMAL,LOW_VOLATILITY
2021-01-22,1684.4,1684.4,1634.05,1642.3,682970.0,1649.0099999999998,1687.1650000000002,37.537938569867656,0.01938392251260927,BEARISH,RSI_NORMAL,LOW_VOLATILITY
2021-01-25,1658.2,1664.4,1577.55,1587.55,753450.0,1647.7099999999998,1682.1475000000003,35.42621448212647,0.01968902196760472,BEARISH,RSI_NORMAL,LOW_VOLATILITY
2021-01-27,1595.0,1627.45,1574.65,1590.15,1280000.0,1632.79,1677.045,33.10385756676558,0.019676877882101484,BEARISH,RSI_NORMAL,LOW_VOLATILITY
2021-01-28,1589.0,1624.4,1560.0,1592.8,1300000.0,1618.07,1672.2,28.721386113570247,0.019701568132616597,BEARISH,RSI_LOW,LOW_VOLATILITY
2021-01-29,1560.0,1644.2,1534.0,1547.75,2560000.0,1592.1100000000001,1663.4225,27.584112717114053,0.019731166029898734,BEARISH,RSI_LOW,LOW_VOLATILITY
2021-02-01,1561.0,1660.0,1557.25,1640.0,1650000.0,1591.65,1659.7475,43.394833948339475,0.02447294015995362,BEARISH,RSI_NORMAL,HIGH_VOLATILITY
2021-02-02,1653.65,1671.55,1597.2,1630.0,1060000.0,1600.1399999999999,1654.0,44.5840554592721,0.02401384981521534,BEARISH,RSI_NORMAL,HIGH_VOLATILITY
2021-02-03,1645.9,1663.85,1618.05,1621.7,729640.0,1606.45,1649.3474999999999,48.572102902997415,0.023788615549489987,BEARISH,RSI_NORMAL,HIGH_VOLATILITY
2021-02-04,1615.0,1680.0,1605.55,1672.35,1160000.0,1622.3600000000001,1646.3400000000001,51.52930708486264,0.024819197358461415,BULLISH,RSI_NORMAL,HIGH_VOLATILITY
2021-02-05,1692.85,1732.4,1667.5,1680.85,1720000.0,1648.98,1642.33,55.78397212543554,0.024514211280610307,BULLISH,RSI_NORMAL,HIGH_VOLATILITY
2021-02-08,1682.0,1743.9,1680.85,1695.95,1230000.0,1660.17,1640.5125,62.46940773372493,0.024391241775745982,BULLISH,RSI_NORMAL,HIGH_VOLATILITY
2021-02-09,1700.0,1708.0,1652.7,1662.05,614350.0,1666.58,1638.4825,49.636901559978476,0.024500716446610477,BULLISH,RSI_NORMAL,HIGH_VOLATILITY
2021-02-10,1681.9,1691.15,1615.0,1623.65,1660000.0,1666.97,1635.665,44.768082242075636,0.024856770296934363,BEARISH,RSI_NORMAL,HIGH_VOLATILITY
2021-02-11,1630.0,1648.95,1604.05,1630.35,828470.0,1658.5700000000002,1635.4925,44.15986142044048,0.024104557247529863,BEARISH,RSI_NORMAL,HIGH_VOLATILITY
2021-02-12,1695.0,1701.1,1616.0,1643.15,2400000.0,1651.03,1634.7199999999998,50.111358574610264,0.023919326974183423,BULLISH,RSI_NORMAL,HIGH_VOLATILITY
2021-02-15,1649.0,1657.5,1632.5,1642.55,525620.0,1640.35,1635.2949999999998,58.3969465648855,0.023606499694979778,BULLISH,RSI_NORMAL,HIGH_VOLATILITY
2021-02-16,1646.55,1646.55,1596.15,1610.45,929040.0,1630.0300000000002,1636.115,52.84313725490196,0.023453254759169925,BEARISH,RSI_NORMAL,HIGH_VOLATILITY
2021-02-17,1609.45,1628.85,1577.2,1610.05,1190000.0,1627.31,1633.3799999999999,52.43128964059196,0.02109273751920801,BEARISH,RSI_NORMAL,HIGH_VOLATILITY
2021-02-18,1613.0,1621.95,1578.6,1592.4,1110000.0,1619.72,1629.6799999999998,56.81991751947459,0.02118875422693103,BEARISH,RSI_NORMAL,HIGH_VOLATILITY
2021-02-19,1595.0,1608.45,1545.05,1565.8,855390.0,1604.25,1624.0925,35.823461979365675,0.021325675019659686,BEARISH,RSI_NORMAL,HIGH_VOLATILITY
2021-02-22,1565.05,1565.8,1502.3,1512.25,1070000.0,1578.19,1617.59,30.712530712530707,0.02209449387783453,BEARISH,RSI_NORMAL,HIGH_VOLATILITY
2021-02-23,1511.0,1541.2,1506.05,1530.45,1060000.0,1562.19,1614.7350000000001,35.5227669363795,0.021223661220173082,BEARISH,RSI_NORMAL,HIGH_VOLATILITY
2021-02-24,1531.0,1635.0,1531.0,1621.0,1580000.0,1564.3799999999999,1616.2775,42.76862413744544,0.025211803339060007,BULLISH,RSI_NORMAL,HIGH_VOLATILITY
2021-02-25,1621.55,1669.95,1619.55,1660.2,1340000.0,1577.94,1619.6475,47.32339598185355,0.025728432873103047,BULLISH,RSI_NORMAL,HIGH_VOLATILITY
2021-02-26,1638.0,1654.55,1606.3,1619.95,1160000.0,1588.77,1623.2575000000002,40.75200778778292,0.025489767217975516,BEARISH,RSI_NORMAL,HIGH_VOLATILITY
2021-03-01,1621.0,1685.0,1620.05,1674.7,1090000.0,1621.26,1624.9924999999998,51.464968152866255,0.0229814253785766,BULLISH,RSI_NORMAL,HIGH_VOLATILITY
2021-03-02,1675.0,1698.9,1667.0,1691.4,907280.0,1653.45,1628.0625,58.26118766004145,0.022990258401842743,BULLISH,RSI_NORMAL,HIGH_VOLATILITY
2021-03-03,1704.0,1823.85,1700.25,1782.6,2460000.0,1685.77,1636.1074999999998,65.39278131634819,0.02565158385490318,BULLISH,RSI_NORMAL,HIGH_VOLATILITY
2021-03-04,1751.0,1819.45,1736.5,1798.9,1730000.0,1713.5100000000002,1642.4350000000002,65.6359803232607,0.024930303518290724,BULLISH,RSI_NORMAL,HIGH_VOLATILITY
2021-03-05,1770.0,1787.65,1733.0,1742.0,1060000.0,1737.92,1645.4924999999998,58.96996482366736,0.02616325996098045,BULLISH,RSI_NORMAL,HIGH_VOLATILITY
2021-03-08,1744.7,1744.7,1696.15,1707.9,1650000.0,1744.56,1646.0900000000001,58.75797609418532,0.026544890641824137,BULLISH,RSI_NORMAL,HIGH_VOLATILITY
2021-03-09,1707.9,1727.45,1659.0,1688.7,1270000.0,1744.02,1647.4225,56.837346779101104,0.02625690356908106,BULLISH,RSI_NORMAL,HIGH_VOLATILITY
2021-03-10,1700.0,1707.7,1678.05,1684.55,417600.0,1724.4099999999999,1650.4675,58.20350752247839,0.025653365404179458,BULLISH,RSI_NORMAL,HIGH_VOLATILITY
2021-03-12,1687.9,1705.0,1657.35,1663.95,530240.0,1697.42,1652.1474999999998,58.831998560244756,0.02584703181337499,BULLISH,RSI_NORMAL,HIGH_VOLATILITY
2021-03-15,1668.0,1686.0,1630.1,1661.95,815000.0,1681.4100000000003,1653.0875,64.84824439595317,0.025806120152519943,BULLISH,RSI_NORMAL,HIGH_VOLATILITY
2021-03-16,1646.0,1701.4,1635.1,1682.1,1130000.0,1676.25,1655.065,64.98369726311628,0.025925225144368076,BULLISH,RSI_NORMAL,HIGH_VOLATILITY
2021-03-17,1682.0,1718.0,1671.05,1695.55,1630000.0,1677.6200000000001,1659.3200000000002,58.689823988809884,0.025475916715821043,BULLISH,RSI_NORMAL,HIGH_VOLATILITY
2021-03-18,1680.0,1730.0,1680.0,1719.95,1840000.0,1684.7,1664.815,57.21356996257395,0.025591276748599904,BULLISH,RSI_NORMAL,HIGH_VOLATILITY
2021-03-19,1712.0,1730.0,1651.0,1663.6,1380000.0,1684.6299999999999,1668.375,55.072632190586845,0.0266856745141108,BEARISH,RSI_NORMAL,HIGH_VOLATILITY
2021-03-22,1663.6,1727.85,1626.25,1713.85,2230000.0,1695.0099999999998,1675.7775000000001,54.597768643570156,0.02696673356402375,BULLISH,RSI_NORMAL,HIGH_VOLATILITY
2021-03-23,1700.0,1782.0,1700.0,1773.45,2790000.0,1713.28,1688.8375,58.75386749173156,0.02610401014711542,BULLISH,RSI_NORMAL,HIGH_VOLATILITY
2021-03-24,1744.0,1768.9,1725.8,1734.25,1290000.0,1721.02,1699.0275000000001,44.19776791071646,0.026950621987861204,BULLISH,RSI_NORMAL,HIGH_VOLATILITY
2021-03-25,1727.0,1742.0,1650.0,1663.55,1430000.0,1709.7399999999998,1701.155,35.633159961787484,0.025939005568545108,BEARISH,RSI_NORMAL,HIGH_VOLATILITY
2021-03-26,1654.0,1676.35,1600.0,1613.0,1260000.0,1699.6200000000001,1698.795,36.120077469335065,0.026307600424501885,BEARISH,RSI_NORMAL,HIGH_VOLATILITY
2021-03-30,1602.0,1629.7,1575.2,1585.4,1230000.0,1673.9299999999998,1697.0674999999999,36.632474901789614,0.026024343319562715,BEARISH,RSI_NORMAL,HIGH_VOLATILITY
2021-03-31,1585.0,1655.0,1579.8,1631.95,1280000.0,1645.6299999999999,1694.9299999999998,44.15611162599114,0.02573162104669729,BEARISH,RSI_NORMAL,HIGH_VOLATILITY
2021-04-01,1631.9,1640.0,1601.4,1616.6,663120.0,1622.1,1691.19,43.16054353296427,0.025662311039738768,BEARISH,RSI_NORMAL,HIGH_VOLATILITY
2021-04-05,1601.0,1609.9,1525.0,1552.7,1710000.0,1599.9299999999998,1679.6950000000002,39.700027775205996,0.023358702965641336,BEARISH,RSI_NORMAL,HIGH_VOLATILITY
2021-04-06,1564.0,1590.8,1546.55,1577.6,1070000.0,1592.85,1668.6299999999999,42.50821564970244,0.02365252419079298,BEARISH,RSI_NORMAL,HIGH_VOLATILITY
2021-04-07,1590.0,1612.0,1581.6,1599.65,860360.0,1595.7,1661.5125,42.701602195273104,0.023274881591894094,BEARISH,RSI_NORMAL,HIGH_VOLATILITY
2021-04-08,1596.7,1648.95,1595.65,1640.75,812680.0,1597.4599999999998,1658.155,45.375527426160346,0.023873432397274602,BEARISH,RSI_NORMAL,HIGH_VOLATILITY
2021-04-09,1621.55,1663.7,1608.0,1646.95,624300.0,1603.53,1656.0674999999999,43.64443670555458,0.02379464322762072,BEARISH,RSI_NORMAL,HIGH_VOLATILITY
2021-04-12,1609.95,1612.95,1529.2,1593.8,1370000.0,1611.75,1651.53,43.888986167046056,0.0248045229648881,BEARISH,RSI_NORMAL,HIGH_VOLATILITY
2021-04-13,1594.0,1639.6,1593.8,1605.75,1100000.0,1617.3799999999999,1648.6200000000001,39.855480480480495,0.02478830815044578,BEARISH,RSI_NORMAL,HIGH_VOLATILITY
2021-04-15,1575.0,1619.95,1565.6,1609.85,847020.0,1619.42,1646.015,32.86193169914098,0.024804782576601087,BEARISH,RSI_NORMAL,HIGH_VOLATILITY
2021-04-16,1604.0,1616.45,1576.4,1582.9,546570.0,1607.85,1641.0549999999998,33.727556176755186,0.024822492610082708,BEARISH,RSI_NORMAL,HIGH_VOLATILITY
2021-04-19,1535.0,1558.0,1516.55,1527.9,971450.0,1584.04,1632.6725000000001,34.90597529765216,0.025674808441362412,BEARISH,RSI_NORMAL,HIGH_VOLATILITY
2021-04-20,1520.9,1585.85,1503.0,1554.3,1960000.0,1576.14,1624.3899999999999,43.09736594543743,0.025796712744932535,BEARISH,RSI_NORMAL,HIGH_VOLATILITY
2021-04-22,1520.0,1565.0,1520.0,1541.3,619440.0,1563.25,1618.275,44.62981003409642,0.02496493502141365,BEARISH,RSI_NORMAL,HIGH_VOLATILITY
2021-04-23,1549.3,1549.3,1505.25,1541.85,646250.0,1549.65,1609.675,37.64399341744375,0.02370340589702624,BEARISH,RSI_NORMAL,HIGH_VOLATILITY
2021-04-26,1545.0,1585.0,1545.0,1573.05,565960.0,1547.6799999999998,1599.6550000000002,44.27651465369957,0.02261715147168361,BEARISH,RSI_NORMAL,HIGH_VOLATILITY
2021-04-27,1576.0,1650.0,1565.0,1640.5,1020000.0,1570.2,1594.9675000000002,61.43229166666667,0.024712114984863188,BULLISH,RSI_NORMAL,HIGH_VOLATILITY
2021-04-28,1640.1,1656.4,1633.1,1647.55,553530.0,1588.85,1594.1675,59.552096135463614,0.02303535155093231,BULLISH,RSI_NORMAL,HIGH_VOLATILITY
2021-04-29,1649.9,1664.0,1638.2,1655.85,516710.00000000006,1611.76,1596.31,57.97389330306468,0.02192993937331686,BULLISH,RSI_NORMAL,HIGH_VOLATILITY
2021-04-30,1632.0,1679.8,1632.0,1643.4,753680.0,1632.07,1599.21,50.40926640926642,0.021603008949733046,BULLISH,RSI_NORMAL,HIGH_VOLATILITY
2021-05-03,1620.0,1674.8,1612.2,1666.25,519290.0,1650.7099999999998,1600.925,52.83490011750881,0.02083625393829703,BULLISH,RSI_NORMAL,HIGH_VOLATILITY
2021-05-04,1685.0,1685.0,1615.7,1621.95,484050.0,1647.0,1601.1925,54.245211883577156,0.021637353397158863,BULLISH,RSI_NORMAL,HIGH_VOLATILITY
2021-05-05,1633.0,1664.0,1596.6,1649.35,767450.0,1647.36,1606.025,56.28242074927954,0.01975546660674809,BULLISH,RSI_NORMAL,LOW_VOLATILITY
2021-05-06,1637.8,1683.0,1637.8,1662.95,646320.0,1648.78,1610.2925,57.447405329593295,0.019565120848054927,BULLISH,RSI_NORMAL,LOW_VOLATILITY
2021-05-07,1673.0,1681.95,1625.3,1640.6,568360.0,1648.22,1612.34,58.198351804489896,0.019702269284475077,BULLISH,RSI_NORMAL,LOW_VOLATILITY
2021-05-10,1646.0,1685.0,1643.05,1677.7,525540.0,1650.5099999999998,1614.1875,72.42514970059881,0.019513964951497053,BULLISH,RSI_HIGH,LOW_VOLATILITY
2021-05-11,1670.0,1712.6,1664.65,1674.95,1160000.0,1661.11,1615.5875,69.43773159336236,0.019515278614079846,BULLISH,RSI_NORMAL,LOW_VOLATILITY
2021-05-12,1679.9,1694.1,1658.5,1680.9,413110.0,1667.42,1619.9424999999999,73.01351796900761,0.017873345106096436,BULLISH,RSI_HIGH,LOW_VOLATILITY
2021-05-14,1695.0,1715.0,1680.0,1694.75,731400.0,1673.78,1624.3925,74.14718888186988,0.01788433985745508,BULLISH,RSI_HIGH,LOW_VOLATILITY
2021-05-17,1694.0,1709.05,1670.0,1703.75,347530.0,1686.4099999999999,1629.0875,72.19769021739133,0.01789253675396081,BULLISH,RSI_HIGH,LOW_VOLATILITY
2021-05-18,1710.0,1724.85,1692.7,1714.7,524720.0,1693.81,1635.6775,65.59478772593528,0.017287614998301757,BULLISH,RSI_NORMAL,LOW_VOLATILITY
2021-05-19,1724.9,1725.0,1679.05,1689.6,527230.0,1696.7400000000002,1643.7625,58.214495018558296,0.01538671649061774,BULLISH,RSI_NORMAL,LOW_VOLATILITY
2021-05-20,1683.0,1694.4,1657.0,1669.6,550260.0,1694.48,1649.5275000000001,52.56865309172426,0.015555651718414347,BULLISH,RSI_NORMAL,LOW_VOLATILITY
2021-05-21,1661.0,1704.05,1661.0,1692.5,512800.0,1694.03,1657.0875,58.827759798633565,0.015437584709603198,BULLISH,RSI_NORMAL,LOW_VOLATILITY
2021-05-24,1697.5,1708.8,1674.0,1683.1,427970.0,1689.9,1664.15,53.183449839410514,0.01558306260858586,BULLISH,RSI_NORMAL,LOW_VOLATILITY
2021-05-25,1695.7,1736.3,1672.25,1719.1,1100000.0,1690.78,1671.4524999999999,68.94870294519205,0.015646355833366068,BULLISH,RSI_NORMAL,LOW_VOLATILITY
2021-05-26,1735.0,1748.7,1710.0,1724.15,617840.0,1697.6899999999998,1675.6349999999998,65.98290598290596,0.012786273267528228,BULLISH,RSI_NORMAL,LOW_VOLATILITY
2021-05-27,1724.8,1747.9,1704.4,1740.7,730540.0,1711.9099999999999,1680.2925,66.40641485545468,0.012878643544839115,BULLISH,RSI_NORMAL,LOW_VOLATILITY
2021-05-28,1745.55,1794.9,1720.05,1776.1,1010000.0,1728.6299999999999,1686.3049999999998,77.09999999999995,0.013457840967110994,BULLISH,RSI_HIGH,LOW_VOLATILITY
2021-05-31,1792.0,1831.15,1732.0,1758.9,1490000.0,1743.7899999999997,1692.08,67.6445023902651,0.01356029763191784,BULLISH,RSI_NORMAL,LOW_VOLATILITY
2021-06-01,1761.5,1777.95,1738.0,1745.7,438070.0,1749.11,1696.0525000000002,64.70588235294116,0.013539869156349684,BULLISH,RSI_NORMAL,LOW_VOLATILITY
2021-06-02,1735.0,1774.85,1728.45,1764.65,429250.0,1757.2100000000003,1703.1875,66.51548018142377,0.011794276634861128,BULLISH,RSI_NORMAL,LOW_VOLATILITY
2021-06-03,1772.1,1784.65,1749.9,1764.6,449010.0,1761.9900000000002,1708.95,64.56725755995825,0.01144440687404072,BULLISH,RSI_NORMAL,LOW_VOLATILITY
2021-06-04,1770.0,1780.0,1747.8,1754.45,423370.0,1757.6600000000003,1713.525,60.52303860523038,0.011562761943266256,BULLISH,RSI_NORMAL,LOW_VOLATILITY
2021-06-07,1754.45,1850.05,1742.75,1755.45,2650000.0,1756.97,1719.2675,58.82225589954535,0.010938143268523484,BULLISH,RSI_NORMAL,LOW_VOLATILITY
2021-06-08,1769.5,1795.0,1759.3,1784.3,1270000.0,1764.69,1724.5974999999999,70.17469109501492,0.01044434577652279,BULLISH,RSI_HIGH,LOW_VOLATILITY
2021-06-09,1786.05,1859.6,1781.0,1793.05,1900000.0,1770.3700000000001,1730.5025,77.62362944730366,0.01038921289908124,BULLISH,RSI_HIGH,LOW_VOLATILITY
2021-06-10,1801.0,1812.85,1771.5,1787.45,650870.0,1774.94,1735.83,73.02934756245455,0.010492928200007386,BULLISH,RSI_HIGH,LOW_VOLATILITY
2021-06-11,1805.0,1811.1,1778.05,1791.65,605770.0,1782.3799999999999,1740.675,77.00920627021654,0.010424398773464575,BULLISH,RSI_HIGH,LOW_VOLATILITY
2021-06-14,1800.0,1801.1,1765.45,1776.4,328590.0,1786.5700000000002,1744.3075000000001,65.89900110987799,0.010706050761513725,BULLISH,RSI_NORMAL,LOW_VOLATILITY
2021-06-15,1778.0,1799.0,1778.0,1789.7,370510.0,1787.65,1748.0574999999997,67.39188113557975,0.010730964342230968,BULLISH,RSI_NORMAL,LOW_VOLATILITY
2021-06-16,1780.0,1783.45,1728.0,1733.7,893430.0,1775.78,1750.2625,48.464238701184726,0.012590788198487779,BEARISH,RSI_NORMAL,LOW_VOLATILITY
2021-06-17,1701.1,1738.3,1695.7,1707.5,835760.0,1759.7900000000002,1752.1575,34.31641518061272,0.012791226872516888,BEARISH,RSI_NORMAL,LOW_VOLATILITY
2021-06-18,1708.0,1716.25,1665.1,1702.7,477010.0,1742.0,1752.6675,36.37905962190982,0.012469984272168026,BEARISH,RSI_NORMAL,LOW_VOLATILITY
2021-06-21,1690.0,1725.0,1676.05,1719.0,519410.0,1730.52,1754.4625,43.62464183381088,0.012549970513092696,BEARISH,RSI_NORMAL,LOW_VOLATILITY
2021-06-22,1720.0,1737.95,1707.5,1717.45,491440.0,1716.0700000000002,1754.3800000000003,37.70833333333331,0.01161085351741411,BEARISH,RSI_NORMAL,LOW_VOLATILITY
2021-06-23,1723.0,1743.6,1702.1,1708.85,574750.0,1711.1,1753.6150000000002,36.100723011717754,0.01164152123335727,BEARISH,RSI_NORMAL,LOW_VOLATILITY
2021-06-24,1724.0,1733.45,1684.05,1690.15,653570.0,1707.6299999999999,1751.0875,34.62458153993303,0.011620850239921439,BEARISH,RSI_NORMAL,LOW_VOLATILITY
2021-06-25,1695.0,1732.45,1692.0,1728.2,513350.0,1712.73,1748.6924999999999,44.464757261832204,0.011843223594678187,BEARISH,RSI_NORMAL,LOW_VOLATILITY
2021-06-28,1734.0,1747.45,1720.05,1729.6,290010.0,1714.85,1747.2274999999997,37.49428440786462,0.011683573317355336,BEARISH,RSI_NORMAL,LOW_VOLATILITY
2021-06-29,1731.85,1752.95,1722.0,1729.25,354020.0,1717.2099999999998,1746.405,34.831193533047994,0.011575784443133477,BEARISH,RSI_NORMAL,LOW_VOLATILITY
2021-06-30,1731.45,1745.0,1709.1,1716.95,281540.0,1718.83,1744.02,33.75576036866356,0.011350587869933992,BEARISH,RSI_NORMAL,LOW_VOLATILITY
2021-07-01,1717.0,1747.0,1717.0,1742.6,310710.0,1729.3200000000002,1742.92,39.71482491088272,0.011918602800863563,BEARISH,RSI_NORMAL,LOW_VOLATILITY
2021-07-02,1742.6,1742.6,1708.15,1719.95,440450.0,1727.6699999999996,1741.1950000000002,38.519422412039816,0.012191746905202442,BEARISH,RSI_NORMAL,LOW_VOLATILITY
2021-07-05,1729.0,1760.0,1720.0,1755.95,545080.0,1732.94,1741.22,43.71625395643267,0.013136357301412842,BULLISH,RSI_NORMAL,LOW_VOLATILITY
2021-07-06,1780.0,1810.0,1759.0,1768.65,1460000.0,1740.8200000000002,1740.4375,57.7580466148724,0.012687477712412893,BULLISH,RSI_NORMAL,LOW_VOLATILITY
2021-07-07,1769.0,1813.65,1769.0,1809.5,695750.0,1759.33,1741.2599999999998,71.25885785744067,0.013697031737820579,BULLISH,RSI_HIGH,LOW_VOLATILITY
2021-07-08,1820.0,1843.3,1805.5,1821.95,841110.0,1775.2,1742.9850000000001,74.08604322359126,0.013738582063497026,BULLISH,RSI_HIGH,LOW_VOLATILITY
2021-07-09,1821.8,1838.0,1802.1,1809.3,482770.0,1793.0700000000002,1743.8674999999998,68.5116851168512,0.013848872942840236,BULLISH,RSI_NORMAL,LOW_VOLATILITY
2021-07-12,1829.9,1829.9,1800.3,1812.5,314520.0,1804.3799999999999,1745.6725,69.35451028303811,0.013683401007635694,BULLISH,RSI_NORMAL,LOW_VOLATILITY
2021-07-13,1820.0,1829.0,1802.0,1824.45,272850.0,1815.5400000000002,1747.4100000000003,73.22217758135805,0.013662868430758012,BULLISH,RSI_HIGH,LOW_VOLATILITY
2021-07-14,1823.0,1828.6,1810.1,1822.55,543340.0,1818.15,1751.8524999999997,78.52218871176217,0.011377487091141643,BULLISH,RSI_HIGH,LOW_VOLATILITY
2021-07-15,1822.55,1860.0,1816.0,1824.65,759000.0,1818.69,1757.7099999999998,74.58577619169006,0.010602485863097963,BULLISH,RSI_HIGH,LOW_VOLATILITY
2021-07-16,1822.0,1822.0,1802.0,1809.05,236120.0,1818.64,1763.0275000000001,68.88519134775375,0.01085342289184816,BULLISH,RSI_NORMAL,LOW_VOLATILITY
2021-07-19,1800.0,1800.0,1760.15,1765.9,526820.0,1809.3200000000002,1765.3725000000002,57.23879123049577,0.012281997212954218,BULLISH,RSI_NORMAL,LOW_VOLATILITY
2021-07-20,1761.0,1765.9,1670.0,1673.95,1200000.0,1779.22,1763.1974999999998,43.53966346153847,0.01715376072842661,BEARISH,RSI_NORMAL,LOW_VOLATILITY
2021-07-22,1697.0,1697.0,1657.0,1694.15,798940.0,1753.5400000000002,1762.4625,42.599663968229756,0.01737463608998943,BEARISH,RSI_NORMAL,LOW_VOLATILITY
2021-07-23,1694.15,1750.9,1680.0,1727.1,1110000.0,1734.03,1764.31,51.05878868650968,0.017719200955559712,BEARISH,RSI_NORMAL,LOW_VOLATILITY
2021-07-26,1727.0,1763.95,1721.0,1740.3,743650.0,1720.28,1764.9150000000002,47.51468953469905,0.017079748526735914,BEARISH,RSI_NORMAL,LOW_VOLATILITY
2021-07-27,1731.05,1749.7,1691.85,1704.85,612940.0,1708.0700000000002,1763.6775000000002,40.55094786729856,0.017704050917854777,BEARISH,RSI_NORMAL,LOW_VOLATILITY
2021-07-28,1681.0,1699.75,1626.45,1667.45,2840000.0,1706.77,1760.5875,28.7445757893162,0.01833615294210266,BEARISH,RSI_LOW,LOW_VOLATILITY
2021-07-29,1675.0,1678.2,1640.3,1653.2,551480.0,1698.58,1757.4,24.884655454680782,0.018361382143523598,BEARISH,RSI_LOW,LOW_VOLATILITY
2021-07-30,1666.0,1674.5,1637.05,1647.35,451140.0,1682.6299999999999,1752.6375,25.398754367309763,0.01793861700663235,BEARISH,RSI_LOW,LOW_VOLATILITY
2021-08-02,1657.0,1674.9,1650.0,1663.15,211860.0,1667.2,1749.7975000000001,28.149231894659877,0.01796401941403895,BEARISH,RSI_LOW,LOW_VOLATILITY
2021-08-03,1669.5,1692.0,1639.0,1678.75,552930.0,1661.98,1745.9375,28.908511870295314,0.017380354656609306,BEARISH,RSI_LOW,LOW_VOLATILITY
2021-08-04,1679.4,1694.7,1656.45,1662.55,318770.0,1661.0,1740.6325000000002,27.759243814289704,0.017313096633601626,BEARISH,RSI_LOW,LOW_VOLATILITY
2021-08-05,1669.95,1669.95,1640.0,1648.95,309820.0,1660.15,1732.6050000000002,26.333512931034477,0.01621487257075095,BEARISH,RSI_LOW,LOW_VOLATILITY
2021-08-06,1658.75,1661.95,1641.15,1646.5,292430.0,1659.98,1723.8325,27.3006563329144,0.01601227241742637,BEARISH,RSI_LOW,LOW_VOLATILITY
2021-08-09,1646.5,1676.85,1629.0,1662.8,764980.0,1659.9100000000003,1716.5075000000002,34.43538647342993,0.016340159444347115,BEARISH,RSI_NORMAL,LOW_VOLATILITY
2021-08-10,1652.0,1676.0,1629.0,1638.75,248450.0,1651.9100000000003,1707.8200000000002,43.31560957083174,0.01643700548630945,BEARISH,RSI_NORMAL,LOW_VOLATILITY
2021-08-11,1650.0,1656.6,1616.2,1640.85,351240.0,1647.5700000000002,1698.6399999999999,39.1313213703099,0.016283806082012384,BEARISH,RSI_NORMAL,LOW_VOLATILITY
2021-08-12,1643.0,1678.9,1637.0,1669.3,307770.0,1651.6399999999999,1690.9775000000002,37.993352721229755,0.01703008892531714,BEARISH,RSI_NORMAL,LOW_VOLATILITY
2021-08-13,1690.0,1720.0,1653.1,1676.6,1380000.0,1657.6599999999999,1683.575,36.43526405451446,0.017098873883767615,BEARISH,RSI_NORMAL,LOW_VOLATILITY
2021-08-16,1677.0,1704.85,1661.4,1692.4,357010.0,1663.58,1677.7424999999998,47.10666976528008,0.017322511006288878,BULLISH,RSI_NORMAL,LOW_VOLATILITY
2021-08-17,1685.0,1717.95,1680.0,1705.55,775310.0,1676.94,1674.725,59.979046621267656,0.016770943423946874,BULLISH,RSI_NORMAL,LOW_VOLATILITY
2021-08-18,1706.0,1714.55,1691.1,1697.45,412380.0,1688.2599999999998,1675.9,61.97564276048714,0.011909526131597386,BULLISH,RSI_NORMAL,LOW_VOLATILITY
2021-08-20,1697.45,1723.05,1648.95,1658.5,852320.0,1686.1,1674.1174999999998,52.55910029837046,0.012707371450257621,BEARISH,RSI_NORMAL,LOW_VOLATILITY
2021-08-23,1656.0,1687.9,1630.0,1671.45,484940.0,1685.0700000000002,1671.3349999999998,51.93023255813952,0.011967135827871957,BULLISH,RSI_NORMAL,LOW_VOLATILITY
2021-08-24,1679.0,1696.0,1654.0,1692.5,272690.0,1685.0900000000001,1668.9450000000002,53.118621002494905,0.01221630913294735,BULLISH,RSI_NORMAL,LOW_VOLATILITY
2021-08-25,1698.0,1742.45,1692.4,1717.0,853630.0,1687.3799999999999,1669.5524999999998,61.90163934426232,0.01183535577660368,BULLISH,RSI_NORMAL,LOW_VOLATILITY
2021-08-26,1729.45,1761.0,1718.0,1747.8,781720.0,1697.45,1673.5700000000002,70.09554787558446,0.011212811886840776,BULLISH,RSI_HIGH,LOW_VOLATILITY
2021-08-27,1759.35,1783.0,1734.55,1776.85,602060.0,1721.1199999999997,1679.7525,73.91304347826087,0.011329458219460995,BULLISH,RSI_HIGH,LOW_VOLATILITY
2021-08-30,1789.0,1827.0,1775.0,1819.25,603870.0,1750.6799999999998,1688.3474999999999,76.1928679055751,0.01204549318921639,BULLISH,RSI_HIGH,LOW_VOLATILITY
2021-08-31,1830.0,1924.05,1807.05,1904.15,1680000.0,1793.0099999999998,1700.3975000000003,86.91237830319889,0.015217526763177858,BULLISH,RSI_HIGH,LOW_VOLATILITY
2021-09-01,1906.0,1934.9,1894.9,1916.0,687250.0,1832.81,1712.2600000000002,87.25795531482737,0.01520679668849159,BULLISH,RSI_HIGH,LOW_VOLATILITY
2021-09-02,1919.0,1954.0,1898.0,1944.05,585550.0,1872.0600000000002,1726.3349999999998,87.24413718313679,0.01479323549708138,BULLISH,RSI_HIGH,LOW_VOLATILITY
2021-09-03,1944.7,1986.5,1927.1,1965.65,734990.0,1909.8200000000002,1742.17,87.72021401539868,0.014306750938300212,BULLISH,RSI_HIGH,LOW_VOLATILITY
2021-09-06,1984.5,1985.0,1955.0,1968.7,598180.0,1939.7099999999998,1758.28,87.2975161987041,0.014206253710362758,BULLISH,RSI_HIGH,LOW_VOLATILITY
2021-09-07,1984.1,1985.0,1927.95,1950.65,649760.0,1949.0100000000002,1772.6725,82.65387689848123,0.014776132968911187,BULLISH,RSI_HIGH,LOW_VOLATILITY
2021-09-08,1958.0,1959.45,1924.55,1950.65,367900.0,1955.94,1788.2675,84.47712418300654,0.013943259038429488,BULLISH,RSI_HIGH,LOW_VOLATILITY
2021-09-09,1941.0,1955.95,1904.9,1911.6,633430.0,1949.45,1801.8049999999998,84.45412469371084,0.015298660920290651,BULLISH,RSI_HIGH,LOW_VOLATILITY
2021-09-13,1921.7,1922.05,1865.0,1897.7,717000.0,1935.86,1813.225,80.71961982348948,0.015477689380420444,BULLISH,RSI_HIGH,LOW_VOLATILITY
2021-09-14,1895.0,1948.95,1893.45,1943.0,639670.0,1930.72,1826.545,81.91082802547771,0.01594079996969352,BULLISH,RSI_HIGH,LOW_VOLATILITY
2021-09-15,1954.0,2023.1,1935.0,1977.45,1030000.0,1936.0800000000004,1840.7975,82.35805690147845,0.016100419060197796,BULLISH,RSI_HIGH,LOW_VOLATILITY
2021-09-16,1988.0,1999.0,1957.0,1979.85,513550.0,1941.92,1854.5125,81.01858040368934,0.016170558523885745,BULLISH,RSI_HIGH,LOW_VOLATILITY
2021-09-17,1995.0,2273.95,1983.55,2196.05,8380000.000000001,1998.81,1879.4424999999999,87.34853884533143,0.027613286703521076,BULLISH,RSI_HIGH,HIGH_VOLATILITY
2021-09-20,2196.05,2204.5,2141.25,2169.5,2860000.0,2053.17,1904.9924999999998,82.11240487760152,0.026962190481238962,BULLISH,RSI_HIGH,HIGH_VOLATILITY
2021-09-21,2175.0,2249.55,2140.2,2236.25,2500000.0,2111.82,1933.2325,81.49658573596355,0.0271793945545081,BULLISH,RSI_HIGH,HIGH_VOLATILITY
2021-09-22,2255.0,2307.15,2180.1,2188.3,2110000.0,2153.9900000000002,1958.0224999999998,74.17006923486598,0.02837689002216403,BULLISH,RSI_HIGH,HIGH_VOLATILITY
2021-09-23,2204.0,2246.0,2195.7,2216.5,1440000.0,2201.32,1982.9975,74.17694560298163,0.028375632254351576,BULLISH,RSI_HIGH,HIGH_VOLATILITY
2021-09-24,2217.0,2221.9,2114.5,2138.7,871510.0,2189.85,2002.5425,63.963527797950434,0.030322590227139394,BULLISH,RSI_NORMAL,HIGH_VOLATILITY
2021-09-27,2157.0,2170.2,2057.9,2082.1,901240.0,2172.37,2017.8049999999998,58.422459893048114,0.03138155612010156,BULLISH,RSI_NORMAL,HIGH_VOLATILITY
2021-09-28,2065.0,2065.0,1985.4,2023.05,995260.0,2129.73,2027.9950000000001,55.06860823298795,0.03219024609615924,BEARISH,RSI_NORMAL,HIGH_VOLATILITY
2021-09-29,2023.05,2057.9,2000.05,2009.3,693660.0,2093.93,2033.2524999999998,54.028436018957336,0.030807836196691418,BEARISH,RSI_NORMAL,HIGH_VOLATILITY
2021-09-30,2027.25,2040.45,1983.85,2021.7,683730.0,2054.9700000000003,2038.5375,57.84970768572652,0.030807563354550916,BEARISH,RSI_NORMAL,HIGH_VOLATILITY
2021-10-01,2010.0,2030.0,1958.2,1976.05,820840.0,2022.4399999999998,2040.1375,55.34411022440488,0.03119686247091366,BEARISH,RSI_NORMAL,HIGH_VOLATILITY
2021-10-04,1980.0,2012.8,1954.1,1993.15,424270.0,2004.65,2041.5125,53.5574945023764,0.03116084570554923,BEARISH,RSI_NORMAL,HIGH_VOLATILITY
2021-10-05,1977.0,2010.8,1962.0,1971.05,337980.0,1994.25,2041.6300000000003,49.5379061371841,0.03127995301129105,BEARISH,RSI_NORMAL,HIGH_VOLATILITY
2021-10-06,1985.55,1987.45,1920.0,1929.3,499910.0,1978.25,2040.5625,46.54642344742776,0.03158931026892636,BEARISH,RSI_NORMAL,HIGH_VOLATILITY
2021-10-07,1936.35,1988.6,1936.35,1947.7,518120.0,1963.45,2040.4150000000002,26.74843179477577,0.03166271869045413,BEARISH,RSI_LOW,HIGH_VOLATILITY
2021-10-08,1967.0,1988.5,1917.85,1962.5,815670.0,1960.7400000000002,2042.9600000000003,30.183802412406664,0.031326615865801925,BEARISH,RSI_NORMAL,HIGH_VOLATILITY
2021-10-11,1948.9,2136.0,1930.0,2048.2,2310000.0,1971.75,2050.4849999999997,32.628175519630474,0.032598464313182494,BEARISH,RSI_NORMAL,HIGH_VOLATILITY
2021-10-12,2065.2,2084.6,2010.6,2040.3,850610.0,1985.6,2055.35,35.23543495610534,0.03231111003588839,BEARISH,RSI_NORMAL,HIGH_VOLATILITY
2021-10-13,2140.0,2140.0,2010.35,2017.55,1540000.0,2003.25,2057.355,29.93444276348967,0.03225985410206388,BEARISH,RSI_LOW,HIGH_VOLATILITY
2021-10-14,2020.0,2087.0,2015.55,2073.2,628440.0,2028.35,2062.0225,43.08488175675676,0.0327830418397445,BULLISH,RSI_NORMAL,HIGH_VOLATILITY
2021-10-18,2093.0,2098.9,2045.0,2052.85,434290.0,2046.4199999999996,2054.8625,46.65599634160284,0.0212122287505818,BEARISH,RSI_NORMAL,HIGH_VOLATILITY
2021-10-19,2080.0,2084.85,2004.75,2016.55,386830.0,2040.0899999999997,2047.2149999999997,49.21611191509889,0.0213725047211898,BEARISH,RSI_NORMAL,HIGH_VOLATILITY
2021-10-20,2022.0,2073.9,1986.6,2011.95,682880.0,2034.4199999999996,2036.0,50.32679738562092,0.01980956983931393,BEARISH,RSI_NORMAL,HIGH_VOLATILITY
2021-10-21,2032.05,2057.55,1993.0,2043.5,696010.0,2039.61,2028.7600000000002,52.56712199717381,0.019935085507048256,BULLISH,RSI_NORMAL,HIGH_VOLATILITY
2021-10-22,2044.5,2065.0,2001.15,2018.7,360970.0,2028.7099999999998,2018.8700000000001,55.28173374613005,0.019653660307068093,BEARISH,RSI_NORMAL,LOW_VOLATILITY
2021-10-25,2030.0,2067.75,1962.15,1996.05,859030.0,2017.35,2011.7375,50.35426337649644,0.01837958179558683,BEARISH,RSI_NORMAL,LOW_VOLATILITY
2021-10-26,2006.6,2030.0,1989.3,2021.2,234690.0,2018.28,2008.6924999999999,56.08099915120652,0.01785494737234657,BULLISH,RSI_NORMAL,LOW_VOLATILITY
2021-10-27,2030.0,2079.0,2002.0,2010.25,759260.0,2017.94,2008.0524999999998,60.608046127637294,0.016728542199083755,BULLISH,RSI_NORMAL,LOW_VOLATILITY
2021-10-28,2020.8,2058.0,1976.2,1997.95,612490.0,2008.83,2007.4850000000001,56.6919696364363,0.016715121134203304,BEARISH,RSI_NORMAL,LOW_VOLATILITY
2021-10-29,2000.0,2189.7,1850.0,2175.2,5300000.0,2040.1299999999999,2015.1599999999999,69.77133296151703,0.025981081388857442,BULLISH,RSI_NORMAL,HIGH_VOLATILITY
2021-11-01,2168.0,2205.0,2129.15,2179.3,984880.0,2076.7799999999997,2025.3225000000002,64.36554898093365,0.02523006327517579,BULLISH,RSI_NORMAL,HIGH_VOLATILITY
2021-11-02,2165.1,2226.4,2161.0,2178.75,571370.0,2108.29,2034.6025000000002,65.41931172736386,0.025244465686920167,BULLISH,RSI_NORMAL,HIGH_VOLATILITY
2021-11-03,2176.0,2197.1,2134.1,2164.45,329830.0,2139.13,2044.2724999999998,66.67423382519861,0.025114972307873115,BULLISH,RSI_NORMAL,HIGH_VOLATILITY
2021-11-04,2170.0,2192.0,2164.0,2170.95,51060.0,2173.73,2056.355,62.48882074869042,0.024359938857469066,BULLISH,RSI_NORMAL,HIGH_VOLATILITY
2021-11-08,2175.0,2235.0,2145.8,2161.95,622520.0,2171.08,2067.0675,64.35526315789471,0.024452915591116307,BULLISH,RSI_NORMAL,HIGH_VOLATILITY
2021-11-09,2169.0,2202.5,2143.55,2155.2,734070.0,2166.2599999999998,2076.7025,69.78170923098868,0.02452200809615711,BULLISH,RSI_NORMAL,HIGH_VOLATILITY
2021-11-10,2159.0,2199.9,2130.0,2136.85,783650.0,2157.8799999999997,2081.1349999999998,67.1471718835804,0.022910798036189735,BULLISH,RSI_NORMAL,HIGH_VOLATILITY
2021-11-11,2145.0,2198.0,2126.55,2147.45,1110000.0,2154.48,2086.4925,65.14202476329201,0.02286967719138058,BULLISH,RSI_NORMAL,HIGH_VOLATILITY
2021-11-12,2164.0,2324.95,2160.0,2306.25,4160000.0,2181.54,2100.9275000000002,80.12572027239388,0.027570686003541303,BULLISH,RSI_HIGH,HIGH_VOLATILITY
2021-11-15,2310.0,2355.0,2285.05,2346.65,1310000.0,2218.48,2114.5999999999995,85.41414141414138,0.027266445956996548,BULLISH,RSI_HIGH,HIGH_VOLATILITY
2021-11-16,2349.95,2380.0,2325.35,2364.4,830740.0,2260.3199999999997,2130.1775,85.19278096800653,0.026992921081890088,BULLISH,RSI_HIGH,HIGH_VOLATILITY
2021-11-17,2363.0,2369.9,2308.1,2332.0,438450.0,2299.35,2145.95,81.60298595422843,0.026812195554545667,BULLISH,RSI_HIGH,HIGH_VOLATILITY
2021-11-18,2343.65,2357.95,2240.8,2251.15,524410.0,2320.09,2157.91,71.91828254847644,0.028374311811337413,BULLISH,RSI_HIGH,HIGH_VOLATILITY
2021-11-22,2260.3,2273.95,2128.0,2162.8,838800.0,2291.4,2163.875,48.73132801309601,0.029999710803343304,BEARISH,RSI_NORMAL,HIGH_VOLATILITY
2021-11-23,2163.0,2193.4,2122.05,2179.45,584700.0,2257.96,2171.9125,50.014962593516174,0.02979128341149007,BULLISH,RSI_NORMAL,HIGH_VOLATILITY
2021-11-24,2190.9,2203.0,2123.0,2141.75,476840.0,2213.4300000000003,2179.1974999999998,46.56389301634472,0.029987703039161977,BEARISH,RSI_NORMAL,HIGH_VOLATILITY
2021-11-25,2134.1,2140.0,2060.0,2071.6,943510.0,2161.35,2181.7174999999997,42.18763146823728,0.030996390335599137,BEARISH,RSI_NORMAL,HIGH_VOLATILITY
2021-11-26,1991.2,1999.9,1870.85,1888.1,2820000.0,2088.74,2175.6099999999997,31.662884927066443,0.03699524117049634,BEARISH,RSI_NORMAL,HIGH_VOLATILITY
2021-11-29,1870.0,1945.0,1812.25,1894.5,2320000.0,2035.08,2170.4374999999995,32.60261497430561,0.037007163339426254,BEARISH,RSI_NORMAL,HIGH_VOLATILITY
2021-11-30,1901.0,1968.0,1891.15,1905.05,2430000.0,1980.2,2156.93,33.8080134636546,0.03035051986375787,BEARISH,RSI_NORMAL,HIGH_VOLATILITY
2021-12-01,1907.9,1960.95,1853.5,1902.8,1710000.0,1932.4099999999999,2143.105,34.527665763204865,0.030315439876018556,BEARISH,RSI_NORMAL,HIGH_VOLATILITY
2021-12-02,1861.35,1935.0,1861.35,1912.05,879200.0,1900.5,2129.7699999999995,34.41059602649007,0.030390769184641,BEARISH,RSI_NORMAL,HIGH_VOLATILITY
2021-12-03,1913.0,1979.0,1871.0,1875.65,1110000.0,1898.0099999999998,2115.33,15.965855200758753,0.03052925282723757,BEARISH,RSI_LOW,HIGH_VOLATILITY
2021-12-06,1878.1,1911.9,1848.0,1859.05,729400.0,1890.9199999999996,2099.735,9.954007884362639,0.030446180794125217,BEARISH,RSI_LOW,HIGH_VOLATILITY
2021-12-07,1899.05,1964.0,1895.2,1945.25,2030000.0,1898.9599999999998,2088.9,19.055001845699493,0.03272940786038073,BEARISH,RSI_LOW,HIGH_VOLATILITY
2021-12-08,1972.0,1997.45,1951.25,1986.8,805230.0,1915.7599999999998,2080.48,24.85431235431234,0.03324736755606793,BEARISH,RSI_LOW,HIGH_VOLATILITY
2021-12-09,1997.3,2028.95,1974.0,2019.5,987230.0,1937.25,2074.6125,31.852722287504875,0.033518159937146755,BEARISH,RSI_NORMAL,HIGH_VOLATILITY
2021-12-10,1992.0,2026.5,1982.15,1997.6,743530.0,1961.64,2067.12,35.55438964672959,0.03352474882281748,BEARISH,RSI_NORMAL,HIGH_VOLATILITY
2021-12-13,2018.0,2020.0,1991.95,2010.3,519620.0,1991.89,2052.3224999999998,35.106101963546735,0.028361137762952838,BEARISH,RSI_NORMAL,HIGH_VOLATILITY
2021-12-14,1990.0,2025.0,1961.05,1977.5,932490.0,1998.3400000000001,2033.8650000000002,35.41167066346924,0.027860855233324454,BEARISH,RSI_NORMAL,HIGH_VOLATILITY
2021-12-15,1971.0,2018.95,1956.55,1962.8,468820.0,1993.5399999999997,2013.7850000000003,39.28078817733991,0.027616619669072272,BEARISH,RSI_NORMAL,HIGH_VOLATILITY
2021-12-16,1985.9,1994.35,1948.55,1965.6,484060.0,1982.7599999999998,1995.4650000000001,61.857405140758864,0.02768504295171233,BEARISH,RSI_NORMAL,HIGH_VOLATILITY
2021-12-17,1957.0,1993.95,1942.0,1955.4,922130.0,1974.3200000000002,1980.6775000000002,59.21052631578949,0.02697363050418954,BEARISH,RSI_NORMAL,HIGH_VOLATILITY
2021-12-20,1941.75,1941.75,1795.15,1818.4,769020.0,1935.94,1963.4574999999998,40.520730773438366,0.029677502926080353,BEARISH,RSI_NORMAL,HIGH_VOLATILITY
2021-12-21,1837.0,1858.15,1771.0,1838.45,1170000.0,1908.1299999999999,1946.4075,43.224176055596516,0.029780497497683578,BEARISH,RSI_NORMAL,HIGH_VOLATILITY
2021-12-22,1840.0,1929.8,1840.0,1915.55,1070000.0,1898.6799999999998,1935.0974999999999,50.32246176524783,0.031694974847826324,BEARISH,RSI_NORMAL,HIGH_VOLATILITY
2021-12-23,1922.0,1980.0,1922.0,1969.65,1010000.0,1899.4900000000002,1930.0,58.386866523911486,0.03182579347258139,BULLISH,RSI_NORMAL,HIGH_VOLATILITY
2021-12-24,1989.0,1990.0,1947.1,1967.6,679230.0,1901.9299999999998,1933.975,59.94320784098194,0.024463681144662203,BULLISH,RSI_NORMAL,HIGH_VOLATILITY
2021-12-27,1942.0,2011.95,1925.05,2002.75,796380.0,1938.8,1939.3875,55.810428455941796,0.024708875735575335,BULLISH,RSI_NORMAL,HIGH_VOLATILITY
2021-12-28,2009.8,2066.0,1990.0,2000.95,803910.0,1971.3,1944.1825000000001,51.5547742006373,0.02471685259924037,BULLISH,RSI_NORMAL,HIGH_VOLATILITY
2021-12-29,1990.0,2017.9,1970.1,2008.15,483620.0,1989.8200000000002,1949.45,48.6788499592597,0.02469991922273435,BULLISH,RSI_NORMAL,HIGH_VOLATILITY
2021-12-30,2007.0,2007.0,1974.0,1979.55,449010.0,1991.8,1952.825,47.93123209169055,0.02499145107437085,BULLISH,RSI_NORMAL,HIGH_VOLATILITY
2021-12-31,1990.0,2025.0,1981.8,2017.55,417280.0,2001.7900000000002,1959.92,50.785397031740885,0.024755827874208058,BULLISH,RSI_NORMAL,HIGH_VOLATILITY
2022-01-03,2001.0,2024.8,1935.0,2014.0,1310000.0,2004.0400000000002,1967.6675,54.221605366643544,0.024613258405839937,BULLISH,RSI_NORMAL,HIGH_VOLATILITY
2022-01-04,2014.0,2060.0,2002.5,2041.7,787910.0,2012.1899999999998,1972.4899999999998,58.859196047608364,0.022684435500909834,BULLISH,RSI_NORMAL,HIGH_VOLATILITY
2022-01-05,2015.0,2027.95,1965.0,1977.75,903870.0,2006.11,1972.0375,51.19952611314049,0.023446075207393346,BULLISH,RSI_NORMAL,HIGH_VOLATILITY
2022-01-06,1955.0,1990.9,1940.15,1960.15,1060000.0,2002.23,1969.0700000000002,50.462197139242974,0.023195638927285153,BEARISH,RSI_NORMAL,HIGH_VOLATILITY
2022-01-07,1979.4,2018.75,1970.0,2005.45,1430000.0,1999.8100000000002,1969.4625,72.15444747127796,0.023692225193214088,BULLISH,RSI_HIGH,HIGH_VOLATILITY
2022-01-10,1977.0,2066.85,1977.0,2055.1,1310000.0,2008.0300000000002,1971.7025,73.97897066961812,0.02428286488031129,BULLISH,RSI_HIGH,HIGH_VOLATILITY
2022-01-11,2040.0,2115.0,2025.35,2035.55,1460000.0,2006.8,1974.605,65.220700152207,0.024068526060043886,BULLISH,RSI_NORMAL,HIGH_VOLATILITY
2022-01-12,2057.6,2100.0,2040.7,2089.0,725040.0,2029.05,1980.9149999999997,65.16325752763306,0.02456746753191461,BULLISH,RSI_NORMAL,HIGH_VOLATILITY
2022-01-13,2096.0,2160.9,2091.1,2144.9,1190000.0,2066.0,1989.8799999999999,69.8144836835047,0.02510682322033672,BULLISH,RSI_NORMAL,HIGH_VOLATILITY
2022-01-14,2121.35,2169.0,2121.35,2165.45,628330.0,2098.0,2000.3824999999997,68.79621072088725,0.025018351265119462,BULLISH,RSI_NORMAL,HIGH_VOLATILITY
2022-01-17,2165.45,2173.4,2136.0,2165.25,443340.0,2120.03,2017.725,69.05148423005568,0.017742023853165697,BULLISH,RSI_NORMAL,LOW_VOLATILITY
2022-01-18,2168.0,2183.0,2097.05,2112.25,819350.0,2135.37,2031.4149999999997,60.911949685534594,0.019233265812344476,BULLISH,RSI_NORMAL,LOW_VOLATILITY
2022-01-19,2122.25,2123.0,2057.6,2079.5,459360.0,2133.4700000000003,2039.6125,60.38657383352387,0.018013844554663105,BULLISH,RSI_NORMAL,LOW_VOLATILITY
2022-01-20,2085.0,2107.2,2053.9,2091.75,409420.0,2122.84,2045.7175,58.14668423364077,0.01711935668253158,BULLISH,RSI_NORMAL,LOW_VOLATILITY
2022-01-21,2087.6,2127.7,2070.0,2084.35,708170.0,2106.62,2051.5550000000003,57.65922700054436,0.017160589946618995,BULLISH,RSI_NORMAL,LOW_VOLATILITY
2022-01-24,2089.0,2089.0,1970.85,1992.2,459730.0,2072.0099999999998,2051.0275,45.27401183883902,0.019753333215518316,BEARISH,RSI_NORMAL,LOW_VOLATILITY
2022-01-25,1985.1,2024.0,1955.6,1966.7,705170.0,2042.9,2049.3149999999996,48.86141164348274,0.019957574914263827,BEARISH,RSI_NORMAL,HIGH_VOLATILITY
2022-01-27,1925.0,1935.0,1838.0,1862.6,1480000.0,1999.5199999999998,2042.0375,41.469173589855686,0.023079655663982908,BEARISH,RSI_NORMAL,HIGH_VOLATILITY
2022-01-28,1869.0,1901.25,1826.0,1856.65,1840000.0,1952.5,2035.8925,36.02554470323064,0.022940794715306,BEARISH,RSI_NORMAL,HIGH_VOLATILITY
2022-01-31,1865.0,1898.9,1835.1,1856.85,814980.0,1907.0,2027.8575,29.47510094212649,0.022360819772007094,BEARISH,RSI_LOW,HIGH_VOLATILITY
2022-02-01,1867.1,1962.0,1864.05,1950.9,1050000.0,1898.7400000000002,2024.7024999999999,42.407390797380934,0.0254786335564272,BEARISH,RSI_NORMAL,HIGH_VOLATILITY
2022-02-02,1960.0,1979.95,1938.05,1947.55,318190.0,1894.9099999999999,2019.9950000000001,36.05991918793732,0.02523181433642945,BEARISH,RSI_NORMAL,HIGH_VOLATILITY
2022-02-03,1959.4,1959.4,1920.0,1941.5,258630.0,1910.69,2018.1825000000001,27.77049180327866,0.024280105250372084,BEARISH,RSI_LOW,HIGH_VOLATILITY
2022-02-04,1950.65,2005.0,1937.05,1974.35,946380.0,1934.23,2018.8925,29.661558109833976,0.024503418570152025,BEARISH,RSI_LOW,HIGH_VOLATILITY
2022-02-07,2005.0,2187.05,1985.0,2170.1,4480000.0,1996.8799999999999,2027.125,50.36446982791011,0.03269986049944368,BULLISH,RSI_NORMAL,HIGH_VOLATILITY
2022-02-08,2165.0,2235.0,2155.0,2182.6,2280000.0,2043.22,2033.5,55.62935104425062,0.0323529755902139,BULLISH,RSI_NORMAL,HIGH_VOLATILITY
2022-02-09,2190.0,2263.0,2180.1,2253.8,1080000.0,2104.47,2044.4125,63.1388511985527,0.03282938443722711,BULLISH,RSI_NORMAL,HIGH_VOLATILITY
2022-02-10,2250.5,2282.1,2195.1,2236.75,1180000.0,2163.5199999999995,2051.8,60.85166891183954,0.03257975721652015,BULLISH,RSI_NORMAL,HIGH_VOLATILITY
2022-02-11,2208.2,2282.0,2201.1,2264.95,1320000.0,2221.6400000000003,2057.8025000000002,63.107853099143554,0.0322090705990631,BULLISH,RSI_NORMAL,HIGH_VOLATILITY
2022-02-14,2170.0,2228.5,2082.75,2092.3,1290000.0,2206.08,2054.145,56.50506888484534,0.03671518691186296,BULLISH,RSI_NORMAL,HIGH_VOLATILITY
2022-02-15,2125.0,2198.95,2071.55,2190.6,1090000.0,2207.68,2055.4125,63.2925670862028,0.038258493995618224,BULLISH,RSI_NORMAL,HIGH_VOLATILITY
2022-02-16,2195.0,2223.4,2152.1,2170.95,796340.0,2191.1099999999997,2058.3475000000003,70.34642032332565,0.03786430937747067,BULLISH,RSI_HIGH,HIGH_VOLATILITY
2022-02-17,2197.95,2244.0,2130.0,2156.65,1440000.0,2175.09,2062.2050000000004,69.57968933559589,0.037698898623502536,BULLISH,RSI_NORMAL,HIGH_VOLATILITY
2022-02-18,2149.0,2168.0,2091.0,2116.6,951800.0,2145.4199999999996,2063.4475,66.11452323345121,0.03797858808905504,BULLISH,RSI_NORMAL,HIGH_VOLATILITY
2022-02-21,2085.05,2096.15,2025.2,2086.55,1960000.0,2144.27,2063.5575,59.14145158029518,0.03812411111350135,BULLISH,RSI_NORMAL,HIGH_VOLATILITY
2022-02-22,1996.0,2078.8,1996.0,2066.05,999360.0,2119.3599999999997,2067.25,57.80529574496116,0.0367407300690956,BEARISH,RSI_NORMAL,HIGH_VOLATILITY
2022-02-23,2085.0,2095.0,2030.45,2039.4,720060.0,2093.05,2070.885,56.278055662434284,0.03674290213174181,BEARISH,RSI_NORMAL,HIGH_VOLATILITY
2022-02-24,1975.0,1988.0,1800.0,1830.55,2400000.0,2027.83,2069.2825,42.476718635555095,0.04196265893971027,BEARISH,RSI_NORMAL,HIGH_VOLATILITY
2022-02-25,1900.0,1977.3,1870.05,1918.25,1610000.0,1988.1600000000003,2072.3625,35.14422226154663,0.043294179595676476,BEARISH,RSI_NORMAL,HIGH_VOLATILITY
2022-02-28,1870.0,1894.0,1840.0,1874.9,1590000.0,1945.83,2073.265,32.48719408081958,0.04365728650813244,BEARISH,RSI_NORMAL,HIGH_VOLATILITY
2022-03-02,1836.0,1865.0,1786.85,1805.05,1600000.0,1893.6299999999999,2065.9725000000003,24.419996579832386,0.042855227952041754,BEARISH,RSI_LOW,HIGH_VOLATILITY
2022-03-03,1801.0,1803.85,1721.1,1729.95,1740000.0,1831.7400000000002,2055.0924999999997,22.904191616766454,0.043712041293022356,BEARISH,RSI_LOW,HIGH_VOLATILITY
2022-03-04,1720.0,1742.3,1634.0,1724.2,2920000.0,1810.47,2044.2275000000002,20.377978635990118,0.043711574547635225,BEARISH,RSI_LOW,HIGH_VOLATILITY
2022-03-07,1668.0,1668.0,1594.15,1617.0,1590000.0,1750.22,2026.3600000000001,21.95208308745424,0.04517697872622006,BEARISH,RSI_LOW,HIGH_VOLATILITY
2022-03-08,1600.0,1614.95,1555.1,1598.8,1560000.0,1695.0,1997.795,11.43117831074035,0.03733721045888935,BEARISH,RSI_LOW,HIGH_VOLATILITY
2022-03-09,1658.0,1754.85,1658.0,1709.1,5600000.0,1675.8100000000002,1974.1199999999997,23.080958209477174,0.041577265503728415,BEARISH,RSI_LOW,HIGH_VOLATILITY
2022-03-10,1800.0,1824.6,1753.4,1789.45,2790000.0,1687.7099999999998,1950.9025000000001,30.127719450156945,0.04249220474657942,BEARISH,RSI_NORMAL,HIGH_VOLATILITY
2022-03-11,1780.0,1839.0,1761.7,1820.8,1620000.0,1707.03,1930.105,33.83959790209791,0.04295412890006266,BEARISH,RSI_NORMAL,HIGH_VOLATILITY
2022-03-14,1823.0,1849.8,1806.3,1838.8,818800.0,1751.39,1908.7975,36.28411670265182,0.042885176844866965,BEARISH,RSI_NORMAL,HIGH_VOLATILITY
2022-03-15,1872.0,1883.4,1820.65,1832.55,965030.0,1798.1399999999999,1895.8100000000002,36.86578917763527,0.0399079549603023,BEARISH,RSI_NORMAL,HIGH_VOLATILITY
2022-03-16,1866.0,1923.75,1866.0,1899.8,1550000.0,1836.28,1881.27,42.49058633674017,0.03925241714063515,BULLISH,RSI_NORMAL,HIGH_VOLATILITY
2022-03-17,1930.0,1944.0,1883.05,1897.05,1300000.0,1857.8,1867.575,54.59635056676804,0.03926205672563982,BULLISH,RSI_NORMAL,HIGH_VOLATILITY
2022-03-21,1882.0,1895.0,1809.55,1814.05,715150.0,1856.45,1850.4449999999997,42.75080005565605,0.04016166840516339,BEARISH,RSI_NORMAL,HIGH_VOLATILITY
2022-03-22,1810.0,1851.5,1762.25,1836.25,990080.0,1855.94,1836.4274999999998,47.229589276754346,0.04031875045248605,BEARISH,RSI_NORMAL,HIGH_VOLATILITY
2022-03-23,1845.0,1855.0,1812.05,1832.8,628560.0,1855.9899999999998,1823.7400000000002,52.19836805830626,0.04028574607232624,BULLISH,RSI_NORMAL,HIGH_VOLATILITY
2022-03-24,1800.0,1870.9,1796.4,1863.1,770860.0,1848.65,1813.5925,61.35414001876011,0.040573045097412344,BULLISH,RSI_NORMAL,HIGH_VOLATILITY
2022-03-25,1875.0,1954.05,1871.0,1940.55,2370000.0,1857.35,1808.65,66.43872046197096,0.041779928744475246,BULLISH,RSI_NORMAL,HIGH_VOLATILITY
2022-03-28,1963.9,1996.0,1940.0,1964.3,1590000.0,1887.4,1815.3375,80.22102332057082,0.03444779628474508,BULLISH,RSI_HIGH,HIGH_VOLATILITY
2022-03-29,1992.0,2019.8,1950.1,1963.15,1180000.0,1912.78,1817.5825,82.67419962335218,0.03287217968262778,BULLISH,RSI_HIGH,HIGH_VOLATILITY
2022-03-30,1983.15,2011.75,1966.2,1989.35,786920.0,1944.0899999999997,1823.3049999999998,79.59657830816349,0.032455432938562796,BULLISH,RSI_HIGH,HIGH_VOLATILITY
2022-03-31,1990.35,2020.0,1990.35,2014.15,991860.0,1974.3,1833.7599999999998,76.88442211055278,0.03104559497775162,BULLISH,RSI_HIGH,HIGH_VOLATILITY
2022-04-01,2017.5,2033.95,1963.0,1998.6,1060000.0,1985.9099999999999,1847.1924999999999,72.1089281273315,0.029182222610753077,BULLISH,RSI_HIGH,HIGH_VOLATILITY
2022-04-04,2000.0,2025.0,1995.0,2014.55,553030.0,1995.9599999999998,1861.7099999999998,71.96600424946881,0.029067780074685183,BULLISH,RSI_HIGH,HIGH_VOLATILITY
2022-04-05,2006.8,2023.5,1975.65,1986.4,933230.0,2000.61,1880.1799999999998,68.23083303708971,0.02457591117785134,BULLISH,RSI_NORMAL,HIGH_VOLATILITY
2022-04-06,1987.7,2004.0,1972.0,1979.25,392850.0,1998.5900000000001,1899.2025,60.978305927870665,0.02427497336947819,BULLISH,RSI_NORMAL,HIGH_VOLATILITY
2022-04-07,1987.0,1991.2,1968.05,1980.4,444890.0,1991.8400000000001,1912.7675000000004,61.56835530881333,0.020142724604644523,BULLISH,RSI_NORMAL,HIGH_VOLATILITY
2022-04-08,2000.0,2029.5,1992.0,2000.15,1010000.0,1992.15,1923.3024999999998,81.32996632996633,0.017905358892206475,BULLISH,RSI_HIGH,LOW_VOLATILITY
2022-04-11,2005.0,2038.9,1984.05,1991.55,650550.0,1987.55,1931.8400000000001,77.39943542695833,0.017813944371169184,BULLISH,RSI_HIGH,LOW_VOLATILITY
2022-04-12,2001.85,2001.85,1922.85,1932.85,693540.0,1976.8400000000001,1936.5425,64.77188838033365,0.01931515216486669,BEARISH,RSI_NORMAL,LOW_VOLATILITY
2022-04-13,1944.45,1948.95,1890.0,1899.2,476690.0,1960.83,1939.875,55.27777777777779,0.01979513173538004,BEARISH,RSI_NORMAL,HIGH_VOLATILITY
2022-04-18,1885.0,1892.45,1830.25,1884.9,570710.0,1941.7300000000002,1939.1299999999999,40.0215169445939,0.01811062789583767,BEARISH,RSI_NORMAL,LOW_VOLATILITY
2022-04-19,1899.0,1926.7,1843.25,1869.55,356100.0,1915.61,1937.7549999999999,32.482898872249976,0.0181958744521034,BEARISH,RSI_NORMAL,LOW_VOLATILITY
2022-04-20,1890.0,1906.5,1867.2,1896.35,445450.0,1896.5700000000002,1941.8700000000001,38.72002701789934,0.01535492260483169,BEARISH,RSI_NORMAL,LOW_VOLATILITY
2022-04-21,1906.0,1951.0,1894.0,1938.45,417190.0,1897.69,1946.9800000000002,41.842948717948765,0.0158469057380473,BEARISH,RSI_NORMAL,LOW_VOLATILITY
2022-04-22,1925.0,1945.0,1905.2,1916.1,448350.0,1901.0699999999997,1951.145,34.162493942820234,0.01614204618571616,BEARISH,RSI_NORMAL,LOW_VOLATILITY
2022-04-25,1880.1,1899.0,1855.0,1864.9,548420.0,1897.0700000000002,1951.2350000000001,30.634414831981502,0.017015494012895527,BEARISH,RSI_NORMAL,LOW_VOLATILITY
2022-04-26,1890.0,1890.0,1853.55,1870.2,240120.0,1897.2,1947.7175,28.426244208638494,0.01399311596882591,BEARISH,RSI_LOW,LOW_VOLATILITY
2022-04-27,1852.0,1854.75,1782.0,1791.3,701840.0,1876.19,1939.0675000000003,24.682065922657685,0.016241018704041477,BEARISH,RSI_LOW,LOW_VOLATILITY
2022-04-28,1826.0,1873.2,1795.45,1858.6,767170.0,1860.2199999999998,1933.8400000000001,36.45751487260074,0.018766365387781845,BEARISH,RSI_NORMAL,LOW_VOLATILITY
2022-04-29,1872.0,1885.0,1851.5,1858.1,408070.0,1848.6200000000001,1927.2775000000001,36.25224820143884,0.01840224146064863,BEARISH,RSI_NORMAL,LOW_VOLATILITY
2022-05-02,1818.95,1875.0,1818.9,1866.85,271400.0,1849.0099999999998,1919.9125,34.63577685569386,0.01813344072874554,BEARISH,RSI_NORMAL,LOW_VOLATILITY
2022-05-04,1863.9,1866.8,1795.0,1801.75,316290.0,1835.3199999999997,1910.0700000000002,30.644503365286553,0.019425806060641038,BEARISH,RSI_NORMAL,LOW_VOLATILITY
2022-05-05,1817.0,1825.0,1770.1,1781.9,311880.0,1833.44,1898.4375,33.281648023036894,0.019221543954979155,BEARISH,RSI_NORMAL,LOW_VOLATILITY
2022-05-06,1750.0,1774.5,1723.4,1745.35,409630.0,1810.7900000000002,1886.3849999999998,33.069219764498726,0.019419933938664386,BEARISH,RSI_NORMAL,LOW_VOLATILITY
2022-05-09,1745.0,1745.0,1683.05,1717.3,389570.0,1782.6299999999999,1873.2875,32.097842341380044,0.019529675868234873,BEARISH,RSI_NORMAL,LOW_VOLATILITY
2022-05-10,1712.9,1762.0,1687.2,1693.4,324350.0,1747.94,1858.9375,31.52208119165006,0.01950677994518901,BEARISH,RSI_NORMAL,LOW_VOLATILITY
2022-05-11,1698.0,1712.0,1640.45,1678.9,504700.0,1723.3700000000001,1842.875,26.585549693119432,0.019062394006499263,BEARISH,RSI_LOW,LOW_VOLATILITY
2022-05-12,1670.0,1670.0,1615.0,1631.25,371010.0,1693.2400000000002,1824.86,17.312194083847615,0.01953498174129221,BEARISH,RSI_LOW,LOW_VOLATILITY
2022-05-13,1644.9,1689.85,1616.0,1624.8,422040.0,1669.1299999999999,1809.4575,17.918502202643168,0.01900486917904239,BEARISH,RSI_LOW,LOW_VOLATILITY
2022-05-16,1644.0,1666.0,1607.6,1654.6,498740.0,1656.5900000000001,1797.2274999999997,25.693481276005514,0.019785142425367313,BEARISH,RSI_LOW,HIGH_VOLATILITY
2022-05-17,1662.0,1691.8,1630.0,1680.85,567450.0,1654.08,1787.025,29.12578547017968,0.020414048877952198,BEARISH,RSI_LOW,HIGH_VOLATILITY
2022-05-18,1690.0,1760.75,1686.2,1696.4,1380000.0,1657.58,1778.3674999999998,37.83956945156332,0.020665119958245787,BEARISH,RSI_NORMAL,HIGH_VOLATILITY
2022-05-19,1652.0,1685.95,1574.3,1661.7,406790.0,1663.67,1766.6350000000002,22.46923937360181,0.020446545124114156,BEARISH,RSI_LOW,HIGH_VOLATILITY
2022-05-20,1685.0,1697.0,1645.05,1664.2,464240.0,1671.55,1752.9225,23.039488320355986,0.019421795786217447,BEARISH,RSI_LOW,LOW_VOLATILITY
2022-05-23,1676.0,1733.4,1670.1,1725.2,921300.0,1685.67,1743.3774999999998,32.803205050382445,0.02173563953262944,BEARISH,RSI_NORMAL,HIGH_VOLATILITY
2022-05-24,1732.5,1741.45,1653.05,1683.0,591580.0,1686.1,1734.2824999999998,34.73454171487339,0.021622401875568926,BEARISH,RSI_NORMAL,HIGH_VOLATILITY
2022-05-25,1689.0,1698.95,1626.0,1645.65,557930.0,1675.95,1723.0549999999998,33.23902078976505,0.021874024365352338,BEARISH,RSI_NORMAL,HIGH_VOLATILITY
2022-05-26,1665.2,1836.0,1665.2,1816.2,3260000.0,1706.85,1724.3,56.55472291608846,0.0314404542921391,BULLISH,RSI_NORMAL,HIGH_VOLATILITY
2022-05-27,1816.2,1842.85,1797.5,1821.85,1030000.0,1738.3799999999999,1722.4625,60.09072483351028,0.030261234674618394,BULLISH,RSI_NORMAL,HIGH_VOLATILITY
2022-05-30,1821.85,1835.0,1787.7,1808.9,620210.0,1755.1200000000001,1720.0025,61.3882863340564,0.030296161673004102,BULLISH,RSI_NORMAL,HIGH_VOLATILITY
2022-05-31,1810.0,1849.45,1785.6,1838.55,987690.0,1786.23,1718.5875,65.28482527525131,0.030522204232418686,BULLISH,RSI_NORMAL,HIGH_VOLATILITY
2022-06-01,1865.95,1880.0,1816.1,1825.55,558610.0,1822.2099999999998,1719.7775000000001,69.92411812961444,0.029482004519732506,BULLISH,RSI_NORMAL,HIGH_VOLATILITY
2022-06-02,1825.55,1856.5,1814.8,1828.55,492270.0,1824.6799999999998,1722.11,71.04203242796655,0.029344812050835962,BULLISH,RSI_HIGH,HIGH_VOLATILITY
2022-06-03,1844.0,1847.0,1809.55,1812.6,411460.0,1822.83,1725.4725000000003,66.79778864554541,0.02899174282004475,BULLISH,RSI_NORMAL,HIGH_VOLATILITY
2022-06-06,1790.0,1825.6,1786.05,1819.8,308050.0,1825.0099999999998,1730.5974999999999,65.39612188365652,0.028668805642207893,BULLISH,RSI_NORMAL,HIGH_VOLATILITY
2022-06-07,1814.0,1827.75,1795.05,1820.65,237330.0,1821.4299999999998,1736.9599999999998,64.23090138586646,0.028393857453839228,BULLISH,RSI_NORMAL,HIGH_VOLATILITY
2022-06-08,1820.0,1838.5,1781.15,1802.5,711050.0,1816.8200000000002,1743.14,66.76190476190476,0.028428316579790475,BULLISH,RSI_NORMAL,HIGH_VOLATILITY
2022-06-09,1790.0,1808.0,1763.55,1793.55,316000.0,1809.8200000000002,1751.2550000000003,65.16590456090984,0.0274945569519777,BULLISH,RSI_NORMAL,HIGH_VOLATILITY
2022-06-10,1770.1,1820.0,1770.1,1808.9,507820.0,1809.08,1760.4599999999998,60.99002100840337,0.02742002423037705,BULLISH,RSI_NORMAL,HIGH_VOLATILITY
2022-06-13,1780.25,1799.75,1722.65,1755.8,420740.0,1796.28,1765.52,59.29282614245595,0.028324027325903455,BEARISH,RSI_NORMAL,HIGH_VOLATILITY
2022-06-14,1735.0,1770.0,1730.55,1742.9,306320.0,1780.7300000000002,1768.6225000000002,63.24029952348537,0.02825919354784964,BEARISH,RSI_NORMAL,HIGH_VOLATILITY
2022-06-15,1742.9,1761.85,1732.15,1735.5,245910.0,1767.3300000000004,1770.5775,30.230279274865268,0.028242522635680223,BEARISH,RSI_NORMAL,HIGH_VOLATILITY
2022-06-16,1729.1,1746.0,1629.55,1649.2,1480000.0,1738.4600000000003,1769.9524999999999,19.6839332748025,0.030135279194212987,BEARISH,RSI_LOW,HIGH_VOLATILITY
2022-06-17,1648.0,1653.95,1599.0,1631.95,1010000.0,1703.0700000000002,1768.3400000000001,19.391108804705098,0.030223271469400067,BEARISH,RSI_LOW,HIGH_VOLATILITY
2022-06-20,1647.35,1678.3,1511.75,1549.3,1950000.0,1661.77,1759.545,7.718169858207943,0.03086312472220371,BEARISH,RSI_LOW,HIGH_VOLATILITY
2022-06-21,1586.0,1634.9,1557.55,1627.6,1300000.0,1638.7099999999998,1756.775,25.70271265496504,0.032856446524162704,BEARISH,RSI_LOW,HIGH_VOLATILITY
2022-06-22,1600.0,1670.0,1590.4,1646.85,920900.0,1620.98,1756.8350000000003,28.552880075542987,0.03259059451059659,BEARISH,RSI_LOW,HIGH_VOLATILITY
2022-06-23,1660.65,1667.35,1598.55,1621.5,992950.0,1615.44,1747.1,27.933025404157064,0.021877756224865957,BEARISH,RSI_LOW,HIGH_VOLATILITY
2022-06-24,1646.4,1646.4,1603.0,1630.75,464610.0,1615.2,1737.545,28.272612343408838,0.02193861983473636,BEARISH,RSI_LOW,HIGH_VOLATILITY
2022-06-27,1650.95,1655.95,1618.75,1625.15,497510.0,1630.3700000000001,1728.3574999999996,27.77398817644385,0.021938023041130118,BEARISH,RSI_LOW,HIGH_VOLATILITY
2022-06-28,1605.0,1646.55,1571.75,1637.9,1170000.0,1632.4299999999998,1718.325,31.05432780847147,0.021577431305779323,BEARISH,RSI_NORMAL,HIGH_VOLATILITY
2022-06-29,1620.0,1638.7,1604.0,1615.2,747280.0,1626.1,1707.8075000000001,30.10152850608057,0.02165604725087673,BEARISH,RSI_NORMAL,HIGH_VOLATILITY
2022-06-30,1611.0,1628.5,1597.55,1606.2,868720.0,1623.0400000000002,1696.6899999999998,27.05975554549569,0.02158413145071149,BEARISH,RSI_LOW,HIGH_VOLATILITY
2022-07-01,1610.55,1667.0,1591.6,1650.4,692560.0,1626.97,1688.58,37.82628782628784,0.022848862316620856,BEARISH,RSI_NORMAL,HIGH_VOLATILITY
2022-07-04,1623.25,1654.0,1587.55,1648.75,934320.0,1631.69,1680.0275000000001,38.83552709593264,0.022779611999390794,BEARISH,RSI_NORMAL,HIGH_VOLATILITY
2022-07-05,1640.05,1670.0,1619.2,1629.45,498700.0,1630.0,1670.4675,37.7695767500865,0.022797591276522984,BEARISH,RSI_NORMAL,HIGH_VOLATILITY
2022-07-06,1645.9,1690.0,1622.15,1662.15,1420000.0,1639.39,1663.45,51.704171601526525,0.023452700744618082,BEARISH,RSI_NORMAL,HIGH_VOLATILITY
2022-07-07,1684.3,1696.15,1653.6,1692.0,793400.0,1656.55,1658.3725,57.64870717106101,0.023946816586849357,BULLISH,RSI_NORMAL,HIGH_VOLATILITY
2022-07-08,1681.1,1690.5,1643.5,1677.9,786290.0,1662.05,1651.8224999999998,69.84567901234571,0.02382880094721949,BULLISH,RSI_NORMAL,HIGH_VOLATILITY
2022-07-11,1650.0,1705.7,1648.0,1694.65,511610.0,1671.2300000000002,1648.765,62.77386168794061,0.02319578511461223,BULLISH,RSI_NORMAL,HIGH_VOLATILITY
2022-07-12,1696.65,1711.8,1679.35,1693.45,483230.0,1684.03,1646.2925,59.53355155482818,0.0231553827826823,BULLISH,RSI_NORMAL,HIGH_VOLATILITY
2022-07-13,1730.0,1760.0,1714.6,1737.7,1590000.0,1699.14,1646.4024999999997,72.0660843144702,0.02392717635403182,BULLISH,RSI_HIGH,HIGH_VOLATILITY
2022-07-14,1733.5,1775.0,1728.15,1761.0,389260.0,1712.94,1651.9924999999998,73.48116098792141,0.020954748893050514,BULLISH,RSI_HIGH,HIGH_VOLATILITY
2022-07-15,1772.0,1790.0,1753.2,1785.85,317910.0,1734.5300000000002,1659.6875,77.0903573836817,0.020813436128942646,BULLISH,RSI_HIGH,HIGH_VOLATILITY
2022-07-18,1801.0,1808.95,1785.0,1801.15,304260.0,1755.83,1672.28,77.28564265418686,0.0162298391676753,BULLISH,RSI_HIGH,LOW_VOLATILITY
2022-07-19,1787.35,1795.8,1770.3,1776.65,397130.0,1772.47,1679.7325,76.82339259013125,0.013407482041065198,BULLISH,RSI_HIGH,LOW_VOLATILITY
2022-07-20,1804.95,1805.0,1761.55,1766.4,320600.0,1778.2099999999998,1685.7100000000003,76.50562541363337,0.013476851268649817,BULLISH,RSI_HIGH,LOW_VOLATILITY
2022-07-21,1766.9,1830.0,1766.9,1826.0,436260.0,1791.2099999999998,1695.9350000000002,77.6448362720403,0.014287133227107913,BULLISH,RSI_HIGH,LOW_VOLATILITY
2022-07-22,1828.7,1836.5,1805.05,1815.45,433570.0,1797.1299999999999,1705.17,75.52833078101074,0.014530481903574035,BULLISH,RSI_HIGH,LOW_VOLATILITY
2022-07-25,1815.0,1824.6,1795.8,1816.4,217340.0,1800.1800000000003,1714.7325,80.33425279896156,0.014429322631499802,BULLISH,RSI_HIGH,LOW_VOLATILITY
2022-07-26,1806.0,1809.8,1762.4,1779.65,331090.0,1800.78,1721.8200000000002,68.81806534272903,0.015531019332962618,BULLISH,RSI_NORMAL,LOW_VOLATILITY
2022-07-27,1777.0,1784.6,1751.55,1772.1,540920.0,1801.92,1729.6649999999997,63.81510865815797,0.015082509694718216,BULLISH,RSI_NORMAL,LOW_VOLATILITY
2022-07-28,1794.0,1848.4,1787.05,1843.0,777230.0,1805.3200000000002,1741.5049999999999,73.8102105566772,0.016787574597490685,BULLISH,RSI_HIGH,LOW_VOLATILITY
2022-07-29,1855.0,1892.9,1848.0,1867.95,785200.0,1815.8200000000002,1752.3825000000002,74.41532826148207,0.016169335549315694,BULLISH,RSI_HIGH,LOW_VOLATILITY
2022-08-01,1893.0,1897.0,1870.0,1891.4,408960.0,1830.8200000000002,1764.515,76.24287418798885,0.016129797072202506,BULLISH,RSI_HIGH,LOW_VOLATILITY
2022-08-02,1900.0,1949.0,1874.1,1944.65,699090.0,1863.8200000000002,1780.275,76.79658163925934,0.016157925001835532,BULLISH,RSI_HIGH,LOW_VOLATILITY
2022-08-03,1954.0,1990.4,1916.65,1976.65,863500.0,1904.7300000000002,1796.0,77.30783841965302,0.01604754161961187,BULLISH,RSI_HIGH,LOW_VOLATILITY
2022-08-04,2014.0,2014.0,1918.6,1986.1,1880000.0,1933.35,1810.705,76.38687574120436,0.01592276363988681,BULLISH,RSI_HIGH,LOW_VOLATILITY
2022-08-05,1991.0,2103.95,1985.2,2080.9,2190000.0,1975.94,1830.855,80.4771761629807,0.01770129475417129,BULLISH,RSI_HIGH,LOW_VOLATILITY
2022-08-08,2085.0,2085.0,2055.25,2067.2,511460.0,2011.1,1849.4824999999996,82.4166015842909,0.0181321758303031,BULLISH,RSI_HIGH,LOW_VOLATILITY
2022-08-10,2061.0,2066.8,2022.25,2038.3,328580.0,2029.83,1866.725,79.1238217652099,0.018781320851630045,BULLISH,RSI_HIGH,LOW_VOLATILITY
2022-08-11,2081.9,2084.6,2012.5,2019.8,813950.0,2038.4599999999998,1880.8300000000004,72.7625088090204,0.01878809574743911,BULLISH,RSI_HIGH,LOW_VOLATILITY
2022-08-12,2025.0,2027.5,2002.0,2014.15,279340.0,2044.0699999999997,1893.4875,73.60979087452469,0.01887888617805314,BULLISH,RSI_HIGH,LOW_VOLATILITY
2022-08-16,2049.0,2074.8,2032.0,2069.15,558340.0,2041.72,1907.6524999999997,76.61366747393912,0.019368213930799766,BULLISH,RSI_HIGH,LOW_VOLATILITY
2022-08-17,2088.0,2088.0,2040.9,2050.55,400670.0,2038.39,1920.1225000000002,79.65841909349682,0.019715142688383636,BULLISH,RSI_HIGH,LOW_VOLATILITY
2022-08-18,2034.0,2043.55,2003.0,2022.0,413210.0,2035.1299999999999,1932.39,76.15658362989323,0.01973263459118747,BULLISH,RSI_HIGH,LOW_VOLATILITY
2022-08-19,2003.3,2013.35,1950.0,1970.3,910800.0,2025.2300000000002,1942.5850000000003,63.88222464558341,0.020854387103363365,BULLISH,RSI_NORMAL,HIGH_VOLATILITY
2022-08-22,1980.55,2000.0,1940.2,1968.75,502680.0,2016.15,1949.7225000000003,61.58354401287059,0.019812376527656824,BULLISH,RSI_NORMAL,HIGH_VOLATILITY
2022-08-23,1932.0,2011.8,1932.0,2004.5,723280.0,2003.22,1959.1750000000004,62.6396960214573,0.01991622081794718,BULLISH,RSI_NORMAL,HIGH_VOLATILITY
2022-08-24,1980.0,2009.0,1960.4,1970.7,664670.0,1987.25,1966.89,53.04357985745998,0.020499714094800038,BULLISH,RSI_NORMAL,HIGH_VOLATILITY
2022-08-25,1970.7,1992.6,1963.55,1973.8,344550.0,1977.61,1976.5975000000003,49.64290189199347,0.019691204175777976,BEARISH,RSI_NORMAL,LOW_VOLATILITY
2022-08-26,1975.0,1995.55,1965.05,1974.7,254210.0,1978.4900000000002,1986.7275000000002,48.54033290653011,0.019598265742175068,BEARISH,RSI_NORMAL,LOW_VOLATILITY
2022-08-29,1950.0,1983.45,1946.0,1959.2,448730.0,1976.58,1992.5375,30.44665809768638,0.01803628768063659,BEARISH,RSI_NORMAL,LOW_VOLATILITY
2022-08-30,1960.0,2023.0,1960.0,2016.8,739180.0,1979.0400000000002,1999.98,42.903407490847655,0.01884474294464719,BULLISH,RSI_NORMAL,LOW_VOLATILITY
2022-09-01,2018.0,2048.0,2005.5,2038.35,439900.0,1992.5699999999997,2007.3274999999999,50.00718907260963,0.01880473103025141,BULLISH,RSI_NORMAL,LOW_VOLATILITY
2022-09-02,2044.95,2064.0,2020.0,2029.4,397350.0,2003.69,2011.565,51.41927853341221,0.017987133808755777,BULLISH,RSI_NORMAL,LOW_VOLATILITY
2022-09-05,2035.0,2049.9,2011.5,2019.9,207310.0,2012.73,2013.7275000000002,50.8405203917556,0.01772995865856443,BULLISH,RSI_NORMAL,LOW_VOLATILITY
2022-09-06,2030.0,2033.25,2013.0,2021.4,235610.0,2025.17,2015.4925000000003,41.72587073297521,0.017710378453060376,BULLISH,RSI_NORMAL,LOW_VOLATILITY
2022-09-07,2028.1,2067.55,1945.0,1977.7,914070.0,2017.35,2010.3325,38.38673680854453,0.014601169962842636,BEARISH,RSI_NORMAL,LOW_VOLATILITY
2022-09-08,1926.0,1978.0,1885.0,1940.65,24600000.0,1997.8100000000002,2004.0049999999999,37.37389414868851,0.015029175834323722,BEARISH,RSI_NORMAL,LOW_VOLATILITY
2022-09-09,1959.8,1959.8,1925.8,1933.3,1280000.0,1978.5900000000001,1998.7549999999999,43.3405327573794,0.014810129420756836,BEARISH,RSI_NORMAL,LOW_VOLATILITY
2022-09-12,1938.0,1950.1,1918.9,1927.25,635910.0,1960.06,1994.1274999999998,42.64966347856889,0.014731423226487643,BEARISH,RSI_NORMAL,LOW_VOLATILITY
2022-09-13,1931.0,1942.0,1921.25,1930.25,910990.0,1941.8300000000004,1989.9324999999997,35.12322179923861,0.014754902382143656,BEARISH,RSI_NORMAL,LOW_VOLATILITY
2022-09-14,1907.0,1931.8,1896.1,1905.05,423380.0,1927.3,1981.7275000000002,36.37684166839591,0.01321189521590213,BEARISH,RSI_NORMAL,LOW_VOLATILITY
2022-09-15,1914.6,1920.5,1887.3,1902.1,638240.0,1919.5900000000001,1974.3049999999998,35.112126245847165,0.013169895548938215,BEARISH,RSI_NORMAL,LOW_VOLATILITY
2022-09-16,1911.0,1928.0,1824.9,1836.05,980900.0,1900.14,1965.0075000000002,27.34106880209181,0.014749115115834427,BEARISH,RSI_LOW,LOW_VOLATILITY
2022-09-19,1845.25,1845.95,1812.0,1838.55,518860.0,1882.4,1958.4199999999996,29.407748762587445,0.013952195888816759,BEARISH,RSI_LOW,LOW_VOLATILITY
2022-09-20,1847.75,1924.0,1846.6,1905.65,1110000.0,1877.48,1955.2649999999999,31.625061993717992,0.016561099110720144,BEARISH,RSI_NORMAL,LOW_VOLATILITY
2022-09-21,1906.0,1917.15,1872.05,1877.55,491780.0,1871.98,1948.9175,23.980582524271867,0.016134526069970914,BEARISH,RSI_LOW,LOW_VOLATILITY
2022-09-22,1885.0,1912.0,1860.55,1876.8,518680.0,1866.92,1944.2224999999999,24.634308510638306,0.015814537681320167,BEARISH,RSI_LOW,LOW_VOLATILITY
2022-09-23,1877.0,1894.55,1830.0,1844.25,493100.0,1868.56,1937.7449999999997,22.880963408985664,0.01613195413504999,BEARISH,RSI_LOW,LOW_VOLATILITY
2022-09-26,1848.0,1856.3,1802.65,1839.25,696800.0,1868.7,1930.9724999999999,22.178096838246546,0.016109028990631966,BEARISH,RSI_LOW,LOW_VOLATILITY
2022-09-27,1849.0,1868.8,1816.0,1845.15,473800.0,1856.6,1925.27,27.111034363667798,0.016138865872625842,BEARISH,RSI_LOW,LOW_VOLATILITY
2022-09-28,1833.85,1852.0,1811.0,1819.7,418860.0,1845.03,1915.4150000000002,28.242489656413056,0.01438823477047507,BEARISH,RSI_LOW,LOW_VOLATILITY
2022-09-29,1828.8,1844.95,1807.05,1827.3,370230.0,1835.1299999999999,1904.8625,30.94895758447163,0.014084462300551655,BEARISH,RSI_NORMAL,LOW_VOLATILITY
2022-09-30,1830.0,1871.85,1803.2,1855.3,507330.0,1837.3400000000001,1896.1575,38.01432617024822,0.014825893695255462,BEARISH,RSI_NORMAL,LOW_VOLATILITY
2022-10-03,1874.0,1874.0,1783.0,1796.85,732260.0,1828.86,1885.0049999999999,31.242969628796416,0.016020575257097054,BEARISH,RSI_NORMAL,LOW_VOLATILITY
2022-10-04,1840.0,1869.5,1830.1,1851.75,830560.0,1830.1799999999998,1876.5224999999998,43.08331170516482,0.017926129894087404,BEARISH,RSI_NORMAL,LOW_VOLATILITY
2022-10-06,1873.5,1876.0,1808.05,1816.3,684010.0,1829.5,1868.4525,39.73192915270466,0.017807875871051364,BEARISH,RSI_NORMAL,LOW_VOLATILITY
2022-10-07,1820.0,1820.0,1750.65,1794.1,1470000.0,1822.86,1861.125,44.390961358470385,0.017584322501250256,BEARISH,RSI_NORMAL,LOW_VOLATILITY
2022-10-10,1762.7,1784.45,1735.1,1775.55,531320.0,1806.9099999999999,1853.2375,41.923076923076934,0.017645557732307218,BEARISH,RSI_NORMAL,LOW_VOLATILITY
2022-10-11,1777.0,1796.25,1760.05,1769.95,629470.0,1801.53,1845.3725000000002,29.3455098934551,0.017645487456310286,BEARISH,RSI_LOW,LOW_VOLATILITY
2022-10-12,1778.65,1778.65,1732.35,1747.2,717720.0,1780.6199999999997,1836.22,29.831347671360078,0.017696461166107295,BEARISH,RSI_LOW,LOW_VOLATILITY
2022-10-13,1747.2,1782.0,1722.95,1736.15,447040.0,1764.5900000000001,1827.775,28.909881541460507,0.017595336411350783,BEARISH,RSI_LOW,LOW_VOLATILITY
2022-10-14,1765.0,1772.55,1743.0,1751.95,540290.0,1756.1599999999999,1820.2675,35.42784970003159,0.01784816866556036,BEARISH,RSI_NORMAL,LOW_VOLATILITY
2022-10-17,1740.0,1756.25,1728.0,1745.0,480720.0,1750.05,1815.7149999999997,35.2110466028558,0.016316476100356823,BEARISH,RSI_NORMAL,LOW_VOLATILITY
2022-10-18,1751.0,1786.55,1749.15,1781.0,375590.0,1752.2599999999998,1812.8375,40.802867383512535,0.01710116766924491,BEARISH,RSI_NORMAL,LOW_VOLATILITY
2022-10-19,1789.95,1799.35,1775.0,1781.2,357080.0,1759.06,1806.6150000000002,44.04945904173107,0.014605045910283726,BEARISH,RSI_NORMAL,LOW_VOLATILITY
2022-10-20,1765.0,1805.0,1761.45,1784.3,445740.0,1768.69,1801.9524999999999,43.260188087774296,0.014386873843696283,BEARISH,RSI_NORMAL,LOW_VOLATILITY
2022-10-21,1793.25,1795.8,1765.8,1779.1,307650.0,1774.1200000000001,1797.0675000000003,37.13706954760296,0.01437903721975438,BEARISH,RSI_NORMAL,LOW_VOLATILITY
2022-10-24,1800.0,1800.0,1781.0,1793.4,64230.00000000001,1783.8,1794.525,49.31561198174969,0.014124460666441862,BEARISH,RSI_NORMAL,LOW_VOLATILITY
2022-10-25,1798.0,1801.95,1762.0,1768.6,492470.0,1781.3200000000002,1790.9925000000003,31.268303671998197,0.014398919663613702,BEARISH,RSI_NORMAL,LOW_VOLATILITY
2022-10-27,1779.95,1781.15,1737.6,1741.25,611160.0,1773.33,1785.7975000000001,32.45265372924949,0.014656196818733102,BEARISH,RSI_NORMAL,LOW_VOLATILITY
2022-10-28,1749.5,1768.0,1741.55,1762.3,404540.0,1768.9299999999998,1782.9274999999998,42.52468265162201,0.014775860401091436,BEARISH,RSI_NORMAL,LOW_VOLATILITY
2022-10-31,1769.0,1790.0,1763.1,1781.7,462830.0,1769.45,1780.6475000000003,51.43994380707097,0.01499133922685193,BULLISH,RSI_NORMAL,LOW_VOLATILITY
2022-11-01,1777.0,1827.75,1773.65,1820.7,572110.0,1774.9099999999999,1778.9175,60.27535938449078,0.015436506218628996,BULLISH,RSI_NORMAL,LOW_VOLATILITY
2022-11-02,1818.8,1836.5,1785.6,1805.5,504630.0,1782.2900000000002,1779.35,62.17627401837925,0.01379573973723259,BULLISH,RSI_NORMAL,LOW_VOLATILITY
2022-11-03,1800.0,1817.15,1788.25,1803.2,206320.0,1794.6799999999998,1776.9225,64.53500975504008,0.011820132185340844,BULLISH,RSI_NORMAL,LOW_VOLATILITY
2022-11-04,1809.8,1817.4,1790.0,1798.0,422420.0,1801.8200000000002,1776.0074999999997,60.46353101567823,0.01106015881748341,BULLISH,RSI_NORMAL,LOW_VOLATILITY
2022-11-07,1768.0,1817.95,1768.0,1778.05,1280000.0,1801.0900000000001,1775.205,57.09075305728383,0.010999719208682182,BULLISH,RSI_NORMAL,LOW_VOLATILITY
2022-11-09,1780.0,1784.85,1676.0,1718.75,1770000.0,1780.7,1772.3650000000002,37.858396723229966,0.013098335359108794,BEARISH,RSI_NORMAL,LOW_VOLATILITY
2022-11-10,1725.55,1729.45,1697.55,1710.4,527240.0,1761.6799999999998,1769.3875,36.61625708884691,0.013114903171258052,BEARISH,RSI_NORMAL,LOW_VOLATILITY
2022-11-11,1719.0,1769.2,1695.6,1766.1,727990.0,1754.2599999999998,1770.3325,47.130242825607056,0.014882043299344777,BEARISH,RSI_NORMAL,LOW_VOLATILITY
2022-11-14,1766.1,1780.0,1757.1,1775.75,215090.0,1749.81,1772.3125,49.4790856787436,0.01482489630272144,BULLISH,RSI_NORMAL,LOW_VOLATILITY
2022-11-15,1784.65,1800.0,1770.25,1792.95,382600.0,1752.7900000000002,1774.3625,49.93065187239944,0.014841818084902076,BULLISH,RSI_NORMAL,LOW_VOLATILITY
2022-11-16,1801.95,1813.0,1760.15,1770.9,660120.0,1763.22,1775.6575,50.357475909232235,0.015110775449075223,BEARISH,RSI_NORMAL,LOW_VOLATILITY
2022-11-17,1770.9,1772.25,1741.0,1748.65,239380.0,1770.8700000000001,1774.0400000000002,51.168667087807975,0.01463889899751795,BEARISH,RSI_NORMAL,LOW_VOLATILITY
2022-11-18,1758.0,1796.0,1750.0,1782.95,725510.0,1774.2400000000002,1774.1274999999998,53.13021070183418,0.015336812734169347,BULLISH,RSI_NORMAL,LOW_VOLATILITY
2022-11-21,1788.95,1809.0,1766.1,1792.45,376850.0,1777.58,1774.5350000000003,51.67994999218629,0.015377192275506242,BULLISH,RSI_NORMAL,LOW_VOLATILITY
2022-11-22,1801.35,1829.3,1788.95,1818.95,612020.0,1782.78,1776.5274999999997,49.71540087819158,0.01568620130134935,BULLISH,RSI_NORMAL,LOW_VOLATILITY
2022-11-23,1828.0,1897.9,1825.7,1893.35,2280000.0,1807.27,1781.525,61.98009000409109,0.017989732726745755,BULLISH,RSI_NORMAL,LOW_VOLATILITY
2022-11-24,1910.0,1968.0,1888.0,1897.3,2100000.0,1837.0,1787.9599999999998,62.774911756720066,0.01755913898420525,BULLISH,RSI_NORMAL,LOW_VOLATILITY
2022-11-25,1910.0,1912.95,1876.0,1906.95,355530.0,1861.8,1796.2449999999997,64.61435278336688,0.01697236156628483,BULLISH,RSI_NORMAL,LOW_VOLATILITY
2022-11-28,1916.5,1952.0,1906.1,1913.3,819640.0,1885.97,1803.795,68.82918000835308,0.016884212277297785,BULLISH,RSI_NORMAL,LOW_VOLATILITY
2022-11-29,1925.0,1940.0,1901.0,1911.35,567700.0,1904.45,1810.2774999999997,81.9085487077535,0.01684511307296491,BULLISH,RSI_HIGH,LOW_VOLATILITY
2022-11-30,1900.0,1941.65,1888.6,1937.45,749900.0,1913.27,1816.1150000000002,85.52652167109999,0.01647243725862488,BULLISH,RSI_HIGH,LOW_VOLATILITY
2022-12-01,1955.0,1955.5,1932.15,1944.15,453070.0,1922.64,1823.0475,82.90519312511552,0.01624525148790504,BULLISH,RSI_HIGH,LOW_VOLATILITY
2022-12-02,1936.95,1952.85,1912.1,1916.5,383480.0,1924.55,1828.7125,74.38918731588979,0.01671073720444468,BULLISH,RSI_HIGH,LOW_VOLATILITY
2022-12-05,1915.0,1934.45,1906.25,1919.05,298150.0,1925.7,1834.765,73.01935012778384,0.016656688401015127,BULLISH,RSI_HIGH,LOW_VOLATILITY
2022-12-06,1923.25,1950.0,1916.05,1932.85,475370.0,1930.0,1842.5049999999999,80.48183700357609,0.01631789602311992,BULLISH,RSI_HIGH,LOW_VOLATILITY
2022-12-07,1945.25,2008.75,1940.45,1973.15,1760000.0,1937.1399999999999,1855.225,89.56644342615435,0.014081875656191954,BULLISH,RSI_HIGH,LOW_VOLATILITY
2022-12-08,1978.0,2025.0,1968.15,2019.25,1040000.0,1952.1599999999999,1870.6675,89.9830795262267,0.014242202475884168,BULLISH,RSI_HIGH,LOW_VOLATILITY
2022-12-09,2029.95,2030.0,1988.15,1992.05,617270.0,1967.27,1881.9650000000001,81.86462324393355,0.01385084828946517,BULLISH,RSI_HIGH,LOW_VOLATILITY
2022-12-12,2002.5,2060.0,1995.0,2053.95,1500000.0,1994.25,1895.875,83.7062535857716,0.014928119489264426,BULLISH,RSI_HIGH,LOW_VOLATILITY
2022-12-13,2052.95,2052.95,2020.5,2030.45,519820.00000000006,2013.77,1907.75,73.02653678199532,0.015495214308644355,BULLISH,RSI_HIGH,LOW_VOLATILITY
2022-12-14,2038.0,2041.6,2011.0,2015.7,300110.0,2022.28,1919.9900000000002,69.18962722852514,0.015214678788234104,BULLISH,RSI_NORMAL,LOW_VOLATILITY
2022-12-15,2014.95,2025.4,1998.0,2015.0,304650.0,2021.4299999999998,1933.3075000000001,68.03538641295276,0.014638965971124102,BULLISH,RSI_NORMAL,LOW_VOLATILITY
2022-12-16,2017.95,2028.95,1955.55,1962.4,461830.0,2015.5,1942.2800000000002,57.09947946790054,0.01609762400526225,BULLISH,RSI_NORMAL,LOW_VOLATILITY
2022-12-19,1965.0,2032.45,1945.3,2027.1,463960.0,2010.1299999999999,1954.0125,64.16595275976013,0.017277133971651402,BULLISH,RSI_NORMAL,LOW_VOLATILITY
2022-12-20,2034.9,2100.0,2007.05,2063.8,1740000.0,2016.8,1966.2549999999999,65.0721698675892,0.017378501968080117,BULLISH,RSI_NORMAL,LOW_VOLATILITY
2022-12-21,2070.95,2084.3,1983.0,2016.25,1210000.0,2016.9099999999999,1972.4,57.836956521739125,0.01657499644309406,BULLISH,RSI_NORMAL,LOW_VOLATILITY
2022-12-22,1985.9,2015.95,1958.25,1977.1,1090000.0,2009.33,1976.39,56.42629904559914,0.017336420259824514,BULLISH,RSI_NORMAL,LOW_VOLATILITY
2022-12-23,1951.0,1959.95,1893.9,1914.25,1190000.0,1999.7,1976.7550000000003,49.548702519744275,0.018903814132780524,BEARISH,RSI_NORMAL,LOW_VOLATILITY
2022-12-26,1910.0,1963.0,1895.25,1958.3,232710.0,1985.94,1979.0049999999999,52.26403344898141,0.01956717723980408,BEARISH,RSI_NORMAL,LOW_VOLATILITY
2022-12-27,1963.0,2034.5,1962.0,2027.75,650700.0,1978.73,1984.825,54.61772665764546,0.02098449624218104,BULLISH,RSI_NORMAL,HIGH_VOLATILITY
2022-12-28,2019.9,2053.45,2008.55,2015.2,552390.0,1978.52,1988.7125,49.636869003855466,0.020931654330547392,BULLISH,RSI_NORMAL,HIGH_VOLATILITY
2022-12-29,2005.0,2026.7,1986.0,2015.65,508660.0,1986.23,1992.2875,52.22264079864383,0.020933728537143648,BULLISH,RSI_NORMAL,HIGH_VOLATILITY
2022-12-30,2040.0,2047.35,2001.15,2007.7,371770.0,2004.92,1996.8475000000003,45.15148338400254,0.020638219011759208,BULLISH,RSI_NORMAL,HIGH_VOLATILITY
2023-01-02,2013.0,2050.0,2007.1,2042.75,203970.0,2021.8100000000002,2003.0325,51.25895598771749,0.02090230501689543,BULLISH,RSI_NORMAL,HIGH_VOLATILITY
2023-01-03,2029.0,2049.95,2022.0,2040.95,321610.0,2024.45,2008.4375,52.654820733887085,0.020901865752593632,BULLISH,RSI_NORMAL,HIGH_VOLATILITY
2023-01-04,2048.0,2056.55,1990.4,2003.1,427180.0,2022.03,2009.935,48.83947727716013,0.020980508301302003,BEARISH,RSI_NORMAL,HIGH_VOLATILITY
2023-01-05,2023.95,2041.45,2015.0,2037.55,849890.0,2026.4099999999999,2010.85,57.59781619654229,0.020677134526227988,BULLISH,RSI_NORMAL,HIGH_VOLATILITY
2023-01-06,2039.0,2048.0,2002.0,2020.0,361480.0,2028.8700000000001,2012.2475,49.2065265981225,0.02053052240637651,BULLISH,RSI_NORMAL,HIGH_VOLATILITY
2023-01-09,2024.0,2037.95,2006.0,2024.2,223960.0,2025.1599999999999,2010.7599999999998,45.22776572668112,0.01927262709007026,BULLISH,RSI_NORMAL,LOW_VOLATILITY
2023-01-10,2024.2,2072.2,2018.25,2044.15,1130000.0,2025.8,2011.4450000000002,53.601859024012406,0.019227682231995506,BULLISH,RSI_NORMAL,LOW_VOLATILITY
2023-01-11,2044.15,2118.8,2037.0,2107.35,988450.0,2046.65,2016.0274999999997,65.83201653093474,0.020281621603998295,BULLISH,RSI_NORMAL,HIGH_VOLATILITY
2023-01-12,2114.95,2127.85,2090.0,2105.05,1010000.0,2060.15,2020.53,77.19498289623722,0.020287648251524456,BULLISH,RSI_HIGH,HIGH_VOLATILITY
2023-01-13,2100.6,2120.85,2097.55,2117.4,349580.0,2079.63,2028.28,74.92948918834226,0.01915266733555742,BULLISH,RSI_HIGH,LOW_VOLATILITY
2023-01-16,2116.95,2141.6,2083.85,2100.15,763660.0,2094.82,2031.9325000000001,63.56313225927317,0.018052477876802534,BULLISH,RSI_NORMAL,LOW_VOLATILITY
2023-01-17,2110.7,2129.9,2068.05,2081.25,453190.0,2102.2400000000002,2032.8050000000003,62.08600182982617,0.017789463054615658,BULLISH,RSI_NORMAL,LOW_VOLATILITY
2023-01-18,2086.0,2106.65,2080.0,2084.25,488680.0,2097.62,2036.2050000000004,62.43654822335025,0.0168993148414927,BULLISH,RSI_NORMAL,LOW_VOLATILITY
2023-01-19,2080.0,2128.0,2075.0,2122.8,611770.0,2101.1699999999996,2043.4899999999998,68.78263707571804,0.016516724890080776,BULLISH,RSI_NORMAL,LOW_VOLATILITY
2023-01-20,2129.55,2165.0,2086.9,2099.85,924550.0,2097.66,2052.7699999999995,59.700985389058765,0.014712576814778612,BULLISH,RSI_NORMAL,LOW_VOLATILITY
2023-01-23,2110.0,2131.35,2094.75,2121.8,212200.0,2101.9900000000002,2060.945,62.85577993321672,0.014148885196539248,BULLISH,RSI_NORMAL,LOW_VOLATILITY
2023-01-24,2119.0,2130.8,2091.5,2102.35,208210.0,2106.21,2064.675,66.76237122107747,0.01234875779415821,BULLISH,RSI_NORMAL,LOW_VOLATILITY
2023-01-25,2103.0,2120.0,2070.0,2109.25,847400.0,2111.21,2069.3774999999996,63.35195530726254,0.012203782228639489,BULLISH,RSI_NORMAL,LOW_VOLATILITY
2023-01-27,2109.0,2109.35,2070.0,2094.05,631920.0,2105.46,2073.2975,63.91132819838437,0.012383792743552013,BULLISH,RSI_NORMAL,LOW_VOLATILITY
2023-01-30,2090.0,2110.75,2060.0,2083.75,1190000.0,2102.2400000000002,2077.1,60.936639118457265,0.012410227932774994,BULLISH,RSI_NORMAL,LOW_VOLATILITY
2023-01-31,2090.0,2135.0,2085.8,2124.25,548750.0,2102.73,2081.175,63.67827868852454,0.01254760225472396,BULLISH,RSI_NORMAL,LOW_VOLATILITY
2023-02-01,2120.25,2146.75,2062.8,2084.9,807500.0,2099.24,2083.3725000000004,45.82636177728207,0.013357278723602496,BULLISH,RSI_NORMAL,LOW_VOLATILITY
2023-02-02,2090.0,2130.6,2060.7,2124.85,759440.0,2102.36,2089.46,53.228962818003865,0.013089434687316126,BULLISH,RSI_NORMAL,LOW_VOLATILITY
2023-02-03,2135.5,2160.0,2079.55,2097.7,596530.0,2103.09,2092.4674999999997,46.93528313627875,0.013098544999313694,BULLISH,RSI_NORMAL,LOW_VOLATILITY
2023-02-06,2180.0,2180.0,2043.45,2071.55,2310000.0,2100.65,2095.045,45.670602482591605,0.013282711252697286,BEARISH,RSI_NORMAL,LOW_VOLATILITY
2023-02-07,2070.0,2102.7,2006.65,2025.4,1320000.0,2080.88,2095.1050000000005,42.18990350999862,0.014290180757055279,BEARISH,RSI_NORMAL,LOW_VOLATILITY
2023-02-08,2025.4,2056.95,2020.35,2040.2,397780.0,2071.94,2094.9075000000003,44.03682144307569,0.014209992806962736,BEARISH,RSI_NORMAL,LOW_VOLATILITY
2023-02-09,2040.2,2065.0,2035.05,2039.7,464620.0,2054.91,2091.525,37.458496830667066,0.012208907624702232,BEARISH,RSI_NORMAL,LOW_VOLATILITY
2023-02-10,2048.0,2054.0,2035.0,2043.5,181310.0,2044.0700000000002,2088.4474999999998,40.97389075764858,0.012232717771155258,BEARISH,RSI_NORMAL,LOW_VOLATILITY
2023-02-13,2042.0,2056.85,2035.85,2048.55,420870.0,2039.47,2085.005,37.59525825571549,0.012149664024986745,BEARISH,RSI_NORMAL,LOW_VOLATILITY
2023-02-14,2057.0,2057.0,2025.0,2036.8,339630.0,2041.75,2081.8375,38.601982263954106,0.0120929214791144,BEARISH,RSI_NORMAL,LOW_VOLATILITY
2023-02-15,2032.0,2036.4,1968.55,1986.05,1470000.0,2030.92,2077.0775,31.41219070609533,0.013097224101283804,BEARISH,RSI_NORMAL,LOW_VOLATILITY
2023-02-16,1922.05,1940.0,1890.0,1897.25,6360000.0,2002.4299999999998,2067.7275,25.70370370370368,0.016126906689010973,BEARISH,RSI_LOW,LOW_VOLATILITY
2023-02-17,1898.95,1898.95,1875.9,1882.2,1100000.0,1970.17,2055.6975,25.40573520439291,0.015193682744229898,BEARISH,RSI_LOW,LOW_VOLATILITY
2023-02-20,1885.95,1891.95,1860.35,1881.75,1750000.0,1936.81,2044.7925000000002,17.203137679199344,0.015197211283901921,BEARISH,RSI_LOW,LOW_VOLATILITY
2023-02-21,1895.0,1897.85,1848.0,1853.15,1000000.0,1900.08,2031.3600000000001,17.718345173422463,0.014871619164348537,BEARISH,RSI_LOW,LOW_VOLATILITY
2023-02-22,1857.0,1860.0,1820.0,1834.85,1100000.0,1869.8400000000001,2017.9850000000001,7.011562407352514,0.014878795546670435,BEARISH,RSI_LOW,LOW_VOLATILITY
2023-02-23,1831.1,1871.9,1820.0,1865.0,923510.0,1863.39,2005.7725000000003,15.809579782544844,0.015614325879013109,BEARISH,RSI_LOW,LOW_VOLATILITY
2023-02-24,1865.0,1876.1,1843.25,1853.25,322250.0,1857.6,1993.7325,16.508131328628437,0.01561200987581515,BEARISH,RSI_LOW,LOW_VOLATILITY
2023-02-27,1839.0,1845.95,1816.0,1838.05,708350.0,1848.86,1981.4474999999998,18.24037972537721,0.015617606796154801,BEARISH,RSI_LOW,LOW_VOLATILITY
2023-02-28,1839.7,1864.7,1835.3,1856.35,458230.0,1849.5,1968.0525000000002,19.199195845200222,0.014929316303250678,BEARISH,RSI_LOW,LOW_VOLATILITY
2023-03-01,1868.95,1868.95,1831.45,1843.7,416940.0,1851.27,1955.9924999999998,18.448164842240857,0.014664773968330344,BEARISH,RSI_LOW,LOW_VOLATILITY
2023-03-02,1845.9,1876.5,1837.15,1853.4,395350.0,1848.95,1942.42,19.968404423380775,0.013706330425717266,BEARISH,RSI_LOW,LOW_VOLATILITY
2023-03-03,1862.7,1875.0,1850.0,1865.15,272830.0,1851.33,1930.7925000000002,21.62747524752477,0.013926500087833051,BEARISH,RSI_LOW,LOW_VOLATILITY
2023-03-06,1875.0,1877.8,1851.0,1855.75,273650.0,1854.8700000000001,1920.0025,21.78588125292194,0.013837123871831251,BEARISH,RSI_LOW,LOW_VOLATILITY
2023-03-08,1860.0,1905.05,1853.3,1901.8,969910.0,1863.9599999999998,1913.8224999999998,36.67562865728294,0.014786847112145049,BEARISH,RSI_NORMAL,LOW_VOLATILITY
2023-03-09,1911.3,1911.3,1864.0,1867.05,369300.0,1868.6299999999999,1905.1650000000002,44.238840137352156,0.014950255872151727,BEARISH,RSI_NORMAL,LOW_VOLATILITY
2023-03-10,1869.95,1893.45,1850.1,1889.8,336660.0,1875.9099999999999,1897.67,51.40845070422534,0.015380625544412236,BEARISH,RSI_NORMAL,LOW_VOLATILITY
2023-03-13,1889.95,1890.0,1845.05,1858.9,144560.0,1874.6599999999999,1888.4399999999998,46.19483763530393,0.015572201270246146,BEARISH,RSI_NORMAL,LOW_VOLATILITY
2023-03-14,1850.0,1869.9,1846.7,1862.75,348160.0,1876.06,1879.15,51.74228675136114,0.015562883739000307,BEARISH,RSI_NORMAL,LOW_VOLATILITY
2023-03-15,1879.0,1891.95,1858.55,1867.25,317610.0,1869.15,1870.6725,56.19029423003441,0.01563885818922151,BEARISH,RSI_NORMAL,LOW_VOLATILITY
2023-03-16,1873.0,1882.8,1842.4,1865.35,377040.0,1868.81,1864.6375,50.074962518740605,0.014868195040063087,BULLISH,RSI_NORMAL,LOW_VOLATILITY
2023-03-17,1868.35,1890.0,1848.05,1856.35,447590.0,1862.1200000000001,1862.5925000000002,50.67186822713479,0.011206228592538123,BEARISH,RSI_NORMAL,LOW_VOLATILITY
2023-03-20,1858.0,1866.1,1827.0,1857.75,489460.0,1861.89,1861.3699999999997,54.54126325495622,0.011092362493861065,BEARISH,RSI_NORMAL,LOW_VOLATILITY
2023-03-21,1884.95,1919.0,1865.65,1874.6,408950.0,1864.2599999999998,1861.0125,54.23532142028313,0.01130144087865439,BULLISH,RSI_NORMAL,LOW_VOLATILITY
2023-03-22,1894.0,1896.55,1881.0,1888.75,269460.0,1868.56,1862.7925,60.382576630560024,0.010840325384908277,BULLISH,RSI_NORMAL,LOW_VOLATILITY
2023-03-23,1888.95,1919.95,1888.95,1908.95,738570.0,1877.28,1866.4975,62.211475049461406,0.010728704566005678,BULLISH,RSI_NORMAL,LOW_VOLATILITY
2023-03-24,1910.0,1919.0,1860.0,1865.2,338570.0,1879.05,1866.5074999999997,50.00963576797069,0.011528132698429281,BEARISH,RSI_NORMAL,LOW_VOLATILITY
2023-03-27,1867.15,1880.05,1826.05,1834.3,382150.0,1874.36,1865.56,46.18259476775226,0.01204368181188035,BEARISH,RSI_NORMAL,LOW_VOLATILITY
2023-03-28,1842.0,1843.5,1810.65,1825.2,746370.0,1864.48,1864.9175000000002,34.303278688524614,0.011955300249480506,BEARISH,RSI_NORMAL,LOW_VOLATILITY
2023-03-29,1818.05,1840.0,1810.8,1825.35,633540.0,1851.8,1863.3674999999998,40.04297994269339,0.011711617162291663,BEARISH,RSI_NORMAL,LOW_VOLATILITY
2023-03-31,1834.5,1916.2,1833.0,1910.65,1500000.0,1852.14,1866.7150000000001,53.83342526199671,0.01569981311590201,BULLISH,RSI_NORMAL,LOW_VOLATILITY
2023-04-03,1900.0,1903.95,1861.0,1900.0,346580.0,1859.1,1869.0449999999996,58.16448152562572,0.015764567361885903,BULLISH,RSI_NORMAL,LOW_VOLATILITY
2023-04-05,1890.0,1933.3,1884.4,1927.75,439820.0,1877.7900000000002,1872.175,61.79245283018866,0.016008466498043585,BULLISH,RSI_NORMAL,LOW_VOLATILITY
2023-04-06,1933.8,1939.7,1902.0,1911.95,419500.0,1895.14,1874.985,57.79017079121646,0.01609448265302446,BULLISH,RSI_NORMAL,LOW_VOLATILITY
2023-04-10,1913.25,1922.45,1896.65,1902.1,178590.0,1910.4899999999998,1875.0,56.23198236391384,0.015190454592286141,BULLISH,RSI_NORMAL,LOW_VOLATILITY
2023-04-11,1906.5,1922.95,1876.5,1879.05,320630.0,1904.17,1875.6,53.67432826157333,0.014857043119112992,BULLISH,RSI_NORMAL,LOW_VOLATILITY
2023-04-12,1880.0,1884.8,1864.55,1880.05,294060.0,1900.1799999999998,1875.1125,53.61426256077795,0.014597768408396859,BULLISH,RSI_NORMAL,LOW_VOLATILITY
2023-04-13,1889.0,1899.0,1873.5,1879.35,223970.0,1890.5,1876.1349999999998,50.81238241833418,0.014093474246866869,BULLISH,RSI_NORMAL,LOW_VOLATILITY
2023-04-17,1890.0,1940.0,1882.85,1937.0,700510.0,1895.5099999999998,1879.8474999999999,57.183266339139486,0.015615537971252908,BULLISH,RSI_NORMAL,LOW_VOLATILITY
2023-04-18,1947.0,1970.0,1936.35,1960.0,566130.0,1907.0899999999997,1884.485,57.53728037797134,0.01576901380566408,BULLISH,RSI_NORMAL,LOW_VOLATILITY
2023-04-19,1950.0,1980.0,1950.0,1968.85,554010.0,1925.05,1889.6600000000003,67.06172839506169,0.015751779183776644,BULLISH,RSI_NORMAL,LOW_VOLATILITY
2023-04-20,1967.8,1994.7,1962.5,1990.35,392000.0,1947.11,1896.3600000000001,76.50755902836757,0.01574304520701204,BULLISH,RSI_HIGH,LOW_VOLATILITY
2023-04-21,1999.0,1999.95,1971.15,1987.65,201670.0,1968.77,1902.855,78.20802222608091,0.01577022890835219,BULLISH,RSI_HIGH,LOW_VOLATILITY
2023-04-24,2000.0,2000.0,1975.05,1991.95,169780.0,1979.7599999999998,1908.7224999999999,78.51763094830538,0.015717407098528834,BULLISH,RSI_HIGH,LOW_VOLATILITY
2023-04-25,1975.0,1997.7,1975.0,1992.7,153690.0,1986.3,1913.9199999999996,69.76632136834498,0.015693725730168535,BULLISH,RSI_NORMAL,LOW_VOLATILITY
2023-04-26,1990.0,2021.45,1979.15,2017.55,474000.0,1996.0400000000002,1919.35,76.50507328072155,0.01574568819631116,BULLISH,RSI_HIGH,LOW_VOLATILITY
2023-04-27,2024.0,2033.05,2010.2,2021.05,317710.0,2002.1799999999998,1927.1425000000004,73.62025316455697,0.0145378856340382,BULLISH,RSI_HIGH,LOW_VOLATILITY
2023-04-28,2027.7,2037.45,2007.2,2020.95,579270.0,2008.8400000000001,1936.475,79.97799779978001,0.013748660675201661,BULLISH,RSI_HIGH,LOW_VOLATILITY
2023-05-02,2031.0,2087.9,2022.0,2067.4,850180.0,2023.9299999999998,1948.5850000000003,87.8434065934067,0.014104353524505096,BULLISH,RSI_HIGH,LOW_VOLATILITY
2023-05-03,2145.0,2236.95,2145.0,2164.1,4130000.0,2058.21,1965.5224999999998,98.8015750727616,0.016648419887502982,BULLISH,RSI_HIGH,LOW_VOLATILITY
2023-05-04,2176.95,2180.0,2130.3,2163.6,581130.0,2087.42,1978.17,98.62802263762656,0.014118318160706382,BULLISH,RSI_HIGH,LOW_VOLATILITY
2023-05-05,2169.0,2172.9,2149.4,2158.85,304850.0,2114.98,1991.1124999999997,97.27672530446559,0.01398801297097074,BULLISH,RSI_HIGH,LOW_VOLATILITY
2023-05-08,2170.0,2210.0,2161.0,2199.85,752670.0,2150.7599999999998,2004.7175000000002,97.11417816813058,0.014155207605326752,BULLISH,RSI_HIGH,LOW_VOLATILITY
2023-05-09,2213.0,2223.85,2198.0,2207.85,393520.0,2178.8499999999995,2019.5125,96.95017995832553,0.013740288690933253,BULLISH,RSI_HIGH,LOW_VOLATILITY
2023-05-10,2224.9,2230.65,2203.3,2223.65,430540.0,2190.7599999999998,2035.5900000000001,97.02842377260991,0.013424839682841881,BULLISH,RSI_HIGH,LOW_VOLATILITY
2023-05-11,2233.0,2257.35,2225.0,2251.45,458140.0,2208.33,2054.21,97.09595959595968,0.01259335005325702,BULLISH,RSI_HIGH,LOW_VOLATILITY
2023-05-12,2300.05,2304.75,2228.7,2234.6,718140.0,2223.48,2071.9375,92.3802986099194,0.013003139076414247,BULLISH,RSI_HIGH,LOW_VOLATILITY
2023-05-15,2240.0,2256.95,2222.4,2251.4,290380.0,2233.79,2090.54,92.69376337008397,0.01283020893842218,BULLISH,RSI_HIGH,LOW_VOLATILITY
2023-05-16,2250.0,2295.0,2245.75,2281.0,477300.0,2248.42,2107.7400000000002,93.32732191163214,0.011843050738143889,BULLISH,RSI_HIGH,LOW_VOLATILITY
2023-05-17,2293.85,2307.0,2268.0,2300.2,516810.0,2263.7300000000005,2124.75,93.21204708760133,0.011812907709132917,BULLISH,RSI_HIGH,LOW_VOLATILITY
2023-05-18,2313.9,2332.95,2255.3,2264.65,827800.0,2266.37,2139.54,83.91812865497086,0.012923639993386766,BULLISH,RSI_HIGH,LOW_VOLATILITY
2023-05-19,2300.0,2302.45,2230.5,2266.8,1610000.0,2272.81,2153.3625,84.03710369652507,0.012960823809241451,BULLISH,RSI_HIGH,LOW_VOLATILITY
2023-05-22,2264.95,2299.05,2255.0,2290.05,528620.0,2280.54,2168.4824999999996,82.9412635005179,0.012845109075598656,BULLISH,RSI_HIGH,LOW_VOLATILITY
2023-05-23,2290.05,2299.0,2258.05,2277.2,635920.0,2279.7799999999997,2182.745,72.25501770956316,0.01311972338945738,BULLISH,RSI_HIGH,LOW_VOLATILITY
2023-05-24,2277.95,2303.75,2260.05,2269.0,1210000.0,2273.54,2196.5600000000004,70.12987012987017,0.013251610260707307,BULLISH,RSI_HIGH,LOW_VOLATILITY
2023-05-25,2280.65,2316.3,2259.35,2305.7,1390000.0,2281.75,2210.9674999999997,74.99574468085109,0.013363449241196911,BULLISH,RSI_HIGH,LOW_VOLATILITY
2023-05-26,2305.65,2327.0,2292.95,2323.35,625440.0,2293.06,2226.0824999999995,72.8365384615385,0.01331126049750641,BULLISH,RSI_HIGH,LOW_VOLATILITY
2023-05-29,2327.6,2352.85,2315.4,2321.2,644870.0,2299.29,2241.0950000000003,71.42317142317142,0.013337355967358138,BULLISH,RSI_HIGH,LOW_VOLATILITY
2023-05-30,2335.0,2413.75,2323.0,2371.4,1580000.0,2318.13,2256.295,74.71149021575516,0.01325510697546479,BULLISH,RSI_HIGH,LOW_VOLATILITY
2023-05-31,2372.4,2394.0,2316.7,2372.5,3930000.0,2338.83,2266.715,72.23140495867773,0.009427198307937062,BULLISH,RSI_HIGH,LOW_VOLATILITY
2023-06-01,2372.5,2372.5,2335.75,2343.8,431520.0,2346.45,2275.725,69.21858500527989,0.010099910646855708,BULLISH,RSI_NORMAL,LOW_VOLATILITY
2023-06-02,2348.85,2389.85,2345.7,2385.75,685040.0,2358.9300000000003,2287.07,71.72190784155217,0.010439005076026952,BULLISH,RSI_HIGH,LOW_VOLATILITY
2023-06-05,2393.0,2418.5,2376.0,2402.75,880390.0,2375.2400000000002,2297.2149999999997,70.52081577616723,0.009930402801779988,BULLISH,RSI_HIGH,LOW_VOLATILITY
2023-06-06,2410.0,2413.5,2383.25,2410.4,286210.0,2383.04,2307.3424999999997,69.32655208698708,0.009932912888641957,BULLISH,RSI_NORMAL,LOW_VOLATILITY
2023-06-07,2411.0,2438.7,2402.15,2419.9,256310.0,2392.52,2317.1549999999997,79.96525767226402,0.00991272104561189,BULLISH,RSI_HIGH,LOW_VOLATILITY
2023-06-08,2432.0,2468.55,2415.6,2447.05,627080.0,2413.17,2326.935,81.72856891392358,0.009860775793385393,BULLISH,RSI_HIGH,LOW_VOLATILITY
2023-06-09,2447.0,2488.0,2439.9,2462.75,512040.0,2428.57,2338.3424999999997,81.2296564195298,0.009474714488100009,BULLISH,RSI_HIGH,LOW_VOLATILITY
2023-06-12,2485.0,2485.0,2377.0,2410.95,1070000.0,2430.21,2346.32,71.19987319702014,0.011077308557979452,BULLISH,RSI_HIGH,LOW_VOLATILITY
2023-06-13,2411.0,2416.95,2331.1,2340.0,2040000.0,2416.13,2349.27,59.38656795346378,0.01304029470842628,BEARISH,RSI_NORMAL,LOW_VOLATILITY
2023-06-14,2365.0,2368.85,2346.1,2356.0,737180.0,2403.35,2352.0600000000004,57.03496503496506,0.01300001174776759,BULLISH,RSI_NORMAL,LOW_VOLATILITY
2023-06-15,2380.0,2420.0,2370.0,2414.1,1130000.0,2396.7599999999998,2359.5325000000003,61.40218620429703,0.013371481651150477,BULLISH,RSI_NORMAL,LOW_VOLATILITY
2023-06-16,2434.95,2450.55,2415.6,2429.5,707940.0,2390.1099999999997,2367.6675,63.16877431906617,0.013376672187068492,BULLISH,RSI_NORMAL,LOW_VOLATILITY
2023-06-19,2445.0,2450.0,2420.55,2432.3,359750.0,2394.38,2374.78,58.36998350742167,0.013291319998805102,BULLISH,RSI_NORMAL,LOW_VOLATILITY
2023-06-20,2490.0,2490.0,2428.85,2437.75,1280000.0,2413.9300000000003,2382.8075,58.861876952329226,0.013135458054663582,BULLISH,RSI_NORMAL,LOW_VOLATILITY
2023-06-21,2450.0,2474.8,2430.0,2470.3,716070.0,2436.79,2392.8725,67.00268817204301,0.01320033659544254,BULLISH,RSI_NORMAL,LOW_VOLATILITY
2023-06-22,2478.95,2482.5,2455.65,2476.95,472860.0,2449.3599999999997,2401.4350000000004,63.543213543213525,0.012905238333441427,BULLISH,RSI_NORMAL,LOW_VOLATILITY
2023-06-23,2480.0,2508.95,2462.0,2475.05,748650.0,2458.4700000000003,2409.02,61.240671641791096,0.012905703986527052,BULLISH,RSI_NORMAL,LOW_VOLATILITY
2023-06-26,2452.0,2480.0,2444.85,2464.85,536770.0,2464.98,2416.2025,58.39888940305412,0.012979652506370381,BULLISH,RSI_NORMAL,LOW_VOLATILITY
2023-06-27,2477.0,2544.45,2469.0,2529.75,1990000.0,2483.38,2424.12,64.4710841786326,0.013369983969511879,BULLISH,RSI_NORMAL,LOW_VOLATILITY
2023-06-28,2544.0,2635.15,2532.6,2621.1,1920000.0,2513.54,2436.55,69.6112676056338,0.015217232360791593,BULLISH,RSI_NORMAL,LOW_VOLATILITY
2023-06-30,2643.0,2658.3,2608.05,2626.9,1100000.0,2543.5299999999997,2450.705,68.917828742653,0.014693264688127724,BULLISH,RSI_NORMAL,LOW_VOLATILITY
2023-07-03,2626.0,2661.55,2613.4,2638.2,542790.0,2576.16,2463.3275000000003,78.8864878606839,0.014416965949564214,BULLISH,RSI_HIGH,LOW_VOLATILITY
2023-07-04,2638.2,2643.3,2585.2,2593.7,602470.0,2601.93,2472.875,84.57345325701827,0.015219015385671471,BULLISH,RSI_HIGH,LOW_VOLATILITY
2023-07-05,2605.0,2669.7,2605.0,2654.6,628970.0,2626.9,2485.085,86.2554638173871,0.015830294169809325,BULLISH,RSI_HIGH,LOW_VOLATILITY
2023-07-06,2667.35,2705.95,2646.45,2698.55,482390.0,2642.3900000000003,2499.0175,85.7663774676223,0.0160377142229154,BULLISH,RSI_HIGH,LOW_VOLATILITY
2023-07-07,2714.0,2714.9,2622.0,2631.05,481900.0,2643.22,2508.2175,72.40689271817678,0.017359844215203177,BULLISH,RSI_HIGH,LOW_VOLATILITY
2023-07-10,2641.0,2695.0,2619.85,2671.6,610910.0,2649.9,2518.6600000000003,74.54358974358973,0.017547422774044565,BULLISH,RSI_HIGH,LOW_VOLATILITY
2023-07-11,2670.0,2715.0,2666.0,2703.75,525590.0,2671.91,2533.3,75.86542201478025,0.0165731109600574,BULLISH,RSI_HIGH,LOW_VOLATILITY
2023-07-12,2720.0,2745.1,2705.15,2725.55,725550.0,2686.1000000000004,2552.5775,75.35008441751913,0.014339266475987066,BULLISH,RSI_HIGH,LOW_VOLATILITY
2023-07-13,2730.05,2740.0,2664.85,2686.4,457860.0,2683.67,2569.0975,69.54006903629072,0.015170084581089874,BULLISH,RSI_NORMAL,LOW_VOLATILITY
2023-07-14,2700.0,2703.75,2617.35,2657.95,512470.0,2689.05,2581.29,66.25777777777772,0.015019630844208624,BULLISH,RSI_NORMAL,LOW_VOLATILITY
2023-07-17,2650.0,2688.35,2642.8,2677.45,264030.0,2690.2200000000003,2593.6875,68.59041622945082,0.015026017321686395,BULLISH,RSI_NORMAL,LOW_VOLATILITY
2023-07-18,2677.0,2693.0,2645.05,2653.05,345790.0,2680.0800000000004,2604.725,61.60361377752684,0.015335699398357047,BULLISH,RSI_NORMAL,LOW_VOLATILITY
2023-07-19,2655.0,2706.95,2655.0,2700.5,619290.0,2675.0699999999997,2617.8625,58.14526056627001,0.015612793308798494,BULLISH,RSI_NORMAL,LOW_VOLATILITY
2023-07-20,2710.05,2735.0,2685.0,2730.65,478630.0,2683.92,2630.88,60.13678553981437,0.015560585365368836,BULLISH,RSI_NORMAL,LOW_VOLATILITY
2023-07-21,2724.05,2724.05,2667.7,2678.65,305610.0,2688.0600000000004,2640.9649999999997,53.660964793193976,0.016472601286358655,BULLISH,RSI_NORMAL,LOW_VOLATILITY
2023-07-24,2668.05,2703.9,2650.65,2670.65,235720.0,2686.7,2650.745,57.457117937784695,0.01651418787172726,BULLISH,RSI_NORMAL,LOW_VOLATILITY
2023-07-25,2675.0,2676.05,2557.55,2584.4,1040000.0,2672.9700000000003,2656.7225000000003,43.515610567153175,0.018338847131151255,BEARISH,RSI_NORMAL,LOW_VOLATILITY
2023-07-26,2590.0,2606.1,2531.35,2539.85,1050000.0,2640.84,2657.2275,35.357076951467036,0.017946445826808804,BEARISH,RSI_NORMAL,LOW_VOLATILITY
2023-07-27,2539.0,2568.0,2506.45,2549.85,1220000.0,2604.68,2653.665,41.61849710982656,0.01589750142641047,BEARISH,RSI_NORMAL,LOW_VOLATILITY
2023-07-28,2561.0,2645.75,2535.6,2617.0,1240000.0,2592.35,2653.17,44.65753424657535,0.017047969902291564,BEARISH,RSI_NORMAL,LOW_VOLATILITY
2023-07-31,2614.95,2650.0,2587.2,2592.9,563930.0,2576.8,2650.9049999999997,38.980017894422915,0.017133910616889632,BEARISH,RSI_NORMAL,LOW_VOLATILITY
2023-08-01,2589.0,2610.0,2528.1,2570.75,1290000.0,2574.0699999999997,2649.7575,34.62149811245776,0.01681936251695922,BEARISH,RSI_NORMAL,LOW_VOLATILITY
2023-08-02,2570.75,2592.0,2522.15,2565.3,791940.0,2579.1600000000003,2645.2925000000005,37.10604770017036,0.015860399127658447,BEARISH,RSI_NORMAL,LOW_VOLATILITY
2023-08-03,2574.0,2574.0,2430.1,2447.75,3540000.0,2558.7400000000002,2632.7525,31.188473241453394,0.018082072199652955,BEARISH,RSI_NORMAL,LOW_VOLATILITY
2023-08-04,2465.1,2520.0,2451.0,2512.9,1070000.0,2537.92,2626.845,36.38620004964013,0.018705395078696514,BEARISH,RSI_NORMAL,LOW_VOLATILITY
2023-08-07,2529.35,2550.0,2472.05,2528.45,592210.0,2525.03,2619.6875,39.5382031905961,0.01836072576683076,BEARISH,RSI_NORMAL,LOW_VOLATILITY
2023-08-08,2545.0,2565.0,2516.15,2560.1,750890.0,2522.9,2612.505,37.8902880800414,0.01838130128786388,BEARISH,RSI_NORMAL,LOW_VOLATILITY
2023-08-09,2560.1,2593.95,2550.25,2587.55,537740.0,2527.35,2605.6050000000005,37.599653379549416,0.01847161857480577,BEARISH,RSI_NORMAL,LOW_VOLATILITY
2023-08-10,2586.0,2599.0,2541.4,2550.35,527420.0,2547.87,2598.8025000000002,38.589469939523305,0.01847204244541705,BEARISH,RSI_NORMAL,LOW_VOLATILITY
2023-08-11,2556.8,2564.15,2510.0,2515.9,453280.0,2548.4700000000003,2591.7,36.85551686061328,0.018551214830419945,BEARISH,RSI_NORMAL,LOW_VOLATILITY
2023-08-14,2515.95,2571.9,2480.0,2549.1,474070.0,2552.6,2585.2825000000003,46.70463032113516,0.01876111253601968,BEARISH,RSI_NORMAL,LOW_VOLATILITY
2023-08-16,2468.0,2480.0,2432.05,2458.65,12660000.0,2532.3100000000004,2575.5625,43.01805674978505,0.020142057164302014,BEARISH,RSI_NORMAL,HIGH_VOLATILITY
2023-08-17,2458.65,2481.55,2446.45,2459.75,1260000.0,2506.75,2563.525,42.13237862382117,0.019531089266579565,BEARISH,RSI_NORMAL,LOW_VOLATILITY
2023-08-18,2450.0,2471.4,2405.0,2454.3,2310000.0,2487.54,2549.7075,34.077118809943244,0.019193419754136475,BEARISH,RSI_NORMAL,LOW_VOLATILITY
2023-08-21,2458.8,2463.7,2431.7,2449.65,595110.0,2474.29,2538.2575,35.42578085257911,0.018920933378493904,BEARISH,RSI_NORMAL,LOW_VOLATILITY
2023-08-22,2444.75,2479.2,2436.7,2473.2,950180.0,2459.11,2528.3849999999998,40.103479760576214,0.01917457428169935,BEARISH,RSI_NORMAL,LOW_VOLATILITY
2023-08-23,2489.0,2505.5,2479.25,2497.45,1050000.0,2466.87,2524.0375,43.36949086289451,0.01814855720103879,BEARISH,RSI_NORMAL,LOW_VOLATILITY
2023-08-24,2515.95,2516.4,2475.5,2482.65,649170.0,2471.45,2521.1775000000002,54.26754707752509,0.017807014896977457,BEARISH,RSI_NORMAL,LOW_VOLATILITY
2023-08-25,2470.45,2492.4,2450.95,2458.15,716510.0,2472.2200000000003,2516.5925,42.5661914460285,0.01787358527739035,BEARISH,RSI_NORMAL,LOW_VOLATILITY
2023-08-28,2479.1,2490.85,2458.95,2482.65,257410.00000000003,2478.82,2509.875,43.92895015906684,0.016870055984408938,BEARISH,RSI_NORMAL,LOW_VOLATILITY
2023-08-29,2500.0,2510.5,2475.55,2485.4,615710.0,2481.2599999999998,2504.5,39.276485788113696,0.01681157233897954,BEARISH,RSI_NORMAL,LOW_VOLATILITY
2023-08-30,2483.05,2483.05,2412.3,2454.9,1390000.0,2472.75,2498.7075,31.122812010815352,0.016908600633292848,BEARISH,RSI_NORMAL,LOW_VOLATILITY
2023-08-31,2464.9,2464.9,2425.0,2435.0,886680.0,2463.2200000000003,2492.1925,32.734620565783516,0.016960659524824766,BEARISH,RSI_NORMAL,LOW_VOLATILITY
2023-09-01,2429.95,2445.25,2403.0,2438.9,562990.0,2459.37,2491.75,37.314662273476074,0.013552505264509861,BEARISH,RSI_NORMAL,LOW_VOLATILITY
2023-09-04,2461.7,2472.95,2430.0,2455.35,541050.0,2453.9100000000003,2488.8725000000004,33.65300784655618,0.012146796840557014,BEARISH,RSI_NORMAL,LOW_VOLATILITY
2023-09-05,2477.95,2490.0,2440.35,2450.05,578270.0,2446.84,2484.9525000000003,47.8670634920635,0.012026478893723016,BEARISH,RSI_NORMAL,LOW_VOLATILITY
2023-09-06,2460.0,2473.0,2440.0,2461.9,822720.0,2448.2400000000002,2480.0425,50.506239698610806,0.01167257954481887,BEARISH,RSI_NORMAL,LOW_VOLATILITY
2023-09-07,2461.0,2473.75,2441.0,2446.6,368690.0,2450.56,2472.995,48.267326732673205,0.01131854784865827,BEARISH,RSI_NORMAL,LOW_VOLATILITY
2023-09-08,2470.0,2509.0,2449.5,2473.5,797370.0,2457.48,2469.1525,54.87829822049498,0.011366822905680193,BULLISH,RSI_NORMAL,LOW_VOLATILITY
2023-09-11,2490.0,2508.85,2477.15,2500.85,675720.0,2466.58,2468.4,55.56898288016115,0.01132433047620096,BULLISH,RSI_NORMAL,LOW_VOLATILITY
2023-09-12,2510.0,2515.0,2464.1,2493.15,968870.0,2475.2,2465.6025,49.07207596029353,0.01088434391038573,BULLISH,RSI_NORMAL,LOW_VOLATILITY
2023-09-13,2458.0,2482.0,2435.05,2447.3,1190000.0,2472.2799999999997,2465.035,43.273073263558516,0.008433716676482336,BEARISH,RSI_NORMAL,LOW_VOLATILITY
2023-09-14,2459.8,2482.0,2436.8,2464.65,1250000.0,2475.8900000000003,2465.2799999999997,51.27151799687011,0.0085897781231714,BEARISH,RSI_NORMAL,LOW_VOLATILITY
2023-09-15,2463.0,2465.8,2383.0,2391.45,2530000.0,2459.4800000000005,2462.1375,35.014788038120216,0.010879025434157974,BEARISH,RSI_NORMAL,LOW_VOLATILITY
2023-09-18,2405.0,2415.0,2390.0,2400.55,590700.0,2439.42,2459.6825,36.343151456623225,0.010935474139414923,BEARISH,RSI_NORMAL,LOW_VOLATILITY
2023-09-20,2379.05,2419.6,2365.05,2401.9,1610000.0,2421.17,2456.1175,40.586145648312616,0.01065888586032603,BEARISH,RSI_NORMAL,LOW_VOLATILITY
2023-09-21,2404.0,2412.0,2378.3,2387.15,714110.0,2409.1400000000003,2450.6025,41.34250045232497,0.010368487905509522,BEARISH,RSI_NORMAL,LOW_VOLATILITY
2023-09-22,2401.0,2407.45,2346.05,2355.55,702510.0,2387.32,2444.2475,36.293372800526235,0.010632153552965371,BEARISH,RSI_NORMAL,LOW_VOLATILITY
2023-09-25,2360.0,2385.0,2350.05,2378.8,363100.0,2384.79,2440.28,37.686987292906586,0.010833245169165355,BEARISH,RSI_NORMAL,LOW_VOLATILITY
2023-09-26,2385.0,2411.95,2362.55,2404.45,660790.0,2385.57,2436.37,43.115942028985444,0.010880461686700855,BEARISH,RSI_NORMAL,LOW_VOLATILITY
2023-09-27,2400.0,2409.95,2381.45,2388.15,849020.0,2382.82,2431.5075,39.01385371666913,0.010922203385065554,BEARISH,RSI_NORMAL,LOW_VOLATILITY
2023-09-28,2373.05,2394.45,2333.35,2342.35,740050.0,2373.86,2425.88,35.76403113478081,0.011366302210230621,BEARISH,RSI_NORMAL,LOW_VOLATILITY
2023-09-29,2350.0,2387.15,2343.05,2381.2,755090.0,2378.9900000000002,2423.19,37.794234329542405,0.012022463026583784,BEARISH,RSI_NORMAL,LOW_VOLATILITY
2023-10-03,2385.0,2428.7,2367.05,2419.75,633840.0,2387.1800000000003,2422.2325,39.58386848189058,0.012619321546786586,BEARISH,RSI_NORMAL,LOW_VOLATILITY
2023-10-04,2414.95,2422.0,2377.0,2385.0,542950.0,2383.29,2418.715,37.01212921820582,0.012877455942432768,BEARISH,RSI_NORMAL,LOW_VOLATILITY
2023-10-05,2420.0,2479.0,2400.3,2473.4,1260000.0,2400.34,2419.8824999999997,52.84375680976247,0.015476138696537101,BULLISH,RSI_NORMAL,LOW_VOLATILITY
2023-10-06,2555.0,2568.95,2502.1,2535.5,1930000.0,2438.9700000000003,2423.5625,57.03365432343888,0.016404913385007693,BULLISH,RSI_NORMAL,LOW_VOLATILITY
2023-10-09,2498.05,2500.0,2440.3,2473.5,782720.0,2457.4300000000003,2424.9075,58.33079500456901,0.017342374207532815,BULLISH,RSI_NORMAL,LOW_VOLATILITY
2023-10-10,2490.9,2515.0,2473.25,2510.3,395080.0,2475.54,2426.7475,60.54984139190619,0.017484958442722437,BULLISH,RSI_NORMAL,LOW_VOLATILITY
2023-10-11,2521.0,2550.0,2510.0,2533.15,714430.0,2505.1700000000005,2428.3625,62.11575740792025,0.01743047687278654,BULLISH,RSI_NORMAL,LOW_VOLATILITY
2023-10-12,2526.0,2614.95,2526.0,2582.1,1130000.0,2526.91,2432.81,66.92715116783884,0.01788299419448057,BULLISH,RSI_NORMAL,LOW_VOLATILITY
2023-10-13,2570.0,2629.75,2570.0,2607.5,1300000.0,2541.31,2440.82,72.11445624506275,0.017301263842549083,BULLISH,RSI_HIGH,LOW_VOLATILITY
2023-10-16,2603.05,2604.0,2576.0,2593.55,390920.0,2565.32,2447.2650000000003,69.16213081110023,0.017381932360792284,BULLISH,RSI_NORMAL,LOW_VOLATILITY
2023-10-17,2605.0,2608.85,2586.5,2599.35,359290.0,2583.13,2457.6600000000003,68.02960222016654,0.015627657673168913,BULLISH,RSI_NORMAL,LOW_VOLATILITY
2023-10-18,2592.0,2595.0,2562.05,2571.55,648090.0,2590.81,2466.21,66.61231884057973,0.015983739127183587,BULLISH,RSI_NORMAL,LOW_VOLATILITY
2023-10-19,2559.35,2559.35,2515.55,2527.5,965480.0,2579.8900000000003,2472.4900000000002,66.82417083144028,0.01663510152946919,BULLISH,RSI_NORMAL,LOW_VOLATILITY
2023-10-20,2520.0,2527.55,2430.0,2439.05,1390000.0,2546.2,2475.085,54.822038843044126,0.018578329635931132,BEARISH,RSI_NORMAL,LOW_VOLATILITY
2023-10-23,2445.0,2455.0,2388.85,2390.95,885830.0,2505.68,2476.8550000000005,47.637020019691484,0.01889804494156751,BEARISH,RSI_NORMAL,LOW_VOLATILITY
2023-10-25,2420.95,2482.0,2410.7,2428.95,916850.0,2471.6,2479.3625,53.586876683261224,0.019095209174605575,BEARISH,RSI_NORMAL,LOW_VOLATILITY
2023-10-26,2427.6,2428.95,2393.0,2412.2,755290.0,2439.73,2479.75,44.34380776340108,0.019038191446672972,BEARISH,RSI_NORMAL,LOW_VOLATILITY
2023-10-27,2421.0,2479.95,2421.0,2471.25,371460.0,2428.48,2483.9049999999997,44.02825541407194,0.01969534720113193,BEARISH,RSI_NORMAL,LOW_VOLATILITY
2023-10-30,2471.2,2504.05,2445.0,2495.05,631220.0,2439.6799999999994,2491.54,52.156078039019526,0.019117977177692848,BULLISH,RSI_NORMAL,LOW_VOLATILITY
2023-10-31,2501.95,2520.0,2445.5,2453.85,359950.0,2452.2599999999998,2495.1724999999997,44.4014678171179,0.019341944418177538,BEARISH,RSI_NORMAL,LOW_VOLATILITY
2023-11-01,2463.0,2472.85,2414.75,2418.8,343000.0,2450.23,2495.125,38.92708434201608,0.019339193643589454,BEARISH,RSI_NORMAL,LOW_VOLATILITY
2023-11-02,2440.0,2498.45,2422.6,2490.9,567140.0,2465.9700000000003,2500.4199999999996,41.547729379054694,0.020100910161696246,BEARISH,RSI_NORMAL,HIGH_VOLATILITY
2023-11-03,2500.0,2540.0,2472.55,2509.2,644150.0,2473.56,2502.21,40.76821938392184,0.018429854409685704,BULLISH,RSI_NORMAL,LOW_VOLATILITY
2023-11-06,2499.95,2580.0,2486.25,2559.3,1170000.0,2486.4100000000003,2503.4,46.98795180722891,0.018107216782597753,BULLISH,RSI_NORMAL,LOW_VOLATILITY
2023-11-07,2563.5,2590.0,2549.0,2585.55,320130.0,2512.75,2509.0025,48.82852292020375,0.01721888178965911,BULLISH,RSI_NORMAL,LOW_VOLATILITY
2023-11-08,2562.0,2599.15,2546.1,2577.35,901530.0,2544.46,2512.355,50.509308043554604,0.016999815298675943,BULLISH,RSI_NORMAL,LOW_VOLATILITY
2023-11-09,2580.0,2608.95,2571.7,2580.4,380550.0,2562.3599999999997,2514.7174999999997,55.00567751703255,0.016904306612082906,BULLISH,RSI_NORMAL,LOW_VOLATILITY
2023-11-10,2572.0,2573.75,2493.0,2501.75,1350000.0,2560.87,2510.7,56.04512148091011,0.01772088870810301,BEARISH,RSI_NORMAL,LOW_VOLATILITY
2023-11-12,2534.5,2535.0,2512.15,2524.75,63470.0,2553.96,2506.5625,63.55623100303951,0.017699930840611944,BULLISH,RSI_NORMAL,LOW_VOLATILITY
2023-11-13,2525.0,2543.45,2500.0,2540.7,281630.0,2544.9900000000002,2503.9199999999996,61.85173401209034,0.017757221865182676,BULLISH,RSI_NORMAL,LOW_VOLATILITY
2023-11-15,2565.0,2565.0,2534.85,2543.35,778850.0,2538.19,2501.12,64.33803432819502,0.017748207334049023,BULLISH,RSI_NORMAL,LOW_VOLATILITY
2023-11-16,2548.95,2579.45,2524.2,2567.2,589880.0,2535.5499999999997,2500.9025,61.364443918038575,0.01773496671535718,BULLISH,RSI_NORMAL,LOW_VOLATILITY
2023-11-17,2591.0,2660.0,2571.45,2606.55,1260000.0,2556.51,2504.8550000000005,62.737034498514944,0.017562896860691755,BULLISH,RSI_NORMAL,LOW_VOLATILITY
2023-11-20,2612.0,2648.25,2590.2,2631.25,418950.0,2577.81,2514.465,71.05887939221272,0.015349871189989251,BULLISH,RSI_HIGH,LOW_VOLATILITY
2023-11-21,2618.0,2639.8,2594.05,2625.85,359400.0,2594.84,2526.21,76.43979057591615,0.014397026850177254,BULLISH,RSI_HIGH,LOW_VOLATILITY
2023-11-22,2645.0,2660.75,2594.05,2604.35,476630.0,2607.04,2534.98,66.63733685291092,0.014426971383585216,BULLISH,RSI_NORMAL,LOW_VOLATILITY
2023-11-23,2590.0,2615.5,2581.4,2606.05,634970.0,2614.8100000000004,2544.6725,64.92985971943888,0.014235642663859256,BULLISH,RSI_NORMAL,LOW_VOLATILITY
2023-11-24,2596.0,2619.95,2562.3,2568.35,423380.0,2607.1699999999996,2549.5275,51.450552973232845,0.013942966710567644,BULLISH,RSI_NORMAL,LOW_VOLATILITY
2023-11-28,2588.3,2650.0,2575.0,2642.45,429850.0,2609.41,2556.8975,57.90717065036124,0.015108707688547938,BULLISH,RSI_NORMAL,LOW_VOLATILITY
2023-11-29,2657.0,2696.15,2645.75,2689.55,750580.0,2622.15,2568.6825,64.07072987208426,0.014722815968182099,BULLISH,RSI_NORMAL,LOW_VOLATILITY
2023-11-30,2690.0,2713.45,2665.0,2705.35,775690.0,2642.35,2583.0099999999998,65.18410499453148,0.014028502746211393,BULLISH,RSI_NORMAL,LOW_VOLATILITY
2023-12-01,2705.35,2754.95,2705.35,2744.95,734480.0,2670.13,2595.7125,82.65306122448972,0.013031471206296339,BULLISH,RSI_HIGH,LOW_VOLATILITY
2023-12-04,2795.0,2859.9,2780.8,2820.25,664340.0,2720.5099999999998,2611.265,84.78926300918289,0.013966417555754163,BULLISH,RSI_HIGH,LOW_VOLATILITY
2023-12-05,2825.0,2858.95,2783.0,2836.1,465520.0,2759.2400000000002,2625.1050000000005,84.78568064060286,0.013571627990073385,BULLISH,RSI_HIGH,LOW_VOLATILITY
2023-12-06,2877.0,2890.95,2830.0,2872.15,574140.0,2795.76,2639.435,85.89519650655016,0.013630390827997543,BULLISH,RSI_HIGH,LOW_VOLATILITY
2023-12-07,2900.55,2966.0,2870.0,2878.35,1130000.0,2830.3599999999997,2654.485,85.32985125468372,0.013506380738238503,BULLISH,RSI_HIGH,LOW_VOLATILITY
2023-12-08,2900.0,2938.8,2873.65,2897.95,818640.0,2860.96,2670.3625,84.64098906324291,0.01346754201092127,BULLISH,RSI_HIGH,LOW_VOLATILITY
2023-12-11,2917.0,2954.45,2898.0,2925.55,779910.0,2882.0199999999995,2691.5525000000002,84.74616292798106,0.010400566210197047,BULLISH,RSI_HIGH,LOW_VOLATILITY
2023-12-12,2930.0,2951.95,2901.0,2926.45,651350.0,2900.09,2711.6375,85.87112171837704,0.010531650858113417,BULLISH,RSI_HIGH,LOW_VOLATILITY
2023-12-13,2963.95,3007.0,2953.0,2981.15,1420000.0,2921.89,2733.6600000000003,91.66298098186638,0.010820391034863552,BULLISH,RSI_HIGH,LOW_VOLATILITY
2023-12-14,3000.0,3003.2,2957.0,2980.2,679550.0,2942.2599999999998,2755.5024999999996,91.43869753018042,0.010871169116793034,BULLISH,RSI_HIGH,LOW_VOLATILITY
2023-12-15,2985.0,2990.0,2902.15,2914.4,1960000.0,2945.55,2772.8625,86.08070065686582,0.012772570745397982,BULLISH,RSI_HIGH,LOW_VOLATILITY
2023-12-18,2927.0,2980.0,2911.5,2975.55,540020.0,2955.55,2791.3125,85.69438491213032,0.013039436310919403,BULLISH,RSI_HIGH,LOW_VOLATILITY
2023-12-19,2974.0,3006.9,2946.65,2984.65,555100.0,2967.19,2808.9824999999996,84.42603826411572,0.013047071414007348,BULLISH,RSI_HIGH,LOW_VOLATILITY
2023-12-20,3000.0,3009.0,2844.7,2859.35,1060000.0,2942.8300000000004,2820.6575000000003,64.30960787957628,0.016896013026686786,BULLISH,RSI_NORMAL,LOW_VOLATILITY
2023-12-21,2848.4,2894.95,2819.55,2882.7,575340.0,2923.33,2834.575,63.198237041295386,0.016648408975805176,BULLISH,RSI_NORMAL,LOW_VOLATILITY
2023-12-22,2900.0,2913.4,2847.35,2871.4,534100.0,2914.73,2847.8424999999997,55.585890575516004,0.01674558831793934,BULLISH,RSI_NORMAL,LOW_VOLATILITY
2023-12-26,2881.0,2938.3,2864.0,2921.1,707100.0,2903.8399999999997,2865.48,58.64348179784422,0.016303586254351177,BULLISH,RSI_NORMAL,LOW_VOLATILITY
2023-12-27,2930.0,2948.2,2913.65,2927.5,516480.0,2892.41,2879.7325,55.98961151390541,0.015454868183562964,BULLISH,RSI_NORMAL,LOW_VOLATILITY
2023-12-28,2941.0,2947.95,2900.6,2927.0,1090000.0,2905.94,2891.605,55.330338555932954,0.015206096229041838,BULLISH,RSI_NORMAL,LOW_VOLATILITY
2023-12-29,2935.1,2975.0,2925.1,2967.1,501880.0,2922.82,2904.6925,57.25070776973892,0.015347409123524098,BULLISH,RSI_NORMAL,LOW_VOLATILITY
2024-01-01,3000.0,3049.95,2970.0,2978.5,615820.0,2944.2400000000002,2916.37,55.74731357863887,0.015169849649169617,BULLISH,RSI_NORMAL,LOW_VOLATILITY
2024-01-02,2980.0,2989.9,2918.6,2925.7,439890.0,2945.16,2921.6425000000004,49.92683640620427,0.01488836356132973,BULLISH,RSI_NORMAL,LOW_VOLATILITY
2024-01-03,2933.9,3000.0,2929.35,2990.45,655800.0,2957.75,2929.3599999999997,50.889781859931084,0.015546200955790132,BULLISH,RSI_NORMAL,LOW_VOLATILITY
2024-01-04,2995.05,3005.75,2966.0,2995.85,416940.0,2971.5199999999995,2935.545,51.48467887297222,0.015369389143701201,BULLISH,RSI_NORMAL,LOW_VOLATILITY
2024-01-05,3008.4,3025.0,2945.55,2954.95,715190.0,2969.0899999999997,2939.375,54.03763815592947,0.015774220865216553,BULLISH,RSI_NORMAL,LOW_VOLATILITY
2024-01-08,2970.0,2991.95,2942.75,2952.25,451450.0,2963.8399999999997,2942.09,47.37435203966642,0.015730159000106343,BULLISH,RSI_NORMAL,LOW_VOLATILITY
2024-01-09,2992.95,3042.0,2975.0,3012.9,831000.0,2981.2799999999997,2946.4574999999995,52.85209490156487,0.016227823043665747,BULLISH,RSI_NORMAL,LOW_VOLATILITY
2024-01-10,3012.9,3090.0,2973.45,3082.15,839630.0,2999.62,2954.2425,75.3642987249545,0.01691074971996322,BULLISH,RSI_HIGH,LOW_VOLATILITY
2024-01-11,3094.8,3094.8,3027.25,3052.0,891710.0,3010.85,2957.785,68.97982062780271,0.016693616024579815,BULLISH,RSI_NORMAL,LOW_VOLATILITY
2024-01-12,3056.05,3086.35,3031.0,3072.6,584000.0,3034.38,2962.4049999999997,72.09532176586863,0.016732132876034582,BULLISH,RSI_HIGH,LOW_VOLATILITY
2024-01-15,3074.1,3128.3,3071.25,3119.5,638570.0,3067.83,2972.66,71.92265193370164,0.01601148113818506,BULLISH,RSI_HIGH,LOW_VOLATILITY
2024-01-16,3079.0,3132.0,3045.0,3051.6,568490.0,3075.57,2976.4625,62.07198443579765,0.016407405699373108,BULLISH,RSI_NORMAL,LOW_VOLATILITY
2024-01-17,3000.0,3083.3,2995.1,3058.75,771660.0,3070.8900000000003,2980.1675000000005,62.652453663689606,0.0164043610059954,BULLISH,RSI_NORMAL,LOW_VOLATILITY
2024-01-18,3025.8,3072.9,3013.95,3052.6,925830.0,3071.01,2989.83,58.78364495582493,0.012909170725220414,BULLISH,RSI_NORMAL,LOW_VOLATILITY
2024-01-19,3068.6,3112.15,3017.85,3029.55,586990.0,3062.4,2997.1724999999997,55.12190227751582,0.01307812050753616,BULLISH,RSI_NORMAL,LOW_VOLATILITY
2024-01-20,3055.3,3064.1,3031.0,3041.6,73000.0,3046.82,3005.6825,62.66389860139862,0.012990835695262423,BULLISH,RSI_NORMAL,LOW_VOLATILITY
2024-01-23,3068.0,3068.0,2900.0,2911.8,1060000.0,3018.8599999999997,3005.2174999999997,42.47584425523777,0.01606506429024271,BEARISH,RSI_NORMAL,LOW_VOLATILITY
2024-01-24,2939.95,2949.95,2895.4,2910.15,1240000.0,2989.1400000000003,3004.35,41.74214684910388,0.01605677861935969,BEARISH,RSI_NORMAL,LOW_VOLATILITY
2024-01-25,2910.55,2922.55,2847.0,2863.05,1100000.0,2951.23,3001.1525,41.249285850314244,0.016451066203895377,BEARISH,RSI_NORMAL,LOW_VOLATILITY
2024-01-29,2889.9,2921.4,2851.75,2896.0,1540000.0,2924.52,2997.5975000000003,44.93562618168722,0.016355206644112885,BEARISH,RSI_NORMAL,LOW_VOLATILITY
2024-01-30,2919.0,2966.75,2910.0,2929.0,1250000.0,2902.0,2995.1225000000004,42.050407428463124,0.016560843360585536,BEARISH,RSI_NORMAL,LOW_VOLATILITY
2024-01-31,2940.0,2969.95,2912.0,2961.35,1570000.0,2911.9100000000003,2996.9049999999997,37.6935615321923,0.01625125005072703,BEARISH,RSI_NORMAL,LOW_VOLATILITY
2024-02-01,2982.0,3081.9,2972.1,3066.6,1610000.0,2943.2,3000.7125,51.28998056193674,0.017415519352958417,BULLISH,RSI_NORMAL,LOW_VOLATILITY
2024-02-02,3099.95,3150.0,3072.4,3127.1,1100000.0,2996.0099999999998,3007.275,54.49818421921427,0.0178919581894053,BULLISH,RSI_NORMAL,LOW_VOLATILITY
2024-02-05,3225.05,3300.0,3154.55,3171.15,3430000.0,3051.04,3018.085,54.283108052077296,0.017664055430002792,BULLISH,RSI_NORMAL,LOW_VOLATILITY
2024-02-06,3190.05,3191.1,3070.75,3137.85,1010000.0,3092.81,3027.365,57.58775402480866,0.017923626172430183,BULLISH,RSI_NORMAL,LOW_VOLATILITY
2024-02-07,3169.0,3189.0,3106.5,3114.55,636350.0,3123.45,3032.4475,54.773310521813535,0.017587703971246815,BULLISH,RSI_NORMAL,LOW_VOLATILITY
2024-02-08,3140.0,3168.55,3115.0,3132.4,762160.0,3136.6099999999997,3034.96,56.69238510566927,0.016904194350993947,BULLISH,RSI_NORMAL,LOW_VOLATILITY
2024-02-09,3130.0,3157.5,2984.2,3105.95,1670000.0,3132.38,3037.6575000000003,56.3709139426284,0.016862096150499405,BULLISH,RSI_NORMAL,LOW_VOLATILITY
2024-02-12,3123.0,3130.55,3052.8,3063.0,410580.0,3110.75,3037.1775000000002,51.697065820777176,0.017119437940681645,BULLISH,RSI_NORMAL,LOW_VOLATILITY
2024-02-13,3050.0,3073.8,3006.05,3041.45,414060.0,3091.4700000000003,3033.275,62.41263762565817,0.01679494731130454,BULLISH,RSI_NORMAL,LOW_VOLATILITY
2024-02-14,3049.9,3099.55,3011.7,3094.3,347610.0,3087.42,3035.41,66.05632574766763,0.016542588649716722,BULLISH,RSI_NORMAL,LOW_VOLATILITY
2024-02-15,3128.7,3128.7,3021.25,3028.85,544150.0,3066.71,3033.915,64.00811084825952,0.01724832289945808,BEARISH,RSI_NORMAL,LOW_VOLATILITY
2024-02-16,3064.8,3064.8,3010.5,3045.3,727940.0,3054.58,3033.55,62.975838692855895,0.01729081088597575,BULLISH,RSI_NORMAL,LOW_VOLATILITY
2024-02-19,3062.0,3088.5,3040.25,3068.05,547440.0,3055.59,3035.475,62.30422086541013,0.01727074294103949,BULLISH,RSI_NORMAL,LOW_VOLATILITY
2024-02-20,3080.0,3136.35,3053.9,3114.9,745300.0,3070.28,3039.14,63.247347079630735,0.017563114681964642,BULLISH,RSI_NORMAL,LOW_VOLATILITY
2024-02-21,3135.0,3135.0,3083.0,3095.65,481340.0,3070.55,3048.3325,52.94296423867897,0.01435186085792561,BULLISH,RSI_NORMAL,LOW_VOLATILITY
2024-02-22,3110.0,3134.15,3082.65,3128.3,397180.0,3090.44,3059.2400000000002,50.12883830792358,0.014414854511353254,BULLISH,RSI_NORMAL,LOW_VOLATILITY
2024-02-23,3142.0,3215.35,3136.1,3179.0,873750.0,3117.1800000000003,3075.0375,50.83095162485444,0.013870259162589299,BULLISH,RSI_NORMAL,LOW_VOLATILITY
2024-02-26,3198.0,3201.95,3135.25,3184.05,417100.0,3140.38,3089.4399999999996,55.2015311866697,0.013815266830662587,BULLISH,RSI_NORMAL,LOW_VOLATILITY
2024-02-27,3190.0,3198.75,3153.05,3183.0,460970.0,3154.0,3102.14,58.11307336731061,0.01377128260273829,BULLISH,RSI_NORMAL,LOW_VOLATILITY
2024-02-28,3190.0,3202.05,3098.05,3125.9,506500.0,3160.05,3110.3675,49.29516373888527,0.0145237891761476,BULLISH,RSI_NORMAL,LOW_VOLATILITY
2024-02-29,3134.4,3169.5,3079.0,3155.35,3100000.0,3165.46,3114.805,55.32212885154061,0.01245198197531681,BULLISH,RSI_NORMAL,LOW_VOLATILITY
2024-03-01,3155.4,3171.75,3130.3,3157.35,210440.0,3161.13,3116.3175,61.14852889046434,0.011689548042280102,BULLISH,RSI_NORMAL,LOW_VOLATILITY
2024-03-02,3169.45,3174.8,3142.15,3159.8,15490.0,3156.2799999999997,3115.75,64.6454646702141,0.011248684893385354,BULLISH,RSI_NORMAL,LOW_VOLATILITY
2024-03-04,3174.0,3202.8,3153.3,3171.1,484130.0,3153.9,3117.4125,60.59310344827581,0.01100260583721327,BULLISH,RSI_NORMAL,LOW_VOLATILITY
2024-03-05,3171.15,3215.0,3152.15,3186.4,341140.0,3166.0,3121.005,75.22010565071234,0.010873434435352818,BULLISH,RSI_HIGH,LOW_VOLATILITY
2024-03-06,3196.9,3196.9,3026.0,3069.8,1170000.0,3148.8900000000003,3117.875,52.96969696969697,0.013696685266045857,BEARISH,RSI_NORMAL,LOW_VOLATILITY
2024-03-07,3083.0,3126.7,3081.0,3105.7,340790.0,3138.56,3117.8625,54.422647715258975,0.013853708915645312,BEARISH,RSI_NORMAL,LOW_VOLATILITY
2024-03-11,3033.05,3262.0,3020.0,3218.55,9140000.0,3150.3100000000004,3125.6400000000003,60.541035289331845,0.015628984819122914,BULLISH,RSI_NORMAL,LOW_VOLATILITY
2024-03-12,3220.95,3317.0,3197.4,3242.95,3250000.0,3164.68,3135.715,64.82487922705312,0.015496064068259556,BULLISH,RSI_NORMAL,LOW_VOLATILITY
2024-03-13,3242.0,3258.5,3090.1,3112.55,2050000.0,3149.9100000000003,3136.6275,48.67546884198133,0.017910206332335143,BEARISH,RSI_NORMAL,LOW_VOLATILITY
2024-03-14,3110.0,3187.25,3079.35,3176.6,1380000.0,3171.2699999999995,3144.0150000000003,49.802599111696,0.017690843649366978,BULLISH,RSI_NORMAL,LOW_VOLATILITY
2024-03-15,3176.6,3215.9,3135.0,3203.1,2270000.0,3190.75,3151.9049999999997,51.513466274727875,0.017727870702860915,BULLISH,RSI_NORMAL,LOW_VOLATILITY
2024-03-18,3200.0,3255.75,3160.0,3249.2,890780.0,3196.88,3160.9625,54.90806642941874,0.01789311407718532,BULLISH,RSI_NORMAL,LOW_VOLATILITY
2024-03-19,3260.0,3342.0,3223.05,3233.0,3390000.0,3194.8900000000003,3166.8675,58.45303867403316,0.017736155860985994,BULLISH,RSI_NORMAL,LOW_VOLATILITY
2024-03-20,3234.05,3260.0,3180.9,3213.65,1150000.0,3215.1099999999997,3172.7675,54.6759704844402,0.017731472144568373,BULLISH,RSI_NORMAL,LOW_VOLATILITY
2024-03-21,3258.45,3297.4,3245.0,3290.15,727850.0,3237.82,3180.8599999999997,59.51425705688497,0.018305445287081244,BULLISH,RSI_NORMAL,LOW_VOLATILITY
2024-03-22,3300.0,3327.05,3266.8,3286.8,681690.0,3254.5600000000004,3186.25,59.08700629650832,0.01803907726162125,BULLISH,RSI_NORMAL,LOW_VOLATILITY
2024-03-26,3324.0,3507.95,3302.35,3492.05,2460000.0,3303.13,3201.65,67.97535704284519,0.02256287424731899,BULLISH,RSI_NORMAL,HIGH_VOLATILITY
2024-03-27,3514.95,3561.55,3471.6,3546.65,1250000.0,3365.8599999999997,3219.8325,69.32567995279226,0.022651573320653446,BULLISH,RSI_NORMAL,HIGH_VOLATILITY
2024-03-28,3546.0,3573.8,3516.0,3548.65,1100000.0,3432.8599999999997,3240.9700000000003,79.28925316533126,0.02200539550192877,BULLISH,RSI_HIGH,HIGH_VOLATILITY
2024-04-01,3569.95,3606.2,3525.25,3548.95,756300.0,3484.6200000000003,3260.65,78.34623009528687,0.022041195104457182,BULLISH,RSI_HIGH,HIGH_VOLATILITY
2024-04-02,3615.0,3645.0,3550.5,3567.8,936800.0,3540.8199999999997,3281.1724999999997,75.38707567056777,0.02200466051829764,BULLISH,RSI_HIGH,HIGH_VOLATILITY
2024-04-03,3522.0,3563.7,3480.0,3490.85,992280.0,3540.5800000000004,3297.725,66.74095083738521,0.02285379448864504,BULLISH,RSI_NORMAL,HIGH_VOLATILITY
2024-04-04,3525.0,3525.0,3460.0,3484.05,628440.0,3528.06,3313.3725,80.11511024643323,0.02290828588322244,BULLISH,RSI_HIGH,HIGH_VOLATILITY
2024-04-05,3515.0,3518.5,3462.0,3499.55,702690.0,3518.2400000000002,3329.03,78.41619005719318,0.02290856071112728,BULLISH,RSI_HIGH,HIGH_VOLATILITY
2024-04-08,3548.0,3612.0,3504.9,3599.8,792450.0,3528.4100000000008,3355.53,80.89563862928352,0.021268594382926574,BULLISH,RSI_HIGH,HIGH_VOLATILITY
2024-04-09,3614.0,3651.0,3572.75,3634.0,667650.0,3541.65,3381.9449999999997,80.53483574035872,0.021255316250780414,BULLISH,RSI_HIGH,HIGH_VOLATILITY
2024-04-10,3679.7,3812.85,3672.1,3795.3,2690000.0,3602.54,3410.7825,86.26805985552117,0.021885081821722573,BULLISH,RSI_HIGH,HIGH_VOLATILITY
2024-04-12,3830.0,3830.45,3670.15,3693.25,2750000.0,3644.38,3433.2974999999997,77.95197575474997,0.023274449554767963,BULLISH,RSI_HIGH,HIGH_VOLATILITY
2024-04-15,3670.3,3693.25,3552.0,3595.65,1770000.0,3663.6,3457.4525000000003,67.37770193401593,0.021977830075017003,BULLISH,RSI_NORMAL,HIGH_VOLATILITY
2024-04-16,3589.7,3636.75,3512.9,3570.05,701960.0,3657.65,3477.125000000001,65.71428571428572,0.021980781452028506,BULLISH,RSI_NORMAL,HIGH_VOLATILITY
2024-04-18,3647.0,3677.5,3573.25,3590.1,962320.0,3648.87,3496.475,56.84658892535436,0.021974473922765816,BULLISH,RSI_NORMAL,HIGH_VOLATILITY
2024-04-19,3505.05,3598.0,3441.05,3560.2,1240000.0,3601.85,3512.025,50.97996673175669,0.02210171508282191,BULLISH,RSI_NORMAL,HIGH_VOLATILITY
2024-04-22,3620.05,3739.95,3616.9,3727.0,1270000.0,3608.6,3536.725,60.41581498569175,0.02386200210278546,BULLISH,RSI_NORMAL,HIGH_VOLATILITY
2024-04-23,3722.05,3733.45,3673.0,3702.55,518210.00000000006,3629.9800000000005,3561.1699999999996,58.7242985345905,0.023879321473377478,BULLISH,RSI_NORMAL,HIGH_VOLATILITY
2024-04-24,3719.9,3766.35,3705.0,3742.2,589710.0,3664.41,3583.7725,59.67706136943734,0.023582712327002788,BULLISH,RSI_NORMAL,HIGH_VOLATILITY
2024-04-25,3739.95,3829.0,3727.15,3812.55,634460.0,3708.9,3610.06,67.98211291224149,0.023656804531146613,BULLISH,RSI_NORMAL,HIGH_VOLATILITY
2024-04-26,3858.0,3972.0,3835.0,3935.35,1760000.0,3783.9299999999994,3632.225,72.33052944087086,0.020763730891930687,BULLISH,RSI_HIGH,HIGH_VOLATILITY
2024-04-29,4001.0,4009.95,3875.0,3927.7,701970.0,3824.0699999999997,3651.2775,71.35092006183612,0.02071514237520573,BULLISH,RSI_HIGH,HIGH_VOLATILITY
2024-04-30,3955.0,3996.0,3940.4,3982.3,1040000.0,3880.0199999999995,3672.9600000000005,69.98432601880879,0.02076868084823292,BULLISH,RSI_NORMAL,HIGH_VOLATILITY
2024-05-02,4019.0,4122.9,3970.1,4108.25,1200000.0,3953.2300000000005,3700.925,72.61025029797378,0.021482497112924458,BULLISH,RSI_HIGH,HIGH_VOLATILITY
2024-05-03,4167.05,4179.1,3998.0,4019.25,1130000.0,3994.5699999999997,3723.4975000000004,61.46756106303446,0.022455930678653195,BULLISH,RSI_NORMAL,HIGH_VOLATILITY
2024-05-06,4050.95,4055.0,3938.0,3998.25,539620.0,4007.15,3748.8675000000003,67.03149430422158,0.021675618858000314,BULLISH,RSI_NORMAL,HIGH_VOLATILITY
2024-05-07,3998.3,4039.95,3915.55,3948.65,730460.0,4011.34,3772.0975,70.82841633231061,0.022026864436119127,BULLISH,RSI_HIGH,HIGH_VOLATILITY
2024-05-08,3964.0,4094.4,3929.05,4075.65,946630.0,4030.0099999999998,3800.9025,76.64418212478921,0.022750446327072762,BULLISH,RSI_HIGH,HIGH_VOLATILITY
2024-05-09,4094.95,4124.35,4028.9,4045.35,795240.0,4017.4300000000003,3823.1799999999994,73.73442469110056,0.022446614409021567,BULLISH,RSI_HIGH,HIGH_VOLATILITY
2024-05-10,4045.0,4045.35,3990.75,4019.2,694960.0,4017.4199999999996,3842.44,74.02386684811054,0.022602212772295772,BULLISH,RSI_HIGH,HIGH_VOLATILITY
2024-05-13,4006.1,4090.0,3980.05,4082.0,321880.0,4034.1699999999996,3856.775,70.85046399624105,0.02082922421599393,BULLISH,RSI_HIGH,HIGH_VOLATILITY
2024-05-14,4117.85,4174.0,4082.7,4147.35,682520.0,4073.9100000000008,3879.4800000000005,74.92714637973548,0.01967375831847872,BULLISH,RSI_HIGH,LOW_VOLATILITY
2024-05-15,4163.65,4314.4,4134.6,4295.5,854990.0,4117.88,3914.4725,77.64564804636753,0.01918500874006352,BULLISH,RSI_HIGH,LOW_VOLATILITY
2024-05-16,4290.0,4333.95,4262.0,4290.4,587190.0,4166.89,3950.4899999999993,75.54118338767432,0.01896557033626522,BULLISH,RSI_HIGH,LOW_VOLATILITY
2024-05-17,4302.55,4391.85,4296.55,4366.3,770170.0,4236.3099999999995,3989.3,74.25018288222383,0.019030817572989533,BULLISH,RSI_HIGH,LOW_VOLATILITY
2024-05-18,4353.05,4384.9,4336.85,4366.65,44830.0,4293.24,4029.6225000000004,74.90496453900705,0.01869439068700144,BULLISH,RSI_HIGH,LOW_VOLATILITY
2024-05-21,4342.45,4365.05,4279.15,4315.5,1040000.0,4326.87,4059.0475000000006,68.97926634768739,0.017216728043041123,BULLISH,RSI_NORMAL,LOW_VOLATILITY
2024-05-22,4337.45,4407.5,4284.0,4355.75,746320.0,4338.92,4091.7075000000004,65.62302739553087,0.01689756236968926,BULLISH,RSI_NORMAL,LOW_VOLATILITY
2024-05-23,4388.0,4438.9,4320.0,4400.5,1290000.0,4360.9400000000005,4124.6225,75.48973724677407,0.016894566065175583,BULLISH,RSI_HIGH,LOW_VOLATILITY
2024-05-24,4520.0,4529.0,4242.0,4256.5,4290000.0,4338.9800000000005,4146.820000000001,64.82746741689154,0.01900128661100628,BULLISH,RSI_NORMAL,LOW_VOLATILITY
2024-05-27,4260.0,4298.0,4206.3,4252.95,1060000.0,4316.24,4162.7,68.44689621726477,0.01798367849143924,BULLISH,RSI_NORMAL,LOW_VOLATILITY
2024-05-28,4252.05,4266.15,4156.0,4197.05,540180.0,4292.55,4176.1675000000005,58.05360222900359,0.018350494339406262,BULLISH,RSI_NORMAL,LOW_VOLATILITY
2024-05-29,4185.0,4185.0,4005.3,4027.55,1880000.0,4226.91,4178.429999999999,49.0032478441035,0.02060458462583706,BEARISH,RSI_NORMAL,HIGH_VOLATILITY
2024-05-30,4040.05,4197.9,4040.05,4162.2,2190000.0,4179.25,4181.1275000000005,57.14000399440783,0.02075029111831042,BEARISH,RSI_NORMAL,HIGH_VOLATILITY
2024-05-31,4189.95,4217.8,4106.4,4189.05,1840000.0,4165.76,4189.617499999999,55.54404681754623,0.020085997873795464,BEARISH,RSI_NORMAL,HIGH_VOLATILITY
2024-06-03,4324.0,4324.0,4230.1,4298.05,775070.0,4174.78,4204.6075,57.46704984639777,0.020679298704110394,BULLISH,RSI_NORMAL,HIGH_VOLATILITY
2024-06-04,4340.0,4340.0,3868.25,4073.2,1980000.0,4150.01,4210.835,39.76330815988211,0.02398860739156937,BEARISH,RSI_NORMAL,HIGH_VOLATILITY
2024-06-05,4120.0,4363.8,4030.0,4348.5,1730000.0,4214.2,4224.477499999999,52.14233038348085,0.02741008217559919,BULLISH,RSI_NORMAL,HIGH_VOLATILITY
2024-06-06,4350.05,4357.0,4260.0,4301.0,1090000.0,4241.96,4237.26,47.54067490207893,0.02749498100076919,BULLISH,RSI_NORMAL,HIGH_VOLATILITY
2024-06-07,4355.0,4411.0,4320.2,4373.2,2070000.0,4278.79,4254.960000000001,50.23402050805674,0.02754627577873229,BULLISH,RSI_NORMAL,HIGH_VOLATILITY
2024-06-10,4398.0,4609.8,4385.5,4566.6,2020000.0,4332.5,4279.1900000000005,58.14360770577934,0.028860268508034092,BULLISH,RSI_NORMAL,HIGH_VOLATILITY
2024-06-11,4400.0,4474.3,4361.0,4369.5,4380000.0,4391.76,4290.2975,50.40475699861647,0.030753014201143673,BULLISH,RSI_NORMAL,HIGH_VOLATILITY
2024-06-12,4390.05,4393.7,4284.1,4300.4,2490000.0,4382.14,4290.5425000000005,47.0950142202101,0.030022719153568165,BULLISH,RSI_NORMAL,HIGH_VOLATILITY
2024-06-13,4348.0,4348.4,4230.0,4302.65,4510000.0,4382.469999999999,4291.155000000001,51.459380830408236,0.030020144950326417,BULLISH,RSI_NORMAL,HIGH_VOLATILITY
2024-06-14,4334.0,4334.0,4260.25,4270.4,1240000.0,4361.91,4286.36,50.541975960493204,0.02979150964955705,BEARISH,RSI_NORMAL,HIGH_VOLATILITY
2024-06-18,4300.0,4328.8,4280.0,4302.25,1160000.0,4309.04,4283.139999999999,53.31693782318073,0.02984718021405838,BULLISH,RSI_NORMAL,HIGH_VOLATILITY
2024-06-19,4308.0,4325.0,4214.2,4228.0,1290000.0,4280.74,4278.764999999999,56.724028043339686,0.029984004244498156,BEARISH,RSI_NORMAL,HIGH_VOLATILITY
2024-06-20,4225.0,4262.6,4186.0,4229.25,1450000.0,4266.51,4272.44,52.470250156578125,0.029894533122644514,BEARISH,RSI_NORMAL,HIGH_VOLATILITY
2024-06-21,4235.15,4315.75,4216.8,4310.15,1800000.0,4268.01,4267.9225,54.29067460317457,0.030135667542957052,BULLISH,RSI_NORMAL,HIGH_VOLATILITY
2024-06-24,4302.25,4346.65,4264.75,4315.65,1060000.0,4277.0599999999995,4270.879999999999,50.672937218016344,0.029172178855852406,BULLISH,RSI_NORMAL,HIGH_VOLATILITY
2024-06-25,4336.0,4340.0,4227.05,4233.5,1510000.0,4263.3099999999995,4269.907499999999,56.87982832618026,0.029517315788771103,BEARISH,RSI_NORMAL,HIGH_VOLATILITY
2024-06-26,4241.2,4267.8,4212.5,4225.9,792640.0,4262.889999999999,4271.349999999999,43.168394071102185,0.029356291216005723,BEARISH,RSI_NORMAL,HIGH_VOLATILITY
2024-06-27,4220.1,4236.85,4150.0,4221.65,1340000.0,4261.37,4281.055,45.35448744218721,0.02772748427001462,BEARISH,RSI_NORMAL,HIGH_VOLATILITY
2024-06-28,4231.0,4264.95,4217.45,4228.25,805460.0,4244.99,4284.3575,40.80791426215996,0.026768705937353966,BEARISH,RSI_NORMAL,HIGH_VOLATILITY
2024-07-01,4276.35,4281.45,4212.65,4222.15,1760000.0,4226.289999999999,4286.0125,21.350744406554114,0.02674423737476605,BEARISH,RSI_LOW,HIGH_VOLATILITY
2024-07-02,4234.95,4283.1,4225.5,4249.1,1070000.0,4229.41,4283.5650000000005,36.03248259860799,0.02612011422593533,BEARISH,RSI_NORMAL,HIGH_VOLATILITY
2024-07-03,4275.0,4285.4,4245.6,4279.0,598290.0,4240.030000000001,4293.8550000000005,47.26901480347121,0.02308944057640033,BEARISH,RSI_NORMAL,HIGH_VOLATILITY
2024-07-04,4279.0,4324.0,4267.05,4288.75,669480.0,4253.45,4290.8675,48.259454044578064,0.017332559501762133,BEARISH,RSI_NORMAL,LOW_VOLATILITY
2024-07-05,4300.0,4345.0,4288.75,4322.9,576450.0,4272.379999999999,4291.9625,56.54287138584247,0.017251876913634653,BULLISH,RSI_NORMAL,LOW_VOLATILITY
2024-07-08,4323.55,4324.8,4228.6,4237.95,385990.0,4275.54,4285.199999999999,42.92317851639884,0.017353479505217196,BEARISH,RSI_NORMAL,LOW_VOLATILITY
2024-07-09,4240.0,4319.0,4220.45,4305.1,433470.0,4286.74,4272.125,58.62030411449019,0.014319288441479783,BULLISH,RSI_NORMAL,LOW_VOLATILITY
2024-07-10,4314.0,4314.0,4165.4,4281.25,559020.0,4287.19,4267.7125,55.53426990208598,0.010777476963287062,BULLISH,RSI_NORMAL,LOW_VOLATILITY
2024-07-11,4295.0,4330.0,4280.2,4320.4,710190.0,4293.5199999999995,4268.7125,51.197290036210724,0.010406099095102947,BULLISH,RSI_NORMAL,LOW_VOLATILITY
2024-07-12,4335.0,4368.9,4285.0,4331.65,1060000.0,4295.2699999999995,4270.1625,51.84416781927155,0.010419013771405167,BULLISH,RSI_NORMAL,LOW_VOLATILITY
2024-07-15,4333.0,4424.9,4320.2,4385.85,1600000.0,4324.85,4275.9349999999995,68.76924972280393,0.010581555509020384,BULLISH,RSI_NORMAL,LOW_VOLATILITY
2024-07-16,4444.0,4452.3,4391.0,4431.1,709080.0,4350.05,4282.3775000000005,73.13416009019164,0.010686664794613436,BULLISH,RSI_HIGH,LOW_VOLATILITY
2024-07-18,4409.1,4444.0,4365.0,4417.25,822840.0,4377.25,4291.84,71.5846391525049,0.00981016505454704,BULLISH,RSI_HIGH,LOW_VOLATILITY
2024-07-19,4401.0,4416.0,4250.2,4281.4,727700.0,4369.45,4294.4475,54.563406885893315,0.012279734783131364,BEARISH,RSI_NORMAL,LOW_VOLATILITY
2024-07-22,4288.8,4355.0,4250.55,4336.55,603720.0,4370.429999999999,4295.7675,59.05923344947736,0.011858099390938256,BULLISH,RSI_NORMAL,LOW_VOLATILITY
2024-07-23,4339.2,4369.9,4171.05,4315.4,722280.0,4356.34,4295.755,55.29891304347818,0.011913124541539272,BULLISH,RSI_NORMAL,LOW_VOLATILITY
2024-07-24,4315.0,4396.25,4296.25,4375.8,648270.0,4345.28,4302.87,57.37692424935221,0.011404586328952302,BULLISH,RSI_NORMAL,LOW_VOLATILITY
2024-07-25,4350.0,4467.65,4335.2,4432.2,1130000.0,4348.27,4313.185,60.20633226609743,0.011636908348315891,BULLISH,RSI_NORMAL,LOW_VOLATILITY
2024-07-26,4442.6,4510.0,4415.5,4493.4,1010000.0,4390.67,4326.7725,61.68128254316246,0.011874341535504035,BULLISH,RSI_NORMAL,LOW_VOLATILITY
2024-07-29,4478.0,4479.0,4273.2,4439.3,1950000.0,4411.219999999999,4337.325,64.40374847986263,0.012352484137406652,BULLISH,RSI_NORMAL,LOW_VOLATILITY
2024-07-30,4487.0,4527.85,4430.05,4474.0,998970.0,4442.94,4349.9175000000005,62.670667666916664,0.012369990131385294,BULLISH,RSI_NORMAL,LOW_VOLATILITY
2024-07-31,4473.95,4512.0,4450.55,4472.2,778440.0,4462.219999999999,4361.0725,64.81495849173709,0.012364630604045112,BULLISH,RSI_NORMAL,LOW_VOLATILITY
2024-08-01,4432.0,4468.6,4373.4,4404.3,792850.0,4456.639999999999,4367.3375,56.23143196672611,0.012933455683243555,BULLISH,RSI_NORMAL,LOW_VOLATILITY
2024-08-02,4355.0,4407.8,4301.45,4312.5,675770.0,4420.460000000001,4368.525,48.72968490878941,0.0138625044244389,BEARISH,RSI_NORMAL,LOW_VOLATILITY
2024-08-05,4280.0,4300.0,4162.95,4220.4,903680.0,4376.679999999999,4363.4,39.550306322238335,0.014550291130695432,BEARISH,RSI_NORMAL,LOW_VOLATILITY
2024-08-06,4300.55,4337.15,4250.0,4261.45,992750.0,4334.17,4364.575,39.22788748491966,0.014053100136717515,BEARISH,RSI_NORMAL,LOW_VOLATILITY
2024-08-07,4348.0,4348.0,4278.55,4317.9,477080.0,4303.3099999999995,4365.215,44.015420757785655,0.013913842976327436,BEARISH,RSI_NORMAL,LOW_VOLATILITY
2024-08-08,4318.1,4335.0,4241.0,4256.95,374910.0,4273.84,4364.0,48.38111633450309,0.014229923219955873,BEARISH,RSI_NORMAL,LOW_VOLATILITY
2024-08-09,4305.0,4318.0,4273.65,4290.2,503540.0,4269.379999999999,4362.49,46.83941356972381,0.014186946215120354,BEARISH,RSI_NORMAL,LOW_VOLATILITY
2024-08-12,4270.0,4287.5,4225.55,4251.65,1740000.0,4275.629999999999,4358.49,45.75368014387531,0.0143002884926797,BEARISH,RSI_NORMAL,LOW_VOLATILITY
2024-08-13,4269.7,4319.85,4219.45,4227.4,508340.0,4268.82,4350.5675,39.61511546536034,0.013982060106824077,BEARISH,RSI_NORMAL,LOW_VOLATILITY
2024-08-14,4239.0,4259.0,4197.2,4209.9,627080.0,4247.219999999999,4339.5075,33.54795737122555,0.01369643894732923,BEARISH,RSI_NORMAL,LOW_VOLATILITY
2024-08-16,4240.0,4289.9,4200.0,4277.7,727460.0,4251.37,4332.53,34.19085312225154,0.014309122260855343,BEARISH,RSI_NORMAL,LOW_VOLATILITY
2024-08-19,4299.8,4324.9,4206.15,4231.95,1550000.0,4239.719999999999,4330.057500000001,34.61452845588778,0.012771510106142182,BEARISH,RSI_NORMAL,LOW_VOLATILITY
2024-08-20,4254.7,4318.25,4230.0,4302.05,798390.0,4249.8,4328.3324999999995,37.87804018329224,0.012999188327723244,BEARISH,RSI_NORMAL,LOW_VOLATILITY
2024-08-21,4310.0,4352.0,4280.55,4299.85,605150.0,4264.289999999999,4327.554999999999,37.85668991756504,0.01295519703367816,BEARISH,RSI_NORMAL,LOW_VOLATILITY
2024-08-22,4400.0,4490.0,4376.0,4483.15,2340000.0,4318.9400000000005,4332.9225,54.77849827283192,0.015853010876419656,BULLISH,RSI_NORMAL,LOW_VOLATILITY
2024-08-23,4493.0,4722.0,4470.15,4710.45,3390000.0,4405.49,4346.835,70.71469470615791,0.01920437866299201,BULLISH,RSI_HIGH,LOW_VOLATILITY
2024-08-26,4718.0,4743.8,4602.2,4720.1,1150000.0,4503.12,4358.17,78.45347910260793,0.019042535112847866,BULLISH,RSI_HIGH,LOW_VOLATILITY
2024-08-27,4700.0,4755.95,4661.3,4746.75,1050000.0,4592.0599999999995,4373.5425,78.09424568715991,0.01873340221083123,BULLISH,RSI_HIGH,LOW_VOLATILITY
2024-08-28,4775.0,4943.8,4730.0,4859.85,1960000.0,4704.0599999999995,4392.835,79.4426033574184,0.019261391252772982,BULLISH,RSI_HIGH,LOW_VOLATILITY
2024-08-29,4731.1,4879.8,4721.2,4759.85,6960000.0,4759.4,4407.2175,76.20908901396707,0.020034390591446762,BULLISH,RSI_HIGH,HIGH_VOLATILITY
2024-08-30,4783.0,4869.0,4777.05,4830.0,2120000.0,4783.3099999999995,4428.5025,77.09023386530163,0.019695082002375373,BULLISH,RSI_HIGH,LOW_VOLATILITY
2024-09-02,4894.7,4908.45,4768.3,4793.05,1270000.0,4797.9,4452.53,77.21423544787376,0.018999447823938503,BULLISH,RSI_HIGH,LOW_VOLATILITY
2024-09-03,4796.05,4829.0,4775.05,4813.4,1350000.0,4811.2300000000005,4482.18,79.57206297941059,0.017929537209974606,BULLISH,RSI_HIGH,LOW_VOLATILITY
2024-09-04,4820.0,4864.9,4780.0,4815.0,1570000.0,4802.26,4509.8575,81.0339522002257,0.01797033700738195,BULLISH,RSI_HIGH,LOW_VOLATILITY
2024-09-05,4835.0,4855.7,4801.55,4828.55,1040000.0,4816.0,4535.389999999999,79.91636343887474,0.017908651912418923,BULLISH,RSI_HIGH,LOW_VOLATILITY
2024-09-06,4877.0,4884.9,4760.0,4783.7,971130.0,4806.74,4561.7275,79.99456374014679,0.01765753587379765,BULLISH,RSI_HIGH,LOW_VOLATILITY
2024-09-09,4780.0,4825.45,4718.4,4808.5,1080000.0,4809.83,4587.6425,78.95820229858768,0.01765309169654106,BULLISH,RSI_HIGH,LOW_VOLATILITY
2024-09-10,4815.05,4844.95,4760.3,4831.85,636040.0,4813.5199999999995,4616.6525,79.70075926753015,0.01730822830913067,BULLISH,RSI_HIGH,LOW_VOLATILITY
2024-09-11,4869.95,4923.35,4847.2,4900.4,1630000.0,4830.6,4650.3025,76.71767945187935,0.017137309003390524,BULLISH,RSI_HIGH,LOW_VOLATILITY
2024-09-12,4958.5,5035.0,4925.0,4994.65,1710000.0,4863.82,4689.54,71.93578264896571,0.01709501656348916,BULLISH,RSI_HIGH,LOW_VOLATILITY
2024-09-13,5012.0,5012.0,4929.0,4942.35,656470.0,4895.55,4722.772500000001,66.09457600115869,0.017518376981324312,BULLISH,RSI_NORMAL,LOW_VOLATILITY
2024-09-16,4980.0,4993.0,4935.2,4947.1,455240.0,4923.2699999999995,4758.53,64.98392042479998,0.01707326528364992,BULLISH,RSI_NORMAL,LOW_VOLATILITY
2024-09-17,4953.0,4969.3,4910.2,4933.75,587350.0,4943.65,4790.115,56.496132208157505,0.0171064257882541,BULLISH,RSI_NORMAL,LOW_VOLATILITY
2024-09-18,4934.0,4957.85,4887.5,4924.65,545640.0,4948.5,4821.3550000000005,67.24210085792001,0.01713984004633399,BULLISH,RSI_NORMAL,LOW_VOLATILITY
2024-09-19,4935.0,4975.95,4814.45,4873.55,930130.0,4924.28,4840.875,54.74555955105157,0.01533441921141233,BULLISH,RSI_NORMAL,LOW_VOLATILITY
2024-09-20,4845.0,4916.6,4782.0,4903.65,1360000.0,4916.54,4850.535,62.23451327433625,0.01080571407772967,BULLISH,RSI_NORMAL,LOW_VOLATILITY
2024-09-23,4934.9,4949.95,4900.0,4930.35,490480.0,4913.19,4861.0475,62.7577179011673,0.01083206202951306,BULLISH,RSI_NORMAL,LOW_VOLATILITY
2024-09-24,4939.9,4945.0,4783.9,4827.1,1340000.0,4891.86,4865.0650000000005,51.08035714285718,0.011964031389409905,BEARISH,RSI_NORMAL,LOW_VOLATILITY
2024-09-25,4810.0,4824.9,4757.6,4782.2,766860.0,4863.37,4861.1825,46.081001099179815,0.010866863648397106,BEARISH,RSI_NORMAL,LOW_VOLATILITY
2024-09-26,4800.0,4876.95,4780.75,4867.55,608620.0,4862.17,4866.5675,56.63527736013297,0.010569415643953717,BULLISH,RSI_NORMAL,LOW_VOLATILITY
2024-09-27,4895.95,4957.0,4870.65,4945.7,1100000.0,4870.58,4872.3525,60.011675423234074,0.010662109062648181,BULLISH,RSI_NORMAL,LOW_VOLATILITY
2024-09-30,4902.0,4960.0,4779.35,4787.45,1480000.0,4842.0,4872.0725,47.293013047189326,0.012887985408634365,BEARISH,RSI_NORMAL,LOW_VOLATILITY
2024-10-01,4824.0,4915.0,4802.0,4905.25,806650.0,4857.629999999999,4876.664999999999,50.27894403864959,0.013995778776938448,BULLISH,RSI_NORMAL,LOW_VOLATILITY
2024-10-03,4821.0,4865.0,4655.05,4716.85,1210000.0,4844.5599999999995,4871.7575,35.5838090295797,0.016546998019155573,BEARISH,RSI_NORMAL,LOW_VOLATILITY
2024-10-04,4651.0,4713.4,4590.05,4609.35,1210000.0,4792.92,4860.797500000001,33.65563954059097,0.017221439300782848,BEARISH,RSI_NORMAL,LOW_VOLATILITY
2024-10-07,4605.0,4649.0,4455.4,4485.2,1120000.0,4700.820000000001,4845.8724999999995,29.707407081978744,0.018037562552631163,BEARISH,RSI_LOW,LOW_VOLATILITY
2024-10-08,4492.05,4627.4,4430.3,4602.95,1300000.0,4663.92,4835.594999999999,36.68812877263582,0.019126774556153622,BEARISH,RSI_NORMAL,LOW_VOLATILITY
2024-10-09,4658.25,4789.15,4640.0,4708.3,1380000.0,4624.530000000001,4829.4175000000005,41.91970121381889,0.01987754962061127,BEARISH,RSI_NORMAL,HIGH_VOLATILITY
2024-10-10,4734.0,4754.25,4656.05,4665.15,519520.0,4614.19,4817.655,42.17012323414487,0.019616101657685805,BEARISH,RSI_NORMAL,LOW_VOLATILITY
2024-10-11,4660.65,4703.0,4613.8,4693.45,418670.0,4631.01,4802.594999999999,42.091798344620045,0.019069668972100582,BEARISH,RSI_NORMAL,LOW_VOLATILITY
2024-10-14,4703.0,4705.0,4626.1,4678.95,534570.0,4669.76,4789.425,40.454131227217495,0.018987319016228535,BEARISH,RSI_NORMAL,LOW_VOLATILITY
2024-10-15,4764.95,4777.7,4701.0,4756.45,1770000.0,4700.46,4779.8925,47.263855001742755,0.019454487579934156,BEARISH,RSI_NORMAL,LOW_VOLATILITY
2024-10-16,4745.15,4788.0,4683.4,4699.85,1790000.0,4698.7699999999995,4768.1975,46.83937823834199,0.019585644085041203,BEARISH,RSI_NORMAL,LOW_VOLATILITY
2024-10-17,4707.3,4725.0,4613.45,4624.0,420380.0,4690.539999999999,4753.164999999999,40.58380050260971,0.019829652183697814,BEARISH,RSI_NORMAL,HIGH_VOLATILITY
2024-10-18,4600.0,4697.0,4573.6,4663.05,624910.0,4684.460000000001,4742.64,38.73141171311249,0.019905486361512275,BEARISH,RSI_NORMAL,HIGH_VOLATILITY
2024-10-21,4701.0,4707.15,4570.35,4591.0,848570.0,4666.87,4727.0075,41.58996532385806,0.020024122317558256,BEARISH,RSI_NORMAL,HIGH_VOLATILITY
2024-10-22,4595.0,4619.95,4495.0,4524.4,589150.0,4620.46,4706.710000000001,32.948287441235735,0.020073076250117783,BEARISH,RSI_NORMAL,HIGH_VOLATILITY
2024-10-23,4499.5,4568.3,4477.55,4520.0,612800.0,4584.49,4691.3550000000005,39.44786920396677,0.019683868675834274,BEARISH,RSI_NORMAL,LOW_VOLATILITY
2024-10-24,4551.6,4579.6,4494.1,4519.85,722360.0,4563.660000000001,4678.2375,44.578386236976016,0.019639145320481614,BEARISH,RSI_NORMAL,LOW_VOLATILITY
2024-10-25,4546.2,4558.45,4315.0,4366.1,1330000.0,4504.2699999999995,4653.165,43.03508771929829,0.02020839011230995,BEARISH,RSI_NORMAL,HIGH_VOLATILITY
2024-10-28,4200.0,4200.0,3780.0,4015.45,9140000.0,4389.16,4606.6525,22.998437356374694,0.025628739454841596,BEARISH,RSI_LOW,HIGH_VOLATILITY
2024-10-29,4027.7,4060.05,3975.35,4026.75,1410000.0,4289.63,4568.6175,15.71162650299344,0.02523848787861865,BEARISH,RSI_LOW,HIGH_VOLATILITY
2024-10-30,4005.05,4119.3,3991.05,4057.7,1160000.0,4197.17,4526.24,19.05974634543884,0.024345043448921515,BEARISH,RSI_LOW,HIGH_VOLATILITY
2024-10-31,4063.0,4086.95,4010.05,4052.5,866950.0,4103.7,4493.0225,16.566689270251956,0.023393569950246787,BEARISH,RSI_LOW,HIGH_VOLATILITY
2024-11-01,4050.0,4099.7,4050.0,4069.55,79730.0,4044.3900000000003,4466.032499999999,18.296743314951655,0.02323065208714761,BEARISH,RSI_LOW,HIGH_VOLATILITY
2024-11-04,4069.55,4075.0,3874.0,3963.1,1120000.0,4033.9199999999996,4439.9275,9.933841725165422,0.023194335954189068,BEARISH,RSI_LOW,HIGH_VOLATILITY
2024-11-05,3970.9,3975.0,3892.0,3940.85,1050000.0,4016.7399999999993,4406.8225,10.290886261379114,0.02192899389309166,BEARISH,RSI_LOW,HIGH_VOLATILITY
2024-11-06,3945.0,4080.0,3920.1,4061.95,1110000.0,4017.59,4374.504999999999,21.924172036565267,0.02256187166318612,BEARISH,RSI_LOW,HIGH_VOLATILITY
2024-11-07,4073.0,4090.5,3980.0,3995.75,885450.0,4006.2400000000002,4341.035,17.546931232370397,0.022652316906505356,BEARISH,RSI_LOW,HIGH_VOLATILITY
2024-11-08,3990.1,4068.15,3960.75,4002.95,411060.0,3992.9199999999996,4306.51,19.475733194913047,0.022538050479999714,BEARISH,RSI_LOW,HIGH_VOLATILITY
2024-11-11,4003.0,4047.7,3970.25,4011.6,231600.0,4002.62,4273.1425,21.67789682978018,0.022624697993510638,BEARISH,RSI_LOW,HIGH_VOLATILITY
2024-11-12,4020.0,4040.65,3895.0,3912.9,822040.0,3997.03,4230.965,19.632853141256504,0.022197100534590095,BEARISH,RSI_LOW,HIGH_VOLATILITY
2024-11-13,3894.0,3906.2,3830.0,3848.8,692860.0,3954.4,4188.4125,18.452352968830795,0.022245472879059255,BEARISH,RSI_LOW,HIGH_VOLATILITY
2024-11-14,3864.0,3919.9,3838.95,3891.2,583380.0,3933.4899999999993,4151.772500000001,25.063011972274694,0.022656463553354097,BEARISH,RSI_LOW,HIGH_VOLATILITY
2024-11-18,3950.0,4014.45,3907.05,3976.3,754250.0,3928.16,4117.4349999999995,47.149202650549796,0.02336758159507917,BEARISH,RSI_NORMAL,HIGH_VOLATILITY
2024-11-19,4002.0,4114.0,3982.05,4045.9,940660.0,3935.0199999999995,4090.1800000000003,51.28532116249414,0.023944574621494706,BEARISH,RSI_NORMAL,HIGH_VOLATILITY
2024-11-21,4045.0,4089.45,4001.2,4069.8,701810.0,3966.4,4067.45,50.8198942946199,0.023998776482058115,BULLISH,RSI_NORMAL,HIGH_VOLATILITY
2024-11-22,4074.0,4153.85,4052.25,4142.65,966110.0,4025.1699999999996,4048.5824999999995,55.59555583141951,0.02453056268544763,BULLISH,RSI_NORMAL,HIGH_VOLATILITY
2024-11-25,4204.0,4263.1,4155.0,4244.5,1330000.0,4095.8300000000004,4034.815,59.82478800471724,0.025347101167178736,BULLISH,RSI_NORMAL,HIGH_VOLATILITY
2024-11-26,4274.5,4292.0,4213.2,4229.6,751360.0,4146.49,4027.9900000000002,66.68127190786186,0.024266071690868803,BULLISH,RSI_NORMAL,HIGH_VOLATILITY
2024-11-27,4237.6,4290.0,4170.95,4267.9,403130.0,4190.889999999999,4040.6125,70.06811069522001,0.01564878708961226,BULLISH,RSI_HIGH,LOW_VOLATILITY
2024-11-28,4312.0,4386.4,4289.85,4352.65,1480000.0,4247.46,4056.9075,68.6705202312139,0.01608635375420622,BULLISH,RSI_NORMAL,LOW_VOLATILITY
2024-11-29,4359.55,4400.0,4326.3,4378.9,873330.0,4294.710000000001,4072.9675,75.939340599824,0.016070758927243144,BULLISH,RSI_HIGH,LOW_VOLATILITY
2024-12-02,4382.5,4433.2,4352.75,4409.25,525560.0,4327.660000000001,4090.8050000000003,76.6706052251543,0.016035229287935434,BULLISH,RSI_HIGH,LOW_VOLATILITY
2024-12-03,4450.0,4455.55,4390.0,4405.5,659010.0,4362.839999999999,4107.6025,76.02404862579286,0.016077418694347537,BULLISH,RSI_HIGH,LOW_VOLATILITY
2024-12-04,4424.0,4444.5,4357.25,4370.85,720800.0,4383.429999999999,4127.99,83.05304944063523,0.014729512506276752,BULLISH,RSI_HIGH,LOW_VOLATILITY
2024-12-05,4369.0,4382.95,4315.5,4368.55,732480.0,4386.61,4149.375,91.18789127506149,0.014579506885782488,BULLISH,RSI_HIGH,LOW_VOLATILITY
2024-12-06,4388.0,4505.0,4376.15,4469.2,546990.0,4404.67,4169.7375,91.93267556587354,0.013960915526175418,BULLISH,RSI_HIGH,LOW_VOLATILITY
2024-12-09,4470.5,4509.0,4470.5,4489.45,537950.0,4420.71,4194.422500000001,91.09473852806926,0.01304470893775704,BULLISH,RSI_HIGH,LOW_VOLATILITY
2024-12-10,4475.0,4501.0,4454.9,4477.0,651290.0,4435.01,4218.125,88.00246826516229,0.013160376397050949,BULLISH,RSI_HIGH,LOW_VOLATILITY
2024-12-11,4453.05,4489.65,4452.55,4465.55,261790.00000000003,4453.95,4240.8225,85.66922036953595,0.013268890131565845,BULLISH,RSI_HIGH,LOW_VOLATILITY
2024-12-12,4423.2,4483.15,4405.6,4464.35,930990.0,4473.110000000001,4268.3949999999995,83.29538397847254,0.011343184203789047,BULLISH,RSI_HIGH,LOW_VOLATILITY
2024-12-13,4459.9,4459.9,4380.0,4432.9,401400.0,4465.85,4297.6,72.82529682578146,0.010505519063603558,BULLISH,RSI_HIGH,LOW_VOLATILITY
2024-12-16,4434.1,4458.4,4380.0,4406.75,391650.0,4449.3099999999995,4323.3775,70.89279396155209,0.010852335984786498,BULLISH,RSI_HIGH,LOW_VOLATILITY
2024-12-17,4410.45,4444.15,4370.0,4386.8,616360.0,4431.2699999999995,4343.9025,64.65729783037484,0.010456517758381684,BULLISH,RSI_NORMAL,LOW_VOLATILITY
2024-12-18,4386.8,4414.8,4354.05,4390.35,543590.0,4416.2300000000005,4361.125,55.81072749691751,0.010062746786218083,BULLISH,RSI_NORMAL,LOW_VOLATILITY
2024-12-19,4255.25,4444.0,4255.25,4434.05,486360.0,4410.17,4379.3375,58.06640339330125,0.0101405005398588,BULLISH,RSI_NORMAL,LOW_VOLATILITY
2024-12-20,4467.0,4488.0,4193.35,4395.6,876330.0,4402.710000000001,4391.985,48.049721388769875,0.010010717109804734,BULLISH,RSI_NORMAL,LOW_VOLATILITY
2024-12-23,4468.95,4494.95,4425.15,4439.95,552060.0,4409.35,4401.7575,54.410446805786705,0.008820795627566245,BULLISH,RSI_NORMAL,LOW_VOLATILITY
2024-12-24,4480.0,4667.9,4435.0,4612.25,1570000.0,4454.4400000000005,4420.889999999999,72.85119273002653,0.011895592795871273,BULLISH,RSI_HIGH,LOW_VOLATILITY
2024-12-26,4652.95,4736.4,4572.1,4725.0,1320000.0,4521.37,4443.745,77.90652156893451,0.0126838683377028,BULLISH,RSI_HIGH,LOW_VOLATILITY
2024-12-27,4725.0,4740.0,4665.4,4681.95,701110.0,4570.95,4460.210000000001,68.30737458050083,0.012572567112385542,BULLISH,RSI_NORMAL,LOW_VOLATILITY
2024-12-30,4678.85,4678.85,4578.75,4597.55,1110000.0,4611.34,4471.1425,58.377247365158134,0.01346008262435929,BULLISH,RSI_NORMAL,LOW_VOLATILITY
2024-12-31,4594.0,4629.7,4545.05,4554.25,685310.0,4634.2,4478.3925,55.71333481251388,0.013673135527948984,BULLISH,RSI_NORMAL,LOW_VOLATILITY
2025-01-01,4581.6,4635.0,4552.0,4595.7,425990.0,4630.89,4487.9025,59.216769350612545,0.013756005679072873,BULLISH,RSI_NORMAL,LOW_VOLATILITY
2025-01-02,4605.0,4630.0,4529.15,4537.75,892470.0,4593.4400000000005,4496.2475,54.81122181436809,0.01397791390146583,BULLISH,RSI_NORMAL,LOW_VOLATILITY
2025-01-03,4563.95,4563.95,4440.0,4466.2,702020.0,4550.29,4501.13,52.07373271889402,0.014525755998728915,BEARISH,RSI_NORMAL,LOW_VOLATILITY
2025-01-06,4466.0,4483.9,4233.0,4266.95,828530.0,4484.17,4491.0175,42.83811475409834,0.01686267874551812,BEARISH,RSI_NORMAL,LOW_VOLATILITY
2025-01-07,4300.0,4356.0,4285.1,4328.6,584160.0,4439.04,4482.975,47.140611182077244,0.017212515898058795,BEARISH,RSI_NORMAL,LOW_VOLATILITY
2025-01-08,4352.3,4352.3,4226.95,4262.15,727750.0,4372.33,4472.2325,44.0681103090875,0.01748217546660363,BEARISH,RSI_NORMAL,LOW_VOLATILITY
2025-01-09,4278.0,4307.45,4234.9,4260.55,516370.0,4316.89,4461.9825,41.64660568127107,0.017487361690199845,BEARISH,RSI_NORMAL,LOW_VOLATILITY
2025-01-10,4259.0,4299.0,4195.25,4228.8,772260.0,4269.41,4450.205,41.91703818569489,0.017519315771638736,BEARISH,RSI_NORMAL,LOW_VOLATILITY
2025-01-13,4100.0,4129.95,3952.0,4001.4,2140000.0,4216.3,4428.63,31.950446557188144,0.020932390481054636,BEARISH,RSI_NORMAL,HIGH_VOLATILITY
2025-01-14,3961.05,4025.55,3950.0,3995.0,1160000.0,4149.58,4408.0425000000005,20.577720577720598,0.02094363459195462,BEARISH,RSI_LOW,HIGH_VOLATILITY
2025-01-15,4053.6,4153.7,3995.1,4066.0,784810.0,4110.35,4392.0025000000005,17.285544082605256,0.021537471648516212,BEARISH,RSI_LOW,HIGH_VOLATILITY
2025-01-16,4090.0,4143.6,4075.25,4111.75,569360.0,4080.5899999999992,4378.0725,21.769482126943288,0.021774427902535493,BEARISH,RSI_LOW,HIGH_VOLATILITY
2025-01-17,4100.0,4136.0,4068.15,4090.2,302580.0,4052.87,4360.879999999999,23.214191436566182,0.021561053618196876,BEARISH,RSI_LOW,HIGH_VOLATILITY
2025-01-20,4117.0,4166.25,4090.2,4114.3,532180.0,4075.45,4346.8150000000005,26.29196529611471,0.02163384402872738,BEARISH,RSI_LOW,HIGH_VOLATILITY
2025-01-21,4130.0,4139.95,3985.05,4009.8,1420000.0,4078.41,4325.307500000001,20.43596730245237,0.02195020561872599,BEARISH,RSI_LOW,HIGH_VOLATILITY
2025-01-22,4030.0,4094.65,3945.0,4011.5,1060000.0,4067.5099999999998,4295.27,21.847750494837683,0.01947006085373133,BEARISH,RSI_LOW,LOW_VOLATILITY
2025-01-23,3989.05,4193.05,3988.95,4134.8,1210000.0,4072.12,4265.76,33.20154095701545,0.020043280267368038,BEARISH,RSI_NORMAL,HIGH_VOLATILITY
2025-01-24,4162.1,4269.8,4126.05,4161.8,1480000.0,4086.44,4239.7525,43.54234477676107,0.020238407403282734,BEARISH,RSI_NORMAL,HIGH_VOLATILITY
2025-01-27,4135.55,4238.1,4056.4,4175.75,1360000.0,4098.7300000000005,4218.6625,40.02870376410724,0.020115818926600717,BEARISH,RSI_NORMAL,HIGH_VOLATILITY
2025-01-28,4207.7,4301.0,4182.8,4282.5,691200.0,4153.27,4205.075,51.261233343662866,0.021168599966713685,BULLISH,RSI_NORMAL,HIGH_VOLATILITY
2025-01-29,4287.45,4309.0,4230.0,4293.9,344760.0,4209.75,4189.985,52.04212846733203,0.021025654646876266,BULLISH,RSI_NORMAL,HIGH_VOLATILITY
2025-01-30,4293.1,4353.9,4183.45,4227.75,571580.0,4228.339999999999,4174.485,49.938304248193184,0.02110082958301281,BULLISH,RSI_NORMAL,HIGH_VOLATILITY
2025-01-31,4227.75,4344.85,4218.05,4324.35,519650.0,4260.85,4167.3925,72.42241199750053,0.02166097060340312,BULLISH,RSI_HIGH,HIGH_VOLATILITY
2025-02-01,4340.0,4516.95,4285.7,4492.4,642870.0,4324.179999999999,4178.665,78.20367430256294,0.020923065200818915,BULLISH,RSI_HIGH,HIGH_VOLATILITY
2025-02-03,4482.95,4498.95,4337.5,4393.7,787810.0,4346.42,4181.92,68.01539307311711,0.02143333271940169,BULLISH,RSI_NORMAL,HIGH_VOLATILITY
2025-02-04,4403.55,4420.0,4292.9,4345.2,727130.0,4356.68,4186.0725,62.795286379830095,0.02128167757834302,BULLISH,RSI_NORMAL,HIGH_VOLATILITY
2025-02-05,4369.95,4429.95,4361.45,4415.4,670520.0,4394.21,4193.8150000000005,66.92163596628163,0.021537496333271452,BULLISH,RSI_NORMAL,HIGH_VOLATILITY
2025-02-06,4505.0,4505.0,4364.8,4394.85,587110.0,4408.3099999999995,4202.117499999999,64.65242596751455,0.02148182585371051,BULLISH,RSI_NORMAL,HIGH_VOLATILITY
2025-02-07,4425.0,4455.0,4336.0,4364.55,1090000.0,4382.74,4220.275,70.0843571307253,0.017186998029322435,BULLISH,RSI_HIGH,LOW_VOLATILITY
2025-02-10,4364.6,4380.0,4290.0,4325.15,1030000.0,4369.030000000001,4236.782499999999,67.03046098713146,0.01740444247048174,BULLISH,RSI_NORMAL,LOW_VOLATILITY
2025-02-11,4325.15,4390.0,4275.0,4316.85,997720.0,4363.36,4249.325,61.29552646274125,0.01714660802265262,BULLISH,RSI_NORMAL,LOW_VOLATILITY
2025-02-12,4316.85,4359.0,4200.0,4337.5,685040.0,4347.780000000001,4260.6125,60.98811757348346,0.017046189131487522,BULLISH,RSI_NORMAL,LOW_VOLATILITY
2025-02-13,4341.35,4400.0,4327.5,4364.85,839060.0,4341.780000000001,4274.345,61.631196949194305,0.016954336252480138,BULLISH,RSI_NORMAL,LOW_VOLATILITY
2025-02-14,4367.0,4383.0,4206.7,4223.3,821920.0,4313.530000000001,4279.795,46.508198655184614,0.018729261039134325,BEARISH,RSI_NORMAL,LOW_VOLATILITY
2025-02-17,4176.0,4315.0,4157.85,4303.0,435500.0,4309.1,4294.455,50.49672489082972,0.017987425647731283,BULLISH,RSI_NORMAL,LOW_VOLATILITY
2025-02-18,4300.0,4355.0,4255.0,4345.55,415080.0,4314.84,4311.157499999999,56.600179291797424,0.018021505163298968,BULLISH,RSI_NORMAL,LOW_VOLATILITY
2025-02-19,4336.0,4410.0,4325.25,4399.9,596620.0,4327.32,4324.4125,54.44333352937715,0.017040966750082705,BULLISH,RSI_NORMAL,LOW_VOLATILITY
2025-02-20,4396.4,4525.4,4366.9,4501.45,940390.0,4354.64,4341.395,50.5774261468768,0.017601269476549938,BULLISH,RSI_NORMAL,LOW_VOLATILITY
2025-02-21,4500.0,4545.0,4480.0,4510.75,505650.0,4412.129999999999,4358.145,58.42996038890892,0.017606405736643214,BULLISH,RSI_NORMAL,LOW_VOLATILITY
2025-02-24,4502.0,4574.0,4495.65,4536.0,739110.0,4458.73,4370.820000000001,64.21758569299556,0.016870773725592546,BULLISH,RSI_NORMAL,LOW_VOLATILITY
2025-02-25,4540.0,4558.9,4415.0,4427.45,547830.0,4475.11,4377.4974999999995,50.84936914076269,0.017915590676962925,BULLISH,RSI_NORMAL,LOW_VOLATILITY
2025-02-27,4443.5,4499.0,4418.0,4443.4,591550.0,4483.81,4388.28,53.4444838595246,0.017459622976723665,BULLISH,RSI_NORMAL,LOW_VOLATILITY
2025-02-28,4469.9,4525.0,4403.3,4477.3,2130000.0,4478.9800000000005,4395.9275,57.95863626738194,0.016853378055797525,BULLISH,RSI_NORMAL,LOW_VOLATILITY
2025-03-03,4478.95,4492.55,4267.55,4464.7,802730.0,4469.7699999999995,4394.5425,60.237693492773836,0.014443690876320397,BULLISH,RSI_NORMAL,LOW_VOLATILITY
2025-03-04,4434.65,4611.0,4417.65,4598.7,825680.0,4482.3099999999995,4404.7925000000005,67.4574171570145,0.014988675837954699,BULLISH,RSI_NORMAL,LOW_VOLATILITY
2025-03-05,4620.0,4722.1,4608.1,4698.1,1340000.0,4536.4400000000005,4422.4375,70.34988713318282,0.01522554459281272,BULLISH,RSI_HIGH,LOW_VOLATILITY
2025-03-06,4750.65,4782.45,4659.05,4762.4,1390000.0,4600.24,4439.7875,71.53691965978649,0.015131695205025606,BULLISH,RSI_HIGH,LOW_VOLATILITY
2025-03-07,4796.0,4815.65,4645.95,4657.55,843160.0,4636.289999999999,4452.9225,74.49929478138223,0.016114327620606272,BULLISH,RSI_HIGH,LOW_VOLATILITY
2025-03-10,4666.0,4706.7,4605.0,4627.55,535000.0,4668.860000000001,4466.0725,69.3981232442771,0.01609994605521943,BULLISH,RSI_NORMAL,LOW_VOLATILITY
2025-03-11,4602.3,4675.0,4567.8,4651.45,812720.0,4679.410000000001,4482.3875,68.70033011370582,0.01585028867661211,BULLISH,RSI_NORMAL,LOW_VOLATILITY
2025-03-12,4669.95,4743.15,4639.7,4729.2,1120000.0,4685.629999999999,4503.005,69.57090217520505,0.016045190291993798,BULLISH,RSI_NORMAL,LOW_VOLATILITY
2025-03-13,4740.0,4744.55,4670.85,4700.85,553800.0,4673.320000000001,4521.1725,62.98008071865647,0.01622207868069927,BULLISH,RSI_NORMAL,LOW_VOLATILITY
2025-03-17,4710.0,4794.95,4710.0,4780.45,1030000.0,4697.9,4541.952499999999,66.0842080152672,0.016468394221963743,BULLISH,RSI_NORMAL,LOW_VOLATILITY
2025-03-18,4792.45,4824.8,4717.25,4806.25,779630.0,4733.639999999999,4571.1,66.10644257703083,0.013962853717124597,BULLISH,RSI_NORMAL,LOW_VOLATILITY
2025-03-19,4811.0,5052.75,4790.0,4980.55,2100000.0,4799.460000000001,4604.9775,80.56814413617779,0.01525109867120391,BULLISH,RSI_HIGH,LOW_VOLATILITY
2025-03-20,5040.0,5190.35,5005.45,5086.75,1830000.0,4870.97,4642.0375,82.33077039047194,0.015558617142760708,BULLISH,RSI_HIGH,LOW_VOLATILITY
2025-03-21,5072.0,5114.8,5018.55,5044.05,897800.0,4939.61,4674.245,78.23163138231637,0.015938684135182627,BULLISH,RSI_HIGH,LOW_VOLATILITY
2025-03-24,5055.3,5077.45,4956.3,4970.35,766220.0,4977.589999999999,4697.6900000000005,73.74278067333435,0.01616093709636895,BULLISH,RSI_HIGH,LOW_VOLATILITY
2025-03-25,5011.0,5032.15,4958.05,5006.7,818360.0,5017.679999999999,4722.4875,71.09181141439211,0.01615184688446763,BULLISH,RSI_HIGH,LOW_VOLATILITY
2025-03-26,5020.0,5075.0,4975.0,5025.15,736010.0,5026.6,4746.945,68.4513399153738,0.01615598121419366,BULLISH,RSI_NORMAL,LOW_VOLATILITY
2025-03-27,4975.0,5149.0,4975.0,5127.8,940050.0,5034.8099999999995,4781.9625,69.75989617131741,0.014936930919781849,BULLISH,RSI_NORMAL,LOW_VOLATILITY
2025-03-28,5149.9,5176.8,5051.8,5115.35,951950.0,5049.07,4815.56,77.50540735400152,0.015079402190405301,BULLISH,RSI_HIGH,LOW_VOLATILITY
2025-04-01,5100.0,5132.95,4991.65,5028.0,793790.0,5060.6,4843.095,72.50857174976115,0.01602249921059816,BULLISH,RSI_HIGH,LOW_VOLATILITY
2025-04-02,5028.0,5082.75,5000.0,5068.25,418270.0,5072.910000000001,4873.272500000001,73.00474666077938,0.015893570010125497,BULLISH,RSI_HIGH,LOW_VOLATILITY
2025-04-03,4999.5,5085.0,4966.9,5003.6,950160.0,5068.6,4893.5175,65.36738351254486,0.015430958814743769,BULLISH,RSI_NORMAL,LOW_VOLATILITY
2025-04-04,5055.95,5150.0,5045.0,5098.9,1410000.0,5062.82,4913.557500000001,70.73717113831728,0.015289667523285538,BULLISH,RSI_HIGH,LOW_VOLATILITY
2025-04-07,4750.0,5016.15,4634.6,4988.7,1790000.0,5037.49,4924.8724999999995,60.51395971121322,0.01615151966697007,BULLISH,RSI_NORMAL,LOW_VOLATILITY
2025-04-08,5108.0,5201.0,5026.3,5157.05,1230000.0,5063.3,4949.847500000001,65.4823903257128,0.016515149551969522,BULLISH,RSI_NORMAL,LOW_VOLATILITY
2025-04-09,5145.5,5265.0,5145.5,5193.75,1130000.0,5088.4,4978.1575,60.7103385913795,0.016287320575689337,BULLISH,RSI_NORMAL,LOW_VOLATILITY
2025-04-11,5214.9,5234.35,5115.0,5151.1,1130000.0,5117.9,5003.14,53.45317950093912,0.01659148481446371,BULLISH,RSI_NORMAL,LOW_VOLATILITY
2025-04-15,5320.0,5347.0,5201.0,5256.0,1570000.0,5149.32,5029.48,60.662005131042825,0.016743646113283467,BULLISH,RSI_NORMAL,LOW_VOLATILITY
2025-04-16,5260.0,5285.0,5200.5,5244.5,1010000.0,5200.4800000000005,5056.6625,64.71156426079958,0.016628215395594198,BULLISH,RSI_NORMAL,LOW_VOLATILITY
2025-04-17,5244.0,5400.0,5178.5,5366.0,1170000.0,5242.2699999999995,5085.9400000000005,67.66643721113189,0.01690758131827311,BULLISH,RSI_NORMAL,LOW_VOLATILITY
2025-04-21,5394.0,5517.5,5351.0,5496.5,844890.0,5302.82,5120.4525,70.8755923645866,0.017398572557303895,BULLISH,RSI_HIGH,LOW_VOLATILITY
2025-04-22,5502.0,5649.0,5451.0,5534.0,1050000.0,5379.4,5148.125,69.09193457416809,0.01596768446072909,BULLISH,RSI_NORMAL,LOW_VOLATILITY
2025-04-23,5540.0,5570.0,5485.0,5558.5,1450000.0,5439.9,5171.7125,70.59534321699122,0.015521809105708146,BULLISH,RSI_HIGH,LOW_VOLATILITY
2025-04-24,5560.0,5575.0,5470.5,5520.5,852760.0,5495.1,5195.535,73.98928397467125,0.015457158055425585,BULLISH,RSI_HIGH,LOW_VOLATILITY
2025-04-25,5480.5,5522.0,5193.0,5313.5,1910000.0,5484.6,5212.692499999999,60.27655562539285,0.017648714986577545,BULLISH,RSI_NORMAL,LOW_VOLATILITY
2025-04-28,5254.0,5379.0,5220.0,5341.0,1160000.0,5453.5,5229.407499999999,64.59216330767235,0.0176308157048362,BULLISH,RSI_NORMAL,LOW_VOLATILITY
2025-04-29,5380.0,5446.5,5215.5,5264.0,761300.0,5399.5,5241.35,57.255229390051,0.018073670090746598,BULLISH,RSI_NORMAL,LOW_VOLATILITY
2025-04-30,5262.0,5320.5,5206.5,5249.5,881120.0,5337.7,5247.4349999999995,62.513194511083405,0.01759921008099984,BULLISH,RSI_NORMAL,LOW_VOLATILITY
2025-05-02,5230.0,5386.5,5218.0,5344.5,714690.0,5302.5,5258.8925,59.674838709677424,0.01796376161369147,BULLISH,RSI_NORMAL,LOW_VOLATILITY
2025-05-05,5420.0,5592.0,5412.5,5531.5,1050000.0,5346.1,5284.067499999999,65.09092533845674,0.018755998990676856,BULLISH,RSI_NORMAL,LOW_VOLATILITY
2025-05-06,5555.5,5569.5,5299.0,5322.0,872820.0,5342.3,5296.754999999999,56.64515125592969,0.02103042811061329,BULLISH,RSI_NORMAL,HIGH_VOLATILITY
2025-05-07,5206.0,5361.5,5157.0,5296.5,1570000.0,5348.8,5311.4,51.67840861997513,0.020797344691655156,BEARISH,RSI_NORMAL,HIGH_VOLATILITY
2025-05-08,5310.0,5368.0,5075.0,5146.0,1760000.0,5328.1,5313.754999999999,46.33965068747678,0.021569988821088192,BEARISH,RSI_NORMAL,HIGH_VOLATILITY
2025-05-09,4972.0,5123.5,4891.5,5101.0,2110000.0,5279.4,5319.37,39.55870764381402,0.021055786044744854,BEARISH,RSI_NORMAL,HIGH_VOLATILITY
2025-05-12,5421.5,5597.0,5413.0,5476.5,2240000.0,5268.4,5335.3425,49.339498018494055,0.025668474841279647,BULLISH,RSI_NORMAL,HIGH_VOLATILITY
2025-05-13,5501.0,5545.0,5468.0,5521.0,1120000.0,5308.2,5351.705,49.572649572649574,0.025677324692682024,BULLISH,RSI_NORMAL,HIGH_VOLATILITY
2025-05-14,5525.0,5535.0,5420.0,5451.5,933190.0,5339.2,5366.725,46.583652618135375,0.025799566167377507,BULLISH,RSI_NORMAL,HIGH_VOLATILITY
2025-05-15,5421.0,5595.0,5410.0,5589.0,702000.0,5427.8,5383.375,52.05643950765536,0.025992313078147377,BULLISH,RSI_NORMAL,HIGH_VOLATILITY
2025-05-16,5599.0,5633.0,5544.5,5562.5,433630.0,5520.1,5399.275,58.38383838383839,0.02602741562512199,BULLISH,RSI_NORMAL,HIGH_VOLATILITY
2025-05-19,5560.0,5665.5,5544.0,5574.5,953690.0,5539.7,5409.7,57.94487921061585,0.025602387934461637,BULLISH,RSI_NORMAL,HIGH_VOLATILITY
2025-05-20,5591.0,5608.0,5432.0,5442.0,666860.0,5523.9,5406.975,55.83606557377049,0.02567513069449443,BULLISH,RSI_NORMAL,HIGH_VOLATILITY
2025-05-21,5461.0,5482.5,5390.0,5461.5,597500.0,5525.9,5403.35,56.9281045751634,0.02563875781937613,BULLISH,RSI_NORMAL,HIGH_VOLATILITY
2025-05-22,5465.0,5565.0,5329.5,5503.0,2270000.0,5508.7,5400.575,55.367422959702,0.025679646557872606,BULLISH,RSI_NORMAL,HIGH_VOLATILITY
2025-05-23,5520.0,5545.0,5435.5,5521.0,544140.0,5500.4,5400.6,49.59847036328872,0.025641458472990767,BULLISH,RSI_NORMAL,HIGH_VOLATILITY
2025-05-26,5530.0,5562.0,5410.5,5420.0,556610.0,5469.5,5405.925,54.08673894912427,0.02448463386103382,BULLISH,RSI_NORMAL,HIGH_VOLATILITY
2025-05-27,5270.0,5328.0,5230.5,5313.5,28750000.0,5443.8,5404.55,50.66406250000001,0.024902033604180033,BEARISH,RSI_NORMAL,HIGH_VOLATILITY
2025-05-28,5336.0,5355.0,5294.0,5330.5,1090000.0,5417.6,5407.875,58.04622764936764,0.024674619375145875,BEARISH,RSI_NORMAL,HIGH_VOLATILITY
2025-05-29,5330.5,5344.0,5271.5,5322.0,1710000.0,5381.4,5411.5,59.95495495495495,0.0246669101125343,BEARISH,RSI_NORMAL,HIGH_VOLATILITY
2025-05-30,5306.0,5393.5,5306.0,5330.0,1740000.0,5343.2,5410.775,40.13468013468013,0.024337374846854228,BEARISH,RSI_NORMAL,HIGH_VOLATILITY
2025-06-02,5350.0,5370.0,5280.0,5333.0,1170000.0,5325.8,5400.85,36.59058487874465,0.02291896908135013,BEARISH,RSI_NORMAL,HIGH_VOLATILITY
2025-06-03,5359.0,5458.5,5344.5,5383.5,1240000.0,5339.8,5403.925,45.01466275659824,0.021365474240366618,BEARISH,RSI_NORMAL,HIGH_VOLATILITY
2025-06-04,5383.5,5428.0,5361.5,5416.0,932120.0,5356.9,5409.9,35.00866551126518,0.021353898014169953,BULLISH,RSI_NORMAL,HIGH_VOLATILITY
2025-06-05,5464.0,5506.0,5421.5,5482.0,1120000.0,5388.9,5426.7,43.47120843471208,0.0202804996467678,BULLISH,RSI_NORMAL,HIGH_VOLATILITY
2025-06-06,5480.0,5492.0,5445.0,5480.5,447730.0,5419.0,5445.675,42.244224422442244,0.020102122707170978,BULLISH,RSI_NORMAL,HIGH_VOLATILITY
2025-06-09,5510.0,5709.0,5510.0,5695.0,1390000.0,5491.4,5456.6,68.38662790697674,0.014495089621609187,BULLISH,RSI_NORMAL,LOW_VOLATILITY
2025-06-10,5705.0,5729.0,5571.0,5599.0,1120000.0,5534.5,5460.5,58.992805755395686,0.015011850073827254,BULLISH,RSI_NORMAL,LOW_VOLATILITY
2025-06-11,5606.5,5652.5,5581.0,5631.0,1220000.0,5577.5,5469.475,58.47682119205298,0.014707003407168457,BULLISH,RSI_NORMAL,LOW_VOLATILITY
2025-06-12,5598.0,5626.0,5418.0,5476.5,1440000.0,5576.4,5463.85,47.50420639371845,0.014989657515784658,BULLISH,RSI_NORMAL,LOW_VOLATILITY
2025-06-13,5200.0,5318.0,5176.0,5262.0,3340000.0,5532.7,5448.825,42.13930348258707,0.017257820441075947,BEARISH,RSI_NORMAL,LOW_VOLATILITY
2025-06-16,5280.0,5404.5,5244.0,5382.5,1210000.0,5470.2,5439.225,53.38567222767419,0.01816040793485781,BEARISH,RSI_NORMAL,LOW_VOLATILITY
2025-06-17,5380.0,5388.5,5281.0,5310.5,821910.0,5412.5,5432.65,49.068901303538176,0.01763356310379061,BEARISH,RSI_NORMAL,LOW_VOLATILITY
2025-06-18,5308.0,5334.5,5258.5,5273.0,603010.0,5340.9,5423.225,47.77878513145966,0.01764622763474902,BEARISH,RSI_NORMAL,LOW_VOLATILITY
2025-06-19,5281.5,5328.0,5233.0,5271.0,621640.0,5299.8,5411.625,47.310847766636286,0.01751688938130706,BEARISH,RSI_NORMAL,LOW_VOLATILITY
2025-06-20,5255.5,5408.0,5241.5,5390.0,1220000.0,5325.4,5405.075,52.349546578730425,0.018335720652301497,BEARISH,RSI_NORMAL,LOW_VOLATILITY
2025-06-23,5319.0,5484.5,5315.0,5467.0,922620.0,5342.3,5407.425,53.36829366680114,0.0181686467272186,BULLISH,RSI_NORMAL,LOW_VOLATILITY
2025-06-24,5631.5,5700.5,5570.0,5606.5,1450000.0,5401.5,5422.075,57.07389528406981,0.018327007911448888,BULLISH,RSI_NORMAL,LOW_VOLATILITY
2025-06-25,5674.5,5690.0,5563.0,5639.0,962390.0,5474.7,5437.5,55.97867479055598,0.018338834712065242,BULLISH,RSI_NORMAL,LOW_VOLATILITY
2025-06-26,5692.0,5722.0,5642.5,5691.5,1370000.0,5558.8,5455.975,57.73460410557185,0.01835785657596862,BULLISH,RSI_NORMAL,LOW_VOLATILITY
2025-06-27,5690.0,5843.5,5675.0,5816.0,2750000.0,5644.0,5480.275,54.748822605965465,0.01879976553918194,BULLISH,RSI_NORMAL,LOW_VOLATILITY
2025-06-30,5840.0,5997.0,5820.0,5976.5,2390000.0,5745.9,5512.45,64.10160627568173,0.019458972077197545,BULLISH,RSI_NORMAL,LOW_VOLATILITY
2025-07-01,5962.5,6018.0,5928.0,5965.0,1290000.0,5817.6,5541.525,62.67071320182094,0.019515442500402245,BULLISH,RSI_NORMAL,LOW_VOLATILITY
2025-07-02,5901.0,5991.5,5886.5,5956.0,1390000.0,5881.0,5568.525,70.44776119402985,0.01957376340584412,BULLISH,RSI_HIGH,LOW_VOLATILITY
2025-07-03,5956.0,5967.5,5750.0,5766.0,1140000.0,5895.9,5582.725,71.95121951219512,0.021135583449053967,BULLISH,RSI_HIGH,HIGH_VOLATILITY
2025-07-04,5789.5,5825.0,5737.5,5753.0,345740.0,5883.3,5596.35,67.80394041326286,0.021155088469118684,BULLISH,RSI_NORMAL,HIGH_VOLATILITY
2025-07-07,5756.5,5792.0,5731.0,5748.0,385470.0,5837.6,5599.0,72.47046738572162,0.019335697406661162,BULLISH,RSI_HIGH,LOW_VOLATILITY
2025-07-08,5749.5,5808.0,5739.5,5802.0,512180.0,5805.0,5609.15,76.71717171717171,0.018972924140239465,BULLISH,RSI_HIGH,LOW_VOLATILITY
2025-07-09,5815.0,5864.0,5791.0,5852.0,1660000.0,5784.2,5620.2,77.98651252408477,0.019014259989187966,BULLISH,RSI_HIGH,LOW_VOLATILITY
2025-07-10,5925.0,5936.0,5831.5,5840.0,716150.0,5799.0,5638.375,74.16756176154672,0.01774359882469208,BULLISH,RSI_HIGH,LOW_VOLATILITY
2025-07-11,5866.0,5939.0,5839.0,5917.5,1330000.0,5831.9,5671.15,74.18142780461622,0.014748955525174105,BULLISH,RSI_HIGH,LOW_VOLATILITY
2025-07-14,5917.0,5960.0,5887.5,5940.5,979830.0,5870.4,5699.05,70.49079754601227,0.01420438837865516,BULLISH,RSI_HIGH,LOW_VOLATILITY
2025-07-15,5950.0,5964.5,5907.5,5930.5,787930.0,5896.1,5730.05,68.39116719242902,0.013635711052170424,BULLISH,RSI_NORMAL,LOW_VOLATILITY
2025-07-16,5919.5,5958.5,5865.5,5950.0,842100.0,5915.7,5763.9,67.01777485187623,0.013321696082176433,BULLISH,RSI_NORMAL,LOW_VOLATILITY
2025-07-17,5931.0,5958.0,5770.0,5796.5,1350000.0,5907.0,5790.175,48.76347495244135,0.015073931277936133,BULLISH,RSI_NORMAL,LOW_VOLATILITY
2025-07-18,5818.0,5869.0,5790.0,5861.0,789730.0,5895.7,5813.725,41.66064981949459,0.014575320164522475,BULLISH,RSI_NORMAL,LOW_VOLATILITY
2025-07-21,5900.0,5910.0,5820.0,5878.0,491970.0,5883.2,5834.275,43.76790830945559,0.014385838757470196,BULLISH,RSI_NORMAL,LOW_VOLATILITY
2025-07-22,5900.0,5959.5,5871.0,5948.0,514260.0,5886.7,5851.35,49.4729907773386,0.0136015760852316,BULLISH,RSI_NORMAL,LOW_VOLATILITY
2025-07-23,5925.0,5957.0,5815.0,5897.0,585120.0,5876.1,5864.25,60.564516129032256,0.013826524706857024,BULLISH,RSI_NORMAL,LOW_VOLATILITY
2025-07-24,5840.0,5933.0,5825.5,5844.0,343260.0,5885.6,5871.875,56.8939393939394,0.013945249783462597,BEARISH,RSI_NORMAL,LOW_VOLATILITY
2025-07-25,5815.0,5857.0,5760.5,5803.0,877610.0,5874.0,5871.225,53.95114942528736,0.013190335857739894,BEARISH,RSI_NORMAL,LOW_VOLATILITY
2025-07-28,5771.0,5870.5,5745.0,5762.0,506110.0,5850.8,5860.5,47.07174231332357,0.011543985073973936,BEARISH,RSI_NORMAL,LOW_VOLATILITY
2025-07-29,5725.5,5795.0,5703.0,5756.0,634250.0,5812.4,5850.05,42.48826291079812,0.011545019855361428,BEARISH,RSI_NORMAL,LOW_VOLATILITY
2025-07-30,5800.0,5805.5,5698.0,5740.0,1220000.0,5781.0,5839.25,42.22395023328149,0.01154730657486796,BEARISH,RSI_NORMAL,LOW_VOLATILITY
2025-07-31,5625.0,5930.5,5606.5,5910.5,2570000.0,5794.3,5846.475,49.524456521739125,0.011304056106790982,BULLISH,RSI_NORMAL,LOW_VOLATILITY
2025-08-01,5870.0,5913.5,5780.5,5788.5,523410.0,5791.4,5848.25,40.898203592814376,0.012311080180619029,BEARISH,RSI_NORMAL,LOW_VOLATILITY
2025-08-04,5800.0,5817.0,5742.0,5780.5,545640.0,5795.1,5849.875,40.99639855942377,0.01231435227915265,BEARISH,RSI_NORMAL,LOW_VOLATILITY
2025-08-05,5765.5,5802.0,5706.0,5781.5,929920.0,5800.2,5848.85,39.65623081645182,0.012129281561280193,BEARISH,RSI_NORMAL,LOW_VOLATILITY
2025-08-06,5800.0,5916.0,5781.5,5893.5,980680.0,5830.9,5850.925,56.27425614489003,0.012758497963693674,BULLISH,RSI_NORMAL,LOW_VOLATILITY
2025-08-07,5893.5,5907.0,5793.5,5859.0,483130.0,5820.6,5851.875,49.86541049798116,0.01282559422741969,BULLISH,RSI_NORMAL,LOW_VOLATILITY
2025-08-08,5848.5,5865.0,5761.0,5769.5,345650.0,5816.8,5844.475,43.347639484978544,0.012887449676350698,BEARISH,RSI_NORMAL,LOW_VOLATILITY
2025-08-11,5742.0,5905.0,5734.5,5878.5,799980.0,5836.4,5841.375,45.93329432416618,0.01361466003206597,BULLISH,RSI_NORMAL,LOW_VOLATILITY
2025-08-12,5825.0,5962.5,5824.0,5927.5,883250.0,5865.6,5841.225,51.78885630498533,0.013750017101682202,BULLISH,RSI_NORMAL,LOW_VOLATILITY
2025-08-13,5886.0,5993.0,5886.0,5969.5,510230.0,5880.8,5842.2,57.45692216280452,0.013822904836764389,BULLISH,RSI_NORMAL,LOW_VOLATILITY
2025-08-14,5978.0,6055.0,5955.5,6002.5,767650.0,5909.5,5852.5,61.96760647870426,0.012418988071956232,BULLISH,RSI_NORMAL,LOW_VOLATILITY
2025-08-18,6009.0,6232.5,6009.0,6096.5,1150000.0,5974.9,5864.275,68.8663282571912,0.012637212641180626,BULLISH,RSI_NORMAL,LOW_VOLATILITY
2025-08-19,6060.0,6129.0,6021.0,6055.5,499620.0,6010.3,5873.15,66.25067824199675,0.01278542879689375,BULLISH,RSI_NORMAL,LOW_VOLATILITY
2025-08-20,6050.0,6173.5,6026.5,6155.5,501670.0,6055.9,5883.525,70.66136250621581,0.01302080059560669,BULLISH,RSI_HIGH,LOW_VOLATILITY
2025-08-21,6100.0,6125.0,6010.0,6099.0,689340.0,6081.8,5893.625,60.572069545709475,0.01304681475131048,BULLISH,RSI_NORMAL,LOW_VOLATILITY
2025-08-22,6099.0,6145.0,6072.5,6086.5,596200.0,6098.6,5905.75,69.0537084398977,0.012836379908871992,BULLISH,RSI_NORMAL,LOW_VOLATILITY
2025-08-25,6149.5,6149.5,6028.5,6116.0,478860.0,6102.5,5921.4,70.87741132545115,0.012665303701812528,BULLISH,RSI_HIGH,LOW_VOLATILITY
2025-08-26,6100.0,6101.5,6017.0,6050.0,920410.0,6101.4,5935.8,65.45768566493956,0.012842762074451003,BULLISH,RSI_NORMAL,LOW_VOLATILITY
2025-08-28,5875.0,5875.0,5709.5,5727.0,18610000.0,6015.7,5934.35,42.28809634089856,0.017932350732325655,BEARISH,RSI_NORMAL,LOW_VOLATILITY
2025-08-29,5715.0,5739.0,5610.0,5646.0,1630000.0,5925.1,5929.65,40.54174067495559,0.01819984066329651,BEARISH,RSI_NORMAL,LOW_VOLATILITY
2025-09-01,5629.5,5710.0,5582.0,5670.0,1710000.0,5841.8,5917.625,45.30881659594531,0.01680054778337102,BEARISH,RSI_NORMAL,LOW_VOLATILITY
2025-09-02,5679.0,5690.0,5646.5,5665.5,579450.0,5751.7,5911.475,38.85983263598326,0.01621359781209079,BEARISH,RSI_NORMAL,LOW_VOLATILITY
2025-09-03,5660.5,5747.5,5660.5,5740.0,801250.0,5689.7,5909.45,40.44829342842588,0.016515831990441095,BEARISH,RSI_NORMAL,LOW_VOLATILITY
2025-09-04,5780.0,5794.0,5686.0,5695.0,658350.0,5683.3,5905.125,36.058913153885214,0.016602763710288727,BEARISH,RSI_NORMAL,LOW_VOLATILITY
2025-09-05,5705.0,5710.0,5637.0,5670.0,820850.0,5688.1,5893.95,32.97491039426524,0.01593352509440294,BEARISH,RSI_NORMAL,LOW_VOLATILITY
2025-09-08,5681.0,5739.5,5660.0,5696.5,603400.0,5693.4,5885.825,27.997799779977996,0.01596670195746268,BEARISH,RSI_LOW,LOW_VOLATILITY
2025-09-09,5670.0,5706.5,5608.0,5637.5,549540.0,5687.8,5879.225,27.454153182308517,0.015776570914674742,BEARISH,RSI_LOW,LOW_VOLATILITY
2025-09-10,5665.0,5679.0,5602.5,5619.0,740160.0,5663.6,5866.25,18.27321111768184,0.015065502040833801,BEARISH,RSI_LOW,LOW_VOLATILITY
2025-09-11,5560.0,5683.0,5540.5,5667.0,675140.0,5658.0,5853.225,24.19354838709677,0.015073149494022388,BEARISH,RSI_LOW,LOW_VOLATILITY
2025-09-12,5699.0,5778.5,5668.5,5727.5,918970.0,5669.5,5841.125,29.717514124293785,0.015209494621636623,BEARISH,RSI_LOW,LOW_VOLATILITY
2025-09-15,5758.0,5760.5,5718.5,5728.5,359800.0,5675.9,5827.425,27.378867483946294,0.015117700725016364,BEARISH,RSI_LOW,LOW_VOLATILITY
2025-09-16,5691.0,5745.5,5691.0,5727.5,651830.0,5693.9,5808.975,29.62728995578017,0.014535292120871693,BEARISH,RSI_LOW,LOW_VOLATILITY
2025-09-17,5749.0,5759.5,5720.0,5746.5,429260.0,5719.4,5793.525,51.99999999999999,0.014573760680080098,BEARISH,RSI_NORMAL,LOW_VOLATILITY
2025-09-18,5740.0,5763.5,5705.5,5715.5,460350.0,5729.1,5771.525,57.94285714285714,0.013875031983014608,BEARISH,RSI_NORMAL,LOW_VOLATILITY
2025-09-19,5758.0,5758.0,5648.5,5679.0,750090.0,5719.4,5750.525,51.0,0.01382999387011035,BEARISH,RSI_NORMAL,LOW_VOLATILITY
2025-09-22,5698.5,5769.0,5682.0,5747.5,449820.0,5723.2,5733.575,57.976653696498055,0.014259467463444218,BULLISH,RSI_NORMAL,LOW_VOLATILITY
2025-09-23,5765.0,5812.5,5716.0,5732.0,662080.0,5724.1,5714.375,49.120879120879124,0.01414692731338583,BULLISH,RSI_NORMAL,LOW_VOLATILITY
2025-09-24,5745.0,5757.5,5663.0,5686.0,690320.0,5712.0,5696.175,49.01315789473684,0.014081550827469067,BEARISH,RSI_NORMAL,LOW_VOLATILITY
2025-09-25,5690.0,5717.0,5644.5,5674.5,572160.0,5703.8,5693.55,50.50847457627119,0.007600821485618652,BEARISH,RSI_NORMAL,LOW_VOLATILITY
2025-09-26,5679.0,5700.0,5531.5,5561.0,896950.0,5680.2,5689.3,37.20491029272899,0.008242763357526476,BEARISH,RSI_NORMAL,LOW_VOLATILITY
2025-09-29,5575.0,5785.5,5501.0,5707.0,13800000.0,5672.1,5691.15,55.636658556366584,0.010182214102054925,BULLISH,RSI_NORMAL,LOW_VOLATILITY
2025-09-30,5551.0,5655.5,5526.0,5594.5,1430000.0,5644.6,5687.6,48.275862068965516,0.011131031492659335,BEARISH,RSI_NORMAL,LOW_VOLATILITY
2025-10-01,5568.0,5625.5,5526.0,5606.0,795730.0,5628.6,5680.9,45.47477744807122,0.010678480460686316,BEARISH,RSI_NORMAL,LOW_VOLATILITY
2025-10-03,5602.0,5690.0,5602.0,5657.0,856530.0,5625.1,5679.0,44.69525959367945,0.010789080356689282,BEARISH,RSI_NORMAL,LOW_VOLATILITY
2025-10-06,5659.5,5706.0,5604.5,5694.5,632790.0,5651.8,5680.225,47.574893009985736,0.010849307099288464,BULLISH,RSI_NORMAL,LOW_VOLATILITY
2025-10-07,5675.0,5693.5,5610.5,5664.0,471220.0,5643.2,5678.6,45.65366187542779,0.010866900179790476,BEARISH,RSI_NORMAL,LOW_VOLATILITY
2025-10-08,5637.5,5683.5,5625.0,5635.0,386530.0,5651.3,5678.475,42.471303173531396,0.010671362362933149,BEARISH,RSI_NORMAL,LOW_VOLATILITY
2025-10-09,5656.0,5744.0,5624.5,5724.5,668460.0,5675.0,5683.75,50.56320400500626,0.011205249192025037,BULLISH,RSI_NORMAL,LOW_VOLATILITY
2025-10-10,5721.0,5770.0,5706.0,5735.0,426460.0,5690.6,5687.15,53.622250970245794,0.011066826999908509,BULLISH,RSI_NORMAL,LOW_VOLATILITY
2025-10-13,5758.0,5824.0,5712.5,5787.5,669750.0,5709.2,5690.15,52.64200792602379,0.010999336749506965,BULLISH,RSI_NORMAL,LOW_VOLATILITY
2025-10-14,5778.0,5799.5,5740.5,5759.0,535050.0,5728.2,5691.675,51.753246753246756,0.011068072306980528,BULLISH,RSI_NORMAL,LOW_VOLATILITY
2025-10-15,5780.0,5872.5,5775.5,5860.5,734170.0,5773.3,5698.325,60.56935190793459,0.011722172613425199,BULLISH,RSI_NORMAL,LOW_VOLATILITY
2025-10-16,5895.5,5921.0,5853.0,5881.0,533390.0,5804.6,5705.05,62.37267825044937,0.011723948610666073,BULLISH,RSI_NORMAL,LOW_VOLATILITY
2025-10-17,5875.0,5930.5,5838.0,5848.0,582180.0,5827.2,5711.675,69.0318302387268,0.011730484324144004,BULLISH,RSI_NORMAL,LOW_VOLATILITY
2025-10-20,5890.0,5944.0,5878.0,5934.0,401440.0,5856.5,5724.425,66.35446685878964,0.011957380699850736,BULLISH,RSI_NORMAL,LOW_VOLATILITY
2025-10-21,5950.0,5950.0,5904.5,5913.0,35980.0,5887.3,5732.7,76.43153526970954,0.011792455611617705,BULLISH,RSI_HIGH,LOW_VOLATILITY
2025-10-23,5941.0,5945.0,5772.0,5789.0,577930.0,5873.0,5735.55,62.79720279720279,0.012798648212311749,BULLISH,RSI_NORMAL,LOW_VOLATILITY
2025-10-24,5800.0,5804.5,5694.5,5779.0,562340.0,5852.6,5740.2,59.05044510385756,0.012652622644835864,BULLISH,RSI_NORMAL,LOW_VOLATILITY
2025-10-27,5801.0,5872.0,5797.0,5835.0,473920.0,5850.0,5748.225,60.144404332129966,0.01278125460693904,BULLISH,RSI_NORMAL,LOW_VOLATILITY
2025-10-28,5807.0,5834.5,5743.5,5809.0,950430.0,5825.0,5760.625,60.53779069767442,0.011844933386120174,BULLISH,RSI_NORMAL,LOW_VOLATILITY
2025-10-29,5815.5,5839.5,5763.5,5813.0,659530.0,5805.0,5765.925,63.4238310708899,0.010410829844143838,BULLISH,RSI_NORMAL,LOW_VOLATILITY
2025-10-30,5815.0,5840.5,5709.0,5725.0,907520.0,5792.2,5772.45,50.037792894935755,0.009973565395280892,BEARISH,RSI_NORMAL,LOW_VOLATILITY
2025-10-31,5729.0,5730.0,5602.0,5625.0,1170000.0,5761.4,5773.4,42.676431424766974,0.01080613674094836,BEARISH,RSI_NORMAL,LOW_VOLATILITY
2025-11-03,5625.0,5704.5,5615.0,5695.5,615830.0,5733.5,5775.325,44.01820546163849,0.01098052456604795,BEARISH,RSI_NORMAL,LOW_VOLATILITY
2025-11-04,5696.0,5699.5,5581.5,5637.0,644450.0,5699.1,5772.45,42.36545682102628,0.011124993760734728,BEARISH,RSI_NORMAL,LOW_VOLATILITY
2025-11-06,5750.0,5833.5,5679.5,5693.0,2250000.0,5675.1,5773.9,38.885202388852015,0.011294092011439476,BEARISH,RSI_NORMAL,LOW_VOLATILITY
2025-11-07,5689.5,5689.5,5569.0,5583.5,795270.0,5646.8,5771.325,32.34421364985164,0.012066203222015012,BEARISH,RSI_NORMAL,LOW_VOLATILITY
2025-11-10,5604.0,5640.0,5541.0,5588.5,983160.0,5639.5,5764.525,34.06998158379375,0.011452181660195104,BEARISH,RSI_NORMAL,LOW_VOLATILITY
2025-11-11,5624.0,5799.5,5597.0,5782.5,959130.0,5656.9,5766.9,41.78861788617887,0.013982042669257224,BULLISH,RSI_NORMAL,LOW_VOLATILITY
2025-11-12,5790.0,5824.5,5752.0,5795.5,695870.0,5688.6,5767.3,43.57572443958448,0.0138417664255958,BULLISH,RSI_NORMAL,LOW_VOLATILITY
2025-11-13,5838.0,5938.0,5811.0,5905.5,1250000.0,5731.1,5774.625,56.46862853970016,0.014400458550413255,BULLISH,RSI_NORMAL,LOW_VOLATILITY
2025-11-14,5900.0,5935.0,5864.0,5908.5,643970.0,5796.1,5777.025,57.24678231673196,0.013881938225514165,BULLISH,RSI_NORMAL,LOW_VOLATILITY
2025-11-17,5900.0,5905.0,5839.5,5873.0,608340.0,5853.0,5776.625,52.176403207331035,0.013936490170861257,BULLISH,RSI_NORMAL,LOW_VOLATILITY
2025-11-18,5876.0,5888.5,5733.5,5739.5,906480.0,5844.4,5771.2,46.45588985211627,0.014799832904328488,BEARISH,RSI_NORMAL,LOW_VOLATILITY
2025-11-19,5712.0,5773.0,5674.0,5758.5,784190.0,5837.0,5762.425,47.26268206931191,0.014383654877819802,BEARISH,RSI_NORMAL,LOW_VOLATILITY
2025-11-20,5761.5,5836.0,5750.0,5785.5,429190.0,5813.0,5756.05,53.2370251471375,0.014436881117722022,BULLISH,RSI_NORMAL,LOW_VOLATILITY
2025-11-21,5785.0,5873.5,5755.0,5843.5,410050.0,5800.0,5758.775,62.24089635854342,0.013830081125908882,BULLISH,RSI_NORMAL,LOW_VOLATILITY
2025-11-24,5953.0,5970.0,5785.0,5805.5,1220000.0,5786.5,5760.1,56.395348837209305,0.013912615078647484,BULLISH,RSI_NORMAL,LOW_VOLATILITY
2025-11-25,5805.5,5805.5,5750.0,5775.0,478430.0,5793.6,5757.1,58.29326923076923,0.013783600141015666,BULLISH,RSI_NORMAL,LOW_VOLATILITY
2025-11-26,5799.0,5923.0,5781.0,5913.0,520060.0,5824.5,5762.3,62.03501094091904,0.014770071218615632,BULLISH,RSI_NORMAL,LOW_VOLATILITY
2025-11-27,5913.0,5959.0,5886.5,5919.0,472380.0,5851.2,5767.6,70.69710055521283,0.014769900066652375,BULLISH,RSI_HIGH,LOW_VOLATILITY
2025-11-28,5922.0,5936.5,5885.0,5901.5,273160.0,5862.8,5776.425,69.01579586877278,0.01431315281482443,BULLISH,RSI_NORMAL,LOW_VOLATILITY
2025-12-01,5890.0,5916.5,5763.0,5794.0,586220.0,5860.5,5784.875,50.780719619823486,0.014366552940870745,BULLISH,RSI_NORMAL,LOW_VOLATILITY
2025-12-02,5792.0,5805.5,5680.0,5697.5,1180000.0,5845.0,5784.975,44.02439024390244,0.014674419627267295,BEARISH,RSI_NORMAL,LOW_VOLATILITY
2025-12-03,5675.0,5694.0,5570.5,5595.5,1060000.0,5781.5,5782.9,30.911330049261082,0.015053145107553366,BEARISH,RSI_NORMAL,LOW_VOLATILITY
2025-12-04,5520.0,5573.0,5397.0,5436.5,4120000.0,5685.0,5770.075,25.619834710743802,0.01609258759006777,BEARISH,RSI_LOW,LOW_VOLATILITY
2025-12-05,5406.0,5475.0,5265.0,5370.5,6700000.0,5578.8,5759.425,24.837255883825748,0.015771889017390465,BEARISH,RSI_LOW,LOW_VOLATILITY
2025-12-08,5110.0,5202.5,4842.5,4923.5,15820000.0,5404.7,5726.175,18.902439024390233,0.024052781558327026,BEARISH,RSI_LOW,HIGH_VOLATILITY
2025-12-09,4901.0,5017.0,4817.0,4967.5,10230000.0,5258.7,5685.425,20.418848167539267,0.022387507450406786,BEARISH,RSI_LOW,HIGH_VOLATILITY
2025-12-10,4999.5,4999.5,4788.5,4805.5,7130000.0,5100.7,5635.925,16.711956521739125,0.022953225233574757,BEARISH,RSI_LOW,HIGH_VOLATILITY
2025-12-11,4650.0,4848.5,4645.0,4819.0,6530000.0,4977.2,5581.6,14.115586690017508,0.022185346794130395,BEARISH,RSI_LOW,HIGH_VOLATILITY
2025-12-12,4830.0,4898.0,4811.5,4860.5,3380000.0,4875.2,5529.2,16.981132075471706,0.022457235827399984,BEARISH,RSI_LOW,HIGH_VOLATILITY
2025-12-15,4900.0,5014.0,4864.5,4965.5,4010000.0,4883.6,5483.825,23.115244104948516,0.023505262516812266,BEARISH,RSI_LOW,HIGH_VOLATILITY
2025-12-16,4990.0,5002.0,4951.5,4974.0,2390000.0,4884.9,5445.55,15.879360465116278,0.02333858375645063,BEARISH,RSI_LOW,HIGH_VOLATILITY
2025-12-17,4999.0,5009.0,4944.5,4980.5,1600000.0,4919.9,5406.65,15.909916454776607,0.02329687500832776,BEARISH,RSI_LOW,HIGH_VOLATILITY
2025-12-18,4977.0,5140.0,4957.0,5115.5,4260000.0,4979.2,5373.15,23.694779116465853,0.024400155223150467,BEARISH,RSI_LOW,HIGH_VOLATILITY
2025-12-19,5123.0,5166.5,5103.5,5153.5,9090000.0,5037.8,5338.65,27.518427518427515,0.024318046053905393,BEARISH,RSI_LOW,HIGH_VOLATILITY
2025-12-22,5100.0,5184.0,5100.0,5145.5,1510000.0,5073.8,5305.65,29.34131736526946,0.024337557387092562,BEARISH,RSI_LOW,HIGH_VOLATILITY
2025-12-23,5148.0,5172.0,5132.0,5157.0,968910.0,5110.4,5274.75,32.39662786029707,0.02440271919400811,BEARISH,RSI_NORMAL,HIGH_VOLATILITY
2025-12-24,5155.0,5168.0,5047.5,5081.5,980380.0,5130.6,5233.175,34.72461273666093,0.023475622617070337,BEARISH,RSI_NORMAL,HIGH_VOLATILITY
2025-12-26,5081.5,5098.0,5031.0,5074.0,585780.0,5122.3,5190.925,36.56547349343,0.023435888890073375,BEARISH,RSI_NORMAL,HIGH_VOLATILITY
2025-12-29,5073.5,5099.0,5065.0,5085.5,581870.0,5108.7,5150.125,62.12574850299401,0.023516999210479235,BEARISH,RSI_NORMAL,HIGH_VOLATILITY
2025-12-30,5070.0,5074.5,4989.0,5018.0,1310000.0,5083.2,5111.325,53.651482284887926,0.023420268723041378,BEARISH,RSI_NORMAL,HIGH_VOLATILITY
2025-12-31,5000.0,5064.5,4976.5,5059.5,908950.0,5063.7,5079.425,72.24168126094571,0.023536414259520848,BEARISH,RSI_HIGH,HIGH_VOLATILITY
2026-01-01,5081.0,5175.0,5062.5,5110.5,744720.0,5069.5,5055.175,73.95234182415777,0.023601223559760656,BULLISH,RSI_HIGH,HIGH_VOLATILITY
2026-01-02,5119.0,5136.0,5095.0,5106.0,464130.0,5075.9,5038.65,71.47856517935259,0.022910279769125498,BULLISH,RSI_HIGH,HIGH_VOLATILITY
2026-01-05,5106.0,5140.0,5075.0,5102.5,634270.0,5079.3,5025.25,64.57446808510639,0.02280934846705185,BULLISH,RSI_NORMAL,HIGH_VOLATILITY
2026-01-06,5100.0,5140.5,4990.0,5002.5,856870.0,5076.2,5029.2,52.53784505788068,0.013439293254402039,BEARISH,RSI_NORMAL,LOW_VOLATILITY
2026-01-07,5010.0,5045.0,4919.0,4951.0,1160000.0,5054.5,5028.375,47.56801319043693,0.013520436123369941,BEARISH,RSI_NORMAL,LOW_VOLATILITY
2026-01-08,4959.0,4992.5,4893.5,4906.5,1300000.0,5013.7,5033.425,29.748062015503876,0.011393269151289426,BEARISH,RSI_LOW,LOW_VOLATILITY
2026-01-09,4924.0,4924.0,4833.0,4844.0,1260000.0,4961.3,5034.675,21.369102682701197,0.011794008979422956,BEARISH,RSI_LOW,LOW_VOLATILITY
2026-01-12,4814.5,4869.0,4771.0,4850.0,691690.0,4910.8,5034.15,22.562674094707518,0.011635505543936105,BEARISH,RSI_LOW,LOW_VOLATILITY
2026-01-13,4832.5,4848.5,4725.0,4759.5,1340000.0,4862.2,5023.85,17.81376518218623,0.011166736049340166,BEARISH,RSI_LOW,LOW_VOLATILITY
2026-01-14,4730.0,4756.5,4701.0,4733.0,1060000.0,4818.6,5011.8,19.349164467897978,0.011156054259115105,BEARISH,RSI_LOW,LOW_VOLATILITY
2026-01-16,4700.0,4757.5,4700.0,4740.0,1080000.0,4785.3,4999.775,20.598591549295776,0.011159148540821716,BEARISH,RSI_LOW,LOW_VOLATILITY
2026-01-19,4764.5,4952.5,4764.5,4941.5,2170000.0,4804.8,4991.075,40.501319261213716,0.013574157161375397,BEARISH,RSI_NORMAL,LOW_VOLATILITY
2026-01-20,4941.5,4941.5,4775.0,4790.0,681600.0,4792.8,4972.9,36.46080760095012,0.014846652368364889,BEARISH,RSI_NORMAL,LOW_VOLATILITY
2026-01-21,4784.5,4952.0,4750.0,4857.5,1740000.0,4812.4,4958.5,38.36405529953917,0.015360479007201366,BEARISH,RSI_NORMAL,LOW_VOLATILITY
2026-01-22,4905.0,4932.5,4880.0,4909.0,1280000.0,4847.6,4946.1,38.39953943580887,0.015615636347298036,BEARISH,RSI_NORMAL,LOW_VOLATILITY
2026-01-23,4878.0,4878.0,4686.5,4704.5,3670000.0,4840.5,4927.25,31.211979410388395,0.01775699680232125,BEARISH,RSI_NORMAL,LOW_VOLATILITY
2026-01-27,4700.0,4784.0,4643.5,4769.0,1260000.0,4806.0,4912.0,35.236830455953964,0.018176701118007472,BEARISH,RSI_NORMAL,LOW_VOLATILITY
2026-01-28,4777.0,4794.5,4707.0,4749.0,1080000.0,4797.8,4895.175,37.92282039066222,0.018136709941690022,BEARISH,RSI_NORMAL,LOW_VOLATILITY
2026-01-29,4749.0,4749.0,4585.5,4621.0,1750000.0,4750.5,4875.325,35.346358792184716,0.018780712408099327,BEARISH,RSI_NORMAL,LOW_VOLATILITY
2026-01-30,4580.0,4661.0,4551.0,4596.5,1570000.0,4688.0,4852.175,35.98553345388788,0.018560024249590842,BEARISH,RSI_NORMAL,LOW_VOLATILITY
2026-02-01,4633.9,4652.0,4545.0,4589.5,426730.0,4665.0,4826.125,37.8867206092337,0.018255075878350457,BEARISH,RSI_NORMAL,LOW_VOLATILITY
2026-02-02,4610.0,4699.5,4582.8,4687.0,1310000.0,4648.6,4805.175,42.863397548161124,0.019177866462241348,BEARISH,RSI_NORMAL,LOW_VOLATILITY
2026-02-03,4950.0,5007.8,4834.5,4946.2,2920000.0,4688.04,4797.36,57.12214847028305,0.023337237144057933,BULLISH,RSI_NORMAL,HIGH_VOLATILITY
2026-02-04,4945.0,4977.6,4897.2,4960.7,1030000.0,4755.9800000000005,4795.27,58.766458766458754,0.02294789296926993,BULLISH,RSI_NORMAL,HIGH_VOLATILITY
2026-02-05,4845.0,4939.9,4780.3,4932.2,1190000.0,4823.12,4794.33,57.27920012119375,0.022864655721922034,BULLISH,RSI_NORMAL,HIGH_VOLATILITY
2026-02-06,4911.0,4931.3,4870.0,4909.4,463970.0,4887.1,4794.475,48.59395532194479,0.022794502842276385,BULLISH,RSI_NORMAL,HIGH_VOLATILITY
2026-02-09,4895.0,4978.1,4888.7,4964.1,538870.0,4942.5199999999995,4800.4800000000005,58.33253565616925,0.022702259926621764,BULLISH,RSI_NORMAL,HIGH_VOLATILITY
2026-02-10,4950.0,4996.0,4929.0,4960.4,1120000.0,4945.36,4806.0,55.24518299520846,0.022707650710034475,BULLISH,RSI_NORMAL,HIGH_VOLATILITY
2026-02-11,4990.0,5056.0,4945.6,5013.8,527540.0,4955.98,4818.715,55.33170533170533,0.02229106991840468,BULLISH,RSI_NORMAL,HIGH_VOLATILITY
2026-02-12,4999.9,4999.9,4930.7,4982.8,971330.0,4966.1,4831.205,67.19387124675643,0.02230370262423102,BULLISH,RSI_NORMAL,HIGH_VOLATILITY
2026-02-13,4966.0,4988.0,4900.6,4929.2,232700.0,4970.0599999999995,4840.665,60.03256513026049,0.022508999963028603,BULLISH,RSI_NORMAL,HIGH_VOLATILITY
2026-02-16,4929.0,4976.3,4903.0,4940.8,425140.0,4965.4,4840.63,62.139240506329074,0.020417653435004623,BULLISH,RSI_NORMAL,HIGH_VOLATILITY
2026-02-17,4970.0,5008.2,4937.5,4977.0,263840.0,4968.719999999999,4849.9800000000005,75.49412775708956,0.019122697557802364,BULLISH,RSI_HIGH,LOW_VOLATILITY
2026-02-18,4974.1,4999.4,4960.6,4980.4,201870.0,4962.04,4856.125,78.3488406439225,0.018913654453610523,BULLISH,RSI_HIGH,LOW_VOLATILITY
2026-02-19,4939.0,4939.0,4790.1,4815.1,1550000.0,4928.5,4851.43,63.50251376586066,0.020280092426614684,BEARISH,RSI_NORMAL,HIGH_VOLATILITY
2026-02-20,4785.0,4880.0,4783.9,4854.6,819780.0,4913.58,4858.9349999999995,60.779521481862616,0.01791618467586037,BEARISH,RSI_NORMAL,LOW_VOLATILITY
2026-02-23,4850.0,4871.7,4821.0,4862.2,321230.0,4897.860000000001,4863.595,42.012171928489934,0.017692911107951785,BEARISH,RSI_NORMAL,LOW_VOLATILITY
2026-02-24,4812.0,4862.2,4806.0,4850.3,406380.0,4872.52,4868.66,39.449541284403715,0.017669626565062074,BEARISH,RSI_NORMAL,LOW_VOLATILITY
2026-02-25,4855.0,4974.9,4850.3,4947.4,831770.0,4865.92,4884.9800000000005,51.28421764109495,0.016832184372624803,BULLISH,RSI_NORMAL,LOW_VOLATILITY
2026-02-26,4975.0,4976.3,4899.9,4933.5,467220.0,4889.6,4901.83,52.06724995711103,0.016772312021115007,BULLISH,RSI_NORMAL,LOW_VOLATILITY
2026-02-27,4890.0,4920.0,4792.0,4827.2,1200000.0,4884.12,4913.715,39.21197793538213,0.01767243883238804,BEARISH,RSI_NORMAL,LOW_VOLATILITY
2026-03-02,4500.0,4664.9,4500.0,4520.4,3470000.0,4815.76,4905.385,26.535836177474366,0.022496946663716683,BEARISH,RSI_LOW,HIGH_VOLATILITY
2026-03-04,4409.5,4431.0,4293.0,4392.9,2810000.0,4724.28,4877.72,19.314025897004953,0.01883898807353786,BEARISH,RSI_LOW,LOW_VOLATILITY
2026-03-05,4389.3,4558.9,4318.0,4512.8,2630000.0,4637.36,4855.325,28.648010176267462,0.020169887750805606,BEARISH,RSI_LOW,HIGH_VOLATILITY
2026-03-06,4424.7,4465.0,4375.5,4404.1,1640000.0,4531.4800000000005,4828.92,27.282166652245365,0.02063990385138658,BEARISH,RSI_LOW,HIGH_VOLATILITY
2026-03-09,4199.9,4255.5,4035.0,4236.7,4270000.0,4413.38,4795.285,23.15669081204723,0.021883083022011796,BEARISH,RSI_LOW,HIGH_VOLATILITY
2026-03-10,4410.0,4473.7,4341.6,4380.4,2580000.0,4385.379999999999,4766.1,28.978153629316367,0.023421429823049265,BEARISH,RSI_LOW,HIGH_VOLATILITY
2026-03-11,4366.0,4512.9,4338.7,4350.7,2650000.0,4376.9400000000005,4735.615,28.215595378122174,0.02338942292811523,BEARISH,RSI_LOW,HIGH_VOLATILITY
2026-03-12,4263.6,4297.5,4194.1,4251.7,1600000.0,4324.719999999999,4697.51,29.57215373459026,0.023305141021180538,BEARISH,RSI_LOW,HIGH_VOLATILITY
2026-03-13,4226.0,4234.0,4130.0,4158.2,1850000.0,4275.539999999999,4656.28,25.701325889741767,0.023509299874188778,BEARISH,RSI_LOW,HIGH_VOLATILITY
2026-03-16,4105.0,4270.0,4093.9,4222.1,1790000.0,4272.620000000001,4620.925,28.51003827301419,0.024109346670073032,BEARISH,RSI_LOW,HIGH_VOLATILITY
2026-03-17,4246.0,4306.0,4208.7,4287.9,1080000.0,4254.12,4588.28,31.77812337998961,0.024569154037043222,BEARISH,RSI_NORMAL,HIGH_VOLATILITY
2026-03-18,4290.0,4417.5,4290.0,4360.6,1510000.0,4256.1,4557.46,30.68211746115358,0.02495126545716311,BEARISH,RSI_NORMAL,HIGH_VOLATILITY
2026-03-19,4320.0,4320.0,4145.0,4154.3,1500000.0,4236.620000000001,4516.155000000001,27.23235156615243,0.026504863619456878,BEARISH,RSI_LOW,HIGH_VOLATILITY
2026-03-20,4185.0,4247.0,4135.0,4149.1,1890000.0,4234.8,4482.855,28.942301720390063,0.02590637143197861,BEARISH,RSI_LOW,HIGH_VOLATILITY
2026-03-23,4069.8,4103.9,3895.2,3945.3,2920000.0,4179.4400000000005,4437.39,30.920310530157295,0.027260607578101594,BEARISH,RSI_NORMAL,HIGH_VOLATILITY
2026-03-24,4065.0,4168.4,4021.0,4150.8,2150000.0,4152.02,4401.82,42.36325783862219,0.030529459783947683,BEARISH,RSI_NORMAL,HIGH_VOLATILITY
2026-03-25,4219.9,4317.9,4181.0,4294.7,2210000.0,4138.84,4374.04,43.222919644521774,0.03194371299101442,BEARISH,RSI_NORMAL,HIGH_VOLATILITY
2026-03-27,4251.0,4251.0,4091.6,4099.5,1690000.0,4127.88,4331.6449999999995,41.017928756782254,0.032531892093713585,BEARISH,RSI_NORMAL,HIGH_VOLATILITY
2026-03-30,4030.0,4092.2,3930.6,3943.5,2450000.0,4086.7600000000007,4282.1449999999995,41.29557059731624,0.033136402940245537,BEARISH,RSI_NORMAL,HIGH_VOLATILITY
2026-04-01,4063.8,4332.7,4063.8,4180.8,4360000.0,4133.86,4249.825,44.386320170997884,0.03657705888356691,BEARISH,RSI_NORMAL,HIGH_VOLATILITY
2026-04-02,4070.0,4211.4,3970.0,4193.5,2220000.0,4142.4,4233.4800000000005,45.53611994547933,0.03405645751092847,BEARISH,RSI_NORMAL,HIGH_VOLATILITY
2026-04-06,4180.0,4328.7,4087.3,4312.5,1800000.0,4145.96,4229.46,51.707097933513026,0.034219389230171274,BULLISH,RSI_NORMAL,HIGH_VOLATILITY
2026-04-07,4230.0,4289.4,4180.0,4268.8,1490000.0,4179.82,4217.26,53.19468515309072,0.0336456403404051,BULLISH,RSI_NORMAL,HIGH_VOLATILITY
2026-04-08,4600.0,4744.0,4560.4,4615.5,5540000.0,4314.219999999999,4227.83,59.76760353560432,0.038003897133522556,BULLISH,RSI_NORMAL,HIGH_VOLATILITY
2026-04-09,4565.0,4597.5,4433.7,4449.1,1900000.0,4367.88,4238.45,53.81195611048053,0.037895008323876295,BULLISH,RSI_NORMAL,HIGH_VOLATILITY
2026-04-10,4490.0,4578.0,4460.0,4554.2,1300000.0,4440.0199999999995,4247.14,54.509036705794664,0.03752279701227364,BULLISH,RSI_NORMAL,HIGH_VOLATILITY
2026-04-13,4330.0,4460.0,4325.0,4427.2,1660000.0,4462.96,4250.965,56.59975816203144,0.038093244886521216,BULLISH,RSI_NORMAL,HIGH_VOLATILITY
2026-04-15,4624.0,4659.0,4575.7,4638.0,1620000.0,4536.8,4270.280000000001,60.75403633804056,0.03896950716625479,BULLISH,RSI_NORMAL,HIGH_VOLATILITY
2026-04-16,4699.9,4703.6,4598.0,4608.7,1470000.0,4535.4400000000005,4292.805,65.80577527875727,0.03855195893686372,BULLISH,RSI_NORMAL,HIGH_VOLATILITY
2026-04-17,4620.1,4648.1,4572.7,4638.4,762530.0,4573.3,4313.62,62.67942583732057,0.03848768034022611,BULLISH,RSI_NORMAL,HIGH_VOLATILITY
2026-04-20,4635.0,4698.0,4576.7,4678.2,1030000.0,4598.1,4333.135,60.5432451751251,0.03842204063701638,BULLISH,RSI_NORMAL,HIGH_VOLATILITY
2026-04-21,4681.1,4748.3,4676.2,4693.1,850840.0,4651.280000000001,4349.76,68.11523437500001,0.0383209224709097,BULLISH,RSI_NORMAL,HIGH_VOLATILITY
2026-04-22,4674.8,4713.3,4599.9,4640.9,1080000.0,4651.86,4374.09,72.72253355923365,0.03656642741791323,BULLISH,RSI_HIGH,HIGH_VOLATILITY
2026-04-23,4549.7,4589.0,4510.0,4556.0,1020000.0,4641.32,4394.435,63.57256547532918,0.03694535375514341,BULLISH,RSI_NORMAL,HIGH_VOLATILITY
2026-04-24,4566.1,4598.8,4507.0,4523.1,731220.0,4618.26,4423.325,61.751283513976055,0.0348223823296054,BULLISH,RSI_NORMAL,HIGH_VOLATILITY
2026-04-27,4522.2,4584.3,4507.0,4561.2,833930.0,4594.860000000001,4443.844999999999,59.409761634506246,0.033206071263153954,BULLISH,RSI_NORMAL,HIGH_VOLATILITY
2026-04-28,4514.8,4547.9,4421.0,4442.4,1260000.0,4544.719999999999,4451.2300000000005,56.21509379922667,0.03314941267341007,BEARISH,RSI_NORMAL,HIGH_VOLATILITY
2026-04-29,4442.4,4507.3,4335.1,4345.2,1700000.0,4485.58,4463.515,38.218115247144965,0.03175561945902642,BEARISH,RSI_NORMAL,HIGH_VOLATILITY
2026-04-30,4250.0,4313.0,4172.8,4295.3,2010000.0,4433.4400000000005,4481.1050000000005,42.538327188045784,0.030460232729824743,BEARISH,RSI_NORMAL,HIGH_VOLATILITY
2026-05-04,4349.0,4387.3,4235.3,4262.4,1050000.0,4381.3,4485.1849999999995,34.776711185308855,0.027601995543450924,BEARISH,RSI_NORMAL,HIGH_VOLATILITY
2026-05-05,4225.0,4285.0,4196.3,4238.4,1240000.0,4316.74,4487.43,38.964227262099605,0.0276416374203901,BEARISH,RSI_NORMAL,HIGH_VOLATILITY
2026-05-06,4320.0,4565.6,4315.6,4520.2,2660000.0,4332.3,4497.8150000000005,43.642055267702936,0.03077270105532546,BULLISH,RSI_NORMAL,HIGH_VOLATILITY
2026-05-07,4530.0,4560.0,4455.1,4506.9,1720000.0,4364.639999999999,4509.719999999999,44.40905096660808,0.030655514353050282,BEARISH,RSI_NORMAL,HIGH_VOLATILITY
2026-05-08,4488.0,4545.8,4465.7,4522.7,827320.0,4410.12,4505.08,43.54712771890687,0.02455867187134799,BULLISH,RSI_NORMAL,HIGH_VOLATILITY
2026-05-11,4430.0,4432.3,4276.6,4299.4,1790000.0,4417.5199999999995,4497.595,32.462962962962976,0.02572010620774109,BEARISH,RSI_NORMAL,HIGH_VOLATILITY
2026-05-12,4297.1,4309.1,4187.7,4201.7,758160.0,4410.179999999999,4479.969999999999,28.869969040247653,0.025433259134628128,BEARISH,RSI_LOW,HIGH_VOLATILITY
2026-05-13,4205.4,4283.6,4146.3,4255.8,1020000.0,4357.3,4471.4,33.46784579720102,0.025024458547217812,BEARISH,RSI_NORMAL,HIGH_VOLATILITY
2026-05-14,4261.9,4313.0,4193.6,4280.5,743730.0,4312.0199999999995,4453.525,37.52829334540516,0.0222863751991174,BEARISH,RSI_NORMAL,HIGH_VOLATILITY
2026-05-15,4293.0,4359.0,4277.0,4314.9,713590.0,4270.46,4438.835,40.58770343580466,0.02243065708105075,BEARISH,RSI_NORMAL,HIGH_VOLATILITY
2026-05-18,4268.1,4293.9,4226.0,4275.7,524880.0,4265.72,4420.7,37.105952488483425,0.02235328492682167,BEARISH,RSI_NORMAL,HIGH_VOLATILITY
2026-05-19,4279.0,4319.0,4224.3,4230.3,577740.0,4271.4400000000005,4398.304999999999,39.74073715778274,0.0222040943415573,BEARISH,RSI_NORMAL,HIGH_VOLATILITY
2026-05-20,4178.0,4284.0,4178.0,4264.6,760290.0,4273.2,4376.88,45.848784507622604,0.022324103733877453,BEARISH,RSI_NORMAL,HIGH_VOLATILITY
2026-05-21,4305.0,4452.2,4305.0,4403.0,1660000.0,4297.7,4364.985,55.08354573775133,0.02373021860945112,BULLISH,RSI_NORMAL,HIGH_VOLATILITY
2026-05-22,4425.1,4460.0,4399.6,4438.6,675230.0,4322.4400000000005,4359.115,58.29566854990587,0.02353042281775642,BULLISH,RSI_NORMAL,HIGH_VOLATILITY
2026-05-25,4524.1,4538.0,4438.7,4501.9,2490000.0,4367.68,4358.055,61.963134477435766,0.02372314233042965,BULLISH,RSI_NORMAL,HIGH_VOLATILITY
2026-05-26,4500.0,4510.5,4440.0,4480.8,759680.0,4417.780000000001,4354.035,47.656435879133966,0.023660054320714604,BULLISH,RSI_NORMAL,HIGH_VOLATILITY
2026-05-27,4480.0,4593.2,4429.9,4570.0,1370000.0,4478.860000000001,4360.414999999999,53.44244408074198,0.023289925028789613,BULLISH,RSI_NORMAL,HIGH_VOLATILITY
2026-05-29,4550.0,4555.0,4381.2,4405.0,1360000.0,4479.26,4363.405,44.477808013512245,0.024244673309688144,BULLISH,RSI_NORMAL,HIGH_VOLATILITY
2026-06-01,4525.0,4633.9,4445.8,4453.3,1670000.0,4482.2,4371.304999999999,58.63927248231733,0.024157696401939637,BULLISH,RSI_NORMAL,HIGH_VOLATILITY
2026-06-02,4420.0,4480.2,4389.2,4466.1,1090000.0,4475.039999999999,4381.49,66.40605609332347,0.024048687433079273,BULLISH,RSI_NORMAL,HIGH_VOLATILITY
2026-06-03,4440.1,4565.0,4390.0,4512.1,808160.0,4481.3,4395.175,66.0649366929924,0.02402519184103008,BULLISH,RSI_NORMAL,HIGH_VOLATILITY
2026-06-04,4500.0,4537.0,4460.7,4508.8,565500.0,4469.0599999999995,4394.605,64.70436686847873,0.01888885558956467,BULLISH,RSI_NORMAL,LOW_VOLATILITY
2026-06-05,4492.0,4517.8,4442.4,4481.3,788870.0,4484.32,4393.325,60.81362100337931,0.018928285808692637,BULLISH,RSI_NORMAL,LOW_VOLATILITY
2026-06-08,4424.9,4434.0,4350.0,4359.7,827140.0,4465.6,4385.175,54.93073491429914,0.019838174328540733,BEARISH,RSI_NORMAL,HIGH_VOLATILITY
2026-06-09,4375.0,4547.9,4375.0,4537.6,1000000.0,4479.900000000001,4397.085,65.61007822818247,0.018630563890893962,BULLISH,RSI_NORMAL,LOW_VOLATILITY
2026-06-10,4511.0,4579.5,4504.5,4524.9,540250.0,4482.46,4413.245,63.519268723382105,0.017699693790750717,BULLISH,RSI_NORMAL,LOW_VOLATILITY
2026-06-11,4481.0,4550.0,4470.0,4502.4,600900.0,4481.18,4425.575,55.86915446386393,0.017671169855210552,BULLISH,RSI_NORMAL,LOW_VOLATILITY
2026-06-12,4599.0,4725.0,4561.7,4709.7,2530000.0,4526.859999999999,4447.035,63.30878743249873,0.020130472741241436,BULLISH,RSI_NORMAL,HIGH_VOLATILITY
2026-06-15,4820.0,4941.5,4810.1,4880.4,2370000.0,4631.0,4475.3099999999995,66.80877520206056,0.021309495907417913,BULLISH,RSI_NORMAL,HIGH_VOLATILITY
2026-06-16,4905.0,4920.0,4814.4,4840.0,849710.0,4691.48,4503.525,65.68285015717775,0.021279400841112607,BULLISH,RSI_NORMAL,HIGH_VOLATILITY
2026-06-17,4876.4,4899.0,4840.0,4878.4,871600.0,4762.18,4535.93,64.08991228070172,0.020898022304919484,BULLISH,RSI_NORMAL,HIGH_VOLATILITY
2026-06-18,4895.0,5022.0,4877.0,5011.8,1130000.0,4864.0599999999995,4573.289999999999,78.54723372224308,0.02137166080584628,BULLISH,RSI_HIGH,HIGH_VOLATILITY
2026-06-19,5011.8,5035.0,4968.0,5021.5,1070000.0,4926.42,4604.214999999999,77.73872290568244,0.020634697604327627,BULLISH,RSI_HIGH,HIGH_VOLATILITY
2026-06-22,5015.0,5057.4,4966.4,5021.1,857310.0,4954.5599999999995,4633.34,77.42636884759831,0.02068851732374844,BULLISH,RSI_HIGH,HIGH_VOLATILITY
2026-06-23,5040.0,5040.0,4945.9,4961.4,584470.0,4978.84,4656.315,71.90638712823005,0.02098883325491941,BULLISH,RSI_HIGH,HIGH_VOLATILITY
2026-06-24,4990.0,5230.0,4967.1,5207.2,2150000.0,5044.6,4692.635,77.5394321766561,0.02306135749092615,BULLISH,RSI_HIGH,HIGH_VOLATILITY
2026-06-25,5265.0,5464.9,5265.0,5450.0,5150000.0,5132.24,4736.635,82.65354277624212,0.024527673671079393,BULLISH,RSI_HIGH,HIGH_VOLATILITY
2026-06-29,5400.9,5422.5,5301.0,5315.2,2860000.0,5190.98,4782.145,81.92449047778145,0.023535758084982226,BULLISH,RSI_HIGH,HIGH_VOLATILITY
2026-06-30,5320.0,5409.5,5318.4,5368.4,1060000.0,5260.4400000000005,4827.9,80.28138212567424,0.023534014029119737,BULLISH,RSI_HIGH,HIGH_VOLATILITY
2026-07-01,5349.5,5412.0,5329.0,5399.0,668810.0,5347.96,4874.545,81.44923364754982,0.023499670403077176,BULLISH,RSI_HIGH,HIGH_VOLATILITY
2026-07-02,5421.0,5464.0,5392.0,5444.0,990990.0,5395.32,4921.139999999999,83.33805409998584,0.023501526985050314,BULLISH,RSI_HIGH,HIGH_VOLATILITY
2026-07-03,5459.5,5476.5,5385.0,5426.5,504610.0,5390.62,4967.025,79.31937172774869,0.02356595264787561,BULLISH,RSI_HIGH,HIGH_VOLATILITY
2026-07-06,5413.0,5439.0,5389.5,5408.5,287280.0,5409.280000000001,5013.385,74.6844909787791,0.02347665889362836,BULLISH,RSI_HIGH,HIGH_VOLATILITY
2026-07-07,5399.0,5430.0,5345.0,5395.0,511110.0,5414.6,5065.15,76.6110471806674,0.022044502658275542,BULLISH,RSI_HIGH,HIGH_VOLATILITY
2026-07-08,5266.5,5319.5,5094.0,5124.0,2040000.0,5359.6,5094.469999999999,59.628351889603266,0.024781499823921062,BULLISH,RSI_NORMAL,HIGH_VOLATILITY
2026-07-09,5124.0,5244.0,5105.0,5229.5,1180000.0,5316.7,5129.7,58.7254509018036,0.024876956738682395,BULLISH,RSI_NORMAL,HIGH_VOLATILITY
2026-07-10,5260.0,5363.0,5260.0,5312.0,458030.0,5293.8,5170.179999999999,61.00128758615465,0.024759405957130217,BULLISH,RSI_NORMAL,HIGH_VOLATILITY
2026-07-13,5175.0,5248.0,5141.5,5229.5,659840.0,5258.0,5196.17,57.43011979463775,0.023661397012314307,BULLISH,RSI_NORMAL,HIGH_VOLATILITY
2026-07-14,5119.0,5131.5,5064.5,5108.0,1500000.0,5200.6,5207.55,55.006146701270325,0.023331117266732482,BEARISH,RSI_NORMAL,HIGH_VOLATILITY
2026-07-15,5125.0,5226.5,5125.0,5171.0,737970.0,5210.0,5224.1,48.58748244108008,0.023283319716269454,BEARISH,RSI_NORMAL,HIGH_VOLATILITY
2026-07-16,5179.5,5280.0,5176.0,5265.5,996190.0,5217.2,5243.455,41.85861795075457,0.02349915219212207,BULLISH,RSI_NORMAL,HIGH_VOLATILITY
2026-07-17,5265.5,5307.0,5225.0,5248.5,609590.0,5204.5,5255.29,46.71525657441151,0.022893162460666232,BEARISH,RSI_NORMAL,HIGH_VOLATILITY
2026-07-20,5189.5,5261.5,5120.5,5229.0,1230000.0,5204.4,5265.665,42.89934800326001,0.02293608498993856,BEARISH,RSI_NORMAL,HIGH_VOLATILITY
2026-07-21,5249.0,5325.0,5234.0,5305.0,920980.0,5243.8,5279.86,45.423563777994154,0.023089368209427155,BULLISH,RSI_NORMAL,HIGH_VOLATILITY
2026-07-22,5225.5,5225.5,5100.0,5117.0,1650000.0,5233.0,5287.64,36.02564102564103,0.02444934029780552,BEARISH,RSI_NORMAL,HIGH_VOLATILITY
2026-07-23,5065.0,5135.0,4972.5,5023.5,1110000.0,5184.6,5278.455,33.82825040128411,0.022070699874541674,BEARISH,RSI_NORMAL,HIGH_VOLATILITY
2026-07-24,4950.0,5009.0,4886.0,4985.0,2880000.0,5131.9,5255.205,33.280694828266874,0.01894985584503249,BEARISH,RSI_NORMAL,LOW_VOLATILITY
2026-07-27,5111.0,5242.5,5095.0,5230.0,1730000.0,5132.1,5250.945,44.49265687583444,0.02174673437465515,BEARISH,RSI_NORMAL,HIGH_VOLATILITY
2026-07-28,5255.0,5282.0,5218.0,5270.5,512550.0,5125.2,5246.05,55.77909270216963,0.02169450601204024,BULLISH,RSI_NORMAL,HIGH_VOLATILITY
2026-07-29,5280.0,5300.0,5205.0,5276.5,668160.0,5157.1,5239.925,52.011986301369866,0.02164765845506544,BULLISH,RSI_NORMAL,HIGH_VOLATILITY
2026-07-30,5210.0,5258.0,5194.0,5230.5,549500.0,5198.5,5229.25,46.39858594785683,0.02159958211091392,BULLISH,RSI_NORMAL,HIGH_VOLATILITY
2026-07-31,5260.0,5282.0,5137.5,5171.0,462900.0,5235.7,5216.475,47.36129905277402,0.02170501697267491,BEARISH,RSI_NORMAL,HIGH_VOLATILITY
